<?xml version="1.0" encoding="UTF-8"?>

<!--Taxonomy: 2015-12-31 (Draft)
	**********************
	Copyright © 2015 China Insurance Regulatory Commission.
	All rights reserved.  No part of this publication may be translated, reprinted or reproduced or utilised in any form either in whole or in part without prior permission in writing from China Insurance Regulatory Commission.
	  **********************-->
<link:linkbase xmlns:xsi="http://www.w3.org/2001/XMLSchema-instance" xsi:schemaLocation="http://www.xbrl.org/2003/linkbase http://www.xbrl.org/2003/xbrl-linkbase-2003-12-31.xsd" xmlns:irr_full_entry_point="http://xbrl.circ.gov.cn/taxonomy/2015-12-31/c-ross/irr_full_entry_point" xmlns:link="http://www.xbrl.org/2003/linkbase" xmlns:irr_life_com_entry_point="http://xbrl.circ.gov.cn/taxonomy/2015-12-31/c-ross_irr/irr_life_com_entry_point" xmlns:irr_re_com_entry_point="http://xbrl.circ.gov.cn/taxonomy/2015-12-31/c-ross_irr/irr_re_com_entry_point" xmlns:xbrli="http://www.xbrl.org/2003/instance" xmlns:irr_reg_com_entry_point="http://xbrl.circ.gov.cn/taxonomy/2015-12-31/c-ross_irr/irr_reg_com_entry_point" xmlns:irr_pc_com_entry_point="http://xbrl.circ.gov.cn/taxonomy/2015-12-31/c-ross_irr/irr_p&amp;c_com_entry_point" xmlns:xlink="http://www.w3.org/1999/xlink">
  <link:roleRef roleURI="http://xbrl.circ.gov.cn/role/c-ross_irr_2015-12-31_role-3300000" xlink:type="simple" xlink:href="rol_c-ross_10_2015-12-31.xsd#c-ross_irr_2015-12-31-3300000"/>
  <link:presentationLink xlink:type="extended" xlink:role="http://xbrl.circ.gov.cn/role/c-ross_irr_2015-12-31_role-3300000">
    <link:loc xlink:type="locator" xlink:href="../../c-ross_irr_core_2015-12-31.xsd#c-ross_irr_CoverPageInformationOfIntegratedRiskRatingInsuranceCompanyAbstract" xlink:label="CoverPageInformationOfIntegratedRiskRatingInsuranceCompanyAbstract" xlink:title="CoverPageInformationOfIntegratedRiskRatingInsuranceCompanyAbstract"/>
    <link:loc xlink:type="locator" xlink:href="../../c-ross_irr_core_2015-12-31.xsd#c-ross_irr_IntegratedRiskRatingReportingPeriod" xlink:label="IntegratedRiskRatingReportingPeriod" xlink:title="IntegratedRiskRatingReportingPeriod"/>
    <link:presentationArc xlink:type="arc" xlink:arcrole="http://www.xbrl.org/2003/arcrole/parent-child" xlink:from="CoverPageInformationOfIntegratedRiskRatingInsuranceCompanyAbstract" xlink:to="IntegratedRiskRatingReportingPeriod" xlink:title="presentation: CoverPageInformationOfIntegratedRiskRatingInsuranceCompanyAbstract to IntegratedRiskRatingReportingPeriod" use="optional" order="10.0" preferredLabel="http://www.xbrl.org/2003/role/terseLabel"/>
    <link:loc xlink:type="locator" xlink:href="../../c-ross_irr_core_2015-12-31.xsd#c-ross_irr_CompanysChineseName" xlink:label="CompanysChineseName" xlink:title="CompanysChineseName"/>
    <link:presentationArc xlink:type="arc" xlink:arcrole="http://www.xbrl.org/2003/arcrole/parent-child" xlink:from="CoverPageInformationOfIntegratedRiskRatingInsuranceCompanyAbstract" xlink:to="CompanysChineseName" xlink:title="presentation: CoverPageInformationOfIntegratedRiskRatingInsuranceCompanyAbstract to CompanysChineseName" use="optional" order="20.0" preferredLabel="http://www.xbrl.org/2003/role/label"/>
    <link:loc xlink:type="locator" xlink:href="../../c-ross_irr_core_2015-12-31.xsd#c-ross_irr_CompanysEnglishName" xlink:label="CompanysEnglishName" xlink:title="CompanysEnglishName"/>
    <link:presentationArc xlink:type="arc" xlink:arcrole="http://www.xbrl.org/2003/arcrole/parent-child" xlink:from="CoverPageInformationOfIntegratedRiskRatingInsuranceCompanyAbstract" xlink:to="CompanysEnglishName" xlink:title="presentation: CoverPageInformationOfIntegratedRiskRatingInsuranceCompanyAbstract to CompanysEnglishName" use="optional" order="30.0" preferredLabel="http://www.xbrl.org/2003/role/label"/>
    <link:loc xlink:type="locator" xlink:href="../../c-ross_irr_core_2015-12-31.xsd#c-ross_irr_TypeOfCompany" xlink:label="TypeOfCompany" xlink:title="TypeOfCompany"/>
    <link:presentationArc xlink:type="arc" xlink:arcrole="http://www.xbrl.org/2003/arcrole/parent-child" xlink:from="CoverPageInformationOfIntegratedRiskRatingInsuranceCompanyAbstract" xlink:to="TypeOfCompany" xlink:title="presentation: CoverPageInformationOfIntegratedRiskRatingInsuranceCompanyAbstract to TypeOfCompany" use="optional" order="40.0" preferredLabel="http://www.xbrl.org/2003/role/label"/>
    <link:loc xlink:type="locator" xlink:href="../../c-ross_irr_core_2015-12-31.xsd#c-ross_irr_WhetherInsuranceCompanyIsForeignInsuranceCompany" xlink:label="WhetherInsuranceCompanyIsForeignInsuranceCompany" xlink:title="WhetherInsuranceCompanyIsForeignInsuranceCompany"/>
    <link:presentationArc xlink:type="arc" xlink:arcrole="http://www.xbrl.org/2003/arcrole/parent-child" xlink:from="CoverPageInformationOfIntegratedRiskRatingInsuranceCompanyAbstract" xlink:to="WhetherInsuranceCompanyIsForeignInsuranceCompany" xlink:title="presentation: CoverPageInformationOfIntegratedRiskRatingInsuranceCompanyAbstract to WhetherInsuranceCompanyIsForeignInsuranceCompany" use="optional" order="50.0" preferredLabel="http://www.xbrl.org/2003/role/terseLabel"/>
    <link:loc xlink:type="locator" xlink:href="../../c-ross_irr_core_2015-12-31.xsd#c-ross_irr_LegalRepresentative" xlink:label="LegalRepresentative" xlink:title="LegalRepresentative"/>
    <link:presentationArc xlink:type="arc" xlink:arcrole="http://www.xbrl.org/2003/arcrole/parent-child" xlink:from="CoverPageInformationOfIntegratedRiskRatingInsuranceCompanyAbstract" xlink:to="LegalRepresentative" xlink:title="presentation: CoverPageInformationOfIntegratedRiskRatingInsuranceCompanyAbstract to LegalRepresentative" use="optional" order="60.0" preferredLabel="http://www.xbrl.org/2003/role/label"/>
    <link:loc xlink:type="locator" xlink:href="../../c-ross_irr_core_2015-12-31.xsd#c-ross_irr_RegisteredAddress" xlink:label="RegisteredAddress" xlink:title="RegisteredAddress"/>
    <link:presentationArc xlink:type="arc" xlink:arcrole="http://www.xbrl.org/2003/arcrole/parent-child" xlink:from="CoverPageInformationOfIntegratedRiskRatingInsuranceCompanyAbstract" xlink:to="RegisteredAddress" xlink:title="presentation: CoverPageInformationOfIntegratedRiskRatingInsuranceCompanyAbstract to RegisteredAddress" use="optional" order="70.0" preferredLabel="http://www.xbrl.org/2003/role/label"/>
    <link:loc xlink:type="locator" xlink:href="../../c-ross_irr_core_2015-12-31.xsd#c-ross_irr_RegisteredCapitalWorkingCapital" xlink:label="RegisteredCapitalWorkingCapital" xlink:title="RegisteredCapitalWorkingCapital"/>
    <link:presentationArc xlink:type="arc" xlink:arcrole="http://www.xbrl.org/2003/arcrole/parent-child" xlink:from="CoverPageInformationOfIntegratedRiskRatingInsuranceCompanyAbstract" xlink:to="RegisteredCapitalWorkingCapital" xlink:title="presentation: CoverPageInformationOfIntegratedRiskRatingInsuranceCompanyAbstract to RegisteredCapitalWorkingCapital" use="optional" order="80.0" preferredLabel="http://www.xbrl.org/2003/role/label"/>
    <link:loc xlink:type="locator" xlink:href="../../c-ross_irr_core_2015-12-31.xsd#c-ross_irr_InsuranceBusinessLicenseNoInsuranceBusinessOperationLicense" xlink:label="InsuranceBusinessLicenseNoInsuranceBusinessOperationLicense" xlink:title="InsuranceBusinessLicenseNoInsuranceBusinessOperationLicense"/>
    <link:presentationArc xlink:type="arc" xlink:arcrole="http://www.xbrl.org/2003/arcrole/parent-child" xlink:from="CoverPageInformationOfIntegratedRiskRatingInsuranceCompanyAbstract" xlink:to="InsuranceBusinessLicenseNoInsuranceBusinessOperationLicense" xlink:title="presentation: CoverPageInformationOfIntegratedRiskRatingInsuranceCompanyAbstract to InsuranceBusinessLicenseNoInsuranceBusinessOperationLicense" use="optional" order="90.0" preferredLabel="http://www.xbrl.org/2003/role/label"/>
    <link:loc xlink:type="locator" xlink:href="../../c-ross_irr_core_2015-12-31.xsd#c-ross_irr_BusinessCommencementDate" xlink:label="BusinessCommencementDate" xlink:title="BusinessCommencementDate"/>
    <link:presentationArc xlink:type="arc" xlink:arcrole="http://www.xbrl.org/2003/arcrole/parent-child" xlink:from="CoverPageInformationOfIntegratedRiskRatingInsuranceCompanyAbstract" xlink:to="BusinessCommencementDate" xlink:title="presentation: CoverPageInformationOfIntegratedRiskRatingInsuranceCompanyAbstract to BusinessCommencementDate" use="optional" order="100.0" preferredLabel="http://www.xbrl.org/2003/role/label"/>
    <link:loc xlink:type="locator" xlink:href="../../c-ross_irr_core_2015-12-31.xsd#c-ross_irr_ScopeOfBusiness" xlink:label="ScopeOfBusiness" xlink:title="ScopeOfBusiness"/>
    <link:presentationArc xlink:type="arc" xlink:arcrole="http://www.xbrl.org/2003/arcrole/parent-child" xlink:from="CoverPageInformationOfIntegratedRiskRatingInsuranceCompanyAbstract" xlink:to="ScopeOfBusiness" xlink:title="presentation: CoverPageInformationOfIntegratedRiskRatingInsuranceCompanyAbstract to ScopeOfBusiness" use="optional" order="110.0" preferredLabel="http://www.xbrl.org/2003/role/label"/>
    <link:loc xlink:type="locator" xlink:href="../../c-ross_irr_core_2015-12-31.xsd#c-ross_irr_OperatingAreas" xlink:label="OperatingAreas" xlink:title="OperatingAreas"/>
    <link:presentationArc xlink:type="arc" xlink:arcrole="http://www.xbrl.org/2003/arcrole/parent-child" xlink:from="CoverPageInformationOfIntegratedRiskRatingInsuranceCompanyAbstract" xlink:to="OperatingAreas" xlink:title="presentation: CoverPageInformationOfIntegratedRiskRatingInsuranceCompanyAbstract to OperatingAreas" use="optional" order="120.0" preferredLabel="http://www.xbrl.org/2003/role/label"/>
    <link:loc xlink:type="locator" xlink:href="../../c-ross_irr_core_2015-12-31.xsd#c-ross_irr_IntegratedRiskRatingContactPersonsName" xlink:label="IntegratedRiskRatingContactPersonsName" xlink:title="IntegratedRiskRatingContactPersonsName"/>
    <link:presentationArc xlink:type="arc" xlink:arcrole="http://www.xbrl.org/2003/arcrole/parent-child" xlink:from="CoverPageInformationOfIntegratedRiskRatingInsuranceCompanyAbstract" xlink:to="IntegratedRiskRatingContactPersonsName" xlink:title="presentation: CoverPageInformationOfIntegratedRiskRatingInsuranceCompanyAbstract to IntegratedRiskRatingContactPersonsName" use="optional" order="130.0" preferredLabel="http://www.xbrl.org/2003/role/terseLabel"/>
    <link:loc xlink:type="locator" xlink:href="../../c-ross_irr_core_2015-12-31.xsd#c-ross_irr_IntegratedRiskRatingContactPersonsOfficeTelephoneNumber" xlink:label="IntegratedRiskRatingContactPersonsOfficeTelephoneNumber" xlink:title="IntegratedRiskRatingContactPersonsOfficeTelephoneNumber"/>
    <link:presentationArc xlink:type="arc" xlink:arcrole="http://www.xbrl.org/2003/arcrole/parent-child" xlink:from="CoverPageInformationOfIntegratedRiskRatingInsuranceCompanyAbstract" xlink:to="IntegratedRiskRatingContactPersonsOfficeTelephoneNumber" xlink:title="presentation: CoverPageInformationOfIntegratedRiskRatingInsuranceCompanyAbstract to IntegratedRiskRatingContactPersonsOfficeTelephoneNumber" use="optional" order="140.0" preferredLabel="http://www.xbrl.org/2003/role/terseLabel"/>
    <link:loc xlink:type="locator" xlink:href="../../c-ross_irr_core_2015-12-31.xsd#c-ross_irr_IntegratedRiskRatingContactPersonsMobilePhoneNumber" xlink:label="IntegratedRiskRatingContactPersonsMobilePhoneNumber" xlink:title="IntegratedRiskRatingContactPersonsMobilePhoneNumber"/>
    <link:presentationArc xlink:type="arc" xlink:arcrole="http://www.xbrl.org/2003/arcrole/parent-child" xlink:from="CoverPageInformationOfIntegratedRiskRatingInsuranceCompanyAbstract" xlink:to="IntegratedRiskRatingContactPersonsMobilePhoneNumber" xlink:title="presentation: CoverPageInformationOfIntegratedRiskRatingInsuranceCompanyAbstract to IntegratedRiskRatingContactPersonsMobilePhoneNumber" use="optional" order="150.0" preferredLabel="http://www.xbrl.org/2003/role/terseLabel"/>
    <link:loc xlink:type="locator" xlink:href="../../c-ross_irr_core_2015-12-31.xsd#c-ross_irr_IntegratedRiskRatingContactPersonsFaxNumber" xlink:label="IntegratedRiskRatingContactPersonsFaxNumber" xlink:title="IntegratedRiskRatingContactPersonsFaxNumber"/>
    <link:presentationArc xlink:type="arc" xlink:arcrole="http://www.xbrl.org/2003/arcrole/parent-child" xlink:from="CoverPageInformationOfIntegratedRiskRatingInsuranceCompanyAbstract" xlink:to="IntegratedRiskRatingContactPersonsFaxNumber" xlink:title="presentation: CoverPageInformationOfIntegratedRiskRatingInsuranceCompanyAbstract to IntegratedRiskRatingContactPersonsFaxNumber" use="optional" order="160.0" preferredLabel="http://www.xbrl.org/2003/role/terseLabel"/>
    <link:loc xlink:type="locator" xlink:href="../../c-ross_irr_core_2015-12-31.xsd#c-ross_irr_IntegratedRiskRatingContactPersonsEmail" xlink:label="IntegratedRiskRatingContactPersonsEmail" xlink:title="IntegratedRiskRatingContactPersonsEmail"/>
    <link:presentationArc xlink:type="arc" xlink:arcrole="http://www.xbrl.org/2003/arcrole/parent-child" xlink:from="CoverPageInformationOfIntegratedRiskRatingInsuranceCompanyAbstract" xlink:to="IntegratedRiskRatingContactPersonsEmail" xlink:title="presentation: CoverPageInformationOfIntegratedRiskRatingInsuranceCompanyAbstract to IntegratedRiskRatingContactPersonsEmail" use="optional" order="170.0" preferredLabel="http://www.xbrl.org/2003/role/terseLabel"/>
    <link:loc xlink:type="locator" xlink:href="../../c-ross_irr_core_2015-12-31.xsd#c-ross_irr_Chairman" xlink:label="Chairman" xlink:title="Chairman"/>
    <link:presentationArc xlink:type="arc" xlink:arcrole="http://www.xbrl.org/2003/arcrole/parent-child" xlink:from="CoverPageInformationOfIntegratedRiskRatingInsuranceCompanyAbstract" xlink:to="Chairman" xlink:title="presentation: CoverPageInformationOfIntegratedRiskRatingInsuranceCompanyAbstract to Chairman" use="optional" order="180.0" preferredLabel="http://www.xbrl.org/2003/role/label"/>
    <link:loc xlink:type="locator" xlink:href="../../c-ross_irr_core_2015-12-31.xsd#c-ross_irr_GeneralManager" xlink:label="GeneralManager" xlink:title="GeneralManager"/>
    <link:presentationArc xlink:type="arc" xlink:arcrole="http://www.xbrl.org/2003/arcrole/parent-child" xlink:from="CoverPageInformationOfIntegratedRiskRatingInsuranceCompanyAbstract" xlink:to="GeneralManager" xlink:title="presentation: CoverPageInformationOfIntegratedRiskRatingInsuranceCompanyAbstract to GeneralManager" use="optional" order="190.0" preferredLabel="http://www.xbrl.org/2003/role/label"/>
    <link:loc xlink:type="locator" xlink:href="../../c-ross_irr_core_2015-12-31.xsd#c-ross_irr_ChiefFinanceOfficer" xlink:label="ChiefFinanceOfficer" xlink:title="ChiefFinanceOfficer"/>
    <link:presentationArc xlink:type="arc" xlink:arcrole="http://www.xbrl.org/2003/arcrole/parent-child" xlink:from="CoverPageInformationOfIntegratedRiskRatingInsuranceCompanyAbstract" xlink:to="ChiefFinanceOfficer" xlink:title="presentation: CoverPageInformationOfIntegratedRiskRatingInsuranceCompanyAbstract to ChiefFinanceOfficer" use="optional" order="200.0" preferredLabel="http://www.xbrl.org/2003/role/label"/>
    <link:loc xlink:type="locator" xlink:href="../../c-ross_irr_core_2015-12-31.xsd#c-ross_irr_ChiefActuary" xlink:label="ChiefActuary" xlink:title="ChiefActuary"/>
    <link:presentationArc xlink:type="arc" xlink:arcrole="http://www.xbrl.org/2003/arcrole/parent-child" xlink:from="CoverPageInformationOfIntegratedRiskRatingInsuranceCompanyAbstract" xlink:to="ChiefActuary" xlink:title="presentation: CoverPageInformationOfIntegratedRiskRatingInsuranceCompanyAbstract to ChiefActuary" use="optional" order="210.0" preferredLabel="http://www.xbrl.org/2003/role/label"/>
    <link:loc xlink:type="locator" xlink:href="../../c-ross_irr_core_2015-12-31.xsd#c-ross_irr_ChiefInvestmentOfficer" xlink:label="ChiefInvestmentOfficer" xlink:title="ChiefInvestmentOfficer"/>
    <link:presentationArc xlink:type="arc" xlink:arcrole="http://www.xbrl.org/2003/arcrole/parent-child" xlink:from="CoverPageInformationOfIntegratedRiskRatingInsuranceCompanyAbstract" xlink:to="ChiefInvestmentOfficer" xlink:title="presentation: CoverPageInformationOfIntegratedRiskRatingInsuranceCompanyAbstract to ChiefInvestmentOfficer" use="optional" order="220.0" preferredLabel="http://www.xbrl.org/2003/role/label"/>
    <link:loc xlink:type="locator" xlink:href="../../c-ross_irr_core_2015-12-31.xsd#c-ross_irr_ChiefRiskOfficer" xlink:label="ChiefRiskOfficer" xlink:title="ChiefRiskOfficer"/>
    <link:presentationArc xlink:type="arc" xlink:arcrole="http://www.xbrl.org/2003/arcrole/parent-child" xlink:from="CoverPageInformationOfIntegratedRiskRatingInsuranceCompanyAbstract" xlink:to="ChiefRiskOfficer" xlink:title="presentation: CoverPageInformationOfIntegratedRiskRatingInsuranceCompanyAbstract to ChiefRiskOfficer" use="optional" order="230.0" preferredLabel="http://www.xbrl.org/2003/role/label"/>
    <link:loc xlink:type="locator" xlink:href="../../c-ross_irr_core_2015-12-31.xsd#c-ross_irr_HeadOfCompliance" xlink:label="HeadOfCompliance" xlink:title="HeadOfCompliance"/>
    <link:presentationArc xlink:type="arc" xlink:arcrole="http://www.xbrl.org/2003/arcrole/parent-child" xlink:from="CoverPageInformationOfIntegratedRiskRatingInsuranceCompanyAbstract" xlink:to="HeadOfCompliance" xlink:title="presentation: CoverPageInformationOfIntegratedRiskRatingInsuranceCompanyAbstract to HeadOfCompliance" use="optional" order="240.0" preferredLabel="http://www.xbrl.org/2003/role/label"/>
    <link:loc xlink:type="locator" xlink:href="../../c-ross_irr_core_2015-12-31.xsd#c-ross_irr_CategoryOfCompany" xlink:label="CaterotyOfCompany" xlink:title="CaterotyOfCompany"/>
    <link:presentationArc xlink:type="arc" xlink:arcrole="http://www.xbrl.org/2003/arcrole/parent-child" xlink:from="CoverPageInformationOfIntegratedRiskRatingInsuranceCompanyAbstract" xlink:to="CaterotyOfCompany" xlink:title="presentation: CoverPageInformationOfIntegratedRiskRatingInsuranceCompanyAbstract to CategoryOfCompany" use="optional" order="250.0" preferredLabel="http://www.xbrl.org/2003/role/label"/>
    <link:loc xlink:type="locator" xlink:href="../../c-ross_irr_core_2015-12-31.xsd#c-ross_irr_WhetherInsuranceCompanyDealWithAgriculturalInsuranceBusiness" xlink:label="WhetherInsuranceCompanyDealWithAgriculturalInsuranceBusiness" xlink:title="WhetherInsuranceCompanyDealWithAgriculturalInsuranceBusiness"/>
    <link:presentationArc xlink:type="arc" xlink:arcrole="http://www.xbrl.org/2003/arcrole/parent-child" xlink:from="CoverPageInformationOfIntegratedRiskRatingInsuranceCompanyAbstract" xlink:to="WhetherInsuranceCompanyDealWithAgriculturalInsuranceBusiness" xlink:title="presentation: CoverPageInformationOfIntegratedRiskRatingInsuranceCompanyAbstract to WhetherInsuranceCompanyDealWithAgriculturalInsuranceBusiness" use="optional" order="260.0" preferredLabel="http://www.xbrl.org/2003/role/terseLabel"/>
  </link:presentationLink>
</link:linkbase>
