<?xml version="1.0" encoding="UTF-8"?>

<!--
	Taxonomy: 2015-12-31 (Final)
	**********************
	Copyright © 2015 China Insurance Regulatory Commission.
	All rights reserved.  No part of this publication may be translated, reprinted or reproduced
	or utilised in any form either in whole or in part without prior permission in writing from China Insurance Regulatory Commission.
	  **********************
	-->
<link:linkbase xmlns:xsi="http://www.w3.org/2001/XMLSchema-instance" xsi:schemaLocation="http://www.xbrl.org/2003/linkbase http://www.xbrl.org/2003/xbrl-linkbase-2003-12-31.xsd" xmlns:c-ross="http://xbrl.circ.gov.cn/taxonomy/2015-12-31/c-ross" xmlns:link="http://www.xbrl.org/2003/linkbase" xmlns:xlink="http://www.w3.org/1999/xlink" xmlns:xbrli="http://www.xbrl.org/2003/instance">
  <link:roleRef roleURI="http://xbrl.circ.gov.cn/role/c-ross_2015-12-31_role-3150420" xlink:type="simple" xlink:href="rol_c-ross_6_2015-12-31.xsd#c-ross_2015-12-31-3150420"/>
  <link:calculationLink xlink:type="extended" xlink:role="http://xbrl.circ.gov.cn/role/c-ross_2015-12-31_role-3150420">
    <link:loc xlink:type="locator" xlink:href="../../c-ross_core_2015-12-31.xsd#c-ross_InsuranceRiskOfNonLifeInsuranceBusinessMinimumCapitalForCatastropheRisk" xlink:label="InsuranceRiskOfNonLifeInsuranceBusinessMinimumCapitalForCatastropheRisk" xlink:title="InsuranceRiskOfNonLifeInsuranceBusinessMinimumCapitalForCatastropheRisk"/>
    <link:loc xlink:type="locator" xlink:href="../../c-ross_core_2015-12-31.xsd#c-ross_InsuranceRiskOfNonLifeInsuranceBusinessDiversificationEffectOfCatastropheRisk" xlink:label="InsuranceRiskOfNonLifeInsuranceBusinessDiversificationEffectOfCatastropheRisk" xlink:title="InsuranceRiskOfNonLifeInsuranceBusinessDiversificationEffectOfCatastropheRisk"/>
    <link:calculationArc xlink:type="arc" xlink:arcrole="http://www.xbrl.org/2003/arcrole/summation-item" xlink:from="InsuranceRiskOfNonLifeInsuranceBusinessMinimumCapitalForCatastropheRisk" xlink:to="InsuranceRiskOfNonLifeInsuranceBusinessDiversificationEffectOfCatastropheRisk" xlink:title="calculation: InsuranceRiskOfNonLifeInsuranceBusinessMinimumCapitalForCatastropheRisk to InsuranceRiskOfNonLifeInsuranceBusinessDiversificationEffectOfCatastropheRisk" use="optional" order="30.0" weight="-1.0"/>
    <link:loc xlink:type="locator" xlink:href="../../c-ross_core_2015-12-31.xsd#c-ross_InsuranceRiskOfNonLifeInsuranceBusinessMinimumCapitalForCatastropheRiskOfProportionalReinsuranceBusiness" xlink:label="InsuranceRiskOfNonLifeInsuranceBusinessMinimumCapitalForCatastropheRiskOfProportionalReinsuranceBusiness" xlink:title="InsuranceRiskOfNonLifeInsuranceBusinessMinimumCapitalForCatastropheRiskOfProportionalReinsuranceBusiness"/>
    <link:calculationArc xlink:type="arc" xlink:arcrole="http://www.xbrl.org/2003/arcrole/summation-item" xlink:from="InsuranceRiskOfNonLifeInsuranceBusinessMinimumCapitalForCatastropheRisk" xlink:to="InsuranceRiskOfNonLifeInsuranceBusinessMinimumCapitalForCatastropheRiskOfProportionalReinsuranceBusiness" xlink:title="calculation: InsuranceRiskOfNonLifeInsuranceBusinessMinimumCapitalForCatastropheRisk to InsuranceRiskOfNonLifeInsuranceBusinessMinimumCapitalForCatastropheRiskOfProportionalReinsuranceBusiness" use="optional" order="10.0" weight="1.0"/>
    <link:loc xlink:type="locator" xlink:href="../../c-ross_core_2015-12-31.xsd#c-ross_InsuranceRiskOfNonLifeInsuranceBusinessMinimumCapitalForCatastropheRiskOfAutoInsuranceOfProportionalReinsuranceBusiness" xlink:label="InsuranceRiskOfNonLifeInsuranceBusinessMinimumCapitalForCatastropheRiskOfAutoInsuranceOfProportionalReinsuranceBusiness" xlink:title="InsuranceRiskOfNonLifeInsuranceBusinessMinimumCapitalForCatastropheRiskOfAutoInsuranceOfProportionalReinsuranceBusiness"/>
    <link:calculationArc xlink:type="arc" xlink:arcrole="http://www.xbrl.org/2003/arcrole/summation-item" xlink:from="InsuranceRiskOfNonLifeInsuranceBusinessMinimumCapitalForCatastropheRiskOfProportionalReinsuranceBusiness" xlink:to="InsuranceRiskOfNonLifeInsuranceBusinessMinimumCapitalForCatastropheRiskOfAutoInsuranceOfProportionalReinsuranceBusiness" xlink:title="calculation: InsuranceRiskOfNonLifeInsuranceBusinessMinimumCapitalForCatastropheRiskOfProportionalReinsuranceBusiness to InsuranceRiskOfNonLifeInsuranceBusinessMinimumCapitalForCatastropheRiskOfAutoInsuranceOfProportionalReinsuranceBusiness" use="optional" order="10.0" weight="1.0"/>
    <link:loc xlink:type="locator" xlink:href="../../c-ross_core_2015-12-31.xsd#c-ross_InsuranceRiskOfNonLifeInsuranceBusinessMinimumCapitalForTyphoonAndFloodCatastropheRiskOfPropertyInsuranceOfProportionalReinsuranceBusiness" xlink:label="InsuranceRiskOfNonLifeInsuranceBusinessMinimumCapitalForTyphoonAndFloodCatastropheRiskOfPropertyInsuranceOfProportionalReinsuranceBusiness" xlink:title="InsuranceRiskOfNonLifeInsuranceBusinessMinimumCapitalForTyphoonAndFloodCatastropheRiskOfPropertyInsuranceOfProportionalReinsuranceBusiness"/>
    <link:calculationArc xlink:type="arc" xlink:arcrole="http://www.xbrl.org/2003/arcrole/summation-item" xlink:from="InsuranceRiskOfNonLifeInsuranceBusinessMinimumCapitalForCatastropheRiskOfProportionalReinsuranceBusiness" xlink:to="InsuranceRiskOfNonLifeInsuranceBusinessMinimumCapitalForTyphoonAndFloodCatastropheRiskOfPropertyInsuranceOfProportionalReinsuranceBusiness" xlink:title="calculation: InsuranceRiskOfNonLifeInsuranceBusinessMinimumCapitalForCatastropheRiskOfProportionalReinsuranceBusiness to InsuranceRiskOfNonLifeInsuranceBusinessMinimumCapitalForTyphoonAndFloodCatastropheRiskOfPropertyInsuranceOfProportionalReinsuranceBusiness" use="optional" order="20.0" weight="1.0"/>
    <link:loc xlink:type="locator" xlink:href="../../c-ross_core_2015-12-31.xsd#c-ross_InsuranceRiskOfNonLifeInsuranceBusinessMinimumCapitalForEarthquakeCatastropheRiskOfProportionalReinsuranceBusiness" xlink:label="InsuranceRiskOfNonLifeInsuranceBusinessMinimumCapitalForEarthquakeCatastropheRiskOfProportionalReinsuranceBusiness" xlink:title="InsuranceRiskOfNonLifeInsuranceBusinessMinimumCapitalForEarthquakeCatastropheRiskOfProportionalReinsuranceBusiness"/>
    <link:calculationArc xlink:type="arc" xlink:arcrole="http://www.xbrl.org/2003/arcrole/summation-item" xlink:from="InsuranceRiskOfNonLifeInsuranceBusinessMinimumCapitalForCatastropheRiskOfProportionalReinsuranceBusiness" xlink:to="InsuranceRiskOfNonLifeInsuranceBusinessMinimumCapitalForEarthquakeCatastropheRiskOfProportionalReinsuranceBusiness" xlink:title="calculation: InsuranceRiskOfNonLifeInsuranceBusinessMinimumCapitalForCatastropheRiskOfProportionalReinsuranceBusiness to InsuranceRiskOfNonLifeInsuranceBusinessMinimumCapitalForEarthquakeCatastropheRiskOfProportionalReinsuranceBusiness" use="optional" order="30.0" weight="1.0"/>
    <link:loc xlink:type="locator" xlink:href="../../c-ross_core_2015-12-31.xsd#c-ross_InsuranceRiskOfNonLifeInsuranceBusinessMinimumCapitalForCatastropheRiskOfAgricultureInsuranceOfProportionalReinsuranceBusiness" xlink:label="InsuranceRiskOfNonLifeInsuranceBusinessMinimumCapitalForCatastropheRiskOfAgricultureInsuranceOfProportionalReinsuranceBusiness" xlink:title="InsuranceRiskOfNonLifeInsuranceBusinessMinimumCapitalForCatastropheRiskOfAgricultureInsuranceOfProportionalReinsuranceBusiness"/>
    <link:calculationArc xlink:type="arc" xlink:arcrole="http://www.xbrl.org/2003/arcrole/summation-item" xlink:from="InsuranceRiskOfNonLifeInsuranceBusinessMinimumCapitalForCatastropheRiskOfProportionalReinsuranceBusiness" xlink:to="InsuranceRiskOfNonLifeInsuranceBusinessMinimumCapitalForCatastropheRiskOfAgricultureInsuranceOfProportionalReinsuranceBusiness" xlink:title="calculation: InsuranceRiskOfNonLifeInsuranceBusinessMinimumCapitalForCatastropheRiskOfProportionalReinsuranceBusiness to InsuranceRiskOfNonLifeInsuranceBusinessMinimumCapitalForCatastropheRiskOfAgricultureInsuranceOfProportionalReinsuranceBusiness" use="optional" order="40.0" weight="1.0"/>
    <link:loc xlink:type="locator" xlink:href="../../c-ross_core_2015-12-31.xsd#c-ross_InsuranceRiskOfNonLifeInsuranceBusinessDiversificationEffectOfCatastropheRiskOfProportionalReinsuranceBusiness" xlink:label="InsuranceRiskOfNonLifeInsuranceBusinessDiversificationEffectOfCatastropheRiskOfProportionalReinsuranceBusiness" xlink:title="InsuranceRiskOfNonLifeInsuranceBusinessDiversificationEffectOfCatastropheRiskOfProportionalReinsuranceBusiness"/>
    <link:calculationArc xlink:type="arc" xlink:arcrole="http://www.xbrl.org/2003/arcrole/summation-item" xlink:from="InsuranceRiskOfNonLifeInsuranceBusinessMinimumCapitalForCatastropheRiskOfProportionalReinsuranceBusiness" xlink:to="InsuranceRiskOfNonLifeInsuranceBusinessDiversificationEffectOfCatastropheRiskOfProportionalReinsuranceBusiness" xlink:title="calculation: InsuranceRiskOfNonLifeInsuranceBusinessMinimumCapitalForCatastropheRiskOfProportionalReinsuranceBusiness to InsuranceRiskOfNonLifeInsuranceBusinessDiversificationEffectOfCatastropheRiskOfProportionalReinsuranceBusiness" order="50.0" weight="-1.0"/>
    <link:loc xlink:type="locator" xlink:href="../../c-ross_core_2015-12-31.xsd#c-ross_InsuranceRiskOfNonLifeInsuranceBusinessMinimumCapitalForCatastropheRiskOfNonProportionalReinsuranceBusiness" xlink:label="InsuranceRiskOfNonProportionalReinsuranceBusinessMinimumCapitalForCatastropheRisk" xlink:title="InsuranceRiskOfNonProportionalReinsuranceBusinessMinimumCapitalForCatastropheRisk"/>
    <link:calculationArc xlink:type="arc" xlink:arcrole="http://www.xbrl.org/2003/arcrole/summation-item" xlink:from="InsuranceRiskOfNonLifeInsuranceBusinessMinimumCapitalForCatastropheRisk" xlink:to="InsuranceRiskOfNonProportionalReinsuranceBusinessMinimumCapitalForCatastropheRisk" xlink:title="calculation: InsuranceRiskOfNonLifeInsuranceBusinessMinimumCapitalForCatastropheRisk to InsuranceRiskOfNonProportionalReinsuranceBusinessMinimumCapitalForCatastropheRisk" use="optional" order="20.0" weight="1.0"/>
  </link:calculationLink>
</link:linkbase>
