<?xml version="1.0" encoding="UTF-8"?>

<!--
	Taxonomy: 2015-12-31 (Final)
	**********************
	Copyright © 2015 China Insurance Regulatory Commission.
	All rights reserved.  No part of this publication may be translated, reprinted or reproduced
	or utilised in any form either in whole or in part without prior permission in writing from China Insurance Regulatory Commission.
	  **********************
	-->
<link:linkbase xmlns:xsi="http://www.w3.org/2001/XMLSchema-instance" xsi:schemaLocation="http://www.xbrl.org/2003/linkbase http://www.xbrl.org/2003/xbrl-linkbase-2003-12-31.xsd" xmlns:c-ross="http://xbrl.circ.gov.cn/taxonomy/2015-12-31/c-ross" xmlns:link="http://www.xbrl.org/2003/linkbase" xmlns:xlink="http://www.w3.org/1999/xlink" xmlns:xbrli="http://www.xbrl.org/2003/instance">
  <link:roleRef roleURI="http://www.xbrl.org/2009/role/netLabel" xlink:type="simple" xlink:href="http://www.xbrl.org/lrr/role/net-2009-12-16.xsd#netLabel"/>
  <link:roleRef roleURI="http://xbrl.circ.gov.cn/role/c-ross_2015-12-31_role-3150320" xlink:type="simple" xlink:href="rol_c-ross_6_2015-12-31.xsd#c-ross_2015-12-31-3150320"/>
  <link:presentationLink xlink:type="extended" xlink:role="http://xbrl.circ.gov.cn/role/c-ross_2015-12-31_role-3150320">
    <link:loc xlink:type="locator" xlink:href="../../c-ross_core_2015-12-31.xsd#c-ross_PremiumAndReserveRiskTypesNonLifeInsuranceBusinessAxis" xlink:label="PremiumAndReserveRiskTypesNonLifeInsuranceBusinessAxis" xlink:title="PremiumAndReserveRiskTypesNonLifeInsuranceBusinessAxis"/>
    <link:loc xlink:type="locator" xlink:href="../../c-ross_core_2015-12-31.xsd#c-ross_TypesNonLifeInsuranceBusinessMember" xlink:label="TypesNonLifeInsuranceBusinessMember" xlink:title="TypesNonLifeInsuranceBusinessMember"/>
    <link:presentationArc xlink:type="arc" xlink:arcrole="http://www.xbrl.org/2003/arcrole/parent-child" xlink:from="PremiumAndReserveRiskTypesNonLifeInsuranceBusinessAxis" xlink:to="TypesNonLifeInsuranceBusinessMember" xlink:title="presentation: PremiumAndReserveRiskTypesNonLifeInsuranceBusinessAxis to TypesNonLifeInsuranceBusinessMember" use="optional" order="10.0" preferredLabel="http://www.xbrl.org/2003/role/label"/>
    <link:loc xlink:type="locator" xlink:href="../../c-ross_core_2015-12-31.xsd#c-ross_NonLifeReinsuranceBusinessProportionalAutoReinsuranceMember" xlink:label="NonLifeReinsuranceBusinessProportionalAutoReinsuranceMember" xlink:title="NonLifeReinsuranceBusinessProportionalAutoReinsuranceMember"/>
    <link:presentationArc xlink:type="arc" xlink:arcrole="http://www.xbrl.org/2003/arcrole/parent-child" xlink:from="TypesNonLifeInsuranceBusinessMember" xlink:to="NonLifeReinsuranceBusinessProportionalAutoReinsuranceMember" xlink:title="presentation: TypesNonLifeInsuranceBusinessMember to NonLifeReinsuranceBusinessProportionalAutoReinsuranceMember" use="optional" order="10.0" preferredLabel="http://www.xbrl.org/2003/role/terseLabel"/>
    <link:loc xlink:type="locator" xlink:href="../../c-ross_core_2015-12-31.xsd#c-ross_NonLifeReinsuranceBusinessProportionalPropertyReinsuranceMember" xlink:label="NonLifeReinsuranceBusinessProportionalPropertyReinsuranceMember" xlink:title="NonLifeReinsuranceBusinessProportionalPropertyReinsuranceMember"/>
    <link:presentationArc xlink:type="arc" xlink:arcrole="http://www.xbrl.org/2003/arcrole/parent-child" xlink:from="TypesNonLifeInsuranceBusinessMember" xlink:to="NonLifeReinsuranceBusinessProportionalPropertyReinsuranceMember" xlink:title="presentation: TypesNonLifeInsuranceBusinessMember to NonLifeReinsuranceBusinessProportionalPropertyReinsuranceMember" use="optional" order="20.0" preferredLabel="http://www.xbrl.org/2003/role/terseLabel"/>
    <link:loc xlink:type="locator" xlink:href="../../c-ross_core_2015-12-31.xsd#c-ross_NonLifeReinsuranceBusinessProportionalMarineAndHullCargoAndSpecialRiskReinsuranceMember" xlink:label="NonLifeReinsuranceBusinessProportionalMarineAndHullCargoAndSpecialRiskReinsuranceMember" xlink:title="NonLifeReinsuranceBusinessProportionalMarineAndHullCargoAndSpecialRiskReinsuranceMember"/>
    <link:presentationArc xlink:type="arc" xlink:arcrole="http://www.xbrl.org/2003/arcrole/parent-child" xlink:from="TypesNonLifeInsuranceBusinessMember" xlink:to="NonLifeReinsuranceBusinessProportionalMarineAndHullCargoAndSpecialRiskReinsuranceMember" xlink:title="presentation: TypesNonLifeInsuranceBusinessMember to NonLifeReinsuranceBusinessProportionalMarineAndHullCargoAndSpecialRiskReinsuranceMember" use="optional" order="30.0" preferredLabel="http://www.xbrl.org/2003/role/terseLabel"/>
    <link:loc xlink:type="locator" xlink:href="../../c-ross_core_2015-12-31.xsd#c-ross_NonLifeReinsuranceBusinessProportionalLiabilityReinsuranceMember" xlink:label="NonLifeReinsuranceBusinessProportionalLiabilityReinsuranceMember" xlink:title="NonLifeReinsuranceBusinessProportionalLiabilityReinsuranceMember"/>
    <link:presentationArc xlink:type="arc" xlink:arcrole="http://www.xbrl.org/2003/arcrole/parent-child" xlink:from="TypesNonLifeInsuranceBusinessMember" xlink:to="NonLifeReinsuranceBusinessProportionalLiabilityReinsuranceMember" xlink:title="presentation: TypesNonLifeInsuranceBusinessMember to NonLifeReinsuranceBusinessProportionalLiabilityReinsuranceMember" use="optional" order="40.0" preferredLabel="http://www.xbrl.org/2003/role/terseLabel"/>
    <link:loc xlink:type="locator" xlink:href="../../c-ross_core_2015-12-31.xsd#c-ross_NonLifeReinsuranceBusinessProportionalAgricultureReinsuranceMember" xlink:label="NonLifeReinsuranceBusinessProportionalAgricultureReinsuranceMember" xlink:title="NonLifeReinsuranceBusinessProportionalAgricultureReinsuranceMember"/>
    <link:presentationArc xlink:type="arc" xlink:arcrole="http://www.xbrl.org/2003/arcrole/parent-child" xlink:from="TypesNonLifeInsuranceBusinessMember" xlink:to="NonLifeReinsuranceBusinessProportionalAgricultureReinsuranceMember" xlink:title="presentation: TypesNonLifeInsuranceBusinessMember to NonLifeReinsuranceBusinessProportionalAgricultureReinsuranceMember" use="optional" order="50.0" preferredLabel="http://www.xbrl.org/2003/role/terseLabel"/>
    <link:loc xlink:type="locator" xlink:href="../../c-ross_core_2015-12-31.xsd#c-ross_NonLifeReinsuranceBusinessProportionalCreditGuaranteeReinsuranceMember" xlink:label="NonLifeReinsuranceBusinessProportionalCreditGuaranteeReinsuranceMember" xlink:title="NonLifeReinsuranceBusinessProportionalCreditGuaranteeReinsuranceMember"/>
    <link:presentationArc xlink:type="arc" xlink:arcrole="http://www.xbrl.org/2003/arcrole/parent-child" xlink:from="TypesNonLifeInsuranceBusinessMember" xlink:to="NonLifeReinsuranceBusinessProportionalCreditGuaranteeReinsuranceMember" xlink:title="presentation: TypesNonLifeInsuranceBusinessMember to NonLifeReinsuranceBusinessProportionalCreditGuaranteeReinsuranceMember" use="optional" order="60.0" preferredLabel="http://www.xbrl.org/2003/role/terseLabel"/>
    <link:loc xlink:type="locator" xlink:href="../../c-ross_core_2015-12-31.xsd#c-ross_NonLifeReinsuranceBusinessProportionalShortTermAccidentReinsuranceMember" xlink:label="NonLifeReinsuranceBusinessProportionalShortTermAccidentReinsuranceMember" xlink:title="NonLifeReinsuranceBusinessProportionalShortTermAccidentReinsuranceMember"/>
    <link:presentationArc xlink:type="arc" xlink:arcrole="http://www.xbrl.org/2003/arcrole/parent-child" xlink:from="TypesNonLifeInsuranceBusinessMember" xlink:to="NonLifeReinsuranceBusinessProportionalShortTermAccidentReinsuranceMember" xlink:title="presentation: TypesNonLifeInsuranceBusinessMember to NonLifeReinsuranceBusinessProportionalShortTermAccidentReinsuranceMember" use="optional" order="70.0" preferredLabel="http://www.xbrl.org/2003/role/terseLabel"/>
    <link:loc xlink:type="locator" xlink:href="../../c-ross_core_2015-12-31.xsd#c-ross_NonLifeReinsuranceBusinessProportionalShortTermHealthReinsuranceMember" xlink:label="NonLifeReinsuranceBusinessProportionalShortTermHealthReinsuranceMember" xlink:title="NonLifeReinsuranceBusinessProportionalShortTermHealthReinsuranceMember"/>
    <link:presentationArc xlink:type="arc" xlink:arcrole="http://www.xbrl.org/2003/arcrole/parent-child" xlink:from="TypesNonLifeInsuranceBusinessMember" xlink:to="NonLifeReinsuranceBusinessProportionalShortTermHealthReinsuranceMember" xlink:title="presentation: TypesNonLifeInsuranceBusinessMember to NonLifeReinsuranceBusinessProportionalShortTermHealthReinsuranceMember" use="optional" order="80.0" preferredLabel="http://www.xbrl.org/2003/role/terseLabel"/>
    <link:loc xlink:type="locator" xlink:href="../../c-ross_core_2015-12-31.xsd#c-ross_NonLifeReinsuranceBusinessProportionalShortTermLifeReinsuranceMember" xlink:label="NonLifeReinsuranceBusinessProportionalShortTermLifeReinsuranceMember" xlink:title="NonLifeReinsuranceBusinessProportionalShortTermLifeReinsuranceMember"/>
    <link:presentationArc xlink:type="arc" xlink:arcrole="http://www.xbrl.org/2003/arcrole/parent-child" xlink:from="TypesNonLifeInsuranceBusinessMember" xlink:to="NonLifeReinsuranceBusinessProportionalShortTermLifeReinsuranceMember" xlink:title="presentation: TypesNonLifeInsuranceBusinessMember to NonLifeReinsuranceBusinessProportionalShortTermLifeReinsuranceMember" use="optional" order="90.0" preferredLabel="http://www.xbrl.org/2003/role/terseLabel"/>
    <link:loc xlink:type="locator" xlink:href="../../c-ross_core_2015-12-31.xsd#c-ross_NonLifeReinsuranceBusinessOtherProportionalReinsuranceMember" xlink:label="NonLifeReinsuranceBusinessOtherProportionalReinsuranceMember" xlink:title="NonLifeReinsuranceBusinessOtherProportionalReinsuranceMember"/>
    <link:presentationArc xlink:type="arc" xlink:arcrole="http://www.xbrl.org/2003/arcrole/parent-child" xlink:from="TypesNonLifeInsuranceBusinessMember" xlink:to="NonLifeReinsuranceBusinessOtherProportionalReinsuranceMember" xlink:title="presentation: TypesNonLifeInsuranceBusinessMember to NonLifeReinsuranceBusinessOtherProportionalReinsuranceMember" use="optional" order="100.0" preferredLabel="http://www.xbrl.org/2003/role/terseLabel"/>
    <link:loc xlink:type="locator" xlink:href="../../c-ross_core_2015-12-31.xsd#c-ross_NonLifeReinsuranceBusinessNonProportionalPropertyReinsuranceMember" xlink:label="NonLifeReinsuranceBusinessNonProportionalPropertyReinsuranceMember" xlink:title="NonLifeReinsuranceBusinessNonProportionalPropertyReinsuranceMember"/>
    <link:presentationArc xlink:type="arc" xlink:arcrole="http://www.xbrl.org/2003/arcrole/parent-child" xlink:from="TypesNonLifeInsuranceBusinessMember" xlink:to="NonLifeReinsuranceBusinessNonProportionalPropertyReinsuranceMember" xlink:title="presentation: TypesNonLifeInsuranceBusinessMember to NonLifeReinsuranceBusinessNonProportionalPropertyReinsuranceMember" use="optional" order="110.0" preferredLabel="http://www.xbrl.org/2003/role/terseLabel"/>
    <link:loc xlink:type="locator" xlink:href="../../c-ross_core_2015-12-31.xsd#c-ross_NonLifeReinsuranceBusinessNonProportionalLiabilityReinsuranceAndShortTermAccidentHealthAndLifeReinsuranceMember" xlink:label="NonLifeReinsuranceBusinessNonProportionalLiabilityReinsuranceAndShortTermAccidentHealthAndLifeReinsuranceMember" xlink:title="NonLifeReinsuranceBusinessNonProportionalLiabilityReinsuranceAndShortTermAccidentHealthAndLifeReinsuranceMember"/>
    <link:presentationArc xlink:type="arc" xlink:arcrole="http://www.xbrl.org/2003/arcrole/parent-child" xlink:from="TypesNonLifeInsuranceBusinessMember" xlink:to="NonLifeReinsuranceBusinessNonProportionalLiabilityReinsuranceAndShortTermAccidentHealthAndLifeReinsuranceMember" xlink:title="presentation: TypesNonLifeInsuranceBusinessMember to NonLifeReinsuranceBusinessNonProportionalLiabilityReinsuranceAndShortTermAccidentHealthAndLifeReinsuranceMember" use="optional" order="120.0" preferredLabel="http://www.xbrl.org/2003/role/terseLabel"/>
    <link:loc xlink:type="locator" xlink:href="../../c-ross_core_2015-12-31.xsd#c-ross_NonLifeReinsuranceBusinessNonProportionalSpecialReinsuranceMember" xlink:label="NonLifeReinsuranceBusinessNonProportionalSpecialReinsuranceMember" xlink:title="NonLifeReinsuranceBusinessNonProportionalSpecialReinsuranceMember"/>
    <link:presentationArc xlink:type="arc" xlink:arcrole="http://www.xbrl.org/2003/arcrole/parent-child" xlink:from="TypesNonLifeInsuranceBusinessMember" xlink:to="NonLifeReinsuranceBusinessNonProportionalSpecialReinsuranceMember" xlink:title="presentation: TypesNonLifeInsuranceBusinessMember to NonLifeReinsuranceBusinessNonProportionalSpecialReinsuranceMember" use="optional" order="130.0" preferredLabel="http://www.xbrl.org/2003/role/terseLabel"/>
    <link:loc xlink:type="locator" xlink:href="../../c-ross_core_2015-12-31.xsd#c-ross_InsuranceRiskOfNonLifeReinsuranceBusinessOfReinsuranceCompanyPremiumAndReserveRiskAbstract" xlink:label="InsuranceRiskOfNonLifeReinsuranceBusinessOfReinsuranceCompanyPremiumAndReserveRiskAbstract" xlink:title="InsuranceRiskOfNonLifeReinsuranceBusinessOfReinsuranceCompanyPremiumAndReserveRiskAbstract"/>
    <link:loc xlink:type="locator" xlink:href="../../c-ross_core_2015-12-31.xsd#c-ross_InsuranceRiskOfNonLifeReinsuranceBusinessOfReinsuranceCompanyPremiumAndReserveRiskTable" xlink:label="InsuranceRiskOfNonLifeReinsuranceBusinessOfReinsuranceCompanyPremiumAndReserveRiskTable" xlink:title="InsuranceRiskOfNonLifeReinsuranceBusinessOfReinsuranceCompanyPremiumAndReserveRiskTable"/>
    <link:presentationArc xlink:type="arc" xlink:arcrole="http://www.xbrl.org/2003/arcrole/parent-child" xlink:from="InsuranceRiskOfNonLifeReinsuranceBusinessOfReinsuranceCompanyPremiumAndReserveRiskAbstract" xlink:to="InsuranceRiskOfNonLifeReinsuranceBusinessOfReinsuranceCompanyPremiumAndReserveRiskTable" xlink:title="presentation: InsuranceRiskOfNonLifeReinsuranceBusinessOfReinsuranceCompanyPremiumAndReserveRiskAbstract to InsuranceRiskOfNonLifeReinsuranceBusinessOfReinsuranceCompanyPremiumAndReserveRiskTable" use="optional" order="10.0" preferredLabel="http://www.xbrl.org/2003/role/label"/>
    <link:presentationArc xlink:type="arc" xlink:arcrole="http://www.xbrl.org/2003/arcrole/parent-child" xlink:from="InsuranceRiskOfNonLifeReinsuranceBusinessOfReinsuranceCompanyPremiumAndReserveRiskTable" xlink:to="PremiumAndReserveRiskTypesNonLifeInsuranceBusinessAxis" xlink:title="presentation: InsuranceRiskOfNonLifeReinsuranceBusinessOfReinsuranceCompanyPremiumAndReserveRiskTable to PremiumAndReserveRiskTypesNonLifeInsuranceBusinessAxis" use="optional" order="10.0" preferredLabel="http://www.xbrl.org/2003/role/label"/>
    <link:loc xlink:type="locator" xlink:href="../../c-ross_core_2015-12-31.xsd#c-ross_InsuranceRiskOfNonLifeReinsuranceBusinessOfReinsuranceCompanyPremiumAndReserveRiskLineItems" xlink:label="InsuranceRiskOfNonLifeReinsuranceBusinessOfReinsuranceCompanyPremiumAndReserveRiskLineItems" xlink:title="InsuranceRiskOfNonLifeReinsuranceBusinessOfReinsuranceCompanyPremiumAndReserveRiskLineItems"/>
    <link:presentationArc xlink:type="arc" xlink:arcrole="http://www.xbrl.org/2003/arcrole/parent-child" xlink:from="InsuranceRiskOfNonLifeReinsuranceBusinessOfReinsuranceCompanyPremiumAndReserveRiskAbstract" xlink:to="InsuranceRiskOfNonLifeReinsuranceBusinessOfReinsuranceCompanyPremiumAndReserveRiskLineItems" xlink:title="presentation: InsuranceRiskOfNonLifeReinsuranceBusinessOfReinsuranceCompanyPremiumAndReserveRiskAbstract to InsuranceRiskOfNonLifeReinsuranceBusinessOfReinsuranceCompanyPremiumAndReserveRiskLineItems" use="optional" order="20.0" preferredLabel="http://www.xbrl.org/2003/role/label"/>
    <link:loc xlink:type="locator" xlink:href="../../c-ross_core_2015-12-31.xsd#c-ross_NonProportionalReinsurancePremiumPaidOfMostRecentTwelveMonths" xlink:label="NonProportionalReinsurancePremiumPaidOfMostRecentTwelveMonths" xlink:title="NonProportionalReinsurancePremiumPaidOfMostRecentTwelveMonths"/>
    <link:presentationArc xlink:type="arc" xlink:arcrole="http://www.xbrl.org/2003/arcrole/parent-child" xlink:from="InsuranceRiskOfNonLifeReinsuranceBusinessOfReinsuranceCompanyPremiumAndReserveRiskLineItems" xlink:to="NonProportionalReinsurancePremiumPaidOfMostRecentTwelveMonths" xlink:title="presentation: InsuranceRiskOfNonLifeReinsuranceBusinessOfReinsuranceCompanyPremiumAndReserveRiskLineItems to NonProportionalReinsurancePremiumPaidOfMostRecentTwelveMonths" use="optional" order="10.0" preferredLabel="http://www.xbrl.org/2003/role/label"/>
    <link:loc xlink:type="locator" xlink:href="../../c-ross_core_2015-12-31.xsd#c-ross_NonProportionalReinsurancePremiumReceivedOfMostRecentTwelveMonths" xlink:label="NonProportionalReinsurancePremiumReceivedOfMostRecentTwelveMonths" xlink:title="NonProportionalReinsurancePremiumReceivedOfMostRecentTwelveMonths"/>
    <link:presentationArc xlink:type="arc" xlink:arcrole="http://www.xbrl.org/2003/arcrole/parent-child" xlink:from="InsuranceRiskOfNonLifeReinsuranceBusinessOfReinsuranceCompanyPremiumAndReserveRiskLineItems" xlink:to="NonProportionalReinsurancePremiumReceivedOfMostRecentTwelveMonths" xlink:title="presentation: InsuranceRiskOfNonLifeReinsuranceBusinessOfReinsuranceCompanyPremiumAndReserveRiskLineItems to NonProportionalReinsurancePremiumReceivedOfMostRecentTwelveMonths" use="optional" order="20.0" preferredLabel="http://www.xbrl.org/2003/role/label"/>
    <link:loc xlink:type="locator" xlink:href="../../c-ross_core_2015-12-31.xsd#c-ross_NetCedingPremiumsOfNonProportionalReinsuranceOfMostRecentTwelveMonths" xlink:label="NetCedingPremiumsOfNonProportionalReinsuranceOfMostRecentTwelveMonths" xlink:title="NetCedingPremiumsOfNonProportionalReinsuranceOfMostRecentTwelveMonths"/>
    <link:presentationArc xlink:type="arc" xlink:arcrole="http://www.xbrl.org/2003/arcrole/parent-child" xlink:from="InsuranceRiskOfNonLifeReinsuranceBusinessOfReinsuranceCompanyPremiumAndReserveRiskLineItems" xlink:to="NetCedingPremiumsOfNonProportionalReinsuranceOfMostRecentTwelveMonths" xlink:title="presentation: InsuranceRiskOfNonLifeReinsuranceBusinessOfReinsuranceCompanyPremiumAndReserveRiskLineItems to NetCedingPremiumsOfNonProportionalReinsuranceOfMostRecentTwelveMonths" use="optional" order="30.0" preferredLabel="http://www.xbrl.org/2009/role/netLabel"/>
    <link:loc xlink:type="locator" xlink:href="../../c-ross_core_2015-12-31.xsd#c-ross_RetainedPremiumsInMostRecentTwelveMonths" xlink:label="RetainedPremiumsInMostRecentTwelveMonths" xlink:title="RetainedPremiumsInMostRecentTwelveMonths"/>
    <link:presentationArc xlink:type="arc" xlink:arcrole="http://www.xbrl.org/2003/arcrole/parent-child" xlink:from="InsuranceRiskOfNonLifeReinsuranceBusinessOfReinsuranceCompanyPremiumAndReserveRiskLineItems" xlink:to="RetainedPremiumsInMostRecentTwelveMonths" xlink:title="presentation: InsuranceRiskOfNonLifeReinsuranceBusinessOfReinsuranceCompanyPremiumAndReserveRiskLineItems to RetainedPremiumsInMostRecentTwelveMonths" use="optional" order="40.0" preferredLabel="http://www.xbrl.org/2003/role/label"/>
    <link:loc xlink:type="locator" xlink:href="../../c-ross_core_2015-12-31.xsd#c-ross_OutstandingLossReserveNetOfReinsurance" xlink:label="OutstandingClaimsReservesNetOfReinsurance" xlink:title="OutstandingClaimsReservesNetOfReinsurance"/>
    <link:presentationArc xlink:type="arc" xlink:arcrole="http://www.xbrl.org/2003/arcrole/parent-child" xlink:from="InsuranceRiskOfNonLifeReinsuranceBusinessOfReinsuranceCompanyPremiumAndReserveRiskLineItems" xlink:to="OutstandingClaimsReservesNetOfReinsurance" xlink:title="presentation: InsuranceRiskOfNonLifeReinsuranceBusinessOfReinsuranceCompanyPremiumAndReserveRiskLineItems to OutstandingClaimsReservesNetOfReinsurance" use="optional" order="50.0" preferredLabel="http://www.xbrl.org/2003/role/label"/>
    <link:loc xlink:type="locator" xlink:href="../../c-ross_core_2015-12-31.xsd#c-ross_CombinedRatio" xlink:label="CombinedRatio" xlink:title="CombinedRatio"/>
    <link:presentationArc xlink:type="arc" xlink:arcrole="http://www.xbrl.org/2003/arcrole/parent-child" xlink:from="InsuranceRiskOfNonLifeReinsuranceBusinessOfReinsuranceCompanyPremiumAndReserveRiskLineItems" xlink:to="CombinedRatio" xlink:title="presentation: InsuranceRiskOfNonLifeReinsuranceBusinessOfReinsuranceCompanyPremiumAndReserveRiskLineItems to CombinedRatio" use="optional" order="60.0" preferredLabel="http://www.xbrl.org/2003/role/label"/>
    <link:loc xlink:type="locator" xlink:href="../../c-ross_core_2015-12-31.xsd#c-ross_InsuranceRiskOfNonLifeInsuranceBusinessRiskDiversificationEffectOfPremiumAndReserveRisk" xlink:label="InsuranceRiskOfNonLifeInsuranceBusinessPremiumAndReserveRiskRiskDiversificationEffect" xlink:title="InsuranceRiskOfNonLifeInsuranceBusinessPremiumAndReserveRiskRiskDiversificationEffect"/>
    <link:presentationArc xlink:type="arc" xlink:arcrole="http://www.xbrl.org/2003/arcrole/parent-child" xlink:from="InsuranceRiskOfNonLifeReinsuranceBusinessOfReinsuranceCompanyPremiumAndReserveRiskLineItems" xlink:to="InsuranceRiskOfNonLifeInsuranceBusinessPremiumAndReserveRiskRiskDiversificationEffect" xlink:title="presentation: InsuranceRiskOfNonLifeReinsuranceBusinessOfReinsuranceCompanyPremiumAndReserveRiskLineItems to InsuranceRiskOfNonLifeInsuranceBusinessPremiumAndReserveRiskRiskDiversificationEffect" order="80.0" preferredLabel="http://www.xbrl.org/2003/role/terseLabel"/>
    <link:loc xlink:type="locator" xlink:href="../../c-ross_core_2015-12-31.xsd#c-ross_InsuranceRiskOfNonLifeInsuranceBusinessRiskExposureOfPremiumRisk" xlink:label="InsuranceRiskOfNonLifeInsuranceBusinessPremiumRiskRiskExposure" xlink:title="InsuranceRiskOfNonLifeInsuranceBusinessPremiumRiskRiskExposure"/>
    <link:presentationArc xlink:type="arc" xlink:arcrole="http://www.xbrl.org/2003/arcrole/parent-child" xlink:from="InsuranceRiskOfNonLifeReinsuranceBusinessOfReinsuranceCompanyPremiumAndReserveRiskLineItems" xlink:to="InsuranceRiskOfNonLifeInsuranceBusinessPremiumRiskRiskExposure" xlink:title="presentation: InsuranceRiskOfNonLifeReinsuranceBusinessOfReinsuranceCompanyPremiumAndReserveRiskLineItems to InsuranceRiskOfNonLifeInsuranceBusinessPremiumRiskRiskExposure" use="optional" order="100.0" preferredLabel="http://www.xbrl.org/2003/role/terseLabel"/>
    <link:loc xlink:type="locator" xlink:href="../../c-ross_core_2015-12-31.xsd#c-ross_InsuranceRiskOfNonLifeInsuranceBusinessRiskFactorOneOfPremiumRisk" xlink:label="InsuranceRiskOfNonLifeInsuranceBusinessPremiumRiskRiskFactorOne" xlink:title="InsuranceRiskOfNonLifeInsuranceBusinessPremiumRiskRiskFactorOne"/>
    <link:presentationArc xlink:type="arc" xlink:arcrole="http://www.xbrl.org/2003/arcrole/parent-child" xlink:from="InsuranceRiskOfNonLifeReinsuranceBusinessOfReinsuranceCompanyPremiumAndReserveRiskLineItems" xlink:to="InsuranceRiskOfNonLifeInsuranceBusinessPremiumRiskRiskFactorOne" xlink:title="presentation: InsuranceRiskOfNonLifeReinsuranceBusinessOfReinsuranceCompanyPremiumAndReserveRiskLineItems to InsuranceRiskOfNonLifeInsuranceBusinessPremiumRiskRiskFactorOne" use="optional" order="110.0" preferredLabel="http://www.xbrl.org/2003/role/terseLabel"/>
    <link:loc xlink:type="locator" xlink:href="../../c-ross_core_2015-12-31.xsd#c-ross_InsuranceRiskOfNonLifeInsuranceBusinessRiskFactorTwoOfPremiumRisk" xlink:label="InsuranceRiskOfNonLifeInsuranceBusinessPremiumRiskRiskFactorTwo" xlink:title="InsuranceRiskOfNonLifeInsuranceBusinessPremiumRiskRiskFactorTwo"/>
    <link:presentationArc xlink:type="arc" xlink:arcrole="http://www.xbrl.org/2003/arcrole/parent-child" xlink:from="InsuranceRiskOfNonLifeReinsuranceBusinessOfReinsuranceCompanyPremiumAndReserveRiskLineItems" xlink:to="InsuranceRiskOfNonLifeInsuranceBusinessPremiumRiskRiskFactorTwo" xlink:title="presentation: InsuranceRiskOfNonLifeReinsuranceBusinessOfReinsuranceCompanyPremiumAndReserveRiskLineItems to InsuranceRiskOfNonLifeInsuranceBusinessPremiumRiskRiskFactorTwo" use="optional" order="120.0" preferredLabel="http://www.xbrl.org/2003/role/terseLabel"/>
    <link:loc xlink:type="locator" xlink:href="../../c-ross_core_2015-12-31.xsd#c-ross_InsuranceRiskOfNonLifeInsuranceBusinessMinimumCapitalOfPremiumRisk" xlink:label="InsuranceRiskOfNonLifeInsuranceBusinessPremiumRiskMinimumCapital" xlink:title="InsuranceRiskOfNonLifeInsuranceBusinessPremiumRiskMinimumCapital"/>
    <link:presentationArc xlink:type="arc" xlink:arcrole="http://www.xbrl.org/2003/arcrole/parent-child" xlink:from="InsuranceRiskOfNonLifeReinsuranceBusinessOfReinsuranceCompanyPremiumAndReserveRiskLineItems" xlink:to="InsuranceRiskOfNonLifeInsuranceBusinessPremiumRiskMinimumCapital" xlink:title="presentation: InsuranceRiskOfNonLifeReinsuranceBusinessOfReinsuranceCompanyPremiumAndReserveRiskLineItems to InsuranceRiskOfNonLifeInsuranceBusinessPremiumRiskMinimumCapital" use="optional" order="130.0" preferredLabel="http://www.xbrl.org/2003/role/terseLabel"/>
    <link:loc xlink:type="locator" xlink:href="../../c-ross_core_2015-12-31.xsd#c-ross_InsuranceRiskOfNonLifeInsuranceBusinessRiskExposureOfReserveRisk" xlink:label="InsuranceRiskOfNonLifeInsuranceBusinessReserveRiskRiskExposure" xlink:title="InsuranceRiskOfNonLifeInsuranceBusinessReserveRiskRiskExposure"/>
    <link:presentationArc xlink:type="arc" xlink:arcrole="http://www.xbrl.org/2003/arcrole/parent-child" xlink:from="InsuranceRiskOfNonLifeReinsuranceBusinessOfReinsuranceCompanyPremiumAndReserveRiskLineItems" xlink:to="InsuranceRiskOfNonLifeInsuranceBusinessReserveRiskRiskExposure" xlink:title="presentation: InsuranceRiskOfNonLifeReinsuranceBusinessOfReinsuranceCompanyPremiumAndReserveRiskLineItems to InsuranceRiskOfNonLifeInsuranceBusinessReserveRiskRiskExposure" use="optional" order="140.0" preferredLabel="http://www.xbrl.org/2003/role/terseLabel"/>
    <link:loc xlink:type="locator" xlink:href="../../c-ross_core_2015-12-31.xsd#c-ross_InsuranceRiskOfNonLifeInsuranceBusinessMinimumCapitalForPremiumAndReserveRiskAfterRiskDiversification" xlink:label="InsuranceRiskOfNonLifeInsuranceBusinessMinimumCapitalForPremiumAndReserveRisk" xlink:title="InsuranceRiskOfNonLifeInsuranceBusinessMinimumCapitalForPremiumAndReserveRisk"/>
    <link:presentationArc xlink:type="arc" xlink:arcrole="http://www.xbrl.org/2003/arcrole/parent-child" xlink:from="InsuranceRiskOfNonLifeReinsuranceBusinessOfReinsuranceCompanyPremiumAndReserveRiskLineItems" xlink:to="InsuranceRiskOfNonLifeInsuranceBusinessMinimumCapitalForPremiumAndReserveRisk" xlink:title="presentation: InsuranceRiskOfNonLifeReinsuranceBusinessOfReinsuranceCompanyPremiumAndReserveRiskLineItems to InsuranceRiskOfNonLifeInsuranceBusinessMinimumCapitalForPremiumAndReserveRisk" use="optional" order="90.0" preferredLabel="http://www.xbrl.org/2003/role/totalLabel"/>
    <link:loc xlink:type="locator" xlink:href="../../c-ross_core_2015-12-31.xsd#c-ross_InsuranceRiskOfNonLifeInsuranceBusinessMinimumCapitalForPremiumAndReserveRiskBeforeRiskDiversification" xlink:label="newItem" xlink:title="newItem"/>
    <link:presentationArc xlink:type="arc" xlink:arcrole="http://www.xbrl.org/2003/arcrole/parent-child" xlink:from="InsuranceRiskOfNonLifeReinsuranceBusinessOfReinsuranceCompanyPremiumAndReserveRiskLineItems" xlink:to="newItem" xlink:title="presentation: InsuranceRiskOfNonLifeReinsuranceBusinessOfReinsuranceCompanyPremiumAndReserveRiskLineItems to newItem" order="70.0" preferredLabel="http://www.xbrl.org/2003/role/terseLabel"/>
    <link:loc xlink:type="locator" xlink:href="../../c-ross_core_2015-12-31.xsd#c-ross_InsuranceRiskOfNonLifeInsuranceBusinessMinimumCapitalOfReserveRisk" xlink:label="InsuranceRiskOfNonLifeInsuranceBusinessReserveRiskMinimumCapital" xlink:title="InsuranceRiskOfNonLifeInsuranceBusinessReserveRiskMinimumCapital"/>
    <link:presentationArc xlink:type="arc" xlink:arcrole="http://www.xbrl.org/2003/arcrole/parent-child" xlink:from="InsuranceRiskOfNonLifeReinsuranceBusinessOfReinsuranceCompanyPremiumAndReserveRiskLineItems" xlink:to="InsuranceRiskOfNonLifeInsuranceBusinessReserveRiskMinimumCapital" xlink:title="presentation: InsuranceRiskOfNonLifeReinsuranceBusinessOfReinsuranceCompanyPremiumAndReserveRiskLineItems to InsuranceRiskOfNonLifeInsuranceBusinessReserveRiskMinimumCapital" use="optional" order="150.0" preferredLabel="http://www.xbrl.org/2003/role/terseLabel"/>
  </link:presentationLink>
</link:linkbase>
