--删除报告
DELETE FROM CR_REPORT;

--初始化机构
DELETE FROM CR_COMPANY;
INSERT INTO CR_COMPANY (COMP_ID,CREATED_DATE,INDUSTRY_CODE,MAIN_ACC_ID,NEEQ_CODE,NEEQ_NAME,TYPE) 
VALUES ('000056',SYSTIMESTAMP,'1','1000','86','总公司','0');
INSERT INTO CR_COMPANY (COMP_ID,CREATED_DATE,INDUSTRY_CODE,MAIN_ACC_ID,NEEQ_CODE,NEEQ_NAME,TYPE) 
VALUES ('000056110000',SYSTIMESTAMP,'1','10000001','8601','北京分公司','0');
INSERT INTO CR_COMPANY (COMP_ID,CREATED_DATE,INDUSTRY_CODE,MAIN_ACC_ID,NEEQ_CODE,NEEQ_NAME,TYPE) 
VALUES ('000056120000',SYSTIMESTAMP,'1','10000002','8602','天津分公司','0');
INSERT INTO CR_COMPANY (COMP_ID,CREATED_DATE,INDUSTRY_CODE,MAIN_ACC_ID,NEEQ_CODE,NEEQ_NAME,TYPE) 
VALUES ('000056210000',SYSTIMESTAMP,'1','10000003','8606','辽宁分公司','0');
INSERT INTO CR_COMPANY (COMP_ID,CREATED_DATE,INDUSTRY_CODE,MAIN_ACC_ID,NEEQ_CODE,NEEQ_NAME,TYPE) 
VALUES ('000056210200',SYSTIMESTAMP,'1','10000004','8609','大连分公司','0');
INSERT INTO CR_COMPANY (COMP_ID,CREATED_DATE,INDUSTRY_CODE,MAIN_ACC_ID,NEEQ_CODE,NEEQ_NAME,TYPE) 
VALUES ('000056320000',SYSTIMESTAMP,'1','10000005','8605','江苏分公司','0');
INSERT INTO CR_COMPANY (COMP_ID,CREATED_DATE,INDUSTRY_CODE,MAIN_ACC_ID,NEEQ_CODE,NEEQ_NAME,TYPE) 
VALUES ('000056370000',SYSTIMESTAMP,'1','10000006','8604','山东分公司','0');
INSERT INTO CR_COMPANY (COMP_ID,CREATED_DATE,INDUSTRY_CODE,MAIN_ACC_ID,NEEQ_CODE,NEEQ_NAME,TYPE) 
VALUES ('000056370200',SYSTIMESTAMP,'1','10000007','8603','青岛分公司','0');
INSERT INTO CR_COMPANY (COMP_ID,CREATED_DATE,INDUSTRY_CODE,MAIN_ACC_ID,NEEQ_CODE,NEEQ_NAME,TYPE) 
VALUES ('000056410000',SYSTIMESTAMP,'1','10000008','8608','河南分公司','0');
INSERT INTO CR_COMPANY (COMP_ID,CREATED_DATE,INDUSTRY_CODE,MAIN_ACC_ID,NEEQ_CODE,NEEQ_NAME,TYPE) 
VALUES ('000056440000',SYSTIMESTAMP,'1','10000009','8610','广东分公司','0');
INSERT INTO CR_COMPANY (COMP_ID,CREATED_DATE,INDUSTRY_CODE,MAIN_ACC_ID,NEEQ_CODE,NEEQ_NAME,TYPE) 
VALUES ('000056510000',SYSTIMESTAMP,'1','10000010','8607','四川分公司','0');

DELETE FROM CR_COMPANY_INFO;
INSERT INTO CR_COMPANY_INFO (COMP_ID,COMPANY_NAMEC) VALUES ('000056','恒安标准人寿保险有限公司');
INSERT INTO CR_COMPANY_INFO (COMP_ID,COMPANY_NAMEC) VALUES ('000056110000','恒安标准人寿保险有限公司北京分公司');
INSERT INTO CR_COMPANY_INFO (COMP_ID,COMPANY_NAMEC) VALUES ('000056120000','恒安标准人寿保险有限公司天津分公司');
INSERT INTO CR_COMPANY_INFO (COMP_ID,COMPANY_NAMEC) VALUES ('000056210000','恒安标准人寿保险有限公司辽宁分公司');
INSERT INTO CR_COMPANY_INFO (COMP_ID,COMPANY_NAMEC) VALUES ('000056210200','恒安标准人寿保险有限公司大连分公司');
INSERT INTO CR_COMPANY_INFO (COMP_ID,COMPANY_NAMEC) VALUES ('000056320000','恒安标准人寿保险有限公司江苏分公司');
INSERT INTO CR_COMPANY_INFO (COMP_ID,COMPANY_NAMEC) VALUES ('000056370000','恒安标准人寿保险有限公司山东分公司');
INSERT INTO CR_COMPANY_INFO (COMP_ID,COMPANY_NAMEC) VALUES ('000056370200','恒安标准人寿保险有限公司青岛分公司');
INSERT INTO CR_COMPANY_INFO (COMP_ID,COMPANY_NAMEC) VALUES ('000056410000','恒安标准人寿保险有限公司河南分公司');
INSERT INTO CR_COMPANY_INFO (COMP_ID,COMPANY_NAMEC) VALUES ('000056440000','恒安标准人寿保险有限公司广东分公司');
INSERT INTO CR_COMPANY_INFO (COMP_ID,COMPANY_NAMEC) VALUES ('000056510000','恒安标准人寿保险有限公司四川分公司');

--初始化账户(不能删除管理员)
DELETE FROM SYS_USER WHERE ID <>'aadd3abf-b3c5-4021-acc8-ffc239ab0b7c';
INSERT INTO SYS_USER (ID,CREATE_DATE_TIME,NICKNAME,ORG_ID,PWD,TELE_PHONE,UPDATE_DATE_TIME,USERNAME)
VALUES ('1000',SYSTIMESTAMP,'总公司','000056','96e79218965eb72c92a549dd5a330112','1000',SYSTIMESTAMP,'1000');
INSERT INTO SYS_USER (ID,CREATE_DATE_TIME,NICKNAME,ORG_ID,PWD,TELE_PHONE,UPDATE_DATE_TIME,USERNAME)
VALUES ('10000001',SYSTIMESTAMP,'北京分公司','000056110000','96e79218965eb72c92a549dd5a330112','10000001',SYSTIMESTAMP,'10000001');
INSERT INTO SYS_USER (ID,CREATE_DATE_TIME,NICKNAME,ORG_ID,PWD,TELE_PHONE,UPDATE_DATE_TIME,USERNAME)
VALUES ('10000002',SYSTIMESTAMP,'天津分公司','000056120000','96e79218965eb72c92a549dd5a330112','10000002',SYSTIMESTAMP,'10000002');
INSERT INTO SYS_USER (ID,CREATE_DATE_TIME,NICKNAME,ORG_ID,PWD,TELE_PHONE,UPDATE_DATE_TIME,USERNAME)
VALUES ('10000003',SYSTIMESTAMP,'辽宁分公司','000056210000','96e79218965eb72c92a549dd5a330112','10000003',SYSTIMESTAMP,'10000003');
INSERT INTO SYS_USER (ID,CREATE_DATE_TIME,NICKNAME,ORG_ID,PWD,TELE_PHONE,UPDATE_DATE_TIME,USERNAME)
VALUES ('10000004',SYSTIMESTAMP,'大连分公司','000056210200','96e79218965eb72c92a549dd5a330112','10000004',SYSTIMESTAMP,'10000004');
INSERT INTO SYS_USER (ID,CREATE_DATE_TIME,NICKNAME,ORG_ID,PWD,TELE_PHONE,UPDATE_DATE_TIME,USERNAME)
VALUES ('10000005',SYSTIMESTAMP,'江苏分公司','000056320000','96e79218965eb72c92a549dd5a330112','10000005',SYSTIMESTAMP,'10000005');
INSERT INTO SYS_USER (ID,CREATE_DATE_TIME,NICKNAME,ORG_ID,PWD,TELE_PHONE,UPDATE_DATE_TIME,USERNAME)
VALUES ('10000006',SYSTIMESTAMP,'山东分公司','000056370000','96e79218965eb72c92a549dd5a330112','10000006',SYSTIMESTAMP,'10000006');
INSERT INTO SYS_USER (ID,CREATE_DATE_TIME,NICKNAME,ORG_ID,PWD,TELE_PHONE,UPDATE_DATE_TIME,USERNAME)
VALUES ('10000007',SYSTIMESTAMP,'青岛分公司','000056370200','96e79218965eb72c92a549dd5a330112','10000007',SYSTIMESTAMP,'10000007');
INSERT INTO SYS_USER (ID,CREATE_DATE_TIME,NICKNAME,ORG_ID,PWD,TELE_PHONE,UPDATE_DATE_TIME,USERNAME)
VALUES ('10000008',SYSTIMESTAMP,'河南分公司','000056410000','96e79218965eb72c92a549dd5a330112','10000008',SYSTIMESTAMP,'10000008');
INSERT INTO SYS_USER (ID,CREATE_DATE_TIME,NICKNAME,ORG_ID,PWD,TELE_PHONE,UPDATE_DATE_TIME,USERNAME)
VALUES ('10000009',SYSTIMESTAMP,'广东分公司','000056440000','96e79218965eb72c92a549dd5a330112','10000009',SYSTIMESTAMP,'10000009');
INSERT INTO SYS_USER (ID,CREATE_DATE_TIME,NICKNAME,ORG_ID,PWD,TELE_PHONE,UPDATE_DATE_TIME,USERNAME)
VALUES ('10000010',SYSTIMESTAMP,'四川分公司','000056510000','96e79218965eb72c92a549dd5a330112','10000010',SYSTIMESTAMP,'10000010');

--用户赋权限
DELETE FROM STK_STOCK_DICT;
INSERT INTO STK_STOCK_DICT (STOCK_ID,COMPANY_ID,STOCK_CODE,STOCK_NAME) VALUES ('86','000056','86','总公司');
INSERT INTO STK_STOCK_DICT (STOCK_ID,COMPANY_ID,STOCK_CODE,STOCK_NAME) VALUES ('8601','000056110000','8601','北京分公司');
INSERT INTO STK_STOCK_DICT (STOCK_ID,COMPANY_ID,STOCK_CODE,STOCK_NAME) VALUES ('8602','000056120000','8602','天津分公司');
INSERT INTO STK_STOCK_DICT (STOCK_ID,COMPANY_ID,STOCK_CODE,STOCK_NAME) VALUES ('8606','000056210000','8606','辽宁分公司');
INSERT INTO STK_STOCK_DICT (STOCK_ID,COMPANY_ID,STOCK_CODE,STOCK_NAME) VALUES ('8609','000056210200','8609','大连分公司');
INSERT INTO STK_STOCK_DICT (STOCK_ID,COMPANY_ID,STOCK_CODE,STOCK_NAME) VALUES ('8605','000056320000','8605','江苏分公司');
INSERT INTO STK_STOCK_DICT (STOCK_ID,COMPANY_ID,STOCK_CODE,STOCK_NAME) VALUES ('8604','000056370000','8604','山东分公司');
INSERT INTO STK_STOCK_DICT (STOCK_ID,COMPANY_ID,STOCK_CODE,STOCK_NAME) VALUES ('8603','000056370200','8603','青岛分公司');
INSERT INTO STK_STOCK_DICT (STOCK_ID,COMPANY_ID,STOCK_CODE,STOCK_NAME) VALUES ('8608','000056410000','8608','河南分公司');
INSERT INTO STK_STOCK_DICT (STOCK_ID,COMPANY_ID,STOCK_CODE,STOCK_NAME) VALUES ('8610','000056440000','8610','广东分公司');
INSERT INTO STK_STOCK_DICT (STOCK_ID,COMPANY_ID,STOCK_CODE,STOCK_NAME) VALUES ('8607','000056510000','8607','四川分公司');

DELETE FROM CR_ROLE_OBJECT_PERMISSION;
INSERT INTO CR_ROLE_OBJECT_PERMISSION (ID,OBJECT_ID,PERMISSION,ROLE_ID) VALUES (SYS_GUID(),'000056','anyAuditManager','86');
INSERT INTO CR_ROLE_OBJECT_PERMISSION (ID,OBJECT_ID,PERMISSION,ROLE_ID) VALUES (SYS_GUID(),'000056110000','anyAuditManager','8601');
INSERT INTO CR_ROLE_OBJECT_PERMISSION (ID,OBJECT_ID,PERMISSION,ROLE_ID) VALUES (SYS_GUID(),'000056120000','anyAuditManager','8602');
INSERT INTO CR_ROLE_OBJECT_PERMISSION (ID,OBJECT_ID,PERMISSION,ROLE_ID) VALUES (SYS_GUID(),'000056210000','anyAuditManager','8606');
INSERT INTO CR_ROLE_OBJECT_PERMISSION (ID,OBJECT_ID,PERMISSION,ROLE_ID) VALUES (SYS_GUID(),'000056210200','anyAuditManager','8609');
INSERT INTO CR_ROLE_OBJECT_PERMISSION (ID,OBJECT_ID,PERMISSION,ROLE_ID) VALUES (SYS_GUID(),'000056320000','anyAuditManager','8605');
INSERT INTO CR_ROLE_OBJECT_PERMISSION (ID,OBJECT_ID,PERMISSION,ROLE_ID) VALUES (SYS_GUID(),'000056370000','anyAuditManager','8604');
INSERT INTO CR_ROLE_OBJECT_PERMISSION (ID,OBJECT_ID,PERMISSION,ROLE_ID) VALUES (SYS_GUID(),'000056370200','anyAuditManager','8603');
INSERT INTO CR_ROLE_OBJECT_PERMISSION (ID,OBJECT_ID,PERMISSION,ROLE_ID) VALUES (SYS_GUID(),'000056410000','anyAuditManager','8608');
INSERT INTO CR_ROLE_OBJECT_PERMISSION (ID,OBJECT_ID,PERMISSION,ROLE_ID) VALUES (SYS_GUID(),'000056440000','anyAuditManager','8610');
INSERT INTO CR_ROLE_OBJECT_PERMISSION (ID,OBJECT_ID,PERMISSION,ROLE_ID) VALUES (SYS_GUID(),'000056510000','anyAuditManager','8607');