<?xml version="1.0" encoding="UTF-8"?>

<!--
	Taxonomy: 2015-12-31 (Final)
	**********************
	Copyright © 2015 China Insurance Regulatory Commission.
	All rights reserved.  No part of this publication may be translated, reprinted or reproduced
	or utilised in any form either in whole or in part without prior permission in writing from China Insurance Regulatory Commission.
	  **********************
	-->
<link:linkbase xmlns:xsi="http://www.w3.org/2001/XMLSchema-instance" xsi:schemaLocation="http://www.xbrl.org/2003/linkbase http://www.xbrl.org/2003/xbrl-linkbase-2003-12-31.xsd" xmlns:c-ross="http://xbrl.circ.gov.cn/taxonomy/2015-12-31/c-ross" xmlns:link="http://www.xbrl.org/2003/linkbase" xmlns:q_s_pc_entry_point="http://xbrl.circ.gov.cn/taxonomy/2015-12-31/c-ross/q_s_pc_entry_point" xmlns:xbrli="http://www.xbrl.org/2003/instance" xmlns:xlink="http://www.w3.org/1999/xlink">
  <link:roleRef roleURI="http://xbrl.circ.gov.cn/role/c-ross_2015-12-31_role-3120500" xlink:type="simple" xlink:href="rol_c-ross_2_2015-12-31.xsd#c-ross_2015-12-31-3120500"/>
  <link:calculationLink xlink:type="extended" xlink:role="http://xbrl.circ.gov.cn/role/c-ross_2015-12-31_role-3120500">
    <link:loc xlink:type="locator" xlink:href="../../c-ross_core_2015-12-31.xsd#c-ross_MinimumCapitalUnderSolvencyII" xlink:label="MinimumCapital" xlink:title="MinimumCapital"/>
    <link:loc xlink:type="locator" xlink:href="../../c-ross_core_2015-12-31.xsd#c-ross_MinimumCapitalForControlRisk" xlink:label="MinimumCapitalForControlRisk" xlink:title="MinimumCapitalForControlRisk"/>
    <link:calculationArc xlink:type="arc" xlink:arcrole="http://www.xbrl.org/2003/arcrole/summation-item" xlink:from="MinimumCapital" xlink:to="MinimumCapitalForControlRisk" xlink:title="calculation: MinimumCapital to MinimumCapitalForControlRisk" use="optional" order="20.0" weight="1.0"/>
    <link:loc xlink:type="locator" xlink:href="../../c-ross_core_2015-12-31.xsd#c-ross_MinimumCapitalForQuantifiableRisk" xlink:label="MinimumCapitalForQuantifiableRisk" xlink:title="MinimumCapitalForQuantifiableRisk"/>
    <link:calculationArc xlink:type="arc" xlink:arcrole="http://www.xbrl.org/2003/arcrole/summation-item" xlink:from="MinimumCapital" xlink:to="MinimumCapitalForQuantifiableRisk" xlink:title="calculation: MinimumCapital to MinimumCapitalForQuantifiableRisk" order="10.0" weight="1.0"/>
    <link:loc xlink:type="locator" xlink:href="../../c-ross_core_2015-12-31.xsd#c-ross_MinimumCapitalForInsuranceRiskOfLifeInsuranceBusiness" xlink:label="MinimumCapitalForInsuranceRiskOfLifeInsuranceBusiness" xlink:title="MinimumCapitalForInsuranceRiskOfLifeInsuranceBusiness"/>
    <link:calculationArc xlink:type="arc" xlink:arcrole="http://www.xbrl.org/2003/arcrole/summation-item" xlink:from="MinimumCapitalForQuantifiableRisk" xlink:to="MinimumCapitalForInsuranceRiskOfLifeInsuranceBusiness" xlink:title="calculation: MinimumCapitalForQuantifiableRisk to MinimumCapitalForInsuranceRiskOfLifeInsuranceBusiness" use="optional" order="10.0" weight="1.0"/>
    <link:loc xlink:type="locator" xlink:href="../../c-ross_core_2015-12-31.xsd#c-ross_InsuranceRiskOfLifeInsuranceBusinessMinimumCapitalForIncidenceRisk" xlink:label="InsuranceRiskOfLifeInsuranceBusinessMinimumCapitalForIncidenceRisk" xlink:title="InsuranceRiskOfLifeInsuranceBusinessMinimumCapitalForIncidenceRisk"/>
    <link:calculationArc xlink:type="arc" xlink:arcrole="http://www.xbrl.org/2003/arcrole/summation-item" xlink:from="MinimumCapitalForInsuranceRiskOfLifeInsuranceBusiness" xlink:to="InsuranceRiskOfLifeInsuranceBusinessMinimumCapitalForIncidenceRisk" xlink:title="calculation: MinimumCapitalForInsuranceRiskOfLifeInsuranceBusiness to InsuranceRiskOfLifeInsuranceBusinessMinimumCapitalForIncidenceRisk" use="optional" order="10.0" weight="1.0"/>
    <link:loc xlink:type="locator" xlink:href="../../c-ross_core_2015-12-31.xsd#c-ross_InsuranceRiskOfLifeInsuranceBusinessMinimumCapitalForSurrenderRisk" xlink:label="InsuranceRiskOfLifeInsuranceBusinessMinimumCapitalForSurrenderRisk" xlink:title="InsuranceRiskOfLifeInsuranceBusinessMinimumCapitalForSurrenderRisk"/>
    <link:calculationArc xlink:type="arc" xlink:arcrole="http://www.xbrl.org/2003/arcrole/summation-item" xlink:from="MinimumCapitalForInsuranceRiskOfLifeInsuranceBusiness" xlink:to="InsuranceRiskOfLifeInsuranceBusinessMinimumCapitalForSurrenderRisk" xlink:title="calculation: MinimumCapitalForInsuranceRiskOfLifeInsuranceBusiness to InsuranceRiskOfLifeInsuranceBusinessMinimumCapitalForSurrenderRisk" use="optional" order="20.0" weight="1.0"/>
    <link:loc xlink:type="locator" xlink:href="../../c-ross_core_2015-12-31.xsd#c-ross_InsuranceRiskOfLifeInsuranceBusinessMinimumCapitalForExpenseRisk" xlink:label="InsuranceRiskOfLifeInsuranceBusinessMinimumCapitalForExpenseRisk" xlink:title="InsuranceRiskOfLifeInsuranceBusinessMinimumCapitalForExpenseRisk"/>
    <link:calculationArc xlink:type="arc" xlink:arcrole="http://www.xbrl.org/2003/arcrole/summation-item" xlink:from="MinimumCapitalForInsuranceRiskOfLifeInsuranceBusiness" xlink:to="InsuranceRiskOfLifeInsuranceBusinessMinimumCapitalForExpenseRisk" xlink:title="calculation: MinimumCapitalForInsuranceRiskOfLifeInsuranceBusiness to InsuranceRiskOfLifeInsuranceBusinessMinimumCapitalForExpenseRisk" use="optional" order="30.0" weight="1.0"/>
    <link:loc xlink:type="locator" xlink:href="../../c-ross_core_2015-12-31.xsd#c-ross_InsuranceRiskOfLifeInsuranceBusinessRiskDiversificationEffect" xlink:label="InsuranceRiskOfLifeInsuranceBusinessRiskDiversificationEffect" xlink:title="InsuranceRiskOfLifeInsuranceBusinessRiskDiversificationEffect"/>
    <link:calculationArc xlink:type="arc" xlink:arcrole="http://www.xbrl.org/2003/arcrole/summation-item" xlink:from="MinimumCapitalForInsuranceRiskOfLifeInsuranceBusiness" xlink:to="InsuranceRiskOfLifeInsuranceBusinessRiskDiversificationEffect" xlink:title="calculation: MinimumCapitalForInsuranceRiskOfLifeInsuranceBusiness to InsuranceRiskOfLifeInsuranceBusinessRiskDiversificationEffect" use="optional" order="40.0" weight="-1.0"/>
    <link:loc xlink:type="locator" xlink:href="../../c-ross_core_2015-12-31.xsd#c-ross_MinimumCapitalForInsuranceRiskOfNonLifeInsuranceBusiness" xlink:label="MinimumCapitalForInsuranceRiskOfNonLifeInsuranceBusiness" xlink:title="MinimumCapitalForInsuranceRiskOfNonLifeInsuranceBusiness"/>
    <link:calculationArc xlink:type="arc" xlink:arcrole="http://www.xbrl.org/2003/arcrole/summation-item" xlink:from="MinimumCapitalForQuantifiableRisk" xlink:to="MinimumCapitalForInsuranceRiskOfNonLifeInsuranceBusiness" xlink:title="calculation: MinimumCapitalForQuantifiableRisk to MinimumCapitalForInsuranceRiskOfNonLifeInsuranceBusiness" use="optional" order="20.0" weight="1.0"/>
    <link:loc xlink:type="locator" xlink:href="../../c-ross_core_2015-12-31.xsd#c-ross_InsuranceRiskOfNonLifeInsuranceBusinessMinimumCapitalForPremiumAndReserveRiskAfterRiskDiversification" xlink:label="InsuranceRiskOfNonLifeInsuranceBusinessMinimumCapitalForPremiumAndReserveRisk" xlink:title="InsuranceRiskOfNonLifeInsuranceBusinessMinimumCapitalForPremiumAndReserveRisk"/>
    <link:calculationArc xlink:type="arc" xlink:arcrole="http://www.xbrl.org/2003/arcrole/summation-item" xlink:from="MinimumCapitalForInsuranceRiskOfNonLifeInsuranceBusiness" xlink:to="InsuranceRiskOfNonLifeInsuranceBusinessMinimumCapitalForPremiumAndReserveRisk" xlink:title="calculation: MinimumCapitalForInsuranceRiskOfNonLifeInsuranceBusiness to InsuranceRiskOfNonLifeInsuranceBusinessMinimumCapitalForPremiumAndReserveRisk" use="optional" order="10.0" weight="1.0"/>
    <link:loc xlink:type="locator" xlink:href="../../c-ross_core_2015-12-31.xsd#c-ross_InsuranceRiskOfNonLifeInsuranceBusinessMinimumCapitalForCatastropheRisk" xlink:label="InsuranceRiskOfNonLifeInsuranceBusinessMinimumCapitalForCatastropheRisk" xlink:title="InsuranceRiskOfNonLifeInsuranceBusinessMinimumCapitalForCatastropheRisk"/>
    <link:calculationArc xlink:type="arc" xlink:arcrole="http://www.xbrl.org/2003/arcrole/summation-item" xlink:from="MinimumCapitalForInsuranceRiskOfNonLifeInsuranceBusiness" xlink:to="InsuranceRiskOfNonLifeInsuranceBusinessMinimumCapitalForCatastropheRisk" xlink:title="calculation: MinimumCapitalForInsuranceRiskOfNonLifeInsuranceBusiness to InsuranceRiskOfNonLifeInsuranceBusinessMinimumCapitalForCatastropheRisk" use="optional" order="20.0" weight="1.0"/>
    <link:loc xlink:type="locator" xlink:href="../../c-ross_core_2015-12-31.xsd#c-ross_InsuranceRiskOfNonLifeInsuranceBusinessRiskDiversificationEffect" xlink:label="InsuranceRiskOfNonLifeInsuranceBusinessRiskDiversificationEffect" xlink:title="InsuranceRiskOfNonLifeInsuranceBusinessRiskDiversificationEffect"/>
    <link:calculationArc xlink:type="arc" xlink:arcrole="http://www.xbrl.org/2003/arcrole/summation-item" xlink:from="MinimumCapitalForInsuranceRiskOfNonLifeInsuranceBusiness" xlink:to="InsuranceRiskOfNonLifeInsuranceBusinessRiskDiversificationEffect" xlink:title="calculation: MinimumCapitalForInsuranceRiskOfNonLifeInsuranceBusiness to InsuranceRiskOfNonLifeInsuranceBusinessRiskDiversificationEffect" use="optional" order="30.0" weight="-1.0"/>
    <link:loc xlink:type="locator" xlink:href="../../c-ross_core_2015-12-31.xsd#c-ross_MinimumCapitalForMarketRisk" xlink:label="MinimumCapitalForMarketRisk" xlink:title="MinimumCapitalForMarketRisk"/>
    <link:calculationArc xlink:type="arc" xlink:arcrole="http://www.xbrl.org/2003/arcrole/summation-item" xlink:from="MinimumCapitalForQuantifiableRisk" xlink:to="MinimumCapitalForMarketRisk" xlink:title="calculation: MinimumCapitalForQuantifiableRisk to MinimumCapitalForMarketRisk" use="optional" order="30.0" weight="1.0"/>
    <link:loc xlink:type="locator" xlink:href="../../c-ross_core_2015-12-31.xsd#c-ross_MarketRiskMinimumCapitalForInterestRateRisk" xlink:label="MarketRiskMinimumCapitalForInterestRateRisk" xlink:title="MarketRiskMinimumCapitalForInterestRateRisk"/>
    <link:calculationArc xlink:type="arc" xlink:arcrole="http://www.xbrl.org/2003/arcrole/summation-item" xlink:from="MinimumCapitalForMarketRisk" xlink:to="MarketRiskMinimumCapitalForInterestRateRisk" xlink:title="calculation: MinimumCapitalForMarketRisk to MarketRiskMinimumCapitalForInterestRateRisk" use="optional" order="10.0" weight="1.0"/>
    <link:loc xlink:type="locator" xlink:href="../../c-ross_core_2015-12-31.xsd#c-ross_MarketRiskMinimumCapitalForEquityPriceRisk" xlink:label="MarketRiskMinimumCapitalForEquityPriceRisk" xlink:title="MarketRiskMinimumCapitalForEquityPriceRisk"/>
    <link:calculationArc xlink:type="arc" xlink:arcrole="http://www.xbrl.org/2003/arcrole/summation-item" xlink:from="MinimumCapitalForMarketRisk" xlink:to="MarketRiskMinimumCapitalForEquityPriceRisk" xlink:title="calculation: MinimumCapitalForMarketRisk to MarketRiskMinimumCapitalForEquityPriceRisk" use="optional" order="20.0" weight="1.0"/>
    <link:loc xlink:type="locator" xlink:href="../../c-ross_core_2015-12-31.xsd#c-ross_MarketRiskMinimumCapitalForPropertyPriceRisk" xlink:label="MarketRiskMinimumCapitalForPropertyPriceRisk" xlink:title="MarketRiskMinimumCapitalForPropertyPriceRisk"/>
    <link:calculationArc xlink:type="arc" xlink:arcrole="http://www.xbrl.org/2003/arcrole/summation-item" xlink:from="MinimumCapitalForMarketRisk" xlink:to="MarketRiskMinimumCapitalForPropertyPriceRisk" xlink:title="calculation: MinimumCapitalForMarketRisk to MarketRiskMinimumCapitalForPropertyPriceRisk" use="optional" order="30.0" weight="1.0"/>
    <link:loc xlink:type="locator" xlink:href="../../c-ross_core_2015-12-31.xsd#c-ross_MarketRiskMinimumCapitalForOverseasFixedIncomeInvestmentAssetsPriceRisk" xlink:label="MarketRiskMinimumCapitalForOverseasFixedIncomeInvestmentAssetsPriceRisk" xlink:title="MarketRiskMinimumCapitalForOverseasFixedIncomeInvestmentAssetsPriceRisk"/>
    <link:calculationArc xlink:type="arc" xlink:arcrole="http://www.xbrl.org/2003/arcrole/summation-item" xlink:from="MinimumCapitalForMarketRisk" xlink:to="MarketRiskMinimumCapitalForOverseasFixedIncomeInvestmentAssetsPriceRisk" xlink:title="calculation: MinimumCapitalForMarketRisk to MarketRiskMinimumCapitalForOverseasFixedIncomeInvestmentAssetsPriceRisk" use="optional" order="40.0" weight="1.0"/>
    <link:loc xlink:type="locator" xlink:href="../../c-ross_core_2015-12-31.xsd#c-ross_MarketRiskMinimumCapitalForOverseasEquityInvestmentAssetsPriceRisk" xlink:label="MarketRiskMinimumCapitalForOverseasEquityInvestmentAssetsPriceRisk" xlink:title="MarketRiskMinimumCapitalForOverseasEquityInvestmentAssetsPriceRisk"/>
    <link:calculationArc xlink:type="arc" xlink:arcrole="http://www.xbrl.org/2003/arcrole/summation-item" xlink:from="MinimumCapitalForMarketRisk" xlink:to="MarketRiskMinimumCapitalForOverseasEquityInvestmentAssetsPriceRisk" xlink:title="calculation: MinimumCapitalForMarketRisk to MarketRiskMinimumCapitalForOverseasEquityInvestmentAssetsPriceRisk" use="optional" order="50.0" weight="1.0"/>
    <link:loc xlink:type="locator" xlink:href="../../c-ross_core_2015-12-31.xsd#c-ross_MarketRiskMinimumCapitalForExchangeRateRisk" xlink:label="MarketRiskMinimumCapitalForExchangeRateRisk" xlink:title="MarketRiskMinimumCapitalForExchangeRateRisk"/>
    <link:calculationArc xlink:type="arc" xlink:arcrole="http://www.xbrl.org/2003/arcrole/summation-item" xlink:from="MinimumCapitalForMarketRisk" xlink:to="MarketRiskMinimumCapitalForExchangeRateRisk" xlink:title="calculation: MinimumCapitalForMarketRisk to MarketRiskMinimumCapitalForExchangeRateRisk" use="optional" order="60.0" weight="1.0"/>
    <link:loc xlink:type="locator" xlink:href="../../c-ross_core_2015-12-31.xsd#c-ross_MarketRiskRiskDiversificationEffect" xlink:label="MarketRiskRiskDiversificationEffect" xlink:title="MarketRiskRiskDiversificationEffect"/>
    <link:calculationArc xlink:type="arc" xlink:arcrole="http://www.xbrl.org/2003/arcrole/summation-item" xlink:from="MinimumCapitalForMarketRisk" xlink:to="MarketRiskRiskDiversificationEffect" xlink:title="calculation: MinimumCapitalForMarketRisk to MarketRiskRiskDiversificationEffect" use="optional" order="70.0" weight="-1.0"/>
    <link:loc xlink:type="locator" xlink:href="../../c-ross_core_2015-12-31.xsd#c-ross_MinimumCapitalForCreditRisk" xlink:label="MinimumCapitalForCreditRisk" xlink:title="MinimumCapitalForCreditRisk"/>
    <link:calculationArc xlink:type="arc" xlink:arcrole="http://www.xbrl.org/2003/arcrole/summation-item" xlink:from="MinimumCapitalForQuantifiableRisk" xlink:to="MinimumCapitalForCreditRisk" xlink:title="calculation: MinimumCapitalForQuantifiableRisk to MinimumCapitalForCreditRisk" use="optional" order="40.0" weight="1.0"/>
    <link:loc xlink:type="locator" xlink:href="../../c-ross_core_2015-12-31.xsd#c-ross_CreditRiskMinimumCapitalForSpreadRisk" xlink:label="CreditRiskMinimumCapitalForSpreadRisk" xlink:title="CreditRiskMinimumCapitalForSpreadRisk"/>
    <link:calculationArc xlink:type="arc" xlink:arcrole="http://www.xbrl.org/2003/arcrole/summation-item" xlink:from="MinimumCapitalForCreditRisk" xlink:to="CreditRiskMinimumCapitalForSpreadRisk" xlink:title="calculation: MinimumCapitalForCreditRisk to CreditRiskMinimumCapitalForSpreadRisk" use="optional" order="10.0" weight="1.0"/>
    <link:loc xlink:type="locator" xlink:href="../../c-ross_core_2015-12-31.xsd#c-ross_CreditRiskMinimumCapitalForCounterpartyDefaultRisk" xlink:label="CreditRiskMinimumCapitalForCounterpartyDefaultRisk" xlink:title="CreditRiskMinimumCapitalForCounterpartyDefaultRisk"/>
    <link:calculationArc xlink:type="arc" xlink:arcrole="http://www.xbrl.org/2003/arcrole/summation-item" xlink:from="MinimumCapitalForCreditRisk" xlink:to="CreditRiskMinimumCapitalForCounterpartyDefaultRisk" xlink:title="calculation: MinimumCapitalForCreditRisk to CreditRiskMinimumCapitalForCounterpartyDefaultRisk" use="optional" order="20.0" weight="1.0"/>
    <link:loc xlink:type="locator" xlink:href="../../c-ross_core_2015-12-31.xsd#c-ross_CreditRiskRiskDiversificationEffect" xlink:label="CreditRiskRiskDiversificationEffect" xlink:title="CreditRiskRiskDiversificationEffect"/>
    <link:calculationArc xlink:type="arc" xlink:arcrole="http://www.xbrl.org/2003/arcrole/summation-item" xlink:from="MinimumCapitalForCreditRisk" xlink:to="CreditRiskRiskDiversificationEffect" xlink:title="calculation: MinimumCapitalForCreditRisk to CreditRiskRiskDiversificationEffect" use="optional" order="30.0" weight="-1.0"/>
    <link:loc xlink:type="locator" xlink:href="../../c-ross_core_2015-12-31.xsd#c-ross_QuantifiableRiskDiversificationEffect" xlink:label="QuantifiableRiskDiversificationEffect" xlink:title="QuantifiableRiskDiversificationEffect"/>
    <link:calculationArc xlink:type="arc" xlink:arcrole="http://www.xbrl.org/2003/arcrole/summation-item" xlink:from="MinimumCapitalForQuantifiableRisk" xlink:to="QuantifiableRiskDiversificationEffect" xlink:title="calculation: MinimumCapitalForQuantifiableRisk to QuantifiableRiskDiversificationEffect" use="optional" order="50.0" weight="-1.0"/>
    <link:loc xlink:type="locator" xlink:href="../../c-ross_core_2015-12-31.xsd#c-ross_LossAbsorptionOfSpecificInsuranceContract" xlink:label="LossAbsorptionOfSpecificInsuranceContract" xlink:title="LossAbsorptionOfSpecificInsuranceContract"/>
    <link:calculationArc xlink:type="arc" xlink:arcrole="http://www.xbrl.org/2003/arcrole/summation-item" xlink:from="MinimumCapitalForQuantifiableRisk" xlink:to="LossAbsorptionOfSpecificInsuranceContract" xlink:title="calculation: MinimumCapitalForQuantifiableRisk to LossAbsorptionOfSpecificInsuranceContract" use="optional" order="60.0" weight="-1.0"/>
    <link:loc xlink:type="locator" xlink:href="../../c-ross_core_2015-12-31.xsd#c-ross_AdditionalCapital" xlink:label="AdditionalCapital" xlink:title="AdditionalCapital"/>
    <link:calculationArc xlink:type="arc" xlink:arcrole="http://www.xbrl.org/2003/arcrole/summation-item" xlink:from="MinimumCapital" xlink:to="AdditionalCapital" xlink:title="calculation: MinimumCapital to AdditionalCapital" use="optional" order="30.0" weight="1.0"/>
    <link:loc xlink:type="locator" xlink:href="../../c-ross_core_2015-12-31.xsd#c-ross_CountercyclicalAdditionalCapital" xlink:label="CountercyclicalAdditionalCapital" xlink:title="CountercyclicalAdditionalCapital"/>
    <link:calculationArc xlink:type="arc" xlink:arcrole="http://www.xbrl.org/2003/arcrole/summation-item" xlink:from="AdditionalCapital" xlink:to="CountercyclicalAdditionalCapital" xlink:title="calculation: AdditionalCapital to CountercyclicalAdditionalCapital" use="optional" order="10.0" weight="1.0"/>
    <link:loc xlink:type="locator" xlink:href="../../c-ross_core_2015-12-31.xsd#c-ross_AdditionalCapitalOfDomesticSystemicallyImportantInsurers" xlink:label="AdditionalCapitalOfDomesticSystemicallyImportantInsurers" xlink:title="AdditionalCapitalOfDomesticSystemicallyImportantInsurers"/>
    <link:calculationArc xlink:type="arc" xlink:arcrole="http://www.xbrl.org/2003/arcrole/summation-item" xlink:from="AdditionalCapital" xlink:to="AdditionalCapitalOfDomesticSystemicallyImportantInsurers" xlink:title="calculation: AdditionalCapital to AdditionalCapitalOfDomesticSystemicallyImportantInsurers" use="optional" order="20.0" weight="1.0"/>
    <link:loc xlink:type="locator" xlink:href="../../c-ross_core_2015-12-31.xsd#c-ross_AdditionalCapitalOfGlobalSystemicallyImportantInsurers" xlink:label="AdditionalCapitalOfGlobalSystemicallyImportantInsurers" xlink:title="AdditionalCapitalOfGlobalSystemicallyImportantInsurers"/>
    <link:calculationArc xlink:type="arc" xlink:arcrole="http://www.xbrl.org/2003/arcrole/summation-item" xlink:from="AdditionalCapital" xlink:to="AdditionalCapitalOfGlobalSystemicallyImportantInsurers" xlink:title="calculation: AdditionalCapital to AdditionalCapitalOfGlobalSystemicallyImportantInsurers" use="optional" order="30.0" weight="1.0"/>
    <link:loc xlink:type="locator" xlink:href="../../c-ross_core_2015-12-31.xsd#c-ross_OtherAdditionalCapital" xlink:label="OtherAdditionalCapital" xlink:title="OtherAdditionalCapital"/>
    <link:calculationArc xlink:type="arc" xlink:arcrole="http://www.xbrl.org/2003/arcrole/summation-item" xlink:from="AdditionalCapital" xlink:to="OtherAdditionalCapital" xlink:title="calculation: AdditionalCapital to OtherAdditionalCapital" use="optional" order="40.0" weight="1.0"/>
  </link:calculationLink>
</link:linkbase>
