<?xml version="1.0" encoding="UTF-8"?>

<!--Taxonomy: 2015-12-31 (Draft)
	**********************
	Copyright © 2015 China Insurance Regulatory Commission.
	All rights reserved.  No part of this publication may be translated, reprinted or reproduced or utilised in any form either in whole or in part without prior permission in writing from China Insurance Regulatory Commission.
	  **********************-->
<link:linkbase xmlns:xsi="http://www.w3.org/2001/XMLSchema-instance" xsi:schemaLocation="http://www.xbrl.org/2003/linkbase http://www.xbrl.org/2003/xbrl-linkbase-2003-12-31.xsd" xmlns:irr_life_com_entry_point="http://xbrl.circ.gov.cn/taxonomy/2015-12-31/c-ross_irr/irr_life_com_entry_point" xmlns:irr_full_entry_point="http://xbrl.circ.gov.cn/taxonomy/2015-12-31/c-ross/irr_full_entry_point" xmlns:link="http://www.xbrl.org/2003/linkbase" xmlns:irr_reg_com_entry_point="http://xbrl.circ.gov.cn/taxonomy/2015-12-31/c-ross_irr/irr_reg_com_entry_point" xmlns:xbrli="http://www.xbrl.org/2003/instance" xmlns:xlink="http://www.w3.org/1999/xlink">
  <link:roleRef roleURI="http://xbrl.circ.gov.cn/role/c-ross_irr_2015-12-31_role-3320612" xlink:type="simple" xlink:href="rol_c-ross_10_2015-12-31.xsd#c-ross_irr_2015-12-31-3320612"/>
  <link:roleRef roleURI="http://xbrl.circ.gov.cn/role/c-ross_irr_2015-12-31_role-3320612a" xlink:type="simple" xlink:href="rol_c-ross_10_2015-12-31.xsd#c-ross_irr_2015-12-31-3320612a"/>
  <link:presentationLink xlink:type="extended" xlink:role="http://xbrl.circ.gov.cn/role/c-ross_irr_2015-12-31_role-3320612">
    <link:loc xlink:type="locator" xlink:href="../../c-ross_irr_core_2015-12-31.xsd#c-ross_irr_OperationalRiskInClaimAndEndorsementBusinessForLifeInsuranceCompanyAbstract" xlink:label="OperationalRiskInClaimAndEndorsementBusinessForLifeInsuranceCompanyAbstract" xlink:title="OperationalRiskInClaimAndEndorsementBusinessForLifeInsuranceCompanyAbstract"/>
    <link:loc xlink:type="locator" xlink:href="../../c-ross_irr_core_2015-12-31.xsd#c-ross_irr_OperationalRiskInClaimAndEndorsementBusinessForLifeInsuranceCompanyStaffPersonnelFactorsScore" xlink:label="StaffPersonnelFactorsScoreOperationalRiskInClaimAndEndorsementBusinessForLifeInsuranceCompany" xlink:title="StaffPersonnelFactorsScoreOperationalRiskInClaimAndEndorsementBusinessForLifeInsuranceCompany"/>
    <link:presentationArc xlink:type="arc" xlink:arcrole="http://www.xbrl.org/2003/arcrole/parent-child" xlink:from="OperationalRiskInClaimAndEndorsementBusinessForLifeInsuranceCompanyAbstract" xlink:to="StaffPersonnelFactorsScoreOperationalRiskInClaimAndEndorsementBusinessForLifeInsuranceCompany" xlink:title="presentation: OperationalRiskInClaimAndEndorsementBusinessForLifeInsuranceCompanyAbstract to StaffPersonnelFactorsScoreOperationalRiskInClaimAndEndorsementBusinessForLifeInsuranceCompany" order="10.0" preferredLabel="http://www.xbrl.org/2003/role/terseLabel"/>
    <link:loc xlink:type="locator" xlink:href="../../c-ross_irr_core_2015-12-31.xsd#c-ross_irr_OperationalRiskInClaimAndEndorsementBusinessForLifeInsuranceCompanyWorkExperienceOfClaimsPersonnelScore" xlink:label="WorkExperienceOfClaimsPersonnelScoreOperationalRiskInClaimAndEndorsementBusinessForLifeInsuranceCompany" xlink:title="WorkExperienceOfClaimsPersonnelScoreOperationalRiskInClaimAndEndorsementBusinessForLifeInsuranceCompany"/>
    <link:presentationArc xlink:type="arc" xlink:arcrole="http://www.xbrl.org/2003/arcrole/parent-child" xlink:from="StaffPersonnelFactorsScoreOperationalRiskInClaimAndEndorsementBusinessForLifeInsuranceCompany" xlink:to="WorkExperienceOfClaimsPersonnelScoreOperationalRiskInClaimAndEndorsementBusinessForLifeInsuranceCompany" xlink:title="presentation: StaffPersonnelFactorsScoreOperationalRiskInClaimAndEndorsementBusinessForLifeInsuranceCompany to WorkExperienceOfClaimsPersonnelScoreOperationalRiskInClaimAndEndorsementBusinessForLifeInsuranceCompany" use="optional" order="10.0" preferredLabel="http://www.xbrl.org/2003/role/terseLabel"/>
    <link:loc xlink:type="locator" xlink:href="../../c-ross_irr_core_2015-12-31.xsd#c-ross_irr_OperationalRiskInClaimAndEndorsementBusinessForLifeInsuranceCompanyRateOfPeopleWithThreeYearsOfClaimExperiencesOrAbove" xlink:label="RateOfPeopleWithThreeYearsOfClaimExperiencesOrAboveOperationalRiskInClaimAndEndorsementBusinessForLifeInsuranceCompany" xlink:title="RateOfPeopleWithThreeYearsOfClaimExperiencesOrAboveOperationalRiskInClaimAndEndorsementBusinessForLifeInsuranceCompany"/>
    <link:presentationArc xlink:type="arc" xlink:arcrole="http://www.xbrl.org/2003/arcrole/parent-child" xlink:from="WorkExperienceOfClaimsPersonnelScoreOperationalRiskInClaimAndEndorsementBusinessForLifeInsuranceCompany" xlink:to="RateOfPeopleWithThreeYearsOfClaimExperiencesOrAboveOperationalRiskInClaimAndEndorsementBusinessForLifeInsuranceCompany" xlink:title="presentation: WorkExperienceOfClaimsPersonnelScoreOperationalRiskInClaimAndEndorsementBusinessForLifeInsuranceCompany to RateOfPeopleWithThreeYearsOfClaimExperiencesOrAboveOperationalRiskInClaimAndEndorsementBusinessForLifeInsuranceCompany" use="optional" order="10.0" preferredLabel="http://www.xbrl.org/2003/role/terseLabel"/>
    <link:loc xlink:type="locator" xlink:href="../../c-ross_irr_core_2015-12-31.xsd#c-ross_irr_OperationalRiskInClaimAndEndorsementBusinessForLifeInsuranceCompanyNumberOfPeopleWithThreeYearsOfClaimExperiencesOrAbove" xlink:label="NumberOfPeopleWithThreeYearsOfClaimExperiencesOrAboveAtEndOfAssessmentPeriodOperationalRiskInClaimAndEndorsementBusinessForLifeInsuranceCompany" xlink:title="NumberOfPeopleWithThreeYearsOfClaimExperiencesOrAboveAtEndOfAssessmentPeriodOperationalRiskInClaimAndEndorsementBusinessForLifeInsuranceCompany"/>
    <link:presentationArc xlink:type="arc" xlink:arcrole="http://www.xbrl.org/2003/arcrole/parent-child" xlink:from="RateOfPeopleWithThreeYearsOfClaimExperiencesOrAboveOperationalRiskInClaimAndEndorsementBusinessForLifeInsuranceCompany" xlink:to="NumberOfPeopleWithThreeYearsOfClaimExperiencesOrAboveAtEndOfAssessmentPeriodOperationalRiskInClaimAndEndorsementBusinessForLifeInsuranceCompany" xlink:title="presentation: RateOfPeopleWithThreeYearsOfClaimExperiencesOrAboveOperationalRiskInClaimAndEndorsementBusinessForLifeInsuranceCompany to NumberOfPeopleWithThreeYearsOfClaimExperiencesOrAboveAtEndOfAssessmentPeriodOperationalRiskInClaimAndEndorsementBusinessForLifeInsuranceCompany" use="optional" order="10.0" preferredLabel="http://www.xbrl.org/2003/role/terseLabel"/>
    <link:loc xlink:type="locator" xlink:href="../../c-ross_irr_core_2015-12-31.xsd#c-ross_irr_OperationalRiskInClaimAndEndorsementBusinessForLifeInsuranceCompanyNumberOfPeopleForClaim" xlink:label="NumberOfPeopleForClaimAtEndOfAssessmentPeriodOperationalRiskInClaimAndEndorsementBusinessForLifeInsuranceCompany" xlink:title="NumberOfPeopleForClaimAtEndOfAssessmentPeriodOperationalRiskInClaimAndEndorsementBusinessForLifeInsuranceCompany"/>
    <link:presentationArc xlink:type="arc" xlink:arcrole="http://www.xbrl.org/2003/arcrole/parent-child" xlink:from="RateOfPeopleWithThreeYearsOfClaimExperiencesOrAboveOperationalRiskInClaimAndEndorsementBusinessForLifeInsuranceCompany" xlink:to="NumberOfPeopleForClaimAtEndOfAssessmentPeriodOperationalRiskInClaimAndEndorsementBusinessForLifeInsuranceCompany" xlink:title="presentation: RateOfPeopleWithThreeYearsOfClaimExperiencesOrAboveOperationalRiskInClaimAndEndorsementBusinessForLifeInsuranceCompany to NumberOfPeopleForClaimAtEndOfAssessmentPeriodOperationalRiskInClaimAndEndorsementBusinessForLifeInsuranceCompany" use="optional" order="20.0" preferredLabel="http://www.xbrl.org/2003/role/terseLabel"/>
    <link:loc xlink:type="locator" xlink:href="../../c-ross_irr_core_2015-12-31.xsd#c-ross_irr_OperationalRiskInClaimAndEndorsementBusinessForLifeInsuranceCompanyWorkExperienceOfEndorsementPersonnelScore" xlink:label="WorkExperienceOfEndorsementPersonnelScoreOperationalRiskInClaimAndEndorsementBusinessForLifeInsuranceCompany" xlink:title="WorkExperienceOfEndorsementPersonnelScoreOperationalRiskInClaimAndEndorsementBusinessForLifeInsuranceCompany"/>
    <link:presentationArc xlink:type="arc" xlink:arcrole="http://www.xbrl.org/2003/arcrole/parent-child" xlink:from="StaffPersonnelFactorsScoreOperationalRiskInClaimAndEndorsementBusinessForLifeInsuranceCompany" xlink:to="WorkExperienceOfEndorsementPersonnelScoreOperationalRiskInClaimAndEndorsementBusinessForLifeInsuranceCompany" xlink:title="presentation: StaffPersonnelFactorsScoreOperationalRiskInClaimAndEndorsementBusinessForLifeInsuranceCompany to WorkExperienceOfEndorsementPersonnelScoreOperationalRiskInClaimAndEndorsementBusinessForLifeInsuranceCompany" use="optional" order="20.0" preferredLabel="http://www.xbrl.org/2003/role/terseLabel"/>
    <link:loc xlink:type="locator" xlink:href="../../c-ross_irr_core_2015-12-31.xsd#c-ross_irr_OperationalRiskInClaimAndEndorsementBusinessForLifeInsuranceCompanyProportionOfNumberOfPeopleWithMoreThanFiveYearsAndLessThanOneYearEndorsementExperiences" xlink:label="NumberOfPeopleWithMoreThanFiveYearsAndLessThanOneYearEndorsementExperiencesOperationalRiskInClaimAndEndorsementBusinessForLifeInsuranceCompany" xlink:title="NumberOfPeopleWithMoreThanFiveYearsAndLessThanOneYearEndorsementExperiencesOperationalRiskInClaimAndEndorsementBusinessForLifeInsuranceCompany"/>
    <link:presentationArc xlink:type="arc" xlink:arcrole="http://www.xbrl.org/2003/arcrole/parent-child" xlink:from="WorkExperienceOfEndorsementPersonnelScoreOperationalRiskInClaimAndEndorsementBusinessForLifeInsuranceCompany" xlink:to="NumberOfPeopleWithMoreThanFiveYearsAndLessThanOneYearEndorsementExperiencesOperationalRiskInClaimAndEndorsementBusinessForLifeInsuranceCompany" xlink:title="presentation: WorkExperienceOfEndorsementPersonnelScoreOperationalRiskInClaimAndEndorsementBusinessForLifeInsuranceCompany to NumberOfPeopleWithMoreThanFiveYearsAndLessThanOneYearEndorsementExperiencesOperationalRiskInClaimAndEndorsementBusinessForLifeInsuranceCompany" use="optional" order="10.0" preferredLabel="http://www.xbrl.org/2003/role/terseLabel"/>
    <link:loc xlink:type="locator" xlink:href="../../c-ross_irr_core_2015-12-31.xsd#c-ross_irr_OperationalRiskInClaimAndEndorsementBusinessForLifeInsuranceCompanyNumberOfPeopleWithFiveYearsEndorsementExperiencesOrAbove" xlink:label="NumberOfPeopleWithFiveYearsEndorsementExperiencesOrAboveOperationalRiskInClaimAndEndorsementBusinessForLifeInsuranceCompany" xlink:title="NumberOfPeopleWithFiveYearsEndorsementExperiencesOrAboveOperationalRiskInClaimAndEndorsementBusinessForLifeInsuranceCompany"/>
    <link:presentationArc xlink:type="arc" xlink:arcrole="http://www.xbrl.org/2003/arcrole/parent-child" xlink:from="NumberOfPeopleWithMoreThanFiveYearsAndLessThanOneYearEndorsementExperiencesOperationalRiskInClaimAndEndorsementBusinessForLifeInsuranceCompany" xlink:to="NumberOfPeopleWithFiveYearsEndorsementExperiencesOrAboveOperationalRiskInClaimAndEndorsementBusinessForLifeInsuranceCompany" xlink:title="presentation: NumberOfPeopleWithMoreThanFiveYearsAndLessThanOneYearEndorsementExperiencesOperationalRiskInClaimAndEndorsementBusinessForLifeInsuranceCompany to NumberOfPeopleWithFiveYearsEndorsementExperiencesOrAboveOperationalRiskInClaimAndEndorsementBusinessForLifeInsuranceCompany" use="optional" order="10.0" preferredLabel="http://www.xbrl.org/2003/role/terseLabel"/>
    <link:loc xlink:type="locator" xlink:href="../../c-ross_irr_core_2015-12-31.xsd#c-ross_irr_OperationalRiskInClaimAndEndorsementBusinessForLifeInsuranceCompanyNumberOfPeopleWithLessThanOneYearEndorsementExperiences" xlink:label="NumberOfPeopleWithLessThanOneYearEndorsementExperiencesOperationalRiskInClaimAndEndorsementBusinessForLifeInsuranceCompany" xlink:title="NumberOfPeopleWithLessThanOneYearEndorsementExperiencesOperationalRiskInClaimAndEndorsementBusinessForLifeInsuranceCompany"/>
    <link:presentationArc xlink:type="arc" xlink:arcrole="http://www.xbrl.org/2003/arcrole/parent-child" xlink:from="NumberOfPeopleWithMoreThanFiveYearsAndLessThanOneYearEndorsementExperiencesOperationalRiskInClaimAndEndorsementBusinessForLifeInsuranceCompany" xlink:to="NumberOfPeopleWithLessThanOneYearEndorsementExperiencesOperationalRiskInClaimAndEndorsementBusinessForLifeInsuranceCompany" xlink:title="presentation: NumberOfPeopleWithMoreThanFiveYearsAndLessThanOneYearEndorsementExperiencesOperationalRiskInClaimAndEndorsementBusinessForLifeInsuranceCompany to NumberOfPeopleWithLessThanOneYearEndorsementExperiencesOperationalRiskInClaimAndEndorsementBusinessForLifeInsuranceCompany" use="optional" order="20.0" preferredLabel="http://www.xbrl.org/2003/role/terseLabel"/>
    <link:loc xlink:type="locator" xlink:href="../../c-ross_irr_core_2015-12-31.xsd#c-ross_irr_OperationalRiskInClaimAndEndorsementBusinessForLifeInsuranceCompanyNumberOfPeopleForEndorsement" xlink:label="NumberOfPeopleForEndorsementAtEndOfAssessmentPeriodOperationalRiskInClaimAndEndorsementBusinessForLifeInsuranceCompany" xlink:title="NumberOfPeopleForEndorsementAtEndOfAssessmentPeriodOperationalRiskInClaimAndEndorsementBusinessForLifeInsuranceCompany"/>
    <link:presentationArc xlink:type="arc" xlink:arcrole="http://www.xbrl.org/2003/arcrole/parent-child" xlink:from="NumberOfPeopleWithMoreThanFiveYearsAndLessThanOneYearEndorsementExperiencesOperationalRiskInClaimAndEndorsementBusinessForLifeInsuranceCompany" xlink:to="NumberOfPeopleForEndorsementAtEndOfAssessmentPeriodOperationalRiskInClaimAndEndorsementBusinessForLifeInsuranceCompany" xlink:title="presentation: NumberOfPeopleWithMoreThanFiveYearsAndLessThanOneYearEndorsementExperiencesOperationalRiskInClaimAndEndorsementBusinessForLifeInsuranceCompany to NumberOfPeopleForEndorsementAtEndOfAssessmentPeriodOperationalRiskInClaimAndEndorsementBusinessForLifeInsuranceCompany" use="optional" order="30.0" preferredLabel="http://www.xbrl.org/2003/role/terseLabel"/>
    <link:loc xlink:type="locator" xlink:href="../../c-ross_irr_core_2015-12-31.xsd#c-ross_irr_OperationalRiskInClaimAndEndorsementBusinessForLifeInsuranceCompanyOperatingProceduresScore" xlink:label="OperatingProceduresScoreOperationalRiskInClaimAndEndorsementBusinessForLifeInsuranceCompany" xlink:title="OperatingProceduresScoreOperationalRiskInClaimAndEndorsementBusinessForLifeInsuranceCompany"/>
    <link:presentationArc xlink:type="arc" xlink:arcrole="http://www.xbrl.org/2003/arcrole/parent-child" xlink:from="OperationalRiskInClaimAndEndorsementBusinessForLifeInsuranceCompanyAbstract" xlink:to="OperatingProceduresScoreOperationalRiskInClaimAndEndorsementBusinessForLifeInsuranceCompany" xlink:title="presentation: OperationalRiskInClaimAndEndorsementBusinessForLifeInsuranceCompanyAbstract to OperatingProceduresScoreOperationalRiskInClaimAndEndorsementBusinessForLifeInsuranceCompany" order="20.0" preferredLabel="http://www.xbrl.org/2003/role/terseLabel"/>
    <link:loc xlink:type="locator" xlink:href="../../c-ross_irr_core_2015-12-31.xsd#c-ross_irr_OperationalRiskInClaimAndEndorsementBusinessForLifeInsuranceCompanyAveragePeriodOfClaimsAssessmentScore" xlink:label="AverageTimeOfClaimsAssessmentScoreOperationalRiskInClaimAndEndorsementBusinessForLifeInsuranceCompany" xlink:title="AverageTimeOfClaimsAssessmentScoreOperationalRiskInClaimAndEndorsementBusinessForLifeInsuranceCompany"/>
    <link:presentationArc xlink:type="arc" xlink:arcrole="http://www.xbrl.org/2003/arcrole/parent-child" xlink:from="OperatingProceduresScoreOperationalRiskInClaimAndEndorsementBusinessForLifeInsuranceCompany" xlink:to="AverageTimeOfClaimsAssessmentScoreOperationalRiskInClaimAndEndorsementBusinessForLifeInsuranceCompany" xlink:title="presentation: OperatingProceduresScoreOperationalRiskInClaimAndEndorsementBusinessForLifeInsuranceCompany to AverageTimeOfClaimsAssessmentScoreOperationalRiskInClaimAndEndorsementBusinessForLifeInsuranceCompany" use="optional" order="10.0" preferredLabel="http://www.xbrl.org/2003/role/terseLabel"/>
    <link:loc xlink:type="locator" xlink:href="../../c-ross_irr_core_2015-12-31.xsd#c-ross_irr_OperationalRiskInClaimAndEndorsementBusinessForLifeInsuranceCompanyAveragePeriodOfClaimsAssessment" xlink:label="AverageTimeOfClaimsAssessmentOperationalRiskInClaimAndEndorsementBusinessForLifeInsuranceCompany" xlink:title="AverageTimeOfClaimsAssessmentOperationalRiskInClaimAndEndorsementBusinessForLifeInsuranceCompany"/>
    <link:presentationArc xlink:type="arc" xlink:arcrole="http://www.xbrl.org/2003/arcrole/parent-child" xlink:from="AverageTimeOfClaimsAssessmentScoreOperationalRiskInClaimAndEndorsementBusinessForLifeInsuranceCompany" xlink:to="AverageTimeOfClaimsAssessmentOperationalRiskInClaimAndEndorsementBusinessForLifeInsuranceCompany" xlink:title="presentation: AverageTimeOfClaimsAssessmentScoreOperationalRiskInClaimAndEndorsementBusinessForLifeInsuranceCompany to AverageTimeOfClaimsAssessmentOperationalRiskInClaimAndEndorsementBusinessForLifeInsuranceCompany" use="optional" order="10.0" preferredLabel="http://www.xbrl.org/2003/role/terseLabel"/>
    <link:loc xlink:type="locator" xlink:href="../../c-ross_irr_core_2015-12-31.xsd#c-ross_irr_OperationalRiskInClaimAndEndorsementBusinessForLifeInsuranceCompanyAveragePeriodOfClaimsPaymentScore" xlink:label="AverageTimeOfClaimsPaymentScoreOperationalRiskInClaimAndEndorsementBusinessForLifeInsuranceCompany" xlink:title="AverageTimeOfClaimsPaymentScoreOperationalRiskInClaimAndEndorsementBusinessForLifeInsuranceCompany"/>
    <link:presentationArc xlink:type="arc" xlink:arcrole="http://www.xbrl.org/2003/arcrole/parent-child" xlink:from="OperatingProceduresScoreOperationalRiskInClaimAndEndorsementBusinessForLifeInsuranceCompany" xlink:to="AverageTimeOfClaimsPaymentScoreOperationalRiskInClaimAndEndorsementBusinessForLifeInsuranceCompany" xlink:title="presentation: OperatingProceduresScoreOperationalRiskInClaimAndEndorsementBusinessForLifeInsuranceCompany to AverageTimeOfClaimsPaymentScoreOperationalRiskInClaimAndEndorsementBusinessForLifeInsuranceCompany" use="optional" order="20.0" preferredLabel="http://www.xbrl.org/2003/role/terseLabel"/>
    <link:loc xlink:type="locator" xlink:href="../../c-ross_irr_core_2015-12-31.xsd#c-ross_irr_OperationalRiskInClaimAndEndorsementBusinessForLifeInsuranceCompanyAveragePeriodOfClaimsPayment" xlink:label="AverageTimeOfClaimsPaymentOperationalRiskInClaimAndEndorsementBusinessForLifeInsuranceCompany" xlink:title="AverageTimeOfClaimsPaymentOperationalRiskInClaimAndEndorsementBusinessForLifeInsuranceCompany"/>
    <link:presentationArc xlink:type="arc" xlink:arcrole="http://www.xbrl.org/2003/arcrole/parent-child" xlink:from="AverageTimeOfClaimsPaymentScoreOperationalRiskInClaimAndEndorsementBusinessForLifeInsuranceCompany" xlink:to="AverageTimeOfClaimsPaymentOperationalRiskInClaimAndEndorsementBusinessForLifeInsuranceCompany" xlink:title="presentation: AverageTimeOfClaimsPaymentScoreOperationalRiskInClaimAndEndorsementBusinessForLifeInsuranceCompany to AverageTimeOfClaimsPaymentOperationalRiskInClaimAndEndorsementBusinessForLifeInsuranceCompany" use="optional" order="10.0" preferredLabel="http://www.xbrl.org/2003/role/terseLabel"/>
    <link:loc xlink:type="locator" xlink:href="../../c-ross_irr_core_2015-12-31.xsd#c-ross_irr_OperationalRiskInClaimAndEndorsementBusinessForLifeInsuranceCompanyAveragePeriodOfConservationHandlingScore" xlink:label="AverageTimeOfEndorsementOperationScoreOperationalRiskInClaimAndEndorsementBusinessForLifeInsuranceCompany" xlink:title="AverageTimeOfEndorsementOperationScoreOperationalRiskInClaimAndEndorsementBusinessForLifeInsuranceCompany"/>
    <link:presentationArc xlink:type="arc" xlink:arcrole="http://www.xbrl.org/2003/arcrole/parent-child" xlink:from="OperatingProceduresScoreOperationalRiskInClaimAndEndorsementBusinessForLifeInsuranceCompany" xlink:to="AverageTimeOfEndorsementOperationScoreOperationalRiskInClaimAndEndorsementBusinessForLifeInsuranceCompany" xlink:title="presentation: OperatingProceduresScoreOperationalRiskInClaimAndEndorsementBusinessForLifeInsuranceCompany to AverageTimeOfEndorsementOperationScoreOperationalRiskInClaimAndEndorsementBusinessForLifeInsuranceCompany" use="optional" order="30.0" preferredLabel="http://www.xbrl.org/2003/role/terseLabel"/>
    <link:loc xlink:type="locator" xlink:href="../../c-ross_irr_core_2015-12-31.xsd#c-ross_irr_OperationalRiskInClaimAndEndorsementBusinessForLifeInsuranceCompanyAveragePeriodOfConservationHandling" xlink:label="AverageTimeOfEndorsementOperationOperationalRiskInClaimAndEndorsementBusinessForLifeInsuranceCompany" xlink:title="AverageTimeOfEndorsementOperationOperationalRiskInClaimAndEndorsementBusinessForLifeInsuranceCompany"/>
    <link:presentationArc xlink:type="arc" xlink:arcrole="http://www.xbrl.org/2003/arcrole/parent-child" xlink:from="AverageTimeOfEndorsementOperationScoreOperationalRiskInClaimAndEndorsementBusinessForLifeInsuranceCompany" xlink:to="AverageTimeOfEndorsementOperationOperationalRiskInClaimAndEndorsementBusinessForLifeInsuranceCompany" xlink:title="presentation: AverageTimeOfEndorsementOperationScoreOperationalRiskInClaimAndEndorsementBusinessForLifeInsuranceCompany to AverageTimeOfEndorsementOperationOperationalRiskInClaimAndEndorsementBusinessForLifeInsuranceCompany" use="optional" order="10.0" preferredLabel="http://www.xbrl.org/2003/role/terseLabel"/>
    <link:loc xlink:type="locator" xlink:href="../../c-ross_irr_core_2015-12-31.xsd#c-ross_irr_OperationalRiskInClaimAndEndorsementBusinessForLifeInsuranceCompanyAveragePeriodOfComplaintsHandlingScore" xlink:label="AverageTimeOfComplaintsHandlingScoreOperationalRiskInClaimAndEndorsementBusinessForLifeInsuranceCompany" xlink:title="AverageTimeOfComplaintsHandlingScoreOperationalRiskInClaimAndEndorsementBusinessForLifeInsuranceCompany"/>
    <link:presentationArc xlink:type="arc" xlink:arcrole="http://www.xbrl.org/2003/arcrole/parent-child" xlink:from="OperatingProceduresScoreOperationalRiskInClaimAndEndorsementBusinessForLifeInsuranceCompany" xlink:to="AverageTimeOfComplaintsHandlingScoreOperationalRiskInClaimAndEndorsementBusinessForLifeInsuranceCompany" xlink:title="presentation: OperatingProceduresScoreOperationalRiskInClaimAndEndorsementBusinessForLifeInsuranceCompany to AverageTimeOfComplaintsHandlingScoreOperationalRiskInClaimAndEndorsementBusinessForLifeInsuranceCompany" use="optional" order="40.0" preferredLabel="http://www.xbrl.org/2003/role/terseLabel"/>
    <link:loc xlink:type="locator" xlink:href="../../c-ross_irr_core_2015-12-31.xsd#c-ross_irr_OperationalRiskInClaimAndEndorsementBusinessForLifeInsuranceCompanyAveragePeriodOfComplaintsHandling" xlink:label="AverageTimeOfComplaintsHandlingOperationalRiskInClaimAndEndorsementBusinessForLifeInsuranceCompany" xlink:title="AverageTimeOfComplaintsHandlingOperationalRiskInClaimAndEndorsementBusinessForLifeInsuranceCompany"/>
    <link:presentationArc xlink:type="arc" xlink:arcrole="http://www.xbrl.org/2003/arcrole/parent-child" xlink:from="AverageTimeOfComplaintsHandlingScoreOperationalRiskInClaimAndEndorsementBusinessForLifeInsuranceCompany" xlink:to="AverageTimeOfComplaintsHandlingOperationalRiskInClaimAndEndorsementBusinessForLifeInsuranceCompany" xlink:title="presentation: AverageTimeOfComplaintsHandlingScoreOperationalRiskInClaimAndEndorsementBusinessForLifeInsuranceCompany to AverageTimeOfComplaintsHandlingOperationalRiskInClaimAndEndorsementBusinessForLifeInsuranceCompany" use="optional" order="10.0" preferredLabel="http://www.xbrl.org/2003/role/terseLabel"/>
    <link:loc xlink:type="locator" xlink:href="../../c-ross_irr_core_2015-12-31.xsd#c-ross_irr_OperationalRiskInClaimAndEndorsementBusinessForLifeInsuranceCompanyEmbezzlementAndMisappropriationFromPremiumOrPensionBenefitScore" xlink:label="EmbezzlementAndMisappropriationFromPremiumOrPensionBenefitScoreOperationalRiskInClaimAndEndorsementBusinessForLifeInsuranceCompany" xlink:title="EmbezzlementAndMisappropriationFromPremiumOrPensionBenefitScoreOperationalRiskInClaimAndEndorsementBusinessForLifeInsuranceCompany"/>
    <link:presentationArc xlink:type="arc" xlink:arcrole="http://www.xbrl.org/2003/arcrole/parent-child" xlink:from="OperatingProceduresScoreOperationalRiskInClaimAndEndorsementBusinessForLifeInsuranceCompany" xlink:to="EmbezzlementAndMisappropriationFromPremiumOrPensionBenefitScoreOperationalRiskInClaimAndEndorsementBusinessForLifeInsuranceCompany" xlink:title="presentation: OperatingProceduresScoreOperationalRiskInClaimAndEndorsementBusinessForLifeInsuranceCompany to EmbezzlementAndMisappropriationFromPremiumOrPensionBenefitScoreOperationalRiskInClaimAndEndorsementBusinessForLifeInsuranceCompany" use="optional" order="50.0" preferredLabel="http://www.xbrl.org/2003/role/terseLabel"/>
    <link:loc xlink:type="locator" xlink:href="../../c-ross_irr_core_2015-12-31.xsd#c-ross_irr_OperationalRiskInClaimAndEndorsementBusinessForLifeInsuranceCompanyNumberOfEmbezzlementAndMisappropriationFromPremiumOrPensionBenefitDiscoveredByCompanyItself" xlink:label="NumberOfEmbezzlementAndMisappropriationFromPremiumOrPensionBenefitDiscoveredByCompanyItselfOperationalRiskInClaimAndEndorsementBusinessForLifeInsuranceCompany" xlink:title="NumberOfEmbezzlementAndMisappropriationFromPremiumOrPensionBenefitDiscoveredByCompanyItselfOperationalRiskInClaimAndEndorsementBusinessForLifeInsuranceCompany"/>
    <link:presentationArc xlink:type="arc" xlink:arcrole="http://www.xbrl.org/2003/arcrole/parent-child" xlink:from="EmbezzlementAndMisappropriationFromPremiumOrPensionBenefitScoreOperationalRiskInClaimAndEndorsementBusinessForLifeInsuranceCompany" xlink:to="NumberOfEmbezzlementAndMisappropriationFromPremiumOrPensionBenefitDiscoveredByCompanyItselfOperationalRiskInClaimAndEndorsementBusinessForLifeInsuranceCompany" xlink:title="presentation: EmbezzlementAndMisappropriationFromPremiumOrPensionBenefitScoreOperationalRiskInClaimAndEndorsementBusinessForLifeInsuranceCompany to NumberOfEmbezzlementAndMisappropriationFromPremiumOrPensionBenefitDiscoveredByCompanyItselfOperationalRiskInClaimAndEndorsementBusinessForLifeInsuranceCompany" use="optional" order="10.0" preferredLabel="http://www.xbrl.org/2003/role/terseLabel"/>
    <link:loc xlink:type="locator" xlink:href="../../c-ross_irr_core_2015-12-31.xsd#c-ross_irr_OperationalRiskInClaimAndEndorsementBusinessForLifeInsuranceCompanyInformationSystemScore" xlink:label="InformationSystemScoreOperationalRiskInClaimAndEndorsementBusinessForLifeInsuranceCompany" xlink:title="InformationSystemScoreOperationalRiskInClaimAndEndorsementBusinessForLifeInsuranceCompany"/>
    <link:presentationArc xlink:type="arc" xlink:arcrole="http://www.xbrl.org/2003/arcrole/parent-child" xlink:from="OperationalRiskInClaimAndEndorsementBusinessForLifeInsuranceCompanyAbstract" xlink:to="InformationSystemScoreOperationalRiskInClaimAndEndorsementBusinessForLifeInsuranceCompany" xlink:title="presentation: OperationalRiskInClaimAndEndorsementBusinessForLifeInsuranceCompanyAbstract to InformationSystemScoreOperationalRiskInClaimAndEndorsementBusinessForLifeInsuranceCompany" order="30.0" preferredLabel="http://www.xbrl.org/2003/role/terseLabel"/>
    <link:loc xlink:type="locator" xlink:href="../../c-ross_irr_core_2015-12-31.xsd#c-ross_irr_OperationalRiskInClaimAndEndorsementBusinessForLifeInsuranceCompanySystemFailuresScore" xlink:label="SystemFailuresScoreOperationalRiskInClaimAndEndorsementBusinessForLifeInsuranceCompany" xlink:title="SystemFailuresScoreOperationalRiskInClaimAndEndorsementBusinessForLifeInsuranceCompany"/>
    <link:presentationArc xlink:type="arc" xlink:arcrole="http://www.xbrl.org/2003/arcrole/parent-child" xlink:from="InformationSystemScoreOperationalRiskInClaimAndEndorsementBusinessForLifeInsuranceCompany" xlink:to="SystemFailuresScoreOperationalRiskInClaimAndEndorsementBusinessForLifeInsuranceCompany" xlink:title="presentation: InformationSystemScoreOperationalRiskInClaimAndEndorsementBusinessForLifeInsuranceCompany to SystemFailuresScoreOperationalRiskInClaimAndEndorsementBusinessForLifeInsuranceCompany" use="optional" order="10.0" preferredLabel="http://www.xbrl.org/2003/role/terseLabel"/>
    <link:loc xlink:type="locator" xlink:href="../../c-ross_irr_core_2015-12-31.xsd#c-ross_irr_OperationalRiskInClaimAndEndorsementBusinessForLifeInsuranceCompanyNumberOfSystemFailures" xlink:label="NumberOfSystemFailuresScoreOperationalRiskInClaimAndEndorsementBusinessForLifeInsuranceCompany" xlink:title="NumberOfSystemFailuresScoreOperationalRiskInClaimAndEndorsementBusinessForLifeInsuranceCompany"/>
    <link:presentationArc xlink:type="arc" xlink:arcrole="http://www.xbrl.org/2003/arcrole/parent-child" xlink:from="SystemFailuresScoreOperationalRiskInClaimAndEndorsementBusinessForLifeInsuranceCompany" xlink:to="NumberOfSystemFailuresScoreOperationalRiskInClaimAndEndorsementBusinessForLifeInsuranceCompany" xlink:title="presentation: SystemFailuresScoreOperationalRiskInClaimAndEndorsementBusinessForLifeInsuranceCompany to NumberOfSystemFailuresScoreOperationalRiskInClaimAndEndorsementBusinessForLifeInsuranceCompany" use="optional" order="10.0" preferredLabel="http://www.xbrl.org/2003/role/terseLabel"/>
    <link:loc xlink:type="locator" xlink:href="../../c-ross_irr_core_2015-12-31.xsd#c-ross_irr_OperationalRiskInClaimAndEndorsementBusinessForLifeInsuranceCompanyVulnerabilityInSystemAdministrationScore" xlink:label="VulnerabilityInSystemAdministrationScoreOperationalRiskInClaimAndEndorsementBusinessForLifeInsuranceCompany" xlink:title="VulnerabilityInSystemAdministrationScoreOperationalRiskInClaimAndEndorsementBusinessForLifeInsuranceCompany"/>
    <link:presentationArc xlink:type="arc" xlink:arcrole="http://www.xbrl.org/2003/arcrole/parent-child" xlink:from="InformationSystemScoreOperationalRiskInClaimAndEndorsementBusinessForLifeInsuranceCompany" xlink:to="VulnerabilityInSystemAdministrationScoreOperationalRiskInClaimAndEndorsementBusinessForLifeInsuranceCompany" xlink:title="presentation: InformationSystemScoreOperationalRiskInClaimAndEndorsementBusinessForLifeInsuranceCompany to VulnerabilityInSystemAdministrationScoreOperationalRiskInClaimAndEndorsementBusinessForLifeInsuranceCompany" use="optional" order="20.0" preferredLabel="http://www.xbrl.org/2003/role/terseLabel"/>
    <link:loc xlink:type="locator" xlink:href="../../c-ross_irr_core_2015-12-31.xsd#c-ross_irr_OperationalRiskInClaimAndEndorsementBusinessForLifeInsuranceCompanyNumberOfDeficiencyInSystemControlFoundByCompanysSelfInspection" xlink:label="NumberOfVulnerabilitiesInSystemAdministrationDiscoveredByCompanyItselfOperationalRiskInClaimAndEndorsementBusinessForLifeInsuranceCompany" xlink:title="NumberOfVulnerabilitiesInSystemAdministrationDiscoveredByCompanyItselfOperationalRiskInClaimAndEndorsementBusinessForLifeInsuranceCompany"/>
    <link:presentationArc xlink:type="arc" xlink:arcrole="http://www.xbrl.org/2003/arcrole/parent-child" xlink:from="VulnerabilityInSystemAdministrationScoreOperationalRiskInClaimAndEndorsementBusinessForLifeInsuranceCompany" xlink:to="NumberOfVulnerabilitiesInSystemAdministrationDiscoveredByCompanyItselfOperationalRiskInClaimAndEndorsementBusinessForLifeInsuranceCompany" xlink:title="presentation: VulnerabilityInSystemAdministrationScoreOperationalRiskInClaimAndEndorsementBusinessForLifeInsuranceCompany to NumberOfVulnerabilitiesInSystemAdministrationDiscoveredByCompanyItselfOperationalRiskInClaimAndEndorsementBusinessForLifeInsuranceCompany" use="optional" order="10.0" preferredLabel="http://www.xbrl.org/2003/role/terseLabel"/>
    <link:loc xlink:type="locator" xlink:href="../../c-ross_irr_core_2015-12-31.xsd#c-ross_irr_OperationalRiskInClaimAndEndorsementBusinessForLifeInsuranceCompanyExternalFactorsScore" xlink:label="ExternalFactorsScoreOperationalRiskInClaimAndEndorsementBusinessForLifeInsuranceCompany" xlink:title="ExternalFactorsScoreOperationalRiskInClaimAndEndorsementBusinessForLifeInsuranceCompany"/>
    <link:presentationArc xlink:type="arc" xlink:arcrole="http://www.xbrl.org/2003/arcrole/parent-child" xlink:from="OperationalRiskInClaimAndEndorsementBusinessForLifeInsuranceCompanyAbstract" xlink:to="ExternalFactorsScoreOperationalRiskInClaimAndEndorsementBusinessForLifeInsuranceCompany" xlink:title="presentation: OperationalRiskInClaimAndEndorsementBusinessForLifeInsuranceCompanyAbstract to ExternalFactorsScoreOperationalRiskInClaimAndEndorsementBusinessForLifeInsuranceCompany" order="40.0" preferredLabel="http://www.xbrl.org/2003/role/terseLabel"/>
    <link:loc xlink:type="locator" xlink:href="../../c-ross_irr_core_2015-12-31.xsd#c-ross_irr_OperationalRiskInClaimAndEndorsementBusinessForLifeInsuranceCompanyComplaintsAboutClaimsEndorsementBusinessLineReceivedByInsuranceCompanyScore" xlink:label="ComplaintsAboutClaimsEndorsementBusinessLineReceivedByInsuranceCompanyScoreOperationalRiskInClaimAndEndorsementBusinessForLifeInsuranceCompany" xlink:title="ComplaintsAboutClaimsEndorsementBusinessLineReceivedByInsuranceCompanyScoreOperationalRiskInClaimAndEndorsementBusinessForLifeInsuranceCompany"/>
    <link:presentationArc xlink:type="arc" xlink:arcrole="http://www.xbrl.org/2003/arcrole/parent-child" xlink:from="ExternalFactorsScoreOperationalRiskInClaimAndEndorsementBusinessForLifeInsuranceCompany" xlink:to="ComplaintsAboutClaimsEndorsementBusinessLineReceivedByInsuranceCompanyScoreOperationalRiskInClaimAndEndorsementBusinessForLifeInsuranceCompany" xlink:title="presentation: ExternalFactorsScoreOperationalRiskInClaimAndEndorsementBusinessForLifeInsuranceCompany to ComplaintsAboutClaimsEndorsementBusinessLineReceivedByInsuranceCompanyScoreOperationalRiskInClaimAndEndorsementBusinessForLifeInsuranceCompany" use="optional" order="10.0" preferredLabel="http://www.xbrl.org/2003/role/terseLabel"/>
    <link:loc xlink:type="locator" xlink:href="../../c-ross_irr_core_2015-12-31.xsd#c-ross_irr_OperationalRiskInClaimAndEndorsementBusinessForLifeInsuranceCompanyComplaintsAboutClaimsEndorsementBusinessLineReceivedByInsuranceCompany" xlink:label="ComplaintsAboutClaimsEndorsementBusinessLineReceivedByInsuranceCompanyOperationalRiskInClaimAndEndorsementBusinessForLifeInsuranceCompany" xlink:title="ComplaintsAboutClaimsEndorsementBusinessLineReceivedByInsuranceCompanyOperationalRiskInClaimAndEndorsementBusinessForLifeInsuranceCompany"/>
    <link:presentationArc xlink:type="arc" xlink:arcrole="http://www.xbrl.org/2003/arcrole/parent-child" xlink:from="ComplaintsAboutClaimsEndorsementBusinessLineReceivedByInsuranceCompanyScoreOperationalRiskInClaimAndEndorsementBusinessForLifeInsuranceCompany" xlink:to="ComplaintsAboutClaimsEndorsementBusinessLineReceivedByInsuranceCompanyOperationalRiskInClaimAndEndorsementBusinessForLifeInsuranceCompany" xlink:title="presentation: ComplaintsAboutClaimsEndorsementBusinessLineReceivedByInsuranceCompanyScoreOperationalRiskInClaimAndEndorsementBusinessForLifeInsuranceCompany to ComplaintsAboutClaimsEndorsementBusinessLineReceivedByInsuranceCompanyOperationalRiskInClaimAndEndorsementBusinessForLifeInsuranceCompany" use="optional" order="10.0" preferredLabel="http://www.xbrl.org/2003/role/terseLabel"/>
    <link:loc xlink:type="locator" xlink:href="../../c-ross_irr_core_2015-12-31.xsd#c-ross_irr_OperationalRiskInClaimAndEndorsementBusinessForLifeInsuranceCompanyNumberOfComplaintsForClaimsEndorsementBusinessLineReceivedByInsuranceCompanyWithinAssessmentPeriod" xlink:label="NumberOfComplaintsForClaimsEndorsementBusinessLineReceivedByInsuranceCompanyWithinAssessmentPeriodOperationalRiskInClaimAndEndorsementBusinessForLifeInsuranceCompany" xlink:title="NumberOfComplaintsForClaimsEndorsementBusinessLineReceivedByInsuranceCompanyWithinAssessmentPeriodOperationalRiskInClaimAndEndorsementBusinessForLifeInsuranceCompany"/>
    <link:presentationArc xlink:type="arc" xlink:arcrole="http://www.xbrl.org/2003/arcrole/parent-child" xlink:from="ComplaintsAboutClaimsEndorsementBusinessLineReceivedByInsuranceCompanyOperationalRiskInClaimAndEndorsementBusinessForLifeInsuranceCompany" xlink:to="NumberOfComplaintsForClaimsEndorsementBusinessLineReceivedByInsuranceCompanyWithinAssessmentPeriodOperationalRiskInClaimAndEndorsementBusinessForLifeInsuranceCompany" xlink:title="presentation: ComplaintsAboutClaimsEndorsementBusinessLineReceivedByInsuranceCompanyOperationalRiskInClaimAndEndorsementBusinessForLifeInsuranceCompany to NumberOfComplaintsForClaimsEndorsementBusinessLineReceivedByInsuranceCompanyWithinAssessmentPeriodOperationalRiskInClaimAndEndorsementBusinessForLifeInsuranceCompany" use="optional" order="10.0" preferredLabel="http://www.xbrl.org/2003/role/terseLabel"/>
    <link:loc xlink:type="locator" xlink:href="../../c-ross_irr_core_2015-12-31.xsd#c-ross_irr_ScalePremiumWithinAssessmentPeriodForLifeInsuranceCompany" xlink:label="ScalePremiumWithinAssessmentPeriodForLifeInsuranceCompany" xlink:title="ScalePremiumWithinAssessmentPeriodOperationalRiskInSalesUnderwritingAndEndorsementBusinessForLifeInsuranceCompany"/>
    <link:presentationArc xlink:type="arc" xlink:arcrole="http://www.xbrl.org/2003/arcrole/parent-child" xlink:from="ComplaintsAboutClaimsEndorsementBusinessLineReceivedByInsuranceCompanyOperationalRiskInClaimAndEndorsementBusinessForLifeInsuranceCompany" xlink:to="ScalePremiumWithinAssessmentPeriodForLifeInsuranceCompany" xlink:title="presentation: ComplaintsAboutClaimsEndorsementBusinessLineReceivedByInsuranceCompanyOperationalRiskInClaimAndEndorsementBusinessForLifeInsuranceCompany to ScalePremiumWithinAssessmentPeriodForLifeInsuranceCompany" use="optional" order="20.0" preferredLabel="http://www.xbrl.org/2003/role/terseLabel"/>
    <link:loc xlink:type="locator" xlink:href="../../c-ross_irr_core_2015-12-31.xsd#c-ross_irr_OperationalRiskInClaimAndEndorsementBusinessForLifeInsuranceCompanyLitigationOnClaimsEndorsementBusinessLineReceivedByInsuranceCompanyScore" xlink:label="LitigationOnClaimsEndorsementBusinessLineReceivedByInsuranceCompanyScoreOperationalRiskInClaimAndEndorsementBusinessForLifeInsuranceCompany" xlink:title="LitigationOnClaimsEndorsementBusinessLineReceivedByInsuranceCompanyScoreOperationalRiskInClaimAndEndorsementBusinessForLifeInsuranceCompany"/>
    <link:presentationArc xlink:type="arc" xlink:arcrole="http://www.xbrl.org/2003/arcrole/parent-child" xlink:from="ExternalFactorsScoreOperationalRiskInClaimAndEndorsementBusinessForLifeInsuranceCompany" xlink:to="LitigationOnClaimsEndorsementBusinessLineReceivedByInsuranceCompanyScoreOperationalRiskInClaimAndEndorsementBusinessForLifeInsuranceCompany" xlink:title="presentation: ExternalFactorsScoreOperationalRiskInClaimAndEndorsementBusinessForLifeInsuranceCompany to LitigationOnClaimsEndorsementBusinessLineReceivedByInsuranceCompanyScoreOperationalRiskInClaimAndEndorsementBusinessForLifeInsuranceCompany" use="optional" order="20.0" preferredLabel="http://www.xbrl.org/2003/role/terseLabel"/>
    <link:loc xlink:type="locator" xlink:href="../../c-ross_irr_core_2015-12-31.xsd#c-ross_irr_OperationalRiskInClaimAndEndorsementBusinessForLifeInsuranceCompanyNumberOfLitigationOnClaimsEndorsementBusinessLineReceivedByInsuranceCompany" xlink:label="NumberOfLitigationOnClaimsEndorsementBusinessLineReceivedByInsuranceCompanyOperationalRiskInClaimAndEndorsementBusinessForLifeInsuranceCompany" xlink:title="NumberOfLitigationOnClaimsEndorsementBusinessLineReceivedByInsuranceCompanyOperationalRiskInClaimAndEndorsementBusinessForLifeInsuranceCompany"/>
    <link:presentationArc xlink:type="arc" xlink:arcrole="http://www.xbrl.org/2003/arcrole/parent-child" xlink:from="LitigationOnClaimsEndorsementBusinessLineReceivedByInsuranceCompanyScoreOperationalRiskInClaimAndEndorsementBusinessForLifeInsuranceCompany" xlink:to="NumberOfLitigationOnClaimsEndorsementBusinessLineReceivedByInsuranceCompanyOperationalRiskInClaimAndEndorsementBusinessForLifeInsuranceCompany" xlink:title="presentation: LitigationOnClaimsEndorsementBusinessLineReceivedByInsuranceCompanyScoreOperationalRiskInClaimAndEndorsementBusinessForLifeInsuranceCompany to NumberOfLitigationOnClaimsEndorsementBusinessLineReceivedByInsuranceCompanyOperationalRiskInClaimAndEndorsementBusinessForLifeInsuranceCompany" use="optional" order="10.0" preferredLabel="http://www.xbrl.org/2003/role/terseLabel"/>
    <link:loc xlink:type="locator" xlink:href="../../c-ross_irr_core_2015-12-31.xsd#c-ross_irr_OperationalRiskInClaimAndEndorsementBusinessForLifeInsuranceCompanyNumberOfLostInLitigationOnClaimsEndorsementBusinessLineReceivedByInsuranceCompany" xlink:label="NumberOfLostInLitigationOnClaimsEndorsementBusinessLineReceivedByInsuranceCompanyOperationalRiskInClaimAndEndorsementBusinessForLifeInsuranceCompany" xlink:title="NumberOfLostInLitigationOnClaimsEndorsementBusinessLineReceivedByInsuranceCompanyOperationalRiskInClaimAndEndorsementBusinessForLifeInsuranceCompany"/>
    <link:presentationArc xlink:type="arc" xlink:arcrole="http://www.xbrl.org/2003/arcrole/parent-child" xlink:from="LitigationOnClaimsEndorsementBusinessLineReceivedByInsuranceCompanyScoreOperationalRiskInClaimAndEndorsementBusinessForLifeInsuranceCompany" xlink:to="NumberOfLostInLitigationOnClaimsEndorsementBusinessLineReceivedByInsuranceCompanyOperationalRiskInClaimAndEndorsementBusinessForLifeInsuranceCompany" xlink:title="presentation: LitigationOnClaimsEndorsementBusinessLineReceivedByInsuranceCompanyScoreOperationalRiskInClaimAndEndorsementBusinessForLifeInsuranceCompany to NumberOfLostInLitigationOnClaimsEndorsementBusinessLineReceivedByInsuranceCompanyOperationalRiskInClaimAndEndorsementBusinessForLifeInsuranceCompany" use="optional" order="20.0" preferredLabel="http://www.xbrl.org/2003/role/terseLabel"/>
    <link:loc xlink:type="locator" xlink:href="../../c-ross_irr_core_2015-12-31.xsd#c-ross_irr_OperationalRiskInClaimAndEndorsementBusinessForLifeInsuranceCompanyNumberOfMassGroupEventIncurredByClaimsAndConservationScore" xlink:label="NumberOfMassEventIncurredByClaimsEndorsementScoreOperationalRiskInClaimAndEndorsementBusinessForLifeInsuranceCompany" xlink:title="NumberOfMassEventIncurredByClaimsEndorsementScoreOperationalRiskInClaimAndEndorsementBusinessForLifeInsuranceCompany"/>
    <link:presentationArc xlink:type="arc" xlink:arcrole="http://www.xbrl.org/2003/arcrole/parent-child" xlink:from="ExternalFactorsScoreOperationalRiskInClaimAndEndorsementBusinessForLifeInsuranceCompany" xlink:to="NumberOfMassEventIncurredByClaimsEndorsementScoreOperationalRiskInClaimAndEndorsementBusinessForLifeInsuranceCompany" xlink:title="presentation: ExternalFactorsScoreOperationalRiskInClaimAndEndorsementBusinessForLifeInsuranceCompany to NumberOfMassEventIncurredByClaimsEndorsementScoreOperationalRiskInClaimAndEndorsementBusinessForLifeInsuranceCompany" use="optional" order="30.0" preferredLabel="http://www.xbrl.org/2003/role/terseLabel"/>
    <link:loc xlink:type="locator" xlink:href="../../c-ross_irr_core_2015-12-31.xsd#c-ross_irr_OperationalRiskInClaimAndEndorsementBusinessForLifeInsuranceCompanyNumberOfMassGroupEventIncurredByClaimsAndConservation" xlink:label="NumberOfMassEventIncurredByClaimsEndorsementBusinessOperationalRiskInClaimAndEndorsementBusinessForLifeInsuranceCompany" xlink:title="NumberOfMassEventIncurredByClaimsEndorsementBusinessOperationalRiskInClaimAndEndorsementBusinessForLifeInsuranceCompany"/>
    <link:presentationArc xlink:type="arc" xlink:arcrole="http://www.xbrl.org/2003/arcrole/parent-child" xlink:from="NumberOfMassEventIncurredByClaimsEndorsementScoreOperationalRiskInClaimAndEndorsementBusinessForLifeInsuranceCompany" xlink:to="NumberOfMassEventIncurredByClaimsEndorsementBusinessOperationalRiskInClaimAndEndorsementBusinessForLifeInsuranceCompany" xlink:title="presentation: NumberOfMassEventIncurredByClaimsEndorsementScoreOperationalRiskInClaimAndEndorsementBusinessForLifeInsuranceCompany to NumberOfMassEventIncurredByClaimsEndorsementBusinessOperationalRiskInClaimAndEndorsementBusinessForLifeInsuranceCompany" use="optional" order="10.0" preferredLabel="http://www.xbrl.org/2003/role/terseLabel"/>
    <link:loc xlink:type="locator" xlink:href="../../c-ross_irr_core_2015-12-31.xsd#c-ross_irr_OperationalRiskInClaimAndEndorsementBusinessForLifeInsuranceCompanyScore" xlink:label="OperationalRiskInClaimAndEndorsementBusinessForLifeInsuranceCompanyScore" xlink:title="OperationalRiskInClaimAndEndorsementBusinessForLifeInsuranceCompanyScore"/>
    <link:presentationArc xlink:type="arc" xlink:arcrole="http://www.xbrl.org/2003/arcrole/parent-child" xlink:from="OperationalRiskInClaimAndEndorsementBusinessForLifeInsuranceCompanyAbstract" xlink:to="OperationalRiskInClaimAndEndorsementBusinessForLifeInsuranceCompanyScore" xlink:title="presentation: OperationalRiskInClaimAndEndorsementBusinessForLifeInsuranceCompanyAbstract to OperationalRiskInClaimAndEndorsementBusinessForLifeInsuranceCompanyScore" use="optional" order="50.0" preferredLabel="http://www.xbrl.org/2003/role/totalLabel"/>
    <link:loc xlink:type="locator" xlink:href="../../c-ross_irr_core_2015-12-31.xsd#c-ross_irr_OperationalRiskInClaimAndEndorsementBusinessForLifeInsuranceCompanyWhetherInsuranceCompaniesSubmittedFakeInformationInRecentFourQuarters" xlink:label="OperationalRiskInClaimAndEndorsementBusinessForLifeInsuranceCompanyWhetherInsuranceCompaniesSubmittedFakeInformationInRecentFourQuarters" xlink:title="OperationalRiskInClaimAndEndorsementBusinessForLifeInsuranceCompanyWhetherInsuranceCompaniesSubmittedFakeInformationInRecentFourQuarters"/>
    <link:presentationArc xlink:type="arc" xlink:arcrole="http://www.xbrl.org/2003/arcrole/parent-child" xlink:from="OperationalRiskInClaimAndEndorsementBusinessForLifeInsuranceCompanyAbstract" xlink:to="OperationalRiskInClaimAndEndorsementBusinessForLifeInsuranceCompanyWhetherInsuranceCompaniesSubmittedFakeInformationInRecentFourQuarters" xlink:title="presentation: OperationalRiskInClaimAndEndorsementBusinessForLifeInsuranceCompanyAbstract to OperationalRiskInClaimAndEndorsementBusinessForLifeInsuranceCompanyWhetherInsuranceCompaniesSubmittedFakeInformationInRecentFourQuarters" order="60.0" preferredLabel="http://www.xbrl.org/2003/role/terseLabel"/>
    <link:loc xlink:type="locator" xlink:href="../../c-ross_irr_core_2015-12-31.xsd#c-ross_irr_OperationalRiskInClaimAndEndorsementBusinessForLifeInsuranceCompanyRegulatoryAdjustedScore" xlink:label="OperationalRiskInClaimAndEndorsementBusinessForLifeInsuranceCompanyAdjustedScore" xlink:title="OperationalRiskInClaimAndEndorsementBusinessForLifeInsuranceCompanyAdjustedScore"/>
    <link:presentationArc xlink:type="arc" xlink:arcrole="http://www.xbrl.org/2003/arcrole/parent-child" xlink:from="OperationalRiskInClaimAndEndorsementBusinessForLifeInsuranceCompanyAbstract" xlink:to="OperationalRiskInClaimAndEndorsementBusinessForLifeInsuranceCompanyAdjustedScore" xlink:title="presentation: OperationalRiskInClaimAndEndorsementBusinessForLifeInsuranceCompanyAbstract to OperationalRiskInClaimAndEndorsementBusinessForLifeInsuranceCompanyAdjustedScore" order="70.0" preferredLabel="http://www.xbrl.org/2003/role/terseLabel"/>
    <link:loc xlink:type="locator" xlink:href="../../c-ross_irr_core_2015-12-31.xsd#c-ross_irr_OperationalRiskInClaimAndEndorsementBusinessForLifeInsuranceCompanyRegulatoryAdjustmentCriterion" xlink:label="OperationalRiskInClaimAndEndorsementBusinessForLifeInsuranceCompanyAdjustmentCriterion" xlink:title="OperationalRiskInClaimAndEndorsementBusinessForLifeInsuranceCompanyAdjustmentCriterion"/>
    <link:presentationArc xlink:type="arc" xlink:arcrole="http://www.xbrl.org/2003/arcrole/parent-child" xlink:from="OperationalRiskInClaimAndEndorsementBusinessForLifeInsuranceCompanyAbstract" xlink:to="OperationalRiskInClaimAndEndorsementBusinessForLifeInsuranceCompanyAdjustmentCriterion" xlink:title="presentation: OperationalRiskInClaimAndEndorsementBusinessForLifeInsuranceCompanyAbstract to OperationalRiskInClaimAndEndorsementBusinessForLifeInsuranceCompanyAdjustmentCriterion" order="80.0" preferredLabel="http://www.xbrl.org/2003/role/terseLabel"/>
    <link:loc xlink:type="locator" xlink:href="../../c-ross_irr_core_2015-12-31.xsd#c-ross_irr_OperationalRiskInClaimAndEndorsementBusinessForLifeInsuranceCompanyFinalScore" xlink:label="OperationalRiskInClaimAndEndorsementBusinessForLifeInsuranceCompanyFinalScore" xlink:title="OperationalRiskInClaimAndEndorsementBusinessForLifeInsuranceCompanyFinalScore"/>
    <link:presentationArc xlink:type="arc" xlink:arcrole="http://www.xbrl.org/2003/arcrole/parent-child" xlink:from="OperationalRiskInClaimAndEndorsementBusinessForLifeInsuranceCompanyAbstract" xlink:to="OperationalRiskInClaimAndEndorsementBusinessForLifeInsuranceCompanyFinalScore" xlink:title="presentation: OperationalRiskInClaimAndEndorsementBusinessForLifeInsuranceCompanyAbstract to OperationalRiskInClaimAndEndorsementBusinessForLifeInsuranceCompanyFinalScore" order="90.0" preferredLabel="http://www.xbrl.org/2003/role/terseLabel"/>
  </link:presentationLink>
  <link:presentationLink xlink:type="extended" xlink:role="http://xbrl.circ.gov.cn/role/c-ross_irr_2015-12-31_role-3320612a">
    <link:loc xlink:type="locator" xlink:href="../../c-ross_irr_core_2015-12-31.xsd#c-ross_irr_OperationalRiskInClaimAndEndorsementBusinessForLifeInsuranceCompanyAbstract" xlink:label="OperationalRiskInClaimAndEndorsementBusinessForLifeInsuranceCompanyAbstract" xlink:title="OperationalRiskInClaimAndEndorsementBusinessForLifeInsuranceCompanyAbstract"/>
    <link:loc xlink:type="locator" xlink:href="../../c-ross_irr_core_2015-12-31.xsd#c-ross_irr_IndustryAverageWorkExperienceOfClaimsPersonnelLifeInsuranceCompany" xlink:label="IndustryAverageWorkExperienceOfClaimsPersonnelLifeInsuranceCompany" xlink:title="IndustryAverageWorkExperienceOfClaimsPersonnelLifeInsuranceCompany"/>
    <link:presentationArc xlink:type="arc" xlink:arcrole="http://www.xbrl.org/2003/arcrole/parent-child" xlink:from="OperationalRiskInClaimAndEndorsementBusinessForLifeInsuranceCompanyAbstract" xlink:to="IndustryAverageWorkExperienceOfClaimsPersonnelLifeInsuranceCompany" xlink:title="presentation: OperationalRiskInClaimAndEndorsementBusinessForLifeInsuranceCompanyAbstract to IndustryAverageWorkExperienceOfClaimsPersonnelLifeInsuranceCompany" order="10.0" preferredLabel="http://www.xbrl.org/2003/role/terseLabel"/>
    <link:loc xlink:type="locator" xlink:href="../../c-ross_irr_core_2015-12-31.xsd#c-ross_irr_IndustryAverageWorkExperienceOfEndorsementPersonnelLifeInsuranceCompany" xlink:label="IndustryAverageWorkExperienceOfEndorsementPersonnelLifeInsuranceCompany" xlink:title="IndustryAverageWorkExperienceOfEndorsementPersonnelLifeInsuranceCompany"/>
    <link:presentationArc xlink:type="arc" xlink:arcrole="http://www.xbrl.org/2003/arcrole/parent-child" xlink:from="OperationalRiskInClaimAndEndorsementBusinessForLifeInsuranceCompanyAbstract" xlink:to="IndustryAverageWorkExperienceOfEndorsementPersonnelLifeInsuranceCompany" xlink:title="presentation: OperationalRiskInClaimAndEndorsementBusinessForLifeInsuranceCompanyAbstract to IndustryAverageWorkExperienceOfEndorsementPersonnelLifeInsuranceCompany" order="20.0" preferredLabel="http://www.xbrl.org/2003/role/terseLabel"/>
    <link:loc xlink:type="locator" xlink:href="../../c-ross_irr_core_2015-12-31.xsd#c-ross_irr_IndustryAverageTimeOfClaimsAssessmentLifeInsuranceCompany" xlink:label="IndustryAverageTimeOfClaimsAssessmentLifeInsuranceCompany" xlink:title="IndustryAverageTimeOfClaimsAssessmentLifeInsuranceCompany"/>
    <link:presentationArc xlink:type="arc" xlink:arcrole="http://www.xbrl.org/2003/arcrole/parent-child" xlink:from="OperationalRiskInClaimAndEndorsementBusinessForLifeInsuranceCompanyAbstract" xlink:to="IndustryAverageTimeOfClaimsAssessmentLifeInsuranceCompany" xlink:title="presentation: OperationalRiskInClaimAndEndorsementBusinessForLifeInsuranceCompanyAbstract to IndustryAverageTimeOfClaimsAssessmentLifeInsuranceCompany" order="30.0" preferredLabel="http://www.xbrl.org/2003/role/terseLabel"/>
    <link:loc xlink:type="locator" xlink:href="../../c-ross_irr_core_2015-12-31.xsd#c-ross_irr_IndustryAverageTimeOfClaimsPaymentLifeInsuranceCompany" xlink:label="IndustryAverageTimeOfClaimsPaymentLifeInsuranceCompany" xlink:title="IndustryAverageTimeOfClaimsPaymentLifeInsuranceCompany"/>
    <link:presentationArc xlink:type="arc" xlink:arcrole="http://www.xbrl.org/2003/arcrole/parent-child" xlink:from="OperationalRiskInClaimAndEndorsementBusinessForLifeInsuranceCompanyAbstract" xlink:to="IndustryAverageTimeOfClaimsPaymentLifeInsuranceCompany" xlink:title="presentation: OperationalRiskInClaimAndEndorsementBusinessForLifeInsuranceCompanyAbstract to IndustryAverageTimeOfClaimsPaymentLifeInsuranceCompany" order="40.0" preferredLabel="http://www.xbrl.org/2003/role/terseLabel"/>
    <link:loc xlink:type="locator" xlink:href="../../c-ross_irr_core_2015-12-31.xsd#c-ross_irr_IndustryAverageTimeOfEndorsementOperationLifeInsuranceCompany" xlink:label="IndustryAverageTimeOfEndorsementOperationLifeInsuranceCompany" xlink:title="IndustryAverageTimeOfEndorsementOperationLifeInsuranceCompany"/>
    <link:presentationArc xlink:type="arc" xlink:arcrole="http://www.xbrl.org/2003/arcrole/parent-child" xlink:from="OperationalRiskInClaimAndEndorsementBusinessForLifeInsuranceCompanyAbstract" xlink:to="IndustryAverageTimeOfEndorsementOperationLifeInsuranceCompany" xlink:title="presentation: OperationalRiskInClaimAndEndorsementBusinessForLifeInsuranceCompanyAbstract to IndustryAverageTimeOfEndorsementOperationLifeInsuranceCompany" order="50.0" preferredLabel="http://www.xbrl.org/2003/role/terseLabel"/>
    <link:loc xlink:type="locator" xlink:href="../../c-ross_irr_core_2015-12-31.xsd#c-ross_irr_IndustryAverageTimeOfComplaintsHandlingLifeInsuranceCompany" xlink:label="IndustryAverageTimeOfComplaintsHandlingLifeInsuranceCompany" xlink:title="IndustryAverageTimeOfComplaintsHandlingLifeInsuranceCompany"/>
    <link:presentationArc xlink:type="arc" xlink:arcrole="http://www.xbrl.org/2003/arcrole/parent-child" xlink:from="OperationalRiskInClaimAndEndorsementBusinessForLifeInsuranceCompanyAbstract" xlink:to="IndustryAverageTimeOfComplaintsHandlingLifeInsuranceCompany" xlink:title="presentation: OperationalRiskInClaimAndEndorsementBusinessForLifeInsuranceCompanyAbstract to IndustryAverageTimeOfComplaintsHandlingLifeInsuranceCompany" order="60.0" preferredLabel="http://www.xbrl.org/2003/role/terseLabel"/>
    <link:loc xlink:type="locator" xlink:href="../../c-ross_irr_core_2015-12-31.xsd#c-ross_irr_TotalIndustryNumberOfComplaintsOnClaimsEndorsementOfLifeInsuranceCompany" xlink:label="TotalIndustryNumberOfComplaintsInAssessmentOfClaimsEndorsementBusinessLineLifeInsuranceCompany" xlink:title="TotalIndustryNumberOfComplaintsInAssessmentOfClaimsEndorsementBusinessLineLifeInsuranceCompany"/>
    <link:presentationArc xlink:type="arc" xlink:arcrole="http://www.xbrl.org/2003/arcrole/parent-child" xlink:from="OperationalRiskInClaimAndEndorsementBusinessForLifeInsuranceCompanyAbstract" xlink:to="TotalIndustryNumberOfComplaintsInAssessmentOfClaimsEndorsementBusinessLineLifeInsuranceCompany" xlink:title="presentation: OperationalRiskInClaimAndEndorsementBusinessForLifeInsuranceCompanyAbstract to TotalIndustryNumberOfComplaintsInAssessmentOfClaimsEndorsementBusinessLineLifeInsuranceCompany" order="90.0" preferredLabel="http://www.xbrl.org/2003/role/label"/>
    <link:loc xlink:type="locator" xlink:href="../../c-ross_irr_core_2015-12-31.xsd#c-ross_irr_RateOfComplaintsAboutClaimsEndorsementBusinessLineReceivedByLifeInsuranceCompanyIndustryRank" xlink:label="RateOfComplaintsAboutClaimsEndorsementBusinessLineReceivedByLifeInsuranceCompanyIndustryRank" xlink:title="RateOfComplaintsAboutClaimsEndorsementBusinessLineReceivedByLifeInsuranceCompanyIndustryRank"/>
    <link:presentationArc xlink:type="arc" xlink:arcrole="http://www.xbrl.org/2003/arcrole/parent-child" xlink:from="OperationalRiskInClaimAndEndorsementBusinessForLifeInsuranceCompanyAbstract" xlink:to="RateOfComplaintsAboutClaimsEndorsementBusinessLineReceivedByLifeInsuranceCompanyIndustryRank" xlink:title="presentation: OperationalRiskInClaimAndEndorsementBusinessForLifeInsuranceCompanyAbstract to RateOfComplaintsAboutClaimsEndorsementBusinessLineReceivedByLifeInsuranceCompanyIndustryRank" order="100.0" preferredLabel="http://www.xbrl.org/2003/role/label"/>
    <link:loc xlink:type="locator" xlink:href="../../c-ross_irr_core_2015-12-31.xsd#c-ross_irr_TotalNumberOfLifeInsuranceCompany" xlink:label="TotalNumberOfLifeInsuranceCompany" xlink:title="TotalNumberOfLifeInsuranceCompany"/>
    <link:presentationArc xlink:type="arc" xlink:arcrole="http://www.xbrl.org/2003/arcrole/parent-child" xlink:from="OperationalRiskInClaimAndEndorsementBusinessForLifeInsuranceCompanyAbstract" xlink:to="TotalNumberOfLifeInsuranceCompany" xlink:title="presentation: OperationalRiskInClaimAndEndorsementBusinessForLifeInsuranceCompanyAbstract to TotalNumberOfLifeInsuranceCompany" use="optional" order="70.0" preferredLabel="http://www.xbrl.org/2003/role/label"/>
    <link:loc xlink:type="locator" xlink:href="../../c-ross_irr_core_2015-12-31.xsd#c-ross_irr_IndustryScalePremiumLifeInsuranceCompany" xlink:label="IndustryScalePremiumLifeInsuranceCompany" xlink:title="IndustryScalePremiumLifeInsuranceCompany"/>
    <link:presentationArc xlink:type="arc" xlink:arcrole="http://www.xbrl.org/2003/arcrole/parent-child" xlink:from="OperationalRiskInClaimAndEndorsementBusinessForLifeInsuranceCompanyAbstract" xlink:to="IndustryScalePremiumLifeInsuranceCompany" xlink:title="presentation: OperationalRiskInClaimAndEndorsementBusinessForLifeInsuranceCompanyAbstract to IndustryScalePremiumLifeInsuranceCompany" order="80.0" preferredLabel="http://www.xbrl.org/2003/role/terseLabel"/>
  </link:presentationLink>
</link:linkbase>
