<?xml version="1.0" encoding="UTF-8"?>

<!--Taxonomy: 2015-12-31 (Draft)
	**********************
	Copyright © 2015 China Insurance Regulatory Commission.
	All rights reserved.  No part of this publication may be translated, reprinted or reproduced or utilised in any form either in whole or in part without prior permission in writing from China Insurance Regulatory Commission.
	  **********************-->
<link:linkbase xmlns:xsi="http://www.w3.org/2001/XMLSchema-instance" xsi:schemaLocation="http://www.xbrl.org/2003/linkbase http://www.xbrl.org/2003/xbrl-linkbase-2003-12-31.xsd" xmlns:irr_full_entry_point="http://xbrl.circ.gov.cn/taxonomy/2015-12-31/c-ross/irr_full_entry_point" xmlns:link="http://www.xbrl.org/2003/linkbase" xmlns:irr_pc_bra_entry_point="http://xbrl.circ.gov.cn/taxonomy/2015-12-31/c-ross_irr/irr_pc_bra_entry_point" xmlns:irr_life_com_entry_point="http://xbrl.circ.gov.cn/taxonomy/2015-12-31/c-ross_irr/irr_life_com_entry_point" xmlns:irr_re_com_entry_point="http://xbrl.circ.gov.cn/taxonomy/2015-12-31/c-ross_irr/irr_re_com_entry_point" xmlns:irr_life_bra_entry_point="http://xbrl.circ.gov.cn/taxonomy/2015-12-31/c-ross/irr_life_bra_entry_point" xmlns:xbrli="http://www.xbrl.org/2003/instance" xmlns:irr_reg_com_entry_point="http://xbrl.circ.gov.cn/taxonomy/2015-12-31/c-ross_irr/irr_reg_com_entry_point" xmlns:irr_pc_com_entry_point="http://xbrl.circ.gov.cn/taxonomy/2015-12-31/c-ross_irr/irr_p&amp;c_com_entry_point" xmlns:xlink="http://www.w3.org/1999/xlink" xmlns:irr_reg_bur_entry_point="http://xbrl.circ.gov.cn/taxonomy/2015-12-31/c-ross_irr/irr_reg_bur_entry_point">
  <link:roleRef roleURI="http://xbrl.circ.gov.cn/role/c-ross_irr_2015-12-31_role-3310000" xlink:type="simple" xlink:href="rol_c-ross_10_2015-12-31.xsd#c-ross_irr_2015-12-31-3310000"/>
  <link:presentationLink xlink:type="extended" xlink:role="http://xbrl.circ.gov.cn/role/c-ross_irr_2015-12-31_role-3310000">
    <link:loc xlink:type="locator" xlink:href="../../c-ross_irr_core_2015-12-31.xsd#c-ross_irr_InsuranceCompanysIntegratedRiskRatingSummarizedResultAbstract" xlink:label="InsuranceCompanysIntegratedRiskRatingSummarisedResultAbstract" xlink:title="InsuranceCompanysIntegratedRiskRatingSummarisedResultAbstract"/>
    <link:loc xlink:type="locator" xlink:href="../../c-ross_irr_core_2015-12-31.xsd#c-ross_irr_InsuranceCompanysOperationalRiskSummarizedResultAbstract" xlink:label="InsuranceCompanysOperationalRiskSummarisedResultAbstract" xlink:title="InsuranceCompanysOperationalRiskSummarisedResultAbstract"/>
    <link:presentationArc xlink:type="arc" xlink:arcrole="http://www.xbrl.org/2003/arcrole/parent-child" xlink:from="InsuranceCompanysIntegratedRiskRatingSummarisedResultAbstract" xlink:to="InsuranceCompanysOperationalRiskSummarisedResultAbstract" xlink:title="presentation: InsuranceCompanysIntegratedRiskRatingSummarisedResultAbstract to InsuranceCompanysOperationalRiskSummarisedResultAbstract" order="10.0" preferredLabel="http://www.xbrl.org/2003/role/terseLabel"/>
    <link:loc xlink:type="locator" xlink:href="../../c-ross_irr_core_2015-12-31.xsd#c-ross_irr_InsuranceCompanysOperationalRiskInSalesUnderwritingAndEndorsementBusinessScore" xlink:label="InsuranceCompanysOperationalRiskInSalesUnderwritingAndEndorsementBusinessScore" xlink:title="InsuranceCompanysOperationalRiskInSalesUnderwritingAndEndorsementBusinessScore"/>
    <link:presentationArc xlink:type="arc" xlink:arcrole="http://www.xbrl.org/2003/arcrole/parent-child" xlink:from="InsuranceCompanysOperationalRiskSummarisedResultAbstract" xlink:to="InsuranceCompanysOperationalRiskInSalesUnderwritingAndEndorsementBusinessScore" xlink:title="presentation: InsuranceCompanysOperationalRiskSummarisedResultAbstract to InsuranceCompanysOperationalRiskInSalesUnderwritingAndEndorsementBusinessScore" order="10.0" preferredLabel="http://www.xbrl.org/2003/role/terseLabel"/>
    <link:loc xlink:type="locator" xlink:href="../../c-ross_irr_core_2015-12-31.xsd#c-ross_irr_InsuranceCompanysOperationalRiskInClaimBusinessScore" xlink:label="InsuranceCompanysOperationalRiskInClaimBusinessScore" xlink:title="InsuranceCompanysOperationalRiskInClaimBusinessScore"/>
    <link:presentationArc xlink:type="arc" xlink:arcrole="http://www.xbrl.org/2003/arcrole/parent-child" xlink:from="InsuranceCompanysOperationalRiskSummarisedResultAbstract" xlink:to="InsuranceCompanysOperationalRiskInClaimBusinessScore" xlink:title="presentation: InsuranceCompanysOperationalRiskSummarisedResultAbstract to InsuranceCompanysOperationalRiskInClaimBusinessScore" order="20.0" preferredLabel="http://www.xbrl.org/2003/role/terseLabel"/>
    <link:loc xlink:type="locator" xlink:href="../../c-ross_irr_core_2015-12-31.xsd#c-ross_irr_InsuranceCompanysOperationalRiskInReinsuranceBusinessScore" xlink:label="InsuranceCompanysOperationalRiskInReinsuranceBusinessScore" xlink:title="InsuranceCompanysOperationalRiskInReinsuranceBusinessScore"/>
    <link:presentationArc xlink:type="arc" xlink:arcrole="http://www.xbrl.org/2003/arcrole/parent-child" xlink:from="InsuranceCompanysOperationalRiskSummarisedResultAbstract" xlink:to="InsuranceCompanysOperationalRiskInReinsuranceBusinessScore" xlink:title="presentation: InsuranceCompanysOperationalRiskSummarisedResultAbstract to InsuranceCompanysOperationalRiskInReinsuranceBusinessScore" order="30.0" preferredLabel="http://www.xbrl.org/2003/role/terseLabel"/>
    <link:loc xlink:type="locator" xlink:href="../../c-ross_irr_core_2015-12-31.xsd#c-ross_irr_InsuranceCompanysOperationalRiskInCorporateGovernanceBusinessScore" xlink:label="InsuranceCompanysOperationalRiskInCorporateGovernanceBusinessScore" xlink:title="InsuranceCompanysOperationalRiskInCorporateGovernanceBusinessScore"/>
    <link:presentationArc xlink:type="arc" xlink:arcrole="http://www.xbrl.org/2003/arcrole/parent-child" xlink:from="InsuranceCompanysOperationalRiskSummarisedResultAbstract" xlink:to="InsuranceCompanysOperationalRiskInCorporateGovernanceBusinessScore" xlink:title="presentation: InsuranceCompanysOperationalRiskSummarisedResultAbstract to InsuranceCompanysOperationalRiskInCorporateGovernanceBusinessScore" order="50.0" preferredLabel="http://www.xbrl.org/2003/role/terseLabel"/>
    <link:loc xlink:type="locator" xlink:href="../../c-ross_irr_core_2015-12-31.xsd#c-ross_irr_InsuranceCompanysOperationalRiskInReserveAdministrationScore" xlink:label="InsuranceCompanysOperationalRiskInReserveAdministrationSocre" xlink:title="InsuranceCompanysOperationalRiskInReserveAdministrationSocre"/>
    <link:presentationArc xlink:type="arc" xlink:arcrole="http://www.xbrl.org/2003/arcrole/parent-child" xlink:from="InsuranceCompanysOperationalRiskSummarisedResultAbstract" xlink:to="InsuranceCompanysOperationalRiskInReserveAdministrationSocre" xlink:title="presentation: InsuranceCompanysOperationalRiskSummarisedResultAbstract to InsuranceCompanysOperationalRiskInReserveAdministrationSocre" order="70.0" preferredLabel="http://www.xbrl.org/2003/role/terseLabel"/>
    <link:loc xlink:type="locator" xlink:href="../../c-ross_irr_core_2015-12-31.xsd#c-ross_irr_InsuranceCompanysOperationalRiskInInformationSystemScore" xlink:label="InsuranceCompanysOperationalRiskInInformationSystemScore" xlink:title="InsuranceCompanysOperationalRiskInInformationSystemScore"/>
    <link:presentationArc xlink:type="arc" xlink:arcrole="http://www.xbrl.org/2003/arcrole/parent-child" xlink:from="InsuranceCompanysOperationalRiskSummarisedResultAbstract" xlink:to="InsuranceCompanysOperationalRiskInInformationSystemScore" xlink:title="presentation: InsuranceCompanysOperationalRiskSummarisedResultAbstract to InsuranceCompanysOperationalRiskInInformationSystemScore" order="80.0" preferredLabel="http://www.xbrl.org/2003/role/terseLabel"/>
    <link:loc xlink:type="locator" xlink:href="../../c-ross_irr_core_2015-12-31.xsd#c-ross_irr_InsuranceCompanysOperationalRiskInCaseManagementScore" xlink:label="InsuranceCompanysOperationalRiskInCaseManagementScore" xlink:title="InsuranceCompanysOperationalRiskInCaseManagementScore"/>
    <link:presentationArc xlink:type="arc" xlink:arcrole="http://www.xbrl.org/2003/arcrole/parent-child" xlink:from="InsuranceCompanysOperationalRiskSummarisedResultAbstract" xlink:to="InsuranceCompanysOperationalRiskInCaseManagementScore" xlink:title="presentation: InsuranceCompanysOperationalRiskSummarisedResultAbstract to InsuranceCompanysOperationalRiskInCaseManagementScore" order="90.0" preferredLabel="http://www.xbrl.org/2003/role/terseLabel"/>
    <link:loc xlink:type="locator" xlink:href="../../c-ross_irr_core_2015-12-31.xsd#c-ross_irr_InsuranceCompanysOperationalRiskScore" xlink:label="InsuranceCompanysOperationalRiskScore" xlink:title="InsuranceCompanysOperationalRiskScore"/>
    <link:presentationArc xlink:type="arc" xlink:arcrole="http://www.xbrl.org/2003/arcrole/parent-child" xlink:from="InsuranceCompanysOperationalRiskSummarisedResultAbstract" xlink:to="InsuranceCompanysOperationalRiskScore" xlink:title="presentation: InsuranceCompanysOperationalRiskSummarisedResultAbstract to InsuranceCompanysOperationalRiskScore" order="110.0" preferredLabel="http://www.xbrl.org/2003/role/totalLabel"/>
    <link:loc xlink:type="locator" xlink:href="../../c-ross_irr_core_2015-12-31.xsd#c-ross_irr_InsuranceCompanysOperationalRiskInFinancialManagementScore" xlink:label="InsuranceCompanysOperationalRiskInFinancialManagementScore" xlink:title="InsuranceCompanysOperationalRiskInFinancialManagementScore"/>
    <link:presentationArc xlink:type="arc" xlink:arcrole="http://www.xbrl.org/2003/arcrole/parent-child" xlink:from="InsuranceCompanysOperationalRiskSummarisedResultAbstract" xlink:to="InsuranceCompanysOperationalRiskInFinancialManagementScore" xlink:title="presentation: InsuranceCompanysOperationalRiskSummarizedResultAbstract to InsuranceCompanysOperationalRiskInFinancialManagementScore" order="60.0" preferredLabel="http://www.xbrl.org/2003/role/terseLabel"/>
    <link:loc xlink:type="locator" xlink:href="../../c-ross_irr_core_2015-12-31.xsd#c-ross_irr_OperationalRiskInCapitalUtilizationBusinessForInsuranceCompanyFinalScore" xlink:label="OperationalRiskInCapitalUtilizationBusinessForInsuranceCompanyFinalScore" xlink:title="OperationalRiskInCapitalUtilizationBusinessForInsuranceCompanyFinalScore"/>
    <link:presentationArc xlink:type="arc" xlink:arcrole="http://www.xbrl.org/2003/arcrole/parent-child" xlink:from="InsuranceCompanysOperationalRiskSummarisedResultAbstract" xlink:to="OperationalRiskInCapitalUtilizationBusinessForInsuranceCompanyFinalScore" xlink:title="presentation: InsuranceCompanysOperationalRiskSummarizedResultAbstract to OperationalRiskInCapitalUtilizationBusinessForInsuranceCompanyFinalScore" use="optional" order="40.0" preferredLabel="http://www.xbrl.org/2003/role/verboseLabel"/>
    <link:loc xlink:type="locator" xlink:href="../../c-ross_irr_core_2015-12-31.xsd#c-ross_irr_ComplianceRiskForInsuranceCompanyFinalScore" xlink:label="ComplianceRiskForInsuranceCompanyFinalScore" xlink:title="ComplianceRiskForInsuranceCompanyFinalScore"/>
    <link:presentationArc xlink:type="arc" xlink:arcrole="http://www.xbrl.org/2003/arcrole/parent-child" xlink:from="InsuranceCompanysOperationalRiskSummarisedResultAbstract" xlink:to="ComplianceRiskForInsuranceCompanyFinalScore" xlink:title="presentation: InsuranceCompanysOperationalRiskSummarizedResultAbstract to ComplianceRiskForInsuranceCompanyFinalScore" use="optional" order="100.0" preferredLabel="http://www.xbrl.org/2003/role/verboseLabel"/>
    <link:loc xlink:type="locator" xlink:href="../../c-ross_irr_core_2015-12-31.xsd#c-ross_irr_InsuranceCompanysStrategyRisk" xlink:label="InsuranceCompanysStrategyRisk" xlink:title="InsuranceCompanysStrategyRisk"/>
    <link:presentationArc xlink:type="arc" xlink:arcrole="http://www.xbrl.org/2003/arcrole/parent-child" xlink:from="InsuranceCompanysIntegratedRiskRatingSummarisedResultAbstract" xlink:to="InsuranceCompanysStrategyRisk" xlink:title="presentation: InsuranceCompanysIntegratedRiskRatingSummarisedResultAbstract to InsuranceCompanysStrategyRisk" use="optional" order="20.0" preferredLabel="http://www.xbrl.org/2003/role/terseLabel"/>
    <link:loc xlink:type="locator" xlink:href="../../c-ross_irr_core_2015-12-31.xsd#c-ross_irr_InsuranceCompanysLiquidityRiskScore" xlink:label="InsuranceCompanysLiquidityRiskScore" xlink:title="InsuranceCompanysLiquidityRiskScore"/>
    <link:presentationArc xlink:type="arc" xlink:arcrole="http://www.xbrl.org/2003/arcrole/parent-child" xlink:from="InsuranceCompanysIntegratedRiskRatingSummarisedResultAbstract" xlink:to="InsuranceCompanysLiquidityRiskScore" xlink:title="presentation: InsuranceCompanysIntegratedRiskRatingSummarisedResultAbstract to InsuranceCompanysLiquidityRiskScore" use="optional" order="40.0" preferredLabel="http://www.xbrl.org/2003/role/terseLabel"/>
    <link:loc xlink:type="locator" xlink:href="../../c-ross_irr_core_2015-12-31.xsd#c-ross_irr_InsuranceCompanysUnquantifiableRiskScore" xlink:label="InsuranceCompanysUnquantifiableRiskScore" xlink:title="InsuranceCompanysUnquantifiableRiskScore"/>
    <link:presentationArc xlink:type="arc" xlink:arcrole="http://www.xbrl.org/2003/arcrole/parent-child" xlink:from="InsuranceCompanysIntegratedRiskRatingSummarisedResultAbstract" xlink:to="InsuranceCompanysUnquantifiableRiskScore" xlink:title="presentation: InsuranceCompanysIntegratedRiskRatingSummarisedResultAbstract to InsuranceCompanysUnquantifiableRiskScore" use="optional" order="50.0" preferredLabel="http://www.xbrl.org/2003/role/totalLabel"/>
    <link:loc xlink:type="locator" xlink:href="../../c-ross_irr_core_2015-12-31.xsd#c-ross_irr_InsuranceCompanysQuantifiableRiskScore" xlink:label="InsuranceCompanysQuantifiableRiskScore" xlink:title="InsuranceCompanysQuantifiableRiskScore"/>
    <link:presentationArc xlink:type="arc" xlink:arcrole="http://www.xbrl.org/2003/arcrole/parent-child" xlink:from="InsuranceCompanysIntegratedRiskRatingSummarisedResultAbstract" xlink:to="InsuranceCompanysQuantifiableRiskScore" xlink:title="presentation: InsuranceCompanysIntegratedRiskRatingSummarisedResultAbstract to InsuranceCompanysQuantifiableRiskScore" use="optional" order="60.0" preferredLabel="http://www.xbrl.org/2003/role/terseLabel"/>
    <link:loc xlink:type="locator" xlink:href="../../c-ross_irr_core_2015-12-31.xsd#c-ross_irr_InsuranceCompanysIntegratedRiskRatingScore" xlink:label="InsuranceCompanysIntegratedRiskRatingScore" xlink:title="InsuranceCompanysIntegratedRiskRatingScore"/>
    <link:presentationArc xlink:type="arc" xlink:arcrole="http://www.xbrl.org/2003/arcrole/parent-child" xlink:from="InsuranceCompanysIntegratedRiskRatingSummarisedResultAbstract" xlink:to="InsuranceCompanysIntegratedRiskRatingScore" xlink:title="presentation: InsuranceCompanysIntegratedRiskRatingSummarisedResultAbstract to InsuranceCompanysIntegratedRiskRatingScore" use="optional" order="70.0" preferredLabel="http://www.xbrl.org/2003/role/totalLabel"/>
    <link:loc xlink:type="locator" xlink:href="../../c-ross_irr_core_2015-12-31.xsd#c-ross_irr_InsuranceCompanysIntegratedRiskRatingResults" xlink:label="InsuranceCompanysIntegratedRiskRatingResults" xlink:title="InsuranceCompanysIntegratedRiskRatingResults"/>
    <link:presentationArc xlink:type="arc" xlink:arcrole="http://www.xbrl.org/2003/arcrole/parent-child" xlink:from="InsuranceCompanysIntegratedRiskRatingSummarisedResultAbstract" xlink:to="InsuranceCompanysIntegratedRiskRatingResults" xlink:title="presentation: InsuranceCompanysIntegratedRiskRatingSummarisedResultAbstract to InsuranceCompanysIntegratedRiskRatingResults" use="optional" order="80.0" preferredLabel="http://www.xbrl.org/2003/role/terseLabel"/>
    <link:loc xlink:type="locator" xlink:href="../../c-ross_irr_core_2015-12-31.xsd#c-ross_irr_InsuranceCompanysIntegratedRiskRatingFinalResults" xlink:label="InsuranceCompanysIntegratedRiskRatingFinalResults" xlink:title="InsuranceCompanysIntegratedRiskRatingFinalResults"/>
    <link:presentationArc xlink:type="arc" xlink:arcrole="http://www.xbrl.org/2003/arcrole/parent-child" xlink:from="InsuranceCompanysIntegratedRiskRatingSummarisedResultAbstract" xlink:to="InsuranceCompanysIntegratedRiskRatingFinalResults" xlink:title="presentation: InsuranceCompanysIntegratedRiskRatingSummarisedResultAbstract to InsuranceCompanysIntegratedRiskRatingFinalResults" use="optional" order="90.0" preferredLabel="http://www.xbrl.org/2003/role/terseLabel"/>
    <link:loc xlink:type="locator" xlink:href="../../c-ross_irr_core_2015-12-31.xsd#c-ross_irr_ReputationRiskForInsuranceCompanyFinalScore" xlink:label="ReputationRiskForInsuranceCompanyFinalScore" xlink:title="ReputationRiskForInsuranceCompanyFinalScore"/>
    <link:presentationArc xlink:type="arc" xlink:arcrole="http://www.xbrl.org/2003/arcrole/parent-child" xlink:from="InsuranceCompanysIntegratedRiskRatingSummarisedResultAbstract" xlink:to="ReputationRiskForInsuranceCompanyFinalScore" xlink:title="presentation: InsuranceCompanysIntegratedRiskRatingSummarizedResultAbstract to ReputationRiskForInsuranceCompanyFinalScore" use="optional" order="30.0" preferredLabel="http://www.xbrl.org/2003/role/verboseLabel"/>
  </link:presentationLink>
</link:linkbase>
