<?xml version="1.0" encoding="UTF-8"?>

<!--Taxonomy: 2015-12-31 (Draft)
	**********************
	Copyright © 2015 China Insurance Regulatory Commission.
	All rights reserved.  No part of this publication may be translated, reprinted or reproduced or utilised in any form either in whole or in part without prior permission in writing from China Insurance Regulatory Commission.
	  **********************-->
<link:linkbase xmlns:xsi="http://www.w3.org/2001/XMLSchema-instance" xsi:schemaLocation="http://www.xbrl.org/2003/linkbase http://www.xbrl.org/2003/xbrl-linkbase-2003-12-31.xsd" xmlns:irr_full_entry_point="http://xbrl.circ.gov.cn/taxonomy/2015-12-31/c-ross/irr_full_entry_point" xmlns:link="http://www.xbrl.org/2003/linkbase" xmlns:irr_life_com_entry_point="http://xbrl.circ.gov.cn/taxonomy/2015-12-31/c-ross_irr/irr_life_com_entry_point" xmlns:irr_re_com_entry_point="http://xbrl.circ.gov.cn/taxonomy/2015-12-31/c-ross_irr/irr_re_com_entry_point" xmlns:xbrli="http://www.xbrl.org/2003/instance" xmlns:irr_reg_com_entry_point="http://xbrl.circ.gov.cn/taxonomy/2015-12-31/c-ross_irr/irr_reg_com_entry_point" xmlns:irr_pc_com_entry_point="http://xbrl.circ.gov.cn/taxonomy/2015-12-31/c-ross_irr/irr_p&amp;c_com_entry_point" xmlns:xlink="http://www.w3.org/1999/xlink">
  <link:roleRef roleURI="http://xbrl.circ.gov.cn/role/c-ross_irr_2015-12-31_role-3340000" xlink:type="simple" xlink:href="rol_c-ross_10_2015-12-31.xsd#c-ross_irr_2015-12-31-3340000"/>
  <link:presentationLink xlink:type="extended" xlink:role="http://xbrl.circ.gov.cn/role/c-ross_irr_2015-12-31_role-3340000">
    <link:loc xlink:type="locator" xlink:href="../../c-ross_irr_core_2015-12-31.xsd#c-ross_irr_ReputationRiskForInsuranceCompanyAbstract" xlink:label="ReputationRiskForInsuranceCompaniesAbstract" xlink:title="ReputationRiskForInsuranceCompaniesAbstract"/>
    <link:loc xlink:type="locator" xlink:href="../../c-ross_irr_core_2015-12-31.xsd#c-ross_irr_ReputationRiskForInsuranceCompanyRiskEvaluationAndMeasurementScore" xlink:label="RiskEvaluationAndMeasurementScoreReputationRiskForInsuranceCompanies" xlink:title="RiskEvaluationAndMeasurementScoreReputationRiskForInsuranceCompanies"/>
    <link:presentationArc xlink:type="arc" xlink:arcrole="http://www.xbrl.org/2003/arcrole/parent-child" xlink:from="ReputationRiskForInsuranceCompaniesAbstract" xlink:to="RiskEvaluationAndMeasurementScoreReputationRiskForInsuranceCompanies" xlink:title="presentation: ReputationRiskForInsuranceCompaniesAbstract to RiskEvaluationAndMeasurementScoreReputationRiskForInsuranceCompanies" order="10.0" preferredLabel="http://www.xbrl.org/2003/role/terseLabel"/>
    <link:loc xlink:type="locator" xlink:href="../../c-ross_irr_core_2015-12-31.xsd#c-ross_irr_ReputationRiskForInsuranceCompanyConcernsOnNegativePublicSentimentScore" xlink:label="ConcernsOnNegativePublicSentimentScoreReputationRiskForInsuranceCompanies" xlink:title="ConcernsOnNegativePublicSentimentScoreReputationRiskForInsuranceCompanies"/>
    <link:presentationArc xlink:type="arc" xlink:arcrole="http://www.xbrl.org/2003/arcrole/parent-child" xlink:from="RiskEvaluationAndMeasurementScoreReputationRiskForInsuranceCompanies" xlink:to="ConcernsOnNegativePublicSentimentScoreReputationRiskForInsuranceCompanies" xlink:title="presentation: RiskEvaluationAndMeasurementScoreReputationRiskForInsuranceCompanies to ConcernsOnNegativePublicSentimentScoreReputationRiskForInsuranceCompanies" use="optional" order="10.0" preferredLabel="http://www.xbrl.org/2003/role/terseLabel"/>
    <link:loc xlink:type="locator" xlink:href="../../c-ross_irr_core_2015-12-31.xsd#c-ross_irr_ReputationRiskForInsuranceCompanyNumberToBeReportedByOneToFiveMainstreamMedia" xlink:label="NumberOfReportedByOneToFiveMainstreamMediaReputationRiskForInsuranceCompanies" xlink:title="NumberOfReportedByOneToFiveMainstreamMediaReputationRiskForInsuranceCompanies"/>
    <link:presentationArc xlink:type="arc" xlink:arcrole="http://www.xbrl.org/2003/arcrole/parent-child" xlink:from="ConcernsOnNegativePublicSentimentScoreReputationRiskForInsuranceCompanies" xlink:to="NumberOfReportedByOneToFiveMainstreamMediaReputationRiskForInsuranceCompanies" xlink:title="presentation: ConcernsOnNegativePublicSentimentScoreReputationRiskForInsuranceCompanies to NumberOfReportedByOneToFiveMainstreamMediaReputationRiskForInsuranceCompanies" use="optional" order="10.0" preferredLabel="http://www.xbrl.org/2003/role/terseLabel"/>
    <link:loc xlink:type="locator" xlink:href="../../c-ross_irr_core_2015-12-31.xsd#c-ross_irr_ReputationRiskForInsuranceCompanyNumberToBeReportedBySixToTenMainstreamMedia" xlink:label="NumberOfReportedBySixToTenMainstreamMediaReputationRiskForInsuranceCompanies" xlink:title="NumberOfReportedBySixToTenMainstreamMediaReputationRiskForInsuranceCompanies"/>
    <link:presentationArc xlink:type="arc" xlink:arcrole="http://www.xbrl.org/2003/arcrole/parent-child" xlink:from="ConcernsOnNegativePublicSentimentScoreReputationRiskForInsuranceCompanies" xlink:to="NumberOfReportedBySixToTenMainstreamMediaReputationRiskForInsuranceCompanies" xlink:title="presentation: ConcernsOnNegativePublicSentimentScoreReputationRiskForInsuranceCompanies to NumberOfReportedBySixToTenMainstreamMediaReputationRiskForInsuranceCompanies" use="optional" order="30.0" preferredLabel="http://www.xbrl.org/2003/role/terseLabel"/>
    <link:loc xlink:type="locator" xlink:href="../../c-ross_irr_core_2015-12-31.xsd#c-ross_irr_ReputationRiskForInsuranceCompanyNumberToBeReportedByMoreThanMainstreamMedia" xlink:label="NumberOfReportedByMoreThanTenMainstreamMediaReputationRiskForInsuranceCompanies" xlink:title="NumberOfReportedByMoreThanTenMainstreamMediaReputationRiskForInsuranceCompanies"/>
    <link:presentationArc xlink:type="arc" xlink:arcrole="http://www.xbrl.org/2003/arcrole/parent-child" xlink:from="ConcernsOnNegativePublicSentimentScoreReputationRiskForInsuranceCompanies" xlink:to="NumberOfReportedByMoreThanTenMainstreamMediaReputationRiskForInsuranceCompanies" xlink:title="presentation: ConcernsOnNegativePublicSentimentScoreReputationRiskForInsuranceCompanies to NumberOfReportedByMoreThanTenMainstreamMediaReputationRiskForInsuranceCompanies" use="optional" order="50.0" preferredLabel="http://www.xbrl.org/2003/role/terseLabel"/>
    <link:loc xlink:type="locator" xlink:href="../../c-ross_irr_core_2015-12-31.xsd#c-ross_irr_ReputationRiskForInsuranceCompanyTitlesToBeReportedByOneToFiveMainstreamMedia" xlink:label="ReputationRiskForInsuranceCompanyTitlesToBeReportedByOneToFiveMainstreamMedia" xlink:title="ReputationRiskForInsuranceCompanyTitlesToBeReportedByOneToFiveMainstreamMedia"/>
    <link:presentationArc xlink:type="arc" xlink:arcrole="http://www.xbrl.org/2003/arcrole/parent-child" xlink:from="ConcernsOnNegativePublicSentimentScoreReputationRiskForInsuranceCompanies" xlink:to="ReputationRiskForInsuranceCompanyTitlesToBeReportedByOneToFiveMainstreamMedia" xlink:title="presentation: ReputationRiskForInsuranceCompanyConcernsOnNegativePublicSentimentScore to ReputationRiskForInsuranceCompanyTitlesToBeReportedByOneToFiveMainstreamMedia" order="20.0" preferredLabel="http://www.xbrl.org/2003/role/terseLabel"/>
    <link:loc xlink:type="locator" xlink:href="../../c-ross_irr_core_2015-12-31.xsd#c-ross_irr_ReputationRiskForInsuranceCompanyTitlesToBeReportedBySixToTenMainstreamMedia" xlink:label="ReputationRiskForInsuranceCompanyTitlesToBeReportedBySixToTenMainstreamMedia" xlink:title="ReputationRiskForInsuranceCompanyTitlesToBeReportedBySixToTenMainstreamMedia"/>
    <link:presentationArc xlink:type="arc" xlink:arcrole="http://www.xbrl.org/2003/arcrole/parent-child" xlink:from="ConcernsOnNegativePublicSentimentScoreReputationRiskForInsuranceCompanies" xlink:to="ReputationRiskForInsuranceCompanyTitlesToBeReportedBySixToTenMainstreamMedia" xlink:title="presentation: ReputationRiskForInsuranceCompanyConcernsOnNegativePublicSentimentScore to ReputationRiskForInsuranceCompanyTitlesToBeReportedBySixToTenMainstreamMedia" order="40.0" preferredLabel="http://www.xbrl.org/2003/role/terseLabel"/>
    <link:loc xlink:type="locator" xlink:href="../../c-ross_irr_core_2015-12-31.xsd#c-ross_irr_ReputationRiskForInsuranceCompanyTitlesToBeReportedByMoreThanTenMainstreamMedia" xlink:label="ReputationRiskForInsuranceCompanyTitlesToBeReportedByMoreThanTenMainstreamMedia" xlink:title="ReputationRiskForInsuranceCompanyTitlesToBeReportedByMoreThanTenMainstreamMedia"/>
    <link:presentationArc xlink:type="arc" xlink:arcrole="http://www.xbrl.org/2003/arcrole/parent-child" xlink:from="ConcernsOnNegativePublicSentimentScoreReputationRiskForInsuranceCompanies" xlink:to="ReputationRiskForInsuranceCompanyTitlesToBeReportedByMoreThanTenMainstreamMedia" xlink:title="presentation: ReputationRiskForInsuranceCompanyConcernsOnNegativePublicSentimentScore to ReputationRiskForInsuranceCompanyTitlesToBeReportedByMoreThanTenMainstreamMedia" order="60.0" preferredLabel="http://www.xbrl.org/2003/role/terseLabel"/>
    <link:loc xlink:type="locator" xlink:href="../../c-ross_irr_core_2015-12-31.xsd#c-ross_irr_ReputationRiskForInsuranceCompanyTimeOfDurationForNegativePublicSentimentScore" xlink:label="TimeOfDurationForNegativePublicSentimentScoreReputationRiskForInsuranceCompanies" xlink:title="TimeOfDurationForNegativePublicSentimentScoreReputationRiskForInsuranceCompanies"/>
    <link:presentationArc xlink:type="arc" xlink:arcrole="http://www.xbrl.org/2003/arcrole/parent-child" xlink:from="RiskEvaluationAndMeasurementScoreReputationRiskForInsuranceCompanies" xlink:to="TimeOfDurationForNegativePublicSentimentScoreReputationRiskForInsuranceCompanies" xlink:title="presentation: RiskEvaluationAndMeasurementScoreReputationRiskForInsuranceCompanies to TimeOfDurationForNegativePublicSentimentScoreReputationRiskForInsuranceCompanies" use="optional" order="20.0" preferredLabel="http://www.xbrl.org/2003/role/terseLabel"/>
    <link:loc xlink:type="locator" xlink:href="../../c-ross_irr_core_2015-12-31.xsd#c-ross_irr_ReputationRiskForInsuranceCompanyNumberOfOverSevenDaysThatContinuallyReportedBySixToTenMainstreamMedia" xlink:label="NumberOfOverSevenDaysThatContinuallyReportedBySixToTenMainstreamMediaReputationRiskForInsuranceCompanies" xlink:title="NumberOfOverSevenDaysThatContinuallyReportedBySixToTenMainstreamMediaReputationRiskForInsuranceCompanies"/>
    <link:presentationArc xlink:type="arc" xlink:arcrole="http://www.xbrl.org/2003/arcrole/parent-child" xlink:from="TimeOfDurationForNegativePublicSentimentScoreReputationRiskForInsuranceCompanies" xlink:to="NumberOfOverSevenDaysThatContinuallyReportedBySixToTenMainstreamMediaReputationRiskForInsuranceCompanies" xlink:title="presentation: TimeOfDurationForNegativePublicSentimentScoreReputationRiskForInsuranceCompanies to NumberOfOverSevenDaysThatContinuallyReportedBySixToTenMainstreamMediaReputationRiskForInsuranceCompanies" use="optional" order="20.0" preferredLabel="http://www.xbrl.org/2003/role/terseLabel"/>
    <link:loc xlink:type="locator" xlink:href="../../c-ross_irr_core_2015-12-31.xsd#c-ross_irr_ReputationRiskForInsuranceCompanyNumberOfOverSevenDaysThatContinuallyReportedByMoreThanTenMainstreamMedia" xlink:label="NumberOfOverSevenDaysThatContinuallyReportedByMoreThanTenMainstreamMediaReputationRiskForInsuranceCompanies" xlink:title="NumberOfOverSevenDaysThatContinuallyReportedByMoreThanTenMainstreamMediaReputationRiskForInsuranceCompanies"/>
    <link:presentationArc xlink:type="arc" xlink:arcrole="http://www.xbrl.org/2003/arcrole/parent-child" xlink:from="TimeOfDurationForNegativePublicSentimentScoreReputationRiskForInsuranceCompanies" xlink:to="NumberOfOverSevenDaysThatContinuallyReportedByMoreThanTenMainstreamMediaReputationRiskForInsuranceCompanies" xlink:title="presentation: TimeOfDurationForNegativePublicSentimentScoreReputationRiskForInsuranceCompanies to NumberOfOverSevenDaysThatContinuallyReportedByMoreThanTenMainstreamMediaReputationRiskForInsuranceCompanies" use="optional" order="30.0" preferredLabel="http://www.xbrl.org/2003/role/terseLabel"/>
    <link:loc xlink:type="locator" xlink:href="../../c-ross_irr_core_2015-12-31.xsd#c-ross_irr_ReputationRiskForInsuranceCompanyNumberOfOverSevenDaysThatContinuallyReportedByOneToFiveMainstreamMedia" xlink:label="NumberOfOverSevenDaysThatContinuallyReportedByOneToFiveMainstreamMediaReputationRiskForInsuranceCompanies" xlink:title="NumberOfOverSevenDaysThatContinuallyReportedByOneToFiveMainstreamMediaReputationRiskForInsuranceCompanies"/>
    <link:presentationArc xlink:type="arc" xlink:arcrole="http://www.xbrl.org/2003/arcrole/parent-child" xlink:from="TimeOfDurationForNegativePublicSentimentScoreReputationRiskForInsuranceCompanies" xlink:to="NumberOfOverSevenDaysThatContinuallyReportedByOneToFiveMainstreamMediaReputationRiskForInsuranceCompanies" xlink:title="presentation: TimeOfDurationForNegativePublicSentimentScoreReputationRiskForInsuranceCompanies to NumberOfOverSevenDaysThatContinuallyReportedByOneToFiveMainstreamMediaReputationRiskForInsuranceCompanies" use="optional" order="10.0" preferredLabel="http://www.xbrl.org/2003/role/terseLabel"/>
    <link:loc xlink:type="locator" xlink:href="../../c-ross_irr_core_2015-12-31.xsd#c-ross_irr_ReputationRiskForInsuranceCompanyRegulatoryEvaluationScore" xlink:label="SupervisionAndEvaluationScoreReputationRiskForInsuranceCompanies" xlink:title="SupervisionAndEvaluationScoreReputationRiskForInsuranceCompanies"/>
    <link:presentationArc xlink:type="arc" xlink:arcrole="http://www.xbrl.org/2003/arcrole/parent-child" xlink:from="ReputationRiskForInsuranceCompaniesAbstract" xlink:to="SupervisionAndEvaluationScoreReputationRiskForInsuranceCompanies" xlink:title="presentation: ReputationRiskForInsuranceCompaniesAbstract to SupervisionAndEvaluationScoreReputationRiskForInsuranceCompanies" order="30.0" preferredLabel="http://www.xbrl.org/2003/role/terseLabel"/>
    <link:loc xlink:type="locator" xlink:href="../../c-ross_irr_core_2015-12-31.xsd#c-ross_irr_ReputationRiskForInsuranceCompanyValuationCriterionOfSupervision" xlink:label="ValuationCriterionReputationRiskForInsuranceCompanies" xlink:title="ValuationCriterionReputationRiskForInsuranceCompanies"/>
    <link:presentationArc xlink:type="arc" xlink:arcrole="http://www.xbrl.org/2003/arcrole/parent-child" xlink:from="SupervisionAndEvaluationScoreReputationRiskForInsuranceCompanies" xlink:to="ValuationCriterionReputationRiskForInsuranceCompanies" xlink:title="presentation: SupervisionAndEvaluationScoreReputationRiskForInsuranceCompanies to ValuationCriterionReputationRiskForInsuranceCompanies" use="optional" order="10.0" preferredLabel="http://www.xbrl.org/2003/role/terseLabel"/>
    <link:loc xlink:type="locator" xlink:href="../../c-ross_irr_core_2015-12-31.xsd#c-ross_irr_ReputationRiskForInsuranceCompanyScore" xlink:label="ReputationRiskForInsuranceCompaniesScore" xlink:title="ReputationRiskForInsuranceCompaniesScore"/>
    <link:presentationArc xlink:type="arc" xlink:arcrole="http://www.xbrl.org/2003/arcrole/parent-child" xlink:from="ReputationRiskForInsuranceCompaniesAbstract" xlink:to="ReputationRiskForInsuranceCompaniesScore" xlink:title="presentation: ReputationRiskForInsuranceCompaniesAbstract to ReputationRiskForInsuranceCompaniesScore" order="40.0" preferredLabel="http://www.xbrl.org/2003/role/totalLabel"/>
    <link:loc xlink:type="locator" xlink:href="../../c-ross_irr_core_2015-12-31.xsd#c-ross_irr_ReputationRiskForInsuranceCompanyDispositionOnNegativePublicSentimentScore" xlink:label="DispositionOnNegativePublicSentimentScoreReputationRiskForInsuranceCompanies" xlink:title="DispositionOnNegativePublicSentimentScoreReputationRiskForInsuranceCompanies"/>
    <link:presentationArc xlink:type="arc" xlink:arcrole="http://www.xbrl.org/2003/arcrole/parent-child" xlink:from="ReputationRiskForInsuranceCompaniesAbstract" xlink:to="DispositionOnNegativePublicSentimentScoreReputationRiskForInsuranceCompanies" xlink:title="presentation: ReputationRiskForInsuranceCompaniesAbstract to DispositionOnNegativePublicSentimentScoreReputationRiskForInsuranceCompanies" use="optional" order="20.0" preferredLabel="http://www.xbrl.org/2003/role/terseLabel"/>
    <link:loc xlink:type="locator" xlink:href="../../c-ross_irr_core_2015-12-31.xsd#c-ross_irr_ReputationRiskForInsuranceCompanyNumberOfRespondingTimelyAndPubliclyWhenOverSevenDaysThatContinuallyReportedByOneToFiveMainstreamMedia" xlink:label="NumberOfRespondingTimelyAndPubliclyWhenReportedByOneToFiveMainstreamMediaReputationRiskForInsuranceCompanies" xlink:title="NumberOfRespondingTimelyAndPubliclyWhenReportedByOneToFiveMainstreamMediaReputationRiskForInsuranceCompanies"/>
    <link:presentationArc xlink:type="arc" xlink:arcrole="http://www.xbrl.org/2003/arcrole/parent-child" xlink:from="DispositionOnNegativePublicSentimentScoreReputationRiskForInsuranceCompanies" xlink:to="NumberOfRespondingTimelyAndPubliclyWhenReportedByOneToFiveMainstreamMediaReputationRiskForInsuranceCompanies" xlink:title="presentation: DispositionOnNegativePublicSentimentScoreReputationRiskForInsuranceCompanies to NumberOfRespondingTimelyAndPubliclyWhenReportedByOneToFiveMainstreamMediaReputationRiskForInsuranceCompanies" use="optional" order="10.0" preferredLabel="http://www.xbrl.org/2003/role/terseLabel"/>
    <link:loc xlink:type="locator" xlink:href="../../c-ross_irr_core_2015-12-31.xsd#c-ross_irr_ReputationRiskForInsuranceCompanyNumberOfRespondingTimelyAndPubliclyWhenOverSevenDaysThatContinuallyReportedBySixToTenMainstreamMedia" xlink:label="NumberOfRespondingTimelyAndPubliclyWhenOverSevenDaysThatContinuallyReportedBySixToTenMainstreamMediaReputationRiskForInsuranceCompanies" xlink:title="NumberOfRespondingTimelyAndPubliclyWhenOverSevenDaysThatContinuallyReportedBySixToTenMainstreamMediaReputationRiskForInsuranceCompanies"/>
    <link:presentationArc xlink:type="arc" xlink:arcrole="http://www.xbrl.org/2003/arcrole/parent-child" xlink:from="DispositionOnNegativePublicSentimentScoreReputationRiskForInsuranceCompanies" xlink:to="NumberOfRespondingTimelyAndPubliclyWhenOverSevenDaysThatContinuallyReportedBySixToTenMainstreamMediaReputationRiskForInsuranceCompanies" xlink:title="presentation: DispositionOnNegativePublicSentimentScoreReputationRiskForInsuranceCompanies to NumberOfRespondingTimelyAndPubliclyWhenOverSevenDaysThatContinuallyReportedBySixToTenMainstreamMediaReputationRiskForInsuranceCompanies" use="optional" order="30.0" preferredLabel="http://www.xbrl.org/2003/role/terseLabel"/>
    <link:loc xlink:type="locator" xlink:href="../../c-ross_irr_core_2015-12-31.xsd#c-ross_irr_ReputationRiskForInsuranceCompanyNumberOfRespondingTimelyAndPubliclyWhenNotOverSevenDaysThatContinuallyReportedBySixToTenMainstreamMedia" xlink:label="NumberOfRespondingTimelyAndPubliclyWhenNotOverSevenDaysThatContinuallyReportedBySixToTenMainstreamMediaReputationRiskForInsuranceCompanies" xlink:title="NumberOfRespondingTimelyAndPubliclyWhenNotOverSevenDaysThatContinuallyReportedBySixToTenMainstreamMediaReputationRiskForInsuranceCompanies"/>
    <link:presentationArc xlink:type="arc" xlink:arcrole="http://www.xbrl.org/2003/arcrole/parent-child" xlink:from="DispositionOnNegativePublicSentimentScoreReputationRiskForInsuranceCompanies" xlink:to="NumberOfRespondingTimelyAndPubliclyWhenNotOverSevenDaysThatContinuallyReportedBySixToTenMainstreamMediaReputationRiskForInsuranceCompanies" xlink:title="presentation: DispositionOnNegativePublicSentimentScoreReputationRiskForInsuranceCompanies to NumberOfRespondingTimelyAndPubliclyWhenNotOverSevenDaysThatContinuallyReportedBySixToTenMainstreamMediaReputationRiskForInsuranceCompanies" use="optional" order="40.0" preferredLabel="http://www.xbrl.org/2003/role/terseLabel"/>
    <link:loc xlink:type="locator" xlink:href="../../c-ross_irr_core_2015-12-31.xsd#c-ross_irr_ReputationRiskForInsuranceCompanyNumberOfRespondingTimelyAndPubliclyWhenOverSevenDaysThatContinuallyReportedByMoreThanTenMainstreamMedia" xlink:label="NumberOfRespondingTimelyAndPubliclyWhenOverSevenDaysThatContinuallyReportedByMoreThanTenMainstreamMediaReputationRiskForInsuranceCompanies" xlink:title="NumberOfRespondingTimelyAndPubliclyWhenOverSevenDaysThatContinuallyReportedByMoreThanTenMainstreamMediaReputationRiskForInsuranceCompanies"/>
    <link:presentationArc xlink:type="arc" xlink:arcrole="http://www.xbrl.org/2003/arcrole/parent-child" xlink:from="DispositionOnNegativePublicSentimentScoreReputationRiskForInsuranceCompanies" xlink:to="NumberOfRespondingTimelyAndPubliclyWhenOverSevenDaysThatContinuallyReportedByMoreThanTenMainstreamMediaReputationRiskForInsuranceCompanies" xlink:title="presentation: DispositionOnNegativePublicSentimentScoreReputationRiskForInsuranceCompanies to NumberOfRespondingTimelyAndPubliclyWhenOverSevenDaysThatContinuallyReportedByMoreThanTenMainstreamMediaReputationRiskForInsuranceCompanies" use="optional" order="50.0" preferredLabel="http://www.xbrl.org/2003/role/terseLabel"/>
    <link:loc xlink:type="locator" xlink:href="../../c-ross_irr_core_2015-12-31.xsd#c-ross_irr_ReputationRiskForInsuranceCompanyNumberOfRespondingTimelyAndPubliclyWhenNotOverSevenDaysThatContinuallyReportedByMoreThanTenMainstreamMedia" xlink:label="NumberOfRespondingTimelyAndPubliclyWhenNotOverSevenDaysThatContinuallyReportedByMoreThanTenMainstreamMediaReputationRiskForInsuranceCompanies" xlink:title="NumberOfRespondingTimelyAndPubliclyWhenNotOverSevenDaysThatContinuallyReportedByMoreThanTenMainstreamMediaReputationRiskForInsuranceCompanies"/>
    <link:presentationArc xlink:type="arc" xlink:arcrole="http://www.xbrl.org/2003/arcrole/parent-child" xlink:from="DispositionOnNegativePublicSentimentScoreReputationRiskForInsuranceCompanies" xlink:to="NumberOfRespondingTimelyAndPubliclyWhenNotOverSevenDaysThatContinuallyReportedByMoreThanTenMainstreamMediaReputationRiskForInsuranceCompanies" xlink:title="presentation: DispositionOnNegativePublicSentimentScoreReputationRiskForInsuranceCompanies to NumberOfRespondingTimelyAndPubliclyWhenNotOverSevenDaysThatContinuallyReportedByMoreThanTenMainstreamMediaReputationRiskForInsuranceCompanies" use="optional" order="60.0" preferredLabel="http://www.xbrl.org/2003/role/terseLabel"/>
    <link:loc xlink:type="locator" xlink:href="../../c-ross_irr_core_2015-12-31.xsd#c-ross_irr_ReputationRiskForInsuranceCompanyNumberOfRespondingTimelyAndPubliclyWhenNotOverSevenDaysThatContinuallyReportedByOneToFiveMainstreamMedia" xlink:label="NumberOfRespondingTimelyAndPubliclyWhenNotOverSevenDaysThatContinuallyReportedByOneToFiveMainstreamMediaReputationRiskForInsuranceCompanies" xlink:title="NumberOfRespondingTimelyAndPubliclyWhenNotOverSevenDaysThatContinuallyReportedByOneToFiveMainstreamMediaReputationRiskForInsuranceCompanies"/>
    <link:presentationArc xlink:type="arc" xlink:arcrole="http://www.xbrl.org/2003/arcrole/parent-child" xlink:from="DispositionOnNegativePublicSentimentScoreReputationRiskForInsuranceCompanies" xlink:to="NumberOfRespondingTimelyAndPubliclyWhenNotOverSevenDaysThatContinuallyReportedByOneToFiveMainstreamMediaReputationRiskForInsuranceCompanies" xlink:title="presentation: DispositionOnNegativePublicSentimentScoreReputationRiskForInsuranceCompanies to NumberOfRespondingTimelyAndPubliclyWhenNotOverSevenDaysThatContinuallyReportedByOneToFiveMainstreamMediaReputationRiskForInsuranceCompanies" order="20.0" preferredLabel="http://www.xbrl.org/2003/role/terseLabel"/>
    <link:loc xlink:type="locator" xlink:href="../../c-ross_irr_core_2015-12-31.xsd#c-ross_irr_ReputationRiskForInsuranceCompanyDispositionOnNegativePublicSentimentTitles" xlink:label="ReputationRiskForInsuranceCompanyDispositionOnNegativePublicSentimentTitles" xlink:title="ReputationRiskForInsuranceCompanyDispositionOnNegativePublicSentimentTitles"/>
    <link:presentationArc xlink:type="arc" xlink:arcrole="http://www.xbrl.org/2003/arcrole/parent-child" xlink:from="DispositionOnNegativePublicSentimentScoreReputationRiskForInsuranceCompanies" xlink:to="ReputationRiskForInsuranceCompanyDispositionOnNegativePublicSentimentTitles" xlink:title="presentation: ReputationRiskForInsuranceCompanyDispositionOnNegativePublicSentimentScore to ReputationRiskForInsuranceCompanyDispositionOnNegativePublicSentimentTitles" order="70.0" preferredLabel="http://www.xbrl.org/2003/role/terseLabel"/>
    <link:loc xlink:type="locator" xlink:href="../../c-ross_irr_core_2015-12-31.xsd#c-ross_irr_ReputationRiskForInsuranceCompanyWhetherInsuranceCompaniesSubmittedFakeInformationInRecentFourQuarters" xlink:label="ReputationRiskForInsuranceCompanyWhetherInsuranceCompaniesSubmittedFakeInformationInRecentFourQuarters" xlink:title="ReputationRiskForInsuranceCompanyWhetherInsuranceCompaniesSubmittedFakeInformationInRecentFourQuarters"/>
    <link:presentationArc xlink:type="arc" xlink:arcrole="http://www.xbrl.org/2003/arcrole/parent-child" xlink:from="ReputationRiskForInsuranceCompaniesAbstract" xlink:to="ReputationRiskForInsuranceCompanyWhetherInsuranceCompaniesSubmittedFakeInformationInRecentFourQuarters" xlink:title="presentation: ReputationRiskForInsuranceCompanyAbstract to ReputationRiskForInsuranceCompanyWhetherInsuranceCompaniesSubmittedFakeInformationInRecentFourQuarters" order="50.0" preferredLabel="http://www.xbrl.org/2003/role/terseLabel"/>
    <link:loc xlink:type="locator" xlink:href="../../c-ross_irr_core_2015-12-31.xsd#c-ross_irr_ReputationRiskForInsuranceCompanyRegulatoryAdjustedScore" xlink:label="ReputationRiskForInsuranceCompanyAdjustedScore" xlink:title="ReputationRiskForInsuranceCompanyAdjustedScore"/>
    <link:presentationArc xlink:type="arc" xlink:arcrole="http://www.xbrl.org/2003/arcrole/parent-child" xlink:from="ReputationRiskForInsuranceCompaniesAbstract" xlink:to="ReputationRiskForInsuranceCompanyAdjustedScore" xlink:title="presentation: ReputationRiskForInsuranceCompanyAbstract to ReputationRiskForInsuranceCompanyAdjustedScore" order="60.0" preferredLabel="http://www.xbrl.org/2003/role/terseLabel"/>
    <link:loc xlink:type="locator" xlink:href="../../c-ross_irr_core_2015-12-31.xsd#c-ross_irr_ReputationRiskForInsuranceCompanyRegulatoryAdjustmentCriterion" xlink:label="ReputationRiskForInsuranceCompanyAdjustmentCriterion" xlink:title="ReputationRiskForInsuranceCompanyAdjustmentCriterion"/>
    <link:presentationArc xlink:type="arc" xlink:arcrole="http://www.xbrl.org/2003/arcrole/parent-child" xlink:from="ReputationRiskForInsuranceCompaniesAbstract" xlink:to="ReputationRiskForInsuranceCompanyAdjustmentCriterion" xlink:title="presentation: ReputationRiskForInsuranceCompanyAbstract to ReputationRiskForInsuranceCompanyAdjustmentCriterion" order="70.0" preferredLabel="http://www.xbrl.org/2003/role/terseLabel"/>
    <link:loc xlink:type="locator" xlink:href="../../c-ross_irr_core_2015-12-31.xsd#c-ross_irr_ReputationRiskForInsuranceCompanyFinalScore" xlink:label="ReputationRiskForInsuranceCompanyFinalScore" xlink:title="ReputationRiskForInsuranceCompanyFinalScore"/>
    <link:presentationArc xlink:type="arc" xlink:arcrole="http://www.xbrl.org/2003/arcrole/parent-child" xlink:from="ReputationRiskForInsuranceCompaniesAbstract" xlink:to="ReputationRiskForInsuranceCompanyFinalScore" xlink:title="presentation: ReputationRiskForInsuranceCompanyAbstract to ReputationRiskForInsuranceCompanyFinalScore" order="80.0" preferredLabel="http://www.xbrl.org/2003/role/terseLabel"/>
  </link:presentationLink>
</link:linkbase>
