<?xml version="1.0" encoding="UTF-8"?>

<!--Taxonomy: 2015-12-31 (Draft)
	**********************
	Copyright © 2015 China Insurance Regulatory Commission.
	All rights reserved.  No part of this publication may be translated, reprinted or reproduced or utilised in any form either in whole or in part without prior permission in writing from China Insurance Regulatory Commission.
	  **********************-->
<link:linkbase xmlns:xsi="http://www.w3.org/2001/XMLSchema-instance" xsi:schemaLocation="http://www.xbrl.org/2003/linkbase http://www.xbrl.org/2003/xbrl-linkbase-2003-12-31.xsd" xmlns:irr_life_com_entry_point="http://xbrl.circ.gov.cn/taxonomy/2015-12-31/c-ross_irr/irr_life_com_entry_point" xmlns:irr_full_entry_point="http://xbrl.circ.gov.cn/taxonomy/2015-12-31/c-ross/irr_full_entry_point" xmlns:link="http://www.xbrl.org/2003/linkbase" xmlns:irr_reg_com_entry_point="http://xbrl.circ.gov.cn/taxonomy/2015-12-31/c-ross_irr/irr_reg_com_entry_point" xmlns:xlink="http://www.w3.org/1999/xlink" xmlns:xbrli="http://www.xbrl.org/2003/instance">
  <link:roleRef roleURI="http://xbrl.circ.gov.cn/role/c-ross_irr_2015-12-31_role-3350212" xlink:type="simple" xlink:href="rol_c-ross_10_2015-12-31.xsd#c-ross_irr_2015-12-31-3350212"/>
  <link:presentationLink xlink:type="extended" xlink:role="http://xbrl.circ.gov.cn/role/c-ross_irr_2015-12-31_role-3350212">
    <link:loc xlink:type="locator" xlink:href="../../c-ross_irr_core_2015-12-31.xsd#c-ross_irr_LiquidityRiskForLifeInsuranceCompanyAbstract" xlink:label="LiquidityRiskForLifeInsuranceCompanyAbstract" xlink:title="LiquidityRiskForLifeInsuranceCompanyAbstract"/>
    <link:loc xlink:type="locator" xlink:href="../../c-ross_irr_core_2015-12-31.xsd#c-ross_irr_LiquidityRiskForLifeInsuranceCompanySupervisionIndicatorsForLiquidityRiskScore" xlink:label="SupervisionIndicatorsForLiquidityRiskScoreLiquidityRiskForLifeInsuranceCompany" xlink:title="SupervisionIndicatorsForLiquidityRiskScoreLiquidityRiskForLifeInsuranceCompany"/>
    <link:presentationArc xlink:type="arc" xlink:arcrole="http://www.xbrl.org/2003/arcrole/parent-child" xlink:from="LiquidityRiskForLifeInsuranceCompanyAbstract" xlink:to="SupervisionIndicatorsForLiquidityRiskScoreLiquidityRiskForLifeInsuranceCompany" xlink:title="presentation: LiquidityRiskForLifeInsuranceCompanyAbstract to SupervisionIndicatorsForLiquidityRiskScoreLiquidityRiskForLifeInsuranceCompany" order="10.0" preferredLabel="http://www.xbrl.org/2003/role/terseLabel"/>
    <link:loc xlink:type="locator" xlink:href="../../c-ross_irr_core_2015-12-31.xsd#c-ross_irr_LiquidityRiskForLifeInsuranceCompanyNetCashFlowScore" xlink:label="NetCashFlowScoreLiquidityRiskForLifeInsuranceCompany" xlink:title="NetCashFlowScoreLiquidityRiskForLifeInsuranceCompany"/>
    <link:presentationArc xlink:type="arc" xlink:arcrole="http://www.xbrl.org/2003/arcrole/parent-child" xlink:from="SupervisionIndicatorsForLiquidityRiskScoreLiquidityRiskForLifeInsuranceCompany" xlink:to="NetCashFlowScoreLiquidityRiskForLifeInsuranceCompany" xlink:title="presentation: SupervisionIndicatorsForLiquidityRiskScoreLiquidityRiskForLifeInsuranceCompany to NetCashFlowScoreLiquidityRiskForLifeInsuranceCompany" use="optional" order="10.0" preferredLabel="http://www.xbrl.org/2003/role/terseLabel"/>
    <link:loc xlink:type="locator" xlink:href="../../c-ross_irr_core_2015-12-31.xsd#c-ross_irr_LiquidityRiskForLifeInsuranceCompanyActualNetCashFlowDuringReportingPeriodScore" xlink:label="ActualNetCashFlowDuringReportingPeriodScoreLiquidityRiskForLifeInsuranceCompany" xlink:title="ActualNetCashFlowDuringReportingPeriodScoreLiquidityRiskForLifeInsuranceCompany"/>
    <link:presentationArc xlink:type="arc" xlink:arcrole="http://www.xbrl.org/2003/arcrole/parent-child" xlink:from="NetCashFlowScoreLiquidityRiskForLifeInsuranceCompany" xlink:to="ActualNetCashFlowDuringReportingPeriodScoreLiquidityRiskForLifeInsuranceCompany" xlink:title="presentation: NetCashFlowScoreLiquidityRiskForLifeInsuranceCompany to ActualNetCashFlowDuringReportingPeriodScoreLiquidityRiskForLifeInsuranceCompany" use="optional" order="10.0" preferredLabel="http://www.xbrl.org/2003/role/terseLabel"/>
    <link:loc xlink:type="locator" xlink:href="../../c-ross_irr_core_2015-12-31.xsd#c-ross_irr_LiquidityRiskForLifeInsuranceCompanyActualNetCashFlowDuringReportingPeriod" xlink:label="ActualNetCashFlowDuringReportingPeriodLiquidityRiskForLifeInsuranceCompany" xlink:title="ActualNetCashFlowDuringReportingPeriodLiquidityRiskForLifeInsuranceCompany"/>
    <link:presentationArc xlink:type="arc" xlink:arcrole="http://www.xbrl.org/2003/arcrole/parent-child" xlink:from="ActualNetCashFlowDuringReportingPeriodScoreLiquidityRiskForLifeInsuranceCompany" xlink:to="ActualNetCashFlowDuringReportingPeriodLiquidityRiskForLifeInsuranceCompany" xlink:title="presentation: ActualNetCashFlowDuringReportingPeriodScoreLiquidityRiskForLifeInsuranceCompany to ActualNetCashFlowDuringReportingPeriodLiquidityRiskForLifeInsuranceCompany" use="optional" order="10.0" preferredLabel="http://www.xbrl.org/2003/role/terseLabel"/>
    <link:loc xlink:type="locator" xlink:href="../../c-ross_irr_core_2015-12-31.xsd#c-ross_irr_LiquidityRiskForLifeInsuranceCompanyProjectedNetCashFlowTestUnderBaseScenariosScore" xlink:label="ProjectedNetCashFlowTestUnderBaseScenariosScoreLiquidityRiskForLifeInsuranceCompany" xlink:title="ProjectedNetCashFlowTestUnderBaseScenariosScoreLiquidityRiskForLifeInsuranceCompany"/>
    <link:presentationArc xlink:type="arc" xlink:arcrole="http://www.xbrl.org/2003/arcrole/parent-child" xlink:from="NetCashFlowScoreLiquidityRiskForLifeInsuranceCompany" xlink:to="ProjectedNetCashFlowTestUnderBaseScenariosScoreLiquidityRiskForLifeInsuranceCompany" xlink:title="presentation: NetCashFlowScoreLiquidityRiskForLifeInsuranceCompany to ProjectedNetCashFlowTestUnderBaseScenariosScoreLiquidityRiskForLifeInsuranceCompany" use="optional" order="20.0" preferredLabel="http://www.xbrl.org/2003/role/terseLabel"/>
    <link:loc xlink:type="locator" xlink:href="../../c-ross_irr_core_2015-12-31.xsd#c-ross_irr_LiquidityRiskForLifeInsuranceCompanyNetCashFlowInNextFirstQuarterUnderBaseScenarios" xlink:label="NetCashFlowInNextFirstQuarterUnderBaseScenariosLiquidityRiskForLifeInsuranceCompany" xlink:title="NetCashFlowInNextFirstQuarterUnderBaseScenariosLiquidityRiskForLifeInsuranceCompany"/>
    <link:presentationArc xlink:type="arc" xlink:arcrole="http://www.xbrl.org/2003/arcrole/parent-child" xlink:from="ProjectedNetCashFlowTestUnderBaseScenariosScoreLiquidityRiskForLifeInsuranceCompany" xlink:to="NetCashFlowInNextFirstQuarterUnderBaseScenariosLiquidityRiskForLifeInsuranceCompany" xlink:title="presentation: ProjectedNetCashFlowTestUnderBaseScenariosScoreLiquidityRiskForLifeInsuranceCompany to NetCashFlowInNextFirstQuarterUnderBaseScenariosLiquidityRiskForLifeInsuranceCompany" use="optional" order="10.0" preferredLabel="http://www.xbrl.org/2003/role/terseLabel"/>
    <link:loc xlink:type="locator" xlink:href="../../c-ross_irr_core_2015-12-31.xsd#c-ross_irr_LiquidityRiskForLifeInsuranceCompanyNetCashFlowInNextSecondQuarterUnderBaseScenarios" xlink:label="NetCashFlowInNextSecondQuarterUnderBaseScenariosLiquidityRiskForLifeInsuranceCompany" xlink:title="NetCashFlowInNextSecondQuarterUnderBaseScenariosLiquidityRiskForLifeInsuranceCompany"/>
    <link:presentationArc xlink:type="arc" xlink:arcrole="http://www.xbrl.org/2003/arcrole/parent-child" xlink:from="ProjectedNetCashFlowTestUnderBaseScenariosScoreLiquidityRiskForLifeInsuranceCompany" xlink:to="NetCashFlowInNextSecondQuarterUnderBaseScenariosLiquidityRiskForLifeInsuranceCompany" xlink:title="presentation: ProjectedNetCashFlowTestUnderBaseScenariosScoreLiquidityRiskForLifeInsuranceCompany to NetCashFlowInNextSecondQuarterUnderBaseScenariosLiquidityRiskForLifeInsuranceCompany" use="optional" order="20.0" preferredLabel="http://www.xbrl.org/2003/role/terseLabel"/>
    <link:loc xlink:type="locator" xlink:href="../../c-ross_irr_core_2015-12-31.xsd#c-ross_irr_LiquidityRiskForLifeInsuranceCompanyNetCashFlowInNextThirdQuarterUnderBaseScenarios" xlink:label="NetCashFlowInNextThirdQuarterUnderBaseScenariosLiquidityRiskForLifeInsuranceCompany" xlink:title="NetCashFlowInNextThirdQuarterUnderBaseScenariosLiquidityRiskForLifeInsuranceCompany"/>
    <link:presentationArc xlink:type="arc" xlink:arcrole="http://www.xbrl.org/2003/arcrole/parent-child" xlink:from="ProjectedNetCashFlowTestUnderBaseScenariosScoreLiquidityRiskForLifeInsuranceCompany" xlink:to="NetCashFlowInNextThirdQuarterUnderBaseScenariosLiquidityRiskForLifeInsuranceCompany" xlink:title="presentation: ProjectedNetCashFlowTestUnderBaseScenariosScoreLiquidityRiskForLifeInsuranceCompany to NetCashFlowInNextThirdQuarterUnderBaseScenariosLiquidityRiskForLifeInsuranceCompany" use="optional" order="30.0" preferredLabel="http://www.xbrl.org/2003/role/terseLabel"/>
    <link:loc xlink:type="locator" xlink:href="../../c-ross_irr_core_2015-12-31.xsd#c-ross_irr_LiquidityRiskForLifeInsuranceCompanyNetCashFlowInNextFourthQuarterUnderBaseScenarios" xlink:label="NetCashFlowInNextFourthQuarterUnderBaseScenariosLiquidityRiskForLifeInsuranceCompany" xlink:title="NetCashFlowInNextFourthQuarterUnderBaseScenariosLiquidityRiskForLifeInsuranceCompany"/>
    <link:presentationArc xlink:type="arc" xlink:arcrole="http://www.xbrl.org/2003/arcrole/parent-child" xlink:from="ProjectedNetCashFlowTestUnderBaseScenariosScoreLiquidityRiskForLifeInsuranceCompany" xlink:to="NetCashFlowInNextFourthQuarterUnderBaseScenariosLiquidityRiskForLifeInsuranceCompany" xlink:title="presentation: ProjectedNetCashFlowTestUnderBaseScenariosScoreLiquidityRiskForLifeInsuranceCompany to NetCashFlowInNextFourthQuarterUnderBaseScenariosLiquidityRiskForLifeInsuranceCompany" use="optional" order="40.0" preferredLabel="http://www.xbrl.org/2003/role/terseLabel"/>
    <link:loc xlink:type="locator" xlink:href="../../c-ross_irr_core_2015-12-31.xsd#c-ross_irr_LiquidityRiskForLifeInsuranceCompanyNetCashFlowInNextTwoYearsAfterReportingDateUnderBaseScenarios" xlink:label="NetCashFlowInNextTwoYearsAfterReportingDateUnderBaseScenariosLiquidityRiskForLifeInsuranceCompany" xlink:title="NetCashFlowInNextTwoYearsAfterReportingDateUnderBaseScenariosLiquidityRiskForLifeInsuranceCompany"/>
    <link:presentationArc xlink:type="arc" xlink:arcrole="http://www.xbrl.org/2003/arcrole/parent-child" xlink:from="ProjectedNetCashFlowTestUnderBaseScenariosScoreLiquidityRiskForLifeInsuranceCompany" xlink:to="NetCashFlowInNextTwoYearsAfterReportingDateUnderBaseScenariosLiquidityRiskForLifeInsuranceCompany" xlink:title="presentation: ProjectedNetCashFlowTestUnderBaseScenariosScoreLiquidityRiskForLifeInsuranceCompany to NetCashFlowInNextTwoYearsAfterReportingDateUnderBaseScenariosLiquidityRiskForLifeInsuranceCompany" use="optional" order="50.0" preferredLabel="http://www.xbrl.org/2003/role/terseLabel"/>
    <link:loc xlink:type="locator" xlink:href="../../c-ross_irr_core_2015-12-31.xsd#c-ross_irr_LiquidityRiskForLifeInsuranceCompanyNetCashFlowInNextThreeYearsAfterReportingDateUnderBaseScenarios" xlink:label="NetCashFlowInNextThreeYearsAfterReportingDateUnderBaseScenariosLiquidityRiskForLifeInsuranceCompany" xlink:title="NetCashFlowInNextThreeYearsAfterReportingDateUnderBaseScenariosLiquidityRiskForLifeInsuranceCompany"/>
    <link:presentationArc xlink:type="arc" xlink:arcrole="http://www.xbrl.org/2003/arcrole/parent-child" xlink:from="ProjectedNetCashFlowTestUnderBaseScenariosScoreLiquidityRiskForLifeInsuranceCompany" xlink:to="NetCashFlowInNextThreeYearsAfterReportingDateUnderBaseScenariosLiquidityRiskForLifeInsuranceCompany" xlink:title="presentation: ProjectedNetCashFlowTestUnderBaseScenariosScoreLiquidityRiskForLifeInsuranceCompany to NetCashFlowInNextThreeYearsAfterReportingDateUnderBaseScenariosLiquidityRiskForLifeInsuranceCompany" use="optional" order="60.0" preferredLabel="http://www.xbrl.org/2003/role/terseLabel"/>
    <link:loc xlink:type="locator" xlink:href="../../c-ross_irr_core_2015-12-31.xsd#c-ross_irr_LiquidityRiskForLifeInsuranceCompanyProjectedNetCashFlowTestUnderStressScenariosScore" xlink:label="ProjectedNetCashFlowTestUnderStressScenariosScoreLiquidityRiskForLifeInsuranceCompany" xlink:title="ProjectedNetCashFlowTestUnderStressScenariosScoreLiquidityRiskForLifeInsuranceCompany"/>
    <link:presentationArc xlink:type="arc" xlink:arcrole="http://www.xbrl.org/2003/arcrole/parent-child" xlink:from="NetCashFlowScoreLiquidityRiskForLifeInsuranceCompany" xlink:to="ProjectedNetCashFlowTestUnderStressScenariosScoreLiquidityRiskForLifeInsuranceCompany" xlink:title="presentation: NetCashFlowScoreLiquidityRiskForLifeInsuranceCompany to ProjectedNetCashFlowTestUnderStressScenariosScoreLiquidityRiskForLifeInsuranceCompany" use="optional" order="30.0" preferredLabel="http://www.xbrl.org/2003/role/terseLabel"/>
    <link:loc xlink:type="locator" xlink:href="../../c-ross_irr_core_2015-12-31.xsd#c-ross_irr_LiquidityRiskForLifeInsuranceCompanyNetCashFlowInNextFirstQuarterUnderStressScenariosOne" xlink:label="NetCashFlowInNextFirstQuarterUnderStressScenariosOneLiquidityRiskForLifeInsuranceCompany" xlink:title="NetCashFlowInNextFirstQuarterUnderStressScenariosOneLiquidityRiskForLifeInsuranceCompany"/>
    <link:presentationArc xlink:type="arc" xlink:arcrole="http://www.xbrl.org/2003/arcrole/parent-child" xlink:from="ProjectedNetCashFlowTestUnderStressScenariosScoreLiquidityRiskForLifeInsuranceCompany" xlink:to="NetCashFlowInNextFirstQuarterUnderStressScenariosOneLiquidityRiskForLifeInsuranceCompany" xlink:title="presentation: ProjectedNetCashFlowTestUnderStressScenariosScoreLiquidityRiskForLifeInsuranceCompany to NetCashFlowInNextFirstQuarterUnderStressScenariosOneLiquidityRiskForLifeInsuranceCompany" use="optional" order="10.0" preferredLabel="http://www.xbrl.org/2003/role/terseLabel"/>
    <link:loc xlink:type="locator" xlink:href="../../c-ross_irr_core_2015-12-31.xsd#c-ross_irr_LiquidityRiskForLifeInsuranceCompanyNetCashFlowInNextSecondQuarterUnderStressScenariosOne" xlink:label="NetCashFlowInNextSecondQuarterUnderStressScenariosOneLiquidityRiskForLifeInsuranceCompany" xlink:title="NetCashFlowInNextSecondQuarterUnderStressScenariosOneLiquidityRiskForLifeInsuranceCompany"/>
    <link:presentationArc xlink:type="arc" xlink:arcrole="http://www.xbrl.org/2003/arcrole/parent-child" xlink:from="ProjectedNetCashFlowTestUnderStressScenariosScoreLiquidityRiskForLifeInsuranceCompany" xlink:to="NetCashFlowInNextSecondQuarterUnderStressScenariosOneLiquidityRiskForLifeInsuranceCompany" xlink:title="presentation: ProjectedNetCashFlowTestUnderStressScenariosScoreLiquidityRiskForLifeInsuranceCompany to NetCashFlowInNextSecondQuarterUnderStressScenariosOneLiquidityRiskForLifeInsuranceCompany" use="optional" order="20.0" preferredLabel="http://www.xbrl.org/2003/role/terseLabel"/>
    <link:loc xlink:type="locator" xlink:href="../../c-ross_irr_core_2015-12-31.xsd#c-ross_irr_LiquidityRiskForLifeInsuranceCompanyNetCashFlowInNextThirdQuarterUnderStressScenariosOne" xlink:label="NetCashFlowInNextThirdQuarterUnderStressScenariosOneLiquidityRiskForLifeInsuranceCompany" xlink:title="NetCashFlowInNextThirdQuarterUnderStressScenariosOneLiquidityRiskForLifeInsuranceCompany"/>
    <link:presentationArc xlink:type="arc" xlink:arcrole="http://www.xbrl.org/2003/arcrole/parent-child" xlink:from="ProjectedNetCashFlowTestUnderStressScenariosScoreLiquidityRiskForLifeInsuranceCompany" xlink:to="NetCashFlowInNextThirdQuarterUnderStressScenariosOneLiquidityRiskForLifeInsuranceCompany" xlink:title="presentation: ProjectedNetCashFlowTestUnderStressScenariosScoreLiquidityRiskForLifeInsuranceCompany to NetCashFlowInNextThirdQuarterUnderStressScenariosOneLiquidityRiskForLifeInsuranceCompany" use="optional" order="30.0" preferredLabel="http://www.xbrl.org/2003/role/terseLabel"/>
    <link:loc xlink:type="locator" xlink:href="../../c-ross_irr_core_2015-12-31.xsd#c-ross_irr_LiquidityRiskForLifeInsuranceCompanyNetCashFlowInNextFourthQuarterUnderStressScenariosOne" xlink:label="NetCashFlowInNextFourthQuarterUnderStressScenariosOneLiquidityRiskForLifeInsuranceCompany" xlink:title="NetCashFlowInNextFourthQuarterUnderStressScenariosOneLiquidityRiskForLifeInsuranceCompany"/>
    <link:presentationArc xlink:type="arc" xlink:arcrole="http://www.xbrl.org/2003/arcrole/parent-child" xlink:from="ProjectedNetCashFlowTestUnderStressScenariosScoreLiquidityRiskForLifeInsuranceCompany" xlink:to="NetCashFlowInNextFourthQuarterUnderStressScenariosOneLiquidityRiskForLifeInsuranceCompany" xlink:title="presentation: ProjectedNetCashFlowTestUnderStressScenariosScoreLiquidityRiskForLifeInsuranceCompany to NetCashFlowInNextFourthQuarterUnderStressScenariosOneLiquidityRiskForLifeInsuranceCompany" use="optional" order="40.0" preferredLabel="http://www.xbrl.org/2003/role/terseLabel"/>
    <link:loc xlink:type="locator" xlink:href="../../c-ross_irr_core_2015-12-31.xsd#c-ross_irr_LiquidityRiskForLifeInsuranceCompanyNetCashFlowInNextTwoYearsAfterReportingDateUnderBaseScenariosOne" xlink:label="NetCashFlowInNextTwoYearsAfterReportingDateUnderBaseScenariosOneLiquidityRiskForLifeInsuranceCompany" xlink:title="NetCashFlowInNextTwoYearsAfterReportingDateUnderBaseScenariosOneLiquidityRiskForLifeInsuranceCompany"/>
    <link:presentationArc xlink:type="arc" xlink:arcrole="http://www.xbrl.org/2003/arcrole/parent-child" xlink:from="ProjectedNetCashFlowTestUnderStressScenariosScoreLiquidityRiskForLifeInsuranceCompany" xlink:to="NetCashFlowInNextTwoYearsAfterReportingDateUnderBaseScenariosOneLiquidityRiskForLifeInsuranceCompany" xlink:title="presentation: ProjectedNetCashFlowTestUnderStressScenariosScoreLiquidityRiskForLifeInsuranceCompany to NetCashFlowInNextTwoYearsAfterReportingDateUnderBaseScenariosOneLiquidityRiskForLifeInsuranceCompany" use="optional" order="50.0" preferredLabel="http://www.xbrl.org/2003/role/terseLabel"/>
    <link:loc xlink:type="locator" xlink:href="../../c-ross_irr_core_2015-12-31.xsd#c-ross_irr_LiquidityRiskForLifeInsuranceCompanyNetCashFlowInNextThreeYearsAfterReportingDateUnderBaseScenariosOne" xlink:label="NetCashFlowInNextThreeYearsAfterReportingDateUnderBaseScenariosOneLiquidityRiskForLifeInsuranceCompany" xlink:title="NetCashFlowInNextThreeYearsAfterReportingDateUnderBaseScenariosOneLiquidityRiskForLifeInsuranceCompany"/>
    <link:presentationArc xlink:type="arc" xlink:arcrole="http://www.xbrl.org/2003/arcrole/parent-child" xlink:from="ProjectedNetCashFlowTestUnderStressScenariosScoreLiquidityRiskForLifeInsuranceCompany" xlink:to="NetCashFlowInNextThreeYearsAfterReportingDateUnderBaseScenariosOneLiquidityRiskForLifeInsuranceCompany" xlink:title="presentation: ProjectedNetCashFlowTestUnderStressScenariosScoreLiquidityRiskForLifeInsuranceCompany to NetCashFlowInNextThreeYearsAfterReportingDateUnderBaseScenariosOneLiquidityRiskForLifeInsuranceCompany" use="optional" order="60.0" preferredLabel="http://www.xbrl.org/2003/role/terseLabel"/>
    <link:loc xlink:type="locator" xlink:href="../../c-ross_irr_core_2015-12-31.xsd#c-ross_irr_LiquidityRiskForLifeInsuranceCompanyNetCashFlowInNextFirstQuarterUnderStressScenariosTwo" xlink:label="NetCashFlowInNextFirstQuarterUnderStressScenariosTwoLiquidityRiskForLifeInsuranceCompany" xlink:title="NetCashFlowInNextFirstQuarterUnderStressScenariosTwoLiquidityRiskForLifeInsuranceCompany"/>
    <link:presentationArc xlink:type="arc" xlink:arcrole="http://www.xbrl.org/2003/arcrole/parent-child" xlink:from="ProjectedNetCashFlowTestUnderStressScenariosScoreLiquidityRiskForLifeInsuranceCompany" xlink:to="NetCashFlowInNextFirstQuarterUnderStressScenariosTwoLiquidityRiskForLifeInsuranceCompany" xlink:title="presentation: ProjectedNetCashFlowTestUnderStressScenariosScoreLiquidityRiskForLifeInsuranceCompany to NetCashFlowInNextFirstQuarterUnderStressScenariosTwoLiquidityRiskForLifeInsuranceCompany" use="optional" order="70.0" preferredLabel="http://www.xbrl.org/2003/role/terseLabel"/>
    <link:loc xlink:type="locator" xlink:href="../../c-ross_irr_core_2015-12-31.xsd#c-ross_irr_LiquidityRiskForLifeInsuranceCompanyNetCashFlowInNextSecondQuarterUnderStressScenariosTwo" xlink:label="NetCashFlowInNextSecondQuarterUnderStressScenariosTwoLiquidityRiskForLifeInsuranceCompany" xlink:title="NetCashFlowInNextSecondQuarterUnderStressScenariosTwoLiquidityRiskForLifeInsuranceCompany"/>
    <link:presentationArc xlink:type="arc" xlink:arcrole="http://www.xbrl.org/2003/arcrole/parent-child" xlink:from="ProjectedNetCashFlowTestUnderStressScenariosScoreLiquidityRiskForLifeInsuranceCompany" xlink:to="NetCashFlowInNextSecondQuarterUnderStressScenariosTwoLiquidityRiskForLifeInsuranceCompany" xlink:title="presentation: ProjectedNetCashFlowTestUnderStressScenariosScoreLiquidityRiskForLifeInsuranceCompany to NetCashFlowInNextSecondQuarterUnderStressScenariosTwoLiquidityRiskForLifeInsuranceCompany" use="optional" order="80.0" preferredLabel="http://www.xbrl.org/2003/role/terseLabel"/>
    <link:loc xlink:type="locator" xlink:href="../../c-ross_irr_core_2015-12-31.xsd#c-ross_irr_LiquidityRiskForLifeInsuranceCompanyNetCashFlowInNextThirdQuarterUnderStressScenariosTwo" xlink:label="NetCashFlowInNextThirdQuarterUnderStressScenariosTwoLiquidityRiskForLifeInsuranceCompany" xlink:title="NetCashFlowInNextThirdQuarterUnderStressScenariosTwoLiquidityRiskForLifeInsuranceCompany"/>
    <link:presentationArc xlink:type="arc" xlink:arcrole="http://www.xbrl.org/2003/arcrole/parent-child" xlink:from="ProjectedNetCashFlowTestUnderStressScenariosScoreLiquidityRiskForLifeInsuranceCompany" xlink:to="NetCashFlowInNextThirdQuarterUnderStressScenariosTwoLiquidityRiskForLifeInsuranceCompany" xlink:title="presentation: ProjectedNetCashFlowTestUnderStressScenariosScoreLiquidityRiskForLifeInsuranceCompany to NetCashFlowInNextThirdQuarterUnderStressScenariosTwoLiquidityRiskForLifeInsuranceCompany" use="optional" order="90.0" preferredLabel="http://www.xbrl.org/2003/role/terseLabel"/>
    <link:loc xlink:type="locator" xlink:href="../../c-ross_irr_core_2015-12-31.xsd#c-ross_irr_LiquidityRiskForLifeInsuranceCompanyNetCashFlowInNextFourthQuarterUnderStressScenariosTwo" xlink:label="NetCashFlowInNextFourthQuarterUnderStressScenariosTwoLiquidityRiskForLifeInsuranceCompany" xlink:title="NetCashFlowInNextFourthQuarterUnderStressScenariosTwoLiquidityRiskForLifeInsuranceCompany"/>
    <link:presentationArc xlink:type="arc" xlink:arcrole="http://www.xbrl.org/2003/arcrole/parent-child" xlink:from="ProjectedNetCashFlowTestUnderStressScenariosScoreLiquidityRiskForLifeInsuranceCompany" xlink:to="NetCashFlowInNextFourthQuarterUnderStressScenariosTwoLiquidityRiskForLifeInsuranceCompany" xlink:title="presentation: ProjectedNetCashFlowTestUnderStressScenariosScoreLiquidityRiskForLifeInsuranceCompany to NetCashFlowInNextFourthQuarterUnderStressScenariosTwoLiquidityRiskForLifeInsuranceCompany" use="optional" order="100.0" preferredLabel="http://www.xbrl.org/2003/role/terseLabel"/>
    <link:loc xlink:type="locator" xlink:href="../../c-ross_irr_core_2015-12-31.xsd#c-ross_irr_LiquidityRiskForLifeInsuranceCompanyNetCashFlowInNextTwoYearsAfterReportingDateUnderBaseScenariosTwo" xlink:label="NetCashFlowInNextTwoYearsAfterReportingDateUnderBaseScenariosTwoLiquidityRiskForLifeInsuranceCompany" xlink:title="NetCashFlowInNextTwoYearsAfterReportingDateUnderBaseScenariosTwoLiquidityRiskForLifeInsuranceCompany"/>
    <link:presentationArc xlink:type="arc" xlink:arcrole="http://www.xbrl.org/2003/arcrole/parent-child" xlink:from="ProjectedNetCashFlowTestUnderStressScenariosScoreLiquidityRiskForLifeInsuranceCompany" xlink:to="NetCashFlowInNextTwoYearsAfterReportingDateUnderBaseScenariosTwoLiquidityRiskForLifeInsuranceCompany" xlink:title="presentation: ProjectedNetCashFlowTestUnderStressScenariosScoreLiquidityRiskForLifeInsuranceCompany to NetCashFlowInNextTwoYearsAfterReportingDateUnderBaseScenariosTwoLiquidityRiskForLifeInsuranceCompany" use="optional" order="110.0" preferredLabel="http://www.xbrl.org/2003/role/terseLabel"/>
    <link:loc xlink:type="locator" xlink:href="../../c-ross_irr_core_2015-12-31.xsd#c-ross_irr_LiquidityRiskForLifeInsuranceCompanyNetCashFlowInNextThreeYearsAfterReportingDateUnderBaseScenariosTwo" xlink:label="NetCashFlowInNextThreeYearsAfterReportingDateUnderBaseScenariosTwoLiquidityRiskForLifeInsuranceCompany" xlink:title="NetCashFlowInNextThreeYearsAfterReportingDateUnderBaseScenariosTwoLiquidityRiskForLifeInsuranceCompany"/>
    <link:presentationArc xlink:type="arc" xlink:arcrole="http://www.xbrl.org/2003/arcrole/parent-child" xlink:from="ProjectedNetCashFlowTestUnderStressScenariosScoreLiquidityRiskForLifeInsuranceCompany" xlink:to="NetCashFlowInNextThreeYearsAfterReportingDateUnderBaseScenariosTwoLiquidityRiskForLifeInsuranceCompany" xlink:title="presentation: ProjectedNetCashFlowTestUnderStressScenariosScoreLiquidityRiskForLifeInsuranceCompany to NetCashFlowInNextThreeYearsAfterReportingDateUnderBaseScenariosTwoLiquidityRiskForLifeInsuranceCompany" use="optional" order="120.0" preferredLabel="http://www.xbrl.org/2003/role/terseLabel"/>
    <link:loc xlink:type="locator" xlink:href="../../c-ross_irr_core_2015-12-31.xsd#c-ross_irr_LiquidityRiskForLifeInsuranceCompanyIntegratedCurrentRatioScore" xlink:label="IntegratedCurrentRatioScoreLiquidityRiskForLifeInsuranceCompany" xlink:title="IntegratedCurrentRatioScoreLiquidityRiskForLifeInsuranceCompany"/>
    <link:presentationArc xlink:type="arc" xlink:arcrole="http://www.xbrl.org/2003/arcrole/parent-child" xlink:from="SupervisionIndicatorsForLiquidityRiskScoreLiquidityRiskForLifeInsuranceCompany" xlink:to="IntegratedCurrentRatioScoreLiquidityRiskForLifeInsuranceCompany" xlink:title="presentation: SupervisionIndicatorsForLiquidityRiskScoreLiquidityRiskForLifeInsuranceCompany to IntegratedCurrentRatioScoreLiquidityRiskForLifeInsuranceCompany" use="optional" order="20.0" preferredLabel="http://www.xbrl.org/2003/role/terseLabel"/>
    <link:loc xlink:type="locator" xlink:href="../../c-ross_irr_core_2015-12-31.xsd#c-ross_irr_LiquidityRiskForLifeInsuranceCompanyIntegratedCurrentRatioInThreeMonths" xlink:label="IntegratedCurrentRatioInThreeMonthsLiquidityRiskForLifeInsuranceCompany" xlink:title="IntegratedCurrentRatioInThreeMonthsLiquidityRiskForLifeInsuranceCompany"/>
    <link:presentationArc xlink:type="arc" xlink:arcrole="http://www.xbrl.org/2003/arcrole/parent-child" xlink:from="IntegratedCurrentRatioScoreLiquidityRiskForLifeInsuranceCompany" xlink:to="IntegratedCurrentRatioInThreeMonthsLiquidityRiskForLifeInsuranceCompany" xlink:title="presentation: IntegratedCurrentRatioScoreLiquidityRiskForLifeInsuranceCompany to IntegratedCurrentRatioInThreeMonthsLiquidityRiskForLifeInsuranceCompany" use="optional" order="10.0" preferredLabel="http://www.xbrl.org/2003/role/terseLabel"/>
    <link:loc xlink:type="locator" xlink:href="../../c-ross_irr_core_2015-12-31.xsd#c-ross_irr_LiquidityRiskForLifeInsuranceCompanyIntegratedCurrentRatioInOneYear" xlink:label="IntegratedCurrentRatioInOneYearLiquidityRiskForLifeInsuranceCompany" xlink:title="IntegratedCurrentRatioInOneYearLiquidityRiskForLifeInsuranceCompany"/>
    <link:presentationArc xlink:type="arc" xlink:arcrole="http://www.xbrl.org/2003/arcrole/parent-child" xlink:from="IntegratedCurrentRatioScoreLiquidityRiskForLifeInsuranceCompany" xlink:to="IntegratedCurrentRatioInOneYearLiquidityRiskForLifeInsuranceCompany" xlink:title="presentation: IntegratedCurrentRatioScoreLiquidityRiskForLifeInsuranceCompany to IntegratedCurrentRatioInOneYearLiquidityRiskForLifeInsuranceCompany" use="optional" order="20.0" preferredLabel="http://www.xbrl.org/2003/role/terseLabel"/>
    <link:loc xlink:type="locator" xlink:href="../../c-ross_irr_core_2015-12-31.xsd#c-ross_irr_LiquidityRiskForLifeInsuranceCompanyIntegratedCurrentRatioOneToThreeYears" xlink:label="IntegratedCurrentRatioOneToThreeYearsLiquidityRiskForLifeInsuranceCompany" xlink:title="IntegratedCurrentRatioOneToThreeYearsLiquidityRiskForLifeInsuranceCompany"/>
    <link:presentationArc xlink:type="arc" xlink:arcrole="http://www.xbrl.org/2003/arcrole/parent-child" xlink:from="IntegratedCurrentRatioScoreLiquidityRiskForLifeInsuranceCompany" xlink:to="IntegratedCurrentRatioOneToThreeYearsLiquidityRiskForLifeInsuranceCompany" xlink:title="presentation: IntegratedCurrentRatioScoreLiquidityRiskForLifeInsuranceCompany to IntegratedCurrentRatioOneToThreeYearsLiquidityRiskForLifeInsuranceCompany" use="optional" order="30.0" preferredLabel="http://www.xbrl.org/2003/role/terseLabel"/>
    <link:loc xlink:type="locator" xlink:href="../../c-ross_irr_core_2015-12-31.xsd#c-ross_irr_LiquidityRiskForLifeInsuranceCompanyIntegratedCurrentRatioThreeToFiveYears" xlink:label="IntegratedCurrentRatioThreeToFiveYearsLiquidityRiskForLifeInsuranceCompany" xlink:title="IntegratedCurrentRatioThreeToFiveYearsLiquidityRiskForLifeInsuranceCompany"/>
    <link:presentationArc xlink:type="arc" xlink:arcrole="http://www.xbrl.org/2003/arcrole/parent-child" xlink:from="IntegratedCurrentRatioScoreLiquidityRiskForLifeInsuranceCompany" xlink:to="IntegratedCurrentRatioThreeToFiveYearsLiquidityRiskForLifeInsuranceCompany" xlink:title="presentation: IntegratedCurrentRatioScoreLiquidityRiskForLifeInsuranceCompany to IntegratedCurrentRatioThreeToFiveYearsLiquidityRiskForLifeInsuranceCompany" use="optional" order="40.0" preferredLabel="http://www.xbrl.org/2003/role/terseLabel"/>
    <link:loc xlink:type="locator" xlink:href="../../c-ross_irr_core_2015-12-31.xsd#c-ross_irr_LiquidityRiskForLifeInsuranceCompanyIntegratedCurrentRatioFiveYearsAbove" xlink:label="IntegratedCurrentRatioFiveYearsAboveLiquidityRiskForLifeInsuranceCompany" xlink:title="IntegratedCurrentRatioFiveYearsAboveLiquidityRiskForLifeInsuranceCompany"/>
    <link:presentationArc xlink:type="arc" xlink:arcrole="http://www.xbrl.org/2003/arcrole/parent-child" xlink:from="IntegratedCurrentRatioScoreLiquidityRiskForLifeInsuranceCompany" xlink:to="IntegratedCurrentRatioFiveYearsAboveLiquidityRiskForLifeInsuranceCompany" xlink:title="presentation: IntegratedCurrentRatioScoreLiquidityRiskForLifeInsuranceCompany to IntegratedCurrentRatioFiveYearsAboveLiquidityRiskForLifeInsuranceCompany" use="optional" order="50.0" preferredLabel="http://www.xbrl.org/2003/role/terseLabel"/>
    <link:loc xlink:type="locator" xlink:href="../../c-ross_irr_core_2015-12-31.xsd#c-ross_irr_LiquidityRiskForLifeInsuranceCompanyLiquidityCoverageRatioScore" xlink:label="LiquidityCoverageRatioScoreLiquidityRiskForLifeInsuranceCompany" xlink:title="LiquidityCoverageRatioScoreLiquidityRiskForLifeInsuranceCompany"/>
    <link:presentationArc xlink:type="arc" xlink:arcrole="http://www.xbrl.org/2003/arcrole/parent-child" xlink:from="SupervisionIndicatorsForLiquidityRiskScoreLiquidityRiskForLifeInsuranceCompany" xlink:to="LiquidityCoverageRatioScoreLiquidityRiskForLifeInsuranceCompany" xlink:title="presentation: SupervisionIndicatorsForLiquidityRiskScoreLiquidityRiskForLifeInsuranceCompany to LiquidityCoverageRatioScoreLiquidityRiskForLifeInsuranceCompany" use="optional" order="30.0" preferredLabel="http://www.xbrl.org/2003/role/terseLabel"/>
    <link:loc xlink:type="locator" xlink:href="../../c-ross_irr_core_2015-12-31.xsd#c-ross_irr_LiquidityRiskForLifeInsuranceCompanyLiquidityCoverageRatioForFirmAsWholeUnderStressScenariosOne" xlink:label="LiquidityCoverageRatioForFirmAsWholeUnderStressScenariosOneLiquidityRiskForLifeInsuranceCompany" xlink:title="LiquidityCoverageRatioForFirmAsWholeUnderStressScenariosOneLiquidityRiskForLifeInsuranceCompany"/>
    <link:presentationArc xlink:type="arc" xlink:arcrole="http://www.xbrl.org/2003/arcrole/parent-child" xlink:from="LiquidityCoverageRatioScoreLiquidityRiskForLifeInsuranceCompany" xlink:to="LiquidityCoverageRatioForFirmAsWholeUnderStressScenariosOneLiquidityRiskForLifeInsuranceCompany" xlink:title="presentation: LiquidityCoverageRatioScoreLiquidityRiskForLifeInsuranceCompany to LiquidityCoverageRatioForFirmAsWholeUnderStressScenariosOneLiquidityRiskForLifeInsuranceCompany" use="optional" order="10.0" preferredLabel="http://www.xbrl.org/2003/role/terseLabel"/>
    <link:loc xlink:type="locator" xlink:href="../../c-ross_irr_core_2015-12-31.xsd#c-ross_irr_LiquidityRiskForLifeInsuranceCompanyLiquidityCoverageRatioForIndependentAccountUnderStressScenarioOne" xlink:label="LiquidityCoverageRatioForIndependentAccountUnderStressScenariosOneLiquidityRiskForLifeInsuranceCompany" xlink:title="LiquidityCoverageRatioForIndependentAccountUnderStressScenariosOneLiquidityRiskForLifeInsuranceCompany"/>
    <link:presentationArc xlink:type="arc" xlink:arcrole="http://www.xbrl.org/2003/arcrole/parent-child" xlink:from="LiquidityCoverageRatioScoreLiquidityRiskForLifeInsuranceCompany" xlink:to="LiquidityCoverageRatioForIndependentAccountUnderStressScenariosOneLiquidityRiskForLifeInsuranceCompany" xlink:title="presentation: LiquidityCoverageRatioScoreLiquidityRiskForLifeInsuranceCompany to LiquidityCoverageRatioForIndependentAccountUnderStressScenariosOneLiquidityRiskForLifeInsuranceCompany" use="optional" order="20.0" preferredLabel="http://www.xbrl.org/2003/role/terseLabel"/>
    <link:loc xlink:type="locator" xlink:href="../../c-ross_irr_core_2015-12-31.xsd#c-ross_irr_LiquidityRiskForLifeInsuranceCompanyLiquidityCoverageRatioForOverallCompanyUnderStressScenarioTwo" xlink:label="LiquidityCoverageRatioForFirmAsWholeUnderStressScenariosTwoLiquidityRiskForLifeInsuranceCompany" xlink:title="LiquidityCoverageRatioForFirmAsWholeUnderStressScenariosTwoLiquidityRiskForLifeInsuranceCompany"/>
    <link:presentationArc xlink:type="arc" xlink:arcrole="http://www.xbrl.org/2003/arcrole/parent-child" xlink:from="LiquidityCoverageRatioScoreLiquidityRiskForLifeInsuranceCompany" xlink:to="LiquidityCoverageRatioForFirmAsWholeUnderStressScenariosTwoLiquidityRiskForLifeInsuranceCompany" xlink:title="presentation: LiquidityCoverageRatioScoreLiquidityRiskForLifeInsuranceCompany to LiquidityCoverageRatioForFirmAsWholeUnderStressScenariosTwoLiquidityRiskForLifeInsuranceCompany" use="optional" order="30.0" preferredLabel="http://www.xbrl.org/2003/role/terseLabel"/>
    <link:loc xlink:type="locator" xlink:href="../../c-ross_irr_core_2015-12-31.xsd#c-ross_irr_LiquidityRiskForLifeInsuranceCompanyLiquidityCoverageRatioForIndependentAccountUnderStressScenarioTwo" xlink:label="LiquidityCoverageRatioForIndependentAccountUnderStressScenariosTwoLiquidityRiskForLifeInsuranceCompany" xlink:title="LiquidityCoverageRatioForIndependentAccountUnderStressScenariosTwoLiquidityRiskForLifeInsuranceCompany"/>
    <link:presentationArc xlink:type="arc" xlink:arcrole="http://www.xbrl.org/2003/arcrole/parent-child" xlink:from="LiquidityCoverageRatioScoreLiquidityRiskForLifeInsuranceCompany" xlink:to="LiquidityCoverageRatioForIndependentAccountUnderStressScenariosTwoLiquidityRiskForLifeInsuranceCompany" xlink:title="presentation: LiquidityCoverageRatioScoreLiquidityRiskForLifeInsuranceCompany to LiquidityCoverageRatioForIndependentAccountUnderStressScenariosTwoLiquidityRiskForLifeInsuranceCompany" use="optional" order="40.0" preferredLabel="http://www.xbrl.org/2003/role/terseLabel"/>
    <link:loc xlink:type="locator" xlink:href="../../c-ross_irr_core_2015-12-31.xsd#c-ross_irr_LiquidityRiskForLifeInsuranceCompanyScore" xlink:label="LiquidityRiskForLifeInsuranceCompanyScore" xlink:title="LiquidityRiskForLifeInsuranceCompanyScore"/>
    <link:presentationArc xlink:type="arc" xlink:arcrole="http://www.xbrl.org/2003/arcrole/parent-child" xlink:from="LiquidityRiskForLifeInsuranceCompanyAbstract" xlink:to="LiquidityRiskForLifeInsuranceCompanyScore" xlink:title="presentation: LiquidityRiskForLifeInsuranceCompanyAbstract to LiquidityRiskForLifeInsuranceCompanyScore" order="30.0" preferredLabel="http://www.xbrl.org/2003/role/totalLabel"/>
    <link:loc xlink:type="locator" xlink:href="../../c-ross_irr_core_2015-12-31.xsd#c-ross_irr_LiquidityRiskForLifeInsuranceCompanyWhetherInsuranceCompaniesSubmittedFakeInformationInRecentFourQuarters" xlink:label="LiquidityRiskForLifeInsuranceCompanyWhetherInsuranceCompaniesSubmittedFakeInformationInRecentFourQuarters" xlink:title="LiquidityRiskForLifeInsuranceCompanyWhetherInsuranceCompaniesSubmittedFakeInformationInRecentFourQuarters"/>
    <link:presentationArc xlink:type="arc" xlink:arcrole="http://www.xbrl.org/2003/arcrole/parent-child" xlink:from="LiquidityRiskForLifeInsuranceCompanyAbstract" xlink:to="LiquidityRiskForLifeInsuranceCompanyWhetherInsuranceCompaniesSubmittedFakeInformationInRecentFourQuarters" xlink:title="presentation: LiquidityRiskForLifeInsuranceCompanyAbstract to LiquidityRiskForLifeInsuranceCompanyWhetherInsuranceCompaniesSubmittedFakeInformationInRecentFourQuarters" order="40.0" preferredLabel="http://www.xbrl.org/2003/role/terseLabel"/>
    <link:loc xlink:type="locator" xlink:href="../../c-ross_irr_core_2015-12-31.xsd#c-ross_irr_LiquidityRiskForLifeInsuranceCompanyRegulatoryAdjustedScore" xlink:label="LiquidityRiskForLifeInsuranceCompanyAdjustedScore" xlink:title="LiquidityRiskForLifeInsuranceCompanyAdjustedScore"/>
    <link:presentationArc xlink:type="arc" xlink:arcrole="http://www.xbrl.org/2003/arcrole/parent-child" xlink:from="LiquidityRiskForLifeInsuranceCompanyAbstract" xlink:to="LiquidityRiskForLifeInsuranceCompanyAdjustedScore" xlink:title="presentation: LiquidityRiskForLifeInsuranceCompanyAbstract to LiquidityRiskForLifeInsuranceCompanyAdjustedScore" order="50.0" preferredLabel="http://www.xbrl.org/2003/role/terseLabel"/>
    <link:loc xlink:type="locator" xlink:href="../../c-ross_irr_core_2015-12-31.xsd#c-ross_irr_LiquidityRiskForLifeInsuranceCompanyRegulatoryAdjustmentCriterion" xlink:label="LiquidityRiskForLifeInsuranceCompanyAdjustmentCriterion" xlink:title="LiquidityRiskForLifeInsuranceCompanyAdjustmentCriterion"/>
    <link:presentationArc xlink:type="arc" xlink:arcrole="http://www.xbrl.org/2003/arcrole/parent-child" xlink:from="LiquidityRiskForLifeInsuranceCompanyAbstract" xlink:to="LiquidityRiskForLifeInsuranceCompanyAdjustmentCriterion" xlink:title="presentation: LiquidityRiskForLifeInsuranceCompanyAbstract to LiquidityRiskForLifeInsuranceCompanyAdjustmentCriterion" order="60.0" preferredLabel="http://www.xbrl.org/2003/role/terseLabel"/>
    <link:loc xlink:type="locator" xlink:href="../../c-ross_irr_core_2015-12-31.xsd#c-ross_irr_LiquidityRiskForLifeInsuranceCompanyFinalScore" xlink:label="LiquidityRiskForLifeInsuranceCompanyFinalScore" xlink:title="LiquidityRiskForLifeInsuranceCompanyFinalScore"/>
    <link:presentationArc xlink:type="arc" xlink:arcrole="http://www.xbrl.org/2003/arcrole/parent-child" xlink:from="LiquidityRiskForLifeInsuranceCompanyAbstract" xlink:to="LiquidityRiskForLifeInsuranceCompanyFinalScore" xlink:title="presentation: LiquidityRiskForLifeInsuranceCompanyAbstract to LiquidityRiskForLifeInsuranceCompanyFinalScore" order="70.0" preferredLabel="http://www.xbrl.org/2003/role/terseLabel"/>
  </link:presentationLink>
</link:linkbase>
