<?xml version="1.0" encoding="UTF-8"?>

<!--Taxonomy: 2015-12-31 (Draft)
	**********************
	Copyright © 2015 China Insurance Regulatory Commission.
	All rights reserved.  No part of this publication may be translated, reprinted or reproduced or utilised in any form either in whole or in part without prior permission in writing from China Insurance Regulatory Commission.
	  **********************-->
<link:linkbase xmlns:xsi="http://www.w3.org/2001/XMLSchema-instance" xsi:schemaLocation="http://www.xbrl.org/2003/linkbase http://www.xbrl.org/2003/xbrl-linkbase-2003-12-31.xsd" xmlns:irr_pc_bra_entry_point="http://xbrl.circ.gov.cn/taxonomy/2015-12-31/c-ross_irr/irr_pc_bra_entry_point" xmlns:irr_life_bra_entry_point="http://xbrl.circ.gov.cn/taxonomy/2015-12-31/c-ross_irr/irr_life_bra_entry_point" xmlns:irr_full_entry_point="http://xbrl.circ.gov.cn/taxonomy/2015-12-31/c-ross/irr_full_entry_point" xmlns:link="http://www.xbrl.org/2003/linkbase" xmlns:irr_reg_bur_entry_point="http://xbrl.circ.gov.cn/taxonomy/2015-12-31/c-ross_irr/irr_reg_bur_entry_point" xmlns:xlink="http://www.w3.org/1999/xlink" xmlns:xbrli="http://www.xbrl.org/2003/instance">
  <link:roleRef roleURI="http://xbrl.circ.gov.cn/role/c-ross_irr_2015-12-31_role-3300100" xlink:type="simple" xlink:href="rol_c-ross_10_2015-12-31.xsd#c-ross_irr_2015-12-31-3300100"/>
  <link:presentationLink xlink:type="extended" xlink:role="http://xbrl.circ.gov.cn/role/c-ross_irr_2015-12-31_role-3300100">
    <link:loc xlink:type="locator" xlink:href="../../c-ross_irr_core_2015-12-31.xsd#c-ross_irr_CoverPageInformationOfIntegratedRiskRatingInsuranceCompanyBranchesAbstract" xlink:label="CoverPageInformationOfIntegratedRiskRatingInsuranceCompanyBranchesAbstract" xlink:title="CoverPageInformationOfIntegratedRiskRatingInsuranceCompanyBranchesAbstract"/>
    <link:loc xlink:type="locator" xlink:href="../../c-ross_irr_core_2015-12-31.xsd#c-ross_irr_IntegratedRiskRatingReportingPeriod" xlink:label="IntegratedRiskRatingReportingPeriod" xlink:title="IntegratedRiskRatingReportingPeriod"/>
    <link:presentationArc xlink:type="arc" xlink:arcrole="http://www.xbrl.org/2003/arcrole/parent-child" xlink:from="CoverPageInformationOfIntegratedRiskRatingInsuranceCompanyBranchesAbstract" xlink:to="IntegratedRiskRatingReportingPeriod" xlink:title="presentation: CoverPageInformationOfIntegratedRiskRatingInsuranceCompanyBranchesAbstract to IntegratedRiskRatingReportingPeriod" use="optional" order="10.0" preferredLabel="http://www.xbrl.org/2003/role/terseLabel"/>
    <link:loc xlink:type="locator" xlink:href="../../c-ross_irr_core_2015-12-31.xsd#c-ross_irr_CompanysChineseName" xlink:label="CompanysChineseName" xlink:title="CompanysChineseName"/>
    <link:presentationArc xlink:type="arc" xlink:arcrole="http://www.xbrl.org/2003/arcrole/parent-child" xlink:from="CoverPageInformationOfIntegratedRiskRatingInsuranceCompanyBranchesAbstract" xlink:to="CompanysChineseName" xlink:title="presentation: CoverPageInformationOfIntegratedRiskRatingInsuranceCompanyBranchesAbstract to CompanysChineseName" use="optional" order="20.0" preferredLabel="http://www.xbrl.org/2003/role/label"/>
    <link:loc xlink:type="locator" xlink:href="../../c-ross_irr_core_2015-12-31.xsd#c-ross_irr_CompanysEnglishName" xlink:label="CompanysEnglishName" xlink:title="CompanysEnglishName"/>
    <link:presentationArc xlink:type="arc" xlink:arcrole="http://www.xbrl.org/2003/arcrole/parent-child" xlink:from="CoverPageInformationOfIntegratedRiskRatingInsuranceCompanyBranchesAbstract" xlink:to="CompanysEnglishName" xlink:title="presentation: CoverPageInformationOfIntegratedRiskRatingInsuranceCompanyBranchesAbstract to CompanysEnglishName" use="optional" order="30.0" preferredLabel="http://www.xbrl.org/2003/role/label"/>
    <link:loc xlink:type="locator" xlink:href="../../c-ross_irr_core_2015-12-31.xsd#c-ross_irr_TypeOfCompany" xlink:label="TypeOfCompany" xlink:title="TypeOfCompany"/>
    <link:presentationArc xlink:type="arc" xlink:arcrole="http://www.xbrl.org/2003/arcrole/parent-child" xlink:from="CoverPageInformationOfIntegratedRiskRatingInsuranceCompanyBranchesAbstract" xlink:to="TypeOfCompany" xlink:title="presentation: CoverPageInformationOfIntegratedRiskRatingInsuranceCompanyBranchesAbstract to TypeOfCompany" use="optional" order="40.0" preferredLabel="http://www.xbrl.org/2003/role/label"/>
    <link:loc xlink:type="locator" xlink:href="../../c-ross_irr_core_2015-12-31.xsd#c-ross_irr_ResponsiblePersonForInsuranceCompanyBranch" xlink:label="ResponsiblePersonForInsuranceCompanyBranch" xlink:title="ResponsiblePersonForInsuranceCompanyBranch"/>
    <link:presentationArc xlink:type="arc" xlink:arcrole="http://www.xbrl.org/2003/arcrole/parent-child" xlink:from="CoverPageInformationOfIntegratedRiskRatingInsuranceCompanyBranchesAbstract" xlink:to="ResponsiblePersonForInsuranceCompanyBranch" xlink:title="presentation: CoverPageInformationOfIntegratedRiskRatingInsuranceCompanyBranchesAbstract to ResponsiblePersonForInsuranceCompanyBranch" use="optional" order="50.0" preferredLabel="http://www.xbrl.org/2003/role/terseLabel"/>
    <link:loc xlink:type="locator" xlink:href="../../c-ross_irr_core_2015-12-31.xsd#c-ross_irr_RegisteredAddress" xlink:label="RegisteredAddress" xlink:title="RegisteredAddress"/>
    <link:presentationArc xlink:type="arc" xlink:arcrole="http://www.xbrl.org/2003/arcrole/parent-child" xlink:from="CoverPageInformationOfIntegratedRiskRatingInsuranceCompanyBranchesAbstract" xlink:to="RegisteredAddress" xlink:title="presentation: CoverPageInformationOfIntegratedRiskRatingInsuranceCompanyBranchesAbstract to RegisteredAddress" use="optional" order="60.0" preferredLabel="http://www.xbrl.org/2003/role/label"/>
    <link:loc xlink:type="locator" xlink:href="../../c-ross_irr_core_2015-12-31.xsd#c-ross_irr_InsuranceBusinessLicenseNoInsuranceBusinessOperationLicense" xlink:label="InsuranceBusinessLicenseNoInsuranceBusinessOperationLicense" xlink:title="InsuranceBusinessLicenseNoInsuranceBusinessOperationLicense"/>
    <link:presentationArc xlink:type="arc" xlink:arcrole="http://www.xbrl.org/2003/arcrole/parent-child" xlink:from="CoverPageInformationOfIntegratedRiskRatingInsuranceCompanyBranchesAbstract" xlink:to="InsuranceBusinessLicenseNoInsuranceBusinessOperationLicense" xlink:title="presentation: CoverPageInformationOfIntegratedRiskRatingInsuranceCompanyBranchesAbstract to InsuranceBusinessLicenseNoInsuranceBusinessOperationLicense" use="optional" order="70.0" preferredLabel="http://www.xbrl.org/2003/role/label"/>
    <link:loc xlink:type="locator" xlink:href="../../c-ross_irr_core_2015-12-31.xsd#c-ross_irr_BusinessCommencementDate" xlink:label="BusinessCommencementDate" xlink:title="BusinessCommencementDate"/>
    <link:presentationArc xlink:type="arc" xlink:arcrole="http://www.xbrl.org/2003/arcrole/parent-child" xlink:from="CoverPageInformationOfIntegratedRiskRatingInsuranceCompanyBranchesAbstract" xlink:to="BusinessCommencementDate" xlink:title="presentation: CoverPageInformationOfIntegratedRiskRatingInsuranceCompanyBranchesAbstract to BusinessCommencementDate" use="optional" order="80.0" preferredLabel="http://www.xbrl.org/2003/role/label"/>
    <link:loc xlink:type="locator" xlink:href="../../c-ross_irr_core_2015-12-31.xsd#c-ross_irr_ScopeOfBusiness" xlink:label="ScopeOfBusiness" xlink:title="ScopeOfBusiness"/>
    <link:presentationArc xlink:type="arc" xlink:arcrole="http://www.xbrl.org/2003/arcrole/parent-child" xlink:from="CoverPageInformationOfIntegratedRiskRatingInsuranceCompanyBranchesAbstract" xlink:to="ScopeOfBusiness" xlink:title="presentation: CoverPageInformationOfIntegratedRiskRatingInsuranceCompanyBranchesAbstract to ScopeOfBusiness" use="optional" order="90.0" preferredLabel="http://www.xbrl.org/2003/role/label"/>
    <link:loc xlink:type="locator" xlink:href="../../c-ross_irr_core_2015-12-31.xsd#c-ross_irr_IntegratedRiskRatingContactPersonsName" xlink:label="IntegratedRiskRatingContactPersonsName" xlink:title="IntegratedRiskRatingContactPersonsName"/>
    <link:presentationArc xlink:type="arc" xlink:arcrole="http://www.xbrl.org/2003/arcrole/parent-child" xlink:from="CoverPageInformationOfIntegratedRiskRatingInsuranceCompanyBranchesAbstract" xlink:to="IntegratedRiskRatingContactPersonsName" xlink:title="presentation: CoverPageInformationOfIntegratedRiskRatingInsuranceCompanyBranchesAbstract to IntegratedRiskRatingContactPersonsName" use="optional" order="100.0" preferredLabel="http://www.xbrl.org/2003/role/terseLabel"/>
    <link:loc xlink:type="locator" xlink:href="../../c-ross_irr_core_2015-12-31.xsd#c-ross_irr_IntegratedRiskRatingContactPersonsOfficeTelephoneNumber" xlink:label="IntegratedRiskRatingContactPersonsOfficeTelephoneNumber" xlink:title="IntegratedRiskRatingContactPersonsOfficeTelephoneNumber"/>
    <link:presentationArc xlink:type="arc" xlink:arcrole="http://www.xbrl.org/2003/arcrole/parent-child" xlink:from="CoverPageInformationOfIntegratedRiskRatingInsuranceCompanyBranchesAbstract" xlink:to="IntegratedRiskRatingContactPersonsOfficeTelephoneNumber" xlink:title="presentation: CoverPageInformationOfIntegratedRiskRatingInsuranceCompanyBranchesAbstract to IntegratedRiskRatingContactPersonsOfficeTelephoneNumber" use="optional" order="110.0" preferredLabel="http://www.xbrl.org/2003/role/terseLabel"/>
    <link:loc xlink:type="locator" xlink:href="../../c-ross_irr_core_2015-12-31.xsd#c-ross_irr_IntegratedRiskRatingContactPersonsMobilePhoneNumber" xlink:label="IntegratedRiskRatingContactPersonsMobilePhoneNumber" xlink:title="IntegratedRiskRatingContactPersonsMobilePhoneNumber"/>
    <link:presentationArc xlink:type="arc" xlink:arcrole="http://www.xbrl.org/2003/arcrole/parent-child" xlink:from="CoverPageInformationOfIntegratedRiskRatingInsuranceCompanyBranchesAbstract" xlink:to="IntegratedRiskRatingContactPersonsMobilePhoneNumber" xlink:title="presentation: CoverPageInformationOfIntegratedRiskRatingInsuranceCompanyBranchesAbstract to IntegratedRiskRatingContactPersonsMobilePhoneNumber" use="optional" order="120.0" preferredLabel="http://www.xbrl.org/2003/role/terseLabel"/>
    <link:loc xlink:type="locator" xlink:href="../../c-ross_irr_core_2015-12-31.xsd#c-ross_irr_IntegratedRiskRatingContactPersonsFaxNumber" xlink:label="IntegratedRiskRatingContactPersonsFaxNumber" xlink:title="IntegratedRiskRatingContactPersonsFaxNumber"/>
    <link:presentationArc xlink:type="arc" xlink:arcrole="http://www.xbrl.org/2003/arcrole/parent-child" xlink:from="CoverPageInformationOfIntegratedRiskRatingInsuranceCompanyBranchesAbstract" xlink:to="IntegratedRiskRatingContactPersonsFaxNumber" xlink:title="presentation: CoverPageInformationOfIntegratedRiskRatingInsuranceCompanyBranchesAbstract to IntegratedRiskRatingContactPersonsFaxNumber" use="optional" order="130.0" preferredLabel="http://www.xbrl.org/2003/role/terseLabel"/>
    <link:loc xlink:type="locator" xlink:href="../../c-ross_irr_core_2015-12-31.xsd#c-ross_irr_IntegratedRiskRatingContactPersonsEmail" xlink:label="IntegratedRiskRatingContactPersonsEmail" xlink:title="IntegratedRiskRatingContactPersonsEmail"/>
    <link:presentationArc xlink:type="arc" xlink:arcrole="http://www.xbrl.org/2003/arcrole/parent-child" xlink:from="CoverPageInformationOfIntegratedRiskRatingInsuranceCompanyBranchesAbstract" xlink:to="IntegratedRiskRatingContactPersonsEmail" xlink:title="presentation: CoverPageInformationOfIntegratedRiskRatingInsuranceCompanyBranchesAbstract to IntegratedRiskRatingContactPersonsEmail" use="optional" order="140.0" preferredLabel="http://www.xbrl.org/2003/role/terseLabel"/>
    <link:loc xlink:type="locator" xlink:href="../../c-ross_irr_core_2015-12-31.xsd#c-ross_irr_RegulatoryBureauOfInsuranceCompanyBranch" xlink:label="RegulatoryBureauOfInsuranceCompanyBranch" xlink:title="RegulatoryBureauOfInsuranceCompanyBranch"/>
    <link:presentationArc xlink:type="arc" xlink:arcrole="http://www.xbrl.org/2003/arcrole/parent-child" xlink:from="CoverPageInformationOfIntegratedRiskRatingInsuranceCompanyBranchesAbstract" xlink:to="RegulatoryBureauOfInsuranceCompanyBranch" xlink:title="presentation: CoverPageInformationOfIntegratedRiskRatingInsuranceCompanyBranchesAbstract to RegulatoryBureauOfInsuranceCompanyBranch" use="optional" order="150.0" preferredLabel="http://www.xbrl.org/2003/role/terseLabel"/>
  </link:presentationLink>
</link:linkbase>
