<?xml version="1.0" encoding="UTF-8"?>

<!--
	Taxonomy: 2015-12-31 (Final)
	**********************
	Copyright © 2015 China Insurance Regulatory Commission.
	All rights reserved.  No part of this publication may be translated, reprinted or reproduced
	or utilised in any form either in whole or in part without prior permission in writing from China Insurance Regulatory Commission.
	  **********************
	-->
<link:linkbase xmlns:xsi="http://www.w3.org/2001/XMLSchema-instance" xsi:schemaLocation="http://www.xbrl.org/2003/linkbase http://www.xbrl.org/2003/xbrl-linkbase-2003-12-31.xsd" xmlns:c-ross="http://xbrl.circ.gov.cn/taxonomy/2015-12-31/c-ross" xmlns:link="http://www.xbrl.org/2003/linkbase" xmlns:q_s_pc_entry_point="http://xbrl.circ.gov.cn/taxonomy/2015-12-31/c-ross/q_s_pc_entry_point" xmlns:xlink="http://www.w3.org/1999/xlink" xmlns:xbrli="http://www.xbrl.org/2003/instance">
  <link:roleRef roleURI="http://www.xbrl.org/2009/role/netLabel" xlink:type="simple" xlink:href="http://www.xbrl.org/lrr/role/net-2009-12-16.xsd#netLabel"/>
  <link:roleRef roleURI="http://xbrl.circ.gov.cn/role/c-ross_2015-12-31_role-3120400" xlink:type="simple" xlink:href="rol_c-ross_1_2015-12-31.xsd#c-ross_2015-12-31-3120400"/>
  <link:presentationLink xlink:type="extended" xlink:role="http://xbrl.circ.gov.cn/role/c-ross_2015-12-31_role-3120400">
    <link:loc xlink:type="locator" xlink:href="../../c-ross_core_2015-12-31.xsd#c-ross_TableOfAdmittedLiabilitiesAbstract" xlink:label="TableOfAdmittedLiabilitiesAbstract" xlink:title="TableOfAdmittedLiabilitiesAbstract"/>
    <link:loc xlink:type="locator" xlink:href="../../c-ross_core_2015-12-31.xsd#c-ross_ReserveLiabilitiesUnderSolvencyII" xlink:label="ReserveLiabilities" xlink:title="ReserveLiabilities"/>
    <link:presentationArc xlink:type="arc" xlink:arcrole="http://www.xbrl.org/2003/arcrole/parent-child" xlink:from="TableOfAdmittedLiabilitiesAbstract" xlink:to="ReserveLiabilities" xlink:title="presentation: TableOfAdmittedLiabilitiesAbstract to ReserveLiabilities" use="optional" order="10.0" preferredLabel="http://www.xbrl.org/2003/role/terseLabel"/>
    <link:loc xlink:type="locator" xlink:href="../../c-ross_core_2015-12-31.xsd#c-ross_OutstandingBenefitsReserveUnderSolvencyII" xlink:label="newItem" xlink:title="newItem"/>
    <link:presentationArc xlink:type="arc" xlink:arcrole="http://www.xbrl.org/2003/arcrole/parent-child" xlink:from="ReserveLiabilities" xlink:to="newItem" xlink:title="presentation: ReserveLiabilities to newItem" order="10.0" preferredLabel="http://www.xbrl.org/2003/role/terseLabel"/>
    <link:loc xlink:type="locator" xlink:href="../../c-ross_core_2015-12-31.xsd#c-ross_OutstandingBenefitsReserveOfNonLifeInsuranceContractUnderSolvencyII" xlink:label="OutstandingBenefitsReserveOfNonLifeInsuranceContract" xlink:title="OutstandingBenefitsReserveOfNonLifeInsuranceContract"/>
    <link:presentationArc xlink:type="arc" xlink:arcrole="http://www.xbrl.org/2003/arcrole/parent-child" xlink:from="newItem" xlink:to="OutstandingBenefitsReserveOfNonLifeInsuranceContract" xlink:title="presentation: newItem to OutstandingBenefitsReserveOfNonLifeInsuranceContract" use="optional" order="20.0" preferredLabel="http://www.xbrl.org/2003/role/terseLabel"/>
    <link:loc xlink:type="locator" xlink:href="../../c-ross_core_2015-12-31.xsd#c-ross_OutstandingBenefitsReserveOfLifeInsuranceContractUnderSolvencyII" xlink:label="OutstandingBenefitsReserveOfLifeInsuranceContractUnderSolvencyTwo" xlink:title="OutstandingBenefitsReserveOfLifeInsuranceContractUnderSolvencyTwo"/>
    <link:presentationArc xlink:type="arc" xlink:arcrole="http://www.xbrl.org/2003/arcrole/parent-child" xlink:from="newItem" xlink:to="OutstandingBenefitsReserveOfLifeInsuranceContractUnderSolvencyTwo" xlink:title="presentation: OutstandingBenefitsReserveUnderSolvencyTwo to OutstandingBenefitsReserveOfLifeInsuranceContractUnderSolvencyTwo" order="10.0" preferredLabel="http://www.xbrl.org/2003/role/terseLabel"/>
    <link:loc xlink:type="locator" xlink:href="../../c-ross_core_2015-12-31.xsd#c-ross_OutstandingLossReserveUnderSolvencyII" xlink:label="newItem2" xlink:title="newItem2"/>
    <link:presentationArc xlink:type="arc" xlink:arcrole="http://www.xbrl.org/2003/arcrole/parent-child" xlink:from="ReserveLiabilities" xlink:to="newItem2" xlink:title="presentation: ReserveLiabilities to newItem2" order="20.0" preferredLabel="http://www.xbrl.org/2003/role/terseLabel"/>
    <link:loc xlink:type="locator" xlink:href="../../c-ross_core_2015-12-31.xsd#c-ross_OutstandingLossReserveWhichIsOccurredButNotReportedUnderSolvencyII" xlink:label="OutstandingClaimsReservesWhichIsOccurredButNotToReport" xlink:title="OutstandingClaimsReservesWhichIsOccurredButNotToReport"/>
    <link:presentationArc xlink:type="arc" xlink:arcrole="http://www.xbrl.org/2003/arcrole/parent-child" xlink:from="newItem2" xlink:to="OutstandingClaimsReservesWhichIsOccurredButNotToReport" xlink:title="presentation: newItem2 to OutstandingClaimsReservesWhichIsOccurredButNotToReport" use="optional" order="10.0" preferredLabel="http://www.xbrl.org/2003/role/terseLabel"/>
    <link:loc xlink:type="locator" xlink:href="../../c-ross_core_2015-12-31.xsd#c-ross_PayablesAndAdvanceReceiptsUnderSolvencyII" xlink:label="PayablesAndAdvanceReceipts" xlink:title="PayablesAndAdvanceReceipts"/>
    <link:presentationArc xlink:type="arc" xlink:arcrole="http://www.xbrl.org/2003/arcrole/parent-child" xlink:from="TableOfAdmittedLiabilitiesAbstract" xlink:to="PayablesAndAdvanceReceipts" xlink:title="presentation: TableOfAdmittedLiabilitiesAbstract to PayablesAndAdvanceReceipts" use="optional" order="30.0" preferredLabel="http://www.xbrl.org/2003/role/terseLabel"/>
    <link:loc xlink:type="locator" xlink:href="../../c-ross_core_2015-12-31.xsd#c-ross_PolicyholderBonusesPayableUnderSolvencyII" xlink:label="PolicyholderBonusesPayable" xlink:title="PolicyholderBonusesPayable"/>
    <link:presentationArc xlink:type="arc" xlink:arcrole="http://www.xbrl.org/2003/arcrole/parent-child" xlink:from="PayablesAndAdvanceReceipts" xlink:to="PolicyholderBonusesPayable" xlink:title="presentation: PayablesAndAdvanceReceipts to PolicyholderBonusesPayable" order="10.0" preferredLabel="http://www.xbrl.org/2003/role/terseLabel"/>
    <link:loc xlink:type="locator" xlink:href="../../c-ross_core_2015-12-31.xsd#c-ross_BenefitsPayableUnderSolvencyII" xlink:label="PayableCompensation" xlink:title="PayableCompensation"/>
    <link:presentationArc xlink:type="arc" xlink:arcrole="http://www.xbrl.org/2003/arcrole/parent-child" xlink:from="PayablesAndAdvanceReceipts" xlink:to="PayableCompensation" xlink:title="presentation: PayablesAndAdvanceReceipts to PayableCompensation" order="20.0" preferredLabel="http://www.xbrl.org/2003/role/terseLabel"/>
    <link:loc xlink:type="locator" xlink:href="../../c-ross_core_2015-12-31.xsd#c-ross_AdvancesInsurancePremiumUnderSolvencyII" xlink:label="AdvancesInsurancePremium" xlink:title="AdvancesInsurancePremium"/>
    <link:presentationArc xlink:type="arc" xlink:arcrole="http://www.xbrl.org/2003/arcrole/parent-child" xlink:from="PayablesAndAdvanceReceipts" xlink:to="AdvancesInsurancePremium" xlink:title="presentation: PayablesAndAdvanceReceipts to AdvancesInsurancePremium" order="30.0" preferredLabel="http://www.xbrl.org/2003/role/terseLabel"/>
    <link:loc xlink:type="locator" xlink:href="../../c-ross_core_2015-12-31.xsd#c-ross_ReinsurancePayableUnderSolvencyII" xlink:label="AmountsDueToReinsurer" xlink:title="AmountsDueToReinsurer"/>
    <link:presentationArc xlink:type="arc" xlink:arcrole="http://www.xbrl.org/2003/arcrole/parent-child" xlink:from="PayablesAndAdvanceReceipts" xlink:to="AmountsDueToReinsurer" xlink:title="presentation: PayablesAndAdvanceReceipts to AmountsDueToReinsurer" order="40.0" preferredLabel="http://www.xbrl.org/2003/role/terseLabel"/>
    <link:loc xlink:type="locator" xlink:href="../../c-ross_core_2015-12-31.xsd#c-ross_FeeAndCommissionsIncomePayableUnderSolvencyII" xlink:label="FeeAndCommissionsIncomePayable" xlink:title="FeeAndCommissionsIncomePayable"/>
    <link:presentationArc xlink:type="arc" xlink:arcrole="http://www.xbrl.org/2003/arcrole/parent-child" xlink:from="PayablesAndAdvanceReceipts" xlink:to="FeeAndCommissionsIncomePayable" xlink:title="presentation: PayablesAndAdvanceReceipts to FeeAndCommissionsIncomePayable" order="50.0" preferredLabel="http://www.xbrl.org/2003/role/terseLabel"/>
    <link:loc xlink:type="locator" xlink:href="../../c-ross_core_2015-12-31.xsd#c-ross_EmployeeBenefitsPayablesUnderSolvencyII" xlink:label="EmployeeBenefitsPayables" xlink:title="EmployeeBenefitsPayables"/>
    <link:presentationArc xlink:type="arc" xlink:arcrole="http://www.xbrl.org/2003/arcrole/parent-child" xlink:from="PayablesAndAdvanceReceipts" xlink:to="EmployeeBenefitsPayables" xlink:title="presentation: PayablesAndAdvanceReceipts to EmployeeBenefitsPayables" order="60.0" preferredLabel="http://www.xbrl.org/2003/role/terseLabel"/>
    <link:loc xlink:type="locator" xlink:href="../../c-ross_core_2015-12-31.xsd#c-ross_TaxPayablesUnderSolvencyII" xlink:label="TaxPayables" xlink:title="TaxPayables"/>
    <link:presentationArc xlink:type="arc" xlink:arcrole="http://www.xbrl.org/2003/arcrole/parent-child" xlink:from="PayablesAndAdvanceReceipts" xlink:to="TaxPayables" xlink:title="presentation: PayablesAndAdvanceReceipts to TaxPayables" order="70.0" preferredLabel="http://www.xbrl.org/2003/role/terseLabel"/>
    <link:loc xlink:type="locator" xlink:href="../../c-ross_core_2015-12-31.xsd#c-ross_DepositsFromCedentsUnderSolvencyII" xlink:label="DepositsFromCedents" xlink:title="DepositsFromCedents"/>
    <link:presentationArc xlink:type="arc" xlink:arcrole="http://www.xbrl.org/2003/arcrole/parent-child" xlink:from="PayablesAndAdvanceReceipts" xlink:to="DepositsFromCedents" xlink:title="presentation: PayablesAndAdvanceReceipts to DepositsFromCedents" use="optional" order="80.0" preferredLabel="http://www.xbrl.org/2003/role/terseLabel"/>
    <link:loc xlink:type="locator" xlink:href="../../c-ross_core_2015-12-31.xsd#c-ross_OtherPayablesAndAdvanceReceiptsUnderSolvencyII" xlink:label="OtherPayablesAndAdvanceReceipts" xlink:title="OtherPayablesAndAdvanceReceipts"/>
    <link:presentationArc xlink:type="arc" xlink:arcrole="http://www.xbrl.org/2003/arcrole/parent-child" xlink:from="PayablesAndAdvanceReceipts" xlink:to="OtherPayablesAndAdvanceReceipts" xlink:title="presentation: PayablesAndAdvanceReceipts to OtherPayablesAndAdvanceReceipts" use="optional" order="90.0" preferredLabel="http://www.xbrl.org/2003/role/terseLabel"/>
    <link:loc xlink:type="locator" xlink:href="../../c-ross_core_2015-12-31.xsd#c-ross_FinancialLiabilitiesUnderSolvencyII" xlink:label="newItem3" xlink:title="newItem3"/>
    <link:presentationArc xlink:type="arc" xlink:arcrole="http://www.xbrl.org/2003/arcrole/parent-child" xlink:from="TableOfAdmittedLiabilitiesAbstract" xlink:to="newItem3" xlink:title="presentation: TableOfAdmittedLiabilitiesAbstract to newItem3" order="20.0" preferredLabel="http://www.xbrl.org/2003/role/terseLabel"/>
    <link:loc xlink:type="locator" xlink:href="../../c-ross_core_2015-12-31.xsd#c-ross_SecuritiesSoldUnderRepurchaseAgreementsUnderSolvencyII" xlink:label="newItem4" xlink:title="newItem4"/>
    <link:presentationArc xlink:type="arc" xlink:arcrole="http://www.xbrl.org/2003/arcrole/parent-child" xlink:from="newItem3" xlink:to="newItem4" xlink:title="presentation: newItem3 to newItem4" order="10.0" preferredLabel="http://www.xbrl.org/2003/role/terseLabel"/>
    <link:loc xlink:type="locator" xlink:href="../../c-ross_core_2015-12-31.xsd#c-ross_PolicyholderDepositsAndInvestmentsUnderSolvencyII" xlink:label="newItem5" xlink:title="newItem5"/>
    <link:presentationArc xlink:type="arc" xlink:arcrole="http://www.xbrl.org/2003/arcrole/parent-child" xlink:from="newItem3" xlink:to="newItem5" xlink:title="presentation: newItem3 to newItem5" order="20.0" preferredLabel="http://www.xbrl.org/2003/role/terseLabel"/>
    <link:loc xlink:type="locator" xlink:href="../../c-ross_core_2015-12-31.xsd#c-ross_DerivativeFinancialLiabilitiesUnderSolvencyII" xlink:label="newItem6" xlink:title="newItem6"/>
    <link:presentationArc xlink:type="arc" xlink:arcrole="http://www.xbrl.org/2003/arcrole/parent-child" xlink:from="newItem3" xlink:to="newItem6" xlink:title="presentation: newItem3 to newItem6" order="30.0" preferredLabel="http://www.xbrl.org/2003/role/terseLabel"/>
    <link:loc xlink:type="locator" xlink:href="../../c-ross_core_2015-12-31.xsd#c-ross_OtherFinancialLiabilitiesUnderSolvencyII" xlink:label="newItem7" xlink:title="newItem7"/>
    <link:presentationArc xlink:type="arc" xlink:arcrole="http://www.xbrl.org/2003/arcrole/parent-child" xlink:from="newItem3" xlink:to="newItem7" xlink:title="presentation: newItem3 to newItem7" order="40.0" preferredLabel="http://www.xbrl.org/2003/role/terseLabel"/>
    <link:loc xlink:type="locator" xlink:href="../../c-ross_core_2015-12-31.xsd#c-ross_ProvisionsUnderSolvencyII" xlink:label="Provisions" xlink:title="Provisions"/>
    <link:presentationArc xlink:type="arc" xlink:arcrole="http://www.xbrl.org/2003/arcrole/parent-child" xlink:from="TableOfAdmittedLiabilitiesAbstract" xlink:to="Provisions" xlink:title="presentation: TableOfAdmittedLiabilitiesAbstract to Provisions" order="40.0" preferredLabel="http://www.xbrl.org/2003/role/terseLabel"/>
    <link:loc xlink:type="locator" xlink:href="../../c-ross_core_2015-12-31.xsd#c-ross_SeparateAccountLiabilitiesUnderSolvencyII" xlink:label="LiabilityOfSegregatedAccounts" xlink:title="LiabilityOfSegregatedAccounts"/>
    <link:presentationArc xlink:type="arc" xlink:arcrole="http://www.xbrl.org/2003/arcrole/parent-child" xlink:from="TableOfAdmittedLiabilitiesAbstract" xlink:to="LiabilityOfSegregatedAccounts" xlink:title="presentation: TableOfAdmittedLiabilitiesAbstract to LiabilityOfSegregatedAccounts" order="50.0" preferredLabel="http://www.xbrl.org/2003/role/terseLabel"/>
    <link:loc xlink:type="locator" xlink:href="../../c-ross_core_2015-12-31.xsd#c-ross_CapitalLiabilitiesUnderSolvencyII" xlink:label="CapitalLiabilities" xlink:title="CapitalLiabilities"/>
    <link:presentationArc xlink:type="arc" xlink:arcrole="http://www.xbrl.org/2003/arcrole/parent-child" xlink:from="TableOfAdmittedLiabilitiesAbstract" xlink:to="CapitalLiabilities" xlink:title="presentation: TableOfAdmittedLiabilitiesAbstract to CapitalLiabilities" use="optional" order="60.0" preferredLabel="http://www.xbrl.org/2003/role/terseLabel"/>
    <link:loc xlink:type="locator" xlink:href="../../c-ross_core_2015-12-31.xsd#c-ross_OtherAdmittedLiabilitiesUnderSolvencyII" xlink:label="OtherAdmittedLiabilities" xlink:title="OtherAdmittedLiabilities"/>
    <link:presentationArc xlink:type="arc" xlink:arcrole="http://www.xbrl.org/2003/arcrole/parent-child" xlink:from="TableOfAdmittedLiabilitiesAbstract" xlink:to="OtherAdmittedLiabilities" xlink:title="presentation: TableOfAdmittedLiabilitiesAbstract to OtherAdmittedLiabilities" use="optional" order="70.0" preferredLabel="http://www.xbrl.org/2003/role/terseLabel"/>
    <link:loc xlink:type="locator" xlink:href="../../c-ross_core_2015-12-31.xsd#c-ross_CashValueGuaranteeUnderSolvencyII" xlink:label="CashValueGuarantee" xlink:title="CashValueGuarantee"/>
    <link:presentationArc xlink:type="arc" xlink:arcrole="http://www.xbrl.org/2003/arcrole/parent-child" xlink:from="OtherAdmittedLiabilities" xlink:to="CashValueGuarantee" xlink:title="presentation: OtherAdmittedLiabilities to CashValueGuarantee" use="optional" order="20.0" preferredLabel="http://www.xbrl.org/2003/role/terseLabel"/>
    <link:loc xlink:type="locator" xlink:href="../../c-ross_core_2015-12-31.xsd#c-ross_IncomeTaxProvisionUnderSolvencyII" xlink:label="IncomeTaxProvision" xlink:title="IncomeTaxProvision"/>
    <link:presentationArc xlink:type="arc" xlink:arcrole="http://www.xbrl.org/2003/arcrole/parent-child" xlink:from="OtherAdmittedLiabilities" xlink:to="IncomeTaxProvision" xlink:title="presentation: OtherAdmittedLiabilities to IncomeTaxProvision" use="optional" order="30.0" preferredLabel="http://www.xbrl.org/2003/role/terseLabel"/>
    <link:loc xlink:type="locator" xlink:href="../../c-ross_core_2015-12-31.xsd#c-ross_DeferredIncomeTaxLiabilitiesUnderSolvencyII" xlink:label="DeferredTaxLiabilities" xlink:title="DeferredTaxLiabilities"/>
    <link:presentationArc xlink:type="arc" xlink:arcrole="http://www.xbrl.org/2003/arcrole/parent-child" xlink:from="OtherAdmittedLiabilities" xlink:to="DeferredTaxLiabilities" xlink:title="presentation: OtherAdmittedLiabilities to DeferredTaxLiabilities" order="10.0" preferredLabel="http://www.xbrl.org/2003/role/terseLabel"/>
    <link:loc xlink:type="locator" xlink:href="../../c-ross_core_2015-12-31.xsd#c-ross_AdmittedLiabilitiesUnderSolvencyII" xlink:label="AdmittedLiabilities" xlink:title="AdmittedLiabilities"/>
    <link:presentationArc xlink:type="arc" xlink:arcrole="http://www.xbrl.org/2003/arcrole/parent-child" xlink:from="TableOfAdmittedLiabilitiesAbstract" xlink:to="AdmittedLiabilities" xlink:title="presentation: TableOfAdmittedLiabilitiesAbstract to AdmittedLiabilities" use="optional" order="80.0" preferredLabel="http://www.xbrl.org/2003/role/totalLabel"/>
  </link:presentationLink>
</link:linkbase>
