<?xml version="1.0" encoding="UTF-8"?>

<!--
	Taxonomy: 2015-12-31 (Final)
	**********************
	Copyright © 2015 China Insurance Regulatory Commission.
	All rights reserved.  No part of this publication may be translated, reprinted or reproduced
	or utilised in any form either in whole or in part without prior permission in writing from China Insurance Regulatory Commission.
	  **********************
	-->
<link:linkbase xmlns:xsi="http://www.w3.org/2001/XMLSchema-instance" xsi:schemaLocation="http://www.xbrl.org/2003/linkbase http://www.xbrl.org/2003/xbrl-linkbase-2003-12-31.xsd" xmlns:c-ross="http://xbrl.circ.gov.cn/taxonomy/2015-12-31/c-ross" xmlns:link="http://www.xbrl.org/2003/linkbase" xmlns:q_s_pc_entry_point="http://xbrl.circ.gov.cn/taxonomy/2015-12-31/c-ross/q_s_pc_entry_point" xmlns:xlink="http://www.w3.org/1999/xlink" xmlns:xbrli="http://www.xbrl.org/2003/instance">
  <link:roleRef roleURI="http://www.xbrl.org/2009/role/netLabel" xlink:type="simple" xlink:href="http://www.xbrl.org/lrr/role/net-2009-12-16.xsd#netLabel"/>
  <link:roleRef roleURI="http://xbrl.circ.gov.cn/role/c-ross_2015-12-31_role-3120300" xlink:type="simple" xlink:href="rol_c-ross_1_2015-12-31.xsd#c-ross_2015-12-31-3120300"/>
  <link:presentationLink xlink:type="extended" xlink:role="http://xbrl.circ.gov.cn/role/c-ross_2015-12-31_role-3120300">
    <link:loc xlink:type="locator" xlink:href="../../c-ross_core_2015-12-31.xsd#c-ross_TableOfAdmittedAssetsAbstract" xlink:label="TableOfAdmittedAssetsAbstract" xlink:title="TableOfAdmittedAssetsAbstract"/>
    <link:loc xlink:type="locator" xlink:href="../../c-ross_core_2015-12-31.xsd#c-ross_AdmittedAssetsDisclosureByItemsTable" xlink:label="newItem" xlink:title="newItem"/>
    <link:presentationArc xlink:type="arc" xlink:arcrole="http://www.xbrl.org/2003/arcrole/parent-child" xlink:from="TableOfAdmittedAssetsAbstract" xlink:to="newItem" xlink:title="presentation: TableOfAdmittedAssetsAbstract to newItem" order="10.0" preferredLabel="http://www.xbrl.org/2003/role/label"/>
    <link:loc xlink:type="locator" xlink:href="../../c-ross_core_2015-12-31.xsd#c-ross_AdmittedAssetsDisclosureByItemsAxis" xlink:label="newItem2" xlink:title="newItem2"/>
    <link:presentationArc xlink:type="arc" xlink:arcrole="http://www.xbrl.org/2003/arcrole/parent-child" xlink:from="newItem" xlink:to="newItem2" xlink:title="presentation: newItem to newItem2" order="10.0" preferredLabel="http://www.xbrl.org/2003/role/label"/>
    <link:loc xlink:type="locator" xlink:href="../../c-ross_core_2015-12-31.xsd#c-ross_AdmittedAssetsItemsMember" xlink:label="newItem3" xlink:title="newItem3"/>
    <link:presentationArc xlink:type="arc" xlink:arcrole="http://www.xbrl.org/2003/arcrole/parent-child" xlink:from="newItem2" xlink:to="newItem3" xlink:title="presentation: newItem2 to newItem3" order="10.0" preferredLabel="http://www.xbrl.org/2003/role/label"/>
    <link:loc xlink:type="locator" xlink:href="../../c-ross_core_2015-12-31.xsd#c-ross_CashAndLiquidityManagementInstrumentsUnderSolvencyIIMember" xlink:label="newItem4" xlink:title="newItem4"/>
    <link:presentationArc xlink:type="arc" xlink:arcrole="http://www.xbrl.org/2003/arcrole/parent-child" xlink:from="newItem3" xlink:to="newItem4" xlink:title="presentation: newItem3 to newItem4" order="10.0" preferredLabel="http://www.xbrl.org/2003/role/terseLabel"/>
    <link:loc xlink:type="locator" xlink:href="../../c-ross_core_2015-12-31.xsd#c-ross_CashOnHandUnderSolvencyIIMember" xlink:label="newItem5" xlink:title="newItem5"/>
    <link:presentationArc xlink:type="arc" xlink:arcrole="http://www.xbrl.org/2003/arcrole/parent-child" xlink:from="newItem4" xlink:to="newItem5" xlink:title="presentation: newItem4 to newItem5" order="10.0" preferredLabel="http://www.xbrl.org/2003/role/terseLabel"/>
    <link:loc xlink:type="locator" xlink:href="../../c-ross_core_2015-12-31.xsd#c-ross_DemandDepositsUnderSolvencyIIMember" xlink:label="DemandDepositsMember" xlink:title="DemandDepositsMember"/>
    <link:presentationArc xlink:type="arc" xlink:arcrole="http://www.xbrl.org/2003/arcrole/parent-child" xlink:from="newItem4" xlink:to="DemandDepositsMember" xlink:title="presentation: CashAndLiquidityManagementInstrumentsMember to DemandDepositsMember" order="20.0" preferredLabel="http://www.xbrl.org/2003/role/terseLabel"/>
    <link:loc xlink:type="locator" xlink:href="../../c-ross_core_2015-12-31.xsd#c-ross_LiquidityManagementInstrumentsUnderSolvencyIIMember" xlink:label="LiquidityManagementInstrumentsMember" xlink:title="newItem7"/>
    <link:presentationArc xlink:type="arc" xlink:arcrole="http://www.xbrl.org/2003/arcrole/parent-child" xlink:from="newItem4" xlink:to="LiquidityManagementInstrumentsMember" xlink:title="presentation: CashAndLiquidityManagementInstrumentsMember to LiquidityManagementInstrumentsMember" order="30.0" preferredLabel="http://www.xbrl.org/2003/role/terseLabel"/>
    <link:loc xlink:type="locator" xlink:href="../../c-ross_core_2015-12-31.xsd#c-ross_InvestmentAssetsUnderSolvencyIIMember" xlink:label="newItem8" xlink:title="newItem8"/>
    <link:presentationArc xlink:type="arc" xlink:arcrole="http://www.xbrl.org/2003/arcrole/parent-child" xlink:from="newItem3" xlink:to="newItem8" xlink:title="presentation: newItem3 to newItem8" order="20.0" preferredLabel="http://www.xbrl.org/2003/role/terseLabel"/>
    <link:loc xlink:type="locator" xlink:href="../../c-ross_core_2015-12-31.xsd#c-ross_TermDepositsUnderSolvencyIIMember" xlink:label="newItem9" xlink:title="newItem9"/>
    <link:presentationArc xlink:type="arc" xlink:arcrole="http://www.xbrl.org/2003/arcrole/parent-child" xlink:from="newItem8" xlink:to="newItem9" xlink:title="presentation: newItem8 to newItem9" order="10.0" preferredLabel="http://www.xbrl.org/2003/role/terseLabel"/>
    <link:loc xlink:type="locator" xlink:href="../../c-ross_core_2015-12-31.xsd#c-ross_NegotiatedDepositsUnderSolvencyIIMember" xlink:label="newItem10" xlink:title="newItem10"/>
    <link:presentationArc xlink:type="arc" xlink:arcrole="http://www.xbrl.org/2003/arcrole/parent-child" xlink:from="newItem8" xlink:to="newItem10" xlink:title="presentation: newItem8 to newItem10" order="20.0" preferredLabel="http://www.xbrl.org/2003/role/terseLabel"/>
    <link:loc xlink:type="locator" xlink:href="../../c-ross_core_2015-12-31.xsd#c-ross_FinancialBondsUnderSolvencyIIMember" xlink:label="newItem12" xlink:title="newItem12"/>
    <link:presentationArc xlink:type="arc" xlink:arcrole="http://www.xbrl.org/2003/arcrole/parent-child" xlink:from="newItem8" xlink:to="newItem12" xlink:title="presentation: newItem8 to newItem12" order="40.0" preferredLabel="http://www.xbrl.org/2003/role/terseLabel"/>
    <link:loc xlink:type="locator" xlink:href="../../c-ross_core_2015-12-31.xsd#c-ross_EnterpriseBondsUnderSolvencyIIMember" xlink:label="newItem13" xlink:title="newItem13"/>
    <link:presentationArc xlink:type="arc" xlink:arcrole="http://www.xbrl.org/2003/arcrole/parent-child" xlink:from="newItem8" xlink:to="newItem13" xlink:title="presentation: newItem8 to newItem13" order="50.0" preferredLabel="http://www.xbrl.org/2003/role/terseLabel"/>
    <link:loc xlink:type="locator" xlink:href="../../c-ross_core_2015-12-31.xsd#c-ross_TrustAssetsUnderSolvencyIIMember" xlink:label="newItem15" xlink:title="newItem15"/>
    <link:presentationArc xlink:type="arc" xlink:arcrole="http://www.xbrl.org/2003/arcrole/parent-child" xlink:from="newItem8" xlink:to="newItem15" xlink:title="presentation: newItem8 to newItem15" order="70.0" preferredLabel="http://www.xbrl.org/2003/role/terseLabel"/>
    <link:loc xlink:type="locator" xlink:href="../../c-ross_core_2015-12-31.xsd#c-ross_InsuranceAssetManagementProductsUnderSolvencyIIMember" xlink:label="newItem16" xlink:title="newItem16"/>
    <link:presentationArc xlink:type="arc" xlink:arcrole="http://www.xbrl.org/2003/arcrole/parent-child" xlink:from="newItem8" xlink:to="newItem16" xlink:title="presentation: newItem8 to newItem16" order="80.0" preferredLabel="http://www.xbrl.org/2003/role/terseLabel"/>
    <link:loc xlink:type="locator" xlink:href="../../c-ross_core_2015-12-31.xsd#c-ross_InvestmentInInfrastructuresUnderSolvencyIIMember" xlink:label="newItem17" xlink:title="newItem17"/>
    <link:presentationArc xlink:type="arc" xlink:arcrole="http://www.xbrl.org/2003/arcrole/parent-child" xlink:from="newItem8" xlink:to="newItem17" xlink:title="presentation: newItem8 to newItem17" order="90.0" preferredLabel="http://www.xbrl.org/2003/role/terseLabel"/>
    <link:loc xlink:type="locator" xlink:href="../../c-ross_core_2015-12-31.xsd#c-ross_EquityInvestmentUnderSolvencyIIMember" xlink:label="newItem18" xlink:title="newItem18"/>
    <link:presentationArc xlink:type="arc" xlink:arcrole="http://www.xbrl.org/2003/arcrole/parent-child" xlink:from="newItem8" xlink:to="newItem18" xlink:title="presentation: newItem8 to newItem18" order="100.0" preferredLabel="http://www.xbrl.org/2003/role/terseLabel"/>
    <link:loc xlink:type="locator" xlink:href="../../c-ross_core_2015-12-31.xsd#c-ross_InvestmentPropertyUnderSolvencyIIMember" xlink:label="newItem19" xlink:title="newItem19"/>
    <link:presentationArc xlink:type="arc" xlink:arcrole="http://www.xbrl.org/2003/arcrole/parent-child" xlink:from="newItem8" xlink:to="newItem19" xlink:title="presentation: newItem8 to newItem19" order="110.0" preferredLabel="http://www.xbrl.org/2003/role/terseLabel"/>
    <link:loc xlink:type="locator" xlink:href="../../c-ross_core_2015-12-31.xsd#c-ross_DerivativeFinancialAssetsUnderSolvencyIIMember" xlink:label="newItem20" xlink:title="newItem20"/>
    <link:presentationArc xlink:type="arc" xlink:arcrole="http://www.xbrl.org/2003/arcrole/parent-child" xlink:from="newItem8" xlink:to="newItem20" xlink:title="presentation: newItem8 to newItem20" order="120.0" preferredLabel="http://www.xbrl.org/2003/role/terseLabel"/>
    <link:loc xlink:type="locator" xlink:href="../../c-ross_core_2015-12-31.xsd#c-ross_OtherInvestmentAssetsUnderSolvencyIIMember" xlink:label="newItem21" xlink:title="newItem21"/>
    <link:presentationArc xlink:type="arc" xlink:arcrole="http://www.xbrl.org/2003/arcrole/parent-child" xlink:from="newItem8" xlink:to="newItem21" xlink:title="presentation: newItem8 to newItem21" order="130.0" preferredLabel="http://www.xbrl.org/2003/role/terseLabel"/>
    <link:loc xlink:type="locator" xlink:href="../../c-ross_core_2015-12-31.xsd#c-ross_AssetSecuritizationProductsUnderSolvencyIIMember" xlink:label="AssetSecuritizationProductsMember" xlink:title="AssetSecuritizationProductsMember"/>
    <link:presentationArc xlink:type="arc" xlink:arcrole="http://www.xbrl.org/2003/arcrole/parent-child" xlink:from="newItem8" xlink:to="AssetSecuritizationProductsMember" xlink:title="presentation: InvestmentAssetsMember to AssetSecuritizationProductsMember" order="60.0" preferredLabel="http://www.xbrl.org/2003/role/terseLabel"/>
    <link:loc xlink:type="locator" xlink:href="../../c-ross_core_2015-12-31.xsd#c-ross_GovernmentBondsUnderSolvencyIIMember" xlink:label="GovernmentBondsMember" xlink:title="GovernmentBondsMember"/>
    <link:presentationArc xlink:type="arc" xlink:arcrole="http://www.xbrl.org/2003/arcrole/parent-child" xlink:from="newItem8" xlink:to="GovernmentBondsMember" xlink:title="presentation: InvestmentAssetsMember to GovernmentBondsMember" order="30.0" preferredLabel="http://www.xbrl.org/2003/role/verboseLabel"/>
    <link:loc xlink:type="locator" xlink:href="../../c-ross_core_2015-12-31.xsd#c-ross_EquityInSubsidiariesJointVenturesAndAssociatedCompanyUnderSolvencyIIMember" xlink:label="newItem22" xlink:title="newItem22"/>
    <link:presentationArc xlink:type="arc" xlink:arcrole="http://www.xbrl.org/2003/arcrole/parent-child" xlink:from="newItem3" xlink:to="newItem22" xlink:title="presentation: newItem3 to newItem22" order="30.0" preferredLabel="http://www.xbrl.org/2003/role/terseLabel"/>
    <link:loc xlink:type="locator" xlink:href="../../c-ross_core_2015-12-31.xsd#c-ross_ReinsuranceAssetsUnderSolvencyIIMember" xlink:label="newItem23" xlink:title="newItem23"/>
    <link:presentationArc xlink:type="arc" xlink:arcrole="http://www.xbrl.org/2003/arcrole/parent-child" xlink:from="newItem3" xlink:to="newItem23" xlink:title="presentation: newItem3 to newItem23" order="40.0" preferredLabel="http://www.xbrl.org/2003/role/terseLabel"/>
    <link:loc xlink:type="locator" xlink:href="../../c-ross_core_2015-12-31.xsd#c-ross_ReinsuranceReserveReceivableUnderSolvencyIIMember" xlink:label="newItem24" xlink:title="newItem24"/>
    <link:presentationArc xlink:type="arc" xlink:arcrole="http://www.xbrl.org/2003/arcrole/parent-child" xlink:from="newItem23" xlink:to="newItem24" xlink:title="presentation: newItem23 to newItem24" order="10.0" preferredLabel="http://www.xbrl.org/2003/role/terseLabel"/>
    <link:loc xlink:type="locator" xlink:href="../../c-ross_core_2015-12-31.xsd#c-ross_ReinsuranceReceivableUnderSolvencyIIMember" xlink:label="newItem25" xlink:title="newItem25"/>
    <link:presentationArc xlink:type="arc" xlink:arcrole="http://www.xbrl.org/2003/arcrole/parent-child" xlink:from="newItem23" xlink:to="newItem25" xlink:title="presentation: newItem23 to newItem25" order="20.0" preferredLabel="http://www.xbrl.org/2003/role/terseLabel"/>
    <link:loc xlink:type="locator" xlink:href="../../c-ross_core_2015-12-31.xsd#c-ross_DepositsRetainedByCedentsUnderSolvencyIIMember" xlink:label="newItem26" xlink:title="newItem26"/>
    <link:presentationArc xlink:type="arc" xlink:arcrole="http://www.xbrl.org/2003/arcrole/parent-child" xlink:from="newItem23" xlink:to="newItem26" xlink:title="presentation: newItem23 to newItem26" order="30.0" preferredLabel="http://www.xbrl.org/2003/role/terseLabel"/>
    <link:loc xlink:type="locator" xlink:href="../../c-ross_core_2015-12-31.xsd#c-ross_OtherReinsuranceAssetsUnderSolvencyIIMember" xlink:label="newItem27" xlink:title="newItem27"/>
    <link:presentationArc xlink:type="arc" xlink:arcrole="http://www.xbrl.org/2003/arcrole/parent-child" xlink:from="newItem23" xlink:to="newItem27" xlink:title="presentation: newItem23 to newItem27" order="40.0" preferredLabel="http://www.xbrl.org/2003/role/terseLabel"/>
    <link:loc xlink:type="locator" xlink:href="../../c-ross_core_2015-12-31.xsd#c-ross_ReceivablesAndPrepaymentsUnderSolvencyIIMember" xlink:label="newItem28" xlink:title="newItem28"/>
    <link:presentationArc xlink:type="arc" xlink:arcrole="http://www.xbrl.org/2003/arcrole/parent-child" xlink:from="newItem3" xlink:to="newItem28" xlink:title="presentation: newItem3 to newItem28" order="50.0" preferredLabel="http://www.xbrl.org/2003/role/terseLabel"/>
    <link:loc xlink:type="locator" xlink:href="../../c-ross_core_2015-12-31.xsd#c-ross_PremiumReceivableUnderSolvencyIIMember" xlink:label="newItem29" xlink:title="newItem29"/>
    <link:presentationArc xlink:type="arc" xlink:arcrole="http://www.xbrl.org/2003/arcrole/parent-child" xlink:from="newItem28" xlink:to="newItem29" xlink:title="presentation: newItem28 to newItem29" order="10.0" preferredLabel="http://www.xbrl.org/2003/role/terseLabel"/>
    <link:loc xlink:type="locator" xlink:href="../../c-ross_core_2015-12-31.xsd#c-ross_InterestReceivableUnderSolvencyIIMember" xlink:label="newItem30" xlink:title="newItem30"/>
    <link:presentationArc xlink:type="arc" xlink:arcrole="http://www.xbrl.org/2003/arcrole/parent-child" xlink:from="newItem28" xlink:to="newItem30" xlink:title="presentation: newItem28 to newItem30" order="20.0" preferredLabel="http://www.xbrl.org/2003/role/terseLabel"/>
    <link:loc xlink:type="locator" xlink:href="../../c-ross_core_2015-12-31.xsd#c-ross_DividendsReceivableUnderSolvencyIIMember" xlink:label="newItem31" xlink:title="newItem31"/>
    <link:presentationArc xlink:type="arc" xlink:arcrole="http://www.xbrl.org/2003/arcrole/parent-child" xlink:from="newItem28" xlink:to="newItem31" xlink:title="presentation: newItem28 to newItem31" order="30.0" preferredLabel="http://www.xbrl.org/2003/role/terseLabel"/>
    <link:loc xlink:type="locator" xlink:href="../../c-ross_core_2015-12-31.xsd#c-ross_PrepaidIndemnitiesUnderSolvencyIIMember" xlink:label="newItem32" xlink:title="newItem32"/>
    <link:presentationArc xlink:type="arc" xlink:arcrole="http://www.xbrl.org/2003/arcrole/parent-child" xlink:from="newItem28" xlink:to="newItem32" xlink:title="presentation: newItem28 to newItem32" order="40.0" preferredLabel="http://www.xbrl.org/2003/role/terseLabel"/>
    <link:loc xlink:type="locator" xlink:href="../../c-ross_core_2015-12-31.xsd#c-ross_RefundableDepositsUnderSolvencyIIMember" xlink:label="newItem33" xlink:title="newItem33"/>
    <link:presentationArc xlink:type="arc" xlink:arcrole="http://www.xbrl.org/2003/arcrole/parent-child" xlink:from="newItem28" xlink:to="newItem33" xlink:title="presentation: newItem28 to newItem33" order="50.0" preferredLabel="http://www.xbrl.org/2003/role/terseLabel"/>
    <link:loc xlink:type="locator" xlink:href="../../c-ross_core_2015-12-31.xsd#c-ross_PolicyLoansUnderSolvencyIIMember" xlink:label="newItem34" xlink:title="newItem34"/>
    <link:presentationArc xlink:type="arc" xlink:arcrole="http://www.xbrl.org/2003/arcrole/parent-child" xlink:from="newItem28" xlink:to="newItem34" xlink:title="presentation: newItem28 to newItem34" order="60.0" preferredLabel="http://www.xbrl.org/2003/role/terseLabel"/>
    <link:loc xlink:type="locator" xlink:href="../../c-ross_core_2015-12-31.xsd#c-ross_OtherReceivablesAndTemporaryPaymentsUnderSolvencyIIMember" xlink:label="newItem35" xlink:title="newItem35"/>
    <link:presentationArc xlink:type="arc" xlink:arcrole="http://www.xbrl.org/2003/arcrole/parent-child" xlink:from="newItem28" xlink:to="newItem35" xlink:title="presentation: newItem28 to newItem35" order="70.0" preferredLabel="http://www.xbrl.org/2003/role/terseLabel"/>
    <link:loc xlink:type="locator" xlink:href="../../c-ross_core_2015-12-31.xsd#c-ross_FixedAssetsUnderSolvencyIIMember" xlink:label="newItem36" xlink:title="newItem36"/>
    <link:presentationArc xlink:type="arc" xlink:arcrole="http://www.xbrl.org/2003/arcrole/parent-child" xlink:from="newItem3" xlink:to="newItem36" xlink:title="presentation: newItem3 to newItem36" order="60.0" preferredLabel="http://www.xbrl.org/2003/role/terseLabel"/>
    <link:loc xlink:type="locator" xlink:href="../../c-ross_core_2015-12-31.xsd#c-ross_FixedAssetsPropertyForOwnUseUnderSolvencyIIMember" xlink:label="newItem37" xlink:title="newItem37"/>
    <link:presentationArc xlink:type="arc" xlink:arcrole="http://www.xbrl.org/2003/arcrole/parent-child" xlink:from="newItem36" xlink:to="newItem37" xlink:title="presentation: newItem36 to newItem37" order="10.0" preferredLabel="http://www.xbrl.org/2003/role/terseLabel"/>
    <link:loc xlink:type="locator" xlink:href="../../c-ross_core_2015-12-31.xsd#c-ross_FixedAssetsMachineryAndEquipmentUnderSolvencyIIMember" xlink:label="newItem38" xlink:title="newItem38"/>
    <link:presentationArc xlink:type="arc" xlink:arcrole="http://www.xbrl.org/2003/arcrole/parent-child" xlink:from="newItem36" xlink:to="newItem38" xlink:title="presentation: newItem36 to newItem38" order="20.0" preferredLabel="http://www.xbrl.org/2003/role/terseLabel"/>
    <link:loc xlink:type="locator" xlink:href="../../c-ross_core_2015-12-31.xsd#c-ross_FixedAssetsTransportEquipmentUnderSolvencyIIMember" xlink:label="newItem39" xlink:title="newItem39"/>
    <link:presentationArc xlink:type="arc" xlink:arcrole="http://www.xbrl.org/2003/arcrole/parent-child" xlink:from="newItem36" xlink:to="newItem39" xlink:title="presentation: newItem36 to newItem39" order="30.0" preferredLabel="http://www.xbrl.org/2003/role/terseLabel"/>
    <link:loc xlink:type="locator" xlink:href="../../c-ross_core_2015-12-31.xsd#c-ross_FixedAssetsConstructionInProgressUnderSolvencyIIMember" xlink:label="newItem40" xlink:title="newItem40"/>
    <link:presentationArc xlink:type="arc" xlink:arcrole="http://www.xbrl.org/2003/arcrole/parent-child" xlink:from="newItem36" xlink:to="newItem40" xlink:title="presentation: newItem36 to newItem40" order="40.0" preferredLabel="http://www.xbrl.org/2003/role/terseLabel"/>
    <link:loc xlink:type="locator" xlink:href="../../c-ross_core_2015-12-31.xsd#c-ross_FixedAssetsOfficeFurnitureUnderSolvencyIIMember" xlink:label="newItem41" xlink:title="newItem41"/>
    <link:presentationArc xlink:type="arc" xlink:arcrole="http://www.xbrl.org/2003/arcrole/parent-child" xlink:from="newItem36" xlink:to="newItem41" xlink:title="presentation: newItem36 to newItem41" order="50.0" preferredLabel="http://www.xbrl.org/2003/role/terseLabel"/>
    <link:loc xlink:type="locator" xlink:href="../../c-ross_core_2015-12-31.xsd#c-ross_OtherFixedAssetsUnderSolvencyIIMember" xlink:label="newItem42" xlink:title="newItem42"/>
    <link:presentationArc xlink:type="arc" xlink:arcrole="http://www.xbrl.org/2003/arcrole/parent-child" xlink:from="newItem36" xlink:to="newItem42" xlink:title="presentation: newItem36 to newItem42" order="60.0" preferredLabel="http://www.xbrl.org/2003/role/terseLabel"/>
    <link:loc xlink:type="locator" xlink:href="../../c-ross_core_2015-12-31.xsd#c-ross_IntangibleAssetsLandUseRightsUnderSolvencyIIMember" xlink:label="newItem43" xlink:title="newItem43"/>
    <link:presentationArc xlink:type="arc" xlink:arcrole="http://www.xbrl.org/2003/arcrole/parent-child" xlink:from="newItem3" xlink:to="newItem43" xlink:title="presentation: newItem3 to newItem43" order="70.0" preferredLabel="http://www.xbrl.org/2003/role/terseLabel"/>
    <link:loc xlink:type="locator" xlink:href="../../c-ross_core_2015-12-31.xsd#c-ross_SeparateAccountAssetsUnderSolvencyIIMember" xlink:label="newItem44" xlink:title="newItem44"/>
    <link:presentationArc xlink:type="arc" xlink:arcrole="http://www.xbrl.org/2003/arcrole/parent-child" xlink:from="newItem3" xlink:to="newItem44" xlink:title="presentation: newItem3 to newItem44" order="80.0" preferredLabel="http://www.xbrl.org/2003/role/terseLabel"/>
    <link:loc xlink:type="locator" xlink:href="../../c-ross_core_2015-12-31.xsd#c-ross_OtherAdmittedAssetsUnderSolvencyIIMember" xlink:label="newItem45" xlink:title="newItem45"/>
    <link:presentationArc xlink:type="arc" xlink:arcrole="http://www.xbrl.org/2003/arcrole/parent-child" xlink:from="newItem3" xlink:to="newItem45" xlink:title="presentation: newItem3 to newItem45" order="90.0" preferredLabel="http://www.xbrl.org/2003/role/terseLabel"/>
    <link:loc xlink:type="locator" xlink:href="../../c-ross_core_2015-12-31.xsd#c-ross_DeferredIncomeTaxAssetsExceptDeferredIncomeTaxAssetsCausedByOperatingLossesUnderSolvencyIIMember" xlink:label="newItem46" xlink:title="newItem46"/>
    <link:presentationArc xlink:type="arc" xlink:arcrole="http://www.xbrl.org/2003/arcrole/parent-child" xlink:from="newItem45" xlink:to="newItem46" xlink:title="presentation: newItem45 to newItem46" order="10.0" preferredLabel="http://www.xbrl.org/2003/role/terseLabel"/>
    <link:loc xlink:type="locator" xlink:href="../../c-ross_core_2015-12-31.xsd#c-ross_ContingentCapitalUnderSolvencyIIMember" xlink:label="newItem47" xlink:title="newItem47"/>
    <link:presentationArc xlink:type="arc" xlink:arcrole="http://www.xbrl.org/2003/arcrole/parent-child" xlink:from="newItem45" xlink:to="newItem47" xlink:title="presentation: newItem45 to newItem47" order="20.0" preferredLabel="http://www.xbrl.org/2003/role/terseLabel"/>
    <link:loc xlink:type="locator" xlink:href="../../c-ross_core_2015-12-31.xsd#c-ross_OtherAdmittedAssetsOthersUnderSolvencyIIMember" xlink:label="newItem48" xlink:title="newItem48"/>
    <link:presentationArc xlink:type="arc" xlink:arcrole="http://www.xbrl.org/2003/arcrole/parent-child" xlink:from="newItem45" xlink:to="newItem48" xlink:title="presentation: newItem45 to newItem48" order="30.0" preferredLabel="http://www.xbrl.org/2003/role/terseLabel"/>
    <link:loc xlink:type="locator" xlink:href="../../c-ross_core_2015-12-31.xsd#c-ross_AdmittedAssetsDisclosureByItemsLineItems" xlink:label="newItem49" xlink:title="newItem49"/>
    <link:presentationArc xlink:type="arc" xlink:arcrole="http://www.xbrl.org/2003/arcrole/parent-child" xlink:from="TableOfAdmittedAssetsAbstract" xlink:to="newItem49" xlink:title="presentation: TableOfAdmittedAssetsAbstract to newItem49" order="20.0" preferredLabel="http://www.xbrl.org/2003/role/label"/>
    <link:loc xlink:type="locator" xlink:href="../../c-ross_core_2015-12-31.xsd#c-ross_AssetsUnderSolvencyIIBookValue" xlink:label="newItem_2" xlink:title="newItem"/>
    <link:presentationArc xlink:type="arc" xlink:arcrole="http://www.xbrl.org/2003/arcrole/parent-child" xlink:from="newItem49" xlink:to="newItem_2" xlink:title="presentation: AdmittedAssetsDisclosureByItemsLineItems to newItem" order="10.0" preferredLabel="http://www.xbrl.org/2003/role/terseLabel"/>
    <link:loc xlink:type="locator" xlink:href="../../c-ross_core_2015-12-31.xsd#c-ross_AssetsUnderSolvencyIINonAdmittedValue" xlink:label="newItem2_2" xlink:title="newItem2"/>
    <link:presentationArc xlink:type="arc" xlink:arcrole="http://www.xbrl.org/2003/arcrole/parent-child" xlink:from="newItem49" xlink:to="newItem2_2" xlink:title="presentation: AdmittedAssetsDisclosureByItemsLineItems to newItem2" order="20.0" preferredLabel="http://www.xbrl.org/2003/role/terseLabel"/>
    <link:loc xlink:type="locator" xlink:href="../../c-ross_core_2015-12-31.xsd#c-ross_AdmittedAssetsUnderSolvencyII" xlink:label="AdmittedAssets" xlink:title="AdmittedAssets"/>
    <link:presentationArc xlink:type="arc" xlink:arcrole="http://www.xbrl.org/2003/arcrole/parent-child" xlink:from="newItem49" xlink:to="AdmittedAssets" xlink:title="presentation: AdmittedAssetsDisclosureByItemsLineItems to AdmittedAssets" use="optional" order="30.0" preferredLabel="http://www.xbrl.org/2003/role/verboseLabel"/>
  </link:presentationLink>
</link:linkbase>
