<?xml version="1.0" encoding="UTF-8"?>

<!--
	Taxonomy: 2015-12-31 (Final)
	**********************
	Copyright © 2015 China Insurance Regulatory Commission.
	All rights reserved.  No part of this publication may be translated, reprinted or reproduced
	or utilised in any form either in whole or in part without prior permission in writing from China Insurance Regulatory Commission.
	  **********************
	-->
<link:linkbase xmlns:xsi="http://www.w3.org/2001/XMLSchema-instance" xsi:schemaLocation="http://www.xbrl.org/2003/linkbase http://www.xbrl.org/2003/xbrl-linkbase-2003-12-31.xsd" xmlns:c-ross="http://xbrl.circ.gov.cn/taxonomy/2015-12-31/c-ross" xmlns:link="http://www.xbrl.org/2003/linkbase" xmlns:q_s_pc_entry_point="http://xbrl.circ.gov.cn/taxonomy/2015-12-31/c-ross/q_s_pc_entry_point" xmlns:xlink="http://www.w3.org/1999/xlink" xmlns:xbrli="http://www.xbrl.org/2003/instance">
  <link:roleRef roleURI="http://www.xbrl.org/2009/role/netLabel" xlink:type="simple" xlink:href="http://www.xbrl.org/lrr/role/net-2009-12-16.xsd#netLabel"/>
  <link:roleRef roleURI="http://xbrl.circ.gov.cn/role/c-ross_2015-12-31_role-3120200" xlink:type="simple" xlink:href="rol_c-ross_1_2015-12-31.xsd#c-ross_2015-12-31-3120200"/>
  <link:presentationLink xlink:type="extended" xlink:role="http://xbrl.circ.gov.cn/role/c-ross_2015-12-31_role-3120200">
    <link:loc xlink:type="locator" xlink:href="../../c-ross_core_2015-12-31.xsd#c-ross_TableOfAvailableCapitalAbstract" xlink:label="TableOfAvailableCapitalAbstract" xlink:title="TableOfAvailableCapitalAbstract"/>
    <link:loc xlink:type="locator" xlink:href="../../c-ross_core_2015-12-31.xsd#c-ross_CoreTierOneCapitalUnderSolvencyII" xlink:label="CoreTierOneCapital" xlink:title="CoreTierOneCapital"/>
    <link:presentationArc xlink:type="arc" xlink:arcrole="http://www.xbrl.org/2003/arcrole/parent-child" xlink:from="TableOfAvailableCapitalAbstract" xlink:to="CoreTierOneCapital" xlink:title="presentation: TableOfAvailableCapitalAbstract to CoreTierOneCapital" use="optional" order="10.0" preferredLabel="http://www.xbrl.org/2003/role/terseLabel"/>
    <link:loc xlink:type="locator" xlink:href="../../c-ross_core_2015-12-31.xsd#c-ross_AdjustmentFromNetAssetsToCoreTierOneCapital" xlink:label="AdjustmentFromNetAssetsToCoreTierOneCapital" xlink:title="AdjustmentFromNetAssetsToCoreTierOneCapital"/>
    <link:presentationArc xlink:type="arc" xlink:arcrole="http://www.xbrl.org/2003/arcrole/parent-child" xlink:from="CoreTierOneCapital" xlink:to="AdjustmentFromNetAssetsToCoreTierOneCapital" xlink:title="presentation: CoreTierOneCapital to AdjustmentFromNetAssetsToCoreTierOneCapital" use="optional" order="20.0" preferredLabel="http://www.xbrl.org/2003/role/terseLabel"/>
    <link:loc xlink:type="locator" xlink:href="../../c-ross_core_2015-12-31.xsd#c-ross_AdjustmentsOfCoreTierOneCapitalDifferenceBetweenAdmittedValueOfLongTermEquityInvestmentOfInsuranceCompanyInTheirSubsidiariesBasedOnEquityMethodAndItsBookValueInFinancialStatements" xlink:label="AdjustmentsOfCoreTierOneCapitalDifferenceBetweenAdmittedValueOfLongTermEquityInvestmentOfInsuranceCompanyInTheirSubsidiariesBasedOnEquityMethodAndItsBookValueInFinancialStatements" xlink:title="AdjustmentsOfCoreTierOneCapitalDifferenceBetweenAdmittedValueOfLongTermEquityInvestmentOfInsuranceCompanyInTheirSubsidiariesBasedOnEquityMethodAndItsBookValueInFinancialStatements"/>
    <link:presentationArc xlink:type="arc" xlink:arcrole="http://www.xbrl.org/2003/arcrole/parent-child" xlink:from="AdjustmentFromNetAssetsToCoreTierOneCapital" xlink:to="AdjustmentsOfCoreTierOneCapitalDifferenceBetweenAdmittedValueOfLongTermEquityInvestmentOfInsuranceCompanyInTheirSubsidiariesBasedOnEquityMethodAndItsBookValueInFinancialStatements" xlink:title="presentation: AdjustmentFromNetAssetsToCoreTierOneCapital to AdjustmentsOfCoreTierOneCapitalDifferenceBetweenAdmittedValueOfLongTermEquityInvestmentOfInsuranceCompanyInTheirSubsidiariesBasedOnEquityMethodAndItsBookValueInFinancialStatements" use="optional" order="10.0" preferredLabel="http://www.xbrl.org/2003/role/terseLabel"/>
    <link:loc xlink:type="locator" xlink:href="../../c-ross_core_2015-12-31.xsd#c-ross_AdjustmentsOfCoreTierOneCapitalDifferenceBetweenBookValueOfReinsuranceReserveReceivableForLifeInsuranceBusinessAndItsAdmittedValue" xlink:label="AdjustmentsOfCoreTierOneCapitalDifferenceBetweenBookValueOfReinsuranceReserveReceivableForLifeInsuranceBusinessAndItsAdmittedValue" xlink:title="AdjustmentsOfCoreTierOneCapitalDifferenceBetweenBookValueOfReinsuranceReserveReceivableForLifeInsuranceBusinessAndItsAdmittedValue"/>
    <link:presentationArc xlink:type="arc" xlink:arcrole="http://www.xbrl.org/2003/arcrole/parent-child" xlink:from="AdjustmentFromNetAssetsToCoreTierOneCapital" xlink:to="AdjustmentsOfCoreTierOneCapitalDifferenceBetweenBookValueOfReinsuranceReserveReceivableForLifeInsuranceBusinessAndItsAdmittedValue" xlink:title="presentation: AdjustmentFromNetAssetsToCoreTierOneCapital to AdjustmentsOfCoreTierOneCapitalDifferenceBetweenBookValueOfReinsuranceReserveReceivableForLifeInsuranceBusinessAndItsAdmittedValue" use="optional" order="20.0" preferredLabel="http://www.xbrl.org/2003/role/terseLabel"/>
    <link:loc xlink:type="locator" xlink:href="../../c-ross_core_2015-12-31.xsd#c-ross_AdjustmentsOfCoreTierOneCapitalBookValueOfNonAdmittedAssets" xlink:label="AdjustmentsOfCoreTierOneCapitalBookValueOfNonAdmittedAssets" xlink:title="AdjustmentsOfCoreTierOneCapitalBookValueOfNonAdmittedAssets"/>
    <link:presentationArc xlink:type="arc" xlink:arcrole="http://www.xbrl.org/2003/arcrole/parent-child" xlink:from="AdjustmentFromNetAssetsToCoreTierOneCapital" xlink:to="AdjustmentsOfCoreTierOneCapitalBookValueOfNonAdmittedAssets" xlink:title="presentation: AdjustmentFromNetAssetsToCoreTierOneCapital to AdjustmentsOfCoreTierOneCapitalBookValueOfNonAdmittedAssets" use="optional" order="30.0" preferredLabel="http://www.xbrl.org/2003/role/terseLabel"/>
    <link:loc xlink:type="locator" xlink:href="../../c-ross_core_2015-12-31.xsd#c-ross_AdjustmentsOfCoreTierOneCapitalFairValueIncreaseOfInvestmentPropertyMeasuredAtFairValue" xlink:label="AdjustmentsOfCoreTierOneCapitalFairValueIncreaseOfInvestmentPropertyMeasuredAtFairValue" xlink:title="AdjustmentsOfCoreTierOneCapitalFairValueIncreaseOfInvestmentPropertyMeasuredAtFairValue"/>
    <link:presentationArc xlink:type="arc" xlink:arcrole="http://www.xbrl.org/2003/arcrole/parent-child" xlink:from="AdjustmentFromNetAssetsToCoreTierOneCapital" xlink:to="AdjustmentsOfCoreTierOneCapitalFairValueIncreaseOfInvestmentPropertyMeasuredAtFairValue" xlink:title="presentation: AdjustmentFromNetAssetsToCoreTierOneCapital to AdjustmentsOfCoreTierOneCapitalFairValueIncreaseOfInvestmentPropertyMeasuredAtFairValue" use="optional" order="40.0" preferredLabel="http://www.xbrl.org/2003/role/terseLabel"/>
    <link:loc xlink:type="locator" xlink:href="../../c-ross_core_2015-12-31.xsd#c-ross_AdjustmentsOfCoreTierOneCapitalAccumulatedFairValueIncreaseOfOwnedPropertyWhichWasEverMeasuredAtFairValue" xlink:label="AdjustmentsOfCoreTierOneCapitalAccumulatedFairValueIncreaseOfOwnedPropertyWhichWasEverMeasuredAtFairValue" xlink:title="AdjustmentsOfCoreTierOneCapitalAccumulatedFairValueIncreaseOfOwnedPropertyWhichWasEverMeasuredAtFairValue"/>
    <link:presentationArc xlink:type="arc" xlink:arcrole="http://www.xbrl.org/2003/arcrole/parent-child" xlink:from="AdjustmentFromNetAssetsToCoreTierOneCapital" xlink:to="AdjustmentsOfCoreTierOneCapitalAccumulatedFairValueIncreaseOfOwnedPropertyWhichWasEverMeasuredAtFairValue" xlink:title="presentation: AdjustmentFromNetAssetsToCoreTierOneCapital to AdjustmentsOfCoreTierOneCapitalAccumulatedFairValueIncreaseOfOwnedPropertyWhichWasEverMeasuredAtFairValue" use="optional" order="50.0" preferredLabel="http://www.xbrl.org/2003/role/terseLabel"/>
    <link:loc xlink:type="locator" xlink:href="../../c-ross_core_2015-12-31.xsd#c-ross_AdjustmentsOfCoreTierOneCapitalCatastropheRiskPremiumReserveForAgriculturalInsuranceBusiness" xlink:label="AdjustmentsOfCoreTierOneCapitalCatastropheRiskPremiumReserveForAgriculturalInsuranceBusiness" xlink:title="AdjustmentsOfCoreTierOneCapitalCatastropheRiskPremiumReserveForAgriculturalInsuranceBusiness"/>
    <link:presentationArc xlink:type="arc" xlink:arcrole="http://www.xbrl.org/2003/arcrole/parent-child" xlink:from="AdjustmentFromNetAssetsToCoreTierOneCapital" xlink:to="AdjustmentsOfCoreTierOneCapitalCatastropheRiskPremiumReserveForAgriculturalInsuranceBusiness" xlink:title="presentation: AdjustmentFromNetAssetsToCoreTierOneCapital to AdjustmentsOfCoreTierOneCapitalCatastropheRiskPremiumReserveForAgriculturalInsuranceBusiness" use="optional" order="60.0" preferredLabel="http://www.xbrl.org/2003/role/terseLabel"/>
    <link:loc xlink:type="locator" xlink:href="../../c-ross_core_2015-12-31.xsd#c-ross_AdjustmentsOfCoreTierOneCapitalDifferenceBetweenBookValueOfLifeInsuranceReservesInFinancialStatementsAndSumOfAdmittedValueOfInsuranceContractLiabilitiesAndIncomeTaxProvisionInSolvencyReport" xlink:label="AdjustmentOfCoreTierOneCapitalDifferenceBetweenBookValueOfLifeInsuranceReservesInFinancialStatementsAndSumOfAdmittedValueOfInsuranceContractLiabilitiesAndIncomeTaxProvisionInSolvencyReport" xlink:title="AdjustmentOfCoreTierOneCapitalDifferenceBetweenBookValueOfLifeInsuranceReservesInFinancialStatementsAndSumOfAdmittedValueOfInsuranceContractLiabilitiesAndIncomeTaxProvisionInSolvencyReport"/>
    <link:presentationArc xlink:type="arc" xlink:arcrole="http://www.xbrl.org/2003/arcrole/parent-child" xlink:from="AdjustmentFromNetAssetsToCoreTierOneCapital" xlink:to="AdjustmentOfCoreTierOneCapitalDifferenceBetweenBookValueOfLifeInsuranceReservesInFinancialStatementsAndSumOfAdmittedValueOfInsuranceContractLiabilitiesAndIncomeTaxProvisionInSolvencyReport" xlink:title="presentation: AdjustmentFromNetAssetsToCoreTierOneCapital to AdjustmentOfCoreTierOneCapitalDifferenceBetweenBookValueOfLifeInsuranceReservesInFinancialStatementsAndSumOfAdmittedValueOfInsuranceContractLiabilitiesAndIncomeTaxProvisionInSolvencyReport" use="optional" order="70.0" preferredLabel="http://www.xbrl.org/2003/role/terseLabel"/>
    <link:loc xlink:type="locator" xlink:href="../../c-ross_core_2015-12-31.xsd#c-ross_AdjustmentsOfCoreTierOneCapitalAdmittedValueOfCashValueGuarantee" xlink:label="AdjustmentsOfCoreTierOneCapitalAdmittedValueOfCashValueGuarantee" xlink:title="AdjustmentsOfCoreTierOneCapitalAdmittedValueOfCashValueGuarantee"/>
    <link:presentationArc xlink:type="arc" xlink:arcrole="http://www.xbrl.org/2003/arcrole/parent-child" xlink:from="AdjustmentFromNetAssetsToCoreTierOneCapital" xlink:to="AdjustmentsOfCoreTierOneCapitalAdmittedValueOfCashValueGuarantee" xlink:title="presentation: AdjustmentFromNetAssetsToCoreTierOneCapital to AdjustmentsOfCoreTierOneCapitalAdmittedValueOfCashValueGuarantee" use="optional" order="80.0" preferredLabel="http://www.xbrl.org/2003/role/terseLabel"/>
    <link:loc xlink:type="locator" xlink:href="../../c-ross_core_2015-12-31.xsd#c-ross_AdjustmentsOfCoreTierOneCapitalAmountOfCapitalInstrumentsClassifiedAsLiabilitiesWhichCanBeIncludedInCoreTierOneCapitalPursuantToRelevantStandards" xlink:label="AdjustmentsOfCoreTierOneCapitalAmountOfCapitalInstrumentsClassifiedAsLiabilitiesWhichCanBeIncludedInCoreTierOneCapitalPursuantToRelevantStandards" xlink:title="AdjustmentsOfCoreTierOneCapitalAmountOfCapitalInstrumentsClassifiedAsLiabilitiesWhichCanBeIncludedInCoreTierOneCapitalPursuantToRelevantStandards"/>
    <link:presentationArc xlink:type="arc" xlink:arcrole="http://www.xbrl.org/2003/arcrole/parent-child" xlink:from="AdjustmentFromNetAssetsToCoreTierOneCapital" xlink:to="AdjustmentsOfCoreTierOneCapitalAmountOfCapitalInstrumentsClassifiedAsLiabilitiesWhichCanBeIncludedInCoreTierOneCapitalPursuantToRelevantStandards" xlink:title="presentation: AdjustmentFromNetAssetsToCoreTierOneCapital to AdjustmentsOfCoreTierOneCapitalAmountOfCapitalInstrumentsClassifiedAsLiabilitiesWhichCanBeIncludedInCoreTierOneCapitalPursuantToRelevantStandards" use="optional" order="90.0" preferredLabel="http://www.xbrl.org/2003/role/terseLabel"/>
    <link:loc xlink:type="locator" xlink:href="../../c-ross_core_2015-12-31.xsd#c-ross_AdjustmentsOfCoreTierOneCapitalOtherItemsForAdjustmentAsSpecifiedByCirc" xlink:label="AdjustmentsOfCoreTierOneCapitalOtherItemsForAdjustmentAsSpecifiedByCirc" xlink:title="AdjustmentsOfCoreTierOneCapitalOtherItemsForAdjustmentAsSpecifiedByCirc"/>
    <link:presentationArc xlink:type="arc" xlink:arcrole="http://www.xbrl.org/2003/arcrole/parent-child" xlink:from="AdjustmentFromNetAssetsToCoreTierOneCapital" xlink:to="AdjustmentsOfCoreTierOneCapitalOtherItemsForAdjustmentAsSpecifiedByCirc" xlink:title="presentation: AdjustmentFromNetAssetsToCoreTierOneCapital to AdjustmentsOfCoreTierOneCapitalOtherItemsForAdjustmentAsSpecifiedByCirc" use="optional" order="100.0" preferredLabel="http://www.xbrl.org/2003/role/terseLabel"/>
    <link:loc xlink:type="locator" xlink:href="http://xbrl.ifrs.org/taxonomy/2014-03-05/full_ifrs/full_ifrs-cor_2014-03-05.xsd#ifrs-full_NetAssetsLiabilities" xlink:label="NetAssetsLiabilities" xlink:title="NetAssetsLiabilities"/>
    <link:presentationArc xlink:type="arc" xlink:arcrole="http://www.xbrl.org/2003/arcrole/parent-child" xlink:from="CoreTierOneCapital" xlink:to="NetAssetsLiabilities" xlink:title="presentation: CoreTierOneCapital to NetAssetsLiabilities" use="optional" order="10.0" preferredLabel="http://www.xbrl.org/2003/role/label"/>
    <link:loc xlink:type="locator" xlink:href="../../c-ross_core_2015-12-31.xsd#c-ross_CoreTierTwoCapital" xlink:label="CoreTierTwoCapital" xlink:title="CoreTierTwoCapital"/>
    <link:presentationArc xlink:type="arc" xlink:arcrole="http://www.xbrl.org/2003/arcrole/parent-child" xlink:from="TableOfAvailableCapitalAbstract" xlink:to="CoreTierTwoCapital" xlink:title="presentation: TableOfAvailableCapitalAbstract to CoreTierTwoCapital" use="optional" order="20.0" preferredLabel="http://www.xbrl.org/2003/role/label"/>
    <link:loc xlink:type="locator" xlink:href="../../c-ross_core_2015-12-31.xsd#c-ross_DeductibleCoreTierTwoCapitalThatExceedsLimitAmount" xlink:label="DeductionExcessPartOfCoreTierTwoCapital" xlink:title="DeductionExcessPartOfCoreTierTwoCapital"/>
    <link:presentationArc xlink:type="arc" xlink:arcrole="http://www.xbrl.org/2003/arcrole/parent-child" xlink:from="CoreTierTwoCapital" xlink:to="DeductionExcessPartOfCoreTierTwoCapital" xlink:title="presentation: CoreTierTwoCapital to DeductionExcessPartOfCoreTierTwoCapital" use="optional" order="30.0" preferredLabel="http://www.xbrl.org/2003/role/terseLabel"/>
    <link:loc xlink:type="locator" xlink:href="../../c-ross_core_2015-12-31.xsd#c-ross_OtherCoreTierTwoCapital" xlink:label="OtherCoreTierTwoCapital" xlink:title="OtherCoreTierTwoCapital"/>
    <link:presentationArc xlink:type="arc" xlink:arcrole="http://www.xbrl.org/2003/arcrole/parent-child" xlink:from="CoreTierTwoCapital" xlink:to="OtherCoreTierTwoCapital" xlink:title="presentation: CoreTierTwoCapital to OtherCoreTierTwoCapital" use="optional" order="20.0" preferredLabel="http://www.xbrl.org/2003/role/label"/>
    <link:loc xlink:type="locator" xlink:href="../../c-ross_core_2015-12-31.xsd#c-ross_CoreTierTwoCapitalPreferredShares" xlink:label="CoreTierTwoCapitalPreferredShares" xlink:title="CoreTierTwoCapitalPreferredShares"/>
    <link:presentationArc xlink:type="arc" xlink:arcrole="http://www.xbrl.org/2003/arcrole/parent-child" xlink:from="CoreTierTwoCapital" xlink:to="CoreTierTwoCapitalPreferredShares" xlink:title="presentation: CoreTierTwoCapital to CoreTierTwoCapitalPreferredShares" order="10.0" preferredLabel="http://www.xbrl.org/2003/role/terseLabel"/>
    <link:loc xlink:type="locator" xlink:href="../../c-ross_core_2015-12-31.xsd#c-ross_SupplementaryTierOneCapital" xlink:label="SupplementaryTierOneCapital" xlink:title="SupplementaryTierOneCapital"/>
    <link:presentationArc xlink:type="arc" xlink:arcrole="http://www.xbrl.org/2003/arcrole/parent-child" xlink:from="TableOfAvailableCapitalAbstract" xlink:to="SupplementaryTierOneCapital" xlink:title="presentation: TableOfAvailableCapitalAbstract to SupplementaryTierOneCapital" use="optional" order="30.0" preferredLabel="http://www.xbrl.org/2003/role/label"/>
    <link:loc xlink:type="locator" xlink:href="../../c-ross_core_2015-12-31.xsd#c-ross_SubordinatedTermDebts" xlink:label="SubordinatedTermDebts" xlink:title="SubordinatedTermDebts"/>
    <link:presentationArc xlink:type="arc" xlink:arcrole="http://www.xbrl.org/2003/arcrole/parent-child" xlink:from="SupplementaryTierOneCapital" xlink:to="SubordinatedTermDebts" xlink:title="presentation: SupplementaryTierOneCapital to SubordinatedTermDebts" use="optional" order="10.0" preferredLabel="http://www.xbrl.org/2003/role/label"/>
    <link:loc xlink:type="locator" xlink:href="../../c-ross_core_2015-12-31.xsd#c-ross_SubordinatedConvertibleBonds" xlink:label="SubordinatedConvertibleBonds" xlink:title="SubordinatedConvertibleBonds"/>
    <link:presentationArc xlink:type="arc" xlink:arcrole="http://www.xbrl.org/2003/arcrole/parent-child" xlink:from="SupplementaryTierOneCapital" xlink:to="SubordinatedConvertibleBonds" xlink:title="presentation: SupplementaryTierOneCapital to SubordinatedConvertibleBonds" use="optional" order="30.0" preferredLabel="http://www.xbrl.org/2003/role/label"/>
    <link:loc xlink:type="locator" xlink:href="../../c-ross_core_2015-12-31.xsd#c-ross_AdjustmentsOfCoreTierTwoCapitalFairValueIncreaseOfInvestmentPropertyMeasuredAtFairValue" xlink:label="AdjustmentsOfCoreTierTwoCapitalFairValueIncreaseOfInvestmentPropertyMeasuredAtFairValue" xlink:title="AdjustmentsOfCoreTierTwoCapitalFairValueIncreaseOfInvestmentPropertyMeasuredAtFairValue"/>
    <link:presentationArc xlink:type="arc" xlink:arcrole="http://www.xbrl.org/2003/arcrole/parent-child" xlink:from="SupplementaryTierOneCapital" xlink:to="AdjustmentsOfCoreTierTwoCapitalFairValueIncreaseOfInvestmentPropertyMeasuredAtFairValue" xlink:title="presentation: SupplementaryTierOneCapital to AdjustmentsOfCoreTierTwoCapitalFairValueIncreaseOfInvestmentPropertyMeasuredAtFairValue" use="optional" order="40.0" preferredLabel="http://www.xbrl.org/2003/role/terseLabel"/>
    <link:loc xlink:type="locator" xlink:href="../../c-ross_core_2015-12-31.xsd#c-ross_AdjustmentsOfCoreTierTwoCapitalAccumulatedFairValueIncreaseOfOwnedPropertyWhichWasEverMeasuredAtFairValue" xlink:label="AdjustmentsOfCoreTierTwoCapitalAccumulatedFairValueIncreaseOfOwnedPropertyWhichWasEverMeasuredAtFairValue" xlink:title="AdjustmentsOfCoreTierTwoCapitalAccumulatedFairValueIncreaseOfOwnedPropertyWhichWasEverMeasuredAtFairValue"/>
    <link:presentationArc xlink:type="arc" xlink:arcrole="http://www.xbrl.org/2003/arcrole/parent-child" xlink:from="SupplementaryTierOneCapital" xlink:to="AdjustmentsOfCoreTierTwoCapitalAccumulatedFairValueIncreaseOfOwnedPropertyWhichWasEverMeasuredAtFairValue" xlink:title="presentation: SupplementaryTierOneCapital to AdjustmentsOfCoreTierTwoCapitalAccumulatedFairValueIncreaseOfOwnedPropertyWhichWasEverMeasuredAtFairValue" use="optional" order="50.0" preferredLabel="http://www.xbrl.org/2003/role/terseLabel"/>
    <link:loc xlink:type="locator" xlink:href="../../c-ross_core_2015-12-31.xsd#c-ross_OtherSupplementaryTierOneCapital" xlink:label="OtherSupplementaryTierOneCapital" xlink:title="OtherSupplementaryTierOneCapital"/>
    <link:presentationArc xlink:type="arc" xlink:arcrole="http://www.xbrl.org/2003/arcrole/parent-child" xlink:from="SupplementaryTierOneCapital" xlink:to="OtherSupplementaryTierOneCapital" xlink:title="presentation: SupplementaryTierOneCapital to OtherSupplementaryTierOneCapital" use="optional" order="60.0" preferredLabel="http://www.xbrl.org/2003/role/label"/>
    <link:loc xlink:type="locator" xlink:href="../../c-ross_core_2015-12-31.xsd#c-ross_DeductibleSupplementaryTierOneCapitalThatExceedsLimitAmount" xlink:label="DeductionExcessPartOfSupplementaryTierOneCapital" xlink:title="DeductionExcessPartOfSupplementaryTierOneCapital"/>
    <link:presentationArc xlink:type="arc" xlink:arcrole="http://www.xbrl.org/2003/arcrole/parent-child" xlink:from="SupplementaryTierOneCapital" xlink:to="DeductionExcessPartOfSupplementaryTierOneCapital" xlink:title="presentation: SupplementaryTierOneCapital to DeductionExcessPartOfSupplementaryTierOneCapital" use="optional" order="70.0" preferredLabel="http://www.xbrl.org/2003/role/terseLabel"/>
    <link:loc xlink:type="locator" xlink:href="../../c-ross_core_2015-12-31.xsd#c-ross_CapitalSupplementBonds" xlink:label="CapitalSupplementBonds" xlink:title="CapitalSupplementBonds"/>
    <link:presentationArc xlink:type="arc" xlink:arcrole="http://www.xbrl.org/2003/arcrole/parent-child" xlink:from="SupplementaryTierOneCapital" xlink:to="CapitalSupplementBonds" xlink:title="presentation: SupplementaryTierOneCapital to CapitalSupplementBonds" use="optional" order="20.0" preferredLabel="http://www.xbrl.org/2003/role/label"/>
    <link:loc xlink:type="locator" xlink:href="../../c-ross_core_2015-12-31.xsd#c-ross_SupplementaryTierTwoCapital" xlink:label="SupplementaryTierTwoCapital" xlink:title="SupplementaryTierTwoCapital"/>
    <link:presentationArc xlink:type="arc" xlink:arcrole="http://www.xbrl.org/2003/arcrole/parent-child" xlink:from="TableOfAvailableCapitalAbstract" xlink:to="SupplementaryTierTwoCapital" xlink:title="presentation: TableOfAvailableCapitalAbstract to SupplementaryTierTwoCapital" use="optional" order="40.0" preferredLabel="http://www.xbrl.org/2003/role/label"/>
    <link:loc xlink:type="locator" xlink:href="../../c-ross_core_2015-12-31.xsd#c-ross_OtherSupplementaryTierTwoCapital" xlink:label="OtherSupplementaryTierTwoCapital" xlink:title="OtherSupplementaryTierTwoCapital"/>
    <link:presentationArc xlink:type="arc" xlink:arcrole="http://www.xbrl.org/2003/arcrole/parent-child" xlink:from="SupplementaryTierTwoCapital" xlink:to="OtherSupplementaryTierTwoCapital" xlink:title="presentation: SupplementaryTierTwoCapital to OtherSupplementaryTierTwoCapital" use="optional" order="10.0" preferredLabel="http://www.xbrl.org/2003/role/verboseLabel"/>
    <link:loc xlink:type="locator" xlink:href="../../c-ross_core_2015-12-31.xsd#c-ross_DeductibleSupplementaryTierTwoCapitalThatExceedsLimitAmount" xlink:label="DeductionExcessPartOfSupplementaryTierTwoCapital" xlink:title="DeductionExcessPartOfSupplementaryTierTwoCapital"/>
    <link:presentationArc xlink:type="arc" xlink:arcrole="http://www.xbrl.org/2003/arcrole/parent-child" xlink:from="SupplementaryTierTwoCapital" xlink:to="DeductionExcessPartOfSupplementaryTierTwoCapital" xlink:title="presentation: SupplementaryTierTwoCapital to DeductionExcessPartOfSupplementaryTierTwoCapital" use="optional" order="20.0" preferredLabel="http://www.xbrl.org/2003/role/terseLabel"/>
    <link:loc xlink:type="locator" xlink:href="../../c-ross_core_2015-12-31.xsd#c-ross_AvailableCapitalUnderSolvencyII" xlink:label="AvailableCapital" xlink:title="AvailableCapital"/>
    <link:presentationArc xlink:type="arc" xlink:arcrole="http://www.xbrl.org/2003/arcrole/parent-child" xlink:from="TableOfAvailableCapitalAbstract" xlink:to="AvailableCapital" xlink:title="presentation: TableOfAvailableCapitalAbstract to AvailableCapital" use="optional" order="50.0" preferredLabel="http://www.xbrl.org/2003/role/totalLabel"/>
  </link:presentationLink>
</link:linkbase>
