<?xml version="1.0" encoding="UTF-8"?>

<!--
	Taxonomy: 2015-12-31 (Final)
	**********************
	Copyright © 2015 China Insurance Regulatory Commission.
	All rights reserved.  No part of this publication may be translated, reprinted or reproduced
	or utilised in any form either in whole or in part without prior permission in writing from China Insurance Regulatory Commission.
	  **********************
	-->
<link:linkbase xmlns:xsi="http://www.w3.org/2001/XMLSchema-instance" xsi:schemaLocation="http://www.xbrl.org/2003/linkbase http://www.xbrl.org/2003/xbrl-linkbase-2003-12-31.xsd" xmlns:c-ross="http://xbrl.circ.gov.cn/taxonomy/2015-12-31/c-ross" xmlns:link="http://www.xbrl.org/2003/linkbase" xmlns:q_s_pc_entry_point="http://xbrl.circ.gov.cn/taxonomy/2015-12-31/c-ross/q_s_pc_entry_point" xmlns:xbrli="http://www.xbrl.org/2003/instance" xmlns:xlink="http://www.w3.org/1999/xlink">
  <link:roleRef roleURI="http://xbrl.circ.gov.cn/role/c-ross_2015-12-31_role-3120200" xlink:type="simple" xlink:href="rol_c-ross_1_2015-12-31.xsd#c-ross_2015-12-31-3120200"/>
  <link:calculationLink xlink:type="extended" xlink:role="http://xbrl.circ.gov.cn/role/c-ross_2015-12-31_role-3120200">
    <link:loc xlink:type="locator" xlink:href="../../c-ross_core_2015-12-31.xsd#c-ross_AdjustmentFromNetAssetsToCoreTierOneCapital" xlink:label="AdjustmentFromNetAssetsToCoreTierOneCapital" xlink:title="AdjustmentFromNetAssetsToCoreTierOneCapital"/>
    <link:loc xlink:type="locator" xlink:href="../../c-ross_core_2015-12-31.xsd#c-ross_AdjustmentsOfCoreTierOneCapitalDifferenceBetweenAdmittedValueOfLongTermEquityInvestmentOfInsuranceCompanyInTheirSubsidiariesBasedOnEquityMethodAndItsBookValueInFinancialStatements" xlink:label="AdjustmentsOfCoreTierOneCapitalDifferenceBetweenAdmittedValueOfLongTermEquityInvestmentOfInsuranceCompanyInTheirSubsidiariesBasedOnEquityMethodAndItsBookValueInFinancialStatements" xlink:title="AdjustmentsOfCoreTierOneCapitalDifferenceBetweenAdmittedValueOfLongTermEquityInvestmentOfInsuranceCompanyInTheirSubsidiariesBasedOnEquityMethodAndItsBookValueInFinancialStatements"/>
    <link:calculationArc xlink:type="arc" xlink:arcrole="http://www.xbrl.org/2003/arcrole/summation-item" xlink:from="AdjustmentFromNetAssetsToCoreTierOneCapital" xlink:to="AdjustmentsOfCoreTierOneCapitalDifferenceBetweenAdmittedValueOfLongTermEquityInvestmentOfInsuranceCompanyInTheirSubsidiariesBasedOnEquityMethodAndItsBookValueInFinancialStatements" xlink:title="calculation: AdjustmentFromNetAssetsToCoreTierOneCapital to AdjustmentsOfCoreTierOneCapitalDifferenceBetweenAdmittedValueOfLongTermEquityInvestmentOfInsuranceCompanyInTheirSubsidiariesBasedOnEquityMethodAndItsBookValueInFinancialStatements" use="optional" order="10.0" weight="1.0"/>
    <link:loc xlink:type="locator" xlink:href="../../c-ross_core_2015-12-31.xsd#c-ross_AdjustmentsOfCoreTierOneCapitalDifferenceBetweenBookValueOfReinsuranceReserveReceivableForLifeInsuranceBusinessAndItsAdmittedValue" xlink:label="AdjustmentsOfCoreTierOneCapitalDifferenceBetweenBookValueOfReinsuranceReserveReceivableForLifeInsuranceBusinessAndItsAdmittedValue" xlink:title="AdjustmentsOfCoreTierOneCapitalDifferenceBetweenBookValueOfReinsuranceReserveReceivableForLifeInsuranceBusinessAndItsAdmittedValue"/>
    <link:calculationArc xlink:type="arc" xlink:arcrole="http://www.xbrl.org/2003/arcrole/summation-item" xlink:from="AdjustmentFromNetAssetsToCoreTierOneCapital" xlink:to="AdjustmentsOfCoreTierOneCapitalDifferenceBetweenBookValueOfReinsuranceReserveReceivableForLifeInsuranceBusinessAndItsAdmittedValue" xlink:title="calculation: AdjustmentFromNetAssetsToCoreTierOneCapital to AdjustmentsOfCoreTierOneCapitalDifferenceBetweenBookValueOfReinsuranceReserveReceivableForLifeInsuranceBusinessAndItsAdmittedValue" use="optional" order="20.0" weight="1.0"/>
    <link:loc xlink:type="locator" xlink:href="../../c-ross_core_2015-12-31.xsd#c-ross_AdjustmentsOfCoreTierOneCapitalBookValueOfNonAdmittedAssets" xlink:label="AdjustmentsOfCoreTierOneCapitalBookValueOfNonAdmittedAssets" xlink:title="AdjustmentsOfCoreTierOneCapitalBookValueOfNonAdmittedAssets"/>
    <link:calculationArc xlink:type="arc" xlink:arcrole="http://www.xbrl.org/2003/arcrole/summation-item" xlink:from="AdjustmentFromNetAssetsToCoreTierOneCapital" xlink:to="AdjustmentsOfCoreTierOneCapitalBookValueOfNonAdmittedAssets" xlink:title="calculation: AdjustmentFromNetAssetsToCoreTierOneCapital to AdjustmentsOfCoreTierOneCapitalBookValueOfNonAdmittedAssets" use="optional" order="30.0" weight="1.0"/>
    <link:loc xlink:type="locator" xlink:href="../../c-ross_core_2015-12-31.xsd#c-ross_AdjustmentsOfCoreTierOneCapitalFairValueIncreaseOfInvestmentPropertyMeasuredAtFairValue" xlink:label="AdjustmentsOfCoreTierOneCapitalFairValueIncreaseOfInvestmentPropertyMeasuredAtFairValue" xlink:title="AdjustmentsOfCoreTierOneCapitalFairValueIncreaseOfInvestmentPropertyMeasuredAtFairValue"/>
    <link:calculationArc xlink:type="arc" xlink:arcrole="http://www.xbrl.org/2003/arcrole/summation-item" xlink:from="AdjustmentFromNetAssetsToCoreTierOneCapital" xlink:to="AdjustmentsOfCoreTierOneCapitalFairValueIncreaseOfInvestmentPropertyMeasuredAtFairValue" xlink:title="calculation: AdjustmentFromNetAssetsToCoreTierOneCapital to AdjustmentsOfCoreTierOneCapitalFairValueIncreaseOfInvestmentPropertyMeasuredAtFairValue" use="optional" order="40.0" weight="1.0"/>
    <link:loc xlink:type="locator" xlink:href="../../c-ross_core_2015-12-31.xsd#c-ross_AdjustmentsOfCoreTierOneCapitalAccumulatedFairValueIncreaseOfOwnedPropertyWhichWasEverMeasuredAtFairValue" xlink:label="AdjustmentsOfCoreTierOneCapitalAccumulatedFairValueIncreaseOfOwnedPropertyWhichWasEverMeasuredAtFairValue" xlink:title="AdjustmentsOfCoreTierOneCapitalAccumulatedFairValueIncreaseOfOwnedPropertyWhichWasEverMeasuredAtFairValue"/>
    <link:calculationArc xlink:type="arc" xlink:arcrole="http://www.xbrl.org/2003/arcrole/summation-item" xlink:from="AdjustmentFromNetAssetsToCoreTierOneCapital" xlink:to="AdjustmentsOfCoreTierOneCapitalAccumulatedFairValueIncreaseOfOwnedPropertyWhichWasEverMeasuredAtFairValue" xlink:title="calculation: AdjustmentFromNetAssetsToCoreTierOneCapital to AdjustmentsOfCoreTierOneCapitalAccumulatedFairValueIncreaseOfOwnedPropertyWhichWasEverMeasuredAtFairValue" use="optional" order="50.0" weight="1.0"/>
    <link:loc xlink:type="locator" xlink:href="../../c-ross_core_2015-12-31.xsd#c-ross_AdjustmentsOfCoreTierOneCapitalCatastropheRiskPremiumReserveForAgriculturalInsuranceBusiness" xlink:label="AdjustmentsOfCoreTierOneCapitalCatastropheRiskPremiumReserveForAgriculturalInsuranceBusiness" xlink:title="AdjustmentsOfCoreTierOneCapitalCatastropheRiskPremiumReserveForAgriculturalInsuranceBusiness"/>
    <link:calculationArc xlink:type="arc" xlink:arcrole="http://www.xbrl.org/2003/arcrole/summation-item" xlink:from="AdjustmentFromNetAssetsToCoreTierOneCapital" xlink:to="AdjustmentsOfCoreTierOneCapitalCatastropheRiskPremiumReserveForAgriculturalInsuranceBusiness" xlink:title="calculation: AdjustmentFromNetAssetsToCoreTierOneCapital to AdjustmentsOfCoreTierOneCapitalCatastropheRiskPremiumReserveForAgriculturalInsuranceBusiness" use="optional" order="60.0" weight="1.0"/>
    <link:loc xlink:type="locator" xlink:href="../../c-ross_core_2015-12-31.xsd#c-ross_AdjustmentsOfCoreTierOneCapitalDifferenceBetweenBookValueOfLifeInsuranceReservesInFinancialStatementsAndSumOfAdmittedValueOfInsuranceContractLiabilitiesAndIncomeTaxProvisionInSolvencyReport" xlink:label="AdjustmentOfCoreTierOneCapitalDifferenceBetweenBookValueOfLifeInsuranceReservesInFinancialStatementsAndSumOfAdmittedValueOfInsuranceContractLiabilitiesAndIncomeTaxProvisionInSolvencyReport" xlink:title="AdjustmentOfCoreTierOneCapitalDifferenceBetweenBookValueOfLifeInsuranceReservesInFinancialStatementsAndSumOfAdmittedValueOfInsuranceContractLiabilitiesAndIncomeTaxProvisionInSolvencyReport"/>
    <link:calculationArc xlink:type="arc" xlink:arcrole="http://www.xbrl.org/2003/arcrole/summation-item" xlink:from="AdjustmentFromNetAssetsToCoreTierOneCapital" xlink:to="AdjustmentOfCoreTierOneCapitalDifferenceBetweenBookValueOfLifeInsuranceReservesInFinancialStatementsAndSumOfAdmittedValueOfInsuranceContractLiabilitiesAndIncomeTaxProvisionInSolvencyReport" xlink:title="calculation: AdjustmentFromNetAssetsToCoreTierOneCapital to AdjustmentOfCoreTierOneCapitalDifferenceBetweenBookValueOfLifeInsuranceReservesInFinancialStatementsAndSumOfAdmittedValueOfInsuranceContractLiabilitiesAndIncomeTaxProvisionInSolvencyReport" use="optional" order="70.0" weight="1.0"/>
    <link:loc xlink:type="locator" xlink:href="../../c-ross_core_2015-12-31.xsd#c-ross_AdjustmentsOfCoreTierOneCapitalAdmittedValueOfCashValueGuarantee" xlink:label="AdjustmentsOfCoreTierOneCapitalAdmittedValueOfCashValueGuarantee" xlink:title="AdjustmentsOfCoreTierOneCapitalAdmittedValueOfCashValueGuarantee"/>
    <link:calculationArc xlink:type="arc" xlink:arcrole="http://www.xbrl.org/2003/arcrole/summation-item" xlink:from="AdjustmentFromNetAssetsToCoreTierOneCapital" xlink:to="AdjustmentsOfCoreTierOneCapitalAdmittedValueOfCashValueGuarantee" xlink:title="calculation: AdjustmentFromNetAssetsToCoreTierOneCapital to AdjustmentsOfCoreTierOneCapitalAdmittedValueOfCashValueGuarantee" use="optional" order="80.0" weight="1.0"/>
    <link:loc xlink:type="locator" xlink:href="../../c-ross_core_2015-12-31.xsd#c-ross_AdjustmentsOfCoreTierOneCapitalAmountOfCapitalInstrumentsClassifiedAsLiabilitiesWhichCanBeIncludedInCoreTierOneCapitalPursuantToRelevantStandards" xlink:label="AdjustmentsOfCoreTierOneCapitalAmountOfCapitalInstrumentsClassifiedAsLiabilitiesWhichCanBeIncludedInCoreTierOneCapitalPursuantToRelevantStandards" xlink:title="AdjustmentsOfCoreTierOneCapitalAmountOfCapitalInstrumentsClassifiedAsLiabilitiesWhichCanBeIncludedInCoreTierOneCapitalPursuantToRelevantStandards"/>
    <link:calculationArc xlink:type="arc" xlink:arcrole="http://www.xbrl.org/2003/arcrole/summation-item" xlink:from="AdjustmentFromNetAssetsToCoreTierOneCapital" xlink:to="AdjustmentsOfCoreTierOneCapitalAmountOfCapitalInstrumentsClassifiedAsLiabilitiesWhichCanBeIncludedInCoreTierOneCapitalPursuantToRelevantStandards" xlink:title="calculation: AdjustmentFromNetAssetsToCoreTierOneCapital to AdjustmentsOfCoreTierOneCapitalAmountOfCapitalInstrumentsClassifiedAsLiabilitiesWhichCanBeIncludedInCoreTierOneCapitalPursuantToRelevantStandards" use="optional" order="90.0" weight="1.0"/>
    <link:loc xlink:type="locator" xlink:href="../../c-ross_core_2015-12-31.xsd#c-ross_AdjustmentsOfCoreTierOneCapitalOtherItemsForAdjustmentAsSpecifiedByCirc" xlink:label="AdjustmentsOfCoreTierOneCapitalOtherItemsForAdjustmentAsSpecifiedByCirc" xlink:title="AdjustmentsOfCoreTierOneCapitalOtherItemsForAdjustmentAsSpecifiedByCirc"/>
    <link:calculationArc xlink:type="arc" xlink:arcrole="http://www.xbrl.org/2003/arcrole/summation-item" xlink:from="AdjustmentFromNetAssetsToCoreTierOneCapital" xlink:to="AdjustmentsOfCoreTierOneCapitalOtherItemsForAdjustmentAsSpecifiedByCirc" xlink:title="calculation: AdjustmentFromNetAssetsToCoreTierOneCapital to AdjustmentsOfCoreTierOneCapitalOtherItemsForAdjustmentAsSpecifiedByCirc" use="optional" order="100.0" weight="1.0"/>
    <link:loc xlink:type="locator" xlink:href="../../c-ross_core_2015-12-31.xsd#c-ross_AvailableCapitalUnderSolvencyII" xlink:label="AvailableCapital" xlink:title="AvailableCapital"/>
    <link:loc xlink:type="locator" xlink:href="../../c-ross_core_2015-12-31.xsd#c-ross_CoreTierOneCapitalUnderSolvencyII" xlink:label="CoreTierOneCapital" xlink:title="CoreTierOneCapital"/>
    <link:calculationArc xlink:type="arc" xlink:arcrole="http://www.xbrl.org/2003/arcrole/summation-item" xlink:from="AvailableCapital" xlink:to="CoreTierOneCapital" xlink:title="calculation: AvailableCapital to CoreTierOneCapital" order="10.0" weight="1.0"/>
    <link:loc xlink:type="locator" xlink:href="../../c-ross_core_2015-12-31.xsd#c-ross_SupplementaryTierOneCapital" xlink:label="SupplementaryTierOneCapital" xlink:title="SupplementaryTierOneCapital"/>
    <link:calculationArc xlink:type="arc" xlink:arcrole="http://www.xbrl.org/2003/arcrole/summation-item" xlink:from="AvailableCapital" xlink:to="SupplementaryTierOneCapital" xlink:title="calculation: AvailableCapital to SupplementaryTierOneCapital" order="30.0" weight="1.0"/>
    <link:loc xlink:type="locator" xlink:href="../../c-ross_core_2015-12-31.xsd#c-ross_SubordinatedTermDebts" xlink:label="SubordinatedTermDebts" xlink:title="SubordinatedTermDebts"/>
    <link:calculationArc xlink:type="arc" xlink:arcrole="http://www.xbrl.org/2003/arcrole/summation-item" xlink:from="SupplementaryTierOneCapital" xlink:to="SubordinatedTermDebts" xlink:title="calculation: SupplementaryTierOneCapital to SubordinatedTermDebts" use="optional" order="10.0" weight="1.0"/>
    <link:loc xlink:type="locator" xlink:href="../../c-ross_core_2015-12-31.xsd#c-ross_CapitalSupplementBonds" xlink:label="CapitalSupplementBonds" xlink:title="CapitalSupplementBonds"/>
    <link:calculationArc xlink:type="arc" xlink:arcrole="http://www.xbrl.org/2003/arcrole/summation-item" xlink:from="SupplementaryTierOneCapital" xlink:to="CapitalSupplementBonds" xlink:title="calculation: SupplementaryTierOneCapital to CapitalSupplementBonds" use="optional" order="20.0" weight="1.0"/>
    <link:loc xlink:type="locator" xlink:href="../../c-ross_core_2015-12-31.xsd#c-ross_SubordinatedConvertibleBonds" xlink:label="SubordinatedConvertibleBonds" xlink:title="SubordinatedConvertibleBonds"/>
    <link:calculationArc xlink:type="arc" xlink:arcrole="http://www.xbrl.org/2003/arcrole/summation-item" xlink:from="SupplementaryTierOneCapital" xlink:to="SubordinatedConvertibleBonds" xlink:title="calculation: SupplementaryTierOneCapital to SubordinatedConvertibleBonds" use="optional" order="30.0" weight="1.0"/>
    <link:loc xlink:type="locator" xlink:href="../../c-ross_core_2015-12-31.xsd#c-ross_AdjustmentsOfCoreTierTwoCapitalFairValueIncreaseOfInvestmentPropertyMeasuredAtFairValue" xlink:label="AdjustmentsOfCoreTierTwoCapitalFairValueIncreaseOfInvestmentPropertyMeasuredAtFairValue" xlink:title="AdjustmentsOfCoreTierTwoCapitalFairValueIncreaseOfInvestmentPropertyMeasuredAtFairValue"/>
    <link:calculationArc xlink:type="arc" xlink:arcrole="http://www.xbrl.org/2003/arcrole/summation-item" xlink:from="SupplementaryTierOneCapital" xlink:to="AdjustmentsOfCoreTierTwoCapitalFairValueIncreaseOfInvestmentPropertyMeasuredAtFairValue" xlink:title="calculation: SupplementaryTierOneCapital to AdjustmentsOfCoreTierTwoCapitalFairValueIncreaseOfInvestmentPropertyMeasuredAtFairValue" use="optional" order="40.0" weight="1.0"/>
    <link:loc xlink:type="locator" xlink:href="../../c-ross_core_2015-12-31.xsd#c-ross_AdjustmentsOfCoreTierTwoCapitalAccumulatedFairValueIncreaseOfOwnedPropertyWhichWasEverMeasuredAtFairValue" xlink:label="AdjustmentsOfCoreTierTwoCapitalAccumulatedFairValueIncreaseOfOwnedPropertyWhichWasEverMeasuredAtFairValue" xlink:title="AdjustmentsOfCoreTierTwoCapitalAccumulatedFairValueIncreaseOfOwnedPropertyWhichWasEverMeasuredAtFairValue"/>
    <link:calculationArc xlink:type="arc" xlink:arcrole="http://www.xbrl.org/2003/arcrole/summation-item" xlink:from="SupplementaryTierOneCapital" xlink:to="AdjustmentsOfCoreTierTwoCapitalAccumulatedFairValueIncreaseOfOwnedPropertyWhichWasEverMeasuredAtFairValue" xlink:title="calculation: SupplementaryTierOneCapital to AdjustmentsOfCoreTierTwoCapitalAccumulatedFairValueIncreaseOfOwnedPropertyWhichWasEverMeasuredAtFairValue" use="optional" order="50.0" weight="1.0"/>
    <link:loc xlink:type="locator" xlink:href="../../c-ross_core_2015-12-31.xsd#c-ross_OtherSupplementaryTierOneCapital" xlink:label="OtherSupplementaryTierOneCapital" xlink:title="OtherSupplementaryTierOneCapital"/>
    <link:calculationArc xlink:type="arc" xlink:arcrole="http://www.xbrl.org/2003/arcrole/summation-item" xlink:from="SupplementaryTierOneCapital" xlink:to="OtherSupplementaryTierOneCapital" xlink:title="calculation: SupplementaryTierOneCapital to OtherSupplementaryTierOneCapital" use="optional" order="60.0" weight="1.0"/>
    <link:loc xlink:type="locator" xlink:href="../../c-ross_core_2015-12-31.xsd#c-ross_DeductibleSupplementaryTierOneCapitalThatExceedsLimitAmount" xlink:label="DeductionExcessPartOfSupplementaryTierOneCapital" xlink:title="DeductionExcessPartOfSupplementaryTierOneCapital"/>
    <link:calculationArc xlink:type="arc" xlink:arcrole="http://www.xbrl.org/2003/arcrole/summation-item" xlink:from="SupplementaryTierOneCapital" xlink:to="DeductionExcessPartOfSupplementaryTierOneCapital" xlink:title="calculation: SupplementaryTierOneCapital to DeductionExcessPartOfSupplementaryTierOneCapital" use="optional" order="70.0" weight="-1.0"/>
    <link:loc xlink:type="locator" xlink:href="../../c-ross_core_2015-12-31.xsd#c-ross_SupplementaryTierTwoCapital" xlink:label="SupplementaryTierTwoCapital" xlink:title="SupplementaryTierTwoCapital"/>
    <link:calculationArc xlink:type="arc" xlink:arcrole="http://www.xbrl.org/2003/arcrole/summation-item" xlink:from="AvailableCapital" xlink:to="SupplementaryTierTwoCapital" xlink:title="calculation: AvailableCapital to SupplementaryTierTwoCapital" order="40.0" weight="1.0"/>
    <link:loc xlink:type="locator" xlink:href="../../c-ross_core_2015-12-31.xsd#c-ross_OtherSupplementaryTierTwoCapital" xlink:label="OtherSupplementaryTierTwoCapital" xlink:title="OtherSupplementaryTierTwoCapital"/>
    <link:calculationArc xlink:type="arc" xlink:arcrole="http://www.xbrl.org/2003/arcrole/summation-item" xlink:from="SupplementaryTierTwoCapital" xlink:to="OtherSupplementaryTierTwoCapital" xlink:title="calculation: SupplementaryTierTwoCapital to OtherSupplementaryTierTwoCapital" use="optional" order="10.0" weight="1.0"/>
    <link:loc xlink:type="locator" xlink:href="../../c-ross_core_2015-12-31.xsd#c-ross_DeductibleSupplementaryTierTwoCapitalThatExceedsLimitAmount" xlink:label="DeductionExcessPartOfSupplementaryTierTwoCapital" xlink:title="DeductionExcessPartOfSupplementaryTierTwoCapital"/>
    <link:calculationArc xlink:type="arc" xlink:arcrole="http://www.xbrl.org/2003/arcrole/summation-item" xlink:from="SupplementaryTierTwoCapital" xlink:to="DeductionExcessPartOfSupplementaryTierTwoCapital" xlink:title="calculation: SupplementaryTierTwoCapital to DeductionExcessPartOfSupplementaryTierTwoCapital" use="optional" order="20.0" weight="-1.0"/>
    <link:loc xlink:type="locator" xlink:href="../../c-ross_core_2015-12-31.xsd#c-ross_CoreTierTwoCapital" xlink:label="CoreTierTwoCapital" xlink:title="CoreTierTwoCapital"/>
    <link:calculationArc xlink:type="arc" xlink:arcrole="http://www.xbrl.org/2003/arcrole/summation-item" xlink:from="AvailableCapital" xlink:to="CoreTierTwoCapital" xlink:title="calculation: AvailableCapital to CoreTierTwoCapital" order="20.0" weight="1.0"/>
    <link:loc xlink:type="locator" xlink:href="../../c-ross_core_2015-12-31.xsd#c-ross_OtherCoreTierTwoCapital" xlink:label="OtherCoreTierTwoCapital" xlink:title="OtherCoreTierTwoCapital"/>
    <link:calculationArc xlink:type="arc" xlink:arcrole="http://www.xbrl.org/2003/arcrole/summation-item" xlink:from="CoreTierTwoCapital" xlink:to="OtherCoreTierTwoCapital" xlink:title="calculation: CoreTierTwoCapital to OtherCoreTierTwoCapital" use="optional" order="20.0" weight="1.0"/>
    <link:loc xlink:type="locator" xlink:href="../../c-ross_core_2015-12-31.xsd#c-ross_DeductibleCoreTierTwoCapitalThatExceedsLimitAmount" xlink:label="DeductionExcessPartOfCoreTierTwoCapital" xlink:title="DeductionExcessPartOfCoreTierTwoCapital"/>
    <link:calculationArc xlink:type="arc" xlink:arcrole="http://www.xbrl.org/2003/arcrole/summation-item" xlink:from="CoreTierTwoCapital" xlink:to="DeductionExcessPartOfCoreTierTwoCapital" xlink:title="calculation: CoreTierTwoCapital to DeductionExcessPartOfCoreTierTwoCapital" use="optional" order="30.0" weight="-1.0"/>
    <link:loc xlink:type="locator" xlink:href="../../c-ross_core_2015-12-31.xsd#c-ross_CoreTierTwoCapitalPreferredShares" xlink:label="CoreTierTwoCapitalPreferredShares" xlink:title="CoreTierTwoCapitalPreferredShares"/>
    <link:calculationArc xlink:type="arc" xlink:arcrole="http://www.xbrl.org/2003/arcrole/summation-item" xlink:from="CoreTierTwoCapital" xlink:to="CoreTierTwoCapitalPreferredShares" xlink:title="calculation: CoreTierTwoCapital to CoreTierTwoCapitalPreferredShares" order="10.0" weight="1.0"/>
  </link:calculationLink>
</link:linkbase>
