<?xml version="1.0" encoding="UTF-8"?>

<!--
	Taxonomy: 2015-12-31 (Final)
	**********************
	Copyright © 2015 China Insurance Regulatory Commission.
	All rights reserved.  No part of this publication may be translated, reprinted or reproduced
	or utilised in any form either in whole or in part without prior permission in writing from China Insurance Regulatory Commission.
	  **********************
	-->
<link:linkbase xmlns:xsi="http://www.w3.org/2001/XMLSchema-instance" xsi:schemaLocation="http://www.xbrl.org/2003/linkbase http://www.xbrl.org/2003/xbrl-linkbase-2003-12-31.xsd" xmlns:c-ross="http://xbrl.circ.gov.cn/taxonomy/2015-12-31/c-ross" xmlns:link="http://www.xbrl.org/2003/linkbase" xmlns:q_s_pc_entry_point="http://xbrl.circ.gov.cn/taxonomy/2015-12-31/c-ross/q_s_pc_entry_point" xmlns:xbrli="http://www.xbrl.org/2003/instance" xmlns:xlink="http://www.w3.org/1999/xlink">
  <link:roleRef roleURI="http://xbrl.circ.gov.cn/role/c-ross_2015-12-31_role-3120400" xlink:type="simple" xlink:href="rol_c-ross_1_2015-12-31.xsd#c-ross_2015-12-31-3120400"/>
  <link:calculationLink xlink:type="extended" xlink:role="http://xbrl.circ.gov.cn/role/c-ross_2015-12-31_role-3120400">
    <link:loc xlink:type="locator" xlink:href="../../c-ross_core_2015-12-31.xsd#c-ross_AdmittedLiabilitiesUnderSolvencyII" xlink:label="AdmittedLiabilities" xlink:title="AdmittedLiabilities"/>
    <link:loc xlink:type="locator" xlink:href="../../c-ross_core_2015-12-31.xsd#c-ross_ReserveLiabilitiesUnderSolvencyII" xlink:label="ReserveLiabilities" xlink:title="ReserveLiabilities"/>
    <link:calculationArc xlink:type="arc" xlink:arcrole="http://www.xbrl.org/2003/arcrole/summation-item" xlink:from="AdmittedLiabilities" xlink:to="ReserveLiabilities" xlink:title="calculation: AdmittedLiabilities to ReserveLiabilities" use="optional" order="10.0" weight="1.0"/>
    <link:loc xlink:type="locator" xlink:href="../../c-ross_core_2015-12-31.xsd#c-ross_OutstandingBenefitsReserveUnderSolvencyII" xlink:label="newItem" xlink:title="newItem"/>
    <link:calculationArc xlink:type="arc" xlink:arcrole="http://www.xbrl.org/2003/arcrole/summation-item" xlink:from="ReserveLiabilities" xlink:to="newItem" xlink:title="calculation: ReserveLiabilities to newItem" order="10.0" weight="1.0"/>
    <link:loc xlink:type="locator" xlink:href="../../c-ross_core_2015-12-31.xsd#c-ross_OutstandingBenefitsReserveOfNonLifeInsuranceContractUnderSolvencyII" xlink:label="OutstandingBenefitsReserveOfNonLifeInsuranceContract" xlink:title="OutstandingBenefitsReserveOfNonLifeInsuranceContract"/>
    <link:calculationArc xlink:type="arc" xlink:arcrole="http://www.xbrl.org/2003/arcrole/summation-item" xlink:from="newItem" xlink:to="OutstandingBenefitsReserveOfNonLifeInsuranceContract" xlink:title="calculation: newItem to OutstandingBenefitsReserveOfNonLifeInsuranceContract" use="optional" order="20.0" weight="1.0"/>
    <link:loc xlink:type="locator" xlink:href="../../c-ross_core_2015-12-31.xsd#c-ross_OutstandingBenefitsReserveOfLifeInsuranceContractUnderSolvencyII" xlink:label="OutstandingBenefitsReserveOfLifeInsuranceContractUnderSolvencyTwo" xlink:title="OutstandingBenefitsReserveOfLifeInsuranceContractUnderSolvencyTwo"/>
    <link:calculationArc xlink:type="arc" xlink:arcrole="http://www.xbrl.org/2003/arcrole/summation-item" xlink:from="newItem" xlink:to="OutstandingBenefitsReserveOfLifeInsuranceContractUnderSolvencyTwo" xlink:title="calculation: OutstandingBenefitsReserveUnderSolvencyTwo to OutstandingBenefitsReserveOfLifeInsuranceContractUnderSolvencyTwo" use="optional" order="10.0" weight="1.0"/>
    <link:loc xlink:type="locator" xlink:href="../../c-ross_core_2015-12-31.xsd#c-ross_OutstandingLossReserveUnderSolvencyII" xlink:label="newItem2" xlink:title="newItem2"/>
    <link:calculationArc xlink:type="arc" xlink:arcrole="http://www.xbrl.org/2003/arcrole/summation-item" xlink:from="ReserveLiabilities" xlink:to="newItem2" xlink:title="calculation: ReserveLiabilities to newItem2" order="20.0" weight="1.0"/>
    <link:loc xlink:type="locator" xlink:href="../../c-ross_core_2015-12-31.xsd#c-ross_FinancialLiabilitiesUnderSolvencyII" xlink:label="FinancialLiabilities" xlink:title="newItem3"/>
    <link:calculationArc xlink:type="arc" xlink:arcrole="http://www.xbrl.org/2003/arcrole/summation-item" xlink:from="AdmittedLiabilities" xlink:to="FinancialLiabilities" xlink:title="calculation: AdmittedLiabilities to FinancialLiabilities" order="20.0" weight="1.0"/>
    <link:loc xlink:type="locator" xlink:href="../../c-ross_core_2015-12-31.xsd#c-ross_SecuritiesSoldUnderRepurchaseAgreementsUnderSolvencyII" xlink:label="SecuritiesSoldUnderAgreementToRepurchase" xlink:title="newItem4"/>
    <link:calculationArc xlink:type="arc" xlink:arcrole="http://www.xbrl.org/2003/arcrole/summation-item" xlink:from="FinancialLiabilities" xlink:to="SecuritiesSoldUnderAgreementToRepurchase" xlink:title="calculation: FinancialLiabilities to SecuritiesSoldUnderAgreementToRepurchase" order="10.0" weight="1.0"/>
    <link:loc xlink:type="locator" xlink:href="../../c-ross_core_2015-12-31.xsd#c-ross_PolicyholderDepositsAndInvestmentsUnderSolvencyII" xlink:label="BalanceInPremiumDepositAndInvestmentByPolicyHolders" xlink:title="newItem5"/>
    <link:calculationArc xlink:type="arc" xlink:arcrole="http://www.xbrl.org/2003/arcrole/summation-item" xlink:from="FinancialLiabilities" xlink:to="BalanceInPremiumDepositAndInvestmentByPolicyHolders" xlink:title="calculation: FinancialLiabilities to BalanceInPremiumDepositAndInvestmentByPolicyHolders" order="20.0" weight="1.0"/>
    <link:loc xlink:type="locator" xlink:href="../../c-ross_core_2015-12-31.xsd#c-ross_DerivativeFinancialLiabilitiesUnderSolvencyII" xlink:label="DerivativeFinancialLiabilities" xlink:title="newItem6"/>
    <link:calculationArc xlink:type="arc" xlink:arcrole="http://www.xbrl.org/2003/arcrole/summation-item" xlink:from="FinancialLiabilities" xlink:to="DerivativeFinancialLiabilities" xlink:title="calculation: FinancialLiabilities to DerivativeFinancialLiabilities" order="30.0" weight="1.0"/>
    <link:loc xlink:type="locator" xlink:href="../../c-ross_core_2015-12-31.xsd#c-ross_OtherFinancialLiabilitiesUnderSolvencyII" xlink:label="OtherFinancialLiabilities" xlink:title="newItem7"/>
    <link:calculationArc xlink:type="arc" xlink:arcrole="http://www.xbrl.org/2003/arcrole/summation-item" xlink:from="FinancialLiabilities" xlink:to="OtherFinancialLiabilities" xlink:title="calculation: FinancialLiabilities to OtherFinancialLiabilities" order="40.0" weight="1.0"/>
    <link:loc xlink:type="locator" xlink:href="../../c-ross_core_2015-12-31.xsd#c-ross_PayablesAndAdvanceReceiptsUnderSolvencyII" xlink:label="PayablesAndAdvanceReceipts" xlink:title="PayablesAndAdvanceReceipts"/>
    <link:calculationArc xlink:type="arc" xlink:arcrole="http://www.xbrl.org/2003/arcrole/summation-item" xlink:from="AdmittedLiabilities" xlink:to="PayablesAndAdvanceReceipts" xlink:title="calculation: AdmittedLiabilities to PayablesAndAdvanceReceipts" use="optional" order="30.0" weight="1.0"/>
    <link:loc xlink:type="locator" xlink:href="../../c-ross_core_2015-12-31.xsd#c-ross_PolicyholderBonusesPayableUnderSolvencyII" xlink:label="PolicyholderBonusesPayable" xlink:title="PolicyholderBonusesPayable"/>
    <link:calculationArc xlink:type="arc" xlink:arcrole="http://www.xbrl.org/2003/arcrole/summation-item" xlink:from="PayablesAndAdvanceReceipts" xlink:to="PolicyholderBonusesPayable" xlink:title="calculation: PayablesAndAdvanceReceipts to PolicyholderBonusesPayable" order="10.0" weight="1.0"/>
    <link:loc xlink:type="locator" xlink:href="../../c-ross_core_2015-12-31.xsd#c-ross_BenefitsPayableUnderSolvencyII" xlink:label="PayableCompensation" xlink:title="PayableCompensation"/>
    <link:calculationArc xlink:type="arc" xlink:arcrole="http://www.xbrl.org/2003/arcrole/summation-item" xlink:from="PayablesAndAdvanceReceipts" xlink:to="PayableCompensation" xlink:title="calculation: PayablesAndAdvanceReceipts to PayableCompensation" order="20.0" weight="1.0"/>
    <link:loc xlink:type="locator" xlink:href="../../c-ross_core_2015-12-31.xsd#c-ross_AdvancesInsurancePremiumUnderSolvencyII" xlink:label="AdvancesInsurancePremium" xlink:title="AdvancesInsurancePremium"/>
    <link:calculationArc xlink:type="arc" xlink:arcrole="http://www.xbrl.org/2003/arcrole/summation-item" xlink:from="PayablesAndAdvanceReceipts" xlink:to="AdvancesInsurancePremium" xlink:title="calculation: PayablesAndAdvanceReceipts to AdvancesInsurancePremium" order="30.0" weight="1.0"/>
    <link:loc xlink:type="locator" xlink:href="../../c-ross_core_2015-12-31.xsd#c-ross_ReinsurancePayableUnderSolvencyII" xlink:label="AmountsDueToReinsurer" xlink:title="AmountsDueToReinsurer"/>
    <link:calculationArc xlink:type="arc" xlink:arcrole="http://www.xbrl.org/2003/arcrole/summation-item" xlink:from="PayablesAndAdvanceReceipts" xlink:to="AmountsDueToReinsurer" xlink:title="calculation: PayablesAndAdvanceReceipts to AmountsDueToReinsurer" order="40.0" weight="1.0"/>
    <link:loc xlink:type="locator" xlink:href="../../c-ross_core_2015-12-31.xsd#c-ross_FeeAndCommissionsIncomePayableUnderSolvencyII" xlink:label="FeeAndCommissionsIncomePayable" xlink:title="FeeAndCommissionsIncomePayable"/>
    <link:calculationArc xlink:type="arc" xlink:arcrole="http://www.xbrl.org/2003/arcrole/summation-item" xlink:from="PayablesAndAdvanceReceipts" xlink:to="FeeAndCommissionsIncomePayable" xlink:title="calculation: PayablesAndAdvanceReceipts to FeeAndCommissionsIncomePayable" order="50.0" weight="1.0"/>
    <link:loc xlink:type="locator" xlink:href="../../c-ross_core_2015-12-31.xsd#c-ross_EmployeeBenefitsPayablesUnderSolvencyII" xlink:label="EmployeeBenefitsPayables" xlink:title="EmployeeBenefitsPayables"/>
    <link:calculationArc xlink:type="arc" xlink:arcrole="http://www.xbrl.org/2003/arcrole/summation-item" xlink:from="PayablesAndAdvanceReceipts" xlink:to="EmployeeBenefitsPayables" xlink:title="calculation: PayablesAndAdvanceReceipts to EmployeeBenefitsPayables" order="60.0" weight="1.0"/>
    <link:loc xlink:type="locator" xlink:href="../../c-ross_core_2015-12-31.xsd#c-ross_TaxPayablesUnderSolvencyII" xlink:label="TaxPayables" xlink:title="TaxPayables"/>
    <link:calculationArc xlink:type="arc" xlink:arcrole="http://www.xbrl.org/2003/arcrole/summation-item" xlink:from="PayablesAndAdvanceReceipts" xlink:to="TaxPayables" xlink:title="calculation: PayablesAndAdvanceReceipts to TaxPayables" order="70.0" weight="1.0"/>
    <link:loc xlink:type="locator" xlink:href="../../c-ross_core_2015-12-31.xsd#c-ross_DepositsFromCedentsUnderSolvencyII" xlink:label="DepositsFromCedents" xlink:title="DepositsFromCedents"/>
    <link:calculationArc xlink:type="arc" xlink:arcrole="http://www.xbrl.org/2003/arcrole/summation-item" xlink:from="PayablesAndAdvanceReceipts" xlink:to="DepositsFromCedents" xlink:title="calculation: PayablesAndAdvanceReceipts to DepositsFromCedents" use="optional" order="80.0" weight="1.0"/>
    <link:loc xlink:type="locator" xlink:href="../../c-ross_core_2015-12-31.xsd#c-ross_OtherPayablesAndAdvanceReceiptsUnderSolvencyII" xlink:label="OtherPayablesAndAdvanceReceipts" xlink:title="OtherPayablesAndAdvanceReceipts"/>
    <link:calculationArc xlink:type="arc" xlink:arcrole="http://www.xbrl.org/2003/arcrole/summation-item" xlink:from="PayablesAndAdvanceReceipts" xlink:to="OtherPayablesAndAdvanceReceipts" xlink:title="calculation: PayablesAndAdvanceReceipts to OtherPayablesAndAdvanceReceipts" use="optional" order="90.0" weight="1.0"/>
    <link:loc xlink:type="locator" xlink:href="../../c-ross_core_2015-12-31.xsd#c-ross_ProvisionsUnderSolvencyII" xlink:label="Provisions" xlink:title="Provisions"/>
    <link:calculationArc xlink:type="arc" xlink:arcrole="http://www.xbrl.org/2003/arcrole/summation-item" xlink:from="AdmittedLiabilities" xlink:to="Provisions" xlink:title="calculation: AdmittedLiabilities to Provisions" order="40.0" weight="1.0"/>
    <link:loc xlink:type="locator" xlink:href="../../c-ross_core_2015-12-31.xsd#c-ross_SeparateAccountLiabilitiesUnderSolvencyII" xlink:label="LiabilityOfSegregatedAccounts" xlink:title="LiabilityOfSegregatedAccounts"/>
    <link:calculationArc xlink:type="arc" xlink:arcrole="http://www.xbrl.org/2003/arcrole/summation-item" xlink:from="AdmittedLiabilities" xlink:to="LiabilityOfSegregatedAccounts" xlink:title="calculation: AdmittedLiabilities to LiabilityOfSegregatedAccounts" order="50.0" weight="1.0"/>
    <link:loc xlink:type="locator" xlink:href="../../c-ross_core_2015-12-31.xsd#c-ross_CapitalLiabilitiesUnderSolvencyII" xlink:label="CapitalLiabilities" xlink:title="CapitalLiabilities"/>
    <link:calculationArc xlink:type="arc" xlink:arcrole="http://www.xbrl.org/2003/arcrole/summation-item" xlink:from="AdmittedLiabilities" xlink:to="CapitalLiabilities" xlink:title="calculation: AdmittedLiabilities to CapitalLiabilities" use="optional" order="60.0" weight="1.0"/>
    <link:loc xlink:type="locator" xlink:href="../../c-ross_core_2015-12-31.xsd#c-ross_OtherAdmittedLiabilitiesUnderSolvencyII" xlink:label="OtherAdmittedLiabilities" xlink:title="OtherAdmittedLiabilities"/>
    <link:calculationArc xlink:type="arc" xlink:arcrole="http://www.xbrl.org/2003/arcrole/summation-item" xlink:from="AdmittedLiabilities" xlink:to="OtherAdmittedLiabilities" xlink:title="calculation: AdmittedLiabilities to OtherAdmittedLiabilities" use="optional" order="70.0" weight="1.0"/>
    <link:loc xlink:type="locator" xlink:href="../../c-ross_core_2015-12-31.xsd#c-ross_DeferredIncomeTaxLiabilitiesUnderSolvencyII" xlink:label="DeferredTaxLiabilities" xlink:title="DeferredTaxLiabilities"/>
    <link:calculationArc xlink:type="arc" xlink:arcrole="http://www.xbrl.org/2003/arcrole/summation-item" xlink:from="OtherAdmittedLiabilities" xlink:to="DeferredTaxLiabilities" xlink:title="calculation: OtherAdmittedLiabilities to DeferredTaxLiabilities" order="10.0" weight="1.0"/>
    <link:loc xlink:type="locator" xlink:href="../../c-ross_core_2015-12-31.xsd#c-ross_CashValueGuaranteeUnderSolvencyII" xlink:label="CashValueGuarantee" xlink:title="CashValueGuarantee"/>
    <link:calculationArc xlink:type="arc" xlink:arcrole="http://www.xbrl.org/2003/arcrole/summation-item" xlink:from="OtherAdmittedLiabilities" xlink:to="CashValueGuarantee" xlink:title="calculation: OtherAdmittedLiabilities to CashValueGuarantee" use="optional" order="20.0" weight="1.0"/>
    <link:loc xlink:type="locator" xlink:href="../../c-ross_core_2015-12-31.xsd#c-ross_IncomeTaxProvisionUnderSolvencyII" xlink:label="IncomeTaxProvision" xlink:title="IncomeTaxProvision"/>
    <link:calculationArc xlink:type="arc" xlink:arcrole="http://www.xbrl.org/2003/arcrole/summation-item" xlink:from="OtherAdmittedLiabilities" xlink:to="IncomeTaxProvision" xlink:title="calculation: OtherAdmittedLiabilities to IncomeTaxProvision" use="optional" order="30.0" weight="1.0"/>
  </link:calculationLink>
</link:linkbase>
