<?xml version="1.0" encoding="UTF-8"?>

<!-- Taxonomy: 2015-12-31 (Final) **********************
	Copyright © 2015 China Insurance Regulatory Commission.
	All rights reserved.  No part of this publication may be translated, reprinted or reproduced or utilised in any form either in whole or in part without prior permission in writing from China Insurance Regulatory Commission.
********************** -->
<link:linkbase xmlns:xsi="http://www.w3.org/2001/XMLSchema-instance" xsi:schemaLocation="http://www.xbrl.org/2003/linkbase http://www.xbrl.org/2003/xbrl-linkbase-2003-12-31.xsd" xmlns:c-ross="http://xbrl.circ.gov.cn/taxonomy/2015-12-31/c-ross" xmlns:link="http://www.xbrl.org/2003/linkbase" xmlns:q_s_pc_entry_point="http://xbrl.circ.gov.cn/taxonomy/2015-12-31/c-ross/q_s_pc_entry_point" xmlns:xlink="http://www.w3.org/1999/xlink" xmlns:xbrli="http://www.xbrl.org/2003/instance" xmlns:xbrldt="http://xbrl.org/2005/xbrldt">
  <link:roleRef roleURI="http://xbrl.circ.gov.cn/role/c-ross_2015-12-31_role-3130100" xlink:type="simple" xlink:href="rol_c-ross_1_2015-12-31.xsd#c-ross_2015-12-31-3130100"/>
  <link:roleRef roleURI="http://xbrl.circ.gov.cn/role/c-ross_2015-12-31_role-3130100a" xlink:type="simple" xlink:href="rol_c-ross_1_2015-12-31.xsd#c-ross_2015-12-31-3130100a"/>
  <link:roleRef roleURI="http://xbrl.circ.gov.cn/role/c-ross_2015-12-31_role-3130100b" xlink:type="simple" xlink:href="rol_c-ross_1_2015-12-31.xsd#c-ross_2015-12-31-3130100b"/>
  <link:roleRef roleURI="http://xbrl.circ.gov.cn/role/c-ross_2015-12-31_role-3130100c" xlink:type="simple" xlink:href="rol_c-ross_1_2015-12-31.xsd#c-ross_2015-12-31-3130100c"/>
  <link:roleRef roleURI="http://xbrl.circ.gov.cn/role/c-ross_2015-12-31_role-3130100d" xlink:type="simple" xlink:href="rol_c-ross_1_2015-12-31.xsd#c-ross_2015-12-31-3130100d"/>
  <link:arcroleRef arcroleURI="http://xbrl.org/int/dim/arcrole/all" xlink:type="simple" xlink:href="http://www.xbrl.org/2005/xbrldt-2005.xsd#all"/>
  <link:arcroleRef arcroleURI="http://xbrl.org/int/dim/arcrole/dimension-default" xlink:type="simple" xlink:href="http://www.xbrl.org/2005/xbrldt-2005.xsd#dimension-default"/>
  <link:arcroleRef arcroleURI="http://xbrl.org/int/dim/arcrole/dimension-domain" xlink:type="simple" xlink:href="http://www.xbrl.org/2005/xbrldt-2005.xsd#dimension-domain"/>
  <link:arcroleRef arcroleURI="http://xbrl.org/int/dim/arcrole/domain-member" xlink:type="simple" xlink:href="http://www.xbrl.org/2005/xbrldt-2005.xsd#domain-member"/>
  <link:arcroleRef arcroleURI="http://xbrl.org/int/dim/arcrole/hypercube-dimension" xlink:type="simple" xlink:href="http://www.xbrl.org/2005/xbrldt-2005.xsd#hypercube-dimension"/>
  <link:arcroleRef arcroleURI="http://xbrl.org/int/dim/arcrole/notAll" xlink:type="simple" xlink:href="http://www.xbrl.org/2005/xbrldt-2005.xsd#notAll"/>
  <link:definitionLink xlink:type="extended" xlink:role="http://xbrl.circ.gov.cn/role/c-ross_2015-12-31_role-3130100">
    <link:loc xlink:type="locator" xlink:href="../../c-ross_core_2015-12-31.xsd#c-ross_TableOfCapitalInstrumentAbstract" xlink:label="TableOfCapitalInstrumentAbstract" xlink:title="TableOfCapitalInstrumentAbstract"/>
    <link:loc xlink:type="locator" xlink:href="../../c-ross_core_2015-12-31.xsd#c-ross_TableOfCapitalInstrumentTable" xlink:label="TableOfCapitalInstrumentTable" xlink:title="TableOfCapitalInstrumentTable"/>
    <link:definitionArc xlink:type="arc" xlink:arcrole="http://xbrl.org/int/dim/arcrole/all" xlink:from="TableOfCapitalInstrumentAbstract" xlink:to="TableOfCapitalInstrumentTable" xlink:title="definition: TableOfCapitalInstrumentAbstract to TableOfCapitalInstrumentTable" use="optional" order="10.0" xbrldt:closed="true" xbrldt:contextElement="scenario"/>
    <link:loc xlink:type="locator" xlink:href="../../c-ross_core_2015-12-31.xsd#c-ross_CapitalInstrumentTypesAxis" xlink:label="CapitalInstrumentTypesAxis" xlink:title="CapitalInstrumentTypesAxis"/>
    <link:definitionArc xlink:type="arc" xlink:arcrole="http://xbrl.org/int/dim/arcrole/hypercube-dimension" xlink:from="TableOfCapitalInstrumentTable" xlink:to="CapitalInstrumentTypesAxis" xlink:title="definition: TableOfCapitalInstrumentTable to CapitalInstrumentTypesAxis" use="optional" order="10.0"/>
    <link:loc xlink:type="locator" xlink:href="../../c-ross_core_2015-12-31.xsd#c-ross_CapitalInstrumentTypesMember" xlink:label="CapitalInstrumentTypesMember" xlink:title="CapitalInstrumentTypesMember"/>
    <link:definitionArc xlink:type="arc" xlink:arcrole="http://xbrl.org/int/dim/arcrole/dimension-domain" xlink:from="CapitalInstrumentTypesAxis" xlink:to="CapitalInstrumentTypesMember" xlink:title="definition: CapitalInstrumentTypesAxis to CapitalInstrumentTypesMember" use="optional" order="10.0"/>
    <link:loc xlink:type="locator" xlink:href="../../c-ross_core_2015-12-31.xsd#c-ross_CapitalInstrumentTypesMember" xlink:label="CapitalInstrumentTypesMember_2" xlink:title="CapitalInstrumentTypesMember"/>
    <link:definitionArc xlink:type="arc" xlink:arcrole="http://xbrl.org/int/dim/arcrole/dimension-default" xlink:from="CapitalInstrumentTypesAxis" xlink:to="CapitalInstrumentTypesMember_2" xlink:title="definition: CapitalInstrumentTypesAxis to CapitalInstrumentTypesMember" use="optional" order="20.0"/>
    <link:loc xlink:type="locator" xlink:href="../../c-ross_core_2015-12-31.xsd#c-ross_CoreTierOneCapitalInstrumentMember" xlink:label="CoreTierOneCapitalInstrumentMember" xlink:title="CoreTierOneCapitalInstrumentMember"/>
    <link:definitionArc xlink:type="arc" xlink:arcrole="http://xbrl.org/int/dim/arcrole/domain-member" xlink:from="CapitalInstrumentTypesMember" xlink:to="CoreTierOneCapitalInstrumentMember" xlink:title="definition: CapitalInstrumentTypesMember to CoreTierOneCapitalInstrumentMember" use="optional" order="10.0"/>
    <link:loc xlink:type="locator" xlink:href="../../c-ross_core_2015-12-31.xsd#c-ross_CoreTierTwoCapitalInstrumentMember" xlink:label="CoreTierTwoCapitalInstrumentMember" xlink:title="CoreTierTwoCapitalInstrumentMember"/>
    <link:definitionArc xlink:type="arc" xlink:arcrole="http://xbrl.org/int/dim/arcrole/domain-member" xlink:from="CapitalInstrumentTypesMember" xlink:to="CoreTierTwoCapitalInstrumentMember" xlink:title="definition: CapitalInstrumentTypesMember to CoreTierTwoCapitalInstrumentMember" use="optional" order="20.0"/>
    <link:loc xlink:type="locator" xlink:href="../../c-ross_core_2015-12-31.xsd#c-ross_SupplementaryTierOneCapitalInstrumentMember" xlink:label="SupplementaryTierOneCapitalInstrumentMember" xlink:title="SupplementaryTierOneCapitalInstrumentMember"/>
    <link:definitionArc xlink:type="arc" xlink:arcrole="http://xbrl.org/int/dim/arcrole/domain-member" xlink:from="CapitalInstrumentTypesMember" xlink:to="SupplementaryTierOneCapitalInstrumentMember" xlink:title="definition: CapitalInstrumentTypesMember to SupplementaryTierOneCapitalInstrumentMember" use="optional" order="30.0"/>
    <link:loc xlink:type="locator" xlink:href="../../c-ross_core_2015-12-31.xsd#c-ross_SupplementaryTierTwoCapitalInstrumentMember" xlink:label="SupplementaryTierTwoCapitalInstrumentMember" xlink:title="SupplementaryTierTwoCapitalInstrumentMember"/>
    <link:definitionArc xlink:type="arc" xlink:arcrole="http://xbrl.org/int/dim/arcrole/domain-member" xlink:from="CapitalInstrumentTypesMember" xlink:to="SupplementaryTierTwoCapitalInstrumentMember" xlink:title="definition: CapitalInstrumentTypesMember to SupplementaryTierTwoCapitalInstrumentMember" use="optional" order="40.0"/>
    <link:loc xlink:type="locator" xlink:href="../../c-ross_core_2015-12-31.xsd#c-ross_TableOfCapitalInstrumentLineItems" xlink:label="TableOfCapitalInstrumentLineItems" xlink:title="TableOfCapitalInstrumentLineItems"/>
    <link:definitionArc xlink:type="arc" xlink:arcrole="http://xbrl.org/int/dim/arcrole/domain-member" xlink:from="TableOfCapitalInstrumentAbstract" xlink:to="TableOfCapitalInstrumentLineItems" xlink:title="definition: TableOfCapitalInstrumentAbstract to TableOfCapitalInstrumentLineItems" use="optional" order="20.0"/>
    <link:loc xlink:type="locator" xlink:href="../../c-ross_core_2015-12-31.xsd#c-ross_CapitalInstrumentName" xlink:label="CapitalInstrumentName" xlink:title="CapitalInstrumentName"/>
    <link:definitionArc xlink:type="arc" xlink:arcrole="http://xbrl.org/int/dim/arcrole/domain-member" xlink:from="TableOfCapitalInstrumentLineItems" xlink:to="CapitalInstrumentName" xlink:title="definition: TableOfCapitalInstrumentLineItems to CapitalInstrumentName" use="optional" order="10.0"/>
    <link:loc xlink:type="locator" xlink:href="../../c-ross_core_2015-12-31.xsd#c-ross_ExcludedTable" xlink:label="Excluded" xlink:title="Excluded"/>
    <link:definitionArc xlink:type="arc" xlink:arcrole="http://xbrl.org/int/dim/arcrole/notAll" xlink:from="CapitalInstrumentName" xlink:to="Excluded" xlink:title="definition: CapitalInstrumentName to Excluded" order="10.0" xbrldt:contextElement="scenario"/>
    <link:definitionArc xlink:type="arc" xlink:arcrole="http://xbrl.org/int/dim/arcrole/hypercube-dimension" xlink:from="Excluded" xlink:to="CapitalInstrumentTypesAxis" xlink:title="definition: Excluded to CapitalInstrumentTypesAxis" use="optional" order="10.0"/>
    <link:loc xlink:type="locator" xlink:href="../../c-ross_core_2015-12-31.xsd#c-ross_CapitalInstrumentIssuedDate" xlink:label="CapitalInstrumentIssuedDate" xlink:title="CapitalInstrumentIssuedDate"/>
    <link:definitionArc xlink:type="arc" xlink:arcrole="http://xbrl.org/int/dim/arcrole/domain-member" xlink:from="TableOfCapitalInstrumentLineItems" xlink:to="CapitalInstrumentIssuedDate" xlink:title="definition: TableOfCapitalInstrumentLineItems to CapitalInstrumentIssuedDate" use="optional" order="20.0"/>
    <link:definitionArc xlink:type="arc" xlink:arcrole="http://xbrl.org/int/dim/arcrole/notAll" xlink:from="CapitalInstrumentIssuedDate" xlink:to="Excluded" xlink:title="definition: CapitalInstrumentIssuedDate to Excluded" use="optional" order="10.0" xbrldt:contextElement="scenario"/>
    <link:loc xlink:type="locator" xlink:href="../../c-ross_core_2015-12-31.xsd#c-ross_CapitalInstrumentPeriod" xlink:label="CapitalInstrumentPeriodYear" xlink:title="CapitalInstrumentPeriodYear"/>
    <link:definitionArc xlink:type="arc" xlink:arcrole="http://xbrl.org/int/dim/arcrole/domain-member" xlink:from="TableOfCapitalInstrumentLineItems" xlink:to="CapitalInstrumentPeriodYear" xlink:title="definition: TableOfCapitalInstrumentLineItems to CapitalInstrumentPeriodYear" use="optional" order="40.0"/>
    <link:definitionArc xlink:type="arc" xlink:arcrole="http://xbrl.org/int/dim/arcrole/notAll" xlink:from="CapitalInstrumentPeriodYear" xlink:to="Excluded" xlink:title="definition: CapitalInstrumentPeriodYear to Excluded" use="optional" order="10.0" xbrldt:contextElement="scenario"/>
    <link:loc xlink:type="locator" xlink:href="../../c-ross_core_2015-12-31.xsd#c-ross_CapitalInstrumentIssuedAmount" xlink:label="CapitalInstrumentIssuedAmount" xlink:title="CapitalInstrumentIssuedAmount"/>
    <link:definitionArc xlink:type="arc" xlink:arcrole="http://xbrl.org/int/dim/arcrole/domain-member" xlink:from="TableOfCapitalInstrumentLineItems" xlink:to="CapitalInstrumentIssuedAmount" xlink:title="definition: TableOfCapitalInstrumentLineItems to CapitalInstrumentIssuedAmount" use="optional" order="30.0"/>
    <link:loc xlink:type="locator" xlink:href="../../c-ross_core_2015-12-31.xsd#c-ross_CapitalInstrumentRedemptionTerms" xlink:label="CapitalInstrumentRedemptionTerms" xlink:title="CapitalInstrumentRedemptionTerms"/>
    <link:definitionArc xlink:type="arc" xlink:arcrole="http://xbrl.org/int/dim/arcrole/domain-member" xlink:from="TableOfCapitalInstrumentLineItems" xlink:to="CapitalInstrumentRedemptionTerms" xlink:title="definition: TableOfCapitalInstrumentLineItems to CapitalInstrumentRedemptionTerms" use="optional" order="50.0"/>
    <link:definitionArc xlink:type="arc" xlink:arcrole="http://xbrl.org/int/dim/arcrole/notAll" xlink:from="CapitalInstrumentRedemptionTerms" xlink:to="Excluded" xlink:title="definition: CapitalInstrumentRedemptionTerms to Excluded" use="optional" order="10.0" xbrldt:contextElement="scenario"/>
    <link:loc xlink:type="locator" xlink:href="../../c-ross_core_2015-12-31.xsd#c-ross_CapitalInstrumentInterestRateStepUpMechanism" xlink:label="CapitalInstrumentInterestRateStepUpMechanism" xlink:title="CapitalInstrumentInterestRateStepUpMechanism"/>
    <link:definitionArc xlink:type="arc" xlink:arcrole="http://xbrl.org/int/dim/arcrole/domain-member" xlink:from="TableOfCapitalInstrumentLineItems" xlink:to="CapitalInstrumentInterestRateStepUpMechanism" xlink:title="definition: TableOfCapitalInstrumentLineItems to CapitalInstrumentInterestRateStepUpMechanism" use="optional" order="60.0"/>
    <link:definitionArc xlink:type="arc" xlink:arcrole="http://xbrl.org/int/dim/arcrole/notAll" xlink:from="CapitalInstrumentInterestRateStepUpMechanism" xlink:to="Excluded" xlink:title="definition: CapitalInstrumentInterestRateStepUpMechanism to Excluded" use="optional" order="10.0" xbrldt:contextElement="scenario"/>
    <link:loc xlink:type="locator" xlink:href="../../c-ross_core_2015-12-31.xsd#c-ross_CapitalInstrumentLiquidationOrder" xlink:label="CapitalInstrumentLiquidationOrder" xlink:title="CapitalInstrumentLiquidationOrder"/>
    <link:definitionArc xlink:type="arc" xlink:arcrole="http://xbrl.org/int/dim/arcrole/domain-member" xlink:from="TableOfCapitalInstrumentLineItems" xlink:to="CapitalInstrumentLiquidationOrder" xlink:title="definition: TableOfCapitalInstrumentLineItems to CapitalInstrumentLiquidationOrder" order="70.0"/>
    <link:definitionArc xlink:type="arc" xlink:arcrole="http://xbrl.org/int/dim/arcrole/notAll" xlink:from="CapitalInstrumentLiquidationOrder" xlink:to="Excluded" xlink:title="definition: CapitalInstrumentLiquidationOrder to Excluded" use="optional" order="10.0" xbrldt:contextElement="scenario"/>
    <link:loc xlink:type="locator" xlink:href="../../c-ross_core_2015-12-31.xsd#c-ross_CapitalInstrumentTermsOfReimbursementOfPrincipalAndDistributionOfIncome" xlink:label="CapitalInstrumentTermsOfReimbursementOfPrincipalAndDistributionOfIncome" xlink:title="CapitalInstrumentTermsOfReimbursementOfPrincipalAndDistributionOfIncome"/>
    <link:definitionArc xlink:type="arc" xlink:arcrole="http://xbrl.org/int/dim/arcrole/domain-member" xlink:from="TableOfCapitalInstrumentLineItems" xlink:to="CapitalInstrumentTermsOfReimbursementOfPrincipalAndDistributionOfIncome" xlink:title="definition: TableOfCapitalInstrumentLineItems to CapitalInstrumentTermsOfReimbursementOfPrincipalAndDistributionOfIncome" order="80.0"/>
    <link:definitionArc xlink:type="arc" xlink:arcrole="http://xbrl.org/int/dim/arcrole/notAll" xlink:from="CapitalInstrumentTermsOfReimbursementOfPrincipalAndDistributionOfIncome" xlink:to="Excluded" xlink:title="definition: CapitalInstrumentTermsOfReimbursementOfPrincipalAndDistributionOfIncome to Excluded" use="optional" order="10.0" xbrldt:contextElement="scenario"/>
  </link:definitionLink>
  <link:definitionLink xlink:type="extended" xlink:role="http://xbrl.circ.gov.cn/role/c-ross_2015-12-31_role-3130100a">
    <link:loc xlink:type="locator" xlink:href="../../c-ross_core_2015-12-31.xsd#c-ross_TableOfCapitalInstrumentTable" xlink:label="TableOfCapitalInstrumentTable" xlink:title="TableOfCapitalInstrumentTable"/>
    <link:loc xlink:type="locator" xlink:href="../../c-ross_core_2015-12-31.xsd#c-ross_CapitalInstrumentTypesAxis" xlink:label="CapitalInstrumentTypesAxis" xlink:title="CapitalInstrumentTypesAxis"/>
    <link:definitionArc xlink:type="arc" xlink:arcrole="http://xbrl.org/int/dim/arcrole/hypercube-dimension" xlink:from="TableOfCapitalInstrumentTable" xlink:to="CapitalInstrumentTypesAxis" xlink:title="definition: TableOfCapitalInstrumentTable to CapitalInstrumentTypesAxis" use="optional" order="10.0"/>
    <link:loc xlink:type="locator" xlink:href="../../c-ross_core_2015-12-31.xsd#c-ross_CapitalInstrumentTypesMember" xlink:label="CapitalInstrumentTypesMember" xlink:title="CapitalInstrumentTypesMember"/>
    <link:definitionArc xlink:type="arc" xlink:arcrole="http://xbrl.org/int/dim/arcrole/dimension-domain" xlink:from="CapitalInstrumentTypesAxis" xlink:to="CapitalInstrumentTypesMember" xlink:title="definition: CapitalInstrumentTypesAxis to CapitalInstrumentTypesMember" use="optional" order="10.0"/>
    <link:loc xlink:type="locator" xlink:href="../../c-ross_core_2015-12-31.xsd#c-ross_CoreTierOneCapitalInstrumentMember" xlink:label="CoreTierOneCapitalInstrumentMember" xlink:title="CoreTierOneCapitalInstrumentMember"/>
    <link:definitionArc xlink:type="arc" xlink:arcrole="http://xbrl.org/int/dim/arcrole/domain-member" xlink:from="CapitalInstrumentTypesMember" xlink:to="CoreTierOneCapitalInstrumentMember" xlink:title="definition: CapitalInstrumentTypesMember to CoreTierOneCapitalInstrumentMember" use="optional" order="10.0"/>
    <link:loc xlink:type="locator" xlink:href="../../c-ross_core_2015-12-31.xsd#c-ross_CoreTierOneCapitalInstrumentLineNumberAxis" xlink:label="CapitalInstrumentCoreTierOneCapitalInstrumentLineNumberAxis" xlink:title="CapitalInstrumentCoreTierOneCapitalInstrumentLineNumberAxis"/>
    <link:definitionArc xlink:type="arc" xlink:arcrole="http://xbrl.org/int/dim/arcrole/hypercube-dimension" xlink:from="TableOfCapitalInstrumentTable" xlink:to="CapitalInstrumentCoreTierOneCapitalInstrumentLineNumberAxis" xlink:title="definition: TableOfCapitalInstrumentTable to CapitalInstrumentCoreTierOneCapitalInstrumentLineNumberAxis" use="optional" order="20.0"/>
    <link:loc xlink:type="locator" xlink:href="../../c-ross_core_2015-12-31.xsd#c-ross_TableOfCapitalInstrumentLineItems" xlink:label="TableOfCapitalInstrumentLineItems" xlink:title="TableOfCapitalInstrumentLineItems"/>
    <link:loc xlink:type="locator" xlink:href="../../c-ross_core_2015-12-31.xsd#c-ross_CapitalInstrumentName" xlink:label="CapitalInstrumentName" xlink:title="CapitalInstrumentName"/>
    <link:definitionArc xlink:type="arc" xlink:arcrole="http://xbrl.org/int/dim/arcrole/domain-member" xlink:from="TableOfCapitalInstrumentLineItems" xlink:to="CapitalInstrumentName" xlink:title="definition: TableOfCapitalInstrumentLineItems to CapitalInstrumentName" use="optional" order="10.0"/>
    <link:loc xlink:type="locator" xlink:href="../../c-ross_core_2015-12-31.xsd#c-ross_CapitalInstrumentIssuedDate" xlink:label="CapitalInstrumentIssuedDate" xlink:title="CapitalInstrumentIssuedDate"/>
    <link:definitionArc xlink:type="arc" xlink:arcrole="http://xbrl.org/int/dim/arcrole/domain-member" xlink:from="TableOfCapitalInstrumentLineItems" xlink:to="CapitalInstrumentIssuedDate" xlink:title="definition: TableOfCapitalInstrumentLineItems to CapitalInstrumentIssuedDate" use="optional" order="20.0"/>
    <link:loc xlink:type="locator" xlink:href="../../c-ross_core_2015-12-31.xsd#c-ross_CapitalInstrumentPeriod" xlink:label="CapitalInstrumentPeriodYear" xlink:title="CapitalInstrumentPeriodYear"/>
    <link:definitionArc xlink:type="arc" xlink:arcrole="http://xbrl.org/int/dim/arcrole/domain-member" xlink:from="TableOfCapitalInstrumentLineItems" xlink:to="CapitalInstrumentPeriodYear" xlink:title="definition: TableOfCapitalInstrumentLineItems to CapitalInstrumentPeriodYear" use="optional" order="40.0"/>
    <link:loc xlink:type="locator" xlink:href="../../c-ross_core_2015-12-31.xsd#c-ross_CapitalInstrumentIssuedAmount" xlink:label="CapitalInstrumentIssuedAmount" xlink:title="CapitalInstrumentIssuedAmount"/>
    <link:definitionArc xlink:type="arc" xlink:arcrole="http://xbrl.org/int/dim/arcrole/domain-member" xlink:from="TableOfCapitalInstrumentLineItems" xlink:to="CapitalInstrumentIssuedAmount" xlink:title="definition: TableOfCapitalInstrumentLineItems to CapitalInstrumentIssuedAmount" use="optional" order="30.0"/>
    <link:loc xlink:type="locator" xlink:href="../../c-ross_core_2015-12-31.xsd#c-ross_CapitalInstrumentRedemptionTerms" xlink:label="CapitalInstrumentRedemptionTerms" xlink:title="CapitalInstrumentRedemptionTerms"/>
    <link:definitionArc xlink:type="arc" xlink:arcrole="http://xbrl.org/int/dim/arcrole/domain-member" xlink:from="TableOfCapitalInstrumentLineItems" xlink:to="CapitalInstrumentRedemptionTerms" xlink:title="definition: TableOfCapitalInstrumentLineItems to CapitalInstrumentRedemptionTerms" use="optional" order="50.0"/>
    <link:loc xlink:type="locator" xlink:href="../../c-ross_core_2015-12-31.xsd#c-ross_CapitalInstrumentInterestRateStepUpMechanism" xlink:label="CapitalInstrumentInterestRateStepUpMechanism" xlink:title="CapitalInstrumentInterestRateStepUpMechanism"/>
    <link:definitionArc xlink:type="arc" xlink:arcrole="http://xbrl.org/int/dim/arcrole/domain-member" xlink:from="TableOfCapitalInstrumentLineItems" xlink:to="CapitalInstrumentInterestRateStepUpMechanism" xlink:title="definition: TableOfCapitalInstrumentLineItems to CapitalInstrumentInterestRateStepUpMechanism" use="optional" order="60.0"/>
    <link:loc xlink:type="locator" xlink:href="../../c-ross_core_2015-12-31.xsd#c-ross_CapitalInstrumentLiquidationOrder" xlink:label="CapitalInstrumentLiquidationOrder" xlink:title="CapitalInstrumentLiquidationOrder"/>
    <link:definitionArc xlink:type="arc" xlink:arcrole="http://xbrl.org/int/dim/arcrole/domain-member" xlink:from="TableOfCapitalInstrumentLineItems" xlink:to="CapitalInstrumentLiquidationOrder" xlink:title="definition: TableOfCapitalInstrumentLineItems to CapitalInstrumentLiquidationOrder" order="70.0"/>
    <link:loc xlink:type="locator" xlink:href="../../c-ross_core_2015-12-31.xsd#c-ross_CapitalInstrumentTermsOfReimbursementOfPrincipalAndDistributionOfIncome" xlink:label="CapitalInstrumentTermsOfReimbursementOfPrincipalAndDistributionOfIncome" xlink:title="CapitalInstrumentTermsOfReimbursementOfPrincipalAndDistributionOfIncome"/>
    <link:definitionArc xlink:type="arc" xlink:arcrole="http://xbrl.org/int/dim/arcrole/domain-member" xlink:from="TableOfCapitalInstrumentLineItems" xlink:to="CapitalInstrumentTermsOfReimbursementOfPrincipalAndDistributionOfIncome" xlink:title="definition: TableOfCapitalInstrumentLineItems to CapitalInstrumentTermsOfReimbursementOfPrincipalAndDistributionOfIncome" order="80.0"/>
    <link:loc xlink:type="locator" xlink:href="../../c-ross_core_2015-12-31.xsd#c-ross_TableOfCapitalInstrumentCoreTierOneCapitalInstrumentAbstract" xlink:label="TableOfCapitalInstrumentCoreTierOneCapitalInstrumentAbstract" xlink:title="TableOfCapitalInstrumentCoreTierOneCapitalInstrumentAbstract"/>
    <link:definitionArc xlink:type="arc" xlink:arcrole="http://xbrl.org/int/dim/arcrole/all" xlink:from="TableOfCapitalInstrumentCoreTierOneCapitalInstrumentAbstract" xlink:to="TableOfCapitalInstrumentTable" xlink:title="definition: TableOfCapitalInstrumentCoreTierOneCapitalInstrumentAbstract to TableOfCapitalInstrumentTable" use="optional" order="10.0" xbrldt:closed="true" xbrldt:contextElement="scenario"/>
    <link:definitionArc xlink:type="arc" xlink:arcrole="http://xbrl.org/int/dim/arcrole/domain-member" xlink:from="TableOfCapitalInstrumentCoreTierOneCapitalInstrumentAbstract" xlink:to="TableOfCapitalInstrumentLineItems" xlink:title="definition: TableOfCapitalInstrumentCoreTierOneCapitalInstrumentAbstract to TableOfCapitalInstrumentLineItems" use="optional" order="20.0"/>
  </link:definitionLink>
  <link:definitionLink xlink:type="extended" xlink:role="http://xbrl.circ.gov.cn/role/c-ross_2015-12-31_role-3130100b">
    <link:loc xlink:type="locator" xlink:href="../../c-ross_core_2015-12-31.xsd#c-ross_TableOfCapitalInstrumentTable" xlink:label="TableOfCapitalInstrumentTable" xlink:title="TableOfCapitalInstrumentTable"/>
    <link:loc xlink:type="locator" xlink:href="../../c-ross_core_2015-12-31.xsd#c-ross_CapitalInstrumentTypesAxis" xlink:label="CapitalInstrumentTypesAxis" xlink:title="CapitalInstrumentTypesAxis"/>
    <link:definitionArc xlink:type="arc" xlink:arcrole="http://xbrl.org/int/dim/arcrole/hypercube-dimension" xlink:from="TableOfCapitalInstrumentTable" xlink:to="CapitalInstrumentTypesAxis" xlink:title="definition: TableOfCapitalInstrumentTable to CapitalInstrumentTypesAxis" use="optional" order="10.0"/>
    <link:loc xlink:type="locator" xlink:href="../../c-ross_core_2015-12-31.xsd#c-ross_CapitalInstrumentTypesMember" xlink:label="CapitalInstrumentTypesMember" xlink:title="CapitalInstrumentTypesMember"/>
    <link:definitionArc xlink:type="arc" xlink:arcrole="http://xbrl.org/int/dim/arcrole/dimension-domain" xlink:from="CapitalInstrumentTypesAxis" xlink:to="CapitalInstrumentTypesMember" xlink:title="definition: CapitalInstrumentTypesAxis to CapitalInstrumentTypesMember" use="optional" order="10.0"/>
    <link:loc xlink:type="locator" xlink:href="../../c-ross_core_2015-12-31.xsd#c-ross_CoreTierTwoCapitalInstrumentMember" xlink:label="CoreTierTwoCapitalInstrumentMember" xlink:title="CoreTierTwoCapitalInstrumentMember"/>
    <link:definitionArc xlink:type="arc" xlink:arcrole="http://xbrl.org/int/dim/arcrole/domain-member" xlink:from="CapitalInstrumentTypesMember" xlink:to="CoreTierTwoCapitalInstrumentMember" xlink:title="definition: CapitalInstrumentTypesMember to CoreTierTwoCapitalInstrumentMember" use="optional" order="10.0"/>
    <link:loc xlink:type="locator" xlink:href="../../c-ross_core_2015-12-31.xsd#c-ross_CoreTierTwoCapitalInstrumentLineNumberAxis" xlink:label="CapitalInstrumentCoreTierTwoCapitalInstrumentLineNumberAxis" xlink:title="CapitalInstrumentCoreTierTwoCapitalInstrumentLineNumberAxis"/>
    <link:definitionArc xlink:type="arc" xlink:arcrole="http://xbrl.org/int/dim/arcrole/hypercube-dimension" xlink:from="TableOfCapitalInstrumentTable" xlink:to="CapitalInstrumentCoreTierTwoCapitalInstrumentLineNumberAxis" xlink:title="definition: TableOfCapitalInstrumentTable to CapitalInstrumentCoreTierTwoCapitalInstrumentLineNumberAxis" use="optional" order="20.0"/>
    <link:loc xlink:type="locator" xlink:href="../../c-ross_core_2015-12-31.xsd#c-ross_TableOfCapitalInstrumentLineItems" xlink:label="TableOfCapitalInstrumentLineItems" xlink:title="TableOfCapitalInstrumentLineItems"/>
    <link:loc xlink:type="locator" xlink:href="../../c-ross_core_2015-12-31.xsd#c-ross_CapitalInstrumentName" xlink:label="CapitalInstrumentName" xlink:title="CapitalInstrumentName"/>
    <link:definitionArc xlink:type="arc" xlink:arcrole="http://xbrl.org/int/dim/arcrole/domain-member" xlink:from="TableOfCapitalInstrumentLineItems" xlink:to="CapitalInstrumentName" xlink:title="definition: TableOfCapitalInstrumentLineItems to CapitalInstrumentName" use="optional" order="10.0"/>
    <link:loc xlink:type="locator" xlink:href="../../c-ross_core_2015-12-31.xsd#c-ross_CapitalInstrumentIssuedDate" xlink:label="CapitalInstrumentIssuedDate" xlink:title="CapitalInstrumentIssuedDate"/>
    <link:definitionArc xlink:type="arc" xlink:arcrole="http://xbrl.org/int/dim/arcrole/domain-member" xlink:from="TableOfCapitalInstrumentLineItems" xlink:to="CapitalInstrumentIssuedDate" xlink:title="definition: TableOfCapitalInstrumentLineItems to CapitalInstrumentIssuedDate" use="optional" order="20.0"/>
    <link:loc xlink:type="locator" xlink:href="../../c-ross_core_2015-12-31.xsd#c-ross_CapitalInstrumentPeriod" xlink:label="CapitalInstrumentPeriodYear" xlink:title="CapitalInstrumentPeriodYear"/>
    <link:definitionArc xlink:type="arc" xlink:arcrole="http://xbrl.org/int/dim/arcrole/domain-member" xlink:from="TableOfCapitalInstrumentLineItems" xlink:to="CapitalInstrumentPeriodYear" xlink:title="definition: TableOfCapitalInstrumentLineItems to CapitalInstrumentPeriodYear" use="optional" order="40.0"/>
    <link:loc xlink:type="locator" xlink:href="../../c-ross_core_2015-12-31.xsd#c-ross_CapitalInstrumentIssuedAmount" xlink:label="CapitalInstrumentIssuedAmount" xlink:title="CapitalInstrumentIssuedAmount"/>
    <link:definitionArc xlink:type="arc" xlink:arcrole="http://xbrl.org/int/dim/arcrole/domain-member" xlink:from="TableOfCapitalInstrumentLineItems" xlink:to="CapitalInstrumentIssuedAmount" xlink:title="definition: TableOfCapitalInstrumentLineItems to CapitalInstrumentIssuedAmount" use="optional" order="30.0"/>
    <link:loc xlink:type="locator" xlink:href="../../c-ross_core_2015-12-31.xsd#c-ross_CapitalInstrumentRedemptionTerms" xlink:label="CapitalInstrumentRedemptionTerms" xlink:title="CapitalInstrumentRedemptionTerms"/>
    <link:definitionArc xlink:type="arc" xlink:arcrole="http://xbrl.org/int/dim/arcrole/domain-member" xlink:from="TableOfCapitalInstrumentLineItems" xlink:to="CapitalInstrumentRedemptionTerms" xlink:title="definition: TableOfCapitalInstrumentLineItems to CapitalInstrumentRedemptionTerms" use="optional" order="50.0"/>
    <link:loc xlink:type="locator" xlink:href="../../c-ross_core_2015-12-31.xsd#c-ross_CapitalInstrumentInterestRateStepUpMechanism" xlink:label="CapitalInstrumentInterestRateStepUpMechanism" xlink:title="CapitalInstrumentInterestRateStepUpMechanism"/>
    <link:definitionArc xlink:type="arc" xlink:arcrole="http://xbrl.org/int/dim/arcrole/domain-member" xlink:from="TableOfCapitalInstrumentLineItems" xlink:to="CapitalInstrumentInterestRateStepUpMechanism" xlink:title="definition: TableOfCapitalInstrumentLineItems to CapitalInstrumentInterestRateStepUpMechanism" use="optional" order="60.0"/>
    <link:loc xlink:type="locator" xlink:href="../../c-ross_core_2015-12-31.xsd#c-ross_CapitalInstrumentLiquidationOrder" xlink:label="CapitalInstrumentLiquidationOrder" xlink:title="CapitalInstrumentLiquidationOrder"/>
    <link:definitionArc xlink:type="arc" xlink:arcrole="http://xbrl.org/int/dim/arcrole/domain-member" xlink:from="TableOfCapitalInstrumentLineItems" xlink:to="CapitalInstrumentLiquidationOrder" xlink:title="definition: TableOfCapitalInstrumentLineItems to CapitalInstrumentLiquidationOrder" order="70.0"/>
    <link:loc xlink:type="locator" xlink:href="../../c-ross_core_2015-12-31.xsd#c-ross_CapitalInstrumentTermsOfReimbursementOfPrincipalAndDistributionOfIncome" xlink:label="CapitalInstrumentTermsOfReimbursementOfPrincipalAndDistributionOfIncome" xlink:title="CapitalInstrumentTermsOfReimbursementOfPrincipalAndDistributionOfIncome"/>
    <link:definitionArc xlink:type="arc" xlink:arcrole="http://xbrl.org/int/dim/arcrole/domain-member" xlink:from="TableOfCapitalInstrumentLineItems" xlink:to="CapitalInstrumentTermsOfReimbursementOfPrincipalAndDistributionOfIncome" xlink:title="definition: TableOfCapitalInstrumentLineItems to CapitalInstrumentTermsOfReimbursementOfPrincipalAndDistributionOfIncome" order="80.0"/>
    <link:loc xlink:type="locator" xlink:href="../../c-ross_core_2015-12-31.xsd#c-ross_TableOfCapitalInstrumentCoreTierTwoCapitalInstrumentAbstract" xlink:label="TableOfCapitalInstrumentCoreTierTwoCapitalInstrumentAbstract" xlink:title="TableOfCapitalInstrumentCoreTierTwoCapitalInstrumentAbstract"/>
    <link:definitionArc xlink:type="arc" xlink:arcrole="http://xbrl.org/int/dim/arcrole/all" xlink:from="TableOfCapitalInstrumentCoreTierTwoCapitalInstrumentAbstract" xlink:to="TableOfCapitalInstrumentTable" xlink:title="definition: TableOfCapitalInstrumentCoreTierTwoCapitalInstrumentAbstract to TableOfCapitalInstrumentTable" use="optional" order="10.0" xbrldt:closed="true" xbrldt:contextElement="scenario"/>
    <link:definitionArc xlink:type="arc" xlink:arcrole="http://xbrl.org/int/dim/arcrole/domain-member" xlink:from="TableOfCapitalInstrumentCoreTierTwoCapitalInstrumentAbstract" xlink:to="TableOfCapitalInstrumentLineItems" xlink:title="definition: TableOfCapitalInstrumentCoreTierTwoCapitalInstrumentAbstract to TableOfCapitalInstrumentLineItems" use="optional" order="20.0"/>
  </link:definitionLink>
  <link:definitionLink xlink:type="extended" xlink:role="http://xbrl.circ.gov.cn/role/c-ross_2015-12-31_role-3130100c">
    <link:loc xlink:type="locator" xlink:href="../../c-ross_core_2015-12-31.xsd#c-ross_TableOfCapitalInstrumentTable" xlink:label="TableOfCapitalInstrumentTable" xlink:title="TableOfCapitalInstrumentTable"/>
    <link:loc xlink:type="locator" xlink:href="../../c-ross_core_2015-12-31.xsd#c-ross_CapitalInstrumentTypesAxis" xlink:label="CapitalInstrumentTypesAxis" xlink:title="CapitalInstrumentTypesAxis"/>
    <link:definitionArc xlink:type="arc" xlink:arcrole="http://xbrl.org/int/dim/arcrole/hypercube-dimension" xlink:from="TableOfCapitalInstrumentTable" xlink:to="CapitalInstrumentTypesAxis" xlink:title="definition: TableOfCapitalInstrumentTable to CapitalInstrumentTypesAxis" use="optional" order="10.0"/>
    <link:loc xlink:type="locator" xlink:href="../../c-ross_core_2015-12-31.xsd#c-ross_CapitalInstrumentTypesMember" xlink:label="CapitalInstrumentTypesMember" xlink:title="CapitalInstrumentTypesMember"/>
    <link:definitionArc xlink:type="arc" xlink:arcrole="http://xbrl.org/int/dim/arcrole/dimension-domain" xlink:from="CapitalInstrumentTypesAxis" xlink:to="CapitalInstrumentTypesMember" xlink:title="definition: CapitalInstrumentTypesAxis to CapitalInstrumentTypesMember" use="optional" order="10.0"/>
    <link:loc xlink:type="locator" xlink:href="../../c-ross_core_2015-12-31.xsd#c-ross_SupplementaryTierOneCapitalInstrumentMember" xlink:label="SupplementaryTierOneCapitalInstrumentMember" xlink:title="SupplementaryTierOneCapitalInstrumentMember"/>
    <link:definitionArc xlink:type="arc" xlink:arcrole="http://xbrl.org/int/dim/arcrole/domain-member" xlink:from="CapitalInstrumentTypesMember" xlink:to="SupplementaryTierOneCapitalInstrumentMember" xlink:title="definition: CapitalInstrumentTypesMember to SupplementaryTierOneCapitalInstrumentMember" use="optional" order="10.0"/>
    <link:loc xlink:type="locator" xlink:href="../../c-ross_core_2015-12-31.xsd#c-ross_SupplementaryTierOneCapitalInstrumentLineNumberAxis" xlink:label="CapitalInstrumentSupplementaryTierOneCapitalInstrumentLineNumberAxis" xlink:title="CapitalInstrumentSupplementaryTierOneCapitalInstrumentLineNumberAxis"/>
    <link:definitionArc xlink:type="arc" xlink:arcrole="http://xbrl.org/int/dim/arcrole/hypercube-dimension" xlink:from="TableOfCapitalInstrumentTable" xlink:to="CapitalInstrumentSupplementaryTierOneCapitalInstrumentLineNumberAxis" xlink:title="definition: TableOfCapitalInstrumentTable to CapitalInstrumentSupplementaryTierOneCapitalInstrumentLineNumberAxis" use="optional" order="20.0"/>
    <link:loc xlink:type="locator" xlink:href="../../c-ross_core_2015-12-31.xsd#c-ross_TableOfCapitalInstrumentLineItems" xlink:label="TableOfCapitalInstrumentLineItems" xlink:title="TableOfCapitalInstrumentLineItems"/>
    <link:loc xlink:type="locator" xlink:href="../../c-ross_core_2015-12-31.xsd#c-ross_CapitalInstrumentName" xlink:label="CapitalInstrumentName" xlink:title="CapitalInstrumentName"/>
    <link:definitionArc xlink:type="arc" xlink:arcrole="http://xbrl.org/int/dim/arcrole/domain-member" xlink:from="TableOfCapitalInstrumentLineItems" xlink:to="CapitalInstrumentName" xlink:title="definition: TableOfCapitalInstrumentLineItems to CapitalInstrumentName" use="optional" order="10.0"/>
    <link:loc xlink:type="locator" xlink:href="../../c-ross_core_2015-12-31.xsd#c-ross_CapitalInstrumentIssuedDate" xlink:label="CapitalInstrumentIssuedDate" xlink:title="CapitalInstrumentIssuedDate"/>
    <link:definitionArc xlink:type="arc" xlink:arcrole="http://xbrl.org/int/dim/arcrole/domain-member" xlink:from="TableOfCapitalInstrumentLineItems" xlink:to="CapitalInstrumentIssuedDate" xlink:title="definition: TableOfCapitalInstrumentLineItems to CapitalInstrumentIssuedDate" use="optional" order="20.0"/>
    <link:loc xlink:type="locator" xlink:href="../../c-ross_core_2015-12-31.xsd#c-ross_CapitalInstrumentPeriod" xlink:label="CapitalInstrumentPeriodYear" xlink:title="CapitalInstrumentPeriodYear"/>
    <link:definitionArc xlink:type="arc" xlink:arcrole="http://xbrl.org/int/dim/arcrole/domain-member" xlink:from="TableOfCapitalInstrumentLineItems" xlink:to="CapitalInstrumentPeriodYear" xlink:title="definition: TableOfCapitalInstrumentLineItems to CapitalInstrumentPeriodYear" use="optional" order="40.0"/>
    <link:loc xlink:type="locator" xlink:href="../../c-ross_core_2015-12-31.xsd#c-ross_CapitalInstrumentIssuedAmount" xlink:label="CapitalInstrumentIssuedAmount" xlink:title="CapitalInstrumentIssuedAmount"/>
    <link:definitionArc xlink:type="arc" xlink:arcrole="http://xbrl.org/int/dim/arcrole/domain-member" xlink:from="TableOfCapitalInstrumentLineItems" xlink:to="CapitalInstrumentIssuedAmount" xlink:title="definition: TableOfCapitalInstrumentLineItems to CapitalInstrumentIssuedAmount" use="optional" order="30.0"/>
    <link:loc xlink:type="locator" xlink:href="../../c-ross_core_2015-12-31.xsd#c-ross_CapitalInstrumentRedemptionTerms" xlink:label="CapitalInstrumentRedemptionTerms" xlink:title="CapitalInstrumentRedemptionTerms"/>
    <link:definitionArc xlink:type="arc" xlink:arcrole="http://xbrl.org/int/dim/arcrole/domain-member" xlink:from="TableOfCapitalInstrumentLineItems" xlink:to="CapitalInstrumentRedemptionTerms" xlink:title="definition: TableOfCapitalInstrumentLineItems to CapitalInstrumentRedemptionTerms" use="optional" order="50.0"/>
    <link:loc xlink:type="locator" xlink:href="../../c-ross_core_2015-12-31.xsd#c-ross_CapitalInstrumentInterestRateStepUpMechanism" xlink:label="CapitalInstrumentInterestRateStepUpMechanism" xlink:title="CapitalInstrumentInterestRateStepUpMechanism"/>
    <link:definitionArc xlink:type="arc" xlink:arcrole="http://xbrl.org/int/dim/arcrole/domain-member" xlink:from="TableOfCapitalInstrumentLineItems" xlink:to="CapitalInstrumentInterestRateStepUpMechanism" xlink:title="definition: TableOfCapitalInstrumentLineItems to CapitalInstrumentInterestRateStepUpMechanism" use="optional" order="60.0"/>
    <link:loc xlink:type="locator" xlink:href="../../c-ross_core_2015-12-31.xsd#c-ross_CapitalInstrumentLiquidationOrder" xlink:label="CapitalInstrumentLiquidationOrder" xlink:title="CapitalInstrumentLiquidationOrder"/>
    <link:definitionArc xlink:type="arc" xlink:arcrole="http://xbrl.org/int/dim/arcrole/domain-member" xlink:from="TableOfCapitalInstrumentLineItems" xlink:to="CapitalInstrumentLiquidationOrder" xlink:title="definition: TableOfCapitalInstrumentLineItems to CapitalInstrumentLiquidationOrder" order="70.0"/>
    <link:loc xlink:type="locator" xlink:href="../../c-ross_core_2015-12-31.xsd#c-ross_CapitalInstrumentTermsOfReimbursementOfPrincipalAndDistributionOfIncome" xlink:label="CapitalInstrumentTermsOfReimbursementOfPrincipalAndDistributionOfIncome" xlink:title="CapitalInstrumentTermsOfReimbursementOfPrincipalAndDistributionOfIncome"/>
    <link:definitionArc xlink:type="arc" xlink:arcrole="http://xbrl.org/int/dim/arcrole/domain-member" xlink:from="TableOfCapitalInstrumentLineItems" xlink:to="CapitalInstrumentTermsOfReimbursementOfPrincipalAndDistributionOfIncome" xlink:title="definition: TableOfCapitalInstrumentLineItems to CapitalInstrumentTermsOfReimbursementOfPrincipalAndDistributionOfIncome" order="80.0"/>
    <link:loc xlink:type="locator" xlink:href="../../c-ross_core_2015-12-31.xsd#c-ross_TableOfCapitalInstrumentSupplementaryTierOneCapitalInstrumentAbstract" xlink:label="TableOfCapitalInstrumentSupplementaryTierOneCapitalInstrumentAbstract" xlink:title="TableOfCapitalInstrumentSupplementaryTierOneCapitalInstrumentAbstract"/>
    <link:definitionArc xlink:type="arc" xlink:arcrole="http://xbrl.org/int/dim/arcrole/all" xlink:from="TableOfCapitalInstrumentSupplementaryTierOneCapitalInstrumentAbstract" xlink:to="TableOfCapitalInstrumentTable" xlink:title="definition: TableOfCapitalInstrumentSupplementaryTierOneCapitalInstrumentAbstract to TableOfCapitalInstrumentTable" use="optional" order="10.0" xbrldt:closed="true" xbrldt:contextElement="scenario"/>
    <link:definitionArc xlink:type="arc" xlink:arcrole="http://xbrl.org/int/dim/arcrole/domain-member" xlink:from="TableOfCapitalInstrumentSupplementaryTierOneCapitalInstrumentAbstract" xlink:to="TableOfCapitalInstrumentLineItems" xlink:title="definition: TableOfCapitalInstrumentSupplementaryTierOneCapitalInstrumentAbstract to TableOfCapitalInstrumentLineItems" use="optional" order="20.0"/>
  </link:definitionLink>
  <link:definitionLink xlink:type="extended" xlink:role="http://xbrl.circ.gov.cn/role/c-ross_2015-12-31_role-3130100d">
    <link:loc xlink:type="locator" xlink:href="../../c-ross_core_2015-12-31.xsd#c-ross_TableOfCapitalInstrumentTable" xlink:label="TableOfCapitalInstrumentTable" xlink:title="TableOfCapitalInstrumentTable"/>
    <link:loc xlink:type="locator" xlink:href="../../c-ross_core_2015-12-31.xsd#c-ross_CapitalInstrumentTypesAxis" xlink:label="CapitalInstrumentTypesAxis" xlink:title="CapitalInstrumentTypesAxis"/>
    <link:definitionArc xlink:type="arc" xlink:arcrole="http://xbrl.org/int/dim/arcrole/hypercube-dimension" xlink:from="TableOfCapitalInstrumentTable" xlink:to="CapitalInstrumentTypesAxis" xlink:title="definition: TableOfCapitalInstrumentTable to CapitalInstrumentTypesAxis" use="optional" order="10.0"/>
    <link:loc xlink:type="locator" xlink:href="../../c-ross_core_2015-12-31.xsd#c-ross_CapitalInstrumentTypesMember" xlink:label="CapitalInstrumentTypesMember" xlink:title="CapitalInstrumentTypesMember"/>
    <link:definitionArc xlink:type="arc" xlink:arcrole="http://xbrl.org/int/dim/arcrole/dimension-domain" xlink:from="CapitalInstrumentTypesAxis" xlink:to="CapitalInstrumentTypesMember" xlink:title="definition: CapitalInstrumentTypesAxis to CapitalInstrumentTypesMember" use="optional" order="10.0"/>
    <link:loc xlink:type="locator" xlink:href="../../c-ross_core_2015-12-31.xsd#c-ross_SupplementaryTierTwoCapitalInstrumentMember" xlink:label="SupplementaryTierTwoCapitalInstrumentMember" xlink:title="SupplementaryTierTwoCapitalInstrumentMember"/>
    <link:definitionArc xlink:type="arc" xlink:arcrole="http://xbrl.org/int/dim/arcrole/domain-member" xlink:from="CapitalInstrumentTypesMember" xlink:to="SupplementaryTierTwoCapitalInstrumentMember" xlink:title="definition: CapitalInstrumentTypesMember to SupplementaryTierTwoCapitalInstrumentMember" use="optional" order="10.0"/>
    <link:loc xlink:type="locator" xlink:href="../../c-ross_core_2015-12-31.xsd#c-ross_SupplementaryTierTwoCapitalInstrumentLineNumberAxis" xlink:label="CapitalInstrumentSupplementaryTierTwoCapitalInstrumentLineNumberAxis" xlink:title="CapitalInstrumentSupplementaryTierTwoCapitalInstrumentLineNumberAxis"/>
    <link:definitionArc xlink:type="arc" xlink:arcrole="http://xbrl.org/int/dim/arcrole/hypercube-dimension" xlink:from="TableOfCapitalInstrumentTable" xlink:to="CapitalInstrumentSupplementaryTierTwoCapitalInstrumentLineNumberAxis" xlink:title="definition: TableOfCapitalInstrumentTable to CapitalInstrumentSupplementaryTierTwoCapitalInstrumentLineNumberAxis" use="optional" order="20.0"/>
    <link:loc xlink:type="locator" xlink:href="../../c-ross_core_2015-12-31.xsd#c-ross_TableOfCapitalInstrumentLineItems" xlink:label="TableOfCapitalInstrumentLineItems" xlink:title="TableOfCapitalInstrumentLineItems"/>
    <link:loc xlink:type="locator" xlink:href="../../c-ross_core_2015-12-31.xsd#c-ross_CapitalInstrumentName" xlink:label="CapitalInstrumentName" xlink:title="CapitalInstrumentName"/>
    <link:definitionArc xlink:type="arc" xlink:arcrole="http://xbrl.org/int/dim/arcrole/domain-member" xlink:from="TableOfCapitalInstrumentLineItems" xlink:to="CapitalInstrumentName" xlink:title="definition: TableOfCapitalInstrumentLineItems to CapitalInstrumentName" use="optional" order="10.0"/>
    <link:loc xlink:type="locator" xlink:href="../../c-ross_core_2015-12-31.xsd#c-ross_CapitalInstrumentIssuedDate" xlink:label="CapitalInstrumentIssuedDate" xlink:title="CapitalInstrumentIssuedDate"/>
    <link:definitionArc xlink:type="arc" xlink:arcrole="http://xbrl.org/int/dim/arcrole/domain-member" xlink:from="TableOfCapitalInstrumentLineItems" xlink:to="CapitalInstrumentIssuedDate" xlink:title="definition: TableOfCapitalInstrumentLineItems to CapitalInstrumentIssuedDate" use="optional" order="20.0"/>
    <link:loc xlink:type="locator" xlink:href="../../c-ross_core_2015-12-31.xsd#c-ross_CapitalInstrumentPeriod" xlink:label="CapitalInstrumentPeriodYear" xlink:title="CapitalInstrumentPeriodYear"/>
    <link:definitionArc xlink:type="arc" xlink:arcrole="http://xbrl.org/int/dim/arcrole/domain-member" xlink:from="TableOfCapitalInstrumentLineItems" xlink:to="CapitalInstrumentPeriodYear" xlink:title="definition: TableOfCapitalInstrumentLineItems to CapitalInstrumentPeriodYear" use="optional" order="40.0"/>
    <link:loc xlink:type="locator" xlink:href="../../c-ross_core_2015-12-31.xsd#c-ross_CapitalInstrumentIssuedAmount" xlink:label="CapitalInstrumentIssuedAmount" xlink:title="CapitalInstrumentIssuedAmount"/>
    <link:definitionArc xlink:type="arc" xlink:arcrole="http://xbrl.org/int/dim/arcrole/domain-member" xlink:from="TableOfCapitalInstrumentLineItems" xlink:to="CapitalInstrumentIssuedAmount" xlink:title="definition: TableOfCapitalInstrumentLineItems to CapitalInstrumentIssuedAmount" use="optional" order="30.0"/>
    <link:loc xlink:type="locator" xlink:href="../../c-ross_core_2015-12-31.xsd#c-ross_CapitalInstrumentRedemptionTerms" xlink:label="CapitalInstrumentRedemptionTerms" xlink:title="CapitalInstrumentRedemptionTerms"/>
    <link:definitionArc xlink:type="arc" xlink:arcrole="http://xbrl.org/int/dim/arcrole/domain-member" xlink:from="TableOfCapitalInstrumentLineItems" xlink:to="CapitalInstrumentRedemptionTerms" xlink:title="definition: TableOfCapitalInstrumentLineItems to CapitalInstrumentRedemptionTerms" use="optional" order="50.0"/>
    <link:loc xlink:type="locator" xlink:href="../../c-ross_core_2015-12-31.xsd#c-ross_CapitalInstrumentInterestRateStepUpMechanism" xlink:label="CapitalInstrumentInterestRateStepUpMechanism" xlink:title="CapitalInstrumentInterestRateStepUpMechanism"/>
    <link:definitionArc xlink:type="arc" xlink:arcrole="http://xbrl.org/int/dim/arcrole/domain-member" xlink:from="TableOfCapitalInstrumentLineItems" xlink:to="CapitalInstrumentInterestRateStepUpMechanism" xlink:title="definition: TableOfCapitalInstrumentLineItems to CapitalInstrumentInterestRateStepUpMechanism" use="optional" order="60.0"/>
    <link:loc xlink:type="locator" xlink:href="../../c-ross_core_2015-12-31.xsd#c-ross_CapitalInstrumentLiquidationOrder" xlink:label="CapitalInstrumentLiquidationOrder" xlink:title="CapitalInstrumentLiquidationOrder"/>
    <link:definitionArc xlink:type="arc" xlink:arcrole="http://xbrl.org/int/dim/arcrole/domain-member" xlink:from="TableOfCapitalInstrumentLineItems" xlink:to="CapitalInstrumentLiquidationOrder" xlink:title="definition: TableOfCapitalInstrumentLineItems to CapitalInstrumentLiquidationOrder" order="70.0"/>
    <link:loc xlink:type="locator" xlink:href="../../c-ross_core_2015-12-31.xsd#c-ross_CapitalInstrumentTermsOfReimbursementOfPrincipalAndDistributionOfIncome" xlink:label="CapitalInstrumentTermsOfReimbursementOfPrincipalAndDistributionOfIncome" xlink:title="CapitalInstrumentTermsOfReimbursementOfPrincipalAndDistributionOfIncome"/>
    <link:definitionArc xlink:type="arc" xlink:arcrole="http://xbrl.org/int/dim/arcrole/domain-member" xlink:from="TableOfCapitalInstrumentLineItems" xlink:to="CapitalInstrumentTermsOfReimbursementOfPrincipalAndDistributionOfIncome" xlink:title="definition: TableOfCapitalInstrumentLineItems to CapitalInstrumentTermsOfReimbursementOfPrincipalAndDistributionOfIncome" order="80.0"/>
    <link:loc xlink:type="locator" xlink:href="../../c-ross_core_2015-12-31.xsd#c-ross_TableOfCapitalInstrumentSupplementaryTierTwoCapitalInstrumentAbstract" xlink:label="TableOfCapitalInstrumentSupplementaryTierTwoCapitalInstrumentAbstract" xlink:title="TableOfCapitalInstrumentSupplementaryTierTwoCapitalInstrumentAbstract"/>
    <link:definitionArc xlink:type="arc" xlink:arcrole="http://xbrl.org/int/dim/arcrole/all" xlink:from="TableOfCapitalInstrumentSupplementaryTierTwoCapitalInstrumentAbstract" xlink:to="TableOfCapitalInstrumentTable" xlink:title="definition: TableOfCapitalInstrumentSupplementaryTierTwoCapitalInstrumentAbstract to TableOfCapitalInstrumentTable" use="optional" order="10.0" xbrldt:closed="true" xbrldt:contextElement="scenario"/>
    <link:definitionArc xlink:type="arc" xlink:arcrole="http://xbrl.org/int/dim/arcrole/domain-member" xlink:from="TableOfCapitalInstrumentSupplementaryTierTwoCapitalInstrumentAbstract" xlink:to="TableOfCapitalInstrumentLineItems" xlink:title="definition: TableOfCapitalInstrumentSupplementaryTierTwoCapitalInstrumentAbstract to TableOfCapitalInstrumentLineItems" use="optional" order="20.0"/>
  </link:definitionLink>
</link:linkbase>
