<?xml version="1.0" encoding="UTF-8"?>

<!-- Taxonomy: 2015-12-31 (Final) **********************
	Copyright © 2015 China Insurance Regulatory Commission.
	All rights reserved.  No part of this publication may be translated, reprinted or reproduced or utilised in any form either in whole or in part without prior permission in writing from China Insurance Regulatory Commission.
	********************** -->
<link:linkbase xmlns:xsi="http://www.w3.org/2001/XMLSchema-instance" xsi:schemaLocation="http://www.xbrl.org/2003/linkbase http://www.xbrl.org/2003/xbrl-linkbase-2003-12-31.xsd http://xbrl.org/2008/label http://www.xbrl.org/2008/generic-label.xsd http://xbrl.org/2008/generic http://www.xbrl.org/2008/generic-link.xsd http://www.w3.org/1999/xlink http://www.xbrl.org/2003/xlink-2003-12-31.xsd" xmlns:c-ross="http://xbrl.circ.gov.cn/taxonomy/2015-12-31/c-ross" xmlns:gen="http://xbrl.org/2008/generic" xmlns:link="http://www.xbrl.org/2003/linkbase" xmlns:q_s_pc_entry_point="http://xbrl.circ.gov.cn/taxonomy/2015-12-31/c-ross/q_s_pc_entry_point" xmlns:label="http://xbrl.org/2008/label" xmlns:xlink="http://www.w3.org/1999/xlink">
  <link:roleRef roleURI="http://www.xbrl.org/2008/role/label" xlink:type="simple" xlink:href="http://www.xbrl.org/2008/generic-label.xsd#standard-label"/>
  <link:roleRef roleURI="http://www.xbrl.org/2008/role/link" xlink:type="simple" xlink:href="http://www.xbrl.org/2008/generic-link.xsd#standard-link-role"/>
  <link:arcroleRef arcroleURI="http://xbrl.org/arcrole/2008/element-label" xlink:type="simple" xlink:href="http://www.xbrl.org/2008/generic-label.xsd#element-label"/>
  <gen:link xlink:type="extended" xlink:role="http://www.xbrl.org/2008/role/link">
    <link:loc xlink:type="locator" xlink:href="rol_c-ross_1_2015-12-31.xsd#c-ross_2015-12-31-3120200" xlink:label="roleType1" xlink:title="roleType1"/>
    <label:label xlink:type="resource" xlink:label="label1" xlink:role="http://www.xbrl.org/2008/role/label" xlink:title="label1" xml:lang="zh">S02-实际资本表</label:label>
    <gen:arc xlink:type="arc" xlink:arcrole="http://xbrl.org/arcrole/2008/element-label" xlink:from="roleType1" xlink:to="label1" xlink:title="gen: roleType1 to label1" order="10.0"/>
    <link:loc xlink:type="locator" xlink:href="rol_c-ross_1_2015-12-31.xsd#c-ross_2015-12-31-3120300" xlink:label="roleType2" xlink:title="roleType2"/>
    <label:label xlink:type="resource" xlink:label="label2" xlink:role="http://www.xbrl.org/2008/role/label" xlink:title="label2" xml:lang="zh">S03-认可资产表</label:label>
    <gen:arc xlink:type="arc" xlink:arcrole="http://xbrl.org/arcrole/2008/element-label" xlink:from="roleType2" xlink:to="label2" xlink:title="gen: roleType2 to label2" order="10.0"/>
    <link:loc xlink:type="locator" xlink:href="rol_c-ross_1_2015-12-31.xsd#c-ross_2015-12-31-3120400" xlink:label="roleType3" xlink:title="roleType3"/>
    <label:label xlink:type="resource" xlink:label="label3" xlink:role="http://www.xbrl.org/2008/role/label" xlink:title="label3" xml:lang="zh">S04-认可负债表</label:label>
    <gen:arc xlink:type="arc" xlink:arcrole="http://xbrl.org/arcrole/2008/element-label" xlink:from="roleType3" xlink:to="label3" xlink:title="gen: roleType3 to label3" order="10.0"/>
    <link:loc xlink:type="locator" xlink:href="rol_c-ross_1_2015-12-31.xsd#c-ross_2015-12-31-3130100" xlink:label="roleType4" xlink:title="roleType4"/>
    <label:label xlink:type="resource" xlink:label="label4" xlink:role="http://www.xbrl.org/2008/role/label" xlink:title="label4" xml:lang="zh">AC01-资本工具表</label:label>
    <gen:arc xlink:type="arc" xlink:arcrole="http://xbrl.org/arcrole/2008/element-label" xlink:from="roleType4" xlink:to="label4" xlink:title="gen: roleType4 to label4" order="10.0"/>
    <link:loc xlink:type="locator" xlink:href="rol_c-ross_1_2015-12-31.xsd#c-ross_2015-12-31-3130100a" xlink:label="roleType5" xlink:title="roleType5"/>
    <label:label xlink:type="resource" xlink:label="label5" xlink:role="http://www.xbrl.org/2008/role/label" xlink:title="label5" xml:lang="zh">AC01-资本工具表-核心一级资本工具</label:label>
    <gen:arc xlink:type="arc" xlink:arcrole="http://xbrl.org/arcrole/2008/element-label" xlink:from="roleType5" xlink:to="label5" xlink:title="gen: roleType5 to label5" order="10.0"/>
    <link:loc xlink:type="locator" xlink:href="rol_c-ross_1_2015-12-31.xsd#c-ross_2015-12-31-3130100b" xlink:label="roleType6" xlink:title="roleType6"/>
    <label:label xlink:type="resource" xlink:label="label6" xlink:role="http://www.xbrl.org/2008/role/label" xlink:title="label6" xml:lang="zh">AC01-资本工具表-核心二级资本工具</label:label>
    <gen:arc xlink:type="arc" xlink:arcrole="http://xbrl.org/arcrole/2008/element-label" xlink:from="roleType6" xlink:to="label6" xlink:title="gen: roleType6 to label6" order="10.0"/>
    <link:loc xlink:type="locator" xlink:href="rol_c-ross_1_2015-12-31.xsd#c-ross_2015-12-31-3130100c" xlink:label="roleType7" xlink:title="roleType7"/>
    <label:label xlink:type="resource" xlink:label="label7" xlink:role="http://www.xbrl.org/2008/role/label" xlink:title="label7" xml:lang="zh">AC01-资本工具表-附属一级资本工具</label:label>
    <gen:arc xlink:type="arc" xlink:arcrole="http://xbrl.org/arcrole/2008/element-label" xlink:from="roleType7" xlink:to="label7" xlink:title="gen: roleType7 to label7" order="10.0"/>
    <link:loc xlink:type="locator" xlink:href="rol_c-ross_1_2015-12-31.xsd#c-ross_2015-12-31-3130100d" xlink:label="roleType8" xlink:title="roleType8"/>
    <label:label xlink:type="resource" xlink:label="label8" xlink:role="http://www.xbrl.org/2008/role/label" xlink:title="label8" xml:lang="zh">AC01-资本工具表-附属二级资本工具</label:label>
    <gen:arc xlink:type="arc" xlink:arcrole="http://xbrl.org/arcrole/2008/element-label" xlink:from="roleType8" xlink:to="label8" xlink:title="gen: roleType8 to label8" order="10.0"/>
  </gen:link>
</link:linkbase>
