<?xml version="1.0" encoding="UTF-8"?>	<!--	Taxonomy: 2015-12-31 (Draft)	**********************	Copyright © 2015 China Insurance Regulatory Commission.	All rights reserved.  No part of this publication may be translated, reprinted or reproduced	or utilised in any form either in whole or in part without prior permission in writing from China Insurance Regulatory Commission.	  **********************	-->

<link:linkbase xmlns:xsi="http://www.w3.org/2001/XMLSchema-instance" xsi:schemaLocation="http://www.xbrl.org/2003/linkbase http://www.xbrl.org/2003/xbrl-linkbase-2003-12-31.xsd" xmlns:c-ross="http://xbrl.circ.gov.cn/taxonomy/2015-12-31/c-ross" xmlns:link="http://www.xbrl.org/2003/linkbase" xmlns:q_s_pc_entry_point="http://xbrl.circ.gov.cn/taxonomy/2015-12-31/c-ross/q_s_pc_entry_point" xmlns:xbrli="http://www.xbrl.org/2003/instance" xmlns:xlink="http://www.w3.org/1999/xlink">
  <link:roleRef roleURI="http://www.xbrl.org/2009/role/netLabel" xlink:type="simple" xlink:href="http://www.xbrl.org/lrr/role/net-2009-12-16.xsd#netLabel"/>
  <link:roleRef roleURI="http://xbrl.circ.gov.cn/role/c-ross_2015-12-31_role-3140100" xlink:type="simple" xlink:href="rol_c-ross_1_2015-12-31.xsd#c-ross_2015-12-31-3140100"/>
  <link:roleRef roleURI="http://xbrl.circ.gov.cn/role/c-ross_2015-12-31_role-3140100a" xlink:type="simple" xlink:href="rol_c-ross_1_2015-12-31.xsd#c-ross_2015-12-31-3140100a"/>
  <link:roleRef roleURI="http://xbrl.circ.gov.cn/role/c-ross_2015-12-31_role-3140100b" xlink:type="simple" xlink:href="rol_c-ross_1_2015-12-31.xsd#c-ross_2015-12-31-3140100b"/>
  <link:roleRef roleURI="http://xbrl.circ.gov.cn/role/c-ross_2015-12-31_role-3140100c" xlink:type="simple" xlink:href="rol_c-ross_1_2015-12-31.xsd#c-ross_2015-12-31-3140100c"/>
  <link:roleRef roleURI="http://xbrl.circ.gov.cn/role/c-ross_2015-12-31_role-3140100d" xlink:type="simple" xlink:href="rol_c-ross_1_2015-12-31.xsd#c-ross_2015-12-31-3140100d"/>
  <link:presentationLink xlink:type="extended" xlink:role="http://xbrl.circ.gov.cn/role/c-ross_2015-12-31_role-3140100">
    <link:loc xlink:type="locator" xlink:href="../../c-ross_core_2015-12-31.xsd#c-ross_TableOfCapitalInstrumentAbstract" xlink:label="TableOfCapitalInstrumentAbstract" xlink:title="TableOfCapitalInstrumentAbstract"/>
    <link:loc xlink:type="locator" xlink:href="../../c-ross_core_2015-12-31.xsd#c-ross_TableOfCapitalInstrumentTable" xlink:label="TableOfCapitalInstrumentTable" xlink:title="TableOfCapitalInstrumentTable"/>
    <link:presentationArc xlink:type="arc" xlink:arcrole="http://www.xbrl.org/2003/arcrole/parent-child" xlink:from="TableOfCapitalInstrumentAbstract" xlink:to="TableOfCapitalInstrumentTable" xlink:title="presentation: TableOfCapitalInstrumentAbstract to TableOfCapitalInstrumentTable" use="optional" order="1.0" preferredLabel="http://www.xbrl.org/2003/role/label"/>
    <link:loc xlink:type="locator" xlink:href="../../c-ross_core_2015-12-31.xsd#c-ross_CapitalInstrumentTypesAxis" xlink:label="CapitalInstrumentTypesAxis" xlink:title="CapitalInstrumentTypesAxis"/>
    <link:presentationArc xlink:type="arc" xlink:arcrole="http://www.xbrl.org/2003/arcrole/parent-child" xlink:from="TableOfCapitalInstrumentTable" xlink:to="CapitalInstrumentTypesAxis" xlink:title="presentation: TableOfCapitalInstrumentTable to CapitalInstrumentTypesAxis" use="optional" order="1.0" preferredLabel="http://www.xbrl.org/2003/role/label"/>
    <link:loc xlink:type="locator" xlink:href="../../c-ross_core_2015-12-31.xsd#c-ross_CapitalInstrumentTypesMember" xlink:label="CapitalInstrumentTypesMember" xlink:title="CapitalInstrumentTypesMember"/>
    <link:presentationArc xlink:type="arc" xlink:arcrole="http://www.xbrl.org/2003/arcrole/parent-child" xlink:from="CapitalInstrumentTypesAxis" xlink:to="CapitalInstrumentTypesMember" xlink:title="presentation: CapitalInstrumentTypesAxis to CapitalInstrumentTypesMember" use="optional" order="1.0" preferredLabel="http://www.xbrl.org/2003/role/label"/>
    <link:loc xlink:type="locator" xlink:href="../../c-ross_core_2015-12-31.xsd#c-ross_CoreTierOneCapitalInstrumentMember" xlink:label="CoreTierOneCapitalInstrumentMember" xlink:title="CoreTierOneCapitalInstrumentMember"/>
    <link:presentationArc xlink:type="arc" xlink:arcrole="http://www.xbrl.org/2003/arcrole/parent-child" xlink:from="CapitalInstrumentTypesMember" xlink:to="CoreTierOneCapitalInstrumentMember" xlink:title="presentation: CapitalInstrumentTypesMember to CoreTierOneCapitalInstrumentMember" use="optional" order="1.0" preferredLabel="http://www.xbrl.org/2003/role/label"/>
    <link:loc xlink:type="locator" xlink:href="../../c-ross_core_2015-12-31.xsd#c-ross_CoreTierTwoCapitalInstrumentMember" xlink:label="CoreTierTwoCapitalInstrumentMember" xlink:title="CoreTierTwoCapitalInstrumentMember"/>
    <link:presentationArc xlink:type="arc" xlink:arcrole="http://www.xbrl.org/2003/arcrole/parent-child" xlink:from="CapitalInstrumentTypesMember" xlink:to="CoreTierTwoCapitalInstrumentMember" xlink:title="presentation: CapitalInstrumentTypesMember to CoreTierTwoCapitalInstrumentMember" use="optional" order="2.0" preferredLabel="http://www.xbrl.org/2003/role/label"/>
    <link:loc xlink:type="locator" xlink:href="../../c-ross_core_2015-12-31.xsd#c-ross_SupplementaryTierOneCapitalInstrumentMember" xlink:label="SupplementaryTierOneCapitalInstrumentMember" xlink:title="SupplementaryTierOneCapitalInstrumentMember"/>
    <link:presentationArc xlink:type="arc" xlink:arcrole="http://www.xbrl.org/2003/arcrole/parent-child" xlink:from="CapitalInstrumentTypesMember" xlink:to="SupplementaryTierOneCapitalInstrumentMember" xlink:title="presentation: CapitalInstrumentTypesMember to SupplementaryTierOneCapitalInstrumentMember" use="optional" order="3.0" preferredLabel="http://www.xbrl.org/2003/role/label"/>
    <link:loc xlink:type="locator" xlink:href="../../c-ross_core_2015-12-31.xsd#c-ross_SupplementaryTierTwoCapitalInstrumentMember" xlink:label="SupplementaryTierTwoCapitalInstrumentMember" xlink:title="SupplementaryTierTwoCapitalInstrumentMember"/>
    <link:presentationArc xlink:type="arc" xlink:arcrole="http://www.xbrl.org/2003/arcrole/parent-child" xlink:from="CapitalInstrumentTypesMember" xlink:to="SupplementaryTierTwoCapitalInstrumentMember" xlink:title="presentation: CapitalInstrumentTypesMember to SupplementaryTierTwoCapitalInstrumentMember" use="optional" order="4.0" preferredLabel="http://www.xbrl.org/2003/role/label"/>
    <link:loc xlink:type="locator" xlink:href="../../c-ross_core_2015-12-31.xsd#c-ross_TableOfCapitalInstrumentLineItems" xlink:label="TableOfCapitalInstrumentLineItems" xlink:title="TableOfCapitalInstrumentLineItems"/>
    <link:presentationArc xlink:type="arc" xlink:arcrole="http://www.xbrl.org/2003/arcrole/parent-child" xlink:from="TableOfCapitalInstrumentAbstract" xlink:to="TableOfCapitalInstrumentLineItems" xlink:title="presentation: TableOfCapitalInstrumentAbstract to TableOfCapitalInstrumentLineItems" use="optional" order="2.0" preferredLabel="http://www.xbrl.org/2003/role/label"/>
    <link:loc xlink:type="locator" xlink:href="../../c-ross_core_2015-12-31.xsd#c-ross_CapitalInstrumentName" xlink:label="CapitalInstrumentName" xlink:title="CapitalInstrumentName"/>
    <link:presentationArc xlink:type="arc" xlink:arcrole="http://www.xbrl.org/2003/arcrole/parent-child" xlink:from="TableOfCapitalInstrumentLineItems" xlink:to="CapitalInstrumentName" xlink:title="presentation: TableOfCapitalInstrumentLineItems to CapitalInstrumentName" use="optional" order="1.0" preferredLabel="http://www.xbrl.org/2003/role/label"/>
    <link:loc xlink:type="locator" xlink:href="../../c-ross_core_2015-12-31.xsd#c-ross_CapitalInstrumentIssuedDate" xlink:label="CapitalInstrumentIssuedDate" xlink:title="CapitalInstrumentIssuedDate"/>
    <link:presentationArc xlink:type="arc" xlink:arcrole="http://www.xbrl.org/2003/arcrole/parent-child" xlink:from="TableOfCapitalInstrumentLineItems" xlink:to="CapitalInstrumentIssuedDate" xlink:title="presentation: TableOfCapitalInstrumentLineItems to CapitalInstrumentIssuedDate" use="optional" order="2.0" preferredLabel="http://www.xbrl.org/2003/role/terseLabel"/>
    <link:loc xlink:type="locator" xlink:href="../../c-ross_core_2015-12-31.xsd#c-ross_CapitalInstrumentPeriod" xlink:label="CapitalInstrumentPeriodYear" xlink:title="CapitalInstrumentPeriodYear"/>
    <link:presentationArc xlink:type="arc" xlink:arcrole="http://www.xbrl.org/2003/arcrole/parent-child" xlink:from="TableOfCapitalInstrumentLineItems" xlink:to="CapitalInstrumentPeriodYear" xlink:title="presentation: TableOfCapitalInstrumentLineItems to CapitalInstrumentPeriodYear" use="optional" order="4.0" preferredLabel="http://www.xbrl.org/2003/role/terseLabel"/>
    <link:loc xlink:type="locator" xlink:href="../../c-ross_core_2015-12-31.xsd#c-ross_CapitalInstrumentIssuedAmount" xlink:label="CapitalInstrumentIssuedAmount" xlink:title="CapitalInstrumentIssuedAmount"/>
    <link:presentationArc xlink:type="arc" xlink:arcrole="http://www.xbrl.org/2003/arcrole/parent-child" xlink:from="TableOfCapitalInstrumentLineItems" xlink:to="CapitalInstrumentIssuedAmount" xlink:title="presentation: TableOfCapitalInstrumentLineItems to CapitalInstrumentIssuedAmount" use="optional" order="3.0" preferredLabel="http://www.xbrl.org/2003/role/terseLabel"/>
    <link:loc xlink:type="locator" xlink:href="../../c-ross_core_2015-12-31.xsd#c-ross_CapitalInstrumentRedemptionTerms" xlink:label="CapitalInstrumentRedemptionTerms" xlink:title="CapitalInstrumentRedemptionTerms"/>
    <link:presentationArc xlink:type="arc" xlink:arcrole="http://www.xbrl.org/2003/arcrole/parent-child" xlink:from="TableOfCapitalInstrumentLineItems" xlink:to="CapitalInstrumentRedemptionTerms" xlink:title="presentation: TableOfCapitalInstrumentLineItems to CapitalInstrumentRedemptionTerms" use="optional" order="5.0" preferredLabel="http://www.xbrl.org/2003/role/terseLabel"/>
    <link:loc xlink:type="locator" xlink:href="../../c-ross_core_2015-12-31.xsd#c-ross_CapitalInstrumentInterestRateStepUpMechanism" xlink:label="CapitalInstrumentInterestRateStepUpMechanism" xlink:title="CapitalInstrumentInterestRateStepUpMechanism"/>
    <link:presentationArc xlink:type="arc" xlink:arcrole="http://www.xbrl.org/2003/arcrole/parent-child" xlink:from="TableOfCapitalInstrumentLineItems" xlink:to="CapitalInstrumentInterestRateStepUpMechanism" xlink:title="presentation: TableOfCapitalInstrumentLineItems to CapitalInstrumentInterestRateStepUpMechanism" use="optional" order="6.0" preferredLabel="http://www.xbrl.org/2003/role/terseLabel"/>
    <link:loc xlink:type="locator" xlink:href="../../c-ross_core_2015-12-31.xsd#c-ross_CapitalInstrumentLiquidationOrder" xlink:label="CapitalInstrumentLiquidationOrder" xlink:title="CapitalInstrumentLiquidationOrder"/>
    <link:presentationArc xlink:type="arc" xlink:arcrole="http://www.xbrl.org/2003/arcrole/parent-child" xlink:from="TableOfCapitalInstrumentLineItems" xlink:to="CapitalInstrumentLiquidationOrder" xlink:title="presentation: TableOfCapitalInstrumentLineItems to CapitalInstrumentLiquidationOrder" order="7.0" preferredLabel="http://www.xbrl.org/2003/role/terseLabel"/>
    <link:loc xlink:type="locator" xlink:href="../../c-ross_core_2015-12-31.xsd#c-ross_CapitalInstrumentTermsOfReimbursementOfPrincipalAndDistributionOfIncome" xlink:label="CapitalInstrumentTermsOfReimbursementOfPrincipalAndDistributionOfIncome" xlink:title="CapitalInstrumentTermsOfReimbursementOfPrincipalAndDistributionOfIncome"/>
    <link:presentationArc xlink:type="arc" xlink:arcrole="http://www.xbrl.org/2003/arcrole/parent-child" xlink:from="TableOfCapitalInstrumentLineItems" xlink:to="CapitalInstrumentTermsOfReimbursementOfPrincipalAndDistributionOfIncome" xlink:title="presentation: TableOfCapitalInstrumentLineItems to CapitalInstrumentTermsOfReimbursementOfPrincipalAndDistributionOfIncome" order="8.0" preferredLabel="http://www.xbrl.org/2003/role/terseLabel"/>
  </link:presentationLink>
  <link:presentationLink xlink:type="extended" xlink:role="http://xbrl.circ.gov.cn/role/c-ross_2015-12-31_role-3140100a">
    <link:loc xlink:type="locator" xlink:href="../../c-ross_core_2015-12-31.xsd#c-ross_TableOfCapitalInstrumentTable" xlink:label="TableOfCapitalInstrumentTable" xlink:title="TableOfCapitalInstrumentTable"/>
    <link:loc xlink:type="locator" xlink:href="../../c-ross_core_2015-12-31.xsd#c-ross_CapitalInstrumentTypesAxis" xlink:label="CapitalInstrumentTypesAxis" xlink:title="CapitalInstrumentTypesAxis"/>
    <link:presentationArc xlink:type="arc" xlink:arcrole="http://www.xbrl.org/2003/arcrole/parent-child" xlink:from="TableOfCapitalInstrumentTable" xlink:to="CapitalInstrumentTypesAxis" xlink:title="presentation: TableOfCapitalInstrumentTable to CapitalInstrumentTypesAxis" use="optional" order="1.0" preferredLabel="http://www.xbrl.org/2003/role/label"/>
    <link:loc xlink:type="locator" xlink:href="../../c-ross_core_2015-12-31.xsd#c-ross_CapitalInstrumentTypesMember" xlink:label="CapitalInstrumentTypesMember" xlink:title="CapitalInstrumentTypesMember"/>
    <link:presentationArc xlink:type="arc" xlink:arcrole="http://www.xbrl.org/2003/arcrole/parent-child" xlink:from="CapitalInstrumentTypesAxis" xlink:to="CapitalInstrumentTypesMember" xlink:title="presentation: CapitalInstrumentTypesAxis to CapitalInstrumentTypesMember" use="optional" order="1.0" preferredLabel="http://www.xbrl.org/2003/role/label"/>
    <link:loc xlink:type="locator" xlink:href="../../c-ross_core_2015-12-31.xsd#c-ross_CoreTierOneCapitalInstrumentMember" xlink:label="CoreTierOneCapitalInstrumentMember" xlink:title="CoreTierOneCapitalInstrumentMember"/>
    <link:presentationArc xlink:type="arc" xlink:arcrole="http://www.xbrl.org/2003/arcrole/parent-child" xlink:from="CapitalInstrumentTypesMember" xlink:to="CoreTierOneCapitalInstrumentMember" xlink:title="presentation: CapitalInstrumentTypesMember to CoreTierOneCapitalInstrumentMember" use="optional" order="1.0" preferredLabel="http://www.xbrl.org/2003/role/label"/>
    <link:loc xlink:type="locator" xlink:href="../../c-ross_core_2015-12-31.xsd#c-ross_CoreTierOneCapitalInstrumentLineNumberAxis" xlink:label="CapitalInstrumentCoreTierOneCapitalInstrumentLineNumberAxis" xlink:title="CapitalInstrumentCoreTierOneCapitalInstrumentLineNumberAxis"/>
    <link:presentationArc xlink:type="arc" xlink:arcrole="http://www.xbrl.org/2003/arcrole/parent-child" xlink:from="TableOfCapitalInstrumentTable" xlink:to="CapitalInstrumentCoreTierOneCapitalInstrumentLineNumberAxis" xlink:title="presentation: TableOfCapitalInstrumentTable to CapitalInstrumentCoreTierOneCapitalInstrumentLineNumberAxis" use="optional" order="2.0" preferredLabel="http://www.xbrl.org/2003/role/terseLabel"/>
    <link:loc xlink:type="locator" xlink:href="../../c-ross_core_2015-12-31.xsd#c-ross_TableOfCapitalInstrumentLineItems" xlink:label="TableOfCapitalInstrumentLineItems" xlink:title="TableOfCapitalInstrumentLineItems"/>
    <link:loc xlink:type="locator" xlink:href="../../c-ross_core_2015-12-31.xsd#c-ross_CapitalInstrumentName" xlink:label="CapitalInstrumentName" xlink:title="CapitalInstrumentName"/>
    <link:presentationArc xlink:type="arc" xlink:arcrole="http://www.xbrl.org/2003/arcrole/parent-child" xlink:from="TableOfCapitalInstrumentLineItems" xlink:to="CapitalInstrumentName" xlink:title="presentation: TableOfCapitalInstrumentLineItems to CapitalInstrumentName" use="optional" order="1.0" preferredLabel="http://www.xbrl.org/2003/role/label"/>
    <link:loc xlink:type="locator" xlink:href="../../c-ross_core_2015-12-31.xsd#c-ross_CapitalInstrumentIssuedDate" xlink:label="CapitalInstrumentIssuedDate" xlink:title="CapitalInstrumentIssuedDate"/>
    <link:presentationArc xlink:type="arc" xlink:arcrole="http://www.xbrl.org/2003/arcrole/parent-child" xlink:from="TableOfCapitalInstrumentLineItems" xlink:to="CapitalInstrumentIssuedDate" xlink:title="presentation: TableOfCapitalInstrumentLineItems to CapitalInstrumentIssuedDate" use="optional" order="2.0" preferredLabel="http://www.xbrl.org/2003/role/terseLabel"/>
    <link:loc xlink:type="locator" xlink:href="../../c-ross_core_2015-12-31.xsd#c-ross_CapitalInstrumentPeriod" xlink:label="CapitalInstrumentPeriodYear" xlink:title="CapitalInstrumentPeriodYear"/>
    <link:presentationArc xlink:type="arc" xlink:arcrole="http://www.xbrl.org/2003/arcrole/parent-child" xlink:from="TableOfCapitalInstrumentLineItems" xlink:to="CapitalInstrumentPeriodYear" xlink:title="presentation: TableOfCapitalInstrumentLineItems to CapitalInstrumentPeriodYear" use="optional" order="4.0" preferredLabel="http://www.xbrl.org/2003/role/terseLabel"/>
    <link:loc xlink:type="locator" xlink:href="../../c-ross_core_2015-12-31.xsd#c-ross_CapitalInstrumentIssuedAmount" xlink:label="CapitalInstrumentIssuedAmount" xlink:title="CapitalInstrumentIssuedAmount"/>
    <link:presentationArc xlink:type="arc" xlink:arcrole="http://www.xbrl.org/2003/arcrole/parent-child" xlink:from="TableOfCapitalInstrumentLineItems" xlink:to="CapitalInstrumentIssuedAmount" xlink:title="presentation: TableOfCapitalInstrumentLineItems to CapitalInstrumentIssuedAmount" use="optional" order="3.0" preferredLabel="http://www.xbrl.org/2003/role/terseLabel"/>
    <link:loc xlink:type="locator" xlink:href="../../c-ross_core_2015-12-31.xsd#c-ross_CapitalInstrumentRedemptionTerms" xlink:label="CapitalInstrumentRedemptionTerms" xlink:title="CapitalInstrumentRedemptionTerms"/>
    <link:presentationArc xlink:type="arc" xlink:arcrole="http://www.xbrl.org/2003/arcrole/parent-child" xlink:from="TableOfCapitalInstrumentLineItems" xlink:to="CapitalInstrumentRedemptionTerms" xlink:title="presentation: TableOfCapitalInstrumentLineItems to CapitalInstrumentRedemptionTerms" use="optional" order="5.0" preferredLabel="http://www.xbrl.org/2003/role/terseLabel"/>
    <link:loc xlink:type="locator" xlink:href="../../c-ross_core_2015-12-31.xsd#c-ross_CapitalInstrumentInterestRateStepUpMechanism" xlink:label="CapitalInstrumentInterestRateStepUpMechanism" xlink:title="CapitalInstrumentInterestRateStepUpMechanism"/>
    <link:presentationArc xlink:type="arc" xlink:arcrole="http://www.xbrl.org/2003/arcrole/parent-child" xlink:from="TableOfCapitalInstrumentLineItems" xlink:to="CapitalInstrumentInterestRateStepUpMechanism" xlink:title="presentation: TableOfCapitalInstrumentLineItems to CapitalInstrumentInterestRateStepUpMechanism" use="optional" order="6.0" preferredLabel="http://www.xbrl.org/2003/role/terseLabel"/>
    <link:loc xlink:type="locator" xlink:href="../../c-ross_core_2015-12-31.xsd#c-ross_CapitalInstrumentLiquidationOrder" xlink:label="CapitalInstrumentLiquidationOrder" xlink:title="CapitalInstrumentLiquidationOrder"/>
    <link:presentationArc xlink:type="arc" xlink:arcrole="http://www.xbrl.org/2003/arcrole/parent-child" xlink:from="TableOfCapitalInstrumentLineItems" xlink:to="CapitalInstrumentLiquidationOrder" xlink:title="presentation: TableOfCapitalInstrumentLineItems to CapitalInstrumentLiquidationOrder" order="7.0" preferredLabel="http://www.xbrl.org/2003/role/terseLabel"/>
    <link:loc xlink:type="locator" xlink:href="../../c-ross_core_2015-12-31.xsd#c-ross_CapitalInstrumentTermsOfReimbursementOfPrincipalAndDistributionOfIncome" xlink:label="CapitalInstrumentTermsOfReimbursementOfPrincipalAndDistributionOfIncome" xlink:title="CapitalInstrumentTermsOfReimbursementOfPrincipalAndDistributionOfIncome"/>
    <link:presentationArc xlink:type="arc" xlink:arcrole="http://www.xbrl.org/2003/arcrole/parent-child" xlink:from="TableOfCapitalInstrumentLineItems" xlink:to="CapitalInstrumentTermsOfReimbursementOfPrincipalAndDistributionOfIncome" xlink:title="presentation: TableOfCapitalInstrumentLineItems to CapitalInstrumentTermsOfReimbursementOfPrincipalAndDistributionOfIncome" order="8.0" preferredLabel="http://www.xbrl.org/2003/role/terseLabel"/>
    <link:loc xlink:type="locator" xlink:href="../../c-ross_core_2015-12-31.xsd#c-ross_TableOfCapitalInstrumentCoreTierOneCapitalInstrumentAbstract" xlink:label="TableOfCapitalInstrumentCoreTierOneCapitalInstrumentAbstract" xlink:title="TableOfCapitalInstrumentCoreTierOneCapitalInstrumentAbstract"/>
    <link:presentationArc xlink:type="arc" xlink:arcrole="http://www.xbrl.org/2003/arcrole/parent-child" xlink:from="TableOfCapitalInstrumentCoreTierOneCapitalInstrumentAbstract" xlink:to="TableOfCapitalInstrumentTable" xlink:title="presentation: TableOfCapitalInstrumentCoreTierOneCapitalInstrumentAbstract to TableOfCapitalInstrumentTable" use="optional" order="1.0" preferredLabel="http://www.xbrl.org/2003/role/label"/>
    <link:presentationArc xlink:type="arc" xlink:arcrole="http://www.xbrl.org/2003/arcrole/parent-child" xlink:from="TableOfCapitalInstrumentCoreTierOneCapitalInstrumentAbstract" xlink:to="TableOfCapitalInstrumentLineItems" xlink:title="presentation: TableOfCapitalInstrumentCoreTierOneCapitalInstrumentAbstract to TableOfCapitalInstrumentLineItems" use="optional" order="2.0" preferredLabel="http://www.xbrl.org/2003/role/label"/>
  </link:presentationLink>
  <link:presentationLink xlink:type="extended" xlink:role="http://xbrl.circ.gov.cn/role/c-ross_2015-12-31_role-3140100b">
    <link:loc xlink:type="locator" xlink:href="../../c-ross_core_2015-12-31.xsd#c-ross_TableOfCapitalInstrumentTable" xlink:label="TableOfCapitalInstrumentTable" xlink:title="TableOfCapitalInstrumentTable"/>
    <link:loc xlink:type="locator" xlink:href="../../c-ross_core_2015-12-31.xsd#c-ross_CapitalInstrumentTypesAxis" xlink:label="CapitalInstrumentTypesAxis" xlink:title="CapitalInstrumentTypesAxis"/>
    <link:presentationArc xlink:type="arc" xlink:arcrole="http://www.xbrl.org/2003/arcrole/parent-child" xlink:from="TableOfCapitalInstrumentTable" xlink:to="CapitalInstrumentTypesAxis" xlink:title="presentation: TableOfCapitalInstrumentTable to CapitalInstrumentTypesAxis" use="optional" order="1.0" preferredLabel="http://www.xbrl.org/2003/role/label"/>
    <link:loc xlink:type="locator" xlink:href="../../c-ross_core_2015-12-31.xsd#c-ross_CapitalInstrumentTypesMember" xlink:label="CapitalInstrumentTypesMember" xlink:title="CapitalInstrumentTypesMember"/>
    <link:presentationArc xlink:type="arc" xlink:arcrole="http://www.xbrl.org/2003/arcrole/parent-child" xlink:from="CapitalInstrumentTypesAxis" xlink:to="CapitalInstrumentTypesMember" xlink:title="presentation: CapitalInstrumentTypesAxis to CapitalInstrumentTypesMember" use="optional" order="1.0" preferredLabel="http://www.xbrl.org/2003/role/label"/>
    <link:loc xlink:type="locator" xlink:href="../../c-ross_core_2015-12-31.xsd#c-ross_CoreTierTwoCapitalInstrumentMember" xlink:label="CoreTierTwoCapitalInstrumentMember" xlink:title="CoreTierTwoCapitalInstrumentMember"/>
    <link:presentationArc xlink:type="arc" xlink:arcrole="http://www.xbrl.org/2003/arcrole/parent-child" xlink:from="CapitalInstrumentTypesMember" xlink:to="CoreTierTwoCapitalInstrumentMember" xlink:title="presentation: CapitalInstrumentTypesMember to CoreTierTwoCapitalInstrumentMember" use="optional" order="1.0" preferredLabel="http://www.xbrl.org/2003/role/label"/>
    <link:loc xlink:type="locator" xlink:href="../../c-ross_core_2015-12-31.xsd#c-ross_CoreTierTwoCapitalInstrumentLineNumberAxis" xlink:label="CapitalInstrumentCoreTierTwoCapitalInstrumentLineNumberAxis" xlink:title="CapitalInstrumentCoreTierTwoCapitalInstrumentLineNumberAxis"/>
    <link:presentationArc xlink:type="arc" xlink:arcrole="http://www.xbrl.org/2003/arcrole/parent-child" xlink:from="TableOfCapitalInstrumentTable" xlink:to="CapitalInstrumentCoreTierTwoCapitalInstrumentLineNumberAxis" xlink:title="presentation: TableOfCapitalInstrumentTable to CapitalInstrumentCoreTierTwoCapitalInstrumentLineNumberAxis" use="optional" order="2.0" preferredLabel="http://www.xbrl.org/2003/role/terseLabel"/>
    <link:loc xlink:type="locator" xlink:href="../../c-ross_core_2015-12-31.xsd#c-ross_TableOfCapitalInstrumentLineItems" xlink:label="TableOfCapitalInstrumentLineItems" xlink:title="TableOfCapitalInstrumentLineItems"/>
    <link:loc xlink:type="locator" xlink:href="../../c-ross_core_2015-12-31.xsd#c-ross_CapitalInstrumentName" xlink:label="CapitalInstrumentName" xlink:title="CapitalInstrumentName"/>
    <link:presentationArc xlink:type="arc" xlink:arcrole="http://www.xbrl.org/2003/arcrole/parent-child" xlink:from="TableOfCapitalInstrumentLineItems" xlink:to="CapitalInstrumentName" xlink:title="presentation: TableOfCapitalInstrumentLineItems to CapitalInstrumentName" use="optional" order="1.0" preferredLabel="http://www.xbrl.org/2003/role/label"/>
    <link:loc xlink:type="locator" xlink:href="../../c-ross_core_2015-12-31.xsd#c-ross_CapitalInstrumentIssuedDate" xlink:label="CapitalInstrumentIssuedDate" xlink:title="CapitalInstrumentIssuedDate"/>
    <link:presentationArc xlink:type="arc" xlink:arcrole="http://www.xbrl.org/2003/arcrole/parent-child" xlink:from="TableOfCapitalInstrumentLineItems" xlink:to="CapitalInstrumentIssuedDate" xlink:title="presentation: TableOfCapitalInstrumentLineItems to CapitalInstrumentIssuedDate" use="optional" order="2.0" preferredLabel="http://www.xbrl.org/2003/role/terseLabel"/>
    <link:loc xlink:type="locator" xlink:href="../../c-ross_core_2015-12-31.xsd#c-ross_CapitalInstrumentPeriod" xlink:label="CapitalInstrumentPeriodYear" xlink:title="CapitalInstrumentPeriodYear"/>
    <link:presentationArc xlink:type="arc" xlink:arcrole="http://www.xbrl.org/2003/arcrole/parent-child" xlink:from="TableOfCapitalInstrumentLineItems" xlink:to="CapitalInstrumentPeriodYear" xlink:title="presentation: TableOfCapitalInstrumentLineItems to CapitalInstrumentPeriodYear" use="optional" order="4.0" preferredLabel="http://www.xbrl.org/2003/role/terseLabel"/>
    <link:loc xlink:type="locator" xlink:href="../../c-ross_core_2015-12-31.xsd#c-ross_CapitalInstrumentIssuedAmount" xlink:label="CapitalInstrumentIssuedAmount" xlink:title="CapitalInstrumentIssuedAmount"/>
    <link:presentationArc xlink:type="arc" xlink:arcrole="http://www.xbrl.org/2003/arcrole/parent-child" xlink:from="TableOfCapitalInstrumentLineItems" xlink:to="CapitalInstrumentIssuedAmount" xlink:title="presentation: TableOfCapitalInstrumentLineItems to CapitalInstrumentIssuedAmount" use="optional" order="3.0" preferredLabel="http://www.xbrl.org/2003/role/terseLabel"/>
    <link:loc xlink:type="locator" xlink:href="../../c-ross_core_2015-12-31.xsd#c-ross_CapitalInstrumentRedemptionTerms" xlink:label="CapitalInstrumentRedemptionTerms" xlink:title="CapitalInstrumentRedemptionTerms"/>
    <link:presentationArc xlink:type="arc" xlink:arcrole="http://www.xbrl.org/2003/arcrole/parent-child" xlink:from="TableOfCapitalInstrumentLineItems" xlink:to="CapitalInstrumentRedemptionTerms" xlink:title="presentation: TableOfCapitalInstrumentLineItems to CapitalInstrumentRedemptionTerms" use="optional" order="5.0" preferredLabel="http://www.xbrl.org/2003/role/terseLabel"/>
    <link:loc xlink:type="locator" xlink:href="../../c-ross_core_2015-12-31.xsd#c-ross_CapitalInstrumentInterestRateStepUpMechanism" xlink:label="CapitalInstrumentInterestRateStepUpMechanism" xlink:title="CapitalInstrumentInterestRateStepUpMechanism"/>
    <link:presentationArc xlink:type="arc" xlink:arcrole="http://www.xbrl.org/2003/arcrole/parent-child" xlink:from="TableOfCapitalInstrumentLineItems" xlink:to="CapitalInstrumentInterestRateStepUpMechanism" xlink:title="presentation: TableOfCapitalInstrumentLineItems to CapitalInstrumentInterestRateStepUpMechanism" use="optional" order="6.0" preferredLabel="http://www.xbrl.org/2003/role/terseLabel"/>
    <link:loc xlink:type="locator" xlink:href="../../c-ross_core_2015-12-31.xsd#c-ross_CapitalInstrumentLiquidationOrder" xlink:label="CapitalInstrumentLiquidationOrder" xlink:title="CapitalInstrumentLiquidationOrder"/>
    <link:presentationArc xlink:type="arc" xlink:arcrole="http://www.xbrl.org/2003/arcrole/parent-child" xlink:from="TableOfCapitalInstrumentLineItems" xlink:to="CapitalInstrumentLiquidationOrder" xlink:title="presentation: TableOfCapitalInstrumentLineItems to CapitalInstrumentLiquidationOrder" order="7.0" preferredLabel="http://www.xbrl.org/2003/role/terseLabel"/>
    <link:loc xlink:type="locator" xlink:href="../../c-ross_core_2015-12-31.xsd#c-ross_CapitalInstrumentTermsOfReimbursementOfPrincipalAndDistributionOfIncome" xlink:label="CapitalInstrumentTermsOfReimbursementOfPrincipalAndDistributionOfIncome" xlink:title="CapitalInstrumentTermsOfReimbursementOfPrincipalAndDistributionOfIncome"/>
    <link:presentationArc xlink:type="arc" xlink:arcrole="http://www.xbrl.org/2003/arcrole/parent-child" xlink:from="TableOfCapitalInstrumentLineItems" xlink:to="CapitalInstrumentTermsOfReimbursementOfPrincipalAndDistributionOfIncome" xlink:title="presentation: TableOfCapitalInstrumentLineItems to CapitalInstrumentTermsOfReimbursementOfPrincipalAndDistributionOfIncome" order="8.0" preferredLabel="http://www.xbrl.org/2003/role/terseLabel"/>
    <link:loc xlink:type="locator" xlink:href="../../c-ross_core_2015-12-31.xsd#c-ross_TableOfCapitalInstrumentCoreTierTwoCapitalInstrumentAbstract" xlink:label="TableOfCapitalInstrumentCoreTierTwoCapitalInstrumentAbstract" xlink:title="TableOfCapitalInstrumentCoreTierTwoCapitalInstrumentAbstract"/>
    <link:presentationArc xlink:type="arc" xlink:arcrole="http://www.xbrl.org/2003/arcrole/parent-child" xlink:from="TableOfCapitalInstrumentCoreTierTwoCapitalInstrumentAbstract" xlink:to="TableOfCapitalInstrumentTable" xlink:title="presentation: TableOfCapitalInstrumentCoreTierTwoCapitalInstrumentAbstract to TableOfCapitalInstrumentTable" use="optional" order="1.0" preferredLabel="http://www.xbrl.org/2003/role/label"/>
    <link:presentationArc xlink:type="arc" xlink:arcrole="http://www.xbrl.org/2003/arcrole/parent-child" xlink:from="TableOfCapitalInstrumentCoreTierTwoCapitalInstrumentAbstract" xlink:to="TableOfCapitalInstrumentLineItems" xlink:title="presentation: TableOfCapitalInstrumentCoreTierTwoCapitalInstrumentAbstract to TableOfCapitalInstrumentLineItems" use="optional" order="2.0" preferredLabel="http://www.xbrl.org/2003/role/label"/>
  </link:presentationLink>
  <link:presentationLink xlink:type="extended" xlink:role="http://xbrl.circ.gov.cn/role/c-ross_2015-12-31_role-3140100c">
    <link:loc xlink:type="locator" xlink:href="../../c-ross_core_2015-12-31.xsd#c-ross_TableOfCapitalInstrumentTable" xlink:label="TableOfCapitalInstrumentTable" xlink:title="TableOfCapitalInstrumentTable"/>
    <link:loc xlink:type="locator" xlink:href="../../c-ross_core_2015-12-31.xsd#c-ross_CapitalInstrumentTypesAxis" xlink:label="CapitalInstrumentTypesAxis" xlink:title="CapitalInstrumentTypesAxis"/>
    <link:presentationArc xlink:type="arc" xlink:arcrole="http://www.xbrl.org/2003/arcrole/parent-child" xlink:from="TableOfCapitalInstrumentTable" xlink:to="CapitalInstrumentTypesAxis" xlink:title="presentation: TableOfCapitalInstrumentTable to CapitalInstrumentTypesAxis" use="optional" order="1.0" preferredLabel="http://www.xbrl.org/2003/role/label"/>
    <link:loc xlink:type="locator" xlink:href="../../c-ross_core_2015-12-31.xsd#c-ross_CapitalInstrumentTypesMember" xlink:label="CapitalInstrumentTypesMember" xlink:title="CapitalInstrumentTypesMember"/>
    <link:presentationArc xlink:type="arc" xlink:arcrole="http://www.xbrl.org/2003/arcrole/parent-child" xlink:from="CapitalInstrumentTypesAxis" xlink:to="CapitalInstrumentTypesMember" xlink:title="presentation: CapitalInstrumentTypesAxis to CapitalInstrumentTypesMember" use="optional" order="1.0" preferredLabel="http://www.xbrl.org/2003/role/label"/>
    <link:loc xlink:type="locator" xlink:href="../../c-ross_core_2015-12-31.xsd#c-ross_SupplementaryTierOneCapitalInstrumentMember" xlink:label="SupplementaryTierOneCapitalInstrumentMember" xlink:title="SupplementaryTierOneCapitalInstrumentMember"/>
    <link:presentationArc xlink:type="arc" xlink:arcrole="http://www.xbrl.org/2003/arcrole/parent-child" xlink:from="CapitalInstrumentTypesMember" xlink:to="SupplementaryTierOneCapitalInstrumentMember" xlink:title="presentation: CapitalInstrumentTypesMember to SupplementaryTierOneCapitalInstrumentMember" use="optional" order="1.0" preferredLabel="http://www.xbrl.org/2003/role/label"/>
    <link:loc xlink:type="locator" xlink:href="../../c-ross_core_2015-12-31.xsd#c-ross_SupplementaryTierOneCapitalInstrumentLineNumberAxis" xlink:label="CapitalInstrumentSupplementaryTierOneCapitalInstrumentLineNumberAxis" xlink:title="CapitalInstrumentSupplementaryTierOneCapitalInstrumentLineNumberAxis"/>
    <link:presentationArc xlink:type="arc" xlink:arcrole="http://www.xbrl.org/2003/arcrole/parent-child" xlink:from="TableOfCapitalInstrumentTable" xlink:to="CapitalInstrumentSupplementaryTierOneCapitalInstrumentLineNumberAxis" xlink:title="presentation: TableOfCapitalInstrumentTable to CapitalInstrumentSupplementaryTierOneCapitalInstrumentLineNumberAxis" use="optional" order="2.0" preferredLabel="http://www.xbrl.org/2003/role/terseLabel"/>
    <link:loc xlink:type="locator" xlink:href="../../c-ross_core_2015-12-31.xsd#c-ross_TableOfCapitalInstrumentLineItems" xlink:label="TableOfCapitalInstrumentLineItems" xlink:title="TableOfCapitalInstrumentLineItems"/>
    <link:loc xlink:type="locator" xlink:href="../../c-ross_core_2015-12-31.xsd#c-ross_CapitalInstrumentName" xlink:label="CapitalInstrumentName" xlink:title="CapitalInstrumentName"/>
    <link:presentationArc xlink:type="arc" xlink:arcrole="http://www.xbrl.org/2003/arcrole/parent-child" xlink:from="TableOfCapitalInstrumentLineItems" xlink:to="CapitalInstrumentName" xlink:title="presentation: TableOfCapitalInstrumentLineItems to CapitalInstrumentName" use="optional" order="1.0" preferredLabel="http://www.xbrl.org/2003/role/label"/>
    <link:loc xlink:type="locator" xlink:href="../../c-ross_core_2015-12-31.xsd#c-ross_CapitalInstrumentIssuedDate" xlink:label="CapitalInstrumentIssuedDate" xlink:title="CapitalInstrumentIssuedDate"/>
    <link:presentationArc xlink:type="arc" xlink:arcrole="http://www.xbrl.org/2003/arcrole/parent-child" xlink:from="TableOfCapitalInstrumentLineItems" xlink:to="CapitalInstrumentIssuedDate" xlink:title="presentation: TableOfCapitalInstrumentLineItems to CapitalInstrumentIssuedDate" use="optional" order="2.0" preferredLabel="http://www.xbrl.org/2003/role/terseLabel"/>
    <link:loc xlink:type="locator" xlink:href="../../c-ross_core_2015-12-31.xsd#c-ross_CapitalInstrumentPeriod" xlink:label="CapitalInstrumentPeriodYear" xlink:title="CapitalInstrumentPeriodYear"/>
    <link:presentationArc xlink:type="arc" xlink:arcrole="http://www.xbrl.org/2003/arcrole/parent-child" xlink:from="TableOfCapitalInstrumentLineItems" xlink:to="CapitalInstrumentPeriodYear" xlink:title="presentation: TableOfCapitalInstrumentLineItems to CapitalInstrumentPeriodYear" use="optional" order="4.0" preferredLabel="http://www.xbrl.org/2003/role/terseLabel"/>
    <link:loc xlink:type="locator" xlink:href="../../c-ross_core_2015-12-31.xsd#c-ross_CapitalInstrumentIssuedAmount" xlink:label="CapitalInstrumentIssuedAmount" xlink:title="CapitalInstrumentIssuedAmount"/>
    <link:presentationArc xlink:type="arc" xlink:arcrole="http://www.xbrl.org/2003/arcrole/parent-child" xlink:from="TableOfCapitalInstrumentLineItems" xlink:to="CapitalInstrumentIssuedAmount" xlink:title="presentation: TableOfCapitalInstrumentLineItems to CapitalInstrumentIssuedAmount" use="optional" order="3.0" preferredLabel="http://www.xbrl.org/2003/role/terseLabel"/>
    <link:loc xlink:type="locator" xlink:href="../../c-ross_core_2015-12-31.xsd#c-ross_CapitalInstrumentRedemptionTerms" xlink:label="CapitalInstrumentRedemptionTerms" xlink:title="CapitalInstrumentRedemptionTerms"/>
    <link:presentationArc xlink:type="arc" xlink:arcrole="http://www.xbrl.org/2003/arcrole/parent-child" xlink:from="TableOfCapitalInstrumentLineItems" xlink:to="CapitalInstrumentRedemptionTerms" xlink:title="presentation: TableOfCapitalInstrumentLineItems to CapitalInstrumentRedemptionTerms" use="optional" order="5.0" preferredLabel="http://www.xbrl.org/2003/role/terseLabel"/>
    <link:loc xlink:type="locator" xlink:href="../../c-ross_core_2015-12-31.xsd#c-ross_CapitalInstrumentInterestRateStepUpMechanism" xlink:label="CapitalInstrumentInterestRateStepUpMechanism" xlink:title="CapitalInstrumentInterestRateStepUpMechanism"/>
    <link:presentationArc xlink:type="arc" xlink:arcrole="http://www.xbrl.org/2003/arcrole/parent-child" xlink:from="TableOfCapitalInstrumentLineItems" xlink:to="CapitalInstrumentInterestRateStepUpMechanism" xlink:title="presentation: TableOfCapitalInstrumentLineItems to CapitalInstrumentInterestRateStepUpMechanism" use="optional" order="6.0" preferredLabel="http://www.xbrl.org/2003/role/terseLabel"/>
    <link:loc xlink:type="locator" xlink:href="../../c-ross_core_2015-12-31.xsd#c-ross_CapitalInstrumentLiquidationOrder" xlink:label="CapitalInstrumentLiquidationOrder" xlink:title="CapitalInstrumentLiquidationOrder"/>
    <link:presentationArc xlink:type="arc" xlink:arcrole="http://www.xbrl.org/2003/arcrole/parent-child" xlink:from="TableOfCapitalInstrumentLineItems" xlink:to="CapitalInstrumentLiquidationOrder" xlink:title="presentation: TableOfCapitalInstrumentLineItems to CapitalInstrumentLiquidationOrder" order="7.0" preferredLabel="http://www.xbrl.org/2003/role/terseLabel"/>
    <link:loc xlink:type="locator" xlink:href="../../c-ross_core_2015-12-31.xsd#c-ross_CapitalInstrumentTermsOfReimbursementOfPrincipalAndDistributionOfIncome" xlink:label="CapitalInstrumentTermsOfReimbursementOfPrincipalAndDistributionOfIncome" xlink:title="CapitalInstrumentTermsOfReimbursementOfPrincipalAndDistributionOfIncome"/>
    <link:presentationArc xlink:type="arc" xlink:arcrole="http://www.xbrl.org/2003/arcrole/parent-child" xlink:from="TableOfCapitalInstrumentLineItems" xlink:to="CapitalInstrumentTermsOfReimbursementOfPrincipalAndDistributionOfIncome" xlink:title="presentation: TableOfCapitalInstrumentLineItems to CapitalInstrumentTermsOfReimbursementOfPrincipalAndDistributionOfIncome" order="8.0" preferredLabel="http://www.xbrl.org/2003/role/terseLabel"/>
    <link:loc xlink:type="locator" xlink:href="../../c-ross_core_2015-12-31.xsd#c-ross_TableOfCapitalInstrumentSupplementaryTierOneCapitalInstrumentAbstract" xlink:label="TableOfCapitalInstrumentSupplementaryTierOneCapitalInstrumentAbstract" xlink:title="TableOfCapitalInstrumentSupplementaryTierOneCapitalInstrumentAbstract"/>
    <link:presentationArc xlink:type="arc" xlink:arcrole="http://www.xbrl.org/2003/arcrole/parent-child" xlink:from="TableOfCapitalInstrumentSupplementaryTierOneCapitalInstrumentAbstract" xlink:to="TableOfCapitalInstrumentTable" xlink:title="presentation: TableOfCapitalInstrumentSupplementaryTierOneCapitalInstrumentAbstract to TableOfCapitalInstrumentTable" use="optional" order="1.0" preferredLabel="http://www.xbrl.org/2003/role/label"/>
    <link:presentationArc xlink:type="arc" xlink:arcrole="http://www.xbrl.org/2003/arcrole/parent-child" xlink:from="TableOfCapitalInstrumentSupplementaryTierOneCapitalInstrumentAbstract" xlink:to="TableOfCapitalInstrumentLineItems" xlink:title="presentation: TableOfCapitalInstrumentSupplementaryTierOneCapitalInstrumentAbstract to TableOfCapitalInstrumentLineItems" use="optional" order="2.0" preferredLabel="http://www.xbrl.org/2003/role/label"/>
  </link:presentationLink>
  <link:presentationLink xlink:type="extended" xlink:role="http://xbrl.circ.gov.cn/role/c-ross_2015-12-31_role-3140100d">
    <link:loc xlink:type="locator" xlink:href="../../c-ross_core_2015-12-31.xsd#c-ross_TableOfCapitalInstrumentTable" xlink:label="TableOfCapitalInstrumentTable" xlink:title="TableOfCapitalInstrumentTable"/>
    <link:loc xlink:type="locator" xlink:href="../../c-ross_core_2015-12-31.xsd#c-ross_CapitalInstrumentTypesAxis" xlink:label="CapitalInstrumentTypesAxis" xlink:title="CapitalInstrumentTypesAxis"/>
    <link:presentationArc xlink:type="arc" xlink:arcrole="http://www.xbrl.org/2003/arcrole/parent-child" xlink:from="TableOfCapitalInstrumentTable" xlink:to="CapitalInstrumentTypesAxis" xlink:title="presentation: TableOfCapitalInstrumentTable to CapitalInstrumentTypesAxis" use="optional" order="1.0" preferredLabel="http://www.xbrl.org/2003/role/label"/>
    <link:loc xlink:type="locator" xlink:href="../../c-ross_core_2015-12-31.xsd#c-ross_CapitalInstrumentTypesMember" xlink:label="CapitalInstrumentTypesMember" xlink:title="CapitalInstrumentTypesMember"/>
    <link:presentationArc xlink:type="arc" xlink:arcrole="http://www.xbrl.org/2003/arcrole/parent-child" xlink:from="CapitalInstrumentTypesAxis" xlink:to="CapitalInstrumentTypesMember" xlink:title="presentation: CapitalInstrumentTypesAxis to CapitalInstrumentTypesMember" use="optional" order="1.0" preferredLabel="http://www.xbrl.org/2003/role/label"/>
    <link:loc xlink:type="locator" xlink:href="../../c-ross_core_2015-12-31.xsd#c-ross_SupplementaryTierTwoCapitalInstrumentMember" xlink:label="SupplementaryTierTwoCapitalInstrumentMember" xlink:title="SupplementaryTierTwoCapitalInstrumentMember"/>
    <link:presentationArc xlink:type="arc" xlink:arcrole="http://www.xbrl.org/2003/arcrole/parent-child" xlink:from="CapitalInstrumentTypesMember" xlink:to="SupplementaryTierTwoCapitalInstrumentMember" xlink:title="presentation: CapitalInstrumentTypesMember to SupplementaryTierTwoCapitalInstrumentMember" use="optional" order="1.0" preferredLabel="http://www.xbrl.org/2003/role/label"/>
    <link:loc xlink:type="locator" xlink:href="../../c-ross_core_2015-12-31.xsd#c-ross_SupplementaryTierTwoCapitalInstrumentLineNumberAxis" xlink:label="CapitalInstrumentSupplementaryTierTwoCapitalInstrumentLineNumberAxis" xlink:title="CapitalInstrumentSupplementaryTierTwoCapitalInstrumentLineNumberAxis"/>
    <link:presentationArc xlink:type="arc" xlink:arcrole="http://www.xbrl.org/2003/arcrole/parent-child" xlink:from="TableOfCapitalInstrumentTable" xlink:to="CapitalInstrumentSupplementaryTierTwoCapitalInstrumentLineNumberAxis" xlink:title="presentation: TableOfCapitalInstrumentTable to CapitalInstrumentSupplementaryTierTwoCapitalInstrumentLineNumberAxis" use="optional" order="2.0" preferredLabel="http://www.xbrl.org/2003/role/terseLabel"/>
    <link:loc xlink:type="locator" xlink:href="../../c-ross_core_2015-12-31.xsd#c-ross_TableOfCapitalInstrumentLineItems" xlink:label="TableOfCapitalInstrumentLineItems" xlink:title="TableOfCapitalInstrumentLineItems"/>
    <link:loc xlink:type="locator" xlink:href="../../c-ross_core_2015-12-31.xsd#c-ross_CapitalInstrumentName" xlink:label="CapitalInstrumentName" xlink:title="CapitalInstrumentName"/>
    <link:presentationArc xlink:type="arc" xlink:arcrole="http://www.xbrl.org/2003/arcrole/parent-child" xlink:from="TableOfCapitalInstrumentLineItems" xlink:to="CapitalInstrumentName" xlink:title="presentation: TableOfCapitalInstrumentLineItems to CapitalInstrumentName" use="optional" order="1.0" preferredLabel="http://www.xbrl.org/2003/role/label"/>
    <link:loc xlink:type="locator" xlink:href="../../c-ross_core_2015-12-31.xsd#c-ross_CapitalInstrumentIssuedDate" xlink:label="CapitalInstrumentIssuedDate" xlink:title="CapitalInstrumentIssuedDate"/>
    <link:presentationArc xlink:type="arc" xlink:arcrole="http://www.xbrl.org/2003/arcrole/parent-child" xlink:from="TableOfCapitalInstrumentLineItems" xlink:to="CapitalInstrumentIssuedDate" xlink:title="presentation: TableOfCapitalInstrumentLineItems to CapitalInstrumentIssuedDate" use="optional" order="2.0" preferredLabel="http://www.xbrl.org/2003/role/terseLabel"/>
    <link:loc xlink:type="locator" xlink:href="../../c-ross_core_2015-12-31.xsd#c-ross_CapitalInstrumentPeriod" xlink:label="CapitalInstrumentPeriodYear" xlink:title="CapitalInstrumentPeriodYear"/>
    <link:presentationArc xlink:type="arc" xlink:arcrole="http://www.xbrl.org/2003/arcrole/parent-child" xlink:from="TableOfCapitalInstrumentLineItems" xlink:to="CapitalInstrumentPeriodYear" xlink:title="presentation: TableOfCapitalInstrumentLineItems to CapitalInstrumentPeriodYear" use="optional" order="4.0" preferredLabel="http://www.xbrl.org/2003/role/terseLabel"/>
    <link:loc xlink:type="locator" xlink:href="../../c-ross_core_2015-12-31.xsd#c-ross_CapitalInstrumentIssuedAmount" xlink:label="CapitalInstrumentIssuedAmount" xlink:title="CapitalInstrumentIssuedAmount"/>
    <link:presentationArc xlink:type="arc" xlink:arcrole="http://www.xbrl.org/2003/arcrole/parent-child" xlink:from="TableOfCapitalInstrumentLineItems" xlink:to="CapitalInstrumentIssuedAmount" xlink:title="presentation: TableOfCapitalInstrumentLineItems to CapitalInstrumentIssuedAmount" use="optional" order="3.0" preferredLabel="http://www.xbrl.org/2003/role/terseLabel"/>
    <link:loc xlink:type="locator" xlink:href="../../c-ross_core_2015-12-31.xsd#c-ross_CapitalInstrumentRedemptionTerms" xlink:label="CapitalInstrumentRedemptionTerms" xlink:title="CapitalInstrumentRedemptionTerms"/>
    <link:presentationArc xlink:type="arc" xlink:arcrole="http://www.xbrl.org/2003/arcrole/parent-child" xlink:from="TableOfCapitalInstrumentLineItems" xlink:to="CapitalInstrumentRedemptionTerms" xlink:title="presentation: TableOfCapitalInstrumentLineItems to CapitalInstrumentRedemptionTerms" use="optional" order="5.0" preferredLabel="http://www.xbrl.org/2003/role/terseLabel"/>
    <link:loc xlink:type="locator" xlink:href="../../c-ross_core_2015-12-31.xsd#c-ross_CapitalInstrumentInterestRateStepUpMechanism" xlink:label="CapitalInstrumentInterestRateStepUpMechanism" xlink:title="CapitalInstrumentInterestRateStepUpMechanism"/>
    <link:presentationArc xlink:type="arc" xlink:arcrole="http://www.xbrl.org/2003/arcrole/parent-child" xlink:from="TableOfCapitalInstrumentLineItems" xlink:to="CapitalInstrumentInterestRateStepUpMechanism" xlink:title="presentation: TableOfCapitalInstrumentLineItems to CapitalInstrumentInterestRateStepUpMechanism" use="optional" order="6.0" preferredLabel="http://www.xbrl.org/2003/role/terseLabel"/>
    <link:loc xlink:type="locator" xlink:href="../../c-ross_core_2015-12-31.xsd#c-ross_CapitalInstrumentLiquidationOrder" xlink:label="CapitalInstrumentLiquidationOrder" xlink:title="CapitalInstrumentLiquidationOrder"/>
    <link:presentationArc xlink:type="arc" xlink:arcrole="http://www.xbrl.org/2003/arcrole/parent-child" xlink:from="TableOfCapitalInstrumentLineItems" xlink:to="CapitalInstrumentLiquidationOrder" xlink:title="presentation: TableOfCapitalInstrumentLineItems to CapitalInstrumentLiquidationOrder" order="7.0" preferredLabel="http://www.xbrl.org/2003/role/terseLabel"/>
    <link:loc xlink:type="locator" xlink:href="../../c-ross_core_2015-12-31.xsd#c-ross_CapitalInstrumentTermsOfReimbursementOfPrincipalAndDistributionOfIncome" xlink:label="CapitalInstrumentTermsOfReimbursementOfPrincipalAndDistributionOfIncome" xlink:title="CapitalInstrumentTermsOfReimbursementOfPrincipalAndDistributionOfIncome"/>
    <link:presentationArc xlink:type="arc" xlink:arcrole="http://www.xbrl.org/2003/arcrole/parent-child" xlink:from="TableOfCapitalInstrumentLineItems" xlink:to="CapitalInstrumentTermsOfReimbursementOfPrincipalAndDistributionOfIncome" xlink:title="presentation: TableOfCapitalInstrumentLineItems to CapitalInstrumentTermsOfReimbursementOfPrincipalAndDistributionOfIncome" order="8.0" preferredLabel="http://www.xbrl.org/2003/role/terseLabel"/>
    <link:loc xlink:type="locator" xlink:href="../../c-ross_core_2015-12-31.xsd#c-ross_TableOfCapitalInstrumentSupplementaryTierTwoCapitalInstrumentAbstract" xlink:label="TableOfCapitalInstrumentSupplementaryTierTwoCapitalInstrumentAbstract" xlink:title="TableOfCapitalInstrumentSupplementaryTierTwoCapitalInstrumentAbstract"/>
    <link:presentationArc xlink:type="arc" xlink:arcrole="http://www.xbrl.org/2003/arcrole/parent-child" xlink:from="TableOfCapitalInstrumentSupplementaryTierTwoCapitalInstrumentAbstract" xlink:to="TableOfCapitalInstrumentTable" xlink:title="presentation: TableOfCapitalInstrumentSupplementaryTierTwoCapitalInstrumentAbstract to TableOfCapitalInstrumentTable" use="optional" order="1.0" preferredLabel="http://www.xbrl.org/2003/role/label"/>
    <link:presentationArc xlink:type="arc" xlink:arcrole="http://www.xbrl.org/2003/arcrole/parent-child" xlink:from="TableOfCapitalInstrumentSupplementaryTierTwoCapitalInstrumentAbstract" xlink:to="TableOfCapitalInstrumentLineItems" xlink:title="presentation: TableOfCapitalInstrumentSupplementaryTierTwoCapitalInstrumentAbstract to TableOfCapitalInstrumentLineItems" use="optional" order="2.0" preferredLabel="http://www.xbrl.org/2003/role/label"/>
  </link:presentationLink>
</link:linkbase>
