<?xml version="1.0" encoding="UTF-8"?>

<!--
	Taxonomy: 2015-12-31 (Final)
	**********************
	Copyright © 2015 China Insurance Regulatory Commission.
	All rights reserved.  No part of this publication may be translated, reprinted or reproduced
	or utilised in any form either in whole or in part without prior permission in writing from China Insurance Regulatory Commission.
	  **********************
	-->
<link:linkbase xmlns:xsi="http://www.w3.org/2001/XMLSchema-instance" xsi:schemaLocation="http://www.xbrl.org/2003/linkbase http://www.xbrl.org/2003/xbrl-linkbase-2003-12-31.xsd" xmlns:c-ross="http://xbrl.circ.gov.cn/taxonomy/2015-12-31/c-ross" xmlns:link="http://www.xbrl.org/2003/linkbase" xmlns:q_s_pc_entry_point="http://xbrl.circ.gov.cn/taxonomy/2015-12-31/c-ross/q_s_pc_entry_point" xmlns:xlink="http://www.w3.org/1999/xlink" xmlns:xbrli="http://www.xbrl.org/2003/instance">
  <link:roleRef roleURI="http://www.xbrl.org/2009/role/netLabel" xlink:type="simple" xlink:href="http://www.xbrl.org/lrr/role/net-2009-12-16.xsd#netLabel"/>
  <link:roleRef roleURI="http://xbrl.circ.gov.cn/role/c-ross_2015-12-31_role-3120500" xlink:type="simple" xlink:href="rol_c-ross_2_2015-12-31.xsd#c-ross_2015-12-31-3120500"/>
  <link:presentationLink xlink:type="extended" xlink:role="http://xbrl.circ.gov.cn/role/c-ross_2015-12-31_role-3120500">
    <link:loc xlink:type="locator" xlink:href="../../c-ross_core_2015-12-31.xsd#c-ross_MinimumCapitalForQuantifiableRisk" xlink:label="MinimumCapitalForQuantifiableRisk" xlink:title="MinimumCapitalForQuantifiableRisk"/>
    <link:loc xlink:type="locator" xlink:href="../../c-ross_core_2015-12-31.xsd#c-ross_MinimumCapitalForInsuranceRiskOfLifeInsuranceBusiness" xlink:label="MinimumCapitalForInsuranceRiskOfLifeInsuranceBusiness" xlink:title="MinimumCapitalForInsuranceRiskOfLifeInsuranceBusiness"/>
    <link:presentationArc xlink:type="arc" xlink:arcrole="http://www.xbrl.org/2003/arcrole/parent-child" xlink:from="MinimumCapitalForQuantifiableRisk" xlink:to="MinimumCapitalForInsuranceRiskOfLifeInsuranceBusiness" xlink:title="presentation: MinimumCapitalForQuantifiableRisk to MinimumCapitalForInsuranceRiskOfLifeInsuranceBusiness" use="optional" order="10.0" preferredLabel="http://www.xbrl.org/2003/role/verboseLabel"/>
    <link:loc xlink:type="locator" xlink:href="../../c-ross_core_2015-12-31.xsd#c-ross_InsuranceRiskOfLifeInsuranceBusinessMinimumCapitalForIncidenceRisk" xlink:label="InsuranceRiskOfLifeInsuranceBusinessMinimumCapitalForIncidenceRisk" xlink:title="InsuranceRiskOfLifeInsuranceBusinessMinimumCapitalForIncidenceRisk"/>
    <link:presentationArc xlink:type="arc" xlink:arcrole="http://www.xbrl.org/2003/arcrole/parent-child" xlink:from="MinimumCapitalForInsuranceRiskOfLifeInsuranceBusiness" xlink:to="InsuranceRiskOfLifeInsuranceBusinessMinimumCapitalForIncidenceRisk" xlink:title="presentation: MinimumCapitalForInsuranceRiskOfLifeInsuranceBusiness to InsuranceRiskOfLifeInsuranceBusinessMinimumCapitalForIncidenceRisk" use="optional" order="10.0" preferredLabel="http://www.xbrl.org/2003/role/terseLabel"/>
    <link:loc xlink:type="locator" xlink:href="../../c-ross_core_2015-12-31.xsd#c-ross_InsuranceRiskOfLifeInsuranceBusinessMinimumCapitalForSurrenderRisk" xlink:label="InsuranceRiskOfLifeInsuranceBusinessMinimumCapitalForSurrenderRisk" xlink:title="InsuranceRiskOfLifeInsuranceBusinessMinimumCapitalForSurrenderRisk"/>
    <link:presentationArc xlink:type="arc" xlink:arcrole="http://www.xbrl.org/2003/arcrole/parent-child" xlink:from="MinimumCapitalForInsuranceRiskOfLifeInsuranceBusiness" xlink:to="InsuranceRiskOfLifeInsuranceBusinessMinimumCapitalForSurrenderRisk" xlink:title="presentation: MinimumCapitalForInsuranceRiskOfLifeInsuranceBusiness to InsuranceRiskOfLifeInsuranceBusinessMinimumCapitalForSurrenderRisk" use="optional" order="20.0" preferredLabel="http://www.xbrl.org/2003/role/terseLabel"/>
    <link:loc xlink:type="locator" xlink:href="../../c-ross_core_2015-12-31.xsd#c-ross_InsuranceRiskOfLifeInsuranceBusinessMinimumCapitalForExpenseRisk" xlink:label="InsuranceRiskOfLifeInsuranceBusinessMinimumCapitalForExpenseRisk" xlink:title="InsuranceRiskOfLifeInsuranceBusinessMinimumCapitalForExpenseRisk"/>
    <link:presentationArc xlink:type="arc" xlink:arcrole="http://www.xbrl.org/2003/arcrole/parent-child" xlink:from="MinimumCapitalForInsuranceRiskOfLifeInsuranceBusiness" xlink:to="InsuranceRiskOfLifeInsuranceBusinessMinimumCapitalForExpenseRisk" xlink:title="presentation: MinimumCapitalForInsuranceRiskOfLifeInsuranceBusiness to InsuranceRiskOfLifeInsuranceBusinessMinimumCapitalForExpenseRisk" use="optional" order="30.0" preferredLabel="http://www.xbrl.org/2003/role/terseLabel"/>
    <link:loc xlink:type="locator" xlink:href="../../c-ross_core_2015-12-31.xsd#c-ross_InsuranceRiskOfLifeInsuranceBusinessRiskDiversificationEffect" xlink:label="InsuranceRiskOfLifeInsuranceBusinessRiskDiversificationEffect" xlink:title="InsuranceRiskOfLifeInsuranceBusinessRiskDiversificationEffect"/>
    <link:presentationArc xlink:type="arc" xlink:arcrole="http://www.xbrl.org/2003/arcrole/parent-child" xlink:from="MinimumCapitalForInsuranceRiskOfLifeInsuranceBusiness" xlink:to="InsuranceRiskOfLifeInsuranceBusinessRiskDiversificationEffect" xlink:title="presentation: MinimumCapitalForInsuranceRiskOfLifeInsuranceBusiness to InsuranceRiskOfLifeInsuranceBusinessRiskDiversificationEffect" use="optional" order="40.0" preferredLabel="http://www.xbrl.org/2003/role/terseLabel"/>
    <link:loc xlink:type="locator" xlink:href="../../c-ross_core_2015-12-31.xsd#c-ross_MinimumCapitalForInsuranceRiskOfNonLifeInsuranceBusiness" xlink:label="MinimumCapitalForInsuranceRiskOfNonLifeInsuranceBusiness" xlink:title="MinimumCapitalForInsuranceRiskOfNonLifeInsuranceBusiness"/>
    <link:presentationArc xlink:type="arc" xlink:arcrole="http://www.xbrl.org/2003/arcrole/parent-child" xlink:from="MinimumCapitalForQuantifiableRisk" xlink:to="MinimumCapitalForInsuranceRiskOfNonLifeInsuranceBusiness" xlink:title="presentation: MinimumCapitalForQuantifiableRisk to MinimumCapitalForInsuranceRiskOfNonLifeInsuranceBusiness" use="optional" order="20.0" preferredLabel="http://www.xbrl.org/2003/role/verboseLabel"/>
    <link:loc xlink:type="locator" xlink:href="../../c-ross_core_2015-12-31.xsd#c-ross_InsuranceRiskOfNonLifeInsuranceBusinessMinimumCapitalForPremiumAndReserveRiskAfterRiskDiversification" xlink:label="InsuranceRiskOfNonLifeInsuranceBusinessMinimumCapitalForPremiumAndReserveRisk" xlink:title="InsuranceRiskOfNonLifeInsuranceBusinessMinimumCapitalForPremiumAndReserveRisk"/>
    <link:presentationArc xlink:type="arc" xlink:arcrole="http://www.xbrl.org/2003/arcrole/parent-child" xlink:from="MinimumCapitalForInsuranceRiskOfNonLifeInsuranceBusiness" xlink:to="InsuranceRiskOfNonLifeInsuranceBusinessMinimumCapitalForPremiumAndReserveRisk" xlink:title="presentation: MinimumCapitalForInsuranceRiskOfNonLifeInsuranceBusiness to InsuranceRiskOfNonLifeInsuranceBusinessMinimumCapitalForPremiumAndReserveRisk" use="optional" order="10.0" preferredLabel="http://www.xbrl.org/2003/role/terseLabel"/>
    <link:loc xlink:type="locator" xlink:href="../../c-ross_core_2015-12-31.xsd#c-ross_InsuranceRiskOfNonLifeInsuranceBusinessMinimumCapitalForCatastropheRisk" xlink:label="InsuranceRiskOfNonLifeInsuranceBusinessMinimumCapitalForCatastropheRisk" xlink:title="InsuranceRiskOfNonLifeInsuranceBusinessMinimumCapitalForCatastropheRisk"/>
    <link:presentationArc xlink:type="arc" xlink:arcrole="http://www.xbrl.org/2003/arcrole/parent-child" xlink:from="MinimumCapitalForInsuranceRiskOfNonLifeInsuranceBusiness" xlink:to="InsuranceRiskOfNonLifeInsuranceBusinessMinimumCapitalForCatastropheRisk" xlink:title="presentation: MinimumCapitalForInsuranceRiskOfNonLifeInsuranceBusiness to InsuranceRiskOfNonLifeInsuranceBusinessMinimumCapitalForCatastropheRisk" use="optional" order="20.0" preferredLabel="http://www.xbrl.org/2003/role/verboseLabel"/>
    <link:loc xlink:type="locator" xlink:href="../../c-ross_core_2015-12-31.xsd#c-ross_InsuranceRiskOfNonLifeInsuranceBusinessRiskDiversificationEffect" xlink:label="InsuranceRiskOfNonLifeInsuranceBusinessRiskDiversificationEffect" xlink:title="InsuranceRiskOfNonLifeInsuranceBusinessRiskDiversificationEffect"/>
    <link:presentationArc xlink:type="arc" xlink:arcrole="http://www.xbrl.org/2003/arcrole/parent-child" xlink:from="MinimumCapitalForInsuranceRiskOfNonLifeInsuranceBusiness" xlink:to="InsuranceRiskOfNonLifeInsuranceBusinessRiskDiversificationEffect" xlink:title="presentation: MinimumCapitalForInsuranceRiskOfNonLifeInsuranceBusiness to InsuranceRiskOfNonLifeInsuranceBusinessRiskDiversificationEffect" use="optional" order="30.0" preferredLabel="http://www.xbrl.org/2003/role/terseLabel"/>
    <link:loc xlink:type="locator" xlink:href="../../c-ross_core_2015-12-31.xsd#c-ross_MinimumCapitalForMarketRisk" xlink:label="MinimumCapitalForMarketRisk" xlink:title="MinimumCapitalForMarketRisk"/>
    <link:presentationArc xlink:type="arc" xlink:arcrole="http://www.xbrl.org/2003/arcrole/parent-child" xlink:from="MinimumCapitalForQuantifiableRisk" xlink:to="MinimumCapitalForMarketRisk" xlink:title="presentation: MinimumCapitalForQuantifiableRisk to MinimumCapitalForMarketRisk" use="optional" order="30.0" preferredLabel="http://www.xbrl.org/2003/role/verboseLabel"/>
    <link:loc xlink:type="locator" xlink:href="../../c-ross_core_2015-12-31.xsd#c-ross_MarketRiskMinimumCapitalForInterestRateRisk" xlink:label="MarketRiskMinimumCapitalForInterestRateRisk" xlink:title="MarketRiskMinimumCapitalForInterestRateRisk"/>
    <link:presentationArc xlink:type="arc" xlink:arcrole="http://www.xbrl.org/2003/arcrole/parent-child" xlink:from="MinimumCapitalForMarketRisk" xlink:to="MarketRiskMinimumCapitalForInterestRateRisk" xlink:title="presentation: MinimumCapitalForMarketRisk to MarketRiskMinimumCapitalForInterestRateRisk" use="optional" order="10.0" preferredLabel="http://www.xbrl.org/2003/role/verboseLabel"/>
    <link:loc xlink:type="locator" xlink:href="../../c-ross_core_2015-12-31.xsd#c-ross_MarketRiskMinimumCapitalForPropertyPriceRisk" xlink:label="MarketRiskMinimumCapitalForPropertyPriceRisk" xlink:title="MarketRiskMinimumCapitalForPropertyPriceRisk"/>
    <link:presentationArc xlink:type="arc" xlink:arcrole="http://www.xbrl.org/2003/arcrole/parent-child" xlink:from="MinimumCapitalForMarketRisk" xlink:to="MarketRiskMinimumCapitalForPropertyPriceRisk" xlink:title="presentation: MinimumCapitalForMarketRisk to MarketRiskMinimumCapitalForPropertyPriceRisk" use="optional" order="30.0" preferredLabel="http://www.xbrl.org/2003/role/verboseLabel"/>
    <link:loc xlink:type="locator" xlink:href="../../c-ross_core_2015-12-31.xsd#c-ross_MarketRiskMinimumCapitalForOverseasFixedIncomeInvestmentAssetsPriceRisk" xlink:label="MarketRiskMinimumCapitalForOverseasFixedIncomeInvestmentAssetsPriceRisk" xlink:title="MarketRiskMinimumCapitalForOverseasFixedIncomeInvestmentAssetsPriceRisk"/>
    <link:presentationArc xlink:type="arc" xlink:arcrole="http://www.xbrl.org/2003/arcrole/parent-child" xlink:from="MinimumCapitalForMarketRisk" xlink:to="MarketRiskMinimumCapitalForOverseasFixedIncomeInvestmentAssetsPriceRisk" xlink:title="presentation: MinimumCapitalForMarketRisk to MarketRiskMinimumCapitalForOverseasFixedIncomeInvestmentAssetsPriceRisk" use="optional" order="40.0" preferredLabel="http://www.xbrl.org/2003/role/verboseLabel"/>
    <link:loc xlink:type="locator" xlink:href="../../c-ross_core_2015-12-31.xsd#c-ross_MarketRiskMinimumCapitalForOverseasEquityInvestmentAssetsPriceRisk" xlink:label="MarketRiskMinimumCapitalForOverseasEquityInvestmentAssetsPriceRisk" xlink:title="MarketRiskMinimumCapitalForOverseasEquityInvestmentAssetsPriceRisk"/>
    <link:presentationArc xlink:type="arc" xlink:arcrole="http://www.xbrl.org/2003/arcrole/parent-child" xlink:from="MinimumCapitalForMarketRisk" xlink:to="MarketRiskMinimumCapitalForOverseasEquityInvestmentAssetsPriceRisk" xlink:title="presentation: MinimumCapitalForMarketRisk to MarketRiskMinimumCapitalForOverseasEquityInvestmentAssetsPriceRisk" use="optional" order="50.0" preferredLabel="http://www.xbrl.org/2003/role/verboseLabel"/>
    <link:loc xlink:type="locator" xlink:href="../../c-ross_core_2015-12-31.xsd#c-ross_MarketRiskMinimumCapitalForExchangeRateRisk" xlink:label="MarketRiskMinimumCapitalForExchangeRateRisk" xlink:title="MarketRiskMinimumCapitalForExchangeRateRisk"/>
    <link:presentationArc xlink:type="arc" xlink:arcrole="http://www.xbrl.org/2003/arcrole/parent-child" xlink:from="MinimumCapitalForMarketRisk" xlink:to="MarketRiskMinimumCapitalForExchangeRateRisk" xlink:title="presentation: MinimumCapitalForMarketRisk to MarketRiskMinimumCapitalForExchangeRateRisk" use="optional" order="60.0" preferredLabel="http://www.xbrl.org/2003/role/terseLabel"/>
    <link:loc xlink:type="locator" xlink:href="../../c-ross_core_2015-12-31.xsd#c-ross_MarketRiskRiskDiversificationEffect" xlink:label="MarketRiskRiskDiversificationEffect" xlink:title="MarketRiskRiskDiversificationEffect"/>
    <link:presentationArc xlink:type="arc" xlink:arcrole="http://www.xbrl.org/2003/arcrole/parent-child" xlink:from="MinimumCapitalForMarketRisk" xlink:to="MarketRiskRiskDiversificationEffect" xlink:title="presentation: MinimumCapitalForMarketRisk to MarketRiskRiskDiversificationEffect" use="optional" order="70.0" preferredLabel="http://www.xbrl.org/2003/role/terseLabel"/>
    <link:loc xlink:type="locator" xlink:href="../../c-ross_core_2015-12-31.xsd#c-ross_MarketRiskMinimumCapitalForEquityPriceRisk" xlink:label="MarketRiskMinimumCapitalForEquityPriceRisk" xlink:title="MarketRiskMinimumCapitalForEquityPriceRisk"/>
    <link:presentationArc xlink:type="arc" xlink:arcrole="http://www.xbrl.org/2003/arcrole/parent-child" xlink:from="MinimumCapitalForMarketRisk" xlink:to="MarketRiskMinimumCapitalForEquityPriceRisk" xlink:title="presentation: MinimumCapitalForMarketRisk to MarketRiskMinimumCapitalForEquityPriceRisk" use="optional" order="20.0" preferredLabel="http://www.xbrl.org/2003/role/terseLabel"/>
    <link:loc xlink:type="locator" xlink:href="../../c-ross_core_2015-12-31.xsd#c-ross_MinimumCapitalForCreditRisk" xlink:label="MinimumCapitalForCreditRisk" xlink:title="MinimumCapitalForCreditRisk"/>
    <link:presentationArc xlink:type="arc" xlink:arcrole="http://www.xbrl.org/2003/arcrole/parent-child" xlink:from="MinimumCapitalForQuantifiableRisk" xlink:to="MinimumCapitalForCreditRisk" xlink:title="presentation: MinimumCapitalForQuantifiableRisk to MinimumCapitalForCreditRisk" use="optional" order="40.0" preferredLabel="http://www.xbrl.org/2003/role/verboseLabel"/>
    <link:loc xlink:type="locator" xlink:href="../../c-ross_core_2015-12-31.xsd#c-ross_CreditRiskMinimumCapitalForSpreadRisk" xlink:label="CreditRiskMinimumCapitalForSpreadRisk" xlink:title="CreditRiskMinimumCapitalForSpreadRisk"/>
    <link:presentationArc xlink:type="arc" xlink:arcrole="http://www.xbrl.org/2003/arcrole/parent-child" xlink:from="MinimumCapitalForCreditRisk" xlink:to="CreditRiskMinimumCapitalForSpreadRisk" xlink:title="presentation: MinimumCapitalForCreditRisk to CreditRiskMinimumCapitalForSpreadRisk" use="optional" order="10.0" preferredLabel="http://www.xbrl.org/2003/role/verboseLabel"/>
    <link:loc xlink:type="locator" xlink:href="../../c-ross_core_2015-12-31.xsd#c-ross_CreditRiskMinimumCapitalForCounterpartyDefaultRisk" xlink:label="CreditRiskMinimumCapitalForCounterpartyDefaultRisk" xlink:title="CreditRiskMinimumCapitalForCounterpartyDefaultRisk"/>
    <link:presentationArc xlink:type="arc" xlink:arcrole="http://www.xbrl.org/2003/arcrole/parent-child" xlink:from="MinimumCapitalForCreditRisk" xlink:to="CreditRiskMinimumCapitalForCounterpartyDefaultRisk" xlink:title="presentation: MinimumCapitalForCreditRisk to CreditRiskMinimumCapitalForCounterpartyDefaultRisk" use="optional" order="20.0" preferredLabel="http://www.xbrl.org/2003/role/terseLabel"/>
    <link:loc xlink:type="locator" xlink:href="../../c-ross_core_2015-12-31.xsd#c-ross_CreditRiskRiskDiversificationEffect" xlink:label="CreditRiskRiskDiversificationEffect" xlink:title="CreditRiskRiskDiversificationEffect"/>
    <link:presentationArc xlink:type="arc" xlink:arcrole="http://www.xbrl.org/2003/arcrole/parent-child" xlink:from="MinimumCapitalForCreditRisk" xlink:to="CreditRiskRiskDiversificationEffect" xlink:title="presentation: MinimumCapitalForCreditRisk to CreditRiskRiskDiversificationEffect" use="optional" order="30.0" preferredLabel="http://www.xbrl.org/2003/role/terseLabel"/>
    <link:loc xlink:type="locator" xlink:href="../../c-ross_core_2015-12-31.xsd#c-ross_QuantifiableRiskDiversificationEffect" xlink:label="QuantifiableRiskDiversificationEffect" xlink:title="QuantifiableRiskDiversificationEffect"/>
    <link:presentationArc xlink:type="arc" xlink:arcrole="http://www.xbrl.org/2003/arcrole/parent-child" xlink:from="MinimumCapitalForQuantifiableRisk" xlink:to="QuantifiableRiskDiversificationEffect" xlink:title="presentation: MinimumCapitalForQuantifiableRisk to QuantifiableRiskDiversificationEffect" use="optional" order="50.0" preferredLabel="http://www.xbrl.org/2003/role/label"/>
    <link:loc xlink:type="locator" xlink:href="../../c-ross_core_2015-12-31.xsd#c-ross_LossAbsorptionOfSpecificInsuranceContract" xlink:label="LossAbsorptionOfSpecificInsuranceContract" xlink:title="LossAbsorptionOfSpecificInsuranceContract"/>
    <link:presentationArc xlink:type="arc" xlink:arcrole="http://www.xbrl.org/2003/arcrole/parent-child" xlink:from="MinimumCapitalForQuantifiableRisk" xlink:to="LossAbsorptionOfSpecificInsuranceContract" xlink:title="presentation: MinimumCapitalForQuantifiableRisk to LossAbsorptionOfSpecificInsuranceContract" use="optional" order="60.0" preferredLabel="http://www.xbrl.org/2003/role/label"/>
    <link:loc xlink:type="locator" xlink:href="../../c-ross_core_2015-12-31.xsd#c-ross_SpecificInsuranceContractAdjustedOfLossAbsorptionUpperLimitNotToBeTakenIntoConsideration" xlink:label="SpecificInsuranceContractAdjustedOfLossAbsorptionUpperLimitNotToBeTakenIntoConsideration" xlink:title="SpecificInsuranceContractAdjustedOfLossAbsorptionUpperLimitNotToBeTakenIntoConsideration"/>
    <link:presentationArc xlink:type="arc" xlink:arcrole="http://www.xbrl.org/2003/arcrole/parent-child" xlink:from="LossAbsorptionOfSpecificInsuranceContract" xlink:to="SpecificInsuranceContractAdjustedOfLossAbsorptionUpperLimitNotToBeTakenIntoConsideration" xlink:title="presentation: LossAbsorptionOfSpecificInsuranceContract to SpecificInsuranceContractAdjustedOfLossAbsorptionUpperLimitNotToBeTakenIntoConsideration" use="optional" order="10.0" preferredLabel="http://www.xbrl.org/2003/role/terseLabel"/>
    <link:loc xlink:type="locator" xlink:href="../../c-ross_core_2015-12-31.xsd#c-ross_UpperLimitForCapacityOfLossAbsorptionAdjustmentOfSpecificInsuranceContract" xlink:label="UpperLimitForCapacityOfLossAbsorptionAdjustmentOfSpecificInsuranceContract" xlink:title="UpperLimitForCapacityOfLossAbsorptionAdjustmentOfSpecificInsuranceContract"/>
    <link:presentationArc xlink:type="arc" xlink:arcrole="http://www.xbrl.org/2003/arcrole/parent-child" xlink:from="LossAbsorptionOfSpecificInsuranceContract" xlink:to="UpperLimitForCapacityOfLossAbsorptionAdjustmentOfSpecificInsuranceContract" xlink:title="presentation: LossAbsorptionOfSpecificInsuranceContract to UpperLimitForCapacityOfLossAbsorptionAdjustmentOfSpecificInsuranceContract" use="optional" order="20.0" preferredLabel="http://www.xbrl.org/2003/role/terseLabel"/>
    <link:loc xlink:type="locator" xlink:href="../../c-ross_core_2015-12-31.xsd#c-ross_AdditionalCapital" xlink:label="AdditionalCapital" xlink:title="AdditionalCapital"/>
    <link:loc xlink:type="locator" xlink:href="../../c-ross_core_2015-12-31.xsd#c-ross_CountercyclicalAdditionalCapital" xlink:label="CountercyclicalAdditionalCapital" xlink:title="CountercyclicalAdditionalCapital"/>
    <link:presentationArc xlink:type="arc" xlink:arcrole="http://www.xbrl.org/2003/arcrole/parent-child" xlink:from="AdditionalCapital" xlink:to="CountercyclicalAdditionalCapital" xlink:title="presentation: AdditionalCapital to CountercyclicalAdditionalCapital" use="optional" order="10.0" preferredLabel="http://www.xbrl.org/2003/role/label"/>
    <link:loc xlink:type="locator" xlink:href="../../c-ross_core_2015-12-31.xsd#c-ross_AdditionalCapitalOfDomesticSystemicallyImportantInsurers" xlink:label="AdditionalCapitalOfDomesticSystemicallyImportantInsurers" xlink:title="AdditionalCapitalOfDomesticSystemicallyImportantInsurers"/>
    <link:presentationArc xlink:type="arc" xlink:arcrole="http://www.xbrl.org/2003/arcrole/parent-child" xlink:from="AdditionalCapital" xlink:to="AdditionalCapitalOfDomesticSystemicallyImportantInsurers" xlink:title="presentation: AdditionalCapital to AdditionalCapitalOfDomesticSystemicallyImportantInsurers" use="optional" order="20.0" preferredLabel="http://www.xbrl.org/2003/role/terseLabel"/>
    <link:loc xlink:type="locator" xlink:href="../../c-ross_core_2015-12-31.xsd#c-ross_AdditionalCapitalOfGlobalSystemicallyImportantInsurers" xlink:label="AdditionalCapitalOfGlobalSystemicallyImportantInsurers" xlink:title="AdditionalCapitalOfGlobalSystemicallyImportantInsurers"/>
    <link:presentationArc xlink:type="arc" xlink:arcrole="http://www.xbrl.org/2003/arcrole/parent-child" xlink:from="AdditionalCapital" xlink:to="AdditionalCapitalOfGlobalSystemicallyImportantInsurers" xlink:title="presentation: AdditionalCapital to AdditionalCapitalOfGlobalSystemicallyImportantInsurers" use="optional" order="30.0" preferredLabel="http://www.xbrl.org/2003/role/terseLabel"/>
    <link:loc xlink:type="locator" xlink:href="../../c-ross_core_2015-12-31.xsd#c-ross_OtherAdditionalCapital" xlink:label="OtherAdditionalCapital" xlink:title="OtherAdditionalCapital"/>
    <link:presentationArc xlink:type="arc" xlink:arcrole="http://www.xbrl.org/2003/arcrole/parent-child" xlink:from="AdditionalCapital" xlink:to="OtherAdditionalCapital" xlink:title="presentation: AdditionalCapital to OtherAdditionalCapital" use="optional" order="40.0" preferredLabel="http://www.xbrl.org/2003/role/label"/>
    <link:loc xlink:type="locator" xlink:href="../../c-ross_core_2015-12-31.xsd#c-ross_TableOfMinimumCapitalAbstract" xlink:label="TableOfSolvencyAdequacyRatioCalculationResultOfInsuranceCompanyAbstract" xlink:title="TableOfSolvencyAdequacyRatioCalculationResultOfInsuranceCompanyAbstract"/>
    <link:loc xlink:type="locator" xlink:href="../../c-ross_core_2015-12-31.xsd#c-ross_MinimumCapitalForControlRisk" xlink:label="MinimumCapitalForControlRisk" xlink:title="MinimumCapitalForControlRisk"/>
    <link:presentationArc xlink:type="arc" xlink:arcrole="http://www.xbrl.org/2003/arcrole/parent-child" xlink:from="TableOfSolvencyAdequacyRatioCalculationResultOfInsuranceCompanyAbstract" xlink:to="MinimumCapitalForControlRisk" xlink:title="presentation: TableOfSolvencyAdequacyRatioCalculationResultOfInsuranceCompanyAbstract to MinimumCapitalForControlRisk" use="optional" order="20.0" preferredLabel="http://www.xbrl.org/2003/role/label"/>
    <link:presentationArc xlink:type="arc" xlink:arcrole="http://www.xbrl.org/2003/arcrole/parent-child" xlink:from="TableOfSolvencyAdequacyRatioCalculationResultOfInsuranceCompanyAbstract" xlink:to="AdditionalCapital" xlink:title="presentation: TableOfSolvencyAdequacyRatioCalculationResultOfInsuranceCompanyAbstract to AdditionalCapital" use="optional" order="30.0" preferredLabel="http://www.xbrl.org/2003/role/label"/>
    <link:loc xlink:type="locator" xlink:href="../../c-ross_core_2015-12-31.xsd#c-ross_MinimumCapitalUnderSolvencyII" xlink:label="MinimumCapital" xlink:title="MinimumCapital"/>
    <link:presentationArc xlink:type="arc" xlink:arcrole="http://www.xbrl.org/2003/arcrole/parent-child" xlink:from="TableOfSolvencyAdequacyRatioCalculationResultOfInsuranceCompanyAbstract" xlink:to="MinimumCapital" xlink:title="presentation: TableOfSolvencyAdequacyRatioCalculationResultOfInsuranceCompanyAbstract to MinimumCapital" use="optional" order="40.0" preferredLabel="http://www.xbrl.org/2003/role/totalLabel"/>
    <link:presentationArc xlink:type="arc" xlink:arcrole="http://www.xbrl.org/2003/arcrole/parent-child" xlink:from="TableOfSolvencyAdequacyRatioCalculationResultOfInsuranceCompanyAbstract" xlink:to="MinimumCapitalForQuantifiableRisk" xlink:title="presentation: TableOfSolvencyAdequacyRatioCalculationResultOfInsuranceCompanyAbstract to MinimumCapitalForQuantifiableRisk" order="10.0" preferredLabel="http://www.xbrl.org/2003/role/label"/>
  </link:presentationLink>
</link:linkbase>
