<?xml version="1.0" encoding="UTF-8"?>

<!--
	Taxonomy: 2015-12-31 (Final)
	**********************
	Copyright © 2015 China Insurance Regulatory Commission.
	All rights reserved.  No part of this publication may be translated, reprinted or reproduced
	or utilised in any form either in whole or in part without prior permission in writing from China Insurance Regulatory Commission.
	  **********************
	-->
<link:linkbase xmlns:xsi="http://www.w3.org/2001/XMLSchema-instance" xsi:schemaLocation="http://www.xbrl.org/2003/linkbase http://www.xbrl.org/2003/xbrl-linkbase-2003-12-31.xsd" xmlns:c-ross="http://xbrl.circ.gov.cn/taxonomy/2015-12-31/c-ross" xmlns:link="http://www.xbrl.org/2003/linkbase" xmlns:q_s_pc_entry_point="http://xbrl.circ.gov.cn/taxonomy/2015-12-31/c-ross/q_s_pc_entry_point" xmlns:xbrli="http://www.xbrl.org/2003/instance" xmlns:xlink="http://www.w3.org/1999/xlink">
  <link:roleRef roleURI="http://xbrl.circ.gov.cn/role/c-ross_2015-12-31_role-3170600" xlink:type="simple" xlink:href="rol_c-ross_8_2015-12-31.xsd#c-ross_2015-12-31-3170600"/>
  <link:calculationLink xlink:type="extended" xlink:role="http://xbrl.circ.gov.cn/role/c-ross_2015-12-31_role-3170600">
    <link:loc xlink:type="locator" xlink:href="../../c-ross_core_2015-12-31.xsd#c-ross_CounterpartyDefaultRiskAssetSecuritizationProductsRiskExposure" xlink:label="CounterpartyDefaultRiskAssetSecuritizationProductsRiskExposure" xlink:title="CounterpartyDefaultRiskAssetSecuritizationProductsRiskExposure"/>
    <link:loc xlink:type="locator" xlink:href="../../c-ross_core_2015-12-31.xsd#c-ross_CounterpartyDefaultRiskAssetSecuritizationProductsAdmittedValue" xlink:label="CounterpartyDefaultRiskAssetSecuritizationProductsAdmittedValue" xlink:title="CounterpartyDefaultRiskAssetSecuritizationProductsAdmittedValue"/>
    <link:calculationArc xlink:type="arc" xlink:arcrole="http://www.xbrl.org/2003/arcrole/summation-item" xlink:from="CounterpartyDefaultRiskAssetSecuritizationProductsRiskExposure" xlink:to="CounterpartyDefaultRiskAssetSecuritizationProductsAdmittedValue" xlink:title="calculation: CounterpartyDefaultRiskAssetSecuritizationProductsRiskExposure to CounterpartyDefaultRiskAssetSecuritizationProductsAdmittedValue" use="optional" order="10.0" weight="1.0"/>
    <link:loc xlink:type="locator" xlink:href="../../c-ross_core_2015-12-31.xsd#c-ross_CounterpartyDefaultRiskAssetSecuritizationProductsInterestReceivable" xlink:label="CounterpartyDefaultRiskAssetSecuritizationProductsInterestReceivable" xlink:title="CounterpartyDefaultRiskAssetSecuritizationProductsInterestReceivable"/>
    <link:calculationArc xlink:type="arc" xlink:arcrole="http://www.xbrl.org/2003/arcrole/summation-item" xlink:from="CounterpartyDefaultRiskAssetSecuritizationProductsRiskExposure" xlink:to="CounterpartyDefaultRiskAssetSecuritizationProductsInterestReceivable" xlink:title="calculation: CounterpartyDefaultRiskAssetSecuritizationProductsRiskExposure to CounterpartyDefaultRiskAssetSecuritizationProductsInterestReceivable" use="optional" order="20.0" weight="1.0"/>
  </link:calculationLink>
</link:linkbase>
