<?xml version="1.0" encoding="UTF-8"?>

<!--
	Taxonomy: 2015-12-31 (Final)
	**********************
	Copyright © 2015 China Insurance Regulatory Commission.
	All rights reserved.  No part of this publication may be translated, reprinted or reproduced
	or utilised in any form either in whole or in part without prior permission in writing from China Insurance Regulatory Commission.
	  **********************
	-->
<link:linkbase xmlns:xsi="http://www.w3.org/2001/XMLSchema-instance" xsi:schemaLocation="http://www.xbrl.org/2003/linkbase http://www.xbrl.org/2003/xbrl-linkbase-2003-12-31.xsd" xmlns:c-ross="http://xbrl.circ.gov.cn/taxonomy/2015-12-31/c-ross" xmlns:link="http://www.xbrl.org/2003/linkbase" xmlns:q_s_pc_entry_point="http://xbrl.circ.gov.cn/taxonomy/2015-12-31/c-ross/q_s_pc_entry_point" xmlns:xlink="http://www.w3.org/1999/xlink" xmlns:xbrli="http://www.xbrl.org/2003/instance" xmlns:xbrldt="http://xbrl.org/2005/xbrldt">
  <link:roleRef roleURI="http://xbrl.circ.gov.cn/role/c-ross_2015-12-31_role-3171400" xlink:type="simple" xlink:href="rol_c-ross_8_2015-12-31.xsd#c-ross_2015-12-31-3171400"/>
  <link:roleRef roleURI="http://xbrl.circ.gov.cn/role/c-ross_2015-12-31_role-3171400a" xlink:type="simple" xlink:href="rol_c-ross_8_2015-12-31.xsd#c-ross_2015-12-31-3171400a"/>
  <link:roleRef roleURI="http://xbrl.circ.gov.cn/role/c-ross_2015-12-31_role-3171400b" xlink:type="simple" xlink:href="rol_c-ross_8_2015-12-31.xsd#c-ross_2015-12-31-3171400b"/>
  <link:arcroleRef arcroleURI="http://xbrl.org/int/dim/arcrole/all" xlink:type="simple" xlink:href="http://www.xbrl.org/2005/xbrldt-2005.xsd#all"/>
  <link:arcroleRef arcroleURI="http://xbrl.org/int/dim/arcrole/dimension-default" xlink:type="simple" xlink:href="http://www.xbrl.org/2005/xbrldt-2005.xsd#dimension-default"/>
  <link:arcroleRef arcroleURI="http://xbrl.org/int/dim/arcrole/dimension-domain" xlink:type="simple" xlink:href="http://www.xbrl.org/2005/xbrldt-2005.xsd#dimension-domain"/>
  <link:arcroleRef arcroleURI="http://xbrl.org/int/dim/arcrole/domain-member" xlink:type="simple" xlink:href="http://www.xbrl.org/2005/xbrldt-2005.xsd#domain-member"/>
  <link:arcroleRef arcroleURI="http://xbrl.org/int/dim/arcrole/hypercube-dimension" xlink:type="simple" xlink:href="http://www.xbrl.org/2005/xbrldt-2005.xsd#hypercube-dimension"/>
  <link:arcroleRef arcroleURI="http://xbrl.org/int/dim/arcrole/notAll" xlink:type="simple" xlink:href="http://www.xbrl.org/2005/xbrldt-2005.xsd#notAll"/>
  <link:definitionLink xlink:type="extended" xlink:role="http://xbrl.circ.gov.cn/role/c-ross_2015-12-31_role-3171400">
    <link:loc xlink:type="locator" xlink:href="../../c-ross_core_2015-12-31.xsd#c-ross_ExcludedTable" xlink:label="Excluded" xlink:title="Excluded"/>
    <link:loc xlink:type="locator" xlink:href="../../c-ross_core_2015-12-31.xsd#c-ross_CounterpartyDefaultRiskForwardForeignExchangeContractsAndInterestRateSwapsForPurposeOfHedgingHedgingInstrumentsAxis" xlink:label="CounterpartyDefaultRiskForwardForeignExchangeContractsAndInterestRateSwapsForPurposeOfHedgingHedgingInstrumentsAxis" xlink:title="CounterpartyDefaultRiskForwardForeignExchangeContractsAndInterestRateSwapsForPurposeOfHedgingHedgingInstrumentsAxis"/>
    <link:definitionArc xlink:type="arc" xlink:arcrole="http://xbrl.org/int/dim/arcrole/hypercube-dimension" xlink:from="Excluded" xlink:to="CounterpartyDefaultRiskForwardForeignExchangeContractsAndInterestRateSwapsForPurposeOfHedgingHedgingInstrumentsAxis" xlink:title="definition: Excluded to CounterpartyDefaultRiskForwardForeignExchangeContractsAndInterestRateSwapsForPurposeOfHedgingHedgingInstrumentsAxis" use="optional" order="10.0"/>
    <link:loc xlink:type="locator" xlink:href="../../c-ross_core_2015-12-31.xsd#c-ross_HedgingInstrumentsMember" xlink:label="HedgingInstrumentsMember" xlink:title="HedgingInstrumentsMember"/>
    <link:definitionArc xlink:type="arc" xlink:arcrole="http://xbrl.org/int/dim/arcrole/dimension-domain" xlink:from="CounterpartyDefaultRiskForwardForeignExchangeContractsAndInterestRateSwapsForPurposeOfHedgingHedgingInstrumentsAxis" xlink:to="HedgingInstrumentsMember" xlink:title="definition: CounterpartyDefaultRiskForwardForeignExchangeContractsAndInterestRateSwapsForPurposeOfHedgingHedgingInstrumentsAxis to HedgingInstrumentsMember" use="optional" order="10.0"/>
    <link:loc xlink:type="locator" xlink:href="../../c-ross_core_2015-12-31.xsd#c-ross_HedgingInstrumentsMember" xlink:label="HedgingInstrumentsMember_2" xlink:title="HedgingInstrumentsMember"/>
    <link:definitionArc xlink:type="arc" xlink:arcrole="http://xbrl.org/int/dim/arcrole/dimension-default" xlink:from="CounterpartyDefaultRiskForwardForeignExchangeContractsAndInterestRateSwapsForPurposeOfHedgingHedgingInstrumentsAxis" xlink:to="HedgingInstrumentsMember_2" xlink:title="definition: CounterpartyDefaultRiskForwardForeignExchangeContractsAndInterestRateSwapsForPurposeOfHedgingHedgingInstrumentsAxis to HedgingInstrumentsMember" use="optional" order="20.0"/>
    <link:loc xlink:type="locator" xlink:href="../../c-ross_core_2015-12-31.xsd#c-ross_ForwardForeignExchangeContractsMember" xlink:label="ForwardForeignExchangeContractsMember" xlink:title="ForwardForeignExchangeContractsMember"/>
    <link:definitionArc xlink:type="arc" xlink:arcrole="http://xbrl.org/int/dim/arcrole/domain-member" xlink:from="HedgingInstrumentsMember" xlink:to="ForwardForeignExchangeContractsMember" xlink:title="definition: HedgingInstrumentsMember to ForwardForeignExchangeContractsMember" use="optional" order="10.0"/>
    <link:loc xlink:type="locator" xlink:href="../../c-ross_core_2015-12-31.xsd#c-ross_InterestRateSwapsMember" xlink:label="InterestRateSwapsMember" xlink:title="InterestRateSwapsMember"/>
    <link:definitionArc xlink:type="arc" xlink:arcrole="http://xbrl.org/int/dim/arcrole/domain-member" xlink:from="HedgingInstrumentsMember" xlink:to="InterestRateSwapsMember" xlink:title="definition: HedgingInstrumentsMember to InterestRateSwapsMember" use="optional" order="20.0"/>
    <link:loc xlink:type="locator" xlink:href="../../c-ross_core_2015-12-31.xsd#c-ross_CounterpartyDefaultRiskForwardForeignExchangeContractsAndInterestRateSwapsForPurposeOfHedgingAbstract" xlink:label="CounterpartyDefaultRiskForwardForeignExchangeContractsAndInterestRateSwapsForPurposeOfHedgingAbstract" xlink:title="CounterpartyDefaultRiskForwardForeignExchangeContractsAndInterestRateSwapsForPurposeOfHedgingAbstract"/>
    <link:loc xlink:type="locator" xlink:href="../../c-ross_core_2015-12-31.xsd#c-ross_CounterpartyDefaultRiskForwardForeignExchangeContractsAndInterestRateSwapsForPurposeOfHedgingTable" xlink:label="CounterpartyDefaultRiskForwardForeignExchangeContractsAndInterestRateSwapsForPurposeOfHedgingTable" xlink:title="CounterpartyDefaultRiskForwardForeignExchangeContractsAndInterestRateSwapsForPurposeOfHedgingTable"/>
    <link:definitionArc xlink:type="arc" xlink:arcrole="http://xbrl.org/int/dim/arcrole/all" xlink:from="CounterpartyDefaultRiskForwardForeignExchangeContractsAndInterestRateSwapsForPurposeOfHedgingAbstract" xlink:to="CounterpartyDefaultRiskForwardForeignExchangeContractsAndInterestRateSwapsForPurposeOfHedgingTable" xlink:title="definition: CounterpartyDefaultRiskForwardForeignExchangeContractsAndInterestRateSwapsForPurposeOfHedgingAbstract to CounterpartyDefaultRiskForwardForeignExchangeContractsAndInterestRateSwapsForPurposeOfHedgingTable" use="optional" order="10.0" xbrldt:closed="true" xbrldt:contextElement="scenario"/>
    <link:definitionArc xlink:type="arc" xlink:arcrole="http://xbrl.org/int/dim/arcrole/hypercube-dimension" xlink:from="CounterpartyDefaultRiskForwardForeignExchangeContractsAndInterestRateSwapsForPurposeOfHedgingTable" xlink:to="CounterpartyDefaultRiskForwardForeignExchangeContractsAndInterestRateSwapsForPurposeOfHedgingHedgingInstrumentsAxis" xlink:title="definition: CounterpartyDefaultRiskForwardForeignExchangeContractsAndInterestRateSwapsForPurposeOfHedgingTable to CounterpartyDefaultRiskForwardForeignExchangeContractsAndInterestRateSwapsForPurposeOfHedgingHedgingInstrumentsAxis" use="optional" order="10.0"/>
    <link:loc xlink:type="locator" xlink:href="../../c-ross_core_2015-12-31.xsd#c-ross_CounterpartyDefaultRiskForwardForeignExchangeContractsAndInterestRateSwapsForPurposeOfHedgingLineItems" xlink:label="CounterpartyDefaultRiskForwardForeignExchangeContractsAndInterestRateSwapsForPurposeOfHedgingLineItems" xlink:title="CounterpartyDefaultRiskForwardForeignExchangeContractsAndInterestRateSwapsForPurposeOfHedgingLineItems"/>
    <link:definitionArc xlink:type="arc" xlink:arcrole="http://xbrl.org/int/dim/arcrole/domain-member" xlink:from="CounterpartyDefaultRiskForwardForeignExchangeContractsAndInterestRateSwapsForPurposeOfHedgingAbstract" xlink:to="CounterpartyDefaultRiskForwardForeignExchangeContractsAndInterestRateSwapsForPurposeOfHedgingLineItems" xlink:title="definition: CounterpartyDefaultRiskForwardForeignExchangeContractsAndInterestRateSwapsForPurposeOfHedgingAbstract to CounterpartyDefaultRiskForwardForeignExchangeContractsAndInterestRateSwapsForPurposeOfHedgingLineItems" use="optional" order="20.0"/>
    <link:loc xlink:type="locator" xlink:href="../../c-ross_core_2015-12-31.xsd#c-ross_CounterpartyDefaultRiskForwardForeignExchangeContractsAndInterestRateSwapsForPurposeOfHedgingContractName" xlink:label="CounterpartyDefaultRiskForwardForeignExchangeContractsAndInterestRateSwapsForPurposeOfHedgingContractName" xlink:title="CounterpartyDefaultRiskForwardForeignExchangeContractsAndInterestRateSwapsForPurposeOfHedgingContractName"/>
    <link:definitionArc xlink:type="arc" xlink:arcrole="http://xbrl.org/int/dim/arcrole/domain-member" xlink:from="CounterpartyDefaultRiskForwardForeignExchangeContractsAndInterestRateSwapsForPurposeOfHedgingLineItems" xlink:to="CounterpartyDefaultRiskForwardForeignExchangeContractsAndInterestRateSwapsForPurposeOfHedgingContractName" xlink:title="definition: CounterpartyDefaultRiskForwardForeignExchangeContractsAndInterestRateSwapsForPurposeOfHedgingLineItems to CounterpartyDefaultRiskForwardForeignExchangeContractsAndInterestRateSwapsForPurposeOfHedgingContractName" use="optional" order="10.0"/>
    <link:definitionArc xlink:type="arc" xlink:arcrole="http://xbrl.org/int/dim/arcrole/notAll" xlink:from="CounterpartyDefaultRiskForwardForeignExchangeContractsAndInterestRateSwapsForPurposeOfHedgingContractName" xlink:to="Excluded" xlink:title="definition: CounterpartyDefaultRiskForwardForeignExchangeContractsAndInterestRateSwapsForPurposeOfHedgingContractName to Excluded" use="optional" order="10.0" xbrldt:contextElement="scenario"/>
    <link:loc xlink:type="locator" xlink:href="../../c-ross_core_2015-12-31.xsd#c-ross_CounterpartyDefaultRiskForwardForeignExchangeContractsAndInterestRateSwapsForPurposeOfHedgingIssuer" xlink:label="CounterpartyDefaultRiskForwardForeignExchangeContractsAndInterestRateSwapsForPurposeOfHedgingIssuer" xlink:title="CounterpartyDefaultRiskForwardForeignExchangeContractsAndInterestRateSwapsForPurposeOfHedgingIssuer"/>
    <link:definitionArc xlink:type="arc" xlink:arcrole="http://xbrl.org/int/dim/arcrole/domain-member" xlink:from="CounterpartyDefaultRiskForwardForeignExchangeContractsAndInterestRateSwapsForPurposeOfHedgingLineItems" xlink:to="CounterpartyDefaultRiskForwardForeignExchangeContractsAndInterestRateSwapsForPurposeOfHedgingIssuer" xlink:title="definition: CounterpartyDefaultRiskForwardForeignExchangeContractsAndInterestRateSwapsForPurposeOfHedgingLineItems to CounterpartyDefaultRiskForwardForeignExchangeContractsAndInterestRateSwapsForPurposeOfHedgingIssuer" use="optional" order="20.0"/>
    <link:definitionArc xlink:type="arc" xlink:arcrole="http://xbrl.org/int/dim/arcrole/notAll" xlink:from="CounterpartyDefaultRiskForwardForeignExchangeContractsAndInterestRateSwapsForPurposeOfHedgingIssuer" xlink:to="Excluded" xlink:title="definition: CounterpartyDefaultRiskForwardForeignExchangeContractsAndInterestRateSwapsForPurposeOfHedgingIssuer to Excluded" order="10.0" xbrldt:contextElement="scenario"/>
    <link:loc xlink:type="locator" xlink:href="../../c-ross_core_2015-12-31.xsd#c-ross_CounterpartyDefaultRiskForwardForeignExchangeContractsAndInterestRateSwapsForPurposeOfHedgingCreditRatingsForAssets" xlink:label="CounterpartyDefaultRiskForwardForeignExchangeContractsAndInterestRateSwapsForPurposeOfHedgingCreditRatingsForAssets" xlink:title="CounterpartyDefaultRiskForwardForeignExchangeContractsAndInterestRateSwapsForPurposeOfHedgingCreditRatingsForAssets"/>
    <link:definitionArc xlink:type="arc" xlink:arcrole="http://xbrl.org/int/dim/arcrole/domain-member" xlink:from="CounterpartyDefaultRiskForwardForeignExchangeContractsAndInterestRateSwapsForPurposeOfHedgingLineItems" xlink:to="CounterpartyDefaultRiskForwardForeignExchangeContractsAndInterestRateSwapsForPurposeOfHedgingCreditRatingsForAssets" xlink:title="definition: CounterpartyDefaultRiskForwardForeignExchangeContractsAndInterestRateSwapsForPurposeOfHedgingLineItems to CounterpartyDefaultRiskForwardForeignExchangeContractsAndInterestRateSwapsForPurposeOfHedgingCreditRatingsForAssets" use="optional" order="30.0"/>
    <link:definitionArc xlink:type="arc" xlink:arcrole="http://xbrl.org/int/dim/arcrole/notAll" xlink:from="CounterpartyDefaultRiskForwardForeignExchangeContractsAndInterestRateSwapsForPurposeOfHedgingCreditRatingsForAssets" xlink:to="Excluded" xlink:title="definition: CounterpartyDefaultRiskForwardForeignExchangeContractsAndInterestRateSwapsForPurposeOfHedgingCreditRatingsForAssets to Excluded" use="optional" order="10.0" xbrldt:contextElement="scenario"/>
    <link:loc xlink:type="locator" xlink:href="../../c-ross_core_2015-12-31.xsd#c-ross_CounterpartyDefaultRiskForwardForeignExchangeContractsAndInterestRateSwapsForPurposeOfHedgingNetValue" xlink:label="CounterpartyDefaultRiskForwardForeignExchangeContractsAndInterestRateSwapsForPurposeOfHedgingNetValue" xlink:title="CounterpartyDefaultRiskForwardForeignExchangeContractsAndInterestRateSwapsForPurposeOfHedgingNetValue"/>
    <link:definitionArc xlink:type="arc" xlink:arcrole="http://xbrl.org/int/dim/arcrole/domain-member" xlink:from="CounterpartyDefaultRiskForwardForeignExchangeContractsAndInterestRateSwapsForPurposeOfHedgingLineItems" xlink:to="CounterpartyDefaultRiskForwardForeignExchangeContractsAndInterestRateSwapsForPurposeOfHedgingNetValue" xlink:title="definition: CounterpartyDefaultRiskForwardForeignExchangeContractsAndInterestRateSwapsForPurposeOfHedgingLineItems to CounterpartyDefaultRiskForwardForeignExchangeContractsAndInterestRateSwapsForPurposeOfHedgingNetValue" use="optional" order="40.0"/>
    <link:loc xlink:type="locator" xlink:href="../../c-ross_core_2015-12-31.xsd#c-ross_CounterpartyDefaultRiskForwardForeignExchangeContractsAndInterestRateSwapsForPurposeOfHedgingRiskExposure" xlink:label="CounterpartyDefaultRiskForwardForeignExchangeContractsAndInterestRateSwapsForPurposeOfHedgingRiskExposure" xlink:title="CounterpartyDefaultRiskForwardForeignExchangeContractsAndInterestRateSwapsForPurposeOfHedgingRiskExposure"/>
    <link:definitionArc xlink:type="arc" xlink:arcrole="http://xbrl.org/int/dim/arcrole/domain-member" xlink:from="CounterpartyDefaultRiskForwardForeignExchangeContractsAndInterestRateSwapsForPurposeOfHedgingLineItems" xlink:to="CounterpartyDefaultRiskForwardForeignExchangeContractsAndInterestRateSwapsForPurposeOfHedgingRiskExposure" xlink:title="definition: CounterpartyDefaultRiskForwardForeignExchangeContractsAndInterestRateSwapsForPurposeOfHedgingLineItems to CounterpartyDefaultRiskForwardForeignExchangeContractsAndInterestRateSwapsForPurposeOfHedgingRiskExposure" use="optional" order="50.0"/>
    <link:loc xlink:type="locator" xlink:href="../../c-ross_core_2015-12-31.xsd#c-ross_CounterpartyDefaultRiskForwardForeignExchangeContractsAndInterestRateSwapsForPurposeOfHedgingBaseRiskFactor" xlink:label="CounterpartyDefaultRiskForwardForeignExchangeContractsAndInterestRateSwapsForPurposeOfHedgingBaseRiskFactor" xlink:title="CounterpartyDefaultRiskForwardForeignExchangeContractsAndInterestRateSwapsForPurposeOfHedgingBaseRiskFactor"/>
    <link:definitionArc xlink:type="arc" xlink:arcrole="http://xbrl.org/int/dim/arcrole/domain-member" xlink:from="CounterpartyDefaultRiskForwardForeignExchangeContractsAndInterestRateSwapsForPurposeOfHedgingLineItems" xlink:to="CounterpartyDefaultRiskForwardForeignExchangeContractsAndInterestRateSwapsForPurposeOfHedgingBaseRiskFactor" xlink:title="definition: CounterpartyDefaultRiskForwardForeignExchangeContractsAndInterestRateSwapsForPurposeOfHedgingLineItems to CounterpartyDefaultRiskForwardForeignExchangeContractsAndInterestRateSwapsForPurposeOfHedgingBaseRiskFactor" use="optional" order="60.0"/>
    <link:definitionArc xlink:type="arc" xlink:arcrole="http://xbrl.org/int/dim/arcrole/notAll" xlink:from="CounterpartyDefaultRiskForwardForeignExchangeContractsAndInterestRateSwapsForPurposeOfHedgingBaseRiskFactor" xlink:to="Excluded" xlink:title="definition: CounterpartyDefaultRiskForwardForeignExchangeContractsAndInterestRateSwapsForPurposeOfHedgingBaseRiskFactor to Excluded" use="optional" order="10.0" xbrldt:contextElement="scenario"/>
    <link:loc xlink:type="locator" xlink:href="../../c-ross_core_2015-12-31.xsd#c-ross_CounterpartyDefaultRiskForwardForeignExchangeContractsAndInterestRateSwapsForPurposeOfHedgingMinimumCapital" xlink:label="CounterpartyDefaultRiskForwardForeignExchangeContractsAndInterestRateSwapsForPurposeOfHedgingMinimumCapital" xlink:title="CounterpartyDefaultRiskForwardForeignExchangeContractsAndInterestRateSwapsForPurposeOfHedgingMinimumCapital"/>
    <link:definitionArc xlink:type="arc" xlink:arcrole="http://xbrl.org/int/dim/arcrole/domain-member" xlink:from="CounterpartyDefaultRiskForwardForeignExchangeContractsAndInterestRateSwapsForPurposeOfHedgingLineItems" xlink:to="CounterpartyDefaultRiskForwardForeignExchangeContractsAndInterestRateSwapsForPurposeOfHedgingMinimumCapital" xlink:title="definition: CounterpartyDefaultRiskForwardForeignExchangeContractsAndInterestRateSwapsForPurposeOfHedgingLineItems to CounterpartyDefaultRiskForwardForeignExchangeContractsAndInterestRateSwapsForPurposeOfHedgingMinimumCapital" use="optional" order="70.0"/>
  </link:definitionLink>
  <link:definitionLink xlink:type="extended" xlink:role="http://xbrl.circ.gov.cn/role/c-ross_2015-12-31_role-3171400a">
    <link:loc xlink:type="locator" xlink:href="../../c-ross_core_2015-12-31.xsd#c-ross_CounterpartyDefaultRiskForwardForeignExchangeContractsAndInterestRateSwapsForPurposeOfHedgingHedgingInstrumentsAxis" xlink:label="CounterpartyDefaultRiskForwardForeignExchangeContractsAndInterestRateSwapsForPurposeOfHedgingHedgingInstrumentsAxis" xlink:title="CounterpartyDefaultRiskForwardForeignExchangeContractsAndInterestRateSwapsForPurposeOfHedgingHedgingInstrumentsAxis"/>
    <link:loc xlink:type="locator" xlink:href="../../c-ross_core_2015-12-31.xsd#c-ross_HedgingInstrumentsMember" xlink:label="HedgingInstrumentsMember" xlink:title="HedgingInstrumentsMember"/>
    <link:definitionArc xlink:type="arc" xlink:arcrole="http://xbrl.org/int/dim/arcrole/dimension-domain" xlink:from="CounterpartyDefaultRiskForwardForeignExchangeContractsAndInterestRateSwapsForPurposeOfHedgingHedgingInstrumentsAxis" xlink:to="HedgingInstrumentsMember" xlink:title="definition: CounterpartyDefaultRiskForwardForeignExchangeContractsAndInterestRateSwapsForPurposeOfHedgingHedgingInstrumentsAxis to HedgingInstrumentsMember" use="optional" order="10.0"/>
    <link:loc xlink:type="locator" xlink:href="../../c-ross_core_2015-12-31.xsd#c-ross_ForwardForeignExchangeContractsMember" xlink:label="ForwardForeignExchangeContractsMember" xlink:title="ForwardForeignExchangeContractsMember"/>
    <link:definitionArc xlink:type="arc" xlink:arcrole="http://xbrl.org/int/dim/arcrole/domain-member" xlink:from="HedgingInstrumentsMember" xlink:to="ForwardForeignExchangeContractsMember" xlink:title="definition: HedgingInstrumentsMember to ForwardForeignExchangeContractsMember" use="optional" order="10.0"/>
    <link:loc xlink:type="locator" xlink:href="../../c-ross_core_2015-12-31.xsd#c-ross_CounterpartyDefaultRiskForwardForeignExchangeContractsAndInterestRateSwapsForPurposeOfHedgingTable" xlink:label="CounterpartyDefaultRiskForwardForeignExchangeContractsAndInterestRateSwapsForPurposeOfHedgingTable" xlink:title="CounterpartyDefaultRiskForwardForeignExchangeContractsAndInterestRateSwapsForPurposeOfHedgingTable"/>
    <link:definitionArc xlink:type="arc" xlink:arcrole="http://xbrl.org/int/dim/arcrole/hypercube-dimension" xlink:from="CounterpartyDefaultRiskForwardForeignExchangeContractsAndInterestRateSwapsForPurposeOfHedgingTable" xlink:to="CounterpartyDefaultRiskForwardForeignExchangeContractsAndInterestRateSwapsForPurposeOfHedgingHedgingInstrumentsAxis" xlink:title="definition: CounterpartyDefaultRiskForwardForeignExchangeContractsAndInterestRateSwapsForPurposeOfHedgingTable to CounterpartyDefaultRiskForwardForeignExchangeContractsAndInterestRateSwapsForPurposeOfHedgingHedgingInstrumentsAxis" use="optional" order="10.0"/>
    <link:loc xlink:type="locator" xlink:href="../../c-ross_core_2015-12-31.xsd#c-ross_CounterpartyDefaultRiskForwardForeignExchangeContractsAndInterestRateSwapsForPurposeOfHedgingForwardForeignExchangeContractsLineNumberAxis" xlink:label="CounterpartyDefaultRiskForwardForeignExchangeContractsAndInterestRateSwapsForPurposeOfHedgingForwardForeignExchangeContractsLineNumberAxis" xlink:title="CounterpartyDefaultRiskForwardForeignExchangeContractsAndInterestRateSwapsForPurposeOfHedgingForwardForeignExchangeContractsLineNumberAxis"/>
    <link:definitionArc xlink:type="arc" xlink:arcrole="http://xbrl.org/int/dim/arcrole/hypercube-dimension" xlink:from="CounterpartyDefaultRiskForwardForeignExchangeContractsAndInterestRateSwapsForPurposeOfHedgingTable" xlink:to="CounterpartyDefaultRiskForwardForeignExchangeContractsAndInterestRateSwapsForPurposeOfHedgingForwardForeignExchangeContractsLineNumberAxis" xlink:title="definition: CounterpartyDefaultRiskForwardForeignExchangeContractsAndInterestRateSwapsForPurposeOfHedgingTable to CounterpartyDefaultRiskForwardForeignExchangeContractsAndInterestRateSwapsForPurposeOfHedgingForwardForeignExchangeContractsLineNumberAxis" use="optional" order="20.0"/>
    <link:loc xlink:type="locator" xlink:href="../../c-ross_core_2015-12-31.xsd#c-ross_CounterpartyDefaultRiskForwardForeignExchangeContractsAndInterestRateSwapsForPurposeOfHedgingLineItems" xlink:label="CounterpartyDefaultRiskForwardForeignExchangeContractsAndInterestRateSwapsForPurposeOfHedgingLineItems" xlink:title="CounterpartyDefaultRiskForwardForeignExchangeContractsAndInterestRateSwapsForPurposeOfHedgingLineItems"/>
    <link:loc xlink:type="locator" xlink:href="../../c-ross_core_2015-12-31.xsd#c-ross_CounterpartyDefaultRiskForwardForeignExchangeContractsAndInterestRateSwapsForPurposeOfHedgingContractName" xlink:label="CounterpartyDefaultRiskForwardForeignExchangeContractsAndInterestRateSwapsForPurposeOfHedgingContractName" xlink:title="CounterpartyDefaultRiskForwardForeignExchangeContractsAndInterestRateSwapsForPurposeOfHedgingContractName"/>
    <link:definitionArc xlink:type="arc" xlink:arcrole="http://xbrl.org/int/dim/arcrole/domain-member" xlink:from="CounterpartyDefaultRiskForwardForeignExchangeContractsAndInterestRateSwapsForPurposeOfHedgingLineItems" xlink:to="CounterpartyDefaultRiskForwardForeignExchangeContractsAndInterestRateSwapsForPurposeOfHedgingContractName" xlink:title="definition: CounterpartyDefaultRiskForwardForeignExchangeContractsAndInterestRateSwapsForPurposeOfHedgingLineItems to CounterpartyDefaultRiskForwardForeignExchangeContractsAndInterestRateSwapsForPurposeOfHedgingContractName" use="optional" order="10.0"/>
    <link:loc xlink:type="locator" xlink:href="../../c-ross_core_2015-12-31.xsd#c-ross_CounterpartyDefaultRiskForwardForeignExchangeContractsAndInterestRateSwapsForPurposeOfHedgingIssuer" xlink:label="CounterpartyDefaultRiskForwardForeignExchangeContractsAndInterestRateSwapsForPurposeOfHedgingIssuer" xlink:title="CounterpartyDefaultRiskForwardForeignExchangeContractsAndInterestRateSwapsForPurposeOfHedgingIssuer"/>
    <link:definitionArc xlink:type="arc" xlink:arcrole="http://xbrl.org/int/dim/arcrole/domain-member" xlink:from="CounterpartyDefaultRiskForwardForeignExchangeContractsAndInterestRateSwapsForPurposeOfHedgingLineItems" xlink:to="CounterpartyDefaultRiskForwardForeignExchangeContractsAndInterestRateSwapsForPurposeOfHedgingIssuer" xlink:title="definition: CounterpartyDefaultRiskForwardForeignExchangeContractsAndInterestRateSwapsForPurposeOfHedgingLineItems to CounterpartyDefaultRiskForwardForeignExchangeContractsAndInterestRateSwapsForPurposeOfHedgingIssuer" use="optional" order="20.0"/>
    <link:loc xlink:type="locator" xlink:href="../../c-ross_core_2015-12-31.xsd#c-ross_CounterpartyDefaultRiskForwardForeignExchangeContractsAndInterestRateSwapsForPurposeOfHedgingCreditRatingsForAssets" xlink:label="CounterpartyDefaultRiskForwardForeignExchangeContractsAndInterestRateSwapsForPurposeOfHedgingCreditRatingsForAssets" xlink:title="CounterpartyDefaultRiskForwardForeignExchangeContractsAndInterestRateSwapsForPurposeOfHedgingCreditRatingsForAssets"/>
    <link:definitionArc xlink:type="arc" xlink:arcrole="http://xbrl.org/int/dim/arcrole/domain-member" xlink:from="CounterpartyDefaultRiskForwardForeignExchangeContractsAndInterestRateSwapsForPurposeOfHedgingLineItems" xlink:to="CounterpartyDefaultRiskForwardForeignExchangeContractsAndInterestRateSwapsForPurposeOfHedgingCreditRatingsForAssets" xlink:title="definition: CounterpartyDefaultRiskForwardForeignExchangeContractsAndInterestRateSwapsForPurposeOfHedgingLineItems to CounterpartyDefaultRiskForwardForeignExchangeContractsAndInterestRateSwapsForPurposeOfHedgingCreditRatingsForAssets" use="optional" order="30.0"/>
    <link:loc xlink:type="locator" xlink:href="../../c-ross_core_2015-12-31.xsd#c-ross_CounterpartyDefaultRiskForwardForeignExchangeContractsAndInterestRateSwapsForPurposeOfHedgingNetValue" xlink:label="CounterpartyDefaultRiskForwardForeignExchangeContractsAndInterestRateSwapsForPurposeOfHedgingNetValue" xlink:title="CounterpartyDefaultRiskForwardForeignExchangeContractsAndInterestRateSwapsForPurposeOfHedgingNetValue"/>
    <link:definitionArc xlink:type="arc" xlink:arcrole="http://xbrl.org/int/dim/arcrole/domain-member" xlink:from="CounterpartyDefaultRiskForwardForeignExchangeContractsAndInterestRateSwapsForPurposeOfHedgingLineItems" xlink:to="CounterpartyDefaultRiskForwardForeignExchangeContractsAndInterestRateSwapsForPurposeOfHedgingNetValue" xlink:title="definition: CounterpartyDefaultRiskForwardForeignExchangeContractsAndInterestRateSwapsForPurposeOfHedgingLineItems to CounterpartyDefaultRiskForwardForeignExchangeContractsAndInterestRateSwapsForPurposeOfHedgingNetValue" use="optional" order="40.0"/>
    <link:loc xlink:type="locator" xlink:href="../../c-ross_core_2015-12-31.xsd#c-ross_CounterpartyDefaultRiskForwardForeignExchangeContractsAndInterestRateSwapsForPurposeOfHedgingRiskExposure" xlink:label="CounterpartyDefaultRiskForwardForeignExchangeContractsAndInterestRateSwapsForPurposeOfHedgingRiskExposure" xlink:title="CounterpartyDefaultRiskForwardForeignExchangeContractsAndInterestRateSwapsForPurposeOfHedgingRiskExposure"/>
    <link:definitionArc xlink:type="arc" xlink:arcrole="http://xbrl.org/int/dim/arcrole/domain-member" xlink:from="CounterpartyDefaultRiskForwardForeignExchangeContractsAndInterestRateSwapsForPurposeOfHedgingLineItems" xlink:to="CounterpartyDefaultRiskForwardForeignExchangeContractsAndInterestRateSwapsForPurposeOfHedgingRiskExposure" xlink:title="definition: CounterpartyDefaultRiskForwardForeignExchangeContractsAndInterestRateSwapsForPurposeOfHedgingLineItems to CounterpartyDefaultRiskForwardForeignExchangeContractsAndInterestRateSwapsForPurposeOfHedgingRiskExposure" use="optional" order="50.0"/>
    <link:loc xlink:type="locator" xlink:href="../../c-ross_core_2015-12-31.xsd#c-ross_CounterpartyDefaultRiskForwardForeignExchangeContractsAndInterestRateSwapsForPurposeOfHedgingBaseRiskFactor" xlink:label="CounterpartyDefaultRiskForwardForeignExchangeContractsAndInterestRateSwapsForPurposeOfHedgingBaseRiskFactor" xlink:title="CounterpartyDefaultRiskForwardForeignExchangeContractsAndInterestRateSwapsForPurposeOfHedgingBaseRiskFactor"/>
    <link:definitionArc xlink:type="arc" xlink:arcrole="http://xbrl.org/int/dim/arcrole/domain-member" xlink:from="CounterpartyDefaultRiskForwardForeignExchangeContractsAndInterestRateSwapsForPurposeOfHedgingLineItems" xlink:to="CounterpartyDefaultRiskForwardForeignExchangeContractsAndInterestRateSwapsForPurposeOfHedgingBaseRiskFactor" xlink:title="definition: CounterpartyDefaultRiskForwardForeignExchangeContractsAndInterestRateSwapsForPurposeOfHedgingLineItems to CounterpartyDefaultRiskForwardForeignExchangeContractsAndInterestRateSwapsForPurposeOfHedgingBaseRiskFactor" use="optional" order="60.0"/>
    <link:loc xlink:type="locator" xlink:href="../../c-ross_core_2015-12-31.xsd#c-ross_CounterpartyDefaultRiskForwardForeignExchangeContractsAndInterestRateSwapsForPurposeOfHedgingMinimumCapital" xlink:label="CounterpartyDefaultRiskForwardForeignExchangeContractsAndInterestRateSwapsForPurposeOfHedgingMinimumCapital" xlink:title="CounterpartyDefaultRiskForwardForeignExchangeContractsAndInterestRateSwapsForPurposeOfHedgingMinimumCapital"/>
    <link:definitionArc xlink:type="arc" xlink:arcrole="http://xbrl.org/int/dim/arcrole/domain-member" xlink:from="CounterpartyDefaultRiskForwardForeignExchangeContractsAndInterestRateSwapsForPurposeOfHedgingLineItems" xlink:to="CounterpartyDefaultRiskForwardForeignExchangeContractsAndInterestRateSwapsForPurposeOfHedgingMinimumCapital" xlink:title="definition: CounterpartyDefaultRiskForwardForeignExchangeContractsAndInterestRateSwapsForPurposeOfHedgingLineItems to CounterpartyDefaultRiskForwardForeignExchangeContractsAndInterestRateSwapsForPurposeOfHedgingMinimumCapital" use="optional" order="70.0"/>
    <link:loc xlink:type="locator" xlink:href="../../c-ross_core_2015-12-31.xsd#c-ross_CounterpartyDefaultRiskForwardForeignExchangeContractsAndInterestRateSwapsForPurposeOfHedgingForwardForeignExchangeContractsAbstract" xlink:label="CounterpartyDefaultRiskForwardForeignExchangeContractsAndInterestRateSwapsForPurposeOfHedgingForwardForeignExchangeContractsAbstract" xlink:title="CounterpartyDefaultRiskForwardForeignExchangeContractsAndInterestRateSwapsForPurposeOfHedgingForwardForeignExchangeContractsAbstract"/>
    <link:definitionArc xlink:type="arc" xlink:arcrole="http://xbrl.org/int/dim/arcrole/all" xlink:from="CounterpartyDefaultRiskForwardForeignExchangeContractsAndInterestRateSwapsForPurposeOfHedgingForwardForeignExchangeContractsAbstract" xlink:to="CounterpartyDefaultRiskForwardForeignExchangeContractsAndInterestRateSwapsForPurposeOfHedgingTable" xlink:title="definition: CounterpartyDefaultRiskForwardForeignExchangeContractsAndInterestRateSwapsForPurposeOfHedgingForwardForeignExchangeContractsAbstract to CounterpartyDefaultRiskForwardForeignExchangeContractsAndInterestRateSwapsForPurposeOfHedgingTable" use="optional" order="10.0" xbrldt:closed="true" xbrldt:contextElement="scenario"/>
    <link:definitionArc xlink:type="arc" xlink:arcrole="http://xbrl.org/int/dim/arcrole/domain-member" xlink:from="CounterpartyDefaultRiskForwardForeignExchangeContractsAndInterestRateSwapsForPurposeOfHedgingForwardForeignExchangeContractsAbstract" xlink:to="CounterpartyDefaultRiskForwardForeignExchangeContractsAndInterestRateSwapsForPurposeOfHedgingLineItems" xlink:title="definition: CounterpartyDefaultRiskForwardForeignExchangeContractsAndInterestRateSwapsForPurposeOfHedgingForwardForeignExchangeContractsAbstract to CounterpartyDefaultRiskForwardForeignExchangeContractsAndInterestRateSwapsForPurposeOfHedgingLineItems" use="optional" order="20.0"/>
  </link:definitionLink>
  <link:definitionLink xlink:type="extended" xlink:role="http://xbrl.circ.gov.cn/role/c-ross_2015-12-31_role-3171400b">
    <link:loc xlink:type="locator" xlink:href="../../c-ross_core_2015-12-31.xsd#c-ross_CounterpartyDefaultRiskForwardForeignExchangeContractsAndInterestRateSwapsForPurposeOfHedgingHedgingInstrumentsAxis" xlink:label="CounterpartyDefaultRiskForwardForeignExchangeContractsAndInterestRateSwapsForPurposeOfHedgingHedgingInstrumentsAxis" xlink:title="CounterpartyDefaultRiskForwardForeignExchangeContractsAndInterestRateSwapsForPurposeOfHedgingHedgingInstrumentsAxis"/>
    <link:loc xlink:type="locator" xlink:href="../../c-ross_core_2015-12-31.xsd#c-ross_HedgingInstrumentsMember" xlink:label="HedgingInstrumentsMember" xlink:title="HedgingInstrumentsMember"/>
    <link:definitionArc xlink:type="arc" xlink:arcrole="http://xbrl.org/int/dim/arcrole/dimension-domain" xlink:from="CounterpartyDefaultRiskForwardForeignExchangeContractsAndInterestRateSwapsForPurposeOfHedgingHedgingInstrumentsAxis" xlink:to="HedgingInstrumentsMember" xlink:title="definition: CounterpartyDefaultRiskForwardForeignExchangeContractsAndInterestRateSwapsForPurposeOfHedgingHedgingInstrumentsAxis to HedgingInstrumentsMember" use="optional" order="10.0"/>
    <link:loc xlink:type="locator" xlink:href="../../c-ross_core_2015-12-31.xsd#c-ross_InterestRateSwapsMember" xlink:label="InterestRateSwapsMember" xlink:title="InterestRateSwapsMember"/>
    <link:definitionArc xlink:type="arc" xlink:arcrole="http://xbrl.org/int/dim/arcrole/domain-member" xlink:from="HedgingInstrumentsMember" xlink:to="InterestRateSwapsMember" xlink:title="definition: HedgingInstrumentsMember to InterestRateSwapsMember" use="optional" order="10.0"/>
    <link:loc xlink:type="locator" xlink:href="../../c-ross_core_2015-12-31.xsd#c-ross_CounterpartyDefaultRiskForwardForeignExchangeContractsAndInterestRateSwapsForPurposeOfHedgingTable" xlink:label="CounterpartyDefaultRiskForwardForeignExchangeContractsAndInterestRateSwapsForPurposeOfHedgingTable" xlink:title="CounterpartyDefaultRiskForwardForeignExchangeContractsAndInterestRateSwapsForPurposeOfHedgingTable"/>
    <link:definitionArc xlink:type="arc" xlink:arcrole="http://xbrl.org/int/dim/arcrole/hypercube-dimension" xlink:from="CounterpartyDefaultRiskForwardForeignExchangeContractsAndInterestRateSwapsForPurposeOfHedgingTable" xlink:to="CounterpartyDefaultRiskForwardForeignExchangeContractsAndInterestRateSwapsForPurposeOfHedgingHedgingInstrumentsAxis" xlink:title="definition: CounterpartyDefaultRiskForwardForeignExchangeContractsAndInterestRateSwapsForPurposeOfHedgingTable to CounterpartyDefaultRiskForwardForeignExchangeContractsAndInterestRateSwapsForPurposeOfHedgingHedgingInstrumentsAxis" use="optional" order="10.0"/>
    <link:loc xlink:type="locator" xlink:href="../../c-ross_core_2015-12-31.xsd#c-ross_CounterpartyDefaultRiskForwardForeignExchangeContractsAndInterestRateSwapsForPurposeOfHedgingInterestRateSwapsLineNumberAxis" xlink:label="CounterpartyDefaultRiskForwardForeignExchangeContractsAndInterestRateSwapsForPurposeOfHedgingInterestRateSwapsForPurposeOfHedgingLineNumberAxis" xlink:title="CounterpartyDefaultRiskForwardForeignExchangeContractsAndInterestRateSwapsForPurposeOfHedgingInterestRateSwapsForPurposeOfHedgingLineNumberAxis"/>
    <link:definitionArc xlink:type="arc" xlink:arcrole="http://xbrl.org/int/dim/arcrole/hypercube-dimension" xlink:from="CounterpartyDefaultRiskForwardForeignExchangeContractsAndInterestRateSwapsForPurposeOfHedgingTable" xlink:to="CounterpartyDefaultRiskForwardForeignExchangeContractsAndInterestRateSwapsForPurposeOfHedgingInterestRateSwapsForPurposeOfHedgingLineNumberAxis" xlink:title="definition: CounterpartyDefaultRiskForwardForeignExchangeContractsAndInterestRateSwapsForPurposeOfHedgingTable to CounterpartyDefaultRiskForwardForeignExchangeContractsAndInterestRateSwapsForPurposeOfHedgingInterestRateSwapsForPurposeOfHedgingLineNumberAxis" use="optional" order="20.0"/>
    <link:loc xlink:type="locator" xlink:href="../../c-ross_core_2015-12-31.xsd#c-ross_CounterpartyDefaultRiskForwardForeignExchangeContractsAndInterestRateSwapsForPurposeOfHedgingLineItems" xlink:label="CounterpartyDefaultRiskForwardForeignExchangeContractsAndInterestRateSwapsForPurposeOfHedgingLineItems" xlink:title="CounterpartyDefaultRiskForwardForeignExchangeContractsAndInterestRateSwapsForPurposeOfHedgingLineItems"/>
    <link:loc xlink:type="locator" xlink:href="../../c-ross_core_2015-12-31.xsd#c-ross_CounterpartyDefaultRiskForwardForeignExchangeContractsAndInterestRateSwapsForPurposeOfHedgingContractName" xlink:label="CounterpartyDefaultRiskForwardForeignExchangeContractsAndInterestRateSwapsForPurposeOfHedgingContractName" xlink:title="CounterpartyDefaultRiskForwardForeignExchangeContractsAndInterestRateSwapsForPurposeOfHedgingContractName"/>
    <link:definitionArc xlink:type="arc" xlink:arcrole="http://xbrl.org/int/dim/arcrole/domain-member" xlink:from="CounterpartyDefaultRiskForwardForeignExchangeContractsAndInterestRateSwapsForPurposeOfHedgingLineItems" xlink:to="CounterpartyDefaultRiskForwardForeignExchangeContractsAndInterestRateSwapsForPurposeOfHedgingContractName" xlink:title="definition: CounterpartyDefaultRiskForwardForeignExchangeContractsAndInterestRateSwapsForPurposeOfHedgingLineItems to CounterpartyDefaultRiskForwardForeignExchangeContractsAndInterestRateSwapsForPurposeOfHedgingContractName" use="optional" order="10.0"/>
    <link:loc xlink:type="locator" xlink:href="../../c-ross_core_2015-12-31.xsd#c-ross_CounterpartyDefaultRiskForwardForeignExchangeContractsAndInterestRateSwapsForPurposeOfHedgingIssuer" xlink:label="CounterpartyDefaultRiskForwardForeignExchangeContractsAndInterestRateSwapsForPurposeOfHedgingIssuer" xlink:title="CounterpartyDefaultRiskForwardForeignExchangeContractsAndInterestRateSwapsForPurposeOfHedgingIssuer"/>
    <link:definitionArc xlink:type="arc" xlink:arcrole="http://xbrl.org/int/dim/arcrole/domain-member" xlink:from="CounterpartyDefaultRiskForwardForeignExchangeContractsAndInterestRateSwapsForPurposeOfHedgingLineItems" xlink:to="CounterpartyDefaultRiskForwardForeignExchangeContractsAndInterestRateSwapsForPurposeOfHedgingIssuer" xlink:title="definition: CounterpartyDefaultRiskForwardForeignExchangeContractsAndInterestRateSwapsForPurposeOfHedgingLineItems to CounterpartyDefaultRiskForwardForeignExchangeContractsAndInterestRateSwapsForPurposeOfHedgingIssuer" use="optional" order="20.0"/>
    <link:loc xlink:type="locator" xlink:href="../../c-ross_core_2015-12-31.xsd#c-ross_CounterpartyDefaultRiskForwardForeignExchangeContractsAndInterestRateSwapsForPurposeOfHedgingCreditRatingsForAssets" xlink:label="CounterpartyDefaultRiskForwardForeignExchangeContractsAndInterestRateSwapsForPurposeOfHedgingCreditRatingsForAssets" xlink:title="CounterpartyDefaultRiskForwardForeignExchangeContractsAndInterestRateSwapsForPurposeOfHedgingCreditRatingsForAssets"/>
    <link:definitionArc xlink:type="arc" xlink:arcrole="http://xbrl.org/int/dim/arcrole/domain-member" xlink:from="CounterpartyDefaultRiskForwardForeignExchangeContractsAndInterestRateSwapsForPurposeOfHedgingLineItems" xlink:to="CounterpartyDefaultRiskForwardForeignExchangeContractsAndInterestRateSwapsForPurposeOfHedgingCreditRatingsForAssets" xlink:title="definition: CounterpartyDefaultRiskForwardForeignExchangeContractsAndInterestRateSwapsForPurposeOfHedgingLineItems to CounterpartyDefaultRiskForwardForeignExchangeContractsAndInterestRateSwapsForPurposeOfHedgingCreditRatingsForAssets" use="optional" order="30.0"/>
    <link:loc xlink:type="locator" xlink:href="../../c-ross_core_2015-12-31.xsd#c-ross_CounterpartyDefaultRiskForwardForeignExchangeContractsAndInterestRateSwapsForPurposeOfHedgingNetValue" xlink:label="CounterpartyDefaultRiskForwardForeignExchangeContractsAndInterestRateSwapsForPurposeOfHedgingNetValue" xlink:title="CounterpartyDefaultRiskForwardForeignExchangeContractsAndInterestRateSwapsForPurposeOfHedgingNetValue"/>
    <link:definitionArc xlink:type="arc" xlink:arcrole="http://xbrl.org/int/dim/arcrole/domain-member" xlink:from="CounterpartyDefaultRiskForwardForeignExchangeContractsAndInterestRateSwapsForPurposeOfHedgingLineItems" xlink:to="CounterpartyDefaultRiskForwardForeignExchangeContractsAndInterestRateSwapsForPurposeOfHedgingNetValue" xlink:title="definition: CounterpartyDefaultRiskForwardForeignExchangeContractsAndInterestRateSwapsForPurposeOfHedgingLineItems to CounterpartyDefaultRiskForwardForeignExchangeContractsAndInterestRateSwapsForPurposeOfHedgingNetValue" use="optional" order="40.0"/>
    <link:loc xlink:type="locator" xlink:href="../../c-ross_core_2015-12-31.xsd#c-ross_CounterpartyDefaultRiskForwardForeignExchangeContractsAndInterestRateSwapsForPurposeOfHedgingRiskExposure" xlink:label="CounterpartyDefaultRiskForwardForeignExchangeContractsAndInterestRateSwapsForPurposeOfHedgingRiskExposure" xlink:title="CounterpartyDefaultRiskForwardForeignExchangeContractsAndInterestRateSwapsForPurposeOfHedgingRiskExposure"/>
    <link:definitionArc xlink:type="arc" xlink:arcrole="http://xbrl.org/int/dim/arcrole/domain-member" xlink:from="CounterpartyDefaultRiskForwardForeignExchangeContractsAndInterestRateSwapsForPurposeOfHedgingLineItems" xlink:to="CounterpartyDefaultRiskForwardForeignExchangeContractsAndInterestRateSwapsForPurposeOfHedgingRiskExposure" xlink:title="definition: CounterpartyDefaultRiskForwardForeignExchangeContractsAndInterestRateSwapsForPurposeOfHedgingLineItems to CounterpartyDefaultRiskForwardForeignExchangeContractsAndInterestRateSwapsForPurposeOfHedgingRiskExposure" use="optional" order="50.0"/>
    <link:loc xlink:type="locator" xlink:href="../../c-ross_core_2015-12-31.xsd#c-ross_CounterpartyDefaultRiskForwardForeignExchangeContractsAndInterestRateSwapsForPurposeOfHedgingBaseRiskFactor" xlink:label="CounterpartyDefaultRiskForwardForeignExchangeContractsAndInterestRateSwapsForPurposeOfHedgingBaseRiskFactor" xlink:title="CounterpartyDefaultRiskForwardForeignExchangeContractsAndInterestRateSwapsForPurposeOfHedgingBaseRiskFactor"/>
    <link:definitionArc xlink:type="arc" xlink:arcrole="http://xbrl.org/int/dim/arcrole/domain-member" xlink:from="CounterpartyDefaultRiskForwardForeignExchangeContractsAndInterestRateSwapsForPurposeOfHedgingLineItems" xlink:to="CounterpartyDefaultRiskForwardForeignExchangeContractsAndInterestRateSwapsForPurposeOfHedgingBaseRiskFactor" xlink:title="definition: CounterpartyDefaultRiskForwardForeignExchangeContractsAndInterestRateSwapsForPurposeOfHedgingLineItems to CounterpartyDefaultRiskForwardForeignExchangeContractsAndInterestRateSwapsForPurposeOfHedgingBaseRiskFactor" use="optional" order="60.0"/>
    <link:loc xlink:type="locator" xlink:href="../../c-ross_core_2015-12-31.xsd#c-ross_CounterpartyDefaultRiskForwardForeignExchangeContractsAndInterestRateSwapsForPurposeOfHedgingMinimumCapital" xlink:label="CounterpartyDefaultRiskForwardForeignExchangeContractsAndInterestRateSwapsForPurposeOfHedgingMinimumCapital" xlink:title="CounterpartyDefaultRiskForwardForeignExchangeContractsAndInterestRateSwapsForPurposeOfHedgingMinimumCapital"/>
    <link:definitionArc xlink:type="arc" xlink:arcrole="http://xbrl.org/int/dim/arcrole/domain-member" xlink:from="CounterpartyDefaultRiskForwardForeignExchangeContractsAndInterestRateSwapsForPurposeOfHedgingLineItems" xlink:to="CounterpartyDefaultRiskForwardForeignExchangeContractsAndInterestRateSwapsForPurposeOfHedgingMinimumCapital" xlink:title="definition: CounterpartyDefaultRiskForwardForeignExchangeContractsAndInterestRateSwapsForPurposeOfHedgingLineItems to CounterpartyDefaultRiskForwardForeignExchangeContractsAndInterestRateSwapsForPurposeOfHedgingMinimumCapital" use="optional" order="70.0"/>
    <link:loc xlink:type="locator" xlink:href="../../c-ross_core_2015-12-31.xsd#c-ross_CounterpartyDefaultRiskForwardForeignExchangeContractsAndInterestRateSwapsForPurposeOfHedgingInterestRateSwapsAbstract" xlink:label="CounterpartyDefaultRiskForwardForeignExchangeContractsAndInterestRateSwapsForPurposeOfHedgingInterestRateSwapsAbstract" xlink:title="CounterpartyDefaultRiskForwardForeignExchangeContractsAndInterestRateSwapsForPurposeOfHedgingInterestRateSwapsAbstract"/>
    <link:definitionArc xlink:type="arc" xlink:arcrole="http://xbrl.org/int/dim/arcrole/all" xlink:from="CounterpartyDefaultRiskForwardForeignExchangeContractsAndInterestRateSwapsForPurposeOfHedgingInterestRateSwapsAbstract" xlink:to="CounterpartyDefaultRiskForwardForeignExchangeContractsAndInterestRateSwapsForPurposeOfHedgingTable" xlink:title="definition: CounterpartyDefaultRiskForwardForeignExchangeContractsAndInterestRateSwapsForPurposeOfHedgingInterestRateSwapsAbstract to CounterpartyDefaultRiskForwardForeignExchangeContractsAndInterestRateSwapsForPurposeOfHedgingTable" use="optional" order="10.0" xbrldt:closed="true" xbrldt:contextElement="scenario"/>
    <link:definitionArc xlink:type="arc" xlink:arcrole="http://xbrl.org/int/dim/arcrole/domain-member" xlink:from="CounterpartyDefaultRiskForwardForeignExchangeContractsAndInterestRateSwapsForPurposeOfHedgingInterestRateSwapsAbstract" xlink:to="CounterpartyDefaultRiskForwardForeignExchangeContractsAndInterestRateSwapsForPurposeOfHedgingLineItems" xlink:title="definition: CounterpartyDefaultRiskForwardForeignExchangeContractsAndInterestRateSwapsForPurposeOfHedgingInterestRateSwapsAbstract to CounterpartyDefaultRiskForwardForeignExchangeContractsAndInterestRateSwapsForPurposeOfHedgingLineItems" use="optional" order="20.0"/>
  </link:definitionLink>
</link:linkbase>
