<?xml version="1.0" encoding="UTF-8"?>

<!--
	Taxonomy: 2015-12-31 (Final)
	**********************
	Copyright © 2015 China Insurance Regulatory Commission.
	All rights reserved.  No part of this publication may be translated, reprinted or reproduced
	or utilised in any form either in whole or in part without prior permission in writing from China Insurance Regulatory Commission.
	  **********************
	-->
<link:linkbase xmlns:xsi="http://www.w3.org/2001/XMLSchema-instance" xsi:schemaLocation="http://www.xbrl.org/2003/linkbase http://www.xbrl.org/2003/xbrl-linkbase-2003-12-31.xsd" xmlns:c-ross="http://xbrl.circ.gov.cn/taxonomy/2015-12-31/c-ross" xmlns:link="http://www.xbrl.org/2003/linkbase" xmlns:q_s_pc_entry_point="http://xbrl.circ.gov.cn/taxonomy/2015-12-31/c-ross/q_s_pc_entry_point" xmlns:xlink="http://www.w3.org/1999/xlink" xmlns:xbrli="http://www.xbrl.org/2003/instance" xmlns:xbrldt="http://xbrl.org/2005/xbrldt">
  <link:roleRef roleURI="http://xbrl.circ.gov.cn/role/c-ross_2015-12-31_role-3170800" xlink:type="simple" xlink:href="rol_c-ross_8_2015-12-31.xsd#c-ross_2015-12-31-3170800"/>
  <link:roleRef roleURI="http://xbrl.circ.gov.cn/role/c-ross_2015-12-31_role-3170800a" xlink:type="simple" xlink:href="rol_c-ross_8_2015-12-31.xsd#c-ross_2015-12-31-3170800a"/>
  <link:roleRef roleURI="http://xbrl.circ.gov.cn/role/c-ross_2015-12-31_role-3170800b" xlink:type="simple" xlink:href="rol_c-ross_8_2015-12-31.xsd#c-ross_2015-12-31-3170800b"/>
  <link:arcroleRef arcroleURI="http://xbrl.org/int/dim/arcrole/all" xlink:type="simple" xlink:href="http://www.xbrl.org/2005/xbrldt-2005.xsd#all"/>
  <link:arcroleRef arcroleURI="http://xbrl.org/int/dim/arcrole/dimension-default" xlink:type="simple" xlink:href="http://www.xbrl.org/2005/xbrldt-2005.xsd#dimension-default"/>
  <link:arcroleRef arcroleURI="http://xbrl.org/int/dim/arcrole/dimension-domain" xlink:type="simple" xlink:href="http://www.xbrl.org/2005/xbrldt-2005.xsd#dimension-domain"/>
  <link:arcroleRef arcroleURI="http://xbrl.org/int/dim/arcrole/domain-member" xlink:type="simple" xlink:href="http://www.xbrl.org/2005/xbrldt-2005.xsd#domain-member"/>
  <link:arcroleRef arcroleURI="http://xbrl.org/int/dim/arcrole/hypercube-dimension" xlink:type="simple" xlink:href="http://www.xbrl.org/2005/xbrldt-2005.xsd#hypercube-dimension"/>
  <link:arcroleRef arcroleURI="http://xbrl.org/int/dim/arcrole/notAll" xlink:type="simple" xlink:href="http://www.xbrl.org/2005/xbrldt-2005.xsd#notAll"/>
  <link:definitionLink xlink:type="extended" xlink:role="http://xbrl.circ.gov.cn/role/c-ross_2015-12-31_role-3170800">
    <link:loc xlink:type="locator" xlink:href="../../c-ross_core_2015-12-31.xsd#c-ross_ExcludedTable" xlink:label="Excluded" xlink:title="Excluded"/>
    <link:loc xlink:type="locator" xlink:href="../../c-ross_core_2015-12-31.xsd#c-ross_WhetherOrNotCanTrustPlansBeLookedThroughAxis" xlink:label="WhetherOrNotCanTrustPlansBeLookedThroughAxis" xlink:title="WhetherOrNotCanTrustPlansBeLookedThroughAxis"/>
    <link:definitionArc xlink:type="arc" xlink:arcrole="http://xbrl.org/int/dim/arcrole/hypercube-dimension" xlink:from="Excluded" xlink:to="WhetherOrNotCanTrustPlansBeLookedThroughAxis" xlink:title="definition: Excluded to WhetherOrNotCanTrustPlansBeLookedThroughAxis" use="optional" order="10.0"/>
    <link:loc xlink:type="locator" xlink:href="../../c-ross_core_2015-12-31.xsd#c-ross_WhetherOrNotCanTrustPlansBeLookedThroughMember" xlink:label="WhetherOrNotCanTrustPlansBeLookedThroughMember" xlink:title="WhetherOrNotCanTrustPlansBeLookedThroughMember"/>
    <link:definitionArc xlink:type="arc" xlink:arcrole="http://xbrl.org/int/dim/arcrole/dimension-domain" xlink:from="WhetherOrNotCanTrustPlansBeLookedThroughAxis" xlink:to="WhetherOrNotCanTrustPlansBeLookedThroughMember" xlink:title="definition: WhetherOrNotCanTrustPlansBeLookedThroughAxis to WhetherOrNotCanTrustPlansBeLookedThroughMember" use="optional" order="10.0"/>
    <link:loc xlink:type="locator" xlink:href="../../c-ross_core_2015-12-31.xsd#c-ross_WhetherOrNotCanTrustPlansBeLookedThroughMember" xlink:label="WhetherOrNotCanTrustPlansBeLookedThroughMember_2" xlink:title="WhetherOrNotCanTrustPlansBeLookedThroughMember"/>
    <link:definitionArc xlink:type="arc" xlink:arcrole="http://xbrl.org/int/dim/arcrole/dimension-default" xlink:from="WhetherOrNotCanTrustPlansBeLookedThroughAxis" xlink:to="WhetherOrNotCanTrustPlansBeLookedThroughMember_2" xlink:title="definition: WhetherOrNotCanTrustPlansBeLookedThroughAxis to WhetherOrNotCanTrustPlansBeLookedThroughMember" use="optional" order="20.0"/>
    <link:loc xlink:type="locator" xlink:href="../../c-ross_core_2015-12-31.xsd#c-ross_AbleToBeLookedThroughMember" xlink:label="AbleToBeLookedThroughMember" xlink:title="AbleToBeLookedThroughMember"/>
    <link:definitionArc xlink:type="arc" xlink:arcrole="http://xbrl.org/int/dim/arcrole/domain-member" xlink:from="WhetherOrNotCanTrustPlansBeLookedThroughMember" xlink:to="AbleToBeLookedThroughMember" xlink:title="definition: WhetherOrNotCanTrustPlansBeLookedThroughMember to AbleToBeLookedThroughMember" use="optional" order="10.0"/>
    <link:loc xlink:type="locator" xlink:href="../../c-ross_core_2015-12-31.xsd#c-ross_UnableToBeLookedThroughMember" xlink:label="UnableToBeLookedThroughMember" xlink:title="UnableToBeLookedThroughMember"/>
    <link:definitionArc xlink:type="arc" xlink:arcrole="http://xbrl.org/int/dim/arcrole/domain-member" xlink:from="WhetherOrNotCanTrustPlansBeLookedThroughMember" xlink:to="UnableToBeLookedThroughMember" xlink:title="definition: WhetherOrNotCanTrustPlansBeLookedThroughMember to UnableToBeLookedThroughMember" use="optional" order="20.0"/>
    <link:loc xlink:type="locator" xlink:href="../../c-ross_core_2015-12-31.xsd#c-ross_CounterpartyDefaultRiskTrustPlansAbstract" xlink:label="CounterpartyDefaultRiskTrustPlansAbstract" xlink:title="CounterpartyDefaultRiskTrustPlansAbstract"/>
    <link:loc xlink:type="locator" xlink:href="../../c-ross_core_2015-12-31.xsd#c-ross_CounterpartyDefaultRiskTrustPlansTable" xlink:label="CounterpartyDefaultRiskTrustPlansTable" xlink:title="CounterpartyDefaultRiskTrustPlansTable"/>
    <link:definitionArc xlink:type="arc" xlink:arcrole="http://xbrl.org/int/dim/arcrole/all" xlink:from="CounterpartyDefaultRiskTrustPlansAbstract" xlink:to="CounterpartyDefaultRiskTrustPlansTable" xlink:title="definition: CounterpartyDefaultRiskTrustPlansAbstract to CounterpartyDefaultRiskTrustPlansTable" use="optional" order="10.0" xbrldt:closed="true" xbrldt:contextElement="scenario"/>
    <link:definitionArc xlink:type="arc" xlink:arcrole="http://xbrl.org/int/dim/arcrole/hypercube-dimension" xlink:from="CounterpartyDefaultRiskTrustPlansTable" xlink:to="WhetherOrNotCanTrustPlansBeLookedThroughAxis" xlink:title="definition: CounterpartyDefaultRiskTrustPlansTable to WhetherOrNotCanTrustPlansBeLookedThroughAxis" use="optional" order="10.0"/>
    <link:loc xlink:type="locator" xlink:href="../../c-ross_core_2015-12-31.xsd#c-ross_CounterpartyDefaultRiskTrustPlansLineItems" xlink:label="CounterpartyDefaultRiskTrustPlansLineItems" xlink:title="CounterpartyDefaultRiskTrustPlansLineItems"/>
    <link:definitionArc xlink:type="arc" xlink:arcrole="http://xbrl.org/int/dim/arcrole/domain-member" xlink:from="CounterpartyDefaultRiskTrustPlansAbstract" xlink:to="CounterpartyDefaultRiskTrustPlansLineItems" xlink:title="definition: CounterpartyDefaultRiskTrustPlansAbstract to CounterpartyDefaultRiskTrustPlansLineItems" use="optional" order="20.0"/>
    <link:loc xlink:type="locator" xlink:href="../../c-ross_core_2015-12-31.xsd#c-ross_CounterpartyDefaultRiskTrustPlansProductName" xlink:label="CounterpartyDefaultRiskTrustPlansAssetName" xlink:title="CounterpartyDefaultRiskTrustPlansAssetName"/>
    <link:definitionArc xlink:type="arc" xlink:arcrole="http://xbrl.org/int/dim/arcrole/domain-member" xlink:from="CounterpartyDefaultRiskTrustPlansLineItems" xlink:to="CounterpartyDefaultRiskTrustPlansAssetName" xlink:title="definition: CounterpartyDefaultRiskTrustPlansLineItems to CounterpartyDefaultRiskTrustPlansAssetName" use="optional" order="10.0"/>
    <link:definitionArc xlink:type="arc" xlink:arcrole="http://xbrl.org/int/dim/arcrole/notAll" xlink:from="CounterpartyDefaultRiskTrustPlansAssetName" xlink:to="Excluded" xlink:title="definition: CounterpartyDefaultRiskTrustPlansAssetName to Excluded" use="optional" order="10.0" xbrldt:contextElement="scenario"/>
    <link:loc xlink:type="locator" xlink:href="../../c-ross_core_2015-12-31.xsd#c-ross_CounterpartyDefaultRiskTrustPlansCreditRatingsForAssets" xlink:label="CounterpartyDefaultRiskTrustPlansCreditRatingsForAssets" xlink:title="CounterpartyDefaultRiskTrustPlansCreditRatingsForAssets"/>
    <link:definitionArc xlink:type="arc" xlink:arcrole="http://xbrl.org/int/dim/arcrole/domain-member" xlink:from="CounterpartyDefaultRiskTrustPlansLineItems" xlink:to="CounterpartyDefaultRiskTrustPlansCreditRatingsForAssets" xlink:title="definition: CounterpartyDefaultRiskTrustPlansLineItems to CounterpartyDefaultRiskTrustPlansCreditRatingsForAssets" use="optional" order="20.0"/>
    <link:definitionArc xlink:type="arc" xlink:arcrole="http://xbrl.org/int/dim/arcrole/notAll" xlink:from="CounterpartyDefaultRiskTrustPlansCreditRatingsForAssets" xlink:to="Excluded" xlink:title="definition: CounterpartyDefaultRiskTrustPlansCreditRatingsForAssets to Excluded" order="10.0" xbrldt:contextElement="scenario"/>
    <link:loc xlink:type="locator" xlink:href="../../c-ross_core_2015-12-31.xsd#c-ross_CounterpartyDefaultRiskTrustPlansIssuer" xlink:label="CounterpartyDefaultRiskTrustPlansIssuer" xlink:title="CounterpartyDefaultRiskTrustPlansIssuer"/>
    <link:definitionArc xlink:type="arc" xlink:arcrole="http://xbrl.org/int/dim/arcrole/domain-member" xlink:from="CounterpartyDefaultRiskTrustPlansLineItems" xlink:to="CounterpartyDefaultRiskTrustPlansIssuer" xlink:title="definition: CounterpartyDefaultRiskTrustPlansLineItems to CounterpartyDefaultRiskTrustPlansIssuer" use="optional" order="30.0"/>
    <link:definitionArc xlink:type="arc" xlink:arcrole="http://xbrl.org/int/dim/arcrole/notAll" xlink:from="CounterpartyDefaultRiskTrustPlansIssuer" xlink:to="Excluded" xlink:title="definition: CounterpartyDefaultRiskTrustPlansIssuer to Excluded" use="optional" order="10.0" xbrldt:contextElement="scenario"/>
    <link:loc xlink:type="locator" xlink:href="../../c-ross_core_2015-12-31.xsd#c-ross_CounterpartyDefaultRiskTrustPlansCreditRatingOfIssuer" xlink:label="CounterpartyDefaultRiskTrustPlansCreditRatingOfIssuer" xlink:title="CounterpartyDefaultRiskTrustPlansCreditRatingOfIssuer"/>
    <link:definitionArc xlink:type="arc" xlink:arcrole="http://xbrl.org/int/dim/arcrole/domain-member" xlink:from="CounterpartyDefaultRiskTrustPlansLineItems" xlink:to="CounterpartyDefaultRiskTrustPlansCreditRatingOfIssuer" xlink:title="definition: CounterpartyDefaultRiskTrustPlansLineItems to CounterpartyDefaultRiskTrustPlansCreditRatingOfIssuer" use="optional" order="40.0"/>
    <link:definitionArc xlink:type="arc" xlink:arcrole="http://xbrl.org/int/dim/arcrole/notAll" xlink:from="CounterpartyDefaultRiskTrustPlansCreditRatingOfIssuer" xlink:to="Excluded" xlink:title="definition: CounterpartyDefaultRiskTrustPlansCreditRatingOfIssuer to Excluded" use="optional" order="10.0" xbrldt:contextElement="scenario"/>
    <link:loc xlink:type="locator" xlink:href="../../c-ross_core_2015-12-31.xsd#c-ross_CounterpartyDefaultRiskTrustPlansAdmittedValue" xlink:label="CounterpartyDefaultRiskTrustPlansAdmittedValue" xlink:title="CounterpartyDefaultRiskTrustPlansAdmittedValue"/>
    <link:definitionArc xlink:type="arc" xlink:arcrole="http://xbrl.org/int/dim/arcrole/domain-member" xlink:from="CounterpartyDefaultRiskTrustPlansLineItems" xlink:to="CounterpartyDefaultRiskTrustPlansAdmittedValue" xlink:title="definition: CounterpartyDefaultRiskTrustPlansLineItems to CounterpartyDefaultRiskTrustPlansAdmittedValue" use="optional" order="50.0"/>
    <link:loc xlink:type="locator" xlink:href="../../c-ross_core_2015-12-31.xsd#c-ross_CounterpartyDefaultRiskTrustPlansInterestReceivable" xlink:label="CounterpartyDefaultRiskTrustPlansInterestReceivable" xlink:title="CounterpartyDefaultRiskTrustPlansInterestReceivable"/>
    <link:definitionArc xlink:type="arc" xlink:arcrole="http://xbrl.org/int/dim/arcrole/domain-member" xlink:from="CounterpartyDefaultRiskTrustPlansLineItems" xlink:to="CounterpartyDefaultRiskTrustPlansInterestReceivable" xlink:title="definition: CounterpartyDefaultRiskTrustPlansLineItems to CounterpartyDefaultRiskTrustPlansInterestReceivable" use="optional" order="60.0"/>
    <link:loc xlink:type="locator" xlink:href="../../c-ross_core_2015-12-31.xsd#c-ross_CounterpartyDefaultRiskTrustPlansRiskExposure" xlink:label="CounterpartyDefaultRiskTrustPlansRiskExposure" xlink:title="CounterpartyDefaultRiskTrustPlansRiskExposure"/>
    <link:definitionArc xlink:type="arc" xlink:arcrole="http://xbrl.org/int/dim/arcrole/domain-member" xlink:from="CounterpartyDefaultRiskTrustPlansLineItems" xlink:to="CounterpartyDefaultRiskTrustPlansRiskExposure" xlink:title="definition: CounterpartyDefaultRiskTrustPlansLineItems to CounterpartyDefaultRiskTrustPlansRiskExposure" use="optional" order="70.0"/>
    <link:loc xlink:type="locator" xlink:href="../../c-ross_core_2015-12-31.xsd#c-ross_CounterpartyDefaultRiskTrustPlansBaseRiskFactor" xlink:label="CounterpartyDefaultRiskTrustPlansBaseRiskFactor" xlink:title="CounterpartyDefaultRiskTrustPlansBaseRiskFactor"/>
    <link:definitionArc xlink:type="arc" xlink:arcrole="http://xbrl.org/int/dim/arcrole/domain-member" xlink:from="CounterpartyDefaultRiskTrustPlansLineItems" xlink:to="CounterpartyDefaultRiskTrustPlansBaseRiskFactor" xlink:title="definition: CounterpartyDefaultRiskTrustPlansLineItems to CounterpartyDefaultRiskTrustPlansBaseRiskFactor" use="optional" order="80.0"/>
    <link:definitionArc xlink:type="arc" xlink:arcrole="http://xbrl.org/int/dim/arcrole/notAll" xlink:from="CounterpartyDefaultRiskTrustPlansBaseRiskFactor" xlink:to="Excluded" xlink:title="definition: CounterpartyDefaultRiskTrustPlansBaseRiskFactor to Excluded" use="optional" order="10.0" xbrldt:contextElement="scenario"/>
    <link:loc xlink:type="locator" xlink:href="../../c-ross_core_2015-12-31.xsd#c-ross_CounterpartyDefaultRiskTrustPlansRiskFactorOne" xlink:label="CounterpartyDefaultRiskTrustPlansRiskFactorOne" xlink:title="CounterpartyDefaultRiskTrustPlansRiskFactorOne"/>
    <link:definitionArc xlink:type="arc" xlink:arcrole="http://xbrl.org/int/dim/arcrole/domain-member" xlink:from="CounterpartyDefaultRiskTrustPlansLineItems" xlink:to="CounterpartyDefaultRiskTrustPlansRiskFactorOne" xlink:title="definition: CounterpartyDefaultRiskTrustPlansLineItems to CounterpartyDefaultRiskTrustPlansRiskFactorOne" use="optional" order="90.0"/>
    <link:definitionArc xlink:type="arc" xlink:arcrole="http://xbrl.org/int/dim/arcrole/notAll" xlink:from="CounterpartyDefaultRiskTrustPlansRiskFactorOne" xlink:to="Excluded" xlink:title="definition: CounterpartyDefaultRiskTrustPlansRiskFactorOne to Excluded" use="optional" order="10.0" xbrldt:contextElement="scenario"/>
    <link:loc xlink:type="locator" xlink:href="../../c-ross_core_2015-12-31.xsd#c-ross_CounterpartyDefaultRiskTrustPlansRiskFactorTwo" xlink:label="CounterpartyDefaultRiskTrustPlansRiskFactorTwo" xlink:title="CounterpartyDefaultRiskTrustPlansRiskFactorTwo"/>
    <link:definitionArc xlink:type="arc" xlink:arcrole="http://xbrl.org/int/dim/arcrole/domain-member" xlink:from="CounterpartyDefaultRiskTrustPlansLineItems" xlink:to="CounterpartyDefaultRiskTrustPlansRiskFactorTwo" xlink:title="definition: CounterpartyDefaultRiskTrustPlansLineItems to CounterpartyDefaultRiskTrustPlansRiskFactorTwo" use="optional" order="100.0"/>
    <link:definitionArc xlink:type="arc" xlink:arcrole="http://xbrl.org/int/dim/arcrole/notAll" xlink:from="CounterpartyDefaultRiskTrustPlansRiskFactorTwo" xlink:to="Excluded" xlink:title="definition: CounterpartyDefaultRiskTrustPlansRiskFactorTwo to Excluded" use="optional" order="10.0" xbrldt:contextElement="scenario"/>
    <link:loc xlink:type="locator" xlink:href="../../c-ross_core_2015-12-31.xsd#c-ross_CounterpartyDefaultRiskTrustPlansMinimumCapital" xlink:label="CounterpartyDefaultRiskTrustPlansMinimumCapital" xlink:title="CounterpartyDefaultRiskTrustPlansMinimumCapital"/>
    <link:definitionArc xlink:type="arc" xlink:arcrole="http://xbrl.org/int/dim/arcrole/domain-member" xlink:from="CounterpartyDefaultRiskTrustPlansLineItems" xlink:to="CounterpartyDefaultRiskTrustPlansMinimumCapital" xlink:title="definition: CounterpartyDefaultRiskTrustPlansLineItems to CounterpartyDefaultRiskTrustPlansMinimumCapital" use="optional" order="110.0"/>
  </link:definitionLink>
  <link:definitionLink xlink:type="extended" xlink:role="http://xbrl.circ.gov.cn/role/c-ross_2015-12-31_role-3170800a">
    <link:loc xlink:type="locator" xlink:href="../../c-ross_core_2015-12-31.xsd#c-ross_WhetherOrNotCanTrustPlansBeLookedThroughAxis" xlink:label="WhetherOrNotCanTrustPlansBeLookedThroughAxis" xlink:title="WhetherOrNotCanTrustPlansBeLookedThroughAxis"/>
    <link:loc xlink:type="locator" xlink:href="../../c-ross_core_2015-12-31.xsd#c-ross_WhetherOrNotCanTrustPlansBeLookedThroughMember" xlink:label="WhetherOrNotCanTrustPlansBeLookedThroughMember" xlink:title="WhetherOrNotCanTrustPlansBeLookedThroughMember"/>
    <link:definitionArc xlink:type="arc" xlink:arcrole="http://xbrl.org/int/dim/arcrole/dimension-domain" xlink:from="WhetherOrNotCanTrustPlansBeLookedThroughAxis" xlink:to="WhetherOrNotCanTrustPlansBeLookedThroughMember" xlink:title="definition: WhetherOrNotCanTrustPlansBeLookedThroughAxis to WhetherOrNotCanTrustPlansBeLookedThroughMember" use="optional" order="10.0"/>
    <link:loc xlink:type="locator" xlink:href="../../c-ross_core_2015-12-31.xsd#c-ross_AbleToBeLookedThroughMember" xlink:label="AbleToBeLookedThroughMember" xlink:title="AbleToBeLookedThroughMember"/>
    <link:definitionArc xlink:type="arc" xlink:arcrole="http://xbrl.org/int/dim/arcrole/domain-member" xlink:from="WhetherOrNotCanTrustPlansBeLookedThroughMember" xlink:to="AbleToBeLookedThroughMember" xlink:title="definition: WhetherOrNotCanTrustPlansBeLookedThroughMember to AbleToBeLookedThroughMember" use="optional" order="10.0"/>
    <link:loc xlink:type="locator" xlink:href="../../c-ross_core_2015-12-31.xsd#c-ross_CounterpartyDefaultRiskTrustPlansTable" xlink:label="CounterpartyDefaultRiskTrustPlansTable" xlink:title="CounterpartyDefaultRiskTrustPlansTable"/>
    <link:definitionArc xlink:type="arc" xlink:arcrole="http://xbrl.org/int/dim/arcrole/hypercube-dimension" xlink:from="CounterpartyDefaultRiskTrustPlansTable" xlink:to="WhetherOrNotCanTrustPlansBeLookedThroughAxis" xlink:title="definition: CounterpartyDefaultRiskTrustPlansTable to WhetherOrNotCanTrustPlansBeLookedThroughAxis" use="optional" order="10.0"/>
    <link:loc xlink:type="locator" xlink:href="../../c-ross_core_2015-12-31.xsd#c-ross_CounterpartyDefaultRiskTrustPlansThatCanBeLookedThroughLineNumberAxis" xlink:label="CounterpartyDefaultRiskTrustPlansThatCanBeLookedThroughLineNumberAxis" xlink:title="CounterpartyDefaultRiskTrustPlansThatCanBeLookedThroughLineNumberAxis"/>
    <link:definitionArc xlink:type="arc" xlink:arcrole="http://xbrl.org/int/dim/arcrole/hypercube-dimension" xlink:from="CounterpartyDefaultRiskTrustPlansTable" xlink:to="CounterpartyDefaultRiskTrustPlansThatCanBeLookedThroughLineNumberAxis" xlink:title="definition: CounterpartyDefaultRiskTrustPlansTable to CounterpartyDefaultRiskTrustPlansThatCanBeLookedThroughLineNumberAxis" use="optional" order="20.0"/>
    <link:loc xlink:type="locator" xlink:href="../../c-ross_core_2015-12-31.xsd#c-ross_CounterpartyDefaultRiskTrustPlansLineItems" xlink:label="CounterpartyDefaultRiskTrustPlansLineItems" xlink:title="CounterpartyDefaultRiskTrustPlansLineItems"/>
    <link:loc xlink:type="locator" xlink:href="../../c-ross_core_2015-12-31.xsd#c-ross_CounterpartyDefaultRiskTrustPlansProductName" xlink:label="CounterpartyDefaultRiskTrustPlansAssetName" xlink:title="CounterpartyDefaultRiskTrustPlansAssetName"/>
    <link:definitionArc xlink:type="arc" xlink:arcrole="http://xbrl.org/int/dim/arcrole/domain-member" xlink:from="CounterpartyDefaultRiskTrustPlansLineItems" xlink:to="CounterpartyDefaultRiskTrustPlansAssetName" xlink:title="definition: CounterpartyDefaultRiskTrustPlansLineItems to CounterpartyDefaultRiskTrustPlansAssetName" use="optional" order="10.0"/>
    <link:loc xlink:type="locator" xlink:href="../../c-ross_core_2015-12-31.xsd#c-ross_CounterpartyDefaultRiskTrustPlansCreditRatingsForAssets" xlink:label="CounterpartyDefaultRiskTrustPlansCreditRatingsForAssets" xlink:title="CounterpartyDefaultRiskTrustPlansCreditRatingsForAssets"/>
    <link:definitionArc xlink:type="arc" xlink:arcrole="http://xbrl.org/int/dim/arcrole/domain-member" xlink:from="CounterpartyDefaultRiskTrustPlansLineItems" xlink:to="CounterpartyDefaultRiskTrustPlansCreditRatingsForAssets" xlink:title="definition: CounterpartyDefaultRiskTrustPlansLineItems to CounterpartyDefaultRiskTrustPlansCreditRatingsForAssets" use="optional" order="20.0"/>
    <link:loc xlink:type="locator" xlink:href="../../c-ross_core_2015-12-31.xsd#c-ross_CounterpartyDefaultRiskTrustPlansIssuer" xlink:label="CounterpartyDefaultRiskTrustPlansIssuer" xlink:title="CounterpartyDefaultRiskTrustPlansIssuer"/>
    <link:definitionArc xlink:type="arc" xlink:arcrole="http://xbrl.org/int/dim/arcrole/domain-member" xlink:from="CounterpartyDefaultRiskTrustPlansLineItems" xlink:to="CounterpartyDefaultRiskTrustPlansIssuer" xlink:title="definition: CounterpartyDefaultRiskTrustPlansLineItems to CounterpartyDefaultRiskTrustPlansIssuer" use="optional" order="30.0"/>
    <link:loc xlink:type="locator" xlink:href="../../c-ross_core_2015-12-31.xsd#c-ross_CounterpartyDefaultRiskTrustPlansCreditRatingOfIssuer" xlink:label="CounterpartyDefaultRiskTrustPlansCreditRatingOfIssuer" xlink:title="CounterpartyDefaultRiskTrustPlansCreditRatingOfIssuer"/>
    <link:definitionArc xlink:type="arc" xlink:arcrole="http://xbrl.org/int/dim/arcrole/domain-member" xlink:from="CounterpartyDefaultRiskTrustPlansLineItems" xlink:to="CounterpartyDefaultRiskTrustPlansCreditRatingOfIssuer" xlink:title="definition: CounterpartyDefaultRiskTrustPlansLineItems to CounterpartyDefaultRiskTrustPlansCreditRatingOfIssuer" use="optional" order="40.0"/>
    <link:loc xlink:type="locator" xlink:href="../../c-ross_core_2015-12-31.xsd#c-ross_CounterpartyDefaultRiskTrustPlansAdmittedValue" xlink:label="CounterpartyDefaultRiskTrustPlansAdmittedValue" xlink:title="CounterpartyDefaultRiskTrustPlansAdmittedValue"/>
    <link:definitionArc xlink:type="arc" xlink:arcrole="http://xbrl.org/int/dim/arcrole/domain-member" xlink:from="CounterpartyDefaultRiskTrustPlansLineItems" xlink:to="CounterpartyDefaultRiskTrustPlansAdmittedValue" xlink:title="definition: CounterpartyDefaultRiskTrustPlansLineItems to CounterpartyDefaultRiskTrustPlansAdmittedValue" use="optional" order="50.0"/>
    <link:loc xlink:type="locator" xlink:href="../../c-ross_core_2015-12-31.xsd#c-ross_CounterpartyDefaultRiskTrustPlansInterestReceivable" xlink:label="CounterpartyDefaultRiskTrustPlansInterestReceivable" xlink:title="CounterpartyDefaultRiskTrustPlansInterestReceivable"/>
    <link:definitionArc xlink:type="arc" xlink:arcrole="http://xbrl.org/int/dim/arcrole/domain-member" xlink:from="CounterpartyDefaultRiskTrustPlansLineItems" xlink:to="CounterpartyDefaultRiskTrustPlansInterestReceivable" xlink:title="definition: CounterpartyDefaultRiskTrustPlansLineItems to CounterpartyDefaultRiskTrustPlansInterestReceivable" use="optional" order="60.0"/>
    <link:loc xlink:type="locator" xlink:href="../../c-ross_core_2015-12-31.xsd#c-ross_CounterpartyDefaultRiskTrustPlansRiskExposure" xlink:label="CounterpartyDefaultRiskTrustPlansRiskExposure" xlink:title="CounterpartyDefaultRiskTrustPlansRiskExposure"/>
    <link:definitionArc xlink:type="arc" xlink:arcrole="http://xbrl.org/int/dim/arcrole/domain-member" xlink:from="CounterpartyDefaultRiskTrustPlansLineItems" xlink:to="CounterpartyDefaultRiskTrustPlansRiskExposure" xlink:title="definition: CounterpartyDefaultRiskTrustPlansLineItems to CounterpartyDefaultRiskTrustPlansRiskExposure" use="optional" order="70.0"/>
    <link:loc xlink:type="locator" xlink:href="../../c-ross_core_2015-12-31.xsd#c-ross_CounterpartyDefaultRiskTrustPlansBaseRiskFactor" xlink:label="CounterpartyDefaultRiskTrustPlansBaseRiskFactor" xlink:title="CounterpartyDefaultRiskTrustPlansBaseRiskFactor"/>
    <link:definitionArc xlink:type="arc" xlink:arcrole="http://xbrl.org/int/dim/arcrole/domain-member" xlink:from="CounterpartyDefaultRiskTrustPlansLineItems" xlink:to="CounterpartyDefaultRiskTrustPlansBaseRiskFactor" xlink:title="definition: CounterpartyDefaultRiskTrustPlansLineItems to CounterpartyDefaultRiskTrustPlansBaseRiskFactor" use="optional" order="80.0"/>
    <link:loc xlink:type="locator" xlink:href="../../c-ross_core_2015-12-31.xsd#c-ross_CounterpartyDefaultRiskTrustPlansRiskFactorOne" xlink:label="CounterpartyDefaultRiskTrustPlansRiskFactorOne" xlink:title="CounterpartyDefaultRiskTrustPlansRiskFactorOne"/>
    <link:definitionArc xlink:type="arc" xlink:arcrole="http://xbrl.org/int/dim/arcrole/domain-member" xlink:from="CounterpartyDefaultRiskTrustPlansLineItems" xlink:to="CounterpartyDefaultRiskTrustPlansRiskFactorOne" xlink:title="definition: CounterpartyDefaultRiskTrustPlansLineItems to CounterpartyDefaultRiskTrustPlansRiskFactorOne" use="optional" order="90.0"/>
    <link:loc xlink:type="locator" xlink:href="../../c-ross_core_2015-12-31.xsd#c-ross_CounterpartyDefaultRiskTrustPlansRiskFactorTwo" xlink:label="CounterpartyDefaultRiskTrustPlansRiskFactorTwo" xlink:title="CounterpartyDefaultRiskTrustPlansRiskFactorTwo"/>
    <link:definitionArc xlink:type="arc" xlink:arcrole="http://xbrl.org/int/dim/arcrole/domain-member" xlink:from="CounterpartyDefaultRiskTrustPlansLineItems" xlink:to="CounterpartyDefaultRiskTrustPlansRiskFactorTwo" xlink:title="definition: CounterpartyDefaultRiskTrustPlansLineItems to CounterpartyDefaultRiskTrustPlansRiskFactorTwo" use="optional" order="100.0"/>
    <link:loc xlink:type="locator" xlink:href="../../c-ross_core_2015-12-31.xsd#c-ross_CounterpartyDefaultRiskTrustPlansMinimumCapital" xlink:label="CounterpartyDefaultRiskTrustPlansMinimumCapital" xlink:title="CounterpartyDefaultRiskTrustPlansMinimumCapital"/>
    <link:definitionArc xlink:type="arc" xlink:arcrole="http://xbrl.org/int/dim/arcrole/domain-member" xlink:from="CounterpartyDefaultRiskTrustPlansLineItems" xlink:to="CounterpartyDefaultRiskTrustPlansMinimumCapital" xlink:title="definition: CounterpartyDefaultRiskTrustPlansLineItems to CounterpartyDefaultRiskTrustPlansMinimumCapital" use="optional" order="110.0"/>
    <link:loc xlink:type="locator" xlink:href="../../c-ross_core_2015-12-31.xsd#c-ross_CounterpartyDefaultRiskTrustPlansThatCanBeLookedThroughAbstract" xlink:label="CounterpartyDefaultRiskTrustPlansThatCanBeLookedThroughAbstract" xlink:title="CounterpartyDefaultRiskTrustPlansThatCanBeLookedThroughAbstract"/>
    <link:definitionArc xlink:type="arc" xlink:arcrole="http://xbrl.org/int/dim/arcrole/all" xlink:from="CounterpartyDefaultRiskTrustPlansThatCanBeLookedThroughAbstract" xlink:to="CounterpartyDefaultRiskTrustPlansTable" xlink:title="definition: CounterpartyDefaultRiskTrustPlansThatCanBeLookedThroughAbstract to CounterpartyDefaultRiskTrustPlansTable" use="optional" order="10.0" xbrldt:closed="true" xbrldt:contextElement="scenario"/>
    <link:definitionArc xlink:type="arc" xlink:arcrole="http://xbrl.org/int/dim/arcrole/domain-member" xlink:from="CounterpartyDefaultRiskTrustPlansThatCanBeLookedThroughAbstract" xlink:to="CounterpartyDefaultRiskTrustPlansLineItems" xlink:title="definition: CounterpartyDefaultRiskTrustPlansThatCanBeLookedThroughAbstract to CounterpartyDefaultRiskTrustPlansLineItems" use="optional" order="20.0"/>
  </link:definitionLink>
  <link:definitionLink xlink:type="extended" xlink:role="http://xbrl.circ.gov.cn/role/c-ross_2015-12-31_role-3170800b">
    <link:loc xlink:type="locator" xlink:href="../../c-ross_core_2015-12-31.xsd#c-ross_WhetherOrNotCanTrustPlansBeLookedThroughAxis" xlink:label="WhetherOrNotCanTrustPlansBeLookedThroughAxis" xlink:title="WhetherOrNotCanTrustPlansBeLookedThroughAxis"/>
    <link:loc xlink:type="locator" xlink:href="../../c-ross_core_2015-12-31.xsd#c-ross_WhetherOrNotCanTrustPlansBeLookedThroughMember" xlink:label="WhetherOrNotCanTrustPlansBeLookedThroughMember" xlink:title="WhetherOrNotCanTrustPlansBeLookedThroughMember"/>
    <link:definitionArc xlink:type="arc" xlink:arcrole="http://xbrl.org/int/dim/arcrole/dimension-domain" xlink:from="WhetherOrNotCanTrustPlansBeLookedThroughAxis" xlink:to="WhetherOrNotCanTrustPlansBeLookedThroughMember" xlink:title="definition: WhetherOrNotCanTrustPlansBeLookedThroughAxis to WhetherOrNotCanTrustPlansBeLookedThroughMember" use="optional" order="10.0"/>
    <link:loc xlink:type="locator" xlink:href="../../c-ross_core_2015-12-31.xsd#c-ross_UnableToBeLookedThroughMember" xlink:label="UnableToBeLookedThroughMember" xlink:title="UnableToBeLookedThroughMember"/>
    <link:definitionArc xlink:type="arc" xlink:arcrole="http://xbrl.org/int/dim/arcrole/domain-member" xlink:from="WhetherOrNotCanTrustPlansBeLookedThroughMember" xlink:to="UnableToBeLookedThroughMember" xlink:title="definition: WhetherOrNotCanTrustPlansBeLookedThroughMember to UnableToBeLookedThroughMember" use="optional" order="10.0"/>
    <link:loc xlink:type="locator" xlink:href="../../c-ross_core_2015-12-31.xsd#c-ross_CounterpartyDefaultRiskTrustPlansTable" xlink:label="CounterpartyDefaultRiskTrustPlansTable" xlink:title="CounterpartyDefaultRiskTrustPlansTable"/>
    <link:definitionArc xlink:type="arc" xlink:arcrole="http://xbrl.org/int/dim/arcrole/hypercube-dimension" xlink:from="CounterpartyDefaultRiskTrustPlansTable" xlink:to="WhetherOrNotCanTrustPlansBeLookedThroughAxis" xlink:title="definition: CounterpartyDefaultRiskTrustPlansTable to WhetherOrNotCanTrustPlansBeLookedThroughAxis" use="optional" order="10.0"/>
    <link:loc xlink:type="locator" xlink:href="../../c-ross_core_2015-12-31.xsd#c-ross_CounterpartyDefaultRiskTrustPlansThatCannotBeLookedThroughLineNumberAxis" xlink:label="CounterpartyDefaultRiskTrustPlansThatCannotBeLookedThroughLineNumberAxis" xlink:title="CounterpartyDefaultRiskTrustPlansThatCannotBeLookedThroughLineNumberAxis"/>
    <link:definitionArc xlink:type="arc" xlink:arcrole="http://xbrl.org/int/dim/arcrole/hypercube-dimension" xlink:from="CounterpartyDefaultRiskTrustPlansTable" xlink:to="CounterpartyDefaultRiskTrustPlansThatCannotBeLookedThroughLineNumberAxis" xlink:title="definition: CounterpartyDefaultRiskTrustPlansTable to CounterpartyDefaultRiskTrustPlansThatCannotBeLookedThroughLineNumberAxis" use="optional" order="20.0"/>
    <link:loc xlink:type="locator" xlink:href="../../c-ross_core_2015-12-31.xsd#c-ross_CounterpartyDefaultRiskTrustPlansLineItems" xlink:label="CounterpartyDefaultRiskTrustPlansLineItems" xlink:title="CounterpartyDefaultRiskTrustPlansLineItems"/>
    <link:loc xlink:type="locator" xlink:href="../../c-ross_core_2015-12-31.xsd#c-ross_CounterpartyDefaultRiskTrustPlansProductName" xlink:label="CounterpartyDefaultRiskTrustPlansAssetName" xlink:title="CounterpartyDefaultRiskTrustPlansAssetName"/>
    <link:definitionArc xlink:type="arc" xlink:arcrole="http://xbrl.org/int/dim/arcrole/domain-member" xlink:from="CounterpartyDefaultRiskTrustPlansLineItems" xlink:to="CounterpartyDefaultRiskTrustPlansAssetName" xlink:title="definition: CounterpartyDefaultRiskTrustPlansLineItems to CounterpartyDefaultRiskTrustPlansAssetName" use="optional" order="10.0"/>
    <link:loc xlink:type="locator" xlink:href="../../c-ross_core_2015-12-31.xsd#c-ross_CounterpartyDefaultRiskTrustPlansCreditRatingsForAssets" xlink:label="CounterpartyDefaultRiskTrustPlansCreditRatingsForAssets" xlink:title="CounterpartyDefaultRiskTrustPlansCreditRatingsForAssets"/>
    <link:definitionArc xlink:type="arc" xlink:arcrole="http://xbrl.org/int/dim/arcrole/domain-member" xlink:from="CounterpartyDefaultRiskTrustPlansLineItems" xlink:to="CounterpartyDefaultRiskTrustPlansCreditRatingsForAssets" xlink:title="definition: CounterpartyDefaultRiskTrustPlansLineItems to CounterpartyDefaultRiskTrustPlansCreditRatingsForAssets" use="optional" order="20.0"/>
    <link:loc xlink:type="locator" xlink:href="../../c-ross_core_2015-12-31.xsd#c-ross_CounterpartyDefaultRiskTrustPlansIssuer" xlink:label="CounterpartyDefaultRiskTrustPlansIssuer" xlink:title="CounterpartyDefaultRiskTrustPlansIssuer"/>
    <link:definitionArc xlink:type="arc" xlink:arcrole="http://xbrl.org/int/dim/arcrole/domain-member" xlink:from="CounterpartyDefaultRiskTrustPlansLineItems" xlink:to="CounterpartyDefaultRiskTrustPlansIssuer" xlink:title="definition: CounterpartyDefaultRiskTrustPlansLineItems to CounterpartyDefaultRiskTrustPlansIssuer" use="optional" order="30.0"/>
    <link:loc xlink:type="locator" xlink:href="../../c-ross_core_2015-12-31.xsd#c-ross_CounterpartyDefaultRiskTrustPlansCreditRatingOfIssuer" xlink:label="CounterpartyDefaultRiskTrustPlansCreditRatingOfIssuer" xlink:title="CounterpartyDefaultRiskTrustPlansCreditRatingOfIssuer"/>
    <link:definitionArc xlink:type="arc" xlink:arcrole="http://xbrl.org/int/dim/arcrole/domain-member" xlink:from="CounterpartyDefaultRiskTrustPlansLineItems" xlink:to="CounterpartyDefaultRiskTrustPlansCreditRatingOfIssuer" xlink:title="definition: CounterpartyDefaultRiskTrustPlansLineItems to CounterpartyDefaultRiskTrustPlansCreditRatingOfIssuer" use="optional" order="40.0"/>
    <link:loc xlink:type="locator" xlink:href="../../c-ross_core_2015-12-31.xsd#c-ross_CounterpartyDefaultRiskTrustPlansAdmittedValue" xlink:label="CounterpartyDefaultRiskTrustPlansAdmittedValue" xlink:title="CounterpartyDefaultRiskTrustPlansAdmittedValue"/>
    <link:definitionArc xlink:type="arc" xlink:arcrole="http://xbrl.org/int/dim/arcrole/domain-member" xlink:from="CounterpartyDefaultRiskTrustPlansLineItems" xlink:to="CounterpartyDefaultRiskTrustPlansAdmittedValue" xlink:title="definition: CounterpartyDefaultRiskTrustPlansLineItems to CounterpartyDefaultRiskTrustPlansAdmittedValue" use="optional" order="50.0"/>
    <link:loc xlink:type="locator" xlink:href="../../c-ross_core_2015-12-31.xsd#c-ross_CounterpartyDefaultRiskTrustPlansInterestReceivable" xlink:label="CounterpartyDefaultRiskTrustPlansInterestReceivable" xlink:title="CounterpartyDefaultRiskTrustPlansInterestReceivable"/>
    <link:definitionArc xlink:type="arc" xlink:arcrole="http://xbrl.org/int/dim/arcrole/domain-member" xlink:from="CounterpartyDefaultRiskTrustPlansLineItems" xlink:to="CounterpartyDefaultRiskTrustPlansInterestReceivable" xlink:title="definition: CounterpartyDefaultRiskTrustPlansLineItems to CounterpartyDefaultRiskTrustPlansInterestReceivable" use="optional" order="60.0"/>
    <link:loc xlink:type="locator" xlink:href="../../c-ross_core_2015-12-31.xsd#c-ross_CounterpartyDefaultRiskTrustPlansRiskExposure" xlink:label="CounterpartyDefaultRiskTrustPlansRiskExposure" xlink:title="CounterpartyDefaultRiskTrustPlansRiskExposure"/>
    <link:definitionArc xlink:type="arc" xlink:arcrole="http://xbrl.org/int/dim/arcrole/domain-member" xlink:from="CounterpartyDefaultRiskTrustPlansLineItems" xlink:to="CounterpartyDefaultRiskTrustPlansRiskExposure" xlink:title="definition: CounterpartyDefaultRiskTrustPlansLineItems to CounterpartyDefaultRiskTrustPlansRiskExposure" use="optional" order="70.0"/>
    <link:loc xlink:type="locator" xlink:href="../../c-ross_core_2015-12-31.xsd#c-ross_CounterpartyDefaultRiskTrustPlansBaseRiskFactor" xlink:label="CounterpartyDefaultRiskTrustPlansBaseRiskFactor" xlink:title="CounterpartyDefaultRiskTrustPlansBaseRiskFactor"/>
    <link:definitionArc xlink:type="arc" xlink:arcrole="http://xbrl.org/int/dim/arcrole/domain-member" xlink:from="CounterpartyDefaultRiskTrustPlansLineItems" xlink:to="CounterpartyDefaultRiskTrustPlansBaseRiskFactor" xlink:title="definition: CounterpartyDefaultRiskTrustPlansLineItems to CounterpartyDefaultRiskTrustPlansBaseRiskFactor" use="optional" order="80.0"/>
    <link:loc xlink:type="locator" xlink:href="../../c-ross_core_2015-12-31.xsd#c-ross_CounterpartyDefaultRiskTrustPlansRiskFactorOne" xlink:label="CounterpartyDefaultRiskTrustPlansRiskFactorOne" xlink:title="CounterpartyDefaultRiskTrustPlansRiskFactorOne"/>
    <link:definitionArc xlink:type="arc" xlink:arcrole="http://xbrl.org/int/dim/arcrole/domain-member" xlink:from="CounterpartyDefaultRiskTrustPlansLineItems" xlink:to="CounterpartyDefaultRiskTrustPlansRiskFactorOne" xlink:title="definition: CounterpartyDefaultRiskTrustPlansLineItems to CounterpartyDefaultRiskTrustPlansRiskFactorOne" use="optional" order="90.0"/>
    <link:loc xlink:type="locator" xlink:href="../../c-ross_core_2015-12-31.xsd#c-ross_CounterpartyDefaultRiskTrustPlansRiskFactorTwo" xlink:label="CounterpartyDefaultRiskTrustPlansRiskFactorTwo" xlink:title="CounterpartyDefaultRiskTrustPlansRiskFactorTwo"/>
    <link:definitionArc xlink:type="arc" xlink:arcrole="http://xbrl.org/int/dim/arcrole/domain-member" xlink:from="CounterpartyDefaultRiskTrustPlansLineItems" xlink:to="CounterpartyDefaultRiskTrustPlansRiskFactorTwo" xlink:title="definition: CounterpartyDefaultRiskTrustPlansLineItems to CounterpartyDefaultRiskTrustPlansRiskFactorTwo" use="optional" order="100.0"/>
    <link:loc xlink:type="locator" xlink:href="../../c-ross_core_2015-12-31.xsd#c-ross_CounterpartyDefaultRiskTrustPlansMinimumCapital" xlink:label="CounterpartyDefaultRiskTrustPlansMinimumCapital" xlink:title="CounterpartyDefaultRiskTrustPlansMinimumCapital"/>
    <link:definitionArc xlink:type="arc" xlink:arcrole="http://xbrl.org/int/dim/arcrole/domain-member" xlink:from="CounterpartyDefaultRiskTrustPlansLineItems" xlink:to="CounterpartyDefaultRiskTrustPlansMinimumCapital" xlink:title="definition: CounterpartyDefaultRiskTrustPlansLineItems to CounterpartyDefaultRiskTrustPlansMinimumCapital" use="optional" order="110.0"/>
    <link:loc xlink:type="locator" xlink:href="../../c-ross_core_2015-12-31.xsd#c-ross_CounterpartyDefaultRiskTrustPlansThatCannotBeLookedThroughAbstract" xlink:label="CounterpartyDefaultRiskTrustPlansThatCannotBeLookedThroughAbstract" xlink:title="CounterpartyDefaultRiskTrustPlansThatCannotBeLookedThroughAbstract"/>
    <link:definitionArc xlink:type="arc" xlink:arcrole="http://xbrl.org/int/dim/arcrole/all" xlink:from="CounterpartyDefaultRiskTrustPlansThatCannotBeLookedThroughAbstract" xlink:to="CounterpartyDefaultRiskTrustPlansTable" xlink:title="definition: CounterpartyDefaultRiskTrustPlansThatCannotBeLookedThroughAbstract to CounterpartyDefaultRiskTrustPlansTable" use="optional" order="10.0" xbrldt:closed="true" xbrldt:contextElement="scenario"/>
    <link:definitionArc xlink:type="arc" xlink:arcrole="http://xbrl.org/int/dim/arcrole/domain-member" xlink:from="CounterpartyDefaultRiskTrustPlansThatCannotBeLookedThroughAbstract" xlink:to="CounterpartyDefaultRiskTrustPlansLineItems" xlink:title="definition: CounterpartyDefaultRiskTrustPlansThatCannotBeLookedThroughAbstract to CounterpartyDefaultRiskTrustPlansLineItems" use="optional" order="20.0"/>
  </link:definitionLink>
</link:linkbase>
