<?xml version="1.0" encoding="UTF-8"?>

<!--
	Taxonomy: 2015-12-31 (Final)
	**********************
	Copyright © 2015 China Insurance Regulatory Commission.
	All rights reserved.  No part of this publication may be translated, reprinted or reproduced
	or utilised in any form either in whole or in part without prior permission in writing from China Insurance Regulatory Commission.
	  **********************
	-->
<link:linkbase xmlns:xsi="http://www.w3.org/2001/XMLSchema-instance" xsi:schemaLocation="http://www.xbrl.org/2003/linkbase http://www.xbrl.org/2003/xbrl-linkbase-2003-12-31.xsd" xmlns:c-ross="http://xbrl.circ.gov.cn/taxonomy/2015-12-31/c-ross" xmlns:link="http://www.xbrl.org/2003/linkbase" xmlns:q_s_pc_entry_point="http://xbrl.circ.gov.cn/taxonomy/2015-12-31/c-ross/q_s_pc_entry_point" xmlns:xlink="http://www.w3.org/1999/xlink" xmlns:xbrli="http://www.xbrl.org/2003/instance" xmlns:xbrldt="http://xbrl.org/2005/xbrldt">
  <link:roleRef roleURI="http://xbrl.circ.gov.cn/role/c-ross_2015-12-31_role-3171100" xlink:type="simple" xlink:href="rol_c-ross_8_2015-12-31.xsd#c-ross_2015-12-31-3171100"/>
  <link:roleRef roleURI="http://xbrl.circ.gov.cn/role/c-ross_2015-12-31_role-3171100a" xlink:type="simple" xlink:href="rol_c-ross_8_2015-12-31.xsd#c-ross_2015-12-31-3171100a"/>
  <link:roleRef roleURI="http://xbrl.circ.gov.cn/role/c-ross_2015-12-31_role-3171100b" xlink:type="simple" xlink:href="rol_c-ross_8_2015-12-31.xsd#c-ross_2015-12-31-3171100b"/>
  <link:arcroleRef arcroleURI="http://xbrl.org/int/dim/arcrole/all" xlink:type="simple" xlink:href="http://www.xbrl.org/2005/xbrldt-2005.xsd#all"/>
  <link:arcroleRef arcroleURI="http://xbrl.org/int/dim/arcrole/dimension-default" xlink:type="simple" xlink:href="http://www.xbrl.org/2005/xbrldt-2005.xsd#dimension-default"/>
  <link:arcroleRef arcroleURI="http://xbrl.org/int/dim/arcrole/dimension-domain" xlink:type="simple" xlink:href="http://www.xbrl.org/2005/xbrldt-2005.xsd#dimension-domain"/>
  <link:arcroleRef arcroleURI="http://xbrl.org/int/dim/arcrole/domain-member" xlink:type="simple" xlink:href="http://www.xbrl.org/2005/xbrldt-2005.xsd#domain-member"/>
  <link:arcroleRef arcroleURI="http://xbrl.org/int/dim/arcrole/hypercube-dimension" xlink:type="simple" xlink:href="http://www.xbrl.org/2005/xbrldt-2005.xsd#hypercube-dimension"/>
  <link:arcroleRef arcroleURI="http://xbrl.org/int/dim/arcrole/notAll" xlink:type="simple" xlink:href="http://www.xbrl.org/2005/xbrldt-2005.xsd#notAll"/>
  <link:definitionLink xlink:type="extended" xlink:role="http://xbrl.circ.gov.cn/role/c-ross_2015-12-31_role-3171100">
    <link:loc xlink:type="locator" xlink:href="../../c-ross_core_2015-12-31.xsd#c-ross_ExcludedTable" xlink:label="Excluded" xlink:title="Excluded"/>
    <link:loc xlink:type="locator" xlink:href="../../c-ross_core_2015-12-31.xsd#c-ross_TypesOfInfrastructureInvestmentPlansAxis" xlink:label="TypesOfInfrastructureInvestmentPlansAxis" xlink:title="TypesOfInfrastructureInvestmentPlansAxis"/>
    <link:definitionArc xlink:type="arc" xlink:arcrole="http://xbrl.org/int/dim/arcrole/hypercube-dimension" xlink:from="Excluded" xlink:to="TypesOfInfrastructureInvestmentPlansAxis" xlink:title="definition: Excluded to TypesOfInfrastructureInvestmentPlansAxis" use="optional" order="10.0"/>
    <link:loc xlink:type="locator" xlink:href="../../c-ross_core_2015-12-31.xsd#c-ross_TypesOfInfrastructureInvestmentPlansMember" xlink:label="TypesOfInfrastructureInvestmentPlansMember" xlink:title="TypesOfInfrastructureInvestmentPlansMember"/>
    <link:definitionArc xlink:type="arc" xlink:arcrole="http://xbrl.org/int/dim/arcrole/dimension-domain" xlink:from="TypesOfInfrastructureInvestmentPlansAxis" xlink:to="TypesOfInfrastructureInvestmentPlansMember" xlink:title="definition: TypesOfInfrastructureInvestmentPlansAxis to TypesOfInfrastructureInvestmentPlansMember" use="optional" order="10.0"/>
    <link:loc xlink:type="locator" xlink:href="../../c-ross_core_2015-12-31.xsd#c-ross_TypesOfInfrastructureInvestmentPlansMember" xlink:label="TypesOfInfrastructureInvestmentPlansMember_2" xlink:title="TypesOfInfrastructureInvestmentPlansMember"/>
    <link:definitionArc xlink:type="arc" xlink:arcrole="http://xbrl.org/int/dim/arcrole/dimension-default" xlink:from="TypesOfInfrastructureInvestmentPlansAxis" xlink:to="TypesOfInfrastructureInvestmentPlansMember_2" xlink:title="definition: TypesOfInfrastructureInvestmentPlansAxis to TypesOfInfrastructureInvestmentPlansMember" use="optional" order="20.0"/>
    <link:loc xlink:type="locator" xlink:href="../../c-ross_core_2015-12-31.xsd#c-ross_InfrastructureDebtInvestmentPlansMember" xlink:label="InfrastructureDebtInvestmentPlansMember" xlink:title="InfrastructureDebtInvestmentPlansMember"/>
    <link:definitionArc xlink:type="arc" xlink:arcrole="http://xbrl.org/int/dim/arcrole/domain-member" xlink:from="TypesOfInfrastructureInvestmentPlansMember" xlink:to="InfrastructureDebtInvestmentPlansMember" xlink:title="definition: TypesOfInfrastructureInvestmentPlansMember to InfrastructureDebtInvestmentPlansMember" use="optional" order="10.0"/>
    <link:loc xlink:type="locator" xlink:href="../../c-ross_core_2015-12-31.xsd#c-ross_InfrastructureEquityInvestmentPlansWithGuaranteeClausesMember" xlink:label="InfrastructureEquityInvestmentPlansWithGuaranteeClausesMember" xlink:title="InfrastructureEquityInvestmentPlansWithGuaranteeClausesMember"/>
    <link:definitionArc xlink:type="arc" xlink:arcrole="http://xbrl.org/int/dim/arcrole/domain-member" xlink:from="TypesOfInfrastructureInvestmentPlansMember" xlink:to="InfrastructureEquityInvestmentPlansWithGuaranteeClausesMember" xlink:title="definition: TypesOfInfrastructureInvestmentPlansMember to InfrastructureEquityInvestmentPlansWithGuaranteeClausesMember" use="optional" order="20.0"/>
    <link:loc xlink:type="locator" xlink:href="../../c-ross_core_2015-12-31.xsd#c-ross_CounterpartyDefaultRiskInfrastructureDebtInvestmentPlansAbstract" xlink:label="CounterpartyDefaultRiskInfrastructureDebtInvestmentPlansAbstract" xlink:title="CounterpartyDefaultRiskInfrastructureDebtInvestmentPlansAbstract"/>
    <link:loc xlink:type="locator" xlink:href="../../c-ross_core_2015-12-31.xsd#c-ross_CounterpartyDefaultRiskInfrastructureDebtInvestmentPlansTable" xlink:label="CounterpartyDefaultRiskInfrastructureDebtInvestmentPlansTable" xlink:title="CounterpartyDefaultRiskInfrastructureDebtInvestmentPlansTable"/>
    <link:definitionArc xlink:type="arc" xlink:arcrole="http://xbrl.org/int/dim/arcrole/all" xlink:from="CounterpartyDefaultRiskInfrastructureDebtInvestmentPlansAbstract" xlink:to="CounterpartyDefaultRiskInfrastructureDebtInvestmentPlansTable" xlink:title="definition: CounterpartyDefaultRiskInfrastructureDebtInvestmentPlansAbstract to CounterpartyDefaultRiskInfrastructureDebtInvestmentPlansTable" use="optional" order="10.0" xbrldt:closed="true" xbrldt:contextElement="scenario"/>
    <link:definitionArc xlink:type="arc" xlink:arcrole="http://xbrl.org/int/dim/arcrole/hypercube-dimension" xlink:from="CounterpartyDefaultRiskInfrastructureDebtInvestmentPlansTable" xlink:to="TypesOfInfrastructureInvestmentPlansAxis" xlink:title="definition: CounterpartyDefaultRiskInfrastructureDebtInvestmentPlansTable to TypesOfInfrastructureInvestmentPlansAxis" use="optional" order="10.0"/>
    <link:loc xlink:type="locator" xlink:href="../../c-ross_core_2015-12-31.xsd#c-ross_CounterpartyDefaultRiskInfrastructureDebtInvestmentPlansLineItems" xlink:label="CounterpartyDefaultRiskInfrastructureDebtInvestmentPlansLineItems" xlink:title="CounterpartyDefaultRiskInfrastructureDebtInvestmentPlansLineItems"/>
    <link:definitionArc xlink:type="arc" xlink:arcrole="http://xbrl.org/int/dim/arcrole/domain-member" xlink:from="CounterpartyDefaultRiskInfrastructureDebtInvestmentPlansAbstract" xlink:to="CounterpartyDefaultRiskInfrastructureDebtInvestmentPlansLineItems" xlink:title="definition: CounterpartyDefaultRiskInfrastructureDebtInvestmentPlansAbstract to CounterpartyDefaultRiskInfrastructureDebtInvestmentPlansLineItems" use="optional" order="20.0"/>
    <link:loc xlink:type="locator" xlink:href="../../c-ross_core_2015-12-31.xsd#c-ross_CounterpartyDefaultRiskInfrastructureDebtInvestmentPlansProductName" xlink:label="CounterpartyDefaultRiskInfrastructureDebtInvestmentPlansName" xlink:title="CounterpartyDefaultRiskInfrastructureDebtInvestmentPlansName"/>
    <link:definitionArc xlink:type="arc" xlink:arcrole="http://xbrl.org/int/dim/arcrole/domain-member" xlink:from="CounterpartyDefaultRiskInfrastructureDebtInvestmentPlansLineItems" xlink:to="CounterpartyDefaultRiskInfrastructureDebtInvestmentPlansName" xlink:title="definition: CounterpartyDefaultRiskInfrastructureDebtInvestmentPlansLineItems to CounterpartyDefaultRiskInfrastructureDebtInvestmentPlansName" use="optional" order="10.0"/>
    <link:definitionArc xlink:type="arc" xlink:arcrole="http://xbrl.org/int/dim/arcrole/notAll" xlink:from="CounterpartyDefaultRiskInfrastructureDebtInvestmentPlansName" xlink:to="Excluded" xlink:title="definition: CounterpartyDefaultRiskInfrastructureDebtInvestmentPlansName to Excluded" use="optional" order="10.0" xbrldt:contextElement="scenario"/>
    <link:loc xlink:type="locator" xlink:href="../../c-ross_core_2015-12-31.xsd#c-ross_CounterpartyDefaultRiskInfrastructureDebtInvestmentPlansCreditRatingsForAssets" xlink:label="CounterpartyDefaultRiskInfrastructureDebtInvestmentPlansCreditRatingsForAssets" xlink:title="CounterpartyDefaultRiskInfrastructureDebtInvestmentPlansCreditRatingsForAssets"/>
    <link:definitionArc xlink:type="arc" xlink:arcrole="http://xbrl.org/int/dim/arcrole/domain-member" xlink:from="CounterpartyDefaultRiskInfrastructureDebtInvestmentPlansLineItems" xlink:to="CounterpartyDefaultRiskInfrastructureDebtInvestmentPlansCreditRatingsForAssets" xlink:title="definition: CounterpartyDefaultRiskInfrastructureDebtInvestmentPlansLineItems to CounterpartyDefaultRiskInfrastructureDebtInvestmentPlansCreditRatingsForAssets" use="optional" order="20.0"/>
    <link:definitionArc xlink:type="arc" xlink:arcrole="http://xbrl.org/int/dim/arcrole/notAll" xlink:from="CounterpartyDefaultRiskInfrastructureDebtInvestmentPlansCreditRatingsForAssets" xlink:to="Excluded" xlink:title="definition: CounterpartyDefaultRiskInfrastructureDebtInvestmentPlansCreditRatingsForAssets to Excluded" order="10.0" xbrldt:contextElement="scenario"/>
    <link:loc xlink:type="locator" xlink:href="../../c-ross_core_2015-12-31.xsd#c-ross_CounterpartyDefaultRiskInfrastructureDebtInvestmentPlansIssuer" xlink:label="CounterpartyDefaultRiskInfrastructureDebtInvestmentPlansIssuer" xlink:title="CounterpartyDefaultRiskInfrastructureDebtInvestmentPlansIssuer"/>
    <link:definitionArc xlink:type="arc" xlink:arcrole="http://xbrl.org/int/dim/arcrole/domain-member" xlink:from="CounterpartyDefaultRiskInfrastructureDebtInvestmentPlansLineItems" xlink:to="CounterpartyDefaultRiskInfrastructureDebtInvestmentPlansIssuer" xlink:title="definition: CounterpartyDefaultRiskInfrastructureDebtInvestmentPlansLineItems to CounterpartyDefaultRiskInfrastructureDebtInvestmentPlansIssuer" use="optional" order="30.0"/>
    <link:definitionArc xlink:type="arc" xlink:arcrole="http://xbrl.org/int/dim/arcrole/notAll" xlink:from="CounterpartyDefaultRiskInfrastructureDebtInvestmentPlansIssuer" xlink:to="Excluded" xlink:title="definition: CounterpartyDefaultRiskInfrastructureDebtInvestmentPlansIssuer to Excluded" use="optional" order="10.0" xbrldt:contextElement="scenario"/>
    <link:loc xlink:type="locator" xlink:href="../../c-ross_core_2015-12-31.xsd#c-ross_CounterpartyDefaultRiskInfrastructureDebtInvestmentPlansAdmittedValue" xlink:label="CounterpartyDefaultRiskInfrastructureDebtInvestmentPlansAdmittedValue" xlink:title="CounterpartyDefaultRiskInfrastructureDebtInvestmentPlansAdmittedValue"/>
    <link:definitionArc xlink:type="arc" xlink:arcrole="http://xbrl.org/int/dim/arcrole/domain-member" xlink:from="CounterpartyDefaultRiskInfrastructureDebtInvestmentPlansLineItems" xlink:to="CounterpartyDefaultRiskInfrastructureDebtInvestmentPlansAdmittedValue" xlink:title="definition: CounterpartyDefaultRiskInfrastructureDebtInvestmentPlansLineItems to CounterpartyDefaultRiskInfrastructureDebtInvestmentPlansAdmittedValue" use="optional" order="50.0"/>
    <link:loc xlink:type="locator" xlink:href="../../c-ross_core_2015-12-31.xsd#c-ross_CounterpartyDefaultRiskInfrastructureDebtInvestmentPlansInterestReceivable" xlink:label="CounterpartyDefaultRiskInfrastructureDebtInvestmentPlansInterestReceivable" xlink:title="CounterpartyDefaultRiskInfrastructureDebtInvestmentPlansInterestReceivable"/>
    <link:definitionArc xlink:type="arc" xlink:arcrole="http://xbrl.org/int/dim/arcrole/domain-member" xlink:from="CounterpartyDefaultRiskInfrastructureDebtInvestmentPlansLineItems" xlink:to="CounterpartyDefaultRiskInfrastructureDebtInvestmentPlansInterestReceivable" xlink:title="definition: CounterpartyDefaultRiskInfrastructureDebtInvestmentPlansLineItems to CounterpartyDefaultRiskInfrastructureDebtInvestmentPlansInterestReceivable" use="optional" order="60.0"/>
    <link:loc xlink:type="locator" xlink:href="../../c-ross_core_2015-12-31.xsd#c-ross_CounterpartyDefaultRiskInfrastructureDebtInvestmentPlansRiskExposure" xlink:label="CounterpartyDefaultRiskInfrastructureDebtInvestmentPlansRiskExposure" xlink:title="CounterpartyDefaultRiskInfrastructureDebtInvestmentPlansRiskExposure"/>
    <link:definitionArc xlink:type="arc" xlink:arcrole="http://xbrl.org/int/dim/arcrole/domain-member" xlink:from="CounterpartyDefaultRiskInfrastructureDebtInvestmentPlansLineItems" xlink:to="CounterpartyDefaultRiskInfrastructureDebtInvestmentPlansRiskExposure" xlink:title="definition: CounterpartyDefaultRiskInfrastructureDebtInvestmentPlansLineItems to CounterpartyDefaultRiskInfrastructureDebtInvestmentPlansRiskExposure" use="optional" order="70.0"/>
    <link:loc xlink:type="locator" xlink:href="../../c-ross_core_2015-12-31.xsd#c-ross_CounterpartyDefaultRiskInfrastructureDebtInvestmentPlansBaseRiskFactor" xlink:label="CounterpartyDefaultRiskInfrastructureDebtInvestmentPlansBaseRiskFactor" xlink:title="CounterpartyDefaultRiskInfrastructureDebtInvestmentPlansBaseRiskFactor"/>
    <link:definitionArc xlink:type="arc" xlink:arcrole="http://xbrl.org/int/dim/arcrole/domain-member" xlink:from="CounterpartyDefaultRiskInfrastructureDebtInvestmentPlansLineItems" xlink:to="CounterpartyDefaultRiskInfrastructureDebtInvestmentPlansBaseRiskFactor" xlink:title="definition: CounterpartyDefaultRiskInfrastructureDebtInvestmentPlansLineItems to CounterpartyDefaultRiskInfrastructureDebtInvestmentPlansBaseRiskFactor" use="optional" order="80.0"/>
    <link:definitionArc xlink:type="arc" xlink:arcrole="http://xbrl.org/int/dim/arcrole/notAll" xlink:from="CounterpartyDefaultRiskInfrastructureDebtInvestmentPlansBaseRiskFactor" xlink:to="Excluded" xlink:title="definition: CounterpartyDefaultRiskInfrastructureDebtInvestmentPlansBaseRiskFactor to Excluded" use="optional" order="10.0" xbrldt:contextElement="scenario"/>
    <link:loc xlink:type="locator" xlink:href="../../c-ross_core_2015-12-31.xsd#c-ross_CounterpartyDefaultRiskInfrastructureDebtInvestmentPlansMinimumCapital" xlink:label="CounterpartyDefaultRiskInfrastructureDebtInvestmentPlansMinimumCapital" xlink:title="CounterpartyDefaultRiskInfrastructureDebtInvestmentPlansMinimumCapital"/>
    <link:definitionArc xlink:type="arc" xlink:arcrole="http://xbrl.org/int/dim/arcrole/domain-member" xlink:from="CounterpartyDefaultRiskInfrastructureDebtInvestmentPlansLineItems" xlink:to="CounterpartyDefaultRiskInfrastructureDebtInvestmentPlansMinimumCapital" xlink:title="definition: CounterpartyDefaultRiskInfrastructureDebtInvestmentPlansLineItems to CounterpartyDefaultRiskInfrastructureDebtInvestmentPlansMinimumCapital" use="optional" order="90.0"/>
    <link:loc xlink:type="locator" xlink:href="../../c-ross_core_2015-12-31.xsd#c-ross_CounterpartyDefaultRiskInfrastructureDebtInvestmentPlansFinancingBody" xlink:label="CounterpartyDefaultRiskInfrastructureDebtInvestmentPlansFinancingBody" xlink:title="newItem3"/>
    <link:definitionArc xlink:type="arc" xlink:arcrole="http://xbrl.org/int/dim/arcrole/domain-member" xlink:from="CounterpartyDefaultRiskInfrastructureDebtInvestmentPlansLineItems" xlink:to="CounterpartyDefaultRiskInfrastructureDebtInvestmentPlansFinancingBody" xlink:title="definition: CounterpartyDefaultRiskInfrastructureDebtInvestmentPlansLineItems to CounterpartyDefaultRiskInfrastructureDebtInvestmentPlansFinancingBody" order="40.0"/>
    <link:definitionArc xlink:type="arc" xlink:arcrole="http://xbrl.org/int/dim/arcrole/notAll" xlink:from="CounterpartyDefaultRiskInfrastructureDebtInvestmentPlansFinancingBody" xlink:to="Excluded" xlink:title="definition: CounterpartyDefaultRiskInfrastructureDebtInvestmentPlansFinancingBody to Excluded" use="optional" order="10.0" xbrldt:contextElement="scenario"/>
  </link:definitionLink>
  <link:definitionLink xlink:type="extended" xlink:role="http://xbrl.circ.gov.cn/role/c-ross_2015-12-31_role-3171100a">
    <link:loc xlink:type="locator" xlink:href="../../c-ross_core_2015-12-31.xsd#c-ross_TypesOfInfrastructureInvestmentPlansAxis" xlink:label="TypesOfInfrastructureInvestmentPlansAxis" xlink:title="TypesOfInfrastructureInvestmentPlansAxis"/>
    <link:loc xlink:type="locator" xlink:href="../../c-ross_core_2015-12-31.xsd#c-ross_TypesOfInfrastructureInvestmentPlansMember" xlink:label="TypesOfInfrastructureInvestmentPlansMember" xlink:title="TypesOfInfrastructureInvestmentPlansMember"/>
    <link:definitionArc xlink:type="arc" xlink:arcrole="http://xbrl.org/int/dim/arcrole/dimension-domain" xlink:from="TypesOfInfrastructureInvestmentPlansAxis" xlink:to="TypesOfInfrastructureInvestmentPlansMember" xlink:title="definition: TypesOfInfrastructureInvestmentPlansAxis to TypesOfInfrastructureInvestmentPlansMember" use="optional" order="10.0"/>
    <link:loc xlink:type="locator" xlink:href="../../c-ross_core_2015-12-31.xsd#c-ross_InfrastructureDebtInvestmentPlansMember" xlink:label="InfrastructureDebtInvestmentPlansMember" xlink:title="InfrastructureDebtInvestmentPlansMember"/>
    <link:definitionArc xlink:type="arc" xlink:arcrole="http://xbrl.org/int/dim/arcrole/domain-member" xlink:from="TypesOfInfrastructureInvestmentPlansMember" xlink:to="InfrastructureDebtInvestmentPlansMember" xlink:title="definition: TypesOfInfrastructureInvestmentPlansMember to InfrastructureDebtInvestmentPlansMember" use="optional" order="10.0"/>
    <link:loc xlink:type="locator" xlink:href="../../c-ross_core_2015-12-31.xsd#c-ross_CounterpartyDefaultRiskInfrastructureDebtInvestmentPlansTable" xlink:label="CounterpartyDefaultRiskInfrastructureDebtInvestmentPlansTable" xlink:title="CounterpartyDefaultRiskInfrastructureDebtInvestmentPlansTable"/>
    <link:definitionArc xlink:type="arc" xlink:arcrole="http://xbrl.org/int/dim/arcrole/hypercube-dimension" xlink:from="CounterpartyDefaultRiskInfrastructureDebtInvestmentPlansTable" xlink:to="TypesOfInfrastructureInvestmentPlansAxis" xlink:title="definition: CounterpartyDefaultRiskInfrastructureDebtInvestmentPlansTable to TypesOfInfrastructureInvestmentPlansAxis" use="optional" order="10.0"/>
    <link:loc xlink:type="locator" xlink:href="../../c-ross_core_2015-12-31.xsd#c-ross_CounterpartyDefaultRiskInfrastructureDebtInvestmentPlansLineNumberAxis" xlink:label="CounterpartyDefaultRiskInfrastructureDebtInvestmentPlansLineNumberAxis" xlink:title="CounterpartyDefaultRiskInfrastructureDebtInvestmentPlansLineNumberAxis"/>
    <link:definitionArc xlink:type="arc" xlink:arcrole="http://xbrl.org/int/dim/arcrole/hypercube-dimension" xlink:from="CounterpartyDefaultRiskInfrastructureDebtInvestmentPlansTable" xlink:to="CounterpartyDefaultRiskInfrastructureDebtInvestmentPlansLineNumberAxis" xlink:title="definition: CounterpartyDefaultRiskInfrastructureDebtInvestmentPlansTable to CounterpartyDefaultRiskInfrastructureDebtInvestmentPlansLineNumberAxis" use="optional" order="20.0"/>
    <link:loc xlink:type="locator" xlink:href="../../c-ross_core_2015-12-31.xsd#c-ross_CounterpartyDefaultRiskInfrastructureDebtInvestmentPlansLineItems" xlink:label="CounterpartyDefaultRiskInfrastructureDebtInvestmentPlansLineItems" xlink:title="CounterpartyDefaultRiskInfrastructureDebtInvestmentPlansLineItems"/>
    <link:loc xlink:type="locator" xlink:href="../../c-ross_core_2015-12-31.xsd#c-ross_CounterpartyDefaultRiskInfrastructureDebtInvestmentPlansProductName" xlink:label="CounterpartyDefaultRiskInfrastructureDebtInvestmentPlansName" xlink:title="CounterpartyDefaultRiskInfrastructureDebtInvestmentPlansName"/>
    <link:definitionArc xlink:type="arc" xlink:arcrole="http://xbrl.org/int/dim/arcrole/domain-member" xlink:from="CounterpartyDefaultRiskInfrastructureDebtInvestmentPlansLineItems" xlink:to="CounterpartyDefaultRiskInfrastructureDebtInvestmentPlansName" xlink:title="definition: CounterpartyDefaultRiskInfrastructureDebtInvestmentPlansLineItems to CounterpartyDefaultRiskInfrastructureDebtInvestmentPlansName" use="optional" order="10.0"/>
    <link:loc xlink:type="locator" xlink:href="../../c-ross_core_2015-12-31.xsd#c-ross_CounterpartyDefaultRiskInfrastructureDebtInvestmentPlansCreditRatingsForAssets" xlink:label="CounterpartyDefaultRiskInfrastructureDebtInvestmentPlansCreditRatingsForAssets" xlink:title="CounterpartyDefaultRiskInfrastructureDebtInvestmentPlansCreditRatingsForAssets"/>
    <link:definitionArc xlink:type="arc" xlink:arcrole="http://xbrl.org/int/dim/arcrole/domain-member" xlink:from="CounterpartyDefaultRiskInfrastructureDebtInvestmentPlansLineItems" xlink:to="CounterpartyDefaultRiskInfrastructureDebtInvestmentPlansCreditRatingsForAssets" xlink:title="definition: CounterpartyDefaultRiskInfrastructureDebtInvestmentPlansLineItems to CounterpartyDefaultRiskInfrastructureDebtInvestmentPlansCreditRatingsForAssets" use="optional" order="20.0"/>
    <link:loc xlink:type="locator" xlink:href="../../c-ross_core_2015-12-31.xsd#c-ross_CounterpartyDefaultRiskInfrastructureDebtInvestmentPlansIssuer" xlink:label="CounterpartyDefaultRiskInfrastructureDebtInvestmentPlansIssuer" xlink:title="CounterpartyDefaultRiskInfrastructureDebtInvestmentPlansIssuer"/>
    <link:definitionArc xlink:type="arc" xlink:arcrole="http://xbrl.org/int/dim/arcrole/domain-member" xlink:from="CounterpartyDefaultRiskInfrastructureDebtInvestmentPlansLineItems" xlink:to="CounterpartyDefaultRiskInfrastructureDebtInvestmentPlansIssuer" xlink:title="definition: CounterpartyDefaultRiskInfrastructureDebtInvestmentPlansLineItems to CounterpartyDefaultRiskInfrastructureDebtInvestmentPlansIssuer" use="optional" order="30.0"/>
    <link:loc xlink:type="locator" xlink:href="../../c-ross_core_2015-12-31.xsd#c-ross_CounterpartyDefaultRiskInfrastructureDebtInvestmentPlansAdmittedValue" xlink:label="CounterpartyDefaultRiskInfrastructureDebtInvestmentPlansAdmittedValue" xlink:title="CounterpartyDefaultRiskInfrastructureDebtInvestmentPlansAdmittedValue"/>
    <link:definitionArc xlink:type="arc" xlink:arcrole="http://xbrl.org/int/dim/arcrole/domain-member" xlink:from="CounterpartyDefaultRiskInfrastructureDebtInvestmentPlansLineItems" xlink:to="CounterpartyDefaultRiskInfrastructureDebtInvestmentPlansAdmittedValue" xlink:title="definition: CounterpartyDefaultRiskInfrastructureDebtInvestmentPlansLineItems to CounterpartyDefaultRiskInfrastructureDebtInvestmentPlansAdmittedValue" use="optional" order="50.0"/>
    <link:loc xlink:type="locator" xlink:href="../../c-ross_core_2015-12-31.xsd#c-ross_CounterpartyDefaultRiskInfrastructureDebtInvestmentPlansInterestReceivable" xlink:label="CounterpartyDefaultRiskInfrastructureDebtInvestmentPlansInterestReceivable" xlink:title="CounterpartyDefaultRiskInfrastructureDebtInvestmentPlansInterestReceivable"/>
    <link:definitionArc xlink:type="arc" xlink:arcrole="http://xbrl.org/int/dim/arcrole/domain-member" xlink:from="CounterpartyDefaultRiskInfrastructureDebtInvestmentPlansLineItems" xlink:to="CounterpartyDefaultRiskInfrastructureDebtInvestmentPlansInterestReceivable" xlink:title="definition: CounterpartyDefaultRiskInfrastructureDebtInvestmentPlansLineItems to CounterpartyDefaultRiskInfrastructureDebtInvestmentPlansInterestReceivable" use="optional" order="60.0"/>
    <link:loc xlink:type="locator" xlink:href="../../c-ross_core_2015-12-31.xsd#c-ross_CounterpartyDefaultRiskInfrastructureDebtInvestmentPlansRiskExposure" xlink:label="CounterpartyDefaultRiskInfrastructureDebtInvestmentPlansRiskExposure" xlink:title="CounterpartyDefaultRiskInfrastructureDebtInvestmentPlansRiskExposure"/>
    <link:definitionArc xlink:type="arc" xlink:arcrole="http://xbrl.org/int/dim/arcrole/domain-member" xlink:from="CounterpartyDefaultRiskInfrastructureDebtInvestmentPlansLineItems" xlink:to="CounterpartyDefaultRiskInfrastructureDebtInvestmentPlansRiskExposure" xlink:title="definition: CounterpartyDefaultRiskInfrastructureDebtInvestmentPlansLineItems to CounterpartyDefaultRiskInfrastructureDebtInvestmentPlansRiskExposure" use="optional" order="70.0"/>
    <link:loc xlink:type="locator" xlink:href="../../c-ross_core_2015-12-31.xsd#c-ross_CounterpartyDefaultRiskInfrastructureDebtInvestmentPlansBaseRiskFactor" xlink:label="CounterpartyDefaultRiskInfrastructureDebtInvestmentPlansBaseRiskFactor" xlink:title="CounterpartyDefaultRiskInfrastructureDebtInvestmentPlansBaseRiskFactor"/>
    <link:definitionArc xlink:type="arc" xlink:arcrole="http://xbrl.org/int/dim/arcrole/domain-member" xlink:from="CounterpartyDefaultRiskInfrastructureDebtInvestmentPlansLineItems" xlink:to="CounterpartyDefaultRiskInfrastructureDebtInvestmentPlansBaseRiskFactor" xlink:title="definition: CounterpartyDefaultRiskInfrastructureDebtInvestmentPlansLineItems to CounterpartyDefaultRiskInfrastructureDebtInvestmentPlansBaseRiskFactor" use="optional" order="80.0"/>
    <link:loc xlink:type="locator" xlink:href="../../c-ross_core_2015-12-31.xsd#c-ross_CounterpartyDefaultRiskInfrastructureDebtInvestmentPlansMinimumCapital" xlink:label="CounterpartyDefaultRiskInfrastructureDebtInvestmentPlansMinimumCapital" xlink:title="CounterpartyDefaultRiskInfrastructureDebtInvestmentPlansMinimumCapital"/>
    <link:definitionArc xlink:type="arc" xlink:arcrole="http://xbrl.org/int/dim/arcrole/domain-member" xlink:from="CounterpartyDefaultRiskInfrastructureDebtInvestmentPlansLineItems" xlink:to="CounterpartyDefaultRiskInfrastructureDebtInvestmentPlansMinimumCapital" xlink:title="definition: CounterpartyDefaultRiskInfrastructureDebtInvestmentPlansLineItems to CounterpartyDefaultRiskInfrastructureDebtInvestmentPlansMinimumCapital" use="optional" order="90.0"/>
    <link:loc xlink:type="locator" xlink:href="../../c-ross_core_2015-12-31.xsd#c-ross_CounterpartyDefaultRiskInfrastructureDebtInvestmentPlansFinancingBody" xlink:label="CounterpartyDefaultRiskInfrastructureDebtInvestmentPlansFinancingBody" xlink:title="newItem3"/>
    <link:definitionArc xlink:type="arc" xlink:arcrole="http://xbrl.org/int/dim/arcrole/domain-member" xlink:from="CounterpartyDefaultRiskInfrastructureDebtInvestmentPlansLineItems" xlink:to="CounterpartyDefaultRiskInfrastructureDebtInvestmentPlansFinancingBody" xlink:title="definition: CounterpartyDefaultRiskInfrastructureDebtInvestmentPlansLineItems to CounterpartyDefaultRiskInfrastructureDebtInvestmentPlansFinancingBody" order="40.0"/>
    <link:loc xlink:type="locator" xlink:href="../../c-ross_core_2015-12-31.xsd#c-ross_CounterpartyDefaultRiskInfrastructureDebtInvestmentPlansDetailsAbstract" xlink:label="CounterpartyDefaultRiskInfrastructureDebtInvestmentPlansDetailsAbstract" xlink:title="CounterpartyDefaultRiskInfrastructureDebtInvestmentPlansDetailsAbstract"/>
    <link:definitionArc xlink:type="arc" xlink:arcrole="http://xbrl.org/int/dim/arcrole/all" xlink:from="CounterpartyDefaultRiskInfrastructureDebtInvestmentPlansDetailsAbstract" xlink:to="CounterpartyDefaultRiskInfrastructureDebtInvestmentPlansTable" xlink:title="definition: CounterpartyDefaultRiskInfrastructureDebtInvestmentPlansDetailsAbstract to CounterpartyDefaultRiskInfrastructureDebtInvestmentPlansTable" use="optional" order="10.0" xbrldt:closed="true" xbrldt:contextElement="scenario"/>
    <link:definitionArc xlink:type="arc" xlink:arcrole="http://xbrl.org/int/dim/arcrole/domain-member" xlink:from="CounterpartyDefaultRiskInfrastructureDebtInvestmentPlansDetailsAbstract" xlink:to="CounterpartyDefaultRiskInfrastructureDebtInvestmentPlansLineItems" xlink:title="definition: CounterpartyDefaultRiskInfrastructureDebtInvestmentPlansDetailsAbstract to CounterpartyDefaultRiskInfrastructureDebtInvestmentPlansLineItems" use="optional" order="20.0"/>
  </link:definitionLink>
  <link:definitionLink xlink:type="extended" xlink:role="http://xbrl.circ.gov.cn/role/c-ross_2015-12-31_role-3171100b">
    <link:loc xlink:type="locator" xlink:href="../../c-ross_core_2015-12-31.xsd#c-ross_TypesOfInfrastructureInvestmentPlansAxis" xlink:label="TypesOfInfrastructureInvestmentPlansAxis" xlink:title="TypesOfInfrastructureInvestmentPlansAxis"/>
    <link:loc xlink:type="locator" xlink:href="../../c-ross_core_2015-12-31.xsd#c-ross_TypesOfInfrastructureInvestmentPlansMember" xlink:label="TypesOfInfrastructureInvestmentPlansMember" xlink:title="TypesOfInfrastructureInvestmentPlansMember"/>
    <link:definitionArc xlink:type="arc" xlink:arcrole="http://xbrl.org/int/dim/arcrole/dimension-domain" xlink:from="TypesOfInfrastructureInvestmentPlansAxis" xlink:to="TypesOfInfrastructureInvestmentPlansMember" xlink:title="definition: TypesOfInfrastructureInvestmentPlansAxis to TypesOfInfrastructureInvestmentPlansMember" use="optional" order="10.0"/>
    <link:loc xlink:type="locator" xlink:href="../../c-ross_core_2015-12-31.xsd#c-ross_InfrastructureEquityInvestmentPlansWithGuaranteeClausesMember" xlink:label="InfrastructureEquityInvestmentPlansWithGuaranteeClausesMember" xlink:title="InfrastructureEquityInvestmentPlansWithGuaranteeClausesMember"/>
    <link:definitionArc xlink:type="arc" xlink:arcrole="http://xbrl.org/int/dim/arcrole/domain-member" xlink:from="TypesOfInfrastructureInvestmentPlansMember" xlink:to="InfrastructureEquityInvestmentPlansWithGuaranteeClausesMember" xlink:title="definition: TypesOfInfrastructureInvestmentPlansMember to InfrastructureEquityInvestmentPlansWithGuaranteeClausesMember" use="optional" order="10.0"/>
    <link:loc xlink:type="locator" xlink:href="../../c-ross_core_2015-12-31.xsd#c-ross_CounterpartyDefaultRiskInfrastructureDebtInvestmentPlansTable" xlink:label="CounterpartyDefaultRiskInfrastructureDebtInvestmentPlansTable" xlink:title="CounterpartyDefaultRiskInfrastructureDebtInvestmentPlansTable"/>
    <link:definitionArc xlink:type="arc" xlink:arcrole="http://xbrl.org/int/dim/arcrole/hypercube-dimension" xlink:from="CounterpartyDefaultRiskInfrastructureDebtInvestmentPlansTable" xlink:to="TypesOfInfrastructureInvestmentPlansAxis" xlink:title="definition: CounterpartyDefaultRiskInfrastructureDebtInvestmentPlansTable to TypesOfInfrastructureInvestmentPlansAxis" use="optional" order="10.0"/>
    <link:loc xlink:type="locator" xlink:href="../../c-ross_core_2015-12-31.xsd#c-ross_CounterpartyDefaultRiskInfrastructureEquityInvestmentPlansWithGuaranteeClausesLineNumberAxis" xlink:label="CounterpartyDefaultRiskInfrastructureEquityInvestmentPlansWithGuaranteeClausesLineNumberAxis" xlink:title="CounterpartyDefaultRiskInfrastructureEquityInvestmentPlansWithGuaranteeClausesLineNumberAxis"/>
    <link:definitionArc xlink:type="arc" xlink:arcrole="http://xbrl.org/int/dim/arcrole/hypercube-dimension" xlink:from="CounterpartyDefaultRiskInfrastructureDebtInvestmentPlansTable" xlink:to="CounterpartyDefaultRiskInfrastructureEquityInvestmentPlansWithGuaranteeClausesLineNumberAxis" xlink:title="definition: CounterpartyDefaultRiskInfrastructureDebtInvestmentPlansTable to CounterpartyDefaultRiskInfrastructureEquityInvestmentPlansWithGuaranteeClausesLineNumberAxis" use="optional" order="20.0"/>
    <link:loc xlink:type="locator" xlink:href="../../c-ross_core_2015-12-31.xsd#c-ross_CounterpartyDefaultRiskInfrastructureDebtInvestmentPlansLineItems" xlink:label="CounterpartyDefaultRiskInfrastructureDebtInvestmentPlansLineItems" xlink:title="CounterpartyDefaultRiskInfrastructureDebtInvestmentPlansLineItems"/>
    <link:loc xlink:type="locator" xlink:href="../../c-ross_core_2015-12-31.xsd#c-ross_CounterpartyDefaultRiskInfrastructureDebtInvestmentPlansProductName" xlink:label="CounterpartyDefaultRiskInfrastructureDebtInvestmentPlansName" xlink:title="CounterpartyDefaultRiskInfrastructureDebtInvestmentPlansName"/>
    <link:definitionArc xlink:type="arc" xlink:arcrole="http://xbrl.org/int/dim/arcrole/domain-member" xlink:from="CounterpartyDefaultRiskInfrastructureDebtInvestmentPlansLineItems" xlink:to="CounterpartyDefaultRiskInfrastructureDebtInvestmentPlansName" xlink:title="definition: CounterpartyDefaultRiskInfrastructureDebtInvestmentPlansLineItems to CounterpartyDefaultRiskInfrastructureDebtInvestmentPlansName" use="optional" order="10.0"/>
    <link:loc xlink:type="locator" xlink:href="../../c-ross_core_2015-12-31.xsd#c-ross_CounterpartyDefaultRiskInfrastructureDebtInvestmentPlansCreditRatingsForAssets" xlink:label="CounterpartyDefaultRiskInfrastructureDebtInvestmentPlansCreditRatingsForAssets" xlink:title="CounterpartyDefaultRiskInfrastructureDebtInvestmentPlansCreditRatingsForAssets"/>
    <link:definitionArc xlink:type="arc" xlink:arcrole="http://xbrl.org/int/dim/arcrole/domain-member" xlink:from="CounterpartyDefaultRiskInfrastructureDebtInvestmentPlansLineItems" xlink:to="CounterpartyDefaultRiskInfrastructureDebtInvestmentPlansCreditRatingsForAssets" xlink:title="definition: CounterpartyDefaultRiskInfrastructureDebtInvestmentPlansLineItems to CounterpartyDefaultRiskInfrastructureDebtInvestmentPlansCreditRatingsForAssets" use="optional" order="20.0"/>
    <link:loc xlink:type="locator" xlink:href="../../c-ross_core_2015-12-31.xsd#c-ross_CounterpartyDefaultRiskInfrastructureDebtInvestmentPlansIssuer" xlink:label="CounterpartyDefaultRiskInfrastructureDebtInvestmentPlansIssuer" xlink:title="CounterpartyDefaultRiskInfrastructureDebtInvestmentPlansIssuer"/>
    <link:definitionArc xlink:type="arc" xlink:arcrole="http://xbrl.org/int/dim/arcrole/domain-member" xlink:from="CounterpartyDefaultRiskInfrastructureDebtInvestmentPlansLineItems" xlink:to="CounterpartyDefaultRiskInfrastructureDebtInvestmentPlansIssuer" xlink:title="definition: CounterpartyDefaultRiskInfrastructureDebtInvestmentPlansLineItems to CounterpartyDefaultRiskInfrastructureDebtInvestmentPlansIssuer" use="optional" order="30.0"/>
    <link:loc xlink:type="locator" xlink:href="../../c-ross_core_2015-12-31.xsd#c-ross_CounterpartyDefaultRiskInfrastructureDebtInvestmentPlansAdmittedValue" xlink:label="CounterpartyDefaultRiskInfrastructureDebtInvestmentPlansAdmittedValue" xlink:title="CounterpartyDefaultRiskInfrastructureDebtInvestmentPlansAdmittedValue"/>
    <link:definitionArc xlink:type="arc" xlink:arcrole="http://xbrl.org/int/dim/arcrole/domain-member" xlink:from="CounterpartyDefaultRiskInfrastructureDebtInvestmentPlansLineItems" xlink:to="CounterpartyDefaultRiskInfrastructureDebtInvestmentPlansAdmittedValue" xlink:title="definition: CounterpartyDefaultRiskInfrastructureDebtInvestmentPlansLineItems to CounterpartyDefaultRiskInfrastructureDebtInvestmentPlansAdmittedValue" use="optional" order="50.0"/>
    <link:loc xlink:type="locator" xlink:href="../../c-ross_core_2015-12-31.xsd#c-ross_CounterpartyDefaultRiskInfrastructureDebtInvestmentPlansInterestReceivable" xlink:label="CounterpartyDefaultRiskInfrastructureDebtInvestmentPlansInterestReceivable" xlink:title="CounterpartyDefaultRiskInfrastructureDebtInvestmentPlansInterestReceivable"/>
    <link:definitionArc xlink:type="arc" xlink:arcrole="http://xbrl.org/int/dim/arcrole/domain-member" xlink:from="CounterpartyDefaultRiskInfrastructureDebtInvestmentPlansLineItems" xlink:to="CounterpartyDefaultRiskInfrastructureDebtInvestmentPlansInterestReceivable" xlink:title="definition: CounterpartyDefaultRiskInfrastructureDebtInvestmentPlansLineItems to CounterpartyDefaultRiskInfrastructureDebtInvestmentPlansInterestReceivable" use="optional" order="60.0"/>
    <link:loc xlink:type="locator" xlink:href="../../c-ross_core_2015-12-31.xsd#c-ross_CounterpartyDefaultRiskInfrastructureDebtInvestmentPlansRiskExposure" xlink:label="CounterpartyDefaultRiskInfrastructureDebtInvestmentPlansRiskExposure" xlink:title="CounterpartyDefaultRiskInfrastructureDebtInvestmentPlansRiskExposure"/>
    <link:definitionArc xlink:type="arc" xlink:arcrole="http://xbrl.org/int/dim/arcrole/domain-member" xlink:from="CounterpartyDefaultRiskInfrastructureDebtInvestmentPlansLineItems" xlink:to="CounterpartyDefaultRiskInfrastructureDebtInvestmentPlansRiskExposure" xlink:title="definition: CounterpartyDefaultRiskInfrastructureDebtInvestmentPlansLineItems to CounterpartyDefaultRiskInfrastructureDebtInvestmentPlansRiskExposure" use="optional" order="70.0"/>
    <link:loc xlink:type="locator" xlink:href="../../c-ross_core_2015-12-31.xsd#c-ross_CounterpartyDefaultRiskInfrastructureDebtInvestmentPlansBaseRiskFactor" xlink:label="CounterpartyDefaultRiskInfrastructureDebtInvestmentPlansBaseRiskFactor" xlink:title="CounterpartyDefaultRiskInfrastructureDebtInvestmentPlansBaseRiskFactor"/>
    <link:definitionArc xlink:type="arc" xlink:arcrole="http://xbrl.org/int/dim/arcrole/domain-member" xlink:from="CounterpartyDefaultRiskInfrastructureDebtInvestmentPlansLineItems" xlink:to="CounterpartyDefaultRiskInfrastructureDebtInvestmentPlansBaseRiskFactor" xlink:title="definition: CounterpartyDefaultRiskInfrastructureDebtInvestmentPlansLineItems to CounterpartyDefaultRiskInfrastructureDebtInvestmentPlansBaseRiskFactor" use="optional" order="80.0"/>
    <link:loc xlink:type="locator" xlink:href="../../c-ross_core_2015-12-31.xsd#c-ross_CounterpartyDefaultRiskInfrastructureDebtInvestmentPlansMinimumCapital" xlink:label="CounterpartyDefaultRiskInfrastructureDebtInvestmentPlansMinimumCapital" xlink:title="CounterpartyDefaultRiskInfrastructureDebtInvestmentPlansMinimumCapital"/>
    <link:definitionArc xlink:type="arc" xlink:arcrole="http://xbrl.org/int/dim/arcrole/domain-member" xlink:from="CounterpartyDefaultRiskInfrastructureDebtInvestmentPlansLineItems" xlink:to="CounterpartyDefaultRiskInfrastructureDebtInvestmentPlansMinimumCapital" xlink:title="definition: CounterpartyDefaultRiskInfrastructureDebtInvestmentPlansLineItems to CounterpartyDefaultRiskInfrastructureDebtInvestmentPlansMinimumCapital" use="optional" order="90.0"/>
    <link:loc xlink:type="locator" xlink:href="../../c-ross_core_2015-12-31.xsd#c-ross_CounterpartyDefaultRiskInfrastructureDebtInvestmentPlansFinancingBody" xlink:label="CounterpartyDefaultRiskInfrastructureDebtInvestmentPlansFinancingBody" xlink:title="newItem3"/>
    <link:definitionArc xlink:type="arc" xlink:arcrole="http://xbrl.org/int/dim/arcrole/domain-member" xlink:from="CounterpartyDefaultRiskInfrastructureDebtInvestmentPlansLineItems" xlink:to="CounterpartyDefaultRiskInfrastructureDebtInvestmentPlansFinancingBody" xlink:title="definition: CounterpartyDefaultRiskInfrastructureDebtInvestmentPlansLineItems to CounterpartyDefaultRiskInfrastructureDebtInvestmentPlansFinancingBody" order="40.0"/>
    <link:loc xlink:type="locator" xlink:href="../../c-ross_core_2015-12-31.xsd#c-ross_CounterpartyDefaultRiskInfrastructureEquityInvestmentPlansWithGuaranteeClausesAbstract" xlink:label="CounterpartyDefaultRiskInfrastructureEquityInvestmentPlansWithGuaranteeClausesAbstract" xlink:title="CounterpartyDefaultRiskInfrastructureEquityInvestmentPlansWithGuaranteeClausesAbstract"/>
    <link:definitionArc xlink:type="arc" xlink:arcrole="http://xbrl.org/int/dim/arcrole/all" xlink:from="CounterpartyDefaultRiskInfrastructureEquityInvestmentPlansWithGuaranteeClausesAbstract" xlink:to="CounterpartyDefaultRiskInfrastructureDebtInvestmentPlansTable" xlink:title="definition: CounterpartyDefaultRiskInfrastructureEquityInvestmentPlansWithGuaranteeClausesAbstract to CounterpartyDefaultRiskInfrastructureDebtInvestmentPlansTable" use="optional" order="10.0" xbrldt:closed="true" xbrldt:contextElement="scenario"/>
    <link:definitionArc xlink:type="arc" xlink:arcrole="http://xbrl.org/int/dim/arcrole/domain-member" xlink:from="CounterpartyDefaultRiskInfrastructureEquityInvestmentPlansWithGuaranteeClausesAbstract" xlink:to="CounterpartyDefaultRiskInfrastructureDebtInvestmentPlansLineItems" xlink:title="definition: CounterpartyDefaultRiskInfrastructureEquityInvestmentPlansWithGuaranteeClausesAbstract to CounterpartyDefaultRiskInfrastructureDebtInvestmentPlansLineItems" use="optional" order="20.0"/>
  </link:definitionLink>
</link:linkbase>
