<?xml version="1.0" encoding="UTF-8"?>

<!--
	Taxonomy: 2015-12-31 (Final)
	**********************
	Copyright © 2015 China Insurance Regulatory Commission.
	All rights reserved.  No part of this publication may be translated, reprinted or reproduced
	or utilised in any form either in whole or in part without prior permission in writing from China Insurance Regulatory Commission.
	  **********************
	-->
<link:linkbase xmlns:xsi="http://www.w3.org/2001/XMLSchema-instance" xsi:schemaLocation="http://www.xbrl.org/2003/linkbase http://www.xbrl.org/2003/xbrl-linkbase-2003-12-31.xsd" xmlns:c-ross="http://xbrl.circ.gov.cn/taxonomy/2015-12-31/c-ross" xmlns:link="http://www.xbrl.org/2003/linkbase" xmlns:q_s_pc_entry_point="http://xbrl.circ.gov.cn/taxonomy/2015-12-31/c-ross/q_s_pc_entry_point" xmlns:xlink="http://www.w3.org/1999/xlink" xmlns:xbrli="http://www.xbrl.org/2003/instance" xmlns:xbrldt="http://xbrl.org/2005/xbrldt">
  <link:roleRef roleURI="http://xbrl.circ.gov.cn/role/c-ross_2015-12-31_role-3171900" xlink:type="simple" xlink:href="rol_c-ross_8_2015-12-31.xsd#c-ross_2015-12-31-3171900"/>
  <link:roleRef roleURI="http://xbrl.circ.gov.cn/role/c-ross_2015-12-31_role-3171900a" xlink:type="simple" xlink:href="rol_c-ross_8_2015-12-31.xsd#c-ross_2015-12-31-3171900a"/>
  <link:roleRef roleURI="http://xbrl.circ.gov.cn/role/c-ross_2015-12-31_role-3171900b" xlink:type="simple" xlink:href="rol_c-ross_8_2015-12-31.xsd#c-ross_2015-12-31-3171900b"/>
  <link:arcroleRef arcroleURI="http://xbrl.org/int/dim/arcrole/all" xlink:type="simple" xlink:href="http://www.xbrl.org/2005/xbrldt-2005.xsd#all"/>
  <link:arcroleRef arcroleURI="http://xbrl.org/int/dim/arcrole/dimension-default" xlink:type="simple" xlink:href="http://www.xbrl.org/2005/xbrldt-2005.xsd#dimension-default"/>
  <link:arcroleRef arcroleURI="http://xbrl.org/int/dim/arcrole/dimension-domain" xlink:type="simple" xlink:href="http://www.xbrl.org/2005/xbrldt-2005.xsd#dimension-domain"/>
  <link:arcroleRef arcroleURI="http://xbrl.org/int/dim/arcrole/domain-member" xlink:type="simple" xlink:href="http://www.xbrl.org/2005/xbrldt-2005.xsd#domain-member"/>
  <link:arcroleRef arcroleURI="http://xbrl.org/int/dim/arcrole/hypercube-dimension" xlink:type="simple" xlink:href="http://www.xbrl.org/2005/xbrldt-2005.xsd#hypercube-dimension"/>
  <link:arcroleRef arcroleURI="http://xbrl.org/int/dim/arcrole/notAll" xlink:type="simple" xlink:href="http://www.xbrl.org/2005/xbrldt-2005.xsd#notAll"/>
  <link:definitionLink xlink:type="extended" xlink:role="http://xbrl.circ.gov.cn/role/c-ross_2015-12-31_role-3171900">
    <link:loc xlink:type="locator" xlink:href="../../c-ross_core_2015-12-31.xsd#c-ross_ItemsOfOtherReceivablesAndPrepaymentsAxis" xlink:label="ItemsOfOtherReceivablesAndPrepaymentsAxis" xlink:title="ItemsOfOtherReceivablesAndPrepaymentsAxis"/>
    <link:loc xlink:type="locator" xlink:href="../../c-ross_core_2015-12-31.xsd#c-ross_ItemsOfOtherReceivablesAndPrepaymentsMember" xlink:label="ItemsOfOtherReceivablesAndPrepaymentsMember" xlink:title="ItemsOfOtherReceivablesAndPrepaymentsMember"/>
    <link:definitionArc xlink:type="arc" xlink:arcrole="http://xbrl.org/int/dim/arcrole/dimension-domain" xlink:from="ItemsOfOtherReceivablesAndPrepaymentsAxis" xlink:to="ItemsOfOtherReceivablesAndPrepaymentsMember" xlink:title="definition: ItemsOfOtherReceivablesAndPrepaymentsAxis to ItemsOfOtherReceivablesAndPrepaymentsMember" use="optional" order="10.0"/>
    <link:loc xlink:type="locator" xlink:href="../../c-ross_core_2015-12-31.xsd#c-ross_ItemsOfOtherReceivablesAndPrepaymentsMember" xlink:label="ItemsOfOtherReceivablesAndPrepaymentsMember_2" xlink:title="ItemsOfOtherReceivablesAndPrepaymentsMember"/>
    <link:definitionArc xlink:type="arc" xlink:arcrole="http://xbrl.org/int/dim/arcrole/dimension-default" xlink:from="ItemsOfOtherReceivablesAndPrepaymentsAxis" xlink:to="ItemsOfOtherReceivablesAndPrepaymentsMember_2" xlink:title="definition: ItemsOfOtherReceivablesAndPrepaymentsAxis to ItemsOfOtherReceivablesAndPrepaymentsMember" use="optional" order="20.0"/>
    <link:loc xlink:type="locator" xlink:href="../../c-ross_core_2015-12-31.xsd#c-ross_PrepaidIndemnitiesAndPrepaidTaxesToBeWithheldMember" xlink:label="PrepaidIndemnitiesAndPrepaidTaxesToBeWithheldMember" xlink:title="PrepaidIndemnitiesAndPrepaidTaxesToBeWithheldMember"/>
    <link:definitionArc xlink:type="arc" xlink:arcrole="http://xbrl.org/int/dim/arcrole/domain-member" xlink:from="ItemsOfOtherReceivablesAndPrepaymentsMember" xlink:to="PrepaidIndemnitiesAndPrepaidTaxesToBeWithheldMember" xlink:title="definition: ItemsOfOtherReceivablesAndPrepaymentsMember to PrepaidIndemnitiesAndPrepaidTaxesToBeWithheldMember" use="optional" order="10.0"/>
    <link:loc xlink:type="locator" xlink:href="../../c-ross_core_2015-12-31.xsd#c-ross_OtherReceivablesAndPrepaymentsOthersMember" xlink:label="OtherReceivablesAndPrepaymentsOthersMember" xlink:title="OtherReceivablesAndPrepaymentsOthersMember"/>
    <link:definitionArc xlink:type="arc" xlink:arcrole="http://xbrl.org/int/dim/arcrole/domain-member" xlink:from="ItemsOfOtherReceivablesAndPrepaymentsMember" xlink:to="OtherReceivablesAndPrepaymentsOthersMember" xlink:title="definition: ItemsOfOtherReceivablesAndPrepaymentsMember to OtherReceivablesAndPrepaymentsOthersMember" use="optional" order="20.0"/>
    <link:loc xlink:type="locator" xlink:href="../../c-ross_core_2015-12-31.xsd#c-ross_OtherReceivablesAndPrepaymentsTopTenCounterpartiesAndOthersAxis" xlink:label="newItem" xlink:title="newItem"/>
    <link:loc xlink:type="locator" xlink:href="../../c-ross_core_2015-12-31.xsd#c-ross_OtherReceivablesAndPrepaymentsTopTenCounterpartiesAndOthersMember" xlink:label="newItem2" xlink:title="newItem2"/>
    <link:definitionArc xlink:type="arc" xlink:arcrole="http://xbrl.org/int/dim/arcrole/dimension-domain" xlink:from="newItem" xlink:to="newItem2" xlink:title="definition: newItem to newItem2" order="10.0"/>
    <link:loc xlink:type="locator" xlink:href="../../c-ross_core_2015-12-31.xsd#c-ross_OtherReceivablesAndPrepaymentsTopTenCounterpartiesAndOthersMember" xlink:label="newItem2_2" xlink:title="newItem2"/>
    <link:definitionArc xlink:type="arc" xlink:arcrole="http://xbrl.org/int/dim/arcrole/dimension-default" xlink:from="newItem" xlink:to="newItem2_2" xlink:title="definition: newItem to newItem2" order="20.0"/>
    <link:loc xlink:type="locator" xlink:href="../../c-ross_core_2015-12-31.xsd#c-ross_CounterpartyOneMember" xlink:label="newItem3" xlink:title="newItem3"/>
    <link:definitionArc xlink:type="arc" xlink:arcrole="http://xbrl.org/int/dim/arcrole/domain-member" xlink:from="newItem2" xlink:to="newItem3" xlink:title="definition: newItem2 to newItem3" order="10.0"/>
    <link:loc xlink:type="locator" xlink:href="../../c-ross_core_2015-12-31.xsd#c-ross_CounterpartyTwoMember" xlink:label="newItem6" xlink:title="newItem6"/>
    <link:definitionArc xlink:type="arc" xlink:arcrole="http://xbrl.org/int/dim/arcrole/domain-member" xlink:from="newItem2" xlink:to="newItem6" xlink:title="definition: newItem2 to newItem6" order="20.0"/>
    <link:loc xlink:type="locator" xlink:href="../../c-ross_core_2015-12-31.xsd#c-ross_CounterpartyThreeMember" xlink:label="newItem7" xlink:title="newItem7"/>
    <link:definitionArc xlink:type="arc" xlink:arcrole="http://xbrl.org/int/dim/arcrole/domain-member" xlink:from="newItem2" xlink:to="newItem7" xlink:title="definition: newItem2 to newItem7" order="30.0"/>
    <link:loc xlink:type="locator" xlink:href="../../c-ross_core_2015-12-31.xsd#c-ross_CounterpartyFourMember" xlink:label="newItem8" xlink:title="newItem8"/>
    <link:definitionArc xlink:type="arc" xlink:arcrole="http://xbrl.org/int/dim/arcrole/domain-member" xlink:from="newItem2" xlink:to="newItem8" xlink:title="definition: newItem2 to newItem8" order="40.0"/>
    <link:loc xlink:type="locator" xlink:href="../../c-ross_core_2015-12-31.xsd#c-ross_CounterpartyFiveMember" xlink:label="newItem9" xlink:title="newItem9"/>
    <link:definitionArc xlink:type="arc" xlink:arcrole="http://xbrl.org/int/dim/arcrole/domain-member" xlink:from="newItem2" xlink:to="newItem9" xlink:title="definition: newItem2 to newItem9" order="50.0"/>
    <link:loc xlink:type="locator" xlink:href="../../c-ross_core_2015-12-31.xsd#c-ross_CounterpartySixMember" xlink:label="newItem10" xlink:title="newItem10"/>
    <link:definitionArc xlink:type="arc" xlink:arcrole="http://xbrl.org/int/dim/arcrole/domain-member" xlink:from="newItem2" xlink:to="newItem10" xlink:title="definition: newItem2 to newItem10" order="60.0"/>
    <link:loc xlink:type="locator" xlink:href="../../c-ross_core_2015-12-31.xsd#c-ross_CounterpartySevenMember" xlink:label="newItem11" xlink:title="newItem11"/>
    <link:definitionArc xlink:type="arc" xlink:arcrole="http://xbrl.org/int/dim/arcrole/domain-member" xlink:from="newItem2" xlink:to="newItem11" xlink:title="definition: newItem2 to newItem11" order="70.0"/>
    <link:loc xlink:type="locator" xlink:href="../../c-ross_core_2015-12-31.xsd#c-ross_CounterpartyEightMember" xlink:label="newItem12" xlink:title="newItem12"/>
    <link:definitionArc xlink:type="arc" xlink:arcrole="http://xbrl.org/int/dim/arcrole/domain-member" xlink:from="newItem2" xlink:to="newItem12" xlink:title="definition: newItem2 to newItem12" order="80.0"/>
    <link:loc xlink:type="locator" xlink:href="../../c-ross_core_2015-12-31.xsd#c-ross_CounterpartyNineMember" xlink:label="newItem5" xlink:title="newItem5"/>
    <link:definitionArc xlink:type="arc" xlink:arcrole="http://xbrl.org/int/dim/arcrole/domain-member" xlink:from="newItem2" xlink:to="newItem5" xlink:title="definition: newItem2 to newItem5" order="90.0"/>
    <link:loc xlink:type="locator" xlink:href="../../c-ross_core_2015-12-31.xsd#c-ross_CounterpartyTenMember" xlink:label="newItem13" xlink:title="newItem13"/>
    <link:definitionArc xlink:type="arc" xlink:arcrole="http://xbrl.org/int/dim/arcrole/domain-member" xlink:from="newItem2" xlink:to="newItem13" xlink:title="definition: newItem2 to newItem13" order="100.0"/>
    <link:loc xlink:type="locator" xlink:href="../../c-ross_core_2015-12-31.xsd#c-ross_OtherCounterpartiesMember" xlink:label="newItem14" xlink:title="newItem14"/>
    <link:definitionArc xlink:type="arc" xlink:arcrole="http://xbrl.org/int/dim/arcrole/domain-member" xlink:from="newItem2" xlink:to="newItem14" xlink:title="definition: newItem2 to newItem14" order="110.0"/>
    <link:loc xlink:type="locator" xlink:href="../../c-ross_core_2015-12-31.xsd#c-ross_CounterpartyDefaultRiskOtherReceivablesAndPrepaymentsAbstract" xlink:label="CounterpartyDefaultRiskOtherReceivablesAndPrepaymentsAbstract" xlink:title="CounterpartyDefaultRiskOtherReceivablesAndPrepaymentsAbstract"/>
    <link:loc xlink:type="locator" xlink:href="../../c-ross_core_2015-12-31.xsd#c-ross_CounterpartyDefaultRiskOtherReceivablesAndPrepaymentsTable" xlink:label="CounterpartyDefaultRiskOtherReceivablesAndPrepaymentsTable" xlink:title="CounterpartyDefaultRiskOtherReceivablesAndPrepaymentsTable"/>
    <link:definitionArc xlink:type="arc" xlink:arcrole="http://xbrl.org/int/dim/arcrole/all" xlink:from="CounterpartyDefaultRiskOtherReceivablesAndPrepaymentsAbstract" xlink:to="CounterpartyDefaultRiskOtherReceivablesAndPrepaymentsTable" xlink:title="definition: CounterpartyDefaultRiskOtherReceivablesAndPrepaymentsAbstract to CounterpartyDefaultRiskOtherReceivablesAndPrepaymentsTable" use="optional" order="10.0" xbrldt:closed="true" xbrldt:contextElement="scenario"/>
    <link:definitionArc xlink:type="arc" xlink:arcrole="http://xbrl.org/int/dim/arcrole/hypercube-dimension" xlink:from="CounterpartyDefaultRiskOtherReceivablesAndPrepaymentsTable" xlink:to="ItemsOfOtherReceivablesAndPrepaymentsAxis" xlink:title="definition: CounterpartyDefaultRiskOtherReceivablesAndPrepaymentsTable to ItemsOfOtherReceivablesAndPrepaymentsAxis" use="optional" order="10.0"/>
    <link:definitionArc xlink:type="arc" xlink:arcrole="http://xbrl.org/int/dim/arcrole/hypercube-dimension" xlink:from="CounterpartyDefaultRiskOtherReceivablesAndPrepaymentsTable" xlink:to="newItem" xlink:title="definition: CounterpartyDefaultRiskOtherReceivablesAndPrepaymentsTable to newItem" order="20.0"/>
    <link:loc xlink:type="locator" xlink:href="../../c-ross_core_2015-12-31.xsd#c-ross_CounterpartyDefaultRiskOtherReceivablesAndPrepaymentsLineItems" xlink:label="CounterpartyDefaultRiskOtherReceivablesAndPrepaymentsLineItems" xlink:title="CounterpartyDefaultRiskOtherReceivablesAndPrepaymentsLineItems"/>
    <link:definitionArc xlink:type="arc" xlink:arcrole="http://xbrl.org/int/dim/arcrole/domain-member" xlink:from="CounterpartyDefaultRiskOtherReceivablesAndPrepaymentsAbstract" xlink:to="CounterpartyDefaultRiskOtherReceivablesAndPrepaymentsLineItems" xlink:title="definition: CounterpartyDefaultRiskOtherReceivablesAndPrepaymentsAbstract to CounterpartyDefaultRiskOtherReceivablesAndPrepaymentsLineItems" use="optional" order="20.0"/>
    <link:loc xlink:type="locator" xlink:href="../../c-ross_core_2015-12-31.xsd#c-ross_CounterpartyDefaultRiskOtherReceivablesAndPrepaymentsCounterpartyName" xlink:label="CounterpartyDefaultRiskOtherReceivablesAndPrepaymentsCounterpartyName" xlink:title="CounterpartyDefaultRiskOtherReceivablesAndPrepaymentsCounterpartyName"/>
    <link:definitionArc xlink:type="arc" xlink:arcrole="http://xbrl.org/int/dim/arcrole/domain-member" xlink:from="CounterpartyDefaultRiskOtherReceivablesAndPrepaymentsLineItems" xlink:to="CounterpartyDefaultRiskOtherReceivablesAndPrepaymentsCounterpartyName" xlink:title="definition: CounterpartyDefaultRiskOtherReceivablesAndPrepaymentsLineItems to CounterpartyDefaultRiskOtherReceivablesAndPrepaymentsCounterpartyName" use="optional" order="10.0"/>
    <link:loc xlink:type="locator" xlink:href="../../c-ross_core_2015-12-31.xsd#c-ross_ExcludedTable" xlink:label="Excluded" xlink:title="Excluded"/>
    <link:definitionArc xlink:type="arc" xlink:arcrole="http://xbrl.org/int/dim/arcrole/notAll" xlink:from="CounterpartyDefaultRiskOtherReceivablesAndPrepaymentsCounterpartyName" xlink:to="Excluded" xlink:title="definition: CounterpartyDefaultRiskOtherReceivablesAndPrepaymentsCounterpartyName to Excluded" use="optional" order="10.0" xbrldt:contextElement="scenario" xbrldt:targetRole="http://xbrl.circ.gov.cn/role/c-ross_2015-12-31_role-3171900a"/>
    <link:loc xlink:type="locator" xlink:href="../../c-ross_core_2015-12-31.xsd#c-ross_CounterpartyDefaultRiskOtherReceivablesAndPrepaymentsNetValue" xlink:label="CounterpartyDefaultRiskOtherReceivablesAndPrepaymentsNetValue" xlink:title="CounterpartyDefaultRiskOtherReceivablesAndPrepaymentsNetValue"/>
    <link:definitionArc xlink:type="arc" xlink:arcrole="http://xbrl.org/int/dim/arcrole/domain-member" xlink:from="CounterpartyDefaultRiskOtherReceivablesAndPrepaymentsLineItems" xlink:to="CounterpartyDefaultRiskOtherReceivablesAndPrepaymentsNetValue" xlink:title="definition: CounterpartyDefaultRiskOtherReceivablesAndPrepaymentsLineItems to CounterpartyDefaultRiskOtherReceivablesAndPrepaymentsNetValue" use="optional" order="20.0"/>
    <link:loc xlink:type="locator" xlink:href="../../c-ross_core_2015-12-31.xsd#c-ross_CounterpartyDefaultRiskOtherReceivablesAndPrepaymentsRiskExposure" xlink:label="CounterpartyDefaultRiskOtherReceivablesAndPrepaymentsRiskExposure" xlink:title="CounterpartyDefaultRiskOtherReceivablesAndPrepaymentsRiskExposure"/>
    <link:definitionArc xlink:type="arc" xlink:arcrole="http://xbrl.org/int/dim/arcrole/domain-member" xlink:from="CounterpartyDefaultRiskOtherReceivablesAndPrepaymentsLineItems" xlink:to="CounterpartyDefaultRiskOtherReceivablesAndPrepaymentsRiskExposure" xlink:title="definition: CounterpartyDefaultRiskOtherReceivablesAndPrepaymentsLineItems to CounterpartyDefaultRiskOtherReceivablesAndPrepaymentsRiskExposure" use="optional" order="30.0"/>
    <link:loc xlink:type="locator" xlink:href="../../c-ross_core_2015-12-31.xsd#c-ross_CounterpartyDefaultRiskOtherReceivablesAndPrepaymentsBaseRiskFactor" xlink:label="CounterpartyDefaultRiskOtherReceivablesAndPrepaymentsBaseRiskFactor" xlink:title="CounterpartyDefaultRiskOtherReceivablesAndPrepaymentsBaseRiskFactor"/>
    <link:definitionArc xlink:type="arc" xlink:arcrole="http://xbrl.org/int/dim/arcrole/domain-member" xlink:from="CounterpartyDefaultRiskOtherReceivablesAndPrepaymentsLineItems" xlink:to="CounterpartyDefaultRiskOtherReceivablesAndPrepaymentsBaseRiskFactor" xlink:title="definition: CounterpartyDefaultRiskOtherReceivablesAndPrepaymentsLineItems to CounterpartyDefaultRiskOtherReceivablesAndPrepaymentsBaseRiskFactor" use="optional" order="40.0"/>
    <link:definitionArc xlink:type="arc" xlink:arcrole="http://xbrl.org/int/dim/arcrole/notAll" xlink:from="CounterpartyDefaultRiskOtherReceivablesAndPrepaymentsBaseRiskFactor" xlink:to="Excluded" xlink:title="definition: CounterpartyDefaultRiskOtherReceivablesAndPrepaymentsBaseRiskFactor to Excluded" order="10.0" xbrldt:contextElement="scenario" xbrldt:targetRole="http://xbrl.circ.gov.cn/role/c-ross_2015-12-31_role-3171900b"/>
    <link:loc xlink:type="locator" xlink:href="../../c-ross_core_2015-12-31.xsd#c-ross_CounterpartyDefaultRiskOtherReceivablesAndPrepaymentsMinimumCapital" xlink:label="CounterpartyDefaultRiskOtherReceivablesAndPrepaymentsMinimumCapital" xlink:title="CounterpartyDefaultRiskOtherReceivablesAndPrepaymentsMinimumCapital"/>
    <link:definitionArc xlink:type="arc" xlink:arcrole="http://xbrl.org/int/dim/arcrole/domain-member" xlink:from="CounterpartyDefaultRiskOtherReceivablesAndPrepaymentsLineItems" xlink:to="CounterpartyDefaultRiskOtherReceivablesAndPrepaymentsMinimumCapital" xlink:title="definition: CounterpartyDefaultRiskOtherReceivablesAndPrepaymentsLineItems to CounterpartyDefaultRiskOtherReceivablesAndPrepaymentsMinimumCapital" use="optional" order="50.0"/>
  </link:definitionLink>
  <link:definitionLink xlink:type="extended" xlink:role="http://xbrl.circ.gov.cn/role/c-ross_2015-12-31_role-3171900a">
    <link:loc xlink:type="locator" xlink:href="../../c-ross_core_2015-12-31.xsd#c-ross_ExcludedTable" xlink:label="Excluded" xlink:title="Excluded"/>
    <link:loc xlink:type="locator" xlink:href="../../c-ross_core_2015-12-31.xsd#c-ross_ItemsOfOtherReceivablesAndPrepaymentsAxis" xlink:label="ItemsOfOtherReceivablesAndPrepaymentsAxis" xlink:title="ItemsOfOtherReceivablesAndPrepaymentsAxis"/>
    <link:definitionArc xlink:type="arc" xlink:arcrole="http://xbrl.org/int/dim/arcrole/hypercube-dimension" xlink:from="Excluded" xlink:to="ItemsOfOtherReceivablesAndPrepaymentsAxis" xlink:title="definition: Excluded to ItemsOfOtherReceivablesAndPrepaymentsAxis" use="optional" order="10.0"/>
    <link:loc xlink:type="locator" xlink:href="../../c-ross_core_2015-12-31.xsd#c-ross_ItemsOfOtherReceivablesAndPrepaymentsMember" xlink:label="ItemsOfOtherReceivablesAndPrepaymentsMember" xlink:title="ItemsOfOtherReceivablesAndPrepaymentsMember"/>
    <link:definitionArc xlink:type="arc" xlink:arcrole="http://xbrl.org/int/dim/arcrole/dimension-domain" xlink:from="ItemsOfOtherReceivablesAndPrepaymentsAxis" xlink:to="ItemsOfOtherReceivablesAndPrepaymentsMember" xlink:title="definition: ItemsOfOtherReceivablesAndPrepaymentsAxis to ItemsOfOtherReceivablesAndPrepaymentsMember" use="optional" order="10.0"/>
    <link:loc xlink:type="locator" xlink:href="../../c-ross_core_2015-12-31.xsd#c-ross_PrepaidIndemnitiesAndPrepaidTaxesToBeWithheldMember" xlink:label="PrepaidIndemnitiesAndPrepaidTaxesToBeWithheldMember" xlink:title="PrepaidIndemnitiesAndPrepaidTaxesToBeWithheldMember"/>
    <link:definitionArc xlink:type="arc" xlink:arcrole="http://xbrl.org/int/dim/arcrole/domain-member" xlink:from="ItemsOfOtherReceivablesAndPrepaymentsMember" xlink:to="PrepaidIndemnitiesAndPrepaidTaxesToBeWithheldMember" xlink:title="definition: ItemsOfOtherReceivablesAndPrepaymentsMember to PrepaidIndemnitiesAndPrepaidTaxesToBeWithheldMember" use="optional" order="10.0"/>
    <link:loc xlink:type="locator" xlink:href="../../c-ross_core_2015-12-31.xsd#c-ross_OtherReceivablesAndPrepaymentsOthersMember" xlink:label="OtherReceivablesAndPrepaymentsOthersMember" xlink:title="OtherReceivablesAndPrepaymentsOthersMember"/>
    <link:definitionArc xlink:type="arc" xlink:arcrole="http://xbrl.org/int/dim/arcrole/domain-member" xlink:from="ItemsOfOtherReceivablesAndPrepaymentsMember" xlink:to="OtherReceivablesAndPrepaymentsOthersMember" xlink:title="definition: ItemsOfOtherReceivablesAndPrepaymentsMember to OtherReceivablesAndPrepaymentsOthersMember" use="optional" order="20.0"/>
    <link:loc xlink:type="locator" xlink:href="../../c-ross_core_2015-12-31.xsd#c-ross_OtherReceivablesAndPrepaymentsTopTenCounterpartiesAndOthersAxis" xlink:label="OtherReceivablesAndPrepaymentsTopTenCounterpartiesAndOthersAxis" xlink:title="newItem"/>
    <link:definitionArc xlink:type="arc" xlink:arcrole="http://xbrl.org/int/dim/arcrole/hypercube-dimension" xlink:from="Excluded" xlink:to="OtherReceivablesAndPrepaymentsTopTenCounterpartiesAndOthersAxis" xlink:title="definition: Excluded to OtherReceivablesAndPrepaymentsTopTenCounterpartiesAndOthersAxis" use="optional" order="20.0"/>
    <link:loc xlink:type="locator" xlink:href="../../c-ross_core_2015-12-31.xsd#c-ross_OtherReceivablesAndPrepaymentsTopTenCounterpartiesAndOthersMember" xlink:label="OtherReceivablesAndPrepaymentsTopTenCounterpartiesAndOthersMember" xlink:title="newItem2"/>
    <link:definitionArc xlink:type="arc" xlink:arcrole="http://xbrl.org/int/dim/arcrole/dimension-domain" xlink:from="OtherReceivablesAndPrepaymentsTopTenCounterpartiesAndOthersAxis" xlink:to="OtherReceivablesAndPrepaymentsTopTenCounterpartiesAndOthersMember" xlink:title="definition: OtherReceivablesAndPrepaymentsTopTenCounterpartiesAndOthersAxis to OtherReceivablesAndPrepaymentsTopTenCounterpartiesAndOthersMember" use="optional" order="10.0"/>
    <link:loc xlink:type="locator" xlink:href="../../c-ross_core_2015-12-31.xsd#c-ross_OtherCounterpartiesMember" xlink:label="OtherCounterpartiesMember" xlink:title="newItem14"/>
    <link:definitionArc xlink:type="arc" xlink:arcrole="http://xbrl.org/int/dim/arcrole/domain-member" xlink:from="OtherReceivablesAndPrepaymentsTopTenCounterpartiesAndOthersMember" xlink:to="OtherCounterpartiesMember" xlink:title="definition: OtherReceivablesAndPrepaymentsTopTenCounterpartiesAndOthersMember to OtherCounterpartiesMember" use="optional" order="10.0"/>
  </link:definitionLink>
  <link:definitionLink xlink:type="extended" xlink:role="http://xbrl.circ.gov.cn/role/c-ross_2015-12-31_role-3171900b">
    <link:loc xlink:type="locator" xlink:href="../../c-ross_core_2015-12-31.xsd#c-ross_ExcludedTable" xlink:label="Excluded" xlink:title="Excluded"/>
    <link:loc xlink:type="locator" xlink:href="../../c-ross_core_2015-12-31.xsd#c-ross_ItemsOfOtherReceivablesAndPrepaymentsAxis" xlink:label="ItemsOfOtherReceivablesAndPrepaymentsAxis" xlink:title="ItemsOfOtherReceivablesAndPrepaymentsAxis"/>
    <link:definitionArc xlink:type="arc" xlink:arcrole="http://xbrl.org/int/dim/arcrole/hypercube-dimension" xlink:from="Excluded" xlink:to="ItemsOfOtherReceivablesAndPrepaymentsAxis" xlink:title="definition: Excluded to ItemsOfOtherReceivablesAndPrepaymentsAxis" use="optional" order="10.0"/>
    <link:loc xlink:type="locator" xlink:href="../../c-ross_core_2015-12-31.xsd#c-ross_ItemsOfOtherReceivablesAndPrepaymentsMember" xlink:label="ItemsOfOtherReceivablesAndPrepaymentsMember" xlink:title="ItemsOfOtherReceivablesAndPrepaymentsMember"/>
    <link:definitionArc xlink:type="arc" xlink:arcrole="http://xbrl.org/int/dim/arcrole/dimension-domain" xlink:from="ItemsOfOtherReceivablesAndPrepaymentsAxis" xlink:to="ItemsOfOtherReceivablesAndPrepaymentsMember" xlink:title="definition: ItemsOfOtherReceivablesAndPrepaymentsAxis to ItemsOfOtherReceivablesAndPrepaymentsMember" use="optional" order="10.0"/>
    <link:loc xlink:type="locator" xlink:href="../../c-ross_core_2015-12-31.xsd#c-ross_PrepaidIndemnitiesAndPrepaidTaxesToBeWithheldMember" xlink:label="PrepaidIndemnitiesAndPrepaidTaxesToBeWithheldMember" xlink:title="PrepaidIndemnitiesAndPrepaidTaxesToBeWithheldMember"/>
    <link:definitionArc xlink:type="arc" xlink:arcrole="http://xbrl.org/int/dim/arcrole/domain-member" xlink:from="ItemsOfOtherReceivablesAndPrepaymentsMember" xlink:to="PrepaidIndemnitiesAndPrepaidTaxesToBeWithheldMember" xlink:title="definition: ItemsOfOtherReceivablesAndPrepaymentsMember to PrepaidIndemnitiesAndPrepaidTaxesToBeWithheldMember" use="optional" order="10.0"/>
    <link:loc xlink:type="locator" xlink:href="../../c-ross_core_2015-12-31.xsd#c-ross_OtherReceivablesAndPrepaymentsOthersMember" xlink:label="OtherReceivablesAndPrepaymentsOthersMember" xlink:title="OtherReceivablesAndPrepaymentsOthersMember"/>
    <link:definitionArc xlink:type="arc" xlink:arcrole="http://xbrl.org/int/dim/arcrole/domain-member" xlink:from="ItemsOfOtherReceivablesAndPrepaymentsMember" xlink:to="OtherReceivablesAndPrepaymentsOthersMember" xlink:title="definition: ItemsOfOtherReceivablesAndPrepaymentsMember to OtherReceivablesAndPrepaymentsOthersMember" use="optional" order="20.0"/>
    <link:loc xlink:type="locator" xlink:href="../../c-ross_core_2015-12-31.xsd#c-ross_OtherReceivablesAndPrepaymentsTopTenCounterpartiesAndOthersAxis" xlink:label="OtherReceivablesAndPrepaymentsTopTenCounterpartiesAndOthersAxis" xlink:title="newItem"/>
    <link:definitionArc xlink:type="arc" xlink:arcrole="http://xbrl.org/int/dim/arcrole/hypercube-dimension" xlink:from="Excluded" xlink:to="OtherReceivablesAndPrepaymentsTopTenCounterpartiesAndOthersAxis" xlink:title="definition: Excluded to OtherReceivablesAndPrepaymentsTopTenCounterpartiesAndOthersAxis" use="optional" order="20.0"/>
    <link:loc xlink:type="locator" xlink:href="../../c-ross_core_2015-12-31.xsd#c-ross_OtherReceivablesAndPrepaymentsTopTenCounterpartiesAndOthersMember" xlink:label="OtherReceivablesAndPrepaymentsTopTenCounterpartiesAndOthersMember" xlink:title="newItem2"/>
    <link:definitionArc xlink:type="arc" xlink:arcrole="http://xbrl.org/int/dim/arcrole/dimension-domain" xlink:from="OtherReceivablesAndPrepaymentsTopTenCounterpartiesAndOthersAxis" xlink:to="OtherReceivablesAndPrepaymentsTopTenCounterpartiesAndOthersMember" xlink:title="definition: OtherReceivablesAndPrepaymentsTopTenCounterpartiesAndOthersAxis to OtherReceivablesAndPrepaymentsTopTenCounterpartiesAndOthersMember" use="optional" order="10.0"/>
  </link:definitionLink>
</link:linkbase>
