<?xml version="1.0" encoding="UTF-8"?>

<!--
	Taxonomy: 2015-12-31 (Final)
	**********************
	Copyright © 2015 China Insurance Regulatory Commission.
	All rights reserved.  No part of this publication may be translated, reprinted or reproduced
	or utilised in any form either in whole or in part without prior permission in writing from China Insurance Regulatory Commission.
	  **********************
	-->
<link:linkbase xmlns:xsi="http://www.w3.org/2001/XMLSchema-instance" xsi:schemaLocation="http://www.xbrl.org/2003/linkbase http://www.xbrl.org/2003/xbrl-linkbase-2003-12-31.xsd" xmlns:c-ross="http://xbrl.circ.gov.cn/taxonomy/2015-12-31/c-ross" xmlns:link="http://www.xbrl.org/2003/linkbase" xmlns:q_s_pc_entry_point="http://xbrl.circ.gov.cn/taxonomy/2015-12-31/c-ross/q_s_pc_entry_point" xmlns:xlink="http://www.w3.org/1999/xlink" xmlns:xbrli="http://www.xbrl.org/2003/instance" xmlns:xbrldt="http://xbrl.org/2005/xbrldt">
  <link:roleRef roleURI="http://xbrl.circ.gov.cn/role/c-ross_2015-12-31_role-3171300a" xlink:type="simple" xlink:href="rol_c-ross_8_2015-12-31.xsd#c-ross_2015-12-31-3171300a"/>
  <link:arcroleRef arcroleURI="http://xbrl.org/int/dim/arcrole/all" xlink:type="simple" xlink:href="http://www.xbrl.org/2005/xbrldt-2005.xsd#all"/>
  <link:arcroleRef arcroleURI="http://xbrl.org/int/dim/arcrole/domain-member" xlink:type="simple" xlink:href="http://www.xbrl.org/2005/xbrldt-2005.xsd#domain-member"/>
  <link:arcroleRef arcroleURI="http://xbrl.org/int/dim/arcrole/hypercube-dimension" xlink:type="simple" xlink:href="http://www.xbrl.org/2005/xbrldt-2005.xsd#hypercube-dimension"/>
  <link:definitionLink xlink:type="extended" xlink:role="http://xbrl.circ.gov.cn/role/c-ross_2015-12-31_role-3171300a">
    <link:loc xlink:type="locator" xlink:href="../../c-ross_core_2015-12-31.xsd#c-ross_CounterpartyDefaultRiskProjectAssetBackedPlansDetailsAbstract" xlink:label="CounterpartyDefaultRiskProjectAssetBackedPlansDetailsAbstract" xlink:title="CounterpartyDefaultRiskProjectAssetBackedPlansDetailsAbstract"/>
    <link:loc xlink:type="locator" xlink:href="../../c-ross_core_2015-12-31.xsd#c-ross_CounterpartyDefaultRiskProjectAssetBackedPlansTable" xlink:label="CounterpartyDefaultRiskProjectAssetBackedPlansTable" xlink:title="CounterpartyDefaultRiskProjectAssetBackedPlansTable"/>
    <link:definitionArc xlink:type="arc" xlink:arcrole="http://xbrl.org/int/dim/arcrole/all" xlink:from="CounterpartyDefaultRiskProjectAssetBackedPlansDetailsAbstract" xlink:to="CounterpartyDefaultRiskProjectAssetBackedPlansTable" xlink:title="definition: CounterpartyDefaultRiskProjectAssetBackedPlansDetailsAbstract to CounterpartyDefaultRiskProjectAssetBackedPlansTable" use="optional" order="10.0" xbrldt:closed="true" xbrldt:contextElement="scenario"/>
    <link:loc xlink:type="locator" xlink:href="../../c-ross_core_2015-12-31.xsd#c-ross_CounterpartyDefaultRiskProjectAssetBackedPlansLineNumberAxis" xlink:label="CounterpartyDefaultRiskProjectAssetBackedPlansLineNumberAxis" xlink:title="CounterpartyDefaultRiskProjectAssetBackedPlansLineNumberAxis"/>
    <link:definitionArc xlink:type="arc" xlink:arcrole="http://xbrl.org/int/dim/arcrole/hypercube-dimension" xlink:from="CounterpartyDefaultRiskProjectAssetBackedPlansTable" xlink:to="CounterpartyDefaultRiskProjectAssetBackedPlansLineNumberAxis" xlink:title="definition: CounterpartyDefaultRiskProjectAssetBackedPlansTable to CounterpartyDefaultRiskProjectAssetBackedPlansLineNumberAxis" use="optional" order="10.0"/>
    <link:loc xlink:type="locator" xlink:href="../../c-ross_core_2015-12-31.xsd#c-ross_CounterpartyDefaultRiskProjectAssetBackedPlansLineItems" xlink:label="CounterpartyDefaultRiskProjectAssetBackedPlansLineItems" xlink:title="CounterpartyDefaultRiskProjectAssetBackedPlansLineItems"/>
    <link:definitionArc xlink:type="arc" xlink:arcrole="http://xbrl.org/int/dim/arcrole/domain-member" xlink:from="CounterpartyDefaultRiskProjectAssetBackedPlansDetailsAbstract" xlink:to="CounterpartyDefaultRiskProjectAssetBackedPlansLineItems" xlink:title="definition: CounterpartyDefaultRiskProjectAssetBackedPlansDetailsAbstract to CounterpartyDefaultRiskProjectAssetBackedPlansLineItems" use="optional" order="20.0"/>
    <link:loc xlink:type="locator" xlink:href="../../c-ross_core_2015-12-31.xsd#c-ross_CounterpartyDefaultRiskProjectAssetBackedPlansProductName" xlink:label="CounterpartyDefaultRiskProjectAssetBackedPlansName" xlink:title="CounterpartyDefaultRiskProjectAssetBackedPlansName"/>
    <link:definitionArc xlink:type="arc" xlink:arcrole="http://xbrl.org/int/dim/arcrole/domain-member" xlink:from="CounterpartyDefaultRiskProjectAssetBackedPlansLineItems" xlink:to="CounterpartyDefaultRiskProjectAssetBackedPlansName" xlink:title="definition: CounterpartyDefaultRiskProjectAssetBackedPlansLineItems to CounterpartyDefaultRiskProjectAssetBackedPlansName" use="optional" order="10.0"/>
    <link:loc xlink:type="locator" xlink:href="../../c-ross_core_2015-12-31.xsd#c-ross_CounterpartyDefaultRiskProjectAssetBackedPlansCreditRatingsForAssets" xlink:label="CounterpartyDefaultRiskProjectAssetBackedPlansCreditRatingsForAssets" xlink:title="CounterpartyDefaultRiskProjectAssetBackedPlansCreditRatingsForAssets"/>
    <link:definitionArc xlink:type="arc" xlink:arcrole="http://xbrl.org/int/dim/arcrole/domain-member" xlink:from="CounterpartyDefaultRiskProjectAssetBackedPlansLineItems" xlink:to="CounterpartyDefaultRiskProjectAssetBackedPlansCreditRatingsForAssets" xlink:title="definition: CounterpartyDefaultRiskProjectAssetBackedPlansLineItems to CounterpartyDefaultRiskProjectAssetBackedPlansCreditRatingsForAssets" use="optional" order="20.0"/>
    <link:loc xlink:type="locator" xlink:href="../../c-ross_core_2015-12-31.xsd#c-ross_CounterpartyDefaultRiskProjectAssetBackedPlansIssuer" xlink:label="CounterpartyDefaultRiskProjectAssetBackedPlansIssuer" xlink:title="CounterpartyDefaultRiskProjectAssetBackedPlansIssuer"/>
    <link:definitionArc xlink:type="arc" xlink:arcrole="http://xbrl.org/int/dim/arcrole/domain-member" xlink:from="CounterpartyDefaultRiskProjectAssetBackedPlansLineItems" xlink:to="CounterpartyDefaultRiskProjectAssetBackedPlansIssuer" xlink:title="definition: CounterpartyDefaultRiskProjectAssetBackedPlansLineItems to CounterpartyDefaultRiskProjectAssetBackedPlansIssuer" use="optional" order="30.0"/>
    <link:loc xlink:type="locator" xlink:href="../../c-ross_core_2015-12-31.xsd#c-ross_CounterpartyDefaultRiskProjectAssetBackedPlansAdmittedValue" xlink:label="CounterpartyDefaultRiskProjectAssetBackedPlansAdmittedValue" xlink:title="CounterpartyDefaultRiskProjectAssetBackedPlansAdmittedValue"/>
    <link:definitionArc xlink:type="arc" xlink:arcrole="http://xbrl.org/int/dim/arcrole/domain-member" xlink:from="CounterpartyDefaultRiskProjectAssetBackedPlansLineItems" xlink:to="CounterpartyDefaultRiskProjectAssetBackedPlansAdmittedValue" xlink:title="definition: CounterpartyDefaultRiskProjectAssetBackedPlansLineItems to CounterpartyDefaultRiskProjectAssetBackedPlansAdmittedValue" use="optional" order="50.0"/>
    <link:loc xlink:type="locator" xlink:href="../../c-ross_core_2015-12-31.xsd#c-ross_CounterpartyDefaultRiskProjectAssetBackedPlansInterestReceivable" xlink:label="CounterpartyDefaultRiskProjectAssetBackedPlansInterestReceivable" xlink:title="CounterpartyDefaultRiskProjectAssetBackedPlansInterestReceivable"/>
    <link:definitionArc xlink:type="arc" xlink:arcrole="http://xbrl.org/int/dim/arcrole/domain-member" xlink:from="CounterpartyDefaultRiskProjectAssetBackedPlansLineItems" xlink:to="CounterpartyDefaultRiskProjectAssetBackedPlansInterestReceivable" xlink:title="definition: CounterpartyDefaultRiskProjectAssetBackedPlansLineItems to CounterpartyDefaultRiskProjectAssetBackedPlansInterestReceivable" use="optional" order="60.0"/>
    <link:loc xlink:type="locator" xlink:href="../../c-ross_core_2015-12-31.xsd#c-ross_CounterpartyDefaultRiskProjectAssetBackedPlansRiskExposure" xlink:label="CounterpartyDefaultRiskProjectAssetBackedPlansRiskExposure" xlink:title="CounterpartyDefaultRiskProjectAssetBackedPlansRiskExposure"/>
    <link:definitionArc xlink:type="arc" xlink:arcrole="http://xbrl.org/int/dim/arcrole/domain-member" xlink:from="CounterpartyDefaultRiskProjectAssetBackedPlansLineItems" xlink:to="CounterpartyDefaultRiskProjectAssetBackedPlansRiskExposure" xlink:title="definition: CounterpartyDefaultRiskProjectAssetBackedPlansLineItems to CounterpartyDefaultRiskProjectAssetBackedPlansRiskExposure" use="optional" order="70.0"/>
    <link:loc xlink:type="locator" xlink:href="../../c-ross_core_2015-12-31.xsd#c-ross_CounterpartyDefaultRiskProjectAssetBackedPlansBaseRiskFactor" xlink:label="CounterpartyDefaultRiskProjectAssetBackedPlansBaseRiskFactor" xlink:title="CounterpartyDefaultRiskProjectAssetBackedPlansBaseRiskFactor"/>
    <link:definitionArc xlink:type="arc" xlink:arcrole="http://xbrl.org/int/dim/arcrole/domain-member" xlink:from="CounterpartyDefaultRiskProjectAssetBackedPlansLineItems" xlink:to="CounterpartyDefaultRiskProjectAssetBackedPlansBaseRiskFactor" xlink:title="definition: CounterpartyDefaultRiskProjectAssetBackedPlansLineItems to CounterpartyDefaultRiskProjectAssetBackedPlansBaseRiskFactor" use="optional" order="80.0"/>
    <link:loc xlink:type="locator" xlink:href="../../c-ross_core_2015-12-31.xsd#c-ross_CounterpartyDefaultRiskProjectAssetBackedPlansMinimumCapital" xlink:label="CounterpartyDefaultRiskProjectAssetBackedPlansMinimumCapital" xlink:title="CounterpartyDefaultRiskProjectAssetBackedPlansMinimumCapital"/>
    <link:definitionArc xlink:type="arc" xlink:arcrole="http://xbrl.org/int/dim/arcrole/domain-member" xlink:from="CounterpartyDefaultRiskProjectAssetBackedPlansLineItems" xlink:to="CounterpartyDefaultRiskProjectAssetBackedPlansMinimumCapital" xlink:title="definition: CounterpartyDefaultRiskProjectAssetBackedPlansLineItems to CounterpartyDefaultRiskProjectAssetBackedPlansMinimumCapital" use="optional" order="90.0"/>
    <link:loc xlink:type="locator" xlink:href="../../c-ross_core_2015-12-31.xsd#c-ross_CounterpartyDefaultRiskProjectAssetBackedPlansFinancingBody" xlink:label="newItem3" xlink:title="newItem3"/>
    <link:definitionArc xlink:type="arc" xlink:arcrole="http://xbrl.org/int/dim/arcrole/domain-member" xlink:from="CounterpartyDefaultRiskProjectAssetBackedPlansLineItems" xlink:to="newItem3" xlink:title="definition: CounterpartyDefaultRiskProjectAssetBackedPlansLineItems to newItem3" order="40.0"/>
  </link:definitionLink>
</link:linkbase>
