<?xml version="1.0" encoding="UTF-8"?>

<!--
	Taxonomy: 2015-12-31 (Final)
	**********************
	Copyright © 2015 China Insurance Regulatory Commission.
	All rights reserved.  No part of this publication may be translated, reprinted or reproduced
	or utilised in any form either in whole or in part without prior permission in writing from China Insurance Regulatory Commission.
	  **********************
	-->
<link:linkbase xmlns:xsi="http://www.w3.org/2001/XMLSchema-instance" xsi:schemaLocation="http://www.xbrl.org/2003/linkbase http://www.xbrl.org/2003/xbrl-linkbase-2003-12-31.xsd" xmlns:c-ross="http://xbrl.circ.gov.cn/taxonomy/2015-12-31/c-ross" xmlns:link="http://www.xbrl.org/2003/linkbase" xmlns:q_s_pc_entry_point="http://xbrl.circ.gov.cn/taxonomy/2015-12-31/c-ross/q_s_pc_entry_point" xmlns:xlink="http://www.w3.org/1999/xlink" xmlns:xbrli="http://www.xbrl.org/2003/instance" xmlns:xbrldt="http://xbrl.org/2005/xbrldt">
  <link:roleRef roleURI="http://xbrl.circ.gov.cn/role/c-ross_2015-12-31_role-3172100" xlink:type="simple" xlink:href="rol_c-ross_8_2015-12-31.xsd#c-ross_2015-12-31-3172100"/>
  <link:roleRef roleURI="http://xbrl.circ.gov.cn/role/c-ross_2015-12-31_role-3172100a" xlink:type="simple" xlink:href="rol_c-ross_8_2015-12-31.xsd#c-ross_2015-12-31-3172100a"/>
  <link:arcroleRef arcroleURI="http://xbrl.org/int/dim/arcrole/all" xlink:type="simple" xlink:href="http://www.xbrl.org/2005/xbrldt-2005.xsd#all"/>
  <link:arcroleRef arcroleURI="http://xbrl.org/int/dim/arcrole/dimension-default" xlink:type="simple" xlink:href="http://www.xbrl.org/2005/xbrldt-2005.xsd#dimension-default"/>
  <link:arcroleRef arcroleURI="http://xbrl.org/int/dim/arcrole/dimension-domain" xlink:type="simple" xlink:href="http://www.xbrl.org/2005/xbrldt-2005.xsd#dimension-domain"/>
  <link:arcroleRef arcroleURI="http://xbrl.org/int/dim/arcrole/domain-member" xlink:type="simple" xlink:href="http://www.xbrl.org/2005/xbrldt-2005.xsd#domain-member"/>
  <link:arcroleRef arcroleURI="http://xbrl.org/int/dim/arcrole/hypercube-dimension" xlink:type="simple" xlink:href="http://www.xbrl.org/2005/xbrldt-2005.xsd#hypercube-dimension"/>
  <link:arcroleRef arcroleURI="http://xbrl.org/int/dim/arcrole/notAll" xlink:type="simple" xlink:href="http://www.xbrl.org/2005/xbrldt-2005.xsd#notAll"/>
  <link:definitionLink xlink:type="extended" xlink:role="http://xbrl.circ.gov.cn/role/c-ross_2015-12-31_role-3172100">
    <link:loc xlink:type="locator" xlink:href="../../c-ross_core_2015-12-31.xsd#c-ross_TypesOfInsuranceAccountMember" xlink:label="TypesOfInsuranceAccountMember" xlink:title="TypesOfInsuranceAccountMember"/>
    <link:loc xlink:type="locator" xlink:href="../../c-ross_core_2015-12-31.xsd#c-ross_UniversalInsuranceAccountMember" xlink:label="UniversalInsuranceAccountMember" xlink:title="UniversalInsuranceAccountMember"/>
    <link:definitionArc xlink:type="arc" xlink:arcrole="http://xbrl.org/int/dim/arcrole/domain-member" xlink:from="TypesOfInsuranceAccountMember" xlink:to="UniversalInsuranceAccountMember" xlink:title="definition: TypesOfInsuranceAccountMember to UniversalInsuranceAccountMember" use="optional" order="30.0"/>
    <link:loc xlink:type="locator" xlink:href="../../c-ross_core_2015-12-31.xsd#c-ross_ParticipatingInsuranceAccountMember" xlink:label="ParticipatingInsuranceAccountMember" xlink:title="ParticipatingInsuranceAccountMember"/>
    <link:definitionArc xlink:type="arc" xlink:arcrole="http://xbrl.org/int/dim/arcrole/domain-member" xlink:from="TypesOfInsuranceAccountMember" xlink:to="ParticipatingInsuranceAccountMember" xlink:title="definition: TypesOfInsuranceAccountMember to ParticipatingInsuranceAccountMember" use="optional" order="20.0"/>
    <link:loc xlink:type="locator" xlink:href="../../c-ross_core_2015-12-31.xsd#c-ross_TraditionalInsuranceExcludingHighInterestRatePolicyAccountMember" xlink:label="TraditionalInsuranceExcludingHighInterestRatePolicyAccountMember" xlink:title="TraditionalInsuranceExcludingHighInterestRatePolicyAccountMember"/>
    <link:definitionArc xlink:type="arc" xlink:arcrole="http://xbrl.org/int/dim/arcrole/domain-member" xlink:from="TypesOfInsuranceAccountMember" xlink:to="TraditionalInsuranceExcludingHighInterestRatePolicyAccountMember" xlink:title="definition: TypesOfInsuranceAccountMember to TraditionalInsuranceExcludingHighInterestRatePolicyAccountMember" use="optional" order="10.0"/>
    <link:loc xlink:type="locator" xlink:href="../../c-ross_core_2015-12-31.xsd#c-ross_HighInterestRatePolicyAccountMember" xlink:label="HighInterestRatePolicyAccountMember" xlink:title="HighInterestRatePolicyAccountMember"/>
    <link:definitionArc xlink:type="arc" xlink:arcrole="http://xbrl.org/int/dim/arcrole/domain-member" xlink:from="TypesOfInsuranceAccountMember" xlink:to="HighInterestRatePolicyAccountMember" xlink:title="definition: TypesOfInsuranceAccountMember to HighInterestRatePolicyAccountMember" use="optional" order="40.0"/>
    <link:loc xlink:type="locator" xlink:href="../../c-ross_core_2015-12-31.xsd#c-ross_OtherInsuranceAccountMember" xlink:label="OtherInsuranceAccountMember" xlink:title="OtherInsuranceAccountMember"/>
    <link:definitionArc xlink:type="arc" xlink:arcrole="http://xbrl.org/int/dim/arcrole/domain-member" xlink:from="TypesOfInsuranceAccountMember" xlink:to="OtherInsuranceAccountMember" xlink:title="definition: TypesOfInsuranceAccountMember to OtherInsuranceAccountMember" use="optional" order="50.0"/>
    <link:loc xlink:type="locator" xlink:href="../../c-ross_core_2015-12-31.xsd#c-ross_PolicyLoansTypesOfInsuranceAccountAxis" xlink:label="PolicyLoansTypesOfInsuranceAccountAxis" xlink:title="PolicyLoansTypesOfInsuranceAccountAxis"/>
    <link:definitionArc xlink:type="arc" xlink:arcrole="http://xbrl.org/int/dim/arcrole/dimension-domain" xlink:from="PolicyLoansTypesOfInsuranceAccountAxis" xlink:to="TypesOfInsuranceAccountMember" xlink:title="definition: PolicyLoansTypesOfInsuranceAccountAxis to TypesOfInsuranceAccountMember" use="optional" order="10.0"/>
    <link:loc xlink:type="locator" xlink:href="../../c-ross_core_2015-12-31.xsd#c-ross_TypesOfInsuranceAccountMember" xlink:label="TypesOfInsuranceAccountMember_2" xlink:title="TypesOfInsuranceAccountMember"/>
    <link:definitionArc xlink:type="arc" xlink:arcrole="http://xbrl.org/int/dim/arcrole/dimension-default" xlink:from="PolicyLoansTypesOfInsuranceAccountAxis" xlink:to="TypesOfInsuranceAccountMember_2" xlink:title="definition: PolicyLoansTypesOfInsuranceAccountAxis to TypesOfInsuranceAccountMember" use="optional" order="20.0"/>
    <link:loc xlink:type="locator" xlink:href="../../c-ross_core_2015-12-31.xsd#c-ross_CounterpartyDefaultRiskPolicyLoansAbstract" xlink:label="CounterpartyDefaultRiskPolicyLoansAbstract" xlink:title="CounterpartyDefaultRiskPolicyLoansAbstract"/>
    <link:loc xlink:type="locator" xlink:href="../../c-ross_core_2015-12-31.xsd#c-ross_CounterpartyDefaultRiskPolicyLoansTable" xlink:label="CounterpartyDefaultRiskPolicyLoansTable" xlink:title="CounterpartyDefaultRiskPolicyLoansTable"/>
    <link:definitionArc xlink:type="arc" xlink:arcrole="http://xbrl.org/int/dim/arcrole/all" xlink:from="CounterpartyDefaultRiskPolicyLoansAbstract" xlink:to="CounterpartyDefaultRiskPolicyLoansTable" xlink:title="definition: CounterpartyDefaultRiskPolicyLoansAbstract to CounterpartyDefaultRiskPolicyLoansTable" use="optional" order="10.0" xbrldt:contextElement="scenario" xbrldt:closed="true"/>
    <link:definitionArc xlink:type="arc" xlink:arcrole="http://xbrl.org/int/dim/arcrole/hypercube-dimension" xlink:from="CounterpartyDefaultRiskPolicyLoansTable" xlink:to="PolicyLoansTypesOfInsuranceAccountAxis" xlink:title="definition: CounterpartyDefaultRiskPolicyLoansTable to PolicyLoansTypesOfInsuranceAccountAxis" use="optional" order="10.0"/>
    <link:loc xlink:type="locator" xlink:href="../../c-ross_core_2015-12-31.xsd#c-ross_CounterpartyDefaultRiskPolicyLoansLineItems" xlink:label="CounterpartyDefaultRiskPolicyLoansLineItems" xlink:title="CounterpartyDefaultRiskPolicyLoansLineItems"/>
    <link:definitionArc xlink:type="arc" xlink:arcrole="http://xbrl.org/int/dim/arcrole/domain-member" xlink:from="CounterpartyDefaultRiskPolicyLoansAbstract" xlink:to="CounterpartyDefaultRiskPolicyLoansLineItems" xlink:title="definition: CounterpartyDefaultRiskPolicyLoansAbstract to CounterpartyDefaultRiskPolicyLoansLineItems" use="optional" order="20.0"/>
    <link:loc xlink:type="locator" xlink:href="../../c-ross_core_2015-12-31.xsd#c-ross_CounterpartyDefaultRiskPolicyLoansAdmittedValue" xlink:label="CounterpartyDefaultRiskPolicyLoansAdmittedValue" xlink:title="CounterpartyDefaultRiskPolicyLoansAdmittedValue"/>
    <link:definitionArc xlink:type="arc" xlink:arcrole="http://xbrl.org/int/dim/arcrole/domain-member" xlink:from="CounterpartyDefaultRiskPolicyLoansLineItems" xlink:to="CounterpartyDefaultRiskPolicyLoansAdmittedValue" xlink:title="definition: CounterpartyDefaultRiskPolicyLoansLineItems to CounterpartyDefaultRiskPolicyLoansAdmittedValue" use="optional" order="10.0"/>
    <link:loc xlink:type="locator" xlink:href="../../c-ross_core_2015-12-31.xsd#c-ross_CounterpartyDefaultRiskPolicyLoansInterestReceivable" xlink:label="CounterpartyDefaultRiskPolicyLoansInterestReceivable" xlink:title="CounterpartyDefaultRiskPolicyLoansInterestReceivable"/>
    <link:definitionArc xlink:type="arc" xlink:arcrole="http://xbrl.org/int/dim/arcrole/domain-member" xlink:from="CounterpartyDefaultRiskPolicyLoansLineItems" xlink:to="CounterpartyDefaultRiskPolicyLoansInterestReceivable" xlink:title="definition: CounterpartyDefaultRiskPolicyLoansLineItems to CounterpartyDefaultRiskPolicyLoansInterestReceivable" use="optional" order="20.0"/>
    <link:loc xlink:type="locator" xlink:href="../../c-ross_core_2015-12-31.xsd#c-ross_CounterpartyDefaultRiskPolicyLoansRiskExposure" xlink:label="CounterpartyDefaultRiskPolicyLoansRiskExposure" xlink:title="CounterpartyDefaultRiskPolicyLoansRiskExposure"/>
    <link:definitionArc xlink:type="arc" xlink:arcrole="http://xbrl.org/int/dim/arcrole/domain-member" xlink:from="CounterpartyDefaultRiskPolicyLoansLineItems" xlink:to="CounterpartyDefaultRiskPolicyLoansRiskExposure" xlink:title="definition: CounterpartyDefaultRiskPolicyLoansLineItems to CounterpartyDefaultRiskPolicyLoansRiskExposure" use="optional" order="30.0"/>
    <link:loc xlink:type="locator" xlink:href="../../c-ross_core_2015-12-31.xsd#c-ross_CounterpartyDefaultRiskPolicyLoansBaseRiskFactor" xlink:label="CounterpartyDefaultRiskPolicyLoansBaseRiskFactor" xlink:title="CounterpartyDefaultRiskPolicyLoansBaseRiskFactor"/>
    <link:definitionArc xlink:type="arc" xlink:arcrole="http://xbrl.org/int/dim/arcrole/domain-member" xlink:from="CounterpartyDefaultRiskPolicyLoansLineItems" xlink:to="CounterpartyDefaultRiskPolicyLoansBaseRiskFactor" xlink:title="definition: CounterpartyDefaultRiskPolicyLoansLineItems to CounterpartyDefaultRiskPolicyLoansBaseRiskFactor" use="optional" order="40.0"/>
    <link:loc xlink:type="locator" xlink:href="../../c-ross_core_2015-12-31.xsd#c-ross_ExcludedTable" xlink:label="ExcludedTable" xlink:title="ExcludedTable"/>
    <link:definitionArc xlink:type="arc" xlink:arcrole="http://xbrl.org/int/dim/arcrole/notAll" xlink:from="CounterpartyDefaultRiskPolicyLoansBaseRiskFactor" xlink:to="ExcludedTable" xlink:title="definition: CounterpartyDefaultRiskPolicyLoansBaseRiskFactor to ExcludedTable" order="10.0" xbrldt:contextElement="scenario" xbrldt:targetRole="http://xbrl.circ.gov.cn/role/c-ross_2015-12-31_role-3172100a"/>
    <link:loc xlink:type="locator" xlink:href="../../c-ross_core_2015-12-31.xsd#c-ross_CounterpartyDefaultRiskPolicyLoansMinimumCapital" xlink:label="CounterpartyDefaultRiskPolicyLoansMinimumCapital" xlink:title="CounterpartyDefaultRiskPolicyLoansMinimumCapital"/>
    <link:definitionArc xlink:type="arc" xlink:arcrole="http://xbrl.org/int/dim/arcrole/domain-member" xlink:from="CounterpartyDefaultRiskPolicyLoansLineItems" xlink:to="CounterpartyDefaultRiskPolicyLoansMinimumCapital" xlink:title="definition: CounterpartyDefaultRiskPolicyLoansLineItems to CounterpartyDefaultRiskPolicyLoansMinimumCapital" use="optional" order="50.0"/>
  </link:definitionLink>
  <link:definitionLink xlink:type="extended" xlink:role="http://xbrl.circ.gov.cn/role/c-ross_2015-12-31_role-3172100a">
    <link:loc xlink:type="locator" xlink:href="../../c-ross_core_2015-12-31.xsd#c-ross_ExcludedTable" xlink:label="ExcludedTable" xlink:title="ExcludedTable"/>
    <link:loc xlink:type="locator" xlink:href="../../c-ross_core_2015-12-31.xsd#c-ross_PolicyLoansTypesOfInsuranceAccountAxis" xlink:label="PolicyLoansTypesOfInsuranceAccountAxis" xlink:title="PolicyLoansTypesOfInsuranceAccountAxis"/>
    <link:definitionArc xlink:type="arc" xlink:arcrole="http://xbrl.org/int/dim/arcrole/hypercube-dimension" xlink:from="ExcludedTable" xlink:to="PolicyLoansTypesOfInsuranceAccountAxis" xlink:title="definition: ExcludedTable to PolicyLoansTypesOfInsuranceAccountAxis" use="optional" priority="0" order="10.0"/>
    <link:loc xlink:type="locator" xlink:href="../../c-ross_core_2015-12-31.xsd#c-ross_TypesOfInsuranceAccountMember" xlink:label="TypesOfInsuranceAccountMember" xlink:title="TypesOfInsuranceAccountMember"/>
    <link:definitionArc xlink:type="arc" xlink:arcrole="http://xbrl.org/int/dim/arcrole/dimension-domain" xlink:from="PolicyLoansTypesOfInsuranceAccountAxis" xlink:to="TypesOfInsuranceAccountMember" xlink:title="definition: PolicyLoansTypesOfInsuranceAccountAxis to TypesOfInsuranceAccountMember" use="optional" priority="0" order="10.0"/>
  </link:definitionLink>
</link:linkbase>
