<?xml version="1.0" encoding="UTF-8"?>

<!--
	Taxonomy: 2015-12-31 (Final)
	**********************
	Copyright © 2015 China Insurance Regulatory Commission.
	All rights reserved.  No part of this publication may be translated, reprinted or reproduced
	or utilised in any form either in whole or in part without prior permission in writing from China Insurance Regulatory Commission.
	  **********************
	-->
<link:linkbase xmlns:xsi="http://www.w3.org/2001/XMLSchema-instance" xsi:schemaLocation="http://www.xbrl.org/2003/linkbase http://www.xbrl.org/2003/xbrl-linkbase-2003-12-31.xsd" xmlns:c-ross="http://xbrl.circ.gov.cn/taxonomy/2015-12-31/c-ross" xmlns:link="http://www.xbrl.org/2003/linkbase" xmlns:q_s_pc_entry_point="http://xbrl.circ.gov.cn/taxonomy/2015-12-31/c-ross/q_s_pc_entry_point" xmlns:xlink="http://www.w3.org/1999/xlink" xmlns:xbrli="http://www.xbrl.org/2003/instance" xmlns:xbrldt="http://xbrl.org/2005/xbrldt">
  <link:roleRef roleURI="http://xbrl.circ.gov.cn/role/c-ross_2015-12-31_role-3170200" xlink:type="simple" xlink:href="rol_c-ross_8_2015-12-31.xsd#c-ross_2015-12-31-3170200"/>
  <link:roleRef roleURI="http://xbrl.circ.gov.cn/role/c-ross_2015-12-31_role-3170200a" xlink:type="simple" xlink:href="rol_c-ross_8_2015-12-31.xsd#c-ross_2015-12-31-3170200a"/>
  <link:arcroleRef arcroleURI="http://xbrl.org/int/dim/arcrole/all" xlink:type="simple" xlink:href="http://www.xbrl.org/2005/xbrldt-2005.xsd#all"/>
  <link:arcroleRef arcroleURI="http://xbrl.org/int/dim/arcrole/dimension-default" xlink:type="simple" xlink:href="http://www.xbrl.org/2005/xbrldt-2005.xsd#dimension-default"/>
  <link:arcroleRef arcroleURI="http://xbrl.org/int/dim/arcrole/dimension-domain" xlink:type="simple" xlink:href="http://www.xbrl.org/2005/xbrldt-2005.xsd#dimension-domain"/>
  <link:arcroleRef arcroleURI="http://xbrl.org/int/dim/arcrole/domain-member" xlink:type="simple" xlink:href="http://www.xbrl.org/2005/xbrldt-2005.xsd#domain-member"/>
  <link:arcroleRef arcroleURI="http://xbrl.org/int/dim/arcrole/hypercube-dimension" xlink:type="simple" xlink:href="http://www.xbrl.org/2005/xbrldt-2005.xsd#hypercube-dimension"/>
  <link:arcroleRef arcroleURI="http://xbrl.org/int/dim/arcrole/notAll" xlink:type="simple" xlink:href="http://www.xbrl.org/2005/xbrldt-2005.xsd#notAll"/>
  <link:definitionLink xlink:type="extended" xlink:role="http://xbrl.circ.gov.cn/role/c-ross_2015-12-31_role-3170200a">
    <link:loc xlink:type="locator" xlink:href="../../c-ross_core_2015-12-31.xsd#c-ross_ExcludedTable" xlink:label="Excluded" xlink:title="Excluded"/>
    <link:loc xlink:type="locator" xlink:href="../../c-ross_core_2015-12-31.xsd#c-ross_CounterpartyDefaultRiskTypesOfCashAndLiquidityManagementInstrumentsAxis" xlink:label="CounterpartyDefaultRiskTypesOfCashAndLiquidityManagementInstrumentsAxis" xlink:title="CounterpartyDefaultRiskTypesOfCashAndLiquidityManagementInstrumentsAxis"/>
    <link:definitionArc xlink:type="arc" xlink:arcrole="http://xbrl.org/int/dim/arcrole/hypercube-dimension" xlink:from="Excluded" xlink:to="CounterpartyDefaultRiskTypesOfCashAndLiquidityManagementInstrumentsAxis" xlink:title="definition: Excluded to CounterpartyDefaultRiskTypesOfCashAndLiquidityManagementInstrumentsAxis" use="optional" order="10.0"/>
    <link:loc xlink:type="locator" xlink:href="../../c-ross_core_2015-12-31.xsd#c-ross_TypesOfCashAndLiquidityManagementInstrumentsMember" xlink:label="TypesOfCashAndLiquidityManagementInstrumentsMember" xlink:title="TypesOfCashAndLiquidityManagementInstrumentsMember"/>
    <link:definitionArc xlink:type="arc" xlink:arcrole="http://xbrl.org/int/dim/arcrole/dimension-domain" xlink:from="CounterpartyDefaultRiskTypesOfCashAndLiquidityManagementInstrumentsAxis" xlink:to="TypesOfCashAndLiquidityManagementInstrumentsMember" xlink:title="definition: CounterpartyDefaultRiskTypesOfCashAndLiquidityManagementInstrumentsAxis to TypesOfCashAndLiquidityManagementInstrumentsMember" use="optional" order="10.0"/>
    <link:loc xlink:type="locator" xlink:href="../../c-ross_core_2015-12-31.xsd#c-ross_DepositsNotInThirdPartyPaymentInstitutionsMember" xlink:label="DepositsNotInThirdPartyPaymentInstitutionsMember" xlink:title="DepositsNotInThirdPartyPaymentInstitutionsMember"/>
    <link:definitionArc xlink:type="arc" xlink:arcrole="http://xbrl.org/int/dim/arcrole/domain-member" xlink:from="TypesOfCashAndLiquidityManagementInstrumentsMember" xlink:to="DepositsNotInThirdPartyPaymentInstitutionsMember" xlink:title="definition: TypesOfCashAndLiquidityManagementInstrumentsMember to DepositsNotInThirdPartyPaymentInstitutionsMember" use="optional" order="10.0"/>
  </link:definitionLink>
  <link:definitionLink xlink:type="extended" xlink:role="http://xbrl.circ.gov.cn/role/c-ross_2015-12-31_role-3170200">
    <link:loc xlink:type="locator" xlink:href="../../c-ross_core_2015-12-31.xsd#c-ross_CounterpartyDefaultRiskTypesOfCashAndLiquidityManagementInstrumentsAxis" xlink:label="CounterpartyDefaultRiskTypesOfCashAndLiquidityManagementInstrumentsAxis" xlink:title="CounterpartyDefaultRiskTypesOfCashAndLiquidityManagementInstrumentsAxis"/>
    <link:loc xlink:type="locator" xlink:href="../../c-ross_core_2015-12-31.xsd#c-ross_TypesOfCashAndLiquidityManagementInstrumentsMember" xlink:label="TypesOfCashAndLiquidityManagementInstrumentsMember" xlink:title="TypesOfCashAndLiquidityManagementInstrumentsMember"/>
    <link:definitionArc xlink:type="arc" xlink:arcrole="http://xbrl.org/int/dim/arcrole/dimension-domain" xlink:from="CounterpartyDefaultRiskTypesOfCashAndLiquidityManagementInstrumentsAxis" xlink:to="TypesOfCashAndLiquidityManagementInstrumentsMember" xlink:title="definition: CounterpartyDefaultRiskTypesOfCashAndLiquidityManagementInstrumentsAxis to TypesOfCashAndLiquidityManagementInstrumentsMember" use="optional" order="10.0"/>
    <link:loc xlink:type="locator" xlink:href="../../c-ross_core_2015-12-31.xsd#c-ross_TypesOfCashAndLiquidityManagementInstrumentsMember" xlink:label="TypesOfCashAndLiquidityManagementInstrumentsMember_2" xlink:title="TypesOfCashAndLiquidityManagementInstrumentsMember"/>
    <link:definitionArc xlink:type="arc" xlink:arcrole="http://xbrl.org/int/dim/arcrole/dimension-default" xlink:from="CounterpartyDefaultRiskTypesOfCashAndLiquidityManagementInstrumentsAxis" xlink:to="TypesOfCashAndLiquidityManagementInstrumentsMember_2" xlink:title="definition: CounterpartyDefaultRiskTypesOfCashAndLiquidityManagementInstrumentsAxis to TypesOfCashAndLiquidityManagementInstrumentsMember" use="optional" order="20.0"/>
    <link:loc xlink:type="locator" xlink:href="../../c-ross_core_2015-12-31.xsd#c-ross_DepositsNotInThirdPartyPaymentInstitutionsMember" xlink:label="DepositsNotInThirdPartyPaymentInstitutionsMember" xlink:title="DepositsNotInThirdPartyPaymentInstitutionsMember"/>
    <link:definitionArc xlink:type="arc" xlink:arcrole="http://xbrl.org/int/dim/arcrole/domain-member" xlink:from="TypesOfCashAndLiquidityManagementInstrumentsMember" xlink:to="DepositsNotInThirdPartyPaymentInstitutionsMember" xlink:title="definition: TypesOfCashAndLiquidityManagementInstrumentsMember to DepositsNotInThirdPartyPaymentInstitutionsMember" use="optional" order="10.0"/>
    <link:loc xlink:type="locator" xlink:href="../../c-ross_core_2015-12-31.xsd#c-ross_DemandDepositsUnderSolvencyIIMember" xlink:label="DemandDepositsMember" xlink:title="DemandDepositsMember"/>
    <link:definitionArc xlink:type="arc" xlink:arcrole="http://xbrl.org/int/dim/arcrole/domain-member" xlink:from="DepositsNotInThirdPartyPaymentInstitutionsMember" xlink:to="DemandDepositsMember" xlink:title="definition: DepositsNotInThirdPartyPaymentInstitutionsMember to DemandDepositsMember" use="optional" order="20.0"/>
    <link:loc xlink:type="locator" xlink:href="../../c-ross_core_2015-12-31.xsd#c-ross_MoneyMarketFundMember" xlink:label="MoneyMarketFundMember" xlink:title="MoneyMarketFundMember"/>
    <link:definitionArc xlink:type="arc" xlink:arcrole="http://xbrl.org/int/dim/arcrole/domain-member" xlink:from="DepositsNotInThirdPartyPaymentInstitutionsMember" xlink:to="MoneyMarketFundMember" xlink:title="definition: DepositsNotInThirdPartyPaymentInstitutionsMember to MoneyMarketFundMember" use="optional" order="30.0"/>
    <link:loc xlink:type="locator" xlink:href="../../c-ross_core_2015-12-31.xsd#c-ross_ShortTimeFinancingBondsMember" xlink:label="ShortTimeFinancingBondsMember" xlink:title="ShortTimeFinancingBondsMember"/>
    <link:definitionArc xlink:type="arc" xlink:arcrole="http://xbrl.org/int/dim/arcrole/domain-member" xlink:from="DepositsNotInThirdPartyPaymentInstitutionsMember" xlink:to="ShortTimeFinancingBondsMember" xlink:title="definition: DepositsNotInThirdPartyPaymentInstitutionsMember to ShortTimeFinancingBondsMember" use="optional" order="40.0"/>
    <link:loc xlink:type="locator" xlink:href="../../c-ross_core_2015-12-31.xsd#c-ross_SecuritiesPurchasedUnderResaleAgreementsMember" xlink:label="SecuritiesPurchasedUnderResaleAgreementsMember" xlink:title="SecuritiesPurchasedUnderResaleAgreementsMember"/>
    <link:definitionArc xlink:type="arc" xlink:arcrole="http://xbrl.org/int/dim/arcrole/domain-member" xlink:from="DepositsNotInThirdPartyPaymentInstitutionsMember" xlink:to="SecuritiesPurchasedUnderResaleAgreementsMember" xlink:title="definition: DepositsNotInThirdPartyPaymentInstitutionsMember to SecuritiesPurchasedUnderResaleAgreementsMember" use="optional" order="50.0"/>
    <link:loc xlink:type="locator" xlink:href="../../c-ross_core_2015-12-31.xsd#c-ross_CentralBankBillsMember" xlink:label="CentralBankBillsMember" xlink:title="CentralBankBillsMember"/>
    <link:definitionArc xlink:type="arc" xlink:arcrole="http://xbrl.org/int/dim/arcrole/domain-member" xlink:from="DepositsNotInThirdPartyPaymentInstitutionsMember" xlink:to="CentralBankBillsMember" xlink:title="definition: DepositsNotInThirdPartyPaymentInstitutionsMember to CentralBankBillsMember" use="optional" order="60.0"/>
    <link:loc xlink:type="locator" xlink:href="../../c-ross_core_2015-12-31.xsd#c-ross_CommercialBankNotesMember" xlink:label="CommercialBankNotesMember" xlink:title="CommercialBankNotesMember"/>
    <link:definitionArc xlink:type="arc" xlink:arcrole="http://xbrl.org/int/dim/arcrole/domain-member" xlink:from="DepositsNotInThirdPartyPaymentInstitutionsMember" xlink:to="CommercialBankNotesMember" xlink:title="definition: DepositsNotInThirdPartyPaymentInstitutionsMember to CommercialBankNotesMember" use="optional" order="70.0"/>
    <link:loc xlink:type="locator" xlink:href="../../c-ross_core_2015-12-31.xsd#c-ross_NegotiableCertificatesOfDepositsMember" xlink:label="NegotiableCertificatesOfDepositsMember" xlink:title="NegotiableCertificatesOfDepositsMember"/>
    <link:definitionArc xlink:type="arc" xlink:arcrole="http://xbrl.org/int/dim/arcrole/domain-member" xlink:from="DepositsNotInThirdPartyPaymentInstitutionsMember" xlink:to="NegotiableCertificatesOfDepositsMember" xlink:title="definition: DepositsNotInThirdPartyPaymentInstitutionsMember to NegotiableCertificatesOfDepositsMember" use="optional" order="80.0"/>
    <link:loc xlink:type="locator" xlink:href="../../c-ross_core_2015-12-31.xsd#c-ross_ShortTermLendingMember" xlink:label="LoansToOtherBankMember" xlink:title="LoansToOtherBankMember"/>
    <link:definitionArc xlink:type="arc" xlink:arcrole="http://xbrl.org/int/dim/arcrole/domain-member" xlink:from="DepositsNotInThirdPartyPaymentInstitutionsMember" xlink:to="LoansToOtherBankMember" xlink:title="definition: DepositsNotInThirdPartyPaymentInstitutionsMember to LoansToOtherBankMember" use="optional" order="90.0"/>
    <link:loc xlink:type="locator" xlink:href="../../c-ross_core_2015-12-31.xsd#c-ross_ClearingReserveFundInChinaSecuritiesDepositoryAndClearingCorporationAndChinaCentralDepositoryAndClearingCoLtdMember" xlink:label="ShortTimeLendingClearingReserveFundInChinaSecuritiesDepositoryAndClearingCorporationAndChinaCentralDepositoryAndClearingCoLtdMember" xlink:title="ShortTimeLendingClearingReserveFundInChinaSecuritiesDepositoryAndClearingCorporationAndChinaCentralDepositoryAndClearingCoLtdMember"/>
    <link:definitionArc xlink:type="arc" xlink:arcrole="http://xbrl.org/int/dim/arcrole/domain-member" xlink:from="DepositsNotInThirdPartyPaymentInstitutionsMember" xlink:to="ShortTimeLendingClearingReserveFundInChinaSecuritiesDepositoryAndClearingCorporationAndChinaCentralDepositoryAndClearingCoLtdMember" xlink:title="definition: DepositsNotInThirdPartyPaymentInstitutionsMember to ShortTimeLendingClearingReserveFundInChinaSecuritiesDepositoryAndClearingCorporationAndChinaCentralDepositoryAndClearingCoLtdMember" use="optional" order="100.0"/>
    <link:loc xlink:type="locator" xlink:href="../../c-ross_core_2015-12-31.xsd#c-ross_CashOnHandUnderSolvencyIIMember" xlink:label="CashOnHandMember" xlink:title="CashOnHandMember"/>
    <link:definitionArc xlink:type="arc" xlink:arcrole="http://xbrl.org/int/dim/arcrole/domain-member" xlink:from="DepositsNotInThirdPartyPaymentInstitutionsMember" xlink:to="CashOnHandMember" xlink:title="definition: DepositsNotInThirdPartyPaymentInstitutionsMember to CashOnHandMember" order="10.0"/>
    <link:loc xlink:type="locator" xlink:href="../../c-ross_core_2015-12-31.xsd#c-ross_FundsDueFromThirdPartyPaymentAgenciesMember" xlink:label="FundsDueFromThirdPartyPaymentAgenciesMember" xlink:title="FundsDueFromThirdPartyPaymentAgenciesMember"/>
    <link:definitionArc xlink:type="arc" xlink:arcrole="http://xbrl.org/int/dim/arcrole/domain-member" xlink:from="TypesOfCashAndLiquidityManagementInstrumentsMember" xlink:to="FundsDueFromThirdPartyPaymentAgenciesMember" xlink:title="definition: TypesOfCashAndLiquidityManagementInstrumentsMember to FundsDueFromThirdPartyPaymentAgenciesMember" use="optional" order="20.0"/>
    <link:loc xlink:type="locator" xlink:href="../../c-ross_core_2015-12-31.xsd#c-ross_CounterpartyDefaultRiskCashAndLiquidityManagementInstrumentsAbstract" xlink:label="CounterpartyDefaultRiskCashAndLiquidityManagementInstrumentsAbstract" xlink:title="CounterpartyDefaultRiskCashAndLiquidityManagementInstrumentsAbstract"/>
    <link:loc xlink:type="locator" xlink:href="../../c-ross_core_2015-12-31.xsd#c-ross_CounterpartyDefaultRiskCashAndLiquidityManagementInstrumentsTable" xlink:label="CounterpartyDefaultRiskCashAndLiquidityManagementInstrumentsTable" xlink:title="CounterpartyDefaultRiskCashAndLiquidityManagementInstrumentsTable"/>
    <link:definitionArc xlink:type="arc" xlink:arcrole="http://xbrl.org/int/dim/arcrole/all" xlink:from="CounterpartyDefaultRiskCashAndLiquidityManagementInstrumentsAbstract" xlink:to="CounterpartyDefaultRiskCashAndLiquidityManagementInstrumentsTable" xlink:title="definition: CounterpartyDefaultRiskCashAndLiquidityManagementInstrumentsAbstract to CounterpartyDefaultRiskCashAndLiquidityManagementInstrumentsTable" use="optional" order="10.0" xbrldt:closed="true" xbrldt:contextElement="scenario"/>
    <link:definitionArc xlink:type="arc" xlink:arcrole="http://xbrl.org/int/dim/arcrole/hypercube-dimension" xlink:from="CounterpartyDefaultRiskCashAndLiquidityManagementInstrumentsTable" xlink:to="CounterpartyDefaultRiskTypesOfCashAndLiquidityManagementInstrumentsAxis" xlink:title="definition: CounterpartyDefaultRiskCashAndLiquidityManagementInstrumentsTable to CounterpartyDefaultRiskTypesOfCashAndLiquidityManagementInstrumentsAxis" use="optional" order="10.0"/>
    <link:loc xlink:type="locator" xlink:href="../../c-ross_core_2015-12-31.xsd#c-ross_CounterpartyDefaultRiskCashAndLiquidityManagementInstrumentsLineItems" xlink:label="CounterpartyDefaultRiskCashAndLiquidityManagementInstrumentsLineItems" xlink:title="CounterpartyDefaultRiskCashAndLiquidityManagementInstrumentsLineItems"/>
    <link:definitionArc xlink:type="arc" xlink:arcrole="http://xbrl.org/int/dim/arcrole/domain-member" xlink:from="CounterpartyDefaultRiskCashAndLiquidityManagementInstrumentsAbstract" xlink:to="CounterpartyDefaultRiskCashAndLiquidityManagementInstrumentsLineItems" xlink:title="definition: CounterpartyDefaultRiskCashAndLiquidityManagementInstrumentsAbstract to CounterpartyDefaultRiskCashAndLiquidityManagementInstrumentsLineItems" use="optional" order="20.0"/>
    <link:loc xlink:type="locator" xlink:href="../../c-ross_core_2015-12-31.xsd#c-ross_CounterpartyDefaultRiskCashAndLiquidityManagementInstrumentsAdmittedValue" xlink:label="CounterpartyDefaultRiskCashAndLiquidityManagementInstrumentsAdmittedValue" xlink:title="CounterpartyDefaultRiskCashAndLiquidityManagementInstrumentsAdmittedValue"/>
    <link:definitionArc xlink:type="arc" xlink:arcrole="http://xbrl.org/int/dim/arcrole/domain-member" xlink:from="CounterpartyDefaultRiskCashAndLiquidityManagementInstrumentsLineItems" xlink:to="CounterpartyDefaultRiskCashAndLiquidityManagementInstrumentsAdmittedValue" xlink:title="definition: CounterpartyDefaultRiskCashAndLiquidityManagementInstrumentsLineItems to CounterpartyDefaultRiskCashAndLiquidityManagementInstrumentsAdmittedValue" use="optional" order="10.0"/>
    <link:loc xlink:type="locator" xlink:href="../../c-ross_core_2015-12-31.xsd#c-ross_CounterpartyDefaultRiskCashAndLiquidityManagementInstrumentsInterestReceivable" xlink:label="CounterpartyDefaultRiskCashAndLiquidityManagementInstrumentsInterestReceivable" xlink:title="CounterpartyDefaultRiskCashAndLiquidityManagementInstrumentsInterestReceivable"/>
    <link:definitionArc xlink:type="arc" xlink:arcrole="http://xbrl.org/int/dim/arcrole/domain-member" xlink:from="CounterpartyDefaultRiskCashAndLiquidityManagementInstrumentsLineItems" xlink:to="CounterpartyDefaultRiskCashAndLiquidityManagementInstrumentsInterestReceivable" xlink:title="definition: CounterpartyDefaultRiskCashAndLiquidityManagementInstrumentsLineItems to CounterpartyDefaultRiskCashAndLiquidityManagementInstrumentsInterestReceivable" use="optional" order="20.0"/>
    <link:loc xlink:type="locator" xlink:href="../../c-ross_core_2015-12-31.xsd#c-ross_CounterpartyDefaultRiskCashAndLiquidityManagementInstrumentsRiskExposure" xlink:label="CounterpartyDefaultRiskCashAndLiquidityManagementInstrumentsRiskExposure" xlink:title="CounterpartyDefaultRiskCashAndLiquidityManagementInstrumentsRiskExposure"/>
    <link:definitionArc xlink:type="arc" xlink:arcrole="http://xbrl.org/int/dim/arcrole/domain-member" xlink:from="CounterpartyDefaultRiskCashAndLiquidityManagementInstrumentsLineItems" xlink:to="CounterpartyDefaultRiskCashAndLiquidityManagementInstrumentsRiskExposure" xlink:title="definition: CounterpartyDefaultRiskCashAndLiquidityManagementInstrumentsLineItems to CounterpartyDefaultRiskCashAndLiquidityManagementInstrumentsRiskExposure" use="optional" order="30.0"/>
    <link:loc xlink:type="locator" xlink:href="../../c-ross_core_2015-12-31.xsd#c-ross_CounterpartyDefaultRiskCashAndLiquidityManagementInstrumentsBaseRiskFactor" xlink:label="CounterpartyDefaultRiskCashAndLiquidityManagementInstrumentsBaseRiskFactor" xlink:title="CounterpartyDefaultRiskCashAndLiquidityManagementInstrumentsBaseRiskFactor"/>
    <link:definitionArc xlink:type="arc" xlink:arcrole="http://xbrl.org/int/dim/arcrole/domain-member" xlink:from="CounterpartyDefaultRiskCashAndLiquidityManagementInstrumentsLineItems" xlink:to="CounterpartyDefaultRiskCashAndLiquidityManagementInstrumentsBaseRiskFactor" xlink:title="definition: CounterpartyDefaultRiskCashAndLiquidityManagementInstrumentsLineItems to CounterpartyDefaultRiskCashAndLiquidityManagementInstrumentsBaseRiskFactor" use="optional" order="40.0"/>
    <link:loc xlink:type="locator" xlink:href="../../c-ross_core_2015-12-31.xsd#c-ross_ExcludedTable" xlink:label="Excluded" xlink:title="Excluded"/>
    <link:definitionArc xlink:type="arc" xlink:arcrole="http://xbrl.org/int/dim/arcrole/notAll" xlink:from="CounterpartyDefaultRiskCashAndLiquidityManagementInstrumentsBaseRiskFactor" xlink:to="Excluded" xlink:title="definition: CounterpartyDefaultRiskCashAndLiquidityManagementInstrumentsBaseRiskFactor to Excluded" order="10.0" xbrldt:contextElement="scenario" xbrldt:targetRole="http://xbrl.circ.gov.cn/role/c-ross_2015-12-31_role-3170200a"/>
    <link:loc xlink:type="locator" xlink:href="../../c-ross_core_2015-12-31.xsd#c-ross_CounterpartyDefaultRiskCashAndLiquidityManagementInstrumentsMinimumCapital" xlink:label="CounterpartyDefaultRiskCashAndLiquidityManagementInstrumentsMinimumCapital" xlink:title="CounterpartyDefaultRiskCashAndLiquidityManagementInstrumentsMinimumCapital"/>
    <link:definitionArc xlink:type="arc" xlink:arcrole="http://xbrl.org/int/dim/arcrole/domain-member" xlink:from="CounterpartyDefaultRiskCashAndLiquidityManagementInstrumentsLineItems" xlink:to="CounterpartyDefaultRiskCashAndLiquidityManagementInstrumentsMinimumCapital" xlink:title="definition: CounterpartyDefaultRiskCashAndLiquidityManagementInstrumentsLineItems to CounterpartyDefaultRiskCashAndLiquidityManagementInstrumentsMinimumCapital" use="optional" order="50.0"/>
  </link:definitionLink>
</link:linkbase>
