<?xml version="1.0" encoding="UTF-8"?>

<!--
	Taxonomy: 2015-12-31 (Final)
	**********************
	Copyright © 2015 China Insurance Regulatory Commission.
	All rights reserved.  No part of this publication may be translated, reprinted or reproduced
	or utilised in any form either in whole or in part without prior permission in writing from China Insurance Regulatory Commission.
	  **********************
	-->
<link:linkbase xmlns:xsi="http://www.w3.org/2001/XMLSchema-instance" xsi:schemaLocation="http://www.xbrl.org/2003/linkbase http://www.xbrl.org/2003/xbrl-linkbase-2003-12-31.xsd" xmlns:c-ross="http://xbrl.circ.gov.cn/taxonomy/2015-12-31/c-ross" xmlns:link="http://www.xbrl.org/2003/linkbase" xmlns:q_s_pc_entry_point="http://xbrl.circ.gov.cn/taxonomy/2015-12-31/c-ross/q_s_pc_entry_point" xmlns:xlink="http://www.w3.org/1999/xlink" xmlns:xbrli="http://www.xbrl.org/2003/instance" xmlns:xbrldt="http://xbrl.org/2005/xbrldt">
  <link:roleRef roleURI="http://xbrl.circ.gov.cn/role/c-ross_2015-12-31_role-3170500a" xlink:type="simple" xlink:href="rol_c-ross_8_2015-12-31.xsd#c-ross_2015-12-31-3170500a"/>
  <link:arcroleRef arcroleURI="http://xbrl.org/int/dim/arcrole/all" xlink:type="simple" xlink:href="http://www.xbrl.org/2005/xbrldt-2005.xsd#all"/>
  <link:arcroleRef arcroleURI="http://xbrl.org/int/dim/arcrole/domain-member" xlink:type="simple" xlink:href="http://www.xbrl.org/2005/xbrldt-2005.xsd#domain-member"/>
  <link:arcroleRef arcroleURI="http://xbrl.org/int/dim/arcrole/hypercube-dimension" xlink:type="simple" xlink:href="http://www.xbrl.org/2005/xbrldt-2005.xsd#hypercube-dimension"/>
  <link:definitionLink xlink:type="extended" xlink:role="http://xbrl.circ.gov.cn/role/c-ross_2015-12-31_role-3170500a">
    <link:loc xlink:type="locator" xlink:href="../../c-ross_core_2015-12-31.xsd#c-ross_CounterpartyDefaultRiskEnterpriseBondsCorporateBondsDetailsAbstract" xlink:label="CounterpartyDefaultRiskEnterpriseDebenturesCorporateBondsDetailsAbstract" xlink:title="CounterpartyDefaultRiskEnterpriseDebenturesCorporateBondsDetailsAbstract"/>
    <link:loc xlink:type="locator" xlink:href="../../c-ross_core_2015-12-31.xsd#c-ross_CounterpartyDefaultRiskEnterpriseBondsCorporateBondsTable" xlink:label="CounterpartyDefaultRiskEnterpriseDebenturesCorporateBondsTable" xlink:title="CounterpartyDefaultRiskEnterpriseDebenturesCorporateBondsTable"/>
    <link:definitionArc xlink:type="arc" xlink:arcrole="http://xbrl.org/int/dim/arcrole/all" xlink:from="CounterpartyDefaultRiskEnterpriseDebenturesCorporateBondsDetailsAbstract" xlink:to="CounterpartyDefaultRiskEnterpriseDebenturesCorporateBondsTable" xlink:title="definition: CounterpartyDefaultRiskEnterpriseDebenturesCorporateBondsDetailsAbstract to CounterpartyDefaultRiskEnterpriseDebenturesCorporateBondsTable" use="optional" order="10.0" xbrldt:closed="true" xbrldt:contextElement="scenario"/>
    <link:loc xlink:type="locator" xlink:href="../../c-ross_core_2015-12-31.xsd#c-ross_CounterpartyDefaultRiskEnterpriseBondsCorporateBondsLineNumberAxis" xlink:label="CounterpartyDefaultRiskEnterpriseDebenturesCorporateBondsLineNumberAxis" xlink:title="CounterpartyDefaultRiskEnterpriseDebenturesCorporateBondsLineNumberAxis"/>
    <link:definitionArc xlink:type="arc" xlink:arcrole="http://xbrl.org/int/dim/arcrole/hypercube-dimension" xlink:from="CounterpartyDefaultRiskEnterpriseDebenturesCorporateBondsTable" xlink:to="CounterpartyDefaultRiskEnterpriseDebenturesCorporateBondsLineNumberAxis" xlink:title="definition: CounterpartyDefaultRiskEnterpriseDebenturesCorporateBondsTable to CounterpartyDefaultRiskEnterpriseDebenturesCorporateBondsLineNumberAxis" use="optional" order="10.0"/>
    <link:loc xlink:type="locator" xlink:href="../../c-ross_core_2015-12-31.xsd#c-ross_CounterpartyDefaultRiskEnterpriseBondsCorporateBondsLineItems" xlink:label="CounterpartyDefaultRiskEnterpriseDebenturesCorporateBondsLineItems" xlink:title="CounterpartyDefaultRiskEnterpriseDebenturesCorporateBondsLineItems"/>
    <link:definitionArc xlink:type="arc" xlink:arcrole="http://xbrl.org/int/dim/arcrole/domain-member" xlink:from="CounterpartyDefaultRiskEnterpriseDebenturesCorporateBondsDetailsAbstract" xlink:to="CounterpartyDefaultRiskEnterpriseDebenturesCorporateBondsLineItems" xlink:title="definition: CounterpartyDefaultRiskEnterpriseDebenturesCorporateBondsDetailsAbstract to CounterpartyDefaultRiskEnterpriseDebenturesCorporateBondsLineItems" use="optional" order="20.0"/>
    <link:loc xlink:type="locator" xlink:href="../../c-ross_core_2015-12-31.xsd#c-ross_CounterpartyDefaultRiskEnterpriseBondsCorporateBondsBondName" xlink:label="CounterpartyDefaultRiskEnterpriseDebenturesCorporateBondsBondName" xlink:title="CounterpartyDefaultRiskEnterpriseDebenturesCorporateBondsBondName"/>
    <link:definitionArc xlink:type="arc" xlink:arcrole="http://xbrl.org/int/dim/arcrole/domain-member" xlink:from="CounterpartyDefaultRiskEnterpriseDebenturesCorporateBondsLineItems" xlink:to="CounterpartyDefaultRiskEnterpriseDebenturesCorporateBondsBondName" xlink:title="definition: CounterpartyDefaultRiskEnterpriseDebenturesCorporateBondsLineItems to CounterpartyDefaultRiskEnterpriseDebenturesCorporateBondsBondName" use="optional" order="10.0"/>
    <link:loc xlink:type="locator" xlink:href="../../c-ross_core_2015-12-31.xsd#c-ross_CounterpartyDefaultRiskEnterpriseBondsCorporateBondsResidualYears" xlink:label="CounterpartyDefaultRiskEnterpriseDebenturesCorporateBondsResidualYears" xlink:title="CounterpartyDefaultRiskEnterpriseDebenturesCorporateBondsResidualYears"/>
    <link:definitionArc xlink:type="arc" xlink:arcrole="http://xbrl.org/int/dim/arcrole/domain-member" xlink:from="CounterpartyDefaultRiskEnterpriseDebenturesCorporateBondsLineItems" xlink:to="CounterpartyDefaultRiskEnterpriseDebenturesCorporateBondsResidualYears" xlink:title="definition: CounterpartyDefaultRiskEnterpriseDebenturesCorporateBondsLineItems to CounterpartyDefaultRiskEnterpriseDebenturesCorporateBondsResidualYears" use="optional" order="20.0"/>
    <link:loc xlink:type="locator" xlink:href="../../c-ross_core_2015-12-31.xsd#c-ross_CounterpartyDefaultRiskEnterpriseBondsCorporateBondsCreditRatingsForAssets" xlink:label="CounterpartyDefaultRiskEnterpriseDebenturesCorporateBondsCreditRatingsForAssets" xlink:title="CounterpartyDefaultRiskEnterpriseDebenturesCorporateBondsCreditRatingsForAssets"/>
    <link:definitionArc xlink:type="arc" xlink:arcrole="http://xbrl.org/int/dim/arcrole/domain-member" xlink:from="CounterpartyDefaultRiskEnterpriseDebenturesCorporateBondsLineItems" xlink:to="CounterpartyDefaultRiskEnterpriseDebenturesCorporateBondsCreditRatingsForAssets" xlink:title="definition: CounterpartyDefaultRiskEnterpriseDebenturesCorporateBondsLineItems to CounterpartyDefaultRiskEnterpriseDebenturesCorporateBondsCreditRatingsForAssets" use="optional" order="30.0"/>
    <link:loc xlink:type="locator" xlink:href="../../c-ross_core_2015-12-31.xsd#c-ross_CounterpartyDefaultRiskEnterpriseBondsCorporateBondsAdmittedValue" xlink:label="CounterpartyDefaultRiskEnterpriseDebenturesCorporateBondsAdmittedValue" xlink:title="CounterpartyDefaultRiskEnterpriseDebenturesCorporateBondsAdmittedValue"/>
    <link:definitionArc xlink:type="arc" xlink:arcrole="http://xbrl.org/int/dim/arcrole/domain-member" xlink:from="CounterpartyDefaultRiskEnterpriseDebenturesCorporateBondsLineItems" xlink:to="CounterpartyDefaultRiskEnterpriseDebenturesCorporateBondsAdmittedValue" xlink:title="definition: CounterpartyDefaultRiskEnterpriseDebenturesCorporateBondsLineItems to CounterpartyDefaultRiskEnterpriseDebenturesCorporateBondsAdmittedValue" use="optional" order="40.0"/>
    <link:loc xlink:type="locator" xlink:href="../../c-ross_core_2015-12-31.xsd#c-ross_CounterpartyDefaultRiskEnterpriseBondsCorporateBondsInterestReceivable" xlink:label="CounterpartyDefaultRiskEnterpriseDebenturesCorporateBondsInterestReceivable" xlink:title="CounterpartyDefaultRiskEnterpriseDebenturesCorporateBondsInterestReceivable"/>
    <link:definitionArc xlink:type="arc" xlink:arcrole="http://xbrl.org/int/dim/arcrole/domain-member" xlink:from="CounterpartyDefaultRiskEnterpriseDebenturesCorporateBondsLineItems" xlink:to="CounterpartyDefaultRiskEnterpriseDebenturesCorporateBondsInterestReceivable" xlink:title="definition: CounterpartyDefaultRiskEnterpriseDebenturesCorporateBondsLineItems to CounterpartyDefaultRiskEnterpriseDebenturesCorporateBondsInterestReceivable" use="optional" order="50.0"/>
    <link:loc xlink:type="locator" xlink:href="../../c-ross_core_2015-12-31.xsd#c-ross_CounterpartyDefaultRiskEnterpriseBondsCorporateBondsRiskExposure" xlink:label="CounterpartyDefaultRiskEnterpriseDebenturesCorporateBondsRiskExposure" xlink:title="CounterpartyDefaultRiskEnterpriseDebenturesCorporateBondsRiskExposure"/>
    <link:definitionArc xlink:type="arc" xlink:arcrole="http://xbrl.org/int/dim/arcrole/domain-member" xlink:from="CounterpartyDefaultRiskEnterpriseDebenturesCorporateBondsLineItems" xlink:to="CounterpartyDefaultRiskEnterpriseDebenturesCorporateBondsRiskExposure" xlink:title="definition: CounterpartyDefaultRiskEnterpriseDebenturesCorporateBondsLineItems to CounterpartyDefaultRiskEnterpriseDebenturesCorporateBondsRiskExposure" use="optional" order="60.0"/>
    <link:loc xlink:type="locator" xlink:href="../../c-ross_core_2015-12-31.xsd#c-ross_CounterpartyDefaultRiskEnterpriseBondsCorporateBondsBaseRiskFactor" xlink:label="CounterpartyDefaultRiskEnterpriseDebenturesCorporateBondsBaseRiskFactor" xlink:title="CounterpartyDefaultRiskEnterpriseDebenturesCorporateBondsBaseRiskFactor"/>
    <link:definitionArc xlink:type="arc" xlink:arcrole="http://xbrl.org/int/dim/arcrole/domain-member" xlink:from="CounterpartyDefaultRiskEnterpriseDebenturesCorporateBondsLineItems" xlink:to="CounterpartyDefaultRiskEnterpriseDebenturesCorporateBondsBaseRiskFactor" xlink:title="definition: CounterpartyDefaultRiskEnterpriseDebenturesCorporateBondsLineItems to CounterpartyDefaultRiskEnterpriseDebenturesCorporateBondsBaseRiskFactor" use="optional" order="70.0"/>
    <link:loc xlink:type="locator" xlink:href="../../c-ross_core_2015-12-31.xsd#c-ross_CounterpartyDefaultRiskEnterpriseBondsCorporateBondsRiskFactorOne" xlink:label="CounterpartyDefaultRiskEnterpriseDebenturesCorporateBondsRiskFactorOne" xlink:title="CounterpartyDefaultRiskEnterpriseDebenturesCorporateBondsRiskFactorOne"/>
    <link:definitionArc xlink:type="arc" xlink:arcrole="http://xbrl.org/int/dim/arcrole/domain-member" xlink:from="CounterpartyDefaultRiskEnterpriseDebenturesCorporateBondsLineItems" xlink:to="CounterpartyDefaultRiskEnterpriseDebenturesCorporateBondsRiskFactorOne" xlink:title="definition: CounterpartyDefaultRiskEnterpriseDebenturesCorporateBondsLineItems to CounterpartyDefaultRiskEnterpriseDebenturesCorporateBondsRiskFactorOne" use="optional" order="80.0"/>
    <link:loc xlink:type="locator" xlink:href="../../c-ross_core_2015-12-31.xsd#c-ross_CounterpartyDefaultRiskEnterpriseBondsCorporateBondsMinimumCapital" xlink:label="CounterpartyDefaultRiskEnterpriseDebenturesCorporateBondsMinimumCapital" xlink:title="CounterpartyDefaultRiskEnterpriseDebenturesCorporateBondsMinimumCapital"/>
    <link:definitionArc xlink:type="arc" xlink:arcrole="http://xbrl.org/int/dim/arcrole/domain-member" xlink:from="CounterpartyDefaultRiskEnterpriseDebenturesCorporateBondsLineItems" xlink:to="CounterpartyDefaultRiskEnterpriseDebenturesCorporateBondsMinimumCapital" xlink:title="definition: CounterpartyDefaultRiskEnterpriseDebenturesCorporateBondsLineItems to CounterpartyDefaultRiskEnterpriseDebenturesCorporateBondsMinimumCapital" use="optional" order="90.0"/>
  </link:definitionLink>
</link:linkbase>
