<?xml version="1.0" encoding="UTF-8"?>

<!--
	Taxonomy: 2015-12-31 (Final)
	**********************
	Copyright © 2015 China Insurance Regulatory Commission.
	All rights reserved.  No part of this publication may be translated, reprinted or reproduced
	or utilised in any form either in whole or in part without prior permission in writing from China Insurance Regulatory Commission.
	  **********************
	-->
<link:linkbase xmlns:xsi="http://www.w3.org/2001/XMLSchema-instance" xsi:schemaLocation="http://www.xbrl.org/2003/linkbase http://www.xbrl.org/2003/xbrl-linkbase-2003-12-31.xsd http://xbrl.org/2008/label http://www.xbrl.org/2008/generic-label.xsd http://xbrl.org/2008/generic http://www.xbrl.org/2008/generic-link.xsd http://www.w3.org/1999/xlink http://www.xbrl.org/2003/xlink-2003-12-31.xsd" xmlns:c-ross="http://xbrl.circ.gov.cn/taxonomy/2015-12-31/c-ross" xmlns:gen="http://xbrl.org/2008/generic" xmlns:link="http://www.xbrl.org/2003/linkbase" xmlns:q_s_pc_entry_point="http://xbrl.circ.gov.cn/taxonomy/2015-12-31/c-ross/q_s_pc_entry_point" xmlns:label="http://xbrl.org/2008/label" xmlns:xlink="http://www.w3.org/1999/xlink">
  <link:roleRef roleURI="http://www.xbrl.org/2008/role/label" xlink:type="simple" xlink:href="http://www.xbrl.org/2008/generic-label.xsd#standard-label"/>
  <link:roleRef roleURI="http://www.xbrl.org/2008/role/link" xlink:type="simple" xlink:href="http://www.xbrl.org/2008/generic-link.xsd#standard-link-role"/>
  <link:arcroleRef arcroleURI="http://xbrl.org/arcrole/2008/element-label" xlink:type="simple" xlink:href="http://www.xbrl.org/2008/generic-label.xsd#element-label"/>
  <gen:link xlink:type="extended" xlink:role="http://www.xbrl.org/2008/role/link">
    <link:loc xlink:type="locator" xlink:href="rol_c-ross_8_2015-12-31.xsd#c-ross_2015-12-31-3170100" xlink:label="roleType1" xlink:title="roleType1"/>
    <label:label xlink:type="resource" xlink:label="label1" xlink:role="http://www.xbrl.org/2008/role/label" xlink:title="label1" xml:lang="zh">CR01-利差风险所涉资产明细表</label:label>
    <gen:arc xlink:type="arc" xlink:arcrole="http://xbrl.org/arcrole/2008/element-label" xlink:from="roleType1" xlink:to="label1" xlink:title="gen: roleType1 to label1" order="10.0"/>
    <link:loc xlink:type="locator" xlink:href="rol_c-ross_8_2015-12-31.xsd#c-ross_2015-12-31-3170100a" xlink:label="roleType2" xlink:title="roleType2"/>
    <label:label xlink:type="resource" xlink:label="label2" xlink:role="http://www.xbrl.org/2008/role/label" xlink:title="label2" xml:lang="zh">CR01-利差风险所涉资产明细表-政策性金融债</label:label>
    <gen:arc xlink:type="arc" xlink:arcrole="http://xbrl.org/arcrole/2008/element-label" xlink:from="roleType2" xlink:to="label2" xlink:title="gen: roleType2 to label2" order="10.0"/>
    <link:loc xlink:type="locator" xlink:href="rol_c-ross_8_2015-12-31.xsd#c-ross_2015-12-31-3170100b" xlink:label="roleType3" xlink:title="roleType3"/>
    <label:label xlink:type="resource" xlink:label="label3" xlink:role="http://www.xbrl.org/2008/role/label" xlink:title="label3" xml:lang="zh">CR01-利差风险所涉资产明细表-除政策性金融债外的债券</label:label>
    <gen:arc xlink:type="arc" xlink:arcrole="http://xbrl.org/arcrole/2008/element-label" xlink:from="roleType3" xlink:to="label3" xlink:title="gen: roleType3 to label3" order="10.0"/>
    <link:loc xlink:type="locator" xlink:href="rol_c-ross_8_2015-12-31.xsd#c-ross_2015-12-31-3170100c" xlink:label="roleType4" xlink:title="roleType4"/>
    <label:label xlink:type="resource" xlink:label="label4" xlink:role="http://www.xbrl.org/2008/role/label" xlink:title="label4" xml:lang="zh">CR01-利差风险所涉资产明细表-资产证券化产品</label:label>
    <gen:arc xlink:type="arc" xlink:arcrole="http://xbrl.org/arcrole/2008/element-label" xlink:from="roleType4" xlink:to="label4" xlink:title="gen: roleType4 to label4" order="10.0"/>
    <link:loc xlink:type="locator" xlink:href="rol_c-ross_8_2015-12-31.xsd#c-ross_2015-12-31-3170100d" xlink:label="roleType5" xlink:title="roleType5"/>
    <label:label xlink:type="resource" xlink:label="label5" xlink:role="http://www.xbrl.org/2008/role/label" xlink:title="label5" xml:lang="zh">CR01-利差风险所涉资产明细表-固定收益类信托计划</label:label>
    <gen:arc xlink:type="arc" xlink:arcrole="http://xbrl.org/arcrole/2008/element-label" xlink:from="roleType5" xlink:to="label5" xlink:title="gen: roleType5 to label5" order="10.0"/>
    <link:loc xlink:type="locator" xlink:href="rol_c-ross_8_2015-12-31.xsd#c-ross_2015-12-31-3170100e" xlink:label="roleType6" xlink:title="roleType6"/>
    <label:label xlink:type="resource" xlink:label="label6" xlink:role="http://www.xbrl.org/2008/role/label" xlink:title="label6" xml:lang="zh">CR01-利差风险所涉资产明细表-其他固定收益类产品</label:label>
    <gen:arc xlink:type="arc" xlink:arcrole="http://xbrl.org/arcrole/2008/element-label" xlink:from="roleType6" xlink:to="label6" xlink:title="gen: roleType6 to label6" order="10.0"/>
    <link:loc xlink:type="locator" xlink:href="rol_c-ross_8_2015-12-31.xsd#c-ross_2015-12-31-3170200" xlink:label="roleType7" xlink:title="roleType7"/>
    <label:label xlink:type="resource" xlink:label="label7" xlink:role="http://www.xbrl.org/2008/role/label" xlink:title="label7" xml:lang="zh">CR02-交易对手违约风险-现金及流动性管理工具</label:label>
    <gen:arc xlink:type="arc" xlink:arcrole="http://xbrl.org/arcrole/2008/element-label" xlink:from="roleType7" xlink:to="label7" xlink:title="gen: roleType7 to label7" order="10.0"/>
    <link:loc xlink:type="locator" xlink:href="rol_c-ross_8_2015-12-31.xsd#c-ross_2015-12-31-3170200a" xlink:label="roleType8" xlink:title="roleType8"/>
    <label:label xlink:type="resource" xlink:label="label8" xlink:role="http://www.xbrl.org/2008/role/label" xlink:title="label8" xml:lang="zh">CR02-交易对手违约风险-现金及流动性管理工具-排除一</label:label>
    <gen:arc xlink:type="arc" xlink:arcrole="http://xbrl.org/arcrole/2008/element-label" xlink:from="roleType8" xlink:to="label8" xlink:title="gen: roleType8 to label8" order="10.0"/>
    <link:loc xlink:type="locator" xlink:href="rol_c-ross_8_2015-12-31.xsd#c-ross_2015-12-31-3170300" xlink:label="roleType9" xlink:title="roleType9"/>
    <label:label xlink:type="resource" xlink:label="label9" xlink:role="http://www.xbrl.org/2008/role/label" xlink:title="label9" xml:lang="zh">CR03-交易对手违约风险-银行存款</label:label>
    <gen:arc xlink:type="arc" xlink:arcrole="http://xbrl.org/arcrole/2008/element-label" xlink:from="roleType9" xlink:to="label9" xlink:title="gen: roleType9 to label9" order="10.0"/>
    <link:loc xlink:type="locator" xlink:href="rol_c-ross_8_2015-12-31.xsd#c-ross_2015-12-31-3170300a" xlink:label="roleType10" xlink:title="roleType10"/>
    <label:label xlink:type="resource" xlink:label="label10" xlink:role="http://www.xbrl.org/2008/role/label" xlink:title="label10" xml:lang="zh">CR03-交易对手违约风险-银行存款-各级资本充足率未全部达到监管要求的定期存款、协议存款</label:label>
    <gen:arc xlink:type="arc" xlink:arcrole="http://xbrl.org/arcrole/2008/element-label" xlink:from="roleType10" xlink:to="label10" xlink:title="gen: roleType10 to label10" order="10.0"/>
    <link:loc xlink:type="locator" xlink:href="rol_c-ross_8_2015-12-31.xsd#c-ross_2015-12-31-3170300b" xlink:label="roleType11" xlink:title="roleType11"/>
    <label:label xlink:type="resource" xlink:label="label11" xlink:role="http://www.xbrl.org/2008/role/label" xlink:title="label11" xml:lang="zh">CR03-交易对手违约风险-银行存款-其他存款机构的定期存款、协议存款</label:label>
    <gen:arc xlink:type="arc" xlink:arcrole="http://xbrl.org/arcrole/2008/element-label" xlink:from="roleType11" xlink:to="label11" xlink:title="gen: roleType11 to label11" order="10.0"/>
    <link:loc xlink:type="locator" xlink:href="rol_c-ross_8_2015-12-31.xsd#c-ross_2015-12-31-3170300c" xlink:label="roleType12" xlink:title="roleType12"/>
    <label:label xlink:type="resource" xlink:label="label12" xlink:role="http://www.xbrl.org/2008/role/label" xlink:title="label12" xml:lang="zh">CR03-交易对手违约风险-银行存款-各级资本充足率未全部达到监管要求-提前支取银行保证本金的结构性存款</label:label>
    <gen:arc xlink:type="arc" xlink:arcrole="http://xbrl.org/arcrole/2008/element-label" xlink:from="roleType12" xlink:to="label12" xlink:title="gen: roleType12 to label12" order="10.0"/>
    <link:loc xlink:type="locator" xlink:href="rol_c-ross_8_2015-12-31.xsd#c-ross_2015-12-31-3170300d" xlink:label="roleType13" xlink:title="roleType13"/>
    <label:label xlink:type="resource" xlink:label="label13" xlink:role="http://www.xbrl.org/2008/role/label" xlink:title="label13" xml:lang="zh">CR03-交易对手违约风险-银行存款-提前支取银行不保证本金的结构性存款</label:label>
    <gen:arc xlink:type="arc" xlink:arcrole="http://xbrl.org/arcrole/2008/element-label" xlink:from="roleType13" xlink:to="label13" xlink:title="gen: roleType13 to label13" order="10.0"/>
    <link:loc xlink:type="locator" xlink:href="rol_c-ross_8_2015-12-31.xsd#c-ross_2015-12-31-3170300e" xlink:label="roleType14" xlink:title="roleType14"/>
    <label:label xlink:type="resource" xlink:label="label14" xlink:role="http://www.xbrl.org/2008/role/label" xlink:title="label14" xml:lang="zh">CR03-交易对手违约风险-银行存款-排除一</label:label>
    <gen:arc xlink:type="arc" xlink:arcrole="http://xbrl.org/arcrole/2008/element-label" xlink:from="roleType14" xlink:to="label14" xlink:title="gen: roleType14 to label14" order="10.0"/>
    <link:loc xlink:type="locator" xlink:href="rol_c-ross_8_2015-12-31.xsd#c-ross_2015-12-31-3170300f" xlink:label="roleType15" xlink:title="roleType15"/>
    <label:label xlink:type="resource" xlink:label="label15" xlink:role="http://www.xbrl.org/2008/role/label" xlink:title="label15" xml:lang="zh">CR03-交易对手违约风险-银行存款-排除二</label:label>
    <gen:arc xlink:type="arc" xlink:arcrole="http://xbrl.org/arcrole/2008/element-label" xlink:from="roleType15" xlink:to="label15" xlink:title="gen: roleType15 to label15" order="10.0"/>
    <link:loc xlink:type="locator" xlink:href="rol_c-ross_8_2015-12-31.xsd#c-ross_2015-12-31-3170400" xlink:label="roleType16" xlink:title="roleType16"/>
    <label:label xlink:type="resource" xlink:label="label16" xlink:role="http://www.xbrl.org/2008/role/label" xlink:title="label16" xml:lang="zh">CR04-交易对手违约风险-金融债</label:label>
    <gen:arc xlink:type="arc" xlink:arcrole="http://xbrl.org/arcrole/2008/element-label" xlink:from="roleType16" xlink:to="label16" xlink:title="gen: roleType16 to label16" order="10.0"/>
    <link:loc xlink:type="locator" xlink:href="rol_c-ross_8_2015-12-31.xsd#c-ross_2015-12-31-3170400a" xlink:label="roleType17" xlink:title="roleType17"/>
    <label:label xlink:type="resource" xlink:label="label17" xlink:role="http://www.xbrl.org/2008/role/label" xlink:title="label17" xml:lang="zh">CR04-交易对手违约风险-金融债-排除一</label:label>
    <gen:arc xlink:type="arc" xlink:arcrole="http://xbrl.org/arcrole/2008/element-label" xlink:from="roleType17" xlink:to="label17" xlink:title="gen: roleType17 to label17" order="10.0"/>
    <link:loc xlink:type="locator" xlink:href="rol_c-ross_8_2015-12-31.xsd#c-ross_2015-12-31-3170500" xlink:label="roleType18" xlink:title="roleType18"/>
    <label:label xlink:type="resource" xlink:label="label18" xlink:role="http://www.xbrl.org/2008/role/label" xlink:title="label18" xml:lang="zh">CR05-交易对手违约风险-企业债、公司债</label:label>
    <gen:arc xlink:type="arc" xlink:arcrole="http://xbrl.org/arcrole/2008/element-label" xlink:from="roleType18" xlink:to="label18" xlink:title="gen: roleType18 to label18" order="10.0"/>
    <link:loc xlink:type="locator" xlink:href="rol_c-ross_8_2015-12-31.xsd#c-ross_2015-12-31-3170500a" xlink:label="roleType19" xlink:title="roleType19"/>
    <label:label xlink:type="resource" xlink:label="label19" xlink:role="http://www.xbrl.org/2008/role/label" xlink:title="label19" xml:lang="zh">CR05-交易对手违约风险-企业债、公司债-明细</label:label>
    <gen:arc xlink:type="arc" xlink:arcrole="http://xbrl.org/arcrole/2008/element-label" xlink:from="roleType19" xlink:to="label19" xlink:title="gen: roleType19 to label19" order="10.0"/>
    <link:loc xlink:type="locator" xlink:href="rol_c-ross_8_2015-12-31.xsd#c-ross_2015-12-31-3170600" xlink:label="roleType20" xlink:title="roleType20"/>
    <label:label xlink:type="resource" xlink:label="label20" xlink:role="http://www.xbrl.org/2008/role/label" xlink:title="label20" xml:lang="zh">CR06-交易对手违约风险-资产证券化产品</label:label>
    <gen:arc xlink:type="arc" xlink:arcrole="http://xbrl.org/arcrole/2008/element-label" xlink:from="roleType20" xlink:to="label20" xlink:title="gen: roleType20 to label20" order="10.0"/>
    <link:loc xlink:type="locator" xlink:href="rol_c-ross_8_2015-12-31.xsd#c-ross_2015-12-31-3170600a" xlink:label="roleType21" xlink:title="roleType21"/>
    <label:label xlink:type="resource" xlink:label="label21" xlink:role="http://www.xbrl.org/2008/role/label" xlink:title="label21" xml:lang="zh">CR06-交易对手违约风险-资产证券化产品-明细</label:label>
    <gen:arc xlink:type="arc" xlink:arcrole="http://xbrl.org/arcrole/2008/element-label" xlink:from="roleType21" xlink:to="label21" xlink:title="gen: roleType21 to label21" order="10.0"/>
    <link:loc xlink:type="locator" xlink:href="rol_c-ross_8_2015-12-31.xsd#c-ross_2015-12-31-3170700" xlink:label="roleType22" xlink:title="roleType22"/>
    <label:label xlink:type="resource" xlink:label="label22" xlink:role="http://www.xbrl.org/2008/role/label" xlink:title="label22" xml:lang="zh">CR07-交易对手违约风险-商业银行理财产品</label:label>
    <gen:arc xlink:type="arc" xlink:arcrole="http://xbrl.org/arcrole/2008/element-label" xlink:from="roleType22" xlink:to="label22" xlink:title="gen: roleType22 to label22" order="10.0"/>
    <link:loc xlink:type="locator" xlink:href="rol_c-ross_8_2015-12-31.xsd#c-ross_2015-12-31-3170700a" xlink:label="roleType23" xlink:title="roleType23"/>
    <label:label xlink:type="resource" xlink:label="label23" xlink:role="http://www.xbrl.org/2008/role/label" xlink:title="label23" xml:lang="zh">CR07-交易对手违约风险-商业银行理财产品-各级资本充足率未全部达到监管要求的情况</label:label>
    <gen:arc xlink:type="arc" xlink:arcrole="http://xbrl.org/arcrole/2008/element-label" xlink:from="roleType23" xlink:to="label23" xlink:title="gen: roleType23 to label23" order="10.0"/>
    <link:loc xlink:type="locator" xlink:href="rol_c-ross_8_2015-12-31.xsd#c-ross_2015-12-31-3170700b" xlink:label="roleType24" xlink:title="roleType24"/>
    <label:label xlink:type="resource" xlink:label="label24" xlink:role="http://www.xbrl.org/2008/role/label" xlink:title="label24" xml:lang="zh">CR06-交易对手违约风险-资产证券化产品-排除一</label:label>
    <gen:arc xlink:type="arc" xlink:arcrole="http://xbrl.org/arcrole/2008/element-label" xlink:from="roleType24" xlink:to="label24" xlink:title="gen: roleType24 to label24" order="10.0"/>
    <link:loc xlink:type="locator" xlink:href="rol_c-ross_8_2015-12-31.xsd#c-ross_2015-12-31-3170700c" xlink:label="roleType25" xlink:title="roleType25"/>
    <label:label xlink:type="resource" xlink:label="label25" xlink:role="http://www.xbrl.org/2008/role/label" xlink:title="label25" xml:lang="zh">CR06-交易对手违约风险-资产证券化产品-排除一</label:label>
    <gen:arc xlink:type="arc" xlink:arcrole="http://xbrl.org/arcrole/2008/element-label" xlink:from="roleType25" xlink:to="label25" xlink:title="gen: roleType25 to label25" order="10.0"/>
    <link:loc xlink:type="locator" xlink:href="rol_c-ross_8_2015-12-31.xsd#c-ross_2015-12-31-3170800" xlink:label="roleType26" xlink:title="roleType26"/>
    <label:label xlink:type="resource" xlink:label="label26" xlink:role="http://www.xbrl.org/2008/role/label" xlink:title="label26" xml:lang="zh">CR08-交易对手违约风险-信托计划</label:label>
    <gen:arc xlink:type="arc" xlink:arcrole="http://xbrl.org/arcrole/2008/element-label" xlink:from="roleType26" xlink:to="label26" xlink:title="gen: roleType26 to label26" order="10.0"/>
    <link:loc xlink:type="locator" xlink:href="rol_c-ross_8_2015-12-31.xsd#c-ross_2015-12-31-3170800a" xlink:label="roleType27" xlink:title="roleType27"/>
    <label:label xlink:type="resource" xlink:label="label27" xlink:role="http://www.xbrl.org/2008/role/label" xlink:title="label27" xml:lang="zh">CR08-交易对手违约风险-可穿透的信托计划</label:label>
    <gen:arc xlink:type="arc" xlink:arcrole="http://xbrl.org/arcrole/2008/element-label" xlink:from="roleType27" xlink:to="label27" xlink:title="gen: roleType27 to label27" order="10.0"/>
    <link:loc xlink:type="locator" xlink:href="rol_c-ross_8_2015-12-31.xsd#c-ross_2015-12-31-3170800b" xlink:label="roleType28" xlink:title="roleType28"/>
    <label:label xlink:type="resource" xlink:label="label28" xlink:role="http://www.xbrl.org/2008/role/label" xlink:title="label28" xml:lang="zh">CR08-交易对手违约风险-无法穿透的信托计划</label:label>
    <gen:arc xlink:type="arc" xlink:arcrole="http://xbrl.org/arcrole/2008/element-label" xlink:from="roleType28" xlink:to="label28" xlink:title="gen: roleType28 to label28" order="10.0"/>
    <link:loc xlink:type="locator" xlink:href="rol_c-ross_8_2015-12-31.xsd#c-ross_2015-12-31-3170900" xlink:label="roleType29" xlink:title="roleType29"/>
    <label:label xlink:type="resource" xlink:label="label29" xlink:role="http://www.xbrl.org/2008/role/label" xlink:title="label29" xml:lang="zh">CR09-交易对手违约风险-可穿透信托计划明细数据</label:label>
    <gen:arc xlink:type="arc" xlink:arcrole="http://xbrl.org/arcrole/2008/element-label" xlink:from="roleType29" xlink:to="label29" xlink:title="gen: roleType29 to label29" order="10.0"/>
    <link:loc xlink:type="locator" xlink:href="rol_c-ross_8_2015-12-31.xsd#c-ross_2015-12-31-3170900a" xlink:label="roleType30" xlink:title="roleType30"/>
    <label:label xlink:type="resource" xlink:label="label30" xlink:role="http://www.xbrl.org/2008/role/label" xlink:title="label30" xml:lang="zh">CR09-交易对手违约风险-可穿透信托计划明细数据-信托计划</label:label>
    <gen:arc xlink:type="arc" xlink:arcrole="http://xbrl.org/arcrole/2008/element-label" xlink:from="roleType30" xlink:to="label30" xlink:title="gen: roleType30 to label30" order="10.0"/>
    <link:loc xlink:type="locator" xlink:href="rol_c-ross_8_2015-12-31.xsd#c-ross_2015-12-31-3170900b" xlink:label="roleType31" xlink:title="roleType31"/>
    <label:label xlink:type="resource" xlink:label="label31" xlink:role="http://www.xbrl.org/2008/role/label" xlink:title="label31" xml:lang="zh">CR09-交易对手违约风险-可穿透信托计划明细数据-基础资产</label:label>
    <gen:arc xlink:type="arc" xlink:arcrole="http://xbrl.org/arcrole/2008/element-label" xlink:from="roleType31" xlink:to="label31" xlink:title="gen: roleType31 to label31" order="10.0"/>
    <link:loc xlink:type="locator" xlink:href="rol_c-ross_8_2015-12-31.xsd#c-ross_2015-12-31-3171000" xlink:label="roleType32" xlink:title="roleType32"/>
    <label:label xlink:type="resource" xlink:label="label32" xlink:role="http://www.xbrl.org/2008/role/label" xlink:title="label32" xml:lang="zh">CR10-交易对手违约风险-资产管理产品</label:label>
    <gen:arc xlink:type="arc" xlink:arcrole="http://xbrl.org/arcrole/2008/element-label" xlink:from="roleType32" xlink:to="label32" xlink:title="gen: roleType32 to label32" order="10.0"/>
    <link:loc xlink:type="locator" xlink:href="rol_c-ross_8_2015-12-31.xsd#c-ross_2015-12-31-3171000a" xlink:label="roleType33" xlink:title="roleType33"/>
    <label:label xlink:type="resource" xlink:label="label33" xlink:role="http://www.xbrl.org/2008/role/label" xlink:title="label33" xml:lang="zh">CR10-交易对手违约风险-资产管理产品-明细</label:label>
    <gen:arc xlink:type="arc" xlink:arcrole="http://xbrl.org/arcrole/2008/element-label" xlink:from="roleType33" xlink:to="label33" xlink:title="gen: roleType33 to label33" order="10.0"/>
    <link:loc xlink:type="locator" xlink:href="rol_c-ross_8_2015-12-31.xsd#c-ross_2015-12-31-3171100" xlink:label="roleType34" xlink:title="roleType34"/>
    <label:label xlink:type="resource" xlink:label="label34" xlink:role="http://www.xbrl.org/2008/role/label" xlink:title="label34" xml:lang="zh">CR11-交易对手违约风险-基础设施债权投资计划</label:label>
    <gen:arc xlink:type="arc" xlink:arcrole="http://xbrl.org/arcrole/2008/element-label" xlink:from="roleType34" xlink:to="label34" xlink:title="gen: roleType34 to label34" order="10.0"/>
    <link:loc xlink:type="locator" xlink:href="rol_c-ross_8_2015-12-31.xsd#c-ross_2015-12-31-3171100a" xlink:label="roleType35" xlink:title="roleType35"/>
    <label:label xlink:type="resource" xlink:label="label35" xlink:role="http://www.xbrl.org/2008/role/label" xlink:title="label35" xml:lang="zh">CR11-交易对手违约风险-基础设施债权投资计划-明细</label:label>
    <gen:arc xlink:type="arc" xlink:arcrole="http://xbrl.org/arcrole/2008/element-label" xlink:from="roleType35" xlink:to="label35" xlink:title="gen: roleType35 to label35" order="10.0"/>
    <link:loc xlink:type="locator" xlink:href="rol_c-ross_8_2015-12-31.xsd#c-ross_2015-12-31-3171100b" xlink:label="roleType36" xlink:title="roleType36"/>
    <label:label xlink:type="resource" xlink:label="label36" xlink:role="http://www.xbrl.org/2008/role/label" xlink:title="label36" xml:lang="zh">CR11-交易对手违约风险-带有保证条款的基础设施股权投资计划</label:label>
    <gen:arc xlink:type="arc" xlink:arcrole="http://xbrl.org/arcrole/2008/element-label" xlink:from="roleType36" xlink:to="label36" xlink:title="gen: roleType36 to label36" order="10.0"/>
    <link:loc xlink:type="locator" xlink:href="rol_c-ross_8_2015-12-31.xsd#c-ross_2015-12-31-3171200" xlink:label="roleType37" xlink:title="roleType37"/>
    <label:label xlink:type="resource" xlink:label="label37" xlink:role="http://www.xbrl.org/2008/role/label" xlink:title="label37" xml:lang="zh">CR12-交易对手违约风险-不动产债权投资计划</label:label>
    <gen:arc xlink:type="arc" xlink:arcrole="http://xbrl.org/arcrole/2008/element-label" xlink:from="roleType37" xlink:to="label37" xlink:title="gen: roleType37 to label37" order="10.0"/>
    <link:loc xlink:type="locator" xlink:href="rol_c-ross_8_2015-12-31.xsd#c-ross_2015-12-31-3171200a" xlink:label="roleType38" xlink:title="roleType38"/>
    <label:label xlink:type="resource" xlink:label="label38" xlink:role="http://www.xbrl.org/2008/role/label" xlink:title="label38" xml:lang="zh">CR12-交易对手违约风险-不动产债权投资计划-明细</label:label>
    <gen:arc xlink:type="arc" xlink:arcrole="http://xbrl.org/arcrole/2008/element-label" xlink:from="roleType38" xlink:to="label38" xlink:title="gen: roleType38 to label38" order="10.0"/>
    <link:loc xlink:type="locator" xlink:href="rol_c-ross_8_2015-12-31.xsd#c-ross_2015-12-31-3171300" xlink:label="roleType39" xlink:title="roleType39"/>
    <label:label xlink:type="resource" xlink:label="label39" xlink:role="http://www.xbrl.org/2008/role/label" xlink:title="label39" xml:lang="zh">CR13-交易对手违约风险-项目资产支持计划</label:label>
    <gen:arc xlink:type="arc" xlink:arcrole="http://xbrl.org/arcrole/2008/element-label" xlink:from="roleType39" xlink:to="label39" xlink:title="gen: roleType39 to label39" order="10.0"/>
    <link:loc xlink:type="locator" xlink:href="rol_c-ross_8_2015-12-31.xsd#c-ross_2015-12-31-3171300a" xlink:label="roleType40" xlink:title="roleType40"/>
    <label:label xlink:type="resource" xlink:label="label40" xlink:role="http://www.xbrl.org/2008/role/label" xlink:title="label40" xml:lang="zh">CR13-交易对手违约风险-项目资产支持计划-明细</label:label>
    <gen:arc xlink:type="arc" xlink:arcrole="http://xbrl.org/arcrole/2008/element-label" xlink:from="roleType40" xlink:to="label40" xlink:title="gen: roleType40 to label40" order="10.0"/>
    <link:loc xlink:type="locator" xlink:href="rol_c-ross_8_2015-12-31.xsd#c-ross_2015-12-31-3171400" xlink:label="roleType41" xlink:title="roleType41"/>
    <label:label xlink:type="resource" xlink:label="label41" xlink:role="http://www.xbrl.org/2008/role/label" xlink:title="label41" xml:lang="zh">CR14-交易对手违约风险-套期保值外汇远期和利率互换</label:label>
    <gen:arc xlink:type="arc" xlink:arcrole="http://xbrl.org/arcrole/2008/element-label" xlink:from="roleType41" xlink:to="label41" xlink:title="gen: roleType41 to label41" order="10.0"/>
    <link:loc xlink:type="locator" xlink:href="rol_c-ross_8_2015-12-31.xsd#c-ross_2015-12-31-3171400a" xlink:label="roleType42" xlink:title="roleType42"/>
    <label:label xlink:type="resource" xlink:label="label42" xlink:role="http://www.xbrl.org/2008/role/label" xlink:title="label42" xml:lang="zh">CR14-交易对手违约风险-套期保值外汇远期和利率互换-外汇远期</label:label>
    <gen:arc xlink:type="arc" xlink:arcrole="http://xbrl.org/arcrole/2008/element-label" xlink:from="roleType42" xlink:to="label42" xlink:title="gen: roleType42 to label42" order="10.0"/>
    <link:loc xlink:type="locator" xlink:href="rol_c-ross_8_2015-12-31.xsd#c-ross_2015-12-31-3171400b" xlink:label="roleType43" xlink:title="roleType43"/>
    <label:label xlink:type="resource" xlink:label="label43" xlink:role="http://www.xbrl.org/2008/role/label" xlink:title="label43" xml:lang="zh">CR14-交易对手违约风险-套期保值外汇远期和利率互换-利率互换</label:label>
    <gen:arc xlink:type="arc" xlink:arcrole="http://xbrl.org/arcrole/2008/element-label" xlink:from="roleType43" xlink:to="label43" xlink:title="gen: roleType43 to label43" order="10.0"/>
    <link:loc xlink:type="locator" xlink:href="rol_c-ross_8_2015-12-31.xsd#c-ross_2015-12-31-3171510" xlink:label="roleType44" xlink:title="roleType44"/>
    <label:label xlink:type="resource" xlink:label="label44" xlink:role="http://www.xbrl.org/2008/role/label" xlink:title="label44" xml:lang="zh">CR15-财险和人身险公司交易对手违约风险-分出业务再保险资产</label:label>
    <gen:arc xlink:type="arc" xlink:arcrole="http://xbrl.org/arcrole/2008/element-label" xlink:from="roleType44" xlink:to="label44" xlink:title="gen: roleType44 to label44" order="10.0"/>
    <link:loc xlink:type="locator" xlink:href="rol_c-ross_8_2015-12-31.xsd#c-ross_2015-12-31-3171510a" xlink:label="roleType45" xlink:title="roleType45"/>
    <label:label xlink:type="resource" xlink:label="label45" xlink:role="http://www.xbrl.org/2008/role/label" xlink:title="label45" xml:lang="zh">CR15-财险和人身险公司交易对手违约风险-分出业务再保险资产-境内再保分入人</label:label>
    <gen:arc xlink:type="arc" xlink:arcrole="http://xbrl.org/arcrole/2008/element-label" xlink:from="roleType45" xlink:to="label45" xlink:title="gen: roleType45 to label45" order="10.0"/>
    <link:loc xlink:type="locator" xlink:href="rol_c-ross_8_2015-12-31.xsd#c-ross_2015-12-31-3171510b" xlink:label="roleType46" xlink:title="roleType46"/>
    <label:label xlink:type="resource" xlink:label="label46" xlink:role="http://www.xbrl.org/2008/role/label" xlink:title="label46" xml:lang="zh">CR15-财险和人身险公司交易对手违约风险-分出业务再保险资产-各级偿付能力充足率全部达到监管要求的境外再保分入人</label:label>
    <gen:arc xlink:type="arc" xlink:arcrole="http://xbrl.org/arcrole/2008/element-label" xlink:from="roleType46" xlink:to="label46" xlink:title="gen: roleType46 to label46" order="10.0"/>
    <link:loc xlink:type="locator" xlink:href="rol_c-ross_8_2015-12-31.xsd#c-ross_2015-12-31-3171510c" xlink:label="roleType47" xlink:title="roleType47"/>
    <label:label xlink:type="resource" xlink:label="label47" xlink:role="http://www.xbrl.org/2008/role/label" xlink:title="label47" xml:lang="zh">CR15-财险和人身险公司交易对手违约风险-分出业务再保险资产-各级偿付能力充足率未全部达到监管要求的境外再保分入人</label:label>
    <gen:arc xlink:type="arc" xlink:arcrole="http://xbrl.org/arcrole/2008/element-label" xlink:from="roleType47" xlink:to="label47" xlink:title="gen: roleType47 to label47" order="10.0"/>
    <link:loc xlink:type="locator" xlink:href="rol_c-ross_8_2015-12-31.xsd#c-ross_2015-12-31-3171620" xlink:label="roleType48" xlink:title="roleType48"/>
    <label:label xlink:type="resource" xlink:label="label48" xlink:role="http://www.xbrl.org/2008/role/label" xlink:title="label48" xml:lang="zh">CR16-再保险公司交易对手违约风险-分出业务再保险资产</label:label>
    <gen:arc xlink:type="arc" xlink:arcrole="http://xbrl.org/arcrole/2008/element-label" xlink:from="roleType48" xlink:to="label48" xlink:title="gen: roleType48 to label48" order="10.0"/>
    <link:loc xlink:type="locator" xlink:href="rol_c-ross_8_2015-12-31.xsd#c-ross_2015-12-31-3171620a" xlink:label="roleType49" xlink:title="roleType49"/>
    <label:label xlink:type="resource" xlink:label="label49" xlink:role="http://www.xbrl.org/2008/role/label" xlink:title="label49" xml:lang="zh">CR16-再保险公司交易对手违约风险-分出业务再保险资产-境内再保分入人</label:label>
    <gen:arc xlink:type="arc" xlink:arcrole="http://xbrl.org/arcrole/2008/element-label" xlink:from="roleType49" xlink:to="label49" xlink:title="gen: roleType49 to label49" order="10.0"/>
    <link:loc xlink:type="locator" xlink:href="rol_c-ross_8_2015-12-31.xsd#c-ross_2015-12-31-3171620b" xlink:label="roleType50" xlink:title="roleType50"/>
    <label:label xlink:type="resource" xlink:label="label50" xlink:role="http://www.xbrl.org/2008/role/label" xlink:title="label50" xml:lang="zh">CR16-再保险公司交易对手违约风险-分出业务再保险资产-境外再保分入人</label:label>
    <gen:arc xlink:type="arc" xlink:arcrole="http://xbrl.org/arcrole/2008/element-label" xlink:from="roleType50" xlink:to="label50" xlink:title="gen: roleType50 to label50" order="10.0"/>
    <link:loc xlink:type="locator" xlink:href="rol_c-ross_8_2015-12-31.xsd#c-ross_2015-12-31-3171700" xlink:label="roleType51" xlink:title="roleType51"/>
    <label:label xlink:type="resource" xlink:label="label51" xlink:role="http://www.xbrl.org/2008/role/label" xlink:title="label51" xml:lang="zh">CR17-交易对手违约风险-分入业务再保险资产</label:label>
    <gen:arc xlink:type="arc" xlink:arcrole="http://xbrl.org/arcrole/2008/element-label" xlink:from="roleType51" xlink:to="label51" xlink:title="gen: roleType51 to label51" order="10.0"/>
    <link:loc xlink:type="locator" xlink:href="rol_c-ross_8_2015-12-31.xsd#c-ross_2015-12-31-3171700a" xlink:label="roleType52" xlink:title="roleType52"/>
    <label:label xlink:type="resource" xlink:label="label52" xlink:role="http://www.xbrl.org/2008/role/label" xlink:title="label52" xml:lang="zh">CR17-交易对手违约风险-分入业务再保险资产-明细</label:label>
    <gen:arc xlink:type="arc" xlink:arcrole="http://xbrl.org/arcrole/2008/element-label" xlink:from="roleType52" xlink:to="label52" xlink:title="gen: roleType52 to label52" order="10.0"/>
    <link:loc xlink:type="locator" xlink:href="rol_c-ross_8_2015-12-31.xsd#c-ross_2015-12-31-3171800" xlink:label="roleType53" xlink:title="roleType53"/>
    <label:label xlink:type="resource" xlink:label="label53" xlink:role="http://www.xbrl.org/2008/role/label" xlink:title="label53" xml:lang="zh">CR18-交易对手违约风险-应收保费</label:label>
    <gen:arc xlink:type="arc" xlink:arcrole="http://xbrl.org/arcrole/2008/element-label" xlink:from="roleType53" xlink:to="label53" xlink:title="gen: roleType53 to label53" order="10.0"/>
    <link:loc xlink:type="locator" xlink:href="rol_c-ross_8_2015-12-31.xsd#c-ross_2015-12-31-3171800a" xlink:label="roleType54" xlink:title="roleType54"/>
    <label:label xlink:type="resource" xlink:label="label54" xlink:role="http://www.xbrl.org/2008/role/label" xlink:title="label54" xml:lang="zh">CR18-交易对手违约风险-应收保费-排除一</label:label>
    <gen:arc xlink:type="arc" xlink:arcrole="http://xbrl.org/arcrole/2008/element-label" xlink:from="roleType54" xlink:to="label54" xlink:title="gen: roleType54 to label54" order="10.0"/>
    <link:loc xlink:type="locator" xlink:href="rol_c-ross_8_2015-12-31.xsd#c-ross_2015-12-31-3171900" xlink:label="roleType55" xlink:title="roleType55"/>
    <label:label xlink:type="resource" xlink:label="label55" xlink:role="http://www.xbrl.org/2008/role/label" xlink:title="label55" xml:lang="zh">CR19-交易对手违约风险-其他应收及预付款项</label:label>
    <gen:arc xlink:type="arc" xlink:arcrole="http://xbrl.org/arcrole/2008/element-label" xlink:from="roleType55" xlink:to="label55" xlink:title="gen: roleType55 to label55" order="10.0"/>
    <link:loc xlink:type="locator" xlink:href="rol_c-ross_8_2015-12-31.xsd#c-ross_2015-12-31-3171900a" xlink:label="roleType56" xlink:title="roleType56"/>
    <label:label xlink:type="resource" xlink:label="label56" xlink:role="http://www.xbrl.org/2008/role/label" xlink:title="label56" xml:lang="zh">CR19-交易对手违约风险-其他应收及预付款项-排除一</label:label>
    <gen:arc xlink:type="arc" xlink:arcrole="http://xbrl.org/arcrole/2008/element-label" xlink:from="roleType56" xlink:to="label56" xlink:title="gen: roleType56 to label56" order="10.0"/>
    <link:loc xlink:type="locator" xlink:href="rol_c-ross_8_2015-12-31.xsd#c-ross_2015-12-31-3171900b" xlink:label="roleType57" xlink:title="roleType57"/>
    <label:label xlink:type="resource" xlink:label="label57" xlink:role="http://www.xbrl.org/2008/role/label" xlink:title="label57" xml:lang="zh">CR19-交易对手违约风险-其他应收及预付款项-排除二</label:label>
    <gen:arc xlink:type="arc" xlink:arcrole="http://xbrl.org/arcrole/2008/element-label" xlink:from="roleType57" xlink:to="label57" xlink:title="gen: roleType57 to label57" order="10.0"/>
    <link:loc xlink:type="locator" xlink:href="rol_c-ross_8_2015-12-31.xsd#c-ross_2015-12-31-3172000" xlink:label="roleType58" xlink:title="roleType58"/>
    <label:label xlink:type="resource" xlink:label="label58" xlink:role="http://www.xbrl.org/2008/role/label" xlink:title="label58" xml:lang="zh">CR20-交易对手违约风险-债务担保</label:label>
    <gen:arc xlink:type="arc" xlink:arcrole="http://xbrl.org/arcrole/2008/element-label" xlink:from="roleType58" xlink:to="label58" xlink:title="gen: roleType58 to label58" order="10.0"/>
    <link:loc xlink:type="locator" xlink:href="rol_c-ross_8_2015-12-31.xsd#c-ross_2015-12-31-3172000a" xlink:label="roleType59" xlink:title="roleType59"/>
    <label:label xlink:type="resource" xlink:label="label59" xlink:role="http://www.xbrl.org/2008/role/label" xlink:title="label59" xml:lang="zh">CR20-交易对手违约风险-债务担保-排除一</label:label>
    <gen:arc xlink:type="arc" xlink:arcrole="http://xbrl.org/arcrole/2008/element-label" xlink:from="roleType59" xlink:to="label59" xlink:title="gen: roleType59 to label59" order="10.0"/>
    <link:loc xlink:type="locator" xlink:href="rol_c-ross_8_2015-12-31.xsd#c-ross_2015-12-31-3172000b" xlink:label="roleType60" xlink:title="roleType60"/>
    <label:label xlink:type="resource" xlink:label="label60" xlink:role="http://www.xbrl.org/2008/role/label" xlink:title="label60" xml:lang="zh">CR20-交易对手违约风险-债务担保-排除二</label:label>
    <gen:arc xlink:type="arc" xlink:arcrole="http://xbrl.org/arcrole/2008/element-label" xlink:from="roleType60" xlink:to="label60" xlink:title="gen: roleType60 to label60" order="10.0"/>
    <link:loc xlink:type="locator" xlink:href="rol_c-ross_8_2015-12-31.xsd#c-ross_2015-12-31-3172100" xlink:label="roleType61" xlink:title="roleType61"/>
    <label:label xlink:type="resource" xlink:label="label61" xlink:role="http://www.xbrl.org/2008/role/label" xlink:title="label61" xml:lang="zh">CR21-交易对手违约风险-保单质押贷款</label:label>
    <gen:arc xlink:type="arc" xlink:arcrole="http://xbrl.org/arcrole/2008/element-label" xlink:from="roleType61" xlink:to="label61" xlink:title="gen: roleType61 to label61" order="10.0"/>
    <link:loc xlink:type="locator" xlink:href="rol_c-ross_8_2015-12-31.xsd#c-ross_2015-12-31-3172100a" xlink:label="roleType62" xlink:title="roleType62"/>
    <label:label xlink:type="resource" xlink:label="label62" xlink:role="http://www.xbrl.org/2008/role/label" xlink:title="label62" xml:lang="zh">CR21-交易对手违约风险-保单质押贷款-排除一</label:label>
    <gen:arc xlink:type="arc" xlink:arcrole="http://xbrl.org/arcrole/2008/element-label" xlink:from="roleType62" xlink:to="label62" xlink:title="gen: roleType62 to label62" order="10.0"/>
  </gen:link>
</link:linkbase>
