<?xml version="1.0" encoding="UTF-8"?>

<!--
	Taxonomy: 2015-12-31 (Final)
	**********************
	Copyright © 2015 China Insurance Regulatory Commission.
	All rights reserved.  No part of this publication may be translated, reprinted or reproduced
	or utilised in any form either in whole or in part without prior permission in writing from China Insurance Regulatory Commission.
	  **********************
	-->
<link:linkbase xmlns:xsi="http://www.w3.org/2001/XMLSchema-instance" xsi:schemaLocation="http://www.xbrl.org/2003/linkbase http://www.xbrl.org/2003/xbrl-linkbase-2003-12-31.xsd" xmlns:c-ross="http://xbrl.circ.gov.cn/taxonomy/2015-12-31/c-ross" xmlns:link="http://www.xbrl.org/2003/linkbase" xmlns:q_s_pc_entry_point="http://xbrl.circ.gov.cn/taxonomy/2015-12-31/c-ross/q_s_pc_entry_point" xmlns:xlink="http://www.w3.org/1999/xlink" xmlns:xbrli="http://www.xbrl.org/2003/instance">
  <link:roleRef roleURI="http://www.xbrl.org/2009/role/netLabel" xlink:type="simple" xlink:href="http://www.xbrl.org/lrr/role/net-2009-12-16.xsd#netLabel"/>
  <link:roleRef roleURI="http://xbrl.circ.gov.cn/role/c-ross_2015-12-31_role-3172100" xlink:type="simple" xlink:href="rol_c-ross_8_2015-12-31.xsd#c-ross_2015-12-31-3172100"/>
  <link:presentationLink xlink:type="extended" xlink:role="http://xbrl.circ.gov.cn/role/c-ross_2015-12-31_role-3172100">
    <link:loc xlink:type="locator" xlink:href="../../c-ross_core_2015-12-31.xsd#c-ross_TypesOfInsuranceAccountMember" xlink:label="TypesOfInsuranceAccountMember" xlink:title="TypesOfInsuranceAccountMember"/>
    <link:loc xlink:type="locator" xlink:href="../../c-ross_core_2015-12-31.xsd#c-ross_TraditionalInsuranceExcludingHighInterestRatePolicyAccountMember" xlink:label="TraditionalInsuranceExcludingHighInterestRatePolicyAccountMember" xlink:title="TraditionalInsuranceExcludingHighInterestRatePolicyAccountMember"/>
    <link:presentationArc xlink:type="arc" xlink:arcrole="http://www.xbrl.org/2003/arcrole/parent-child" xlink:from="TypesOfInsuranceAccountMember" xlink:to="TraditionalInsuranceExcludingHighInterestRatePolicyAccountMember" xlink:title="presentation: TypesOfInsuranceAccountMember to TraditionalInsuranceExcludingHighInterestRatePolicyAccountMember" use="optional" order="10.0" preferredLabel="http://www.xbrl.org/2003/role/terseLabel"/>
    <link:loc xlink:type="locator" xlink:href="../../c-ross_core_2015-12-31.xsd#c-ross_ParticipatingInsuranceAccountMember" xlink:label="ParticipatingInsuranceAccountMember" xlink:title="ParticipatingInsuranceAccountMember"/>
    <link:presentationArc xlink:type="arc" xlink:arcrole="http://www.xbrl.org/2003/arcrole/parent-child" xlink:from="TypesOfInsuranceAccountMember" xlink:to="ParticipatingInsuranceAccountMember" xlink:title="presentation: TypesOfInsuranceAccountMember to ParticipatingInsuranceAccountMember" use="optional" order="20.0" preferredLabel="http://www.xbrl.org/2003/role/terseLabel"/>
    <link:loc xlink:type="locator" xlink:href="../../c-ross_core_2015-12-31.xsd#c-ross_UniversalInsuranceAccountMember" xlink:label="UniversalInsuranceAccountMember" xlink:title="UniversalInsuranceAccountMember"/>
    <link:presentationArc xlink:type="arc" xlink:arcrole="http://www.xbrl.org/2003/arcrole/parent-child" xlink:from="TypesOfInsuranceAccountMember" xlink:to="UniversalInsuranceAccountMember" xlink:title="presentation: TypesOfInsuranceAccountMember to UniversalInsuranceAccountMember" use="optional" order="30.0" preferredLabel="http://www.xbrl.org/2003/role/terseLabel"/>
    <link:loc xlink:type="locator" xlink:href="../../c-ross_core_2015-12-31.xsd#c-ross_HighInterestRatePolicyAccountMember" xlink:label="HighInterestRatePolicyAccountMember" xlink:title="HighInterestRatePolicyAccountMember"/>
    <link:presentationArc xlink:type="arc" xlink:arcrole="http://www.xbrl.org/2003/arcrole/parent-child" xlink:from="TypesOfInsuranceAccountMember" xlink:to="HighInterestRatePolicyAccountMember" xlink:title="presentation: TypesOfInsuranceAccountMember to HighInterestRatePolicyAccountMember" order="40.0" preferredLabel="http://www.xbrl.org/2003/role/terseLabel"/>
    <link:loc xlink:type="locator" xlink:href="../../c-ross_core_2015-12-31.xsd#c-ross_OtherInsuranceAccountMember" xlink:label="OtherInsuranceAccountMember" xlink:title="OtherInsuranceAccountMember"/>
    <link:presentationArc xlink:type="arc" xlink:arcrole="http://www.xbrl.org/2003/arcrole/parent-child" xlink:from="TypesOfInsuranceAccountMember" xlink:to="OtherInsuranceAccountMember" xlink:title="presentation: TypesOfInsuranceAccountMember to OtherInsuranceAccountMember" order="50.0" preferredLabel="http://www.xbrl.org/2003/role/terseLabel"/>
    <link:loc xlink:type="locator" xlink:href="../../c-ross_core_2015-12-31.xsd#c-ross_CounterpartyDefaultRiskPolicyLoansAbstract" xlink:label="CounterpartyDefaultRiskPolicyLoansAbstract" xlink:title="CounterpartyDefaultRiskPolicyLoansAbstract"/>
    <link:loc xlink:type="locator" xlink:href="../../c-ross_core_2015-12-31.xsd#c-ross_CounterpartyDefaultRiskPolicyLoansTable" xlink:label="CounterpartyDefaultRiskPolicyLoansTable" xlink:title="CounterpartyDefaultRiskPolicyLoansTable"/>
    <link:presentationArc xlink:type="arc" xlink:arcrole="http://www.xbrl.org/2003/arcrole/parent-child" xlink:from="CounterpartyDefaultRiskPolicyLoansAbstract" xlink:to="CounterpartyDefaultRiskPolicyLoansTable" xlink:title="presentation: CounterpartyDefaultRiskPolicyLoansAbstract to CounterpartyDefaultRiskPolicyLoansTable" order="10.0" preferredLabel="http://www.xbrl.org/2003/role/label"/>
    <link:loc xlink:type="locator" xlink:href="../../c-ross_core_2015-12-31.xsd#c-ross_PolicyLoansTypesOfInsuranceAccountAxis" xlink:label="PolicyLoansTypesOfInsuranceAccountAxis" xlink:title="PolicyLoansTypesOfInsuranceAccountAxis"/>
    <link:presentationArc xlink:type="arc" xlink:arcrole="http://www.xbrl.org/2003/arcrole/parent-child" xlink:from="CounterpartyDefaultRiskPolicyLoansTable" xlink:to="PolicyLoansTypesOfInsuranceAccountAxis" xlink:title="presentation: CounterpartyDefaultRiskPolicyLoansTable to PolicyLoansTypesOfInsuranceAccountAxis" order="10.0" preferredLabel="http://www.xbrl.org/2003/role/label"/>
    <link:presentationArc xlink:type="arc" xlink:arcrole="http://www.xbrl.org/2003/arcrole/parent-child" xlink:from="PolicyLoansTypesOfInsuranceAccountAxis" xlink:to="TypesOfInsuranceAccountMember" xlink:title="presentation: PolicyLoansTypesOfInsuranceAccountAxis to TypesOfInsuranceAccountMember" use="optional" order="10.0" preferredLabel="http://www.xbrl.org/2003/role/label"/>
    <link:loc xlink:type="locator" xlink:href="../../c-ross_core_2015-12-31.xsd#c-ross_CounterpartyDefaultRiskPolicyLoansLineItems" xlink:label="CounterpartyDefaultRiskPolicyLoansLineItems" xlink:title="CounterpartyDefaultRiskPolicyLoansLineItems"/>
    <link:presentationArc xlink:type="arc" xlink:arcrole="http://www.xbrl.org/2003/arcrole/parent-child" xlink:from="CounterpartyDefaultRiskPolicyLoansAbstract" xlink:to="CounterpartyDefaultRiskPolicyLoansLineItems" xlink:title="presentation: CounterpartyDefaultRiskPolicyLoansAbstract to CounterpartyDefaultRiskPolicyLoansLineItems" use="optional" order="20.0" preferredLabel="http://www.xbrl.org/2003/role/label"/>
    <link:loc xlink:type="locator" xlink:href="../../c-ross_core_2015-12-31.xsd#c-ross_CounterpartyDefaultRiskPolicyLoansAdmittedValue" xlink:label="CounterpartyDefaultRiskPolicyLoansAdmittedValue" xlink:title="CounterpartyDefaultRiskPolicyLoansAdmittedValue"/>
    <link:presentationArc xlink:type="arc" xlink:arcrole="http://www.xbrl.org/2003/arcrole/parent-child" xlink:from="CounterpartyDefaultRiskPolicyLoansLineItems" xlink:to="CounterpartyDefaultRiskPolicyLoansAdmittedValue" xlink:title="presentation: CounterpartyDefaultRiskPolicyLoansLineItems to CounterpartyDefaultRiskPolicyLoansAdmittedValue" use="optional" order="10.0" preferredLabel="http://www.xbrl.org/2003/role/terseLabel"/>
    <link:loc xlink:type="locator" xlink:href="../../c-ross_core_2015-12-31.xsd#c-ross_CounterpartyDefaultRiskPolicyLoansInterestReceivable" xlink:label="CounterpartyDefaultRiskPolicyLoansInterestReceivable" xlink:title="CounterpartyDefaultRiskPolicyLoansInterestReceivable"/>
    <link:presentationArc xlink:type="arc" xlink:arcrole="http://www.xbrl.org/2003/arcrole/parent-child" xlink:from="CounterpartyDefaultRiskPolicyLoansLineItems" xlink:to="CounterpartyDefaultRiskPolicyLoansInterestReceivable" xlink:title="presentation: CounterpartyDefaultRiskPolicyLoansLineItems to CounterpartyDefaultRiskPolicyLoansInterestReceivable" use="optional" order="20.0" preferredLabel="http://www.xbrl.org/2003/role/terseLabel"/>
    <link:loc xlink:type="locator" xlink:href="../../c-ross_core_2015-12-31.xsd#c-ross_CounterpartyDefaultRiskPolicyLoansRiskExposure" xlink:label="CounterpartyDefaultRiskPolicyLoansRiskExposure" xlink:title="CounterpartyDefaultRiskPolicyLoansRiskExposure"/>
    <link:presentationArc xlink:type="arc" xlink:arcrole="http://www.xbrl.org/2003/arcrole/parent-child" xlink:from="CounterpartyDefaultRiskPolicyLoansLineItems" xlink:to="CounterpartyDefaultRiskPolicyLoansRiskExposure" xlink:title="presentation: CounterpartyDefaultRiskPolicyLoansLineItems to CounterpartyDefaultRiskPolicyLoansRiskExposure" use="optional" order="30.0" preferredLabel="http://www.xbrl.org/2003/role/terseLabel"/>
    <link:loc xlink:type="locator" xlink:href="../../c-ross_core_2015-12-31.xsd#c-ross_CounterpartyDefaultRiskPolicyLoansBaseRiskFactor" xlink:label="CounterpartyDefaultRiskPolicyLoansBaseRiskFactor" xlink:title="CounterpartyDefaultRiskPolicyLoansBaseRiskFactor"/>
    <link:presentationArc xlink:type="arc" xlink:arcrole="http://www.xbrl.org/2003/arcrole/parent-child" xlink:from="CounterpartyDefaultRiskPolicyLoansLineItems" xlink:to="CounterpartyDefaultRiskPolicyLoansBaseRiskFactor" xlink:title="presentation: CounterpartyDefaultRiskPolicyLoansLineItems to CounterpartyDefaultRiskPolicyLoansBaseRiskFactor" use="optional" order="40.0" preferredLabel="http://www.xbrl.org/2003/role/terseLabel"/>
    <link:loc xlink:type="locator" xlink:href="../../c-ross_core_2015-12-31.xsd#c-ross_CounterpartyDefaultRiskPolicyLoansMinimumCapital" xlink:label="CounterpartyDefaultRiskPolicyLoansMinimumCapital" xlink:title="CounterpartyDefaultRiskPolicyLoansMinimumCapital"/>
    <link:presentationArc xlink:type="arc" xlink:arcrole="http://www.xbrl.org/2003/arcrole/parent-child" xlink:from="CounterpartyDefaultRiskPolicyLoansLineItems" xlink:to="CounterpartyDefaultRiskPolicyLoansMinimumCapital" xlink:title="presentation: CounterpartyDefaultRiskPolicyLoansLineItems to CounterpartyDefaultRiskPolicyLoansMinimumCapital" use="optional" order="50.0" preferredLabel="http://www.xbrl.org/2003/role/terseLabel"/>
  </link:presentationLink>
</link:linkbase>
