<?xml version="1.0" encoding="UTF-8"?>

<!--
	Taxonomy: 2015-12-31 (Final)
	**********************
	Copyright © 2015 China Insurance Regulatory Commission.
	All rights reserved.  No part of this publication may be translated, reprinted or reproduced
	or utilised in any form either in whole or in part without prior permission in writing from China Insurance Regulatory Commission.
	  **********************
	-->
<link:linkbase xmlns:xsi="http://www.w3.org/2001/XMLSchema-instance" xsi:schemaLocation="http://www.xbrl.org/2003/linkbase http://www.xbrl.org/2003/xbrl-linkbase-2003-12-31.xsd" xmlns:c-ross="http://xbrl.circ.gov.cn/taxonomy/2015-12-31/c-ross" xmlns:link="http://www.xbrl.org/2003/linkbase" xmlns:q_s_pc_entry_point="http://xbrl.circ.gov.cn/taxonomy/2015-12-31/c-ross/q_s_pc_entry_point" xmlns:xlink="http://www.w3.org/1999/xlink" xmlns:xbrli="http://www.xbrl.org/2003/instance">
  <link:roleRef roleURI="http://www.xbrl.org/2009/role/netLabel" xlink:type="simple" xlink:href="http://www.xbrl.org/lrr/role/net-2009-12-16.xsd#netLabel"/>
  <link:roleRef roleURI="http://xbrl.circ.gov.cn/role/c-ross_2015-12-31_role-3170200" xlink:type="simple" xlink:href="rol_c-ross_8_2015-12-31.xsd#c-ross_2015-12-31-3170200"/>
  <link:presentationLink xlink:type="extended" xlink:role="http://xbrl.circ.gov.cn/role/c-ross_2015-12-31_role-3170200">
    <link:loc xlink:type="locator" xlink:href="../../c-ross_core_2015-12-31.xsd#c-ross_CounterpartyDefaultRiskCashAndLiquidityManagementInstrumentsAbstract" xlink:label="CounterpartyDefaultRiskCashAndLiquidityManagementInstrumentsAbstract" xlink:title="CounterpartyDefaultRiskCashAndLiquidityManagementInstrumentsAbstract"/>
    <link:loc xlink:type="locator" xlink:href="../../c-ross_core_2015-12-31.xsd#c-ross_CounterpartyDefaultRiskCashAndLiquidityManagementInstrumentsTable" xlink:label="CounterpartyDefaultRiskCashAndLiquidityManagementInstrumentsTable" xlink:title="CounterpartyDefaultRiskCashAndLiquidityManagementInstrumentsTable"/>
    <link:presentationArc xlink:type="arc" xlink:arcrole="http://www.xbrl.org/2003/arcrole/parent-child" xlink:from="CounterpartyDefaultRiskCashAndLiquidityManagementInstrumentsAbstract" xlink:to="CounterpartyDefaultRiskCashAndLiquidityManagementInstrumentsTable" xlink:title="presentation: CounterpartyDefaultRiskCashAndLiquidityManagementInstrumentsAbstract to CounterpartyDefaultRiskCashAndLiquidityManagementInstrumentsTable" use="optional" order="10.0" preferredLabel="http://www.xbrl.org/2003/role/label"/>
    <link:loc xlink:type="locator" xlink:href="../../c-ross_core_2015-12-31.xsd#c-ross_CounterpartyDefaultRiskTypesOfCashAndLiquidityManagementInstrumentsAxis" xlink:label="CounterpartyDefaultRiskTypesOfCashAndLiquidityManagementInstrumentsAxis" xlink:title="CounterpartyDefaultRiskTypesOfCashAndLiquidityManagementInstrumentsAxis"/>
    <link:presentationArc xlink:type="arc" xlink:arcrole="http://www.xbrl.org/2003/arcrole/parent-child" xlink:from="CounterpartyDefaultRiskCashAndLiquidityManagementInstrumentsTable" xlink:to="CounterpartyDefaultRiskTypesOfCashAndLiquidityManagementInstrumentsAxis" xlink:title="presentation: CounterpartyDefaultRiskCashAndLiquidityManagementInstrumentsTable to CounterpartyDefaultRiskTypesOfCashAndLiquidityManagementInstrumentsAxis" use="optional" order="10.0" preferredLabel="http://www.xbrl.org/2003/role/label"/>
    <link:loc xlink:type="locator" xlink:href="../../c-ross_core_2015-12-31.xsd#c-ross_TypesOfCashAndLiquidityManagementInstrumentsMember" xlink:label="TypesOfCashAndLiquidityManagementInstrumentsMember" xlink:title="TypesOfCashAndLiquidityManagementInstrumentsMember"/>
    <link:presentationArc xlink:type="arc" xlink:arcrole="http://www.xbrl.org/2003/arcrole/parent-child" xlink:from="CounterpartyDefaultRiskTypesOfCashAndLiquidityManagementInstrumentsAxis" xlink:to="TypesOfCashAndLiquidityManagementInstrumentsMember" xlink:title="presentation: CounterpartyDefaultRiskTypesOfCashAndLiquidityManagementInstrumentsAxis to TypesOfCashAndLiquidityManagementInstrumentsMember" use="optional" order="10.0" preferredLabel="http://www.xbrl.org/2003/role/label"/>
    <link:loc xlink:type="locator" xlink:href="../../c-ross_core_2015-12-31.xsd#c-ross_DepositsNotInThirdPartyPaymentInstitutionsMember" xlink:label="DepositsNotInThirdPartyPaymentInstitutionsMember" xlink:title="DepositsNotInThirdPartyPaymentInstitutionsMember"/>
    <link:presentationArc xlink:type="arc" xlink:arcrole="http://www.xbrl.org/2003/arcrole/parent-child" xlink:from="TypesOfCashAndLiquidityManagementInstrumentsMember" xlink:to="DepositsNotInThirdPartyPaymentInstitutionsMember" xlink:title="presentation: TypesOfCashAndLiquidityManagementInstrumentsMember to DepositsNotInThirdPartyPaymentInstitutionsMember" use="optional" order="10.0" preferredLabel="http://www.xbrl.org/2003/role/label"/>
    <link:loc xlink:type="locator" xlink:href="../../c-ross_core_2015-12-31.xsd#c-ross_DemandDepositsUnderSolvencyIIMember" xlink:label="DemandDepositsMember" xlink:title="DemandDepositsMember"/>
    <link:presentationArc xlink:type="arc" xlink:arcrole="http://www.xbrl.org/2003/arcrole/parent-child" xlink:from="DepositsNotInThirdPartyPaymentInstitutionsMember" xlink:to="DemandDepositsMember" xlink:title="presentation: DepositsNotInThirdPartyPaymentInstitutionsMember to DemandDepositsMember" use="optional" order="20.0" preferredLabel="http://www.xbrl.org/2003/role/terseLabel"/>
    <link:loc xlink:type="locator" xlink:href="../../c-ross_core_2015-12-31.xsd#c-ross_MoneyMarketFundMember" xlink:label="MoneyMarketFundMember" xlink:title="MoneyMarketFundMember"/>
    <link:presentationArc xlink:type="arc" xlink:arcrole="http://www.xbrl.org/2003/arcrole/parent-child" xlink:from="DepositsNotInThirdPartyPaymentInstitutionsMember" xlink:to="MoneyMarketFundMember" xlink:title="presentation: DepositsNotInThirdPartyPaymentInstitutionsMember to MoneyMarketFundMember" use="optional" order="30.0" preferredLabel="http://www.xbrl.org/2003/role/label"/>
    <link:loc xlink:type="locator" xlink:href="../../c-ross_core_2015-12-31.xsd#c-ross_ShortTimeFinancingBondsMember" xlink:label="ShortTimeFinancingBondsMember" xlink:title="ShortTimeFinancingBondsMember"/>
    <link:presentationArc xlink:type="arc" xlink:arcrole="http://www.xbrl.org/2003/arcrole/parent-child" xlink:from="DepositsNotInThirdPartyPaymentInstitutionsMember" xlink:to="ShortTimeFinancingBondsMember" xlink:title="presentation: DepositsNotInThirdPartyPaymentInstitutionsMember to ShortTimeFinancingBondsMember" use="optional" order="40.0" preferredLabel="http://www.xbrl.org/2003/role/label"/>
    <link:loc xlink:type="locator" xlink:href="../../c-ross_core_2015-12-31.xsd#c-ross_SecuritiesPurchasedUnderResaleAgreementsMember" xlink:label="SecuritiesPurchasedUnderResaleAgreementsMember" xlink:title="SecuritiesPurchasedUnderResaleAgreementsMember"/>
    <link:presentationArc xlink:type="arc" xlink:arcrole="http://www.xbrl.org/2003/arcrole/parent-child" xlink:from="DepositsNotInThirdPartyPaymentInstitutionsMember" xlink:to="SecuritiesPurchasedUnderResaleAgreementsMember" xlink:title="presentation: DepositsNotInThirdPartyPaymentInstitutionsMember to SecuritiesPurchasedUnderResaleAgreementsMember" use="optional" order="50.0" preferredLabel="http://www.xbrl.org/2003/role/label"/>
    <link:loc xlink:type="locator" xlink:href="../../c-ross_core_2015-12-31.xsd#c-ross_CentralBankBillsMember" xlink:label="CentralBankBillsMember" xlink:title="CentralBankBillsMember"/>
    <link:presentationArc xlink:type="arc" xlink:arcrole="http://www.xbrl.org/2003/arcrole/parent-child" xlink:from="DepositsNotInThirdPartyPaymentInstitutionsMember" xlink:to="CentralBankBillsMember" xlink:title="presentation: DepositsNotInThirdPartyPaymentInstitutionsMember to CentralBankBillsMember" use="optional" order="60.0" preferredLabel="http://www.xbrl.org/2003/role/label"/>
    <link:loc xlink:type="locator" xlink:href="../../c-ross_core_2015-12-31.xsd#c-ross_CommercialBankNotesMember" xlink:label="CommercialBankNotesMember" xlink:title="CommercialBankNotesMember"/>
    <link:presentationArc xlink:type="arc" xlink:arcrole="http://www.xbrl.org/2003/arcrole/parent-child" xlink:from="DepositsNotInThirdPartyPaymentInstitutionsMember" xlink:to="CommercialBankNotesMember" xlink:title="presentation: DepositsNotInThirdPartyPaymentInstitutionsMember to CommercialBankNotesMember" use="optional" order="70.0" preferredLabel="http://www.xbrl.org/2003/role/label"/>
    <link:loc xlink:type="locator" xlink:href="../../c-ross_core_2015-12-31.xsd#c-ross_NegotiableCertificatesOfDepositsMember" xlink:label="NegotiableCertificatesOfDepositsMember" xlink:title="NegotiableCertificatesOfDepositsMember"/>
    <link:presentationArc xlink:type="arc" xlink:arcrole="http://www.xbrl.org/2003/arcrole/parent-child" xlink:from="DepositsNotInThirdPartyPaymentInstitutionsMember" xlink:to="NegotiableCertificatesOfDepositsMember" xlink:title="presentation: DepositsNotInThirdPartyPaymentInstitutionsMember to NegotiableCertificatesOfDepositsMember" use="optional" order="80.0" preferredLabel="http://www.xbrl.org/2003/role/label"/>
    <link:loc xlink:type="locator" xlink:href="../../c-ross_core_2015-12-31.xsd#c-ross_ShortTermLendingMember" xlink:label="LoansToOtherBankMember" xlink:title="LoansToOtherBankMember"/>
    <link:presentationArc xlink:type="arc" xlink:arcrole="http://www.xbrl.org/2003/arcrole/parent-child" xlink:from="DepositsNotInThirdPartyPaymentInstitutionsMember" xlink:to="LoansToOtherBankMember" xlink:title="presentation: DepositsNotInThirdPartyPaymentInstitutionsMember to LoansToOtherBankMember" use="optional" order="90.0" preferredLabel="http://www.xbrl.org/2003/role/label"/>
    <link:loc xlink:type="locator" xlink:href="../../c-ross_core_2015-12-31.xsd#c-ross_ClearingReserveFundInChinaSecuritiesDepositoryAndClearingCorporationAndChinaCentralDepositoryAndClearingCoLtdMember" xlink:label="ShortTimeLendingClearingReserveFundInChinaSecuritiesDepositoryAndClearingCorporationAndChinaCentralDepositoryAndClearingCoLtdMember" xlink:title="ShortTimeLendingClearingReserveFundInChinaSecuritiesDepositoryAndClearingCorporationAndChinaCentralDepositoryAndClearingCoLtdMember"/>
    <link:presentationArc xlink:type="arc" xlink:arcrole="http://www.xbrl.org/2003/arcrole/parent-child" xlink:from="DepositsNotInThirdPartyPaymentInstitutionsMember" xlink:to="ShortTimeLendingClearingReserveFundInChinaSecuritiesDepositoryAndClearingCorporationAndChinaCentralDepositoryAndClearingCoLtdMember" xlink:title="presentation: DepositsNotInThirdPartyPaymentInstitutionsMember to ShortTimeLendingClearingReserveFundInChinaSecuritiesDepositoryAndClearingCorporationAndChinaCentralDepositoryAndClearingCoLtdMember" use="optional" order="100.0" preferredLabel="http://www.xbrl.org/2003/role/label"/>
    <link:loc xlink:type="locator" xlink:href="../../c-ross_core_2015-12-31.xsd#c-ross_CashOnHandUnderSolvencyIIMember" xlink:label="CashOnHandMember_2" xlink:title="CashOnHandMember"/>
    <link:presentationArc xlink:type="arc" xlink:arcrole="http://www.xbrl.org/2003/arcrole/parent-child" xlink:from="DepositsNotInThirdPartyPaymentInstitutionsMember" xlink:to="CashOnHandMember_2" xlink:title="presentation: DepositsNotInThirdPartyPaymentInstitutionsMember to CashOnHandMember" order="10.0" preferredLabel="http://www.xbrl.org/2003/role/terseLabel"/>
    <link:loc xlink:type="locator" xlink:href="../../c-ross_core_2015-12-31.xsd#c-ross_FundsDueFromThirdPartyPaymentAgenciesMember" xlink:label="FundsDueFromThirdPartyPaymentAgenciesMember" xlink:title="FundsDueFromThirdPartyPaymentAgenciesMember"/>
    <link:presentationArc xlink:type="arc" xlink:arcrole="http://www.xbrl.org/2003/arcrole/parent-child" xlink:from="TypesOfCashAndLiquidityManagementInstrumentsMember" xlink:to="FundsDueFromThirdPartyPaymentAgenciesMember" xlink:title="presentation: TypesOfCashAndLiquidityManagementInstrumentsMember to FundsDueFromThirdPartyPaymentAgenciesMember" use="optional" order="20.0" preferredLabel="http://www.xbrl.org/2003/role/label"/>
    <link:loc xlink:type="locator" xlink:href="../../c-ross_core_2015-12-31.xsd#c-ross_CounterpartyDefaultRiskCashAndLiquidityManagementInstrumentsLineItems" xlink:label="CounterpartyDefaultRiskCashAndLiquidityManagementInstrumentsLineItems" xlink:title="CounterpartyDefaultRiskCashAndLiquidityManagementInstrumentsLineItems"/>
    <link:presentationArc xlink:type="arc" xlink:arcrole="http://www.xbrl.org/2003/arcrole/parent-child" xlink:from="CounterpartyDefaultRiskCashAndLiquidityManagementInstrumentsAbstract" xlink:to="CounterpartyDefaultRiskCashAndLiquidityManagementInstrumentsLineItems" xlink:title="presentation: CounterpartyDefaultRiskCashAndLiquidityManagementInstrumentsAbstract to CounterpartyDefaultRiskCashAndLiquidityManagementInstrumentsLineItems" use="optional" order="20.0" preferredLabel="http://www.xbrl.org/2003/role/label"/>
    <link:loc xlink:type="locator" xlink:href="../../c-ross_core_2015-12-31.xsd#c-ross_CounterpartyDefaultRiskCashAndLiquidityManagementInstrumentsAdmittedValue" xlink:label="CounterpartyDefaultRiskCashAndLiquidityManagementInstrumentsAdmittedValue" xlink:title="CounterpartyDefaultRiskCashAndLiquidityManagementInstrumentsAdmittedValue"/>
    <link:presentationArc xlink:type="arc" xlink:arcrole="http://www.xbrl.org/2003/arcrole/parent-child" xlink:from="CounterpartyDefaultRiskCashAndLiquidityManagementInstrumentsLineItems" xlink:to="CounterpartyDefaultRiskCashAndLiquidityManagementInstrumentsAdmittedValue" xlink:title="presentation: CounterpartyDefaultRiskCashAndLiquidityManagementInstrumentsLineItems to CounterpartyDefaultRiskCashAndLiquidityManagementInstrumentsAdmittedValue" use="optional" order="10.0" preferredLabel="http://www.xbrl.org/2003/role/terseLabel"/>
    <link:loc xlink:type="locator" xlink:href="../../c-ross_core_2015-12-31.xsd#c-ross_CounterpartyDefaultRiskCashAndLiquidityManagementInstrumentsInterestReceivable" xlink:label="CounterpartyDefaultRiskCashAndLiquidityManagementInstrumentsInterestReceivable" xlink:title="CounterpartyDefaultRiskCashAndLiquidityManagementInstrumentsInterestReceivable"/>
    <link:presentationArc xlink:type="arc" xlink:arcrole="http://www.xbrl.org/2003/arcrole/parent-child" xlink:from="CounterpartyDefaultRiskCashAndLiquidityManagementInstrumentsLineItems" xlink:to="CounterpartyDefaultRiskCashAndLiquidityManagementInstrumentsInterestReceivable" xlink:title="presentation: CounterpartyDefaultRiskCashAndLiquidityManagementInstrumentsLineItems to CounterpartyDefaultRiskCashAndLiquidityManagementInstrumentsInterestReceivable" use="optional" order="20.0" preferredLabel="http://www.xbrl.org/2003/role/terseLabel"/>
    <link:loc xlink:type="locator" xlink:href="../../c-ross_core_2015-12-31.xsd#c-ross_CounterpartyDefaultRiskCashAndLiquidityManagementInstrumentsRiskExposure" xlink:label="CounterpartyDefaultRiskCashAndLiquidityManagementInstrumentsRiskExposure" xlink:title="CounterpartyDefaultRiskCashAndLiquidityManagementInstrumentsRiskExposure"/>
    <link:presentationArc xlink:type="arc" xlink:arcrole="http://www.xbrl.org/2003/arcrole/parent-child" xlink:from="CounterpartyDefaultRiskCashAndLiquidityManagementInstrumentsLineItems" xlink:to="CounterpartyDefaultRiskCashAndLiquidityManagementInstrumentsRiskExposure" xlink:title="presentation: CounterpartyDefaultRiskCashAndLiquidityManagementInstrumentsLineItems to CounterpartyDefaultRiskCashAndLiquidityManagementInstrumentsRiskExposure" use="optional" order="30.0" preferredLabel="http://www.xbrl.org/2003/role/terseLabel"/>
    <link:loc xlink:type="locator" xlink:href="../../c-ross_core_2015-12-31.xsd#c-ross_CounterpartyDefaultRiskCashAndLiquidityManagementInstrumentsBaseRiskFactor" xlink:label="CounterpartyDefaultRiskCashAndLiquidityManagementInstrumentsBaseRiskFactor" xlink:title="CounterpartyDefaultRiskCashAndLiquidityManagementInstrumentsBaseRiskFactor"/>
    <link:presentationArc xlink:type="arc" xlink:arcrole="http://www.xbrl.org/2003/arcrole/parent-child" xlink:from="CounterpartyDefaultRiskCashAndLiquidityManagementInstrumentsLineItems" xlink:to="CounterpartyDefaultRiskCashAndLiquidityManagementInstrumentsBaseRiskFactor" xlink:title="presentation: CounterpartyDefaultRiskCashAndLiquidityManagementInstrumentsLineItems to CounterpartyDefaultRiskCashAndLiquidityManagementInstrumentsBaseRiskFactor" use="optional" order="40.0" preferredLabel="http://www.xbrl.org/2003/role/terseLabel"/>
    <link:loc xlink:type="locator" xlink:href="../../c-ross_core_2015-12-31.xsd#c-ross_CounterpartyDefaultRiskCashAndLiquidityManagementInstrumentsMinimumCapital" xlink:label="CounterpartyDefaultRiskCashAndLiquidityManagementInstrumentsMinimumCapital" xlink:title="CounterpartyDefaultRiskCashAndLiquidityManagementInstrumentsMinimumCapital"/>
    <link:presentationArc xlink:type="arc" xlink:arcrole="http://www.xbrl.org/2003/arcrole/parent-child" xlink:from="CounterpartyDefaultRiskCashAndLiquidityManagementInstrumentsLineItems" xlink:to="CounterpartyDefaultRiskCashAndLiquidityManagementInstrumentsMinimumCapital" xlink:title="presentation: CounterpartyDefaultRiskCashAndLiquidityManagementInstrumentsLineItems to CounterpartyDefaultRiskCashAndLiquidityManagementInstrumentsMinimumCapital" use="optional" order="50.0" preferredLabel="http://www.xbrl.org/2003/role/terseLabel"/>
  </link:presentationLink>
</link:linkbase>
