<?xml version="1.0" encoding="UTF-8"?>

<!--
	Taxonomy: 2015-12-31 (Final)
	**********************
	Copyright © 2015 China Insurance Regulatory Commission.
	All rights reserved.  No part of this publication may be translated, reprinted or reproduced
	or utilised in any form either in whole or in part without prior permission in writing from China Insurance Regulatory Commission.
	  **********************
	-->
<link:linkbase xmlns:xsi="http://www.w3.org/2001/XMLSchema-instance" xsi:schemaLocation="http://www.xbrl.org/2003/linkbase http://www.xbrl.org/2003/xbrl-linkbase-2003-12-31.xsd" xmlns:c-ross="http://xbrl.circ.gov.cn/taxonomy/2015-12-31/c-ross" xmlns:link="http://www.xbrl.org/2003/linkbase" xmlns:q_s_pc_entry_point="http://xbrl.circ.gov.cn/taxonomy/2015-12-31/c-ross/q_s_pc_entry_point" xmlns:xlink="http://www.w3.org/1999/xlink" xmlns:xbrli="http://www.xbrl.org/2003/instance">
  <link:roleRef roleURI="http://www.xbrl.org/2009/role/netLabel" xlink:type="simple" xlink:href="http://www.xbrl.org/lrr/role/net-2009-12-16.xsd#netLabel"/>
  <link:roleRef roleURI="http://xbrl.circ.gov.cn/role/c-ross_2015-12-31_role-3170600" xlink:type="simple" xlink:href="rol_c-ross_8_2015-12-31.xsd#c-ross_2015-12-31-3170600"/>
  <link:roleRef roleURI="http://xbrl.circ.gov.cn/role/c-ross_2015-12-31_role-3170600a" xlink:type="simple" xlink:href="rol_c-ross_8_2015-12-31.xsd#c-ross_2015-12-31-3170600a"/>
  <link:presentationLink xlink:type="extended" xlink:role="http://xbrl.circ.gov.cn/role/c-ross_2015-12-31_role-3170600">
    <link:loc xlink:type="locator" xlink:href="../../c-ross_core_2015-12-31.xsd#c-ross_CounterpartyDefaultRiskAssetSecuritizationProductsAbstract" xlink:label="CounterpartyDefaultRiskAssetSecuritizationProductsAbstract" xlink:title="CounterpartyDefaultRiskAssetSecuritizationProductsAbstract"/>
    <link:loc xlink:type="locator" xlink:href="../../c-ross_core_2015-12-31.xsd#c-ross_CounterpartyDefaultRiskAssetSecuritizationProductsProductName" xlink:label="CounterpartyDefaultRiskAssetSecuritizationProductsProductName" xlink:title="CounterpartyDefaultRiskAssetSecuritizationProductsProductName"/>
    <link:presentationArc xlink:type="arc" xlink:arcrole="http://www.xbrl.org/2003/arcrole/parent-child" xlink:from="CounterpartyDefaultRiskAssetSecuritizationProductsAbstract" xlink:to="CounterpartyDefaultRiskAssetSecuritizationProductsProductName" xlink:title="presentation: CounterpartyDefaultRiskAssetSecuritizationProductsAbstract to CounterpartyDefaultRiskAssetSecuritizationProductsProductName" use="optional" order="10.0" preferredLabel="http://www.xbrl.org/2003/role/terseLabel"/>
    <link:loc xlink:type="locator" xlink:href="../../c-ross_core_2015-12-31.xsd#c-ross_CounterpartyDefaultRiskAssetSecuritizationProductsResidualYears" xlink:label="CounterpartyDefaultRiskAssetSecuritizationProductsResidualYears" xlink:title="CounterpartyDefaultRiskAssetSecuritizationProductsResidualYears"/>
    <link:presentationArc xlink:type="arc" xlink:arcrole="http://www.xbrl.org/2003/arcrole/parent-child" xlink:from="CounterpartyDefaultRiskAssetSecuritizationProductsAbstract" xlink:to="CounterpartyDefaultRiskAssetSecuritizationProductsResidualYears" xlink:title="presentation: CounterpartyDefaultRiskAssetSecuritizationProductsAbstract to CounterpartyDefaultRiskAssetSecuritizationProductsResidualYears" use="optional" order="20.0" preferredLabel="http://www.xbrl.org/2003/role/terseLabel"/>
    <link:loc xlink:type="locator" xlink:href="../../c-ross_core_2015-12-31.xsd#c-ross_CounterpartyDefaultRiskAssetSecuritizationProductsCreditRatingsForAssets" xlink:label="CounterpartyDefaultRiskAssetSecuritizationProductsCreditRatingsForAssets" xlink:title="CounterpartyDefaultRiskAssetSecuritizationProductsCreditRatingsForAssets"/>
    <link:presentationArc xlink:type="arc" xlink:arcrole="http://www.xbrl.org/2003/arcrole/parent-child" xlink:from="CounterpartyDefaultRiskAssetSecuritizationProductsAbstract" xlink:to="CounterpartyDefaultRiskAssetSecuritizationProductsCreditRatingsForAssets" xlink:title="presentation: CounterpartyDefaultRiskAssetSecuritizationProductsAbstract to CounterpartyDefaultRiskAssetSecuritizationProductsCreditRatingsForAssets" use="optional" order="30.0" preferredLabel="http://www.xbrl.org/2003/role/terseLabel"/>
    <link:loc xlink:type="locator" xlink:href="../../c-ross_core_2015-12-31.xsd#c-ross_CounterpartyDefaultRiskAssetSecuritizationProductsAdmittedValue" xlink:label="CounterpartyDefaultRiskAssetSecuritizationProductsAdmittedValue" xlink:title="CounterpartyDefaultRiskAssetSecuritizationProductsAdmittedValue"/>
    <link:presentationArc xlink:type="arc" xlink:arcrole="http://www.xbrl.org/2003/arcrole/parent-child" xlink:from="CounterpartyDefaultRiskAssetSecuritizationProductsAbstract" xlink:to="CounterpartyDefaultRiskAssetSecuritizationProductsAdmittedValue" xlink:title="presentation: CounterpartyDefaultRiskAssetSecuritizationProductsAbstract to CounterpartyDefaultRiskAssetSecuritizationProductsAdmittedValue" use="optional" order="40.0" preferredLabel="http://www.xbrl.org/2003/role/terseLabel"/>
    <link:loc xlink:type="locator" xlink:href="../../c-ross_core_2015-12-31.xsd#c-ross_CounterpartyDefaultRiskAssetSecuritizationProductsInterestReceivable" xlink:label="CounterpartyDefaultRiskAssetSecuritizationProductsInterestReceivable" xlink:title="CounterpartyDefaultRiskAssetSecuritizationProductsInterestReceivable"/>
    <link:presentationArc xlink:type="arc" xlink:arcrole="http://www.xbrl.org/2003/arcrole/parent-child" xlink:from="CounterpartyDefaultRiskAssetSecuritizationProductsAbstract" xlink:to="CounterpartyDefaultRiskAssetSecuritizationProductsInterestReceivable" xlink:title="presentation: CounterpartyDefaultRiskAssetSecuritizationProductsAbstract to CounterpartyDefaultRiskAssetSecuritizationProductsInterestReceivable" use="optional" order="50.0" preferredLabel="http://www.xbrl.org/2003/role/terseLabel"/>
    <link:loc xlink:type="locator" xlink:href="../../c-ross_core_2015-12-31.xsd#c-ross_CounterpartyDefaultRiskAssetSecuritizationProductsRiskExposure" xlink:label="CounterpartyDefaultRiskAssetSecuritizationProductsRiskExposure" xlink:title="CounterpartyDefaultRiskAssetSecuritizationProductsRiskExposure"/>
    <link:presentationArc xlink:type="arc" xlink:arcrole="http://www.xbrl.org/2003/arcrole/parent-child" xlink:from="CounterpartyDefaultRiskAssetSecuritizationProductsAbstract" xlink:to="CounterpartyDefaultRiskAssetSecuritizationProductsRiskExposure" xlink:title="presentation: CounterpartyDefaultRiskAssetSecuritizationProductsAbstract to CounterpartyDefaultRiskAssetSecuritizationProductsRiskExposure" use="optional" order="60.0" preferredLabel="http://www.xbrl.org/2003/role/terseLabel"/>
    <link:loc xlink:type="locator" xlink:href="../../c-ross_core_2015-12-31.xsd#c-ross_CounterpartyDefaultRiskAssetSecuritizationProductsBaseRiskFactor" xlink:label="CounterpartyDefaultRiskAssetSecuritizationProductsBaseRiskFactor" xlink:title="CounterpartyDefaultRiskAssetSecuritizationProductsBaseRiskFactor"/>
    <link:presentationArc xlink:type="arc" xlink:arcrole="http://www.xbrl.org/2003/arcrole/parent-child" xlink:from="CounterpartyDefaultRiskAssetSecuritizationProductsAbstract" xlink:to="CounterpartyDefaultRiskAssetSecuritizationProductsBaseRiskFactor" xlink:title="presentation: CounterpartyDefaultRiskAssetSecuritizationProductsAbstract to CounterpartyDefaultRiskAssetSecuritizationProductsBaseRiskFactor" use="optional" order="70.0" preferredLabel="http://www.xbrl.org/2003/role/terseLabel"/>
    <link:loc xlink:type="locator" xlink:href="../../c-ross_core_2015-12-31.xsd#c-ross_CounterpartyDefaultRiskAssetSecuritizationProductsMinimumCapital" xlink:label="CounterpartyDefaultRiskAssetSecuritizationProductsMinimumCapital" xlink:title="CounterpartyDefaultRiskAssetSecuritizationProductsMinimumCapital"/>
    <link:presentationArc xlink:type="arc" xlink:arcrole="http://www.xbrl.org/2003/arcrole/parent-child" xlink:from="CounterpartyDefaultRiskAssetSecuritizationProductsAbstract" xlink:to="CounterpartyDefaultRiskAssetSecuritizationProductsMinimumCapital" xlink:title="presentation: CounterpartyDefaultRiskAssetSecuritizationProductsAbstract to CounterpartyDefaultRiskAssetSecuritizationProductsMinimumCapital" use="optional" order="80.0" preferredLabel="http://www.xbrl.org/2003/role/terseLabel"/>
  </link:presentationLink>
  <link:presentationLink xlink:type="extended" xlink:role="http://xbrl.circ.gov.cn/role/c-ross_2015-12-31_role-3170600a">
    <link:loc xlink:type="locator" xlink:href="../../c-ross_core_2015-12-31.xsd#c-ross_CounterpartyDefaultRiskAssetSecuritizationProductsDetailsAbstract" xlink:label="CounterpartyDefaultRiskAssetSecuritizationProductsDetailsAbstract" xlink:title="CounterpartyDefaultRiskAssetSecuritizationProductsDetailsAbstract"/>
    <link:loc xlink:type="locator" xlink:href="../../c-ross_core_2015-12-31.xsd#c-ross_CounterpartyDefaultRiskAssetSecuritizationProductsTable" xlink:label="CounterpartyDefaultRiskAssetSecuritizationProductsTable" xlink:title="CounterpartyDefaultRiskAssetSecuritizationProductsTable"/>
    <link:presentationArc xlink:type="arc" xlink:arcrole="http://www.xbrl.org/2003/arcrole/parent-child" xlink:from="CounterpartyDefaultRiskAssetSecuritizationProductsDetailsAbstract" xlink:to="CounterpartyDefaultRiskAssetSecuritizationProductsTable" xlink:title="presentation: CounterpartyDefaultRiskAssetSecuritizationProductsDetailsAbstract to CounterpartyDefaultRiskAssetSecuritizationProductsTable" use="optional" order="10.0" preferredLabel="http://www.xbrl.org/2003/role/label"/>
    <link:loc xlink:type="locator" xlink:href="../../c-ross_core_2015-12-31.xsd#c-ross_CounterpartyDefaultRiskAssetSecuritizationProductsLineNumberAxis" xlink:label="CounterpartyDefaultRiskAssetSecuritizationProductsLineNumberAxis" xlink:title="CounterpartyDefaultRiskAssetSecuritizationProductsLineNumberAxis"/>
    <link:presentationArc xlink:type="arc" xlink:arcrole="http://www.xbrl.org/2003/arcrole/parent-child" xlink:from="CounterpartyDefaultRiskAssetSecuritizationProductsTable" xlink:to="CounterpartyDefaultRiskAssetSecuritizationProductsLineNumberAxis" xlink:title="presentation: CounterpartyDefaultRiskAssetSecuritizationProductsTable to CounterpartyDefaultRiskAssetSecuritizationProductsLineNumberAxis" use="optional" order="10.0" preferredLabel="http://www.xbrl.org/2003/role/terseLabel"/>
    <link:loc xlink:type="locator" xlink:href="../../c-ross_core_2015-12-31.xsd#c-ross_CounterpartyDefaultRiskAssetSecuritizationProductsLineItems" xlink:label="CounterpartyDefaultRiskAssetSecuritizationProductsLineItems" xlink:title="CounterpartyDefaultRiskAssetSecuritizationProductsLineItems"/>
    <link:presentationArc xlink:type="arc" xlink:arcrole="http://www.xbrl.org/2003/arcrole/parent-child" xlink:from="CounterpartyDefaultRiskAssetSecuritizationProductsDetailsAbstract" xlink:to="CounterpartyDefaultRiskAssetSecuritizationProductsLineItems" xlink:title="presentation: CounterpartyDefaultRiskAssetSecuritizationProductsDetailsAbstract to CounterpartyDefaultRiskAssetSecuritizationProductsLineItems" use="optional" order="20.0" preferredLabel="http://www.xbrl.org/2003/role/label"/>
    <link:loc xlink:type="locator" xlink:href="../../c-ross_core_2015-12-31.xsd#c-ross_CounterpartyDefaultRiskAssetSecuritizationProductsProductName" xlink:label="CounterpartyDefaultRiskAssetSecuritizationProductsProductName" xlink:title="CounterpartyDefaultRiskAssetSecuritizationProductsProductName"/>
    <link:presentationArc xlink:type="arc" xlink:arcrole="http://www.xbrl.org/2003/arcrole/parent-child" xlink:from="CounterpartyDefaultRiskAssetSecuritizationProductsLineItems" xlink:to="CounterpartyDefaultRiskAssetSecuritizationProductsProductName" xlink:title="presentation: CounterpartyDefaultRiskAssetSecuritizationProductsLineItems to CounterpartyDefaultRiskAssetSecuritizationProductsProductName" use="optional" order="10.0" preferredLabel="http://www.xbrl.org/2003/role/terseLabel"/>
    <link:loc xlink:type="locator" xlink:href="../../c-ross_core_2015-12-31.xsd#c-ross_CounterpartyDefaultRiskAssetSecuritizationProductsResidualYears" xlink:label="CounterpartyDefaultRiskAssetSecuritizationProductsResidualYears" xlink:title="CounterpartyDefaultRiskAssetSecuritizationProductsResidualYears"/>
    <link:presentationArc xlink:type="arc" xlink:arcrole="http://www.xbrl.org/2003/arcrole/parent-child" xlink:from="CounterpartyDefaultRiskAssetSecuritizationProductsLineItems" xlink:to="CounterpartyDefaultRiskAssetSecuritizationProductsResidualYears" xlink:title="presentation: CounterpartyDefaultRiskAssetSecuritizationProductsLineItems to CounterpartyDefaultRiskAssetSecuritizationProductsResidualYears" use="optional" order="20.0" preferredLabel="http://www.xbrl.org/2003/role/terseLabel"/>
    <link:loc xlink:type="locator" xlink:href="../../c-ross_core_2015-12-31.xsd#c-ross_CounterpartyDefaultRiskAssetSecuritizationProductsCreditRatingsForAssets" xlink:label="CounterpartyDefaultRiskAssetSecuritizationProductsCreditRatingsForAssets" xlink:title="CounterpartyDefaultRiskAssetSecuritizationProductsCreditRatingsForAssets"/>
    <link:presentationArc xlink:type="arc" xlink:arcrole="http://www.xbrl.org/2003/arcrole/parent-child" xlink:from="CounterpartyDefaultRiskAssetSecuritizationProductsLineItems" xlink:to="CounterpartyDefaultRiskAssetSecuritizationProductsCreditRatingsForAssets" xlink:title="presentation: CounterpartyDefaultRiskAssetSecuritizationProductsLineItems to CounterpartyDefaultRiskAssetSecuritizationProductsCreditRatingsForAssets" use="optional" order="30.0" preferredLabel="http://www.xbrl.org/2003/role/terseLabel"/>
    <link:loc xlink:type="locator" xlink:href="../../c-ross_core_2015-12-31.xsd#c-ross_CounterpartyDefaultRiskAssetSecuritizationProductsAdmittedValue" xlink:label="CounterpartyDefaultRiskAssetSecuritizationProductsAdmittedValue" xlink:title="CounterpartyDefaultRiskAssetSecuritizationProductsAdmittedValue"/>
    <link:presentationArc xlink:type="arc" xlink:arcrole="http://www.xbrl.org/2003/arcrole/parent-child" xlink:from="CounterpartyDefaultRiskAssetSecuritizationProductsLineItems" xlink:to="CounterpartyDefaultRiskAssetSecuritizationProductsAdmittedValue" xlink:title="presentation: CounterpartyDefaultRiskAssetSecuritizationProductsLineItems to CounterpartyDefaultRiskAssetSecuritizationProductsAdmittedValue" use="optional" order="40.0" preferredLabel="http://www.xbrl.org/2003/role/terseLabel"/>
    <link:loc xlink:type="locator" xlink:href="../../c-ross_core_2015-12-31.xsd#c-ross_CounterpartyDefaultRiskAssetSecuritizationProductsInterestReceivable" xlink:label="CounterpartyDefaultRiskAssetSecuritizationProductsInterestReceivable" xlink:title="CounterpartyDefaultRiskAssetSecuritizationProductsInterestReceivable"/>
    <link:presentationArc xlink:type="arc" xlink:arcrole="http://www.xbrl.org/2003/arcrole/parent-child" xlink:from="CounterpartyDefaultRiskAssetSecuritizationProductsLineItems" xlink:to="CounterpartyDefaultRiskAssetSecuritizationProductsInterestReceivable" xlink:title="presentation: CounterpartyDefaultRiskAssetSecuritizationProductsLineItems to CounterpartyDefaultRiskAssetSecuritizationProductsInterestReceivable" use="optional" order="50.0" preferredLabel="http://www.xbrl.org/2003/role/terseLabel"/>
    <link:loc xlink:type="locator" xlink:href="../../c-ross_core_2015-12-31.xsd#c-ross_CounterpartyDefaultRiskAssetSecuritizationProductsRiskExposure" xlink:label="CounterpartyDefaultRiskAssetSecuritizationProductsRiskExposure" xlink:title="CounterpartyDefaultRiskAssetSecuritizationProductsRiskExposure"/>
    <link:presentationArc xlink:type="arc" xlink:arcrole="http://www.xbrl.org/2003/arcrole/parent-child" xlink:from="CounterpartyDefaultRiskAssetSecuritizationProductsLineItems" xlink:to="CounterpartyDefaultRiskAssetSecuritizationProductsRiskExposure" xlink:title="presentation: CounterpartyDefaultRiskAssetSecuritizationProductsLineItems to CounterpartyDefaultRiskAssetSecuritizationProductsRiskExposure" use="optional" order="60.0" preferredLabel="http://www.xbrl.org/2003/role/terseLabel"/>
    <link:loc xlink:type="locator" xlink:href="../../c-ross_core_2015-12-31.xsd#c-ross_CounterpartyDefaultRiskAssetSecuritizationProductsBaseRiskFactor" xlink:label="CounterpartyDefaultRiskAssetSecuritizationProductsBaseRiskFactor" xlink:title="CounterpartyDefaultRiskAssetSecuritizationProductsBaseRiskFactor"/>
    <link:presentationArc xlink:type="arc" xlink:arcrole="http://www.xbrl.org/2003/arcrole/parent-child" xlink:from="CounterpartyDefaultRiskAssetSecuritizationProductsLineItems" xlink:to="CounterpartyDefaultRiskAssetSecuritizationProductsBaseRiskFactor" xlink:title="presentation: CounterpartyDefaultRiskAssetSecuritizationProductsLineItems to CounterpartyDefaultRiskAssetSecuritizationProductsBaseRiskFactor" use="optional" order="70.0" preferredLabel="http://www.xbrl.org/2003/role/terseLabel"/>
    <link:loc xlink:type="locator" xlink:href="../../c-ross_core_2015-12-31.xsd#c-ross_CounterpartyDefaultRiskAssetSecuritizationProductsMinimumCapital" xlink:label="CounterpartyDefaultRiskAssetSecuritizationProductsMinimumCapital" xlink:title="CounterpartyDefaultRiskAssetSecuritizationProductsMinimumCapital"/>
    <link:presentationArc xlink:type="arc" xlink:arcrole="http://www.xbrl.org/2003/arcrole/parent-child" xlink:from="CounterpartyDefaultRiskAssetSecuritizationProductsLineItems" xlink:to="CounterpartyDefaultRiskAssetSecuritizationProductsMinimumCapital" xlink:title="presentation: CounterpartyDefaultRiskAssetSecuritizationProductsLineItems to CounterpartyDefaultRiskAssetSecuritizationProductsMinimumCapital" use="optional" order="80.0" preferredLabel="http://www.xbrl.org/2003/role/terseLabel"/>
  </link:presentationLink>
</link:linkbase>
