<?xml version="1.0" encoding="UTF-8"?>

<!--
	Taxonomy: 2015-12-31 (Final)
	**********************
	Copyright © 2015 China Insurance Regulatory Commission.
	All rights reserved.  No part of this publication may be translated, reprinted or reproduced
	or utilised in any form either in whole or in part without prior permission in writing from China Insurance Regulatory Commission.
	  **********************
	-->
<link:linkbase xmlns:xsi="http://www.w3.org/2001/XMLSchema-instance" xsi:schemaLocation="http://www.xbrl.org/2003/linkbase http://www.xbrl.org/2003/xbrl-linkbase-2003-12-31.xsd" xmlns:c-ross="http://xbrl.circ.gov.cn/taxonomy/2015-12-31/c-ross" xmlns:link="http://www.xbrl.org/2003/linkbase" xmlns:q_s_pc_entry_point="http://xbrl.circ.gov.cn/taxonomy/2015-12-31/c-ross/q_s_pc_entry_point" xmlns:xlink="http://www.w3.org/1999/xlink" xmlns:xbrli="http://www.xbrl.org/2003/instance">
  <link:roleRef roleURI="http://www.xbrl.org/2009/role/netLabel" xlink:type="simple" xlink:href="http://www.xbrl.org/lrr/role/net-2009-12-16.xsd#netLabel"/>
  <link:roleRef roleURI="http://xbrl.circ.gov.cn/role/c-ross_2015-12-31_role-3170800" xlink:type="simple" xlink:href="rol_c-ross_8_2015-12-31.xsd#c-ross_2015-12-31-3170800"/>
  <link:roleRef roleURI="http://xbrl.circ.gov.cn/role/c-ross_2015-12-31_role-3170800a" xlink:type="simple" xlink:href="rol_c-ross_8_2015-12-31.xsd#c-ross_2015-12-31-3170800a"/>
  <link:roleRef roleURI="http://xbrl.circ.gov.cn/role/c-ross_2015-12-31_role-3170800b" xlink:type="simple" xlink:href="rol_c-ross_8_2015-12-31.xsd#c-ross_2015-12-31-3170800b"/>
  <link:presentationLink xlink:type="extended" xlink:role="http://xbrl.circ.gov.cn/role/c-ross_2015-12-31_role-3170800">
    <link:loc xlink:type="locator" xlink:href="../../c-ross_core_2015-12-31.xsd#c-ross_CounterpartyDefaultRiskTrustPlansAbstract" xlink:label="CounterpartyDefaultRiskTrustPlansAbstract" xlink:title="CounterpartyDefaultRiskTrustPlansAbstract"/>
    <link:loc xlink:type="locator" xlink:href="../../c-ross_core_2015-12-31.xsd#c-ross_CounterpartyDefaultRiskTrustPlansTable" xlink:label="CounterpartyDefaultRiskTrustPlansTable" xlink:title="CounterpartyDefaultRiskTrustPlansTable"/>
    <link:presentationArc xlink:type="arc" xlink:arcrole="http://www.xbrl.org/2003/arcrole/parent-child" xlink:from="CounterpartyDefaultRiskTrustPlansAbstract" xlink:to="CounterpartyDefaultRiskTrustPlansTable" xlink:title="presentation: CounterpartyDefaultRiskTrustPlansAbstract to CounterpartyDefaultRiskTrustPlansTable" use="optional" order="10.0" preferredLabel="http://www.xbrl.org/2003/role/label"/>
    <link:loc xlink:type="locator" xlink:href="../../c-ross_core_2015-12-31.xsd#c-ross_WhetherOrNotCanTrustPlansBeLookedThroughAxis" xlink:label="WhetherOrNotCanTrustPlansBeLookedThroughAxis" xlink:title="WhetherOrNotCanTrustPlansBeLookedThroughAxis"/>
    <link:presentationArc xlink:type="arc" xlink:arcrole="http://www.xbrl.org/2003/arcrole/parent-child" xlink:from="CounterpartyDefaultRiskTrustPlansTable" xlink:to="WhetherOrNotCanTrustPlansBeLookedThroughAxis" xlink:title="presentation: CounterpartyDefaultRiskTrustPlansTable to WhetherOrNotCanTrustPlansBeLookedThroughAxis" use="optional" order="10.0" preferredLabel="http://www.xbrl.org/2003/role/label"/>
    <link:loc xlink:type="locator" xlink:href="../../c-ross_core_2015-12-31.xsd#c-ross_WhetherOrNotCanTrustPlansBeLookedThroughMember" xlink:label="WhetherOrNotCanTrustPlansBeLookedThroughMember" xlink:title="WhetherOrNotCanTrustPlansBeLookedThroughMember"/>
    <link:presentationArc xlink:type="arc" xlink:arcrole="http://www.xbrl.org/2003/arcrole/parent-child" xlink:from="WhetherOrNotCanTrustPlansBeLookedThroughAxis" xlink:to="WhetherOrNotCanTrustPlansBeLookedThroughMember" xlink:title="presentation: WhetherOrNotCanTrustPlansBeLookedThroughAxis to WhetherOrNotCanTrustPlansBeLookedThroughMember" use="optional" order="10.0" preferredLabel="http://www.xbrl.org/2003/role/label"/>
    <link:loc xlink:type="locator" xlink:href="../../c-ross_core_2015-12-31.xsd#c-ross_AbleToBeLookedThroughMember" xlink:label="AbleToBeLookedThroughMember" xlink:title="AbleToBeLookedThroughMember"/>
    <link:presentationArc xlink:type="arc" xlink:arcrole="http://www.xbrl.org/2003/arcrole/parent-child" xlink:from="WhetherOrNotCanTrustPlansBeLookedThroughMember" xlink:to="AbleToBeLookedThroughMember" xlink:title="presentation: WhetherOrNotCanTrustPlansBeLookedThroughMember to AbleToBeLookedThroughMember" use="optional" order="10.0" preferredLabel="http://www.xbrl.org/2003/role/label"/>
    <link:loc xlink:type="locator" xlink:href="../../c-ross_core_2015-12-31.xsd#c-ross_UnableToBeLookedThroughMember" xlink:label="UnableToBeLookedThroughMember" xlink:title="UnableToBeLookedThroughMember"/>
    <link:presentationArc xlink:type="arc" xlink:arcrole="http://www.xbrl.org/2003/arcrole/parent-child" xlink:from="WhetherOrNotCanTrustPlansBeLookedThroughMember" xlink:to="UnableToBeLookedThroughMember" xlink:title="presentation: WhetherOrNotCanTrustPlansBeLookedThroughMember to UnableToBeLookedThroughMember" use="optional" order="20.0" preferredLabel="http://www.xbrl.org/2003/role/label"/>
    <link:loc xlink:type="locator" xlink:href="../../c-ross_core_2015-12-31.xsd#c-ross_CounterpartyDefaultRiskTrustPlansLineItems" xlink:label="CounterpartyDefaultRiskTrustPlansLineItems" xlink:title="CounterpartyDefaultRiskTrustPlansLineItems"/>
    <link:presentationArc xlink:type="arc" xlink:arcrole="http://www.xbrl.org/2003/arcrole/parent-child" xlink:from="CounterpartyDefaultRiskTrustPlansAbstract" xlink:to="CounterpartyDefaultRiskTrustPlansLineItems" xlink:title="presentation: CounterpartyDefaultRiskTrustPlansAbstract to CounterpartyDefaultRiskTrustPlansLineItems" use="optional" order="20.0" preferredLabel="http://www.xbrl.org/2003/role/label"/>
    <link:loc xlink:type="locator" xlink:href="../../c-ross_core_2015-12-31.xsd#c-ross_CounterpartyDefaultRiskTrustPlansProductName" xlink:label="CounterpartyDefaultRiskTrustPlansAssetName" xlink:title="CounterpartyDefaultRiskTrustPlansAssetName"/>
    <link:presentationArc xlink:type="arc" xlink:arcrole="http://www.xbrl.org/2003/arcrole/parent-child" xlink:from="CounterpartyDefaultRiskTrustPlansLineItems" xlink:to="CounterpartyDefaultRiskTrustPlansAssetName" xlink:title="presentation: CounterpartyDefaultRiskTrustPlansLineItems to CounterpartyDefaultRiskTrustPlansAssetName" use="optional" order="10.0" preferredLabel="http://www.xbrl.org/2003/role/terseLabel"/>
    <link:loc xlink:type="locator" xlink:href="../../c-ross_core_2015-12-31.xsd#c-ross_CounterpartyDefaultRiskTrustPlansCreditRatingsForAssets" xlink:label="CounterpartyDefaultRiskTrustPlansCreditRatingsForAssets" xlink:title="CounterpartyDefaultRiskTrustPlansCreditRatingsForAssets"/>
    <link:presentationArc xlink:type="arc" xlink:arcrole="http://www.xbrl.org/2003/arcrole/parent-child" xlink:from="CounterpartyDefaultRiskTrustPlansLineItems" xlink:to="CounterpartyDefaultRiskTrustPlansCreditRatingsForAssets" xlink:title="presentation: CounterpartyDefaultRiskTrustPlansLineItems to CounterpartyDefaultRiskTrustPlansCreditRatingsForAssets" use="optional" order="20.0" preferredLabel="http://www.xbrl.org/2003/role/terseLabel"/>
    <link:loc xlink:type="locator" xlink:href="../../c-ross_core_2015-12-31.xsd#c-ross_CounterpartyDefaultRiskTrustPlansIssuer" xlink:label="CounterpartyDefaultRiskTrustPlansIssuer" xlink:title="CounterpartyDefaultRiskTrustPlansIssuer"/>
    <link:presentationArc xlink:type="arc" xlink:arcrole="http://www.xbrl.org/2003/arcrole/parent-child" xlink:from="CounterpartyDefaultRiskTrustPlansLineItems" xlink:to="CounterpartyDefaultRiskTrustPlansIssuer" xlink:title="presentation: CounterpartyDefaultRiskTrustPlansLineItems to CounterpartyDefaultRiskTrustPlansIssuer" use="optional" order="30.0" preferredLabel="http://www.xbrl.org/2003/role/terseLabel"/>
    <link:loc xlink:type="locator" xlink:href="../../c-ross_core_2015-12-31.xsd#c-ross_CounterpartyDefaultRiskTrustPlansCreditRatingOfIssuer" xlink:label="CounterpartyDefaultRiskTrustPlansCreditRatingOfIssuer" xlink:title="CounterpartyDefaultRiskTrustPlansCreditRatingOfIssuer"/>
    <link:presentationArc xlink:type="arc" xlink:arcrole="http://www.xbrl.org/2003/arcrole/parent-child" xlink:from="CounterpartyDefaultRiskTrustPlansLineItems" xlink:to="CounterpartyDefaultRiskTrustPlansCreditRatingOfIssuer" xlink:title="presentation: CounterpartyDefaultRiskTrustPlansLineItems to CounterpartyDefaultRiskTrustPlansCreditRatingOfIssuer" use="optional" order="40.0" preferredLabel="http://www.xbrl.org/2003/role/terseLabel"/>
    <link:loc xlink:type="locator" xlink:href="../../c-ross_core_2015-12-31.xsd#c-ross_CounterpartyDefaultRiskTrustPlansAdmittedValue" xlink:label="CounterpartyDefaultRiskTrustPlansAdmittedValue" xlink:title="CounterpartyDefaultRiskTrustPlansAdmittedValue"/>
    <link:presentationArc xlink:type="arc" xlink:arcrole="http://www.xbrl.org/2003/arcrole/parent-child" xlink:from="CounterpartyDefaultRiskTrustPlansLineItems" xlink:to="CounterpartyDefaultRiskTrustPlansAdmittedValue" xlink:title="presentation: CounterpartyDefaultRiskTrustPlansLineItems to CounterpartyDefaultRiskTrustPlansAdmittedValue" use="optional" order="50.0" preferredLabel="http://www.xbrl.org/2003/role/terseLabel"/>
    <link:loc xlink:type="locator" xlink:href="../../c-ross_core_2015-12-31.xsd#c-ross_CounterpartyDefaultRiskTrustPlansInterestReceivable" xlink:label="CounterpartyDefaultRiskTrustPlansInterestReceivable" xlink:title="CounterpartyDefaultRiskTrustPlansInterestReceivable"/>
    <link:presentationArc xlink:type="arc" xlink:arcrole="http://www.xbrl.org/2003/arcrole/parent-child" xlink:from="CounterpartyDefaultRiskTrustPlansLineItems" xlink:to="CounterpartyDefaultRiskTrustPlansInterestReceivable" xlink:title="presentation: CounterpartyDefaultRiskTrustPlansLineItems to CounterpartyDefaultRiskTrustPlansInterestReceivable" use="optional" order="60.0" preferredLabel="http://www.xbrl.org/2003/role/terseLabel"/>
    <link:loc xlink:type="locator" xlink:href="../../c-ross_core_2015-12-31.xsd#c-ross_CounterpartyDefaultRiskTrustPlansRiskExposure" xlink:label="CounterpartyDefaultRiskTrustPlansRiskExposure" xlink:title="CounterpartyDefaultRiskTrustPlansRiskExposure"/>
    <link:presentationArc xlink:type="arc" xlink:arcrole="http://www.xbrl.org/2003/arcrole/parent-child" xlink:from="CounterpartyDefaultRiskTrustPlansLineItems" xlink:to="CounterpartyDefaultRiskTrustPlansRiskExposure" xlink:title="presentation: CounterpartyDefaultRiskTrustPlansLineItems to CounterpartyDefaultRiskTrustPlansRiskExposure" use="optional" order="70.0" preferredLabel="http://www.xbrl.org/2003/role/terseLabel"/>
    <link:loc xlink:type="locator" xlink:href="../../c-ross_core_2015-12-31.xsd#c-ross_CounterpartyDefaultRiskTrustPlansBaseRiskFactor" xlink:label="CounterpartyDefaultRiskTrustPlansBaseRiskFactor" xlink:title="CounterpartyDefaultRiskTrustPlansBaseRiskFactor"/>
    <link:presentationArc xlink:type="arc" xlink:arcrole="http://www.xbrl.org/2003/arcrole/parent-child" xlink:from="CounterpartyDefaultRiskTrustPlansLineItems" xlink:to="CounterpartyDefaultRiskTrustPlansBaseRiskFactor" xlink:title="presentation: CounterpartyDefaultRiskTrustPlansLineItems to CounterpartyDefaultRiskTrustPlansBaseRiskFactor" use="optional" order="80.0" preferredLabel="http://www.xbrl.org/2003/role/terseLabel"/>
    <link:loc xlink:type="locator" xlink:href="../../c-ross_core_2015-12-31.xsd#c-ross_CounterpartyDefaultRiskTrustPlansRiskFactorOne" xlink:label="CounterpartyDefaultRiskTrustPlansRiskFactorOne" xlink:title="CounterpartyDefaultRiskTrustPlansRiskFactorOne"/>
    <link:presentationArc xlink:type="arc" xlink:arcrole="http://www.xbrl.org/2003/arcrole/parent-child" xlink:from="CounterpartyDefaultRiskTrustPlansLineItems" xlink:to="CounterpartyDefaultRiskTrustPlansRiskFactorOne" xlink:title="presentation: CounterpartyDefaultRiskTrustPlansLineItems to CounterpartyDefaultRiskTrustPlansRiskFactorOne" use="optional" order="90.0" preferredLabel="http://www.xbrl.org/2003/role/terseLabel"/>
    <link:loc xlink:type="locator" xlink:href="../../c-ross_core_2015-12-31.xsd#c-ross_CounterpartyDefaultRiskTrustPlansRiskFactorTwo" xlink:label="CounterpartyDefaultRiskTrustPlansRiskFactorTwo" xlink:title="CounterpartyDefaultRiskTrustPlansRiskFactorTwo"/>
    <link:presentationArc xlink:type="arc" xlink:arcrole="http://www.xbrl.org/2003/arcrole/parent-child" xlink:from="CounterpartyDefaultRiskTrustPlansLineItems" xlink:to="CounterpartyDefaultRiskTrustPlansRiskFactorTwo" xlink:title="presentation: CounterpartyDefaultRiskTrustPlansLineItems to CounterpartyDefaultRiskTrustPlansRiskFactorTwo" use="optional" order="100.0" preferredLabel="http://www.xbrl.org/2003/role/terseLabel"/>
    <link:loc xlink:type="locator" xlink:href="../../c-ross_core_2015-12-31.xsd#c-ross_CounterpartyDefaultRiskTrustPlansMinimumCapital" xlink:label="CounterpartyDefaultRiskTrustPlansMinimumCapital" xlink:title="CounterpartyDefaultRiskTrustPlansMinimumCapital"/>
    <link:presentationArc xlink:type="arc" xlink:arcrole="http://www.xbrl.org/2003/arcrole/parent-child" xlink:from="CounterpartyDefaultRiskTrustPlansLineItems" xlink:to="CounterpartyDefaultRiskTrustPlansMinimumCapital" xlink:title="presentation: CounterpartyDefaultRiskTrustPlansLineItems to CounterpartyDefaultRiskTrustPlansMinimumCapital" use="optional" order="110.0" preferredLabel="http://www.xbrl.org/2003/role/terseLabel"/>
  </link:presentationLink>
  <link:presentationLink xlink:type="extended" xlink:role="http://xbrl.circ.gov.cn/role/c-ross_2015-12-31_role-3170800a">
    <link:loc xlink:type="locator" xlink:href="../../c-ross_core_2015-12-31.xsd#c-ross_CounterpartyDefaultRiskTrustPlansTable" xlink:label="CounterpartyDefaultRiskTrustPlansTable" xlink:title="CounterpartyDefaultRiskTrustPlansTable"/>
    <link:loc xlink:type="locator" xlink:href="../../c-ross_core_2015-12-31.xsd#c-ross_WhetherOrNotCanTrustPlansBeLookedThroughAxis" xlink:label="WhetherOrNotCanTrustPlansBeLookedThroughAxis" xlink:title="WhetherOrNotCanTrustPlansBeLookedThroughAxis"/>
    <link:presentationArc xlink:type="arc" xlink:arcrole="http://www.xbrl.org/2003/arcrole/parent-child" xlink:from="CounterpartyDefaultRiskTrustPlansTable" xlink:to="WhetherOrNotCanTrustPlansBeLookedThroughAxis" xlink:title="presentation: CounterpartyDefaultRiskTrustPlansTable to WhetherOrNotCanTrustPlansBeLookedThroughAxis" use="optional" order="10.0" preferredLabel="http://www.xbrl.org/2003/role/label"/>
    <link:loc xlink:type="locator" xlink:href="../../c-ross_core_2015-12-31.xsd#c-ross_WhetherOrNotCanTrustPlansBeLookedThroughMember" xlink:label="WhetherOrNotCanTrustPlansBeLookedThroughMember" xlink:title="WhetherOrNotCanTrustPlansBeLookedThroughMember"/>
    <link:presentationArc xlink:type="arc" xlink:arcrole="http://www.xbrl.org/2003/arcrole/parent-child" xlink:from="WhetherOrNotCanTrustPlansBeLookedThroughAxis" xlink:to="WhetherOrNotCanTrustPlansBeLookedThroughMember" xlink:title="presentation: WhetherOrNotCanTrustPlansBeLookedThroughAxis to WhetherOrNotCanTrustPlansBeLookedThroughMember" use="optional" order="10.0" preferredLabel="http://www.xbrl.org/2003/role/label"/>
    <link:loc xlink:type="locator" xlink:href="../../c-ross_core_2015-12-31.xsd#c-ross_AbleToBeLookedThroughMember" xlink:label="AbleToBeLookedThroughMember" xlink:title="AbleToBeLookedThroughMember"/>
    <link:presentationArc xlink:type="arc" xlink:arcrole="http://www.xbrl.org/2003/arcrole/parent-child" xlink:from="WhetherOrNotCanTrustPlansBeLookedThroughMember" xlink:to="AbleToBeLookedThroughMember" xlink:title="presentation: WhetherOrNotCanTrustPlansBeLookedThroughMember to AbleToBeLookedThroughMember" use="optional" order="10.0" preferredLabel="http://www.xbrl.org/2003/role/label"/>
    <link:loc xlink:type="locator" xlink:href="../../c-ross_core_2015-12-31.xsd#c-ross_CounterpartyDefaultRiskTrustPlansThatCanBeLookedThroughLineNumberAxis" xlink:label="CounterpartyDefaultRiskTrustPlansThatCanBeLookedThroughLineNumberAxis" xlink:title="CounterpartyDefaultRiskTrustPlansThatCanBeLookedThroughLineNumberAxis"/>
    <link:presentationArc xlink:type="arc" xlink:arcrole="http://www.xbrl.org/2003/arcrole/parent-child" xlink:from="CounterpartyDefaultRiskTrustPlansTable" xlink:to="CounterpartyDefaultRiskTrustPlansThatCanBeLookedThroughLineNumberAxis" xlink:title="presentation: CounterpartyDefaultRiskTrustPlansTable to CounterpartyDefaultRiskTrustPlansThatCanBeLookedThroughLineNumberAxis" use="optional" order="20.0" preferredLabel="http://www.xbrl.org/2003/role/terseLabel"/>
    <link:loc xlink:type="locator" xlink:href="../../c-ross_core_2015-12-31.xsd#c-ross_CounterpartyDefaultRiskTrustPlansLineItems" xlink:label="CounterpartyDefaultRiskTrustPlansLineItems" xlink:title="CounterpartyDefaultRiskTrustPlansLineItems"/>
    <link:loc xlink:type="locator" xlink:href="../../c-ross_core_2015-12-31.xsd#c-ross_CounterpartyDefaultRiskTrustPlansProductName" xlink:label="CounterpartyDefaultRiskTrustPlansAssetName" xlink:title="CounterpartyDefaultRiskTrustPlansAssetName"/>
    <link:presentationArc xlink:type="arc" xlink:arcrole="http://www.xbrl.org/2003/arcrole/parent-child" xlink:from="CounterpartyDefaultRiskTrustPlansLineItems" xlink:to="CounterpartyDefaultRiskTrustPlansAssetName" xlink:title="presentation: CounterpartyDefaultRiskTrustPlansLineItems to CounterpartyDefaultRiskTrustPlansAssetName" use="optional" order="10.0" preferredLabel="http://www.xbrl.org/2003/role/terseLabel"/>
    <link:loc xlink:type="locator" xlink:href="../../c-ross_core_2015-12-31.xsd#c-ross_CounterpartyDefaultRiskTrustPlansCreditRatingsForAssets" xlink:label="CounterpartyDefaultRiskTrustPlansCreditRatingsForAssets" xlink:title="CounterpartyDefaultRiskTrustPlansCreditRatingsForAssets"/>
    <link:presentationArc xlink:type="arc" xlink:arcrole="http://www.xbrl.org/2003/arcrole/parent-child" xlink:from="CounterpartyDefaultRiskTrustPlansLineItems" xlink:to="CounterpartyDefaultRiskTrustPlansCreditRatingsForAssets" xlink:title="presentation: CounterpartyDefaultRiskTrustPlansLineItems to CounterpartyDefaultRiskTrustPlansCreditRatingsForAssets" use="optional" order="20.0" preferredLabel="http://www.xbrl.org/2003/role/terseLabel"/>
    <link:loc xlink:type="locator" xlink:href="../../c-ross_core_2015-12-31.xsd#c-ross_CounterpartyDefaultRiskTrustPlansIssuer" xlink:label="CounterpartyDefaultRiskTrustPlansIssuer" xlink:title="CounterpartyDefaultRiskTrustPlansIssuer"/>
    <link:presentationArc xlink:type="arc" xlink:arcrole="http://www.xbrl.org/2003/arcrole/parent-child" xlink:from="CounterpartyDefaultRiskTrustPlansLineItems" xlink:to="CounterpartyDefaultRiskTrustPlansIssuer" xlink:title="presentation: CounterpartyDefaultRiskTrustPlansLineItems to CounterpartyDefaultRiskTrustPlansIssuer" use="optional" order="30.0" preferredLabel="http://www.xbrl.org/2003/role/terseLabel"/>
    <link:loc xlink:type="locator" xlink:href="../../c-ross_core_2015-12-31.xsd#c-ross_CounterpartyDefaultRiskTrustPlansCreditRatingOfIssuer" xlink:label="CounterpartyDefaultRiskTrustPlansCreditRatingOfIssuer" xlink:title="CounterpartyDefaultRiskTrustPlansCreditRatingOfIssuer"/>
    <link:presentationArc xlink:type="arc" xlink:arcrole="http://www.xbrl.org/2003/arcrole/parent-child" xlink:from="CounterpartyDefaultRiskTrustPlansLineItems" xlink:to="CounterpartyDefaultRiskTrustPlansCreditRatingOfIssuer" xlink:title="presentation: CounterpartyDefaultRiskTrustPlansLineItems to CounterpartyDefaultRiskTrustPlansCreditRatingOfIssuer" use="optional" order="40.0" preferredLabel="http://www.xbrl.org/2003/role/terseLabel"/>
    <link:loc xlink:type="locator" xlink:href="../../c-ross_core_2015-12-31.xsd#c-ross_CounterpartyDefaultRiskTrustPlansAdmittedValue" xlink:label="CounterpartyDefaultRiskTrustPlansAdmittedValue" xlink:title="CounterpartyDefaultRiskTrustPlansAdmittedValue"/>
    <link:presentationArc xlink:type="arc" xlink:arcrole="http://www.xbrl.org/2003/arcrole/parent-child" xlink:from="CounterpartyDefaultRiskTrustPlansLineItems" xlink:to="CounterpartyDefaultRiskTrustPlansAdmittedValue" xlink:title="presentation: CounterpartyDefaultRiskTrustPlansLineItems to CounterpartyDefaultRiskTrustPlansAdmittedValue" use="optional" order="50.0" preferredLabel="http://www.xbrl.org/2003/role/terseLabel"/>
    <link:loc xlink:type="locator" xlink:href="../../c-ross_core_2015-12-31.xsd#c-ross_CounterpartyDefaultRiskTrustPlansInterestReceivable" xlink:label="CounterpartyDefaultRiskTrustPlansInterestReceivable" xlink:title="CounterpartyDefaultRiskTrustPlansInterestReceivable"/>
    <link:presentationArc xlink:type="arc" xlink:arcrole="http://www.xbrl.org/2003/arcrole/parent-child" xlink:from="CounterpartyDefaultRiskTrustPlansLineItems" xlink:to="CounterpartyDefaultRiskTrustPlansInterestReceivable" xlink:title="presentation: CounterpartyDefaultRiskTrustPlansLineItems to CounterpartyDefaultRiskTrustPlansInterestReceivable" use="optional" order="60.0" preferredLabel="http://www.xbrl.org/2003/role/terseLabel"/>
    <link:loc xlink:type="locator" xlink:href="../../c-ross_core_2015-12-31.xsd#c-ross_CounterpartyDefaultRiskTrustPlansRiskExposure" xlink:label="CounterpartyDefaultRiskTrustPlansRiskExposure" xlink:title="CounterpartyDefaultRiskTrustPlansRiskExposure"/>
    <link:presentationArc xlink:type="arc" xlink:arcrole="http://www.xbrl.org/2003/arcrole/parent-child" xlink:from="CounterpartyDefaultRiskTrustPlansLineItems" xlink:to="CounterpartyDefaultRiskTrustPlansRiskExposure" xlink:title="presentation: CounterpartyDefaultRiskTrustPlansLineItems to CounterpartyDefaultRiskTrustPlansRiskExposure" use="optional" order="70.0" preferredLabel="http://www.xbrl.org/2003/role/terseLabel"/>
    <link:loc xlink:type="locator" xlink:href="../../c-ross_core_2015-12-31.xsd#c-ross_CounterpartyDefaultRiskTrustPlansBaseRiskFactor" xlink:label="CounterpartyDefaultRiskTrustPlansBaseRiskFactor" xlink:title="CounterpartyDefaultRiskTrustPlansBaseRiskFactor"/>
    <link:presentationArc xlink:type="arc" xlink:arcrole="http://www.xbrl.org/2003/arcrole/parent-child" xlink:from="CounterpartyDefaultRiskTrustPlansLineItems" xlink:to="CounterpartyDefaultRiskTrustPlansBaseRiskFactor" xlink:title="presentation: CounterpartyDefaultRiskTrustPlansLineItems to CounterpartyDefaultRiskTrustPlansBaseRiskFactor" use="optional" order="80.0" preferredLabel="http://www.xbrl.org/2003/role/terseLabel"/>
    <link:loc xlink:type="locator" xlink:href="../../c-ross_core_2015-12-31.xsd#c-ross_CounterpartyDefaultRiskTrustPlansRiskFactorOne" xlink:label="CounterpartyDefaultRiskTrustPlansRiskFactorOne" xlink:title="CounterpartyDefaultRiskTrustPlansRiskFactorOne"/>
    <link:presentationArc xlink:type="arc" xlink:arcrole="http://www.xbrl.org/2003/arcrole/parent-child" xlink:from="CounterpartyDefaultRiskTrustPlansLineItems" xlink:to="CounterpartyDefaultRiskTrustPlansRiskFactorOne" xlink:title="presentation: CounterpartyDefaultRiskTrustPlansLineItems to CounterpartyDefaultRiskTrustPlansRiskFactorOne" use="optional" order="90.0" preferredLabel="http://www.xbrl.org/2003/role/terseLabel"/>
    <link:loc xlink:type="locator" xlink:href="../../c-ross_core_2015-12-31.xsd#c-ross_CounterpartyDefaultRiskTrustPlansRiskFactorTwo" xlink:label="CounterpartyDefaultRiskTrustPlansRiskFactorTwo" xlink:title="CounterpartyDefaultRiskTrustPlansRiskFactorTwo"/>
    <link:presentationArc xlink:type="arc" xlink:arcrole="http://www.xbrl.org/2003/arcrole/parent-child" xlink:from="CounterpartyDefaultRiskTrustPlansLineItems" xlink:to="CounterpartyDefaultRiskTrustPlansRiskFactorTwo" xlink:title="presentation: CounterpartyDefaultRiskTrustPlansLineItems to CounterpartyDefaultRiskTrustPlansRiskFactorTwo" use="optional" order="100.0" preferredLabel="http://www.xbrl.org/2003/role/terseLabel"/>
    <link:loc xlink:type="locator" xlink:href="../../c-ross_core_2015-12-31.xsd#c-ross_CounterpartyDefaultRiskTrustPlansMinimumCapital" xlink:label="CounterpartyDefaultRiskTrustPlansMinimumCapital" xlink:title="CounterpartyDefaultRiskTrustPlansMinimumCapital"/>
    <link:presentationArc xlink:type="arc" xlink:arcrole="http://www.xbrl.org/2003/arcrole/parent-child" xlink:from="CounterpartyDefaultRiskTrustPlansLineItems" xlink:to="CounterpartyDefaultRiskTrustPlansMinimumCapital" xlink:title="presentation: CounterpartyDefaultRiskTrustPlansLineItems to CounterpartyDefaultRiskTrustPlansMinimumCapital" use="optional" order="110.0" preferredLabel="http://www.xbrl.org/2003/role/terseLabel"/>
    <link:loc xlink:type="locator" xlink:href="../../c-ross_core_2015-12-31.xsd#c-ross_CounterpartyDefaultRiskTrustPlansThatCanBeLookedThroughAbstract" xlink:label="CounterpartyDefaultRiskTrustPlansThatCanBeLookedThroughAbstract" xlink:title="CounterpartyDefaultRiskTrustPlansThatCanBeLookedThroughAbstract"/>
    <link:presentationArc xlink:type="arc" xlink:arcrole="http://www.xbrl.org/2003/arcrole/parent-child" xlink:from="CounterpartyDefaultRiskTrustPlansThatCanBeLookedThroughAbstract" xlink:to="CounterpartyDefaultRiskTrustPlansTable" xlink:title="presentation: CounterpartyDefaultRiskTrustPlansThatCanBeLookedThroughAbstract to CounterpartyDefaultRiskTrustPlansTable" use="optional" order="10.0" preferredLabel="http://www.xbrl.org/2003/role/label"/>
    <link:presentationArc xlink:type="arc" xlink:arcrole="http://www.xbrl.org/2003/arcrole/parent-child" xlink:from="CounterpartyDefaultRiskTrustPlansThatCanBeLookedThroughAbstract" xlink:to="CounterpartyDefaultRiskTrustPlansLineItems" xlink:title="presentation: CounterpartyDefaultRiskTrustPlansThatCanBeLookedThroughAbstract to CounterpartyDefaultRiskTrustPlansLineItems" use="optional" order="20.0" preferredLabel="http://www.xbrl.org/2003/role/label"/>
  </link:presentationLink>
  <link:presentationLink xlink:type="extended" xlink:role="http://xbrl.circ.gov.cn/role/c-ross_2015-12-31_role-3170800b">
    <link:loc xlink:type="locator" xlink:href="../../c-ross_core_2015-12-31.xsd#c-ross_CounterpartyDefaultRiskTrustPlansTable" xlink:label="CounterpartyDefaultRiskTrustPlansTable" xlink:title="CounterpartyDefaultRiskTrustPlansTable"/>
    <link:loc xlink:type="locator" xlink:href="../../c-ross_core_2015-12-31.xsd#c-ross_WhetherOrNotCanTrustPlansBeLookedThroughAxis" xlink:label="WhetherOrNotCanTrustPlansBeLookedThroughAxis" xlink:title="WhetherOrNotCanTrustPlansBeLookedThroughAxis"/>
    <link:presentationArc xlink:type="arc" xlink:arcrole="http://www.xbrl.org/2003/arcrole/parent-child" xlink:from="CounterpartyDefaultRiskTrustPlansTable" xlink:to="WhetherOrNotCanTrustPlansBeLookedThroughAxis" xlink:title="presentation: CounterpartyDefaultRiskTrustPlansTable to WhetherOrNotCanTrustPlansBeLookedThroughAxis" use="optional" order="10.0" preferredLabel="http://www.xbrl.org/2003/role/label"/>
    <link:loc xlink:type="locator" xlink:href="../../c-ross_core_2015-12-31.xsd#c-ross_WhetherOrNotCanTrustPlansBeLookedThroughMember" xlink:label="WhetherOrNotCanTrustPlansBeLookedThroughMember" xlink:title="WhetherOrNotCanTrustPlansBeLookedThroughMember"/>
    <link:presentationArc xlink:type="arc" xlink:arcrole="http://www.xbrl.org/2003/arcrole/parent-child" xlink:from="WhetherOrNotCanTrustPlansBeLookedThroughAxis" xlink:to="WhetherOrNotCanTrustPlansBeLookedThroughMember" xlink:title="presentation: WhetherOrNotCanTrustPlansBeLookedThroughAxis to WhetherOrNotCanTrustPlansBeLookedThroughMember" use="optional" order="10.0" preferredLabel="http://www.xbrl.org/2003/role/label"/>
    <link:loc xlink:type="locator" xlink:href="../../c-ross_core_2015-12-31.xsd#c-ross_UnableToBeLookedThroughMember" xlink:label="UnableToBeLookedThroughMember" xlink:title="UnableToBeLookedThroughMember"/>
    <link:presentationArc xlink:type="arc" xlink:arcrole="http://www.xbrl.org/2003/arcrole/parent-child" xlink:from="WhetherOrNotCanTrustPlansBeLookedThroughMember" xlink:to="UnableToBeLookedThroughMember" xlink:title="presentation: WhetherOrNotCanTrustPlansBeLookedThroughMember to UnableToBeLookedThroughMember" use="optional" order="10.0" preferredLabel="http://www.xbrl.org/2003/role/label"/>
    <link:loc xlink:type="locator" xlink:href="../../c-ross_core_2015-12-31.xsd#c-ross_CounterpartyDefaultRiskTrustPlansThatCannotBeLookedThroughLineNumberAxis" xlink:label="CounterpartyDefaultRiskTrustPlansThatCannotBeLookedThroughLineNumberAxis" xlink:title="CounterpartyDefaultRiskTrustPlansThatCannotBeLookedThroughLineNumberAxis"/>
    <link:presentationArc xlink:type="arc" xlink:arcrole="http://www.xbrl.org/2003/arcrole/parent-child" xlink:from="CounterpartyDefaultRiskTrustPlansTable" xlink:to="CounterpartyDefaultRiskTrustPlansThatCannotBeLookedThroughLineNumberAxis" xlink:title="presentation: CounterpartyDefaultRiskTrustPlansTable to CounterpartyDefaultRiskTrustPlansThatCannotBeLookedThroughLineNumberAxis" use="optional" order="20.0" preferredLabel="http://www.xbrl.org/2003/role/terseLabel"/>
    <link:loc xlink:type="locator" xlink:href="../../c-ross_core_2015-12-31.xsd#c-ross_CounterpartyDefaultRiskTrustPlansLineItems" xlink:label="CounterpartyDefaultRiskTrustPlansLineItems" xlink:title="CounterpartyDefaultRiskTrustPlansLineItems"/>
    <link:loc xlink:type="locator" xlink:href="../../c-ross_core_2015-12-31.xsd#c-ross_CounterpartyDefaultRiskTrustPlansProductName" xlink:label="CounterpartyDefaultRiskTrustPlansAssetName" xlink:title="CounterpartyDefaultRiskTrustPlansAssetName"/>
    <link:presentationArc xlink:type="arc" xlink:arcrole="http://www.xbrl.org/2003/arcrole/parent-child" xlink:from="CounterpartyDefaultRiskTrustPlansLineItems" xlink:to="CounterpartyDefaultRiskTrustPlansAssetName" xlink:title="presentation: CounterpartyDefaultRiskTrustPlansLineItems to CounterpartyDefaultRiskTrustPlansAssetName" use="optional" order="10.0" preferredLabel="http://www.xbrl.org/2003/role/terseLabel"/>
    <link:loc xlink:type="locator" xlink:href="../../c-ross_core_2015-12-31.xsd#c-ross_CounterpartyDefaultRiskTrustPlansCreditRatingsForAssets" xlink:label="CounterpartyDefaultRiskTrustPlansCreditRatingsForAssets" xlink:title="CounterpartyDefaultRiskTrustPlansCreditRatingsForAssets"/>
    <link:presentationArc xlink:type="arc" xlink:arcrole="http://www.xbrl.org/2003/arcrole/parent-child" xlink:from="CounterpartyDefaultRiskTrustPlansLineItems" xlink:to="CounterpartyDefaultRiskTrustPlansCreditRatingsForAssets" xlink:title="presentation: CounterpartyDefaultRiskTrustPlansLineItems to CounterpartyDefaultRiskTrustPlansCreditRatingsForAssets" use="optional" order="20.0" preferredLabel="http://www.xbrl.org/2003/role/terseLabel"/>
    <link:loc xlink:type="locator" xlink:href="../../c-ross_core_2015-12-31.xsd#c-ross_CounterpartyDefaultRiskTrustPlansIssuer" xlink:label="CounterpartyDefaultRiskTrustPlansIssuer" xlink:title="CounterpartyDefaultRiskTrustPlansIssuer"/>
    <link:presentationArc xlink:type="arc" xlink:arcrole="http://www.xbrl.org/2003/arcrole/parent-child" xlink:from="CounterpartyDefaultRiskTrustPlansLineItems" xlink:to="CounterpartyDefaultRiskTrustPlansIssuer" xlink:title="presentation: CounterpartyDefaultRiskTrustPlansLineItems to CounterpartyDefaultRiskTrustPlansIssuer" use="optional" order="30.0" preferredLabel="http://www.xbrl.org/2003/role/terseLabel"/>
    <link:loc xlink:type="locator" xlink:href="../../c-ross_core_2015-12-31.xsd#c-ross_CounterpartyDefaultRiskTrustPlansCreditRatingOfIssuer" xlink:label="CounterpartyDefaultRiskTrustPlansCreditRatingOfIssuer" xlink:title="CounterpartyDefaultRiskTrustPlansCreditRatingOfIssuer"/>
    <link:presentationArc xlink:type="arc" xlink:arcrole="http://www.xbrl.org/2003/arcrole/parent-child" xlink:from="CounterpartyDefaultRiskTrustPlansLineItems" xlink:to="CounterpartyDefaultRiskTrustPlansCreditRatingOfIssuer" xlink:title="presentation: CounterpartyDefaultRiskTrustPlansLineItems to CounterpartyDefaultRiskTrustPlansCreditRatingOfIssuer" use="optional" order="40.0" preferredLabel="http://www.xbrl.org/2003/role/terseLabel"/>
    <link:loc xlink:type="locator" xlink:href="../../c-ross_core_2015-12-31.xsd#c-ross_CounterpartyDefaultRiskTrustPlansAdmittedValue" xlink:label="CounterpartyDefaultRiskTrustPlansAdmittedValue" xlink:title="CounterpartyDefaultRiskTrustPlansAdmittedValue"/>
    <link:presentationArc xlink:type="arc" xlink:arcrole="http://www.xbrl.org/2003/arcrole/parent-child" xlink:from="CounterpartyDefaultRiskTrustPlansLineItems" xlink:to="CounterpartyDefaultRiskTrustPlansAdmittedValue" xlink:title="presentation: CounterpartyDefaultRiskTrustPlansLineItems to CounterpartyDefaultRiskTrustPlansAdmittedValue" use="optional" order="50.0" preferredLabel="http://www.xbrl.org/2003/role/terseLabel"/>
    <link:loc xlink:type="locator" xlink:href="../../c-ross_core_2015-12-31.xsd#c-ross_CounterpartyDefaultRiskTrustPlansInterestReceivable" xlink:label="CounterpartyDefaultRiskTrustPlansInterestReceivable" xlink:title="CounterpartyDefaultRiskTrustPlansInterestReceivable"/>
    <link:presentationArc xlink:type="arc" xlink:arcrole="http://www.xbrl.org/2003/arcrole/parent-child" xlink:from="CounterpartyDefaultRiskTrustPlansLineItems" xlink:to="CounterpartyDefaultRiskTrustPlansInterestReceivable" xlink:title="presentation: CounterpartyDefaultRiskTrustPlansLineItems to CounterpartyDefaultRiskTrustPlansInterestReceivable" use="optional" order="60.0" preferredLabel="http://www.xbrl.org/2003/role/terseLabel"/>
    <link:loc xlink:type="locator" xlink:href="../../c-ross_core_2015-12-31.xsd#c-ross_CounterpartyDefaultRiskTrustPlansRiskExposure" xlink:label="CounterpartyDefaultRiskTrustPlansRiskExposure" xlink:title="CounterpartyDefaultRiskTrustPlansRiskExposure"/>
    <link:presentationArc xlink:type="arc" xlink:arcrole="http://www.xbrl.org/2003/arcrole/parent-child" xlink:from="CounterpartyDefaultRiskTrustPlansLineItems" xlink:to="CounterpartyDefaultRiskTrustPlansRiskExposure" xlink:title="presentation: CounterpartyDefaultRiskTrustPlansLineItems to CounterpartyDefaultRiskTrustPlansRiskExposure" use="optional" order="70.0" preferredLabel="http://www.xbrl.org/2003/role/terseLabel"/>
    <link:loc xlink:type="locator" xlink:href="../../c-ross_core_2015-12-31.xsd#c-ross_CounterpartyDefaultRiskTrustPlansBaseRiskFactor" xlink:label="CounterpartyDefaultRiskTrustPlansBaseRiskFactor" xlink:title="CounterpartyDefaultRiskTrustPlansBaseRiskFactor"/>
    <link:presentationArc xlink:type="arc" xlink:arcrole="http://www.xbrl.org/2003/arcrole/parent-child" xlink:from="CounterpartyDefaultRiskTrustPlansLineItems" xlink:to="CounterpartyDefaultRiskTrustPlansBaseRiskFactor" xlink:title="presentation: CounterpartyDefaultRiskTrustPlansLineItems to CounterpartyDefaultRiskTrustPlansBaseRiskFactor" use="optional" order="80.0" preferredLabel="http://www.xbrl.org/2003/role/terseLabel"/>
    <link:loc xlink:type="locator" xlink:href="../../c-ross_core_2015-12-31.xsd#c-ross_CounterpartyDefaultRiskTrustPlansRiskFactorOne" xlink:label="CounterpartyDefaultRiskTrustPlansRiskFactorOne" xlink:title="CounterpartyDefaultRiskTrustPlansRiskFactorOne"/>
    <link:presentationArc xlink:type="arc" xlink:arcrole="http://www.xbrl.org/2003/arcrole/parent-child" xlink:from="CounterpartyDefaultRiskTrustPlansLineItems" xlink:to="CounterpartyDefaultRiskTrustPlansRiskFactorOne" xlink:title="presentation: CounterpartyDefaultRiskTrustPlansLineItems to CounterpartyDefaultRiskTrustPlansRiskFactorOne" use="optional" order="90.0" preferredLabel="http://www.xbrl.org/2003/role/terseLabel"/>
    <link:loc xlink:type="locator" xlink:href="../../c-ross_core_2015-12-31.xsd#c-ross_CounterpartyDefaultRiskTrustPlansRiskFactorTwo" xlink:label="CounterpartyDefaultRiskTrustPlansRiskFactorTwo" xlink:title="CounterpartyDefaultRiskTrustPlansRiskFactorTwo"/>
    <link:presentationArc xlink:type="arc" xlink:arcrole="http://www.xbrl.org/2003/arcrole/parent-child" xlink:from="CounterpartyDefaultRiskTrustPlansLineItems" xlink:to="CounterpartyDefaultRiskTrustPlansRiskFactorTwo" xlink:title="presentation: CounterpartyDefaultRiskTrustPlansLineItems to CounterpartyDefaultRiskTrustPlansRiskFactorTwo" use="optional" order="100.0" preferredLabel="http://www.xbrl.org/2003/role/terseLabel"/>
    <link:loc xlink:type="locator" xlink:href="../../c-ross_core_2015-12-31.xsd#c-ross_CounterpartyDefaultRiskTrustPlansMinimumCapital" xlink:label="CounterpartyDefaultRiskTrustPlansMinimumCapital" xlink:title="CounterpartyDefaultRiskTrustPlansMinimumCapital"/>
    <link:presentationArc xlink:type="arc" xlink:arcrole="http://www.xbrl.org/2003/arcrole/parent-child" xlink:from="CounterpartyDefaultRiskTrustPlansLineItems" xlink:to="CounterpartyDefaultRiskTrustPlansMinimumCapital" xlink:title="presentation: CounterpartyDefaultRiskTrustPlansLineItems to CounterpartyDefaultRiskTrustPlansMinimumCapital" use="optional" order="110.0" preferredLabel="http://www.xbrl.org/2003/role/terseLabel"/>
    <link:loc xlink:type="locator" xlink:href="../../c-ross_core_2015-12-31.xsd#c-ross_CounterpartyDefaultRiskTrustPlansThatCannotBeLookedThroughAbstract" xlink:label="CounterpartyDefaultRiskTrustPlansThatCannotBeLookedThroughAbstract" xlink:title="CounterpartyDefaultRiskTrustPlansThatCannotBeLookedThroughAbstract"/>
    <link:presentationArc xlink:type="arc" xlink:arcrole="http://www.xbrl.org/2003/arcrole/parent-child" xlink:from="CounterpartyDefaultRiskTrustPlansThatCannotBeLookedThroughAbstract" xlink:to="CounterpartyDefaultRiskTrustPlansTable" xlink:title="presentation: CounterpartyDefaultRiskTrustPlansThatCannotBeLookedThroughAbstract to CounterpartyDefaultRiskTrustPlansTable" use="optional" order="10.0" preferredLabel="http://www.xbrl.org/2003/role/label"/>
    <link:presentationArc xlink:type="arc" xlink:arcrole="http://www.xbrl.org/2003/arcrole/parent-child" xlink:from="CounterpartyDefaultRiskTrustPlansThatCannotBeLookedThroughAbstract" xlink:to="CounterpartyDefaultRiskTrustPlansLineItems" xlink:title="presentation: CounterpartyDefaultRiskTrustPlansThatCannotBeLookedThroughAbstract to CounterpartyDefaultRiskTrustPlansLineItems" use="optional" order="20.0" preferredLabel="http://www.xbrl.org/2003/role/label"/>
  </link:presentationLink>
</link:linkbase>
