<?xml version="1.0" encoding="UTF-8"?>

<!--
	Taxonomy: 2015-12-31 (Final)
	**********************
	Copyright © 2015 China Insurance Regulatory Commission.
	All rights reserved.  No part of this publication may be translated, reprinted or reproduced
	or utilised in any form either in whole or in part without prior permission in writing from China Insurance Regulatory Commission.
	  **********************
	-->
<link:linkbase xmlns:xsi="http://www.w3.org/2001/XMLSchema-instance" xsi:schemaLocation="http://www.xbrl.org/2003/linkbase http://www.xbrl.org/2003/xbrl-linkbase-2003-12-31.xsd" xmlns:c-ross="http://xbrl.circ.gov.cn/taxonomy/2015-12-31/c-ross" xmlns:link="http://www.xbrl.org/2003/linkbase" xmlns:q_s_pc_entry_point="http://xbrl.circ.gov.cn/taxonomy/2015-12-31/c-ross/q_s_pc_entry_point" xmlns:xlink="http://www.w3.org/1999/xlink" xmlns:xbrli="http://www.xbrl.org/2003/instance">
  <link:roleRef roleURI="http://www.xbrl.org/2009/role/netLabel" xlink:type="simple" xlink:href="http://www.xbrl.org/lrr/role/net-2009-12-16.xsd#netLabel"/>
  <link:roleRef roleURI="http://xbrl.circ.gov.cn/role/c-ross_2015-12-31_role-3171000" xlink:type="simple" xlink:href="rol_c-ross_8_2015-12-31.xsd#c-ross_2015-12-31-3171000"/>
  <link:roleRef roleURI="http://xbrl.circ.gov.cn/role/c-ross_2015-12-31_role-3171000a" xlink:type="simple" xlink:href="rol_c-ross_8_2015-12-31.xsd#c-ross_2015-12-31-3171000a"/>
  <link:presentationLink xlink:type="extended" xlink:role="http://xbrl.circ.gov.cn/role/c-ross_2015-12-31_role-3171000">
    <link:loc xlink:type="locator" xlink:href="../../c-ross_core_2015-12-31.xsd#c-ross_CounterpartyDefaultRiskAssetManagementProductsAbstract" xlink:label="CounterpartyDefaultRiskAssetManagementProductsAbstract" xlink:title="CounterpartyDefaultRiskAssetManagementProductsAbstract"/>
    <link:loc xlink:type="locator" xlink:href="../../c-ross_core_2015-12-31.xsd#c-ross_CounterpartyDefaultRiskAssetManagementProductsProductName" xlink:label="CounterpartyDefaultRiskAssetManagementProductsAssetName" xlink:title="CounterpartyDefaultRiskAssetManagementProductsAssetName"/>
    <link:presentationArc xlink:type="arc" xlink:arcrole="http://www.xbrl.org/2003/arcrole/parent-child" xlink:from="CounterpartyDefaultRiskAssetManagementProductsAbstract" xlink:to="CounterpartyDefaultRiskAssetManagementProductsAssetName" xlink:title="presentation: CounterpartyDefaultRiskAssetManagementProductsAbstract to CounterpartyDefaultRiskAssetManagementProductsAssetName" use="optional" order="10.0" preferredLabel="http://www.xbrl.org/2003/role/terseLabel"/>
    <link:loc xlink:type="locator" xlink:href="../../c-ross_core_2015-12-31.xsd#c-ross_CounterpartyDefaultRiskAssetManagementProductsCreditRatingsForAssets" xlink:label="CounterpartyDefaultRiskAssetManagementProductsCreditRatingsForAssets" xlink:title="CounterpartyDefaultRiskAssetManagementProductsCreditRatingsForAssets"/>
    <link:presentationArc xlink:type="arc" xlink:arcrole="http://www.xbrl.org/2003/arcrole/parent-child" xlink:from="CounterpartyDefaultRiskAssetManagementProductsAbstract" xlink:to="CounterpartyDefaultRiskAssetManagementProductsCreditRatingsForAssets" xlink:title="presentation: CounterpartyDefaultRiskAssetManagementProductsAbstract to CounterpartyDefaultRiskAssetManagementProductsCreditRatingsForAssets" use="optional" order="20.0" preferredLabel="http://www.xbrl.org/2003/role/terseLabel"/>
    <link:loc xlink:type="locator" xlink:href="../../c-ross_core_2015-12-31.xsd#c-ross_CounterpartyDefaultRiskAssetManagementProductsIssuer" xlink:label="CounterpartyDefaultRiskAssetManagementProductsIssuer" xlink:title="CounterpartyDefaultRiskAssetManagementProductsIssuer"/>
    <link:presentationArc xlink:type="arc" xlink:arcrole="http://www.xbrl.org/2003/arcrole/parent-child" xlink:from="CounterpartyDefaultRiskAssetManagementProductsAbstract" xlink:to="CounterpartyDefaultRiskAssetManagementProductsIssuer" xlink:title="presentation: CounterpartyDefaultRiskAssetManagementProductsAbstract to CounterpartyDefaultRiskAssetManagementProductsIssuer" use="optional" order="30.0" preferredLabel="http://www.xbrl.org/2003/role/terseLabel"/>
    <link:loc xlink:type="locator" xlink:href="../../c-ross_core_2015-12-31.xsd#c-ross_CounterpartyDefaultRiskAssetManagementProductsAdmittedValue" xlink:label="CounterpartyDefaultRiskAssetManagementProductsAdmittedValue" xlink:title="CounterpartyDefaultRiskAssetManagementProductsAdmittedValue"/>
    <link:presentationArc xlink:type="arc" xlink:arcrole="http://www.xbrl.org/2003/arcrole/parent-child" xlink:from="CounterpartyDefaultRiskAssetManagementProductsAbstract" xlink:to="CounterpartyDefaultRiskAssetManagementProductsAdmittedValue" xlink:title="presentation: CounterpartyDefaultRiskAssetManagementProductsAbstract to CounterpartyDefaultRiskAssetManagementProductsAdmittedValue" use="optional" order="40.0" preferredLabel="http://www.xbrl.org/2003/role/terseLabel"/>
    <link:loc xlink:type="locator" xlink:href="../../c-ross_core_2015-12-31.xsd#c-ross_CounterpartyDefaultRiskAssetManagementProductsInterestReceivable" xlink:label="CounterpartyDefaultRiskAssetManagementProductsInterestReceivable" xlink:title="CounterpartyDefaultRiskAssetManagementProductsInterestReceivable"/>
    <link:presentationArc xlink:type="arc" xlink:arcrole="http://www.xbrl.org/2003/arcrole/parent-child" xlink:from="CounterpartyDefaultRiskAssetManagementProductsAbstract" xlink:to="CounterpartyDefaultRiskAssetManagementProductsInterestReceivable" xlink:title="presentation: CounterpartyDefaultRiskAssetManagementProductsAbstract to CounterpartyDefaultRiskAssetManagementProductsInterestReceivable" use="optional" order="50.0" preferredLabel="http://www.xbrl.org/2003/role/terseLabel"/>
    <link:loc xlink:type="locator" xlink:href="../../c-ross_core_2015-12-31.xsd#c-ross_CounterpartyDefaultRiskAssetManagementProductsRiskExposure" xlink:label="CounterpartyDefaultRiskAssetManagementProductsRiskExposure" xlink:title="CounterpartyDefaultRiskAssetManagementProductsRiskExposure"/>
    <link:presentationArc xlink:type="arc" xlink:arcrole="http://www.xbrl.org/2003/arcrole/parent-child" xlink:from="CounterpartyDefaultRiskAssetManagementProductsAbstract" xlink:to="CounterpartyDefaultRiskAssetManagementProductsRiskExposure" xlink:title="presentation: CounterpartyDefaultRiskAssetManagementProductsAbstract to CounterpartyDefaultRiskAssetManagementProductsRiskExposure" use="optional" order="60.0" preferredLabel="http://www.xbrl.org/2003/role/terseLabel"/>
    <link:loc xlink:type="locator" xlink:href="../../c-ross_core_2015-12-31.xsd#c-ross_CounterpartyDefaultRiskAssetManagementProductsBaseRiskFactor" xlink:label="CounterpartyDefaultRiskAssetManagementProductsBaseRiskFactor" xlink:title="CounterpartyDefaultRiskAssetManagementProductsBaseRiskFactor"/>
    <link:presentationArc xlink:type="arc" xlink:arcrole="http://www.xbrl.org/2003/arcrole/parent-child" xlink:from="CounterpartyDefaultRiskAssetManagementProductsAbstract" xlink:to="CounterpartyDefaultRiskAssetManagementProductsBaseRiskFactor" xlink:title="presentation: CounterpartyDefaultRiskAssetManagementProductsAbstract to CounterpartyDefaultRiskAssetManagementProductsBaseRiskFactor" use="optional" order="70.0" preferredLabel="http://www.xbrl.org/2003/role/terseLabel"/>
    <link:loc xlink:type="locator" xlink:href="../../c-ross_core_2015-12-31.xsd#c-ross_CounterpartyDefaultRiskAssetManagementProductsMinimumCapital" xlink:label="CounterpartyDefaultRiskAssetManagementProductsMinimumCapital" xlink:title="CounterpartyDefaultRiskAssetManagementProductsMinimumCapital"/>
    <link:presentationArc xlink:type="arc" xlink:arcrole="http://www.xbrl.org/2003/arcrole/parent-child" xlink:from="CounterpartyDefaultRiskAssetManagementProductsAbstract" xlink:to="CounterpartyDefaultRiskAssetManagementProductsMinimumCapital" xlink:title="presentation: CounterpartyDefaultRiskAssetManagementProductsAbstract to CounterpartyDefaultRiskAssetManagementProductsMinimumCapital" use="optional" order="80.0" preferredLabel="http://www.xbrl.org/2003/role/terseLabel"/>
  </link:presentationLink>
  <link:presentationLink xlink:type="extended" xlink:role="http://xbrl.circ.gov.cn/role/c-ross_2015-12-31_role-3171000a">
    <link:loc xlink:type="locator" xlink:href="../../c-ross_core_2015-12-31.xsd#c-ross_CounterpartyDefaultRiskAssetManagementProductsDetailsAbstract" xlink:label="CounterpartyDefaultRiskAssetManagementProductsDetailsAbstract" xlink:title="CounterpartyDefaultRiskAssetManagementProductsDetailsAbstract"/>
    <link:loc xlink:type="locator" xlink:href="../../c-ross_core_2015-12-31.xsd#c-ross_CounterpartyDefaultRiskAssetManagementProductsTable" xlink:label="CounterpartyDefaultRiskAssetManagementProductsTable" xlink:title="CounterpartyDefaultRiskAssetManagementProductsTable"/>
    <link:presentationArc xlink:type="arc" xlink:arcrole="http://www.xbrl.org/2003/arcrole/parent-child" xlink:from="CounterpartyDefaultRiskAssetManagementProductsDetailsAbstract" xlink:to="CounterpartyDefaultRiskAssetManagementProductsTable" xlink:title="presentation: CounterpartyDefaultRiskAssetManagementProductsDetailsAbstract to CounterpartyDefaultRiskAssetManagementProductsTable" use="optional" order="10.0" preferredLabel="http://www.xbrl.org/2003/role/label"/>
    <link:loc xlink:type="locator" xlink:href="../../c-ross_core_2015-12-31.xsd#c-ross_CounterpartyDefaultRiskAssetManagementProductsLineNumberAxis" xlink:label="CounterpartyDefaultRiskAssetManagementProductsLineNumberAxis" xlink:title="CounterpartyDefaultRiskAssetManagementProductsLineNumberAxis"/>
    <link:presentationArc xlink:type="arc" xlink:arcrole="http://www.xbrl.org/2003/arcrole/parent-child" xlink:from="CounterpartyDefaultRiskAssetManagementProductsTable" xlink:to="CounterpartyDefaultRiskAssetManagementProductsLineNumberAxis" xlink:title="presentation: CounterpartyDefaultRiskAssetManagementProductsTable to CounterpartyDefaultRiskAssetManagementProductsLineNumberAxis" use="optional" order="10.0" preferredLabel="http://www.xbrl.org/2003/role/terseLabel"/>
    <link:loc xlink:type="locator" xlink:href="../../c-ross_core_2015-12-31.xsd#c-ross_CounterpartyDefaultRiskAssetManagementProductsLineItems" xlink:label="CounterpartyDefaultRiskAssetManagementProductsLineItems" xlink:title="CounterpartyDefaultRiskAssetManagementProductsLineItems"/>
    <link:presentationArc xlink:type="arc" xlink:arcrole="http://www.xbrl.org/2003/arcrole/parent-child" xlink:from="CounterpartyDefaultRiskAssetManagementProductsDetailsAbstract" xlink:to="CounterpartyDefaultRiskAssetManagementProductsLineItems" xlink:title="presentation: CounterpartyDefaultRiskAssetManagementProductsDetailsAbstract to CounterpartyDefaultRiskAssetManagementProductsLineItems" use="optional" order="20.0" preferredLabel="http://www.xbrl.org/2003/role/label"/>
    <link:loc xlink:type="locator" xlink:href="../../c-ross_core_2015-12-31.xsd#c-ross_CounterpartyDefaultRiskAssetManagementProductsProductName" xlink:label="CounterpartyDefaultRiskAssetManagementProductsAssetName" xlink:title="CounterpartyDefaultRiskAssetManagementProductsAssetName"/>
    <link:presentationArc xlink:type="arc" xlink:arcrole="http://www.xbrl.org/2003/arcrole/parent-child" xlink:from="CounterpartyDefaultRiskAssetManagementProductsLineItems" xlink:to="CounterpartyDefaultRiskAssetManagementProductsAssetName" xlink:title="presentation: CounterpartyDefaultRiskAssetManagementProductsLineItems to CounterpartyDefaultRiskAssetManagementProductsAssetName" use="optional" order="10.0" preferredLabel="http://www.xbrl.org/2003/role/terseLabel"/>
    <link:loc xlink:type="locator" xlink:href="../../c-ross_core_2015-12-31.xsd#c-ross_CounterpartyDefaultRiskAssetManagementProductsCreditRatingsForAssets" xlink:label="CounterpartyDefaultRiskAssetManagementProductsCreditRatingsForAssets" xlink:title="CounterpartyDefaultRiskAssetManagementProductsCreditRatingsForAssets"/>
    <link:presentationArc xlink:type="arc" xlink:arcrole="http://www.xbrl.org/2003/arcrole/parent-child" xlink:from="CounterpartyDefaultRiskAssetManagementProductsLineItems" xlink:to="CounterpartyDefaultRiskAssetManagementProductsCreditRatingsForAssets" xlink:title="presentation: CounterpartyDefaultRiskAssetManagementProductsLineItems to CounterpartyDefaultRiskAssetManagementProductsCreditRatingsForAssets" use="optional" order="20.0" preferredLabel="http://www.xbrl.org/2003/role/terseLabel"/>
    <link:loc xlink:type="locator" xlink:href="../../c-ross_core_2015-12-31.xsd#c-ross_CounterpartyDefaultRiskAssetManagementProductsIssuer" xlink:label="CounterpartyDefaultRiskAssetManagementProductsIssuer" xlink:title="CounterpartyDefaultRiskAssetManagementProductsIssuer"/>
    <link:presentationArc xlink:type="arc" xlink:arcrole="http://www.xbrl.org/2003/arcrole/parent-child" xlink:from="CounterpartyDefaultRiskAssetManagementProductsLineItems" xlink:to="CounterpartyDefaultRiskAssetManagementProductsIssuer" xlink:title="presentation: CounterpartyDefaultRiskAssetManagementProductsLineItems to CounterpartyDefaultRiskAssetManagementProductsIssuer" use="optional" order="30.0" preferredLabel="http://www.xbrl.org/2003/role/terseLabel"/>
    <link:loc xlink:type="locator" xlink:href="../../c-ross_core_2015-12-31.xsd#c-ross_CounterpartyDefaultRiskAssetManagementProductsAdmittedValue" xlink:label="CounterpartyDefaultRiskAssetManagementProductsAdmittedValue" xlink:title="CounterpartyDefaultRiskAssetManagementProductsAdmittedValue"/>
    <link:presentationArc xlink:type="arc" xlink:arcrole="http://www.xbrl.org/2003/arcrole/parent-child" xlink:from="CounterpartyDefaultRiskAssetManagementProductsLineItems" xlink:to="CounterpartyDefaultRiskAssetManagementProductsAdmittedValue" xlink:title="presentation: CounterpartyDefaultRiskAssetManagementProductsLineItems to CounterpartyDefaultRiskAssetManagementProductsAdmittedValue" use="optional" order="40.0" preferredLabel="http://www.xbrl.org/2003/role/terseLabel"/>
    <link:loc xlink:type="locator" xlink:href="../../c-ross_core_2015-12-31.xsd#c-ross_CounterpartyDefaultRiskAssetManagementProductsInterestReceivable" xlink:label="CounterpartyDefaultRiskAssetManagementProductsInterestReceivable" xlink:title="CounterpartyDefaultRiskAssetManagementProductsInterestReceivable"/>
    <link:presentationArc xlink:type="arc" xlink:arcrole="http://www.xbrl.org/2003/arcrole/parent-child" xlink:from="CounterpartyDefaultRiskAssetManagementProductsLineItems" xlink:to="CounterpartyDefaultRiskAssetManagementProductsInterestReceivable" xlink:title="presentation: CounterpartyDefaultRiskAssetManagementProductsLineItems to CounterpartyDefaultRiskAssetManagementProductsInterestReceivable" use="optional" order="50.0" preferredLabel="http://www.xbrl.org/2003/role/terseLabel"/>
    <link:loc xlink:type="locator" xlink:href="../../c-ross_core_2015-12-31.xsd#c-ross_CounterpartyDefaultRiskAssetManagementProductsRiskExposure" xlink:label="CounterpartyDefaultRiskAssetManagementProductsRiskExposure" xlink:title="CounterpartyDefaultRiskAssetManagementProductsRiskExposure"/>
    <link:presentationArc xlink:type="arc" xlink:arcrole="http://www.xbrl.org/2003/arcrole/parent-child" xlink:from="CounterpartyDefaultRiskAssetManagementProductsLineItems" xlink:to="CounterpartyDefaultRiskAssetManagementProductsRiskExposure" xlink:title="presentation: CounterpartyDefaultRiskAssetManagementProductsLineItems to CounterpartyDefaultRiskAssetManagementProductsRiskExposure" use="optional" order="60.0" preferredLabel="http://www.xbrl.org/2003/role/terseLabel"/>
    <link:loc xlink:type="locator" xlink:href="../../c-ross_core_2015-12-31.xsd#c-ross_CounterpartyDefaultRiskAssetManagementProductsBaseRiskFactor" xlink:label="CounterpartyDefaultRiskAssetManagementProductsBaseRiskFactor" xlink:title="CounterpartyDefaultRiskAssetManagementProductsBaseRiskFactor"/>
    <link:presentationArc xlink:type="arc" xlink:arcrole="http://www.xbrl.org/2003/arcrole/parent-child" xlink:from="CounterpartyDefaultRiskAssetManagementProductsLineItems" xlink:to="CounterpartyDefaultRiskAssetManagementProductsBaseRiskFactor" xlink:title="presentation: CounterpartyDefaultRiskAssetManagementProductsLineItems to CounterpartyDefaultRiskAssetManagementProductsBaseRiskFactor" use="optional" order="70.0" preferredLabel="http://www.xbrl.org/2003/role/terseLabel"/>
    <link:loc xlink:type="locator" xlink:href="../../c-ross_core_2015-12-31.xsd#c-ross_CounterpartyDefaultRiskAssetManagementProductsMinimumCapital" xlink:label="CounterpartyDefaultRiskAssetManagementProductsMinimumCapital" xlink:title="CounterpartyDefaultRiskAssetManagementProductsMinimumCapital"/>
    <link:presentationArc xlink:type="arc" xlink:arcrole="http://www.xbrl.org/2003/arcrole/parent-child" xlink:from="CounterpartyDefaultRiskAssetManagementProductsLineItems" xlink:to="CounterpartyDefaultRiskAssetManagementProductsMinimumCapital" xlink:title="presentation: CounterpartyDefaultRiskAssetManagementProductsLineItems to CounterpartyDefaultRiskAssetManagementProductsMinimumCapital" use="optional" order="80.0" preferredLabel="http://www.xbrl.org/2003/role/terseLabel"/>
  </link:presentationLink>
</link:linkbase>
