<?xml version="1.0" encoding="UTF-8"?>

<!--
	Taxonomy: 2015-12-31 (Final)
	**********************
	Copyright © 2015 China Insurance Regulatory Commission.
	All rights reserved.  No part of this publication may be translated, reprinted or reproduced
	or utilised in any form either in whole or in part without prior permission in writing from China Insurance Regulatory Commission.
	  **********************
	-->
<link:linkbase xmlns:xsi="http://www.w3.org/2001/XMLSchema-instance" xsi:schemaLocation="http://www.xbrl.org/2003/linkbase http://www.xbrl.org/2003/xbrl-linkbase-2003-12-31.xsd" xmlns:c-ross="http://xbrl.circ.gov.cn/taxonomy/2015-12-31/c-ross" xmlns:link="http://www.xbrl.org/2003/linkbase" xmlns:q_s_pc_entry_point="http://xbrl.circ.gov.cn/taxonomy/2015-12-31/c-ross/q_s_pc_entry_point" xmlns:xbrli="http://www.xbrl.org/2003/instance" xmlns:xlink="http://www.w3.org/1999/xlink">
  <link:roleRef roleURI="http://xbrl.circ.gov.cn/role/c-ross_2015-12-31_role-3180700" xlink:type="simple" xlink:href="rol_c-ross_12_2015-12-31.xsd#c-ross_2015-12-31-3180700"/>
  <link:calculationLink xlink:type="extended" xlink:role="http://xbrl.circ.gov.cn/role/c-ross_2015-12-31_role-3180700">
    <link:loc xlink:type="locator" xlink:href="../../c-ross_core_2015-12-31.xsd#c-ross_LiquidityRiskHighQualityLiquidAssets" xlink:label="LiquidityRiskHighQualityLiquidAssets" xlink:title="LiquidityRiskHighQualityLiquidAssets"/>
    <link:loc xlink:type="locator" xlink:href="../../c-ross_core_2015-12-31.xsd#c-ross_LiquidityRiskCash" xlink:label="LiquidityRiskCash" xlink:title="LiquidityRiskCash"/>
    <link:calculationArc xlink:type="arc" xlink:arcrole="http://www.xbrl.org/2003/arcrole/summation-item" xlink:from="LiquidityRiskHighQualityLiquidAssets" xlink:to="LiquidityRiskCash" xlink:title="calculation: LiquidityRiskHighQualityLiquidAssets to LiquidityRiskCash" use="optional" order="10.0" weight="1.0"/>
    <link:loc xlink:type="locator" xlink:href="../../c-ross_core_2015-12-31.xsd#c-ross_LiquidityRiskGovernmentBonds" xlink:label="LiquidityRiskGovernmentBonds" xlink:title="LiquidityRiskGovernmentBonds"/>
    <link:calculationArc xlink:type="arc" xlink:arcrole="http://www.xbrl.org/2003/arcrole/summation-item" xlink:from="LiquidityRiskHighQualityLiquidAssets" xlink:to="LiquidityRiskGovernmentBonds" xlink:title="calculation: LiquidityRiskHighQualityLiquidAssets to LiquidityRiskGovernmentBonds" use="optional" order="20.0" weight="1.0"/>
    <link:loc xlink:type="locator" xlink:href="../../c-ross_core_2015-12-31.xsd#c-ross_LiquidityRiskBondsAndBillsIssuedOrGuaranteedByCentralBank" xlink:label="LiquidityRiskBondsAndBillsIssuedOrGuaranteedByCentralBank" xlink:title="LiquidityRiskBondsAndBillsIssuedOrGuaranteedByCentralBank"/>
    <link:calculationArc xlink:type="arc" xlink:arcrole="http://www.xbrl.org/2003/arcrole/summation-item" xlink:from="LiquidityRiskHighQualityLiquidAssets" xlink:to="LiquidityRiskBondsAndBillsIssuedOrGuaranteedByCentralBank" xlink:title="calculation: LiquidityRiskHighQualityLiquidAssets to LiquidityRiskBondsAndBillsIssuedOrGuaranteedByCentralBank" use="optional" order="30.0" weight="1.0"/>
    <link:loc xlink:type="locator" xlink:href="../../c-ross_core_2015-12-31.xsd#c-ross_LiquidityRiskTermDepositsAvailableForEarlyWithdrawal" xlink:label="LiquidityRiskTermDepositsAvailableForEarlyWithdrawal" xlink:title="LiquidityRiskTermDepositsAvailableForEarlyWithdrawal"/>
    <link:calculationArc xlink:type="arc" xlink:arcrole="http://www.xbrl.org/2003/arcrole/summation-item" xlink:from="LiquidityRiskHighQualityLiquidAssets" xlink:to="LiquidityRiskTermDepositsAvailableForEarlyWithdrawal" xlink:title="calculation: LiquidityRiskHighQualityLiquidAssets to LiquidityRiskTermDepositsAvailableForEarlyWithdrawal" use="optional" order="40.0" weight="1.0"/>
    <link:loc xlink:type="locator" xlink:href="../../c-ross_core_2015-12-31.xsd#c-ross_LiquidityRiskNegotiatedDepositsAvailableForEarlyWithdrawal" xlink:label="LiquidityRiskNegotiatedDepositsAvailableForEarlyWithdrawal" xlink:title="LiquidityRiskNegotiatedDepositsAvailableForEarlyWithdrawal"/>
    <link:calculationArc xlink:type="arc" xlink:arcrole="http://www.xbrl.org/2003/arcrole/summation-item" xlink:from="LiquidityRiskHighQualityLiquidAssets" xlink:to="LiquidityRiskNegotiatedDepositsAvailableForEarlyWithdrawal" xlink:title="calculation: LiquidityRiskHighQualityLiquidAssets to LiquidityRiskNegotiatedDepositsAvailableForEarlyWithdrawal" use="optional" order="50.0" weight="1.0"/>
    <link:loc xlink:type="locator" xlink:href="../../c-ross_core_2015-12-31.xsd#c-ross_LiquidityRiskAaaFinancialBondsIssuedByPolicyBanks" xlink:label="LiquidityRiskAaaFinancialBondsIssuedByPolicyBanks" xlink:title="LiquidityRiskAaaFinancialBondsIssuedByPolicyBanks"/>
    <link:calculationArc xlink:type="arc" xlink:arcrole="http://www.xbrl.org/2003/arcrole/summation-item" xlink:from="LiquidityRiskHighQualityLiquidAssets" xlink:to="LiquidityRiskAaaFinancialBondsIssuedByPolicyBanks" xlink:title="calculation: LiquidityRiskHighQualityLiquidAssets to LiquidityRiskAaaFinancialBondsIssuedByPolicyBanks" use="optional" order="60.0" weight="1.0"/>
    <link:loc xlink:type="locator" xlink:href="../../c-ross_core_2015-12-31.xsd#c-ross_LiquidityRiskAaaFinancialBondsIssuedByCommercialBanks" xlink:label="LiquidityRiskAaaFinancialBondsIssuedByCommercialBanks" xlink:title="LiquidityRiskAaaFinancialBondsIssuedByCommercialBanks"/>
    <link:calculationArc xlink:type="arc" xlink:arcrole="http://www.xbrl.org/2003/arcrole/summation-item" xlink:from="LiquidityRiskHighQualityLiquidAssets" xlink:to="LiquidityRiskAaaFinancialBondsIssuedByCommercialBanks" xlink:title="calculation: LiquidityRiskHighQualityLiquidAssets to LiquidityRiskAaaFinancialBondsIssuedByCommercialBanks" use="optional" order="70.0" weight="1.0"/>
    <link:loc xlink:type="locator" xlink:href="../../c-ross_core_2015-12-31.xsd#c-ross_LiquidityRiskAaaCorporateBonds" xlink:label="LiquidityRiskAaaCorporateBonds" xlink:title="LiquidityRiskAaaCorporateBonds"/>
    <link:calculationArc xlink:type="arc" xlink:arcrole="http://www.xbrl.org/2003/arcrole/summation-item" xlink:from="LiquidityRiskHighQualityLiquidAssets" xlink:to="LiquidityRiskAaaCorporateBonds" xlink:title="calculation: LiquidityRiskHighQualityLiquidAssets to LiquidityRiskAaaCorporateBonds" use="optional" order="80.0" weight="1.0"/>
    <link:loc xlink:type="locator" xlink:href="../../c-ross_core_2015-12-31.xsd#c-ross_LiquidityRiskAaaEnterpriseBonds" xlink:label="LiquidityRiskAaaEnterpriseBonds" xlink:title="LiquidityRiskAaaEnterpriseBonds"/>
    <link:calculationArc xlink:type="arc" xlink:arcrole="http://www.xbrl.org/2003/arcrole/summation-item" xlink:from="LiquidityRiskHighQualityLiquidAssets" xlink:to="LiquidityRiskAaaEnterpriseBonds" xlink:title="calculation: LiquidityRiskHighQualityLiquidAssets to LiquidityRiskAaaEnterpriseBonds" use="optional" order="90.0" weight="1.0"/>
    <link:loc xlink:type="locator" xlink:href="../../c-ross_core_2015-12-31.xsd#c-ross_LiquidityRiskListedStocks" xlink:label="LiquidityRiskListedStocks" xlink:title="LiquidityRiskListedStocks"/>
    <link:calculationArc xlink:type="arc" xlink:arcrole="http://www.xbrl.org/2003/arcrole/summation-item" xlink:from="LiquidityRiskHighQualityLiquidAssets" xlink:to="LiquidityRiskListedStocks" xlink:title="calculation: LiquidityRiskHighQualityLiquidAssets to LiquidityRiskListedStocks" use="optional" order="100.0" weight="1.0"/>
    <link:loc xlink:type="locator" xlink:href="../../c-ross_core_2015-12-31.xsd#c-ross_LiquidityRiskTotalEstimatedCashInflowsInNextQuarter" xlink:label="LiquidityRiskTotalEstimatedCashInflowsInNextQuarter" xlink:title="LiquidityRiskTotalEstimatedCashInflowsInNextQuarter"/>
    <link:loc xlink:type="locator" xlink:href="../../c-ross_core_2015-12-31.xsd#c-ross_LiquidityRiskProjectOnCashInflowsFromOperatingActivitiesBusinessInNextQuarter" xlink:label="LiquidityRiskProjectOnCashFlowsCashInflowsFromOperatingActivitiesBusinessInNextQuarter" xlink:title="LiquidityRiskProjectOnCashFlowsCashInflowsFromOperatingActivitiesBusinessInNextQuarter"/>
    <link:calculationArc xlink:type="arc" xlink:arcrole="http://www.xbrl.org/2003/arcrole/summation-item" xlink:from="LiquidityRiskTotalEstimatedCashInflowsInNextQuarter" xlink:to="LiquidityRiskProjectOnCashFlowsCashInflowsFromOperatingActivitiesBusinessInNextQuarter" xlink:title="calculation: LiquidityRiskTotalEstimatedCashInflowsInNextQuarter to LiquidityRiskProjectOnCashFlowsCashInflowsFromOperatingActivitiesBusinessInNextQuarter" use="optional" order="10.0" weight="1.0"/>
    <link:loc xlink:type="locator" xlink:href="../../c-ross_core_2015-12-31.xsd#c-ross_LiquidityRiskProjectOnCashInflowsFromInvestingActivitiesAssetsInNextQuarter" xlink:label="LiquidityRiskProjectOnCashFlowsCashInflowsFromInvestingActivitiesAssetsInNextQuarter" xlink:title="LiquidityRiskProjectOnCashFlowsCashInflowsFromInvestingActivitiesAssetsInNextQuarter"/>
    <link:calculationArc xlink:type="arc" xlink:arcrole="http://www.xbrl.org/2003/arcrole/summation-item" xlink:from="LiquidityRiskTotalEstimatedCashInflowsInNextQuarter" xlink:to="LiquidityRiskProjectOnCashFlowsCashInflowsFromInvestingActivitiesAssetsInNextQuarter" xlink:title="calculation: LiquidityRiskTotalEstimatedCashInflowsInNextQuarter to LiquidityRiskProjectOnCashFlowsCashInflowsFromInvestingActivitiesAssetsInNextQuarter" use="optional" order="20.0" weight="1.0"/>
    <link:loc xlink:type="locator" xlink:href="../../c-ross_core_2015-12-31.xsd#c-ross_LiquidityRiskProjectOnCashInflowsFromFinancingActivitiesInNextQuarter" xlink:label="LiquidityRiskProjectOnCashFlowsCashInflowsFromFinancingActivitiesInNextQuarter" xlink:title="LiquidityRiskProjectOnCashFlowsCashInflowsFromFinancingActivitiesInNextQuarter"/>
    <link:calculationArc xlink:type="arc" xlink:arcrole="http://www.xbrl.org/2003/arcrole/summation-item" xlink:from="LiquidityRiskTotalEstimatedCashInflowsInNextQuarter" xlink:to="LiquidityRiskProjectOnCashFlowsCashInflowsFromFinancingActivitiesInNextQuarter" xlink:title="calculation: LiquidityRiskTotalEstimatedCashInflowsInNextQuarter to LiquidityRiskProjectOnCashFlowsCashInflowsFromFinancingActivitiesInNextQuarter" use="optional" order="30.0" weight="1.0"/>
    <link:loc xlink:type="locator" xlink:href="../../c-ross_core_2015-12-31.xsd#c-ross_LiquidityRiskTotalEstimatedCashInflowsAmountAfterConversion" xlink:label="LiquidityRiskTotalEstimatedCashInflowsAmountAfterConversion" xlink:title="LiquidityRiskTotalEstimatedCashInflowsAmountAfterConversion"/>
    <link:loc xlink:type="locator" xlink:href="../../c-ross_core_2015-12-31.xsd#c-ross_LiquidityRiskProjectOnCashInflowsFromOperatingActivitiesBusinessInNextQuarterAmountAfterConversion" xlink:label="LiquidityRiskProjectOnCashFlowsCashInflowsFromOperatingActivitiesBusinessInNextQuarterAmountAfterConversion" xlink:title="LiquidityRiskProjectOnCashFlowsCashInflowsFromOperatingActivitiesBusinessInNextQuarterAmountAfterConversion"/>
    <link:calculationArc xlink:type="arc" xlink:arcrole="http://www.xbrl.org/2003/arcrole/summation-item" xlink:from="LiquidityRiskTotalEstimatedCashInflowsAmountAfterConversion" xlink:to="LiquidityRiskProjectOnCashFlowsCashInflowsFromOperatingActivitiesBusinessInNextQuarterAmountAfterConversion" xlink:title="calculation: LiquidityRiskTotalEstimatedCashInflowsAmountAfterConversion to LiquidityRiskProjectOnCashFlowsCashInflowsFromOperatingActivitiesBusinessInNextQuarterAmountAfterConversion" use="optional" order="10.0" weight="1.0"/>
    <link:loc xlink:type="locator" xlink:href="../../c-ross_core_2015-12-31.xsd#c-ross_LiquidityRiskProjectOnCashInflowsFromInvestingActivitiesAssetsInNextQuarterAmountAfterConversion" xlink:label="LiquidityRiskProjectOnCashFlowsCashInflowsFromInvestingActivitiesAssetsInNextQuarterAmountAfterConversion" xlink:title="LiquidityRiskProjectOnCashFlowsCashInflowsFromInvestingActivitiesAssetsInNextQuarterAmountAfterConversion"/>
    <link:calculationArc xlink:type="arc" xlink:arcrole="http://www.xbrl.org/2003/arcrole/summation-item" xlink:from="LiquidityRiskTotalEstimatedCashInflowsAmountAfterConversion" xlink:to="LiquidityRiskProjectOnCashFlowsCashInflowsFromInvestingActivitiesAssetsInNextQuarterAmountAfterConversion" xlink:title="calculation: LiquidityRiskTotalEstimatedCashInflowsAmountAfterConversion to LiquidityRiskProjectOnCashFlowsCashInflowsFromInvestingActivitiesAssetsInNextQuarterAmountAfterConversion" use="optional" order="20.0" weight="1.0"/>
    <link:loc xlink:type="locator" xlink:href="../../c-ross_core_2015-12-31.xsd#c-ross_LiquidityRiskProjectOnCashInflowsFromFinancingActivitiesInNextQuarterAmountAfterConversion" xlink:label="LiquidityRiskProjectOnCashFlowsCashInflowsFromFinancingActivitiesInNextQuarterAmountAfterConversion" xlink:title="LiquidityRiskProjectOnCashFlowsCashInflowsFromFinancingActivitiesInNextQuarterAmountAfterConversion"/>
    <link:calculationArc xlink:type="arc" xlink:arcrole="http://www.xbrl.org/2003/arcrole/summation-item" xlink:from="LiquidityRiskTotalEstimatedCashInflowsAmountAfterConversion" xlink:to="LiquidityRiskProjectOnCashFlowsCashInflowsFromFinancingActivitiesInNextQuarterAmountAfterConversion" xlink:title="calculation: LiquidityRiskTotalEstimatedCashInflowsAmountAfterConversion to LiquidityRiskProjectOnCashFlowsCashInflowsFromFinancingActivitiesInNextQuarterAmountAfterConversion" use="optional" order="30.0" weight="1.0"/>
    <link:loc xlink:type="locator" xlink:href="../../c-ross_core_2015-12-31.xsd#c-ross_LiquidityRiskProjectOnNetCashFlowsInNextQuarterAmountAfterConversion" xlink:label="LiquidityRiskProjectOnNetCashFlowsInNextQuarterAmountAfterConversion" xlink:title="LiquidityRiskProjectOnNetCashFlowsInNextQuarterAmountAfterConversion"/>
    <link:loc xlink:type="locator" xlink:href="../../c-ross_core_2015-12-31.xsd#c-ross_LiquidityRiskProjectOnCashOutflowsInNextQuarterAmountAfterConversion" xlink:label="LiquidityRiskProjectOnCashFlowsCashOutflowsInNextQuarterAmountAfterConversion" xlink:title="LiquidityRiskProjectOnCashFlowsCashOutflowsInNextQuarterAmountAfterConversion"/>
    <link:calculationArc xlink:type="arc" xlink:arcrole="http://www.xbrl.org/2003/arcrole/summation-item" xlink:from="LiquidityRiskProjectOnNetCashFlowsInNextQuarterAmountAfterConversion" xlink:to="LiquidityRiskProjectOnCashFlowsCashOutflowsInNextQuarterAmountAfterConversion" xlink:title="calculation: LiquidityRiskProjectOnNetCashFlowsInNextQuarterAmountAfterConversion to LiquidityRiskProjectOnCashOutflowsInNextQuarterAmountAfterConversion" order="10.0" weight="1.0"/>
    <link:loc xlink:type="locator" xlink:href="../../c-ross_core_2015-12-31.xsd#c-ross_LiquidityRiskProjectOnCashOutflowsFromOperatingActivitiesBusinessInNextQuarterAmountAfterConversion" xlink:label="LiquidityRiskProjectOnCashFlowsCashOutflowsFromOperatingActivitiesBusinessInNextQuarterAmountAfterConversion" xlink:title="LiquidityRiskProjectOnCashFlowsCashOutflowsFromOperatingActivitiesBusinessInNextQuarterAmountAfterConversion"/>
    <link:calculationArc xlink:type="arc" xlink:arcrole="http://www.xbrl.org/2003/arcrole/summation-item" xlink:from="LiquidityRiskProjectOnCashFlowsCashOutflowsInNextQuarterAmountAfterConversion" xlink:to="LiquidityRiskProjectOnCashFlowsCashOutflowsFromOperatingActivitiesBusinessInNextQuarterAmountAfterConversion" xlink:title="calculation: LiquidityRiskProjectOnCashFlowsCashOutflowsInNextQuarterAmountAfterConversion to LiquidityRiskProjectOnCashFlowsCashOutflowsFromOperatingActivitiesBusinessInNextQuarterAmountAfterConversion" use="optional" order="10.0" weight="1.0"/>
    <link:loc xlink:type="locator" xlink:href="../../c-ross_core_2015-12-31.xsd#c-ross_LiquidityRiskProjectOnCashOutflowsFromInvestingActivitiesAssetsInNextQuarterAmountAfterConversion" xlink:label="LiquidityRiskProjectOnCashFlowsCashOutflowsFromInvestingActivitiesAssetsInNextQuarterAmountAfterConversion" xlink:title="LiquidityRiskProjectOnCashFlowsCashOutflowsFromInvestingActivitiesAssetsInNextQuarterAmountAfterConversion"/>
    <link:calculationArc xlink:type="arc" xlink:arcrole="http://www.xbrl.org/2003/arcrole/summation-item" xlink:from="LiquidityRiskProjectOnCashFlowsCashOutflowsInNextQuarterAmountAfterConversion" xlink:to="LiquidityRiskProjectOnCashFlowsCashOutflowsFromInvestingActivitiesAssetsInNextQuarterAmountAfterConversion" xlink:title="calculation: LiquidityRiskProjectOnCashFlowsCashOutflowsInNextQuarterAmountAfterConversion to LiquidityRiskProjectOnCashFlowsCashOutflowsFromInvestingActivitiesAssetsInNextQuarterAmountAfterConversion" use="optional" order="20.0" weight="1.0"/>
    <link:loc xlink:type="locator" xlink:href="../../c-ross_core_2015-12-31.xsd#c-ross_LiquidityRiskProjectOnCashOutflowsFromFinancingActivitiesInNextQuarterAmountAfterConversion" xlink:label="LiquidityRiskProjectOnCashFlowsCashOutflowsFromFinancingActivitiesInNextQuarterAmountAfterConversion" xlink:title="LiquidityRiskProjectOnCashFlowsCashOutflowsFromFinancingActivitiesInNextQuarterAmountAfterConversion"/>
    <link:calculationArc xlink:type="arc" xlink:arcrole="http://www.xbrl.org/2003/arcrole/summation-item" xlink:from="LiquidityRiskProjectOnCashFlowsCashOutflowsInNextQuarterAmountAfterConversion" xlink:to="LiquidityRiskProjectOnCashFlowsCashOutflowsFromFinancingActivitiesInNextQuarterAmountAfterConversion" xlink:title="calculation: LiquidityRiskProjectOnCashFlowsCashOutflowsInNextQuarterAmountAfterConversion to LiquidityRiskProjectOnCashFlowsCashOutflowsFromFinancingActivitiesInNextQuarterAmountAfterConversion" use="optional" order="30.0" weight="1.0"/>
    <link:loc xlink:type="locator" xlink:href="../../c-ross_core_2015-12-31.xsd#c-ross_LiquidityRiskProjectOnCashInflowsInNextQuarterAmountAfterConversion" xlink:label="LiquidityRiskProjectOnCashInflowsInNextQuarterAmountAfterConversion" xlink:title="LiquidityRiskProjectOnCashInflowsInNextQuarterAmountAfterConversion"/>
    <link:calculationArc xlink:type="arc" xlink:arcrole="http://www.xbrl.org/2003/arcrole/summation-item" xlink:from="LiquidityRiskProjectOnNetCashFlowsInNextQuarterAmountAfterConversion" xlink:to="LiquidityRiskProjectOnCashInflowsInNextQuarterAmountAfterConversion" xlink:title="calculation: LiquidityRiskProjectOnNetCashFlowsInNextQuarterAmountAfterConversion to LiquidityRiskProjectOnCashInflowsInNextQuarterAmountAfterConversion" order="20.0" weight="-1.0"/>
    <link:loc xlink:type="locator" xlink:href="../../c-ross_core_2015-12-31.xsd#c-ross_LiquidityRiskProjectOnNetCashFlowsInNextQuarter" xlink:label="LiquidityRiskProjectOnNetCashFlowsInNextQuarter" xlink:title="LiquidityRiskProjectOnNetCashFlowsInNextQuarter"/>
    <link:loc xlink:type="locator" xlink:href="../../c-ross_core_2015-12-31.xsd#c-ross_LiquidityRiskProjectOnCashInflowsInNextQuarter" xlink:label="LiquidityRiskProjectOnCashInflowsInNextQuarter" xlink:title="LiquidityRiskProjectOnCashInflowsInNextQuarter"/>
    <link:calculationArc xlink:type="arc" xlink:arcrole="http://www.xbrl.org/2003/arcrole/summation-item" xlink:from="LiquidityRiskProjectOnNetCashFlowsInNextQuarter" xlink:to="LiquidityRiskProjectOnCashInflowsInNextQuarter" xlink:title="calculation: LiquidityRiskProjectOnNetCashFlowsInNextQuarter to LiquidityRiskProjectOnCashInflowsInNextQuarter" use="optional" priority="0" order="20.0" weight="-1.0"/>
    <link:loc xlink:type="locator" xlink:href="../../c-ross_core_2015-12-31.xsd#c-ross_LiquidityRiskProjectOnCashOutflowsInNextQuarter" xlink:label="LiquidityRiskProjectOnCashFlowsCashOutflowsInNextQuarter" xlink:title="LiquidityRiskProjectOnCashFlowsCashOutflowsInNextQuarter"/>
    <link:calculationArc xlink:type="arc" xlink:arcrole="http://www.xbrl.org/2003/arcrole/summation-item" xlink:from="LiquidityRiskProjectOnNetCashFlowsInNextQuarter" xlink:to="LiquidityRiskProjectOnCashFlowsCashOutflowsInNextQuarter" xlink:title="calculation: LiquidityRiskProjectOnNetCashFlowsInNextQuarter to LiquidityRiskProjectOnCashOutflowsInNextQuarter" use="optional" priority="0" order="10.0" weight="1.0"/>
    <link:loc xlink:type="locator" xlink:href="../../c-ross_core_2015-12-31.xsd#c-ross_LiquidityRiskProjectOnCashOutflowsFromOperatingActivitiesBusinessInNextQuarter" xlink:label="LiquidityRiskProjectOnCashFlowsCashOutflowsFromOperatingActivitiesBusinessInNextQuarter" xlink:title="LiquidityRiskProjectOnCashFlowsCashOutflowsFromOperatingActivitiesBusinessInNextQuarter"/>
    <link:calculationArc xlink:type="arc" xlink:arcrole="http://www.xbrl.org/2003/arcrole/summation-item" xlink:from="LiquidityRiskProjectOnCashFlowsCashOutflowsInNextQuarter" xlink:to="LiquidityRiskProjectOnCashFlowsCashOutflowsFromOperatingActivitiesBusinessInNextQuarter" xlink:title="calculation: LiquidityRiskProjectOnCashFlowsCashOutflowsInNextQuarter to LiquidityRiskProjectOnCashFlowsCashOutflowsFromOperatingActivitiesBusinessInNextQuarter" use="optional" order="10.0" weight="1.0"/>
    <link:loc xlink:type="locator" xlink:href="../../c-ross_core_2015-12-31.xsd#c-ross_LiquidityRiskProjectOnCashOutflowsFromInvestingActivitiesAssetsInNextQuarter" xlink:label="LiquidityRiskProjectOnCashFlowsCashOutflowsFromInvestingActivitiesAssetsInNextQuarter" xlink:title="LiquidityRiskProjectOnCashFlowsCashOutflowsFromInvestingActivitiesAssetsInNextQuarter"/>
    <link:calculationArc xlink:type="arc" xlink:arcrole="http://www.xbrl.org/2003/arcrole/summation-item" xlink:from="LiquidityRiskProjectOnCashFlowsCashOutflowsInNextQuarter" xlink:to="LiquidityRiskProjectOnCashFlowsCashOutflowsFromInvestingActivitiesAssetsInNextQuarter" xlink:title="calculation: LiquidityRiskProjectOnCashFlowsCashOutflowsInNextQuarter to LiquidityRiskProjectOnCashFlowsCashOutflowsFromInvestingActivitiesAssetsInNextQuarter" use="optional" order="20.0" weight="1.0"/>
    <link:loc xlink:type="locator" xlink:href="../../c-ross_core_2015-12-31.xsd#c-ross_LiquidityRiskProjectOnCashOutflowsFromFinancingActivitiesInNextQuarter" xlink:label="LiquidityRiskProjectOnCashFlowsCashOutflowsFromFinancingActivitiesInNextQuarter" xlink:title="LiquidityRiskProjectOnCashFlowsCashOutflowsFromFinancingActivitiesInNextQuarter"/>
    <link:calculationArc xlink:type="arc" xlink:arcrole="http://www.xbrl.org/2003/arcrole/summation-item" xlink:from="LiquidityRiskProjectOnCashFlowsCashOutflowsInNextQuarter" xlink:to="LiquidityRiskProjectOnCashFlowsCashOutflowsFromFinancingActivitiesInNextQuarter" xlink:title="calculation: LiquidityRiskProjectOnCashFlowsCashOutflowsInNextQuarter to LiquidityRiskProjectOnCashFlowsCashOutflowsFromFinancingActivitiesInNextQuarter" use="optional" order="30.0" weight="1.0"/>
    <link:loc xlink:type="locator" xlink:href="../../c-ross_core_2015-12-31.xsd#c-ross_LiquidityRiskHighQualityLiquidAssetsAmountAfterConversion" xlink:label="LiquidityRiskHighQualityLiquidAssetsAmountAfterConversion" xlink:title="LiquidityRiskHighQualityLiquidAssetsAmountAfterConversion"/>
    <link:loc xlink:type="locator" xlink:href="../../c-ross_core_2015-12-31.xsd#c-ross_LiquidityRiskCashAmountAfterConversion" xlink:label="LiquidityRiskCashAmountAfterConversion" xlink:title="LiquidityRiskCashAmountAfterConversion"/>
    <link:calculationArc xlink:type="arc" xlink:arcrole="http://www.xbrl.org/2003/arcrole/summation-item" xlink:from="LiquidityRiskHighQualityLiquidAssetsAmountAfterConversion" xlink:to="LiquidityRiskCashAmountAfterConversion" xlink:title="calculation: LiquidityRiskHighQualityLiquidAssetsAmountAfterConversion to LiquidityRiskCashAmountAfterConversion" use="optional" order="10.0" weight="1.0"/>
    <link:loc xlink:type="locator" xlink:href="../../c-ross_core_2015-12-31.xsd#c-ross_LiquidityRiskGovernmentBondsAmountAfterConversion" xlink:label="LiquidityRiskGovernmentBondsAmountAfterConversion" xlink:title="LiquidityRiskGovernmentBondsAmountAfterConversion"/>
    <link:calculationArc xlink:type="arc" xlink:arcrole="http://www.xbrl.org/2003/arcrole/summation-item" xlink:from="LiquidityRiskHighQualityLiquidAssetsAmountAfterConversion" xlink:to="LiquidityRiskGovernmentBondsAmountAfterConversion" xlink:title="calculation: LiquidityRiskHighQualityLiquidAssetsAmountAfterConversion to LiquidityRiskGovernmentBondsAmountAfterConversion" use="optional" order="20.0" weight="1.0"/>
    <link:loc xlink:type="locator" xlink:href="../../c-ross_core_2015-12-31.xsd#c-ross_LiquidityRiskBondsAndBillsIssuedOrGuaranteedByCentralBankAmountAfterConversion" xlink:label="LiquidityRiskBondsAndBillsIssuedOrGuaranteedByCentralBankAmountAfterConversion" xlink:title="LiquidityRiskBondsAndBillsIssuedOrGuaranteedByCentralBankAmountAfterConversion"/>
    <link:calculationArc xlink:type="arc" xlink:arcrole="http://www.xbrl.org/2003/arcrole/summation-item" xlink:from="LiquidityRiskHighQualityLiquidAssetsAmountAfterConversion" xlink:to="LiquidityRiskBondsAndBillsIssuedOrGuaranteedByCentralBankAmountAfterConversion" xlink:title="calculation: LiquidityRiskHighQualityLiquidAssetsAmountAfterConversion to LiquidityRiskBondsAndBillsIssuedOrGuaranteedByCentralBankAmountAfterConversion" use="optional" order="30.0" weight="1.0"/>
    <link:loc xlink:type="locator" xlink:href="../../c-ross_core_2015-12-31.xsd#c-ross_LiquidityRiskTermDepositsAvailableForEarlyWithdrawalAmountAfterConversion" xlink:label="LiquidityRiskTermDepositsAvailableForEarlyWithdrawalAmountAfterConversion" xlink:title="LiquidityRiskTermDepositsAvailableForEarlyWithdrawalAmountAfterConversion"/>
    <link:calculationArc xlink:type="arc" xlink:arcrole="http://www.xbrl.org/2003/arcrole/summation-item" xlink:from="LiquidityRiskHighQualityLiquidAssetsAmountAfterConversion" xlink:to="LiquidityRiskTermDepositsAvailableForEarlyWithdrawalAmountAfterConversion" xlink:title="calculation: LiquidityRiskHighQualityLiquidAssetsAmountAfterConversion to LiquidityRiskTermDepositsAvailableForEarlyWithdrawalAmountAfterConversion" use="optional" order="40.0" weight="1.0"/>
    <link:loc xlink:type="locator" xlink:href="../../c-ross_core_2015-12-31.xsd#c-ross_LiquidityRiskNegotiatedDepositsAvailableForEarlyWithdrawalAmountAfterConversion" xlink:label="LiquidityRiskNegotiatedDepositsAvailableForEarlyWithdrawalAmountAfterConversion" xlink:title="LiquidityRiskNegotiatedDepositsAvailableForEarlyWithdrawalAmountAfterConversion"/>
    <link:calculationArc xlink:type="arc" xlink:arcrole="http://www.xbrl.org/2003/arcrole/summation-item" xlink:from="LiquidityRiskHighQualityLiquidAssetsAmountAfterConversion" xlink:to="LiquidityRiskNegotiatedDepositsAvailableForEarlyWithdrawalAmountAfterConversion" xlink:title="calculation: LiquidityRiskHighQualityLiquidAssetsAmountAfterConversion to LiquidityRiskNegotiatedDepositsAvailableForEarlyWithdrawalAmountAfterConversion" use="optional" order="50.0" weight="1.0"/>
    <link:loc xlink:type="locator" xlink:href="../../c-ross_core_2015-12-31.xsd#c-ross_LiquidityRiskAaaFinancialBondsIssuedByPolicyBanksAmountAfterConversion" xlink:label="LiquidityRiskAaaFinancialBondsIssuedByPolicyBanksAmountAfterConversion" xlink:title="LiquidityRiskAaaFinancialBondsIssuedByPolicyBanksAmountAfterConversion"/>
    <link:calculationArc xlink:type="arc" xlink:arcrole="http://www.xbrl.org/2003/arcrole/summation-item" xlink:from="LiquidityRiskHighQualityLiquidAssetsAmountAfterConversion" xlink:to="LiquidityRiskAaaFinancialBondsIssuedByPolicyBanksAmountAfterConversion" xlink:title="calculation: LiquidityRiskHighQualityLiquidAssetsAmountAfterConversion to LiquidityRiskAaaFinancialBondsIssuedByPolicyBanksAmountAfterConversion" use="optional" order="60.0" weight="1.0"/>
    <link:loc xlink:type="locator" xlink:href="../../c-ross_core_2015-12-31.xsd#c-ross_LiquidityRiskAaaFinancialBondsIssuedByCommercialBanksAmountAfterConversion" xlink:label="LiquidityRiskAaaFinancialBondsIssuedByCommercialBanksAmountAfterConversion" xlink:title="LiquidityRiskAaaFinancialBondsIssuedByCommercialBanksAmountAfterConversion"/>
    <link:calculationArc xlink:type="arc" xlink:arcrole="http://www.xbrl.org/2003/arcrole/summation-item" xlink:from="LiquidityRiskHighQualityLiquidAssetsAmountAfterConversion" xlink:to="LiquidityRiskAaaFinancialBondsIssuedByCommercialBanksAmountAfterConversion" xlink:title="calculation: LiquidityRiskHighQualityLiquidAssetsAmountAfterConversion to LiquidityRiskAaaFinancialBondsIssuedByCommercialBanksAmountAfterConversion" use="optional" order="70.0" weight="1.0"/>
    <link:loc xlink:type="locator" xlink:href="../../c-ross_core_2015-12-31.xsd#c-ross_LiquidityRiskAaaCorporateBondsAmountAfterConversion" xlink:label="LiquidityRiskAaaCorporateBondsAmountAfterConversion" xlink:title="LiquidityRiskAaaCorporateBondsAmountAfterConversion"/>
    <link:calculationArc xlink:type="arc" xlink:arcrole="http://www.xbrl.org/2003/arcrole/summation-item" xlink:from="LiquidityRiskHighQualityLiquidAssetsAmountAfterConversion" xlink:to="LiquidityRiskAaaCorporateBondsAmountAfterConversion" xlink:title="calculation: LiquidityRiskHighQualityLiquidAssetsAmountAfterConversion to LiquidityRiskAaaCorporateBondsAmountAfterConversion" use="optional" order="80.0" weight="1.0"/>
    <link:loc xlink:type="locator" xlink:href="../../c-ross_core_2015-12-31.xsd#c-ross_LiquidityRiskAaaEnterpriseBondsAmountAfterConversion" xlink:label="LiquidityRiskAaaEnterpriseBondsAmountAfterConversion" xlink:title="LiquidityRiskAaaEnterpriseBondsAmountAfterConversion"/>
    <link:calculationArc xlink:type="arc" xlink:arcrole="http://www.xbrl.org/2003/arcrole/summation-item" xlink:from="LiquidityRiskHighQualityLiquidAssetsAmountAfterConversion" xlink:to="LiquidityRiskAaaEnterpriseBondsAmountAfterConversion" xlink:title="calculation: LiquidityRiskHighQualityLiquidAssetsAmountAfterConversion to LiquidityRiskAaaEnterpriseBondsAmountAfterConversion" use="optional" order="90.0" weight="1.0"/>
    <link:loc xlink:type="locator" xlink:href="../../c-ross_core_2015-12-31.xsd#c-ross_LiquidityRiskListedStocksAmountAfterConversion" xlink:label="LiquidityRiskListedStocksAmountAfterConversion" xlink:title="LiquidityRiskListedStocksAmountAfterConversion"/>
    <link:calculationArc xlink:type="arc" xlink:arcrole="http://www.xbrl.org/2003/arcrole/summation-item" xlink:from="LiquidityRiskHighQualityLiquidAssetsAmountAfterConversion" xlink:to="LiquidityRiskListedStocksAmountAfterConversion" xlink:title="calculation: LiquidityRiskHighQualityLiquidAssetsAmountAfterConversion to LiquidityRiskListedStocksAmountAfterConversion" use="optional" order="100.0" weight="1.0"/>
  </link:calculationLink>
</link:linkbase>
