<?xml version="1.0" encoding="UTF-8"?>

<!--
	Taxonomy: 2015-12-31 (Final)
	**********************
	Copyright © 2015 China Insurance Regulatory Commission.
	All rights reserved.  No part of this publication may be translated, reprinted or reproduced
	or utilised in any form either in whole or in part without prior permission in writing from China Insurance Regulatory Commission.
	  **********************
	-->
<link:linkbase xmlns:xsi="http://www.w3.org/2001/XMLSchema-instance" xsi:schemaLocation="http://www.xbrl.org/2003/linkbase http://www.xbrl.org/2003/xbrl-linkbase-2003-12-31.xsd" xmlns:c-ross="http://xbrl.circ.gov.cn/taxonomy/2015-12-31/c-ross" xmlns:link="http://www.xbrl.org/2003/linkbase" xmlns:q_s_pc_entry_point="http://xbrl.circ.gov.cn/taxonomy/2015-12-31/c-ross/q_s_pc_entry_point" xmlns:xlink="http://www.w3.org/1999/xlink" xmlns:xbrli="http://www.xbrl.org/2003/instance">
  <link:roleRef roleURI="http://xbrl.circ.gov.cn/role/c-ross_2015-12-31_role-3180521" xlink:type="simple" xlink:href="rol_c-ross_12_2015-12-31.xsd#c-ross_2015-12-31-3180521"/>
  <link:calculationLink xlink:type="extended" xlink:role="http://xbrl.circ.gov.cn/role/c-ross_2015-12-31_role-3180521">
    <link:loc xlink:type="locator" xlink:href="../../c-ross_core_2015-12-31.xsd#c-ross_LiquidityRiskBookValueOfAssets" xlink:label="LiquidityRiskBookValueOfAssets" xlink:title="LiquidityRiskBookValueOfAssets"/>
    <link:loc xlink:type="locator" xlink:href="../../c-ross_core_2015-12-31.xsd#c-ross_LiquidityRiskBookValueOfCashAndCashEquivalents" xlink:label="LiquidityRiskBookValueOfCashAndCashEquivalents" xlink:title="LiquidityRiskBookValueOfCashAndCashEquivalents"/>
    <link:calculationArc xlink:type="arc" xlink:arcrole="http://www.xbrl.org/2003/arcrole/summation-item" xlink:from="LiquidityRiskBookValueOfAssets" xlink:to="LiquidityRiskBookValueOfCashAndCashEquivalents" xlink:title="calculation: LiquidityRiskBookValueOfAssets to LiquidityRiskBookValueOfCashAndCashEquivalents" order="10.0" weight="1.0"/>
    <link:loc xlink:type="locator" xlink:href="../../c-ross_core_2015-12-31.xsd#c-ross_LiquidityRiskBookValueOfInvestmentAssets" xlink:label="LiquidityRiskBookValueOfInvestmentAssets" xlink:title="LiquidityRiskBookValueOfInvestmentAssets"/>
    <link:calculationArc xlink:type="arc" xlink:arcrole="http://www.xbrl.org/2003/arcrole/summation-item" xlink:from="LiquidityRiskBookValueOfAssets" xlink:to="LiquidityRiskBookValueOfInvestmentAssets" xlink:title="calculation: LiquidityRiskBookValueOfAssets to LiquidityRiskBookValueOfInvestmentAssets" order="20.0" weight="1.0"/>
    <link:loc xlink:type="locator" xlink:href="../../c-ross_core_2015-12-31.xsd#c-ross_LiquidityRiskBookValueOfTermDepositsAndNegotiatedDeposits" xlink:label="LiquidityRiskBookValueOfTermDepositsAndNegotiatedDeposits" xlink:title="LiquidityRiskBookValueOfTermDepositsAndNegotiatedDeposits"/>
    <link:calculationArc xlink:type="arc" xlink:arcrole="http://www.xbrl.org/2003/arcrole/summation-item" xlink:from="LiquidityRiskBookValueOfInvestmentAssets" xlink:to="LiquidityRiskBookValueOfTermDepositsAndNegotiatedDeposits" xlink:title="calculation: LiquidityRiskBookValueOfInvestmentAssets to LiquidityRiskBookValueOfTermDepositsAndNegotiatedDeposits" use="optional" order="10.0" weight="1.0"/>
    <link:loc xlink:type="locator" xlink:href="../../c-ross_core_2015-12-31.xsd#c-ross_LiquidityRiskBookValueOfTreasuryBonds" xlink:label="LiquidityRiskBookValueOfTreasuryBonds" xlink:title="LiquidityRiskBookValueOfTreasuryBonds"/>
    <link:calculationArc xlink:type="arc" xlink:arcrole="http://www.xbrl.org/2003/arcrole/summation-item" xlink:from="LiquidityRiskBookValueOfInvestmentAssets" xlink:to="LiquidityRiskBookValueOfTreasuryBonds" xlink:title="calculation: LiquidityRiskBookValueOfInvestmentAssets to LiquidityRiskBookValueOfTreasuryBonds" use="optional" order="20.0" weight="1.0"/>
    <link:loc xlink:type="locator" xlink:href="../../c-ross_core_2015-12-31.xsd#c-ross_LiquidityRiskBookValueOfFinancialBonds" xlink:label="LiquidityRiskBookValueOfFinancialBonds" xlink:title="LiquidityRiskBookValueOfFinancialBonds"/>
    <link:calculationArc xlink:type="arc" xlink:arcrole="http://www.xbrl.org/2003/arcrole/summation-item" xlink:from="LiquidityRiskBookValueOfInvestmentAssets" xlink:to="LiquidityRiskBookValueOfFinancialBonds" xlink:title="calculation: LiquidityRiskBookValueOfInvestmentAssets to LiquidityRiskBookValueOfFinancialBonds" use="optional" order="30.0" weight="1.0"/>
    <link:loc xlink:type="locator" xlink:href="../../c-ross_core_2015-12-31.xsd#c-ross_LiquidityRiskBookValueOfCorporateBonds" xlink:label="LiquidityRiskBookValueOfCorporateBonds" xlink:title="LiquidityRiskBookValueOfCorporateBonds"/>
    <link:calculationArc xlink:type="arc" xlink:arcrole="http://www.xbrl.org/2003/arcrole/summation-item" xlink:from="LiquidityRiskBookValueOfInvestmentAssets" xlink:to="LiquidityRiskBookValueOfCorporateBonds" xlink:title="calculation: LiquidityRiskBookValueOfInvestmentAssets to LiquidityRiskBookValueOfCorporateBonds" use="optional" order="40.0" weight="1.0"/>
    <link:loc xlink:type="locator" xlink:href="../../c-ross_core_2015-12-31.xsd#c-ross_LiquidityRiskBookValueOfAssetSecuritizationProducts" xlink:label="LiquidityRiskBookValueOfAssetSecuritizationProducts" xlink:title="LiquidityRiskBookValueOfAssetSecuritizationProducts"/>
    <link:calculationArc xlink:type="arc" xlink:arcrole="http://www.xbrl.org/2003/arcrole/summation-item" xlink:from="LiquidityRiskBookValueOfInvestmentAssets" xlink:to="LiquidityRiskBookValueOfAssetSecuritizationProducts" xlink:title="calculation: LiquidityRiskBookValueOfInvestmentAssets to LiquidityRiskBookValueOfAssetSecuritizationProducts" use="optional" order="50.0" weight="1.0"/>
    <link:loc xlink:type="locator" xlink:href="../../c-ross_core_2015-12-31.xsd#c-ross_LiquidityRiskBookValueOfTrustAssets" xlink:label="LiquidityRiskBookValueOfTrustAssets" xlink:title="LiquidityRiskBookValueOfTrustAssets"/>
    <link:calculationArc xlink:type="arc" xlink:arcrole="http://www.xbrl.org/2003/arcrole/summation-item" xlink:from="LiquidityRiskBookValueOfInvestmentAssets" xlink:to="LiquidityRiskBookValueOfTrustAssets" xlink:title="calculation: LiquidityRiskBookValueOfInvestmentAssets to LiquidityRiskBookValueOfTrustAssets" use="optional" order="60.0" weight="1.0"/>
    <link:loc xlink:type="locator" xlink:href="../../c-ross_core_2015-12-31.xsd#c-ross_LiquidityRiskBookValueOfInvestmentInInfrastructures" xlink:label="LiquidityRiskBookValueOfInvestmentInInfrastructures" xlink:title="LiquidityRiskBookValueOfInvestmentInInfrastructures"/>
    <link:calculationArc xlink:type="arc" xlink:arcrole="http://www.xbrl.org/2003/arcrole/summation-item" xlink:from="LiquidityRiskBookValueOfInvestmentAssets" xlink:to="LiquidityRiskBookValueOfInvestmentInInfrastructures" xlink:title="calculation: LiquidityRiskBookValueOfInvestmentAssets to LiquidityRiskBookValueOfInvestmentInInfrastructures" use="optional" order="70.0" weight="1.0"/>
    <link:loc xlink:type="locator" xlink:href="../../c-ross_core_2015-12-31.xsd#c-ross_LiquidityRiskBookValueOfInsuranceAssetManagementProducts" xlink:label="LiquidityRiskBookValueOfInsuranceAssetManagementProducts" xlink:title="LiquidityRiskBookValueOfInsuranceAssetManagementProducts"/>
    <link:calculationArc xlink:type="arc" xlink:arcrole="http://www.xbrl.org/2003/arcrole/summation-item" xlink:from="LiquidityRiskBookValueOfInvestmentAssets" xlink:to="LiquidityRiskBookValueOfInsuranceAssetManagementProducts" xlink:title="calculation: LiquidityRiskBookValueOfInvestmentAssets to LiquidityRiskBookValueOfInsuranceAssetManagementProducts" use="optional" order="80.0" weight="1.0"/>
    <link:loc xlink:type="locator" xlink:href="../../c-ross_core_2015-12-31.xsd#c-ross_LiquidityRiskBookValueOfEquityInvestment" xlink:label="LiquidityRiskBookValueOfEquityInvestment" xlink:title="LiquidityRiskBookValueOfEquityInvestment"/>
    <link:calculationArc xlink:type="arc" xlink:arcrole="http://www.xbrl.org/2003/arcrole/summation-item" xlink:from="LiquidityRiskBookValueOfInvestmentAssets" xlink:to="LiquidityRiskBookValueOfEquityInvestment" xlink:title="calculation: LiquidityRiskBookValueOfInvestmentAssets to LiquidityRiskBookValueOfEquityInvestment" use="optional" order="90.0" weight="1.0"/>
    <link:loc xlink:type="locator" xlink:href="../../c-ross_core_2015-12-31.xsd#c-ross_LiquidityRiskBookValueOfLoans" xlink:label="LiquidityRiskBookValueOfLoans" xlink:title="LiquidityRiskBookValueOfLoans"/>
    <link:calculationArc xlink:type="arc" xlink:arcrole="http://www.xbrl.org/2003/arcrole/summation-item" xlink:from="LiquidityRiskBookValueOfInvestmentAssets" xlink:to="LiquidityRiskBookValueOfLoans" xlink:title="calculation: LiquidityRiskBookValueOfInvestmentAssets to LiquidityRiskBookValueOfLoans" use="optional" order="100.0" weight="1.0"/>
    <link:loc xlink:type="locator" xlink:href="../../c-ross_core_2015-12-31.xsd#c-ross_LiquidityRiskBookValueOfInvestmentProperty" xlink:label="LiquidityRiskBookValueOfInvestmentProperty" xlink:title="LiquidityRiskBookValueOfInvestmentProperty"/>
    <link:calculationArc xlink:type="arc" xlink:arcrole="http://www.xbrl.org/2003/arcrole/summation-item" xlink:from="LiquidityRiskBookValueOfInvestmentAssets" xlink:to="LiquidityRiskBookValueOfInvestmentProperty" xlink:title="calculation: LiquidityRiskBookValueOfInvestmentAssets to LiquidityRiskBookValueOfInvestmentProperty" use="optional" order="110.0" weight="1.0"/>
    <link:loc xlink:type="locator" xlink:href="../../c-ross_core_2015-12-31.xsd#c-ross_LiquidityRiskBookValueOfDerivativeFinancialInstruments" xlink:label="LiquidityRiskBookValueOfDerivativeFinancialInstruments" xlink:title="LiquidityRiskBookValueOfDerivativeFinancialInstruments"/>
    <link:calculationArc xlink:type="arc" xlink:arcrole="http://www.xbrl.org/2003/arcrole/summation-item" xlink:from="LiquidityRiskBookValueOfInvestmentAssets" xlink:to="LiquidityRiskBookValueOfDerivativeFinancialInstruments" xlink:title="calculation: LiquidityRiskBookValueOfInvestmentAssets to LiquidityRiskBookValueOfDerivativeFinancialInstruments" use="optional" order="120.0" weight="1.0"/>
    <link:loc xlink:type="locator" xlink:href="../../c-ross_core_2015-12-31.xsd#c-ross_LiquidityRiskBookValueOfOtherInvestmentAssets" xlink:label="LiquidityRiskBookValueOfOtherInvestmentAssets" xlink:title="LiquidityRiskBookValueOfOtherInvestmentAssets"/>
    <link:calculationArc xlink:type="arc" xlink:arcrole="http://www.xbrl.org/2003/arcrole/summation-item" xlink:from="LiquidityRiskBookValueOfInvestmentAssets" xlink:to="LiquidityRiskBookValueOfOtherInvestmentAssets" xlink:title="calculation: LiquidityRiskBookValueOfInvestmentAssets to LiquidityRiskBookValueOfOtherInvestmentAssets" use="optional" order="130.0" weight="1.0"/>
    <link:loc xlink:type="locator" xlink:href="../../c-ross_core_2015-12-31.xsd#c-ross_LiquidityRiskBookValueOfReceivables" xlink:label="LiquidityRiskBookValueOfReceivables" xlink:title="LiquidityRiskBookValueOfReceivables"/>
    <link:calculationArc xlink:type="arc" xlink:arcrole="http://www.xbrl.org/2003/arcrole/summation-item" xlink:from="LiquidityRiskBookValueOfAssets" xlink:to="LiquidityRiskBookValueOfReceivables" xlink:title="calculation: LiquidityRiskBookValueOfAssets to LiquidityRiskBookValueOfReceivables" order="30.0" weight="1.0"/>
    <link:loc xlink:type="locator" xlink:href="../../c-ross_core_2015-12-31.xsd#c-ross_LiquidityRiskBookValueOfOtherAssets" xlink:label="LiquidityRiskBookValueOfOtherAssets" xlink:title="LiquidityRiskBookValueOfOtherAssets"/>
    <link:calculationArc xlink:type="arc" xlink:arcrole="http://www.xbrl.org/2003/arcrole/summation-item" xlink:from="LiquidityRiskBookValueOfAssets" xlink:to="LiquidityRiskBookValueOfOtherAssets" xlink:title="calculation: LiquidityRiskBookValueOfAssets to LiquidityRiskBookValueOfOtherAssets" order="40.0" weight="1.0"/>
    <link:loc xlink:type="locator" xlink:href="../../c-ross_core_2015-12-31.xsd#c-ross_LiquidityRiskBookValueOfSeparateAccountAssets" xlink:label="LiquidityRiskBookValueOfSeparateAccountAssets" xlink:title="LiquidityRiskBookValueOfSeparateAccountAssets"/>
    <link:calculationArc xlink:type="arc" xlink:arcrole="http://www.xbrl.org/2003/arcrole/summation-item" xlink:from="LiquidityRiskBookValueOfAssets" xlink:to="LiquidityRiskBookValueOfSeparateAccountAssets" xlink:title="calculation: LiquidityRiskBookValueOfAssets to LiquidityRiskBookValueOfSeparateAccountAssets" order="50.0" weight="1.0"/>
    <link:loc xlink:type="locator" xlink:href="../../c-ross_core_2015-12-31.xsd#c-ross_LiquidityRiskBookValueOfLiabilities" xlink:label="LiquidityRiskBookValueOfLiabilities" xlink:title="LiquidityRiskBookValueOfLiabilities"/>
    <link:loc xlink:type="locator" xlink:href="../../c-ross_core_2015-12-31.xsd#c-ross_LiquidityRiskBookValueOfPolicyholderDepositsAndInvestments" xlink:label="LiquidityRiskBookValueOfPolicyholderDepositsAndInvestments" xlink:title="LiquidityRiskBookValueOfPolicyholderDepositsAndInvestments"/>
    <link:calculationArc xlink:type="arc" xlink:arcrole="http://www.xbrl.org/2003/arcrole/summation-item" xlink:from="LiquidityRiskBookValueOfLiabilities" xlink:to="LiquidityRiskBookValueOfPolicyholderDepositsAndInvestments" xlink:title="calculation: LiquidityRiskBookValueOfLiabilities to LiquidityRiskBookValueOfPolicyholderDepositsAndInvestments" order="50.0" weight="1.0"/>
    <link:loc xlink:type="locator" xlink:href="../../c-ross_core_2015-12-31.xsd#c-ross_LiquidityRiskBookValueOfOtherLiabilities" xlink:label="LiquidityRiskBookValueOfOtherLiabilities" xlink:title="LiquidityRiskBookValueOfOtherLiabilities"/>
    <link:calculationArc xlink:type="arc" xlink:arcrole="http://www.xbrl.org/2003/arcrole/summation-item" xlink:from="LiquidityRiskBookValueOfLiabilities" xlink:to="LiquidityRiskBookValueOfOtherLiabilities" xlink:title="calculation: LiquidityRiskBookValueOfLiabilities to LiquidityRiskBookValueOfOtherLiabilities" order="130.0" weight="1.0"/>
    <link:loc xlink:type="locator" xlink:href="../../c-ross_core_2015-12-31.xsd#c-ross_LiquidityRiskBookValueOfSecuritiesSoldUnderRepurchaseAgreements" xlink:label="LiquidityRiskBookValueOfSecuritiesSoldUnderRepurchaseAgreements" xlink:title="LiquidityRiskBookValueOfSecuritiesSoldUnderRepurchaseAgreements"/>
    <link:calculationArc xlink:type="arc" xlink:arcrole="http://www.xbrl.org/2003/arcrole/summation-item" xlink:from="LiquidityRiskBookValueOfLiabilities" xlink:to="LiquidityRiskBookValueOfSecuritiesSoldUnderRepurchaseAgreements" xlink:title="calculation: LiquidityRiskBookValueOfLiabilities to LiquidityRiskBookValueOfSecuritiesSoldUnderRepurchaseAgreements" order="90.0" weight="1.0"/>
    <link:loc xlink:type="locator" xlink:href="../../c-ross_core_2015-12-31.xsd#c-ross_LiquidityRiskBookValueOfLifeInsurancePremiumReserve" xlink:label="LiquidityRiskBookValueOfLifeInsurancePremiumReserve" xlink:title="LiquidityRiskBookValueOfLifeInsurancePremiumReserve"/>
    <link:calculationArc xlink:type="arc" xlink:arcrole="http://www.xbrl.org/2003/arcrole/summation-item" xlink:from="LiquidityRiskBookValueOfLiabilities" xlink:to="LiquidityRiskBookValueOfLifeInsurancePremiumReserve" xlink:title="calculation: LiquidityRiskBookValueOfLiabilities to LiquidityRiskBookValueOfLifeInsurancePremiumReserve" order="20.0" weight="1.0"/>
    <link:loc xlink:type="locator" xlink:href="../../c-ross_core_2015-12-31.xsd#c-ross_LiquidityRiskBookValueOfCommissionsPayable" xlink:label="LiquidityRiskBookValueOfCommissionsPayable" xlink:title="LiquidityRiskBookValueOfCommissionsPayable"/>
    <link:calculationArc xlink:type="arc" xlink:arcrole="http://www.xbrl.org/2003/arcrole/summation-item" xlink:from="LiquidityRiskBookValueOfLiabilities" xlink:to="LiquidityRiskBookValueOfCommissionsPayable" xlink:title="calculation: LiquidityRiskBookValueOfLiabilities to LiquidityRiskBookValueOfCommissionsPayable" order="70.0" weight="1.0"/>
    <link:loc xlink:type="locator" xlink:href="../../c-ross_core_2015-12-31.xsd#c-ross_LiquidityRiskBookValueOfPolicyholderBonusesPayable" xlink:label="LiquidityRiskBookValueOfPolicyholderBonusesPayable" xlink:title="LiquidityRiskBookValueOfPolicyholderBonusesPayable"/>
    <link:calculationArc xlink:type="arc" xlink:arcrole="http://www.xbrl.org/2003/arcrole/summation-item" xlink:from="LiquidityRiskBookValueOfLiabilities" xlink:to="LiquidityRiskBookValueOfPolicyholderBonusesPayable" xlink:title="calculation: LiquidityRiskBookValueOfLiabilities to LiquidityRiskBookValueOfPolicyholderBonusesPayable" order="60.0" weight="1.0"/>
    <link:loc xlink:type="locator" xlink:href="../../c-ross_core_2015-12-31.xsd#c-ross_LiquidityRiskBookValueOfBondsPayable" xlink:label="LiquidityRiskBookValueOfBondsPayable" xlink:title="LiquidityRiskBookValueOfBondsPayable"/>
    <link:calculationArc xlink:type="arc" xlink:arcrole="http://www.xbrl.org/2003/arcrole/summation-item" xlink:from="LiquidityRiskBookValueOfLiabilities" xlink:to="LiquidityRiskBookValueOfBondsPayable" xlink:title="calculation: LiquidityRiskBookValueOfLiabilities to LiquidityRiskBookValueOfBondsPayable" order="110.0" weight="1.0"/>
    <link:loc xlink:type="locator" xlink:href="../../c-ross_core_2015-12-31.xsd#c-ross_LiquidityRiskBookValueOfPayables" xlink:label="LiquidityRiskBookValueOfPayables" xlink:title="LiquidityRiskBookValueOfPayables"/>
    <link:calculationArc xlink:type="arc" xlink:arcrole="http://www.xbrl.org/2003/arcrole/summation-item" xlink:from="LiquidityRiskBookValueOfLiabilities" xlink:to="LiquidityRiskBookValueOfPayables" xlink:title="calculation: LiquidityRiskBookValueOfLiabilities to LiquidityRiskBookValueOfPayables" order="80.0" weight="1.0"/>
    <link:loc xlink:type="locator" xlink:href="../../c-ross_core_2015-12-31.xsd#c-ross_LiquidityRiskBookValueOfSecuritiesPayableUnderResaleAgreements" xlink:label="LiquidityRiskBookValueOfSecuritiesPayableUnderResaleAgreements" xlink:title="LiquidityRiskBookValueOfSecuritiesPayableUnderResaleAgreements"/>
    <link:calculationArc xlink:type="arc" xlink:arcrole="http://www.xbrl.org/2003/arcrole/summation-item" xlink:from="LiquidityRiskBookValueOfLiabilities" xlink:to="LiquidityRiskBookValueOfSecuritiesPayableUnderResaleAgreements" xlink:title="calculation: LiquidityRiskBookValueOfLiabilities to LiquidityRiskBookValueOfSecuritiesPayableUnderResaleAgreements" order="100.0" weight="1.0"/>
    <link:loc xlink:type="locator" xlink:href="../../c-ross_core_2015-12-31.xsd#c-ross_LiquidityRiskBookValueOfOutstandingLossReserve" xlink:label="LiquidityRiskBookValueOfOutstandingLossReserve" xlink:title="LiquidityRiskBookValueOfOutstandingLossReserve"/>
    <link:calculationArc xlink:type="arc" xlink:arcrole="http://www.xbrl.org/2003/arcrole/summation-item" xlink:from="LiquidityRiskBookValueOfLiabilities" xlink:to="LiquidityRiskBookValueOfOutstandingLossReserve" xlink:title="calculation: LiquidityRiskBookValueOfLiabilities to LiquidityRiskBookValueOfOutstandingLossReserve" order="40.0" weight="1.0"/>
    <link:loc xlink:type="locator" xlink:href="../../c-ross_core_2015-12-31.xsd#c-ross_LiquidityRiskBookValueOfUnearnedPremiumReserve" xlink:label="LiquidityRiskBookValueOfUnearnedPremiumReserve" xlink:title="LiquidityRiskBookValueOfUnearnedPremiumReserve"/>
    <link:calculationArc xlink:type="arc" xlink:arcrole="http://www.xbrl.org/2003/arcrole/summation-item" xlink:from="LiquidityRiskBookValueOfLiabilities" xlink:to="LiquidityRiskBookValueOfUnearnedPremiumReserve" xlink:title="calculation: LiquidityRiskBookValueOfLiabilities to LiquidityRiskBookValueOfUnearnedPremiumReserve" order="10.0" weight="1.0"/>
    <link:loc xlink:type="locator" xlink:href="../../c-ross_core_2015-12-31.xsd#c-ross_LiquidityRiskBookValueOfSeparateAccountLiabilities" xlink:label="LiquidityRiskBookValueOfSeparateAccountLiabilities" xlink:title="LiquidityRiskBookValueOfSeparateAccountLiabilities"/>
    <link:calculationArc xlink:type="arc" xlink:arcrole="http://www.xbrl.org/2003/arcrole/summation-item" xlink:from="LiquidityRiskBookValueOfLiabilities" xlink:to="LiquidityRiskBookValueOfSeparateAccountLiabilities" xlink:title="calculation: LiquidityRiskBookValueOfLiabilities to LiquidityRiskBookValueOfSeparateAccountLiabilities" order="140.0" weight="1.0"/>
    <link:loc xlink:type="locator" xlink:href="../../c-ross_core_2015-12-31.xsd#c-ross_LiquidityRiskBookValueOfLongTermHealthInsurancePremiumReserve" xlink:label="LiquidityRiskBookValueOfLongTermHealthInsurancePremiumReserve" xlink:title="LiquidityRiskBookValueOfLongTermHealthInsurancePremiumReserve"/>
    <link:calculationArc xlink:type="arc" xlink:arcrole="http://www.xbrl.org/2003/arcrole/summation-item" xlink:from="LiquidityRiskBookValueOfLiabilities" xlink:to="LiquidityRiskBookValueOfLongTermHealthInsurancePremiumReserve" xlink:title="calculation: LiquidityRiskBookValueOfLiabilities to LiquidityRiskBookValueOfLongTermHealthInsurancePremiumReserve" order="30.0" weight="1.0"/>
    <link:loc xlink:type="locator" xlink:href="../../c-ross_core_2015-12-31.xsd#c-ross_LiquidityRiskBookValueOfEstimatedLiabilities" xlink:label="LiquidityRiskBookValueOfEstimatedLiabilities" xlink:title="LiquidityRiskBookValueOfEstimatedLiabilities"/>
    <link:calculationArc xlink:type="arc" xlink:arcrole="http://www.xbrl.org/2003/arcrole/summation-item" xlink:from="LiquidityRiskBookValueOfLiabilities" xlink:to="LiquidityRiskBookValueOfEstimatedLiabilities" xlink:title="calculation: LiquidityRiskBookValueOfLiabilities to LiquidityRiskBookValueOfEstimatedLiabilities" order="120.0" weight="1.0"/>
    <link:loc xlink:type="locator" xlink:href="../../c-ross_core_2015-12-31.xsd#c-ross_LiquidityRiskEstimatedNetCashInflowsOfAssetsAndLiabilities" xlink:label="LiquidityRiskEstimatedNetCashInflowsOfAssetsAndLiabilities" xlink:title="LiquidityRiskEstimatedNetCashInflowsOfAssetsAndLiabilities"/>
    <link:loc xlink:type="locator" xlink:href="../../c-ross_core_2015-12-31.xsd#c-ross_LiquidityRiskContractualUndiscountedCashFlowsOfAssets" xlink:label="LiquidityRiskContractualUndiscountedCashFlowsOfAssets" xlink:title="LiquidityRiskContractualUndiscountedCashFlowsOfAssets"/>
    <link:calculationArc xlink:type="arc" xlink:arcrole="http://www.xbrl.org/2003/arcrole/summation-item" xlink:from="LiquidityRiskEstimatedNetCashInflowsOfAssetsAndLiabilities" xlink:to="LiquidityRiskContractualUndiscountedCashFlowsOfAssets" xlink:title="calculation: LiquidityRiskEstimatedNetCashInflowsOfAssetsAndLiabilities to LiquidityRiskContractualUndiscountedCashFlowsOfAssets" order="10.0" weight="1.0"/>
    <link:loc xlink:type="locator" xlink:href="../../c-ross_core_2015-12-31.xsd#c-ross_LiquidityRiskContractualUndiscountedCashFlowsOfCashAndCashEquivalents" xlink:label="LiquidityRiskContractualUndiscountedCashFlowsOfCashAndCashEquivalents" xlink:title="LiquidityRiskContractualUndiscountedCashFlowsOfCashAndCashEquivalents"/>
    <link:calculationArc xlink:type="arc" xlink:arcrole="http://www.xbrl.org/2003/arcrole/summation-item" xlink:from="LiquidityRiskContractualUndiscountedCashFlowsOfAssets" xlink:to="LiquidityRiskContractualUndiscountedCashFlowsOfCashAndCashEquivalents" xlink:title="calculation: LiquidityRiskContractualUndiscountedCashFlowsOfAssets to LiquidityRiskContractualUndiscountedCashFlowsOfCashAndCashEquivalents" order="10.0" weight="1.0"/>
    <link:loc xlink:type="locator" xlink:href="../../c-ross_core_2015-12-31.xsd#c-ross_LiquidityRiskContractualUndiscountedCashFlowsOfInvestmentAssets" xlink:label="LiquidityRiskContractualUndiscountedCashFlowsOfInvestmentAssets" xlink:title="LiquidityRiskContractualUndiscountedCashFlowsOfInvestmentAssets"/>
    <link:calculationArc xlink:type="arc" xlink:arcrole="http://www.xbrl.org/2003/arcrole/summation-item" xlink:from="LiquidityRiskContractualUndiscountedCashFlowsOfAssets" xlink:to="LiquidityRiskContractualUndiscountedCashFlowsOfInvestmentAssets" xlink:title="calculation: LiquidityRiskContractualUndiscountedCashFlowsOfAssets to LiquidityRiskContractualUndiscountedCashFlowsOfInvestmentAssets" order="20.0" weight="1.0"/>
    <link:loc xlink:type="locator" xlink:href="../../c-ross_core_2015-12-31.xsd#c-ross_LiquidityRiskContractualUndiscountedCashFlowsOfTermDepositsAndNegotiatedDeposits" xlink:label="LiquidityRiskContractualUndiscountedCashFlowsOfTermDepositsAndNegotiatedDeposits" xlink:title="LiquidityRiskContractualUndiscountedCashFlowsOfTermDepositsAndNegotiatedDeposits"/>
    <link:calculationArc xlink:type="arc" xlink:arcrole="http://www.xbrl.org/2003/arcrole/summation-item" xlink:from="LiquidityRiskContractualUndiscountedCashFlowsOfInvestmentAssets" xlink:to="LiquidityRiskContractualUndiscountedCashFlowsOfTermDepositsAndNegotiatedDeposits" xlink:title="calculation: LiquidityRiskContractualUndiscountedCashFlowsOfInvestmentAssets to LiquidityRiskContractualUndiscountedCashFlowsOfTermDepositsAndNegotiatedDeposits" use="optional" order="10.0" weight="1.0"/>
    <link:loc xlink:type="locator" xlink:href="../../c-ross_core_2015-12-31.xsd#c-ross_LiquidityRiskContractualUndiscountedCashFlowsOfTreasuryBonds" xlink:label="LiquidityRiskContractualUndiscountedCashFlowsOfTreasuryBonds" xlink:title="LiquidityRiskContractualUndiscountedCashFlowsOfTreasuryBonds"/>
    <link:calculationArc xlink:type="arc" xlink:arcrole="http://www.xbrl.org/2003/arcrole/summation-item" xlink:from="LiquidityRiskContractualUndiscountedCashFlowsOfInvestmentAssets" xlink:to="LiquidityRiskContractualUndiscountedCashFlowsOfTreasuryBonds" xlink:title="calculation: LiquidityRiskContractualUndiscountedCashFlowsOfInvestmentAssets to LiquidityRiskContractualUndiscountedCashFlowsOfTreasuryBonds" use="optional" order="20.0" weight="1.0"/>
    <link:loc xlink:type="locator" xlink:href="../../c-ross_core_2015-12-31.xsd#c-ross_LiquidityRiskContractualUndiscountedCashFlowsOfFinancialBonds" xlink:label="LiquidityRiskContractualUndiscountedCashFlowsOfFinancialBonds" xlink:title="LiquidityRiskContractualUndiscountedCashFlowsOfFinancialBonds"/>
    <link:calculationArc xlink:type="arc" xlink:arcrole="http://www.xbrl.org/2003/arcrole/summation-item" xlink:from="LiquidityRiskContractualUndiscountedCashFlowsOfInvestmentAssets" xlink:to="LiquidityRiskContractualUndiscountedCashFlowsOfFinancialBonds" xlink:title="calculation: LiquidityRiskContractualUndiscountedCashFlowsOfInvestmentAssets to LiquidityRiskContractualUndiscountedCashFlowsOfFinancialBonds" use="optional" order="30.0" weight="1.0"/>
    <link:loc xlink:type="locator" xlink:href="../../c-ross_core_2015-12-31.xsd#c-ross_LiquidityRiskContractualUndiscountedCashFlowsOfCorporateBonds" xlink:label="LiquidityRiskContractualUndiscountedCashFlowsOfCorporateBonds" xlink:title="LiquidityRiskContractualUndiscountedCashFlowsOfCorporateBonds"/>
    <link:calculationArc xlink:type="arc" xlink:arcrole="http://www.xbrl.org/2003/arcrole/summation-item" xlink:from="LiquidityRiskContractualUndiscountedCashFlowsOfInvestmentAssets" xlink:to="LiquidityRiskContractualUndiscountedCashFlowsOfCorporateBonds" xlink:title="calculation: LiquidityRiskContractualUndiscountedCashFlowsOfInvestmentAssets to LiquidityRiskContractualUndiscountedCashFlowsOfCorporateBonds" use="optional" order="40.0" weight="1.0"/>
    <link:loc xlink:type="locator" xlink:href="../../c-ross_core_2015-12-31.xsd#c-ross_LiquidityRiskContractualUndiscountedCashFlowsOfAssetSecuritizationProducts" xlink:label="LiquidityRiskContractualUndiscountedCashFlowsOfAssetSecuritizationProducts" xlink:title="LiquidityRiskContractualUndiscountedCashFlowsOfAssetSecuritizationProducts"/>
    <link:calculationArc xlink:type="arc" xlink:arcrole="http://www.xbrl.org/2003/arcrole/summation-item" xlink:from="LiquidityRiskContractualUndiscountedCashFlowsOfInvestmentAssets" xlink:to="LiquidityRiskContractualUndiscountedCashFlowsOfAssetSecuritizationProducts" xlink:title="calculation: LiquidityRiskContractualUndiscountedCashFlowsOfInvestmentAssets to LiquidityRiskContractualUndiscountedCashFlowsOfAssetSecuritizationProducts" use="optional" order="50.0" weight="1.0"/>
    <link:loc xlink:type="locator" xlink:href="../../c-ross_core_2015-12-31.xsd#c-ross_LiquidityRiskContractualUndiscountedCashFlowsOfTrustAssets" xlink:label="LiquidityRiskContractualUndiscountedCashFlowsOfTrustAssets" xlink:title="LiquidityRiskContractualUndiscountedCashFlowsOfTrustAssets"/>
    <link:calculationArc xlink:type="arc" xlink:arcrole="http://www.xbrl.org/2003/arcrole/summation-item" xlink:from="LiquidityRiskContractualUndiscountedCashFlowsOfInvestmentAssets" xlink:to="LiquidityRiskContractualUndiscountedCashFlowsOfTrustAssets" xlink:title="calculation: LiquidityRiskContractualUndiscountedCashFlowsOfInvestmentAssets to LiquidityRiskContractualUndiscountedCashFlowsOfTrustAssets" use="optional" order="60.0" weight="1.0"/>
    <link:loc xlink:type="locator" xlink:href="../../c-ross_core_2015-12-31.xsd#c-ross_LiquidityRiskContractualUndiscountedCashFlowsOfInvestmentInInfrastructures" xlink:label="LiquidityRiskContractualUndiscountedCashFlowsOfInvestmentInInfrastructures" xlink:title="LiquidityRiskContractualUndiscountedCashFlowsOfInvestmentInInfrastructures"/>
    <link:calculationArc xlink:type="arc" xlink:arcrole="http://www.xbrl.org/2003/arcrole/summation-item" xlink:from="LiquidityRiskContractualUndiscountedCashFlowsOfInvestmentAssets" xlink:to="LiquidityRiskContractualUndiscountedCashFlowsOfInvestmentInInfrastructures" xlink:title="calculation: LiquidityRiskContractualUndiscountedCashFlowsOfInvestmentAssets to LiquidityRiskContractualUndiscountedCashFlowsOfInvestmentInInfrastructures" use="optional" order="70.0" weight="1.0"/>
    <link:loc xlink:type="locator" xlink:href="../../c-ross_core_2015-12-31.xsd#c-ross_LiquidityRiskContractualUndiscountedCashFlowsOfInsuranceAssetManagementProducts" xlink:label="LiquidityRiskContractualUndiscountedCashFlowsOfInsuranceAssetManagementProducts" xlink:title="LiquidityRiskContractualUndiscountedCashFlowsOfInsuranceAssetManagementProducts"/>
    <link:calculationArc xlink:type="arc" xlink:arcrole="http://www.xbrl.org/2003/arcrole/summation-item" xlink:from="LiquidityRiskContractualUndiscountedCashFlowsOfInvestmentAssets" xlink:to="LiquidityRiskContractualUndiscountedCashFlowsOfInsuranceAssetManagementProducts" xlink:title="calculation: LiquidityRiskContractualUndiscountedCashFlowsOfInvestmentAssets to LiquidityRiskContractualUndiscountedCashFlowsOfInsuranceAssetManagementProducts" use="optional" order="80.0" weight="1.0"/>
    <link:loc xlink:type="locator" xlink:href="../../c-ross_core_2015-12-31.xsd#c-ross_LiquidityRiskContractualUndiscountedCashFlowsOfEquityInvestment" xlink:label="LiquidityRiskContractualUndiscountedCashFlowsOfEquityInvestment" xlink:title="LiquidityRiskContractualUndiscountedCashFlowsOfEquityInvestment"/>
    <link:calculationArc xlink:type="arc" xlink:arcrole="http://www.xbrl.org/2003/arcrole/summation-item" xlink:from="LiquidityRiskContractualUndiscountedCashFlowsOfInvestmentAssets" xlink:to="LiquidityRiskContractualUndiscountedCashFlowsOfEquityInvestment" xlink:title="calculation: LiquidityRiskContractualUndiscountedCashFlowsOfInvestmentAssets to LiquidityRiskContractualUndiscountedCashFlowsOfEquityInvestment" use="optional" order="90.0" weight="1.0"/>
    <link:loc xlink:type="locator" xlink:href="../../c-ross_core_2015-12-31.xsd#c-ross_LiquidityRiskContractualUndiscountedCashFlowsOfLoans" xlink:label="LiquidityRiskContractualUndiscountedCashFlowsOfLoans" xlink:title="LiquidityRiskContractualUndiscountedCashFlowsOfLoans"/>
    <link:calculationArc xlink:type="arc" xlink:arcrole="http://www.xbrl.org/2003/arcrole/summation-item" xlink:from="LiquidityRiskContractualUndiscountedCashFlowsOfInvestmentAssets" xlink:to="LiquidityRiskContractualUndiscountedCashFlowsOfLoans" xlink:title="calculation: LiquidityRiskContractualUndiscountedCashFlowsOfInvestmentAssets to LiquidityRiskContractualUndiscountedCashFlowsOfLoans" use="optional" order="100.0" weight="1.0"/>
    <link:loc xlink:type="locator" xlink:href="../../c-ross_core_2015-12-31.xsd#c-ross_LiquidityRiskContractualUndiscountedCashFlowsOfInvestmentProperty" xlink:label="LiquidityRiskContractualUndiscountedCashFlowsOfInvestmentProperty" xlink:title="LiquidityRiskContractualUndiscountedCashFlowsOfInvestmentProperty"/>
    <link:calculationArc xlink:type="arc" xlink:arcrole="http://www.xbrl.org/2003/arcrole/summation-item" xlink:from="LiquidityRiskContractualUndiscountedCashFlowsOfInvestmentAssets" xlink:to="LiquidityRiskContractualUndiscountedCashFlowsOfInvestmentProperty" xlink:title="calculation: LiquidityRiskContractualUndiscountedCashFlowsOfInvestmentAssets to LiquidityRiskContractualUndiscountedCashFlowsOfInvestmentProperty" use="optional" order="110.0" weight="1.0"/>
    <link:loc xlink:type="locator" xlink:href="../../c-ross_core_2015-12-31.xsd#c-ross_LiquidityRiskContractualUndiscountedCashFlowsOfDerivativeFinancialInstruments" xlink:label="LiquidityRiskContractualUndiscountedCashFlowsOfDerivativeFinancialInstruments" xlink:title="LiquidityRiskContractualUndiscountedCashFlowsOfDerivativeFinancialInstruments"/>
    <link:calculationArc xlink:type="arc" xlink:arcrole="http://www.xbrl.org/2003/arcrole/summation-item" xlink:from="LiquidityRiskContractualUndiscountedCashFlowsOfInvestmentAssets" xlink:to="LiquidityRiskContractualUndiscountedCashFlowsOfDerivativeFinancialInstruments" xlink:title="calculation: LiquidityRiskContractualUndiscountedCashFlowsOfInvestmentAssets to LiquidityRiskContractualUndiscountedCashFlowsOfDerivativeFinancialInstruments" use="optional" order="120.0" weight="1.0"/>
    <link:loc xlink:type="locator" xlink:href="../../c-ross_core_2015-12-31.xsd#c-ross_LiquidityRiskContractualUndiscountedCashFlowsOfOtherInvestmentAssets" xlink:label="LiquidityRiskContractualUndiscountedCashFlowsOfOtherInvestmentAssets" xlink:title="LiquidityRiskContractualUndiscountedCashFlowsOfOtherInvestmentAssets"/>
    <link:calculationArc xlink:type="arc" xlink:arcrole="http://www.xbrl.org/2003/arcrole/summation-item" xlink:from="LiquidityRiskContractualUndiscountedCashFlowsOfInvestmentAssets" xlink:to="LiquidityRiskContractualUndiscountedCashFlowsOfOtherInvestmentAssets" xlink:title="calculation: LiquidityRiskContractualUndiscountedCashFlowsOfInvestmentAssets to LiquidityRiskContractualUndiscountedCashFlowsOfOtherInvestmentAssets" use="optional" order="130.0" weight="1.0"/>
    <link:loc xlink:type="locator" xlink:href="../../c-ross_core_2015-12-31.xsd#c-ross_LiquidityRiskContractualUndiscountedCashFlowsOfReceivables" xlink:label="LiquidityRiskContractualUndiscountedCashFlowsOfReceivables" xlink:title="LiquidityRiskContractualUndiscountedCashFlowsOfReceivables"/>
    <link:calculationArc xlink:type="arc" xlink:arcrole="http://www.xbrl.org/2003/arcrole/summation-item" xlink:from="LiquidityRiskContractualUndiscountedCashFlowsOfAssets" xlink:to="LiquidityRiskContractualUndiscountedCashFlowsOfReceivables" xlink:title="calculation: LiquidityRiskContractualUndiscountedCashFlowsOfAssets to LiquidityRiskContractualUndiscountedCashFlowsOfReceivables" order="30.0" weight="1.0"/>
    <link:loc xlink:type="locator" xlink:href="../../c-ross_core_2015-12-31.xsd#c-ross_LiquidityRiskContractualUndiscountedCashFlowsOfOtherAssets" xlink:label="LiquidityRiskContractualUndiscountedCashFlowsOfOtherAssets" xlink:title="LiquidityRiskContractualUndiscountedCashFlowsOfOtherAssets"/>
    <link:calculationArc xlink:type="arc" xlink:arcrole="http://www.xbrl.org/2003/arcrole/summation-item" xlink:from="LiquidityRiskContractualUndiscountedCashFlowsOfAssets" xlink:to="LiquidityRiskContractualUndiscountedCashFlowsOfOtherAssets" xlink:title="calculation: LiquidityRiskContractualUndiscountedCashFlowsOfAssets to LiquidityRiskContractualUndiscountedCashFlowsOfOtherAssets" order="40.0" weight="1.0"/>
    <link:loc xlink:type="locator" xlink:href="../../c-ross_core_2015-12-31.xsd#c-ross_LiquidityRiskContractualUndiscountedCashFlowsOfSeparateAccountAssets" xlink:label="LiquidityRiskContractualUndiscountedCashFlowsOfSeparateAccountAssets" xlink:title="LiquidityRiskContractualUndiscountedCashFlowsOfSeparateAccountAssets"/>
    <link:calculationArc xlink:type="arc" xlink:arcrole="http://www.xbrl.org/2003/arcrole/summation-item" xlink:from="LiquidityRiskContractualUndiscountedCashFlowsOfAssets" xlink:to="LiquidityRiskContractualUndiscountedCashFlowsOfSeparateAccountAssets" xlink:title="calculation: LiquidityRiskContractualUndiscountedCashFlowsOfAssets to LiquidityRiskContractualUndiscountedCashFlowsOfSeparateAccountAssets" order="50.0" weight="1.0"/>
    <link:loc xlink:type="locator" xlink:href="../../c-ross_core_2015-12-31.xsd#c-ross_LiquidityRiskContractualUndiscountedCashFlowsOfLiabilities" xlink:label="LiquidityRiskContractualUndiscountedCashFlowsOfLiabilities" xlink:title="LiquidityRiskContractualUndiscountedCashFlowsOfLiabilities"/>
    <link:calculationArc xlink:type="arc" xlink:arcrole="http://www.xbrl.org/2003/arcrole/summation-item" xlink:from="LiquidityRiskEstimatedNetCashInflowsOfAssetsAndLiabilities" xlink:to="LiquidityRiskContractualUndiscountedCashFlowsOfLiabilities" xlink:title="calculation: LiquidityRiskEstimatedNetCashInflowsOfAssetsAndLiabilities to LiquidityRiskContractualUndiscountedCashFlowsOfLiabilities" order="20.0" weight="-1.0"/>
    <link:loc xlink:type="locator" xlink:href="../../c-ross_core_2015-12-31.xsd#c-ross_LiquidityRiskContractualUndiscountedCashFlowsOfPolicyholderDepositsAndInvestments" xlink:label="LiquidityRiskContractualUndiscountedCashFlowsOfPolicyholderDepositsAndInvestments" xlink:title="LiquidityRiskContractualUndiscountedCashFlowsOfPolicyholderDepositsAndInvestments"/>
    <link:calculationArc xlink:type="arc" xlink:arcrole="http://www.xbrl.org/2003/arcrole/summation-item" xlink:from="LiquidityRiskContractualUndiscountedCashFlowsOfLiabilities" xlink:to="LiquidityRiskContractualUndiscountedCashFlowsOfPolicyholderDepositsAndInvestments" xlink:title="calculation: LiquidityRiskContractualUndiscountedCashFlowsOfLiabilities to LiquidityRiskContractualUndiscountedCashFlowsOfPolicyholderDepositsAndInvestments" order="50.0" weight="1.0"/>
    <link:loc xlink:type="locator" xlink:href="../../c-ross_core_2015-12-31.xsd#c-ross_LiquidityRiskContractualUndiscountedCashFlowsOfOtherLiabilities" xlink:label="LiquidityRiskContractualUndiscountedCashFlowsOfOtherLiabilities" xlink:title="LiquidityRiskContractualUndiscountedCashFlowsOfOtherLiabilities"/>
    <link:calculationArc xlink:type="arc" xlink:arcrole="http://www.xbrl.org/2003/arcrole/summation-item" xlink:from="LiquidityRiskContractualUndiscountedCashFlowsOfLiabilities" xlink:to="LiquidityRiskContractualUndiscountedCashFlowsOfOtherLiabilities" xlink:title="calculation: LiquidityRiskContractualUndiscountedCashFlowsOfLiabilities to LiquidityRiskContractualUndiscountedCashFlowsOfOtherLiabilities" order="130.0" weight="1.0"/>
    <link:loc xlink:type="locator" xlink:href="../../c-ross_core_2015-12-31.xsd#c-ross_LiquidityRiskContractualUndiscountedCashFlowsOfSecuritiesSoldUnderRepurchaseAgreements" xlink:label="LiquidityRiskContractualUndiscountedCashFlowsOfSecuritiesSoldUnderRepurchaseAgreements" xlink:title="LiquidityRiskContractualUndiscountedCashFlowsOfSecuritiesSoldUnderRepurchaseAgreements"/>
    <link:calculationArc xlink:type="arc" xlink:arcrole="http://www.xbrl.org/2003/arcrole/summation-item" xlink:from="LiquidityRiskContractualUndiscountedCashFlowsOfLiabilities" xlink:to="LiquidityRiskContractualUndiscountedCashFlowsOfSecuritiesSoldUnderRepurchaseAgreements" xlink:title="calculation: LiquidityRiskContractualUndiscountedCashFlowsOfLiabilities to LiquidityRiskContractualUndiscountedCashFlowsOfSecuritiesSoldUnderRepurchaseAgreements" order="90.0" weight="1.0"/>
    <link:loc xlink:type="locator" xlink:href="../../c-ross_core_2015-12-31.xsd#c-ross_LiquidityRiskContractualUndiscountedCashFlowsOfLifeInsurancePremiumReserve" xlink:label="LiquidityRiskContractualUndiscountedCashFlowsOfLifeInsurancePremiumReserve" xlink:title="LiquidityRiskContractualUndiscountedCashFlowsOfLifeInsurancePremiumReserve"/>
    <link:calculationArc xlink:type="arc" xlink:arcrole="http://www.xbrl.org/2003/arcrole/summation-item" xlink:from="LiquidityRiskContractualUndiscountedCashFlowsOfLiabilities" xlink:to="LiquidityRiskContractualUndiscountedCashFlowsOfLifeInsurancePremiumReserve" xlink:title="calculation: LiquidityRiskContractualUndiscountedCashFlowsOfLiabilities to LiquidityRiskContractualUndiscountedCashFlowsOfLifeInsurancePremiumReserve" order="20.0" weight="1.0"/>
    <link:loc xlink:type="locator" xlink:href="../../c-ross_core_2015-12-31.xsd#c-ross_LiquidityRiskContractualUndiscountedCashFlowsOfCommissionsPayable" xlink:label="LiquidityRiskContractualUndiscountedCashFlowsOfCommissionsPayable" xlink:title="LiquidityRiskContractualUndiscountedCashFlowsOfCommissionsPayable"/>
    <link:calculationArc xlink:type="arc" xlink:arcrole="http://www.xbrl.org/2003/arcrole/summation-item" xlink:from="LiquidityRiskContractualUndiscountedCashFlowsOfLiabilities" xlink:to="LiquidityRiskContractualUndiscountedCashFlowsOfCommissionsPayable" xlink:title="calculation: LiquidityRiskContractualUndiscountedCashFlowsOfLiabilities to LiquidityRiskContractualUndiscountedCashFlowsOfCommissionsPayable" order="70.0" weight="1.0"/>
    <link:loc xlink:type="locator" xlink:href="../../c-ross_core_2015-12-31.xsd#c-ross_LiquidityRiskContractualUndiscountedCashFlowsOfPolicyholderBonusesPayable" xlink:label="LiquidityRiskContractualUndiscountedCashFlowsOfPolicyholderBonusesPayable" xlink:title="LiquidityRiskContractualUndiscountedCashFlowsOfPolicyholderBonusesPayable"/>
    <link:calculationArc xlink:type="arc" xlink:arcrole="http://www.xbrl.org/2003/arcrole/summation-item" xlink:from="LiquidityRiskContractualUndiscountedCashFlowsOfLiabilities" xlink:to="LiquidityRiskContractualUndiscountedCashFlowsOfPolicyholderBonusesPayable" xlink:title="calculation: LiquidityRiskContractualUndiscountedCashFlowsOfLiabilities to LiquidityRiskContractualUndiscountedCashFlowsOfPolicyholderBonusesPayable" order="60.0" weight="1.0"/>
    <link:loc xlink:type="locator" xlink:href="../../c-ross_core_2015-12-31.xsd#c-ross_LiquidityRiskContractualUndiscountedCashFlowsOfBondsPayable" xlink:label="LiquidityRiskContractualUndiscountedCashFlowsOfBondsPayable" xlink:title="LiquidityRiskContractualUndiscountedCashFlowsOfBondsPayable"/>
    <link:calculationArc xlink:type="arc" xlink:arcrole="http://www.xbrl.org/2003/arcrole/summation-item" xlink:from="LiquidityRiskContractualUndiscountedCashFlowsOfLiabilities" xlink:to="LiquidityRiskContractualUndiscountedCashFlowsOfBondsPayable" xlink:title="calculation: LiquidityRiskContractualUndiscountedCashFlowsOfLiabilities to LiquidityRiskContractualUndiscountedCashFlowsOfBondsPayable" order="110.0" weight="1.0"/>
    <link:loc xlink:type="locator" xlink:href="../../c-ross_core_2015-12-31.xsd#c-ross_LiquidityRiskContractualUndiscountedCashFlowsOfPayables" xlink:label="LiquidityRiskContractualUndiscountedCashFlowsOfPayables" xlink:title="LiquidityRiskContractualUndiscountedCashFlowsOfPayables"/>
    <link:calculationArc xlink:type="arc" xlink:arcrole="http://www.xbrl.org/2003/arcrole/summation-item" xlink:from="LiquidityRiskContractualUndiscountedCashFlowsOfLiabilities" xlink:to="LiquidityRiskContractualUndiscountedCashFlowsOfPayables" xlink:title="calculation: LiquidityRiskContractualUndiscountedCashFlowsOfLiabilities to LiquidityRiskContractualUndiscountedCashFlowsOfPayables" order="80.0" weight="1.0"/>
    <link:loc xlink:type="locator" xlink:href="../../c-ross_core_2015-12-31.xsd#c-ross_LiquidityRiskContractualUndiscountedCashFlowsOfSecuritiesPayableUnderResaleAgreements" xlink:label="LiquidityRiskContractualUndiscountedCashFlowsOfSecuritiesPayableUnderResaleAgreements" xlink:title="LiquidityRiskContractualUndiscountedCashFlowsOfSecuritiesPayableUnderResaleAgreements"/>
    <link:calculationArc xlink:type="arc" xlink:arcrole="http://www.xbrl.org/2003/arcrole/summation-item" xlink:from="LiquidityRiskContractualUndiscountedCashFlowsOfLiabilities" xlink:to="LiquidityRiskContractualUndiscountedCashFlowsOfSecuritiesPayableUnderResaleAgreements" xlink:title="calculation: LiquidityRiskContractualUndiscountedCashFlowsOfLiabilities to LiquidityRiskContractualUndiscountedCashFlowsOfSecuritiesPayableUnderResaleAgreements" order="100.0" weight="1.0"/>
    <link:loc xlink:type="locator" xlink:href="../../c-ross_core_2015-12-31.xsd#c-ross_LiquidityRiskContractualUndiscountedCashFlowsOfOutstandingLossReserve" xlink:label="LiquidityRiskContractualUndiscountedCashFlowsOfOutstandingLossReserve" xlink:title="LiquidityRiskContractualUndiscountedCashFlowsOfOutstandingLossReserve"/>
    <link:calculationArc xlink:type="arc" xlink:arcrole="http://www.xbrl.org/2003/arcrole/summation-item" xlink:from="LiquidityRiskContractualUndiscountedCashFlowsOfLiabilities" xlink:to="LiquidityRiskContractualUndiscountedCashFlowsOfOutstandingLossReserve" xlink:title="calculation: LiquidityRiskContractualUndiscountedCashFlowsOfLiabilities to LiquidityRiskContractualUndiscountedCashFlowsOfOutstandingLossReserve" order="40.0" weight="1.0"/>
    <link:loc xlink:type="locator" xlink:href="../../c-ross_core_2015-12-31.xsd#c-ross_LiquidityRiskContractualUndiscountedCashFlowsOfUnearnedPremiumReserve" xlink:label="LiquidityRiskContractualUndiscountedCashFlowsOfUnearnedPremiumReserve" xlink:title="LiquidityRiskContractualUndiscountedCashFlowsOfUnearnedPremiumReserve"/>
    <link:calculationArc xlink:type="arc" xlink:arcrole="http://www.xbrl.org/2003/arcrole/summation-item" xlink:from="LiquidityRiskContractualUndiscountedCashFlowsOfLiabilities" xlink:to="LiquidityRiskContractualUndiscountedCashFlowsOfUnearnedPremiumReserve" xlink:title="calculation: LiquidityRiskContractualUndiscountedCashFlowsOfLiabilities to LiquidityRiskContractualUndiscountedCashFlowsOfUnearnedPremiumReserve" order="10.0" weight="1.0"/>
    <link:loc xlink:type="locator" xlink:href="../../c-ross_core_2015-12-31.xsd#c-ross_LiquidityRiskContractualUndiscountedCashFlowsOfSeparateAccountLiabilities" xlink:label="LiquidityRiskContractualUndiscountedCashFlowsOfSeparateAccountLiabilities" xlink:title="LiquidityRiskContractualUndiscountedCashFlowsOfSeparateAccountLiabilities"/>
    <link:calculationArc xlink:type="arc" xlink:arcrole="http://www.xbrl.org/2003/arcrole/summation-item" xlink:from="LiquidityRiskContractualUndiscountedCashFlowsOfLiabilities" xlink:to="LiquidityRiskContractualUndiscountedCashFlowsOfSeparateAccountLiabilities" xlink:title="calculation: LiquidityRiskContractualUndiscountedCashFlowsOfLiabilities to LiquidityRiskContractualUndiscountedCashFlowsOfSeparateAccountLiabilities" order="140.0" weight="1.0"/>
    <link:loc xlink:type="locator" xlink:href="../../c-ross_core_2015-12-31.xsd#c-ross_LiquidityRiskContractualUndiscountedCashFlowsOfLongTermHealthInsurancePremiumReserve" xlink:label="LiquidityRiskContractualUndiscountedCashFlowsOfLongTermHealthInsurancePremiumReserve" xlink:title="LiquidityRiskContractualUndiscountedCashFlowsOfLongTermHealthInsurancePremiumReserve"/>
    <link:calculationArc xlink:type="arc" xlink:arcrole="http://www.xbrl.org/2003/arcrole/summation-item" xlink:from="LiquidityRiskContractualUndiscountedCashFlowsOfLiabilities" xlink:to="LiquidityRiskContractualUndiscountedCashFlowsOfLongTermHealthInsurancePremiumReserve" xlink:title="calculation: LiquidityRiskContractualUndiscountedCashFlowsOfLiabilities to LiquidityRiskContractualUndiscountedCashFlowsOfLongTermHealthInsurancePremiumReserve" order="30.0" weight="1.0"/>
    <link:loc xlink:type="locator" xlink:href="../../c-ross_core_2015-12-31.xsd#c-ross_LiquidityRiskContractualUndiscountedCashFlowsOfEstimatedLiabilities" xlink:label="LiquidityRiskContractualUndiscountedCashFlowsOfEstimatedLiabilities" xlink:title="LiquidityRiskContractualUndiscountedCashFlowsOfEstimatedLiabilities"/>
    <link:calculationArc xlink:type="arc" xlink:arcrole="http://www.xbrl.org/2003/arcrole/summation-item" xlink:from="LiquidityRiskContractualUndiscountedCashFlowsOfLiabilities" xlink:to="LiquidityRiskContractualUndiscountedCashFlowsOfEstimatedLiabilities" xlink:title="calculation: LiquidityRiskContractualUndiscountedCashFlowsOfLiabilities to LiquidityRiskContractualUndiscountedCashFlowsOfEstimatedLiabilities" order="120.0" weight="1.0"/>
  </link:calculationLink>
</link:linkbase>
