<?xml version="1.0" encoding="UTF-8"?>

<!--
	Taxonomy: 2015-12-31 (Final)
	**********************
	Copyright © 2015 China Insurance Regulatory Commission.
	All rights reserved.  No part of this publication may be translated, reprinted or reproduced
	or utilised in any form either in whole or in part without prior permission in writing from China Insurance Regulatory Commission.
	  **********************
	-->
<link:linkbase xmlns:xsi="http://www.w3.org/2001/XMLSchema-instance" xsi:schemaLocation="http://www.xbrl.org/2003/linkbase http://www.xbrl.org/2003/xbrl-linkbase-2003-12-31.xsd" xmlns:c-ross="http://xbrl.circ.gov.cn/taxonomy/2015-12-31/c-ross" xmlns:link="http://www.xbrl.org/2003/linkbase" xmlns:xlink="http://www.w3.org/1999/xlink" xmlns:xbrli="http://www.xbrl.org/2003/instance">
  <link:roleRef roleURI="http://xbrl.circ.gov.cn/role/c-ross_2015-12-31_role-3180312a" xlink:type="simple" xlink:href="rol_c-ross_12_2015-12-31.xsd#c-ross_2015-12-31-3180312a"/>
  <link:roleRef roleURI="http://xbrl.circ.gov.cn/role/c-ross_2015-12-31_role-3180312" xlink:type="simple" xlink:href="rol_c-ross_12_2015-12-31.xsd#c-ross_2015-12-31-3180312"/>
  <link:calculationLink xlink:type="extended" xlink:role="http://xbrl.circ.gov.cn/role/c-ross_2015-12-31_role-3180312a">
    <link:loc xlink:type="locator" xlink:href="../../c-ross_core_2015-12-31.xsd#c-ross_LiquidityRiskProjectOnCashFlowsNetCashFlows" xlink:label="LiquidityRiskProjectOnCashFlowsNetCashFlows" xlink:title="LiquidityRiskProjectOnCashFlowsNetCashFlows"/>
    <link:loc xlink:type="locator" xlink:href="../../c-ross_core_2015-12-31.xsd#c-ross_LiquidityRiskProjectOnCashFlowsCashFlowsFromBusiness" xlink:label="LiquidityRiskProjectOnCashFlowsCashFlowsFromBusiness" xlink:title="LiquidityRiskProjectOnCashFlowsCashFlowsFromBusiness"/>
    <link:calculationArc xlink:type="arc" xlink:arcrole="http://www.xbrl.org/2003/arcrole/summation-item" xlink:from="LiquidityRiskProjectOnCashFlowsNetCashFlows" xlink:to="LiquidityRiskProjectOnCashFlowsCashFlowsFromBusiness" xlink:title="calculation: LiquidityRiskProjectOnCashFlowsNetCashFlows to LiquidityRiskProjectOnCashFlowsCashFlowsFromBusiness" use="optional" order="10.0" weight="1.0"/>
    <link:loc xlink:type="locator" xlink:href="../../c-ross_core_2015-12-31.xsd#c-ross_LiquidityRiskProjectOnCashFlowsCashFlowsFromInForceBusinessOnReportingDate" xlink:label="LiquidityRiskProjectOnCashFlowsCashFlowsFromInForceBusinessOnReportingDate" xlink:title="LiquidityRiskProjectOnCashFlowsCashFlowsFromInForceBusinessOnReportingDate"/>
    <link:calculationArc xlink:type="arc" xlink:arcrole="http://www.xbrl.org/2003/arcrole/summation-item" xlink:from="LiquidityRiskProjectOnCashFlowsCashFlowsFromBusiness" xlink:to="LiquidityRiskProjectOnCashFlowsCashFlowsFromInForceBusinessOnReportingDate" xlink:title="calculation: LiquidityRiskProjectOnCashFlowsCashFlowsFromBusiness to LiquidityRiskProjectOnCashFlowsCashFlowsFromInForceBusinessOnReportingDate" use="optional" order="10.0" weight="1.0"/>
    <link:loc xlink:type="locator" xlink:href="../../c-ross_core_2015-12-31.xsd#c-ross_LiquidityRiskProjectOnCashFlowsCashFlowsFromInForceBusinessOnReportingDatePremiumIncome" xlink:label="LiquidityRiskProjectOnCashFlowsCashFlowsFromInForceBusinessOnReportingDatePremiumIncome" xlink:title="LiquidityRiskProjectOnCashFlowsCashFlowsFromInForceBusinessOnReportingDatePremiumIncome"/>
    <link:calculationArc xlink:type="arc" xlink:arcrole="http://www.xbrl.org/2003/arcrole/summation-item" xlink:from="LiquidityRiskProjectOnCashFlowsCashFlowsFromInForceBusinessOnReportingDate" xlink:to="LiquidityRiskProjectOnCashFlowsCashFlowsFromInForceBusinessOnReportingDatePremiumIncome" xlink:title="calculation: LiquidityRiskProjectOnCashFlowsCashFlowsFromInForceBusinessOnReportingDate to LiquidityRiskProjectOnCashFlowsCashFlowsFromInForceBusinessOnReportingDatePremiumIncome" use="optional" order="10.0" weight="1.0"/>
    <link:loc xlink:type="locator" xlink:href="../../c-ross_core_2015-12-31.xsd#c-ross_LiquidityRiskProjectOnCashFlowsCashFlowsFromInForceBusinessOnReportingDateBenefitPayments" xlink:label="LiquidityRiskProjectOnCashFlowsCashFlowsFromInForceBusinessOnReportingDateBenefitPayments" xlink:title="LiquidityRiskProjectOnCashFlowsCashFlowsFromInForceBusinessOnReportingDateBenefitPayments"/>
    <link:calculationArc xlink:type="arc" xlink:arcrole="http://www.xbrl.org/2003/arcrole/summation-item" xlink:from="LiquidityRiskProjectOnCashFlowsCashFlowsFromInForceBusinessOnReportingDate" xlink:to="LiquidityRiskProjectOnCashFlowsCashFlowsFromInForceBusinessOnReportingDateBenefitPayments" xlink:title="calculation: LiquidityRiskProjectOnCashFlowsCashFlowsFromInForceBusinessOnReportingDate to LiquidityRiskProjectOnCashFlowsCashFlowsFromInForceBusinessOnReportingDateBenefitPayments" use="optional" order="20.0" weight="-1.0"/>
    <link:loc xlink:type="locator" xlink:href="../../c-ross_core_2015-12-31.xsd#c-ross_LiquidityRiskProjectOnCashFlowsCashFlowsFromInForceBusinessOnReportingDateSurrenderPayment" xlink:label="LiquidityRiskProjectOnCashFlowsCashFlowsFromInForceBusinessOnReportingDateSurrenderPayment" xlink:title="LiquidityRiskProjectOnCashFlowsCashFlowsFromInForceBusinessOnReportingDateSurrenderPayment"/>
    <link:calculationArc xlink:type="arc" xlink:arcrole="http://www.xbrl.org/2003/arcrole/summation-item" xlink:from="LiquidityRiskProjectOnCashFlowsCashFlowsFromInForceBusinessOnReportingDate" xlink:to="LiquidityRiskProjectOnCashFlowsCashFlowsFromInForceBusinessOnReportingDateSurrenderPayment" xlink:title="calculation: LiquidityRiskProjectOnCashFlowsCashFlowsFromInForceBusinessOnReportingDate to LiquidityRiskProjectOnCashFlowsCashFlowsFromInForceBusinessOnReportingDateSurrenderPayment" use="optional" order="30.0" weight="-1.0"/>
    <link:loc xlink:type="locator" xlink:href="../../c-ross_core_2015-12-31.xsd#c-ross_LiquidityRiskProjectOnCashFlowsCashFlowsFromInForceBusinessOnReportingDateBonusesPayment" xlink:label="LiquidityRiskProjectOnCashFlowsCashFlowsFromInForceBusinessOnReportingDateBonusesPayment" xlink:title="LiquidityRiskProjectOnCashFlowsCashFlowsFromInForceBusinessOnReportingDateBonusesPayment"/>
    <link:calculationArc xlink:type="arc" xlink:arcrole="http://www.xbrl.org/2003/arcrole/summation-item" xlink:from="LiquidityRiskProjectOnCashFlowsCashFlowsFromInForceBusinessOnReportingDate" xlink:to="LiquidityRiskProjectOnCashFlowsCashFlowsFromInForceBusinessOnReportingDateBonusesPayment" xlink:title="calculation: LiquidityRiskProjectOnCashFlowsCashFlowsFromInForceBusinessOnReportingDate to LiquidityRiskProjectOnCashFlowsCashFlowsFromInForceBusinessOnReportingDateBonusesPayment" use="optional" order="40.0" weight="-1.0"/>
    <link:loc xlink:type="locator" xlink:href="../../c-ross_core_2015-12-31.xsd#c-ross_LiquidityRiskProjectOnCashFlowsCashFlowsFromInForceBusinessOnReportingDateDividendsPayment" xlink:label="LiquidityRiskProjectOnCashFlowsCashFlowsFromInForceBusinessOnReportingDateDividendsPayment" xlink:title="LiquidityRiskProjectOnCashFlowsCashFlowsFromInForceBusinessOnReportingDateDividendsPayment"/>
    <link:calculationArc xlink:type="arc" xlink:arcrole="http://www.xbrl.org/2003/arcrole/summation-item" xlink:from="LiquidityRiskProjectOnCashFlowsCashFlowsFromInForceBusinessOnReportingDate" xlink:to="LiquidityRiskProjectOnCashFlowsCashFlowsFromInForceBusinessOnReportingDateDividendsPayment" xlink:title="calculation: LiquidityRiskProjectOnCashFlowsCashFlowsFromInForceBusinessOnReportingDate to LiquidityRiskProjectOnCashFlowsCashFlowsFromInForceBusinessOnReportingDateDividendsPayment" use="optional" order="50.0" weight="-1.0"/>
    <link:loc xlink:type="locator" xlink:href="../../c-ross_core_2015-12-31.xsd#c-ross_LiquidityRiskProjectOnCashFlowsCashFlowsFromInForceBusinessOnReportingDateExpenses" xlink:label="LiquidityRiskProjectOnCashFlowsCashFlowsFromInForceBusinessOnReportingDateExpenses" xlink:title="LiquidityRiskProjectOnCashFlowsCashFlowsFromInForceBusinessOnReportingDateExpenses"/>
    <link:calculationArc xlink:type="arc" xlink:arcrole="http://www.xbrl.org/2003/arcrole/summation-item" xlink:from="LiquidityRiskProjectOnCashFlowsCashFlowsFromInForceBusinessOnReportingDate" xlink:to="LiquidityRiskProjectOnCashFlowsCashFlowsFromInForceBusinessOnReportingDateExpenses" xlink:title="calculation: LiquidityRiskProjectOnCashFlowsCashFlowsFromInForceBusinessOnReportingDate to LiquidityRiskProjectOnCashFlowsCashFlowsFromInForceBusinessOnReportingDateExpenses" use="optional" order="60.0" weight="-1.0"/>
    <link:loc xlink:type="locator" xlink:href="../../c-ross_core_2015-12-31.xsd#c-ross_LiquidityRiskProjectOnCashFlowsCashFlowsFromInForceBusinessOnReportingDateReinsuranceNetExpensesPayments" xlink:label="LiquidityRiskProjectOnCashFlowsCashFlowsFromInForceBusinessOnReportingDateReinsuranceNetExpensesPayments" xlink:title="LiquidityRiskProjectOnCashFlowsCashFlowsFromInForceBusinessOnReportingDateReinsuranceNetExpensesPayments"/>
    <link:calculationArc xlink:type="arc" xlink:arcrole="http://www.xbrl.org/2003/arcrole/summation-item" xlink:from="LiquidityRiskProjectOnCashFlowsCashFlowsFromInForceBusinessOnReportingDate" xlink:to="LiquidityRiskProjectOnCashFlowsCashFlowsFromInForceBusinessOnReportingDateReinsuranceNetExpensesPayments" xlink:title="calculation: LiquidityRiskProjectOnCashFlowsCashFlowsFromInForceBusinessOnReportingDate to LiquidityRiskProjectOnCashFlowsCashFlowsFromInForceBusinessOnReportingDateReinsuranceNetExpensesPayments" use="optional" order="70.0" weight="-1.0"/>
    <link:loc xlink:type="locator" xlink:href="../../c-ross_core_2015-12-31.xsd#c-ross_LiquidityRiskProjectOnCashFlowsCashFlowsFromNewBusinessDuringTestPeriod" xlink:label="LiquidityRiskProjectOnCashFlowsCashFlowsFromNewBusinessDuringTestPeriod" xlink:title="LiquidityRiskProjectOnCashFlowsCashFlowsFromNewBusinessDuringTestPeriod"/>
    <link:calculationArc xlink:type="arc" xlink:arcrole="http://www.xbrl.org/2003/arcrole/summation-item" xlink:from="LiquidityRiskProjectOnCashFlowsCashFlowsFromBusiness" xlink:to="LiquidityRiskProjectOnCashFlowsCashFlowsFromNewBusinessDuringTestPeriod" xlink:title="calculation: LiquidityRiskProjectOnCashFlowsCashFlowsFromBusiness to LiquidityRiskProjectOnCashFlowsCashFlowsFromNewBusinessDuringTestPeriod" use="optional" order="20.0" weight="1.0"/>
    <link:loc xlink:type="locator" xlink:href="../../c-ross_core_2015-12-31.xsd#c-ross_LiquidityRiskProjectOnCashFlowsCashFlowsFromNewBusinessDuringTestPeriodPremiumIncome" xlink:label="LiquidityRiskProjectOnCashFlowsCashFlowsFromNewBusinessDuringTestPeriodPremiumIncome" xlink:title="LiquidityRiskProjectOnCashFlowsCashFlowsFromNewBusinessDuringTestPeriodPremiumIncome"/>
    <link:calculationArc xlink:type="arc" xlink:arcrole="http://www.xbrl.org/2003/arcrole/summation-item" xlink:from="LiquidityRiskProjectOnCashFlowsCashFlowsFromNewBusinessDuringTestPeriod" xlink:to="LiquidityRiskProjectOnCashFlowsCashFlowsFromNewBusinessDuringTestPeriodPremiumIncome" xlink:title="calculation: LiquidityRiskProjectOnCashFlowsCashFlowsFromNewBusinessDuringTestPeriod to LiquidityRiskProjectOnCashFlowsCashFlowsFromNewBusinessDuringTestPeriodPremiumIncome" use="optional" order="10.0" weight="1.0"/>
    <link:loc xlink:type="locator" xlink:href="../../c-ross_core_2015-12-31.xsd#c-ross_LiquidityRiskProjectOnCashFlowsCashFlowsFromNewBusinessDuringTestPeriodBenefitPayments" xlink:label="LiquidityRiskProjectOnCashFlowsCashFlowsFromNewBusinessDuringTestPeriodBenefitPayments" xlink:title="LiquidityRiskProjectOnCashFlowsCashFlowsFromNewBusinessDuringTestPeriodBenefitPayments"/>
    <link:calculationArc xlink:type="arc" xlink:arcrole="http://www.xbrl.org/2003/arcrole/summation-item" xlink:from="LiquidityRiskProjectOnCashFlowsCashFlowsFromNewBusinessDuringTestPeriod" xlink:to="LiquidityRiskProjectOnCashFlowsCashFlowsFromNewBusinessDuringTestPeriodBenefitPayments" xlink:title="calculation: LiquidityRiskProjectOnCashFlowsCashFlowsFromNewBusinessDuringTestPeriod to LiquidityRiskProjectOnCashFlowsCashFlowsFromNewBusinessDuringTestPeriodBenefitPayments" use="optional" order="20.0" weight="-1.0"/>
    <link:loc xlink:type="locator" xlink:href="../../c-ross_core_2015-12-31.xsd#c-ross_LiquidityRiskProjectOnCashFlowsCashFlowsFromNewBusinessDuringTestPeriodSurrenderPayment" xlink:label="LiquidityRiskProjectOnCashFlowsCashFlowsFromNewBusinessDuringTestPeriodSurrenderPayment" xlink:title="LiquidityRiskProjectOnCashFlowsCashFlowsFromNewBusinessDuringTestPeriodSurrenderPayment"/>
    <link:calculationArc xlink:type="arc" xlink:arcrole="http://www.xbrl.org/2003/arcrole/summation-item" xlink:from="LiquidityRiskProjectOnCashFlowsCashFlowsFromNewBusinessDuringTestPeriod" xlink:to="LiquidityRiskProjectOnCashFlowsCashFlowsFromNewBusinessDuringTestPeriodSurrenderPayment" xlink:title="calculation: LiquidityRiskProjectOnCashFlowsCashFlowsFromNewBusinessDuringTestPeriod to LiquidityRiskProjectOnCashFlowsCashFlowsFromNewBusinessDuringTestPeriodSurrenderPayment" use="optional" order="30.0" weight="-1.0"/>
    <link:loc xlink:type="locator" xlink:href="../../c-ross_core_2015-12-31.xsd#c-ross_LiquidityRiskProjectOnCashFlowsCashFlowsFromNewBusinessDuringTestPeriodBonusesPayment" xlink:label="LiquidityRiskProjectOnCashFlowsCashFlowsFromNewBusinessDuringTestPeriodBonusesPayment" xlink:title="LiquidityRiskProjectOnCashFlowsCashFlowsFromNewBusinessDuringTestPeriodBonusesPayment"/>
    <link:calculationArc xlink:type="arc" xlink:arcrole="http://www.xbrl.org/2003/arcrole/summation-item" xlink:from="LiquidityRiskProjectOnCashFlowsCashFlowsFromNewBusinessDuringTestPeriod" xlink:to="LiquidityRiskProjectOnCashFlowsCashFlowsFromNewBusinessDuringTestPeriodBonusesPayment" xlink:title="calculation: LiquidityRiskProjectOnCashFlowsCashFlowsFromNewBusinessDuringTestPeriod to LiquidityRiskProjectOnCashFlowsCashFlowsFromNewBusinessDuringTestPeriodBonusesPayment" use="optional" order="40.0" weight="-1.0"/>
    <link:loc xlink:type="locator" xlink:href="../../c-ross_core_2015-12-31.xsd#c-ross_LiquidityRiskProjectOnCashFlowsCashFlowsFromNewBusinessDuringTestPeriodDividendsPayment" xlink:label="LiquidityRiskProjectOnCashFlowsCashFlowsFromNewBusinessDuringTestPeriodDividendsPayment" xlink:title="LiquidityRiskProjectOnCashFlowsCashFlowsFromNewBusinessDuringTestPeriodDividendsPayment"/>
    <link:calculationArc xlink:type="arc" xlink:arcrole="http://www.xbrl.org/2003/arcrole/summation-item" xlink:from="LiquidityRiskProjectOnCashFlowsCashFlowsFromNewBusinessDuringTestPeriod" xlink:to="LiquidityRiskProjectOnCashFlowsCashFlowsFromNewBusinessDuringTestPeriodDividendsPayment" xlink:title="calculation: LiquidityRiskProjectOnCashFlowsCashFlowsFromNewBusinessDuringTestPeriod to LiquidityRiskProjectOnCashFlowsCashFlowsFromNewBusinessDuringTestPeriodDividendsPayment" use="optional" order="50.0" weight="-1.0"/>
    <link:loc xlink:type="locator" xlink:href="../../c-ross_core_2015-12-31.xsd#c-ross_LiquidityRiskProjectOnCashFlowsCashFlowsFromNewBusinessDuringTestPeriodExpenses" xlink:label="LiquidityRiskProjectOnCashFlowsCashFlowsFromNewBusinessDuringTestPeriodExpenses" xlink:title="LiquidityRiskProjectOnCashFlowsCashFlowsFromNewBusinessDuringTestPeriodExpenses"/>
    <link:calculationArc xlink:type="arc" xlink:arcrole="http://www.xbrl.org/2003/arcrole/summation-item" xlink:from="LiquidityRiskProjectOnCashFlowsCashFlowsFromNewBusinessDuringTestPeriod" xlink:to="LiquidityRiskProjectOnCashFlowsCashFlowsFromNewBusinessDuringTestPeriodExpenses" xlink:title="calculation: LiquidityRiskProjectOnCashFlowsCashFlowsFromNewBusinessDuringTestPeriod to LiquidityRiskProjectOnCashFlowsCashFlowsFromNewBusinessDuringTestPeriodExpenses" use="optional" order="60.0" weight="-1.0"/>
    <link:loc xlink:type="locator" xlink:href="../../c-ross_core_2015-12-31.xsd#c-ross_LiquidityRiskProjectOnCashFlowsCashFlowsFromNewBusinessDuringTestPeriodReinsuranceNetExpensesPayments" xlink:label="LiquidityRiskProjectOnCashFlowsCashFlowsFromNewBusinessDuringTestPeriodReinsuranceNetExpensesPayments" xlink:title="LiquidityRiskProjectOnCashFlowsCashFlowsFromNewBusinessDuringTestPeriodReinsuranceNetExpensesPayments"/>
    <link:calculationArc xlink:type="arc" xlink:arcrole="http://www.xbrl.org/2003/arcrole/summation-item" xlink:from="LiquidityRiskProjectOnCashFlowsCashFlowsFromNewBusinessDuringTestPeriod" xlink:to="LiquidityRiskProjectOnCashFlowsCashFlowsFromNewBusinessDuringTestPeriodReinsuranceNetExpensesPayments" xlink:title="calculation: LiquidityRiskProjectOnCashFlowsCashFlowsFromNewBusinessDuringTestPeriod to LiquidityRiskProjectOnCashFlowsCashFlowsFromNewBusinessDuringTestPeriodReinsuranceNetExpensesPayments" use="optional" order="70.0" weight="-1.0"/>
    <link:loc xlink:type="locator" xlink:href="../../c-ross_core_2015-12-31.xsd#c-ross_LiquidityRiskProjectOnCashFlowsOtherCashFlowsFromBusiness" xlink:label="LiquidityRiskProjectOnCashFlowsOtherCashFlowsFromBusiness" xlink:title="LiquidityRiskProjectOnCashFlowsOtherCashFlowsFromBusiness"/>
    <link:calculationArc xlink:type="arc" xlink:arcrole="http://www.xbrl.org/2003/arcrole/summation-item" xlink:from="LiquidityRiskProjectOnCashFlowsCashFlowsFromBusiness" xlink:to="LiquidityRiskProjectOnCashFlowsOtherCashFlowsFromBusiness" xlink:title="calculation: LiquidityRiskProjectOnCashFlowsCashFlowsFromBusiness to LiquidityRiskProjectOnCashFlowsOtherCashFlowsFromBusiness" use="optional" order="30.0" weight="1.0"/>
    <link:loc xlink:type="locator" xlink:href="../../c-ross_core_2015-12-31.xsd#c-ross_LiquidityRiskProjectOnCashFlowsCashFlowsFromAssets" xlink:label="LiquidityRiskProjectOnCashFlowsCashFlowsFromAssets" xlink:title="LiquidityRiskProjectOnCashFlowsCashFlowsFromAssets"/>
    <link:calculationArc xlink:type="arc" xlink:arcrole="http://www.xbrl.org/2003/arcrole/summation-item" xlink:from="LiquidityRiskProjectOnCashFlowsNetCashFlows" xlink:to="LiquidityRiskProjectOnCashFlowsCashFlowsFromAssets" xlink:title="calculation: LiquidityRiskProjectOnCashFlowsNetCashFlows to LiquidityRiskProjectOnCashFlowsCashFlowsFromAssets" use="optional" order="20.0" weight="1.0"/>
    <link:loc xlink:type="locator" xlink:href="../../c-ross_core_2015-12-31.xsd#c-ross_LiquidityRiskProjectOnCashFlowsInterestIncome" xlink:label="LiquidityRiskProjectOnCashFlowsInterestIncome" xlink:title="LiquidityRiskProjectOnCashFlowsInterestIncome"/>
    <link:calculationArc xlink:type="arc" xlink:arcrole="http://www.xbrl.org/2003/arcrole/summation-item" xlink:from="LiquidityRiskProjectOnCashFlowsCashFlowsFromAssets" xlink:to="LiquidityRiskProjectOnCashFlowsInterestIncome" xlink:title="calculation: LiquidityRiskProjectOnCashFlowsCashFlowsFromAssets to LiquidityRiskProjectOnCashFlowsInterestIncome" use="optional" order="10.0" weight="1.0"/>
    <link:loc xlink:type="locator" xlink:href="../../c-ross_core_2015-12-31.xsd#c-ross_LiquidityRiskProjectOnCashFlowsBonusIncome" xlink:label="LiquidityRiskProjectOnCashFlowsBonusIncome" xlink:title="LiquidityRiskProjectOnCashFlowsBonusIncome"/>
    <link:calculationArc xlink:type="arc" xlink:arcrole="http://www.xbrl.org/2003/arcrole/summation-item" xlink:from="LiquidityRiskProjectOnCashFlowsCashFlowsFromAssets" xlink:to="LiquidityRiskProjectOnCashFlowsBonusIncome" xlink:title="calculation: LiquidityRiskProjectOnCashFlowsCashFlowsFromAssets to LiquidityRiskProjectOnCashFlowsBonusIncome" use="optional" order="20.0" weight="1.0"/>
    <link:loc xlink:type="locator" xlink:href="../../c-ross_core_2015-12-31.xsd#c-ross_LiquidityRiskProjectOnCashFlowsAssetsMaturity" xlink:label="LiquidityRiskProjectOnCashFlowsAssetsMaturity" xlink:title="LiquidityRiskProjectOnCashFlowsAssetsMaturity"/>
    <link:calculationArc xlink:type="arc" xlink:arcrole="http://www.xbrl.org/2003/arcrole/summation-item" xlink:from="LiquidityRiskProjectOnCashFlowsCashFlowsFromAssets" xlink:to="LiquidityRiskProjectOnCashFlowsAssetsMaturity" xlink:title="calculation: LiquidityRiskProjectOnCashFlowsCashFlowsFromAssets to LiquidityRiskProjectOnCashFlowsAssetsMaturity" use="optional" order="30.0" weight="1.0"/>
    <link:loc xlink:type="locator" xlink:href="../../c-ross_core_2015-12-31.xsd#c-ross_LiquidityRiskProjectOnCashFlowsSoldAssets" xlink:label="LiquidityRiskProjectOnCashFlowsSoldAssets" xlink:title="LiquidityRiskProjectOnCashFlowsSoldAssets"/>
    <link:calculationArc xlink:type="arc" xlink:arcrole="http://www.xbrl.org/2003/arcrole/summation-item" xlink:from="LiquidityRiskProjectOnCashFlowsCashFlowsFromAssets" xlink:to="LiquidityRiskProjectOnCashFlowsSoldAssets" xlink:title="calculation: LiquidityRiskProjectOnCashFlowsCashFlowsFromAssets to LiquidityRiskProjectOnCashFlowsSoldAssets" use="optional" order="40.0" weight="1.0"/>
    <link:loc xlink:type="locator" xlink:href="../../c-ross_core_2015-12-31.xsd#c-ross_LiquidityRiskProjectOnCashFlowsOtherCashFlowsFromAssets" xlink:label="LiquidityRiskProjectOnCashFlowsOtherCashFlowsFromAssets" xlink:title="LiquidityRiskProjectOnCashFlowsOtherCashFlowsFromAssets"/>
    <link:calculationArc xlink:type="arc" xlink:arcrole="http://www.xbrl.org/2003/arcrole/summation-item" xlink:from="LiquidityRiskProjectOnCashFlowsCashFlowsFromAssets" xlink:to="LiquidityRiskProjectOnCashFlowsOtherCashFlowsFromAssets" xlink:title="calculation: LiquidityRiskProjectOnCashFlowsCashFlowsFromAssets to LiquidityRiskProjectOnCashFlowsOtherCashFlowsFromAssets" use="optional" order="50.0" weight="1.0"/>
    <link:loc xlink:type="locator" xlink:href="../../c-ross_core_2015-12-31.xsd#c-ross_LiquidityRiskProjectOnCashFlowsCashFlowsFromFinancing" xlink:label="LiquidityRiskProjectOnCashFlowsCashFlowsFromFinancing" xlink:title="LiquidityRiskProjectOnCashFlowsCashFlowsFromFinancing"/>
    <link:calculationArc xlink:type="arc" xlink:arcrole="http://www.xbrl.org/2003/arcrole/summation-item" xlink:from="LiquidityRiskProjectOnCashFlowsNetCashFlows" xlink:to="LiquidityRiskProjectOnCashFlowsCashFlowsFromFinancing" xlink:title="calculation: LiquidityRiskProjectOnCashFlowsNetCashFlows to LiquidityRiskProjectOnCashFlowsCashFlowsFromFinancing" use="optional" order="30.0" weight="1.0"/>
    <link:loc xlink:type="locator" xlink:href="../../c-ross_core_2015-12-31.xsd#c-ross_LiquidityRiskProjectOnCashFlowsCashInflowsFromFinancing" xlink:label="LiquidityRiskProjectOnCashFlowsCashInflowsFromFinancing" xlink:title="LiquidityRiskProjectOnCashFlowsCashInflowsFromFinancing"/>
    <link:calculationArc xlink:type="arc" xlink:arcrole="http://www.xbrl.org/2003/arcrole/summation-item" xlink:from="LiquidityRiskProjectOnCashFlowsCashFlowsFromFinancing" xlink:to="LiquidityRiskProjectOnCashFlowsCashInflowsFromFinancing" xlink:title="calculation: LiquidityRiskProjectOnCashFlowsCashFlowsFromFinancing to LiquidityRiskProjectOnCashFlowsCashInflowsFromFinancing" use="optional" order="10.0" weight="1.0"/>
    <link:loc xlink:type="locator" xlink:href="../../c-ross_core_2015-12-31.xsd#c-ross_LiquidityRiskProjectOnCashFlowsCashOutflowsFromFinancingActivities" xlink:label="LiquidityRiskProjectOnCashFlowsCashOutflowsFromFinancingActivities" xlink:title="LiquidityRiskProjectOnCashFlowsCashOutflowsFromFinancingActivities"/>
    <link:calculationArc xlink:type="arc" xlink:arcrole="http://www.xbrl.org/2003/arcrole/summation-item" xlink:from="LiquidityRiskProjectOnCashFlowsCashFlowsFromFinancing" xlink:to="LiquidityRiskProjectOnCashFlowsCashOutflowsFromFinancingActivities" xlink:title="calculation: LiquidityRiskProjectOnCashFlowsCashFlowsFromFinancing to LiquidityRiskProjectOnCashFlowsCashOutflowsFromFinancingActivities" use="optional" order="20.0" weight="-1.0"/>
  </link:calculationLink>
  <link:calculationLink xlink:type="extended" xlink:role="http://xbrl.circ.gov.cn/role/c-ross_2015-12-31_role-3180312">
    <link:loc xlink:type="locator" xlink:href="../../c-ross_core_2015-12-31.xsd#c-ross_LiquidityRiskActualCashFlowsNetCashFlows" xlink:label="LiquidityRiskActualCashFlowsNetCashFlows" xlink:title="LiquidityRiskActualCashFlowsNetCashFlows"/>
    <link:loc xlink:type="locator" xlink:href="../../c-ross_core_2015-12-31.xsd#c-ross_LiquidityRiskActualCashFlowsCashFlowsFromBusiness" xlink:label="LiquidityRiskActualCashFlowsCashFlowsFromBusiness" xlink:title="LiquidityRiskActualCashFlowsCashFlowsFromBusiness"/>
    <link:calculationArc xlink:type="arc" xlink:arcrole="http://www.xbrl.org/2003/arcrole/summation-item" xlink:from="LiquidityRiskActualCashFlowsNetCashFlows" xlink:to="LiquidityRiskActualCashFlowsCashFlowsFromBusiness" xlink:title="calculation: LiquidityRiskActualCashFlowsNetCashFlows to LiquidityRiskActualCashFlowsCashFlowsFromBusiness" use="optional" priority="0" order="10.0" weight="1.0"/>
    <link:loc xlink:type="locator" xlink:href="../../c-ross_core_2015-12-31.xsd#c-ross_LiquidityRiskActualCashFlowsCashFlowsFromInForceBusinessOnReportingDate" xlink:label="LiquidityRiskActualCashFlowsCashFlowsFromInForceBusinessOnReportingDate" xlink:title="LiquidityRiskActualCashFlowsCashFlowsFromInForceBusinessOnReportingDate"/>
    <link:calculationArc xlink:type="arc" xlink:arcrole="http://www.xbrl.org/2003/arcrole/summation-item" xlink:from="LiquidityRiskActualCashFlowsCashFlowsFromBusiness" xlink:to="LiquidityRiskActualCashFlowsCashFlowsFromInForceBusinessOnReportingDate" xlink:title="calculation: LiquidityRiskActualCashFlowsCashFlowsFromBusiness to LiquidityRiskActualCashFlowsCashFlowsFromInForceBusinessOnReportingDate" use="optional" priority="0" order="10.0" weight="1.0"/>
    <link:loc xlink:type="locator" xlink:href="../../c-ross_core_2015-12-31.xsd#c-ross_LiquidityRiskActualCashFlowsCashFlowsFromInForceBusinessOnReportingDatePremiumIncome" xlink:label="LiquidityRiskActualCashFlowsCashFlowsFromInForceBusinessOnReportingDatePremiumIncome" xlink:title="LiquidityRiskActualCashFlowsCashFlowsFromInForceBusinessOnReportingDatePremiumIncome"/>
    <link:calculationArc xlink:type="arc" xlink:arcrole="http://www.xbrl.org/2003/arcrole/summation-item" xlink:from="LiquidityRiskActualCashFlowsCashFlowsFromInForceBusinessOnReportingDate" xlink:to="LiquidityRiskActualCashFlowsCashFlowsFromInForceBusinessOnReportingDatePremiumIncome" xlink:title="calculation: LiquidityRiskActualCashFlowsCashFlowsFromInForceBusinessOnReportingDate to LiquidityRiskActualCashFlowsCashFlowsFromInForceBusinessOnReportingDatePremiumIncome" use="optional" priority="0" order="10.0" weight="1.0"/>
    <link:loc xlink:type="locator" xlink:href="../../c-ross_core_2015-12-31.xsd#c-ross_LiquidityRiskActualCashFlowsCashFlowsFromInForceBusinessOnReportingDateSurrenderPayment" xlink:label="LiquidityRiskActualCashFlowsCashFlowsFromInForceBusinessOnReportingDateSurrenderPayment" xlink:title="LiquidityRiskActualCashFlowsCashFlowsFromInForceBusinessOnReportingDateSurrenderPayment"/>
    <link:calculationArc xlink:type="arc" xlink:arcrole="http://www.xbrl.org/2003/arcrole/summation-item" xlink:from="LiquidityRiskActualCashFlowsCashFlowsFromInForceBusinessOnReportingDate" xlink:to="LiquidityRiskActualCashFlowsCashFlowsFromInForceBusinessOnReportingDateSurrenderPayment" xlink:title="calculation: LiquidityRiskActualCashFlowsCashFlowsFromInForceBusinessOnReportingDate to LiquidityRiskActualCashFlowsCashFlowsFromInForceBusinessOnReportingDateSurrenderPayment" use="optional" priority="0" order="30.0" weight="-1.0"/>
    <link:loc xlink:type="locator" xlink:href="../../c-ross_core_2015-12-31.xsd#c-ross_LiquidityRiskActualCashFlowsCashFlowsFromInForceBusinessOnReportingDateBonusesPayment" xlink:label="LiquidityRiskActualCashFlowsCashFlowsFromInForceBusinessOnReportingDateBonusesPayment" xlink:title="LiquidityRiskActualCashFlowsCashFlowsFromInForceBusinessOnReportingDateBonusesPayment"/>
    <link:calculationArc xlink:type="arc" xlink:arcrole="http://www.xbrl.org/2003/arcrole/summation-item" xlink:from="LiquidityRiskActualCashFlowsCashFlowsFromInForceBusinessOnReportingDate" xlink:to="LiquidityRiskActualCashFlowsCashFlowsFromInForceBusinessOnReportingDateBonusesPayment" xlink:title="calculation: LiquidityRiskActualCashFlowsCashFlowsFromInForceBusinessOnReportingDate to LiquidityRiskActualCashFlowsCashFlowsFromInForceBusinessOnReportingDateBonusesPayment" use="optional" priority="0" order="40.0" weight="-1.0"/>
    <link:loc xlink:type="locator" xlink:href="../../c-ross_core_2015-12-31.xsd#c-ross_LiquidityRiskActualCashFlowsCashFlowsFromInForceBusinessOnReportingDateDividendsPayment" xlink:label="LiquidityRiskActualCashFlowsCashFlowsFromInForceBusinessOnReportingDateDividendsPayment" xlink:title="LiquidityRiskActualCashFlowsCashFlowsFromInForceBusinessOnReportingDateDividendsPayment"/>
    <link:calculationArc xlink:type="arc" xlink:arcrole="http://www.xbrl.org/2003/arcrole/summation-item" xlink:from="LiquidityRiskActualCashFlowsCashFlowsFromInForceBusinessOnReportingDate" xlink:to="LiquidityRiskActualCashFlowsCashFlowsFromInForceBusinessOnReportingDateDividendsPayment" xlink:title="calculation: LiquidityRiskActualCashFlowsCashFlowsFromInForceBusinessOnReportingDate to LiquidityRiskActualCashFlowsCashFlowsFromInForceBusinessOnReportingDateDividendsPayment" use="optional" priority="0" order="50.0" weight="-1.0"/>
    <link:loc xlink:type="locator" xlink:href="../../c-ross_core_2015-12-31.xsd#c-ross_LiquidityRiskActualCashFlowsCashFlowsFromInForceBusinessOnReportingDateExpenses" xlink:label="LiquidityRiskActualCashFlowsCashFlowsFromInForceBusinessOnReportingDateExpenses" xlink:title="LiquidityRiskActualCashFlowsCashFlowsFromInForceBusinessOnReportingDateExpenses"/>
    <link:calculationArc xlink:type="arc" xlink:arcrole="http://www.xbrl.org/2003/arcrole/summation-item" xlink:from="LiquidityRiskActualCashFlowsCashFlowsFromInForceBusinessOnReportingDate" xlink:to="LiquidityRiskActualCashFlowsCashFlowsFromInForceBusinessOnReportingDateExpenses" xlink:title="calculation: LiquidityRiskActualCashFlowsCashFlowsFromInForceBusinessOnReportingDate to LiquidityRiskActualCashFlowsCashFlowsFromInForceBusinessOnReportingDateExpenses" use="optional" priority="0" order="60.0" weight="-1.0"/>
    <link:loc xlink:type="locator" xlink:href="../../c-ross_core_2015-12-31.xsd#c-ross_LiquidityRiskActualCashFlowsCashFlowsFromInForceBusinessOnReportingDateReinsuranceNetExpensesPayments" xlink:label="LiquidityRiskActualCashFlowsCashFlowsFromInForceBusinessOnReportingDateReinsuranceNetExpensesPayments" xlink:title="LiquidityRiskActualCashFlowsCashFlowsFromInForceBusinessOnReportingDateReinsuranceNetExpensesPayments"/>
    <link:calculationArc xlink:type="arc" xlink:arcrole="http://www.xbrl.org/2003/arcrole/summation-item" xlink:from="LiquidityRiskActualCashFlowsCashFlowsFromInForceBusinessOnReportingDate" xlink:to="LiquidityRiskActualCashFlowsCashFlowsFromInForceBusinessOnReportingDateReinsuranceNetExpensesPayments" xlink:title="calculation: LiquidityRiskActualCashFlowsCashFlowsFromInForceBusinessOnReportingDate to LiquidityRiskActualCashFlowsCashFlowsFromInForceBusinessOnReportingDateReinsuranceNetExpensesPayments" use="optional" priority="0" order="70.0" weight="-1.0"/>
    <link:loc xlink:type="locator" xlink:href="../../c-ross_core_2015-12-31.xsd#c-ross_LiquidityRiskActualCashFlowsCashFlowsFromInForceBusinessOnReportingDateBenefitPayments" xlink:label="LiquidityRiskActualCashFlowsCashFlowsFromInForceBusinessOnReportingDateBenefitPayments" xlink:title="LiquidityRiskActualCashFlowsCashFlowsFromInForceBusinessOnReportingDateBenefitPayments"/>
    <link:calculationArc xlink:type="arc" xlink:arcrole="http://www.xbrl.org/2003/arcrole/summation-item" xlink:from="LiquidityRiskActualCashFlowsCashFlowsFromInForceBusinessOnReportingDate" xlink:to="LiquidityRiskActualCashFlowsCashFlowsFromInForceBusinessOnReportingDateBenefitPayments" xlink:title="calculation: LiquidityRiskActualCashFlowsCashFlowsFromInForceBusinessOnReportingDate to LiquidityRiskActualCashFlowsCashFlowsFromInForceBusinessOnReportingDateBenefitPayments" use="optional" priority="0" order="20.0" weight="-1.0"/>
    <link:loc xlink:type="locator" xlink:href="../../c-ross_core_2015-12-31.xsd#c-ross_LiquidityRiskActualCashFlowsCashFlowsFromNewBusinessDuringTestPeriod" xlink:label="LiquidityRiskActualCashFlowsCashFlowsFromNewBusinessDuringTestPeriod" xlink:title="LiquidityRiskActualCashFlowsCashFlowsFromNewBusinessDuringTestPeriod"/>
    <link:calculationArc xlink:type="arc" xlink:arcrole="http://www.xbrl.org/2003/arcrole/summation-item" xlink:from="LiquidityRiskActualCashFlowsCashFlowsFromBusiness" xlink:to="LiquidityRiskActualCashFlowsCashFlowsFromNewBusinessDuringTestPeriod" xlink:title="calculation: LiquidityRiskActualCashFlowsCashFlowsFromBusiness to LiquidityRiskActualCashFlowsCashFlowsFromNewBusinessDuringTestPeriod" use="optional" priority="0" order="20.0" weight="1.0"/>
    <link:loc xlink:type="locator" xlink:href="../../c-ross_core_2015-12-31.xsd#c-ross_LiquidityRiskActualCashFlowsCashFlowsFromNewBusinessDuringTestPeriodPremiumIncome" xlink:label="LiquidityRiskActualCashFlowsCashFlowsFromNewBusinessDuringTestPeriodPremiumIncome" xlink:title="LiquidityRiskActualCashFlowsCashFlowsFromNewBusinessDuringTestPeriodPremiumIncome"/>
    <link:calculationArc xlink:type="arc" xlink:arcrole="http://www.xbrl.org/2003/arcrole/summation-item" xlink:from="LiquidityRiskActualCashFlowsCashFlowsFromNewBusinessDuringTestPeriod" xlink:to="LiquidityRiskActualCashFlowsCashFlowsFromNewBusinessDuringTestPeriodPremiumIncome" xlink:title="calculation: LiquidityRiskActualCashFlowsCashFlowsFromNewBusinessDuringTestPeriod to LiquidityRiskActualCashFlowsCashFlowsFromNewBusinessDuringTestPeriodPremiumIncome" use="optional" priority="0" order="10.0" weight="1.0"/>
    <link:loc xlink:type="locator" xlink:href="../../c-ross_core_2015-12-31.xsd#c-ross_LiquidityRiskActualCashFlowsCashFlowsFromNewBusinessDuringTestPeriodBenefitPayments" xlink:label="LiquidityRiskActualCashFlowsCashFlowsFromNewBusinessDuringTestPeriodBenefitPayments" xlink:title="LiquidityRiskActualCashFlowsCashFlowsFromNewBusinessDuringTestPeriodBenefitPayments"/>
    <link:calculationArc xlink:type="arc" xlink:arcrole="http://www.xbrl.org/2003/arcrole/summation-item" xlink:from="LiquidityRiskActualCashFlowsCashFlowsFromNewBusinessDuringTestPeriod" xlink:to="LiquidityRiskActualCashFlowsCashFlowsFromNewBusinessDuringTestPeriodBenefitPayments" xlink:title="calculation: LiquidityRiskActualCashFlowsCashFlowsFromNewBusinessDuringTestPeriod to LiquidityRiskActualCashFlowsCashFlowsFromNewBusinessDuringTestPeriodBenefitPayments" use="optional" priority="0" order="20.0" weight="-1.0"/>
    <link:loc xlink:type="locator" xlink:href="../../c-ross_core_2015-12-31.xsd#c-ross_LiquidityRiskActualCashFlowsCashFlowsFromNewBusinessDuringTestPeriodSurrenderPayment" xlink:label="LiquidityRiskActualCashFlowsCashFlowsFromNewBusinessDuringTestPeriodSurrenderPayment" xlink:title="LiquidityRiskActualCashFlowsCashFlowsFromNewBusinessDuringTestPeriodSurrenderPayment"/>
    <link:calculationArc xlink:type="arc" xlink:arcrole="http://www.xbrl.org/2003/arcrole/summation-item" xlink:from="LiquidityRiskActualCashFlowsCashFlowsFromNewBusinessDuringTestPeriod" xlink:to="LiquidityRiskActualCashFlowsCashFlowsFromNewBusinessDuringTestPeriodSurrenderPayment" xlink:title="calculation: LiquidityRiskActualCashFlowsCashFlowsFromNewBusinessDuringTestPeriod to LiquidityRiskActualCashFlowsCashFlowsFromNewBusinessDuringTestPeriodSurrenderPayment" use="optional" priority="0" order="30.0" weight="-1.0"/>
    <link:loc xlink:type="locator" xlink:href="../../c-ross_core_2015-12-31.xsd#c-ross_LiquidityRiskActualCashFlowsCashFlowsFromNewBusinessDuringTestPeriodBonusesPayment" xlink:label="LiquidityRiskActualCashFlowsCashFlowsFromNewBusinessDuringTestPeriodBonusesPayment" xlink:title="LiquidityRiskActualCashFlowsCashFlowsFromNewBusinessDuringTestPeriodBonusesPayment"/>
    <link:calculationArc xlink:type="arc" xlink:arcrole="http://www.xbrl.org/2003/arcrole/summation-item" xlink:from="LiquidityRiskActualCashFlowsCashFlowsFromNewBusinessDuringTestPeriod" xlink:to="LiquidityRiskActualCashFlowsCashFlowsFromNewBusinessDuringTestPeriodBonusesPayment" xlink:title="calculation: LiquidityRiskActualCashFlowsCashFlowsFromNewBusinessDuringTestPeriod to LiquidityRiskActualCashFlowsCashFlowsFromNewBusinessDuringTestPeriodBonusesPayment" use="optional" priority="0" order="40.0" weight="-1.0"/>
    <link:loc xlink:type="locator" xlink:href="../../c-ross_core_2015-12-31.xsd#c-ross_LiquidityRiskActualCashFlowsCashFlowsFromNewBusinessDuringTestPeriodDividendsPayment" xlink:label="LiquidityRiskActualCashFlowsCashFlowsFromNewBusinessDuringTestPeriodDividendsPayment" xlink:title="LiquidityRiskActualCashFlowsCashFlowsFromNewBusinessDuringTestPeriodDividendsPayment"/>
    <link:calculationArc xlink:type="arc" xlink:arcrole="http://www.xbrl.org/2003/arcrole/summation-item" xlink:from="LiquidityRiskActualCashFlowsCashFlowsFromNewBusinessDuringTestPeriod" xlink:to="LiquidityRiskActualCashFlowsCashFlowsFromNewBusinessDuringTestPeriodDividendsPayment" xlink:title="calculation: LiquidityRiskActualCashFlowsCashFlowsFromNewBusinessDuringTestPeriod to LiquidityRiskActualCashFlowsCashFlowsFromNewBusinessDuringTestPeriodDividendsPayment" use="optional" priority="0" order="50.0" weight="-1.0"/>
    <link:loc xlink:type="locator" xlink:href="../../c-ross_core_2015-12-31.xsd#c-ross_LiquidityRiskActualCashFlowsCashFlowsFromNewBusinessDuringTestPeriodExpenses" xlink:label="LiquidityRiskActualCashFlowsCashFlowsFromNewBusinessDuringTestPeriodExpenses" xlink:title="LiquidityRiskActualCashFlowsCashFlowsFromNewBusinessDuringTestPeriodExpenses"/>
    <link:calculationArc xlink:type="arc" xlink:arcrole="http://www.xbrl.org/2003/arcrole/summation-item" xlink:from="LiquidityRiskActualCashFlowsCashFlowsFromNewBusinessDuringTestPeriod" xlink:to="LiquidityRiskActualCashFlowsCashFlowsFromNewBusinessDuringTestPeriodExpenses" xlink:title="calculation: LiquidityRiskActualCashFlowsCashFlowsFromNewBusinessDuringTestPeriod to LiquidityRiskActualCashFlowsCashFlowsFromNewBusinessDuringTestPeriodExpenses" use="optional" priority="0" order="60.0" weight="-1.0"/>
    <link:loc xlink:type="locator" xlink:href="../../c-ross_core_2015-12-31.xsd#c-ross_LiquidityRiskActualCashFlowsCashFlowsFromNewBusinessDuringTestPeriodReinsuranceNetExpensesPayments" xlink:label="LiquidityRiskActualCashFlowsCashFlowsFromNewBusinessDuringTestPeriodReinsuranceNetExpensesPayments" xlink:title="LiquidityRiskActualCashFlowsCashFlowsFromNewBusinessDuringTestPeriodReinsuranceNetExpensesPayments"/>
    <link:calculationArc xlink:type="arc" xlink:arcrole="http://www.xbrl.org/2003/arcrole/summation-item" xlink:from="LiquidityRiskActualCashFlowsCashFlowsFromNewBusinessDuringTestPeriod" xlink:to="LiquidityRiskActualCashFlowsCashFlowsFromNewBusinessDuringTestPeriodReinsuranceNetExpensesPayments" xlink:title="calculation: LiquidityRiskActualCashFlowsCashFlowsFromNewBusinessDuringTestPeriod to LiquidityRiskActualCashFlowsCashFlowsFromNewBusinessDuringTestPeriodReinsuranceNetExpensesPayments" use="optional" priority="0" order="70.0" weight="-1.0"/>
    <link:loc xlink:type="locator" xlink:href="../../c-ross_core_2015-12-31.xsd#c-ross_LiquidityRiskActualCashFlowsOtherCashFlowsFromBusiness" xlink:label="LiquidityRiskActualCashFlowsOtherCashFlowsFromBusiness" xlink:title="LiquidityRiskActualCashFlowsOtherCashFlowsFromBusiness"/>
    <link:calculationArc xlink:type="arc" xlink:arcrole="http://www.xbrl.org/2003/arcrole/summation-item" xlink:from="LiquidityRiskActualCashFlowsCashFlowsFromBusiness" xlink:to="LiquidityRiskActualCashFlowsOtherCashFlowsFromBusiness" xlink:title="calculation: LiquidityRiskActualCashFlowsCashFlowsFromBusiness to LiquidityRiskActualCashFlowsOtherCashFlowsFromBusiness" use="optional" priority="0" order="30.0" weight="1.0"/>
    <link:loc xlink:type="locator" xlink:href="../../c-ross_core_2015-12-31.xsd#c-ross_LiquidityRiskActualCashFlowsCashFlowsFromFinancing" xlink:label="LiquidityRiskActualCashFlowsCashFlowsFromFinancing" xlink:title="LiquidityRiskActualCashFlowsCashFlowsFromFinancing"/>
    <link:calculationArc xlink:type="arc" xlink:arcrole="http://www.xbrl.org/2003/arcrole/summation-item" xlink:from="LiquidityRiskActualCashFlowsNetCashFlows" xlink:to="LiquidityRiskActualCashFlowsCashFlowsFromFinancing" xlink:title="calculation: LiquidityRiskActualCashFlowsNetCashFlows to LiquidityRiskActualCashFlowsCashFlowsFromFinancing" use="optional" priority="0" order="30.0" weight="1.0"/>
    <link:loc xlink:type="locator" xlink:href="../../c-ross_core_2015-12-31.xsd#c-ross_LiquidityRiskActualCashFlowsCashInflowsFromFinancing" xlink:label="LiquidityRiskActualCashFlowsCashInflowsFromFinancing" xlink:title="LiquidityRiskActualCashFlowsCashInflowsFromFinancing"/>
    <link:calculationArc xlink:type="arc" xlink:arcrole="http://www.xbrl.org/2003/arcrole/summation-item" xlink:from="LiquidityRiskActualCashFlowsCashFlowsFromFinancing" xlink:to="LiquidityRiskActualCashFlowsCashInflowsFromFinancing" xlink:title="calculation: LiquidityRiskActualCashFlowsCashFlowsFromFinancing to LiquidityRiskActualCashFlowsCashInflowsFromFinancing" use="optional" priority="0" order="10.0" weight="1.0"/>
    <link:loc xlink:type="locator" xlink:href="../../c-ross_core_2015-12-31.xsd#c-ross_LiquidityRiskActualCashFlowsCashOutflowsFromFinancingActivities" xlink:label="LiquidityRiskActualCashFlowsCashOutflowsFromFinancingActivities" xlink:title="LiquidityRiskActualCashFlowsCashOutflowsFromFinancingActivities"/>
    <link:calculationArc xlink:type="arc" xlink:arcrole="http://www.xbrl.org/2003/arcrole/summation-item" xlink:from="LiquidityRiskActualCashFlowsCashFlowsFromFinancing" xlink:to="LiquidityRiskActualCashFlowsCashOutflowsFromFinancingActivities" xlink:title="calculation: LiquidityRiskActualCashFlowsCashFlowsFromFinancing to LiquidityRiskActualCashFlowsCashOutflowsFromFinancingActivities" use="optional" priority="0" order="20.0" weight="-1.0"/>
    <link:loc xlink:type="locator" xlink:href="../../c-ross_core_2015-12-31.xsd#c-ross_LiquidityRiskActualCashFlowsCashFlowsFromAssets" xlink:label="LiquidityRiskActualCashFlowsCashFlowsFromAssets" xlink:title="LiquidityRiskActualCashFlowsCashFlowsFromAssets"/>
    <link:calculationArc xlink:type="arc" xlink:arcrole="http://www.xbrl.org/2003/arcrole/summation-item" xlink:from="LiquidityRiskActualCashFlowsNetCashFlows" xlink:to="LiquidityRiskActualCashFlowsCashFlowsFromAssets" xlink:title="calculation: LiquidityRiskActualCashFlowsNetCashFlows to LiquidityRiskActualCashFlowsCashFlowsFromAssets" use="optional" priority="0" order="20.0" weight="1.0"/>
    <link:loc xlink:type="locator" xlink:href="../../c-ross_core_2015-12-31.xsd#c-ross_LiquidityRiskActualCashFlowsInterestIncome" xlink:label="LiquidityRiskActualCashFlowsInterestIncome" xlink:title="LiquidityRiskActualCashFlowsInterestIncome"/>
    <link:calculationArc xlink:type="arc" xlink:arcrole="http://www.xbrl.org/2003/arcrole/summation-item" xlink:from="LiquidityRiskActualCashFlowsCashFlowsFromAssets" xlink:to="LiquidityRiskActualCashFlowsInterestIncome" xlink:title="calculation: LiquidityRiskActualCashFlowsCashFlowsFromAssets to LiquidityRiskActualCashFlowsInterestIncome" use="optional" priority="0" order="10.0" weight="1.0"/>
    <link:loc xlink:type="locator" xlink:href="../../c-ross_core_2015-12-31.xsd#c-ross_LiquidityRiskActualCashFlowsBonusIncome" xlink:label="LiquidityRiskActualCashFlowsBonusIncome" xlink:title="LiquidityRiskActualCashFlowsBonusIncome"/>
    <link:calculationArc xlink:type="arc" xlink:arcrole="http://www.xbrl.org/2003/arcrole/summation-item" xlink:from="LiquidityRiskActualCashFlowsCashFlowsFromAssets" xlink:to="LiquidityRiskActualCashFlowsBonusIncome" xlink:title="calculation: LiquidityRiskActualCashFlowsCashFlowsFromAssets to LiquidityRiskActualCashFlowsBonusIncome" use="optional" priority="0" order="20.0" weight="1.0"/>
    <link:loc xlink:type="locator" xlink:href="../../c-ross_core_2015-12-31.xsd#c-ross_LiquidityRiskActualCashFlowsAssetsMaturity" xlink:label="LiquidityRiskActualCashFlowsAssetsMaturity" xlink:title="LiquidityRiskActualCashFlowsAssetsMaturity"/>
    <link:calculationArc xlink:type="arc" xlink:arcrole="http://www.xbrl.org/2003/arcrole/summation-item" xlink:from="LiquidityRiskActualCashFlowsCashFlowsFromAssets" xlink:to="LiquidityRiskActualCashFlowsAssetsMaturity" xlink:title="calculation: LiquidityRiskActualCashFlowsCashFlowsFromAssets to LiquidityRiskActualCashFlowsAssetsMaturity" use="optional" priority="0" order="30.0" weight="1.0"/>
    <link:loc xlink:type="locator" xlink:href="../../c-ross_core_2015-12-31.xsd#c-ross_LiquidityRiskActualCashFlowsSoldAssets" xlink:label="LiquidityRiskActualCashFlowsSoldAssets" xlink:title="LiquidityRiskActualCashFlowsSoldAssets"/>
    <link:calculationArc xlink:type="arc" xlink:arcrole="http://www.xbrl.org/2003/arcrole/summation-item" xlink:from="LiquidityRiskActualCashFlowsCashFlowsFromAssets" xlink:to="LiquidityRiskActualCashFlowsSoldAssets" xlink:title="calculation: LiquidityRiskActualCashFlowsCashFlowsFromAssets to LiquidityRiskActualCashFlowsSoldAssets" use="optional" priority="0" order="40.0" weight="1.0"/>
    <link:loc xlink:type="locator" xlink:href="../../c-ross_core_2015-12-31.xsd#c-ross_LiquidityRiskActualCashFlowsOtherCashFlowsFromAssets" xlink:label="LiquidityRiskActualCashFlowsOtherCashFlowsFromAssets" xlink:title="LiquidityRiskActualCashFlowsOtherCashFlowsFromAssets"/>
    <link:calculationArc xlink:type="arc" xlink:arcrole="http://www.xbrl.org/2003/arcrole/summation-item" xlink:from="LiquidityRiskActualCashFlowsCashFlowsFromAssets" xlink:to="LiquidityRiskActualCashFlowsOtherCashFlowsFromAssets" xlink:title="calculation: LiquidityRiskActualCashFlowsCashFlowsFromAssets to LiquidityRiskActualCashFlowsOtherCashFlowsFromAssets" use="optional" priority="0" order="50.0" weight="1.0"/>
  </link:calculationLink>
</link:linkbase>
