<?xml version="1.0" encoding="UTF-8"?>

<!--
	Taxonomy: 2015-12-31 (Final)
	**********************
	Copyright © 2015 China Insurance Regulatory Commission.
	All rights reserved.  No part of this publication may be translated, reprinted or reproduced
	or utilised in any form either in whole or in part without prior permission in writing from China Insurance Regulatory Commission.
	  **********************
	-->
<link:linkbase xmlns:xsi="http://www.w3.org/2001/XMLSchema-instance" xsi:schemaLocation="http://www.xbrl.org/2003/linkbase http://www.xbrl.org/2003/xbrl-linkbase-2003-12-31.xsd http://xbrl.org/2008/label http://www.xbrl.org/2008/generic-label.xsd http://xbrl.org/2008/generic http://www.xbrl.org/2008/generic-link.xsd http://www.w3.org/1999/xlink http://www.xbrl.org/2003/xlink-2003-12-31.xsd" xmlns:c-ross="http://xbrl.circ.gov.cn/taxonomy/2015-12-31/c-ross" xmlns:gen="http://xbrl.org/2008/generic" xmlns:link="http://www.xbrl.org/2003/linkbase" xmlns:q_s_pc_entry_point="http://xbrl.circ.gov.cn/taxonomy/2015-12-31/c-ross/q_s_pc_entry_point" xmlns:xlink="http://www.w3.org/1999/xlink" xmlns:label="http://xbrl.org/2008/label">
  <link:roleRef roleURI="http://www.xbrl.org/2008/role/label" xlink:type="simple" xlink:href="http://www.xbrl.org/2008/generic-label.xsd#standard-label"/>
  <link:roleRef roleURI="http://www.xbrl.org/2008/role/link" xlink:type="simple" xlink:href="http://www.xbrl.org/2008/generic-link.xsd#standard-link-role"/>
  <link:arcroleRef arcroleURI="http://xbrl.org/arcrole/2008/element-label" xlink:type="simple" xlink:href="http://www.xbrl.org/2008/generic-label.xsd#element-label"/>
  <gen:link xlink:type="extended" xlink:role="http://www.xbrl.org/2008/role/link">
    <link:loc xlink:type="locator" xlink:href="rol_c-ross_12_2015-12-31.xsd#c-ross_2015-12-31-3180121" xlink:label="roleType48" xlink:title="roleType48"/>
    <label:label xlink:type="resource" xlink:label="label48" xlink:role="http://www.xbrl.org/2008/role/label" xlink:title="label48" xml:lang="en">Cash flow test under base scenario (for property and casualty insurance companies and reinsurance companies)</label:label>
    <gen:arc xlink:type="arc" xlink:arcrole="http://xbrl.org/arcrole/2008/element-label" xlink:from="roleType48" xlink:to="label48" xlink:title="gen: roleType48 to label48" order="20.0"/>
    <link:loc xlink:type="locator" xlink:href="rol_c-ross_12_2015-12-31.xsd#c-ross_2015-12-31-3180221" xlink:label="roleType49" xlink:title="roleType49"/>
    <label:label xlink:type="resource" xlink:label="label49" xlink:role="http://www.xbrl.org/2008/role/label" xlink:title="label49" xml:lang="en">Cash flow test under stress scenario (for property and casualty insurance companies and reinsurance companies)</label:label>
    <gen:arc xlink:type="arc" xlink:arcrole="http://xbrl.org/arcrole/2008/element-label" xlink:from="roleType49" xlink:to="label49" xlink:title="gen: roleType49 to label49" order="20.0"/>
    <link:loc xlink:type="locator" xlink:href="rol_c-ross_12_2015-12-31.xsd#c-ross_2015-12-31-3180312" xlink:label="roleType50" xlink:title="roleType50"/>
    <label:label xlink:type="resource" xlink:label="label50" xlink:role="http://www.xbrl.org/2008/role/label" xlink:title="label150" xml:lang="en">Cash flow test under base scenario (for life insurance companies), actual cash flows</label:label>
    <gen:arc xlink:type="arc" xlink:arcrole="http://xbrl.org/arcrole/2008/element-label" xlink:from="roleType50" xlink:to="label50" xlink:title="gen: roleType50 to label50" order="20.0"/>
    <link:loc xlink:type="locator" xlink:href="rol_c-ross_12_2015-12-31.xsd#c-ross_2015-12-31-3180312a" xlink:label="roleType51" xlink:title="roleType51"/>
    <label:label xlink:type="resource" xlink:label="label51" xlink:role="http://www.xbrl.org/2008/role/label" xlink:title="label151" xml:lang="en">Cash flow test under base scenario (for life insurance companies), project on cash flows</label:label>
    <gen:arc xlink:type="arc" xlink:arcrole="http://xbrl.org/arcrole/2008/element-label" xlink:from="roleType51" xlink:to="label51" xlink:title="gen: roleType51 to label51" order="20.0"/>
    <link:loc xlink:type="locator" xlink:href="rol_c-ross_12_2015-12-31.xsd#c-ross_2015-12-31-3180412" xlink:label="roleType10" xlink:title="roleType10"/>
    <label:label xlink:type="resource" xlink:label="label10" xlink:role="http://www.xbrl.org/2008/role/label" xlink:title="label10" xml:lang="en">Cash flow test under stress scenarios (for life insurance companies)</label:label>
    <gen:arc xlink:type="arc" xlink:arcrole="http://xbrl.org/arcrole/2008/element-label" xlink:from="roleType10" xlink:to="label10" xlink:title="gen: roleType10 to label10" order="20.0"/>
    <link:loc xlink:type="locator" xlink:href="rol_c-ross_12_2015-12-31.xsd#c-ross_2015-12-31-3180521" xlink:label="roleType11" xlink:title="roleType11"/>
    <label:label xlink:type="resource" xlink:label="label11" xlink:role="http://www.xbrl.org/2008/role/label" xlink:title="label11" xml:lang="en">Integrated current ratio (for property and casualty insurance companies and reinsurance companies)</label:label>
    <gen:arc xlink:type="arc" xlink:arcrole="http://xbrl.org/arcrole/2008/element-label" xlink:from="roleType11" xlink:to="label11" xlink:title="gen: roleType11 to label11" order="20.0"/>
    <link:loc xlink:type="locator" xlink:href="rol_c-ross_12_2015-12-31.xsd#c-ross_2015-12-31-3180521a" xlink:label="roleType12" xlink:title="roleType12"/>
    <label:label xlink:type="resource" xlink:label="label12" xlink:role="http://www.xbrl.org/2008/role/label" xlink:title="label12" xml:lang="en">Integrated current ratio (for property and casualty insurance companies and reinsurance companies)-excluded one</label:label>
    <gen:arc xlink:type="arc" xlink:arcrole="http://xbrl.org/arcrole/2008/element-label" xlink:from="roleType12" xlink:to="label12" xlink:title="gen: roleType12 to label12" order="20.0"/>
    <link:loc xlink:type="locator" xlink:href="rol_c-ross_12_2015-12-31.xsd#c-ross_2015-12-31-3180612" xlink:label="roleType13" xlink:title="roleType13"/>
    <label:label xlink:type="resource" xlink:label="label13" xlink:role="http://www.xbrl.org/2008/role/label" xlink:title="label13" xml:lang="en">Integrated current ratio (for life insurance companies)</label:label>
    <gen:arc xlink:type="arc" xlink:arcrole="http://xbrl.org/arcrole/2008/element-label" xlink:from="roleType13" xlink:to="label13" xlink:title="gen: roleType13 to label13" order="20.0"/>
    <link:loc xlink:type="locator" xlink:href="rol_c-ross_12_2015-12-31.xsd#c-ross_2015-12-31-3180612a" xlink:label="roleType14" xlink:title="roleType14"/>
    <label:label xlink:type="resource" xlink:label="label14" xlink:role="http://www.xbrl.org/2008/role/label" xlink:title="label14" xml:lang="en">Integrated liquidity ratio (for life insurance companies)-excluded one</label:label>
    <gen:arc xlink:type="arc" xlink:arcrole="http://xbrl.org/arcrole/2008/element-label" xlink:from="roleType14" xlink:to="label14" xlink:title="gen: roleType14 to label14" order="20.0"/>
    <link:loc xlink:type="locator" xlink:href="rol_c-ross_12_2015-12-31.xsd#c-ross_2015-12-31-3180700" xlink:label="roleType15" xlink:title="roleType15"/>
    <label:label xlink:type="resource" xlink:label="label15" xlink:role="http://www.xbrl.org/2008/role/label" xlink:title="label15" xml:lang="en">Liquidity coverage ratio</label:label>
    <gen:arc xlink:type="arc" xlink:arcrole="http://xbrl.org/arcrole/2008/element-label" xlink:from="roleType15" xlink:to="label15" xlink:title="gen: roleType15 to label15" order="20.0"/>
    <link:loc xlink:type="locator" xlink:href="rol_c-ross_12_2015-12-31.xsd#c-ross_2015-12-31-3180700a" xlink:label="roleType16" xlink:title="roleType16"/>
    <label:label xlink:type="resource" xlink:label="label16" xlink:role="http://www.xbrl.org/2008/role/label" xlink:title="label16" xml:lang="en">Liquidity coverage ratio-excluded one</label:label>
    <gen:arc xlink:type="arc" xlink:arcrole="http://xbrl.org/arcrole/2008/element-label" xlink:from="roleType16" xlink:to="label16" xlink:title="gen: roleType16 to label16" order="20.0"/>
    <link:loc xlink:type="locator" xlink:href="rol_c-ross_12_2015-12-31.xsd#c-ross_2015-12-31-3180700b" xlink:label="roleType17" xlink:title="roleType17"/>
    <label:label xlink:type="resource" xlink:label="label17" xlink:role="http://www.xbrl.org/2008/role/label" xlink:title="label17" xml:lang="en">Liquidity coverage ratio-excluded two</label:label>
    <gen:arc xlink:type="arc" xlink:arcrole="http://xbrl.org/arcrole/2008/element-label" xlink:from="roleType17" xlink:to="label17" xlink:title="gen: roleType17 to label17" order="20.0"/>
  </gen:link>
</link:linkbase>
