<?xml version="1.0" encoding="UTF-8"?>

<!--
	Taxonomy: 2015-12-31 (Final)
	**********************
	Copyright © 2015 China Insurance Regulatory Commission.
	All rights reserved.  No part of this publication may be translated, reprinted or reproduced
	or utilised in any form either in whole or in part without prior permission in writing from China Insurance Regulatory Commission.
	  **********************
	-->
<link:linkbase xmlns:xsi="http://www.w3.org/2001/XMLSchema-instance" xsi:schemaLocation="http://www.xbrl.org/2003/linkbase http://www.xbrl.org/2003/xbrl-linkbase-2003-12-31.xsd" xmlns:c-ross="http://xbrl.circ.gov.cn/taxonomy/2015-12-31/c-ross" xmlns:link="http://www.xbrl.org/2003/linkbase" xmlns:q_s_pc_entry_point="http://xbrl.circ.gov.cn/taxonomy/2015-12-31/c-ross/q_s_pc_entry_point" xmlns:xbrli="http://www.xbrl.org/2003/instance" xmlns:xlink="http://www.w3.org/1999/xlink">
  <link:roleRef roleURI="http://www.xbrl.org/2009/role/netLabel" xlink:type="simple" xlink:href="http://www.xbrl.org/lrr/role/net-2009-12-16.xsd#netLabel"/>
  <link:roleRef roleURI="http://xbrl.circ.gov.cn/role/c-ross_2015-12-31_role-3180121" xlink:type="simple" xlink:href="rol_c-ross_12_2015-12-31.xsd#c-ross_2015-12-31-3180121"/>
  <link:presentationLink xlink:type="extended" xlink:role="http://xbrl.circ.gov.cn/role/c-ross_2015-12-31_role-3180121">
    <link:loc xlink:type="locator" xlink:href="../../c-ross_core_2015-12-31.xsd#c-ross_CashFlowTestUnderBaseScenarioForPropertyAndCasualtyInsuranceCompaniesAndReinsuranceCompaniesAbstract" xlink:label="CashFlowTestUnderBaseScenarioForPropertyAndCasualtyInsuranceCompaniesAndReinsuranceCompaniesAbstract" xlink:title="CashFlowTestUnderBaseScenarioForPropertyAndCasualtyInsuranceCompaniesAndReinsuranceCompaniesAbstract"/>
    <link:loc xlink:type="locator" xlink:href="../../c-ross_core_2015-12-31.xsd#c-ross_CashFlowTestUnderBaseScenarioForPropertyAndCasualtyInsuranceCompaniesAndReinsuranceCompaniesTable" xlink:label="CashFlowTestUnderBaseScenarioForPropertyAndCasualtyInsuranceCompaniesAndReinsuranceCompaniesTable" xlink:title="CashFlowTestUnderBaseScenarioForPropertyAndCasualtyInsuranceCompaniesAndReinsuranceCompaniesTable"/>
    <link:presentationArc xlink:type="arc" xlink:arcrole="http://www.xbrl.org/2003/arcrole/parent-child" xlink:from="CashFlowTestUnderBaseScenarioForPropertyAndCasualtyInsuranceCompaniesAndReinsuranceCompaniesAbstract" xlink:to="CashFlowTestUnderBaseScenarioForPropertyAndCasualtyInsuranceCompaniesAndReinsuranceCompaniesTable" xlink:title="presentation: CashFlowTestUnderBaseScenarioForPropertyAndCasualtyInsuranceCompaniesAndReinsuranceCompaniesAbstract to CashFlowTestUnderBaseScenarioForPropertyAndCasualtyInsuranceCompaniesAndReinsuranceCompaniesTable" order="10.0" preferredLabel="http://www.xbrl.org/2003/role/label"/>
    <link:loc xlink:type="locator" xlink:href="../../c-ross_core_2015-12-31.xsd#c-ross_CashFlowTestScenarioAxis" xlink:label="CashFlowTestScenarioAxis" xlink:title="CashFlowTestScenarioAxis"/>
    <link:presentationArc xlink:type="arc" xlink:arcrole="http://www.xbrl.org/2003/arcrole/parent-child" xlink:from="CashFlowTestUnderBaseScenarioForPropertyAndCasualtyInsuranceCompaniesAndReinsuranceCompaniesTable" xlink:to="CashFlowTestScenarioAxis" xlink:title="presentation: CashFlowTestUnderBaseScenarioForPropertyAndCasualtyInsuranceCompaniesAndReinsuranceCompaniesTable to CashFlowTestScenarioAxis" order="10.0" preferredLabel="http://www.xbrl.org/2003/role/label"/>
    <link:loc xlink:type="locator" xlink:href="../../c-ross_core_2015-12-31.xsd#c-ross_CashFlowTestScenarioMember" xlink:label="CashFlowTestScenarioMember" xlink:title="CashFlowTestScenarioMember"/>
    <link:presentationArc xlink:type="arc" xlink:arcrole="http://www.xbrl.org/2003/arcrole/parent-child" xlink:from="CashFlowTestScenarioAxis" xlink:to="CashFlowTestScenarioMember" xlink:title="presentation: CashFlowTestScenarioAxis to CashFlowTestScenarioMember" use="optional" order="10.0" preferredLabel="http://www.xbrl.org/2003/role/label"/>
    <link:loc xlink:type="locator" xlink:href="../../c-ross_core_2015-12-31.xsd#c-ross_BaseScenarioMember" xlink:label="BaseScenarioMember" xlink:title="BaseScenarioMember"/>
    <link:presentationArc xlink:type="arc" xlink:arcrole="http://www.xbrl.org/2003/arcrole/parent-child" xlink:from="CashFlowTestScenarioMember" xlink:to="BaseScenarioMember" xlink:title="presentation: CashFlowTestScenarioMember to BaseScenarioMember" order="10.0" preferredLabel="http://www.xbrl.org/2003/role/label"/>
    <link:loc xlink:type="locator" xlink:href="../../c-ross_core_2015-12-31.xsd#c-ross_CashFlowTestScopeAxis" xlink:label="CashFlowTestScopeAxis" xlink:title="CashFlowTestScopeAxis"/>
    <link:presentationArc xlink:type="arc" xlink:arcrole="http://www.xbrl.org/2003/arcrole/parent-child" xlink:from="CashFlowTestUnderBaseScenarioForPropertyAndCasualtyInsuranceCompaniesAndReinsuranceCompaniesTable" xlink:to="CashFlowTestScopeAxis" xlink:title="presentation: CashFlowTestUnderBaseScenarioForPropertyAndCasualtyInsuranceCompaniesAndReinsuranceCompaniesTable to CashFlowTestScopeAxis" order="20.0" preferredLabel="http://www.xbrl.org/2003/role/label"/>
    <link:loc xlink:type="locator" xlink:href="../../c-ross_core_2015-12-31.xsd#c-ross_CashFlowTestScopeMember" xlink:label="CashFlowTestScopeMember" xlink:title="CashFlowTestScopeMember"/>
    <link:presentationArc xlink:type="arc" xlink:arcrole="http://www.xbrl.org/2003/arcrole/parent-child" xlink:from="CashFlowTestScopeAxis" xlink:to="CashFlowTestScopeMember" xlink:title="presentation: CashFlowTestScopeAxis to CashFlowTestScopeMember" use="optional" order="10.0" preferredLabel="http://www.xbrl.org/2003/role/label"/>
    <link:loc xlink:type="locator" xlink:href="../../c-ross_core_2015-12-31.xsd#c-ross_OverallBusinessMember" xlink:label="OverallBusinessMember" xlink:title="OverallBusinessMember"/>
    <link:presentationArc xlink:type="arc" xlink:arcrole="http://www.xbrl.org/2003/arcrole/parent-child" xlink:from="CashFlowTestScopeMember" xlink:to="OverallBusinessMember" xlink:title="presentation: CashFlowTestScopeMember to OverallBusinessMember" order="10.0" preferredLabel="http://www.xbrl.org/2003/role/label"/>
    <link:loc xlink:type="locator" xlink:href="../../c-ross_core_2015-12-31.xsd#c-ross_CashFlowTestPeriodAxis" xlink:label="CashFlowTestPeriodAxis" xlink:title="CashFlowTestPeriodAxis"/>
    <link:presentationArc xlink:type="arc" xlink:arcrole="http://www.xbrl.org/2003/arcrole/parent-child" xlink:from="CashFlowTestUnderBaseScenarioForPropertyAndCasualtyInsuranceCompaniesAndReinsuranceCompaniesTable" xlink:to="CashFlowTestPeriodAxis" xlink:title="presentation: CashFlowTestUnderBaseScenarioForPropertyAndCasualtyInsuranceCompaniesAndReinsuranceCompaniesTable to CashFlowTestPeriodAxis" order="30.0" preferredLabel="http://www.xbrl.org/2003/role/label"/>
    <link:loc xlink:type="locator" xlink:href="../../c-ross_core_2015-12-31.xsd#c-ross_CashFlowTestPeriodMember" xlink:label="CashFlowTestPeriodMember" xlink:title="CashFlowTestPeriodMember"/>
    <link:presentationArc xlink:type="arc" xlink:arcrole="http://www.xbrl.org/2003/arcrole/parent-child" xlink:from="CashFlowTestPeriodAxis" xlink:to="CashFlowTestPeriodMember" xlink:title="presentation: CashFlowTestPeriodAxis to CashFlowTestPeriodMember" use="optional" order="10.0" preferredLabel="http://www.xbrl.org/2003/role/label"/>
    <link:loc xlink:type="locator" xlink:href="../../c-ross_core_2015-12-31.xsd#c-ross_ForthQuarterAfterReportingDateMember" xlink:label="ForthQuarterAfterReportingDateMember" xlink:title="ForthQuarterAfterReportingDateMember"/>
    <link:presentationArc xlink:type="arc" xlink:arcrole="http://www.xbrl.org/2003/arcrole/parent-child" xlink:from="CashFlowTestPeriodMember" xlink:to="ForthQuarterAfterReportingDateMember" xlink:title="presentation: CashFlowTestPeriodMember to ForthQuarterAfterReportingDateMember" order="40.0" preferredLabel="http://www.xbrl.org/2003/role/terseLabel"/>
    <link:loc xlink:type="locator" xlink:href="../../c-ross_core_2015-12-31.xsd#c-ross_ThirdQuarterAfterReportingDateMember" xlink:label="ThirdQuarterAfterReportingDateMember" xlink:title="ThirdQuarterAfterReportingDateMember"/>
    <link:presentationArc xlink:type="arc" xlink:arcrole="http://www.xbrl.org/2003/arcrole/parent-child" xlink:from="CashFlowTestPeriodMember" xlink:to="ThirdQuarterAfterReportingDateMember" xlink:title="presentation: CashFlowTestPeriodMember to ThirdQuarterAfterReportingDateMember" order="30.0" preferredLabel="http://www.xbrl.org/2003/role/terseLabel"/>
    <link:loc xlink:type="locator" xlink:href="../../c-ross_core_2015-12-31.xsd#c-ross_SecondQuarterAfterReportingDateMember" xlink:label="SecondQuarterAfterReportingDateMember" xlink:title="SecondQuarterAfterReportingDateMember"/>
    <link:presentationArc xlink:type="arc" xlink:arcrole="http://www.xbrl.org/2003/arcrole/parent-child" xlink:from="CashFlowTestPeriodMember" xlink:to="SecondQuarterAfterReportingDateMember" xlink:title="presentation: CashFlowTestPeriodMember to SecondQuarterAfterReportingDateMember" order="20.0" preferredLabel="http://www.xbrl.org/2003/role/terseLabel"/>
    <link:loc xlink:type="locator" xlink:href="../../c-ross_core_2015-12-31.xsd#c-ross_FirstQuarterAfterReportingDateMember" xlink:label="FirstQuarterAfterReportingDateMember" xlink:title="FirstQuarterAfterReportingDateMember"/>
    <link:presentationArc xlink:type="arc" xlink:arcrole="http://www.xbrl.org/2003/arcrole/parent-child" xlink:from="CashFlowTestPeriodMember" xlink:to="FirstQuarterAfterReportingDateMember" xlink:title="presentation: CashFlowTestPeriodMember to FirstQuarterAfterReportingDateMember" order="10.0" preferredLabel="http://www.xbrl.org/2003/role/terseLabel"/>
    <link:loc xlink:type="locator" xlink:href="../../c-ross_core_2015-12-31.xsd#c-ross_CashFlowTestUnderBaseScenarioForPropertyAndCasualtyInsuranceCompaniesAndReinsuranceCompaniesLineItems" xlink:label="CashFlowTestUnderBaseScenarioForPropertyAndCasualtyInsuranceCompaniesAndReinsuranceCompaniesLineItems" xlink:title="CashFlowTestUnderBaseScenarioForPropertyAndCasualtyInsuranceCompaniesAndReinsuranceCompaniesLineItems"/>
    <link:presentationArc xlink:type="arc" xlink:arcrole="http://www.xbrl.org/2003/arcrole/parent-child" xlink:from="CashFlowTestUnderBaseScenarioForPropertyAndCasualtyInsuranceCompaniesAndReinsuranceCompaniesAbstract" xlink:to="CashFlowTestUnderBaseScenarioForPropertyAndCasualtyInsuranceCompaniesAndReinsuranceCompaniesLineItems" xlink:title="presentation: CashFlowTestUnderBaseScenarioForPropertyAndCasualtyInsuranceCompaniesAndReinsuranceCompaniesAbstract to CashFlowTestUnderBaseScenarioForPropertyAndCasualtyInsuranceCompaniesAndReinsuranceCompaniesLineItems" order="20.0" preferredLabel="http://www.xbrl.org/2003/role/label"/>
    <link:loc xlink:type="locator" xlink:href="../../c-ross_core_2015-12-31.xsd#c-ross_LiquidityRiskProjectOnCashFlowsNetCashFlows" xlink:label="LiquidityRiskProjectOnCashFlowsNetCashFlows" xlink:title="LiquidityRiskProjectOnCashFlowsNetCashFlows"/>
    <link:presentationArc xlink:type="arc" xlink:arcrole="http://www.xbrl.org/2003/arcrole/parent-child" xlink:from="CashFlowTestUnderBaseScenarioForPropertyAndCasualtyInsuranceCompaniesAndReinsuranceCompaniesLineItems" xlink:to="LiquidityRiskProjectOnCashFlowsNetCashFlows" xlink:title="presentation: CashFlowTestUnderBaseScenarioForPropertyAndCasualtyInsuranceCompaniesAndReinsuranceCompaniesLineItems to LiquidityRiskProjectOnCashFlowsNetCashFlows" order="40.0" preferredLabel="http://www.xbrl.org/2009/role/netLabel"/>
    <link:loc xlink:type="locator" xlink:href="../../c-ross_core_2015-12-31.xsd#c-ross_LiquidityRiskCashFlowsFromFinancingActivitiesAbstract" xlink:label="LiquidityRiskCashFlowsFromFinancingActivitiesAbstract" xlink:title="LiquidityRiskCashFlowsFromFinancingActivitiesAbstract"/>
    <link:presentationArc xlink:type="arc" xlink:arcrole="http://www.xbrl.org/2003/arcrole/parent-child" xlink:from="CashFlowTestUnderBaseScenarioForPropertyAndCasualtyInsuranceCompaniesAndReinsuranceCompaniesLineItems" xlink:to="LiquidityRiskCashFlowsFromFinancingActivitiesAbstract" xlink:title="presentation: CashFlowTestUnderBaseScenarioForPropertyAndCasualtyInsuranceCompaniesAndReinsuranceCompaniesLineItems to LiquidityRiskCashFlowsFromFinancingActivitiesAbstract" order="30.0" preferredLabel="http://www.xbrl.org/2003/role/terseLabel"/>
    <link:loc xlink:type="locator" xlink:href="../../c-ross_core_2015-12-31.xsd#c-ross_LiquidityRiskProjectOnCashFlowsCashReceivedFromInvestors" xlink:label="LiquidityRiskProjectOnCashFlowsCashReceivedFromInvestors" xlink:title="LiquidityRiskProjectOnCashFlowsCashReceivedFromInvestors"/>
    <link:presentationArc xlink:type="arc" xlink:arcrole="http://www.xbrl.org/2003/arcrole/parent-child" xlink:from="LiquidityRiskCashFlowsFromFinancingActivitiesAbstract" xlink:to="LiquidityRiskProjectOnCashFlowsCashReceivedFromInvestors" xlink:title="presentation: LiquidityRiskCashFlowsFromFinancingActivitiesAbstract to LiquidityRiskProjectOnCashFlowsCashReceivedFromInvestors" use="optional" order="10.0" preferredLabel="http://www.xbrl.org/2003/role/terseLabel"/>
    <link:loc xlink:type="locator" xlink:href="../../c-ross_core_2015-12-31.xsd#c-ross_LiquidityRiskProjectOnCashFlowsCashReceivedFromIssueOfBonds" xlink:label="LiquidityRiskProjectOnCashFlowsCashReceivedFromIssueOfBonds" xlink:title="LiquidityRiskProjectOnCashFlowsCashReceivedFromIssueOfBonds"/>
    <link:presentationArc xlink:type="arc" xlink:arcrole="http://www.xbrl.org/2003/arcrole/parent-child" xlink:from="LiquidityRiskCashFlowsFromFinancingActivitiesAbstract" xlink:to="LiquidityRiskProjectOnCashFlowsCashReceivedFromIssueOfBonds" xlink:title="presentation: LiquidityRiskCashFlowsFromFinancingActivitiesAbstract to LiquidityRiskProjectOnCashFlowsCashReceivedFromIssueOfBonds" use="optional" order="20.0" preferredLabel="http://www.xbrl.org/2003/role/terseLabel"/>
    <link:loc xlink:type="locator" xlink:href="../../c-ross_core_2015-12-31.xsd#c-ross_LiquidityRiskProjectOnCashFlowsOtherCashInflowsRelatingToFinancingActivities" xlink:label="LiquidityRiskProjectOnCashFlowsOtherCashInflowsRelatingToFinancingActivities" xlink:title="LiquidityRiskProjectOnCashFlowsOtherCashInflowsRelatingToFinancingActivities"/>
    <link:presentationArc xlink:type="arc" xlink:arcrole="http://www.xbrl.org/2003/arcrole/parent-child" xlink:from="LiquidityRiskCashFlowsFromFinancingActivitiesAbstract" xlink:to="LiquidityRiskProjectOnCashFlowsOtherCashInflowsRelatingToFinancingActivities" xlink:title="presentation: LiquidityRiskCashFlowsFromFinancingActivitiesAbstract to LiquidityRiskProjectOnCashFlowsOtherCashInflowsRelatingToFinancingActivities" use="optional" order="30.0" preferredLabel="http://www.xbrl.org/2003/role/terseLabel"/>
    <link:loc xlink:type="locator" xlink:href="../../c-ross_core_2015-12-31.xsd#c-ross_LiquidityRiskProjectOnCashFlowsCashInflowsFromFinancingActivities" xlink:label="LiquidityRiskProjectOnCashFlowsCashInflowsFromFinancingActivities" xlink:title="LiquidityRiskProjectOnCashFlowsCashInflowsFromFinancingActivities"/>
    <link:presentationArc xlink:type="arc" xlink:arcrole="http://www.xbrl.org/2003/arcrole/parent-child" xlink:from="LiquidityRiskCashFlowsFromFinancingActivitiesAbstract" xlink:to="LiquidityRiskProjectOnCashFlowsCashInflowsFromFinancingActivities" xlink:title="presentation: LiquidityRiskCashFlowsFromFinancingActivitiesAbstract to LiquidityRiskProjectOnCashFlowsCashInflowsFromFinancingActivities" use="optional" order="40.0" preferredLabel="http://www.xbrl.org/2003/role/totalLabel"/>
    <link:loc xlink:type="locator" xlink:href="../../c-ross_core_2015-12-31.xsd#c-ross_LiquidityRiskProjectOnCashFlowsCashPaidForRepaymentOfDebts" xlink:label="LiquidityRiskProjectOnCashFlowsCashPaidForRepaymentOfDebts" xlink:title="LiquidityRiskProjectOnCashFlowsCashPaidForRepaymentOfDebts"/>
    <link:presentationArc xlink:type="arc" xlink:arcrole="http://www.xbrl.org/2003/arcrole/parent-child" xlink:from="LiquidityRiskCashFlowsFromFinancingActivitiesAbstract" xlink:to="LiquidityRiskProjectOnCashFlowsCashPaidForRepaymentOfDebts" xlink:title="presentation: LiquidityRiskCashFlowsFromFinancingActivitiesAbstract to LiquidityRiskProjectOnCashFlowsCashPaidForRepaymentOfDebts" use="optional" order="50.0" preferredLabel="http://www.xbrl.org/2003/role/terseLabel"/>
    <link:loc xlink:type="locator" xlink:href="../../c-ross_core_2015-12-31.xsd#c-ross_LiquidityRiskProjectOnCashFlowsCashPaidForDividendAndProfitDistributionOrInterestPayment" xlink:label="LiquidityRiskProjectOnCashFlowsCashPaidForDividendAndProfitDistributionOrInterestPayment" xlink:title="LiquidityRiskProjectOnCashFlowsCashPaidForDividendAndProfitDistributionOrInterestPayment"/>
    <link:presentationArc xlink:type="arc" xlink:arcrole="http://www.xbrl.org/2003/arcrole/parent-child" xlink:from="LiquidityRiskCashFlowsFromFinancingActivitiesAbstract" xlink:to="LiquidityRiskProjectOnCashFlowsCashPaidForDividendAndProfitDistributionOrInterestPayment" xlink:title="presentation: LiquidityRiskCashFlowsFromFinancingActivitiesAbstract to LiquidityRiskProjectOnCashFlowsCashPaidForDividendAndProfitDistributionOrInterestPayment" use="optional" order="60.0" preferredLabel="http://www.xbrl.org/2003/role/terseLabel"/>
    <link:loc xlink:type="locator" xlink:href="../../c-ross_core_2015-12-31.xsd#c-ross_LiquidityRiskProjectOnCashFlowsOtherCashPaymentRelatingToFinancingActivities" xlink:label="LiquidityRiskProjectOnCashFlowsOtherCashPaymentRelatingToFinancingActivities" xlink:title="LiquidityRiskProjectOnCashFlowsOtherCashPaymentRelatingToFinancingActivities"/>
    <link:presentationArc xlink:type="arc" xlink:arcrole="http://www.xbrl.org/2003/arcrole/parent-child" xlink:from="LiquidityRiskCashFlowsFromFinancingActivitiesAbstract" xlink:to="LiquidityRiskProjectOnCashFlowsOtherCashPaymentRelatingToFinancingActivities" xlink:title="presentation: LiquidityRiskCashFlowsFromFinancingActivitiesAbstract to LiquidityRiskProjectOnCashFlowsOtherCashPaymentRelatingToFinancingActivities" use="optional" order="70.0" preferredLabel="http://www.xbrl.org/2003/role/terseLabel"/>
    <link:loc xlink:type="locator" xlink:href="../../c-ross_core_2015-12-31.xsd#c-ross_LiquidityRiskProjectOnCashFlowsCashOutflowsFromFinancingActivities" xlink:label="LiquidityRiskProjectOnCashFlowsCashOutflowsFromFinancingActivities" xlink:title="LiquidityRiskProjectOnCashFlowsCashOutflowsFromFinancingActivities"/>
    <link:presentationArc xlink:type="arc" xlink:arcrole="http://www.xbrl.org/2003/arcrole/parent-child" xlink:from="LiquidityRiskCashFlowsFromFinancingActivitiesAbstract" xlink:to="LiquidityRiskProjectOnCashFlowsCashOutflowsFromFinancingActivities" xlink:title="presentation: LiquidityRiskCashFlowsFromFinancingActivitiesAbstract to LiquidityRiskProjectOnCashFlowsCashOutflowsFromFinancingActivities" use="optional" order="80.0" preferredLabel="http://www.xbrl.org/2003/role/totalLabel"/>
    <link:loc xlink:type="locator" xlink:href="../../c-ross_core_2015-12-31.xsd#c-ross_LiquidityRiskProjectOnCashFlowsNetCashFlowsFromFinancingActivities" xlink:label="LiquidityRiskProjectOnCashFlowsNetCashFlowsFromFinancingActivities" xlink:title="LiquidityRiskProjectOnCashFlowsNetCashFlowsFromFinancingActivities"/>
    <link:presentationArc xlink:type="arc" xlink:arcrole="http://www.xbrl.org/2003/arcrole/parent-child" xlink:from="LiquidityRiskCashFlowsFromFinancingActivitiesAbstract" xlink:to="LiquidityRiskProjectOnCashFlowsNetCashFlowsFromFinancingActivities" xlink:title="presentation: LiquidityRiskCashFlowsFromFinancingActivitiesAbstract to LiquidityRiskProjectOnCashFlowsNetCashFlowsFromFinancingActivities" use="optional" order="90.0" preferredLabel="http://www.xbrl.org/2009/role/netLabel"/>
    <link:loc xlink:type="locator" xlink:href="../../c-ross_core_2015-12-31.xsd#c-ross_LiquidityRiskCashFlowsFromInvestingActivitiesAbstract" xlink:label="LiquidityRiskCashFlowsFromInvestingActivitiesAbstract" xlink:title="LiquidityRiskCashFlowsFromInvestingActivitiesAbstract"/>
    <link:presentationArc xlink:type="arc" xlink:arcrole="http://www.xbrl.org/2003/arcrole/parent-child" xlink:from="CashFlowTestUnderBaseScenarioForPropertyAndCasualtyInsuranceCompaniesAndReinsuranceCompaniesLineItems" xlink:to="LiquidityRiskCashFlowsFromInvestingActivitiesAbstract" xlink:title="presentation: CashFlowTestUnderBaseScenarioForPropertyAndCasualtyInsuranceCompaniesAndReinsuranceCompaniesLineItems to LiquidityRiskCashFlowsFromInvestingActivitiesAbstract" order="20.0" preferredLabel="http://www.xbrl.org/2003/role/terseLabel"/>
    <link:loc xlink:type="locator" xlink:href="../../c-ross_core_2015-12-31.xsd#c-ross_LiquidityRiskProjectOnCashFlowsCashReceivedFromInvestmentPrincipals" xlink:label="LiquidityRiskProjectOnCashFlowsCashReceivedFromInvestmentPrincipals" xlink:title="LiquidityRiskProjectOnCashFlowsCashReceivedFromInvestmentPrincipals"/>
    <link:presentationArc xlink:type="arc" xlink:arcrole="http://www.xbrl.org/2003/arcrole/parent-child" xlink:from="LiquidityRiskCashFlowsFromInvestingActivitiesAbstract" xlink:to="LiquidityRiskProjectOnCashFlowsCashReceivedFromInvestmentPrincipals" xlink:title="presentation: LiquidityRiskCashFlowsFromInvestingActivitiesAbstract to LiquidityRiskProjectOnCashFlowsCashReceivedFromInvestmentPrincipals" use="optional" order="10.0" preferredLabel="http://www.xbrl.org/2003/role/terseLabel"/>
    <link:loc xlink:type="locator" xlink:href="../../c-ross_core_2015-12-31.xsd#c-ross_LiquidityRiskProjectOnCashFlowsCashReceivedAsInvestmentIncome" xlink:label="LiquidityRiskProjectOnCashFlowsCashReceivedAsInvestmentIncome" xlink:title="LiquidityRiskProjectOnCashFlowsCashReceivedAsInvestmentIncome"/>
    <link:presentationArc xlink:type="arc" xlink:arcrole="http://www.xbrl.org/2003/arcrole/parent-child" xlink:from="LiquidityRiskCashFlowsFromInvestingActivitiesAbstract" xlink:to="LiquidityRiskProjectOnCashFlowsCashReceivedAsInvestmentIncome" xlink:title="presentation: LiquidityRiskCashFlowsFromInvestingActivitiesAbstract to LiquidityRiskProjectOnCashFlowsCashReceivedAsInvestmentIncome" use="optional" order="20.0" preferredLabel="http://www.xbrl.org/2003/role/terseLabel"/>
    <link:loc xlink:type="locator" xlink:href="../../c-ross_core_2015-12-31.xsd#c-ross_LiquidityRiskProjectOnCashFlowsOtherCashInflowsRelatingToInvestingActivities" xlink:label="LiquidityRiskProjectOnCashFlowsOtherCashInflowsRelatingToInvestingActivities" xlink:title="LiquidityRiskProjectOnCashFlowsOtherCashInflowsRelatingToInvestingActivities"/>
    <link:presentationArc xlink:type="arc" xlink:arcrole="http://www.xbrl.org/2003/arcrole/parent-child" xlink:from="LiquidityRiskCashFlowsFromInvestingActivitiesAbstract" xlink:to="LiquidityRiskProjectOnCashFlowsOtherCashInflowsRelatingToInvestingActivities" xlink:title="presentation: LiquidityRiskCashFlowsFromInvestingActivitiesAbstract to LiquidityRiskProjectOnCashFlowsOtherCashInflowsRelatingToInvestingActivities" use="optional" order="30.0" preferredLabel="http://www.xbrl.org/2003/role/terseLabel"/>
    <link:loc xlink:type="locator" xlink:href="../../c-ross_core_2015-12-31.xsd#c-ross_LiquidityRiskProjectOnCashFlowsCashInflowsFromInvestingActivities" xlink:label="LiquidityRiskProjectOnCashFlowsCashInflowsFromInvestingActivities" xlink:title="LiquidityRiskProjectOnCashFlowsCashInflowsFromInvestingActivities"/>
    <link:presentationArc xlink:type="arc" xlink:arcrole="http://www.xbrl.org/2003/arcrole/parent-child" xlink:from="LiquidityRiskCashFlowsFromInvestingActivitiesAbstract" xlink:to="LiquidityRiskProjectOnCashFlowsCashInflowsFromInvestingActivities" xlink:title="presentation: LiquidityRiskCashFlowsFromInvestingActivitiesAbstract to LiquidityRiskProjectOnCashFlowsCashInflowsFromInvestingActivities" use="optional" order="40.0" preferredLabel="http://www.xbrl.org/2003/role/totalLabel"/>
    <link:loc xlink:type="locator" xlink:href="../../c-ross_core_2015-12-31.xsd#c-ross_LiquidityRiskProjectOnCashFlowsCashPaidForInvestment" xlink:label="LiquidityRiskProjectOnCashFlowsCashPaidForInvestment" xlink:title="LiquidityRiskProjectOnCashFlowsCashPaidForInvestment"/>
    <link:presentationArc xlink:type="arc" xlink:arcrole="http://www.xbrl.org/2003/arcrole/parent-child" xlink:from="LiquidityRiskCashFlowsFromInvestingActivitiesAbstract" xlink:to="LiquidityRiskProjectOnCashFlowsCashPaidForInvestment" xlink:title="presentation: LiquidityRiskCashFlowsFromInvestingActivitiesAbstract to LiquidityRiskProjectOnCashFlowsCashPaidForInvestment" use="optional" order="50.0" preferredLabel="http://www.xbrl.org/2003/role/terseLabel"/>
    <link:loc xlink:type="locator" xlink:href="../../c-ross_core_2015-12-31.xsd#c-ross_LiquidityRiskProjectOnCashFlowsCashPaidForPurchaseAndConstructionOfFixedAssetsIntangibleAssetsAndOtherLongTermAssets" xlink:label="LiquidityRiskProjectOnCashFlowsCashPaidForPurchaseAndConstructionOfFixedAssetsIntangibleAssetsAndOtherLongTermAssets" xlink:title="LiquidityRiskProjectOnCashFlowsCashPaidForPurchaseAndConstructionOfFixedAssetsIntangibleAssetsAndOtherLongTermAssets"/>
    <link:presentationArc xlink:type="arc" xlink:arcrole="http://www.xbrl.org/2003/arcrole/parent-child" xlink:from="LiquidityRiskCashFlowsFromInvestingActivitiesAbstract" xlink:to="LiquidityRiskProjectOnCashFlowsCashPaidForPurchaseAndConstructionOfFixedAssetsIntangibleAssetsAndOtherLongTermAssets" xlink:title="presentation: LiquidityRiskCashFlowsFromInvestingActivitiesAbstract to LiquidityRiskProjectOnCashFlowsCashPaidForPurchaseAndConstructionOfFixedAssetsIntangibleAssetsAndOtherLongTermAssets" use="optional" order="60.0" preferredLabel="http://www.xbrl.org/2003/role/terseLabel"/>
    <link:loc xlink:type="locator" xlink:href="../../c-ross_core_2015-12-31.xsd#c-ross_LiquidityRiskProjectOnCashFlowsOtherCashPaymentRelatingToInvestingActivities" xlink:label="LiquidityRiskProjectOnCashFlowsOtherCashPaymentRelatingToInvestingActivities" xlink:title="LiquidityRiskProjectOnCashFlowsOtherCashPaymentRelatingToInvestingActivities"/>
    <link:presentationArc xlink:type="arc" xlink:arcrole="http://www.xbrl.org/2003/arcrole/parent-child" xlink:from="LiquidityRiskCashFlowsFromInvestingActivitiesAbstract" xlink:to="LiquidityRiskProjectOnCashFlowsOtherCashPaymentRelatingToInvestingActivities" xlink:title="presentation: LiquidityRiskCashFlowsFromInvestingActivitiesAbstract to LiquidityRiskProjectOnCashFlowsOtherCashPaymentRelatingToInvestingActivities" use="optional" order="70.0" preferredLabel="http://www.xbrl.org/2003/role/terseLabel"/>
    <link:loc xlink:type="locator" xlink:href="../../c-ross_core_2015-12-31.xsd#c-ross_LiquidityRiskProjectOnCashFlowsCashOutflowsFromInvestingActivities" xlink:label="LiquidityRiskProjectOnCashFlowsCashOutflowsFromInvestingActivities" xlink:title="LiquidityRiskProjectOnCashFlowsCashOutflowsFromInvestingActivities"/>
    <link:presentationArc xlink:type="arc" xlink:arcrole="http://www.xbrl.org/2003/arcrole/parent-child" xlink:from="LiquidityRiskCashFlowsFromInvestingActivitiesAbstract" xlink:to="LiquidityRiskProjectOnCashFlowsCashOutflowsFromInvestingActivities" xlink:title="presentation: LiquidityRiskCashFlowsFromInvestingActivitiesAbstract to LiquidityRiskProjectOnCashFlowsCashOutflowsFromInvestingActivities" use="optional" order="80.0" preferredLabel="http://www.xbrl.org/2003/role/totalLabel"/>
    <link:loc xlink:type="locator" xlink:href="../../c-ross_core_2015-12-31.xsd#c-ross_LiquidityRiskProjectOnCashFlowsNetCashFlowsFromInvestingActivities" xlink:label="LiquidityRiskProjectOnCashFlowsNetCashFlowsFromInvestingActivities" xlink:title="LiquidityRiskProjectOnCashFlowsNetCashFlowsFromInvestingActivities"/>
    <link:presentationArc xlink:type="arc" xlink:arcrole="http://www.xbrl.org/2003/arcrole/parent-child" xlink:from="LiquidityRiskCashFlowsFromInvestingActivitiesAbstract" xlink:to="LiquidityRiskProjectOnCashFlowsNetCashFlowsFromInvestingActivities" xlink:title="presentation: LiquidityRiskCashFlowsFromInvestingActivitiesAbstract to LiquidityRiskProjectOnCashFlowsNetCashFlowsFromInvestingActivities" use="optional" order="90.0" preferredLabel="http://www.xbrl.org/2009/role/netLabel"/>
    <link:loc xlink:type="locator" xlink:href="../../c-ross_core_2015-12-31.xsd#c-ross_LiquidityRiskCashFlowsFromOperatingActivitiesAbstract" xlink:label="LiquidityRiskCashFlowsFromOperatingActivitiesAbstract" xlink:title="LiquidityRiskCashFlowsFromOperatingActivitiesAbstract"/>
    <link:presentationArc xlink:type="arc" xlink:arcrole="http://www.xbrl.org/2003/arcrole/parent-child" xlink:from="CashFlowTestUnderBaseScenarioForPropertyAndCasualtyInsuranceCompaniesAndReinsuranceCompaniesLineItems" xlink:to="LiquidityRiskCashFlowsFromOperatingActivitiesAbstract" xlink:title="presentation: CashFlowTestUnderBaseScenarioForPropertyAndCasualtyInsuranceCompaniesAndReinsuranceCompaniesLineItems to LiquidityRiskCashFlowsFromOperatingActivitiesAbstract" order="10.0" preferredLabel="http://www.xbrl.org/2003/role/terseLabel"/>
    <link:loc xlink:type="locator" xlink:href="../../c-ross_core_2015-12-31.xsd#c-ross_LiquidityRiskProjectOnCashFlowsCashReceivedFromInsurancePremium" xlink:label="LiquidityRiskProjectOnCashFlowsCashReceivedFromInsurancePremium" xlink:title="LiquidityRiskProjectOnCashFlowsCashReceivedFromInsurancePremium"/>
    <link:presentationArc xlink:type="arc" xlink:arcrole="http://www.xbrl.org/2003/arcrole/parent-child" xlink:from="LiquidityRiskCashFlowsFromOperatingActivitiesAbstract" xlink:to="LiquidityRiskProjectOnCashFlowsCashReceivedFromInsurancePremium" xlink:title="presentation: LiquidityRiskCashFlowsFromOperatingActivitiesAbstract to LiquidityRiskProjectOnCashFlowsCashReceivedFromInsurancePremium" use="optional" order="10.0" preferredLabel="http://www.xbrl.org/2003/role/terseLabel"/>
    <link:loc xlink:type="locator" xlink:href="../../c-ross_core_2015-12-31.xsd#c-ross_LiquidityRiskProjectOnCashFlowsNetCashReceivedFromReinsuranceBusiness" xlink:label="LiquidityRiskProjectOnCashFlowsNetCashReceivedFromReinsuranceBusiness" xlink:title="LiquidityRiskProjectOnCashFlowsNetCashReceivedFromReinsuranceBusiness"/>
    <link:presentationArc xlink:type="arc" xlink:arcrole="http://www.xbrl.org/2003/arcrole/parent-child" xlink:from="LiquidityRiskCashFlowsFromOperatingActivitiesAbstract" xlink:to="LiquidityRiskProjectOnCashFlowsNetCashReceivedFromReinsuranceBusiness" xlink:title="presentation: LiquidityRiskCashFlowsFromOperatingActivitiesAbstract to LiquidityRiskProjectOnCashFlowsNetCashReceivedFromReinsuranceBusiness" use="optional" order="20.0" preferredLabel="http://www.xbrl.org/2003/role/terseLabel"/>
    <link:loc xlink:type="locator" xlink:href="../../c-ross_core_2015-12-31.xsd#c-ross_LiquidityRiskProjectOnCashFlowsNetIncreaseInDepositsAndInvestmentsOfPolicyholders" xlink:label="LiquidityRiskProjectOnCashFlowsNetIncreaseInDepositsAndInvestmentsOfPolicyholders" xlink:title="LiquidityRiskProjectOnCashFlowsNetIncreaseInDepositsAndInvestmentsOfPolicyholders"/>
    <link:presentationArc xlink:type="arc" xlink:arcrole="http://www.xbrl.org/2003/arcrole/parent-child" xlink:from="LiquidityRiskCashFlowsFromOperatingActivitiesAbstract" xlink:to="LiquidityRiskProjectOnCashFlowsNetIncreaseInDepositsAndInvestmentsOfPolicyholders" xlink:title="presentation: LiquidityRiskCashFlowsFromOperatingActivitiesAbstract to LiquidityRiskProjectOnCashFlowsNetIncreaseInDepositsAndInvestmentsOfPolicyholders" order="30.0" preferredLabel="http://www.xbrl.org/2003/role/terseLabel"/>
    <link:loc xlink:type="locator" xlink:href="../../c-ross_core_2015-12-31.xsd#c-ross_LiquidityRiskProjectOnCashFlowsOtherCashInflowsRelatingToOperatingActivities" xlink:label="LiquidityRiskProjectOnCashFlowsOtherCashInflowsRelatingToOperatingActivities" xlink:title="LiquidityRiskProjectOnCashFlowsOtherCashInflowsRelatingToOperatingActivities"/>
    <link:presentationArc xlink:type="arc" xlink:arcrole="http://www.xbrl.org/2003/arcrole/parent-child" xlink:from="LiquidityRiskCashFlowsFromOperatingActivitiesAbstract" xlink:to="LiquidityRiskProjectOnCashFlowsOtherCashInflowsRelatingToOperatingActivities" xlink:title="presentation: LiquidityRiskCashFlowsFromOperatingActivitiesAbstract to LiquidityRiskProjectOnCashFlowsOtherCashInflowsRelatingToOperatingActivities" use="optional" order="40.0" preferredLabel="http://www.xbrl.org/2003/role/terseLabel"/>
    <link:loc xlink:type="locator" xlink:href="../../c-ross_core_2015-12-31.xsd#c-ross_LiquidityRiskProjectOnCashFlowsCashFlowsFromOperatingActivities" xlink:label="LiquidityRiskProjectOnCashFlowsCashFlowsFromOperatingActivities" xlink:title="LiquidityRiskProjectOnCashFlowsCashFlowsFromOperatingActivities"/>
    <link:presentationArc xlink:type="arc" xlink:arcrole="http://www.xbrl.org/2003/arcrole/parent-child" xlink:from="LiquidityRiskCashFlowsFromOperatingActivitiesAbstract" xlink:to="LiquidityRiskProjectOnCashFlowsCashFlowsFromOperatingActivities" xlink:title="presentation: LiquidityRiskCashFlowsFromOperatingActivitiesAbstract to LiquidityRiskProjectOnCashFlowsCashFlowsFromOperatingActivities" use="optional" order="50.0" preferredLabel="http://www.xbrl.org/2003/role/totalLabel"/>
    <link:loc xlink:type="locator" xlink:href="../../c-ross_core_2015-12-31.xsd#c-ross_LiquidityRiskProjectOnCashFlowsCashPaymentOfBenefits" xlink:label="LiquidityRiskProjectOnCashFlowsCashPaymentOfBenefits" xlink:title="LiquidityRiskProjectOnCashFlowsCashPaymentOfBenefits"/>
    <link:presentationArc xlink:type="arc" xlink:arcrole="http://www.xbrl.org/2003/arcrole/parent-child" xlink:from="LiquidityRiskCashFlowsFromOperatingActivitiesAbstract" xlink:to="LiquidityRiskProjectOnCashFlowsCashPaymentOfBenefits" xlink:title="presentation: LiquidityRiskCashFlowsFromOperatingActivitiesAbstract to LiquidityRiskProjectOnCashFlowsCashPaymentOfBenefits" use="optional" order="60.0" preferredLabel="http://www.xbrl.org/2003/role/terseLabel"/>
    <link:loc xlink:type="locator" xlink:href="../../c-ross_core_2015-12-31.xsd#c-ross_LiquidityRiskProjectOnCashFlowsCommissionsPaid" xlink:label="LiquidityRiskProjectOnCashFlowsCommissionsPaid" xlink:title="LiquidityRiskProjectOnCashFlowsCommissionsPaid"/>
    <link:presentationArc xlink:type="arc" xlink:arcrole="http://www.xbrl.org/2003/arcrole/parent-child" xlink:from="LiquidityRiskCashFlowsFromOperatingActivitiesAbstract" xlink:to="LiquidityRiskProjectOnCashFlowsCommissionsPaid" xlink:title="presentation: LiquidityRiskCashFlowsFromOperatingActivitiesAbstract to LiquidityRiskProjectOnCashFlowsCommissionsPaid" use="optional" order="70.0" preferredLabel="http://www.xbrl.org/2003/role/terseLabel"/>
    <link:loc xlink:type="locator" xlink:href="../../c-ross_core_2015-12-31.xsd#c-ross_LiquidityRiskProjectOnCashFlowsCashPaidToAndOnBehalfOfEmployees" xlink:label="LiquidityRiskProjectOnCashFlowsCashPaidToAndOnBehalfOfEmployees" xlink:title="LiquidityRiskProjectOnCashFlowsCashPaidToAndOnBehalfOfEmployees"/>
    <link:presentationArc xlink:type="arc" xlink:arcrole="http://www.xbrl.org/2003/arcrole/parent-child" xlink:from="LiquidityRiskCashFlowsFromOperatingActivitiesAbstract" xlink:to="LiquidityRiskProjectOnCashFlowsCashPaidToAndOnBehalfOfEmployees" xlink:title="presentation: LiquidityRiskCashFlowsFromOperatingActivitiesAbstract to LiquidityRiskProjectOnCashFlowsCashPaidToAndOnBehalfOfEmployees" use="optional" order="80.0" preferredLabel="http://www.xbrl.org/2003/role/terseLabel"/>
    <link:loc xlink:type="locator" xlink:href="../../c-ross_core_2015-12-31.xsd#c-ross_LiquidityRiskProjectOnCashFlowsTaxesAndSurchargesPaid" xlink:label="LiquidityRiskProjectOnCashFlowsTaxesAndSurchargesPaid" xlink:title="LiquidityRiskProjectOnCashFlowsTaxesAndSurchargesPaid"/>
    <link:presentationArc xlink:type="arc" xlink:arcrole="http://www.xbrl.org/2003/arcrole/parent-child" xlink:from="LiquidityRiskCashFlowsFromOperatingActivitiesAbstract" xlink:to="LiquidityRiskProjectOnCashFlowsTaxesAndSurchargesPaid" xlink:title="presentation: LiquidityRiskCashFlowsFromOperatingActivitiesAbstract to LiquidityRiskProjectOnCashFlowsTaxesAndSurchargesPaid" use="optional" order="90.0" preferredLabel="http://www.xbrl.org/2003/role/terseLabel"/>
    <link:loc xlink:type="locator" xlink:href="../../c-ross_core_2015-12-31.xsd#c-ross_LiquidityRiskProjectOnCashFlowsOtherCashPaymentRelatingToOperatingActivities" xlink:label="LiquidityRiskProjectOnCashFlowsOtherCashPaymentRelatingToOperatingActivities" xlink:title="LiquidityRiskProjectOnCashFlowsOtherCashPaymentRelatingToOperatingActivities"/>
    <link:presentationArc xlink:type="arc" xlink:arcrole="http://www.xbrl.org/2003/arcrole/parent-child" xlink:from="LiquidityRiskCashFlowsFromOperatingActivitiesAbstract" xlink:to="LiquidityRiskProjectOnCashFlowsOtherCashPaymentRelatingToOperatingActivities" xlink:title="presentation: LiquidityRiskCashFlowsFromOperatingActivitiesAbstract to LiquidityRiskProjectOnCashFlowsOtherCashPaymentRelatingToOperatingActivities" use="optional" order="100.0" preferredLabel="http://www.xbrl.org/2003/role/terseLabel"/>
    <link:loc xlink:type="locator" xlink:href="../../c-ross_core_2015-12-31.xsd#c-ross_LiquidityRiskProjectOnCashFlowsNetCashFlowsFromOperatingActivities" xlink:label="LiquidityRiskProjectOnCashFlowsNetCashFlowsFromOperatingActivities" xlink:title="LiquidityRiskProjectOnCashFlowsNetCashFlowsFromOperatingActivities"/>
    <link:presentationArc xlink:type="arc" xlink:arcrole="http://www.xbrl.org/2003/arcrole/parent-child" xlink:from="LiquidityRiskCashFlowsFromOperatingActivitiesAbstract" xlink:to="LiquidityRiskProjectOnCashFlowsNetCashFlowsFromOperatingActivities" xlink:title="presentation: LiquidityRiskCashFlowsFromOperatingActivitiesAbstract to LiquidityRiskProjectOnCashFlowsNetCashFlowsFromOperatingActivities" use="optional" order="120.0" preferredLabel="http://www.xbrl.org/2009/role/netLabel"/>
    <link:loc xlink:type="locator" xlink:href="../../c-ross_core_2015-12-31.xsd#c-ross_LiquidityRiskProjectOnCashFlowsCashOutflowsFromOperatingActivities" xlink:label="LiquidityRiskProjectOnCashFlowsCashOutflowsFromOperatingActivities" xlink:title="LiquidityRiskProjectOnCashFlowsCashOutflowsFromOperatingActivities"/>
    <link:presentationArc xlink:type="arc" xlink:arcrole="http://www.xbrl.org/2003/arcrole/parent-child" xlink:from="LiquidityRiskCashFlowsFromOperatingActivitiesAbstract" xlink:to="LiquidityRiskProjectOnCashFlowsCashOutflowsFromOperatingActivities" xlink:title="presentation: LiquidityRiskCashFlowsFromOperatingActivitiesAbstract to LiquidityRiskProjectOnCashFlowsCashOutflowsFromOperatingActivities" use="optional" order="110.0" preferredLabel="http://www.xbrl.org/2003/role/totalLabel"/>
  </link:presentationLink>
</link:linkbase>
