<?xml version="1.0" encoding="UTF-8"?>

<!--
	Taxonomy: 2015-12-31 (Final)
	**********************
	Copyright © 2015 China Insurance Regulatory Commission.
	All rights reserved.  No part of this publication may be translated, reprinted or reproduced
	or utilised in any form either in whole or in part without prior permission in writing from China Insurance Regulatory Commission.
	  **********************
	-->
<link:linkbase xmlns:xsi="http://www.w3.org/2001/XMLSchema-instance" xsi:schemaLocation="http://www.xbrl.org/2003/linkbase http://www.xbrl.org/2003/xbrl-linkbase-2003-12-31.xsd" xmlns:c-ross="http://xbrl.circ.gov.cn/taxonomy/2015-12-31/c-ross" xmlns:link="http://www.xbrl.org/2003/linkbase" xmlns:q_s_pc_entry_point="http://xbrl.circ.gov.cn/taxonomy/2015-12-31/c-ross/q_s_pc_entry_point" xmlns:xbrli="http://www.xbrl.org/2003/instance" xmlns:xlink="http://www.w3.org/1999/xlink">
  <link:roleRef roleURI="http://xbrl.circ.gov.cn/role/c-ross_2015-12-31_role-3110800" xlink:type="simple" xlink:href="rol_c-ross_16_2015-12-31.xsd#c-ross_2015-12-31-3110800"/>
  <link:calculationLink xlink:type="extended" xlink:role="http://xbrl.circ.gov.cn/role/c-ross_2015-12-31_role-3110800">
    <link:loc xlink:type="locator" xlink:href="../../c-ross_core_2015-12-31.xsd#c-ross_ForecastOfCoreSolvencySurplusOfNextQuarter" xlink:label="ForecastOfCoreSolvencySurplusOfNextQuarter" xlink:title="ForecastOfCoreSolvencySurplusOfNextQuarter"/>
    <link:loc xlink:type="locator" xlink:href="../../c-ross_core_2015-12-31.xsd#c-ross_ForecastOfCoreTierOneCapitalOfNextQuarter" xlink:label="ForecastOfCoreTierOneCapitalOfNextQuarter" xlink:title="ForecastOfCoreTierOneCapitalOfNextQuarter"/>
    <link:calculationArc xlink:type="arc" xlink:arcrole="http://www.xbrl.org/2003/arcrole/summation-item" xlink:from="ForecastOfCoreSolvencySurplusOfNextQuarter" xlink:to="ForecastOfCoreTierOneCapitalOfNextQuarter" xlink:title="calculation: ForecastOfCoreSolvencySurplusOfNextQuarter to ForecastOfCoreTierOneCapitalOfNextQuarter" use="optional" order="10.0" weight="1.0"/>
    <link:loc xlink:type="locator" xlink:href="../../c-ross_core_2015-12-31.xsd#c-ross_ForecastOfCoreTierTwoCapitalOfNextQuarter" xlink:label="ForecastOfCoreTierTwoCapitalOfNextQuarter" xlink:title="ForecastOfCoreTierTwoCapitalOfNextQuarter"/>
    <link:calculationArc xlink:type="arc" xlink:arcrole="http://www.xbrl.org/2003/arcrole/summation-item" xlink:from="ForecastOfCoreSolvencySurplusOfNextQuarter" xlink:to="ForecastOfCoreTierTwoCapitalOfNextQuarter" xlink:title="calculation: ForecastOfCoreSolvencySurplusOfNextQuarter to ForecastOfCoreTierTwoCapitalOfNextQuarter" use="optional" order="20.0" weight="1.0"/>
    <link:loc xlink:type="locator" xlink:href="../../c-ross_core_2015-12-31.xsd#c-ross_ForecastOfMinimumCapitalOfNextQuarter" xlink:label="ForecastOfMinimumCapitalOfNextQuarter" xlink:title="ForecastOfMinimumCapitalOfNextQuarter"/>
    <link:calculationArc xlink:type="arc" xlink:arcrole="http://www.xbrl.org/2003/arcrole/summation-item" xlink:from="ForecastOfCoreSolvencySurplusOfNextQuarter" xlink:to="ForecastOfMinimumCapitalOfNextQuarter" xlink:title="calculation: ForecastOfCoreSolvencySurplusOfNextQuarter to ForecastOfMinimumCapitalOfNextQuarter" order="30.0" weight="-1.0"/>
    <link:loc xlink:type="locator" xlink:href="../../c-ross_core_2015-12-31.xsd#c-ross_ForecastOfMinimumCapitalForQuantifiableRiskOfNextQuarter" xlink:label="ForecastOfMinimumCapitalForQuantifiableRiskOfNextQuarter" xlink:title="ForecastOfMinimumCapitalForQuantifiableRiskOfNextQuarter"/>
    <link:calculationArc xlink:type="arc" xlink:arcrole="http://www.xbrl.org/2003/arcrole/summation-item" xlink:from="ForecastOfMinimumCapitalOfNextQuarter" xlink:to="ForecastOfMinimumCapitalForQuantifiableRiskOfNextQuarter" xlink:title="calculation: ForecastOfMinimumCapitalOfNextQuarter to ForecastOfMinimumCapitalForQuantifiableRiskOfNextQuarter" use="optional" order="10.0" weight="1.0"/>
    <link:loc xlink:type="locator" xlink:href="../../c-ross_core_2015-12-31.xsd#c-ross_ForecastOfMinimumCapitalForControlRiskOfNextQuarter" xlink:label="ForecastOfMinimumCapitalForControlRiskOfNextQuarter" xlink:title="ForecastOfMinimumCapitalForControlRiskOfNextQuarter"/>
    <link:calculationArc xlink:type="arc" xlink:arcrole="http://www.xbrl.org/2003/arcrole/summation-item" xlink:from="ForecastOfMinimumCapitalOfNextQuarter" xlink:to="ForecastOfMinimumCapitalForControlRiskOfNextQuarter" xlink:title="calculation: ForecastOfMinimumCapitalOfNextQuarter to ForecastOfMinimumCapitalForControlRiskOfNextQuarter" use="optional" order="20.0" weight="1.0"/>
    <link:loc xlink:type="locator" xlink:href="../../c-ross_core_2015-12-31.xsd#c-ross_ForecastOfAdditionalCapitalOfNextQuarter" xlink:label="ForecastOfAdditionalCapitalOfNextQuarter" xlink:title="ForecastOfAdditionalCapitalOfNextQuarter"/>
    <link:calculationArc xlink:type="arc" xlink:arcrole="http://www.xbrl.org/2003/arcrole/summation-item" xlink:from="ForecastOfMinimumCapitalOfNextQuarter" xlink:to="ForecastOfAdditionalCapitalOfNextQuarter" xlink:title="calculation: ForecastOfMinimumCapitalOfNextQuarter to ForecastOfAdditionalCapitalOfNextQuarter" use="optional" order="30.0" weight="1.0"/>
    <link:loc xlink:type="locator" xlink:href="../../c-ross_core_2015-12-31.xsd#c-ross_ForecastOfComprehensiveSolvencySurplusOfNextQuarter" xlink:label="ForecastOfComprehensiveSolvencySurplusOfNextQuarter" xlink:title="ForecastOfComprehensiveSolvencySurplusOfNextQuarter"/>
    <link:loc xlink:type="locator" xlink:href="../../c-ross_core_2015-12-31.xsd#c-ross_ForecastOfAvailableCapitalOfNextQuarter" xlink:label="ForecastOfAvailableCapitalOfNextQuarter" xlink:title="ForecastOfAvailableCapitalOfNextQuarter"/>
    <link:calculationArc xlink:type="arc" xlink:arcrole="http://www.xbrl.org/2003/arcrole/summation-item" xlink:from="ForecastOfComprehensiveSolvencySurplusOfNextQuarter" xlink:to="ForecastOfAvailableCapitalOfNextQuarter" xlink:title="calculation: ForecastOfComprehensiveSolvencySurplusOfNextQuarter to ForecastOfAvailableCapitalOfNextQuarter" order="10.0" weight="1.0"/>
    <link:loc xlink:type="locator" xlink:href="../../c-ross_core_2015-12-31.xsd#c-ross_ForecastOfSupplementaryTierOneCapitalOfNextQuarter" xlink:label="ForecastOfSupplementaryTierOneCapitalOfNextQuarter" xlink:title="ForecastOfSupplementaryTierOneCapitalOfNextQuarter"/>
    <link:calculationArc xlink:type="arc" xlink:arcrole="http://www.xbrl.org/2003/arcrole/summation-item" xlink:from="ForecastOfAvailableCapitalOfNextQuarter" xlink:to="ForecastOfSupplementaryTierOneCapitalOfNextQuarter" xlink:title="calculation: ForecastOfAvailableCapitalOfNextQuarter to ForecastOfSupplementaryTierOneCapitalOfNextQuarter" use="optional" order="30.0" weight="1.0"/>
    <link:loc xlink:type="locator" xlink:href="../../c-ross_core_2015-12-31.xsd#c-ross_ForecastOfSupplementaryTierTwoCapitalOfNextQuarter" xlink:label="ForecastOfSupplementaryTierTwoCapitalOfNextQuarter" xlink:title="ForecastOfSupplementaryTierTwoCapitalOfNextQuarter"/>
    <link:calculationArc xlink:type="arc" xlink:arcrole="http://www.xbrl.org/2003/arcrole/summation-item" xlink:from="ForecastOfAvailableCapitalOfNextQuarter" xlink:to="ForecastOfSupplementaryTierTwoCapitalOfNextQuarter" xlink:title="calculation: ForecastOfAvailableCapitalOfNextQuarter to ForecastOfSupplementaryTierTwoCapitalOfNextQuarter" use="optional" order="40.0" weight="1.0"/>
    <link:calculationArc xlink:type="arc" xlink:arcrole="http://www.xbrl.org/2003/arcrole/summation-item" xlink:from="ForecastOfAvailableCapitalOfNextQuarter" xlink:to="ForecastOfCoreTierOneCapitalOfNextQuarter" xlink:title="calculation: ForecastOfAvailableCapitalOfNextQuarter to ForecastOfCoreTierOneCapitalOfNextQuarter" order="10.0" weight="1.0"/>
    <link:calculationArc xlink:type="arc" xlink:arcrole="http://www.xbrl.org/2003/arcrole/summation-item" xlink:from="ForecastOfAvailableCapitalOfNextQuarter" xlink:to="ForecastOfCoreTierTwoCapitalOfNextQuarter" xlink:title="calculation: ForecastOfAvailableCapitalOfNextQuarter to ForecastOfCoreTierTwoCapitalOfNextQuarter" order="20.0" weight="1.0"/>
    <link:calculationArc xlink:type="arc" xlink:arcrole="http://www.xbrl.org/2003/arcrole/summation-item" xlink:from="ForecastOfComprehensiveSolvencySurplusOfNextQuarter" xlink:to="ForecastOfMinimumCapitalOfNextQuarter" xlink:title="calculation: ForecastOfComprehensiveSolvencySurplusOfNextQuarter to ForecastOfMinimumCapitalOfNextQuarter" order="20.0" weight="-1.0"/>
  </link:calculationLink>
</link:linkbase>
