<?xml version="1.0" encoding="UTF-8"?>

<!--
	Taxonomy: 2015-12-31 (Final)
	**********************
	Copyright © 2015 China Insurance Regulatory Commission.
	All rights reserved.  No part of this publication may be translated, reprinted or reproduced
	or utilised in any form either in whole or in part without prior permission in writing from China Insurance Regulatory Commission.
	  **********************
	-->
<link:linkbase xmlns:xsi="http://www.w3.org/2001/XMLSchema-instance" xsi:schemaLocation="http://www.xbrl.org/2003/linkbase http://www.xbrl.org/2003/xbrl-linkbase-2003-12-31.xsd" xmlns:c-ross="http://xbrl.circ.gov.cn/taxonomy/2015-12-31/c-ross" xmlns:link="http://www.xbrl.org/2003/linkbase" xmlns:q_s_pc_entry_point="http://xbrl.circ.gov.cn/taxonomy/2015-12-31/c-ross/q_s_pc_entry_point" xmlns:xbrli="http://www.xbrl.org/2003/instance" xmlns:xlink="http://www.w3.org/1999/xlink">
  <link:roleRef roleURI="http://xbrl.circ.gov.cn/role/c-ross_2015-12-31_role-3220000" xlink:type="simple" xlink:href="rol_c-ross_16_2015-12-31.xsd#c-ross_2015-12-31-3220000"/>
  <link:calculationLink xlink:type="extended" xlink:role="http://xbrl.circ.gov.cn/role/c-ross_2015-12-31_role-3220000">
    <link:loc xlink:type="locator" xlink:href="../../c-ross_core_2015-12-31.xsd#c-ross_CoreSolvencySurplusQuarterlyBriefing" xlink:label="CoreSolvencySurplusQuarterlyBriefing" xlink:title="CoreSolvencySurplusQuarterlyBriefing"/>
    <link:loc xlink:type="locator" xlink:href="../../c-ross_core_2015-12-31.xsd#c-ross_CoreTierOneCapitalQuarterlyBriefing" xlink:label="CoreTierOneCapitalQuarterlyBriefing" xlink:title="CoreTierOneCapitalQuarterlyBriefing"/>
    <link:calculationArc xlink:type="arc" xlink:arcrole="http://www.xbrl.org/2003/arcrole/summation-item" xlink:from="CoreSolvencySurplusQuarterlyBriefing" xlink:to="CoreTierOneCapitalQuarterlyBriefing" xlink:title="calculation: CoreSolvencySurplusQuarterlyBriefing to CoreTierOneCapitalQuarterlyBriefing" use="optional" order="10.0" weight="1.0"/>
    <link:loc xlink:type="locator" xlink:href="../../c-ross_core_2015-12-31.xsd#c-ross_CoreTierTwoCapitalQuarterlyBriefing" xlink:label="CoreTierTwoCapitalQuarterlyBriefing" xlink:title="CoreTierTwoCapitalQuarterlyBriefing"/>
    <link:calculationArc xlink:type="arc" xlink:arcrole="http://www.xbrl.org/2003/arcrole/summation-item" xlink:from="CoreSolvencySurplusQuarterlyBriefing" xlink:to="CoreTierTwoCapitalQuarterlyBriefing" xlink:title="calculation: CoreSolvencySurplusQuarterlyBriefing to CoreTierTwoCapitalQuarterlyBriefing" use="optional" order="20.0" weight="1.0"/>
    <link:loc xlink:type="locator" xlink:href="../../c-ross_core_2015-12-31.xsd#c-ross_MinimumCapitalQuarterlyBriefing" xlink:label="MinimumCapitalQuarterlyBriefing" xlink:title="MinimumCapitalQuarterlyBriefing"/>
    <link:calculationArc xlink:type="arc" xlink:arcrole="http://www.xbrl.org/2003/arcrole/summation-item" xlink:from="CoreSolvencySurplusQuarterlyBriefing" xlink:to="MinimumCapitalQuarterlyBriefing" xlink:title="calculation: CoreSolvencySurplusQuarterlyBriefing to MinimumCapitalQuarterlyBriefing" order="30.0" weight="-1.0"/>
    <link:loc xlink:type="locator" xlink:href="../../c-ross_core_2015-12-31.xsd#c-ross_MinimumCapitalForQuantifiableRiskQuarterlyBriefing" xlink:label="MinimumCapitalForQuantifiableRiskQuarterlyBriefing" xlink:title="MinimumCapitalForQuantifiableRiskQuarterlyBriefing"/>
    <link:calculationArc xlink:type="arc" xlink:arcrole="http://www.xbrl.org/2003/arcrole/summation-item" xlink:from="MinimumCapitalQuarterlyBriefing" xlink:to="MinimumCapitalForQuantifiableRiskQuarterlyBriefing" xlink:title="calculation: MinimumCapitalQuarterlyBriefing to MinimumCapitalForQuantifiableRiskQuarterlyBriefing" use="optional" order="10.0" weight="1.0"/>
    <link:loc xlink:type="locator" xlink:href="../../c-ross_core_2015-12-31.xsd#c-ross_MinimumCapitalForInsuranceRiskOfLifeInsuranceBusinessQuarterlyBriefing" xlink:label="MinimumCapitalForInsuranceRiskOfLifeInsuranceBusinessQuarterlyBriefing" xlink:title="MinimumCapitalForInsuranceRiskOfLifeInsuranceBusinessQuarterlyBriefing"/>
    <link:calculationArc xlink:type="arc" xlink:arcrole="http://www.xbrl.org/2003/arcrole/summation-item" xlink:from="MinimumCapitalForQuantifiableRiskQuarterlyBriefing" xlink:to="MinimumCapitalForInsuranceRiskOfLifeInsuranceBusinessQuarterlyBriefing" xlink:title="calculation: MinimumCapitalForQuantifiableRiskQuarterlyBriefing to MinimumCapitalForInsuranceRiskOfLifeInsuranceBusinessQuarterlyBriefing" use="optional" order="10.0" weight="1.0"/>
    <link:loc xlink:type="locator" xlink:href="../../c-ross_core_2015-12-31.xsd#c-ross_MinimumCapitalForInsuranceRiskOfNonLifeInsuranceBusinessQuarterlyBriefing" xlink:label="MinimumCapitalForInsuranceRiskOfNonLifeInsuranceBusinessQuarterlyBriefing" xlink:title="MinimumCapitalForInsuranceRiskOfNonLifeInsuranceBusinessQuarterlyBriefing"/>
    <link:calculationArc xlink:type="arc" xlink:arcrole="http://www.xbrl.org/2003/arcrole/summation-item" xlink:from="MinimumCapitalForQuantifiableRiskQuarterlyBriefing" xlink:to="MinimumCapitalForInsuranceRiskOfNonLifeInsuranceBusinessQuarterlyBriefing" xlink:title="calculation: MinimumCapitalForQuantifiableRiskQuarterlyBriefing to MinimumCapitalForInsuranceRiskOfNonLifeInsuranceBusinessQuarterlyBriefing" use="optional" order="20.0" weight="1.0"/>
    <link:loc xlink:type="locator" xlink:href="../../c-ross_core_2015-12-31.xsd#c-ross_MinimumCapitalForMarketRiskQuarterlyBriefing" xlink:label="MinimumCapitalForMarketRiskQuarterlyBriefing" xlink:title="MinimumCapitalForMarketRiskQuarterlyBriefing"/>
    <link:calculationArc xlink:type="arc" xlink:arcrole="http://www.xbrl.org/2003/arcrole/summation-item" xlink:from="MinimumCapitalForQuantifiableRiskQuarterlyBriefing" xlink:to="MinimumCapitalForMarketRiskQuarterlyBriefing" xlink:title="calculation: MinimumCapitalForQuantifiableRiskQuarterlyBriefing to MinimumCapitalForMarketRiskQuarterlyBriefing" use="optional" order="30.0" weight="1.0"/>
    <link:loc xlink:type="locator" xlink:href="../../c-ross_core_2015-12-31.xsd#c-ross_MinimumCapitalForCreditRiskQuarterlyBriefing" xlink:label="MinimumCapitalForCreditRiskQuarterlyBriefing" xlink:title="MinimumCapitalForCreditRiskQuarterlyBriefing"/>
    <link:calculationArc xlink:type="arc" xlink:arcrole="http://www.xbrl.org/2003/arcrole/summation-item" xlink:from="MinimumCapitalForQuantifiableRiskQuarterlyBriefing" xlink:to="MinimumCapitalForCreditRiskQuarterlyBriefing" xlink:title="calculation: MinimumCapitalForQuantifiableRiskQuarterlyBriefing to MinimumCapitalForCreditRiskQuarterlyBriefing" use="optional" order="40.0" weight="1.0"/>
    <link:loc xlink:type="locator" xlink:href="../../c-ross_core_2015-12-31.xsd#c-ross_QuantifiableRiskDiversificationEffectQuarterlyBriefing" xlink:label="QuantifiableRiskDiversificationEffectQuarterlyBriefing" xlink:title="QuantifiableRiskDiversificationEffectQuarterlyBriefing"/>
    <link:calculationArc xlink:type="arc" xlink:arcrole="http://www.xbrl.org/2003/arcrole/summation-item" xlink:from="MinimumCapitalForQuantifiableRiskQuarterlyBriefing" xlink:to="QuantifiableRiskDiversificationEffectQuarterlyBriefing" xlink:title="calculation: MinimumCapitalForQuantifiableRiskQuarterlyBriefing to QuantifiableRiskDiversificationEffectQuarterlyBriefing" use="optional" order="50.0" weight="-1.0"/>
    <link:loc xlink:type="locator" xlink:href="../../c-ross_core_2015-12-31.xsd#c-ross_LossAbsorptionOfSpecificInsuranceContractQuarterlyBriefing" xlink:label="LossAbsorptionOfSpecificInsuranceContractQuarterlyBriefing" xlink:title="LossAbsorptionOfSpecificInsuranceContractQuarterlyBriefing"/>
    <link:calculationArc xlink:type="arc" xlink:arcrole="http://www.xbrl.org/2003/arcrole/summation-item" xlink:from="MinimumCapitalForQuantifiableRiskQuarterlyBriefing" xlink:to="LossAbsorptionOfSpecificInsuranceContractQuarterlyBriefing" xlink:title="calculation: MinimumCapitalForQuantifiableRiskQuarterlyBriefing to LossAbsorptionOfSpecificInsuranceContractQuarterlyBriefing" use="optional" order="60.0" weight="-1.0"/>
    <link:loc xlink:type="locator" xlink:href="../../c-ross_core_2015-12-31.xsd#c-ross_MinimumCapitalForControlRiskQuarterlyBriefing" xlink:label="MinimumCapitalForControlRiskQuarterlyBriefing" xlink:title="MinimumCapitalForControlRiskQuarterlyBriefing"/>
    <link:calculationArc xlink:type="arc" xlink:arcrole="http://www.xbrl.org/2003/arcrole/summation-item" xlink:from="MinimumCapitalQuarterlyBriefing" xlink:to="MinimumCapitalForControlRiskQuarterlyBriefing" xlink:title="calculation: MinimumCapitalQuarterlyBriefing to MinimumCapitalForControlRiskQuarterlyBriefing" use="optional" order="20.0" weight="1.0"/>
    <link:loc xlink:type="locator" xlink:href="../../c-ross_core_2015-12-31.xsd#c-ross_AdditionalCapitalQuarterlyBriefing" xlink:label="AdditionalCapitalQuarterlyBriefing" xlink:title="AdditionalCapitalQuarterlyBriefing"/>
    <link:calculationArc xlink:type="arc" xlink:arcrole="http://www.xbrl.org/2003/arcrole/summation-item" xlink:from="MinimumCapitalQuarterlyBriefing" xlink:to="AdditionalCapitalQuarterlyBriefing" xlink:title="calculation: MinimumCapitalQuarterlyBriefing to AdditionalCapitalQuarterlyBriefing" use="optional" order="30.0" weight="1.0"/>
    <link:loc xlink:type="locator" xlink:href="../../c-ross_core_2015-12-31.xsd#c-ross_ComprehensiveSolvencySurplusQuarterlyBriefing" xlink:label="ComprehensiveSolvencySurplusQuarterlyBriefing" xlink:title="ComprehensiveSolvencySurplusQuarterlyBriefing"/>
    <link:loc xlink:type="locator" xlink:href="../../c-ross_core_2015-12-31.xsd#c-ross_AvailableCapitalQuarterlyBriefing" xlink:label="AvailableCapitalQuarterlyBriefing" xlink:title="AvailableCapitalQuarterlyBriefing"/>
    <link:calculationArc xlink:type="arc" xlink:arcrole="http://www.xbrl.org/2003/arcrole/summation-item" xlink:from="ComprehensiveSolvencySurplusQuarterlyBriefing" xlink:to="AvailableCapitalQuarterlyBriefing" xlink:title="calculation: ComprehensiveSolvencySurplusQuarterlyBriefing to AvailableCapitalQuarterlyBriefing" order="10.0" weight="1.0"/>
    <link:calculationArc xlink:type="arc" xlink:arcrole="http://www.xbrl.org/2003/arcrole/summation-item" xlink:from="AvailableCapitalQuarterlyBriefing" xlink:to="CoreTierOneCapitalQuarterlyBriefing" xlink:title="calculation: AvailableCapitalQuarterlyBriefing to CoreTierOneCapitalQuarterlyBriefing" use="optional" order="10.0" weight="1.0"/>
    <link:calculationArc xlink:type="arc" xlink:arcrole="http://www.xbrl.org/2003/arcrole/summation-item" xlink:from="AvailableCapitalQuarterlyBriefing" xlink:to="CoreTierTwoCapitalQuarterlyBriefing" xlink:title="calculation: AvailableCapitalQuarterlyBriefing to CoreTierTwoCapitalQuarterlyBriefing" use="optional" order="20.0" weight="1.0"/>
    <link:loc xlink:type="locator" xlink:href="../../c-ross_core_2015-12-31.xsd#c-ross_SupplementaryTierOneCapitalQuarterlyBriefing" xlink:label="SupplementaryTierOneCapitalQuarterlyBriefing" xlink:title="SupplementaryTierOneCapitalQuarterlyBriefing"/>
    <link:calculationArc xlink:type="arc" xlink:arcrole="http://www.xbrl.org/2003/arcrole/summation-item" xlink:from="AvailableCapitalQuarterlyBriefing" xlink:to="SupplementaryTierOneCapitalQuarterlyBriefing" xlink:title="calculation: AvailableCapitalQuarterlyBriefing to SupplementaryTierOneCapitalQuarterlyBriefing" use="optional" order="30.0" weight="1.0"/>
    <link:loc xlink:type="locator" xlink:href="../../c-ross_core_2015-12-31.xsd#c-ross_SupplementaryTierTwoCapitalQuarterlyBriefing" xlink:label="SupplementaryTierTwoCapitalQuarterlyBriefing" xlink:title="SupplementaryTierTwoCapitalQuarterlyBriefing"/>
    <link:calculationArc xlink:type="arc" xlink:arcrole="http://www.xbrl.org/2003/arcrole/summation-item" xlink:from="AvailableCapitalQuarterlyBriefing" xlink:to="SupplementaryTierTwoCapitalQuarterlyBriefing" xlink:title="calculation: AvailableCapitalQuarterlyBriefing to SupplementaryTierTwoCapitalQuarterlyBriefing" use="optional" order="40.0" weight="1.0"/>
    <link:calculationArc xlink:type="arc" xlink:arcrole="http://www.xbrl.org/2003/arcrole/summation-item" xlink:from="ComprehensiveSolvencySurplusQuarterlyBriefing" xlink:to="MinimumCapitalQuarterlyBriefing" xlink:title="calculation: ComprehensiveSolvencySurplusQuarterlyBriefing to MinimumCapitalQuarterlyBriefing" use="optional" order="20.0" weight="-1.0"/>
  </link:calculationLink>
</link:linkbase>
