<?xml version="1.0" encoding="UTF-8"?>

<!--
	Taxonomy: 2015-12-31 (Final)
	**********************
	Copyright © 2015 China Insurance Regulatory Commission.
	All rights reserved.  No part of this publication may be translated, reprinted or reproduced
	or utilised in any form either in whole or in part without prior permission in writing from China Insurance Regulatory Commission.
	  **********************
	-->
<link:linkbase xmlns:xsi="http://www.w3.org/2001/XMLSchema-instance" xsi:schemaLocation="http://www.xbrl.org/2003/linkbase http://www.xbrl.org/2003/xbrl-linkbase-2003-12-31.xsd" xmlns:c-ross="http://xbrl.circ.gov.cn/taxonomy/2015-12-31/c-ross" xmlns:link="http://www.xbrl.org/2003/linkbase" xmlns:q_s_pc_entry_point="http://xbrl.circ.gov.cn/taxonomy/2015-12-31/c-ross/q_s_pc_entry_point" xmlns:xlink="http://www.w3.org/1999/xlink" xmlns:xbrli="http://www.xbrl.org/2003/instance">
  <link:roleRef roleURI="http://www.xbrl.org/2009/role/netLabel" xlink:type="simple" xlink:href="http://www.xbrl.org/lrr/role/net-2009-12-16.xsd#netLabel"/>
  <link:roleRef roleURI="http://xbrl.circ.gov.cn/role/c-ross_2015-12-31_role-3111100" xlink:type="simple" xlink:href="rol_c-ross_16_2015-12-31.xsd#c-ross_2015-12-31-3111100"/>
  <link:presentationLink xlink:type="extended" xlink:role="http://xbrl.circ.gov.cn/role/c-ross_2015-12-31_role-3111100">
    <link:loc xlink:type="locator" xlink:href="../../c-ross_core_2015-12-31.xsd#c-ross_CashFlowStressTestAbstract" xlink:label="CashFlowStressTestAbstract" xlink:title="CashFlowStressTestAbstract"/>
    <link:loc xlink:type="locator" xlink:href="../../c-ross_core_2015-12-31.xsd#c-ross_TablesForCashFlowTestUnderBaseScenarioAndStressScenariosExplanatory" xlink:label="TablesForCashFlowTestUnderBaseScenarioAndStressScenariosExplanatory" xlink:title="TablesForCashFlowTestUnderBaseScenarioAndStressScenariosExplanatory"/>
    <link:presentationArc xlink:type="arc" xlink:arcrole="http://www.xbrl.org/2003/arcrole/parent-child" xlink:from="CashFlowStressTestAbstract" xlink:to="TablesForCashFlowTestUnderBaseScenarioAndStressScenariosExplanatory" xlink:title="presentation: CashFlowStressTestAbstract to TablesForCashFlowTestUnderBaseScenarioAndStressScenariosExplanatory" use="optional" order="10.0" preferredLabel="http://www.xbrl.org/2003/role/label"/>
    <link:loc xlink:type="locator" xlink:href="../../c-ross_core_2015-12-31.xsd#c-ross_SpecificAssumptionsUnderBaseScenarioAndStressedScenariosExplanatory" xlink:label="SpecificAssumptionsUnderBaseScenarioAndStressedScenariosExplanatory" xlink:title="SpecificAssumptionsUnderBaseScenarioAndStressedScenariosExplanatory"/>
    <link:presentationArc xlink:type="arc" xlink:arcrole="http://www.xbrl.org/2003/arcrole/parent-child" xlink:from="CashFlowStressTestAbstract" xlink:to="SpecificAssumptionsUnderBaseScenarioAndStressedScenariosExplanatory" xlink:title="presentation: CashFlowStressTestAbstract to SpecificAssumptionsUnderBaseScenarioAndStressedScenariosExplanatory" use="optional" order="20.0" preferredLabel="http://www.xbrl.org/2003/role/label"/>
    <link:loc xlink:type="locator" xlink:href="../../c-ross_core_2015-12-31.xsd#c-ross_ImprovementMeasuresToBeAdoptedAndTheirExpectedEffectIfFutureNetCashFlowsAreProjectedToBeLessThanZeroExplanatory" xlink:label="ImprovementMeasuresToBeAdoptedAndTheirExpectedEffectIfFutureNetCashFlowsAreProjectedToBeLessThanZeroExplanatory" xlink:title="ImprovementMeasuresToBeAdoptedAndTheirExpectedEffectIfFutureNetCashFlowsAreProjectedToBeLessThanZeroExplanatory"/>
    <link:presentationArc xlink:type="arc" xlink:arcrole="http://www.xbrl.org/2003/arcrole/parent-child" xlink:from="CashFlowStressTestAbstract" xlink:to="ImprovementMeasuresToBeAdoptedAndTheirExpectedEffectIfFutureNetCashFlowsAreProjectedToBeLessThanZeroExplanatory" xlink:title="presentation: CashFlowStressTestAbstract to ImprovementMeasuresToBeAdoptedAndTheirExpectedEffectIfFutureNetCashFlowsAreProjectedToBeLessThanZeroExplanatory" use="optional" order="30.0" preferredLabel="http://www.xbrl.org/2003/role/label"/>
    <link:loc xlink:type="locator" xlink:href="../../c-ross_core_2015-12-31.xsd#c-ross_RetrospectiveAnalysisOfCashFlowStressTestOnlyApplicableForLifeInsuranceCompanyExplanatory" xlink:label="RetrospectiveAnalysisOfCashFlowStressTestOnlyApplicableForLifeInsuranceCompanyExplanatory" xlink:title="RetrospectiveAnalysisOfCashFlowStressTestOnlyApplicableForLifeInsuranceCompanyExplanatory"/>
    <link:presentationArc xlink:type="arc" xlink:arcrole="http://www.xbrl.org/2003/arcrole/parent-child" xlink:from="CashFlowStressTestAbstract" xlink:to="RetrospectiveAnalysisOfCashFlowStressTestOnlyApplicableForLifeInsuranceCompanyExplanatory" xlink:title="presentation: CashFlowStressTestAbstract to RetrospectiveAnalysisOfCashFlowStressTestOnlyApplicableForLifeInsuranceCompanyExplanatory" use="optional" order="40.0" preferredLabel="http://www.xbrl.org/2003/role/label"/>
  </link:presentationLink>
</link:linkbase>
