<?xml version="1.0" encoding="UTF-8"?>

<!--
	Taxonomy: 2015-12-31 (Final)
	**********************
	Copyright © 2015 China Insurance Regulatory Commission.
	All rights reserved.  No part of this publication may be translated, reprinted or reproduced
	or utilised in any form either in whole or in part without prior permission in writing from China Insurance Regulatory Commission.
	  **********************
	-->
<link:linkbase xmlns:xsi="http://www.w3.org/2001/XMLSchema-instance" xsi:schemaLocation="http://www.xbrl.org/2003/linkbase http://www.xbrl.org/2003/xbrl-linkbase-2003-12-31.xsd" xmlns:c-ross="http://xbrl.circ.gov.cn/taxonomy/2015-12-31/c-ross" xmlns:link="http://www.xbrl.org/2003/linkbase" xmlns:q_s_pc_entry_point="http://xbrl.circ.gov.cn/taxonomy/2015-12-31/c-ross/q_s_pc_entry_point" xmlns:xbrli="http://www.xbrl.org/2003/instance" xmlns:xlink="http://www.w3.org/1999/xlink">
  <link:roleRef roleURI="http://www.xbrl.org/2009/role/netLabel" xlink:type="simple" xlink:href="http://www.xbrl.org/lrr/role/net-2009-12-16.xsd#netLabel"/>
  <link:roleRef roleURI="http://xbrl.circ.gov.cn/role/c-ross_2015-12-31_role-3110411" xlink:type="simple" xlink:href="rol_c-ross_16_2015-12-31.xsd#c-ross_2015-12-31-3110411"/>
  <link:presentationLink xlink:type="extended" xlink:role="http://xbrl.circ.gov.cn/role/c-ross_2015-12-31_role-3110411">
    <link:loc xlink:type="locator" xlink:href="../../c-ross_core_2015-12-31.xsd#c-ross_MainIndictorsOfPropertyAndCasualtyInsuranceCompanyAbstract" xlink:label="MainIndicatorsAbstract" xlink:title="MainIndicatorsAbstract"/>
    <link:loc xlink:type="locator" xlink:href="../../c-ross_core_2015-12-31.xsd#c-ross_SolvencyAdequacyRatioExplanatory" xlink:label="SolvencyAdequacyRatioExplanatory" xlink:title="SolvencyAdequacyRatioExplanatory"/>
    <link:presentationArc xlink:type="arc" xlink:arcrole="http://www.xbrl.org/2003/arcrole/parent-child" xlink:from="MainIndicatorsAbstract" xlink:to="SolvencyAdequacyRatioExplanatory" xlink:title="presentation: MainIndicatorsAbstract to SolvencyAdequacyRatioExplanatory" use="optional" order="10.0" preferredLabel="http://www.xbrl.org/2003/role/label"/>
    <link:loc xlink:type="locator" xlink:href="../../c-ross_core_2015-12-31.xsd#c-ross_LiquidityRiskRegulatoryIndicatorsExplanatory" xlink:label="LiquidityRiskRegulatoryIndicatorExplanatory" xlink:title="LiquidityRiskRegulatoryIndicatorExplanatory"/>
    <link:presentationArc xlink:type="arc" xlink:arcrole="http://www.xbrl.org/2003/arcrole/parent-child" xlink:from="MainIndicatorsAbstract" xlink:to="LiquidityRiskRegulatoryIndicatorExplanatory" xlink:title="presentation: MainIndicatorsAbstract to LiquidityRiskRegulatoryIndicatorExplanatory" use="optional" order="20.0" preferredLabel="http://www.xbrl.org/2003/role/label"/>
    <link:loc xlink:type="locator" xlink:href="../../c-ross_core_2015-12-31.xsd#c-ross_IntegratedRiskRatingResultsExplanatory" xlink:label="IntegratedRiskRatingResultsExplanatory" xlink:title="IntegratedRiskRatingResultsExplanatory"/>
    <link:presentationArc xlink:type="arc" xlink:arcrole="http://www.xbrl.org/2003/arcrole/parent-child" xlink:from="MainIndicatorsAbstract" xlink:to="IntegratedRiskRatingResultsExplanatory" xlink:title="presentation: MainIndicatorsAbstract to IntegratedRiskRatingResultsExplanatory" use="optional" order="30.0" preferredLabel="http://www.xbrl.org/2003/role/label"/>
    <link:loc xlink:type="locator" xlink:href="../../c-ross_core_2015-12-31.xsd#c-ross_MainBusinessIndicatorsExplanatory" xlink:label="MainBusinessIndicatorsExplanatory" xlink:title="MainBusinessIndicatorsExplanatory"/>
    <link:presentationArc xlink:type="arc" xlink:arcrole="http://www.xbrl.org/2003/arcrole/parent-child" xlink:from="MainIndicatorsAbstract" xlink:to="MainBusinessIndicatorsExplanatory" xlink:title="presentation: MainIndicatorsAbstract to MainBusinessIndicatorsExplanatory" use="optional" order="40.0" preferredLabel="http://www.xbrl.org/2003/role/label"/>
    <link:loc xlink:type="locator" xlink:href="../../c-ross_core_2015-12-31.xsd#c-ross_SolvencyReportInsuranceRevenue" xlink:label="SolvencyReportInsuranceRevenue" xlink:title="SolvencyReportInsuranceRevenue"/>
    <link:presentationArc xlink:type="arc" xlink:arcrole="http://www.xbrl.org/2003/arcrole/parent-child" xlink:from="MainBusinessIndicatorsExplanatory" xlink:to="SolvencyReportInsuranceRevenue" xlink:title="presentation: MainBusinessIndicatorsExplanatory to SolvencyReportInsuranceRevenue" order="10.0" preferredLabel="http://www.xbrl.org/2003/role/terseLabel"/>
    <link:loc xlink:type="locator" xlink:href="../../c-ross_core_2015-12-31.xsd#c-ross_SolvencyReportNetProfit" xlink:label="SolvencyReportNetProfit" xlink:title="SolvencyReportNetProfit"/>
    <link:presentationArc xlink:type="arc" xlink:arcrole="http://www.xbrl.org/2003/arcrole/parent-child" xlink:from="MainBusinessIndicatorsExplanatory" xlink:to="SolvencyReportNetProfit" xlink:title="presentation: MainBusinessIndicatorsExplanatory to SolvencyReportNetProfit" order="20.0" preferredLabel="http://www.xbrl.org/2003/role/terseLabel"/>
    <link:loc xlink:type="locator" xlink:href="../../c-ross_core_2015-12-31.xsd#c-ross_SolvencyReportBasicEarningsPerShare" xlink:label="SolvencyReportBasicEarningsPerShare" xlink:title="SolvencyReportBasicEarningsPerShare"/>
    <link:presentationArc xlink:type="arc" xlink:arcrole="http://www.xbrl.org/2003/arcrole/parent-child" xlink:from="MainBusinessIndicatorsExplanatory" xlink:to="SolvencyReportBasicEarningsPerShare" xlink:title="presentation: MainBusinessIndicatorsExplanatory to SolvencyReportBasicEarningsPerShare" order="40.0" preferredLabel="http://www.xbrl.org/2003/role/terseLabel"/>
    <link:loc xlink:type="locator" xlink:href="../../c-ross_core_2015-12-31.xsd#c-ross_SolvencyReportReturnOnNetAssets" xlink:label="SolvencyReportReturnOnNetAssets" xlink:title="SolvencyReportReturnOnNetAssets"/>
    <link:presentationArc xlink:type="arc" xlink:arcrole="http://www.xbrl.org/2003/arcrole/parent-child" xlink:from="MainBusinessIndicatorsExplanatory" xlink:to="SolvencyReportReturnOnNetAssets" xlink:title="presentation: MainBusinessIndicatorsExplanatory to SolvencyReportReturnOnNetAssets" order="50.0" preferredLabel="http://www.xbrl.org/2003/role/terseLabel"/>
    <link:loc xlink:type="locator" xlink:href="../../c-ross_core_2015-12-31.xsd#c-ross_SolvencyReportReturnOnTotalAssets" xlink:label="SolvencyReportReturnOnTotalAssets" xlink:title="SolvencyReportReturnOnTotalAssets"/>
    <link:presentationArc xlink:type="arc" xlink:arcrole="http://www.xbrl.org/2003/arcrole/parent-child" xlink:from="MainBusinessIndicatorsExplanatory" xlink:to="SolvencyReportReturnOnTotalAssets" xlink:title="presentation: MainBusinessIndicatorsExplanatory to SolvencyReportReturnOnTotalAssets" order="60.0" preferredLabel="http://www.xbrl.org/2003/role/terseLabel"/>
    <link:loc xlink:type="locator" xlink:href="../../c-ross_core_2015-12-31.xsd#c-ross_SolvencyReportReturnOnInvestment" xlink:label="SolvencyReportReturnOnInvestment" xlink:title="SolvencyReportReturnOnInvestment"/>
    <link:presentationArc xlink:type="arc" xlink:arcrole="http://www.xbrl.org/2003/arcrole/parent-child" xlink:from="MainBusinessIndicatorsExplanatory" xlink:to="SolvencyReportReturnOnInvestment" xlink:title="presentation: MainBusinessIndicatorsExplanatory to SolvencyReportReturnOnInvestment" order="70.0" preferredLabel="http://www.xbrl.org/2003/role/terseLabel"/>
    <link:loc xlink:type="locator" xlink:href="../../c-ross_core_2015-12-31.xsd#c-ross_SolvencyReportComprehensiveRateOfInvestmentReturn" xlink:label="SolvencyReportComprehensiveRateOfInvestmentReturn" xlink:title="SolvencyReportComprehensiveRateOfInvestmentReturn"/>
    <link:presentationArc xlink:type="arc" xlink:arcrole="http://www.xbrl.org/2003/arcrole/parent-child" xlink:from="MainBusinessIndicatorsExplanatory" xlink:to="SolvencyReportComprehensiveRateOfInvestmentReturn" xlink:title="presentation: MainBusinessIndicatorsExplanatory to SolvencyReportComprehensiveRateOfInvestmentReturn" order="80.0" preferredLabel="http://www.xbrl.org/2003/role/terseLabel"/>
    <link:loc xlink:type="locator" xlink:href="../../c-ross_core_2015-12-31.xsd#c-ross_SolvencyReportRatioOfOutstandingLossReserveToClaimPayments" xlink:label="SolvencyReportRatioOfOutstandingLossReserveToClaimPayments" xlink:title="SolvencyReportRatioOfOutstandingLossReserveToClaimPayments"/>
    <link:presentationArc xlink:type="arc" xlink:arcrole="http://www.xbrl.org/2003/arcrole/parent-child" xlink:from="MainBusinessIndicatorsExplanatory" xlink:to="SolvencyReportRatioOfOutstandingLossReserveToClaimPayments" xlink:title="presentation: MainBusinessIndicatorsExplanatory to SolvencyReportRatioOfOutstandingLossReserveToClaimPayments" order="90.0" preferredLabel="http://www.xbrl.org/2003/role/terseLabel"/>
    <link:loc xlink:type="locator" xlink:href="../../c-ross_core_2015-12-31.xsd#c-ross_SolvencyReportCombinedExpenseRatio" xlink:label="SolvencyReportCombinedExpenseRatio" xlink:title="SolvencyReportCombinedExpenseRatio"/>
    <link:presentationArc xlink:type="arc" xlink:arcrole="http://www.xbrl.org/2003/arcrole/parent-child" xlink:from="MainBusinessIndicatorsExplanatory" xlink:to="SolvencyReportCombinedExpenseRatio" xlink:title="presentation: MainBusinessIndicatorsExplanatory to SolvencyReportCombinedExpenseRatio" order="100.0" preferredLabel="http://www.xbrl.org/2003/role/terseLabel"/>
    <link:loc xlink:type="locator" xlink:href="../../c-ross_core_2015-12-31.xsd#c-ross_SolvencyReportCombinedLossRatio" xlink:label="SolvencyReportCombinedLossRatio" xlink:title="SolvencyReportCombinedLossRatio"/>
    <link:presentationArc xlink:type="arc" xlink:arcrole="http://www.xbrl.org/2003/arcrole/parent-child" xlink:from="MainBusinessIndicatorsExplanatory" xlink:to="SolvencyReportCombinedLossRatio" xlink:title="presentation: MainBusinessIndicatorsExplanatory to SolvencyReportCombinedLossRatio" order="110.0" preferredLabel="http://www.xbrl.org/2003/role/terseLabel"/>
    <link:loc xlink:type="locator" xlink:href="../../c-ross_core_2015-12-31.xsd#c-ross_SolvencyReportCombinedRatio" xlink:label="SolvencyReportCombinedRatio" xlink:title="SolvencyReportCombinedRatio"/>
    <link:presentationArc xlink:type="arc" xlink:arcrole="http://www.xbrl.org/2003/arcrole/parent-child" xlink:from="MainBusinessIndicatorsExplanatory" xlink:to="SolvencyReportCombinedRatio" xlink:title="presentation: MainBusinessIndicatorsExplanatory to SolvencyReportCombinedRatio" order="120.0" preferredLabel="http://www.xbrl.org/2003/role/terseLabel"/>
    <link:loc xlink:type="locator" xlink:href="../../c-ross_core_2015-12-31.xsd#c-ross_SolvencyReportInsurancePremiumPerCar" xlink:label="SolvencyReportInsurancePremiumPerCar" xlink:title="SolvencyReportInsurancePremiumPerCar"/>
    <link:presentationArc xlink:type="arc" xlink:arcrole="http://www.xbrl.org/2003/arcrole/parent-child" xlink:from="MainBusinessIndicatorsExplanatory" xlink:to="SolvencyReportInsurancePremiumPerCar" xlink:title="presentation: MainBusinessIndicatorsExplanatory to SolvencyReportInsurancePremiumPerCar" order="130.0" preferredLabel="http://www.xbrl.org/2003/role/terseLabel"/>
    <link:loc xlink:type="locator" xlink:href="http://xbrl.ifrs.org/taxonomy/2014-03-05/full_ifrs/full_ifrs-cor_2014-03-05.xsd#ifrs-full_NetAssetsLiabilities" xlink:label="NetAssetsLiabilities" xlink:title="NetAssetsLiabilities"/>
    <link:presentationArc xlink:type="arc" xlink:arcrole="http://www.xbrl.org/2003/arcrole/parent-child" xlink:from="MainBusinessIndicatorsExplanatory" xlink:to="NetAssetsLiabilities" xlink:title="presentation: MainBusinessIndicatorsExplanatory to NetAssetsLiabilities" use="optional" order="30.0" preferredLabel="http://www.xbrl.org/2003/role/label"/>
  </link:presentationLink>
</link:linkbase>
