<?xml version="1.0" encoding="UTF-8"?>

<!--
	Taxonomy: 2015-12-31 (Final)
	**********************
	Copyright © 2015 China Insurance Regulatory Commission.
	All rights reserved.  No part of this publication may be translated, reprinted or reproduced
	or utilised in any form either in whole or in part without prior permission in writing from China Insurance Regulatory Commission.
	  **********************
	-->
<link:linkbase xmlns:xsi="http://www.w3.org/2001/XMLSchema-instance" xsi:schemaLocation="http://www.xbrl.org/2003/linkbase http://www.xbrl.org/2003/xbrl-linkbase-2003-12-31.xsd" xmlns:c-ross="http://xbrl.circ.gov.cn/taxonomy/2015-12-31/c-ross" xmlns:link="http://www.xbrl.org/2003/linkbase" xmlns:q_s_pc_entry_point="http://xbrl.circ.gov.cn/taxonomy/2015-12-31/c-ross/q_s_pc_entry_point" xmlns:xlink="http://www.w3.org/1999/xlink" xmlns:xbrli="http://www.xbrl.org/2003/instance">
  <link:roleRef roleURI="http://www.xbrl.org/2009/role/netLabel" xlink:type="simple" xlink:href="http://www.xbrl.org/lrr/role/net-2009-12-16.xsd#netLabel"/>
  <link:roleRef roleURI="http://xbrl.circ.gov.cn/role/c-ross_2015-12-31_role-3110600" xlink:type="simple" xlink:href="rol_c-ross_16_2015-12-31.xsd#c-ross_2015-12-31-3110600"/>
  <link:presentationLink xlink:type="extended" xlink:role="http://xbrl.circ.gov.cn/role/c-ross_2015-12-31_role-3110600">
    <link:loc xlink:type="locator" xlink:href="../../c-ross_core_2015-12-31.xsd#c-ross_IntegratedRiskRatingAbstract" xlink:label="IntegratedRiskRatingClassifiedRegulationAbstract" xlink:title="IntegratedRiskRatingClassifiedRegulationAbstract"/>
    <link:loc xlink:type="locator" xlink:href="../../c-ross_core_2015-12-31.xsd#c-ross_RecentTwoIntegratedRiskRatingResultsExplanatory" xlink:label="RecentTwoIntegratedRiskRatingResultsExplanatory" xlink:title="RecentTwoIntegratedRiskRatingResultsExplanatory"/>
    <link:presentationArc xlink:type="arc" xlink:arcrole="http://www.xbrl.org/2003/arcrole/parent-child" xlink:from="IntegratedRiskRatingClassifiedRegulationAbstract" xlink:to="RecentTwoIntegratedRiskRatingResultsExplanatory" xlink:title="presentation: IntegratedRiskRatingClassifiedRegulationAbstract to RecentTwoIntegratedRiskRatingResultsExplanatory" use="optional" order="10.0" preferredLabel="http://www.xbrl.org/2003/role/label"/>
    <link:loc xlink:type="locator" xlink:href="../../c-ross_core_2015-12-31.xsd#c-ross_ImprovementMeasuresAdoptedOrToBeAdoptedByCompanyExplanatory" xlink:label="ImprovementMeasuresAdoptedOrToBeAdoptedByCompanyExplanatory" xlink:title="ImprovementMeasuresAdoptedOrToBeAdoptedByCompanyExplanatory"/>
    <link:presentationArc xlink:type="arc" xlink:arcrole="http://www.xbrl.org/2003/arcrole/parent-child" xlink:from="IntegratedRiskRatingClassifiedRegulationAbstract" xlink:to="ImprovementMeasuresAdoptedOrToBeAdoptedByCompanyExplanatory" xlink:title="presentation: IntegratedRiskRatingClassifiedRegulationAbstract to ImprovementMeasuresAdoptedOrToBeAdoptedByCompanyExplanatory" use="optional" order="20.0" preferredLabel="http://www.xbrl.org/2003/role/label"/>
    <link:loc xlink:type="locator" xlink:href="../../c-ross_core_2015-12-31.xsd#c-ross_InformationAboutSelfAssessmentForOperationalRiskStrategicRiskReputationRiskAndLiquidityRiskExplanatory" xlink:label="InformationAboutSelfAssessmentForOperationalRiskStrategicRiskReputationRiskAndLiquidityRiskExplanatory" xlink:title="InformationAboutSelfAssessmentForOperationalRiskStrategicRiskReputationRiskAndLiquidityRiskExplanatory"/>
    <link:presentationArc xlink:type="arc" xlink:arcrole="http://www.xbrl.org/2003/arcrole/parent-child" xlink:from="IntegratedRiskRatingClassifiedRegulationAbstract" xlink:to="InformationAboutSelfAssessmentForOperationalRiskStrategicRiskReputationRiskAndLiquidityRiskExplanatory" xlink:title="presentation: IntegratedRiskRatingClassifiedRegulationAbstract to InformationAboutSelfAssessmentForOperationalRiskStrategicRiskReputationRiskAndLiquidityRiskExplanatory" use="optional" order="30.0" preferredLabel="http://www.xbrl.org/2003/role/label"/>
  </link:presentationLink>
</link:linkbase>
