<?xml version="1.0" encoding="UTF-8"?>

<!--
	Taxonomy: 2015-12-31 (Final)
	**********************
	Copyright © 2015 China Insurance Regulatory Commission.
	All rights reserved.  No part of this publication may be translated, reprinted or reproduced
	or utilised in any form either in whole or in part without prior permission in writing from China Insurance Regulatory Commission.
	  **********************
	-->
<link:linkbase xmlns:xsi="http://www.w3.org/2001/XMLSchema-instance" xsi:schemaLocation="http://www.xbrl.org/2003/linkbase http://www.xbrl.org/2003/xbrl-linkbase-2003-12-31.xsd" xmlns:c-ross="http://xbrl.circ.gov.cn/taxonomy/2015-12-31/c-ross" xmlns:link="http://www.xbrl.org/2003/linkbase" xmlns:q_s_pc_entry_point="http://xbrl.circ.gov.cn/taxonomy/2015-12-31/c-ross/q_s_pc_entry_point" xmlns:xlink="http://www.w3.org/1999/xlink" xmlns:xbrli="http://www.xbrl.org/2003/instance">
  <link:roleRef roleURI="http://www.xbrl.org/2009/role/netLabel" xlink:type="simple" xlink:href="http://www.xbrl.org/lrr/role/net-2009-12-16.xsd#netLabel"/>
  <link:roleRef roleURI="http://xbrl.circ.gov.cn/role/c-ross_2015-12-31_role-3110800" xlink:type="simple" xlink:href="rol_c-ross_16_2015-12-31.xsd#c-ross_2015-12-31-3110800"/>
  <link:presentationLink xlink:type="extended" xlink:role="http://xbrl.circ.gov.cn/role/c-ross_2015-12-31_role-3110800">
    <link:loc xlink:type="locator" xlink:href="../../c-ross_core_2015-12-31.xsd#c-ross_AnalysisAndDiscussionOfManagementAbstract" xlink:label="AnalysisAndDiscussionOfManagementAbstract" xlink:title="AnalysisAndDiscussionOfManagementAbstract"/>
    <link:loc xlink:type="locator" xlink:href="../../c-ross_core_2015-12-31.xsd#c-ross_AnalysisAndDiscussionContentOfManagementExplanatory" xlink:label="AnalysisAndDiscussionContentOfManagementExplanatory" xlink:title="AnalysisAndDiscussionContentOfManagementExplanatory"/>
    <link:presentationArc xlink:type="arc" xlink:arcrole="http://www.xbrl.org/2003/arcrole/parent-child" xlink:from="AnalysisAndDiscussionOfManagementAbstract" xlink:to="AnalysisAndDiscussionContentOfManagementExplanatory" xlink:title="presentation: AnalysisAndDiscussionOfManagementAbstract to AnalysisAndDiscussionContentOfManagementExplanatory" use="optional" order="10.0" preferredLabel="http://www.xbrl.org/2003/role/label"/>
    <link:loc xlink:type="locator" xlink:href="../../c-ross_core_2015-12-31.xsd#c-ross_InformationConcerningForecastOfSolvencyAdequacyRatioOfNextQuarterExplanatory" xlink:label="InformationConcerningForecastOfSolvencyAdequacyRatioOfNextQuarterExplanatory" xlink:title="InformationConcerningForecastOfSolvencyAdequacyRatioOfNextQuarterExplanatory"/>
    <link:presentationArc xlink:type="arc" xlink:arcrole="http://www.xbrl.org/2003/arcrole/parent-child" xlink:from="AnalysisAndDiscussionOfManagementAbstract" xlink:to="InformationConcerningForecastOfSolvencyAdequacyRatioOfNextQuarterExplanatory" xlink:title="presentation: AnalysisAndDiscussionOfManagementAbstract to InformationConcerningForecastOfSolvencyAdequacyRatioOfNextQuarterExplanatory" use="optional" order="20.0" preferredLabel="http://www.xbrl.org/2003/role/label"/>
    <link:loc xlink:type="locator" xlink:href="../../c-ross_core_2015-12-31.xsd#c-ross_ForecastOfAdmittedAssetsOfNextQuarter" xlink:label="ForecastOfAdmittedAssetsOfNextQuarter" xlink:title="ForecastOfAdmittedAssetsOfNextQuarter"/>
    <link:presentationArc xlink:type="arc" xlink:arcrole="http://www.xbrl.org/2003/arcrole/parent-child" xlink:from="InformationConcerningForecastOfSolvencyAdequacyRatioOfNextQuarterExplanatory" xlink:to="ForecastOfAdmittedAssetsOfNextQuarter" xlink:title="presentation: InformationConcerningForecastOfSolvencyAdequacyRatioOfNextQuarterExplanatory to ForecastOfAdmittedAssetsOfNextQuarter" order="10.0" preferredLabel="http://www.xbrl.org/2003/role/label"/>
    <link:loc xlink:type="locator" xlink:href="../../c-ross_core_2015-12-31.xsd#c-ross_ForecastOfAdmittedLiabilitiesOfNextQuarter" xlink:label="ForecastOfAdmittedLiabilitiesOfNextQuarter" xlink:title="ForecastOfAdmittedLiabilitiesOfNextQuarter"/>
    <link:presentationArc xlink:type="arc" xlink:arcrole="http://www.xbrl.org/2003/arcrole/parent-child" xlink:from="InformationConcerningForecastOfSolvencyAdequacyRatioOfNextQuarterExplanatory" xlink:to="ForecastOfAdmittedLiabilitiesOfNextQuarter" xlink:title="presentation: InformationConcerningForecastOfSolvencyAdequacyRatioOfNextQuarterExplanatory to ForecastOfAdmittedLiabilitiesOfNextQuarter" order="20.0" preferredLabel="http://www.xbrl.org/2003/role/label"/>
    <link:loc xlink:type="locator" xlink:href="../../c-ross_core_2015-12-31.xsd#c-ross_ForecastOfAvailableCapitalOfNextQuarter" xlink:label="ForecastOfAvailableCapitalOfNextQuarter" xlink:title="ForecastOfAvailableCapitalOfNextQuarter"/>
    <link:presentationArc xlink:type="arc" xlink:arcrole="http://www.xbrl.org/2003/arcrole/parent-child" xlink:from="InformationConcerningForecastOfSolvencyAdequacyRatioOfNextQuarterExplanatory" xlink:to="ForecastOfAvailableCapitalOfNextQuarter" xlink:title="presentation: InformationConcerningForecastOfSolvencyAdequacyRatioOfNextQuarterExplanatory to ForecastOfAvailableCapitalOfNextQuarter" order="30.0" preferredLabel="http://www.xbrl.org/2003/role/label"/>
    <link:loc xlink:type="locator" xlink:href="../../c-ross_core_2015-12-31.xsd#c-ross_ForecastOfCoreTierOneCapitalOfNextQuarter" xlink:label="ForecastOfCoreTierOneCapitalOfNextQuarter" xlink:title="ForecastOfCoreTierOneCapitalOfNextQuarter"/>
    <link:presentationArc xlink:type="arc" xlink:arcrole="http://www.xbrl.org/2003/arcrole/parent-child" xlink:from="ForecastOfAvailableCapitalOfNextQuarter" xlink:to="ForecastOfCoreTierOneCapitalOfNextQuarter" xlink:title="presentation: ForecastOfAvailableCapitalOfNextQuarter to ForecastOfCoreTierOneCapitalOfNextQuarter" use="optional" order="10.0" preferredLabel="http://www.xbrl.org/2003/role/label"/>
    <link:loc xlink:type="locator" xlink:href="../../c-ross_core_2015-12-31.xsd#c-ross_ForecastOfCoreTierTwoCapitalOfNextQuarter" xlink:label="ForecastOfCoreTierTwoCapitalOfNextQuarter" xlink:title="ForecastOfCoreTierTwoCapitalOfNextQuarter"/>
    <link:presentationArc xlink:type="arc" xlink:arcrole="http://www.xbrl.org/2003/arcrole/parent-child" xlink:from="ForecastOfAvailableCapitalOfNextQuarter" xlink:to="ForecastOfCoreTierTwoCapitalOfNextQuarter" xlink:title="presentation: ForecastOfAvailableCapitalOfNextQuarter to ForecastOfCoreTierTwoCapitalOfNextQuarter" use="optional" order="20.0" preferredLabel="http://www.xbrl.org/2003/role/label"/>
    <link:loc xlink:type="locator" xlink:href="../../c-ross_core_2015-12-31.xsd#c-ross_ForecastOfSupplementaryTierOneCapitalOfNextQuarter" xlink:label="ForecastOfSupplementaryTierOneCapitalOfNextQuarter" xlink:title="ForecastOfSupplementaryTierOneCapitalOfNextQuarter"/>
    <link:presentationArc xlink:type="arc" xlink:arcrole="http://www.xbrl.org/2003/arcrole/parent-child" xlink:from="ForecastOfAvailableCapitalOfNextQuarter" xlink:to="ForecastOfSupplementaryTierOneCapitalOfNextQuarter" xlink:title="presentation: ForecastOfAvailableCapitalOfNextQuarter to ForecastOfSupplementaryTierOneCapitalOfNextQuarter" use="optional" order="30.0" preferredLabel="http://www.xbrl.org/2003/role/label"/>
    <link:loc xlink:type="locator" xlink:href="../../c-ross_core_2015-12-31.xsd#c-ross_ForecastOfSupplementaryTierTwoCapitalOfNextQuarter" xlink:label="ForecastOfSupplementaryTierTwoCapitalOfNextQuarter" xlink:title="ForecastOfSupplementaryTierTwoCapitalOfNextQuarter"/>
    <link:presentationArc xlink:type="arc" xlink:arcrole="http://www.xbrl.org/2003/arcrole/parent-child" xlink:from="ForecastOfAvailableCapitalOfNextQuarter" xlink:to="ForecastOfSupplementaryTierTwoCapitalOfNextQuarter" xlink:title="presentation: ForecastOfAvailableCapitalOfNextQuarter to ForecastOfSupplementaryTierTwoCapitalOfNextQuarter" use="optional" order="40.0" preferredLabel="http://www.xbrl.org/2003/role/label"/>
    <link:loc xlink:type="locator" xlink:href="../../c-ross_core_2015-12-31.xsd#c-ross_ForecastOfMinimumCapitalOfNextQuarter" xlink:label="ForecastOfMinimumCapitalOfNextQuarter" xlink:title="ForecastOfMinimumCapitalOfNextQuarter"/>
    <link:presentationArc xlink:type="arc" xlink:arcrole="http://www.xbrl.org/2003/arcrole/parent-child" xlink:from="InformationConcerningForecastOfSolvencyAdequacyRatioOfNextQuarterExplanatory" xlink:to="ForecastOfMinimumCapitalOfNextQuarter" xlink:title="presentation: InformationConcerningForecastOfSolvencyAdequacyRatioOfNextQuarterExplanatory to ForecastOfMinimumCapitalOfNextQuarter" order="40.0" preferredLabel="http://www.xbrl.org/2003/role/label"/>
    <link:loc xlink:type="locator" xlink:href="../../c-ross_core_2015-12-31.xsd#c-ross_ForecastOfMinimumCapitalForQuantifiableRiskOfNextQuarter" xlink:label="ForecastOfMinimumCapitalForQuantifiableRiskOfNextQuarter" xlink:title="ForecastOfMinimumCapitalForQuantifiableRiskOfNextQuarter"/>
    <link:presentationArc xlink:type="arc" xlink:arcrole="http://www.xbrl.org/2003/arcrole/parent-child" xlink:from="ForecastOfMinimumCapitalOfNextQuarter" xlink:to="ForecastOfMinimumCapitalForQuantifiableRiskOfNextQuarter" xlink:title="presentation: ForecastOfMinimumCapitalOfNextQuarter to ForecastOfMinimumCapitalForQuantifiableRiskOfNextQuarter" use="optional" order="10.0" preferredLabel="http://www.xbrl.org/2003/role/label"/>
    <link:loc xlink:type="locator" xlink:href="../../c-ross_core_2015-12-31.xsd#c-ross_ForecastOfMinimumCapitalForControlRiskOfNextQuarter" xlink:label="ForecastOfMinimumCapitalForControlRiskOfNextQuarter" xlink:title="ForecastOfMinimumCapitalForControlRiskOfNextQuarter"/>
    <link:presentationArc xlink:type="arc" xlink:arcrole="http://www.xbrl.org/2003/arcrole/parent-child" xlink:from="ForecastOfMinimumCapitalOfNextQuarter" xlink:to="ForecastOfMinimumCapitalForControlRiskOfNextQuarter" xlink:title="presentation: ForecastOfMinimumCapitalOfNextQuarter to ForecastOfMinimumCapitalForControlRiskOfNextQuarter" use="optional" order="20.0" preferredLabel="http://www.xbrl.org/2003/role/label"/>
    <link:loc xlink:type="locator" xlink:href="../../c-ross_core_2015-12-31.xsd#c-ross_ForecastOfAdditionalCapitalOfNextQuarter" xlink:label="ForecastOfAdditionalCapitalOfNextQuarter" xlink:title="ForecastOfAdditionalCapitalOfNextQuarter"/>
    <link:presentationArc xlink:type="arc" xlink:arcrole="http://www.xbrl.org/2003/arcrole/parent-child" xlink:from="ForecastOfMinimumCapitalOfNextQuarter" xlink:to="ForecastOfAdditionalCapitalOfNextQuarter" xlink:title="presentation: ForecastOfMinimumCapitalOfNextQuarter to ForecastOfAdditionalCapitalOfNextQuarter" use="optional" order="30.0" preferredLabel="http://www.xbrl.org/2003/role/label"/>
    <link:loc xlink:type="locator" xlink:href="../../c-ross_core_2015-12-31.xsd#c-ross_ForecastOfCoreSolvencySurplusOfNextQuarter" xlink:label="ForecastOfCoreSolvencySurplusOfNextQuarter" xlink:title="ForecastOfCoreSolvencySurplusOfNextQuarter"/>
    <link:presentationArc xlink:type="arc" xlink:arcrole="http://www.xbrl.org/2003/arcrole/parent-child" xlink:from="InformationConcerningForecastOfSolvencyAdequacyRatioOfNextQuarterExplanatory" xlink:to="ForecastOfCoreSolvencySurplusOfNextQuarter" xlink:title="presentation: InformationConcerningForecastOfSolvencyAdequacyRatioOfNextQuarterExplanatory to ForecastOfCoreSolvencySurplusOfNextQuarter" order="50.0" preferredLabel="http://www.xbrl.org/2003/role/label"/>
    <link:loc xlink:type="locator" xlink:href="../../c-ross_core_2015-12-31.xsd#c-ross_ForecastOfCoreSolvencyAdequacyRatioOfNextQuarter" xlink:label="ForecastOfCoreSolvencyAdequacyRatioOfNextQuarter" xlink:title="ForecastOfCoreSolvencyAdequacyRatioOfNextQuarter"/>
    <link:presentationArc xlink:type="arc" xlink:arcrole="http://www.xbrl.org/2003/arcrole/parent-child" xlink:from="InformationConcerningForecastOfSolvencyAdequacyRatioOfNextQuarterExplanatory" xlink:to="ForecastOfCoreSolvencyAdequacyRatioOfNextQuarter" xlink:title="presentation: InformationConcerningForecastOfSolvencyAdequacyRatioOfNextQuarterExplanatory to ForecastOfCoreSolvencyAdequacyRatioOfNextQuarter" order="60.0" preferredLabel="http://www.xbrl.org/2003/role/label"/>
    <link:loc xlink:type="locator" xlink:href="../../c-ross_core_2015-12-31.xsd#c-ross_ForecastOfComprehensiveSolvencySurplusOfNextQuarter" xlink:label="ForecastOfComprehensiveSolvencySurplusOfNextQuarter" xlink:title="ForecastOfComprehensiveSolvencySurplusOfNextQuarter"/>
    <link:presentationArc xlink:type="arc" xlink:arcrole="http://www.xbrl.org/2003/arcrole/parent-child" xlink:from="InformationConcerningForecastOfSolvencyAdequacyRatioOfNextQuarterExplanatory" xlink:to="ForecastOfComprehensiveSolvencySurplusOfNextQuarter" xlink:title="presentation: InformationConcerningForecastOfSolvencyAdequacyRatioOfNextQuarterExplanatory to ForecastOfComprehensiveSolvencySurplusOfNextQuarter" order="70.0" preferredLabel="http://www.xbrl.org/2003/role/label"/>
    <link:loc xlink:type="locator" xlink:href="../../c-ross_core_2015-12-31.xsd#c-ross_ForecastOfComprehensiveSolvencyAdequacyRatioOfNextQuarter" xlink:label="ForecastOfComprehensiveSolvencyAdequacyRatioOfNextQuarter" xlink:title="ForecastOfComprehensiveSolvencyAdequacyRatioOfNextQuarter"/>
    <link:presentationArc xlink:type="arc" xlink:arcrole="http://www.xbrl.org/2003/arcrole/parent-child" xlink:from="InformationConcerningForecastOfSolvencyAdequacyRatioOfNextQuarterExplanatory" xlink:to="ForecastOfComprehensiveSolvencyAdequacyRatioOfNextQuarter" xlink:title="presentation: InformationConcerningForecastOfSolvencyAdequacyRatioOfNextQuarterExplanatory to ForecastOfComprehensiveSolvencyAdequacyRatioOfNextQuarter" order="80.0" preferredLabel="http://www.xbrl.org/2003/role/label"/>
    <link:loc xlink:type="locator" xlink:href="../../c-ross_core_2015-12-31.xsd#c-ross_ChangesAndAnalysisOfSolvencyBetweenQuartersExplanatory" xlink:label="ChangesAndAnalysisOfSolvencyBetweenQuartersExplanatory" xlink:title="ChangesAndAnalysisOfSolvencyBetweenQuartersExplanatory"/>
    <link:presentationArc xlink:type="arc" xlink:arcrole="http://www.xbrl.org/2003/arcrole/parent-child" xlink:from="AnalysisAndDiscussionOfManagementAbstract" xlink:to="ChangesAndAnalysisOfSolvencyBetweenQuartersExplanatory" xlink:title="presentation: AnalysisAndDiscussionOfManagementAbstract to ChangesAndAnalysisOfSolvencyBetweenQuartersExplanatory" order="30.0" preferredLabel="http://www.xbrl.org/2003/role/label"/>
  </link:presentationLink>
</link:linkbase>
