<?xml version="1.0" encoding="UTF-8"?>

<!--
	Taxonomy: 2015-12-31 (Final)
	**********************
	Copyright © 2015 China Insurance Regulatory Commission.
	All rights reserved.  No part of this publication may be translated, reprinted or reproduced
	or utilised in any form either in whole or in part without prior permission in writing from China Insurance Regulatory Commission.
	  **********************
	-->
<link:linkbase xmlns:xsi="http://www.w3.org/2001/XMLSchema-instance" xsi:schemaLocation="http://www.xbrl.org/2003/linkbase http://www.xbrl.org/2003/xbrl-linkbase-2003-12-31.xsd" xmlns:c-ross="http://xbrl.circ.gov.cn/taxonomy/2015-12-31/c-ross" xmlns:link="http://www.xbrl.org/2003/linkbase" xmlns:q_s_pc_entry_point="http://xbrl.circ.gov.cn/taxonomy/2015-12-31/c-ross/q_s_pc_entry_point" xmlns:xlink="http://www.w3.org/1999/xlink" xmlns:xbrli="http://www.xbrl.org/2003/instance">
  <link:roleRef roleURI="http://www.xbrl.org/2009/role/netLabel" xlink:type="simple" xlink:href="http://www.xbrl.org/lrr/role/net-2009-12-16.xsd#netLabel"/>
  <link:roleRef roleURI="http://xbrl.circ.gov.cn/role/c-ross_2015-12-31_role-3110700" xlink:type="simple" xlink:href="rol_c-ross_16_2015-12-31.xsd#c-ross_2015-12-31-3110700"/>
  <link:presentationLink xlink:type="extended" xlink:role="http://xbrl.circ.gov.cn/role/c-ross_2015-12-31_role-3110700">
    <link:loc xlink:type="locator" xlink:href="../../c-ross_core_2015-12-31.xsd#c-ross_ImportantMattersAbstract" xlink:label="ImportantMattersAbstract" xlink:title="ImportantMattersAbstract"/>
    <link:loc xlink:type="locator" xlink:href="../../c-ross_core_2015-12-31.xsd#c-ross_NewProvincialBranchesApprovedForPreparationAndOpenedUnderApprovalDuringReportingPeriodExplanatory" xlink:label="NewProvincialBranchesApprovedForPreparationAndOpenedUnderApprovalDuringReportingPeriodExplanatory" xlink:title="NewProvincialBranchesApprovedForPreparationAndOpenedUnderApprovalDuringReportingPeriodExplanatory"/>
    <link:presentationArc xlink:type="arc" xlink:arcrole="http://www.xbrl.org/2003/arcrole/parent-child" xlink:from="ImportantMattersAbstract" xlink:to="NewProvincialBranchesApprovedForPreparationAndOpenedUnderApprovalDuringReportingPeriodExplanatory" xlink:title="presentation: ImportantMattersAbstract to NewProvincialBranchesApprovedForPreparationAndOpenedUnderApprovalDuringReportingPeriodExplanatory" use="optional" order="10.0" preferredLabel="http://www.xbrl.org/2003/role/label"/>
    <link:loc xlink:type="locator" xlink:href="../../c-ross_core_2015-12-31.xsd#c-ross_ProductsWithTopThreeWrittenPremiumDuringReportingPeriodExplanatory" xlink:label="ProductsWithTopThreeWrittenPremiumDuringReportingPeriodExplanatory" xlink:title="ProductsWithTopThreeWrittenPremiumDuringReportingPeriodExplanatory"/>
    <link:presentationArc xlink:type="arc" xlink:arcrole="http://www.xbrl.org/2003/arcrole/parent-child" xlink:from="ImportantMattersAbstract" xlink:to="ProductsWithTopThreeWrittenPremiumDuringReportingPeriodExplanatory" xlink:title="presentation: ImportantMattersAbstract to ProductsWithTopThreeWrittenPremiumDuringReportingPeriodExplanatory" use="optional" order="20.0" preferredLabel="http://www.xbrl.org/2003/role/label"/>
    <link:loc xlink:type="locator" xlink:href="../../c-ross_core_2015-12-31.xsd#c-ross_MajorReinsuranceContractDuringReportingPeriodExplanatory" xlink:label="MajorReinsuranceContractDuringReportingPeriodExplanatory" xlink:title="MajorReinsuranceContractDuringReportingPeriodExplanatory"/>
    <link:presentationArc xlink:type="arc" xlink:arcrole="http://www.xbrl.org/2003/arcrole/parent-child" xlink:from="ImportantMattersAbstract" xlink:to="MajorReinsuranceContractDuringReportingPeriodExplanatory" xlink:title="presentation: ImportantMattersAbstract to MajorReinsuranceContractDuringReportingPeriodExplanatory" use="optional" order="30.0" preferredLabel="http://www.xbrl.org/2003/role/label"/>
    <link:loc xlink:type="locator" xlink:href="../../c-ross_core_2015-12-31.xsd#c-ross_MajorClaimEventsThatOccurredDuringReportingPeriodOnlyApplicableForPropertyAndCasualtyInsuranceCompanyExplanatory" xlink:label="MajorClaimEventsThatOccurredDuringReportingPeriodOnlyApplicableForPropertyInsuranceCompanyExplanatory" xlink:title="MajorClaimEventsThatOccurredDuringReportingPeriodOnlyApplicableForPropertyInsuranceCompanyExplanatory"/>
    <link:presentationArc xlink:type="arc" xlink:arcrole="http://www.xbrl.org/2003/arcrole/parent-child" xlink:from="ImportantMattersAbstract" xlink:to="MajorClaimEventsThatOccurredDuringReportingPeriodOnlyApplicableForPropertyInsuranceCompanyExplanatory" xlink:title="presentation: ImportantMattersAbstract to MajorClaimEventsThatOccurredDuringReportingPeriodOnlyApplicableForPropertyInsuranceCompanyExplanatory" use="optional" order="40.0" preferredLabel="http://www.xbrl.org/2003/role/label"/>
    <link:loc xlink:type="locator" xlink:href="../../c-ross_core_2015-12-31.xsd#c-ross_TopThreeProductsInTermsOfSurrenderRateDuringReportingRateOnlyApplicableForLifeInsuranceCompanyExplanatory" xlink:label="TopThreeProductsInTermsOfSurrenderRateDuringReportingRateOnlyApplicableForLifeInsuranceCompanyExplanatory" xlink:title="TopThreeProductsInTermsOfSurrenderRateDuringReportingRateOnlyApplicableForLifeInsuranceCompanyExplanatory"/>
    <link:presentationArc xlink:type="arc" xlink:arcrole="http://www.xbrl.org/2003/arcrole/parent-child" xlink:from="ImportantMattersAbstract" xlink:to="TopThreeProductsInTermsOfSurrenderRateDuringReportingRateOnlyApplicableForLifeInsuranceCompanyExplanatory" xlink:title="presentation: ImportantMattersAbstract to TopThreeProductsInTermsOfSurrenderRateDuringReportingRateOnlyApplicableForLifeInsuranceCompanyExplanatory" use="optional" order="50.0" preferredLabel="http://www.xbrl.org/2003/role/label"/>
    <link:loc xlink:type="locator" xlink:href="../../c-ross_core_2015-12-31.xsd#c-ross_MajorInvestmentActivitiesDuringReportingPeriodExplanatory" xlink:label="MajorInvestmentActivitiesDuringReportingPeriodExplanatory" xlink:title="MajorInvestmentActivitiesDuringReportingPeriodExplanatory"/>
    <link:presentationArc xlink:type="arc" xlink:arcrole="http://www.xbrl.org/2003/arcrole/parent-child" xlink:from="ImportantMattersAbstract" xlink:to="MajorInvestmentActivitiesDuringReportingPeriodExplanatory" xlink:title="presentation: ImportantMattersAbstract to MajorInvestmentActivitiesDuringReportingPeriodExplanatory" use="optional" order="60.0" preferredLabel="http://www.xbrl.org/2003/role/label"/>
    <link:loc xlink:type="locator" xlink:href="../../c-ross_core_2015-12-31.xsd#c-ross_MajorInvestmentLossesThatOccurredDuringReportingPeriodExplanatory" xlink:label="MajorInvestmentLossesThatOccurredDuringReportingPeriodExplanatory" xlink:title="MajorInvestmentLossesThatOccurredDuringReportingPeriodExplanatory"/>
    <link:presentationArc xlink:type="arc" xlink:arcrole="http://www.xbrl.org/2003/arcrole/parent-child" xlink:from="ImportantMattersAbstract" xlink:to="MajorInvestmentLossesThatOccurredDuringReportingPeriodExplanatory" xlink:title="presentation: ImportantMattersAbstract to MajorInvestmentLossesThatOccurredDuringReportingPeriodExplanatory" use="optional" order="70.0" preferredLabel="http://www.xbrl.org/2003/role/label"/>
    <link:loc xlink:type="locator" xlink:href="../../c-ross_core_2015-12-31.xsd#c-ross_MajorFinancingActivitiesDuringReportingPeriodExplanatory" xlink:label="MajorFinancingActivitiesDuringReportingPeriodExplanatory" xlink:title="MajorFinancingActivitiesDuringReportingPeriodExplanatory"/>
    <link:presentationArc xlink:type="arc" xlink:arcrole="http://www.xbrl.org/2003/arcrole/parent-child" xlink:from="ImportantMattersAbstract" xlink:to="MajorFinancingActivitiesDuringReportingPeriodExplanatory" xlink:title="presentation: ImportantMattersAbstract to MajorFinancingActivitiesDuringReportingPeriodExplanatory" use="optional" order="80.0" preferredLabel="http://www.xbrl.org/2003/role/label"/>
    <link:loc xlink:type="locator" xlink:href="../../c-ross_core_2015-12-31.xsd#c-ross_MajorRelatedPartyTransactionsOccurredDuringReportingPeriodExplanatory" xlink:label="MajorRelatedPartyTransactionsOccurredDuringReportingPeriodExplanatory" xlink:title="MajorRelatedPartyTransactionsOccurredDuringReportingPeriodExplanatory"/>
    <link:presentationArc xlink:type="arc" xlink:arcrole="http://www.xbrl.org/2003/arcrole/parent-child" xlink:from="ImportantMattersAbstract" xlink:to="MajorRelatedPartyTransactionsOccurredDuringReportingPeriodExplanatory" xlink:title="presentation: ImportantMattersAbstract to MajorRelatedPartyTransactionsOccurredDuringReportingPeriodExplanatory" use="optional" order="90.0" preferredLabel="http://www.xbrl.org/2003/role/label"/>
    <link:loc xlink:type="locator" xlink:href="../../c-ross_core_2015-12-31.xsd#c-ross_MajorLitigationsOccurredDuringReportingPeriodExplanatory" xlink:label="MajorLitigationsOccurredDuringReportingPeriodExplanatory" xlink:title="MajorLitigationsOccurredDuringReportingPeriodExplanatory"/>
    <link:presentationArc xlink:type="arc" xlink:arcrole="http://www.xbrl.org/2003/arcrole/parent-child" xlink:from="ImportantMattersAbstract" xlink:to="MajorLitigationsOccurredDuringReportingPeriodExplanatory" xlink:title="presentation: ImportantMattersAbstract to MajorLitigationsOccurredDuringReportingPeriodExplanatory" use="optional" order="100.0" preferredLabel="http://www.xbrl.org/2003/role/label"/>
    <link:loc xlink:type="locator" xlink:href="../../c-ross_core_2015-12-31.xsd#c-ross_MajorGuaranteesDuringReportingPeriodExplanatory" xlink:label="MajorGuaranteesDuringReportingPeriodExplanatory" xlink:title="MajorGuaranteesDuringReportingPeriodExplanatory"/>
    <link:presentationArc xlink:type="arc" xlink:arcrole="http://www.xbrl.org/2003/arcrole/parent-child" xlink:from="ImportantMattersAbstract" xlink:to="MajorGuaranteesDuringReportingPeriodExplanatory" xlink:title="presentation: ImportantMattersAbstract to MajorGuaranteesDuringReportingPeriodExplanatory" use="optional" order="110.0" preferredLabel="http://www.xbrl.org/2003/role/label"/>
    <link:loc xlink:type="locator" xlink:href="../../c-ross_core_2015-12-31.xsd#c-ross_OtherImportantMattersExplanatory" xlink:label="OtherImportantMattersExplanatory" xlink:title="OtherImportantMattersExplanatory"/>
    <link:presentationArc xlink:type="arc" xlink:arcrole="http://www.xbrl.org/2003/arcrole/parent-child" xlink:from="ImportantMattersAbstract" xlink:to="OtherImportantMattersExplanatory" xlink:title="presentation: ImportantMattersAbstract to OtherImportantMattersExplanatory" use="optional" order="120.0" preferredLabel="http://www.xbrl.org/2003/role/label"/>
  </link:presentationLink>
</link:linkbase>
