<?xml version="1.0" encoding="UTF-8"?>
<root> 
  	<role roleUri="http://www.xbrl.org/2003/role/label" local="标准标签"/>  
  	
  	<role roleUri="http://www.xbrl.org/2003/role/totalLabel" local="合计标签"/> 
  	
	<role roleUri="http://www.xbrl.org/2003/role/terseLabel" local="短标签"/>  
	<role roleUri="http://www.xbrl.org/2003/role/verboseLabel" local="长标签"/>  
	<role roleUri="http://www.xbrl.org/2009/role/netLabel" local="净值标签"/> 
	
    <role roleUri="http://www.xbrl.org/2003/role/periodStartLabel" local="期初标签"/>  
	<role roleUri="http://www.xbrl.org/2003/role/periodEndLabel" local="期末标签"/>
	 
    <role roleUri="http://www.xbrl.org/2009/role/negatedLabel" local="负值标签"/> 
	<role roleUri="http://www.xbrl.org/2009/role/negatedTotalLabel" local="合计负值标签"/>
	<role roleUri="http://www.xbrl.org/2009/role/negatedPeriodEndLabel" local="期末负值标签"/> 
    <role roleUri="http://www.xbrl.org/2009/role/negatedPeriodStartLabel" local="期初负值标签"/> 
    <role roleUri="http://www.xbrl.org/2009/role/negatedTerseLabel" local="负值短标签"/> 	
	
	<role roleUri="http://www.xbrl.org/2003/role/zeroLabel" local="零值标签 "/>  
	<role roleUri="http://www.xbrl.org/2003/role/zeroTerseLabel" local="零值短标签 "/>  
	<role roleUri="http://www.xbrl.org/2003/role/zeroVerboseLabel" local="零值长标签 "/> 
	 
	<role roleUri="http://www.xbrl.org/2003/role/positiveLabel" local="正值标签"/>  
	<role roleUri="http://www.xbrl.org/2003/role/positiveTerseLabel" local="正值短标签"/>  
	<role roleUri="http://www.xbrl.org/2003/role/positiveVerboseLabel" local="正值长标签"/>  
	
	<role roleUri="http://www.xbrl.org/2003/role/negativeLabel" local="负值标签"/>  
	<role roleUri="http://www.xbrl.org/2003/role/negativeTerseLabel" local="负值短标签"/>  
	<role roleUri="http://www.xbrl.org/2003/role/negativeVerboseLabel" local="负值长标签"/> 

	<role roleUri="http://www.xbrl.org/2003/role/documentation" local="文档标签"/>  
	<role roleUri="http://www.xbrl.org/2003/role/definitionGuidance" local="定义指导标签"/>  
	<role roleUri="http://www.xbrl.org/2003/role/disclosureGuidance" local="披露指导标签"/>  
	<role roleUri="http://www.xbrl.org/2003/role/presentationGuidance" local="演示指导标签"/>  
	<role roleUri="http://www.xbrl.org/2003/role/measurementGuidance" local="测量指导标签"/>  
	<role roleUri="http://www.xbrl.org/2003/role/commentaryGuidance" local="评论指导标签"/>  
	<role roleUri="http://www.xbrl.org/2003/role/exampleGuidance" local="例指导标签"/>  
</root>
