<?xml version="1.0" encoding="UTF-8"?>
<!DOCTYPE words [
	<!ELEMENT words (replace,skip)>
	
	<!ELEMENT replace (equivalence*)>
	<!ELEMENT skip (word*)>
	
	<!ELEMENT word (#PCDATA)>
	
	<!ELEMENT equivalence (#PCDATA)>
	<!ATTLIST equivalence key CDATA #IMPLIED>
]>
<words>
	<!-- 如果想匹配單詞的前後空白,請使用\b開頭和結尾 -->
	<replace>
		<equivalence key="\[text block\]">Explanatory</equivalence>
		<equivalence key="\[abstract\]">Abstract</equivalence>
	</replace>
	<skip>
		<word>A\+\+</word>
		<word>A Share</word>
		<word>A Shares</word>
	</skip>
</words>