<?xml version="1.0" encoding="UTF-8"?>

<rootItem desc="系统配置信息"> 

	<system id = "corss" name ='偿二代' def = '1'>
	
		<paramDialog>com.pansoft.xbrl.clcid.view.dlg.JCreateCRProjectDialog</paramDialog>
		<StartDialog>com.pansoft.xbrl.clcid.view.dlg.JStartDialog</StartDialog>
		<taxonFile>cRoss/full_entry_point_2015-12-31.xsd</taxonFile>
		<reportType id = 'JDBG' name ='偿付能力报告'>
			<ReportFileName>GB0101_YEAR.xml</ReportFileName>
			<taxonFile>cRoss/full_entry_point_2015-12-31.xsd</taxonFile>
		</reportType>
		
		<reportType id = 'FLJGBG' name ='风险综合评级报告'>
			<ReportFileName>GB0101_YEAR.xml</ReportFileName>
			<taxonFile>cRossIrr/full_entry_point_2015-12-31.xsd</taxonFile>
		</reportType>
	</system>


</rootItem>
