<?xml version="1.0" encoding="UTF-8"?>

<!--
	Taxonomy: 2015-12-31 (Final)
	**********************
	Copyright © 2015 China Insurance Regulatory Commission.
	All rights reserved.  No part of this publication may be translated, reprinted or reproduced
	or utilised in any form either in whole or in part without prior permission in writing from China Insurance Regulatory Commission.
	  **********************
	-->
<link:linkbase xmlns:xsi="http://www.w3.org/2001/XMLSchema-instance" xsi:schemaLocation="http://www.xbrl.org/2003/linkbase http://www.xbrl.org/2003/xbrl-linkbase-2003-12-31.xsd" xmlns:c-ross="http://xbrl.circ.gov.cn/taxonomy/2015-12-31/c-ross" xmlns:link="http://www.xbrl.org/2003/linkbase" xmlns:xlink="http://www.w3.org/1999/xlink" xmlns:xbrli="http://www.xbrl.org/2003/instance">
  <link:roleRef roleURI="http://xbrl.circ.gov.cn/role/c-ross_2015-12-31_role-3150320" xlink:type="simple" xlink:href="rol_c-ross_6_2015-12-31.xsd#c-ross_2015-12-31-3150320"/>
  <link:calculationLink xlink:type="extended" xlink:role="http://xbrl.circ.gov.cn/role/c-ross_2015-12-31_role-3150320">
    <link:loc xlink:type="locator" xlink:href="../../c-ross_core_2015-12-31.xsd#c-ross_InsuranceRiskOfNonLifeInsuranceBusinessMinimumCapitalForPremiumAndReserveRiskAfterRiskDiversification" xlink:label="InsuranceRiskOfNonLifeInsuranceBusinessMinimumCapitalForPremiumAndReserveRisk" xlink:title="InsuranceRiskOfNonLifeInsuranceBusinessMinimumCapitalForPremiumAndReserveRisk"/>
    <link:loc xlink:type="locator" xlink:href="../../c-ross_core_2015-12-31.xsd#c-ross_InsuranceRiskOfNonLifeInsuranceBusinessMinimumCapitalForPremiumAndReserveRiskBeforeRiskDiversification" xlink:label="newItem" xlink:title="newItem"/>
    <link:calculationArc xlink:type="arc" xlink:arcrole="http://www.xbrl.org/2003/arcrole/summation-item" xlink:from="InsuranceRiskOfNonLifeInsuranceBusinessMinimumCapitalForPremiumAndReserveRisk" xlink:to="newItem" xlink:title="calculation: InsuranceRiskOfNonLifeInsuranceBusinessMinimumCapitalForPremiumAndReserveRisk to newItem" order="10.0" weight="1.0"/>
    <link:loc xlink:type="locator" xlink:href="../../c-ross_core_2015-12-31.xsd#c-ross_InsuranceRiskOfNonLifeInsuranceBusinessRiskDiversificationEffectOfPremiumAndReserveRisk" xlink:label="InsuranceRiskOfNonLifeInsuranceBusinessPremiumAndReserveRiskRiskDiversificationEffect" xlink:title="InsuranceRiskOfNonLifeInsuranceBusinessPremiumAndReserveRiskRiskDiversificationEffect"/>
    <link:calculationArc xlink:type="arc" xlink:arcrole="http://www.xbrl.org/2003/arcrole/summation-item" xlink:from="InsuranceRiskOfNonLifeInsuranceBusinessMinimumCapitalForPremiumAndReserveRisk" xlink:to="InsuranceRiskOfNonLifeInsuranceBusinessPremiumAndReserveRiskRiskDiversificationEffect" xlink:title="calculation: InsuranceRiskOfNonLifeInsuranceBusinessMinimumCapitalForPremiumAndReserveRisk to InsuranceRiskOfNonLifeInsuranceBusinessPremiumAndReserveRiskRiskDiversificationEffect" order="20.0" weight="-1.0"/>
    <link:loc xlink:type="locator" xlink:href="../../c-ross_core_2015-12-31.xsd#c-ross_NetCedingPremiumsOfNonProportionalReinsuranceOfMostRecentTwelveMonths" xlink:label="NetCedingPremiumsOfNonProportionalReinsuranceOfMostRecentTwelveMonths" xlink:title="NetCedingPremiumsOfNonProportionalReinsuranceOfMostRecentTwelveMonths"/>
    <link:loc xlink:type="locator" xlink:href="../../c-ross_core_2015-12-31.xsd#c-ross_NonProportionalReinsurancePremiumReceivedOfMostRecentTwelveMonths" xlink:label="NonProportionalReinsurancePremiumReceivedOfMostRecentTwelveMonths" xlink:title="NonProportionalReinsurancePremiumReceivedOfMostRecentTwelveMonths"/>
    <link:calculationArc xlink:type="arc" xlink:arcrole="http://www.xbrl.org/2003/arcrole/summation-item" xlink:from="NetCedingPremiumsOfNonProportionalReinsuranceOfMostRecentTwelveMonths" xlink:to="NonProportionalReinsurancePremiumReceivedOfMostRecentTwelveMonths" xlink:title="calculation: NetCedingPremiumsOfNonProportionalReinsuranceOfMostRecentTwelveMonths to NonProportionalReinsurancePremiumReceivedOfMostRecentTwelveMonths" use="optional" order="20.0" weight="-1.0"/>
    <link:loc xlink:type="locator" xlink:href="../../c-ross_core_2015-12-31.xsd#c-ross_NonProportionalReinsurancePremiumPaidOfMostRecentTwelveMonths" xlink:label="NonProportionalReinsurancePremiumPaidOfMostRecentTwelveMonths" xlink:title="NonProportionalReinsurancePremiumPaidOfMostRecentTwelveMonths"/>
    <link:calculationArc xlink:type="arc" xlink:arcrole="http://www.xbrl.org/2003/arcrole/summation-item" xlink:from="NetCedingPremiumsOfNonProportionalReinsuranceOfMostRecentTwelveMonths" xlink:to="NonProportionalReinsurancePremiumPaidOfMostRecentTwelveMonths" xlink:title="calculation: NetCedingPremiumsOfNonProportionalReinsuranceOfMostRecentTwelveMonths to NonProportionalReinsurancePremiumPaidOfMostRecentTwelveMonths" use="optional" order="10.0" weight="1.0"/>
    <link:loc xlink:type="locator" xlink:href="../../c-ross_core_2015-12-31.xsd#c-ross_InsuranceRiskOfNonLifeInsuranceBusinessRiskExposureOfReserveRisk" xlink:label="InsuranceRiskOfNonLifeInsuranceBusinessReserveRiskRiskExposure" xlink:title="InsuranceRiskOfNonLifeInsuranceBusinessReserveRiskRiskExposure"/>
    <link:loc xlink:type="locator" xlink:href="../../c-ross_core_2015-12-31.xsd#c-ross_OutstandingLossReserveNetOfReinsurance" xlink:label="OutstandingClaimsReservesNetOfReinsurance" xlink:title="OutstandingClaimsReservesNetOfReinsurance"/>
    <link:calculationArc xlink:type="arc" xlink:arcrole="http://www.xbrl.org/2003/arcrole/summation-item" xlink:from="InsuranceRiskOfNonLifeInsuranceBusinessReserveRiskRiskExposure" xlink:to="OutstandingClaimsReservesNetOfReinsurance" xlink:title="calculation: InsuranceRiskOfNonLifeInsuranceBusinessReserveRiskRiskExposure to OutstandingClaimsReservesNetOfReinsurance" use="optional" order="10.0" weight="1.0"/>
  </link:calculationLink>
</link:linkbase>
