<?xml version="1.0" encoding="UTF-8"?>

<!--
	Taxonomy: 2015-12-31 (Final)
	**********************
	Copyright © 2015 China Insurance Regulatory Commission.
	All rights reserved.  No part of this publication may be translated, reprinted or reproduced
	or utilised in any form either in whole or in part without prior permission in writing from China Insurance Regulatory Commission.
	  **********************
	-->
<link:linkbase xmlns:xsi="http://www.w3.org/2001/XMLSchema-instance" xsi:schemaLocation="http://www.xbrl.org/2003/linkbase http://www.xbrl.org/2003/xbrl-linkbase-2003-12-31.xsd" xmlns:c-ross="http://xbrl.circ.gov.cn/taxonomy/2015-12-31/c-ross" xmlns:link="http://www.xbrl.org/2003/linkbase" xmlns:xlink="http://www.w3.org/1999/xlink" xmlns:xbrli="http://www.xbrl.org/2003/instance">
  <link:roleRef roleURI="http://www.xbrl.org/2009/role/netLabel" xlink:type="simple" xlink:href="http://www.xbrl.org/lrr/role/net-2009-12-16.xsd#netLabel"/>
  <link:roleRef roleURI="http://xbrl.circ.gov.cn/role/c-ross_2015-12-31_role-3150420" xlink:type="simple" xlink:href="rol_c-ross_6_2015-12-31.xsd#c-ross_2015-12-31-3150420"/>
  <link:presentationLink xlink:type="extended" xlink:role="http://xbrl.circ.gov.cn/role/c-ross_2015-12-31_role-3150420">
    <link:loc xlink:type="locator" xlink:href="../../c-ross_core_2015-12-31.xsd#c-ross_InsuranceRiskOfNonLifeReinsuranceBusinessOfReinsuranceCompanyCatastropheRiskAbstract" xlink:label="InsuranceRiskOfNonLifeReinsuranceBusinessOfReinsuranceCompanyCatastropheRiskAbstract" xlink:title="InsuranceRiskOfNonLifeReinsuranceBusinessOfReinsuranceCompanyCatastropheRiskAbstract"/>
    <link:loc xlink:type="locator" xlink:href="../../c-ross_core_2015-12-31.xsd#c-ross_InsuranceRiskOfNonLifeInsuranceBusinessMinimumCapitalForCatastropheRiskOfProportionalReinsuranceBusiness" xlink:label="InsuranceRiskOfNonLifeInsuranceBusinessMinimumCapitalForCatastropheRiskOfProportionalReinsuranceBusiness" xlink:title="InsuranceRiskOfNonLifeInsuranceBusinessMinimumCapitalForCatastropheRiskOfProportionalReinsuranceBusiness"/>
    <link:presentationArc xlink:type="arc" xlink:arcrole="http://www.xbrl.org/2003/arcrole/parent-child" xlink:from="InsuranceRiskOfNonLifeReinsuranceBusinessOfReinsuranceCompanyCatastropheRiskAbstract" xlink:to="InsuranceRiskOfNonLifeInsuranceBusinessMinimumCapitalForCatastropheRiskOfProportionalReinsuranceBusiness" xlink:title="presentation: InsuranceRiskOfNonLifeReinsuranceBusinessOfReinsuranceCompanyCatastropheRiskAbstract to InsuranceRiskOfNonLifeInsuranceBusinessMinimumCapitalForCatastropheRiskOfProportionalReinsuranceBusiness" use="optional" order="10.0" preferredLabel="http://www.xbrl.org/2003/role/terseLabel"/>
    <link:loc xlink:type="locator" xlink:href="../../c-ross_core_2015-12-31.xsd#c-ross_InsuranceRiskOfNonLifeInsuranceBusinessMinimumCapitalForCatastropheRiskOfAutoInsuranceOfProportionalReinsuranceBusiness" xlink:label="InsuranceRiskOfNonLifeInsuranceBusinessMinimumCapitalForCatastropheRiskOfAutoInsuranceOfProportionalReinsuranceBusiness" xlink:title="InsuranceRiskOfNonLifeInsuranceBusinessMinimumCapitalForCatastropheRiskOfAutoInsuranceOfProportionalReinsuranceBusiness"/>
    <link:presentationArc xlink:type="arc" xlink:arcrole="http://www.xbrl.org/2003/arcrole/parent-child" xlink:from="InsuranceRiskOfNonLifeInsuranceBusinessMinimumCapitalForCatastropheRiskOfProportionalReinsuranceBusiness" xlink:to="InsuranceRiskOfNonLifeInsuranceBusinessMinimumCapitalForCatastropheRiskOfAutoInsuranceOfProportionalReinsuranceBusiness" xlink:title="presentation: InsuranceRiskOfNonLifeInsuranceBusinessMinimumCapitalForCatastropheRiskOfProportionalReinsuranceBusiness to InsuranceRiskOfNonLifeInsuranceBusinessMinimumCapitalForCatastropheRiskOfAutoInsuranceOfProportionalReinsuranceBusiness" use="optional" order="10.0" preferredLabel="http://www.xbrl.org/2003/role/terseLabel"/>
    <link:loc xlink:type="locator" xlink:href="../../c-ross_core_2015-12-31.xsd#c-ross_InsuranceRiskOfNonLifeInsuranceBusinessMinimumCapitalForTyphoonAndFloodCatastropheRiskOfPropertyInsuranceOfProportionalReinsuranceBusiness" xlink:label="InsuranceRiskOfNonLifeInsuranceBusinessMinimumCapitalForTyphoonAndFloodCatastropheRiskOfPropertyInsuranceOfProportionalReinsuranceBusiness" xlink:title="InsuranceRiskOfNonLifeInsuranceBusinessMinimumCapitalForTyphoonAndFloodCatastropheRiskOfPropertyInsuranceOfProportionalReinsuranceBusiness"/>
    <link:presentationArc xlink:type="arc" xlink:arcrole="http://www.xbrl.org/2003/arcrole/parent-child" xlink:from="InsuranceRiskOfNonLifeInsuranceBusinessMinimumCapitalForCatastropheRiskOfProportionalReinsuranceBusiness" xlink:to="InsuranceRiskOfNonLifeInsuranceBusinessMinimumCapitalForTyphoonAndFloodCatastropheRiskOfPropertyInsuranceOfProportionalReinsuranceBusiness" xlink:title="presentation: InsuranceRiskOfNonLifeInsuranceBusinessMinimumCapitalForCatastropheRiskOfProportionalReinsuranceBusiness to InsuranceRiskOfNonLifeInsuranceBusinessMinimumCapitalForTyphoonAndFloodCatastropheRiskOfPropertyInsuranceOfProportionalReinsuranceBusiness" use="optional" order="20.0" preferredLabel="http://www.xbrl.org/2003/role/terseLabel"/>
    <link:loc xlink:type="locator" xlink:href="../../c-ross_core_2015-12-31.xsd#c-ross_InsuranceRiskOfNonLifeInsuranceBusinessMinimumCapitalForEarthquakeCatastropheRiskOfProportionalReinsuranceBusiness" xlink:label="InsuranceRiskOfNonLifeInsuranceBusinessMinimumCapitalForEarthquakeCatastropheRiskOfProportionalReinsuranceBusiness" xlink:title="InsuranceRiskOfNonLifeInsuranceBusinessMinimumCapitalForEarthquakeCatastropheRiskOfProportionalReinsuranceBusiness"/>
    <link:presentationArc xlink:type="arc" xlink:arcrole="http://www.xbrl.org/2003/arcrole/parent-child" xlink:from="InsuranceRiskOfNonLifeInsuranceBusinessMinimumCapitalForCatastropheRiskOfProportionalReinsuranceBusiness" xlink:to="InsuranceRiskOfNonLifeInsuranceBusinessMinimumCapitalForEarthquakeCatastropheRiskOfProportionalReinsuranceBusiness" xlink:title="presentation: InsuranceRiskOfNonLifeInsuranceBusinessMinimumCapitalForCatastropheRiskOfProportionalReinsuranceBusiness to InsuranceRiskOfNonLifeInsuranceBusinessMinimumCapitalForEarthquakeCatastropheRiskOfProportionalReinsuranceBusiness" use="optional" order="30.0" preferredLabel="http://www.xbrl.org/2003/role/terseLabel"/>
    <link:loc xlink:type="locator" xlink:href="../../c-ross_core_2015-12-31.xsd#c-ross_InsuranceRiskOfNonLifeInsuranceBusinessMinimumCapitalForCatastropheRiskOfAgricultureInsuranceOfProportionalReinsuranceBusiness" xlink:label="InsuranceRiskOfNonLifeInsuranceBusinessMinimumCapitalForCatastropheRiskOfAgricultureInsuranceOfProportionalReinsuranceBusiness" xlink:title="InsuranceRiskOfNonLifeInsuranceBusinessMinimumCapitalForCatastropheRiskOfAgricultureInsuranceOfProportionalReinsuranceBusiness"/>
    <link:presentationArc xlink:type="arc" xlink:arcrole="http://www.xbrl.org/2003/arcrole/parent-child" xlink:from="InsuranceRiskOfNonLifeInsuranceBusinessMinimumCapitalForCatastropheRiskOfProportionalReinsuranceBusiness" xlink:to="InsuranceRiskOfNonLifeInsuranceBusinessMinimumCapitalForCatastropheRiskOfAgricultureInsuranceOfProportionalReinsuranceBusiness" xlink:title="presentation: InsuranceRiskOfNonLifeInsuranceBusinessMinimumCapitalForCatastropheRiskOfProportionalReinsuranceBusiness to InsuranceRiskOfNonLifeInsuranceBusinessMinimumCapitalForCatastropheRiskOfAgricultureInsuranceOfProportionalReinsuranceBusiness" use="optional" order="40.0" preferredLabel="http://www.xbrl.org/2003/role/terseLabel"/>
    <link:loc xlink:type="locator" xlink:href="../../c-ross_core_2015-12-31.xsd#c-ross_InsuranceRiskOfNonLifeInsuranceBusinessDiversificationEffectOfCatastropheRiskOfProportionalReinsuranceBusiness" xlink:label="InsuranceRiskOfNonLifeInsuranceBusinessDiversificationEffectOfCatastropheRiskOfProportionalReinsuranceBusiness" xlink:title="InsuranceRiskOfNonLifeInsuranceBusinessDiversificationEffectOfCatastropheRiskOfProportionalReinsuranceBusiness"/>
    <link:presentationArc xlink:type="arc" xlink:arcrole="http://www.xbrl.org/2003/arcrole/parent-child" xlink:from="InsuranceRiskOfNonLifeInsuranceBusinessMinimumCapitalForCatastropheRiskOfProportionalReinsuranceBusiness" xlink:to="InsuranceRiskOfNonLifeInsuranceBusinessDiversificationEffectOfCatastropheRiskOfProportionalReinsuranceBusiness" xlink:title="presentation: InsuranceRiskOfNonLifeInsuranceBusinessMinimumCapitalForCatastropheRiskOfProportionalReinsuranceBusiness to InsuranceRiskOfNonLifeInsuranceBusinessDiversificationEffectOfCatastropheRiskOfProportionalReinsuranceBusiness" order="50.0" preferredLabel="http://www.xbrl.org/2003/role/terseLabel"/>
    <link:loc xlink:type="locator" xlink:href="../../c-ross_core_2015-12-31.xsd#c-ross_InsuranceRiskOfNonLifeInsuranceBusinessMinimumCapitalForCatastropheRiskOfNonProportionalReinsuranceBusiness" xlink:label="InsuranceRiskOfNonProportionalReinsuranceBusinessMinimumCapitalForCatastropheRisk" xlink:title="InsuranceRiskOfNonProportionalReinsuranceBusinessMinimumCapitalForCatastropheRisk"/>
    <link:presentationArc xlink:type="arc" xlink:arcrole="http://www.xbrl.org/2003/arcrole/parent-child" xlink:from="InsuranceRiskOfNonLifeReinsuranceBusinessOfReinsuranceCompanyCatastropheRiskAbstract" xlink:to="InsuranceRiskOfNonProportionalReinsuranceBusinessMinimumCapitalForCatastropheRisk" xlink:title="presentation: InsuranceRiskOfNonLifeReinsuranceBusinessOfReinsuranceCompanyCatastropheRiskAbstract to InsuranceRiskOfNonProportionalReinsuranceBusinessMinimumCapitalForCatastropheRisk" use="optional" order="20.0" preferredLabel="http://www.xbrl.org/2003/role/terseLabel"/>
    <link:loc xlink:type="locator" xlink:href="../../c-ross_core_2015-12-31.xsd#c-ross_InsuranceRiskOfNonLifeInsuranceBusinessDiversificationEffectOfCatastropheRisk" xlink:label="InsuranceRiskOfNonLifeInsuranceBusinessDiversificationEffectOfCatastropheRisk" xlink:title="InsuranceRiskOfNonLifeInsuranceBusinessDiversificationEffectOfCatastropheRisk"/>
    <link:presentationArc xlink:type="arc" xlink:arcrole="http://www.xbrl.org/2003/arcrole/parent-child" xlink:from="InsuranceRiskOfNonLifeReinsuranceBusinessOfReinsuranceCompanyCatastropheRiskAbstract" xlink:to="InsuranceRiskOfNonLifeInsuranceBusinessDiversificationEffectOfCatastropheRisk" xlink:title="presentation: InsuranceRiskOfNonLifeReinsuranceBusinessOfReinsuranceCompanyCatastropheRiskAbstract to InsuranceRiskOfNonLifeInsuranceBusinessDiversificationEffectOfCatastropheRisk" use="optional" order="30.0" preferredLabel="http://www.xbrl.org/2003/role/verboseLabel"/>
    <link:loc xlink:type="locator" xlink:href="../../c-ross_core_2015-12-31.xsd#c-ross_InsuranceRiskOfNonLifeInsuranceBusinessMinimumCapitalForCatastropheRisk" xlink:label="InsuranceRiskOfNonLifeInsuranceBusinessMinimumCapitalForCatastropheRisk" xlink:title="InsuranceRiskOfNonLifeInsuranceBusinessMinimumCapitalForCatastropheRisk"/>
    <link:presentationArc xlink:type="arc" xlink:arcrole="http://www.xbrl.org/2003/arcrole/parent-child" xlink:from="InsuranceRiskOfNonLifeReinsuranceBusinessOfReinsuranceCompanyCatastropheRiskAbstract" xlink:to="InsuranceRiskOfNonLifeInsuranceBusinessMinimumCapitalForCatastropheRisk" xlink:title="presentation: InsuranceRiskOfNonLifeReinsuranceBusinessOfReinsuranceCompanyCatastropheRiskAbstract to InsuranceRiskOfNonLifeInsuranceBusinessMinimumCapitalForCatastropheRisk" use="optional" order="40.0" preferredLabel="http://www.xbrl.org/2003/role/totalLabel"/>
  </link:presentationLink>
</link:linkbase>
