<?xml version="1.0" encoding="UTF-8"?>

<!--Taxonomy: 2015-12-31 (Draft)
	**********************
	Copyright © 2015 China Insurance Regulatory Commission.
	All rights reserved.  No part of this publication may be translated, reprinted or reproduced or utilised in any form either in whole or in part without prior permission in writing from China Insurance Regulatory Commission.
	  **********************-->
<link:linkbase xmlns:xsi="http://www.w3.org/2001/XMLSchema-instance" xsi:schemaLocation="http://www.xbrl.org/2003/linkbase http://www.xbrl.org/2003/xbrl-linkbase-2003-12-31.xsd http://xbrl.org/2008/label http://www.xbrl.org/2008/generic-label.xsd http://xbrl.org/2008/generic http://www.xbrl.org/2008/generic-link.xsd http://www.w3.org/1999/xlink http://www.xbrl.org/2003/xlink-2003-12-31.xsd" xmlns:irr_full_entry_point="http://xbrl.circ.gov.cn/taxonomy/2015-12-31/c-ross/irr_full_entry_point" xmlns:link="http://www.xbrl.org/2003/linkbase" xmlns:gen="http://xbrl.org/2008/generic" xmlns:irr_pc_bra_entry_point="http://xbrl.circ.gov.cn/taxonomy/2015-12-31/c-ross_irr/irr_pc_bra_entry_point" xmlns:irr_life_com_entry_point="http://xbrl.circ.gov.cn/taxonomy/2015-12-31/c-ross_irr/irr_life_com_entry_point" xmlns:irr_re_com_entry_point="http://xbrl.circ.gov.cn/taxonomy/2015-12-31/c-ross_irr/irr_re_com_entry_point" xmlns:label="http://xbrl.org/2008/label" xmlns:irr_life_bra_entry_point="http://xbrl.circ.gov.cn/taxonomy/2015-12-31/c-ross/irr_life_bra_entry_point" xmlns:q_s_pc_entry_point="http://xbrl.circ.gov.cn/taxonomy/2015-12-31/c-ross/q_s_pc_entry_point" xmlns:irr_re_bra_entry_point="http://xbrl.circ.gov.cn/taxonomy/2015-12-31/c-ross_irr/irr_re_bra_entry_point" xmlns:irr_reg_com_entry_point="http://xbrl.circ.gov.cn/taxonomy/2015-12-31/c-ross_irr/irr_reg_com_entry_point" xmlns:irr_pc_com_entry_point="http://xbrl.circ.gov.cn/taxonomy/2015-12-31/c-ross_irr/irr_p&amp;c_com_entry_point" xmlns:c-ross="http://xbrl.circ.gov.cn/taxonomy/2015-12-31/c-ross" xmlns:xlink="http://www.w3.org/1999/xlink" xmlns:irr_reg_bur_entry_point="http://xbrl.circ.gov.cn/taxonomy/2015-12-31/c-ross_irr/irr_reg_bur_entry_point">
  <link:roleRef roleURI="http://www.xbrl.org/2008/role/label" xlink:type="simple" xlink:href="http://www.xbrl.org/2008/generic-label.xsd#standard-label"/>
  <link:roleRef roleURI="http://www.xbrl.org/2008/role/link" xlink:type="simple" xlink:href="http://www.xbrl.org/2008/generic-link.xsd#standard-link-role"/>
  <link:arcroleRef arcroleURI="http://xbrl.org/arcrole/2008/element-label" xlink:type="simple" xlink:href="http://www.xbrl.org/2008/generic-label.xsd#element-label"/>
  <gen:link xlink:type="extended" xlink:role="http://www.xbrl.org/2008/role/link">
    <link:loc xlink:type="locator" xlink:href="rol_c-ross_10_2015-12-31.xsd#c-ross_irr_2015-12-31-3300000" xlink:label="roleType1" xlink:title="roleType1"/>
    <label:label xlink:type="resource" xlink:label="label1" xlink:role="http://www.xbrl.org/2008/role/label" xlink:title="label1" xml:lang="zh">保险公司风险综合评级封面信息</label:label>
    <gen:arc xlink:type="arc" xlink:arcrole="http://xbrl.org/arcrole/2008/element-label" xlink:from="roleType1" xlink:to="label1" xlink:title="gen: roleType1 to label1" order="10.0"/>
    <link:loc xlink:type="locator" xlink:href="rol_c-ross_10_2015-12-31.xsd#c-ross_irr_2015-12-31-3300100" xlink:label="roleType2" xlink:title="roleType2"/>
    <label:label xlink:type="resource" xlink:label="label2" xlink:role="http://www.xbrl.org/2008/role/label" xlink:title="label2" xml:lang="zh">保险公司分支机构风险综合评级封面信息</label:label>
    <gen:arc xlink:type="arc" xlink:arcrole="http://xbrl.org/arcrole/2008/element-label" xlink:from="roleType2" xlink:to="label2" xlink:title="gen: roleType2 to label2" order="10.0"/>
    <link:loc xlink:type="locator" xlink:href="rol_c-ross_10_2015-12-31.xsd#c-ross_irr_2015-12-31-3310000" xlink:label="roleType3" xlink:title="roleType3"/>
    <label:label xlink:type="resource" xlink:label="label3" xlink:role="http://www.xbrl.org/2008/role/label" xlink:title="label3" xml:lang="zh">保险公司风险综合评级汇总结果</label:label>
    <gen:arc xlink:type="arc" xlink:arcrole="http://xbrl.org/arcrole/2008/element-label" xlink:from="roleType3" xlink:to="label3" xlink:title="gen: roleType3 to label3" order="10.0"/>
    <link:loc xlink:type="locator" xlink:href="rol_c-ross_10_2015-12-31.xsd#c-ross_irr_2015-12-31-3320111" xlink:label="roleType4" xlink:title="roleType4"/>
    <label:label xlink:type="resource" xlink:label="label4" xlink:role="http://www.xbrl.org/2008/role/label" xlink:title="label4" xml:lang="zh">OR01-财产保险公司销售、承保、保全业务线的操作风险</label:label>
    <gen:arc xlink:type="arc" xlink:arcrole="http://xbrl.org/arcrole/2008/element-label" xlink:from="roleType4" xlink:to="label4" xlink:title="gen: roleType4 to label4" order="10.0"/>
    <link:loc xlink:type="locator" xlink:href="rol_c-ross_10_2015-12-31.xsd#c-ross_irr_2015-12-31-3320111a" xlink:label="roleType5" xlink:title="roleType5"/>
    <label:label xlink:type="resource" xlink:label="label5" xlink:role="http://www.xbrl.org/2008/role/label" xlink:title="label5" xml:lang="zh">OR01-财产保险公司销售、承保、保全业务线的操作风险，行业数据</label:label>
    <gen:arc xlink:type="arc" xlink:arcrole="http://xbrl.org/arcrole/2008/element-label" xlink:from="roleType5" xlink:to="label5" xlink:title="gen: roleType5 to label5" order="10.0"/>
    <link:loc xlink:type="locator" xlink:href="rol_c-ross_10_2015-12-31.xsd#c-ross_irr_2015-12-31-3320212" xlink:label="roleType6" xlink:title="roleType6"/>
    <label:label xlink:type="resource" xlink:label="label6" xlink:role="http://www.xbrl.org/2008/role/label" xlink:title="label6" xml:lang="zh">OR02-人身保险公司销售、承保业务线的操作风险</label:label>
    <gen:arc xlink:type="arc" xlink:arcrole="http://xbrl.org/arcrole/2008/element-label" xlink:from="roleType6" xlink:to="label6" xlink:title="gen: roleType6 to label6" order="10.0"/>
    <link:loc xlink:type="locator" xlink:href="rol_c-ross_10_2015-12-31.xsd#c-ross_irr_2015-12-31-3320212a" xlink:label="roleType7" xlink:title="roleType7"/>
    <label:label xlink:type="resource" xlink:label="label7" xlink:role="http://www.xbrl.org/2008/role/label" xlink:title="label7" xml:lang="zh">OR02-人身保险公司销售、承保业务线的操作风险，行业数据</label:label>
    <gen:arc xlink:type="arc" xlink:arcrole="http://xbrl.org/arcrole/2008/element-label" xlink:from="roleType7" xlink:to="label7" xlink:title="gen: roleType7 to label7" order="10.0"/>
    <link:loc xlink:type="locator" xlink:href="rol_c-ross_10_2015-12-31.xsd#c-ross_irr_2015-12-31-3320311" xlink:label="roleType8" xlink:title="roleType8"/>
    <label:label xlink:type="resource" xlink:label="label8" xlink:role="http://www.xbrl.org/2008/role/label" xlink:title="label8" xml:lang="zh">OR03-财产保险公司分支机构销售、承保、保全业务线操作风险</label:label>
    <gen:arc xlink:type="arc" xlink:arcrole="http://xbrl.org/arcrole/2008/element-label" xlink:from="roleType8" xlink:to="label8" xlink:title="gen: roleType8 to label8" order="10.0"/>
    <link:loc xlink:type="locator" xlink:href="rol_c-ross_10_2015-12-31.xsd#c-ross_irr_2015-12-31-3320311a" xlink:label="roleType9" xlink:title="roleType9"/>
    <label:label xlink:type="resource" xlink:label="label9" xlink:role="http://www.xbrl.org/2008/role/label" xlink:title="label9" xml:lang="zh">OR03-财产保险公司分支机构销售、承保、保全业务线操作风险，行业数据</label:label>
    <gen:arc xlink:type="arc" xlink:arcrole="http://xbrl.org/arcrole/2008/element-label" xlink:from="roleType9" xlink:to="label9" xlink:title="gen: roleType9 to label9" order="10.0"/>
    <link:loc xlink:type="locator" xlink:href="rol_c-ross_10_2015-12-31.xsd#c-ross_irr_2015-12-31-3320412" xlink:label="roleType10" xlink:title="roleType10"/>
    <label:label xlink:type="resource" xlink:label="label10" xlink:role="http://www.xbrl.org/2008/role/label" xlink:title="label10" xml:lang="zh">OR04-人身保险公司分支机构销售、承保、保全业务线操作风险</label:label>
    <gen:arc xlink:type="arc" xlink:arcrole="http://xbrl.org/arcrole/2008/element-label" xlink:from="roleType10" xlink:to="label10" xlink:title="gen: roleType10 to label10" order="10.0"/>
    <link:loc xlink:type="locator" xlink:href="rol_c-ross_10_2015-12-31.xsd#c-ross_irr_2015-12-31-3320412a" xlink:label="roleType11" xlink:title="roleType11"/>
    <label:label xlink:type="resource" xlink:label="label11" xlink:role="http://www.xbrl.org/2008/role/label" xlink:title="label11" xml:lang="zh">OR04-人身保险公司分支机构销售、承保、保全业务线操作风险，行业数据</label:label>
    <gen:arc xlink:type="arc" xlink:arcrole="http://xbrl.org/arcrole/2008/element-label" xlink:from="roleType11" xlink:to="label11" xlink:title="gen: roleType11 to label11" order="10.0"/>
    <link:loc xlink:type="locator" xlink:href="rol_c-ross_10_2015-12-31.xsd#c-ross_irr_2015-12-31-3320511" xlink:label="roleType12" xlink:title="roleType12"/>
    <label:label xlink:type="resource" xlink:label="label12" xlink:role="http://www.xbrl.org/2008/role/label" xlink:title="label12" xml:lang="zh">OR05-财产保险公司理赔业务线操作风险</label:label>
    <gen:arc xlink:type="arc" xlink:arcrole="http://xbrl.org/arcrole/2008/element-label" xlink:from="roleType12" xlink:to="label12" xlink:title="gen: roleType12 to label12" order="10.0"/>
    <link:loc xlink:type="locator" xlink:href="rol_c-ross_10_2015-12-31.xsd#c-ross_irr_2015-12-31-3320511a" xlink:label="roleType13" xlink:title="roleType13"/>
    <label:label xlink:type="resource" xlink:label="label13" xlink:role="http://www.xbrl.org/2008/role/label" xlink:title="label13" xml:lang="zh">OR05-财产保险公司理赔业务线操作风险，行业数据</label:label>
    <gen:arc xlink:type="arc" xlink:arcrole="http://xbrl.org/arcrole/2008/element-label" xlink:from="roleType13" xlink:to="label13" xlink:title="gen: roleType13 to label13" order="10.0"/>
    <link:loc xlink:type="locator" xlink:href="rol_c-ross_10_2015-12-31.xsd#c-ross_irr_2015-12-31-3320612" xlink:label="roleType14" xlink:title="roleType14"/>
    <label:label xlink:type="resource" xlink:label="label14" xlink:role="http://www.xbrl.org/2008/role/label" xlink:title="label14" xml:lang="zh">OR06-人身保险公司理赔、保全业务线的操作风险</label:label>
    <gen:arc xlink:type="arc" xlink:arcrole="http://xbrl.org/arcrole/2008/element-label" xlink:from="roleType14" xlink:to="label14" xlink:title="gen: roleType14 to label14" order="10.0"/>
    <link:loc xlink:type="locator" xlink:href="rol_c-ross_10_2015-12-31.xsd#c-ross_irr_2015-12-31-3320612a" xlink:label="roleType15" xlink:title="roleType15"/>
    <label:label xlink:type="resource" xlink:label="label15" xlink:role="http://www.xbrl.org/2008/role/label" xlink:title="label15" xml:lang="zh">OR06-人身保险公司理赔、保全业务线的操作风险，行业数据</label:label>
    <gen:arc xlink:type="arc" xlink:arcrole="http://xbrl.org/arcrole/2008/element-label" xlink:from="roleType15" xlink:to="label15" xlink:title="gen: roleType15 to label15" order="10.0"/>
    <link:loc xlink:type="locator" xlink:href="rol_c-ross_10_2015-12-31.xsd#c-ross_irr_2015-12-31-3320711" xlink:label="roleType16" xlink:title="roleType16"/>
    <label:label xlink:type="resource" xlink:label="label16" xlink:role="http://www.xbrl.org/2008/role/label" xlink:title="label16" xml:lang="zh">OR07-财产保险公司分支机构理赔业务线操作风险</label:label>
    <gen:arc xlink:type="arc" xlink:arcrole="http://xbrl.org/arcrole/2008/element-label" xlink:from="roleType16" xlink:to="label16" xlink:title="gen: roleType16 to label16" order="10.0"/>
    <link:loc xlink:type="locator" xlink:href="rol_c-ross_10_2015-12-31.xsd#c-ross_irr_2015-12-31-3320711a" xlink:label="roleType17" xlink:title="roleType17"/>
    <label:label xlink:type="resource" xlink:label="label17" xlink:role="http://www.xbrl.org/2008/role/label" xlink:title="label17" xml:lang="zh">OR07-财产保险公司分支机构理赔业务线操作风险，行业数据</label:label>
    <gen:arc xlink:type="arc" xlink:arcrole="http://xbrl.org/arcrole/2008/element-label" xlink:from="roleType17" xlink:to="label17" xlink:title="gen: roleType17 to label17" order="10.0"/>
    <link:loc xlink:type="locator" xlink:href="rol_c-ross_10_2015-12-31.xsd#c-ross_irr_2015-12-31-3320812" xlink:label="roleType18" xlink:title="roleType18"/>
    <label:label xlink:type="resource" xlink:label="label18" xlink:role="http://www.xbrl.org/2008/role/label" xlink:title="label18" xml:lang="zh">OR08-人身保险公司分支机构理赔业务线操作风险</label:label>
    <gen:arc xlink:type="arc" xlink:arcrole="http://xbrl.org/arcrole/2008/element-label" xlink:from="roleType18" xlink:to="label18" xlink:title="gen: roleType18 to label18" order="10.0"/>
    <link:loc xlink:type="locator" xlink:href="rol_c-ross_10_2015-12-31.xsd#c-ross_irr_2015-12-31-3320812a" xlink:label="roleType19" xlink:title="roleType19"/>
    <label:label xlink:type="resource" xlink:label="label19" xlink:role="http://www.xbrl.org/2008/role/label" xlink:title="label19" xml:lang="zh">OR08-人身保险公司分支机构理赔业务线操作风险，行业数据</label:label>
    <gen:arc xlink:type="arc" xlink:arcrole="http://xbrl.org/arcrole/2008/element-label" xlink:from="roleType19" xlink:to="label19" xlink:title="gen: roleType19 to label19" order="10.0"/>
    <link:loc xlink:type="locator" xlink:href="rol_c-ross_10_2015-12-31.xsd#c-ross_irr_2015-12-31-3320911" xlink:label="roleType20" xlink:title="roleType20"/>
    <label:label xlink:type="resource" xlink:label="label20" xlink:role="http://www.xbrl.org/2008/role/label" xlink:title="label20" xml:lang="zh">OR09-财产保险公司再保险业务操作风险</label:label>
    <gen:arc xlink:type="arc" xlink:arcrole="http://xbrl.org/arcrole/2008/element-label" xlink:from="roleType20" xlink:to="label20" xlink:title="gen: roleType20 to label20" order="10.0"/>
    <link:loc xlink:type="locator" xlink:href="rol_c-ross_10_2015-12-31.xsd#c-ross_irr_2015-12-31-3320911a" xlink:label="roleType21" xlink:title="roleType21"/>
    <label:label xlink:type="resource" xlink:label="label21" xlink:role="http://www.xbrl.org/2008/role/label" xlink:title="label21" xml:lang="zh">OR09-财产保险公司再保险业务操作风险，行业数据</label:label>
    <gen:arc xlink:type="arc" xlink:arcrole="http://xbrl.org/arcrole/2008/element-label" xlink:from="roleType21" xlink:to="label21" xlink:title="gen: roleType21 to label21" order="10.0"/>
    <link:loc xlink:type="locator" xlink:href="rol_c-ross_10_2015-12-31.xsd#c-ross_irr_2015-12-31-3321000" xlink:label="roleType22" xlink:title="roleType22"/>
    <label:label xlink:type="resource" xlink:label="label22" xlink:role="http://www.xbrl.org/2008/role/label" xlink:title="label22" xml:lang="zh">OR10-保险公司资金运用业务线操作风险</label:label>
    <gen:arc xlink:type="arc" xlink:arcrole="http://xbrl.org/arcrole/2008/element-label" xlink:from="roleType22" xlink:to="label22" xlink:title="gen: roleType22 to label22" order="10.0"/>
    <link:loc xlink:type="locator" xlink:href="rol_c-ross_10_2015-12-31.xsd#c-ross_irr_2015-12-31-3321000a" xlink:label="roleType23" xlink:title="roleType23"/>
    <label:label xlink:type="resource" xlink:label="label23" xlink:role="http://www.xbrl.org/2008/role/label" xlink:title="label23" xml:lang="zh">OR10-保险公司资金运用业务线操作风险，行业数据</label:label>
    <gen:arc xlink:type="arc" xlink:arcrole="http://xbrl.org/arcrole/2008/element-label" xlink:from="roleType23" xlink:to="label23" xlink:title="gen: roleType23 to label23" order="10.0"/>
    <link:loc xlink:type="locator" xlink:href="rol_c-ross_10_2015-12-31.xsd#c-ross_irr_2015-12-31-3321200" xlink:label="roleType24" xlink:title="roleType24"/>
    <label:label xlink:type="resource" xlink:label="label24" xlink:role="http://www.xbrl.org/2008/role/label" xlink:title="label24" xml:lang="zh">OR12-保险公司财务管理操作风险</label:label>
    <gen:arc xlink:type="arc" xlink:arcrole="http://xbrl.org/arcrole/2008/element-label" xlink:from="roleType24" xlink:to="label24" xlink:title="gen: roleType24 to label24" order="10.0"/>
    <link:loc xlink:type="locator" xlink:href="rol_c-ross_10_2015-12-31.xsd#c-ross_irr_2015-12-31-3321200a" xlink:label="roleType25" xlink:title="roleType25"/>
    <label:label xlink:type="resource" xlink:label="label25" xlink:role="http://www.xbrl.org/2008/role/label" xlink:title="label25" xml:lang="zh">OR12-保险公司财务管理操作风险，行业数据</label:label>
    <gen:arc xlink:type="arc" xlink:arcrole="http://xbrl.org/arcrole/2008/element-label" xlink:from="roleType25" xlink:to="label25" xlink:title="gen: roleType25 to label25" order="10.0"/>
    <link:loc xlink:type="locator" xlink:href="rol_c-ross_10_2015-12-31.xsd#c-ross_irr_2015-12-31-3321300" xlink:label="roleType26" xlink:title="roleType26"/>
    <label:label xlink:type="resource" xlink:label="label26" xlink:role="http://www.xbrl.org/2008/role/label" xlink:title="label26" xml:lang="zh">OR13-保险分支机构财务管理操作风险</label:label>
    <gen:arc xlink:type="arc" xlink:arcrole="http://xbrl.org/arcrole/2008/element-label" xlink:from="roleType26" xlink:to="label26" xlink:title="gen: roleType26 to label26" order="10.0"/>
    <link:loc xlink:type="locator" xlink:href="rol_c-ross_10_2015-12-31.xsd#c-ross_irr_2015-12-31-3321300a" xlink:label="roleType27" xlink:title="roleType27"/>
    <label:label xlink:type="resource" xlink:label="label27" xlink:role="http://www.xbrl.org/2008/role/label" xlink:title="label27" xml:lang="zh">OR13-保险分支机构财务管理操作风险，行业数据</label:label>
    <gen:arc xlink:type="arc" xlink:arcrole="http://xbrl.org/arcrole/2008/element-label" xlink:from="roleType27" xlink:to="label27" xlink:title="gen: roleType27 to label27" order="10.0"/>
    <link:loc xlink:type="locator" xlink:href="rol_c-ross_10_2015-12-31.xsd#c-ross_irr_2015-12-31-3321411" xlink:label="roleType28" xlink:title="roleType28"/>
    <label:label xlink:type="resource" xlink:label="label28" xlink:role="http://www.xbrl.org/2008/role/label" xlink:title="label28" xml:lang="zh">OR14-财产保险公司准备金管理操作风险</label:label>
    <gen:arc xlink:type="arc" xlink:arcrole="http://xbrl.org/arcrole/2008/element-label" xlink:from="roleType28" xlink:to="label28" xlink:title="gen: roleType28 to label28" order="10.0"/>
    <link:loc xlink:type="locator" xlink:href="rol_c-ross_10_2015-12-31.xsd#c-ross_irr_2015-12-31-3321411a" xlink:label="roleType29" xlink:title="roleType29"/>
    <label:label xlink:type="resource" xlink:label="label29" xlink:role="http://www.xbrl.org/2008/role/label" xlink:title="label29" xml:lang="zh">OR14-财产保险公司准备金管理操作风险，行业数据</label:label>
    <gen:arc xlink:type="arc" xlink:arcrole="http://xbrl.org/arcrole/2008/element-label" xlink:from="roleType29" xlink:to="label29" xlink:title="gen: roleType29 to label29" order="10.0"/>
    <link:loc xlink:type="locator" xlink:href="rol_c-ross_10_2015-12-31.xsd#c-ross_irr_2015-12-31-3321512" xlink:label="roleType30" xlink:title="roleType30"/>
    <label:label xlink:type="resource" xlink:label="label30" xlink:role="http://www.xbrl.org/2008/role/label" xlink:title="label30" xml:lang="zh">OR15-人身保险公司准备金、再保险业务线操作风险</label:label>
    <gen:arc xlink:type="arc" xlink:arcrole="http://xbrl.org/arcrole/2008/element-label" xlink:from="roleType30" xlink:to="label30" xlink:title="gen: roleType30 to label30" order="10.0"/>
    <link:loc xlink:type="locator" xlink:href="rol_c-ross_10_2015-12-31.xsd#c-ross_irr_2015-12-31-3321512a" xlink:label="roleType31" xlink:title="roleType31"/>
    <label:label xlink:type="resource" xlink:label="label31" xlink:role="http://www.xbrl.org/2008/role/label" xlink:title="label31" xml:lang="zh">OR15-人身保险公司准备金、再保险业务线操作风险，行业数据</label:label>
    <gen:arc xlink:type="arc" xlink:arcrole="http://xbrl.org/arcrole/2008/element-label" xlink:from="roleType31" xlink:to="label31" xlink:title="gen: roleType31 to label31" order="10.0"/>
    <link:loc xlink:type="locator" xlink:href="rol_c-ross_10_2015-12-31.xsd#c-ross_irr_2015-12-31-3321800" xlink:label="roleType32" xlink:title="roleType32"/>
    <label:label xlink:type="resource" xlink:label="label32" xlink:role="http://www.xbrl.org/2008/role/label" xlink:title="label32" xml:lang="zh">OR18-保险公司合规风险</label:label>
    <gen:arc xlink:type="arc" xlink:arcrole="http://xbrl.org/arcrole/2008/element-label" xlink:from="roleType32" xlink:to="label32" xlink:title="gen: roleType32 to label32" order="10.0"/>
    <link:loc xlink:type="locator" xlink:href="rol_c-ross_10_2015-12-31.xsd#c-ross_irr_2015-12-31-3321800b" xlink:label="roleType33" xlink:title="roleType33"/>
    <label:label xlink:type="resource" xlink:label="label33" xlink:role="http://www.xbrl.org/2008/role/label" xlink:title="label33" xml:lang="zh">OR18-保险公司合规风险，保监局</label:label>
    <gen:arc xlink:type="arc" xlink:arcrole="http://xbrl.org/arcrole/2008/element-label" xlink:from="roleType33" xlink:to="label33" xlink:title="gen: roleType33 to label33" order="10.0"/>
    <link:loc xlink:type="locator" xlink:href="rol_c-ross_10_2015-12-31.xsd#c-ross_irr_2015-12-31-3340000" xlink:label="roleType34" xlink:title="roleType34"/>
    <label:label xlink:type="resource" xlink:label="label34" xlink:role="http://www.xbrl.org/2008/role/label" xlink:title="label34" xml:lang="zh">RR01-保险公司声誉风险</label:label>
    <gen:arc xlink:type="arc" xlink:arcrole="http://xbrl.org/arcrole/2008/element-label" xlink:from="roleType34" xlink:to="label34" xlink:title="gen: roleType34 to label34" order="10.0"/>
    <link:loc xlink:type="locator" xlink:href="rol_c-ross_10_2015-12-31.xsd#c-ross_irr_2015-12-31-3350111" xlink:label="roleType35" xlink:title="roleType35"/>
    <label:label xlink:type="resource" xlink:label="label35" xlink:role="http://www.xbrl.org/2008/role/label" xlink:title="label35" xml:lang="zh">LR01财产险和再保险公司流动性风险</label:label>
    <gen:arc xlink:type="arc" xlink:arcrole="http://xbrl.org/arcrole/2008/element-label" xlink:from="roleType35" xlink:to="label35" xlink:title="gen: roleType35 to label35" order="10.0"/>
    <link:loc xlink:type="locator" xlink:href="rol_c-ross_10_2015-12-31.xsd#c-ross_irr_2015-12-31-3350212" xlink:label="roleType36" xlink:title="roleType36"/>
    <label:label xlink:type="resource" xlink:label="label36" xlink:role="http://www.xbrl.org/2008/role/label" xlink:title="label36" xml:lang="zh">LR02-人身保险公司流动性风险</label:label>
    <gen:arc xlink:type="arc" xlink:arcrole="http://xbrl.org/arcrole/2008/element-label" xlink:from="roleType36" xlink:to="label36" xlink:title="gen: roleType36 to label36" order="10.0"/>
    <link:loc xlink:type="locator" xlink:href="rol_c-ross_10_2015-12-31.xsd#c-ross_irr_2015-12-31-3321800a" xlink:label="roleType37" xlink:title="roleType37"/>
    <label:label xlink:type="resource" xlink:label="label37" xlink:role="http://www.xbrl.org/2008/role/label" xlink:title="label37" xml:lang="zh">OR18-保险公司合规风险，行业数据</label:label>
    <gen:arc xlink:type="arc" xlink:arcrole="http://xbrl.org/arcrole/2008/element-label" xlink:from="roleType37" xlink:to="label37" xlink:title="gen: roleType37 to label37" order="10.0"/>
  </gen:link>
</link:linkbase>
