<?xml version="1.0" encoding="UTF-8"?>

<!--Taxonomy: 2015-12-31 (Draft)
	**********************
	Copyright © 2015 China Insurance Regulatory Commission.
	All rights reserved.  No part of this publication may be translated, reprinted or reproduced or utilised in any form either in whole or in part without prior permission in writing from China Insurance Regulatory Commission.
	  **********************-->
<link:linkbase xmlns:xsi="http://www.w3.org/2001/XMLSchema-instance" xsi:schemaLocation="http://www.xbrl.org/2003/linkbase http://www.xbrl.org/2003/xbrl-linkbase-2003-12-31.xsd" xmlns:full_entry_point="http://xbrl.circ.gov.cn/taxonomy/2015-12-31/c-ross_irr/full_entry_point" xmlns:irr_full_entry_point="http://xbrl.circ.gov.cn/taxonomy/2015-12-31/c-ross/irr_full_entry_point" xmlns:link="http://www.xbrl.org/2003/linkbase" xmlns:irr_re_com_entry_point="http://xbrl.circ.gov.cn/taxonomy/2015-12-31/c-ross_irr/irr_re_com_entry_point" xmlns:xbrli="http://www.xbrl.org/2003/instance" xmlns:irr_reg_com_entry_point="http://xbrl.circ.gov.cn/taxonomy/2015-12-31/c-ross_irr/irr_reg_com_entry_point" xmlns:irr_pc_com_entry_point="http://xbrl.circ.gov.cn/taxonomy/2015-12-31/c-ross_irr/irr_p&amp;c_com_entry_point" xmlns:xlink="http://www.w3.org/1999/xlink">
  <link:roleRef roleURI="http://xbrl.circ.gov.cn/role/c-ross_irr_2015-12-31_role-3350111" xlink:type="simple" xlink:href="rol_c-ross_10_2015-12-31.xsd#c-ross_irr_2015-12-31-3350111"/>
  <link:presentationLink xlink:type="extended" xlink:role="http://xbrl.circ.gov.cn/role/c-ross_irr_2015-12-31_role-3350111">
    <link:loc xlink:type="locator" xlink:href="../../c-ross_irr_core_2015-12-31.xsd#c-ross_irr_LiquidityRiskForPropertyAndReinsuranceCompanyAbstract" xlink:label="LiquidityRiskForPropertyAndReinsuranceCompaniesAbstract" xlink:title="LiquidityRiskForPropertyAndReinsuranceCompaniesAbstract"/>
    <link:loc xlink:type="locator" xlink:href="../../c-ross_irr_core_2015-12-31.xsd#c-ross_irr_LiquidityRiskForPropertyAndReinsuranceCompanySupervisionIndicatorsForLiquidityRiskScore" xlink:label="SupervisionIndicatorsForLiquidityRiskScoreLiquidityRiskForPropertyAndReinsuranceCompanies" xlink:title="SupervisionIndicatorsForLiquidityRiskScoreLiquidityRiskForPropertyAndReinsuranceCompanies"/>
    <link:presentationArc xlink:type="arc" xlink:arcrole="http://www.xbrl.org/2003/arcrole/parent-child" xlink:from="LiquidityRiskForPropertyAndReinsuranceCompaniesAbstract" xlink:to="SupervisionIndicatorsForLiquidityRiskScoreLiquidityRiskForPropertyAndReinsuranceCompanies" xlink:title="presentation: LiquidityRiskForPropertyAndReinsuranceCompaniesAbstract to SupervisionIndicatorsForLiquidityRiskScoreLiquidityRiskForPropertyAndReinsuranceCompanies" order="10.0" preferredLabel="http://www.xbrl.org/2003/role/terseLabel"/>
    <link:loc xlink:type="locator" xlink:href="../../c-ross_irr_core_2015-12-31.xsd#c-ross_irr_LiquidityRiskForPropertyAndReinsuranceCompanyNetCashFlowScore" xlink:label="NetCashFlowScoreLiquidityRiskForPropertyAndReinsuranceCompanies" xlink:title="NetCashFlowScoreLiquidityRiskForPropertyAndReinsuranceCompanies"/>
    <link:presentationArc xlink:type="arc" xlink:arcrole="http://www.xbrl.org/2003/arcrole/parent-child" xlink:from="SupervisionIndicatorsForLiquidityRiskScoreLiquidityRiskForPropertyAndReinsuranceCompanies" xlink:to="NetCashFlowScoreLiquidityRiskForPropertyAndReinsuranceCompanies" xlink:title="presentation: SupervisionIndicatorsForLiquidityRiskScoreLiquidityRiskForPropertyAndReinsuranceCompanies to NetCashFlowScoreLiquidityRiskForPropertyAndReinsuranceCompanies" use="optional" order="10.0" preferredLabel="http://www.xbrl.org/2003/role/terseLabel"/>
    <link:loc xlink:type="locator" xlink:href="../../c-ross_irr_core_2015-12-31.xsd#c-ross_irr_LiquidityRiskForPropertyAndReinsuranceCompanyActualNetCashFlowDuringReportingPeriodScore" xlink:label="ActualNetCashFlowDuringReportingPeriodScoreLiquidityRiskForPropertyAndReinsuranceCompanies" xlink:title="ActualNetCashFlowDuringReportingPeriodScoreLiquidityRiskForPropertyAndReinsuranceCompanies"/>
    <link:presentationArc xlink:type="arc" xlink:arcrole="http://www.xbrl.org/2003/arcrole/parent-child" xlink:from="NetCashFlowScoreLiquidityRiskForPropertyAndReinsuranceCompanies" xlink:to="ActualNetCashFlowDuringReportingPeriodScoreLiquidityRiskForPropertyAndReinsuranceCompanies" xlink:title="presentation: NetCashFlowScoreLiquidityRiskForPropertyAndReinsuranceCompanies to ActualNetCashFlowDuringReportingPeriodScoreLiquidityRiskForPropertyAndReinsuranceCompanies" use="optional" order="10.0" preferredLabel="http://www.xbrl.org/2003/role/terseLabel"/>
    <link:loc xlink:type="locator" xlink:href="../../c-ross_irr_core_2015-12-31.xsd#c-ross_irr_LiquidityRiskForPropertyAndReinsuranceCompanyActualNetCashFlowDuringReportingPeriod" xlink:label="ActualNetCashFlowDuringReportingPeriodLiquidityRiskForPropertyAndReinsuranceCompanies" xlink:title="ActualNetCashFlowDuringReportingPeriodLiquidityRiskForPropertyAndReinsuranceCompanies"/>
    <link:presentationArc xlink:type="arc" xlink:arcrole="http://www.xbrl.org/2003/arcrole/parent-child" xlink:from="ActualNetCashFlowDuringReportingPeriodScoreLiquidityRiskForPropertyAndReinsuranceCompanies" xlink:to="ActualNetCashFlowDuringReportingPeriodLiquidityRiskForPropertyAndReinsuranceCompanies" xlink:title="presentation: ActualNetCashFlowDuringReportingPeriodScoreLiquidityRiskForPropertyAndReinsuranceCompanies to ActualNetCashFlowDuringReportingPeriodLiquidityRiskForPropertyAndReinsuranceCompanies" use="optional" order="10.0" preferredLabel="http://www.xbrl.org/2003/role/terseLabel"/>
    <link:loc xlink:type="locator" xlink:href="../../c-ross_irr_core_2015-12-31.xsd#c-ross_irr_LiquidityRiskForPropertyAndReinsuranceCompanyProjectedNetCashFlowTestUnderBaseScenariosScore" xlink:label="ProjectedNetCashFlowTestUnderBaseScenariosScoreLiquidityRiskForPropertyAndReinsuranceCompanies" xlink:title="ProjectedNetCashFlowTestUnderBaseScenariosScoreLiquidityRiskForPropertyAndReinsuranceCompanies"/>
    <link:presentationArc xlink:type="arc" xlink:arcrole="http://www.xbrl.org/2003/arcrole/parent-child" xlink:from="NetCashFlowScoreLiquidityRiskForPropertyAndReinsuranceCompanies" xlink:to="ProjectedNetCashFlowTestUnderBaseScenariosScoreLiquidityRiskForPropertyAndReinsuranceCompanies" xlink:title="presentation: NetCashFlowScoreLiquidityRiskForPropertyAndReinsuranceCompanies to ProjectedNetCashFlowTestUnderBaseScenariosScoreLiquidityRiskForPropertyAndReinsuranceCompanies" use="optional" order="20.0" preferredLabel="http://www.xbrl.org/2003/role/terseLabel"/>
    <link:loc xlink:type="locator" xlink:href="../../c-ross_irr_core_2015-12-31.xsd#c-ross_irr_LiquidityRiskForPropertyAndReinsuranceCompanyNetCashFlowInNextFirstQuarterUnderBaseScenarios" xlink:label="NetCashFlowInNextFirstQuarterUnderBaseScenariosLiquidityRiskForPropertyAndReinsuranceCompanies" xlink:title="NetCashFlowInNextFirstQuarterUnderBaseScenariosLiquidityRiskForPropertyAndReinsuranceCompanies"/>
    <link:presentationArc xlink:type="arc" xlink:arcrole="http://www.xbrl.org/2003/arcrole/parent-child" xlink:from="ProjectedNetCashFlowTestUnderBaseScenariosScoreLiquidityRiskForPropertyAndReinsuranceCompanies" xlink:to="NetCashFlowInNextFirstQuarterUnderBaseScenariosLiquidityRiskForPropertyAndReinsuranceCompanies" xlink:title="presentation: ProjectedNetCashFlowTestUnderBaseScenariosScoreLiquidityRiskForPropertyAndReinsuranceCompanies to NetCashFlowInNextFirstQuarterUnderBaseScenariosLiquidityRiskForPropertyAndReinsuranceCompanies" use="optional" order="10.0" preferredLabel="http://www.xbrl.org/2003/role/terseLabel"/>
    <link:loc xlink:type="locator" xlink:href="../../c-ross_irr_core_2015-12-31.xsd#c-ross_irr_LiquidityRiskForPropertyAndReinsuranceCompanyNetCashFlowInNextSecondQuarterUnderBaseScenarios" xlink:label="NetCashFlowInNextSecondQuarterUnderBaseScenariosLiquidityRiskForPropertyAndReinsuranceCompanies" xlink:title="NetCashFlowInNextSecondQuarterUnderBaseScenariosLiquidityRiskForPropertyAndReinsuranceCompanies"/>
    <link:presentationArc xlink:type="arc" xlink:arcrole="http://www.xbrl.org/2003/arcrole/parent-child" xlink:from="ProjectedNetCashFlowTestUnderBaseScenariosScoreLiquidityRiskForPropertyAndReinsuranceCompanies" xlink:to="NetCashFlowInNextSecondQuarterUnderBaseScenariosLiquidityRiskForPropertyAndReinsuranceCompanies" xlink:title="presentation: ProjectedNetCashFlowTestUnderBaseScenariosScoreLiquidityRiskForPropertyAndReinsuranceCompanies to NetCashFlowInNextSecondQuarterUnderBaseScenariosLiquidityRiskForPropertyAndReinsuranceCompanies" use="optional" order="20.0" preferredLabel="http://www.xbrl.org/2003/role/terseLabel"/>
    <link:loc xlink:type="locator" xlink:href="../../c-ross_irr_core_2015-12-31.xsd#c-ross_irr_LiquidityRiskForPropertyAndReinsuranceCompanyNetCashFlowInNextThirdQuarterUnderBaseScenarios" xlink:label="NetCashFlowInNextThirdQuarterUnderBaseScenariosLiquidityRiskForPropertyAndReinsuranceCompanies" xlink:title="NetCashFlowInNextThirdQuarterUnderBaseScenariosLiquidityRiskForPropertyAndReinsuranceCompanies"/>
    <link:presentationArc xlink:type="arc" xlink:arcrole="http://www.xbrl.org/2003/arcrole/parent-child" xlink:from="ProjectedNetCashFlowTestUnderBaseScenariosScoreLiquidityRiskForPropertyAndReinsuranceCompanies" xlink:to="NetCashFlowInNextThirdQuarterUnderBaseScenariosLiquidityRiskForPropertyAndReinsuranceCompanies" xlink:title="presentation: ProjectedNetCashFlowTestUnderBaseScenariosScoreLiquidityRiskForPropertyAndReinsuranceCompanies to NetCashFlowInNextThirdQuarterUnderBaseScenariosLiquidityRiskForPropertyAndReinsuranceCompanies" use="optional" order="30.0" preferredLabel="http://www.xbrl.org/2003/role/terseLabel"/>
    <link:loc xlink:type="locator" xlink:href="../../c-ross_irr_core_2015-12-31.xsd#c-ross_irr_LiquidityRiskForPropertyAndReinsuranceCompanyNetCashFlowInNextFourthQuarterUnderBaseScenarios" xlink:label="NetCashFlowInNextFourthQuarterUnderBaseScenariosLiquidityRiskForPropertyAndReinsuranceCompanies" xlink:title="NetCashFlowInNextFourthQuarterUnderBaseScenariosLiquidityRiskForPropertyAndReinsuranceCompanies"/>
    <link:presentationArc xlink:type="arc" xlink:arcrole="http://www.xbrl.org/2003/arcrole/parent-child" xlink:from="ProjectedNetCashFlowTestUnderBaseScenariosScoreLiquidityRiskForPropertyAndReinsuranceCompanies" xlink:to="NetCashFlowInNextFourthQuarterUnderBaseScenariosLiquidityRiskForPropertyAndReinsuranceCompanies" xlink:title="presentation: ProjectedNetCashFlowTestUnderBaseScenariosScoreLiquidityRiskForPropertyAndReinsuranceCompanies to NetCashFlowInNextFourthQuarterUnderBaseScenariosLiquidityRiskForPropertyAndReinsuranceCompanies" use="optional" order="40.0" preferredLabel="http://www.xbrl.org/2003/role/terseLabel"/>
    <link:loc xlink:type="locator" xlink:href="../../c-ross_irr_core_2015-12-31.xsd#c-ross_irr_LiquidityRiskForPropertyAndReinsuranceCompanyProjectedNetCashFlowTestUnderStressScenariosScore" xlink:label="ProjectedNetCashFlowTestUnderStressScenariosScoreLiquidityRiskForPropertyAndReinsuranceCompanies" xlink:title="ProjectedNetCashFlowTestUnderStressScenariosScoreLiquidityRiskForPropertyAndReinsuranceCompanies"/>
    <link:presentationArc xlink:type="arc" xlink:arcrole="http://www.xbrl.org/2003/arcrole/parent-child" xlink:from="NetCashFlowScoreLiquidityRiskForPropertyAndReinsuranceCompanies" xlink:to="ProjectedNetCashFlowTestUnderStressScenariosScoreLiquidityRiskForPropertyAndReinsuranceCompanies" xlink:title="presentation: NetCashFlowScoreLiquidityRiskForPropertyAndReinsuranceCompanies to ProjectedNetCashFlowTestUnderStressScenariosScoreLiquidityRiskForPropertyAndReinsuranceCompanies" use="optional" order="30.0" preferredLabel="http://www.xbrl.org/2003/role/terseLabel"/>
    <link:loc xlink:type="locator" xlink:href="../../c-ross_irr_core_2015-12-31.xsd#c-ross_irr_LiquidityRiskForPropertyAndReinsuranceCompanyNetCashFlowInNextFirstQuarterUnderStressScenariosOne" xlink:label="NetCashFlowInNextFirstQuarterUnderStressScenariosOneLiquidityRiskForPropertyAndReinsuranceCompanies" xlink:title="NetCashFlowInNextFirstQuarterUnderStressScenariosOneLiquidityRiskForPropertyAndReinsuranceCompanies"/>
    <link:presentationArc xlink:type="arc" xlink:arcrole="http://www.xbrl.org/2003/arcrole/parent-child" xlink:from="ProjectedNetCashFlowTestUnderStressScenariosScoreLiquidityRiskForPropertyAndReinsuranceCompanies" xlink:to="NetCashFlowInNextFirstQuarterUnderStressScenariosOneLiquidityRiskForPropertyAndReinsuranceCompanies" xlink:title="presentation: ProjectedNetCashFlowTestUnderStressScenariosScoreLiquidityRiskForPropertyAndReinsuranceCompanies to NetCashFlowInNextFirstQuarterUnderStressScenariosOneLiquidityRiskForPropertyAndReinsuranceCompanies" use="optional" order="10.0" preferredLabel="http://www.xbrl.org/2003/role/terseLabel"/>
    <link:loc xlink:type="locator" xlink:href="../../c-ross_irr_core_2015-12-31.xsd#c-ross_irr_LiquidityRiskForPropertyAndReinsuranceCompanyNetCashFlowInNextSecondQuarterUnderStressScenariosOne" xlink:label="NetCashFlowInNextSecondQuarterUnderStressScenariosOneLiquidityRiskForPropertyAndReinsuranceCompanies" xlink:title="NetCashFlowInNextSecondQuarterUnderStressScenariosOneLiquidityRiskForPropertyAndReinsuranceCompanies"/>
    <link:presentationArc xlink:type="arc" xlink:arcrole="http://www.xbrl.org/2003/arcrole/parent-child" xlink:from="ProjectedNetCashFlowTestUnderStressScenariosScoreLiquidityRiskForPropertyAndReinsuranceCompanies" xlink:to="NetCashFlowInNextSecondQuarterUnderStressScenariosOneLiquidityRiskForPropertyAndReinsuranceCompanies" xlink:title="presentation: ProjectedNetCashFlowTestUnderStressScenariosScoreLiquidityRiskForPropertyAndReinsuranceCompanies to NetCashFlowInNextSecondQuarterUnderStressScenariosOneLiquidityRiskForPropertyAndReinsuranceCompanies" use="optional" order="20.0" preferredLabel="http://www.xbrl.org/2003/role/terseLabel"/>
    <link:loc xlink:type="locator" xlink:href="../../c-ross_irr_core_2015-12-31.xsd#c-ross_irr_LiquidityRiskForPropertyAndReinsuranceCompanyNetCashFlowInNextThirdQuarterUnderStressScenariosOne" xlink:label="NetCashFlowInNextThirdQuarterUnderStressScenariosOneLiquidityRiskForPropertyAndReinsuranceCompanies" xlink:title="NetCashFlowInNextThirdQuarterUnderStressScenariosOneLiquidityRiskForPropertyAndReinsuranceCompanies"/>
    <link:presentationArc xlink:type="arc" xlink:arcrole="http://www.xbrl.org/2003/arcrole/parent-child" xlink:from="ProjectedNetCashFlowTestUnderStressScenariosScoreLiquidityRiskForPropertyAndReinsuranceCompanies" xlink:to="NetCashFlowInNextThirdQuarterUnderStressScenariosOneLiquidityRiskForPropertyAndReinsuranceCompanies" xlink:title="presentation: ProjectedNetCashFlowTestUnderStressScenariosScoreLiquidityRiskForPropertyAndReinsuranceCompanies to NetCashFlowInNextThirdQuarterUnderStressScenariosOneLiquidityRiskForPropertyAndReinsuranceCompanies" use="optional" order="30.0" preferredLabel="http://www.xbrl.org/2003/role/terseLabel"/>
    <link:loc xlink:type="locator" xlink:href="../../c-ross_irr_core_2015-12-31.xsd#c-ross_irr_LiquidityRiskForPropertyAndReinsuranceCompanyNetCashFlowInNextFourthQuarterUnderStressScenariosOne" xlink:label="NetCashFlowInNextFourthQuarterUnderStressScenariosOneLiquidityRiskForPropertyAndReinsuranceCompanies" xlink:title="NetCashFlowInNextFourthQuarterUnderStressScenariosOneLiquidityRiskForPropertyAndReinsuranceCompanies"/>
    <link:presentationArc xlink:type="arc" xlink:arcrole="http://www.xbrl.org/2003/arcrole/parent-child" xlink:from="ProjectedNetCashFlowTestUnderStressScenariosScoreLiquidityRiskForPropertyAndReinsuranceCompanies" xlink:to="NetCashFlowInNextFourthQuarterUnderStressScenariosOneLiquidityRiskForPropertyAndReinsuranceCompanies" xlink:title="presentation: ProjectedNetCashFlowTestUnderStressScenariosScoreLiquidityRiskForPropertyAndReinsuranceCompanies to NetCashFlowInNextFourthQuarterUnderStressScenariosOneLiquidityRiskForPropertyAndReinsuranceCompanies" use="optional" order="40.0" preferredLabel="http://www.xbrl.org/2003/role/terseLabel"/>
    <link:loc xlink:type="locator" xlink:href="../../c-ross_irr_core_2015-12-31.xsd#c-ross_irr_LiquidityRiskForPropertyAndReinsuranceCompanyNetCashFlowInNextFirstQuarterUnderStressScenariosTwo" xlink:label="NetCashFlowInNextFirstQuarterUnderStressScenariosTwoLiquidityRiskForPropertyAndReinsuranceCompanies" xlink:title="NetCashFlowInNextFirstQuarterUnderStressScenariosTwoLiquidityRiskForPropertyAndReinsuranceCompanies"/>
    <link:presentationArc xlink:type="arc" xlink:arcrole="http://www.xbrl.org/2003/arcrole/parent-child" xlink:from="ProjectedNetCashFlowTestUnderStressScenariosScoreLiquidityRiskForPropertyAndReinsuranceCompanies" xlink:to="NetCashFlowInNextFirstQuarterUnderStressScenariosTwoLiquidityRiskForPropertyAndReinsuranceCompanies" xlink:title="presentation: ProjectedNetCashFlowTestUnderStressScenariosScoreLiquidityRiskForPropertyAndReinsuranceCompanies to NetCashFlowInNextFirstQuarterUnderStressScenariosTwoLiquidityRiskForPropertyAndReinsuranceCompanies" use="optional" order="50.0" preferredLabel="http://www.xbrl.org/2003/role/terseLabel"/>
    <link:loc xlink:type="locator" xlink:href="../../c-ross_irr_core_2015-12-31.xsd#c-ross_irr_LiquidityRiskForPropertyAndReinsuranceCompanyNetCashFlowInNextSecondQuarterUnderStressScenariosTwo" xlink:label="NetCashFlowInNextSecondQuarterUnderStressScenariosTwoLiquidityRiskForPropertyAndReinsuranceCompanies" xlink:title="NetCashFlowInNextSecondQuarterUnderStressScenariosTwoLiquidityRiskForPropertyAndReinsuranceCompanies"/>
    <link:presentationArc xlink:type="arc" xlink:arcrole="http://www.xbrl.org/2003/arcrole/parent-child" xlink:from="ProjectedNetCashFlowTestUnderStressScenariosScoreLiquidityRiskForPropertyAndReinsuranceCompanies" xlink:to="NetCashFlowInNextSecondQuarterUnderStressScenariosTwoLiquidityRiskForPropertyAndReinsuranceCompanies" xlink:title="presentation: ProjectedNetCashFlowTestUnderStressScenariosScoreLiquidityRiskForPropertyAndReinsuranceCompanies to NetCashFlowInNextSecondQuarterUnderStressScenariosTwoLiquidityRiskForPropertyAndReinsuranceCompanies" use="optional" order="60.0" preferredLabel="http://www.xbrl.org/2003/role/terseLabel"/>
    <link:loc xlink:type="locator" xlink:href="../../c-ross_irr_core_2015-12-31.xsd#c-ross_irr_LiquidityRiskForPropertyAndReinsuranceCompanyNetCashFlowInNextThirdQuarterUnderStressScenariosTwo" xlink:label="NetCashFlowInNextThirdQuarterUnderStressScenariosTwoLiquidityRiskForPropertyAndReinsuranceCompanies" xlink:title="NetCashFlowInNextThirdQuarterUnderStressScenariosTwoLiquidityRiskForPropertyAndReinsuranceCompanies"/>
    <link:presentationArc xlink:type="arc" xlink:arcrole="http://www.xbrl.org/2003/arcrole/parent-child" xlink:from="ProjectedNetCashFlowTestUnderStressScenariosScoreLiquidityRiskForPropertyAndReinsuranceCompanies" xlink:to="NetCashFlowInNextThirdQuarterUnderStressScenariosTwoLiquidityRiskForPropertyAndReinsuranceCompanies" xlink:title="presentation: ProjectedNetCashFlowTestUnderStressScenariosScoreLiquidityRiskForPropertyAndReinsuranceCompanies to NetCashFlowInNextThirdQuarterUnderStressScenariosTwoLiquidityRiskForPropertyAndReinsuranceCompanies" use="optional" order="70.0" preferredLabel="http://www.xbrl.org/2003/role/terseLabel"/>
    <link:loc xlink:type="locator" xlink:href="../../c-ross_irr_core_2015-12-31.xsd#c-ross_irr_LiquidityRiskForPropertyAndReinsuranceCompanyNetCashFlowInNextFourthQuarterUnderStressScenariosTwo" xlink:label="NetCashFlowInNextFourthQuarterUnderStressScenariosTwoLiquidityRiskForPropertyAndReinsuranceCompanies" xlink:title="NetCashFlowInNextFourthQuarterUnderStressScenariosTwoLiquidityRiskForPropertyAndReinsuranceCompanies"/>
    <link:presentationArc xlink:type="arc" xlink:arcrole="http://www.xbrl.org/2003/arcrole/parent-child" xlink:from="ProjectedNetCashFlowTestUnderStressScenariosScoreLiquidityRiskForPropertyAndReinsuranceCompanies" xlink:to="NetCashFlowInNextFourthQuarterUnderStressScenariosTwoLiquidityRiskForPropertyAndReinsuranceCompanies" xlink:title="presentation: ProjectedNetCashFlowTestUnderStressScenariosScoreLiquidityRiskForPropertyAndReinsuranceCompanies to NetCashFlowInNextFourthQuarterUnderStressScenariosTwoLiquidityRiskForPropertyAndReinsuranceCompanies" use="optional" order="80.0" preferredLabel="http://www.xbrl.org/2003/role/terseLabel"/>
    <link:loc xlink:type="locator" xlink:href="../../c-ross_irr_core_2015-12-31.xsd#c-ross_irr_LiquidityRiskForPropertyAndReinsuranceCompanyIntegratedCurrentRatioScore" xlink:label="IntegratedCurrentRatioScoreLiquidityRiskForPropertyAndReinsuranceCompanies" xlink:title="IntegratedCurrentRatioScoreLiquidityRiskForPropertyAndReinsuranceCompanies"/>
    <link:presentationArc xlink:type="arc" xlink:arcrole="http://www.xbrl.org/2003/arcrole/parent-child" xlink:from="SupervisionIndicatorsForLiquidityRiskScoreLiquidityRiskForPropertyAndReinsuranceCompanies" xlink:to="IntegratedCurrentRatioScoreLiquidityRiskForPropertyAndReinsuranceCompanies" xlink:title="presentation: SupervisionIndicatorsForLiquidityRiskScoreLiquidityRiskForPropertyAndReinsuranceCompanies to IntegratedCurrentRatioScoreLiquidityRiskForPropertyAndReinsuranceCompanies" use="optional" order="20.0" preferredLabel="http://www.xbrl.org/2003/role/terseLabel"/>
    <link:loc xlink:type="locator" xlink:href="../../c-ross_irr_core_2015-12-31.xsd#c-ross_irr_LiquidityRiskForPropertyAndReinsuranceCompanyIntegratedCurrentRatioInThreeMonths" xlink:label="IntegratedCurrentRatioInThreeMonthsLiquidityRiskForPropertyAndReinsuranceCompanies" xlink:title="IntegratedCurrentRatioInThreeMonthsLiquidityRiskForPropertyAndReinsuranceCompanies"/>
    <link:presentationArc xlink:type="arc" xlink:arcrole="http://www.xbrl.org/2003/arcrole/parent-child" xlink:from="IntegratedCurrentRatioScoreLiquidityRiskForPropertyAndReinsuranceCompanies" xlink:to="IntegratedCurrentRatioInThreeMonthsLiquidityRiskForPropertyAndReinsuranceCompanies" xlink:title="presentation: IntegratedCurrentRatioScoreLiquidityRiskForPropertyAndReinsuranceCompanies to IntegratedCurrentRatioInThreeMonthsLiquidityRiskForPropertyAndReinsuranceCompanies" use="optional" order="10.0" preferredLabel="http://www.xbrl.org/2003/role/terseLabel"/>
    <link:loc xlink:type="locator" xlink:href="../../c-ross_irr_core_2015-12-31.xsd#c-ross_irr_LiquidityRiskForPropertyAndReinsuranceCompanyIntegratedCurrentRatioInOneYear" xlink:label="IntegratedCurrentRatioInOneYearLiquidityRiskForPropertyAndReinsuranceCompanies" xlink:title="IntegratedCurrentRatioInOneYearLiquidityRiskForPropertyAndReinsuranceCompanies"/>
    <link:presentationArc xlink:type="arc" xlink:arcrole="http://www.xbrl.org/2003/arcrole/parent-child" xlink:from="IntegratedCurrentRatioScoreLiquidityRiskForPropertyAndReinsuranceCompanies" xlink:to="IntegratedCurrentRatioInOneYearLiquidityRiskForPropertyAndReinsuranceCompanies" xlink:title="presentation: IntegratedCurrentRatioScoreLiquidityRiskForPropertyAndReinsuranceCompanies to IntegratedCurrentRatioInOneYearLiquidityRiskForPropertyAndReinsuranceCompanies" use="optional" order="20.0" preferredLabel="http://www.xbrl.org/2003/role/terseLabel"/>
    <link:loc xlink:type="locator" xlink:href="../../c-ross_irr_core_2015-12-31.xsd#c-ross_irr_LiquidityRiskForPropertyAndReinsuranceCompanyIntegratedCurrentRatioOneYearAbove" xlink:label="IntegratedCurrentRatioOneYearAboveLiquidityRiskForPropertyAndReinsuranceCompanies" xlink:title="IntegratedCurrentRatioOneYearAboveLiquidityRiskForPropertyAndReinsuranceCompanies"/>
    <link:presentationArc xlink:type="arc" xlink:arcrole="http://www.xbrl.org/2003/arcrole/parent-child" xlink:from="IntegratedCurrentRatioScoreLiquidityRiskForPropertyAndReinsuranceCompanies" xlink:to="IntegratedCurrentRatioOneYearAboveLiquidityRiskForPropertyAndReinsuranceCompanies" xlink:title="presentation: IntegratedCurrentRatioScoreLiquidityRiskForPropertyAndReinsuranceCompanies to IntegratedCurrentRatioOneYearAboveLiquidityRiskForPropertyAndReinsuranceCompanies" use="optional" order="30.0" preferredLabel="http://www.xbrl.org/2003/role/terseLabel"/>
    <link:loc xlink:type="locator" xlink:href="../../c-ross_irr_core_2015-12-31.xsd#c-ross_irr_LiquidityRiskForPropertyAndReinsuranceCompanyLiquidityCoverageRatioScore" xlink:label="LiquidityCoverageRatioScoreLiquidityRiskForPropertyAndReinsuranceCompanies" xlink:title="LiquidityCoverageRatioScoreLiquidityRiskForPropertyAndReinsuranceCompanies"/>
    <link:presentationArc xlink:type="arc" xlink:arcrole="http://www.xbrl.org/2003/arcrole/parent-child" xlink:from="SupervisionIndicatorsForLiquidityRiskScoreLiquidityRiskForPropertyAndReinsuranceCompanies" xlink:to="LiquidityCoverageRatioScoreLiquidityRiskForPropertyAndReinsuranceCompanies" xlink:title="presentation: SupervisionIndicatorsForLiquidityRiskScoreLiquidityRiskForPropertyAndReinsuranceCompanies to LiquidityCoverageRatioScoreLiquidityRiskForPropertyAndReinsuranceCompanies" use="optional" order="30.0" preferredLabel="http://www.xbrl.org/2003/role/terseLabel"/>
    <link:loc xlink:type="locator" xlink:href="../../c-ross_irr_core_2015-12-31.xsd#c-ross_irr_LiquidityRiskForPropertyAndReinsuranceCompanyLiquidityCoverageRatioForFirmAsWholeUnderStressScenariosOne" xlink:label="LiquidityCoverageRatioForFirmAsWholeUnderStressScenariosOneLiquidityRiskForPropertyAndReinsuranceCompanies" xlink:title="LiquidityCoverageRatioForFirmAsWholeUnderStressScenariosOneLiquidityRiskForPropertyAndReinsuranceCompanies"/>
    <link:presentationArc xlink:type="arc" xlink:arcrole="http://www.xbrl.org/2003/arcrole/parent-child" xlink:from="LiquidityCoverageRatioScoreLiquidityRiskForPropertyAndReinsuranceCompanies" xlink:to="LiquidityCoverageRatioForFirmAsWholeUnderStressScenariosOneLiquidityRiskForPropertyAndReinsuranceCompanies" xlink:title="presentation: LiquidityCoverageRatioScoreLiquidityRiskForPropertyAndReinsuranceCompanies to LiquidityCoverageRatioForFirmAsWholeUnderStressScenariosOneLiquidityRiskForPropertyAndReinsuranceCompanies" use="optional" order="10.0" preferredLabel="http://www.xbrl.org/2003/role/terseLabel"/>
    <link:loc xlink:type="locator" xlink:href="../../c-ross_irr_core_2015-12-31.xsd#c-ross_irr_LiquidityRiskForPropertyAndReinsuranceCompanyLiquidityCoverageRatioForIndependentAccountUnderStressScenarioOne" xlink:label="LiquidityCoverageRatioForIndependentAccountUnderStressScenariosOneLiquidityRiskForPropertyAndReinsuranceCompanies" xlink:title="LiquidityCoverageRatioForIndependentAccountUnderStressScenariosOneLiquidityRiskForPropertyAndReinsuranceCompanies"/>
    <link:presentationArc xlink:type="arc" xlink:arcrole="http://www.xbrl.org/2003/arcrole/parent-child" xlink:from="LiquidityCoverageRatioScoreLiquidityRiskForPropertyAndReinsuranceCompanies" xlink:to="LiquidityCoverageRatioForIndependentAccountUnderStressScenariosOneLiquidityRiskForPropertyAndReinsuranceCompanies" xlink:title="presentation: LiquidityCoverageRatioScoreLiquidityRiskForPropertyAndReinsuranceCompanies to LiquidityCoverageRatioForIndependentAccountUnderStressScenariosOneLiquidityRiskForPropertyAndReinsuranceCompanies" use="optional" order="20.0" preferredLabel="http://www.xbrl.org/2003/role/terseLabel"/>
    <link:loc xlink:type="locator" xlink:href="../../c-ross_irr_core_2015-12-31.xsd#c-ross_irr_LiquidityRiskForPropertyAndReinsuranceCompanyLiquidityCoverageRatioForOverallCompanyUnderStressScenarioTwo" xlink:label="LiquidityCoverageRatioForFirmAsWholeUnderStressScenariosTwoLiquidityRiskForPropertyAndReinsuranceCompanies" xlink:title="LiquidityCoverageRatioForFirmAsWholeUnderStressScenariosTwoLiquidityRiskForPropertyAndReinsuranceCompanies"/>
    <link:presentationArc xlink:type="arc" xlink:arcrole="http://www.xbrl.org/2003/arcrole/parent-child" xlink:from="LiquidityCoverageRatioScoreLiquidityRiskForPropertyAndReinsuranceCompanies" xlink:to="LiquidityCoverageRatioForFirmAsWholeUnderStressScenariosTwoLiquidityRiskForPropertyAndReinsuranceCompanies" xlink:title="presentation: LiquidityCoverageRatioScoreLiquidityRiskForPropertyAndReinsuranceCompanies to LiquidityCoverageRatioForFirmAsWholeUnderStressScenariosTwoLiquidityRiskForPropertyAndReinsuranceCompanies" use="optional" order="30.0" preferredLabel="http://www.xbrl.org/2003/role/terseLabel"/>
    <link:loc xlink:type="locator" xlink:href="../../c-ross_irr_core_2015-12-31.xsd#c-ross_irr_LiquidityRiskForPropertyAndReinsuranceCompanyLiquidityCoverageRatioForIndependentAccountUnderStressScenarioTwo" xlink:label="LiquidityCoverageRatioForIndependentAccountUnderStressScenariosTwoLiquidityRiskForPropertyAndReinsuranceCompanies" xlink:title="LiquidityCoverageRatioForIndependentAccountUnderStressScenariosTwoLiquidityRiskForPropertyAndReinsuranceCompanies"/>
    <link:presentationArc xlink:type="arc" xlink:arcrole="http://www.xbrl.org/2003/arcrole/parent-child" xlink:from="LiquidityCoverageRatioScoreLiquidityRiskForPropertyAndReinsuranceCompanies" xlink:to="LiquidityCoverageRatioForIndependentAccountUnderStressScenariosTwoLiquidityRiskForPropertyAndReinsuranceCompanies" xlink:title="presentation: LiquidityCoverageRatioScoreLiquidityRiskForPropertyAndReinsuranceCompanies to LiquidityCoverageRatioForIndependentAccountUnderStressScenariosTwoLiquidityRiskForPropertyAndReinsuranceCompanies" use="optional" order="40.0" preferredLabel="http://www.xbrl.org/2003/role/terseLabel"/>
    <link:loc xlink:type="locator" xlink:href="../../c-ross_irr_core_2015-12-31.xsd#c-ross_irr_LiquidityRiskForPropertyAndReinsuranceCompanyScore" xlink:label="LiquidityRiskForPropertyAndReinsuranceCompaniesScore" xlink:title="LiquidityRiskForPropertyAndReinsuranceCompaniesScore"/>
    <link:presentationArc xlink:type="arc" xlink:arcrole="http://www.xbrl.org/2003/arcrole/parent-child" xlink:from="LiquidityRiskForPropertyAndReinsuranceCompaniesAbstract" xlink:to="LiquidityRiskForPropertyAndReinsuranceCompaniesScore" xlink:title="presentation: LiquidityRiskForPropertyAndReinsuranceCompaniesAbstract to LiquidityRiskForPropertyAndReinsuranceCompaniesScore" order="30.0" preferredLabel="http://www.xbrl.org/2003/role/totalLabel"/>
    <link:loc xlink:type="locator" xlink:href="../../c-ross_irr_core_2015-12-31.xsd#c-ross_irr_LiquidityRiskForPropertyAndReinsuranceCompanyWhetherInsuranceCompaniesSubmittedFakeInformationInRecentFourQuarters" xlink:label="LiquidityRiskForPropertyAndReinsuranceCompanyWhetherInsuranceCompaniesSubmittedFakeInformationInRecentFourQuarters" xlink:title="LiquidityRiskForPropertyAndReinsuranceCompanyWhetherInsuranceCompaniesSubmittedFakeInformationInRecentFourQuarters"/>
    <link:presentationArc xlink:type="arc" xlink:arcrole="http://www.xbrl.org/2003/arcrole/parent-child" xlink:from="LiquidityRiskForPropertyAndReinsuranceCompaniesAbstract" xlink:to="LiquidityRiskForPropertyAndReinsuranceCompanyWhetherInsuranceCompaniesSubmittedFakeInformationInRecentFourQuarters" xlink:title="presentation: LiquidityRiskForPropertyAndReinsuranceCompanyAbstract to LiquidityRiskForPropertyAndReinsuranceCompanyWhetherInsuranceCompaniesSubmittedFakeInformationInRecentFourQuarters" order="40.0" preferredLabel="http://www.xbrl.org/2003/role/terseLabel"/>
    <link:loc xlink:type="locator" xlink:href="../../c-ross_irr_core_2015-12-31.xsd#c-ross_irr_LiquidityRiskForPropertyAndReinsuranceCompanyRegulatoryAdjustedScore" xlink:label="LiquidityRiskForPropertyAndReinsuranceCompanyAdjustedScore" xlink:title="LiquidityRiskForPropertyAndReinsuranceCompanyAdjustedScore"/>
    <link:presentationArc xlink:type="arc" xlink:arcrole="http://www.xbrl.org/2003/arcrole/parent-child" xlink:from="LiquidityRiskForPropertyAndReinsuranceCompaniesAbstract" xlink:to="LiquidityRiskForPropertyAndReinsuranceCompanyAdjustedScore" xlink:title="presentation: LiquidityRiskForPropertyAndReinsuranceCompanyAbstract to LiquidityRiskForPropertyAndReinsuranceCompanyAdjustedScore" order="50.0" preferredLabel="http://www.xbrl.org/2003/role/terseLabel"/>
    <link:loc xlink:type="locator" xlink:href="../../c-ross_irr_core_2015-12-31.xsd#c-ross_irr_LiquidityRiskForPropertyAndReinsuranceCompanyRegulatoryAdjustmentCriterion" xlink:label="LiquidityRiskForPropertyAndReinsuranceCompanyAdjustmentCriterion" xlink:title="LiquidityRiskForPropertyAndReinsuranceCompanyAdjustmentCriterion"/>
    <link:presentationArc xlink:type="arc" xlink:arcrole="http://www.xbrl.org/2003/arcrole/parent-child" xlink:from="LiquidityRiskForPropertyAndReinsuranceCompaniesAbstract" xlink:to="LiquidityRiskForPropertyAndReinsuranceCompanyAdjustmentCriterion" xlink:title="presentation: LiquidityRiskForPropertyAndReinsuranceCompanyAbstract to LiquidityRiskForPropertyAndReinsuranceCompanyAdjustmentCriterion" order="60.0" preferredLabel="http://www.xbrl.org/2003/role/terseLabel"/>
    <link:loc xlink:type="locator" xlink:href="../../c-ross_irr_core_2015-12-31.xsd#c-ross_irr_LiquidityRiskForPropertyAndReinsuranceCompanyFinalScore" xlink:label="LiquidityRiskForPropertyAndReinsuranceCompanyFinalScore" xlink:title="LiquidityRiskForPropertyAndReinsuranceCompanyFinalScore"/>
    <link:presentationArc xlink:type="arc" xlink:arcrole="http://www.xbrl.org/2003/arcrole/parent-child" xlink:from="LiquidityRiskForPropertyAndReinsuranceCompaniesAbstract" xlink:to="LiquidityRiskForPropertyAndReinsuranceCompanyFinalScore" xlink:title="presentation: LiquidityRiskForPropertyAndReinsuranceCompanyAbstract to LiquidityRiskForPropertyAndReinsuranceCompanyFinalScore" order="70.0" preferredLabel="http://www.xbrl.org/2003/role/terseLabel"/>
  </link:presentationLink>
</link:linkbase>
