<?xml version="1.0" encoding="UTF-8"?>

<!--Taxonomy: 2015-12-31 (Draft)
	**********************
	Copyright © 2015 China Insurance Regulatory Commission.
	All rights reserved.  No part of this publication may be translated, reprinted or reproduced or utilised in any form either in whole or in part without prior permission in writing from China Insurance Regulatory Commission.
	  **********************-->
<link:linkbase xmlns:xsi="http://www.w3.org/2001/XMLSchema-instance" xsi:schemaLocation="http://www.xbrl.org/2003/linkbase http://www.xbrl.org/2003/xbrl-linkbase-2003-12-31.xsd" xmlns:irr_life_com_entry_point="http://xbrl.circ.gov.cn/taxonomy/2015-12-31/c-ross_irr/irr_life_com_entry_point" xmlns:irr_full_entry_point="http://xbrl.circ.gov.cn/taxonomy/2015-12-31/c-ross/irr_full_entry_point" xmlns:link="http://www.xbrl.org/2003/linkbase" xmlns:irr_reg_com_entry_point="http://xbrl.circ.gov.cn/taxonomy/2015-12-31/c-ross_irr/irr_reg_com_entry_point" xmlns:xbrli="http://www.xbrl.org/2003/instance" xmlns:xlink="http://www.w3.org/1999/xlink">
  <link:roleRef roleURI="http://xbrl.circ.gov.cn/role/c-ross_irr_2015-12-31_role-3321512" xlink:type="simple" xlink:href="rol_c-ross_10_2015-12-31.xsd#c-ross_irr_2015-12-31-3321512"/>
  <link:roleRef roleURI="http://xbrl.circ.gov.cn/role/c-ross_irr_2015-12-31_role-3321512a" xlink:type="simple" xlink:href="rol_c-ross_10_2015-12-31.xsd#c-ross_irr_2015-12-31-3321512a"/>
  <link:presentationLink xlink:type="extended" xlink:role="http://xbrl.circ.gov.cn/role/c-ross_irr_2015-12-31_role-3321512">
    <link:loc xlink:type="locator" xlink:href="../../c-ross_irr_core_2015-12-31.xsd#c-ross_irr_OperationalRiskInReserveAdministrationForLifeInsuranceCompanyAbstract" xlink:label="OperationalRiskInReserveAdministrationForLifeInsuranceCompanyAbstract" xlink:title="OperationalRiskInReserveAdministrationForLifeInsuranceCompanyAbstract"/>
    <link:loc xlink:type="locator" xlink:href="../../c-ross_irr_core_2015-12-31.xsd#c-ross_irr_OperationalRiskInReserveAdministrationForLifeInsuranceCompanyStaffPersonnelFactorsScore" xlink:label="StaffPersonnelFactorsScoreOperationalRiskInReserveAdministrationForLifeInsuranceCompany" xlink:title="StaffPersonnelFactorsScoreOperationalRiskInReserveAdministrationForLifeInsuranceCompany"/>
    <link:presentationArc xlink:type="arc" xlink:arcrole="http://www.xbrl.org/2003/arcrole/parent-child" xlink:from="OperationalRiskInReserveAdministrationForLifeInsuranceCompanyAbstract" xlink:to="StaffPersonnelFactorsScoreOperationalRiskInReserveAdministrationForLifeInsuranceCompany" xlink:title="presentation: OperationalRiskInReserveAdministrationForLifeInsuranceCompanyAbstract to StaffPersonnelFactorsScoreOperationalRiskInReserveAdministrationForLifeInsuranceCompany" order="10.0" preferredLabel="http://www.xbrl.org/2003/role/terseLabel"/>
    <link:loc xlink:type="locator" xlink:href="../../c-ross_irr_core_2015-12-31.xsd#c-ross_irr_OperationalRiskInReserveAdministrationForLifeInsuranceCompanyWorkExperienceOfReserveEvaluationPersonnelScore" xlink:label="WorkExperienceOfReserveEvaluationPersonnelScoreOperationalRiskInReserveAdministrationForLifeInsuranceCompany" xlink:title="WorkExperienceOfReserveEvaluationPersonnelScoreOperationalRiskInReserveAdministrationForLifeInsuranceCompany"/>
    <link:presentationArc xlink:type="arc" xlink:arcrole="http://www.xbrl.org/2003/arcrole/parent-child" xlink:from="StaffPersonnelFactorsScoreOperationalRiskInReserveAdministrationForLifeInsuranceCompany" xlink:to="WorkExperienceOfReserveEvaluationPersonnelScoreOperationalRiskInReserveAdministrationForLifeInsuranceCompany" xlink:title="presentation: StaffPersonnelFactorsScoreOperationalRiskInReserveAdministrationForLifeInsuranceCompany to WorkExperienceOfReserveEvaluationPersonnelScoreOperationalRiskInReserveAdministrationForLifeInsuranceCompany" use="optional" order="10.0" preferredLabel="http://www.xbrl.org/2003/role/terseLabel"/>
    <link:loc xlink:type="locator" xlink:href="../../c-ross_irr_core_2015-12-31.xsd#c-ross_irr_OperationalRiskInReserveAdministrationForLifeInsuranceCompanyProportionOfReserveEvaluationPersonnelForLifeInsuranceWithWorkExperienceOverThreeYears" xlink:label="ProportionOfReserveEvaluationPersonnelForLifeInsuranceWithWorkExperienceOverThreeYearsOperationalRiskInReserveAdministrationForLifeInsuranceCompany" xlink:title="ProportionOfReserveEvaluationPersonnelForLifeInsuranceWithWorkExperienceOverThreeYearsOperationalRiskInReserveAdministrationForLifeInsuranceCompany"/>
    <link:presentationArc xlink:type="arc" xlink:arcrole="http://www.xbrl.org/2003/arcrole/parent-child" xlink:from="WorkExperienceOfReserveEvaluationPersonnelScoreOperationalRiskInReserveAdministrationForLifeInsuranceCompany" xlink:to="ProportionOfReserveEvaluationPersonnelForLifeInsuranceWithWorkExperienceOverThreeYearsOperationalRiskInReserveAdministrationForLifeInsuranceCompany" xlink:title="presentation: WorkExperienceOfReserveEvaluationPersonnelScoreOperationalRiskInReserveAdministrationForLifeInsuranceCompany to ProportionOfReserveEvaluationPersonnelForLifeInsuranceWithWorkExperienceOverThreeYearsOperationalRiskInReserveAdministrationForLifeInsuranceCompany" use="optional" order="10.0" preferredLabel="http://www.xbrl.org/2003/role/terseLabel"/>
    <link:loc xlink:type="locator" xlink:href="../../c-ross_irr_core_2015-12-31.xsd#c-ross_irr_OperationalRiskInReserveAdministrationForLifeInsuranceCompanyNumberOfActuaryPeopleWithThreeYearsExperiencesOfReserveAppraisalOfLifeInsuranceInActuarialDepartment" xlink:label="NumberOfActuaryPeopleWithThreeYearsExperiencesOfReserveAppraisalOfLifeInsuranceInActuarialDepartmentAtEndOfAssessmentPeriodOperationalRiskInReserveAdministrationForLifeInsuranceCompany" xlink:title="NumberOfActuaryPeopleWithThreeYearsExperiencesOfReserveAppraisalOfLifeInsuranceInActuarialDepartmentAtEndOfAssessmentPeriodOperationalRiskInReserveAdministrationForLifeInsuranceCompany"/>
    <link:presentationArc xlink:type="arc" xlink:arcrole="http://www.xbrl.org/2003/arcrole/parent-child" xlink:from="ProportionOfReserveEvaluationPersonnelForLifeInsuranceWithWorkExperienceOverThreeYearsOperationalRiskInReserveAdministrationForLifeInsuranceCompany" xlink:to="NumberOfActuaryPeopleWithThreeYearsExperiencesOfReserveAppraisalOfLifeInsuranceInActuarialDepartmentAtEndOfAssessmentPeriodOperationalRiskInReserveAdministrationForLifeInsuranceCompany" xlink:title="presentation: ProportionOfReserveEvaluationPersonnelForLifeInsuranceWithWorkExperienceOverThreeYearsOperationalRiskInReserveAdministrationForLifeInsuranceCompany to NumberOfActuaryPeopleWithThreeYearsExperiencesOfReserveAppraisalOfLifeInsuranceInActuarialDepartmentAtEndOfAssessmentPeriodOperationalRiskInReserveAdministrationForLifeInsuranceCompany" use="optional" order="10.0" preferredLabel="http://www.xbrl.org/2003/role/terseLabel"/>
    <link:loc xlink:type="locator" xlink:href="../../c-ross_irr_core_2015-12-31.xsd#c-ross_irr_OperationalRiskInReserveAdministrationForLifeInsuranceCompanyNumberOfActuaryPeopleForReserveAppraisalOfLifeInsurance" xlink:label="NumberOfActuaryPeopleForReserveAppraisalOfLifeInsuranceAtEndOfAssessmentPeriodOperationalRiskInReserveAdministrationForLifeInsuranceCompany" xlink:title="NumberOfActuaryPeopleForReserveAppraisalOfLifeInsuranceAtEndOfAssessmentPeriodOperationalRiskInReserveAdministrationForLifeInsuranceCompany"/>
    <link:presentationArc xlink:type="arc" xlink:arcrole="http://www.xbrl.org/2003/arcrole/parent-child" xlink:from="ProportionOfReserveEvaluationPersonnelForLifeInsuranceWithWorkExperienceOverThreeYearsOperationalRiskInReserveAdministrationForLifeInsuranceCompany" xlink:to="NumberOfActuaryPeopleForReserveAppraisalOfLifeInsuranceAtEndOfAssessmentPeriodOperationalRiskInReserveAdministrationForLifeInsuranceCompany" xlink:title="presentation: ProportionOfReserveEvaluationPersonnelForLifeInsuranceWithWorkExperienceOverThreeYearsOperationalRiskInReserveAdministrationForLifeInsuranceCompany to NumberOfActuaryPeopleForReserveAppraisalOfLifeInsuranceAtEndOfAssessmentPeriodOperationalRiskInReserveAdministrationForLifeInsuranceCompany" use="optional" order="20.0" preferredLabel="http://www.xbrl.org/2003/role/terseLabel"/>
    <link:loc xlink:type="locator" xlink:href="../../c-ross_irr_core_2015-12-31.xsd#c-ross_irr_OperationalRiskInReserveAdministrationForLifeInsuranceCompanyNumberOfContinuousWorkYearsOfChiefActuaryScore" xlink:label="NumberOfContinuousWorkYearsOfAppointedActuaryScoreOperationalRiskInReserveAdministrationForLifeInsuranceCompany" xlink:title="NumberOfContinuousWorkYearsOfAppointedActuaryScoreOperationalRiskInReserveAdministrationForLifeInsuranceCompany"/>
    <link:presentationArc xlink:type="arc" xlink:arcrole="http://www.xbrl.org/2003/arcrole/parent-child" xlink:from="StaffPersonnelFactorsScoreOperationalRiskInReserveAdministrationForLifeInsuranceCompany" xlink:to="NumberOfContinuousWorkYearsOfAppointedActuaryScoreOperationalRiskInReserveAdministrationForLifeInsuranceCompany" xlink:title="presentation: StaffPersonnelFactorsScoreOperationalRiskInReserveAdministrationForLifeInsuranceCompany to NumberOfContinuousWorkYearsOfAppointedActuaryScoreOperationalRiskInReserveAdministrationForLifeInsuranceCompany" use="optional" order="20.0" preferredLabel="http://www.xbrl.org/2003/role/terseLabel"/>
    <link:loc xlink:type="locator" xlink:href="../../c-ross_irr_core_2015-12-31.xsd#c-ross_irr_OperationalRiskInReserveAdministrationForLifeInsuranceCompanyNumberOfContinuousWorkYearsOfChiefActuary" xlink:label="NumberOfContinuousWorkYearsOfAppointedActuaryOperationalRiskInReserveAdministrationForLifeInsuranceCompany" xlink:title="NumberOfContinuousWorkYearsOfAppointedActuaryOperationalRiskInReserveAdministrationForLifeInsuranceCompany"/>
    <link:presentationArc xlink:type="arc" xlink:arcrole="http://www.xbrl.org/2003/arcrole/parent-child" xlink:from="NumberOfContinuousWorkYearsOfAppointedActuaryScoreOperationalRiskInReserveAdministrationForLifeInsuranceCompany" xlink:to="NumberOfContinuousWorkYearsOfAppointedActuaryOperationalRiskInReserveAdministrationForLifeInsuranceCompany" xlink:title="presentation: NumberOfContinuousWorkYearsOfAppointedActuaryScoreOperationalRiskInReserveAdministrationForLifeInsuranceCompany to NumberOfContinuousWorkYearsOfAppointedActuaryOperationalRiskInReserveAdministrationForLifeInsuranceCompany" use="optional" order="10.0" preferredLabel="http://www.xbrl.org/2003/role/terseLabel"/>
    <link:loc xlink:type="locator" xlink:href="../../c-ross_irr_core_2015-12-31.xsd#c-ross_irr_OperationalRiskInReserveAdministrationForLifeInsuranceCompanyChangeOfChiefActuaryScore" xlink:label="ChangeOfAppointedActuaryScoreOperationalRiskInReserveAdministrationForLifeInsuranceCompany" xlink:title="ChangeOfAppointedActuaryScoreOperationalRiskInReserveAdministrationForLifeInsuranceCompany"/>
    <link:presentationArc xlink:type="arc" xlink:arcrole="http://www.xbrl.org/2003/arcrole/parent-child" xlink:from="StaffPersonnelFactorsScoreOperationalRiskInReserveAdministrationForLifeInsuranceCompany" xlink:to="ChangeOfAppointedActuaryScoreOperationalRiskInReserveAdministrationForLifeInsuranceCompany" xlink:title="presentation: StaffPersonnelFactorsScoreOperationalRiskInReserveAdministrationForLifeInsuranceCompany to ChangeOfAppointedActuaryScoreOperationalRiskInReserveAdministrationForLifeInsuranceCompany" use="optional" order="30.0" preferredLabel="http://www.xbrl.org/2003/role/terseLabel"/>
    <link:loc xlink:type="locator" xlink:href="../../c-ross_irr_core_2015-12-31.xsd#c-ross_irr_OperationalRiskInReserveAdministrationForLifeInsuranceCompanyNumberOfChangeOfChiefActuary" xlink:label="NumberOfChangesOfAppointedActuaryOperationalRiskInReserveAdministrationForLifeInsuranceCompany" xlink:title="NumberOfChangesOfAppointedActuaryOperationalRiskInReserveAdministrationForLifeInsuranceCompany"/>
    <link:presentationArc xlink:type="arc" xlink:arcrole="http://www.xbrl.org/2003/arcrole/parent-child" xlink:from="ChangeOfAppointedActuaryScoreOperationalRiskInReserveAdministrationForLifeInsuranceCompany" xlink:to="NumberOfChangesOfAppointedActuaryOperationalRiskInReserveAdministrationForLifeInsuranceCompany" xlink:title="presentation: ChangeOfAppointedActuaryScoreOperationalRiskInReserveAdministrationForLifeInsuranceCompany to NumberOfChangesOfAppointedActuaryOperationalRiskInReserveAdministrationForLifeInsuranceCompany" use="optional" order="10.0" preferredLabel="http://www.xbrl.org/2003/role/terseLabel"/>
    <link:loc xlink:type="locator" xlink:href="../../c-ross_irr_core_2015-12-31.xsd#c-ross_irr_OperationalRiskInReserveAdministrationForLifeInsuranceCompanyWorkExperienceOfReinsuranceManagementPersonnelScore" xlink:label="WorkExperienceOfReinsuranceManagementPersonnelScoreOperationalRiskInReserveAdministrationForLifeInsuranceCompany" xlink:title="WorkExperienceOfReinsuranceManagementPersonnelScoreOperationalRiskInReserveAdministrationForLifeInsuranceCompany"/>
    <link:presentationArc xlink:type="arc" xlink:arcrole="http://www.xbrl.org/2003/arcrole/parent-child" xlink:from="StaffPersonnelFactorsScoreOperationalRiskInReserveAdministrationForLifeInsuranceCompany" xlink:to="WorkExperienceOfReinsuranceManagementPersonnelScoreOperationalRiskInReserveAdministrationForLifeInsuranceCompany" xlink:title="presentation: StaffPersonnelFactorsScoreOperationalRiskInReserveAdministrationForLifeInsuranceCompany to WorkExperienceOfReinsuranceManagementPersonnelScoreOperationalRiskInReserveAdministrationForLifeInsuranceCompany" use="optional" order="40.0" preferredLabel="http://www.xbrl.org/2003/role/terseLabel"/>
    <link:loc xlink:type="locator" xlink:href="../../c-ross_irr_core_2015-12-31.xsd#c-ross_irr_OperationalRiskInReserveAdministrationForLifeInsuranceCompanyProportionOfReinsuranceManagementPersonnelWithWorkExperienceOfOverThreeYears" xlink:label="ProportionOfReinsuranceManagementPersonnelWithWorkExperienceOfOverThreeYearsOperationalRiskInReserveAdministrationForLifeInsuranceCompany" xlink:title="ProportionOfReinsuranceManagementPersonnelWithWorkExperienceOfOverThreeYearsOperationalRiskInReserveAdministrationForLifeInsuranceCompany"/>
    <link:presentationArc xlink:type="arc" xlink:arcrole="http://www.xbrl.org/2003/arcrole/parent-child" xlink:from="WorkExperienceOfReinsuranceManagementPersonnelScoreOperationalRiskInReserveAdministrationForLifeInsuranceCompany" xlink:to="ProportionOfReinsuranceManagementPersonnelWithWorkExperienceOfOverThreeYearsOperationalRiskInReserveAdministrationForLifeInsuranceCompany" xlink:title="presentation: WorkExperienceOfReinsuranceManagementPersonnelScoreOperationalRiskInReserveAdministrationForLifeInsuranceCompany to ProportionOfReinsuranceManagementPersonnelWithWorkExperienceOfOverThreeYearsOperationalRiskInReserveAdministrationForLifeInsuranceCompany" use="optional" order="10.0" preferredLabel="http://www.xbrl.org/2003/role/terseLabel"/>
    <link:loc xlink:type="locator" xlink:href="../../c-ross_irr_core_2015-12-31.xsd#c-ross_irr_OperationalRiskInReserveAdministrationForLifeInsuranceCompanyNumberOfPeopleWithThreeYearsOfRelativeExperiencesOrAboveForReinsuranceManagement" xlink:label="OperationalRiskInReserveAdministrationForLifeInsuranceCompanyNumberOfPeopleWithThreeYearsOfRelativeExperiencesOrAboveForReinsuranceManagement" xlink:title="NumberOfPeopleWithThreeYearsOfRelativeExperiencesOrAboveForReinsuranceManagementOperationalRiskInReserveAdministrationForLifeInsuranceCompany"/>
    <link:presentationArc xlink:type="arc" xlink:arcrole="http://www.xbrl.org/2003/arcrole/parent-child" xlink:from="ProportionOfReinsuranceManagementPersonnelWithWorkExperienceOfOverThreeYearsOperationalRiskInReserveAdministrationForLifeInsuranceCompany" xlink:to="OperationalRiskInReserveAdministrationForLifeInsuranceCompanyNumberOfPeopleWithThreeYearsOfRelativeExperiencesOrAboveForReinsuranceManagement" xlink:title="presentation: OperationalRiskInReserveAdministrationForLifeInsuranceCompanyProportionOfReinsuranceManagementPersonnelWithWorkExperienceOfOverThreeYears to OperationalRiskInReserveAdministrationForLifeInsuranceCompanyNumberOfPeopleWithThreeYearsOfRelativeExperiencesOrAboveForReinsuranceManagement" use="optional" order="10.0" preferredLabel="http://www.xbrl.org/2003/role/terseLabel"/>
    <link:loc xlink:type="locator" xlink:href="../../c-ross_irr_core_2015-12-31.xsd#c-ross_irr_OperationalRiskInReserveAdministrationForLifeInsuranceCompanyNumberOfPeopleForReinsuranceManagement" xlink:label="OperationalRiskInReserveAdministrationForLifeInsuranceCompanyNumberOfPeopleForReinsuranceManagement" xlink:title="NumberOfPeopleForReinsuranceManagementOperationalRiskInReserveAdministrationForLifeInsuranceCompany"/>
    <link:presentationArc xlink:type="arc" xlink:arcrole="http://www.xbrl.org/2003/arcrole/parent-child" xlink:from="ProportionOfReinsuranceManagementPersonnelWithWorkExperienceOfOverThreeYearsOperationalRiskInReserveAdministrationForLifeInsuranceCompany" xlink:to="OperationalRiskInReserveAdministrationForLifeInsuranceCompanyNumberOfPeopleForReinsuranceManagement" xlink:title="presentation: OperationalRiskInReserveAdministrationForLifeInsuranceCompanyProportionOfReinsuranceManagementPersonnelWithWorkExperienceOfOverThreeYears to OperationalRiskInReserveAdministrationForLifeInsuranceCompanyNumberOfPeopleForReinsuranceManagement" use="optional" order="20.0" preferredLabel="http://www.xbrl.org/2003/role/terseLabel"/>
    <link:loc xlink:type="locator" xlink:href="../../c-ross_irr_core_2015-12-31.xsd#c-ross_irr_OperationalRiskInReserveAdministrationForLifeInsuranceCompanyOperatingProceduresScore" xlink:label="OperatingProceduresScoreOperationalRiskInReserveAdministrationForLifeInsuranceCompany" xlink:title="OperatingProceduresScoreOperationalRiskInReserveAdministrationForLifeInsuranceCompany"/>
    <link:presentationArc xlink:type="arc" xlink:arcrole="http://www.xbrl.org/2003/arcrole/parent-child" xlink:from="OperationalRiskInReserveAdministrationForLifeInsuranceCompanyAbstract" xlink:to="OperatingProceduresScoreOperationalRiskInReserveAdministrationForLifeInsuranceCompany" xlink:title="presentation: OperationalRiskInReserveAdministrationForLifeInsuranceCompanyAbstract to OperatingProceduresScoreOperationalRiskInReserveAdministrationForLifeInsuranceCompany" order="20.0" preferredLabel="http://www.xbrl.org/2003/role/terseLabel"/>
    <link:loc xlink:type="locator" xlink:href="../../c-ross_irr_core_2015-12-31.xsd#c-ross_irr_OperationalRiskInReserveAdministrationForLifeInsuranceCompanyErrorsInReinsuranceContractsScore" xlink:label="ErrorsInReinsuranceContractsScoreOperationalRiskInReserveAdministrationForLifeInsuranceCompany" xlink:title="ErrorsInReinsuranceContractsScoreOperationalRiskInReserveAdministrationForLifeInsuranceCompany"/>
    <link:presentationArc xlink:type="arc" xlink:arcrole="http://www.xbrl.org/2003/arcrole/parent-child" xlink:from="OperatingProceduresScoreOperationalRiskInReserveAdministrationForLifeInsuranceCompany" xlink:to="ErrorsInReinsuranceContractsScoreOperationalRiskInReserveAdministrationForLifeInsuranceCompany" xlink:title="presentation: OperatingProceduresScoreOperationalRiskInReserveAdministrationForLifeInsuranceCompany to ErrorsInReinsuranceContractsScoreOperationalRiskInReserveAdministrationForLifeInsuranceCompany" use="optional" order="10.0" preferredLabel="http://www.xbrl.org/2003/role/terseLabel"/>
    <link:loc xlink:type="locator" xlink:href="../../c-ross_irr_core_2015-12-31.xsd#c-ross_irr_OperationalRiskInReserveAdministrationForLifeInsuranceCompanyNumberOfErrorsInReinsuranceContracts" xlink:label="NumberOfErrorsInReinsuranceContractsOperationalRiskInReserveAdministrationForLifeInsuranceCompany" xlink:title="NumberOfErrorsInReinsuranceContractsOperationalRiskInReserveAdministrationForLifeInsuranceCompany"/>
    <link:presentationArc xlink:type="arc" xlink:arcrole="http://www.xbrl.org/2003/arcrole/parent-child" xlink:from="ErrorsInReinsuranceContractsScoreOperationalRiskInReserveAdministrationForLifeInsuranceCompany" xlink:to="NumberOfErrorsInReinsuranceContractsOperationalRiskInReserveAdministrationForLifeInsuranceCompany" xlink:title="presentation: ErrorsInReinsuranceContractsScoreOperationalRiskInReserveAdministrationForLifeInsuranceCompany to NumberOfErrorsInReinsuranceContractsOperationalRiskInReserveAdministrationForLifeInsuranceCompany" use="optional" order="10.0" preferredLabel="http://www.xbrl.org/2003/role/terseLabel"/>
    <link:loc xlink:type="locator" xlink:href="../../c-ross_irr_core_2015-12-31.xsd#c-ross_irr_OperationalRiskInReserveAdministrationForLifeInsuranceCompanyErrorsInReinsuranceDataScore" xlink:label="ErrorsInReinsuranceDataScoreOperationalRiskInReserveAdministrationForLifeInsuranceCompany" xlink:title="ErrorsInReinsuranceDataScoreOperationalRiskInReserveAdministrationForLifeInsuranceCompany"/>
    <link:presentationArc xlink:type="arc" xlink:arcrole="http://www.xbrl.org/2003/arcrole/parent-child" xlink:from="OperatingProceduresScoreOperationalRiskInReserveAdministrationForLifeInsuranceCompany" xlink:to="ErrorsInReinsuranceDataScoreOperationalRiskInReserveAdministrationForLifeInsuranceCompany" xlink:title="presentation: OperatingProceduresScoreOperationalRiskInReserveAdministrationForLifeInsuranceCompany to ErrorsInReinsuranceDataScoreOperationalRiskInReserveAdministrationForLifeInsuranceCompany" use="optional" order="20.0" preferredLabel="http://www.xbrl.org/2003/role/terseLabel"/>
    <link:loc xlink:type="locator" xlink:href="../../c-ross_irr_core_2015-12-31.xsd#c-ross_irr_OperationalRiskInReserveAdministrationForLifeInsuranceCompanyNumberOfErrorsInReinsuranceDataFoundByInspection" xlink:label="NumberOfErrorsInReinsuranceDataDiscoveredByCompanyItselfOperationalRiskInReserveAdministrationForLifeInsuranceCompany" xlink:title="NumberOfErrorsInReinsuranceDataDiscoveredByCompanyItselfOperationalRiskInReserveAdministrationForLifeInsuranceCompany"/>
    <link:presentationArc xlink:type="arc" xlink:arcrole="http://www.xbrl.org/2003/arcrole/parent-child" xlink:from="ErrorsInReinsuranceDataScoreOperationalRiskInReserveAdministrationForLifeInsuranceCompany" xlink:to="NumberOfErrorsInReinsuranceDataDiscoveredByCompanyItselfOperationalRiskInReserveAdministrationForLifeInsuranceCompany" xlink:title="presentation: ErrorsInReinsuranceDataScoreOperationalRiskInReserveAdministrationForLifeInsuranceCompany to NumberOfErrorsInReinsuranceDataDiscoveredByCompanyItselfOperationalRiskInReserveAdministrationForLifeInsuranceCompany" use="optional" order="10.0" preferredLabel="http://www.xbrl.org/2003/role/terseLabel"/>
    <link:loc xlink:type="locator" xlink:href="../../c-ross_irr_core_2015-12-31.xsd#c-ross_irr_OperationalRiskInReserveAdministrationForLifeInsuranceCompanyConsistencyOfReserveEvaluationDataScore" xlink:label="ConsistencyOfReserveEvaluationDataScoreOperationalRiskInReserveAdministrationForLifeInsuranceCompany" xlink:title="ConsistencyOfReserveEvaluationDataScoreOperationalRiskInReserveAdministrationForLifeInsuranceCompany"/>
    <link:presentationArc xlink:type="arc" xlink:arcrole="http://www.xbrl.org/2003/arcrole/parent-child" xlink:from="OperatingProceduresScoreOperationalRiskInReserveAdministrationForLifeInsuranceCompany" xlink:to="ConsistencyOfReserveEvaluationDataScoreOperationalRiskInReserveAdministrationForLifeInsuranceCompany" xlink:title="presentation: OperatingProceduresScoreOperationalRiskInReserveAdministrationForLifeInsuranceCompany to ConsistencyOfReserveEvaluationDataScoreOperationalRiskInReserveAdministrationForLifeInsuranceCompany" use="optional" order="30.0" preferredLabel="http://www.xbrl.org/2003/role/terseLabel"/>
    <link:loc xlink:type="locator" xlink:href="../../c-ross_irr_core_2015-12-31.xsd#c-ross_irr_OperationalRiskInReserveAdministrationForLifeInsuranceCompanyNumberOfDeviationOfReserveEvaluationDataFoundByInspection" xlink:label="NumberOfDeviationOfReserveEvaluationDataDiscoveredByCompanyItselfOperationalRiskInReserveAdministrationForLifeInsuranceCompany" xlink:title="NumberOfDeviationOfReserveEvaluationDataDiscoveredByCompanyItselfOperationalRiskInReserveAdministrationForLifeInsuranceCompany"/>
    <link:presentationArc xlink:type="arc" xlink:arcrole="http://www.xbrl.org/2003/arcrole/parent-child" xlink:from="ConsistencyOfReserveEvaluationDataScoreOperationalRiskInReserveAdministrationForLifeInsuranceCompany" xlink:to="NumberOfDeviationOfReserveEvaluationDataDiscoveredByCompanyItselfOperationalRiskInReserveAdministrationForLifeInsuranceCompany" xlink:title="presentation: ConsistencyOfReserveEvaluationDataScoreOperationalRiskInReserveAdministrationForLifeInsuranceCompany to NumberOfDeviationOfReserveEvaluationDataDiscoveredByCompanyItselfOperationalRiskInReserveAdministrationForLifeInsuranceCompany" use="optional" order="10.0" preferredLabel="http://www.xbrl.org/2003/role/terseLabel"/>
    <link:loc xlink:type="locator" xlink:href="../../c-ross_irr_core_2015-12-31.xsd#c-ross_irr_OperationalRiskInReserveAdministrationForLifeInsuranceCompanyAccuracyOfReserveEvaluationModelScore" xlink:label="AccuracyOfReserveEvaluationModelScoreOperationalRiskInReserveAdministrationForLifeInsuranceCompany" xlink:title="AccuracyOfReserveEvaluationModelScoreOperationalRiskInReserveAdministrationForLifeInsuranceCompany"/>
    <link:presentationArc xlink:type="arc" xlink:arcrole="http://www.xbrl.org/2003/arcrole/parent-child" xlink:from="OperatingProceduresScoreOperationalRiskInReserveAdministrationForLifeInsuranceCompany" xlink:to="AccuracyOfReserveEvaluationModelScoreOperationalRiskInReserveAdministrationForLifeInsuranceCompany" xlink:title="presentation: OperatingProceduresScoreOperationalRiskInReserveAdministrationForLifeInsuranceCompany to AccuracyOfReserveEvaluationModelScoreOperationalRiskInReserveAdministrationForLifeInsuranceCompany" use="optional" order="40.0" preferredLabel="http://www.xbrl.org/2003/role/terseLabel"/>
    <link:loc xlink:type="locator" xlink:href="../../c-ross_irr_core_2015-12-31.xsd#c-ross_irr_OperationalRiskInReserveAdministrationForLifeInsuranceCompanyNumberOfErrorsInReserveEvaluationModelFoundByInspection" xlink:label="NumberOfErrorsInReserveEvaluationModelDiscoveredByCompanyItselfOperationalRiskInReserveAdministrationForLifeInsuranceCompany" xlink:title="NumberOfErrorsInReserveEvaluationModelDiscoveredByCompanyItselfOperationalRiskInReserveAdministrationForLifeInsuranceCompany"/>
    <link:presentationArc xlink:type="arc" xlink:arcrole="http://www.xbrl.org/2003/arcrole/parent-child" xlink:from="AccuracyOfReserveEvaluationModelScoreOperationalRiskInReserveAdministrationForLifeInsuranceCompany" xlink:to="NumberOfErrorsInReserveEvaluationModelDiscoveredByCompanyItselfOperationalRiskInReserveAdministrationForLifeInsuranceCompany" xlink:title="presentation: AccuracyOfReserveEvaluationModelScoreOperationalRiskInReserveAdministrationForLifeInsuranceCompany to NumberOfErrorsInReserveEvaluationModelDiscoveredByCompanyItselfOperationalRiskInReserveAdministrationForLifeInsuranceCompany" use="optional" order="10.0" preferredLabel="http://www.xbrl.org/2003/role/terseLabel"/>
    <link:loc xlink:type="locator" xlink:href="../../c-ross_irr_core_2015-12-31.xsd#c-ross_irr_OperationalRiskInReserveAdministrationForLifeInsuranceCompanyAccuracyOfRegulatoryReportScore" xlink:label="AccuracyOfRegulatoryReportScoreOperationalRiskInReserveAdministrationForLifeInsuranceCompany" xlink:title="AccuracyOfRegulatoryReportScoreOperationalRiskInReserveAdministrationForLifeInsuranceCompany"/>
    <link:presentationArc xlink:type="arc" xlink:arcrole="http://www.xbrl.org/2003/arcrole/parent-child" xlink:from="OperatingProceduresScoreOperationalRiskInReserveAdministrationForLifeInsuranceCompany" xlink:to="AccuracyOfRegulatoryReportScoreOperationalRiskInReserveAdministrationForLifeInsuranceCompany" xlink:title="presentation: OperatingProceduresScoreOperationalRiskInReserveAdministrationForLifeInsuranceCompany to AccuracyOfRegulatoryReportScoreOperationalRiskInReserveAdministrationForLifeInsuranceCompany" use="optional" order="50.0" preferredLabel="http://www.xbrl.org/2003/role/terseLabel"/>
    <link:loc xlink:type="locator" xlink:href="../../c-ross_irr_core_2015-12-31.xsd#c-ross_irr_OperationalRiskInReserveAdministrationForLifeInsuranceCompanyNumberOfErrorsInRegulatoryReportFoundByInspection" xlink:label="NumberOfErrorsInRegulatoryReportDiscoveredByCompanyItselfOperationalRiskInReserveAdministrationForLifeInsuranceCompany" xlink:title="NumberOfErrorsInRegulatoryReportDiscoveredByCompanyItselfOperationalRiskInReserveAdministrationForLifeInsuranceCompany"/>
    <link:presentationArc xlink:type="arc" xlink:arcrole="http://www.xbrl.org/2003/arcrole/parent-child" xlink:from="AccuracyOfRegulatoryReportScoreOperationalRiskInReserveAdministrationForLifeInsuranceCompany" xlink:to="NumberOfErrorsInRegulatoryReportDiscoveredByCompanyItselfOperationalRiskInReserveAdministrationForLifeInsuranceCompany" xlink:title="presentation: AccuracyOfRegulatoryReportScoreOperationalRiskInReserveAdministrationForLifeInsuranceCompany to NumberOfErrorsInRegulatoryReportDiscoveredByCompanyItselfOperationalRiskInReserveAdministrationForLifeInsuranceCompany" use="optional" order="10.0" preferredLabel="http://www.xbrl.org/2003/role/terseLabel"/>
    <link:loc xlink:type="locator" xlink:href="../../c-ross_irr_core_2015-12-31.xsd#c-ross_irr_OperationalRiskInReserveAdministrationForLifeInsuranceCompanyInformationSystemScore" xlink:label="InformationSystemScoreOperationalRiskInReserveAdministrationForLifeInsuranceCompany" xlink:title="InformationSystemScoreOperationalRiskInReserveAdministrationForLifeInsuranceCompany"/>
    <link:presentationArc xlink:type="arc" xlink:arcrole="http://www.xbrl.org/2003/arcrole/parent-child" xlink:from="OperationalRiskInReserveAdministrationForLifeInsuranceCompanyAbstract" xlink:to="InformationSystemScoreOperationalRiskInReserveAdministrationForLifeInsuranceCompany" xlink:title="presentation: OperationalRiskInReserveAdministrationForLifeInsuranceCompanyAbstract to InformationSystemScoreOperationalRiskInReserveAdministrationForLifeInsuranceCompany" order="30.0" preferredLabel="http://www.xbrl.org/2003/role/terseLabel"/>
    <link:loc xlink:type="locator" xlink:href="../../c-ross_irr_core_2015-12-31.xsd#c-ross_irr_OperationalRiskInReserveAdministrationForLifeInsuranceCompanyErrorsInReserveEvaluationSystemScore" xlink:label="OperationalRiskInReserveAdministrationForLifeInsuranceCompanyErrorsInReserveEvaluationSystemScore" xlink:title="OperationalRiskInReserveAdministrationForLifeInsuranceCompanyErrorsInReserveEvaluationSystemScore"/>
    <link:presentationArc xlink:type="arc" xlink:arcrole="http://www.xbrl.org/2003/arcrole/parent-child" xlink:from="InformationSystemScoreOperationalRiskInReserveAdministrationForLifeInsuranceCompany" xlink:to="OperationalRiskInReserveAdministrationForLifeInsuranceCompanyErrorsInReserveEvaluationSystemScore" xlink:title="presentation: OperationalRiskInReserveAdministrationForLifeInsuranceCompanyInformationSystemScore to OperationalRiskInReserveAdministrationForLifeInsuranceCompanyErrorsInReserveEvaluationSystemScore" order="10.0" preferredLabel="http://www.xbrl.org/2003/role/terseLabel"/>
    <link:loc xlink:type="locator" xlink:href="../../c-ross_irr_core_2015-12-31.xsd#c-ross_irr_OperationalRiskInReserveAdministrationForLifeInsuranceCompanyTimesOfErrorsInReserveEvaluationSystem" xlink:label="OperationalRiskInReserveAdministrationForLifeInsuranceCompanyTimesOfErrorsInReserveEvaluationSystem" xlink:title="NumberOfErrorsInReserveEvaluationSystemOperationalRiskInReserveAdministrationForLifeInsuranceCompany"/>
    <link:presentationArc xlink:type="arc" xlink:arcrole="http://www.xbrl.org/2003/arcrole/parent-child" xlink:from="OperationalRiskInReserveAdministrationForLifeInsuranceCompanyErrorsInReserveEvaluationSystemScore" xlink:to="OperationalRiskInReserveAdministrationForLifeInsuranceCompanyTimesOfErrorsInReserveEvaluationSystem" xlink:title="presentation: OperationalRiskInReserveAdministrationForLifeInsuranceCompanyErrorsInReserveEvaluationSystemScore to OperationalRiskInReserveAdministrationForLifeInsuranceCompanyTimesOfErrorsInReserveEvaluationSystem" use="optional" order="10.0" preferredLabel="http://www.xbrl.org/2003/role/terseLabel"/>
    <link:loc xlink:type="locator" xlink:href="../../c-ross_irr_core_2015-12-31.xsd#c-ross_irr_OperationalRiskInReserveAdministrationForLifeInsuranceCompanyExternalFactorsScore" xlink:label="ExternalFactorsScoreOperationalRiskInReserveAdministrationForLifeInsuranceCompany" xlink:title="ExternalFactorsScoreOperationalRiskInReserveAdministrationForLifeInsuranceCompany"/>
    <link:presentationArc xlink:type="arc" xlink:arcrole="http://www.xbrl.org/2003/arcrole/parent-child" xlink:from="OperationalRiskInReserveAdministrationForLifeInsuranceCompanyAbstract" xlink:to="ExternalFactorsScoreOperationalRiskInReserveAdministrationForLifeInsuranceCompany" xlink:title="presentation: OperationalRiskInReserveAdministrationForLifeInsuranceCompanyAbstract to ExternalFactorsScoreOperationalRiskInReserveAdministrationForLifeInsuranceCompany" order="40.0" preferredLabel="http://www.xbrl.org/2003/role/terseLabel"/>
    <link:loc xlink:type="locator" xlink:href="../../c-ross_irr_core_2015-12-31.xsd#c-ross_irr_OperationalRiskInReserveAdministrationForLifeInsuranceCompanyDisputesInReinsuranceBusinessContractScore" xlink:label="OperationalRiskInReserveAdministrationForLifeInsuranceCompanyDisputesInReinsuranceBusinessContractScore" xlink:title="OperationalRiskInReserveAdministrationForLifeInsuranceCompanyDisputesInReinsuranceBusinessContractScore"/>
    <link:presentationArc xlink:type="arc" xlink:arcrole="http://www.xbrl.org/2003/arcrole/parent-child" xlink:from="ExternalFactorsScoreOperationalRiskInReserveAdministrationForLifeInsuranceCompany" xlink:to="OperationalRiskInReserveAdministrationForLifeInsuranceCompanyDisputesInReinsuranceBusinessContractScore" xlink:title="presentation: OperationalRiskInReserveAdministrationForLifeInsuranceCompanyExternalFactorsScore to OperationalRiskInReserveAdministrationForLifeInsuranceCompanyDisputesInReinsuranceBusinessContractScore" order="10.0" preferredLabel="http://www.xbrl.org/2003/role/terseLabel"/>
    <link:loc xlink:type="locator" xlink:href="../../c-ross_irr_core_2015-12-31.xsd#c-ross_irr_OperationalRiskInReserveAdministrationForLifeInsuranceCompanyNumberOfContractDisputesFoundByInspection" xlink:label="OperationalRiskInReserveAdministrationForLifeInsuranceCompanyNumberOfContractDisputesFoundByInspection" xlink:title="NumberOfContractDisputesDiscoveredByCompanyItselfOperationalRiskInReserveAdministrationForLifeInsuranceCompany"/>
    <link:presentationArc xlink:type="arc" xlink:arcrole="http://www.xbrl.org/2003/arcrole/parent-child" xlink:from="OperationalRiskInReserveAdministrationForLifeInsuranceCompanyDisputesInReinsuranceBusinessContractScore" xlink:to="OperationalRiskInReserveAdministrationForLifeInsuranceCompanyNumberOfContractDisputesFoundByInspection" xlink:title="presentation: OperationalRiskInReserveAdministrationForLifeInsuranceCompanyDisputesInReinsuranceBusinessContractScore to OperationalRiskInReserveAdministrationForLifeInsuranceCompanyNumberOfContractDisputesFoundByInspection" use="optional" order="10.0" preferredLabel="http://www.xbrl.org/2003/role/terseLabel"/>
    <link:loc xlink:type="locator" xlink:href="../../c-ross_irr_core_2015-12-31.xsd#c-ross_irr_OperationalRiskInReserveAdministrationForLifeInsuranceCompanyScore" xlink:label="OperationalRiskInReserveAdministrationForLifeInsuranceCompanyScore" xlink:title="OperationalRiskInReserveAdministrationForLifeInsuranceCompanyScore"/>
    <link:presentationArc xlink:type="arc" xlink:arcrole="http://www.xbrl.org/2003/arcrole/parent-child" xlink:from="OperationalRiskInReserveAdministrationForLifeInsuranceCompanyAbstract" xlink:to="OperationalRiskInReserveAdministrationForLifeInsuranceCompanyScore" xlink:title="presentation: OperationalRiskInReserveAdministrationForLifeInsuranceCompanyAbstract to OperationalRiskInReserveAdministrationForLifeInsuranceCompanyScore" order="50.0" preferredLabel="http://www.xbrl.org/2003/role/totalLabel"/>
    <link:loc xlink:type="locator" xlink:href="../../c-ross_irr_core_2015-12-31.xsd#c-ross_irr_OperationalRiskInReserveAdministrationForLifeInsuranceCompanyWhetherInsuranceCompaniesSubmittedFakeInformationInRecentFourQuarters" xlink:label="OperationalRiskInReserveAdministrationForLifeInsuranceCompanyWhetherInsuranceCompaniesSubmittedFakeInformationInRecentFourQuarters" xlink:title="OperationalRiskInReserveAdministrationForLifeInsuranceCompanyWhetherInsuranceCompaniesSubmittedFakeInformationInRecentFourQuarters"/>
    <link:presentationArc xlink:type="arc" xlink:arcrole="http://www.xbrl.org/2003/arcrole/parent-child" xlink:from="OperationalRiskInReserveAdministrationForLifeInsuranceCompanyAbstract" xlink:to="OperationalRiskInReserveAdministrationForLifeInsuranceCompanyWhetherInsuranceCompaniesSubmittedFakeInformationInRecentFourQuarters" xlink:title="presentation: OperationalRiskInReserveAdministrationForLifeInsuranceCompanyAbstract to OperationalRiskInReserveAdministrationForLifeInsuranceCompanyWhetherInsuranceCompaniesSubmittedFakeInformationInRecentFourQuarters" order="60.0" preferredLabel="http://www.xbrl.org/2003/role/terseLabel"/>
    <link:loc xlink:type="locator" xlink:href="../../c-ross_irr_core_2015-12-31.xsd#c-ross_irr_OperationalRiskInReserveAdministrationForLifeInsuranceCompanyRegulatoryAdjustedScore" xlink:label="OperationalRiskInReserveAdministrationForLifeInsuranceCompanyAdjustedScore" xlink:title="OperationalRiskInReserveAdministrationForLifeInsuranceCompanyAdjustedScore"/>
    <link:presentationArc xlink:type="arc" xlink:arcrole="http://www.xbrl.org/2003/arcrole/parent-child" xlink:from="OperationalRiskInReserveAdministrationForLifeInsuranceCompanyAbstract" xlink:to="OperationalRiskInReserveAdministrationForLifeInsuranceCompanyAdjustedScore" xlink:title="presentation: OperationalRiskInReserveAdministrationForLifeInsuranceCompanyAbstract to OperationalRiskInReserveAdministrationForLifeInsuranceCompanyAdjustedScore" order="70.0" preferredLabel="http://www.xbrl.org/2003/role/terseLabel"/>
    <link:loc xlink:type="locator" xlink:href="../../c-ross_irr_core_2015-12-31.xsd#c-ross_irr_OperationalRiskInReserveAdministrationForLifeInsuranceCompanyRegulatoryAdjustmentCriterion" xlink:label="OperationalRiskInReserveAdministrationForLifeInsuranceCompanyAdjustmentCriterion" xlink:title="OperationalRiskInReserveAdministrationForLifeInsuranceCompanyAdjustmentCriterion"/>
    <link:presentationArc xlink:type="arc" xlink:arcrole="http://www.xbrl.org/2003/arcrole/parent-child" xlink:from="OperationalRiskInReserveAdministrationForLifeInsuranceCompanyAbstract" xlink:to="OperationalRiskInReserveAdministrationForLifeInsuranceCompanyAdjustmentCriterion" xlink:title="presentation: OperationalRiskInReserveAdministrationForLifeInsuranceCompanyAbstract to OperationalRiskInReserveAdministrationForLifeInsuranceCompanyAdjustmentCriterion" order="80.0" preferredLabel="http://www.xbrl.org/2003/role/terseLabel"/>
    <link:loc xlink:type="locator" xlink:href="../../c-ross_irr_core_2015-12-31.xsd#c-ross_irr_OperationalRiskInReserveAdministrationForLifeInsuranceCompanyFinalScore" xlink:label="OperationalRiskInReserveAdministrationForLifeInsuranceCompanyFinalScore" xlink:title="OperationalRiskInReserveAdministrationForLifeInsuranceCompanyFinalScore"/>
    <link:presentationArc xlink:type="arc" xlink:arcrole="http://www.xbrl.org/2003/arcrole/parent-child" xlink:from="OperationalRiskInReserveAdministrationForLifeInsuranceCompanyAbstract" xlink:to="OperationalRiskInReserveAdministrationForLifeInsuranceCompanyFinalScore" xlink:title="presentation: OperationalRiskInReserveAdministrationForLifeInsuranceCompanyAbstract to OperationalRiskInReserveAdministrationForLifeInsuranceCompanyFinalScore" order="90.0" preferredLabel="http://www.xbrl.org/2003/role/terseLabel"/>
  </link:presentationLink>
  <link:presentationLink xlink:type="extended" xlink:role="http://xbrl.circ.gov.cn/role/c-ross_irr_2015-12-31_role-3321512a">
    <link:loc xlink:type="locator" xlink:href="../../c-ross_irr_core_2015-12-31.xsd#c-ross_irr_OperationalRiskInReserveAdministrationForLifeInsuranceCompanyAbstract" xlink:label="OperationalRiskInReserveAdministrationForLifeInsuranceCompanyAbstract" xlink:title="OperationalRiskInReserveAdministrationForLifeInsuranceCompanyAbstract"/>
    <link:loc xlink:type="locator" xlink:href="../../c-ross_irr_core_2015-12-31.xsd#c-ross_irr_IndustryAverageProportionOfReinsuranceManagementPersonnelWithWorkExperienceOfOverThreeYearsLifeInsuranceCompany" xlink:label="IndustryAverageProportionOfReinsuranceManagementPersonnelWithWorkExperienceOfOverThreeYearsLifeInsuranceCompany" xlink:title="IndustryAverageProportionOfReinsuranceManagementPersonnelWithWorkExperienceOfOverThreeYearsLifeInsuranceCompany"/>
    <link:presentationArc xlink:type="arc" xlink:arcrole="http://www.xbrl.org/2003/arcrole/parent-child" xlink:from="OperationalRiskInReserveAdministrationForLifeInsuranceCompanyAbstract" xlink:to="IndustryAverageProportionOfReinsuranceManagementPersonnelWithWorkExperienceOfOverThreeYearsLifeInsuranceCompany" xlink:title="presentation: OperationalRiskInReserveAdministrationForLifeInsuranceCompanyAbstract to IndustryAverageProportionOfReinsuranceManagementPersonnelWithWorkExperienceOfOverThreeYearsLifeInsuranceCompany" order="30.0" preferredLabel="http://www.xbrl.org/2003/role/terseLabel"/>
    <link:loc xlink:type="locator" xlink:href="../../c-ross_irr_core_2015-12-31.xsd#c-ross_irr_IndustryAverageProportionOfReserveEvaluationPersonnelForLifeInsuranceWithWorkExperienceOverThreeYearsLifeInsuranceCompany" xlink:label="IndustryAverageProportionOfReserveEvaluationPersonnelForLifeInsuranceWithWorkExperienceOverThreeYearsLifeInsuranceCompany" xlink:title="IndustryAverageProportionOfReserveEvaluationPersonnelForLifeInsuranceWithWorkExperienceOverThreeYearsLifeInsuranceCompany"/>
    <link:presentationArc xlink:type="arc" xlink:arcrole="http://www.xbrl.org/2003/arcrole/parent-child" xlink:from="OperationalRiskInReserveAdministrationForLifeInsuranceCompanyAbstract" xlink:to="IndustryAverageProportionOfReserveEvaluationPersonnelForLifeInsuranceWithWorkExperienceOverThreeYearsLifeInsuranceCompany" xlink:title="presentation: OperationalRiskInReserveAdministrationForLifeInsuranceCompanyAbstract to IndustryAverageProportionOfReserveEvaluationPersonnelForLifeInsuranceWithWorkExperienceOverThreeYearsLifeInsuranceCompany" order="10.0" preferredLabel="http://www.xbrl.org/2003/role/terseLabel"/>
    <link:loc xlink:type="locator" xlink:href="../../c-ross_irr_core_2015-12-31.xsd#c-ross_irr_IndustryAverageNumberOfContinuousWorkYearsOfChiefActuaryLifeInsuranceCompany" xlink:label="IndustryAverageNumberOfContinuousWorkYearsOfChiefActuaryLifeInsuranceCompany" xlink:title="IndustryAverageNumberOfContinuousWorkYearsOfChiefActuaryLifeInsuranceCompany"/>
    <link:presentationArc xlink:type="arc" xlink:arcrole="http://www.xbrl.org/2003/arcrole/parent-child" xlink:from="OperationalRiskInReserveAdministrationForLifeInsuranceCompanyAbstract" xlink:to="IndustryAverageNumberOfContinuousWorkYearsOfChiefActuaryLifeInsuranceCompany" xlink:title="presentation: OperationalRiskInReserveAdministrationForLifeInsuranceCompanyAbstract to IndustryAverageNumberOfContinuousWorkYearsOfChiefActuaryLifeInsuranceCompany" order="20.0" preferredLabel="http://www.xbrl.org/2003/role/terseLabel"/>
  </link:presentationLink>
</link:linkbase>
