<?xml version="1.0" encoding="UTF-8"?>

<!--Taxonomy: 2015-12-31 (Draft)
	**********************
	Copyright © 2015 China Insurance Regulatory Commission.
	All rights reserved.  No part of this publication may be translated, reprinted or reproduced or utilised in any form either in whole or in part without prior permission in writing from China Insurance Regulatory Commission.
	  **********************-->
<link:linkbase xmlns:xsi="http://www.w3.org/2001/XMLSchema-instance" xsi:schemaLocation="http://www.xbrl.org/2003/linkbase http://www.xbrl.org/2003/xbrl-linkbase-2003-12-31.xsd" xmlns:full_entry_point="http://xbrl.circ.gov.cn/taxonomy/2015-12-31/c-ross_irr/full_entry_point" xmlns:irr_pc_com_entry_point="http://xbrl.circ.gov.cn/taxonomy/2015-12-31/c-ross_irr/irr_p&amp;c_com_entry_point" xmlns:link="http://www.xbrl.org/2003/linkbase" xmlns:irr_full_entry_point="http://xbrl.circ.gov.cn/taxonomy/2015-12-31/c-ross/irr_full_entry_point" xmlns:irr_reg_com_entry_point="http://xbrl.circ.gov.cn/taxonomy/2015-12-31/c-ross_irr/irr_reg_com_entry_point" xmlns:xbrli="http://www.xbrl.org/2003/instance" xmlns:xlink="http://www.w3.org/1999/xlink">
  <link:roleRef roleURI="http://xbrl.circ.gov.cn/role/c-ross_irr_2015-12-31_role-3320511" xlink:type="simple" xlink:href="rol_c-ross_10_2015-12-31.xsd#c-ross_irr_2015-12-31-3320511"/>
  <link:roleRef roleURI="http://xbrl.circ.gov.cn/role/c-ross_irr_2015-12-31_role-3320511a" xlink:type="simple" xlink:href="rol_c-ross_10_2015-12-31.xsd#c-ross_irr_2015-12-31-3320511a"/>
  <link:presentationLink xlink:type="extended" xlink:role="http://xbrl.circ.gov.cn/role/c-ross_irr_2015-12-31_role-3320511">
    <link:loc xlink:type="locator" xlink:href="../../c-ross_irr_core_2015-12-31.xsd#c-ross_irr_OperationalRiskInClaimBusinessForPropertyAndCasualtyInsuranceCompanyAbstract" xlink:label="OperationalRiskInClaimBusinessForPropertyAndCasualtyInsuranceCompanyAbstract" xlink:title="OperationalRiskInClaimBusinessForPropertyAndCasualtyInsuranceCompanyAbstract"/>
    <link:loc xlink:type="locator" xlink:href="../../c-ross_irr_core_2015-12-31.xsd#c-ross_irr_OperationalRiskInClaimBusinessForPropertyAndCasualtyInsuranceCompanyPersonnelFactorsScore" xlink:label="PersonnelFactorsScoreOperationalRiskInClaimBusinessForPropertyAndCasualtyInsuranceCompany" xlink:title="PersonnelFactorsScoreOperationalRiskInClaimBusinessForPropertyAndCasualtyInsuranceCompany"/>
    <link:presentationArc xlink:type="arc" xlink:arcrole="http://www.xbrl.org/2003/arcrole/parent-child" xlink:from="OperationalRiskInClaimBusinessForPropertyAndCasualtyInsuranceCompanyAbstract" xlink:to="PersonnelFactorsScoreOperationalRiskInClaimBusinessForPropertyAndCasualtyInsuranceCompany" xlink:title="presentation: OperationalRiskInClaimBusinessForPropertyAndCasualtyInsuranceCompanyAbstract to PersonnelFactorsScoreOperationalRiskInClaimBusinessForPropertyAndCasualtyInsuranceCompany" order="10.0" preferredLabel="http://www.xbrl.org/2003/role/terseLabel"/>
    <link:loc xlink:type="locator" xlink:href="../../c-ross_irr_core_2015-12-31.xsd#c-ross_irr_OperationalRiskInClaimBusinessForPropertyAndCasualtyInsuranceCompanySeparationOfDutiesScore" xlink:label="OperationalRiskInClaimBusinessForPropertyAndCasualtyInsuranceCompanySeparationOfDutiesScore" xlink:title="OperationalRiskInClaimBusinessForPropertyAndCasualtyInsuranceCompanySeparationOfDutiesScore"/>
    <link:presentationArc xlink:type="arc" xlink:arcrole="http://www.xbrl.org/2003/arcrole/parent-child" xlink:from="PersonnelFactorsScoreOperationalRiskInClaimBusinessForPropertyAndCasualtyInsuranceCompany" xlink:to="OperationalRiskInClaimBusinessForPropertyAndCasualtyInsuranceCompanySeparationOfDutiesScore" xlink:title="presentation: OperationalRiskInClaimBusinessForPropertyAndCasualtyInsuranceCompanyPersonnelFactorsScore to OperationalRiskInClaimBusinessForPropertyAndCasualtyInsuranceCompanySeparationOfDutiesScore" order="10.0" preferredLabel="http://www.xbrl.org/2003/role/terseLabel"/>
    <link:loc xlink:type="locator" xlink:href="../../c-ross_irr_core_2015-12-31.xsd#c-ross_irr_OperationalRiskInClaimBusinessForPropertyAndCasualtyInsuranceCompanySeparationOfDuties" xlink:label="OperationalRiskInClaimBusinessForPropertyAndCasualtyInsuranceCompanySeparationOfDuties" xlink:title="SeparationOfDutiesOperationalRiskInClaimBusinessForPropertyAndCasualtyInsuranceCompany"/>
    <link:presentationArc xlink:type="arc" xlink:arcrole="http://www.xbrl.org/2003/arcrole/parent-child" xlink:from="OperationalRiskInClaimBusinessForPropertyAndCasualtyInsuranceCompanySeparationOfDutiesScore" xlink:to="OperationalRiskInClaimBusinessForPropertyAndCasualtyInsuranceCompanySeparationOfDuties" xlink:title="presentation: OperationalRiskInClaimBusinessForPropertyAndCasualtyInsuranceCompanySeparationOfDutiesScore to OperationalRiskInClaimBusinessForPropertyAndCasualtyInsuranceCompanySeparationOfDuties" use="optional" order="10.0" preferredLabel="http://www.xbrl.org/2003/role/terseLabel"/>
    <link:loc xlink:type="locator" xlink:href="../../c-ross_irr_core_2015-12-31.xsd#c-ross_irr_OperationalRiskInClaimBusinessForPropertyAndCasualtyInsuranceCompanyInternalOperatingProceduresScore" xlink:label="InternalOperatingProceduresScoreOperationalRiskInClaimBusinessForPropertyAndCasualtyInsuranceCompany" xlink:title="InternalOperatingProceduresScoreOperationalRiskInClaimBusinessForPropertyAndCasualtyInsuranceCompany"/>
    <link:presentationArc xlink:type="arc" xlink:arcrole="http://www.xbrl.org/2003/arcrole/parent-child" xlink:from="OperationalRiskInClaimBusinessForPropertyAndCasualtyInsuranceCompanyAbstract" xlink:to="InternalOperatingProceduresScoreOperationalRiskInClaimBusinessForPropertyAndCasualtyInsuranceCompany" xlink:title="presentation: OperationalRiskInClaimBusinessForPropertyAndCasualtyInsuranceCompanyAbstract to InternalOperatingProceduresScoreOperationalRiskInClaimBusinessForPropertyAndCasualtyInsuranceCompany" order="20.0" preferredLabel="http://www.xbrl.org/2003/role/terseLabel"/>
    <link:loc xlink:type="locator" xlink:href="../../c-ross_irr_core_2015-12-31.xsd#c-ross_irr_OperationalRiskInClaimBusinessForPropertyAndCasualtyInsuranceCompanyCentralizationOfSpecialProceduresScore" xlink:label="CentralizationOfSpecialProceduresScoreOperationalRiskInClaimBusinessForPropertyAndCasualtyInsuranceCompany" xlink:title="CentralizationOfSpecialProceduresScoreOperationalRiskInClaimBusinessForPropertyAndCasualtyInsuranceCompany"/>
    <link:presentationArc xlink:type="arc" xlink:arcrole="http://www.xbrl.org/2003/arcrole/parent-child" xlink:from="InternalOperatingProceduresScoreOperationalRiskInClaimBusinessForPropertyAndCasualtyInsuranceCompany" xlink:to="CentralizationOfSpecialProceduresScoreOperationalRiskInClaimBusinessForPropertyAndCasualtyInsuranceCompany" xlink:title="presentation: InternalOperatingProceduresScoreOperationalRiskInClaimBusinessForPropertyAndCasualtyInsuranceCompany to CentralizationOfSpecialProceduresScoreOperationalRiskInClaimBusinessForPropertyAndCasualtyInsuranceCompany" use="optional" order="10.0" preferredLabel="http://www.xbrl.org/2003/role/terseLabel"/>
    <link:loc xlink:type="locator" xlink:href="../../c-ross_irr_core_2015-12-31.xsd#c-ross_irr_OperationalRiskInClaimBusinessForPropertyAndCasualtyInsuranceCompanyCentralizationOfSpecialProcedures" xlink:label="CentralizationOfSpecialProceduresOperationalRiskInClaimBusinessForPropertyAndCasualtyInsuranceCompany" xlink:title="CentralizationOfSpecialProceduresOperationalRiskInClaimBusinessForPropertyAndCasualtyInsuranceCompany"/>
    <link:presentationArc xlink:type="arc" xlink:arcrole="http://www.xbrl.org/2003/arcrole/parent-child" xlink:from="CentralizationOfSpecialProceduresScoreOperationalRiskInClaimBusinessForPropertyAndCasualtyInsuranceCompany" xlink:to="CentralizationOfSpecialProceduresOperationalRiskInClaimBusinessForPropertyAndCasualtyInsuranceCompany" xlink:title="presentation: CentralizationOfSpecialProceduresScoreOperationalRiskInClaimBusinessForPropertyAndCasualtyInsuranceCompany to CentralizationOfSpecialProceduresOperationalRiskInClaimBusinessForPropertyAndCasualtyInsuranceCompany" use="optional" order="10.0" preferredLabel="http://www.xbrl.org/2003/role/terseLabel"/>
    <link:loc xlink:type="locator" xlink:href="../../c-ross_irr_core_2015-12-31.xsd#c-ross_irr_OperationalRiskInClaimBusinessForPropertyAndCasualtyInsuranceCompanyRateOfClaimsRegisteredWithinTimeLimitScore" xlink:label="RateOfClaimsRegisteredWithinTimeLimitScoreOperationalRiskInClaimBusinessForPropertyAndCasualtyInsuranceCompany" xlink:title="RateOfClaimsRegisteredWithinTimeLimitScoreOperationalRiskInClaimBusinessForPropertyAndCasualtyInsuranceCompany"/>
    <link:presentationArc xlink:type="arc" xlink:arcrole="http://www.xbrl.org/2003/arcrole/parent-child" xlink:from="InternalOperatingProceduresScoreOperationalRiskInClaimBusinessForPropertyAndCasualtyInsuranceCompany" xlink:to="RateOfClaimsRegisteredWithinTimeLimitScoreOperationalRiskInClaimBusinessForPropertyAndCasualtyInsuranceCompany" xlink:title="presentation: InternalOperatingProceduresScoreOperationalRiskInClaimBusinessForPropertyAndCasualtyInsuranceCompany to RateOfClaimsRegisteredWithinTimeLimitScoreOperationalRiskInClaimBusinessForPropertyAndCasualtyInsuranceCompany" use="optional" order="20.0" preferredLabel="http://www.xbrl.org/2003/role/terseLabel"/>
    <link:loc xlink:type="locator" xlink:href="../../c-ross_irr_core_2015-12-31.xsd#c-ross_irr_OperationalRiskInClaimBusinessForPropertyAndCasualtyInsuranceCompanyRateOfClaimsRegisteredWithinTimeLimitScoreAddition" xlink:label="TimelyClaimRegistrationScoreAdditionOperationalRiskInClaimBusinessForPropertyAndCasualtyInsuranceCompany" xlink:title="TimelyClaimRegistrationScoreAdditionOperationalRiskInClaimBusinessForPropertyAndCasualtyInsuranceCompany"/>
    <link:presentationArc xlink:type="arc" xlink:arcrole="http://www.xbrl.org/2003/arcrole/parent-child" xlink:from="RateOfClaimsRegisteredWithinTimeLimitScoreOperationalRiskInClaimBusinessForPropertyAndCasualtyInsuranceCompany" xlink:to="TimelyClaimRegistrationScoreAdditionOperationalRiskInClaimBusinessForPropertyAndCasualtyInsuranceCompany" xlink:title="presentation: RateOfClaimsRegisteredWithinTimeLimitScoreOperationalRiskInClaimBusinessForPropertyAndCasualtyInsuranceCompany to TimelyClaimRegistrationScoreAdditionOperationalRiskInClaimBusinessForPropertyAndCasualtyInsuranceCompany" use="optional" order="10.0" preferredLabel="http://www.xbrl.org/2003/role/terseLabel"/>
    <link:loc xlink:type="locator" xlink:href="../../c-ross_irr_core_2015-12-31.xsd#c-ross_irr_OperationalRiskInClaimBusinessForPropertyAndCasualtyInsuranceCompanyRateOfClaimsRegisteredWithinTimeLimit" xlink:label="RateOfClaimsRegisteredWithinTimeLimitOperationalRiskInClaimBusinessForPropertyAndCasualtyInsuranceCompany" xlink:title="RateOfClaimsRegisteredWithinTimeLimitOperationalRiskInClaimBusinessForPropertyAndCasualtyInsuranceCompany"/>
    <link:presentationArc xlink:type="arc" xlink:arcrole="http://www.xbrl.org/2003/arcrole/parent-child" xlink:from="TimelyClaimRegistrationScoreAdditionOperationalRiskInClaimBusinessForPropertyAndCasualtyInsuranceCompany" xlink:to="RateOfClaimsRegisteredWithinTimeLimitOperationalRiskInClaimBusinessForPropertyAndCasualtyInsuranceCompany" xlink:title="presentation: TimelyClaimRegistrationScoreAdditionOperationalRiskInClaimBusinessForPropertyAndCasualtyInsuranceCompany to RateOfClaimsRegisteredWithinTimeLimitOperationalRiskInClaimBusinessForPropertyAndCasualtyInsuranceCompany" use="optional" order="10.0" preferredLabel="http://www.xbrl.org/2003/role/terseLabel"/>
    <link:loc xlink:type="locator" xlink:href="../../c-ross_irr_core_2015-12-31.xsd#c-ross_irr_OperationalRiskInClaimBusinessForPropertyAndCasualtyInsuranceCompanyNumberOfClaimsRegisteredWithinTimeLimit" xlink:label="OperationalRiskInClaimBusinessForPropertyAndCasualtyInsuranceCompanyNumberOfClaimsRegisteredWithinTimeLimit" xlink:title="OperationalRiskInClaimBusinessForPropertyAndCasualtyInsuranceCompanyNumberOfClaimsRegisteredWithinTimeLimit"/>
    <link:presentationArc xlink:type="arc" xlink:arcrole="http://www.xbrl.org/2003/arcrole/parent-child" xlink:from="RateOfClaimsRegisteredWithinTimeLimitOperationalRiskInClaimBusinessForPropertyAndCasualtyInsuranceCompany" xlink:to="OperationalRiskInClaimBusinessForPropertyAndCasualtyInsuranceCompanyNumberOfClaimsRegisteredWithinTimeLimit" xlink:title="presentation: OperationalRiskInClaimBusinessForPropertyAndCasualtyInsuranceCompanyRateOfClaimsRegisteredWithinTimeLimit to OperationalRiskInClaimBusinessForPropertyAndCasualtyInsuranceCompanyNumberOfClaimsRegisteredWithinTimeLimit" order="10.0" preferredLabel="http://www.xbrl.org/2003/role/terseLabel"/>
    <link:loc xlink:type="locator" xlink:href="../../c-ross_irr_core_2015-12-31.xsd#c-ross_irr_OperationalRiskInClaimBusinessForPropertyAndCasualtyInsuranceCompanyNumberOfRegisteredClaimsWithinThreeDaysAfterReportedOnAutoInsurance" xlink:label="OperationalRiskInClaimBusinessForPropertyAndCasualtyInsuranceCompanyNumberOfRegisteredClaimsWithinThreeDaysAfterReportedOnAutoInsurance" xlink:title="NumberOfRegisteredClaimsWithinThreeDaysAfterReportedOnAutoInsuranceOperationalRiskInClaimBusinessForPropertyAndCasualtyInsuranceCompany"/>
    <link:presentationArc xlink:type="arc" xlink:arcrole="http://www.xbrl.org/2003/arcrole/parent-child" xlink:from="OperationalRiskInClaimBusinessForPropertyAndCasualtyInsuranceCompanyNumberOfClaimsRegisteredWithinTimeLimit" xlink:to="OperationalRiskInClaimBusinessForPropertyAndCasualtyInsuranceCompanyNumberOfRegisteredClaimsWithinThreeDaysAfterReportedOnAutoInsurance" xlink:title="presentation: OperationalRiskInClaimBusinessForPropertyAndCasualtyInsuranceCompanyNumberOfClaimsRegisteredWithinTimeLimit to OperationalRiskInClaimBusinessForPropertyAndCasualtyInsuranceCompanyNumberOfRegisteredClaimsWithinThreeDaysAfterReportedOnAutoInsurance" use="optional" order="10.0" preferredLabel="http://www.xbrl.org/2003/role/terseLabel"/>
    <link:loc xlink:type="locator" xlink:href="../../c-ross_irr_core_2015-12-31.xsd#c-ross_irr_OperationalRiskInClaimBusinessForPropertyAndCasualtyInsuranceCompanyNumberOfRegisteredClaimsWithinFifteenDaysAfterReportedOnNonAutoInsurance" xlink:label="OperationalRiskInClaimBusinessForPropertyAndCasualtyInsuranceCompanyNumberOfRegisteredClaimsWithinFifteenDaysAfterReportedOnNonAutoInsurance" xlink:title="NumberOfRegisteredClaimsWithinFifteenDaysAfterReportedOnNonAutoInsuranceOperationalRiskInClaimBusinessForPropertyAndCasualtyInsuranceCompany"/>
    <link:presentationArc xlink:type="arc" xlink:arcrole="http://www.xbrl.org/2003/arcrole/parent-child" xlink:from="OperationalRiskInClaimBusinessForPropertyAndCasualtyInsuranceCompanyNumberOfClaimsRegisteredWithinTimeLimit" xlink:to="OperationalRiskInClaimBusinessForPropertyAndCasualtyInsuranceCompanyNumberOfRegisteredClaimsWithinFifteenDaysAfterReportedOnNonAutoInsurance" xlink:title="presentation: OperationalRiskInClaimBusinessForPropertyAndCasualtyInsuranceCompanyNumberOfClaimsRegisteredWithinTimeLimit to OperationalRiskInClaimBusinessForPropertyAndCasualtyInsuranceCompanyNumberOfRegisteredClaimsWithinFifteenDaysAfterReportedOnNonAutoInsurance" use="optional" order="20.0" preferredLabel="http://www.xbrl.org/2003/role/terseLabel"/>
    <link:loc xlink:type="locator" xlink:href="../../c-ross_irr_core_2015-12-31.xsd#c-ross_irr_OperationalRiskInClaimBusinessForPropertyAndCasualtyInsuranceCompanyTotalNumberOfCasesRegisteredWithinCurrentYear" xlink:label="OperationalRiskInClaimBusinessForPropertyAndCasualtyInsuranceCompanyTotalNumberOfCasesRegisteredWithinCurrentYear" xlink:title="OperationalRiskInClaimBusinessForPropertyAndCasualtyInsuranceCompanyTotalNumberOfCasesRegisteredWithinCurrentYear"/>
    <link:presentationArc xlink:type="arc" xlink:arcrole="http://www.xbrl.org/2003/arcrole/parent-child" xlink:from="RateOfClaimsRegisteredWithinTimeLimitOperationalRiskInClaimBusinessForPropertyAndCasualtyInsuranceCompany" xlink:to="OperationalRiskInClaimBusinessForPropertyAndCasualtyInsuranceCompanyTotalNumberOfCasesRegisteredWithinCurrentYear" xlink:title="presentation: OperationalRiskInClaimBusinessForPropertyAndCasualtyInsuranceCompanyRateOfClaimsRegisteredWithinTimeLimit to OperationalRiskInClaimBusinessForPropertyAndCasualtyInsuranceCompanyTotalNumberOfCasesRegisteredWithinCurrentYear" order="20.0" preferredLabel="http://www.xbrl.org/2003/role/terseLabel"/>
    <link:loc xlink:type="locator" xlink:href="../../c-ross_irr_core_2015-12-31.xsd#c-ross_irr_OperationalRiskInClaimBusinessForPropertyAndCasualtyInsuranceCompanyNumberOfValidClaimsRegisteredInCurrentYear" xlink:label="NumberOfValidClaimsRegisteredInCurrentYearOperationalRiskInClaimBusinessForPropertyAndCasualtyInsuranceCompany" xlink:title="NumberOfValidClaimsRegisteredInCurrentYearOperationalRiskInClaimBusinessForPropertyAndCasualtyInsuranceCompany"/>
    <link:presentationArc xlink:type="arc" xlink:arcrole="http://www.xbrl.org/2003/arcrole/parent-child" xlink:from="OperationalRiskInClaimBusinessForPropertyAndCasualtyInsuranceCompanyTotalNumberOfCasesRegisteredWithinCurrentYear" xlink:to="NumberOfValidClaimsRegisteredInCurrentYearOperationalRiskInClaimBusinessForPropertyAndCasualtyInsuranceCompany" xlink:title="presentation: OperationalRiskInClaimBusinessForPropertyAndCasualtyInsuranceCompanyTotalNumberOfCasesRegisteredWithinCurrentYear to OperationalRiskInClaimBusinessForPropertyAndCasualtyInsuranceCompanyNumberOfValidClaimsRegisteredInCurrentYear" use="optional" order="10.0" preferredLabel="http://www.xbrl.org/2003/role/terseLabel"/>
    <link:loc xlink:type="locator" xlink:href="../../c-ross_irr_core_2015-12-31.xsd#c-ross_irr_OperationalRiskInClaimBusinessForPropertyAndCasualtyInsuranceCompanyNumberOfClaimsCancelledInCurrentYear" xlink:label="NumberOfClaimsCancelledInCurrentYearOperationalRiskInClaimBusinessForPropertyAndCasualtyInsuranceCompany" xlink:title="NumberOfClaimsCancelledInCurrentYearOperationalRiskInClaimBusinessForPropertyAndCasualtyInsuranceCompany"/>
    <link:presentationArc xlink:type="arc" xlink:arcrole="http://www.xbrl.org/2003/arcrole/parent-child" xlink:from="OperationalRiskInClaimBusinessForPropertyAndCasualtyInsuranceCompanyTotalNumberOfCasesRegisteredWithinCurrentYear" xlink:to="NumberOfClaimsCancelledInCurrentYearOperationalRiskInClaimBusinessForPropertyAndCasualtyInsuranceCompany" xlink:title="presentation: OperationalRiskInClaimBusinessForPropertyAndCasualtyInsuranceCompanyTotalNumberOfCasesRegisteredWithinCurrentYear to OperationalRiskInClaimBusinessForPropertyAndCasualtyInsuranceCompanyNumberOfClaimsCancelledInCurrentYear" use="optional" order="20.0" preferredLabel="http://www.xbrl.org/2003/role/terseLabel"/>
    <link:loc xlink:type="locator" xlink:href="../../c-ross_irr_core_2015-12-31.xsd#c-ross_irr_OperationalRiskInClaimBusinessForPropertyAndCasualtyInsuranceCompanyNumberOfClaimsRejectedInCurrentYear" xlink:label="NumberOfClaimsRejectedInCurrentYearOperationalRiskInClaimBusinessForPropertyAndCasualtyInsuranceCompany" xlink:title="NumberOfClaimsRejectedInCurrentYearOperationalRiskInClaimBusinessForPropertyAndCasualtyInsuranceCompany"/>
    <link:presentationArc xlink:type="arc" xlink:arcrole="http://www.xbrl.org/2003/arcrole/parent-child" xlink:from="OperationalRiskInClaimBusinessForPropertyAndCasualtyInsuranceCompanyTotalNumberOfCasesRegisteredWithinCurrentYear" xlink:to="NumberOfClaimsRejectedInCurrentYearOperationalRiskInClaimBusinessForPropertyAndCasualtyInsuranceCompany" xlink:title="presentation: OperationalRiskInClaimBusinessForPropertyAndCasualtyInsuranceCompanyTotalNumberOfCasesRegisteredWithinCurrentYear to OperationalRiskInClaimBusinessForPropertyAndCasualtyInsuranceCompanyNumberOfClaimsRejectedInCurrentYear" use="optional" order="30.0" preferredLabel="http://www.xbrl.org/2003/role/terseLabel"/>
    <link:loc xlink:type="locator" xlink:href="../../c-ross_irr_core_2015-12-31.xsd#c-ross_irr_OperationalRiskInClaimBusinessForPropertyAndCasualtyInsuranceCompanyRateOfClaimsRegisteredWithinTimeLimitScoreDeduction" xlink:label="TimelyClaimRegistrationScoreDeductionOperationalRiskInClaimBusinessForPropertyAndCasualtyInsuranceCompany" xlink:title="TimelyClaimRegistrationScoreDeductionOperationalRiskInClaimBusinessForPropertyAndCasualtyInsuranceCompany"/>
    <link:presentationArc xlink:type="arc" xlink:arcrole="http://www.xbrl.org/2003/arcrole/parent-child" xlink:from="RateOfClaimsRegisteredWithinTimeLimitScoreOperationalRiskInClaimBusinessForPropertyAndCasualtyInsuranceCompany" xlink:to="TimelyClaimRegistrationScoreDeductionOperationalRiskInClaimBusinessForPropertyAndCasualtyInsuranceCompany" xlink:title="presentation: RateOfClaimsRegisteredWithinTimeLimitScoreOperationalRiskInClaimBusinessForPropertyAndCasualtyInsuranceCompany to TimelyClaimRegistrationScoreDeductionOperationalRiskInClaimBusinessForPropertyAndCasualtyInsuranceCompany" use="optional" order="20.0" preferredLabel="http://www.xbrl.org/2003/role/terseLabel"/>
    <link:loc xlink:type="locator" xlink:href="../../c-ross_irr_core_2015-12-31.xsd#c-ross_irr_OperationalRiskInClaimBusinessForPropertyAndCasualtyInsuranceCompanyNumberOfClaimRegistrationOfAgriculturalInsuranceOverTenDays" xlink:label="NumberOfClaimRegistrationOfAgriculturalInsuranceOverTenDaysOperationalRiskInClaimBusinessForPropertyAndCasualtyInsuranceCompany" xlink:title="NumberOfClaimRegistrationOfAgriculturalInsuranceOverTenDaysOperationalRiskInClaimBusinessForPropertyAndCasualtyInsuranceCompany"/>
    <link:presentationArc xlink:type="arc" xlink:arcrole="http://www.xbrl.org/2003/arcrole/parent-child" xlink:from="TimelyClaimRegistrationScoreDeductionOperationalRiskInClaimBusinessForPropertyAndCasualtyInsuranceCompany" xlink:to="NumberOfClaimRegistrationOfAgriculturalInsuranceOverTenDaysOperationalRiskInClaimBusinessForPropertyAndCasualtyInsuranceCompany" xlink:title="presentation: TimelyClaimRegistrationScoreDeductionOperationalRiskInClaimBusinessForPropertyAndCasualtyInsuranceCompany to NumberOfClaimRegistrationOfAgriculturalInsuranceOverTenDaysOperationalRiskInClaimBusinessForPropertyAndCasualtyInsuranceCompany" use="optional" order="10.0" preferredLabel="http://www.xbrl.org/2003/role/terseLabel"/>
    <link:loc xlink:type="locator" xlink:href="../../c-ross_irr_core_2015-12-31.xsd#c-ross_irr_OperationalRiskInClaimBusinessForPropertyAndCasualtyInsuranceCompanyProportionNumberOfCancelledClaimRegistrationScore" xlink:label="ProportionNumberOfCancelledClaimRegistrationScoreOperationalRiskInClaimBusinessForPropertyAndCasualtyInsuranceCompany" xlink:title="ProportionNumberOfCancelledClaimRegistrationScoreOperationalRiskInClaimBusinessForPropertyAndCasualtyInsuranceCompany"/>
    <link:presentationArc xlink:type="arc" xlink:arcrole="http://www.xbrl.org/2003/arcrole/parent-child" xlink:from="InternalOperatingProceduresScoreOperationalRiskInClaimBusinessForPropertyAndCasualtyInsuranceCompany" xlink:to="ProportionNumberOfCancelledClaimRegistrationScoreOperationalRiskInClaimBusinessForPropertyAndCasualtyInsuranceCompany" xlink:title="presentation: InternalOperatingProceduresScoreOperationalRiskInClaimBusinessForPropertyAndCasualtyInsuranceCompany to ProportionNumberOfCancelledClaimRegistrationScoreOperationalRiskInClaimBusinessForPropertyAndCasualtyInsuranceCompany" use="optional" order="30.0" preferredLabel="http://www.xbrl.org/2003/role/terseLabel"/>
    <link:loc xlink:type="locator" xlink:href="../../c-ross_irr_core_2015-12-31.xsd#c-ross_irr_OperationalRiskInClaimBusinessForPropertyAndCasualtyInsuranceCompanyProportionNumberOfCancelledClaimRegistration" xlink:label="ProportionNumberOfCancelledClaimRegistrationOperationalRiskInClaimBusinessForPropertyAndCasualtyInsuranceCompany" xlink:title="ProportionNumberOfCancelledClaimRegistrationOperationalRiskInClaimBusinessForPropertyAndCasualtyInsuranceCompany"/>
    <link:presentationArc xlink:type="arc" xlink:arcrole="http://www.xbrl.org/2003/arcrole/parent-child" xlink:from="ProportionNumberOfCancelledClaimRegistrationScoreOperationalRiskInClaimBusinessForPropertyAndCasualtyInsuranceCompany" xlink:to="ProportionNumberOfCancelledClaimRegistrationOperationalRiskInClaimBusinessForPropertyAndCasualtyInsuranceCompany" xlink:title="presentation: ProportionNumberOfCancelledClaimRegistrationScoreOperationalRiskInClaimBusinessForPropertyAndCasualtyInsuranceCompany to ProportionNumberOfCancelledClaimRegistrationOperationalRiskInClaimBusinessForPropertyAndCasualtyInsuranceCompany" use="optional" order="10.0" preferredLabel="http://www.xbrl.org/2003/role/terseLabel"/>
    <link:presentationArc xlink:type="arc" xlink:arcrole="http://www.xbrl.org/2003/arcrole/parent-child" xlink:from="ProportionNumberOfCancelledClaimRegistrationOperationalRiskInClaimBusinessForPropertyAndCasualtyInsuranceCompany" xlink:to="NumberOfClaimsCancelledInCurrentYearOperationalRiskInClaimBusinessForPropertyAndCasualtyInsuranceCompany" xlink:title="presentation: ProportionNumberOfCancelledClaimRegistrationOperationalRiskInClaimBusinessForPropertyAndCasualtyInsuranceCompany to NumberOfClaimsCancelledInCurrentYearOperationalRiskInClaimBusinessForPropertyAndCasualtyInsuranceCompany" use="optional" order="10.0" preferredLabel="http://www.xbrl.org/2003/role/terseLabel"/>
    <link:presentationArc xlink:type="arc" xlink:arcrole="http://www.xbrl.org/2003/arcrole/parent-child" xlink:from="ProportionNumberOfCancelledClaimRegistrationOperationalRiskInClaimBusinessForPropertyAndCasualtyInsuranceCompany" xlink:to="OperationalRiskInClaimBusinessForPropertyAndCasualtyInsuranceCompanyTotalNumberOfCasesRegisteredWithinCurrentYear" xlink:title="presentation: OperationalRiskInClaimBusinessForPropertyAndCasualtyInsuranceCompanyProportionNumberOfCancelledClaimRegistration to OperationalRiskInClaimBusinessForPropertyAndCasualtyInsuranceCompanyTotalNumberOfCasesRegisteredWithinCurrentYear" order="20.0" preferredLabel="http://www.xbrl.org/2003/role/terseLabel"/>
    <link:loc xlink:type="locator" xlink:href="../../c-ross_irr_core_2015-12-31.xsd#c-ross_irr_OperationalRiskInClaimBusinessForPropertyAndCasualtyInsuranceCompanyRateNumberOfCancellationRecoveredForRegisteredClaimsScore" xlink:label="RateNumberOfCancellationRecoveredForRegisteredClaimsScoreOperationalRiskInClaimBusinessForPropertyAndCasualtyInsuranceCompany" xlink:title="RateNumberOfCancellationRecoveredForRegisteredClaimsScoreOperationalRiskInClaimBusinessForPropertyAndCasualtyInsuranceCompany"/>
    <link:presentationArc xlink:type="arc" xlink:arcrole="http://www.xbrl.org/2003/arcrole/parent-child" xlink:from="InternalOperatingProceduresScoreOperationalRiskInClaimBusinessForPropertyAndCasualtyInsuranceCompany" xlink:to="RateNumberOfCancellationRecoveredForRegisteredClaimsScoreOperationalRiskInClaimBusinessForPropertyAndCasualtyInsuranceCompany" xlink:title="presentation: InternalOperatingProceduresScoreOperationalRiskInClaimBusinessForPropertyAndCasualtyInsuranceCompany to RateNumberOfCancellationRecoveredForRegisteredClaimsScoreOperationalRiskInClaimBusinessForPropertyAndCasualtyInsuranceCompany" use="optional" order="40.0" preferredLabel="http://www.xbrl.org/2003/role/terseLabel"/>
    <link:loc xlink:type="locator" xlink:href="../../c-ross_irr_core_2015-12-31.xsd#c-ross_irr_OperationalRiskInClaimBusinessForPropertyAndCasualtyInsuranceCompanyRateNumberOfCancellationRecoveredForRegisteredClaims" xlink:label="RateNumberOfCancellationRecoveredForRegisteredClaimsOperationalRiskInClaimBusinessForPropertyAndCasualtyInsuranceCompany" xlink:title="RateNumberOfCancellationRecoveredForRegisteredClaimsOperationalRiskInClaimBusinessForPropertyAndCasualtyInsuranceCompany"/>
    <link:presentationArc xlink:type="arc" xlink:arcrole="http://www.xbrl.org/2003/arcrole/parent-child" xlink:from="RateNumberOfCancellationRecoveredForRegisteredClaimsScoreOperationalRiskInClaimBusinessForPropertyAndCasualtyInsuranceCompany" xlink:to="RateNumberOfCancellationRecoveredForRegisteredClaimsOperationalRiskInClaimBusinessForPropertyAndCasualtyInsuranceCompany" xlink:title="presentation: RateNumberOfCancellationRecoveredForRegisteredClaimsScoreOperationalRiskInClaimBusinessForPropertyAndCasualtyInsuranceCompany to RateNumberOfCancellationRecoveredForRegisteredClaimsOperationalRiskInClaimBusinessForPropertyAndCasualtyInsuranceCompany" use="optional" order="10.0" preferredLabel="http://www.xbrl.org/2003/role/terseLabel"/>
    <link:loc xlink:type="locator" xlink:href="../../c-ross_irr_core_2015-12-31.xsd#c-ross_irr_OperationalRiskInClaimBusinessForPropertyAndCasualtyInsuranceCompanyNumberOfRegisteredClaimsCancelledInStatisticPeriod" xlink:label="NumberOfRegisteredClaimsCancelledInStatisticPeriodOperationalRiskInClaimBusinessForPropertyAndCasualtyInsuranceCompany" xlink:title="NumberOfRegisteredClaimsCancelledInStatisticPeriodOperationalRiskInClaimBusinessForPropertyAndCasualtyInsuranceCompany"/>
    <link:presentationArc xlink:type="arc" xlink:arcrole="http://www.xbrl.org/2003/arcrole/parent-child" xlink:from="RateNumberOfCancellationRecoveredForRegisteredClaimsOperationalRiskInClaimBusinessForPropertyAndCasualtyInsuranceCompany" xlink:to="NumberOfRegisteredClaimsCancelledInStatisticPeriodOperationalRiskInClaimBusinessForPropertyAndCasualtyInsuranceCompany" xlink:title="presentation: RateNumberOfCancellationRecoveredForRegisteredClaimsOperationalRiskInClaimBusinessForPropertyAndCasualtyInsuranceCompany to NumberOfRegisteredClaimsCancelledInStatisticPeriodOperationalRiskInClaimBusinessForPropertyAndCasualtyInsuranceCompany" use="optional" order="10.0" preferredLabel="http://www.xbrl.org/2003/role/terseLabel"/>
    <link:presentationArc xlink:type="arc" xlink:arcrole="http://www.xbrl.org/2003/arcrole/parent-child" xlink:from="RateNumberOfCancellationRecoveredForRegisteredClaimsOperationalRiskInClaimBusinessForPropertyAndCasualtyInsuranceCompany" xlink:to="OperationalRiskInClaimBusinessForPropertyAndCasualtyInsuranceCompanyTotalNumberOfCasesRegisteredWithinCurrentYear" xlink:title="presentation: OperationalRiskInClaimBusinessForPropertyAndCasualtyInsuranceCompanyRateNumberOfCancellationRecoveredForRegisteredClaims to OperationalRiskInClaimBusinessForPropertyAndCasualtyInsuranceCompanyTotalNumberOfCasesRegisteredWithinCurrentYear" use="optional" order="20.0" preferredLabel="http://www.xbrl.org/2003/role/terseLabel"/>
    <link:loc xlink:type="locator" xlink:href="../../c-ross_irr_core_2015-12-31.xsd#c-ross_irr_OperationalRiskInClaimBusinessForPropertyAndCasualtyInsuranceCompanyDeviationRateOfGrowthOfIncurredAndReportedOutstandingLossReserveScore" xlink:label="DeviationRateOfGrowthOfIncurredAndReportedOutstandingLossReserveScoreOperationalRiskInClaimBusinessForPropertyAndCasualtyInsuranceCompany" xlink:title="DeviationRateOfGrowthOfIncurredAndReportedOutstandingLossReserveScoreOperationalRiskInClaimBusinessForPropertyAndCasualtyInsuranceCompany"/>
    <link:presentationArc xlink:type="arc" xlink:arcrole="http://www.xbrl.org/2003/arcrole/parent-child" xlink:from="InternalOperatingProceduresScoreOperationalRiskInClaimBusinessForPropertyAndCasualtyInsuranceCompany" xlink:to="DeviationRateOfGrowthOfIncurredAndReportedOutstandingLossReserveScoreOperationalRiskInClaimBusinessForPropertyAndCasualtyInsuranceCompany" xlink:title="presentation: InternalOperatingProceduresScoreOperationalRiskInClaimBusinessForPropertyAndCasualtyInsuranceCompany to DeviationRateOfGrowthOfIncurredAndReportedOutstandingLossReserveScoreOperationalRiskInClaimBusinessForPropertyAndCasualtyInsuranceCompany" use="optional" order="50.0" preferredLabel="http://www.xbrl.org/2003/role/terseLabel"/>
    <link:loc xlink:type="locator" xlink:href="../../c-ross_irr_core_2015-12-31.xsd#c-ross_irr_OperationalRiskInClaimBusinessForPropertyAndCasualtyInsuranceCompanyDeviationRateOfGrowthOfIncurredAndReportedOutstandingLossReserve" xlink:label="DeviationRateOfGrowthOfIncurredAndReportedOutstandingLossReserveOperationalRiskInClaimBusinessForPropertyAndCasualtyInsuranceCompany" xlink:title="DeviationRateOfGrowthOfIncurredAndReportedOutstandingLossReserveOperationalRiskInClaimBusinessForPropertyAndCasualtyInsuranceCompany"/>
    <link:presentationArc xlink:type="arc" xlink:arcrole="http://www.xbrl.org/2003/arcrole/parent-child" xlink:from="DeviationRateOfGrowthOfIncurredAndReportedOutstandingLossReserveScoreOperationalRiskInClaimBusinessForPropertyAndCasualtyInsuranceCompany" xlink:to="DeviationRateOfGrowthOfIncurredAndReportedOutstandingLossReserveOperationalRiskInClaimBusinessForPropertyAndCasualtyInsuranceCompany" xlink:title="presentation: DeviationRateOfGrowthOfIncurredAndReportedOutstandingLossReserveScoreOperationalRiskInClaimBusinessForPropertyAndCasualtyInsuranceCompany to DeviationRateOfGrowthOfIncurredAndReportedOutstandingLossReserveOperationalRiskInClaimBusinessForPropertyAndCasualtyInsuranceCompany" use="optional" order="10.0" preferredLabel="http://www.xbrl.org/2003/role/terseLabel"/>
    <link:loc xlink:type="locator" xlink:href="../../c-ross_irr_core_2015-12-31.xsd#c-ross_irr_OperationalRiskInClaimBusinessForPropertyAndCasualtyInsuranceCompanyVariableAmountOfClaimPaymentReportedBeforeEndOfStatisticPeriodForAllUnsettledClaimsAtEndOfLastYear" xlink:label="VariableAmountOfClaimPaymentReportedBeforeEndOfStatisticPeriodForAllUnsettledClaimsAtEndOfLastYearOperationalRiskInClaimBusinessForPropertyAndCasualtyInsuranceCompany" xlink:title="VariableAmountOfClaimPaymentReportedBeforeEndOfStatisticPeriodForAllUnsettledClaimsAtEndOfLastYearOperationalRiskInClaimBusinessForPropertyAndCasualtyInsuranceCompany"/>
    <link:presentationArc xlink:type="arc" xlink:arcrole="http://www.xbrl.org/2003/arcrole/parent-child" xlink:from="DeviationRateOfGrowthOfIncurredAndReportedOutstandingLossReserveOperationalRiskInClaimBusinessForPropertyAndCasualtyInsuranceCompany" xlink:to="VariableAmountOfClaimPaymentReportedBeforeEndOfStatisticPeriodForAllUnsettledClaimsAtEndOfLastYearOperationalRiskInClaimBusinessForPropertyAndCasualtyInsuranceCompany" xlink:title="presentation: DeviationRateOfGrowthOfIncurredAndReportedOutstandingLossReserveOperationalRiskInClaimBusinessForPropertyAndCasualtyInsuranceCompany to VariableAmountOfClaimPaymentReportedBeforeEndOfStatisticPeriodForAllUnsettledClaimsAtEndOfLastYearOperationalRiskInClaimBusinessForPropertyAndCasualtyInsuranceCompany" use="optional" order="10.0" preferredLabel="http://www.xbrl.org/2003/role/terseLabel"/>
    <link:loc xlink:type="locator" xlink:href="../../c-ross_irr_core_2015-12-31.xsd#c-ross_irr_OperationalRiskInClaimBusinessForPropertyAndCasualtyInsuranceCompanyLossReserveOfUnsettledButReportedAndOccurredAtEndOfLastYear" xlink:label="LossReserveOfUnsettledButReportedAndOccurredAtEndOfLastYearOperationalRiskInClaimBusinessForPropertyAndCasualtyInsuranceCompany" xlink:title="LossReserveOfUnsettledButReportedAndOccurredAtEndOfLastYearOperationalRiskInClaimBusinessForPropertyAndCasualtyInsuranceCompany"/>
    <link:presentationArc xlink:type="arc" xlink:arcrole="http://www.xbrl.org/2003/arcrole/parent-child" xlink:from="DeviationRateOfGrowthOfIncurredAndReportedOutstandingLossReserveOperationalRiskInClaimBusinessForPropertyAndCasualtyInsuranceCompany" xlink:to="LossReserveOfUnsettledButReportedAndOccurredAtEndOfLastYearOperationalRiskInClaimBusinessForPropertyAndCasualtyInsuranceCompany" xlink:title="presentation: DeviationRateOfGrowthOfIncurredAndReportedOutstandingLossReserveOperationalRiskInClaimBusinessForPropertyAndCasualtyInsuranceCompany to LossReserveOfUnsettledButReportedAndOccurredAtEndOfLastYearOperationalRiskInClaimBusinessForPropertyAndCasualtyInsuranceCompany" use="optional" order="20.0" preferredLabel="http://www.xbrl.org/2003/role/terseLabel"/>
    <link:loc xlink:type="locator" xlink:href="../../c-ross_irr_core_2015-12-31.xsd#c-ross_irr_OperationalRiskInClaimBusinessForPropertyAndCasualtyInsuranceCompanyRateSumOfCancellationRecoveredAndClaimsReopenedScore" xlink:label="RateSumOfCancellationRecoveredAndClaimsReopenedScoreOperationalRiskInClaimBusinessForPropertyAndCasualtyInsuranceCompany" xlink:title="RateSumOfCancellationRecoveredAndClaimsReopenedScoreOperationalRiskInClaimBusinessForPropertyAndCasualtyInsuranceCompany"/>
    <link:presentationArc xlink:type="arc" xlink:arcrole="http://www.xbrl.org/2003/arcrole/parent-child" xlink:from="InternalOperatingProceduresScoreOperationalRiskInClaimBusinessForPropertyAndCasualtyInsuranceCompany" xlink:to="RateSumOfCancellationRecoveredAndClaimsReopenedScoreOperationalRiskInClaimBusinessForPropertyAndCasualtyInsuranceCompany" xlink:title="presentation: InternalOperatingProceduresScoreOperationalRiskInClaimBusinessForPropertyAndCasualtyInsuranceCompany to RateSumOfCancellationRecoveredAndClaimsReopenedScoreOperationalRiskInClaimBusinessForPropertyAndCasualtyInsuranceCompany" use="optional" order="60.0" preferredLabel="http://www.xbrl.org/2003/role/terseLabel"/>
    <link:loc xlink:type="locator" xlink:href="../../c-ross_irr_core_2015-12-31.xsd#c-ross_irr_OperationalRiskInClaimBusinessForPropertyAndCasualtyInsuranceCompanyRateSumOfCancellationRecoveredAndClaimsReopened" xlink:label="RateSumOfCancellationRecoveredAndClaimsReopenedOperationalRiskInClaimBusinessForPropertyAndCasualtyInsuranceCompany" xlink:title="RateSumOfCancellationRecoveredAndClaimsReopenedOperationalRiskInClaimBusinessForPropertyAndCasualtyInsuranceCompany"/>
    <link:presentationArc xlink:type="arc" xlink:arcrole="http://www.xbrl.org/2003/arcrole/parent-child" xlink:from="RateSumOfCancellationRecoveredAndClaimsReopenedScoreOperationalRiskInClaimBusinessForPropertyAndCasualtyInsuranceCompany" xlink:to="RateSumOfCancellationRecoveredAndClaimsReopenedOperationalRiskInClaimBusinessForPropertyAndCasualtyInsuranceCompany" xlink:title="presentation: RateSumOfCancellationRecoveredAndClaimsReopenedScoreOperationalRiskInClaimBusinessForPropertyAndCasualtyInsuranceCompany to RateSumOfCancellationRecoveredAndClaimsReopenedOperationalRiskInClaimBusinessForPropertyAndCasualtyInsuranceCompany" use="optional" order="10.0" preferredLabel="http://www.xbrl.org/2003/role/terseLabel"/>
    <link:loc xlink:type="locator" xlink:href="../../c-ross_irr_core_2015-12-31.xsd#c-ross_irr_OperationalRiskInClaimBusinessForPropertyAndCasualtyInsuranceCompanyIncrementalSumOfNewPaymentAndNewLossAdjustForRegisteredClaimsCancelledAndClaimsReopenedAtStatisticalTimePoint" xlink:label="IncrementalSumOfNewPaymentAndNewLossAdjustForRegisteredClaimsCancelledAndClaimsReopenedAtStatisticalTimePointOperationalRiskInClaimBusinessForPropertyAndCasualtyInsuranceCompany" xlink:title="IncrementalSumOfNewPaymentAndNewLossAdjustForRegisteredClaimsCancelledAndClaimsReopenedAtStatisticalTimePointOperationalRiskInClaimBusinessForPropertyAndCasualtyInsuranceCompany"/>
    <link:presentationArc xlink:type="arc" xlink:arcrole="http://www.xbrl.org/2003/arcrole/parent-child" xlink:from="RateSumOfCancellationRecoveredAndClaimsReopenedOperationalRiskInClaimBusinessForPropertyAndCasualtyInsuranceCompany" xlink:to="IncrementalSumOfNewPaymentAndNewLossAdjustForRegisteredClaimsCancelledAndClaimsReopenedAtStatisticalTimePointOperationalRiskInClaimBusinessForPropertyAndCasualtyInsuranceCompany" xlink:title="presentation: RateSumOfCancellationRecoveredAndClaimsReopenedOperationalRiskInClaimBusinessForPropertyAndCasualtyInsuranceCompany to IncrementalSumOfNewPaymentAndNewLossAdjustForRegisteredClaimsCancelledAndClaimsReopenedAtStatisticalTimePointOperationalRiskInClaimBusinessForPropertyAndCasualtyInsuranceCompany" use="optional" order="10.0" preferredLabel="http://www.xbrl.org/2003/role/terseLabel"/>
    <link:loc xlink:type="locator" xlink:href="../../c-ross_irr_core_2015-12-31.xsd#c-ross_irr_OperationalRiskInClaimBusinessForPropertyAndCasualtyInsuranceCompanySumOfPaymentAndLossAdjustForClaimsRegisteredAtStatisticalTimePoint" xlink:label="SumOfPaymentAndLossAdjustForClaimsRegisteredAtStatisticalTimePointOperationalRiskInClaimBusinessForPropertyAndCasualtyInsuranceCompany" xlink:title="SumOfPaymentAndLossAdjustForClaimsRegisteredAtStatisticalTimePointOperationalRiskInClaimBusinessForPropertyAndCasualtyInsuranceCompany"/>
    <link:presentationArc xlink:type="arc" xlink:arcrole="http://www.xbrl.org/2003/arcrole/parent-child" xlink:from="RateSumOfCancellationRecoveredAndClaimsReopenedOperationalRiskInClaimBusinessForPropertyAndCasualtyInsuranceCompany" xlink:to="SumOfPaymentAndLossAdjustForClaimsRegisteredAtStatisticalTimePointOperationalRiskInClaimBusinessForPropertyAndCasualtyInsuranceCompany" xlink:title="presentation: RateSumOfCancellationRecoveredAndClaimsReopenedOperationalRiskInClaimBusinessForPropertyAndCasualtyInsuranceCompany to SumOfPaymentAndLossAdjustForClaimsRegisteredAtStatisticalTimePointOperationalRiskInClaimBusinessForPropertyAndCasualtyInsuranceCompany" use="optional" order="20.0" preferredLabel="http://www.xbrl.org/2003/role/terseLabel"/>
    <link:loc xlink:type="locator" xlink:href="../../c-ross_irr_core_2015-12-31.xsd#c-ross_irr_OperationalRiskInClaimBusinessForPropertyAndCasualtyInsuranceCompanyProportionNumberOfClosedClaimsScore" xlink:label="ProportionNumberOfClosedClaimsScoreOperationalRiskInClaimBusinessForPropertyAndCasualtyInsuranceCompany" xlink:title="ProportionNumberOfClosedClaimsScoreOperationalRiskInClaimBusinessForPropertyAndCasualtyInsuranceCompany"/>
    <link:presentationArc xlink:type="arc" xlink:arcrole="http://www.xbrl.org/2003/arcrole/parent-child" xlink:from="InternalOperatingProceduresScoreOperationalRiskInClaimBusinessForPropertyAndCasualtyInsuranceCompany" xlink:to="ProportionNumberOfClosedClaimsScoreOperationalRiskInClaimBusinessForPropertyAndCasualtyInsuranceCompany" xlink:title="presentation: InternalOperatingProceduresScoreOperationalRiskInClaimBusinessForPropertyAndCasualtyInsuranceCompany to ProportionNumberOfClosedClaimsScoreOperationalRiskInClaimBusinessForPropertyAndCasualtyInsuranceCompany" use="optional" order="70.0" preferredLabel="http://www.xbrl.org/2003/role/terseLabel"/>
    <link:loc xlink:type="locator" xlink:href="../../c-ross_irr_core_2015-12-31.xsd#c-ross_irr_OperationalRiskInClaimBusinessForPropertyAndCasualtyInsuranceCompanyRateNumberOfClaimsRegisteredAndSettledForCarInsuranceScore" xlink:label="RateNumberOfClaimsRegisteredAndSettledForCarInsuranceScoreOperationalRiskInClaimBusinessForPropertyAndCasualtyInsuranceCompany" xlink:title="RateNumberOfClaimsRegisteredAndSettledForCarInsuranceScoreOperationalRiskInClaimBusinessForPropertyAndCasualtyInsuranceCompany"/>
    <link:presentationArc xlink:type="arc" xlink:arcrole="http://www.xbrl.org/2003/arcrole/parent-child" xlink:from="ProportionNumberOfClosedClaimsScoreOperationalRiskInClaimBusinessForPropertyAndCasualtyInsuranceCompany" xlink:to="RateNumberOfClaimsRegisteredAndSettledForCarInsuranceScoreOperationalRiskInClaimBusinessForPropertyAndCasualtyInsuranceCompany" xlink:title="presentation: ProportionNumberOfClosedClaimsScoreOperationalRiskInClaimBusinessForPropertyAndCasualtyInsuranceCompany to RateNumberOfClaimsRegisteredAndSettledForCarInsuranceScoreOperationalRiskInClaimBusinessForPropertyAndCasualtyInsuranceCompany" use="optional" order="10.0" preferredLabel="http://www.xbrl.org/2003/role/terseLabel"/>
    <link:loc xlink:type="locator" xlink:href="../../c-ross_irr_core_2015-12-31.xsd#c-ross_irr_OperationalRiskInClaimBusinessForPropertyAndCasualtyInsuranceCompanyRateNumberOfClaimsRegisteredAndSettledForCarInsurance" xlink:label="RateNumberOfClaimsRegisteredAndSettledForCarInsuranceOperationalRiskInClaimBusinessForPropertyAndCasualtyInsuranceCompany" xlink:title="RateNumberOfClaimsRegisteredAndSettledForCarInsuranceOperationalRiskInClaimBusinessForPropertyAndCasualtyInsuranceCompany"/>
    <link:presentationArc xlink:type="arc" xlink:arcrole="http://www.xbrl.org/2003/arcrole/parent-child" xlink:from="RateNumberOfClaimsRegisteredAndSettledForCarInsuranceScoreOperationalRiskInClaimBusinessForPropertyAndCasualtyInsuranceCompany" xlink:to="RateNumberOfClaimsRegisteredAndSettledForCarInsuranceOperationalRiskInClaimBusinessForPropertyAndCasualtyInsuranceCompany" xlink:title="presentation: RateNumberOfClaimsRegisteredAndSettledForCarInsuranceScoreOperationalRiskInClaimBusinessForPropertyAndCasualtyInsuranceCompany to RateNumberOfClaimsRegisteredAndSettledForCarInsuranceOperationalRiskInClaimBusinessForPropertyAndCasualtyInsuranceCompany" use="optional" order="10.0" preferredLabel="http://www.xbrl.org/2003/role/terseLabel"/>
    <link:loc xlink:type="locator" xlink:href="../../c-ross_irr_core_2015-12-31.xsd#c-ross_irr_OperationalRiskInClaimBusinessForPropertyAndCasualtyInsuranceCompanyNumberOfClaimsRegisteredAndClosedForAutoInsuranceRollingForwardTwelveMonthsFromValuationTimePoint" xlink:label="NumberOfClaimsRegisteredAndClosedForAutoInsuranceRollingForwardTwelveMonthsFromValuationTimePointOperationalRiskInClaimBusinessForPropertyAndCasualtyInsuranceCompany" xlink:title="NumberOfClaimsRegisteredAndClosedForAutoInsuranceRollingForwardTwelveMonthsFromValuationTimePointOperationalRiskInClaimBusinessForPropertyAndCasualtyInsuranceCompany"/>
    <link:presentationArc xlink:type="arc" xlink:arcrole="http://www.xbrl.org/2003/arcrole/parent-child" xlink:from="RateNumberOfClaimsRegisteredAndSettledForCarInsuranceOperationalRiskInClaimBusinessForPropertyAndCasualtyInsuranceCompany" xlink:to="NumberOfClaimsRegisteredAndClosedForAutoInsuranceRollingForwardTwelveMonthsFromValuationTimePointOperationalRiskInClaimBusinessForPropertyAndCasualtyInsuranceCompany" xlink:title="presentation: RateNumberOfClaimsRegisteredAndSettledForCarInsuranceOperationalRiskInClaimBusinessForPropertyAndCasualtyInsuranceCompany to NumberOfClaimsRegisteredAndClosedForAutoInsuranceRollingForwardTwelveMonthsFromValuationTimePointOperationalRiskInClaimBusinessForPropertyAndCasualtyInsuranceCompany" use="optional" order="10.0" preferredLabel="http://www.xbrl.org/2003/role/terseLabel"/>
    <link:loc xlink:type="locator" xlink:href="../../c-ross_irr_core_2015-12-31.xsd#c-ross_irr_OperationalRiskInClaimBusinessForPropertyAndCasualtyInsuranceCompanyNumberOfValidClaimsReportedForAutoInsuranceRollingForwardTwelveMonthsFromValuationTimePoint" xlink:label="NumberOfValidClaimsReportedForAutoInsuranceRollingForwardTwelveMonthsFromValuationTimePointOperationalRiskInClaimBusinessForPropertyAndCasualtyInsuranceCompany" xlink:title="NumberOfValidClaimsReportedForAutoInsuranceRollingForwardTwelveMonthsFromValuationTimePointOperationalRiskInClaimBusinessForPropertyAndCasualtyInsuranceCompany"/>
    <link:presentationArc xlink:type="arc" xlink:arcrole="http://www.xbrl.org/2003/arcrole/parent-child" xlink:from="RateNumberOfClaimsRegisteredAndSettledForCarInsuranceOperationalRiskInClaimBusinessForPropertyAndCasualtyInsuranceCompany" xlink:to="NumberOfValidClaimsReportedForAutoInsuranceRollingForwardTwelveMonthsFromValuationTimePointOperationalRiskInClaimBusinessForPropertyAndCasualtyInsuranceCompany" xlink:title="presentation: RateNumberOfClaimsRegisteredAndSettledForCarInsuranceOperationalRiskInClaimBusinessForPropertyAndCasualtyInsuranceCompany to NumberOfValidClaimsReportedForAutoInsuranceRollingForwardTwelveMonthsFromValuationTimePointOperationalRiskInClaimBusinessForPropertyAndCasualtyInsuranceCompany" use="optional" order="20.0" preferredLabel="http://www.xbrl.org/2003/role/terseLabel"/>
    <link:loc xlink:type="locator" xlink:href="../../c-ross_irr_core_2015-12-31.xsd#c-ross_irr_OperationalRiskInClaimBusinessForPropertyAndCasualtyInsuranceCompanyRateNumberOfClaimsRegisteredAndSettledForNonCarInsuranceScore" xlink:label="RateNumberOfClaimsRegisteredAndSettledForNonCarInsuranceScoreOperationalRiskInClaimBusinessForPropertyAndCasualtyInsuranceCompany" xlink:title="RateNumberOfClaimsRegisteredAndSettledForNonCarInsuranceScoreOperationalRiskInClaimBusinessForPropertyAndCasualtyInsuranceCompany"/>
    <link:presentationArc xlink:type="arc" xlink:arcrole="http://www.xbrl.org/2003/arcrole/parent-child" xlink:from="ProportionNumberOfClosedClaimsScoreOperationalRiskInClaimBusinessForPropertyAndCasualtyInsuranceCompany" xlink:to="RateNumberOfClaimsRegisteredAndSettledForNonCarInsuranceScoreOperationalRiskInClaimBusinessForPropertyAndCasualtyInsuranceCompany" xlink:title="presentation: ProportionNumberOfClosedClaimsScoreOperationalRiskInClaimBusinessForPropertyAndCasualtyInsuranceCompany to RateNumberOfClaimsRegisteredAndSettledForNonCarInsuranceScoreOperationalRiskInClaimBusinessForPropertyAndCasualtyInsuranceCompany" use="optional" order="20.0" preferredLabel="http://www.xbrl.org/2003/role/terseLabel"/>
    <link:loc xlink:type="locator" xlink:href="../../c-ross_irr_core_2015-12-31.xsd#c-ross_irr_OperationalRiskInClaimBusinessForPropertyAndCasualtyInsuranceCompanyRateNumberOfClaimsRegisteredAndSettledForNonCarInsurance" xlink:label="RateNumberOfClaimsRegisteredAndSettledForNonCarInsuranceOperationalRiskInClaimBusinessForPropertyAndCasualtyInsuranceCompany" xlink:title="RateNumberOfClaimsRegisteredAndSettledForNonCarInsuranceOperationalRiskInClaimBusinessForPropertyAndCasualtyInsuranceCompany"/>
    <link:presentationArc xlink:type="arc" xlink:arcrole="http://www.xbrl.org/2003/arcrole/parent-child" xlink:from="RateNumberOfClaimsRegisteredAndSettledForNonCarInsuranceScoreOperationalRiskInClaimBusinessForPropertyAndCasualtyInsuranceCompany" xlink:to="RateNumberOfClaimsRegisteredAndSettledForNonCarInsuranceOperationalRiskInClaimBusinessForPropertyAndCasualtyInsuranceCompany" xlink:title="presentation: RateNumberOfClaimsRegisteredAndSettledForNonCarInsuranceScoreOperationalRiskInClaimBusinessForPropertyAndCasualtyInsuranceCompany to RateNumberOfClaimsRegisteredAndSettledForNonCarInsuranceOperationalRiskInClaimBusinessForPropertyAndCasualtyInsuranceCompany" use="optional" order="10.0" preferredLabel="http://www.xbrl.org/2003/role/terseLabel"/>
    <link:loc xlink:type="locator" xlink:href="../../c-ross_irr_core_2015-12-31.xsd#c-ross_irr_OperationalRiskInClaimBusinessForPropertyAndCasualtyInsuranceCompanyNumberOfClaimsRegisteredAndClosedForNonAutoInsuranceRollingForwardTwelveMonthsFromValuationTimePoint" xlink:label="NumberOfClaimsRegisteredAndClosedForNonAutoInsuranceRollingForwardTwelveMonthsFromValuationTimePointOperationalRiskInClaimBusinessForPropertyAndCasualtyInsuranceCompany" xlink:title="NumberOfClaimsRegisteredAndClosedForNonAutoInsuranceRollingForwardTwelveMonthsFromValuationTimePointOperationalRiskInClaimBusinessForPropertyAndCasualtyInsuranceCompany"/>
    <link:presentationArc xlink:type="arc" xlink:arcrole="http://www.xbrl.org/2003/arcrole/parent-child" xlink:from="RateNumberOfClaimsRegisteredAndSettledForNonCarInsuranceOperationalRiskInClaimBusinessForPropertyAndCasualtyInsuranceCompany" xlink:to="NumberOfClaimsRegisteredAndClosedForNonAutoInsuranceRollingForwardTwelveMonthsFromValuationTimePointOperationalRiskInClaimBusinessForPropertyAndCasualtyInsuranceCompany" xlink:title="presentation: RateNumberOfClaimsRegisteredAndSettledForNonCarInsuranceOperationalRiskInClaimBusinessForPropertyAndCasualtyInsuranceCompany to NumberOfClaimsRegisteredAndClosedForNonAutoInsuranceRollingForwardTwelveMonthsFromValuationTimePointOperationalRiskInClaimBusinessForPropertyAndCasualtyInsuranceCompany" use="optional" order="10.0" preferredLabel="http://www.xbrl.org/2003/role/terseLabel"/>
    <link:loc xlink:type="locator" xlink:href="../../c-ross_irr_core_2015-12-31.xsd#c-ross_irr_OperationalRiskInClaimBusinessForPropertyAndCasualtyInsuranceCompanyNumberOfValidClaimsReportedForNonAutoInsuranceRollingForwardTwelveMonthsFromValuationTimePoint" xlink:label="NumberOfValidClaimsReportedForNonAutoInsuranceRollingForwardTwelveMonthsFromValuationTimePointOperationalRiskInClaimBusinessForPropertyAndCasualtyInsuranceCompany" xlink:title="NumberOfValidClaimsReportedForNonAutoInsuranceRollingForwardTwelveMonthsFromValuationTimePointOperationalRiskInClaimBusinessForPropertyAndCasualtyInsuranceCompany"/>
    <link:presentationArc xlink:type="arc" xlink:arcrole="http://www.xbrl.org/2003/arcrole/parent-child" xlink:from="RateNumberOfClaimsRegisteredAndSettledForNonCarInsuranceOperationalRiskInClaimBusinessForPropertyAndCasualtyInsuranceCompany" xlink:to="NumberOfValidClaimsReportedForNonAutoInsuranceRollingForwardTwelveMonthsFromValuationTimePointOperationalRiskInClaimBusinessForPropertyAndCasualtyInsuranceCompany" xlink:title="presentation: RateNumberOfClaimsRegisteredAndSettledForNonCarInsuranceOperationalRiskInClaimBusinessForPropertyAndCasualtyInsuranceCompany to NumberOfValidClaimsReportedForNonAutoInsuranceRollingForwardTwelveMonthsFromValuationTimePointOperationalRiskInClaimBusinessForPropertyAndCasualtyInsuranceCompany" use="optional" order="20.0" preferredLabel="http://www.xbrl.org/2003/role/terseLabel"/>
    <link:loc xlink:type="locator" xlink:href="../../c-ross_irr_core_2015-12-31.xsd#c-ross_irr_OperationalRiskInClaimBusinessForPropertyAndCasualtyInsuranceCompanyOriginalPremiumIncomeForAutoInsurance" xlink:label="OriginalPremiumIncomeForAutoInsuranceOperationalRiskInClaimBusinessForPropertyAndCasualtyInsuranceCompany" xlink:title="OriginalPremiumIncomeForAutoInsuranceOperationalRiskInClaimBusinessForPropertyAndCasualtyInsuranceCompany"/>
    <link:presentationArc xlink:type="arc" xlink:arcrole="http://www.xbrl.org/2003/arcrole/parent-child" xlink:from="ProportionNumberOfClosedClaimsScoreOperationalRiskInClaimBusinessForPropertyAndCasualtyInsuranceCompany" xlink:to="OriginalPremiumIncomeForAutoInsuranceOperationalRiskInClaimBusinessForPropertyAndCasualtyInsuranceCompany" xlink:title="presentation: ProportionNumberOfClosedClaimsScoreOperationalRiskInClaimBusinessForPropertyAndCasualtyInsuranceCompany to OriginalPremiumIncomeForAutoInsuranceOperationalRiskInClaimBusinessForPropertyAndCasualtyInsuranceCompany" use="optional" order="30.0" preferredLabel="http://www.xbrl.org/2003/role/terseLabel"/>
    <link:loc xlink:type="locator" xlink:href="../../c-ross_irr_core_2015-12-31.xsd#c-ross_irr_OperationalRiskInClaimBusinessForPropertyAndCasualtyInsuranceCompanyOriginalPremiumIncomeForNonAutoInsurance" xlink:label="OriginalPremiumIncomeForNonAutoInsuranceOperationalRiskInClaimBusinessForPropertyAndCasualtyInsuranceCompany" xlink:title="OriginalPremiumIncomeForNonAutoInsuranceOperationalRiskInClaimBusinessForPropertyAndCasualtyInsuranceCompany"/>
    <link:presentationArc xlink:type="arc" xlink:arcrole="http://www.xbrl.org/2003/arcrole/parent-child" xlink:from="ProportionNumberOfClosedClaimsScoreOperationalRiskInClaimBusinessForPropertyAndCasualtyInsuranceCompany" xlink:to="OriginalPremiumIncomeForNonAutoInsuranceOperationalRiskInClaimBusinessForPropertyAndCasualtyInsuranceCompany" xlink:title="presentation: ProportionNumberOfClosedClaimsScoreOperationalRiskInClaimBusinessForPropertyAndCasualtyInsuranceCompany to OriginalPremiumIncomeForNonAutoInsuranceOperationalRiskInClaimBusinessForPropertyAndCasualtyInsuranceCompany" use="optional" order="40.0" preferredLabel="http://www.xbrl.org/2003/role/terseLabel"/>
    <link:loc xlink:type="locator" xlink:href="../../c-ross_irr_core_2015-12-31.xsd#c-ross_irr_OperationalRiskInClaimBusinessForPropertyAndCasualtyInsuranceCompanyInformationSystemScore" xlink:label="InformationSystemScoreOperationalRiskInClaimBusinessForPropertyAndCasualtyInsuranceCompany" xlink:title="InformationSystemScoreOperationalRiskInClaimBusinessForPropertyAndCasualtyInsuranceCompany"/>
    <link:presentationArc xlink:type="arc" xlink:arcrole="http://www.xbrl.org/2003/arcrole/parent-child" xlink:from="OperationalRiskInClaimBusinessForPropertyAndCasualtyInsuranceCompanyAbstract" xlink:to="InformationSystemScoreOperationalRiskInClaimBusinessForPropertyAndCasualtyInsuranceCompany" xlink:title="presentation: OperationalRiskInClaimBusinessForPropertyAndCasualtyInsuranceCompanyAbstract to InformationSystemScoreOperationalRiskInClaimBusinessForPropertyAndCasualtyInsuranceCompany" order="30.0" preferredLabel="http://www.xbrl.org/2003/role/terseLabel"/>
    <link:loc xlink:type="locator" xlink:href="../../c-ross_irr_core_2015-12-31.xsd#c-ross_irr_OperationalRiskInClaimBusinessForPropertyAndCasualtyInsuranceCompanyDataConsistencyOfClaimSystemScore" xlink:label="OperationalRiskInClaimBusinessForPropertyAndCasualtyInsuranceCompanyDataConsistencyOfClaimSystemScore" xlink:title="OperationalRiskInClaimBusinessForPropertyAndCasualtyInsuranceCompanyDataConsistencyOfClaimSystemScore"/>
    <link:presentationArc xlink:type="arc" xlink:arcrole="http://www.xbrl.org/2003/arcrole/parent-child" xlink:from="InformationSystemScoreOperationalRiskInClaimBusinessForPropertyAndCasualtyInsuranceCompany" xlink:to="OperationalRiskInClaimBusinessForPropertyAndCasualtyInsuranceCompanyDataConsistencyOfClaimSystemScore" xlink:title="presentation: OperationalRiskInClaimBusinessForPropertyAndCasualtyInsuranceCompanyInformationSystemScore to OperationalRiskInClaimBusinessForPropertyAndCasualtyInsuranceCompanyDataConsistencyOfClaimSystemScore" order="10.0" preferredLabel="http://www.xbrl.org/2003/role/terseLabel"/>
    <link:loc xlink:type="locator" xlink:href="../../c-ross_irr_core_2015-12-31.xsd#c-ross_irr_OperationalRiskInClaimBusinessForPropertyAndCasualtyInsuranceCompanyRateOfDirectPaymentDiscrepancyBeforeReinsuranceInSystemOfClaimAndReinsurance" xlink:label="OperationalRiskInClaimBusinessForPropertyAndCasualtyInsuranceCompanyRateOfDirectPaymentDiscrepancyBeforeReinsuranceInSystemOfClaimAndReinsurance" xlink:title="RateOfDirectPaymentDiscrepancyBeforeReinsuranceInSystemOfClaimAndReinsuranceOperationalRiskInClaimBusinessForPropertyAndCasualtyInsuranceCompany"/>
    <link:presentationArc xlink:type="arc" xlink:arcrole="http://www.xbrl.org/2003/arcrole/parent-child" xlink:from="OperationalRiskInClaimBusinessForPropertyAndCasualtyInsuranceCompanyDataConsistencyOfClaimSystemScore" xlink:to="OperationalRiskInClaimBusinessForPropertyAndCasualtyInsuranceCompanyRateOfDirectPaymentDiscrepancyBeforeReinsuranceInSystemOfClaimAndReinsurance" xlink:title="presentation: OperationalRiskInClaimBusinessForPropertyAndCasualtyInsuranceCompanyDataConsistencyOfClaimSystemScore to OperationalRiskInClaimBusinessForPropertyAndCasualtyInsuranceCompanyRateOfDirectPaymentDiscrepancyBeforeReinsuranceInSystemOfClaimAndReinsurance" use="optional" order="50.0" preferredLabel="http://www.xbrl.org/2003/role/terseLabel"/>
    <link:loc xlink:type="locator" xlink:href="../../c-ross_irr_core_2015-12-31.xsd#c-ross_irr_OperationalRiskInClaimBusinessForPropertyAndCasualtyInsuranceCompanyRateOfDirectPaymentDiscrepancyAfterReinsuranceInSystemOfClaimAndReinsurance" xlink:label="OperationalRiskInClaimBusinessForPropertyAndCasualtyInsuranceCompanyRateOfDirectPaymentDiscrepancyAfterReinsuranceInSystemOfClaimAndReinsurance" xlink:title="RateOfDirectPaymentDiscrepancyAfterReinsuranceInSystemOfClaimAndReinsuranceOperationalRiskInClaimBusinessForPropertyAndCasualtyInsuranceCompany"/>
    <link:presentationArc xlink:type="arc" xlink:arcrole="http://www.xbrl.org/2003/arcrole/parent-child" xlink:from="OperationalRiskInClaimBusinessForPropertyAndCasualtyInsuranceCompanyDataConsistencyOfClaimSystemScore" xlink:to="OperationalRiskInClaimBusinessForPropertyAndCasualtyInsuranceCompanyRateOfDirectPaymentDiscrepancyAfterReinsuranceInSystemOfClaimAndReinsurance" xlink:title="presentation: OperationalRiskInClaimBusinessForPropertyAndCasualtyInsuranceCompanyDataConsistencyOfClaimSystemScore to OperationalRiskInClaimBusinessForPropertyAndCasualtyInsuranceCompanyRateOfDirectPaymentDiscrepancyAfterReinsuranceInSystemOfClaimAndReinsurance" use="optional" order="60.0" preferredLabel="http://www.xbrl.org/2003/role/terseLabel"/>
    <link:loc xlink:type="locator" xlink:href="../../c-ross_irr_core_2015-12-31.xsd#c-ross_irr_OperationalRiskInClaimBusinessForPropertyAndCasualtyInsuranceCompanyRateOfDiscrepancyForClaimDirectHandlingExpenseBeforeReinsuranceInSystemOfClaimAndReinsurance" xlink:label="OperationalRiskInClaimBusinessForPropertyAndCasualtyInsuranceCompanyRateOfDiscrepancyForClaimDirectHandlingExpenseBeforeReinsuranceInSystemOfUnderwritingAndReinsurance" xlink:title="RateOfDiscrepancyForClaimDirectHandlingExpenseBeforeReinsuranceInSystemOfUnderwritingAndReinsuranceOperationalRiskInClaimBusinessForPropertyAndCasualtyInsuranceCompany"/>
    <link:presentationArc xlink:type="arc" xlink:arcrole="http://www.xbrl.org/2003/arcrole/parent-child" xlink:from="OperationalRiskInClaimBusinessForPropertyAndCasualtyInsuranceCompanyDataConsistencyOfClaimSystemScore" xlink:to="OperationalRiskInClaimBusinessForPropertyAndCasualtyInsuranceCompanyRateOfDiscrepancyForClaimDirectHandlingExpenseBeforeReinsuranceInSystemOfUnderwritingAndReinsurance" xlink:title="presentation: OperationalRiskInClaimBusinessForPropertyAndCasualtyInsuranceCompanyDataConsistencyOfClaimSystemScore to OperationalRiskInClaimBusinessForPropertyAndCasualtyInsuranceCompanyRateOfDiscrepancyForClaimDirectHandlingExpenseBeforeReinsuranceInSystemOfUnderwritingAndReinsurance" use="optional" order="70.0" preferredLabel="http://www.xbrl.org/2003/role/terseLabel"/>
    <link:loc xlink:type="locator" xlink:href="../../c-ross_irr_core_2015-12-31.xsd#c-ross_irr_OperationalRiskInClaimBusinessForPropertyAndCasualtyInsuranceCompanyRateOfDiscrepancyForClaimDirectHandlingExpenseAfterReinsuranceInSystemOfClaimAndReinsurance" xlink:label="OperationalRiskInClaimBusinessForPropertyAndCasualtyInsuranceCompanyRateOfDiscrepancyForClaimDirectHandlingExpenseAfterReinsuranceInSystemOfClaimAndReinsurance" xlink:title="RateOfDiscrepancyForClaimDirectHandlingExpenseAfterReinsuranceInSystemOfClaimAndReinsuranceOperationalRiskInClaimBusinessForPropertyAndCasualtyInsuranceCompany"/>
    <link:presentationArc xlink:type="arc" xlink:arcrole="http://www.xbrl.org/2003/arcrole/parent-child" xlink:from="OperationalRiskInClaimBusinessForPropertyAndCasualtyInsuranceCompanyDataConsistencyOfClaimSystemScore" xlink:to="OperationalRiskInClaimBusinessForPropertyAndCasualtyInsuranceCompanyRateOfDiscrepancyForClaimDirectHandlingExpenseAfterReinsuranceInSystemOfClaimAndReinsurance" xlink:title="presentation: OperationalRiskInClaimBusinessForPropertyAndCasualtyInsuranceCompanyDataConsistencyOfClaimSystemScore to OperationalRiskInClaimBusinessForPropertyAndCasualtyInsuranceCompanyRateOfDiscrepancyForClaimDirectHandlingExpenseAfterReinsuranceInSystemOfClaimAndReinsurance" use="optional" order="80.0" preferredLabel="http://www.xbrl.org/2003/role/terseLabel"/>
    <link:loc xlink:type="locator" xlink:href="../../c-ross_irr_core_2015-12-31.xsd#c-ross_irr_OperationalRiskInClaimBusinessForPropertyAndCasualtyInsuranceCompanyRateOfDirectPaymentDiscrepancyBeforeReinsuranceInSystemOfClaimAndFinance" xlink:label="OperationalRiskInClaimBusinessForPropertyAndCasualtyInsuranceCompanyRateOfDirectPaymentDiscrepancyBeforeReinsuranceInSystemOfUnderwritingAndFinance" xlink:title="RateOfDirectPaymentDiscrepancyBeforeReinsuranceInSystemOfUnderwritingAndFinanceOperationalRiskInClaimBusinessForPropertyAndCasualtyInsuranceCompany"/>
    <link:presentationArc xlink:type="arc" xlink:arcrole="http://www.xbrl.org/2003/arcrole/parent-child" xlink:from="OperationalRiskInClaimBusinessForPropertyAndCasualtyInsuranceCompanyDataConsistencyOfClaimSystemScore" xlink:to="OperationalRiskInClaimBusinessForPropertyAndCasualtyInsuranceCompanyRateOfDirectPaymentDiscrepancyBeforeReinsuranceInSystemOfUnderwritingAndFinance" xlink:title="presentation: OperationalRiskInClaimBusinessForPropertyAndCasualtyInsuranceCompanyDataConsistencyOfClaimSystemScore to OperationalRiskInClaimBusinessForPropertyAndCasualtyInsuranceCompanyRateOfDirectPaymentDiscrepancyBeforeReinsuranceInSystemOfUnderwritingAndFinance" use="optional" order="10.0" preferredLabel="http://www.xbrl.org/2003/role/terseLabel"/>
    <link:loc xlink:type="locator" xlink:href="../../c-ross_irr_core_2015-12-31.xsd#c-ross_irr_OperationalRiskInClaimBusinessForPropertyAndCasualtyInsuranceCompanyRateOfDirectPaymentDiscrepancyAfterReinsuranceInSystemOfClaimAndFinance" xlink:label="OperationalRiskInClaimBusinessForPropertyAndCasualtyInsuranceCompanyRateOfDirectPaymentDiscrepancyAfterReinsuranceInSystemOfClaimAndFinance" xlink:title="RateOfDirectPaymentDiscrepancyAfterReinsuranceInSystemOfClaimAndFinanceOperationalRiskInClaimBusinessForPropertyAndCasualtyInsuranceCompany"/>
    <link:presentationArc xlink:type="arc" xlink:arcrole="http://www.xbrl.org/2003/arcrole/parent-child" xlink:from="OperationalRiskInClaimBusinessForPropertyAndCasualtyInsuranceCompanyDataConsistencyOfClaimSystemScore" xlink:to="OperationalRiskInClaimBusinessForPropertyAndCasualtyInsuranceCompanyRateOfDirectPaymentDiscrepancyAfterReinsuranceInSystemOfClaimAndFinance" xlink:title="presentation: OperationalRiskInClaimBusinessForPropertyAndCasualtyInsuranceCompanyDataConsistencyOfClaimSystemScore to OperationalRiskInClaimBusinessForPropertyAndCasualtyInsuranceCompanyRateOfDirectPaymentDiscrepancyAfterReinsuranceInSystemOfClaimAndFinance" use="optional" order="20.0" preferredLabel="http://www.xbrl.org/2003/role/terseLabel"/>
    <link:loc xlink:type="locator" xlink:href="../../c-ross_irr_core_2015-12-31.xsd#c-ross_irr_OperationalRiskInClaimBusinessForPropertyAndCasualtyInsuranceCompanyRateOfDiscrepancyForClaimDirectHandlingExpenseBeforeReinsuranceInSystemOfClaimAndFinance" xlink:label="OperationalRiskInClaimBusinessForPropertyAndCasualtyInsuranceCompanyRateOfDiscrepancyForClaimDirectHandlingExpenseBeforeReinsuranceInSystemOfClaimAndFinance" xlink:title="RateOfDiscrepancyForClaimDirectHandlingExpenseBeforeReinsuranceInSystemOfClaimAndFinanceOperationalRiskInClaimBusinessForPropertyAndCasualtyInsuranceCompany"/>
    <link:presentationArc xlink:type="arc" xlink:arcrole="http://www.xbrl.org/2003/arcrole/parent-child" xlink:from="OperationalRiskInClaimBusinessForPropertyAndCasualtyInsuranceCompanyDataConsistencyOfClaimSystemScore" xlink:to="OperationalRiskInClaimBusinessForPropertyAndCasualtyInsuranceCompanyRateOfDiscrepancyForClaimDirectHandlingExpenseBeforeReinsuranceInSystemOfClaimAndFinance" xlink:title="presentation: OperationalRiskInClaimBusinessForPropertyAndCasualtyInsuranceCompanyDataConsistencyOfClaimSystemScore to OperationalRiskInClaimBusinessForPropertyAndCasualtyInsuranceCompanyRateOfDiscrepancyForClaimDirectHandlingExpenseBeforeReinsuranceInSystemOfClaimAndFinance" use="optional" order="30.0" preferredLabel="http://www.xbrl.org/2003/role/terseLabel"/>
    <link:loc xlink:type="locator" xlink:href="../../c-ross_irr_core_2015-12-31.xsd#c-ross_irr_OperationalRiskInClaimBusinessForPropertyAndCasualtyInsuranceCompanyRateOfDiscrepancyForClaimDirectHandlingExpenseAfterReinsuranceInSystemOfClaimAndFinance" xlink:label="OperationalRiskInClaimBusinessForPropertyAndCasualtyInsuranceCompanyRateOfDiscrepancyForClaimDirectHandlingExpenseAfterReinsuranceInSystemOfClaimAndFinance" xlink:title="RateOfDiscrepancyForClaimDirectHandlingExpenseAfterReinsuranceInSystemOfClaimAndFinanceOperationalRiskInClaimBusinessForPropertyAndCasualtyInsuranceCompany"/>
    <link:presentationArc xlink:type="arc" xlink:arcrole="http://www.xbrl.org/2003/arcrole/parent-child" xlink:from="OperationalRiskInClaimBusinessForPropertyAndCasualtyInsuranceCompanyDataConsistencyOfClaimSystemScore" xlink:to="OperationalRiskInClaimBusinessForPropertyAndCasualtyInsuranceCompanyRateOfDiscrepancyForClaimDirectHandlingExpenseAfterReinsuranceInSystemOfClaimAndFinance" xlink:title="presentation: OperationalRiskInClaimBusinessForPropertyAndCasualtyInsuranceCompanyDataConsistencyOfClaimSystemScore to OperationalRiskInClaimBusinessForPropertyAndCasualtyInsuranceCompanyRateOfDiscrepancyForClaimDirectHandlingExpenseAfterReinsuranceInSystemOfClaimAndFinance" use="optional" order="40.0" preferredLabel="http://www.xbrl.org/2003/role/terseLabel"/>
    <link:loc xlink:type="locator" xlink:href="../../c-ross_irr_core_2015-12-31.xsd#c-ross_irr_OperationalRiskInClaimBusinessForPropertyAndCasualtyInsuranceCompanyExternalFactorsScore" xlink:label="ExternalFactorsScoreOperationalRiskInClaimBusinessForPropertyAndCasualtyInsuranceCompany" xlink:title="ExternalFactorsScoreOperationalRiskInClaimBusinessForPropertyAndCasualtyInsuranceCompany"/>
    <link:presentationArc xlink:type="arc" xlink:arcrole="http://www.xbrl.org/2003/arcrole/parent-child" xlink:from="OperationalRiskInClaimBusinessForPropertyAndCasualtyInsuranceCompanyAbstract" xlink:to="ExternalFactorsScoreOperationalRiskInClaimBusinessForPropertyAndCasualtyInsuranceCompany" xlink:title="presentation: OperationalRiskInClaimBusinessForPropertyAndCasualtyInsuranceCompanyAbstract to ExternalFactorsScoreOperationalRiskInClaimBusinessForPropertyAndCasualtyInsuranceCompany" order="40.0" preferredLabel="http://www.xbrl.org/2003/role/terseLabel"/>
    <link:loc xlink:type="locator" xlink:href="../../c-ross_irr_core_2015-12-31.xsd#c-ross_irr_OperationalRiskInClaimBusinessForPropertyAndCasualtyInsuranceCompanyClaimAntiFraudModuleScore" xlink:label="OperationalRiskInClaimBusinessForPropertyAndCasualtyInsuranceCompanyClaimAntiFraudModuleScore" xlink:title="OperationalRiskInClaimBusinessForPropertyAndCasualtyInsuranceCompanyClaimAntiFraudModuleScore"/>
    <link:presentationArc xlink:type="arc" xlink:arcrole="http://www.xbrl.org/2003/arcrole/parent-child" xlink:from="ExternalFactorsScoreOperationalRiskInClaimBusinessForPropertyAndCasualtyInsuranceCompany" xlink:to="OperationalRiskInClaimBusinessForPropertyAndCasualtyInsuranceCompanyClaimAntiFraudModuleScore" xlink:title="presentation: OperationalRiskInClaimBusinessForPropertyAndCasualtyInsuranceCompanyExternalFactorsScore to OperationalRiskInClaimBusinessForPropertyAndCasualtyInsuranceCompanyClaimAntiFraudModuleScore" order="10.0" preferredLabel="http://www.xbrl.org/2003/role/terseLabel"/>
    <link:loc xlink:type="locator" xlink:href="../../c-ross_irr_core_2015-12-31.xsd#c-ross_irr_OperationalRiskInClaimBusinessForPropertyAndCasualtyInsuranceCompanyClaimAntiFraudModule" xlink:label="OperationalRiskInClaimBusinessForPropertyAndCasualtyInsuranceCompanyClaimAntiFraudModule" xlink:title="ClaimAntiFraudModuleOperationalRiskInClaimBusinessForPropertyAndCasualtyInsuranceCompany"/>
    <link:presentationArc xlink:type="arc" xlink:arcrole="http://www.xbrl.org/2003/arcrole/parent-child" xlink:from="OperationalRiskInClaimBusinessForPropertyAndCasualtyInsuranceCompanyClaimAntiFraudModuleScore" xlink:to="OperationalRiskInClaimBusinessForPropertyAndCasualtyInsuranceCompanyClaimAntiFraudModule" xlink:title="presentation: OperationalRiskInClaimBusinessForPropertyAndCasualtyInsuranceCompanyClaimAntiFraudModuleScore to OperationalRiskInClaimBusinessForPropertyAndCasualtyInsuranceCompanyClaimAntiFraudModule" use="optional" order="10.0" preferredLabel="http://www.xbrl.org/2003/role/terseLabel"/>
    <link:loc xlink:type="locator" xlink:href="../../c-ross_irr_core_2015-12-31.xsd#c-ross_irr_OperationalRiskInClaimBusinessForPropertyAndCasualtyInsuranceCompanyAdjustmentBasedOnIndustryOverallLevelScore" xlink:label="AdjustmentBasedOnIntraIndustryOverallLevelScoreOperationalRiskInClaimBusinessForPropertyAndCasualtyInsuranceCompany" xlink:title="AdjustmentBasedOnIntraIndustryOverallLevelScoreOperationalRiskInClaimBusinessForPropertyAndCasualtyInsuranceCompany"/>
    <link:presentationArc xlink:type="arc" xlink:arcrole="http://www.xbrl.org/2003/arcrole/parent-child" xlink:from="OperationalRiskInClaimBusinessForPropertyAndCasualtyInsuranceCompanyAbstract" xlink:to="AdjustmentBasedOnIntraIndustryOverallLevelScoreOperationalRiskInClaimBusinessForPropertyAndCasualtyInsuranceCompany" xlink:title="presentation: OperationalRiskInClaimBusinessForPropertyAndCasualtyInsuranceCompanyAbstract to AdjustmentBasedOnIntraIndustryOverallLevelScoreOperationalRiskInClaimBusinessForPropertyAndCasualtyInsuranceCompany" order="50.0" preferredLabel="http://www.xbrl.org/2003/role/terseLabel"/>
    <link:loc xlink:type="locator" xlink:href="../../c-ross_irr_core_2015-12-31.xsd#c-ross_irr_OperationalRiskInClaimBusinessForPropertyAndCasualtyInsuranceCompanyAdjustmentBasedOnCapabilityOfIndustryPersonnelScore" xlink:label="AdjustmentBasedOnCapabilityOfIntraIndustryPersonnelScoreOperationalRiskInClaimBusinessForPropertyAndCasualtyInsuranceCompany" xlink:title="AdjustmentBasedOnCapabilityOfIntraIndustryPersonnelScoreOperationalRiskInClaimBusinessForPropertyAndCasualtyInsuranceCompany"/>
    <link:presentationArc xlink:type="arc" xlink:arcrole="http://www.xbrl.org/2003/arcrole/parent-child" xlink:from="AdjustmentBasedOnIntraIndustryOverallLevelScoreOperationalRiskInClaimBusinessForPropertyAndCasualtyInsuranceCompany" xlink:to="AdjustmentBasedOnCapabilityOfIntraIndustryPersonnelScoreOperationalRiskInClaimBusinessForPropertyAndCasualtyInsuranceCompany" xlink:title="presentation: AdjustmentBasedOnIntraIndustryOverallLevelScoreOperationalRiskInClaimBusinessForPropertyAndCasualtyInsuranceCompany to AdjustmentBasedOnCapabilityOfIntraIndustryPersonnelScoreOperationalRiskInClaimBusinessForPropertyAndCasualtyInsuranceCompany" use="optional" order="10.0" preferredLabel="http://www.xbrl.org/2003/role/terseLabel"/>
    <link:loc xlink:type="locator" xlink:href="../../c-ross_irr_core_2015-12-31.xsd#c-ross_irr_OperationalRiskInClaimBusinessForPropertyAndCasualtyInsuranceCompanyAdjustmentBasedOnIndustryLevelOfInternalControlScore" xlink:label="AdjustmentBasedOnIntraIndustryLevelOfInternalControlScoreOperationalRiskInClaimBusinessForPropertyAndCasualtyInsuranceCompany" xlink:title="AdjustmentBasedOnIntraIndustryLevelOfInternalControlScoreOperationalRiskInClaimBusinessForPropertyAndCasualtyInsuranceCompany"/>
    <link:presentationArc xlink:type="arc" xlink:arcrole="http://www.xbrl.org/2003/arcrole/parent-child" xlink:from="AdjustmentBasedOnIntraIndustryOverallLevelScoreOperationalRiskInClaimBusinessForPropertyAndCasualtyInsuranceCompany" xlink:to="AdjustmentBasedOnIntraIndustryLevelOfInternalControlScoreOperationalRiskInClaimBusinessForPropertyAndCasualtyInsuranceCompany" xlink:title="presentation: AdjustmentBasedOnIntraIndustryOverallLevelScoreOperationalRiskInClaimBusinessForPropertyAndCasualtyInsuranceCompany to AdjustmentBasedOnIntraIndustryLevelOfInternalControlScoreOperationalRiskInClaimBusinessForPropertyAndCasualtyInsuranceCompany" use="optional" order="20.0" preferredLabel="http://www.xbrl.org/2003/role/terseLabel"/>
    <link:loc xlink:type="locator" xlink:href="../../c-ross_irr_core_2015-12-31.xsd#c-ross_irr_OperationalRiskInClaimBusinessForPropertyAndCasualtyInsuranceCompanyAdjustmentBasedOnCapabilityOfIndustrySystemScore" xlink:label="AdjustmentBasedOnCapabilityOfIntraIndustrySystemScoreOperationalRiskInClaimBusinessForPropertyAndCasualtyInsuranceCompany" xlink:title="AdjustmentBasedOnCapabilityOfIntraIndustrySystemScoreOperationalRiskInClaimBusinessForPropertyAndCasualtyInsuranceCompany"/>
    <link:presentationArc xlink:type="arc" xlink:arcrole="http://www.xbrl.org/2003/arcrole/parent-child" xlink:from="AdjustmentBasedOnIntraIndustryOverallLevelScoreOperationalRiskInClaimBusinessForPropertyAndCasualtyInsuranceCompany" xlink:to="AdjustmentBasedOnCapabilityOfIntraIndustrySystemScoreOperationalRiskInClaimBusinessForPropertyAndCasualtyInsuranceCompany" xlink:title="presentation: AdjustmentBasedOnIntraIndustryOverallLevelScoreOperationalRiskInClaimBusinessForPropertyAndCasualtyInsuranceCompany to AdjustmentBasedOnCapabilityOfIntraIndustrySystemScoreOperationalRiskInClaimBusinessForPropertyAndCasualtyInsuranceCompany" use="optional" order="30.0" preferredLabel="http://www.xbrl.org/2003/role/terseLabel"/>
    <link:loc xlink:type="locator" xlink:href="../../c-ross_irr_core_2015-12-31.xsd#c-ross_irr_OperationalRiskInClaimBusinessForPropertyAndCasualtyInsuranceCompanyAgriculturalInsuranceScore" xlink:label="AgriculturalInsuranceScoreOperationalRiskInClaimBusinessForPropertyAndCasualtyInsuranceCompany" xlink:title="AgriculturalInsuranceScoreOperationalRiskInClaimBusinessForPropertyAndCasualtyInsuranceCompany"/>
    <link:presentationArc xlink:type="arc" xlink:arcrole="http://www.xbrl.org/2003/arcrole/parent-child" xlink:from="OperationalRiskInClaimBusinessForPropertyAndCasualtyInsuranceCompanyAbstract" xlink:to="AgriculturalInsuranceScoreOperationalRiskInClaimBusinessForPropertyAndCasualtyInsuranceCompany" xlink:title="presentation: OperationalRiskInClaimBusinessForPropertyAndCasualtyInsuranceCompanyAbstract to AgriculturalInsuranceScoreOperationalRiskInClaimBusinessForPropertyAndCasualtyInsuranceCompany" order="60.0" preferredLabel="http://www.xbrl.org/2003/role/terseLabel"/>
    <link:loc xlink:type="locator" xlink:href="../../c-ross_irr_core_2015-12-31.xsd#c-ross_irr_OperationalRiskInClaimBusinessForPropertyAndCasualtyInsuranceCompanyInternalAuditOfAgriculturalInsuranceScore" xlink:label="InternalInspectionScoreOperationalRiskInClaimBusinessForPropertyAndCasualtyInsuranceCompany" xlink:title="InternalInspectionScoreOperationalRiskInClaimBusinessForPropertyAndCasualtyInsuranceCompany"/>
    <link:presentationArc xlink:type="arc" xlink:arcrole="http://www.xbrl.org/2003/arcrole/parent-child" xlink:from="AgriculturalInsuranceScoreOperationalRiskInClaimBusinessForPropertyAndCasualtyInsuranceCompany" xlink:to="InternalInspectionScoreOperationalRiskInClaimBusinessForPropertyAndCasualtyInsuranceCompany" xlink:title="presentation: AgriculturalInsuranceScoreOperationalRiskInClaimBusinessForPropertyAndCasualtyInsuranceCompany to InternalInspectionScoreOperationalRiskInClaimBusinessForPropertyAndCasualtyInsuranceCompany" use="optional" order="10.0" preferredLabel="http://www.xbrl.org/2003/role/terseLabel"/>
    <link:loc xlink:type="locator" xlink:href="../../c-ross_irr_core_2015-12-31.xsd#c-ross_irr_OperationalRiskInClaimBusinessForPropertyAndCasualtyInsuranceCompanyInternalAuditOfAgriculturalInsurance" xlink:label="InternalInspectionOperationalRiskInClaimBusinessForPropertyAndCasualtyInsuranceCompany" xlink:title="InternalInspectionOperationalRiskInClaimBusinessForPropertyAndCasualtyInsuranceCompany"/>
    <link:presentationArc xlink:type="arc" xlink:arcrole="http://www.xbrl.org/2003/arcrole/parent-child" xlink:from="InternalInspectionScoreOperationalRiskInClaimBusinessForPropertyAndCasualtyInsuranceCompany" xlink:to="InternalInspectionOperationalRiskInClaimBusinessForPropertyAndCasualtyInsuranceCompany" xlink:title="presentation: InternalInspectionScoreOperationalRiskInClaimBusinessForPropertyAndCasualtyInsuranceCompany to InternalInspectionOperationalRiskInClaimBusinessForPropertyAndCasualtyInsuranceCompany" use="optional" order="10.0" preferredLabel="http://www.xbrl.org/2003/role/terseLabel"/>
    <link:loc xlink:type="locator" xlink:href="../../c-ross_irr_core_2015-12-31.xsd#c-ross_irr_OperationalRiskInClaimBusinessForPropertyAndCasualtyInsuranceCompanyRateOfReturnVisitAfterClaimsSettlementOfAgriculturalInsuranceScore" xlink:label="RateOfReturnVisitAfterClaimsSettledScoreOperationalRiskInClaimBusinessForPropertyAndCasualtyInsuranceCompany" xlink:title="RateOfReturnVisitAfterClaimsSettledScoreOperationalRiskInClaimBusinessForPropertyAndCasualtyInsuranceCompany"/>
    <link:presentationArc xlink:type="arc" xlink:arcrole="http://www.xbrl.org/2003/arcrole/parent-child" xlink:from="AgriculturalInsuranceScoreOperationalRiskInClaimBusinessForPropertyAndCasualtyInsuranceCompany" xlink:to="RateOfReturnVisitAfterClaimsSettledScoreOperationalRiskInClaimBusinessForPropertyAndCasualtyInsuranceCompany" xlink:title="presentation: AgriculturalInsuranceScoreOperationalRiskInClaimBusinessForPropertyAndCasualtyInsuranceCompany to RateOfReturnVisitAfterClaimsSettledScoreOperationalRiskInClaimBusinessForPropertyAndCasualtyInsuranceCompany" use="optional" order="20.0" preferredLabel="http://www.xbrl.org/2003/role/terseLabel"/>
    <link:loc xlink:type="locator" xlink:href="../../c-ross_irr_core_2015-12-31.xsd#c-ross_irr_OperationalRiskInClaimBusinessForPropertyAndCasualtyInsuranceCompanyRateOfReturnVisitAfterClaimsSettlementOfAgriculturalInsurance" xlink:label="RateOfReturnVisitAfterClaimsSettledOperationalRiskInClaimBusinessForPropertyAndCasualtyInsuranceCompany" xlink:title="RateOfReturnVisitAfterClaimsSettledOperationalRiskInClaimBusinessForPropertyAndCasualtyInsuranceCompany"/>
    <link:presentationArc xlink:type="arc" xlink:arcrole="http://www.xbrl.org/2003/arcrole/parent-child" xlink:from="RateOfReturnVisitAfterClaimsSettledScoreOperationalRiskInClaimBusinessForPropertyAndCasualtyInsuranceCompany" xlink:to="RateOfReturnVisitAfterClaimsSettledOperationalRiskInClaimBusinessForPropertyAndCasualtyInsuranceCompany" xlink:title="presentation: RateOfReturnVisitAfterClaimsSettledScoreOperationalRiskInClaimBusinessForPropertyAndCasualtyInsuranceCompany to RateOfReturnVisitAfterClaimsSettledOperationalRiskInClaimBusinessForPropertyAndCasualtyInsuranceCompany" use="optional" order="10.0" preferredLabel="http://www.xbrl.org/2003/role/terseLabel"/>
    <link:loc xlink:type="locator" xlink:href="../../c-ross_irr_core_2015-12-31.xsd#c-ross_irr_OperationalRiskInClaimBusinessForPropertyAndCasualtyInsuranceCompanyNumberOfValidReturnVisitAfterClaimsSettlementOfAgriculturalInsurance" xlink:label="NumberOfValidReturningInterviewAfterIssuedIndemnityOperationalRiskInClaimBusinessForPropertyAndCasualtyInsuranceCompany" xlink:title="NumberOfValidReturningInterviewAfterIssuedIndemnityOperationalRiskInClaimBusinessForPropertyAndCasualtyInsuranceCompany"/>
    <link:presentationArc xlink:type="arc" xlink:arcrole="http://www.xbrl.org/2003/arcrole/parent-child" xlink:from="RateOfReturnVisitAfterClaimsSettledOperationalRiskInClaimBusinessForPropertyAndCasualtyInsuranceCompany" xlink:to="NumberOfValidReturningInterviewAfterIssuedIndemnityOperationalRiskInClaimBusinessForPropertyAndCasualtyInsuranceCompany" xlink:title="presentation: RateOfReturnVisitAfterClaimsSettledOperationalRiskInClaimBusinessForPropertyAndCasualtyInsuranceCompany to NumberOfValidReturningInterviewAfterIssuedIndemnityOperationalRiskInClaimBusinessForPropertyAndCasualtyInsuranceCompany" use="optional" order="10.0" preferredLabel="http://www.xbrl.org/2003/role/terseLabel"/>
    <link:loc xlink:type="locator" xlink:href="../../c-ross_irr_core_2015-12-31.xsd#c-ross_irr_OperationalRiskInClaimBusinessForPropertyAndCasualtyInsuranceCompanyNumberOfInsuredPersonReceivedIndemnityOfAgriculturalInsurance" xlink:label="NumberOfInsuredPersonReceivedIndemnityOperationalRiskInClaimBusinessForPropertyAndCasualtyInsuranceCompany" xlink:title="NumberOfInsuredPersonReceivedIndemnityOperationalRiskInClaimBusinessForPropertyAndCasualtyInsuranceCompany"/>
    <link:presentationArc xlink:type="arc" xlink:arcrole="http://www.xbrl.org/2003/arcrole/parent-child" xlink:from="RateOfReturnVisitAfterClaimsSettledOperationalRiskInClaimBusinessForPropertyAndCasualtyInsuranceCompany" xlink:to="NumberOfInsuredPersonReceivedIndemnityOperationalRiskInClaimBusinessForPropertyAndCasualtyInsuranceCompany" xlink:title="presentation: RateOfReturnVisitAfterClaimsSettledOperationalRiskInClaimBusinessForPropertyAndCasualtyInsuranceCompany to NumberOfInsuredPersonReceivedIndemnityOperationalRiskInClaimBusinessForPropertyAndCasualtyInsuranceCompany" use="optional" order="20.0" preferredLabel="http://www.xbrl.org/2003/role/terseLabel"/>
    <link:loc xlink:type="locator" xlink:href="../../c-ross_irr_core_2015-12-31.xsd#c-ross_irr_OperationalRiskInClaimBusinessForPropertyAndCasualtyInsuranceCompanyScore" xlink:label="OperationalRiskInClaimBusinessForPropertyAndCasualtyInsuranceCompanyScore" xlink:title="OperationalRiskInClaimBusinessForPropertyAndCasualtyInsuranceCompanyScore"/>
    <link:presentationArc xlink:type="arc" xlink:arcrole="http://www.xbrl.org/2003/arcrole/parent-child" xlink:from="OperationalRiskInClaimBusinessForPropertyAndCasualtyInsuranceCompanyAbstract" xlink:to="OperationalRiskInClaimBusinessForPropertyAndCasualtyInsuranceCompanyScore" xlink:title="presentation: OperationalRiskInClaimBusinessForPropertyAndCasualtyInsuranceCompanyAbstract to OperationalRiskInClaimBusinessForPropertyAndCasualtyInsuranceCompanyScore" use="optional" order="70.0" preferredLabel="http://www.xbrl.org/2003/role/totalLabel"/>
    <link:loc xlink:type="locator" xlink:href="../../c-ross_irr_core_2015-12-31.xsd#c-ross_irr_OperationalRiskInClaimBusinessForPropertyAndCasualtyInsuranceCompanyWhetherInsuranceCompaniesSubmittedFakeInformationInRecentFourQuarters" xlink:label="OperationalRiskInClaimBusinessForPropertyAndCasualtyInsuranceCompanyWhetherInsuranceCompaniesSubmittedFakeInformationInRecentFourQuarters" xlink:title="OperationalRiskInClaimBusinessForPropertyAndCasualtyInsuranceCompanyWhetherInsuranceCompaniesSubmittedFakeInformationInRecentFourQuarters"/>
    <link:presentationArc xlink:type="arc" xlink:arcrole="http://www.xbrl.org/2003/arcrole/parent-child" xlink:from="OperationalRiskInClaimBusinessForPropertyAndCasualtyInsuranceCompanyAbstract" xlink:to="OperationalRiskInClaimBusinessForPropertyAndCasualtyInsuranceCompanyWhetherInsuranceCompaniesSubmittedFakeInformationInRecentFourQuarters" xlink:title="presentation: OperationalRiskInClaimBusinessForPropertyAndCasualtyInsuranceCompanyAbstract to OperationalRiskInClaimBusinessForPropertyAndCasualtyInsuranceCompanyWhetherInsuranceCompaniesSubmittedFakeInformationInRecentFourQuarters" order="80.0" preferredLabel="http://www.xbrl.org/2003/role/terseLabel"/>
    <link:loc xlink:type="locator" xlink:href="../../c-ross_irr_core_2015-12-31.xsd#c-ross_irr_OperationalRiskInClaimBusinessForPropertyAndCasualtyInsuranceCompanyRegulatoryAdjustedScore" xlink:label="OperationalRiskInClaimBusinessForPropertyAndCasualtyInsuranceCompanyAdjustedScore" xlink:title="OperationalRiskInClaimBusinessForPropertyAndCasualtyInsuranceCompanyAdjustedScore"/>
    <link:presentationArc xlink:type="arc" xlink:arcrole="http://www.xbrl.org/2003/arcrole/parent-child" xlink:from="OperationalRiskInClaimBusinessForPropertyAndCasualtyInsuranceCompanyAbstract" xlink:to="OperationalRiskInClaimBusinessForPropertyAndCasualtyInsuranceCompanyAdjustedScore" xlink:title="presentation: OperationalRiskInClaimBusinessForPropertyAndCasualtyInsuranceCompanyAbstract to OperationalRiskInClaimBusinessForPropertyAndCasualtyInsuranceCompanyAdjustedScore" order="90.0" preferredLabel="http://www.xbrl.org/2003/role/terseLabel"/>
    <link:loc xlink:type="locator" xlink:href="../../c-ross_irr_core_2015-12-31.xsd#c-ross_irr_OperationalRiskInClaimBusinessForPropertyAndCasualtyInsuranceCompanyRegulatoryAdjustmentCriterion" xlink:label="OperationalRiskInClaimBusinessForPropertyAndCasualtyInsuranceCompanyAdjustmentCriterion" xlink:title="OperationalRiskInClaimBusinessForPropertyAndCasualtyInsuranceCompanyAdjustmentCriterion"/>
    <link:presentationArc xlink:type="arc" xlink:arcrole="http://www.xbrl.org/2003/arcrole/parent-child" xlink:from="OperationalRiskInClaimBusinessForPropertyAndCasualtyInsuranceCompanyAbstract" xlink:to="OperationalRiskInClaimBusinessForPropertyAndCasualtyInsuranceCompanyAdjustmentCriterion" xlink:title="presentation: OperationalRiskInClaimBusinessForPropertyAndCasualtyInsuranceCompanyAbstract to OperationalRiskInClaimBusinessForPropertyAndCasualtyInsuranceCompanyAdjustmentCriterion" order="100.0" preferredLabel="http://www.xbrl.org/2003/role/terseLabel"/>
    <link:loc xlink:type="locator" xlink:href="../../c-ross_irr_core_2015-12-31.xsd#c-ross_irr_OperationalRiskInClaimBusinessForPropertyAndCasualtyInsuranceCompanyFinalScore" xlink:label="OperationalRiskInClaimBusinessForPropertyAndCasualtyInsuranceCompanyFinalScore" xlink:title="OperationalRiskInClaimBusinessForPropertyAndCasualtyInsuranceCompanyFinalScore"/>
    <link:presentationArc xlink:type="arc" xlink:arcrole="http://www.xbrl.org/2003/arcrole/parent-child" xlink:from="OperationalRiskInClaimBusinessForPropertyAndCasualtyInsuranceCompanyAbstract" xlink:to="OperationalRiskInClaimBusinessForPropertyAndCasualtyInsuranceCompanyFinalScore" xlink:title="presentation: OperationalRiskInClaimBusinessForPropertyAndCasualtyInsuranceCompanyAbstract to OperationalRiskInClaimBusinessForPropertyAndCasualtyInsuranceCompanyFinalScore" order="110.0" preferredLabel="http://www.xbrl.org/2003/role/terseLabel"/>
  </link:presentationLink>
  <link:presentationLink xlink:type="extended" xlink:role="http://xbrl.circ.gov.cn/role/c-ross_irr_2015-12-31_role-3320511a">
    <link:loc xlink:type="locator" xlink:href="../../c-ross_irr_core_2015-12-31.xsd#c-ross_irr_OperationalRiskInClaimBusinessForPropertyAndCasualtyInsuranceCompanyAbstract" xlink:label="OperationalRiskInClaimBusinessForPropertyAndCasualtyInsuranceCompanyAbstract" xlink:title="OperationalRiskInClaimBusinessForPropertyAndCasualtyInsuranceCompanyAbstract"/>
    <link:loc xlink:type="locator" xlink:href="../../c-ross_irr_core_2015-12-31.xsd#c-ross_irr_SeparationOfDutiesIndustryAverageScorePropertyAndCasualtyInsuranceCompany" xlink:label="SeparationOfDutiesIndustryAverageScorePropertyAndCasualtyInsuranceCompany" xlink:title="SeparationOfDutiesIndustryAverageScorePropertyAndCasualtyInsuranceCompany"/>
    <link:presentationArc xlink:type="arc" xlink:arcrole="http://www.xbrl.org/2003/arcrole/parent-child" xlink:from="OperationalRiskInClaimBusinessForPropertyAndCasualtyInsuranceCompanyAbstract" xlink:to="SeparationOfDutiesIndustryAverageScorePropertyAndCasualtyInsuranceCompany" xlink:title="presentation: OperationalRiskInClaimBusinessForPropertyAndCasualtyInsuranceCompanyAbstract to SeparationOfDutiesIndustryAverageScorePropertyAndCasualtyInsuranceCompany" order="10.0" preferredLabel="http://www.xbrl.org/2003/role/terseLabel"/>
    <link:loc xlink:type="locator" xlink:href="../../c-ross_irr_core_2015-12-31.xsd#c-ross_irr_DeviationRateOfGrowthOfIncurredAndReportedOutstandingLossReserveIndustryAverageScorePropertyAndCasualtyInsuranceCompany" xlink:label="DeviationRateOfGrowthOfIncurredAndReportedOutstandingLossReserveIndustryAverageScorePropertyAndCasualtyInsuranceCompany" xlink:title="DeviationRateOfGrowthOfIncurredAndReportedOutstandingLossReserveIndustryAverageScorePropertyAndCasualtyInsuranceCompany"/>
    <link:presentationArc xlink:type="arc" xlink:arcrole="http://www.xbrl.org/2003/arcrole/parent-child" xlink:from="OperationalRiskInClaimBusinessForPropertyAndCasualtyInsuranceCompanyAbstract" xlink:to="DeviationRateOfGrowthOfIncurredAndReportedOutstandingLossReserveIndustryAverageScorePropertyAndCasualtyInsuranceCompany" xlink:title="presentation: OperationalRiskInClaimBusinessForPropertyAndCasualtyInsuranceCompanyAbstract to DeviationRateOfGrowthOfIncurredAndReportedOutstandingLossReserveIndustryAverageScorePropertyAndCasualtyInsuranceCompany" order="20.0" preferredLabel="http://www.xbrl.org/2003/role/terseLabel"/>
    <link:loc xlink:type="locator" xlink:href="../../c-ross_irr_core_2015-12-31.xsd#c-ross_irr_DataConsistencyOfClaimsSystemIndustryAverageScorePropertyAndCasualtyInsuranceCompany" xlink:label="ClaimInformationSystemIndustryAverageScorePropertyAndCasualtyInsuranceCompany" xlink:title="ClaimInformationSystemIndustryAverageScorePropertyAndCasualtyInsuranceCompany"/>
    <link:presentationArc xlink:type="arc" xlink:arcrole="http://www.xbrl.org/2003/arcrole/parent-child" xlink:from="OperationalRiskInClaimBusinessForPropertyAndCasualtyInsuranceCompanyAbstract" xlink:to="ClaimInformationSystemIndustryAverageScorePropertyAndCasualtyInsuranceCompany" xlink:title="presentation: OperationalRiskInClaimBusinessForPropertyAndCasualtyInsuranceCompanyAbstract to ClaimInformationSystemIndustryAverageScorePropertyAndCasualtyInsuranceCompany" order="30.0" preferredLabel="http://www.xbrl.org/2003/role/terseLabel"/>
  </link:presentationLink>
</link:linkbase>
