<?xml version="1.0" encoding="UTF-8"?>

<!--Taxonomy: 2015-12-31 (Draft)
	**********************
	Copyright © 2015 China Insurance Regulatory Commission.
	All rights reserved.  No part of this publication may be translated, reprinted or reproduced or utilised in any form either in whole or in part without prior permission in writing from China Insurance Regulatory Commission.
	  **********************-->
<link:linkbase xmlns:xsi="http://www.w3.org/2001/XMLSchema-instance" xsi:schemaLocation="http://www.xbrl.org/2003/linkbase http://www.xbrl.org/2003/xbrl-linkbase-2003-12-31.xsd" xmlns:irr_full_entry_point="http://xbrl.circ.gov.cn/taxonomy/2015-12-31/c-ross/irr_full_entry_point" xmlns:link="http://www.xbrl.org/2003/linkbase" xmlns:irr_life_com_entry_point="http://xbrl.circ.gov.cn/taxonomy/2015-12-31/c-ross_irr/irr_life_com_entry_point" xmlns:irr_re_com_entry_point="http://xbrl.circ.gov.cn/taxonomy/2015-12-31/c-ross_irr/irr_re_com_entry_point" xmlns:xbrli="http://www.xbrl.org/2003/instance" xmlns:irr_reg_com_entry_point="http://xbrl.circ.gov.cn/taxonomy/2015-12-31/c-ross_irr/irr_reg_com_entry_point" xmlns:irr_pc_com_entry_point="http://xbrl.circ.gov.cn/taxonomy/2015-12-31/c-ross_irr/irr_p&amp;c_com_entry_point" xmlns:xlink="http://www.w3.org/1999/xlink">
  <link:roleRef roleURI="http://xbrl.circ.gov.cn/role/c-ross_irr_2015-12-31_role-3321800" xlink:type="simple" xlink:href="rol_c-ross_10_2015-12-31.xsd#c-ross_irr_2015-12-31-3321800"/>
  <link:roleRef roleURI="http://xbrl.circ.gov.cn/role/c-ross_irr_2015-12-31_role-3321800a" xlink:type="simple" xlink:href="rol_c-ross_10_2015-12-31.xsd#c-ross_irr_2015-12-31-3321800a"/>
  <link:presentationLink xlink:type="extended" xlink:role="http://xbrl.circ.gov.cn/role/c-ross_irr_2015-12-31_role-3321800">
    <link:loc xlink:type="locator" xlink:href="../../c-ross_irr_core_2015-12-31.xsd#c-ross_irr_ComplianceRiskForInsuranceCompanyAbstract" xlink:label="CompliancelRiskForInsuranceCompaniesAbstract" xlink:title="CompliancelRiskForInsuranceCompaniesAbstract"/>
    <link:loc xlink:type="locator" xlink:href="../../c-ross_irr_core_2015-12-31.xsd#c-ross_irr_ComplianceRiskForInsuranceCompanyAdministrativePenaltyAssessmentForHeadOfficeScore" xlink:label="AdministrativePenaltyAssessmentForHeadOfficeScoreCompliancelRiskForInsuranceCompanies" xlink:title="AdministrativePenaltyAssessmentForHeadOfficeScoreCompliancelRiskForInsuranceCompanies"/>
    <link:presentationArc xlink:type="arc" xlink:arcrole="http://www.xbrl.org/2003/arcrole/parent-child" xlink:from="CompliancelRiskForInsuranceCompaniesAbstract" xlink:to="AdministrativePenaltyAssessmentForHeadOfficeScoreCompliancelRiskForInsuranceCompanies" xlink:title="presentation: CompliancelRiskForInsuranceCompaniesAbstract to AdministrativePenaltyAssessmentForHeadOfficeScoreCompliancelRiskForInsuranceCompanies" order="10.0" preferredLabel="http://www.xbrl.org/2003/role/terseLabel"/>
    <link:loc xlink:type="locator" xlink:href="../../c-ross_irr_core_2015-12-31.xsd#c-ross_irr_ComplianceRiskForInsuranceCompanyAdministrativePenaltyForInsuranceBusinessScore" xlink:label="AdministrativePenaltyForInsuranceBusinessScoreCompliancelRiskForInsuranceCompanies" xlink:title="AdministrativePenaltyForInsuranceBusinessScoreCompliancelRiskForInsuranceCompanies"/>
    <link:presentationArc xlink:type="arc" xlink:arcrole="http://www.xbrl.org/2003/arcrole/parent-child" xlink:from="AdministrativePenaltyAssessmentForHeadOfficeScoreCompliancelRiskForInsuranceCompanies" xlink:to="AdministrativePenaltyForInsuranceBusinessScoreCompliancelRiskForInsuranceCompanies" xlink:title="presentation: AdministrativePenaltyAssessmentForHeadOfficeScoreCompliancelRiskForInsuranceCompanies to AdministrativePenaltyForInsuranceBusinessScoreCompliancelRiskForInsuranceCompanies" use="optional" order="10.0" preferredLabel="http://www.xbrl.org/2003/role/terseLabel"/>
    <link:loc xlink:type="locator" xlink:href="../../c-ross_irr_core_2015-12-31.xsd#c-ross_irr_ComplianceRiskForInsuranceCompanyAdministrativePenaltyForCurrentPeriodScore" xlink:label="AdministrativePenaltyForCurrentPeriodScoreCompliancelRiskForInsuranceCompanies" xlink:title="AdministrativePenaltyForCurrentPeriodScoreCompliancelRiskForInsuranceCompanies"/>
    <link:presentationArc xlink:type="arc" xlink:arcrole="http://www.xbrl.org/2003/arcrole/parent-child" xlink:from="AdministrativePenaltyForInsuranceBusinessScoreCompliancelRiskForInsuranceCompanies" xlink:to="AdministrativePenaltyForCurrentPeriodScoreCompliancelRiskForInsuranceCompanies" xlink:title="presentation: AdministrativePenaltyForInsuranceBusinessScoreCompliancelRiskForInsuranceCompanies to AdministrativePenaltyForCurrentPeriodScoreCompliancelRiskForInsuranceCompanies" use="optional" order="10.0" preferredLabel="http://www.xbrl.org/2003/role/terseLabel"/>
    <link:loc xlink:type="locator" xlink:href="../../c-ross_irr_core_2015-12-31.xsd#c-ross_irr_ComplianceRiskForInsuranceCompanyAmountOfPenaltyAndConfiscationOfIllegalIncomeFromHeadOfficeAndLiablePersonnelByChinaInsuranceRegulatoryCommission" xlink:label="AmountOfPenaltyAndConfiscationOfIllegalIncomeFromHeadOfficeAndLiablePersonnelByChinaInsuranceRegulatoryCommissionCompliancelRiskForInsuranceCompanies" xlink:title="AmountOfPenaltyAndConfiscationOfIllegalIncomeFromHeadOfficeAndLiablePersonnelByChinaInsuranceRegulatoryCommissionCompliancelRiskForInsuranceCompanies"/>
    <link:presentationArc xlink:type="arc" xlink:arcrole="http://www.xbrl.org/2003/arcrole/parent-child" xlink:from="AdministrativePenaltyForCurrentPeriodScoreCompliancelRiskForInsuranceCompanies" xlink:to="AmountOfPenaltyAndConfiscationOfIllegalIncomeFromHeadOfficeAndLiablePersonnelByChinaInsuranceRegulatoryCommissionCompliancelRiskForInsuranceCompanies" xlink:title="presentation: AdministrativePenaltyForCurrentPeriodScoreCompliancelRiskForInsuranceCompanies to AmountOfPenaltyAndConfiscationOfIllegalIncomeFromHeadOfficeAndLiablePersonnelByChinaInsuranceRegulatoryCommissionCompliancelRiskForInsuranceCompanies" use="optional" order="10.0" preferredLabel="http://www.xbrl.org/2003/role/terseLabel"/>
    <link:loc xlink:type="locator" xlink:href="../../c-ross_irr_core_2015-12-31.xsd#c-ross_irr_ComplianceRiskForInsuranceCompanyCumulativeAmountOfPenaltyAndConfiscationOfIllegalIncomeFromHeadOfficeAndResponsiblePersonnel" xlink:label="AmountOfPenaltyAndConfiscationOfIllegalIncomeFromHeadOfficeAndLiablePersonnelCompliancelRiskForInsuranceCompanies" xlink:title="AmountOfPenaltyAndConfiscationOfIllegalIncomeFromHeadOfficeAndLiablePersonnelCompliancelRiskForInsuranceCompanies"/>
    <link:presentationArc xlink:type="arc" xlink:arcrole="http://www.xbrl.org/2003/arcrole/parent-child" xlink:from="AdministrativePenaltyForCurrentPeriodScoreCompliancelRiskForInsuranceCompanies" xlink:to="AmountOfPenaltyAndConfiscationOfIllegalIncomeFromHeadOfficeAndLiablePersonnelCompliancelRiskForInsuranceCompanies" xlink:title="presentation: AdministrativePenaltyForCurrentPeriodScoreCompliancelRiskForInsuranceCompanies to AmountOfPenaltyAndConfiscationOfIllegalIncomeFromHeadOfficeAndLiablePersonnelCompliancelRiskForInsuranceCompanies" use="optional" order="30.0" preferredLabel="http://www.xbrl.org/2003/role/terseLabel"/>
    <link:loc xlink:type="locator" xlink:href="../../c-ross_irr_core_2015-12-31.xsd#c-ross_irr_ComplianceRiskForInsuranceCompanyStatusOfPenaltyForManagementPeople" xlink:label="StatusOfPenaltyForManagementPeopleCompliancelRiskForInsuranceCompanies" xlink:title="StatusOfPenaltyForManagementPeopleCompliancelRiskForInsuranceCompanies"/>
    <link:presentationArc xlink:type="arc" xlink:arcrole="http://www.xbrl.org/2003/arcrole/parent-child" xlink:from="AdministrativePenaltyForCurrentPeriodScoreCompliancelRiskForInsuranceCompanies" xlink:to="StatusOfPenaltyForManagementPeopleCompliancelRiskForInsuranceCompanies" xlink:title="presentation: AdministrativePenaltyForCurrentPeriodScoreCompliancelRiskForInsuranceCompanies to StatusOfPenaltyForManagementPeopleCompliancelRiskForInsuranceCompanies" use="optional" order="40.0" preferredLabel="http://www.xbrl.org/2003/role/terseLabel"/>
    <link:loc xlink:type="locator" xlink:href="../../c-ross_irr_core_2015-12-31.xsd#c-ross_irr_ComplianceRiskForInsuranceCompanyTotalAmountOfPenaltyAndConfiscationOfIllegalIncomeFromNonExecutiveInHeadOfficeByInsuranceRegulatoryBureau" xlink:label="ComplianceRiskForInsuranceCompaniesTotalAmountOfPenaltyAndConfiscationOfIllegalIncomeFromNonExecutiveInHeadOfficeByInsuranceRegulatoryBureau" xlink:title="ComplianceRiskForInsuranceCompaniesTotalAmountOfPenaltyAndConfiscationOfIllegalIncomeFromNonExecutiveInHeadOfficeByInsuranceRegulatoryBureau"/>
    <link:presentationArc xlink:type="arc" xlink:arcrole="http://www.xbrl.org/2003/arcrole/parent-child" xlink:from="AdministrativePenaltyForCurrentPeriodScoreCompliancelRiskForInsuranceCompanies" xlink:to="ComplianceRiskForInsuranceCompaniesTotalAmountOfPenaltyAndConfiscationOfIllegalIncomeFromNonExecutiveInHeadOfficeByInsuranceRegulatoryBureau" xlink:title="presentation: ComplianceRiskForInsuranceCompaniesAdministrativePenaltyForCurrentPeriodScore to ComplianceRiskForInsuranceCompaniesTotalAmountOfPenaltyAndConfiscationOfIllegalIncomeFromNonExecutiveInHeadOfficeByInsuranceRegulatoryBureau" order="20.0" preferredLabel="http://www.xbrl.org/2003/role/terseLabel"/>
    <link:loc xlink:type="locator" xlink:href="../../c-ross_irr_core_2015-12-31.xsd#c-ross_irr_ComplianceRiskForInsuranceCompanyAdministrativePenaltyForPastPeriodScore" xlink:label="AdministrativePenaltyForPastPeriodScoreCompliancelRiskForInsuranceCompanies" xlink:title="AdministrativePenaltyForPastPeriodScoreCompliancelRiskForInsuranceCompanies"/>
    <link:presentationArc xlink:type="arc" xlink:arcrole="http://www.xbrl.org/2003/arcrole/parent-child" xlink:from="AdministrativePenaltyForInsuranceBusinessScoreCompliancelRiskForInsuranceCompanies" xlink:to="AdministrativePenaltyForPastPeriodScoreCompliancelRiskForInsuranceCompanies" xlink:title="presentation: AdministrativePenaltyForInsuranceBusinessScoreCompliancelRiskForInsuranceCompanies to AdministrativePenaltyForPastPeriodScoreCompliancelRiskForInsuranceCompanies" use="optional" order="20.0" preferredLabel="http://www.xbrl.org/2003/role/terseLabel"/>
    <link:loc xlink:type="locator" xlink:href="../../c-ross_irr_core_2015-12-31.xsd#c-ross_irr_ComplianceRiskForInsuranceCompanyAdministrativePenaltyForPastPeriod" xlink:label="AdministrativePenaltyForPastPeriodCompliancelRiskForInsuranceCompanies" xlink:title="AdministrativePenaltyForPastPeriodCompliancelRiskForInsuranceCompanies"/>
    <link:presentationArc xlink:type="arc" xlink:arcrole="http://www.xbrl.org/2003/arcrole/parent-child" xlink:from="AdministrativePenaltyForPastPeriodScoreCompliancelRiskForInsuranceCompanies" xlink:to="AdministrativePenaltyForPastPeriodCompliancelRiskForInsuranceCompanies" xlink:title="presentation: AdministrativePenaltyForPastPeriodScoreCompliancelRiskForInsuranceCompanies to AdministrativePenaltyForPastPeriodCompliancelRiskForInsuranceCompanies" use="optional" order="10.0" preferredLabel="http://www.xbrl.org/2003/role/terseLabel"/>
    <link:loc xlink:type="locator" xlink:href="../../c-ross_irr_core_2015-12-31.xsd#c-ross_irr_ComplianceRiskForInsuranceCompanyAdministrativePenaltyForNonInsuranceBusinessScore" xlink:label="AdministrativePenaltyForNonInsuranceBusinessScoreCompliancelRiskForInsuranceCompanies" xlink:title="AdministrativePenaltyForNonInsuranceBusinessScoreCompliancelRiskForInsuranceCompanies"/>
    <link:presentationArc xlink:type="arc" xlink:arcrole="http://www.xbrl.org/2003/arcrole/parent-child" xlink:from="AdministrativePenaltyAssessmentForHeadOfficeScoreCompliancelRiskForInsuranceCompanies" xlink:to="AdministrativePenaltyForNonInsuranceBusinessScoreCompliancelRiskForInsuranceCompanies" xlink:title="presentation: AdministrativePenaltyAssessmentForHeadOfficeScoreCompliancelRiskForInsuranceCompanies to AdministrativePenaltyForNonInsuranceBusinessScoreCompliancelRiskForInsuranceCompanies" use="optional" order="20.0" preferredLabel="http://www.xbrl.org/2003/role/terseLabel"/>
    <link:loc xlink:type="locator" xlink:href="../../c-ross_irr_core_2015-12-31.xsd#c-ross_irr_ComplianceRiskForInsuranceCompanyAdministrativePenaltyForNonInsuranceBusiness" xlink:label="AdministrativePenaltyForNonInsuranceBusinessCompliancelRiskForInsuranceCompanies" xlink:title="AdministrativePenaltyForNonInsuranceBusinessCompliancelRiskForInsuranceCompanies"/>
    <link:presentationArc xlink:type="arc" xlink:arcrole="http://www.xbrl.org/2003/arcrole/parent-child" xlink:from="AdministrativePenaltyForNonInsuranceBusinessScoreCompliancelRiskForInsuranceCompanies" xlink:to="AdministrativePenaltyForNonInsuranceBusinessCompliancelRiskForInsuranceCompanies" xlink:title="presentation: AdministrativePenaltyForNonInsuranceBusinessScoreCompliancelRiskForInsuranceCompanies to AdministrativePenaltyForNonInsuranceBusinessCompliancelRiskForInsuranceCompanies" use="optional" order="10.0" preferredLabel="http://www.xbrl.org/2003/role/terseLabel"/>
    <link:loc xlink:type="locator" xlink:href="../../c-ross_irr_core_2015-12-31.xsd#c-ross_irr_ComplianceRiskForInsuranceCompanyAdministrativePenaltyAssessmentForBranchUnitsScore" xlink:label="AdministrativePenaltyAssessmentForBranchesScoreCompliancelRiskForInsuranceCompanies" xlink:title="AdministrativePenaltyAssessmentForBranchesScoreCompliancelRiskForInsuranceCompanies"/>
    <link:presentationArc xlink:type="arc" xlink:arcrole="http://www.xbrl.org/2003/arcrole/parent-child" xlink:from="CompliancelRiskForInsuranceCompaniesAbstract" xlink:to="AdministrativePenaltyAssessmentForBranchesScoreCompliancelRiskForInsuranceCompanies" xlink:title="presentation: CompliancelRiskForInsuranceCompaniesAbstract to AdministrativePenaltyAssessmentForBranchesScoreCompliancelRiskForInsuranceCompanies" order="20.0" preferredLabel="http://www.xbrl.org/2003/role/terseLabel"/>
    <link:loc xlink:type="locator" xlink:href="../../c-ross_irr_core_2015-12-31.xsd#c-ross_irr_ComplianceRiskForInsuranceCompanyFinesForEachBranchScore" xlink:label="FinesForEachBranchScoreCompliancelRiskForInsuranceCompanies" xlink:title="FinesForEachBranchScoreCompliancelRiskForInsuranceCompanies"/>
    <link:presentationArc xlink:type="arc" xlink:arcrole="http://www.xbrl.org/2003/arcrole/parent-child" xlink:from="AdministrativePenaltyAssessmentForBranchesScoreCompliancelRiskForInsuranceCompanies" xlink:to="FinesForEachBranchScoreCompliancelRiskForInsuranceCompanies" xlink:title="presentation: AdministrativePenaltyAssessmentForBranchesScoreCompliancelRiskForInsuranceCompanies to FinesForEachBranchScoreCompliancelRiskForInsuranceCompanies" use="optional" order="10.0" preferredLabel="http://www.xbrl.org/2003/role/terseLabel"/>
    <link:loc xlink:type="locator" xlink:href="../../c-ross_irr_core_2015-12-31.xsd#c-ross_irr_ComplianceRiskForInsuranceCompanySumOfPenaltyFromEachSubBranch" xlink:label="SumOfPenaltyFromEachSubBranchCompliancelRiskForInsuranceCompanies" xlink:title="SumOfPenaltyFromEachSubBranchCompliancelRiskForInsuranceCompanies"/>
    <link:presentationArc xlink:type="arc" xlink:arcrole="http://www.xbrl.org/2003/arcrole/parent-child" xlink:from="FinesForEachBranchScoreCompliancelRiskForInsuranceCompanies" xlink:to="SumOfPenaltyFromEachSubBranchCompliancelRiskForInsuranceCompanies" xlink:title="presentation: FinesForEachBranchScoreCompliancelRiskForInsuranceCompanies to SumOfPenaltyFromEachSubBranchCompliancelRiskForInsuranceCompanies" use="optional" order="10.0" preferredLabel="http://www.xbrl.org/2003/role/terseLabel"/>
    <link:loc xlink:type="locator" xlink:href="../../c-ross_irr_core_2015-12-31.xsd#c-ross_irr_ComplianceRiskForInsuranceCompanyAmountOfPenaltyFromSubBranch" xlink:label="ComplianceRiskForInsuranceCompaniesAmountOfPenaltyFromSubBranch" xlink:title="AmountOfPenaltyFromSubBranchCompliancelRiskForInsuranceCompanies"/>
    <link:presentationArc xlink:type="arc" xlink:arcrole="http://www.xbrl.org/2003/arcrole/parent-child" xlink:from="SumOfPenaltyFromEachSubBranchCompliancelRiskForInsuranceCompanies" xlink:to="ComplianceRiskForInsuranceCompaniesAmountOfPenaltyFromSubBranch" xlink:title="presentation: ComplianceRiskForInsuranceCompaniesSumOfPenaltyFromEachSubBranch to ComplianceRiskForInsuranceCompaniesAmountOfPenaltyFromSubBranch" use="optional" order="10.0" preferredLabel="http://www.xbrl.org/2003/role/terseLabel"/>
    <link:loc xlink:type="locator" xlink:href="../../c-ross_irr_core_2015-12-31.xsd#c-ross_irr_ComplianceRiskForInsuranceCompanyNumberAndTimesOfPenalizedSubBranchesForCompany" xlink:label="NumberAndTimesOfPenalizedSubBranchesForCompanyCompliancelRiskForInsuranceCompanies" xlink:title="NumberAndTimesOfPenalizedSubBranchesForCompanyCompliancelRiskForInsuranceCompanies"/>
    <link:presentationArc xlink:type="arc" xlink:arcrole="http://www.xbrl.org/2003/arcrole/parent-child" xlink:from="SumOfPenaltyFromEachSubBranchCompliancelRiskForInsuranceCompanies" xlink:to="NumberAndTimesOfPenalizedSubBranchesForCompanyCompliancelRiskForInsuranceCompanies" xlink:title="presentation: ComplianceRiskForInsuranceCompaniesSumOfPenaltyFromEachSubBranch to ComplianceRiskForInsuranceCompaniesNumberAndTimesOfPenalizedSubBranchesForCompany" use="optional" order="20.0" preferredLabel="http://www.xbrl.org/2003/role/terseLabel"/>
    <link:loc xlink:type="locator" xlink:href="../../c-ross_irr_core_2015-12-31.xsd#c-ross_irr_ComplianceRiskForInsuranceCompanyProportionOfBranchUnitWithSignificantPenaltiesScore" xlink:label="ProportionOfBranchesWithSevererPenaltiesScoreCompliancelRiskForInsuranceCompanies" xlink:title="ProportionOfBranchesWithSevererPenaltiesScoreCompliancelRiskForInsuranceCompanies"/>
    <link:presentationArc xlink:type="arc" xlink:arcrole="http://www.xbrl.org/2003/arcrole/parent-child" xlink:from="AdministrativePenaltyAssessmentForBranchesScoreCompliancelRiskForInsuranceCompanies" xlink:to="ProportionOfBranchesWithSevererPenaltiesScoreCompliancelRiskForInsuranceCompanies" xlink:title="presentation: AdministrativePenaltyAssessmentForBranchesScoreCompliancelRiskForInsuranceCompanies to ProportionOfBranchesWithSevererPenaltiesScoreCompliancelRiskForInsuranceCompanies" use="optional" order="20.0" preferredLabel="http://www.xbrl.org/2003/role/terseLabel"/>
    <link:loc xlink:type="locator" xlink:href="../../c-ross_irr_core_2015-12-31.xsd#c-ross_irr_ComplianceRiskForInsuranceCompanyProportionOfBranchUnitWithSignificantPenalties" xlink:label="RateOfSubBranchesWithSeriousPenaltyCompliancelRiskForInsuranceCompanies" xlink:title="RateOfSubBranchesWithSeriousPenaltyCompliancelRiskForInsuranceCompanies"/>
    <link:presentationArc xlink:type="arc" xlink:arcrole="http://www.xbrl.org/2003/arcrole/parent-child" xlink:from="ProportionOfBranchesWithSevererPenaltiesScoreCompliancelRiskForInsuranceCompanies" xlink:to="RateOfSubBranchesWithSeriousPenaltyCompliancelRiskForInsuranceCompanies" xlink:title="presentation: ProportionOfBranchesWithSevererPenaltiesScoreCompliancelRiskForInsuranceCompanies to RateOfSubBranchesWithSeriousPenaltyCompliancelRiskForInsuranceCompanies" use="optional" order="10.0" preferredLabel="http://www.xbrl.org/2003/role/terseLabel"/>
    <link:loc xlink:type="locator" xlink:href="../../c-ross_irr_core_2015-12-31.xsd#c-ross_irr_ComplianceRiskForInsuranceCompanyNumberAndTimesOfSeverelyPenalizedSubBranchesForCompany" xlink:label="ComplianceRiskForInsuranceCompaniesNumberAndTimesOfSeverelyPenalizedSubBranchesForCompany" xlink:title="NumberAndTimesOfSeverelyPenalizedSubBranchesForCompanyCompliancelRiskForInsuranceCompanies"/>
    <link:presentationArc xlink:type="arc" xlink:arcrole="http://www.xbrl.org/2003/arcrole/parent-child" xlink:from="RateOfSubBranchesWithSeriousPenaltyCompliancelRiskForInsuranceCompanies" xlink:to="ComplianceRiskForInsuranceCompaniesNumberAndTimesOfSeverelyPenalizedSubBranchesForCompany" xlink:title="presentation: ComplianceRiskForInsuranceCompaniesProportionOfBranchUnitWithSignificantPenalties to ComplianceRiskForInsuranceCompaniesNumberAndTimesOfSeverelyPenalizedSubBranchesForCompany" use="optional" order="10.0" preferredLabel="http://www.xbrl.org/2003/role/terseLabel"/>
    <link:presentationArc xlink:type="arc" xlink:arcrole="http://www.xbrl.org/2003/arcrole/parent-child" xlink:from="RateOfSubBranchesWithSeriousPenaltyCompliancelRiskForInsuranceCompanies" xlink:to="NumberAndTimesOfPenalizedSubBranchesForCompanyCompliancelRiskForInsuranceCompanies" xlink:title="presentation: ComplianceRiskForInsuranceCompaniesProportionOfBranchUnitWithSignificantPenalties to ComplianceRiskForInsuranceCompaniesNumberAndTimesOfPenalizedSubBranchesForCompany" use="optional" order="20.0" preferredLabel="http://www.xbrl.org/2003/role/terseLabel"/>
    <link:loc xlink:type="locator" xlink:href="../../c-ross_irr_core_2015-12-31.xsd#c-ross_irr_ComplianceRiskForInsuranceCompanyEvaluationOfComplianceManagementScore" xlink:label="EvaluationOfComplianceManagementScoreCompliancelRiskForInsuranceCompanies" xlink:title="EvaluationOfComplianceManagementScoreCompliancelRiskForInsuranceCompanies"/>
    <link:presentationArc xlink:type="arc" xlink:arcrole="http://www.xbrl.org/2003/arcrole/parent-child" xlink:from="CompliancelRiskForInsuranceCompaniesAbstract" xlink:to="EvaluationOfComplianceManagementScoreCompliancelRiskForInsuranceCompanies" xlink:title="presentation: CompliancelRiskForInsuranceCompaniesAbstract to EvaluationOfComplianceManagementScoreCompliancelRiskForInsuranceCompanies" order="30.0" preferredLabel="http://www.xbrl.org/2003/role/terseLabel"/>
    <link:loc xlink:type="locator" xlink:href="../../c-ross_irr_core_2015-12-31.xsd#c-ross_irr_ComplianceRiskForInsuranceCompanyComplianceManagementDepartmentSetupScore" xlink:label="ComplianceManagementDepartmentSetupScoreCompliancelRiskForInsuranceCompanies" xlink:title="ComplianceManagementDepartmentSetupScoreCompliancelRiskForInsuranceCompanies"/>
    <link:presentationArc xlink:type="arc" xlink:arcrole="http://www.xbrl.org/2003/arcrole/parent-child" xlink:from="EvaluationOfComplianceManagementScoreCompliancelRiskForInsuranceCompanies" xlink:to="ComplianceManagementDepartmentSetupScoreCompliancelRiskForInsuranceCompanies" xlink:title="presentation: EvaluationOfComplianceManagementScoreCompliancelRiskForInsuranceCompanies to ComplianceManagementDepartmentSetupScoreCompliancelRiskForInsuranceCompanies" use="optional" order="10.0" preferredLabel="http://www.xbrl.org/2003/role/terseLabel"/>
    <link:loc xlink:type="locator" xlink:href="../../c-ross_irr_core_2015-12-31.xsd#c-ross_irr_ComplianceRiskForInsuranceCompanyComplianceManagementDepartmentSetup" xlink:label="ComplianceManagementDepartmentSetupCompliancelRiskForInsuranceCompanies" xlink:title="ComplianceManagementDepartmentSetupCompliancelRiskForInsuranceCompanies"/>
    <link:presentationArc xlink:type="arc" xlink:arcrole="http://www.xbrl.org/2003/arcrole/parent-child" xlink:from="ComplianceManagementDepartmentSetupScoreCompliancelRiskForInsuranceCompanies" xlink:to="ComplianceManagementDepartmentSetupCompliancelRiskForInsuranceCompanies" xlink:title="presentation: ComplianceManagementDepartmentSetupScoreCompliancelRiskForInsuranceCompanies to ComplianceManagementDepartmentSetupCompliancelRiskForInsuranceCompanies" use="optional" order="10.0" preferredLabel="http://www.xbrl.org/2003/role/terseLabel"/>
    <link:loc xlink:type="locator" xlink:href="../../c-ross_irr_core_2015-12-31.xsd#c-ross_irr_ComplianceRiskForInsuranceCompanyComplianceManagementPoliciesScore" xlink:label="ComplianceManagementPoliciesScoreCompliancelRiskForInsuranceCompanies" xlink:title="ComplianceManagementPoliciesScoreCompliancelRiskForInsuranceCompanies"/>
    <link:presentationArc xlink:type="arc" xlink:arcrole="http://www.xbrl.org/2003/arcrole/parent-child" xlink:from="EvaluationOfComplianceManagementScoreCompliancelRiskForInsuranceCompanies" xlink:to="ComplianceManagementPoliciesScoreCompliancelRiskForInsuranceCompanies" xlink:title="presentation: EvaluationOfComplianceManagementScoreCompliancelRiskForInsuranceCompanies to ComplianceManagementPoliciesScoreCompliancelRiskForInsuranceCompanies" use="optional" order="20.0" preferredLabel="http://www.xbrl.org/2003/role/terseLabel"/>
    <link:loc xlink:type="locator" xlink:href="../../c-ross_irr_core_2015-12-31.xsd#c-ross_irr_ComplianceRiskForInsuranceCompanyFormulationOfComplianceManagementPolicy" xlink:label="ComplianceManagementPoliciesCompliancelRiskForInsuranceCompanies" xlink:title="ComplianceManagementPoliciesCompliancelRiskForInsuranceCompanies"/>
    <link:presentationArc xlink:type="arc" xlink:arcrole="http://www.xbrl.org/2003/arcrole/parent-child" xlink:from="ComplianceManagementPoliciesScoreCompliancelRiskForInsuranceCompanies" xlink:to="ComplianceManagementPoliciesCompliancelRiskForInsuranceCompanies" xlink:title="presentation: ComplianceManagementPoliciesScoreCompliancelRiskForInsuranceCompanies to ComplianceManagementPoliciesCompliancelRiskForInsuranceCompanies" use="optional" order="10.0" preferredLabel="http://www.xbrl.org/2003/role/terseLabel"/>
    <link:loc xlink:type="locator" xlink:href="../../c-ross_irr_core_2015-12-31.xsd#c-ross_irr_ComplianceRiskForInsuranceCompanyImplementationOfCompliancePoliciesScore" xlink:label="ImplementationOfCompliancePoliciesScoreCompliancelRiskForInsuranceCompanies" xlink:title="ImplementationOfCompliancePoliciesScoreCompliancelRiskForInsuranceCompanies"/>
    <link:presentationArc xlink:type="arc" xlink:arcrole="http://www.xbrl.org/2003/arcrole/parent-child" xlink:from="EvaluationOfComplianceManagementScoreCompliancelRiskForInsuranceCompanies" xlink:to="ImplementationOfCompliancePoliciesScoreCompliancelRiskForInsuranceCompanies" xlink:title="presentation: EvaluationOfComplianceManagementScoreCompliancelRiskForInsuranceCompanies to ImplementationOfCompliancePoliciesScoreCompliancelRiskForInsuranceCompanies" use="optional" order="30.0" preferredLabel="http://www.xbrl.org/2003/role/terseLabel"/>
    <link:loc xlink:type="locator" xlink:href="../../c-ross_irr_core_2015-12-31.xsd#c-ross_irr_ComplianceRiskForInsuranceCompanyImplementationOfCompliancePolicies" xlink:label="ImplementationOfCompliancePoliciesCompliancelRiskForInsuranceCompanies" xlink:title="ImplementationOfCompliancePoliciesCompliancelRiskForInsuranceCompanies"/>
    <link:presentationArc xlink:type="arc" xlink:arcrole="http://www.xbrl.org/2003/arcrole/parent-child" xlink:from="ImplementationOfCompliancePoliciesScoreCompliancelRiskForInsuranceCompanies" xlink:to="ImplementationOfCompliancePoliciesCompliancelRiskForInsuranceCompanies" xlink:title="presentation: ImplementationOfCompliancePoliciesScoreCompliancelRiskForInsuranceCompanies to ImplementationOfCompliancePoliciesCompliancelRiskForInsuranceCompanies" use="optional" order="10.0" preferredLabel="http://www.xbrl.org/2003/role/terseLabel"/>
    <link:loc xlink:type="locator" xlink:href="../../c-ross_irr_core_2015-12-31.xsd#c-ross_irr_ComplianceRiskForInsuranceCompanyDevelopmentOfComplianceTrainingScore" xlink:label="RegularTrainingForComplianceScoreCompliancelRiskForInsuranceCompanies" xlink:title="RegularTrainingForComplianceScoreCompliancelRiskForInsuranceCompanies"/>
    <link:presentationArc xlink:type="arc" xlink:arcrole="http://www.xbrl.org/2003/arcrole/parent-child" xlink:from="EvaluationOfComplianceManagementScoreCompliancelRiskForInsuranceCompanies" xlink:to="RegularTrainingForComplianceScoreCompliancelRiskForInsuranceCompanies" xlink:title="presentation: EvaluationOfComplianceManagementScoreCompliancelRiskForInsuranceCompanies to RegularTrainingForComplianceScoreCompliancelRiskForInsuranceCompanies" use="optional" order="40.0" preferredLabel="http://www.xbrl.org/2003/role/terseLabel"/>
    <link:loc xlink:type="locator" xlink:href="../../c-ross_irr_core_2015-12-31.xsd#c-ross_irr_ComplianceRiskForInsuranceCompanyDevelopmentOfComplianceTraining" xlink:label="RegularTrainingForComplianceCompliancelRiskForInsuranceCompanies" xlink:title="RegularTrainingForComplianceCompliancelRiskForInsuranceCompanies"/>
    <link:presentationArc xlink:type="arc" xlink:arcrole="http://www.xbrl.org/2003/arcrole/parent-child" xlink:from="RegularTrainingForComplianceScoreCompliancelRiskForInsuranceCompanies" xlink:to="RegularTrainingForComplianceCompliancelRiskForInsuranceCompanies" xlink:title="presentation: RegularTrainingForComplianceScoreCompliancelRiskForInsuranceCompanies to RegularTrainingForComplianceCompliancelRiskForInsuranceCompanies" use="optional" order="10.0" preferredLabel="http://www.xbrl.org/2003/role/terseLabel"/>
    <link:loc xlink:type="locator" xlink:href="../../c-ross_irr_core_2015-12-31.xsd#c-ross_irr_ComplianceRiskForInsuranceCompanySubmissionOfAnnualComplianceReportScore" xlink:label="SubmissionOfAnnualComplianceReportScoreCompliancelRiskForInsuranceCompanies" xlink:title="SubmissionOfAnnualComplianceReportScoreCompliancelRiskForInsuranceCompanies"/>
    <link:presentationArc xlink:type="arc" xlink:arcrole="http://www.xbrl.org/2003/arcrole/parent-child" xlink:from="EvaluationOfComplianceManagementScoreCompliancelRiskForInsuranceCompanies" xlink:to="SubmissionOfAnnualComplianceReportScoreCompliancelRiskForInsuranceCompanies" xlink:title="presentation: EvaluationOfComplianceManagementScoreCompliancelRiskForInsuranceCompanies to SubmissionOfAnnualComplianceReportScoreCompliancelRiskForInsuranceCompanies" use="optional" order="50.0" preferredLabel="http://www.xbrl.org/2003/role/terseLabel"/>
    <link:loc xlink:type="locator" xlink:href="../../c-ross_irr_core_2015-12-31.xsd#c-ross_irr_ComplianceRiskForInsuranceCompanySubmissionOfAnnualComplianceReport" xlink:label="SubmissionOfAnnualComplianceReportCompliancelRiskForInsuranceCompanies" xlink:title="SubmissionOfAnnualComplianceReportCompliancelRiskForInsuranceCompanies"/>
    <link:presentationArc xlink:type="arc" xlink:arcrole="http://www.xbrl.org/2003/arcrole/parent-child" xlink:from="SubmissionOfAnnualComplianceReportScoreCompliancelRiskForInsuranceCompanies" xlink:to="SubmissionOfAnnualComplianceReportCompliancelRiskForInsuranceCompanies" xlink:title="presentation: SubmissionOfAnnualComplianceReportScoreCompliancelRiskForInsuranceCompanies to SubmissionOfAnnualComplianceReportCompliancelRiskForInsuranceCompanies" use="optional" order="10.0" preferredLabel="http://www.xbrl.org/2003/role/terseLabel"/>
    <link:loc xlink:type="locator" xlink:href="../../c-ross_irr_core_2015-12-31.xsd#c-ross_irr_ComplianceRiskForInsuranceCompanyRegulatoryEvaluationScore" xlink:label="SupervisionAndEvaluationScoreCompliancelRiskForInsuranceCompanies" xlink:title="SupervisionAndEvaluationScoreCompliancelRiskForInsuranceCompanies"/>
    <link:presentationArc xlink:type="arc" xlink:arcrole="http://www.xbrl.org/2003/arcrole/parent-child" xlink:from="CompliancelRiskForInsuranceCompaniesAbstract" xlink:to="SupervisionAndEvaluationScoreCompliancelRiskForInsuranceCompanies" xlink:title="presentation: CompliancelRiskForInsuranceCompaniesAbstract to SupervisionAndEvaluationScoreCompliancelRiskForInsuranceCompanies" order="40.0" preferredLabel="http://www.xbrl.org/2003/role/terseLabel"/>
    <link:loc xlink:type="locator" xlink:href="../../c-ross_irr_core_2015-12-31.xsd#c-ross_irr_ComplianceRiskForInsuranceCompanyRemarks" xlink:label="RemarksCompliancelRiskForInsuranceCompanies" xlink:title="RemarksCompliancelRiskForInsuranceCompanies"/>
    <link:presentationArc xlink:type="arc" xlink:arcrole="http://www.xbrl.org/2003/arcrole/parent-child" xlink:from="SupervisionAndEvaluationScoreCompliancelRiskForInsuranceCompanies" xlink:to="RemarksCompliancelRiskForInsuranceCompanies" xlink:title="presentation: SupervisionAndEvaluationScoreCompliancelRiskForInsuranceCompanies to RemarksCompliancelRiskForInsuranceCompanies" use="optional" order="10.0" preferredLabel="http://www.xbrl.org/2003/role/terseLabel"/>
    <link:loc xlink:type="locator" xlink:href="../../c-ross_irr_core_2015-12-31.xsd#c-ross_irr_ComplianceRiskForInsuranceCompanySpecialAssessmentScore" xlink:label="SpecialAssessmentScoreCompliancelRiskForInsuranceCompanies" xlink:title="SpecialAssessmentScoreCompliancelRiskForInsuranceCompanies"/>
    <link:presentationArc xlink:type="arc" xlink:arcrole="http://www.xbrl.org/2003/arcrole/parent-child" xlink:from="CompliancelRiskForInsuranceCompaniesAbstract" xlink:to="SpecialAssessmentScoreCompliancelRiskForInsuranceCompanies" xlink:title="presentation: CompliancelRiskForInsuranceCompaniesAbstract to SpecialAssessmentScoreCompliancelRiskForInsuranceCompanies" order="50.0" preferredLabel="http://www.xbrl.org/2003/role/terseLabel"/>
    <link:loc xlink:type="locator" xlink:href="../../c-ross_irr_core_2015-12-31.xsd#c-ross_irr_ComplianceRiskForInsuranceCompanySpecialSituation" xlink:label="SpecialAssessmentCompliancelRiskForInsuranceCompanies" xlink:title="SpecialAssessmentCompliancelRiskForInsuranceCompanies"/>
    <link:presentationArc xlink:type="arc" xlink:arcrole="http://www.xbrl.org/2003/arcrole/parent-child" xlink:from="SpecialAssessmentScoreCompliancelRiskForInsuranceCompanies" xlink:to="SpecialAssessmentCompliancelRiskForInsuranceCompanies" xlink:title="presentation: SpecialAssessmentScoreCompliancelRiskForInsuranceCompanies to SpecialAssessmentCompliancelRiskForInsuranceCompanies" use="optional" order="10.0" preferredLabel="http://www.xbrl.org/2003/role/terseLabel"/>
    <link:loc xlink:type="locator" xlink:href="../../c-ross_irr_core_2015-12-31.xsd#c-ross_irr_ComplianceRiskForInsuranceCompanyScore" xlink:label="CompliancelRiskForInsuranceCompaniesScore" xlink:title="CompliancelRiskForInsuranceCompaniesScore"/>
    <link:presentationArc xlink:type="arc" xlink:arcrole="http://www.xbrl.org/2003/arcrole/parent-child" xlink:from="CompliancelRiskForInsuranceCompaniesAbstract" xlink:to="CompliancelRiskForInsuranceCompaniesScore" xlink:title="presentation: CompliancelRiskForInsuranceCompaniesAbstract to CompliancelRiskForInsuranceCompaniesScore" order="60.0" preferredLabel="http://www.xbrl.org/2003/role/totalLabel"/>
    <link:loc xlink:type="locator" xlink:href="../../c-ross_irr_core_2015-12-31.xsd#c-ross_irr_ComplianceRiskForInsuranceCompanyWhetherInsuranceCompaniesSubmittedFakeInformationInRecentFourQuarters" xlink:label="ComplianceRiskForInsuranceCompanyWhetherInsuranceCompaniesSubmittedFakeInformationInRecentFourQuarters" xlink:title="ComplianceRiskForInsuranceCompanyWhetherInsuranceCompaniesSubmittedFakeInformationInRecentFourQuarters"/>
    <link:presentationArc xlink:type="arc" xlink:arcrole="http://www.xbrl.org/2003/arcrole/parent-child" xlink:from="CompliancelRiskForInsuranceCompaniesAbstract" xlink:to="ComplianceRiskForInsuranceCompanyWhetherInsuranceCompaniesSubmittedFakeInformationInRecentFourQuarters" xlink:title="presentation: ComplianceRiskForInsuranceCompanyAbstract to ComplianceRiskForInsuranceCompanyWhetherInsuranceCompaniesSubmittedFakeInformationInRecentFourQuarters" order="70.0" preferredLabel="http://www.xbrl.org/2003/role/terseLabel"/>
    <link:loc xlink:type="locator" xlink:href="../../c-ross_irr_core_2015-12-31.xsd#c-ross_irr_ComplianceRiskForInsuranceCompanyRegulatoryAdjustedScore" xlink:label="ComplianceRiskForInsuranceCompanyAdjustedScore" xlink:title="ComplianceRiskForInsuranceCompanyAdjustedScore"/>
    <link:presentationArc xlink:type="arc" xlink:arcrole="http://www.xbrl.org/2003/arcrole/parent-child" xlink:from="CompliancelRiskForInsuranceCompaniesAbstract" xlink:to="ComplianceRiskForInsuranceCompanyAdjustedScore" xlink:title="presentation: ComplianceRiskForInsuranceCompanyAbstract to ComplianceRiskForInsuranceCompanyAdjustedScore" order="80.0" preferredLabel="http://www.xbrl.org/2003/role/terseLabel"/>
    <link:loc xlink:type="locator" xlink:href="../../c-ross_irr_core_2015-12-31.xsd#c-ross_irr_ComplianceRiskForInsuranceCompanyRegulatoryAdjustmentCriterion" xlink:label="ComplianceRiskForInsuranceCompanyAdjustmentCriterion" xlink:title="ComplianceRiskForInsuranceCompanyAdjustmentCriterion"/>
    <link:presentationArc xlink:type="arc" xlink:arcrole="http://www.xbrl.org/2003/arcrole/parent-child" xlink:from="CompliancelRiskForInsuranceCompaniesAbstract" xlink:to="ComplianceRiskForInsuranceCompanyAdjustmentCriterion" xlink:title="presentation: ComplianceRiskForInsuranceCompanyAbstract to ComplianceRiskForInsuranceCompanyAdjustmentCriterion" order="90.0" preferredLabel="http://www.xbrl.org/2003/role/terseLabel"/>
    <link:loc xlink:type="locator" xlink:href="../../c-ross_irr_core_2015-12-31.xsd#c-ross_irr_ComplianceRiskForInsuranceCompanyFinalScore" xlink:label="ComplianceRiskForInsuranceCompanyFinalScore" xlink:title="ComplianceRiskForInsuranceCompanyFinalScore"/>
    <link:presentationArc xlink:type="arc" xlink:arcrole="http://www.xbrl.org/2003/arcrole/parent-child" xlink:from="CompliancelRiskForInsuranceCompaniesAbstract" xlink:to="ComplianceRiskForInsuranceCompanyFinalScore" xlink:title="presentation: ComplianceRiskForInsuranceCompanyAbstract to ComplianceRiskForInsuranceCompanyFinalScore" order="100.0" preferredLabel="http://www.xbrl.org/2003/role/terseLabel"/>
  </link:presentationLink>
  <link:presentationLink xlink:type="extended" xlink:role="http://xbrl.circ.gov.cn/role/c-ross_irr_2015-12-31_role-3321800a">
    <link:loc xlink:type="locator" xlink:href="../../c-ross_irr_core_2015-12-31.xsd#c-ross_irr_ComplianceRiskForInsuranceCompanyAbstract" xlink:label="ComplianceRiskForInsuranceCompaniesAbstract" xlink:title="ComplianceRiskForInsuranceCompaniesAbstract"/>
    <link:loc xlink:type="locator" xlink:href="../../c-ross_irr_core_2015-12-31.xsd#c-ross_irr_IndustryAveragePenaltyFromEachSubBranchPropertyAndCasualtyInsuranceCompany" xlink:label="IndustryAveragePenaltyFromEachSubBranchPropertyAndCasualtyInsuranceCompany" xlink:title="IndustryAveragePenaltyFromEachSubBranchPropertyAndCasualtyInsuranceCompany"/>
    <link:presentationArc xlink:type="arc" xlink:arcrole="http://www.xbrl.org/2003/arcrole/parent-child" xlink:from="ComplianceRiskForInsuranceCompaniesAbstract" xlink:to="IndustryAveragePenaltyFromEachSubBranchPropertyAndCasualtyInsuranceCompany" xlink:title="presentation: ComplianceRiskForInsuranceCompaniesAbstract to IndustryAveragePenaltyFromEachSubBranchPropertyAndCasualtyInsuranceCompany" use="optional" priority="0" order="10.0" preferredLabel="http://www.xbrl.org/2003/role/label"/>
    <link:loc xlink:type="locator" xlink:href="../../c-ross_irr_core_2015-12-31.xsd#c-ross_irr_IndustryAveragePenaltyFromEachSubBranchLifeInsuranceCompany" xlink:label="IndustryAveragePenaltyFromEachSubBranchLifeInsuranceCompany" xlink:title="IndustryAveragePenaltyFromEachSubBranchLifeInsuranceCompany"/>
    <link:presentationArc xlink:type="arc" xlink:arcrole="http://www.xbrl.org/2003/arcrole/parent-child" xlink:from="ComplianceRiskForInsuranceCompaniesAbstract" xlink:to="IndustryAveragePenaltyFromEachSubBranchLifeInsuranceCompany" xlink:title="presentation: ComplianceRiskForInsuranceCompaniesAbstract to IndustryAveragePenaltyFromEachSubBranchLifeInsuranceCompany" use="optional" priority="0" order="20.0" preferredLabel="http://www.xbrl.org/2003/role/label"/>
    <link:loc xlink:type="locator" xlink:href="../../c-ross_irr_core_2015-12-31.xsd#c-ross_irr_IndustryAveragePenaltyFromEachSubBranchReinsuranceCompany" xlink:label="IndustryAveragePenaltyFromEachSubBranchReinsuranceCompany" xlink:title="IndustryAveragePenaltyFromEachSubBranchReinsuranceCompany"/>
    <link:presentationArc xlink:type="arc" xlink:arcrole="http://www.xbrl.org/2003/arcrole/parent-child" xlink:from="ComplianceRiskForInsuranceCompaniesAbstract" xlink:to="IndustryAveragePenaltyFromEachSubBranchReinsuranceCompany" xlink:title="presentation: ComplianceRiskForInsuranceCompaniesAbstract to IndustryAveragePenaltyFromEachSubBranchReinsuranceCompany" use="optional" priority="0" order="30.0" preferredLabel="http://www.xbrl.org/2003/role/label"/>
    <link:loc xlink:type="locator" xlink:href="../../c-ross_irr_core_2015-12-31.xsd#c-ross_irr_IndustryAverageRateOfSubBranchesWithSeriousPenaltyPropertyAndCasualtyInsuranceCompany" xlink:label="IndustryAverageRateOfSubBranchesWithSeriousPenaltyPropertyAndCasualtyInsuranceCompany" xlink:title="IndustryAverageRateOfSubBranchesWithSeriousPenaltyPropertyAndCasualtyInsuranceCompany"/>
    <link:presentationArc xlink:type="arc" xlink:arcrole="http://www.xbrl.org/2003/arcrole/parent-child" xlink:from="ComplianceRiskForInsuranceCompaniesAbstract" xlink:to="IndustryAverageRateOfSubBranchesWithSeriousPenaltyPropertyAndCasualtyInsuranceCompany" xlink:title="presentation: ComplianceRiskForInsuranceCompaniesAbstract to IndustryAverageRateOfSubBranchesWithSeriousPenaltyPropertyAndCasualtyInsuranceCompany" use="optional" priority="0" order="40.0" preferredLabel="http://www.xbrl.org/2003/role/label"/>
    <link:loc xlink:type="locator" xlink:href="../../c-ross_irr_core_2015-12-31.xsd#c-ross_irr_IndustryAverageRateOfSubBranchesWithSeriousPenaltyLifeInsuranceCompany" xlink:label="IndustryAverageRateOfSubBranchesWithSeriousPenaltyLifeInsuranceCompany" xlink:title="IndustryAverageRateOfSubBranchesWithSeriousPenaltyLifeInsuranceCompany"/>
    <link:presentationArc xlink:type="arc" xlink:arcrole="http://www.xbrl.org/2003/arcrole/parent-child" xlink:from="ComplianceRiskForInsuranceCompaniesAbstract" xlink:to="IndustryAverageRateOfSubBranchesWithSeriousPenaltyLifeInsuranceCompany" xlink:title="presentation: ComplianceRiskForInsuranceCompaniesAbstract to IndustryAverageRateOfSubBranchesWithSeriousPenaltyLifeInsuranceCompany" use="optional" priority="0" order="50.0" preferredLabel="http://www.xbrl.org/2003/role/label"/>
    <link:loc xlink:type="locator" xlink:href="../../c-ross_irr_core_2015-12-31.xsd#c-ross_irr_IndustryAverageRateOfSubBranchesWithSeriousPenaltyReinsuranceCompany" xlink:label="IndustryAverageRateOfSubBranchesWithSeriousPenaltyReinsuranceCompany" xlink:title="IndustryAverageRateOfSubBranchesWithSeriousPenaltyReinsuranceCompany"/>
    <link:presentationArc xlink:type="arc" xlink:arcrole="http://www.xbrl.org/2003/arcrole/parent-child" xlink:from="ComplianceRiskForInsuranceCompaniesAbstract" xlink:to="IndustryAverageRateOfSubBranchesWithSeriousPenaltyReinsuranceCompany" xlink:title="presentation: ComplianceRiskForInsuranceCompaniesAbstract to IndustryAverageRateOfSubBranchesWithSeriousPenaltyReinsuranceCompany" use="optional" priority="0" order="60.0" preferredLabel="http://www.xbrl.org/2003/role/label"/>
  </link:presentationLink>
</link:linkbase>
