<?xml version="1.0" encoding="UTF-8"?>

<!--Taxonomy: 2015-12-31 (Draft)
	**********************
	Copyright © 2015 China Insurance Regulatory Commission.
	All rights reserved.  No part of this publication may be translated, reprinted or reproduced or utilised in any form either in whole or in part without prior permission in writing from China Insurance Regulatory Commission.
	  **********************-->
<link:linkbase xmlns:xsi="http://www.w3.org/2001/XMLSchema-instance" xsi:schemaLocation="http://www.xbrl.org/2003/linkbase http://www.xbrl.org/2003/xbrl-linkbase-2003-12-31.xsd" xmlns:irr_full_entry_point="http://xbrl.circ.gov.cn/taxonomy/2015-12-31/c-ross/irr_full_entry_point" xmlns:link="http://www.xbrl.org/2003/linkbase" xmlns:irr_life_com_entry_point="http://xbrl.circ.gov.cn/taxonomy/2015-12-31/c-ross_irr/irr_life_com_entry_point" xmlns:irr_re_com_entry_point="http://xbrl.circ.gov.cn/taxonomy/2015-12-31/c-ross_irr/irr_re_com_entry_point" xmlns:xbrli="http://www.xbrl.org/2003/instance" xmlns:irr_reg_com_entry_point="http://xbrl.circ.gov.cn/taxonomy/2015-12-31/c-ross_irr/irr_reg_com_entry_point" xmlns:irr_pc_com_entry_point="http://xbrl.circ.gov.cn/taxonomy/2015-12-31/c-ross_irr/irr_p&amp;c_com_entry_point" xmlns:xlink="http://www.w3.org/1999/xlink">
  <link:roleRef roleURI="http://xbrl.circ.gov.cn/role/c-ross_irr_2015-12-31_role-3321200" xlink:type="simple" xlink:href="rol_c-ross_10_2015-12-31.xsd#c-ross_irr_2015-12-31-3321200"/>
  <link:roleRef roleURI="http://xbrl.circ.gov.cn/role/c-ross_irr_2015-12-31_role-3321200a" xlink:type="simple" xlink:href="rol_c-ross_10_2015-12-31.xsd#c-ross_irr_2015-12-31-3321200a"/>
  <link:presentationLink xlink:type="extended" xlink:role="http://xbrl.circ.gov.cn/role/c-ross_irr_2015-12-31_role-3321200">
    <link:loc xlink:type="locator" xlink:href="../../c-ross_irr_core_2015-12-31.xsd#c-ross_irr_OperationalRiskInFinancialManagementForInsuranceCompanyAbstract" xlink:label="OperationalRiskInFinancialManagementForInsuranceCompaniesAbstract" xlink:title="OperationalRiskInFinancialManagementForInsuranceCompaniesAbstract"/>
    <link:loc xlink:type="locator" xlink:href="../../c-ross_irr_core_2015-12-31.xsd#c-ross_irr_OperationalRiskInFinancialManagementForInsuranceCompanyFinancePersonnelScore" xlink:label="FinancePersonnelScoreOperationalRiskInFinancialManagementForInsuranceCompanies" xlink:title="FinancePersonnelScoreOperationalRiskInFinancialManagementForInsuranceCompanies"/>
    <link:presentationArc xlink:type="arc" xlink:arcrole="http://www.xbrl.org/2003/arcrole/parent-child" xlink:from="OperationalRiskInFinancialManagementForInsuranceCompaniesAbstract" xlink:to="FinancePersonnelScoreOperationalRiskInFinancialManagementForInsuranceCompanies" xlink:title="presentation: OperationalRiskInFinancialManagementForInsuranceCompaniesAbstract to FinancePersonnelScoreOperationalRiskInFinancialManagementForInsuranceCompanies" order="10.0" preferredLabel="http://www.xbrl.org/2003/role/terseLabel"/>
    <link:loc xlink:type="locator" xlink:href="../../c-ross_irr_core_2015-12-31.xsd#c-ross_irr_OperationalRiskInFinancialManagementForInsuranceCompanyLeadershipScore" xlink:label="LeadershipScoreOperationalRiskInFinancialManagementForInsuranceCompanies" xlink:title="LeadershipScoreOperationalRiskInFinancialManagementForInsuranceCompanies"/>
    <link:presentationArc xlink:type="arc" xlink:arcrole="http://www.xbrl.org/2003/arcrole/parent-child" xlink:from="FinancePersonnelScoreOperationalRiskInFinancialManagementForInsuranceCompanies" xlink:to="LeadershipScoreOperationalRiskInFinancialManagementForInsuranceCompanies" xlink:title="presentation: FinancePersonnelScoreOperationalRiskInFinancialManagementForInsuranceCompanies to LeadershipScoreOperationalRiskInFinancialManagementForInsuranceCompanies" use="optional" order="10.0" preferredLabel="http://www.xbrl.org/2003/role/terseLabel"/>
    <link:loc xlink:type="locator" xlink:href="../../c-ross_irr_core_2015-12-31.xsd#c-ross_irr_OperationalRiskInFinancialManagementForInsuranceCompanyProfessionalismOfHeadOfFinanceDepartment" xlink:label="ProfessionalismOfHeadOfFinanceDepartmentOperationalRiskInFinancialManagementForInsuranceCompanies" xlink:title="ProfessionalismOfHeadOfFinanceDepartmentOperationalRiskInFinancialManagementForInsuranceCompanies"/>
    <link:presentationArc xlink:type="arc" xlink:arcrole="http://www.xbrl.org/2003/arcrole/parent-child" xlink:from="LeadershipScoreOperationalRiskInFinancialManagementForInsuranceCompanies" xlink:to="ProfessionalismOfHeadOfFinanceDepartmentOperationalRiskInFinancialManagementForInsuranceCompanies" xlink:title="presentation: LeadershipScoreOperationalRiskInFinancialManagementForInsuranceCompanies to ProfessionalismOfHeadOfFinanceDepartmentOperationalRiskInFinancialManagementForInsuranceCompanies" use="optional" order="10.0" preferredLabel="http://www.xbrl.org/2003/role/terseLabel"/>
    <link:loc xlink:type="locator" xlink:href="../../c-ross_irr_core_2015-12-31.xsd#c-ross_irr_OperationalRiskInFinancialManagementForInsuranceCompanyRecruitmentAndDismissalScore" xlink:label="RecruitmentAndDismissalScoreOperationalRiskInFinancialManagementForInsuranceCompanies" xlink:title="RecruitmentAndDismissalScoreOperationalRiskInFinancialManagementForInsuranceCompanies"/>
    <link:presentationArc xlink:type="arc" xlink:arcrole="http://www.xbrl.org/2003/arcrole/parent-child" xlink:from="FinancePersonnelScoreOperationalRiskInFinancialManagementForInsuranceCompanies" xlink:to="RecruitmentAndDismissalScoreOperationalRiskInFinancialManagementForInsuranceCompanies" xlink:title="presentation: FinancePersonnelScoreOperationalRiskInFinancialManagementForInsuranceCompanies to RecruitmentAndDismissalScoreOperationalRiskInFinancialManagementForInsuranceCompanies" use="optional" order="20.0" preferredLabel="http://www.xbrl.org/2003/role/terseLabel"/>
    <link:loc xlink:type="locator" xlink:href="../../c-ross_irr_core_2015-12-31.xsd#c-ross_irr_OperationalRiskInFinancialManagementForInsuranceCompanyAmountOfPersonInFinanceDepartmentScore" xlink:label="AmountOfPersonInFinanceDepartmentScoreOperationalRiskInFinancialManagementForInsuranceCompanies" xlink:title="AmountOfPersonInFinanceDepartmentScoreOperationalRiskInFinancialManagementForInsuranceCompanies"/>
    <link:presentationArc xlink:type="arc" xlink:arcrole="http://www.xbrl.org/2003/arcrole/parent-child" xlink:from="RecruitmentAndDismissalScoreOperationalRiskInFinancialManagementForInsuranceCompanies" xlink:to="AmountOfPersonInFinanceDepartmentScoreOperationalRiskInFinancialManagementForInsuranceCompanies" xlink:title="presentation: RecruitmentAndDismissalScoreOperationalRiskInFinancialManagementForInsuranceCompanies to AmountOfPersonInFinanceDepartmentScoreOperationalRiskInFinancialManagementForInsuranceCompanies" use="optional" order="10.0" preferredLabel="http://www.xbrl.org/2003/role/terseLabel"/>
    <link:loc xlink:type="locator" xlink:href="../../c-ross_irr_core_2015-12-31.xsd#c-ross_irr_OperationalRiskInFinancialManagementForInsuranceCompanyCentralizedFinancialProcessingOrOutsourcedToOtherPartiesWithinGroup" xlink:label="CentralizedFinancialProcessingOrOutsourcedToOtherPartiesWithinGroupOperationalRiskInFinancialManagementForInsuranceCompanies" xlink:title="CentralizedFinancialProcessingOrOutsourcedToOtherPartiesWithinGroupOperationalRiskInFinancialManagementForInsuranceCompanies"/>
    <link:presentationArc xlink:type="arc" xlink:arcrole="http://www.xbrl.org/2003/arcrole/parent-child" xlink:from="AmountOfPersonInFinanceDepartmentScoreOperationalRiskInFinancialManagementForInsuranceCompanies" xlink:to="CentralizedFinancialProcessingOrOutsourcedToOtherPartiesWithinGroupOperationalRiskInFinancialManagementForInsuranceCompanies" xlink:title="presentation: AmountOfPersonInFinanceDepartmentScoreOperationalRiskInFinancialManagementForInsuranceCompanies to CentralizedFinancialProcessingOrOutsourcedToOtherPartiesWithinGroupOperationalRiskInFinancialManagementForInsuranceCompanies" use="optional" order="10.0" preferredLabel="http://www.xbrl.org/2003/role/terseLabel"/>
    <link:loc xlink:type="locator" xlink:href="../../c-ross_irr_core_2015-12-31.xsd#c-ross_irr_OperationalRiskInFinancialManagementForInsuranceCompanyAmountOfPersonInFinanceDepartmentOfHeadOffice" xlink:label="AmountOfPersonInFinanceDepartmentOfHeadOfficeOperationalRiskInFinancialManagementForInsuranceCompanies" xlink:title="AmountOfPersonInFinanceDepartmentOfHeadOfficeOperationalRiskInFinancialManagementForInsuranceCompanies"/>
    <link:presentationArc xlink:type="arc" xlink:arcrole="http://www.xbrl.org/2003/arcrole/parent-child" xlink:from="AmountOfPersonInFinanceDepartmentScoreOperationalRiskInFinancialManagementForInsuranceCompanies" xlink:to="AmountOfPersonInFinanceDepartmentOfHeadOfficeOperationalRiskInFinancialManagementForInsuranceCompanies" xlink:title="presentation: AmountOfPersonInFinanceDepartmentScoreOperationalRiskInFinancialManagementForInsuranceCompanies to AmountOfPersonInFinanceDepartmentOfHeadOfficeOperationalRiskInFinancialManagementForInsuranceCompanies" use="optional" order="20.0" preferredLabel="http://www.xbrl.org/2003/role/terseLabel"/>
    <link:loc xlink:type="locator" xlink:href="../../c-ross_irr_core_2015-12-31.xsd#c-ross_irr_OperationalRiskInFinancialManagementForInsuranceCompanyTurnoverRateOfFinancialDepartmentScore" xlink:label="TurnoverRateOfFinancialDepartmentScoreOperationalRiskInFinancialManagementForInsuranceCompanies" xlink:title="TurnoverRateOfFinancialDepartmentScoreOperationalRiskInFinancialManagementForInsuranceCompanies"/>
    <link:presentationArc xlink:type="arc" xlink:arcrole="http://www.xbrl.org/2003/arcrole/parent-child" xlink:from="RecruitmentAndDismissalScoreOperationalRiskInFinancialManagementForInsuranceCompanies" xlink:to="TurnoverRateOfFinancialDepartmentScoreOperationalRiskInFinancialManagementForInsuranceCompanies" xlink:title="presentation: RecruitmentAndDismissalScoreOperationalRiskInFinancialManagementForInsuranceCompanies to TurnoverRateOfFinancialDepartmentScoreOperationalRiskInFinancialManagementForInsuranceCompanies" use="optional" order="20.0" preferredLabel="http://www.xbrl.org/2003/role/terseLabel"/>
    <link:loc xlink:type="locator" xlink:href="../../c-ross_irr_core_2015-12-31.xsd#c-ross_irr_OperationalRiskInFinancialManagementForInsuranceCompanyTurnoverRateOfFinancialDepartment" xlink:label="TurnoverRateOfFinancialDepartmentOperationalRiskInFinancialManagementForInsuranceCompanies" xlink:title="TurnoverRateOfFinancialDepartmentOperationalRiskInFinancialManagementForInsuranceCompanies"/>
    <link:presentationArc xlink:type="arc" xlink:arcrole="http://www.xbrl.org/2003/arcrole/parent-child" xlink:from="TurnoverRateOfFinancialDepartmentScoreOperationalRiskInFinancialManagementForInsuranceCompanies" xlink:to="TurnoverRateOfFinancialDepartmentOperationalRiskInFinancialManagementForInsuranceCompanies" xlink:title="presentation: TurnoverRateOfFinancialDepartmentScoreOperationalRiskInFinancialManagementForInsuranceCompanies to TurnoverRateOfFinancialDepartmentOperationalRiskInFinancialManagementForInsuranceCompanies" use="optional" order="10.0" preferredLabel="http://www.xbrl.org/2003/role/terseLabel"/>
    <link:loc xlink:type="locator" xlink:href="../../c-ross_irr_core_2015-12-31.xsd#c-ross_irr_OperationalRiskInFinancialManagementForInsuranceCompanyNumberOfFinancePersonnelResignedInLastFourQuarters" xlink:label="NumberOfFinancePersonnelResignedInLastFourQuartersOperationalRiskInFinancialManagementForInsuranceCompanies" xlink:title="NumberOfFinancePersonnelResignedInLastFourQuartersOperationalRiskInFinancialManagementForInsuranceCompanies"/>
    <link:presentationArc xlink:type="arc" xlink:arcrole="http://www.xbrl.org/2003/arcrole/parent-child" xlink:from="TurnoverRateOfFinancialDepartmentOperationalRiskInFinancialManagementForInsuranceCompanies" xlink:to="NumberOfFinancePersonnelResignedInLastFourQuartersOperationalRiskInFinancialManagementForInsuranceCompanies" xlink:title="presentation: TurnoverRateOfFinancialDepartmentOperationalRiskInFinancialManagementForInsuranceCompanies to NumberOfFinancePersonnelResignedInLastFourQuartersOperationalRiskInFinancialManagementForInsuranceCompanies" use="optional" order="10.0" preferredLabel="http://www.xbrl.org/2003/role/terseLabel"/>
    <link:loc xlink:type="locator" xlink:href="../../c-ross_irr_core_2015-12-31.xsd#c-ross_irr_OperationalRiskInFinancialManagementForInsuranceCompanyNumberOfFinancePersonnelRecruitedAtBeginningOfPreviousFourQuarters" xlink:label="NumberOfFinancePersonnelRecruitedAtBeginningOfPreviousFourQuartersOperationalRiskInFinancialManagementForInsuranceCompanies" xlink:title="NumberOfFinancePersonnelRecruitedAtBeginningOfPreviousFourQuartersOperationalRiskInFinancialManagementForInsuranceCompanies"/>
    <link:presentationArc xlink:type="arc" xlink:arcrole="http://www.xbrl.org/2003/arcrole/parent-child" xlink:from="TurnoverRateOfFinancialDepartmentOperationalRiskInFinancialManagementForInsuranceCompanies" xlink:to="NumberOfFinancePersonnelRecruitedAtBeginningOfPreviousFourQuartersOperationalRiskInFinancialManagementForInsuranceCompanies" xlink:title="presentation: TurnoverRateOfFinancialDepartmentOperationalRiskInFinancialManagementForInsuranceCompanies to NumberOfFinancePersonnelRecruitedAtBeginningOfPreviousFourQuartersOperationalRiskInFinancialManagementForInsuranceCompanies" use="optional" order="20.0" preferredLabel="http://www.xbrl.org/2003/role/terseLabel"/>
    <link:loc xlink:type="locator" xlink:href="../../c-ross_irr_core_2015-12-31.xsd#c-ross_irr_OperationalRiskInFinancialManagementForInsuranceCompanyIncreasedNumberOfFinancePersonnelInRecentFourQuarters" xlink:label="IncreasedNumberOfFinancePersonnelInRecentFourQuartersOperationalRiskInFinancialManagementForInsuranceCompanies" xlink:title="IncreasedNumberOfFinancePersonnelInRecentFourQuartersOperationalRiskInFinancialManagementForInsuranceCompanies"/>
    <link:presentationArc xlink:type="arc" xlink:arcrole="http://www.xbrl.org/2003/arcrole/parent-child" xlink:from="TurnoverRateOfFinancialDepartmentOperationalRiskInFinancialManagementForInsuranceCompanies" xlink:to="IncreasedNumberOfFinancePersonnelInRecentFourQuartersOperationalRiskInFinancialManagementForInsuranceCompanies" xlink:title="presentation: TurnoverRateOfFinancialDepartmentOperationalRiskInFinancialManagementForInsuranceCompanies to IncreasedNumberOfFinancePersonnelInRecentFourQuartersOperationalRiskInFinancialManagementForInsuranceCompanies" use="optional" order="30.0" preferredLabel="http://www.xbrl.org/2003/role/terseLabel"/>
    <link:loc xlink:type="locator" xlink:href="../../c-ross_irr_core_2015-12-31.xsd#c-ross_irr_OperationalRiskInFinancialManagementForInsuranceCompanyTrainingScore" xlink:label="TrainingScoreOperationalRiskInFinancialManagementForInsuranceCompanies" xlink:title="TrainingScoreOperationalRiskInFinancialManagementForInsuranceCompanies"/>
    <link:presentationArc xlink:type="arc" xlink:arcrole="http://www.xbrl.org/2003/arcrole/parent-child" xlink:from="FinancePersonnelScoreOperationalRiskInFinancialManagementForInsuranceCompanies" xlink:to="TrainingScoreOperationalRiskInFinancialManagementForInsuranceCompanies" xlink:title="presentation: FinancePersonnelScoreOperationalRiskInFinancialManagementForInsuranceCompanies to TrainingScoreOperationalRiskInFinancialManagementForInsuranceCompanies" use="optional" order="30.0" preferredLabel="http://www.xbrl.org/2003/role/terseLabel"/>
    <link:loc xlink:type="locator" xlink:href="../../c-ross_irr_core_2015-12-31.xsd#c-ross_irr_OperationalRiskInFinancialManagementForInsuranceCompanyFrequencyOfStaffTraining" xlink:label="RateOfEmployeeTrainingOperationalRiskInFinancialManagementForInsuranceCompanies" xlink:title="RateOfEmployeeTrainingOperationalRiskInFinancialManagementForInsuranceCompanies"/>
    <link:presentationArc xlink:type="arc" xlink:arcrole="http://www.xbrl.org/2003/arcrole/parent-child" xlink:from="TrainingScoreOperationalRiskInFinancialManagementForInsuranceCompanies" xlink:to="RateOfEmployeeTrainingOperationalRiskInFinancialManagementForInsuranceCompanies" xlink:title="presentation: TrainingScoreOperationalRiskInFinancialManagementForInsuranceCompanies to RateOfEmployeeTrainingOperationalRiskInFinancialManagementForInsuranceCompanies" use="optional" order="10.0" preferredLabel="http://www.xbrl.org/2003/role/terseLabel"/>
    <link:loc xlink:type="locator" xlink:href="../../c-ross_irr_core_2015-12-31.xsd#c-ross_irr_OperationalRiskInFinancialManagementForInsuranceCompanyNumberOfTrainingsProvidedInRecentFourQuarters" xlink:label="NumberOfTrainingsProvidedInRecentFourQuartersOperationalRiskInFinancialManagementForInsuranceCompanies" xlink:title="NumberOfTrainingsProvidedInRecentFourQuartersOperationalRiskInFinancialManagementForInsuranceCompanies"/>
    <link:presentationArc xlink:type="arc" xlink:arcrole="http://www.xbrl.org/2003/arcrole/parent-child" xlink:from="RateOfEmployeeTrainingOperationalRiskInFinancialManagementForInsuranceCompanies" xlink:to="NumberOfTrainingsProvidedInRecentFourQuartersOperationalRiskInFinancialManagementForInsuranceCompanies" xlink:title="presentation: RateOfEmployeeTrainingOperationalRiskInFinancialManagementForInsuranceCompanies to NumberOfTrainingsProvidedInRecentFourQuartersOperationalRiskInFinancialManagementForInsuranceCompanies" use="optional" order="10.0" preferredLabel="http://www.xbrl.org/2003/role/terseLabel"/>
    <link:presentationArc xlink:type="arc" xlink:arcrole="http://www.xbrl.org/2003/arcrole/parent-child" xlink:from="RateOfEmployeeTrainingOperationalRiskInFinancialManagementForInsuranceCompanies" xlink:to="AmountOfPersonInFinanceDepartmentOfHeadOfficeOperationalRiskInFinancialManagementForInsuranceCompanies" xlink:title="presentation: RateOfEmployeeTrainingOperationalRiskInFinancialManagementForInsuranceCompanies to AmountOfPersonInFinanceDepartmentOfHeadOfficeOperationalRiskInFinancialManagementForInsuranceCompanies" use="optional" order="20.0" preferredLabel="http://www.xbrl.org/2003/role/terseLabel"/>
    <link:loc xlink:type="locator" xlink:href="../../c-ross_irr_core_2015-12-31.xsd#c-ross_irr_OperationalRiskInFinancialManagementForInsuranceCompanyPerformanceAppraisalScore" xlink:label="PerformanceAppraisalScoreOperationalRiskInFinancialManagementForInsuranceCompanies" xlink:title="PerformanceAppraisalScoreOperationalRiskInFinancialManagementForInsuranceCompanies"/>
    <link:presentationArc xlink:type="arc" xlink:arcrole="http://www.xbrl.org/2003/arcrole/parent-child" xlink:from="FinancePersonnelScoreOperationalRiskInFinancialManagementForInsuranceCompanies" xlink:to="PerformanceAppraisalScoreOperationalRiskInFinancialManagementForInsuranceCompanies" xlink:title="presentation: FinancePersonnelScoreOperationalRiskInFinancialManagementForInsuranceCompanies to PerformanceAppraisalScoreOperationalRiskInFinancialManagementForInsuranceCompanies" use="optional" order="40.0" preferredLabel="http://www.xbrl.org/2003/role/terseLabel"/>
    <link:loc xlink:type="locator" xlink:href="../../c-ross_irr_core_2015-12-31.xsd#c-ross_irr_OperationalRiskInFinancialManagementForInsuranceCompanyPerformanceAppraisal" xlink:label="PerformanceAppraisalOperationalRiskInFinancialManagementForInsuranceCompanies" xlink:title="PerformanceAppraisalOperationalRiskInFinancialManagementForInsuranceCompanies"/>
    <link:presentationArc xlink:type="arc" xlink:arcrole="http://www.xbrl.org/2003/arcrole/parent-child" xlink:from="PerformanceAppraisalScoreOperationalRiskInFinancialManagementForInsuranceCompanies" xlink:to="PerformanceAppraisalOperationalRiskInFinancialManagementForInsuranceCompanies" xlink:title="presentation: PerformanceAppraisalScoreOperationalRiskInFinancialManagementForInsuranceCompanies to PerformanceAppraisalOperationalRiskInFinancialManagementForInsuranceCompanies" use="optional" order="10.0" preferredLabel="http://www.xbrl.org/2003/role/terseLabel"/>
    <link:loc xlink:type="locator" xlink:href="../../c-ross_irr_core_2015-12-31.xsd#c-ross_irr_OperationalRiskInFinancialManagementForInsuranceCompanyInternalOperatingProceduresScore" xlink:label="InternalOperatingProceduresScoreOperationalRiskInFinancialManagementForInsuranceCompanies" xlink:title="InternalOperatingProceduresScoreOperationalRiskInFinancialManagementForInsuranceCompanies"/>
    <link:presentationArc xlink:type="arc" xlink:arcrole="http://www.xbrl.org/2003/arcrole/parent-child" xlink:from="OperationalRiskInFinancialManagementForInsuranceCompaniesAbstract" xlink:to="InternalOperatingProceduresScoreOperationalRiskInFinancialManagementForInsuranceCompanies" xlink:title="presentation: OperationalRiskInFinancialManagementForInsuranceCompaniesAbstract to InternalOperatingProceduresScoreOperationalRiskInFinancialManagementForInsuranceCompanies" order="20.0" preferredLabel="http://www.xbrl.org/2003/role/terseLabel"/>
    <link:loc xlink:type="locator" xlink:href="../../c-ross_irr_core_2015-12-31.xsd#c-ross_irr_OperationalRiskInFinancialManagementForInsuranceCompanyDatabaseOfOperationalRiskScore" xlink:label="DatabaseOfOperationalRiskScoreOperationalRiskInFinancialManagementForInsuranceCompanies" xlink:title="DatabaseOfOperationalRiskScoreOperationalRiskInFinancialManagementForInsuranceCompanies"/>
    <link:presentationArc xlink:type="arc" xlink:arcrole="http://www.xbrl.org/2003/arcrole/parent-child" xlink:from="InternalOperatingProceduresScoreOperationalRiskInFinancialManagementForInsuranceCompanies" xlink:to="DatabaseOfOperationalRiskScoreOperationalRiskInFinancialManagementForInsuranceCompanies" xlink:title="presentation: InternalOperatingProceduresScoreOperationalRiskInFinancialManagementForInsuranceCompanies to DatabaseOfOperationalRiskScoreOperationalRiskInFinancialManagementForInsuranceCompanies" use="optional" order="10.0" preferredLabel="http://www.xbrl.org/2003/role/terseLabel"/>
    <link:loc xlink:type="locator" xlink:href="../../c-ross_irr_core_2015-12-31.xsd#c-ross_irr_OperationalRiskInFinancialManagementForInsuranceCompanyDatabaseOfOperationalRisk" xlink:label="DatabaseOfOperationalRiskOperationalRiskInFinancialManagementForInsuranceCompanies" xlink:title="DatabaseOfOperationalRiskOperationalRiskInFinancialManagementForInsuranceCompanies"/>
    <link:presentationArc xlink:type="arc" xlink:arcrole="http://www.xbrl.org/2003/arcrole/parent-child" xlink:from="DatabaseOfOperationalRiskScoreOperationalRiskInFinancialManagementForInsuranceCompanies" xlink:to="DatabaseOfOperationalRiskOperationalRiskInFinancialManagementForInsuranceCompanies" xlink:title="presentation: DatabaseOfOperationalRiskScoreOperationalRiskInFinancialManagementForInsuranceCompanies to DatabaseOfOperationalRiskOperationalRiskInFinancialManagementForInsuranceCompanies" use="optional" order="10.0" preferredLabel="http://www.xbrl.org/2003/role/terseLabel"/>
    <link:loc xlink:type="locator" xlink:href="../../c-ross_irr_core_2015-12-31.xsd#c-ross_irr_OperationalRiskInFinancialManagementForInsuranceCompanyAccountingScore" xlink:label="AccountingScoreOperationalRiskInFinancialManagementForInsuranceCompanies" xlink:title="AccountingScoreOperationalRiskInFinancialManagementForInsuranceCompanies"/>
    <link:presentationArc xlink:type="arc" xlink:arcrole="http://www.xbrl.org/2003/arcrole/parent-child" xlink:from="InternalOperatingProceduresScoreOperationalRiskInFinancialManagementForInsuranceCompanies" xlink:to="AccountingScoreOperationalRiskInFinancialManagementForInsuranceCompanies" xlink:title="presentation: InternalOperatingProceduresScoreOperationalRiskInFinancialManagementForInsuranceCompanies to AccountingScoreOperationalRiskInFinancialManagementForInsuranceCompanies" use="optional" order="20.0" preferredLabel="http://www.xbrl.org/2003/role/terseLabel"/>
    <link:loc xlink:type="locator" xlink:href="../../c-ross_irr_core_2015-12-31.xsd#c-ross_irr_OperationalRiskInFinancialManagementForInsuranceCompanyAccountingConcentrationScore" xlink:label="AccountingConcentrationScoreOperationalRiskInFinancialManagementForInsuranceCompanies" xlink:title="AccountingConcentrationScoreOperationalRiskInFinancialManagementForInsuranceCompanies"/>
    <link:presentationArc xlink:type="arc" xlink:arcrole="http://www.xbrl.org/2003/arcrole/parent-child" xlink:from="AccountingScoreOperationalRiskInFinancialManagementForInsuranceCompanies" xlink:to="AccountingConcentrationScoreOperationalRiskInFinancialManagementForInsuranceCompanies" xlink:title="presentation: AccountingScoreOperationalRiskInFinancialManagementForInsuranceCompanies to AccountingConcentrationScoreOperationalRiskInFinancialManagementForInsuranceCompanies" use="optional" order="10.0" preferredLabel="http://www.xbrl.org/2003/role/terseLabel"/>
    <link:loc xlink:type="locator" xlink:href="../../c-ross_irr_core_2015-12-31.xsd#c-ross_irr_OperationalRiskInFinancialManagementForInsuranceCompanyAccountingConcentration" xlink:label="AccountingConcentrationOperationalRiskInFinancialManagementForInsuranceCompanies" xlink:title="AccountingConcentrationOperationalRiskInFinancialManagementForInsuranceCompanies"/>
    <link:presentationArc xlink:type="arc" xlink:arcrole="http://www.xbrl.org/2003/arcrole/parent-child" xlink:from="AccountingConcentrationScoreOperationalRiskInFinancialManagementForInsuranceCompanies" xlink:to="AccountingConcentrationOperationalRiskInFinancialManagementForInsuranceCompanies" xlink:title="presentation: AccountingConcentrationScoreOperationalRiskInFinancialManagementForInsuranceCompanies to AccountingConcentrationOperationalRiskInFinancialManagementForInsuranceCompanies" use="optional" order="10.0" preferredLabel="http://www.xbrl.org/2003/role/terseLabel"/>
    <link:loc xlink:type="locator" xlink:href="../../c-ross_irr_core_2015-12-31.xsd#c-ross_irr_OperationalRiskInFinancialManagementForInsuranceCompanyNumberOfErrorsInAccountingEstimateScore" xlink:label="NumberOfErrorsInAccountingEstimateScoreOperationalRiskInFinancialManagementForInsuranceCompanies" xlink:title="NumberOfErrorsInAccountingEstimateScoreOperationalRiskInFinancialManagementForInsuranceCompanies"/>
    <link:presentationArc xlink:type="arc" xlink:arcrole="http://www.xbrl.org/2003/arcrole/parent-child" xlink:from="AccountingScoreOperationalRiskInFinancialManagementForInsuranceCompanies" xlink:to="NumberOfErrorsInAccountingEstimateScoreOperationalRiskInFinancialManagementForInsuranceCompanies" xlink:title="presentation: AccountingScoreOperationalRiskInFinancialManagementForInsuranceCompanies to NumberOfErrorsInAccountingEstimateScoreOperationalRiskInFinancialManagementForInsuranceCompanies" use="optional" order="20.0" preferredLabel="http://www.xbrl.org/2003/role/terseLabel"/>
    <link:loc xlink:type="locator" xlink:href="../../c-ross_irr_core_2015-12-31.xsd#c-ross_irr_OperationalRiskInFinancialManagementForInsuranceCompanyNumberOfErrorsInAccountingEstimate" xlink:label="NumberOfErrorsInAccountingEstimateOperationalRiskInFinancialManagementForInsuranceCompanies" xlink:title="NumberOfErrorsInAccountingEstimateOperationalRiskInFinancialManagementForInsuranceCompanies"/>
    <link:presentationArc xlink:type="arc" xlink:arcrole="http://www.xbrl.org/2003/arcrole/parent-child" xlink:from="NumberOfErrorsInAccountingEstimateScoreOperationalRiskInFinancialManagementForInsuranceCompanies" xlink:to="NumberOfErrorsInAccountingEstimateOperationalRiskInFinancialManagementForInsuranceCompanies" xlink:title="presentation: NumberOfErrorsInAccountingEstimateScoreOperationalRiskInFinancialManagementForInsuranceCompanies to NumberOfErrorsInAccountingEstimateOperationalRiskInFinancialManagementForInsuranceCompanies" use="optional" order="10.0" preferredLabel="http://www.xbrl.org/2003/role/terseLabel"/>
    <link:loc xlink:type="locator" xlink:href="../../c-ross_irr_core_2015-12-31.xsd#c-ross_irr_OperationalRiskInFinancialManagementForInsuranceCompanyVerificationOfDataInEntrustedInvestmentAssetsScore" xlink:label="VerificationOfDataInEntrustedInvestmentAssetsScoreOperationalRiskInFinancialManagementForInsuranceCompanies" xlink:title="VerificationOfDataInEntrustedInvestmentAssetsScoreOperationalRiskInFinancialManagementForInsuranceCompanies"/>
    <link:presentationArc xlink:type="arc" xlink:arcrole="http://www.xbrl.org/2003/arcrole/parent-child" xlink:from="AccountingScoreOperationalRiskInFinancialManagementForInsuranceCompanies" xlink:to="VerificationOfDataInEntrustedInvestmentAssetsScoreOperationalRiskInFinancialManagementForInsuranceCompanies" xlink:title="presentation: AccountingScoreOperationalRiskInFinancialManagementForInsuranceCompanies to VerificationOfDataInEntrustedInvestmentAssetsScoreOperationalRiskInFinancialManagementForInsuranceCompanies" use="optional" order="30.0" preferredLabel="http://www.xbrl.org/2003/role/terseLabel"/>
    <link:loc xlink:type="locator" xlink:href="../../c-ross_irr_core_2015-12-31.xsd#c-ross_irr_OperationalRiskInFinancialManagementForInsuranceCompanyVerificationOfDataInEntrustedInvestmentAssets" xlink:label="VerificationOfDataInEntrustedInvestmentAssetsOperationalRiskInFinancialManagementForInsuranceCompanies" xlink:title="VerificationOfDataInEntrustedInvestmentAssetsOperationalRiskInFinancialManagementForInsuranceCompanies"/>
    <link:presentationArc xlink:type="arc" xlink:arcrole="http://www.xbrl.org/2003/arcrole/parent-child" xlink:from="VerificationOfDataInEntrustedInvestmentAssetsScoreOperationalRiskInFinancialManagementForInsuranceCompanies" xlink:to="VerificationOfDataInEntrustedInvestmentAssetsOperationalRiskInFinancialManagementForInsuranceCompanies" xlink:title="presentation: VerificationOfDataInEntrustedInvestmentAssetsScoreOperationalRiskInFinancialManagementForInsuranceCompanies to VerificationOfDataInEntrustedInvestmentAssetsOperationalRiskInFinancialManagementForInsuranceCompanies" use="optional" order="10.0" preferredLabel="http://www.xbrl.org/2003/role/terseLabel"/>
    <link:loc xlink:type="locator" xlink:href="../../c-ross_irr_core_2015-12-31.xsd#c-ross_irr_OperationalRiskInFinancialManagementForInsuranceCompanySolvencyReportScore" xlink:label="SolvencyReportScoreOperationalRiskInFinancialManagementForInsuranceCompanies" xlink:title="SolvencyReportScoreOperationalRiskInFinancialManagementForInsuranceCompanies"/>
    <link:presentationArc xlink:type="arc" xlink:arcrole="http://www.xbrl.org/2003/arcrole/parent-child" xlink:from="InternalOperatingProceduresScoreOperationalRiskInFinancialManagementForInsuranceCompanies" xlink:to="SolvencyReportScoreOperationalRiskInFinancialManagementForInsuranceCompanies" xlink:title="presentation: InternalOperatingProceduresScoreOperationalRiskInFinancialManagementForInsuranceCompanies to SolvencyReportScoreOperationalRiskInFinancialManagementForInsuranceCompanies" use="optional" order="30.0" preferredLabel="http://www.xbrl.org/2003/role/terseLabel"/>
    <link:loc xlink:type="locator" xlink:href="../../c-ross_irr_core_2015-12-31.xsd#c-ross_irr_OperationalRiskInFinancialManagementForInsuranceCompanyNumberOfErrorsOmissionsAndFailuresToSubmitOnTimeInSolvencyReportInRecentFourQuarters" xlink:label="NumberOfErrorsOmissionsAndFailuresToSubmittedOnTimeOperationalRiskInFinancialManagementForInsuranceCompanies" xlink:title="NumberOfErrorsOmissionsAndFailuresToSubmittedOnTimeOperationalRiskInFinancialManagementForInsuranceCompanies"/>
    <link:presentationArc xlink:type="arc" xlink:arcrole="http://www.xbrl.org/2003/arcrole/parent-child" xlink:from="SolvencyReportScoreOperationalRiskInFinancialManagementForInsuranceCompanies" xlink:to="NumberOfErrorsOmissionsAndFailuresToSubmittedOnTimeOperationalRiskInFinancialManagementForInsuranceCompanies" xlink:title="presentation: SolvencyReportScoreOperationalRiskInFinancialManagementForInsuranceCompanies to NumberOfErrorsOmissionsAndFailuresToSubmittedOnTimeOperationalRiskInFinancialManagementForInsuranceCompanies" use="optional" order="10.0" preferredLabel="http://www.xbrl.org/2003/role/terseLabel"/>
    <link:loc xlink:type="locator" xlink:href="../../c-ross_irr_core_2015-12-31.xsd#c-ross_irr_OperationalRiskInFinancialManagementForInsuranceCompanyNumberOfSignificantErrorsAndOmissionsInSolvencyReportInRecentFourQuarters" xlink:label="NumberOfSignificantErrorsAndOmissionsOperationalRiskInFinancialManagementForInsuranceCompanies" xlink:title="NumberOfSignificantErrorsAndOmissionsOperationalRiskInFinancialManagementForInsuranceCompanies"/>
    <link:presentationArc xlink:type="arc" xlink:arcrole="http://www.xbrl.org/2003/arcrole/parent-child" xlink:from="SolvencyReportScoreOperationalRiskInFinancialManagementForInsuranceCompanies" xlink:to="NumberOfSignificantErrorsAndOmissionsOperationalRiskInFinancialManagementForInsuranceCompanies" xlink:title="presentation: SolvencyReportScoreOperationalRiskInFinancialManagementForInsuranceCompanies to NumberOfSignificantErrorsAndOmissionsOperationalRiskInFinancialManagementForInsuranceCompanies" use="optional" order="20.0" preferredLabel="http://www.xbrl.org/2003/role/terseLabel"/>
    <link:loc xlink:type="locator" xlink:href="../../c-ross_irr_core_2015-12-31.xsd#c-ross_irr_OperationalRiskInFinancialManagementForInsuranceCompanyValuationCriterionOfSolvencyReport" xlink:label="ValuationCriterionOperationalRiskInFinancialManagementForInsuranceCompanies" xlink:title="ValuationCriterionOperationalRiskInFinancialManagementForInsuranceCompanies"/>
    <link:presentationArc xlink:type="arc" xlink:arcrole="http://www.xbrl.org/2003/arcrole/parent-child" xlink:from="SolvencyReportScoreOperationalRiskInFinancialManagementForInsuranceCompanies" xlink:to="ValuationCriterionOperationalRiskInFinancialManagementForInsuranceCompanies" xlink:title="presentation: SolvencyReportScoreOperationalRiskInFinancialManagementForInsuranceCompanies to ValuationCriterionOperationalRiskInFinancialManagementForInsuranceCompanies" use="optional" order="30.0" preferredLabel="http://www.xbrl.org/2003/role/terseLabel"/>
    <link:loc xlink:type="locator" xlink:href="../../c-ross_irr_core_2015-12-31.xsd#c-ross_irr_OperationalRiskInFinancialManagementForInsuranceCompanyFinancialReportScore" xlink:label="FinancialReportScoreOperationalRiskInFinancialManagementForInsuranceCompanies" xlink:title="FinancialReportScoreOperationalRiskInFinancialManagementForInsuranceCompanies"/>
    <link:presentationArc xlink:type="arc" xlink:arcrole="http://www.xbrl.org/2003/arcrole/parent-child" xlink:from="InternalOperatingProceduresScoreOperationalRiskInFinancialManagementForInsuranceCompanies" xlink:to="FinancialReportScoreOperationalRiskInFinancialManagementForInsuranceCompanies" xlink:title="presentation: InternalOperatingProceduresScoreOperationalRiskInFinancialManagementForInsuranceCompanies to FinancialReportScoreOperationalRiskInFinancialManagementForInsuranceCompanies" use="optional" order="40.0" preferredLabel="http://www.xbrl.org/2003/role/terseLabel"/>
    <link:loc xlink:type="locator" xlink:href="../../c-ross_irr_core_2015-12-31.xsd#c-ross_irr_OperationalRiskInFinancialManagementForInsuranceCompanyNumberOfErrorsOmissionsAndFailuresToSubmitOnTimeInFinancialReportInRecentFourQuarters" xlink:label="NumberOfErrorsOmissionsAndFailuresToSubmitOnTimeInFinancialReportOperationalRiskInFinancialManagementForInsuranceCompanies" xlink:title="NumberOfErrorsOmissionsAndFailuresToSubmitOnTimeInFinancialReportOperationalRiskInFinancialManagementForInsuranceCompanies"/>
    <link:presentationArc xlink:type="arc" xlink:arcrole="http://www.xbrl.org/2003/arcrole/parent-child" xlink:from="FinancialReportScoreOperationalRiskInFinancialManagementForInsuranceCompanies" xlink:to="NumberOfErrorsOmissionsAndFailuresToSubmitOnTimeInFinancialReportOperationalRiskInFinancialManagementForInsuranceCompanies" xlink:title="presentation: FinancialReportScoreOperationalRiskInFinancialManagementForInsuranceCompanies to NumberOfErrorsOmissionsAndFailuresToSubmitOnTimeInFinancialReportOperationalRiskInFinancialManagementForInsuranceCompanies" order="10.0" preferredLabel="http://www.xbrl.org/2003/role/terseLabel"/>
    <link:loc xlink:type="locator" xlink:href="../../c-ross_irr_core_2015-12-31.xsd#c-ross_irr_OperationalRiskInFinancialManagementForInsuranceCompanyNumberOfSignificantErrorsAndOmissionsInFinancialReportInRecentFourQuarters" xlink:label="NumberOfSignificantErrorsAndOmissionsInFinancialReportOperationalRiskInFinancialManagementForInsuranceCompanies" xlink:title="NumberOfSignificantErrorsAndOmissionsInFinancialReportOperationalRiskInFinancialManagementForInsuranceCompanies"/>
    <link:presentationArc xlink:type="arc" xlink:arcrole="http://www.xbrl.org/2003/arcrole/parent-child" xlink:from="FinancialReportScoreOperationalRiskInFinancialManagementForInsuranceCompanies" xlink:to="NumberOfSignificantErrorsAndOmissionsInFinancialReportOperationalRiskInFinancialManagementForInsuranceCompanies" xlink:title="presentation: FinancialReportScoreOperationalRiskInFinancialManagementForInsuranceCompanies to NumberOfSignificantErrorsAndOmissionsInFinancialReportOperationalRiskInFinancialManagementForInsuranceCompanies" order="20.0" preferredLabel="http://www.xbrl.org/2003/role/terseLabel"/>
    <link:loc xlink:type="locator" xlink:href="../../c-ross_irr_core_2015-12-31.xsd#c-ross_irr_OperationalRiskInFinancialManagementForInsuranceCompanyValuationCriterionOfFinancialReport" xlink:label="ValuationCriterionOfFinancialReportOperationalRiskInFinancialManagementForInsuranceCompanies" xlink:title="ValuationCriterionOfFinancialReportOperationalRiskInFinancialManagementForInsuranceCompanies"/>
    <link:presentationArc xlink:type="arc" xlink:arcrole="http://www.xbrl.org/2003/arcrole/parent-child" xlink:from="FinancialReportScoreOperationalRiskInFinancialManagementForInsuranceCompanies" xlink:to="ValuationCriterionOfFinancialReportOperationalRiskInFinancialManagementForInsuranceCompanies" xlink:title="presentation: FinancialReportScoreOperationalRiskInFinancialManagementForInsuranceCompanies to ValuationCriterionOfFinancialReportOperationalRiskInFinancialManagementForInsuranceCompanies" order="30.0" preferredLabel="http://www.xbrl.org/2003/role/terseLabel"/>
    <link:loc xlink:type="locator" xlink:href="../../c-ross_irr_core_2015-12-31.xsd#c-ross_irr_OperationalRiskInFinancialManagementForInsuranceCompanyCapitalManagementScore" xlink:label="CapitalManagementScoreOperationalRiskInFinancialManagementForInsuranceCompanies" xlink:title="CapitalManagementScoreOperationalRiskInFinancialManagementForInsuranceCompanies"/>
    <link:presentationArc xlink:type="arc" xlink:arcrole="http://www.xbrl.org/2003/arcrole/parent-child" xlink:from="InternalOperatingProceduresScoreOperationalRiskInFinancialManagementForInsuranceCompanies" xlink:to="CapitalManagementScoreOperationalRiskInFinancialManagementForInsuranceCompanies" xlink:title="presentation: InternalOperatingProceduresScoreOperationalRiskInFinancialManagementForInsuranceCompanies to CapitalManagementScoreOperationalRiskInFinancialManagementForInsuranceCompanies" use="optional" order="50.0" preferredLabel="http://www.xbrl.org/2003/role/terseLabel"/>
    <link:loc xlink:type="locator" xlink:href="../../c-ross_irr_core_2015-12-31.xsd#c-ross_irr_OperationalRiskInFinancialManagementForInsuranceCompanySeparationOfCashCollectionAndPaymentScore" xlink:label="SeparationOfCashCollectionAndPaymentScoreOperationalRiskInFinancialManagementForInsuranceCompanies" xlink:title="SeparationOfCashCollectionAndPaymentScoreOperationalRiskInFinancialManagementForInsuranceCompanies"/>
    <link:presentationArc xlink:type="arc" xlink:arcrole="http://www.xbrl.org/2003/arcrole/parent-child" xlink:from="CapitalManagementScoreOperationalRiskInFinancialManagementForInsuranceCompanies" xlink:to="SeparationOfCashCollectionAndPaymentScoreOperationalRiskInFinancialManagementForInsuranceCompanies" xlink:title="presentation: CapitalManagementScoreOperationalRiskInFinancialManagementForInsuranceCompanies to SeparationOfCashCollectionAndPaymentScoreOperationalRiskInFinancialManagementForInsuranceCompanies" use="optional" order="10.0" preferredLabel="http://www.xbrl.org/2003/role/terseLabel"/>
    <link:loc xlink:type="locator" xlink:href="../../c-ross_irr_core_2015-12-31.xsd#c-ross_irr_OperationalRiskInFinancialManagementForInsuranceCompanySeparationOfCashCollectionAndPayment" xlink:label="SeparationOfCashCollectionAndPaymentOperationalRiskInFinancialManagementForInsuranceCompanies" xlink:title="SeparationOfCashCollectionAndPaymentOperationalRiskInFinancialManagementForInsuranceCompanies"/>
    <link:presentationArc xlink:type="arc" xlink:arcrole="http://www.xbrl.org/2003/arcrole/parent-child" xlink:from="SeparationOfCashCollectionAndPaymentScoreOperationalRiskInFinancialManagementForInsuranceCompanies" xlink:to="SeparationOfCashCollectionAndPaymentOperationalRiskInFinancialManagementForInsuranceCompanies" xlink:title="presentation: SeparationOfCashCollectionAndPaymentScoreOperationalRiskInFinancialManagementForInsuranceCompanies to SeparationOfCashCollectionAndPaymentOperationalRiskInFinancialManagementForInsuranceCompanies" use="optional" order="10.0" preferredLabel="http://www.xbrl.org/2003/role/terseLabel"/>
    <link:loc xlink:type="locator" xlink:href="../../c-ross_irr_core_2015-12-31.xsd#c-ross_irr_OperationalRiskInFinancialManagementForInsuranceCompanyConcentrationManagementOfBankAccountScore" xlink:label="ConcentrationManagementOfBankAccountScoreOperationalRiskInFinancialManagementForInsuranceCompanies" xlink:title="ConcentrationManagementOfBankAccountScoreOperationalRiskInFinancialManagementForInsuranceCompanies"/>
    <link:presentationArc xlink:type="arc" xlink:arcrole="http://www.xbrl.org/2003/arcrole/parent-child" xlink:from="CapitalManagementScoreOperationalRiskInFinancialManagementForInsuranceCompanies" xlink:to="ConcentrationManagementOfBankAccountScoreOperationalRiskInFinancialManagementForInsuranceCompanies" xlink:title="presentation: CapitalManagementScoreOperationalRiskInFinancialManagementForInsuranceCompanies to ConcentrationManagementOfBankAccountScoreOperationalRiskInFinancialManagementForInsuranceCompanies" use="optional" order="20.0" preferredLabel="http://www.xbrl.org/2003/role/terseLabel"/>
    <link:loc xlink:type="locator" xlink:href="../../c-ross_irr_core_2015-12-31.xsd#c-ross_irr_OperationalRiskInFinancialManagementForInsuranceCompanyConcentrationManagementOfBankAccount" xlink:label="ConcentrationManagementOfBankAccountOperationalRiskInFinancialManagementForInsuranceCompanies" xlink:title="ConcentrationManagementOfBankAccountOperationalRiskInFinancialManagementForInsuranceCompanies"/>
    <link:presentationArc xlink:type="arc" xlink:arcrole="http://www.xbrl.org/2003/arcrole/parent-child" xlink:from="ConcentrationManagementOfBankAccountScoreOperationalRiskInFinancialManagementForInsuranceCompanies" xlink:to="ConcentrationManagementOfBankAccountOperationalRiskInFinancialManagementForInsuranceCompanies" xlink:title="presentation: ConcentrationManagementOfBankAccountScoreOperationalRiskInFinancialManagementForInsuranceCompanies to ConcentrationManagementOfBankAccountOperationalRiskInFinancialManagementForInsuranceCompanies" use="optional" order="10.0" preferredLabel="http://www.xbrl.org/2003/role/terseLabel"/>
    <link:loc xlink:type="locator" xlink:href="../../c-ross_irr_core_2015-12-31.xsd#c-ross_irr_OperationalRiskInFinancialManagementForInsuranceCompanyOperationalRiskEventInCapitalManagementScore" xlink:label="OperationalRiskEventInCapitalManagementScoreOperationalRiskInFinancialManagementForInsuranceCompanies" xlink:title="OperationalRiskEventInCapitalManagementScoreOperationalRiskInFinancialManagementForInsuranceCompanies"/>
    <link:presentationArc xlink:type="arc" xlink:arcrole="http://www.xbrl.org/2003/arcrole/parent-child" xlink:from="CapitalManagementScoreOperationalRiskInFinancialManagementForInsuranceCompanies" xlink:to="OperationalRiskEventInCapitalManagementScoreOperationalRiskInFinancialManagementForInsuranceCompanies" xlink:title="presentation: CapitalManagementScoreOperationalRiskInFinancialManagementForInsuranceCompanies to OperationalRiskEventInCapitalManagementScoreOperationalRiskInFinancialManagementForInsuranceCompanies" use="optional" order="30.0" preferredLabel="http://www.xbrl.org/2003/role/terseLabel"/>
    <link:loc xlink:type="locator" xlink:href="../../c-ross_irr_core_2015-12-31.xsd#c-ross_irr_OperationalRiskInFinancialManagementForInsuranceCompanyNumberOfOperationalRiskEventInCapitalManagementInRecentFourQuarters" xlink:label="NumberOfOperationalRiskEventInCapitalManagementOperationalRiskInFinancialManagementForInsuranceCompanies" xlink:title="NumberOfOperationalRiskEventInCapitalManagementOperationalRiskInFinancialManagementForInsuranceCompanies"/>
    <link:presentationArc xlink:type="arc" xlink:arcrole="http://www.xbrl.org/2003/arcrole/parent-child" xlink:from="OperationalRiskEventInCapitalManagementScoreOperationalRiskInFinancialManagementForInsuranceCompanies" xlink:to="NumberOfOperationalRiskEventInCapitalManagementOperationalRiskInFinancialManagementForInsuranceCompanies" xlink:title="presentation: OperationalRiskEventInCapitalManagementScoreOperationalRiskInFinancialManagementForInsuranceCompanies to NumberOfOperationalRiskEventInCapitalManagementOperationalRiskInFinancialManagementForInsuranceCompanies" use="optional" order="10.0" preferredLabel="http://www.xbrl.org/2003/role/terseLabel"/>
    <link:loc xlink:type="locator" xlink:href="../../c-ross_irr_core_2015-12-31.xsd#c-ross_irr_OperationalRiskInFinancialManagementForInsuranceCompanyValuableBillOfDocumentsManagementScore" xlink:label="ValuableBillOfDocumentsManagementScoreOperationalRiskInFinancialManagementForInsuranceCompanies" xlink:title="ValuableBillOfDocumentsManagementScoreOperationalRiskInFinancialManagementForInsuranceCompanies"/>
    <link:presentationArc xlink:type="arc" xlink:arcrole="http://www.xbrl.org/2003/arcrole/parent-child" xlink:from="InternalOperatingProceduresScoreOperationalRiskInFinancialManagementForInsuranceCompanies" xlink:to="ValuableBillOfDocumentsManagementScoreOperationalRiskInFinancialManagementForInsuranceCompanies" xlink:title="presentation: InternalOperatingProceduresScoreOperationalRiskInFinancialManagementForInsuranceCompanies to ValuableBillOfDocumentsManagementScoreOperationalRiskInFinancialManagementForInsuranceCompanies" use="optional" order="60.0" preferredLabel="http://www.xbrl.org/2003/role/terseLabel"/>
    <link:loc xlink:type="locator" xlink:href="../../c-ross_irr_core_2015-12-31.xsd#c-ross_irr_OperationalRiskInFinancialManagementForInsuranceCompanyBillOfDocumentsManagementScore" xlink:label="BillOfDocumentsManagementScoreOperationalRiskInFinancialManagementForInsuranceCompanies" xlink:title="BillOfDocumentsManagementScoreOperationalRiskInFinancialManagementForInsuranceCompanies"/>
    <link:presentationArc xlink:type="arc" xlink:arcrole="http://www.xbrl.org/2003/arcrole/parent-child" xlink:from="ValuableBillOfDocumentsManagementScoreOperationalRiskInFinancialManagementForInsuranceCompanies" xlink:to="BillOfDocumentsManagementScoreOperationalRiskInFinancialManagementForInsuranceCompanies" xlink:title="presentation: ValuableBillOfDocumentsManagementScoreOperationalRiskInFinancialManagementForInsuranceCompanies to BillOfDocumentsManagementScoreOperationalRiskInFinancialManagementForInsuranceCompanies" use="optional" order="10.0" preferredLabel="http://www.xbrl.org/2003/role/terseLabel"/>
    <link:loc xlink:type="locator" xlink:href="../../c-ross_irr_core_2015-12-31.xsd#c-ross_irr_OperationalRiskInFinancialManagementForInsuranceCompanyBillOfDocumentsManagement" xlink:label="BillOfDocumentsManagementOperationalRiskInFinancialManagementForInsuranceCompanies" xlink:title="BillOfDocumentsManagementOperationalRiskInFinancialManagementForInsuranceCompanies"/>
    <link:presentationArc xlink:type="arc" xlink:arcrole="http://www.xbrl.org/2003/arcrole/parent-child" xlink:from="BillOfDocumentsManagementScoreOperationalRiskInFinancialManagementForInsuranceCompanies" xlink:to="BillOfDocumentsManagementOperationalRiskInFinancialManagementForInsuranceCompanies" xlink:title="presentation: BillOfDocumentsManagementScoreOperationalRiskInFinancialManagementForInsuranceCompanies to BillOfDocumentsManagementOperationalRiskInFinancialManagementForInsuranceCompanies" use="optional" order="10.0" preferredLabel="http://www.xbrl.org/2003/role/terseLabel"/>
    <link:loc xlink:type="locator" xlink:href="../../c-ross_irr_core_2015-12-31.xsd#c-ross_irr_OperationalRiskInFinancialManagementForInsuranceCompanyMissingRateOfBlankBillOfDocumentsScore" xlink:label="MissingRateOfBlankBillOfDocumentsScoreOperationalRiskInFinancialManagementForInsuranceCompanies" xlink:title="MissingRateOfBlankBillOfDocumentsScoreOperationalRiskInFinancialManagementForInsuranceCompanies"/>
    <link:presentationArc xlink:type="arc" xlink:arcrole="http://www.xbrl.org/2003/arcrole/parent-child" xlink:from="ValuableBillOfDocumentsManagementScoreOperationalRiskInFinancialManagementForInsuranceCompanies" xlink:to="MissingRateOfBlankBillOfDocumentsScoreOperationalRiskInFinancialManagementForInsuranceCompanies" xlink:title="presentation: ValuableBillOfDocumentsManagementScoreOperationalRiskInFinancialManagementForInsuranceCompanies to MissingRateOfBlankBillOfDocumentsScoreOperationalRiskInFinancialManagementForInsuranceCompanies" use="optional" order="20.0" preferredLabel="http://www.xbrl.org/2003/role/terseLabel"/>
    <link:loc xlink:type="locator" xlink:href="../../c-ross_irr_core_2015-12-31.xsd#c-ross_irr_OperationalRiskInFinancialManagementForInsuranceCompanyMissingRateOfBlankBillOfDocuments" xlink:label="MissingRateOfBlankBillOfDocumentsOperationalRiskInFinancialManagementForInsuranceCompanies" xlink:title="MissingRateOfBlankBillOfDocumentsOperationalRiskInFinancialManagementForInsuranceCompanies"/>
    <link:presentationArc xlink:type="arc" xlink:arcrole="http://www.xbrl.org/2003/arcrole/parent-child" xlink:from="MissingRateOfBlankBillOfDocumentsScoreOperationalRiskInFinancialManagementForInsuranceCompanies" xlink:to="MissingRateOfBlankBillOfDocumentsOperationalRiskInFinancialManagementForInsuranceCompanies" xlink:title="presentation: MissingRateOfBlankBillOfDocumentsScoreOperationalRiskInFinancialManagementForInsuranceCompanies to MissingRateOfBlankBillOfDocumentsOperationalRiskInFinancialManagementForInsuranceCompanies" use="optional" order="10.0" preferredLabel="http://www.xbrl.org/2003/role/terseLabel"/>
    <link:loc xlink:type="locator" xlink:href="../../c-ross_irr_core_2015-12-31.xsd#c-ross_irr_OperationalRiskInFinancialManagementForInsuranceCompanyNumberOfIssuedBlankBillOfDocumentsMissingInRecentFourQuarters" xlink:label="NumberOfIssuedBlankBillOfDocumentsMissingInRecentFourQuartersOperationalRiskInFinancialManagementForInsuranceCompanies" xlink:title="NumberOfIssuedBlankBillOfDocumentsMissingInRecentFourQuartersOperationalRiskInFinancialManagementForInsuranceCompanies"/>
    <link:presentationArc xlink:type="arc" xlink:arcrole="http://www.xbrl.org/2003/arcrole/parent-child" xlink:from="MissingRateOfBlankBillOfDocumentsOperationalRiskInFinancialManagementForInsuranceCompanies" xlink:to="NumberOfIssuedBlankBillOfDocumentsMissingInRecentFourQuartersOperationalRiskInFinancialManagementForInsuranceCompanies" xlink:title="presentation: MissingRateOfBlankBillOfDocumentsOperationalRiskInFinancialManagementForInsuranceCompanies to NumberOfIssuedBlankBillOfDocumentsMissingInRecentFourQuartersOperationalRiskInFinancialManagementForInsuranceCompanies" use="optional" order="10.0" preferredLabel="http://www.xbrl.org/2003/role/terseLabel"/>
    <link:loc xlink:type="locator" xlink:href="../../c-ross_irr_core_2015-12-31.xsd#c-ross_irr_OperationalRiskInFinancialManagementForInsuranceCompanyNumberOfBlankBillOfDocumentsIssuedInRecentFourQuarters" xlink:label="NumberOfBlankBillOfDocumentsIssuedInRecentFourQuartersOperationalRiskInFinancialManagementForInsuranceCompanies" xlink:title="NumberOfBlankBillOfDocumentsIssuedInRecentFourQuartersOperationalRiskInFinancialManagementForInsuranceCompanies"/>
    <link:presentationArc xlink:type="arc" xlink:arcrole="http://www.xbrl.org/2003/arcrole/parent-child" xlink:from="MissingRateOfBlankBillOfDocumentsOperationalRiskInFinancialManagementForInsuranceCompanies" xlink:to="NumberOfBlankBillOfDocumentsIssuedInRecentFourQuartersOperationalRiskInFinancialManagementForInsuranceCompanies" xlink:title="presentation: MissingRateOfBlankBillOfDocumentsOperationalRiskInFinancialManagementForInsuranceCompanies to NumberOfBlankBillOfDocumentsIssuedInRecentFourQuartersOperationalRiskInFinancialManagementForInsuranceCompanies" use="optional" order="20.0" preferredLabel="http://www.xbrl.org/2003/role/terseLabel"/>
    <link:loc xlink:type="locator" xlink:href="../../c-ross_irr_core_2015-12-31.xsd#c-ross_irr_OperationalRiskInFinancialManagementForInsuranceCompanyFinancialSealManagementScore" xlink:label="FinancialSealManagementScoreOperationalRiskInFinancialManagementForInsuranceCompanies" xlink:title="FinancialSealManagementScoreOperationalRiskInFinancialManagementForInsuranceCompanies"/>
    <link:presentationArc xlink:type="arc" xlink:arcrole="http://www.xbrl.org/2003/arcrole/parent-child" xlink:from="InternalOperatingProceduresScoreOperationalRiskInFinancialManagementForInsuranceCompanies" xlink:to="FinancialSealManagementScoreOperationalRiskInFinancialManagementForInsuranceCompanies" xlink:title="presentation: InternalOperatingProceduresScoreOperationalRiskInFinancialManagementForInsuranceCompanies to FinancialSealManagementScoreOperationalRiskInFinancialManagementForInsuranceCompanies" use="optional" order="70.0" preferredLabel="http://www.xbrl.org/2003/role/terseLabel"/>
    <link:loc xlink:type="locator" xlink:href="../../c-ross_irr_core_2015-12-31.xsd#c-ross_irr_OperationalRiskInFinancialManagementForInsuranceCompanySealManagementScore" xlink:label="SealManagementScoreOperationalRiskInFinancialManagementForInsuranceCompanies" xlink:title="SealManagementScoreOperationalRiskInFinancialManagementForInsuranceCompanies"/>
    <link:presentationArc xlink:type="arc" xlink:arcrole="http://www.xbrl.org/2003/arcrole/parent-child" xlink:from="FinancialSealManagementScoreOperationalRiskInFinancialManagementForInsuranceCompanies" xlink:to="SealManagementScoreOperationalRiskInFinancialManagementForInsuranceCompanies" xlink:title="presentation: FinancialSealManagementScoreOperationalRiskInFinancialManagementForInsuranceCompanies to SealManagementScoreOperationalRiskInFinancialManagementForInsuranceCompanies" use="optional" order="10.0" preferredLabel="http://www.xbrl.org/2003/role/terseLabel"/>
    <link:loc xlink:type="locator" xlink:href="../../c-ross_irr_core_2015-12-31.xsd#c-ross_irr_OperationalRiskInFinancialManagementForInsuranceCompanySealManagement" xlink:label="SealManagementOperationalRiskInFinancialManagementForInsuranceCompanies" xlink:title="SealManagementOperationalRiskInFinancialManagementForInsuranceCompanies"/>
    <link:presentationArc xlink:type="arc" xlink:arcrole="http://www.xbrl.org/2003/arcrole/parent-child" xlink:from="SealManagementScoreOperationalRiskInFinancialManagementForInsuranceCompanies" xlink:to="SealManagementOperationalRiskInFinancialManagementForInsuranceCompanies" xlink:title="presentation: SealManagementScoreOperationalRiskInFinancialManagementForInsuranceCompanies to SealManagementOperationalRiskInFinancialManagementForInsuranceCompanies" use="optional" order="10.0" preferredLabel="http://www.xbrl.org/2003/role/terseLabel"/>
    <link:loc xlink:type="locator" xlink:href="../../c-ross_irr_core_2015-12-31.xsd#c-ross_irr_OperationalRiskInFinancialManagementForInsuranceCompanyOperationalRiskEventInSealManagementScore" xlink:label="OperationalRiskEventInSealManagementScoreOperationalRiskInFinancialManagementForInsuranceCompanies" xlink:title="OperationalRiskEventInSealManagementScoreOperationalRiskInFinancialManagementForInsuranceCompanies"/>
    <link:presentationArc xlink:type="arc" xlink:arcrole="http://www.xbrl.org/2003/arcrole/parent-child" xlink:from="FinancialSealManagementScoreOperationalRiskInFinancialManagementForInsuranceCompanies" xlink:to="OperationalRiskEventInSealManagementScoreOperationalRiskInFinancialManagementForInsuranceCompanies" xlink:title="presentation: FinancialSealManagementScoreOperationalRiskInFinancialManagementForInsuranceCompanies to OperationalRiskEventInSealManagementScoreOperationalRiskInFinancialManagementForInsuranceCompanies" use="optional" order="20.0" preferredLabel="http://www.xbrl.org/2003/role/terseLabel"/>
    <link:loc xlink:type="locator" xlink:href="../../c-ross_irr_core_2015-12-31.xsd#c-ross_irr_OperationalRiskInFinancialManagementForInsuranceCompanyNumberOfOperationalRiskEventInSealManagementInRecentFourQuarters" xlink:label="NumberOfOperationalRiskEventInSealManagementOperationalRiskInFinancialManagementForInsuranceCompanies" xlink:title="NumberOfOperationalRiskEventInSealManagementOperationalRiskInFinancialManagementForInsuranceCompanies"/>
    <link:presentationArc xlink:type="arc" xlink:arcrole="http://www.xbrl.org/2003/arcrole/parent-child" xlink:from="OperationalRiskEventInSealManagementScoreOperationalRiskInFinancialManagementForInsuranceCompanies" xlink:to="NumberOfOperationalRiskEventInSealManagementOperationalRiskInFinancialManagementForInsuranceCompanies" xlink:title="presentation: OperationalRiskEventInSealManagementScoreOperationalRiskInFinancialManagementForInsuranceCompanies to NumberOfOperationalRiskEventInSealManagementOperationalRiskInFinancialManagementForInsuranceCompanies" use="optional" order="10.0" preferredLabel="http://www.xbrl.org/2003/role/terseLabel"/>
    <link:loc xlink:type="locator" xlink:href="../../c-ross_irr_core_2015-12-31.xsd#c-ross_irr_OperationalRiskInFinancialManagementForInsuranceCompanyTaxAdministrationScore" xlink:label="TaxAdministrationScoreOperationalRiskInFinancialManagementForInsuranceCompanies" xlink:title="TaxAdministrationScoreOperationalRiskInFinancialManagementForInsuranceCompanies"/>
    <link:presentationArc xlink:type="arc" xlink:arcrole="http://www.xbrl.org/2003/arcrole/parent-child" xlink:from="InternalOperatingProceduresScoreOperationalRiskInFinancialManagementForInsuranceCompanies" xlink:to="TaxAdministrationScoreOperationalRiskInFinancialManagementForInsuranceCompanies" xlink:title="presentation: InternalOperatingProceduresScoreOperationalRiskInFinancialManagementForInsuranceCompanies to TaxAdministrationScoreOperationalRiskInFinancialManagementForInsuranceCompanies" use="optional" order="80.0" preferredLabel="http://www.xbrl.org/2003/role/terseLabel"/>
    <link:loc xlink:type="locator" xlink:href="../../c-ross_irr_core_2015-12-31.xsd#c-ross_irr_OperationalRiskInFinancialManagementForInsuranceCompanyAccountabilityForTaxAdministrationScore" xlink:label="AccountabilityForTaxAdministrationScoreOperationalRiskInFinancialManagementForInsuranceCompanies" xlink:title="AccountabilityForTaxAdministrationScoreOperationalRiskInFinancialManagementForInsuranceCompanies"/>
    <link:presentationArc xlink:type="arc" xlink:arcrole="http://www.xbrl.org/2003/arcrole/parent-child" xlink:from="TaxAdministrationScoreOperationalRiskInFinancialManagementForInsuranceCompanies" xlink:to="AccountabilityForTaxAdministrationScoreOperationalRiskInFinancialManagementForInsuranceCompanies" xlink:title="presentation: TaxAdministrationScoreOperationalRiskInFinancialManagementForInsuranceCompanies to AccountabilityForTaxAdministrationScoreOperationalRiskInFinancialManagementForInsuranceCompanies" use="optional" order="10.0" preferredLabel="http://www.xbrl.org/2003/role/terseLabel"/>
    <link:loc xlink:type="locator" xlink:href="../../c-ross_irr_core_2015-12-31.xsd#c-ross_irr_OperationalRiskInFinancialManagementForInsuranceCompanyAccountabilityForTaxAdministration" xlink:label="AccountabilityForTaxAdministrationOperationalRiskInFinancialManagementForInsuranceCompanies" xlink:title="AccountabilityForTaxAdministrationOperationalRiskInFinancialManagementForInsuranceCompanies"/>
    <link:presentationArc xlink:type="arc" xlink:arcrole="http://www.xbrl.org/2003/arcrole/parent-child" xlink:from="AccountabilityForTaxAdministrationScoreOperationalRiskInFinancialManagementForInsuranceCompanies" xlink:to="AccountabilityForTaxAdministrationOperationalRiskInFinancialManagementForInsuranceCompanies" xlink:title="presentation: AccountabilityForTaxAdministrationScoreOperationalRiskInFinancialManagementForInsuranceCompanies to AccountabilityForTaxAdministrationOperationalRiskInFinancialManagementForInsuranceCompanies" use="optional" order="10.0" preferredLabel="http://www.xbrl.org/2003/role/terseLabel"/>
    <link:loc xlink:type="locator" xlink:href="../../c-ross_irr_core_2015-12-31.xsd#c-ross_irr_OperationalRiskInFinancialManagementForInsuranceCompanyOperationalRiskEventInTaxAdministrationScore" xlink:label="OperationalRiskEventInTaxAdministrationScoreOperationalRiskInFinancialManagementForInsuranceCompanies" xlink:title="OperationalRiskEventInTaxAdministrationScoreOperationalRiskInFinancialManagementForInsuranceCompanies"/>
    <link:presentationArc xlink:type="arc" xlink:arcrole="http://www.xbrl.org/2003/arcrole/parent-child" xlink:from="TaxAdministrationScoreOperationalRiskInFinancialManagementForInsuranceCompanies" xlink:to="OperationalRiskEventInTaxAdministrationScoreOperationalRiskInFinancialManagementForInsuranceCompanies" xlink:title="presentation: TaxAdministrationScoreOperationalRiskInFinancialManagementForInsuranceCompanies to OperationalRiskEventInTaxAdministrationScoreOperationalRiskInFinancialManagementForInsuranceCompanies" use="optional" order="20.0" preferredLabel="http://www.xbrl.org/2003/role/terseLabel"/>
    <link:loc xlink:type="locator" xlink:href="../../c-ross_irr_core_2015-12-31.xsd#c-ross_irr_OperationalRiskInFinancialManagementForInsuranceCompanyNumberOfOperationalRiskEventInTaxAdministrationInRecentFourQuarters" xlink:label="OperationalRiskEventInTaxAdministrationOperationalRiskInFinancialManagementForInsuranceCompanies" xlink:title="OperationalRiskEventInTaxAdministrationOperationalRiskInFinancialManagementForInsuranceCompanies"/>
    <link:presentationArc xlink:type="arc" xlink:arcrole="http://www.xbrl.org/2003/arcrole/parent-child" xlink:from="OperationalRiskEventInTaxAdministrationScoreOperationalRiskInFinancialManagementForInsuranceCompanies" xlink:to="OperationalRiskEventInTaxAdministrationOperationalRiskInFinancialManagementForInsuranceCompanies" xlink:title="presentation: OperationalRiskEventInTaxAdministrationScoreOperationalRiskInFinancialManagementForInsuranceCompanies to OperationalRiskEventInTaxAdministrationOperationalRiskInFinancialManagementForInsuranceCompanies" use="optional" order="10.0" preferredLabel="http://www.xbrl.org/2003/role/terseLabel"/>
    <link:loc xlink:type="locator" xlink:href="../../c-ross_irr_core_2015-12-31.xsd#c-ross_irr_OperationalRiskInFinancialManagementForInsuranceCompanyInformationSystemScore" xlink:label="InformationSystemScoreOperationalRiskInFinancialManagementForInsuranceCompanies" xlink:title="InformationSystemScoreOperationalRiskInFinancialManagementForInsuranceCompanies"/>
    <link:presentationArc xlink:type="arc" xlink:arcrole="http://www.xbrl.org/2003/arcrole/parent-child" xlink:from="OperationalRiskInFinancialManagementForInsuranceCompaniesAbstract" xlink:to="InformationSystemScoreOperationalRiskInFinancialManagementForInsuranceCompanies" xlink:title="presentation: OperationalRiskInFinancialManagementForInsuranceCompaniesAbstract to InformationSystemScoreOperationalRiskInFinancialManagementForInsuranceCompanies" order="30.0" preferredLabel="http://www.xbrl.org/2003/role/terseLabel"/>
    <link:loc xlink:type="locator" xlink:href="../../c-ross_irr_core_2015-12-31.xsd#c-ross_irr_OperationalRiskInFinancialManagementForInsuranceCompanyDesignDeficienciesInInformationSystemScore" xlink:label="DesignDeficienciesInInformationSystemScoreOperationalRiskInFinancialManagementForInsuranceCompanies" xlink:title="DesignDeficienciesInInformationSystemScoreOperationalRiskInFinancialManagementForInsuranceCompanies"/>
    <link:presentationArc xlink:type="arc" xlink:arcrole="http://www.xbrl.org/2003/arcrole/parent-child" xlink:from="InformationSystemScoreOperationalRiskInFinancialManagementForInsuranceCompanies" xlink:to="DesignDeficienciesInInformationSystemScoreOperationalRiskInFinancialManagementForInsuranceCompanies" xlink:title="presentation: InformationSystemScoreOperationalRiskInFinancialManagementForInsuranceCompanies to DesignDeficienciesInInformationSystemScoreOperationalRiskInFinancialManagementForInsuranceCompanies" use="optional" order="10.0" preferredLabel="http://www.xbrl.org/2003/role/terseLabel"/>
    <link:loc xlink:type="locator" xlink:href="../../c-ross_irr_core_2015-12-31.xsd#c-ross_irr_OperationalRiskInFinancialManagementForInsuranceCompanySystemAutomation" xlink:label="AutomatedSystemOperationalRiskInFinancialManagementForInsuranceCompanies" xlink:title="AutomatedSystemOperationalRiskInFinancialManagementForInsuranceCompanies"/>
    <link:presentationArc xlink:type="arc" xlink:arcrole="http://www.xbrl.org/2003/arcrole/parent-child" xlink:from="DesignDeficienciesInInformationSystemScoreOperationalRiskInFinancialManagementForInsuranceCompanies" xlink:to="AutomatedSystemOperationalRiskInFinancialManagementForInsuranceCompanies" xlink:title="presentation: DesignDeficienciesInInformationSystemScoreOperationalRiskInFinancialManagementForInsuranceCompanies to AutomatedSystemOperationalRiskInFinancialManagementForInsuranceCompanies" use="optional" order="10.0" preferredLabel="http://www.xbrl.org/2003/role/terseLabel"/>
    <link:loc xlink:type="locator" xlink:href="../../c-ross_irr_core_2015-12-31.xsd#c-ross_irr_OperationalRiskInFinancialManagementForInsuranceCompanySoftwareHardwareFailureOrDefectScore" xlink:label="SoftwareHardwareFailureOrDefectScoreOperationalRiskInFinancialManagementForInsuranceCompanies" xlink:title="SoftwareHardwareFailureOrDefectScoreOperationalRiskInFinancialManagementForInsuranceCompanies"/>
    <link:presentationArc xlink:type="arc" xlink:arcrole="http://www.xbrl.org/2003/arcrole/parent-child" xlink:from="InformationSystemScoreOperationalRiskInFinancialManagementForInsuranceCompanies" xlink:to="SoftwareHardwareFailureOrDefectScoreOperationalRiskInFinancialManagementForInsuranceCompanies" xlink:title="presentation: InformationSystemScoreOperationalRiskInFinancialManagementForInsuranceCompanies to SoftwareHardwareFailureOrDefectScoreOperationalRiskInFinancialManagementForInsuranceCompanies" use="optional" order="20.0" preferredLabel="http://www.xbrl.org/2003/role/terseLabel"/>
    <link:loc xlink:type="locator" xlink:href="../../c-ross_irr_core_2015-12-31.xsd#c-ross_irr_OperationalRiskInFinancialManagementForInsuranceCompanyNumberOfAbnormalEventOfSystemInRecentFourQuarters" xlink:label="NumberOfAbnormalEventOfSystemOperationalRiskInFinancialManagementForInsuranceCompanies" xlink:title="NumberOfAbnormalEventOfSystemOperationalRiskInFinancialManagementForInsuranceCompanies"/>
    <link:presentationArc xlink:type="arc" xlink:arcrole="http://www.xbrl.org/2003/arcrole/parent-child" xlink:from="SoftwareHardwareFailureOrDefectScoreOperationalRiskInFinancialManagementForInsuranceCompanies" xlink:to="NumberOfAbnormalEventOfSystemOperationalRiskInFinancialManagementForInsuranceCompanies" xlink:title="presentation: SoftwareHardwareFailureOrDefectScoreOperationalRiskInFinancialManagementForInsuranceCompanies to NumberOfAbnormalEventOfSystemOperationalRiskInFinancialManagementForInsuranceCompanies" use="optional" order="10.0" preferredLabel="http://www.xbrl.org/2003/role/terseLabel"/>
    <link:loc xlink:type="locator" xlink:href="../../c-ross_irr_core_2015-12-31.xsd#c-ross_irr_OperationalRiskInFinancialManagementForInsuranceCompanyInformationSecurityScore" xlink:label="InformationSecurityScoreOperationalRiskInFinancialManagementForInsuranceCompanies" xlink:title="InformationSecurityScoreOperationalRiskInFinancialManagementForInsuranceCompanies"/>
    <link:presentationArc xlink:type="arc" xlink:arcrole="http://www.xbrl.org/2003/arcrole/parent-child" xlink:from="InformationSystemScoreOperationalRiskInFinancialManagementForInsuranceCompanies" xlink:to="InformationSecurityScoreOperationalRiskInFinancialManagementForInsuranceCompanies" xlink:title="presentation: InformationSystemScoreOperationalRiskInFinancialManagementForInsuranceCompanies to InformationSecurityScoreOperationalRiskInFinancialManagementForInsuranceCompanies" use="optional" order="30.0" preferredLabel="http://www.xbrl.org/2003/role/terseLabel"/>
    <link:loc xlink:type="locator" xlink:href="../../c-ross_irr_core_2015-12-31.xsd#c-ross_irr_OperationalRiskInFinancialManagementForInsuranceCompanyConcentrationManagementOfSystem" xlink:label="ConcentrationManagementOfSystemOperationalRiskInFinancialManagementForInsuranceCompanies" xlink:title="ConcentrationManagementOfSystemOperationalRiskInFinancialManagementForInsuranceCompanies"/>
    <link:presentationArc xlink:type="arc" xlink:arcrole="http://www.xbrl.org/2003/arcrole/parent-child" xlink:from="InformationSecurityScoreOperationalRiskInFinancialManagementForInsuranceCompanies" xlink:to="ConcentrationManagementOfSystemOperationalRiskInFinancialManagementForInsuranceCompanies" xlink:title="presentation: InformationSecurityScoreOperationalRiskInFinancialManagementForInsuranceCompanies to ConcentrationManagementOfSystemOperationalRiskInFinancialManagementForInsuranceCompanies" use="optional" order="10.0" preferredLabel="http://www.xbrl.org/2003/role/terseLabel"/>
    <link:loc xlink:type="locator" xlink:href="../../c-ross_irr_core_2015-12-31.xsd#c-ross_irr_OperationalRiskInFinancialManagementForInsuranceCompanyDataQualityScore" xlink:label="DataQualityScoreOperationalRiskInFinancialManagementForInsuranceCompanies" xlink:title="DataQualityScoreOperationalRiskInFinancialManagementForInsuranceCompanies"/>
    <link:presentationArc xlink:type="arc" xlink:arcrole="http://www.xbrl.org/2003/arcrole/parent-child" xlink:from="InformationSystemScoreOperationalRiskInFinancialManagementForInsuranceCompanies" xlink:to="DataQualityScoreOperationalRiskInFinancialManagementForInsuranceCompanies" xlink:title="presentation: InformationSystemScoreOperationalRiskInFinancialManagementForInsuranceCompanies to DataQualityScoreOperationalRiskInFinancialManagementForInsuranceCompanies" use="optional" order="40.0" preferredLabel="http://www.xbrl.org/2003/role/terseLabel"/>
    <link:loc xlink:type="locator" xlink:href="../../c-ross_irr_core_2015-12-31.xsd#c-ross_irr_OperationalRiskInFinancialManagementForInsuranceCompanyFrequencyOfDataCheckScore" xlink:label="FrequencyOfDataCheckScoreOperationalRiskInFinancialManagementForInsuranceCompanies" xlink:title="FrequencyOfDataCheckScoreOperationalRiskInFinancialManagementForInsuranceCompanies"/>
    <link:presentationArc xlink:type="arc" xlink:arcrole="http://www.xbrl.org/2003/arcrole/parent-child" xlink:from="DataQualityScoreOperationalRiskInFinancialManagementForInsuranceCompanies" xlink:to="FrequencyOfDataCheckScoreOperationalRiskInFinancialManagementForInsuranceCompanies" xlink:title="presentation: DataQualityScoreOperationalRiskInFinancialManagementForInsuranceCompanies to FrequencyOfDataCheckScoreOperationalRiskInFinancialManagementForInsuranceCompanies" use="optional" order="10.0" preferredLabel="http://www.xbrl.org/2003/role/terseLabel"/>
    <link:loc xlink:type="locator" xlink:href="../../c-ross_irr_core_2015-12-31.xsd#c-ross_irr_OperationalRiskInFinancialManagementForInsuranceCompanyFrequencyOfDataCheck" xlink:label="FrequencyOfDataCheckOperationalRiskInFinancialManagementForInsuranceCompanies" xlink:title="FrequencyOfDataCheckOperationalRiskInFinancialManagementForInsuranceCompanies"/>
    <link:presentationArc xlink:type="arc" xlink:arcrole="http://www.xbrl.org/2003/arcrole/parent-child" xlink:from="FrequencyOfDataCheckScoreOperationalRiskInFinancialManagementForInsuranceCompanies" xlink:to="FrequencyOfDataCheckOperationalRiskInFinancialManagementForInsuranceCompanies" xlink:title="presentation: FrequencyOfDataCheckScoreOperationalRiskInFinancialManagementForInsuranceCompanies to FrequencyOfDataCheckOperationalRiskInFinancialManagementForInsuranceCompanies" use="optional" order="10.0" preferredLabel="http://www.xbrl.org/2003/role/terseLabel"/>
    <link:loc xlink:type="locator" xlink:href="../../c-ross_irr_core_2015-12-31.xsd#c-ross_irr_OperationalRiskInFinancialManagementForInsuranceCompanyRateOfDataErrorScore" xlink:label="RateOfDataErrorScoreOperationalRiskInFinancialManagementForInsuranceCompanies" xlink:title="RateOfDataErrorScoreOperationalRiskInFinancialManagementForInsuranceCompanies"/>
    <link:presentationArc xlink:type="arc" xlink:arcrole="http://www.xbrl.org/2003/arcrole/parent-child" xlink:from="DataQualityScoreOperationalRiskInFinancialManagementForInsuranceCompanies" xlink:to="RateOfDataErrorScoreOperationalRiskInFinancialManagementForInsuranceCompanies" xlink:title="presentation: DataQualityScoreOperationalRiskInFinancialManagementForInsuranceCompanies to RateOfDataErrorScoreOperationalRiskInFinancialManagementForInsuranceCompanies" use="optional" order="20.0" preferredLabel="http://www.xbrl.org/2003/role/terseLabel"/>
    <link:loc xlink:type="locator" xlink:href="../../c-ross_irr_core_2015-12-31.xsd#c-ross_irr_OperationalRiskInFinancialManagementForInsuranceCompanyRateOfDataError" xlink:label="RateOfDataErrorOperationalRiskInFinancialManagementForInsuranceCompanies" xlink:title="RateOfDataErrorOperationalRiskInFinancialManagementForInsuranceCompanies"/>
    <link:presentationArc xlink:type="arc" xlink:arcrole="http://www.xbrl.org/2003/arcrole/parent-child" xlink:from="RateOfDataErrorScoreOperationalRiskInFinancialManagementForInsuranceCompanies" xlink:to="RateOfDataErrorOperationalRiskInFinancialManagementForInsuranceCompanies" xlink:title="presentation: RateOfDataErrorScoreOperationalRiskInFinancialManagementForInsuranceCompanies to RateOfDataErrorOperationalRiskInFinancialManagementForInsuranceCompanies" use="optional" order="10.0" preferredLabel="http://www.xbrl.org/2003/role/terseLabel"/>
    <link:loc xlink:type="locator" xlink:href="../../c-ross_irr_core_2015-12-31.xsd#c-ross_irr_OperationalRiskInFinancialManagementForInsuranceCompanySumOfAbsoluteValueBasedOnDataErrorsInRecentFourQuarters" xlink:label="SumOfAbsoluteValueBasedOnDataErrorsOperationalRiskInFinancialManagementForInsuranceCompanies" xlink:title="SumOfAbsoluteValueBasedOnDataErrorsOperationalRiskInFinancialManagementForInsuranceCompanies"/>
    <link:presentationArc xlink:type="arc" xlink:arcrole="http://www.xbrl.org/2003/arcrole/parent-child" xlink:from="RateOfDataErrorOperationalRiskInFinancialManagementForInsuranceCompanies" xlink:to="SumOfAbsoluteValueBasedOnDataErrorsOperationalRiskInFinancialManagementForInsuranceCompanies" xlink:title="presentation: RateOfDataErrorOperationalRiskInFinancialManagementForInsuranceCompanies to SumOfAbsoluteValueBasedOnDataErrorsOperationalRiskInFinancialManagementForInsuranceCompanies" use="optional" order="10.0" preferredLabel="http://www.xbrl.org/2003/role/terseLabel"/>
    <link:loc xlink:type="locator" xlink:href="../../c-ross_irr_core_2015-12-31.xsd#c-ross_irr_OperationalRiskInFinancialManagementForInsuranceCompanyPremiumIncomeForCurrentPeriod" xlink:label="PremiumIncomeForCurrentPeriodOperationalRiskInFinancialManagementForInsuranceCompanies" xlink:title="PremiumIncomeForCurrentPeriodOperationalRiskInFinancialManagementForInsuranceCompanies"/>
    <link:presentationArc xlink:type="arc" xlink:arcrole="http://www.xbrl.org/2003/arcrole/parent-child" xlink:from="RateOfDataErrorOperationalRiskInFinancialManagementForInsuranceCompanies" xlink:to="PremiumIncomeForCurrentPeriodOperationalRiskInFinancialManagementForInsuranceCompanies" xlink:title="presentation: RateOfDataErrorOperationalRiskInFinancialManagementForInsuranceCompanies to PremiumIncomeForCurrentPeriodOperationalRiskInFinancialManagementForInsuranceCompanies" use="optional" order="20.0" preferredLabel="http://www.xbrl.org/2003/role/terseLabel"/>
    <link:loc xlink:type="locator" xlink:href="../../c-ross_irr_core_2015-12-31.xsd#c-ross_irr_OperationalRiskInFinancialManagementForInsuranceCompanyReactionToExternalEnvironmentScore" xlink:label="ReactionToExternalEnvironmentScoreOperationalRiskInFinancialManagementForInsuranceCompanies" xlink:title="ReactionToExternalEnvironmentScoreOperationalRiskInFinancialManagementForInsuranceCompanies"/>
    <link:presentationArc xlink:type="arc" xlink:arcrole="http://www.xbrl.org/2003/arcrole/parent-child" xlink:from="OperationalRiskInFinancialManagementForInsuranceCompaniesAbstract" xlink:to="ReactionToExternalEnvironmentScoreOperationalRiskInFinancialManagementForInsuranceCompanies" xlink:title="presentation: OperationalRiskInFinancialManagementForInsuranceCompaniesAbstract to ReactionToExternalEnvironmentScoreOperationalRiskInFinancialManagementForInsuranceCompanies" order="40.0" preferredLabel="http://www.xbrl.org/2003/role/terseLabel"/>
    <link:loc xlink:type="locator" xlink:href="../../c-ross_irr_core_2015-12-31.xsd#c-ross_irr_OperationalRiskInFinancialManagementForInsuranceCompanyParticipationAndReactionRateToNewPolicyScore" xlink:label="ParticipationAndReactionToNewPolicyScoreOperationalRiskInFinancialManagementForInsuranceCompanies" xlink:title="ParticipationAndReactionToNewPolicyScoreOperationalRiskInFinancialManagementForInsuranceCompanies"/>
    <link:presentationArc xlink:type="arc" xlink:arcrole="http://www.xbrl.org/2003/arcrole/parent-child" xlink:from="ReactionToExternalEnvironmentScoreOperationalRiskInFinancialManagementForInsuranceCompanies" xlink:to="ParticipationAndReactionToNewPolicyScoreOperationalRiskInFinancialManagementForInsuranceCompanies" xlink:title="presentation: ReactionToExternalEnvironmentScoreOperationalRiskInFinancialManagementForInsuranceCompanies to ParticipationAndReactionToNewPolicyScoreOperationalRiskInFinancialManagementForInsuranceCompanies" use="optional" order="10.0" preferredLabel="http://www.xbrl.org/2003/role/terseLabel"/>
    <link:loc xlink:type="locator" xlink:href="../../c-ross_irr_core_2015-12-31.xsd#c-ross_irr_OperationalRiskInFinancialManagementForInsuranceCompanyParticipationAndReactionRateToNewPolicy" xlink:label="ParticipationAndReactionToNewPolicyOperationalRiskInFinancialManagementForInsuranceCompanies" xlink:title="ParticipationAndReactionToNewPolicyOperationalRiskInFinancialManagementForInsuranceCompanies"/>
    <link:presentationArc xlink:type="arc" xlink:arcrole="http://www.xbrl.org/2003/arcrole/parent-child" xlink:from="ParticipationAndReactionToNewPolicyScoreOperationalRiskInFinancialManagementForInsuranceCompanies" xlink:to="ParticipationAndReactionToNewPolicyOperationalRiskInFinancialManagementForInsuranceCompanies" xlink:title="presentation: ParticipationAndReactionToNewPolicyScoreOperationalRiskInFinancialManagementForInsuranceCompanies to ParticipationAndReactionToNewPolicyOperationalRiskInFinancialManagementForInsuranceCompanies" use="optional" order="10.0" preferredLabel="http://www.xbrl.org/2003/role/terseLabel"/>
    <link:loc xlink:type="locator" xlink:href="../../c-ross_irr_core_2015-12-31.xsd#c-ross_irr_OperationalRiskInFinancialManagementForInsuranceCompanyTrainingOnNewPolicyScore" xlink:label="TrainingOnNewPolicyScoreOperationalRiskInFinancialManagementForInsuranceCompanies" xlink:title="TrainingOnNewPolicyScoreOperationalRiskInFinancialManagementForInsuranceCompanies"/>
    <link:presentationArc xlink:type="arc" xlink:arcrole="http://www.xbrl.org/2003/arcrole/parent-child" xlink:from="ReactionToExternalEnvironmentScoreOperationalRiskInFinancialManagementForInsuranceCompanies" xlink:to="TrainingOnNewPolicyScoreOperationalRiskInFinancialManagementForInsuranceCompanies" xlink:title="presentation: ReactionToExternalEnvironmentScoreOperationalRiskInFinancialManagementForInsuranceCompanies to TrainingOnNewPolicyScoreOperationalRiskInFinancialManagementForInsuranceCompanies" use="optional" order="20.0" preferredLabel="http://www.xbrl.org/2003/role/terseLabel"/>
    <link:loc xlink:type="locator" xlink:href="../../c-ross_irr_core_2015-12-31.xsd#c-ross_irr_OperationalRiskInFinancialManagementForInsuranceCompanyTrainingOnNewPolicy" xlink:label="TrainingOnNewPolicyOperationalRiskInFinancialManagementForInsuranceCompanies" xlink:title="TrainingOnNewPolicyOperationalRiskInFinancialManagementForInsuranceCompanies"/>
    <link:presentationArc xlink:type="arc" xlink:arcrole="http://www.xbrl.org/2003/arcrole/parent-child" xlink:from="TrainingOnNewPolicyScoreOperationalRiskInFinancialManagementForInsuranceCompanies" xlink:to="TrainingOnNewPolicyOperationalRiskInFinancialManagementForInsuranceCompanies" xlink:title="presentation: TrainingOnNewPolicyScoreOperationalRiskInFinancialManagementForInsuranceCompanies to TrainingOnNewPolicyOperationalRiskInFinancialManagementForInsuranceCompanies" use="optional" order="10.0" preferredLabel="http://www.xbrl.org/2003/role/terseLabel"/>
    <link:loc xlink:type="locator" xlink:href="../../c-ross_irr_core_2015-12-31.xsd#c-ross_irr_OperationalRiskInFinancialManagementForInsuranceCompanyDailySupervisionScore" xlink:label="DailySupervisionScoreOperationalRiskInFinancialManagementForInsuranceCompanies" xlink:title="DailySupervisionScoreOperationalRiskInFinancialManagementForInsuranceCompanies"/>
    <link:presentationArc xlink:type="arc" xlink:arcrole="http://www.xbrl.org/2003/arcrole/parent-child" xlink:from="OperationalRiskInFinancialManagementForInsuranceCompaniesAbstract" xlink:to="DailySupervisionScoreOperationalRiskInFinancialManagementForInsuranceCompanies" xlink:title="presentation: OperationalRiskInFinancialManagementForInsuranceCompaniesAbstract to DailySupervisionScoreOperationalRiskInFinancialManagementForInsuranceCompanies" order="50.0" preferredLabel="http://www.xbrl.org/2003/role/terseLabel"/>
    <link:loc xlink:type="locator" xlink:href="../../c-ross_irr_core_2015-12-31.xsd#c-ross_irr_OperationalRiskInFinancialManagementForInsuranceCompanyValuationCriterionOfDailySupervision" xlink:label="ValuationCriterionOfDailySupervisionOperationalRiskInFinancialManagementForInsuranceCompanies" xlink:title="ValuationCriterionOfDailySupervisionOperationalRiskInFinancialManagementForInsuranceCompanies"/>
    <link:presentationArc xlink:type="arc" xlink:arcrole="http://www.xbrl.org/2003/arcrole/parent-child" xlink:from="DailySupervisionScoreOperationalRiskInFinancialManagementForInsuranceCompanies" xlink:to="ValuationCriterionOfDailySupervisionOperationalRiskInFinancialManagementForInsuranceCompanies" xlink:title="presentation: DailySupervisionScoreOperationalRiskInFinancialManagementForInsuranceCompanies to ValuationCriterionOfDailySupervisionOperationalRiskInFinancialManagementForInsuranceCompanies" order="10.0" preferredLabel="http://www.xbrl.org/2003/role/terseLabel"/>
    <link:loc xlink:type="locator" xlink:href="../../c-ross_irr_core_2015-12-31.xsd#c-ross_irr_OperationalRiskInFinancialManagementForInsuranceCompanyAdjustmentBasedOnIndustryOverallLevelScore" xlink:label="AdjustmentBasedOnIntraIndustryOverallLevelScoreOperationalRiskInFinancialManagementForInsuranceCompanies" xlink:title="AdjustmentBasedOnIntraIndustryOverallLevelScoreOperationalRiskInFinancialManagementForInsuranceCompanies"/>
    <link:presentationArc xlink:type="arc" xlink:arcrole="http://www.xbrl.org/2003/arcrole/parent-child" xlink:from="OperationalRiskInFinancialManagementForInsuranceCompaniesAbstract" xlink:to="AdjustmentBasedOnIntraIndustryOverallLevelScoreOperationalRiskInFinancialManagementForInsuranceCompanies" xlink:title="presentation: OperationalRiskInFinancialManagementForInsuranceCompaniesAbstract to AdjustmentBasedOnIntraIndustryOverallLevelScoreOperationalRiskInFinancialManagementForInsuranceCompanies" order="60.0" preferredLabel="http://www.xbrl.org/2003/role/terseLabel"/>
    <link:loc xlink:type="locator" xlink:href="../../c-ross_irr_core_2015-12-31.xsd#c-ross_irr_OperationalRiskInFinancialManagementForInsuranceCompanyTotalNumberOfRiskEvents" xlink:label="TotalNumberOfRiskEventsOperationalRiskInFinancialManagementForInsuranceCompanies" xlink:title="TotalNumberOfRiskEventsOperationalRiskInFinancialManagementForInsuranceCompanies"/>
    <link:presentationArc xlink:type="arc" xlink:arcrole="http://www.xbrl.org/2003/arcrole/parent-child" xlink:from="AdjustmentBasedOnIntraIndustryOverallLevelScoreOperationalRiskInFinancialManagementForInsuranceCompanies" xlink:to="TotalNumberOfRiskEventsOperationalRiskInFinancialManagementForInsuranceCompanies" xlink:title="presentation: AdjustmentBasedOnIntraIndustryOverallLevelScoreOperationalRiskInFinancialManagementForInsuranceCompanies to TotalNumberOfRiskEventsOperationalRiskInFinancialManagementForInsuranceCompanies" use="optional" order="10.0" preferredLabel="http://www.xbrl.org/2003/role/terseLabel"/>
    <link:loc xlink:type="locator" xlink:href="../../c-ross_irr_core_2015-12-31.xsd#c-ross_irr_OperationalRiskInFinancialManagementForInsuranceCompanyScore" xlink:label="OperationalRiskInFinancialManagementForInsuranceCompaniesScore" xlink:title="OperationalRiskInFinancialManagementForInsuranceCompaniesScore"/>
    <link:presentationArc xlink:type="arc" xlink:arcrole="http://www.xbrl.org/2003/arcrole/parent-child" xlink:from="OperationalRiskInFinancialManagementForInsuranceCompaniesAbstract" xlink:to="OperationalRiskInFinancialManagementForInsuranceCompaniesScore" xlink:title="presentation: OperationalRiskInFinancialManagementForInsuranceCompaniesAbstract to OperationalRiskInFinancialManagementForInsuranceCompaniesScore" order="70.0" preferredLabel="http://www.xbrl.org/2003/role/totalLabel"/>
    <link:loc xlink:type="locator" xlink:href="../../c-ross_irr_core_2015-12-31.xsd#c-ross_irr_OperationalRiskInFinancialManagementForInsuranceCompanyWhetherInsuranceCompaniesSubmittedFakeInformationInRecentFourQuarters" xlink:label="OperationalRiskInFinancialManagementForInsuranceCompanyWhetherInsuranceCompaniesSubmittedFakeInformationInRecentFourQuarters" xlink:title="OperationalRiskInFinancialManagementForInsuranceCompanyWhetherInsuranceCompaniesSubmittedFakeInformationInRecentFourQuarters"/>
    <link:presentationArc xlink:type="arc" xlink:arcrole="http://www.xbrl.org/2003/arcrole/parent-child" xlink:from="OperationalRiskInFinancialManagementForInsuranceCompaniesAbstract" xlink:to="OperationalRiskInFinancialManagementForInsuranceCompanyWhetherInsuranceCompaniesSubmittedFakeInformationInRecentFourQuarters" xlink:title="presentation: OperationalRiskInFinancialManagementForInsuranceCompanyAbstract to OperationalRiskInFinancialManagementForInsuranceCompanyWhetherInsuranceCompaniesSubmittedFakeInformationInRecentFourQuarters" order="80.0" preferredLabel="http://www.xbrl.org/2003/role/terseLabel"/>
    <link:loc xlink:type="locator" xlink:href="../../c-ross_irr_core_2015-12-31.xsd#c-ross_irr_OperationalRiskInFinancialManagementForInsuranceCompanyRegulatoryAdjustedScore" xlink:label="OperationalRiskInFinancialManagementForInsuranceCompanyAdjustedScore" xlink:title="OperationalRiskInFinancialManagementForInsuranceCompanyAdjustedScore"/>
    <link:presentationArc xlink:type="arc" xlink:arcrole="http://www.xbrl.org/2003/arcrole/parent-child" xlink:from="OperationalRiskInFinancialManagementForInsuranceCompaniesAbstract" xlink:to="OperationalRiskInFinancialManagementForInsuranceCompanyAdjustedScore" xlink:title="presentation: OperationalRiskInFinancialManagementForInsuranceCompanyAbstract to OperationalRiskInFinancialManagementForInsuranceCompanyAdjustedScore" order="90.0" preferredLabel="http://www.xbrl.org/2003/role/terseLabel"/>
    <link:loc xlink:type="locator" xlink:href="../../c-ross_irr_core_2015-12-31.xsd#c-ross_irr_OperationalRiskInFinancialManagementForInsuranceCompanyRegulatoryAdjustmentCriterion" xlink:label="OperationalRiskInFinancialManagementForInsuranceCompanyAdjustmentCriterion" xlink:title="OperationalRiskInFinancialManagementForInsuranceCompanyAdjustmentCriterion"/>
    <link:presentationArc xlink:type="arc" xlink:arcrole="http://www.xbrl.org/2003/arcrole/parent-child" xlink:from="OperationalRiskInFinancialManagementForInsuranceCompaniesAbstract" xlink:to="OperationalRiskInFinancialManagementForInsuranceCompanyAdjustmentCriterion" xlink:title="presentation: OperationalRiskInFinancialManagementForInsuranceCompanyAbstract to OperationalRiskInFinancialManagementForInsuranceCompanyAdjustmentCriterion" order="100.0" preferredLabel="http://www.xbrl.org/2003/role/terseLabel"/>
    <link:loc xlink:type="locator" xlink:href="../../c-ross_irr_core_2015-12-31.xsd#c-ross_irr_OperationalRiskInFinancialManagementForInsuranceCompanyFinalScore" xlink:label="OperationalRiskInFinancialManagementForInsuranceCompanyFinalScore" xlink:title="OperationalRiskInFinancialManagementForInsuranceCompanyFinalScore"/>
    <link:presentationArc xlink:type="arc" xlink:arcrole="http://www.xbrl.org/2003/arcrole/parent-child" xlink:from="OperationalRiskInFinancialManagementForInsuranceCompaniesAbstract" xlink:to="OperationalRiskInFinancialManagementForInsuranceCompanyFinalScore" xlink:title="presentation: OperationalRiskInFinancialManagementForInsuranceCompanyAbstract to OperationalRiskInFinancialManagementForInsuranceCompanyFinalScore" order="110.0" preferredLabel="http://www.xbrl.org/2003/role/terseLabel"/>
  </link:presentationLink>
  <link:presentationLink xlink:type="extended" xlink:role="http://xbrl.circ.gov.cn/role/c-ross_irr_2015-12-31_role-3321200a">
    <link:loc xlink:type="locator" xlink:href="../../c-ross_irr_core_2015-12-31.xsd#c-ross_irr_OperationalRiskInFinancialManagementForInsuranceCompanyAbstract" xlink:label="OperationalRiskInFinancialManagementForInsuranceCompaniesAbstract" xlink:title="OperationalRiskInFinancialManagementForInsuranceCompaniesAbstract"/>
    <link:loc xlink:type="locator" xlink:href="../../c-ross_irr_core_2015-12-31.xsd#c-ross_irr_IndustryAverageNumberOfRiskEvents" xlink:label="IndustryAverageNumberOfRiskEvents" xlink:title="IndustryAverageNumberOfRiskEvents"/>
    <link:presentationArc xlink:type="arc" xlink:arcrole="http://www.xbrl.org/2003/arcrole/parent-child" xlink:from="OperationalRiskInFinancialManagementForInsuranceCompaniesAbstract" xlink:to="IndustryAverageNumberOfRiskEvents" xlink:title="presentation: OperationalRiskInFinancialManagementForInsuranceCompaniesAbstract to IndustryAverageNumberOfRiskEvents" order="10.0" preferredLabel="http://www.xbrl.org/2003/role/label"/>
  </link:presentationLink>
</link:linkbase>
