<?xml version="1.0" encoding="UTF-8"?>

<!--Taxonomy: 2015-12-31 (Draft)
	**********************
	Copyright © 2015 China Insurance Regulatory Commission.
	All rights reserved.  No part of this publication may be translated, reprinted or reproduced or utilised in any form either in whole or in part without prior permission in writing from China Insurance Regulatory Commission.
	  **********************-->
<link:linkbase xmlns:xsi="http://www.w3.org/2001/XMLSchema-instance" xsi:schemaLocation="http://www.xbrl.org/2003/linkbase http://www.xbrl.org/2003/xbrl-linkbase-2003-12-31.xsd" xmlns:irr_life_com_entry_point="http://xbrl.circ.gov.cn/taxonomy/2015-12-31/c-ross_irr/irr_life_com_entry_point" xmlns:irr_full_entry_point="http://xbrl.circ.gov.cn/taxonomy/2015-12-31/c-ross/irr_full_entry_point" xmlns:link="http://www.xbrl.org/2003/linkbase" xmlns:irr_reg_com_entry_point="http://xbrl.circ.gov.cn/taxonomy/2015-12-31/c-ross_irr/irr_reg_com_entry_point" xmlns:xbrli="http://www.xbrl.org/2003/instance" xmlns:xlink="http://www.w3.org/1999/xlink">
  <link:roleRef roleURI="http://xbrl.circ.gov.cn/role/c-ross_irr_2015-12-31_role-3320212" xlink:type="simple" xlink:href="rol_c-ross_10_2015-12-31.xsd#c-ross_irr_2015-12-31-3320212"/>
  <link:roleRef roleURI="http://xbrl.circ.gov.cn/role/c-ross_irr_2015-12-31_role-3320212a" xlink:type="simple" xlink:href="rol_c-ross_10_2015-12-31.xsd#c-ross_irr_2015-12-31-3320212a"/>
  <link:presentationLink xlink:type="extended" xlink:role="http://xbrl.circ.gov.cn/role/c-ross_irr_2015-12-31_role-3320212">
    <link:loc xlink:type="locator" xlink:href="../../c-ross_irr_core_2015-12-31.xsd#c-ross_irr_OperationalRiskInSalesAndUnderwritingBusinessForLifeInsuranceCompanyAbstract" xlink:label="OperationalRiskInSalesAndUnderwritingBusinessForLifeInsuranceCompanyAbstract" xlink:title="OperationalRiskInSalesAndUnderwritingBusinessForLifeInsuranceCompanyAbstract"/>
    <link:loc xlink:type="locator" xlink:href="../../c-ross_irr_core_2015-12-31.xsd#c-ross_irr_OperationalRiskInSalesAndUnderwritingBusinessForLifeInsuranceCompanyInformationSystemScore" xlink:label="InformationSystemScoreOperationalRiskInSalesUnderwritingAndEndorsementBusinessForLifeInsuranceCompany" xlink:title="InformationSystemScoreOperationalRiskInSalesUnderwritingAndEndorsementBusinessForLifeInsuranceCompany"/>
    <link:presentationArc xlink:type="arc" xlink:arcrole="http://www.xbrl.org/2003/arcrole/parent-child" xlink:from="OperationalRiskInSalesAndUnderwritingBusinessForLifeInsuranceCompanyAbstract" xlink:to="InformationSystemScoreOperationalRiskInSalesUnderwritingAndEndorsementBusinessForLifeInsuranceCompany" xlink:title="presentation: OperationalRiskInSalesAndUnderwritingBusinessForLifeInsuranceCompanyAbstract to InformationSystemScoreOperationalRiskInSalesUnderwritingAndEndorsementBusinessForLifeInsuranceCompany" order="30.0" preferredLabel="http://www.xbrl.org/2003/role/terseLabel"/>
    <link:loc xlink:type="locator" xlink:href="../../c-ross_irr_core_2015-12-31.xsd#c-ross_irr_OperationalRiskInSalesAndUnderwritingBusinessForLifeInsuranceCompanyPolicyIssuanceOfAccidentInsuranceScore" xlink:label="PolicyIssueSystemOfAccidentInsuranceScoreOperationalRiskInSalesUnderwritingAndEndorsementBusinessForLifeInsuranceCompany" xlink:title="PolicyIssueSystemOfAccidentInsuranceScoreOperationalRiskInSalesUnderwritingAndEndorsementBusinessForLifeInsuranceCompany"/>
    <link:presentationArc xlink:type="arc" xlink:arcrole="http://www.xbrl.org/2003/arcrole/parent-child" xlink:from="InformationSystemScoreOperationalRiskInSalesUnderwritingAndEndorsementBusinessForLifeInsuranceCompany" xlink:to="PolicyIssueSystemOfAccidentInsuranceScoreOperationalRiskInSalesUnderwritingAndEndorsementBusinessForLifeInsuranceCompany" xlink:title="presentation: InformationSystemScoreOperationalRiskInSalesUnderwritingAndEndorsementBusinessForLifeInsuranceCompany to PolicyIssueSystemOfAccidentInsuranceScoreOperationalRiskInSalesUnderwritingAndEndorsementBusinessForLifeInsuranceCompany" use="optional" order="10.0" preferredLabel="http://www.xbrl.org/2003/role/terseLabel"/>
    <link:loc xlink:type="locator" xlink:href="../../c-ross_irr_core_2015-12-31.xsd#c-ross_irr_OperationalRiskInSalesAndUnderwritingBusinessForLifeInsuranceCompanyRealTimeLinkWithKeyBusinessSystemScore" xlink:label="RealTimeLinkWithKeyBusinessSystemScoreOperationalRiskInSalesUnderwritingAndEndorsementBusinessForLifeInsuranceCompany" xlink:title="RealTimeLinkWithKeyBusinessSystemScoreOperationalRiskInSalesUnderwritingAndEndorsementBusinessForLifeInsuranceCompany"/>
    <link:presentationArc xlink:type="arc" xlink:arcrole="http://www.xbrl.org/2003/arcrole/parent-child" xlink:from="PolicyIssueSystemOfAccidentInsuranceScoreOperationalRiskInSalesUnderwritingAndEndorsementBusinessForLifeInsuranceCompany" xlink:to="RealTimeLinkWithKeyBusinessSystemScoreOperationalRiskInSalesUnderwritingAndEndorsementBusinessForLifeInsuranceCompany" xlink:title="presentation: PolicyIssueSystemOfAccidentInsuranceScoreOperationalRiskInSalesUnderwritingAndEndorsementBusinessForLifeInsuranceCompany to RealTimeLinkWithKeyBusinessSystemScoreOperationalRiskInSalesUnderwritingAndEndorsementBusinessForLifeInsuranceCompany" use="optional" order="10.0" preferredLabel="http://www.xbrl.org/2003/role/terseLabel"/>
    <link:loc xlink:type="locator" xlink:href="../../c-ross_irr_core_2015-12-31.xsd#c-ross_irr_OperationalRiskInSalesAndUnderwritingBusinessForLifeInsuranceCompanyRealTimeLinkWithKeyBusinessSystem" xlink:label="RealTimeLinkWithKeyBusinessSystemOperationalRiskInSalesUnderwritingAndEndorsementBusinessForLifeInsuranceCompany" xlink:title="RealTimeLinkWithKeyBusinessSystemOperationalRiskInSalesUnderwritingAndEndorsementBusinessForLifeInsuranceCompany"/>
    <link:presentationArc xlink:type="arc" xlink:arcrole="http://www.xbrl.org/2003/arcrole/parent-child" xlink:from="RealTimeLinkWithKeyBusinessSystemScoreOperationalRiskInSalesUnderwritingAndEndorsementBusinessForLifeInsuranceCompany" xlink:to="RealTimeLinkWithKeyBusinessSystemOperationalRiskInSalesUnderwritingAndEndorsementBusinessForLifeInsuranceCompany" xlink:title="presentation: RealTimeLinkWithKeyBusinessSystemScoreOperationalRiskInSalesUnderwritingAndEndorsementBusinessForLifeInsuranceCompany to RealTimeLinkWithKeyBusinessSystemOperationalRiskInSalesUnderwritingAndEndorsementBusinessForLifeInsuranceCompany" use="optional" order="10.0" preferredLabel="http://www.xbrl.org/2003/role/terseLabel"/>
    <link:loc xlink:type="locator" xlink:href="../../c-ross_irr_core_2015-12-31.xsd#c-ross_irr_OperationalRiskInSalesAndUnderwritingBusinessForLifeInsuranceCompanyCompletenessOfPolicyInformationOfAccidentInsuranceRecordedScore" xlink:label="CompletenessOfPolicyInformationOfAccidentInsuranceRecordedByCoreBusinessSystemScoreOperationalRiskInSalesUnderwritingAndEndorsementBusinessForLifeInsuranceCompany" xlink:title="CompletenessOfPolicyInformationOfAccidentInsuranceRecordedByCoreBusinessSystemScoreOperationalRiskInSalesUnderwritingAndEndorsementBusinessForLifeInsuranceCompany"/>
    <link:presentationArc xlink:type="arc" xlink:arcrole="http://www.xbrl.org/2003/arcrole/parent-child" xlink:from="PolicyIssueSystemOfAccidentInsuranceScoreOperationalRiskInSalesUnderwritingAndEndorsementBusinessForLifeInsuranceCompany" xlink:to="CompletenessOfPolicyInformationOfAccidentInsuranceRecordedByCoreBusinessSystemScoreOperationalRiskInSalesUnderwritingAndEndorsementBusinessForLifeInsuranceCompany" xlink:title="presentation: PolicyIssueSystemOfAccidentInsuranceScoreOperationalRiskInSalesUnderwritingAndEndorsementBusinessForLifeInsuranceCompany to CompletenessOfPolicyInformationOfAccidentInsuranceRecordedByCoreBusinessSystemScoreOperationalRiskInSalesUnderwritingAndEndorsementBusinessForLifeInsuranceCompany" use="optional" order="20.0" preferredLabel="http://www.xbrl.org/2003/role/terseLabel"/>
    <link:loc xlink:type="locator" xlink:href="../../c-ross_irr_core_2015-12-31.xsd#c-ross_irr_OperationalRiskInSalesAndUnderwritingBusinessForLifeInsuranceCompanyCompletenessOfPolicyInformationOfAccidentInsuranceRecorded" xlink:label="CompletenessOfPolicyInformationOfAccidentInsuranceRecordedByCoreBusinessSystemOperationalRiskInSalesUnderwritingAndEndorsementBusinessForLifeInsuranceCompany" xlink:title="CompletenessOfPolicyInformationOfAccidentInsuranceRecordedByCoreBusinessSystemOperationalRiskInSalesUnderwritingAndEndorsementBusinessForLifeInsuranceCompany"/>
    <link:presentationArc xlink:type="arc" xlink:arcrole="http://www.xbrl.org/2003/arcrole/parent-child" xlink:from="CompletenessOfPolicyInformationOfAccidentInsuranceRecordedByCoreBusinessSystemScoreOperationalRiskInSalesUnderwritingAndEndorsementBusinessForLifeInsuranceCompany" xlink:to="CompletenessOfPolicyInformationOfAccidentInsuranceRecordedByCoreBusinessSystemOperationalRiskInSalesUnderwritingAndEndorsementBusinessForLifeInsuranceCompany" xlink:title="presentation: CompletenessOfPolicyInformationOfAccidentInsuranceRecordedByCoreBusinessSystemScoreOperationalRiskInSalesUnderwritingAndEndorsementBusinessForLifeInsuranceCompany to CompletenessOfPolicyInformationOfAccidentInsuranceRecordedByCoreBusinessSystemOperationalRiskInSalesUnderwritingAndEndorsementBusinessForLifeInsuranceCompany" use="optional" order="10.0" preferredLabel="http://www.xbrl.org/2003/role/terseLabel"/>
    <link:loc xlink:type="locator" xlink:href="../../c-ross_irr_core_2015-12-31.xsd#c-ross_irr_OperationalRiskInSalesAndUnderwritingBusinessForLifeInsuranceCompanyFunctionOfCustomerInformationControlScore" xlink:label="FunctionOfCustomerInformationControlScoreOperationalRiskInSalesUnderwritingAndEndorsementBusinessForLifeInsuranceCompany" xlink:title="FunctionOfCustomerInformationControlScoreOperationalRiskInSalesUnderwritingAndEndorsementBusinessForLifeInsuranceCompany"/>
    <link:presentationArc xlink:type="arc" xlink:arcrole="http://www.xbrl.org/2003/arcrole/parent-child" xlink:from="InformationSystemScoreOperationalRiskInSalesUnderwritingAndEndorsementBusinessForLifeInsuranceCompany" xlink:to="FunctionOfCustomerInformationControlScoreOperationalRiskInSalesUnderwritingAndEndorsementBusinessForLifeInsuranceCompany" xlink:title="presentation: InformationSystemScoreOperationalRiskInSalesUnderwritingAndEndorsementBusinessForLifeInsuranceCompany to FunctionOfCustomerInformationControlScoreOperationalRiskInSalesUnderwritingAndEndorsementBusinessForLifeInsuranceCompany" use="optional" order="20.0" preferredLabel="http://www.xbrl.org/2003/role/terseLabel"/>
    <link:loc xlink:type="locator" xlink:href="../../c-ross_irr_core_2015-12-31.xsd#c-ross_irr_OperationalRiskInSalesAndUnderwritingBusinessForLifeInsuranceCompanyFunctionOfCompletenessControlScore" xlink:label="FunctionOfCompletenessControlScoreOperationalRiskInSalesUnderwritingAndEndorsementBusinessForLifeInsuranceCompany" xlink:title="FunctionOfCompletenessControlScoreOperationalRiskInSalesUnderwritingAndEndorsementBusinessForLifeInsuranceCompany"/>
    <link:presentationArc xlink:type="arc" xlink:arcrole="http://www.xbrl.org/2003/arcrole/parent-child" xlink:from="FunctionOfCustomerInformationControlScoreOperationalRiskInSalesUnderwritingAndEndorsementBusinessForLifeInsuranceCompany" xlink:to="FunctionOfCompletenessControlScoreOperationalRiskInSalesUnderwritingAndEndorsementBusinessForLifeInsuranceCompany" xlink:title="presentation: FunctionOfCustomerInformationControlScoreOperationalRiskInSalesUnderwritingAndEndorsementBusinessForLifeInsuranceCompany to FunctionOfCompletenessControlScoreOperationalRiskInSalesUnderwritingAndEndorsementBusinessForLifeInsuranceCompany" use="optional" order="10.0" preferredLabel="http://www.xbrl.org/2003/role/terseLabel"/>
    <link:loc xlink:type="locator" xlink:href="../../c-ross_irr_core_2015-12-31.xsd#c-ross_irr_OperationalRiskInSalesAndUnderwritingBusinessForLifeInsuranceCompanyFunctionOfCompletenessControl" xlink:label="FunctionOfCompletenessControlOperationalRiskInSalesUnderwritingAndEndorsementBusinessForLifeInsuranceCompany" xlink:title="FunctionOfCompletenessControlOperationalRiskInSalesUnderwritingAndEndorsementBusinessForLifeInsuranceCompany"/>
    <link:presentationArc xlink:type="arc" xlink:arcrole="http://www.xbrl.org/2003/arcrole/parent-child" xlink:from="FunctionOfCompletenessControlScoreOperationalRiskInSalesUnderwritingAndEndorsementBusinessForLifeInsuranceCompany" xlink:to="FunctionOfCompletenessControlOperationalRiskInSalesUnderwritingAndEndorsementBusinessForLifeInsuranceCompany" xlink:title="presentation: FunctionOfCompletenessControlScoreOperationalRiskInSalesUnderwritingAndEndorsementBusinessForLifeInsuranceCompany to FunctionOfCompletenessControlOperationalRiskInSalesUnderwritingAndEndorsementBusinessForLifeInsuranceCompany" use="optional" order="10.0" preferredLabel="http://www.xbrl.org/2003/role/terseLabel"/>
    <link:loc xlink:type="locator" xlink:href="../../c-ross_irr_core_2015-12-31.xsd#c-ross_irr_OperationalRiskInSalesAndUnderwritingBusinessForLifeInsuranceCompanyFunctionOfLogicAccuracyControlScore" xlink:label="ControlFunctionOfLogicAccuracyScoreOperationalRiskInSalesUnderwritingAndEndorsementBusinessForLifeInsuranceCompany" xlink:title="ControlFunctionOfLogicAccuracyScoreOperationalRiskInSalesUnderwritingAndEndorsementBusinessForLifeInsuranceCompany"/>
    <link:presentationArc xlink:type="arc" xlink:arcrole="http://www.xbrl.org/2003/arcrole/parent-child" xlink:from="FunctionOfCustomerInformationControlScoreOperationalRiskInSalesUnderwritingAndEndorsementBusinessForLifeInsuranceCompany" xlink:to="ControlFunctionOfLogicAccuracyScoreOperationalRiskInSalesUnderwritingAndEndorsementBusinessForLifeInsuranceCompany" xlink:title="presentation: FunctionOfCustomerInformationControlScoreOperationalRiskInSalesUnderwritingAndEndorsementBusinessForLifeInsuranceCompany to ControlFunctionOfLogicAccuracyScoreOperationalRiskInSalesUnderwritingAndEndorsementBusinessForLifeInsuranceCompany" use="optional" order="20.0" preferredLabel="http://www.xbrl.org/2003/role/terseLabel"/>
    <link:loc xlink:type="locator" xlink:href="../../c-ross_irr_core_2015-12-31.xsd#c-ross_irr_OperationalRiskInSalesAndUnderwritingBusinessForLifeInsuranceCompanyFunctionOfLogicAccuracyControl" xlink:label="ControlFunctionOfLogicAccuracyOperationalRiskInSalesUnderwritingAndEndorsementBusinessForLifeInsuranceCompany" xlink:title="ControlFunctionOfLogicAccuracyOperationalRiskInSalesUnderwritingAndEndorsementBusinessForLifeInsuranceCompany"/>
    <link:presentationArc xlink:type="arc" xlink:arcrole="http://www.xbrl.org/2003/arcrole/parent-child" xlink:from="ControlFunctionOfLogicAccuracyScoreOperationalRiskInSalesUnderwritingAndEndorsementBusinessForLifeInsuranceCompany" xlink:to="ControlFunctionOfLogicAccuracyOperationalRiskInSalesUnderwritingAndEndorsementBusinessForLifeInsuranceCompany" xlink:title="presentation: ControlFunctionOfLogicAccuracyScoreOperationalRiskInSalesUnderwritingAndEndorsementBusinessForLifeInsuranceCompany to ControlFunctionOfLogicAccuracyOperationalRiskInSalesUnderwritingAndEndorsementBusinessForLifeInsuranceCompany" use="optional" order="10.0" preferredLabel="http://www.xbrl.org/2003/role/terseLabel"/>
    <link:loc xlink:type="locator" xlink:href="../../c-ross_irr_core_2015-12-31.xsd#c-ross_irr_OperationalRiskInSalesAndUnderwritingBusinessForLifeInsuranceCompanySystemFailuresScore" xlink:label="SystemFailuresScoreOperationalRiskInSalesUnderwritingAndEndorsementBusinessForLifeInsuranceCompany" xlink:title="SystemFailuresScoreOperationalRiskInSalesUnderwritingAndEndorsementBusinessForLifeInsuranceCompany"/>
    <link:presentationArc xlink:type="arc" xlink:arcrole="http://www.xbrl.org/2003/arcrole/parent-child" xlink:from="InformationSystemScoreOperationalRiskInSalesUnderwritingAndEndorsementBusinessForLifeInsuranceCompany" xlink:to="SystemFailuresScoreOperationalRiskInSalesUnderwritingAndEndorsementBusinessForLifeInsuranceCompany" xlink:title="presentation: InformationSystemScoreOperationalRiskInSalesUnderwritingAndEndorsementBusinessForLifeInsuranceCompany to SystemFailuresScoreOperationalRiskInSalesUnderwritingAndEndorsementBusinessForLifeInsuranceCompany" use="optional" order="30.0" preferredLabel="http://www.xbrl.org/2003/role/terseLabel"/>
    <link:loc xlink:type="locator" xlink:href="../../c-ross_irr_core_2015-12-31.xsd#c-ross_irr_OperationalRiskInSalesAndUnderwritingBusinessForLifeInsuranceCompanyNumberOfSystemFailures" xlink:label="NumberOfSystemFailureOperationalRiskInSalesUnderwritingAndEndorsementBusinessForLifeInsuranceCompany" xlink:title="NumberOfSystemFailureOperationalRiskInSalesUnderwritingAndEndorsementBusinessForLifeInsuranceCompany"/>
    <link:presentationArc xlink:type="arc" xlink:arcrole="http://www.xbrl.org/2003/arcrole/parent-child" xlink:from="SystemFailuresScoreOperationalRiskInSalesUnderwritingAndEndorsementBusinessForLifeInsuranceCompany" xlink:to="NumberOfSystemFailureOperationalRiskInSalesUnderwritingAndEndorsementBusinessForLifeInsuranceCompany" xlink:title="presentation: SystemFailuresScoreOperationalRiskInSalesUnderwritingAndEndorsementBusinessForLifeInsuranceCompany to NumberOfSystemFailureOperationalRiskInSalesUnderwritingAndEndorsementBusinessForLifeInsuranceCompany" use="optional" order="10.0" preferredLabel="http://www.xbrl.org/2003/role/terseLabel"/>
    <link:loc xlink:type="locator" xlink:href="../../c-ross_irr_core_2015-12-31.xsd#c-ross_irr_OperationalRiskInSalesAndUnderwritingBusinessForLifeInsuranceCompanyOperatingProceduresScore" xlink:label="OperatingProceduresScoreOperationalRiskInSalesUnderwritingAndEndorsementBusinessForLifeInsuranceCompany" xlink:title="OperatingProceduresScoreOperationalRiskInSalesUnderwritingAndEndorsementBusinessForLifeInsuranceCompany"/>
    <link:presentationArc xlink:type="arc" xlink:arcrole="http://www.xbrl.org/2003/arcrole/parent-child" xlink:from="OperationalRiskInSalesAndUnderwritingBusinessForLifeInsuranceCompanyAbstract" xlink:to="OperatingProceduresScoreOperationalRiskInSalesUnderwritingAndEndorsementBusinessForLifeInsuranceCompany" xlink:title="presentation: OperationalRiskInSalesAndUnderwritingBusinessForLifeInsuranceCompanyAbstract to OperatingProceduresScoreOperationalRiskInSalesUnderwritingAndEndorsementBusinessForLifeInsuranceCompany" order="20.0" preferredLabel="http://www.xbrl.org/2003/role/terseLabel"/>
    <link:loc xlink:type="locator" xlink:href="../../c-ross_irr_core_2015-12-31.xsd#c-ross_irr_OperationalRiskInSalesAndUnderwritingBusinessForLifeInsuranceCompanySuccessRateOfWelcomeCallScore" xlink:label="SuccessRateOfReturningPhoneInterviewScoreOperationalRiskInSalesUnderwritingAndEndorsementBusinessForLifeInsuranceCompany" xlink:title="SuccessRateOfReturningPhoneInterviewScoreOperationalRiskInSalesUnderwritingAndEndorsementBusinessForLifeInsuranceCompany"/>
    <link:presentationArc xlink:type="arc" xlink:arcrole="http://www.xbrl.org/2003/arcrole/parent-child" xlink:from="OperatingProceduresScoreOperationalRiskInSalesUnderwritingAndEndorsementBusinessForLifeInsuranceCompany" xlink:to="SuccessRateOfReturningPhoneInterviewScoreOperationalRiskInSalesUnderwritingAndEndorsementBusinessForLifeInsuranceCompany" xlink:title="presentation: OperatingProceduresScoreOperationalRiskInSalesUnderwritingAndEndorsementBusinessForLifeInsuranceCompany to SuccessRateOfReturningPhoneInterviewScoreOperationalRiskInSalesUnderwritingAndEndorsementBusinessForLifeInsuranceCompany" use="optional" order="10.0" preferredLabel="http://www.xbrl.org/2003/role/terseLabel"/>
    <link:loc xlink:type="locator" xlink:href="../../c-ross_irr_core_2015-12-31.xsd#c-ross_irr_OperationalRiskInSalesAndUnderwritingBusinessForLifeInsuranceCompanySuccessRateOfWelcomeCall" xlink:label="SuccessRateOfReturningPhoneInterviewOperationalRiskInSalesUnderwritingAndEndorsementBusinessForLifeInsuranceCompany" xlink:title="SuccessRateOfReturningPhoneInterviewOperationalRiskInSalesUnderwritingAndEndorsementBusinessForLifeInsuranceCompany"/>
    <link:presentationArc xlink:type="arc" xlink:arcrole="http://www.xbrl.org/2003/arcrole/parent-child" xlink:from="SuccessRateOfReturningPhoneInterviewScoreOperationalRiskInSalesUnderwritingAndEndorsementBusinessForLifeInsuranceCompany" xlink:to="SuccessRateOfReturningPhoneInterviewOperationalRiskInSalesUnderwritingAndEndorsementBusinessForLifeInsuranceCompany" xlink:title="presentation: OperationalRiskInSalesAndUnderwritingBusinessForLifeInsuranceCompanySuccessRateOfWelcomeCallScore to OperationalRiskInSalesAndUnderwritingBusinessForLifeInsuranceCompanySuccessRateOfWelcomeCall" use="optional" order="10.0" preferredLabel="http://www.xbrl.org/2003/role/terseLabel"/>
    <link:loc xlink:type="locator" xlink:href="../../c-ross_irr_core_2015-12-31.xsd#c-ross_irr_OperationalRiskInSalesAndUnderwritingBusinessForLifeInsuranceCompanyNumberOfPoliciesWithSuccessfulWelcomeCallWithinAssessmentPeriod" xlink:label="NumberOfPoliciesWithSuccessCallBackWithinAssessmentPeriodOperationalRiskInSalesUnderwritingAndEndorsementBusinessForLifeInsuranceCompany" xlink:title="NumberOfPoliciesWithSuccessCallBackWithinAssessmentPeriodOperationalRiskInSalesUnderwritingAndEndorsementBusinessForLifeInsuranceCompany"/>
    <link:presentationArc xlink:type="arc" xlink:arcrole="http://www.xbrl.org/2003/arcrole/parent-child" xlink:from="SuccessRateOfReturningPhoneInterviewOperationalRiskInSalesUnderwritingAndEndorsementBusinessForLifeInsuranceCompany" xlink:to="NumberOfPoliciesWithSuccessCallBackWithinAssessmentPeriodOperationalRiskInSalesUnderwritingAndEndorsementBusinessForLifeInsuranceCompany" xlink:title="presentation: SuccessRateOfReturningPhoneInterviewOperationalRiskInSalesUnderwritingAndEndorsementBusinessForLifeInsuranceCompany to NumberOfPoliciesWithSuccessCallBackWithinAssessmentPeriodOperationalRiskInSalesUnderwritingAndEndorsementBusinessForLifeInsuranceCompany" use="optional" order="10.0" preferredLabel="http://www.xbrl.org/2003/role/terseLabel"/>
    <link:loc xlink:type="locator" xlink:href="../../c-ross_irr_core_2015-12-31.xsd#c-ross_irr_OperationalRiskInSalesAndUnderwritingBusinessForLifeInsuranceCompanyNumberOfPoliciesWithWelcomeCallConductedWithinAssessmentPeriod" xlink:label="NumberOfPoliciesWithCallBackWithinAssessmentPeriodOperationalRiskInSalesUnderwritingAndEndorsementBusinessForLifeInsuranceCompany" xlink:title="NumberOfPoliciesWithCallBackWithinAssessmentPeriodOperationalRiskInSalesUnderwritingAndEndorsementBusinessForLifeInsuranceCompany"/>
    <link:presentationArc xlink:type="arc" xlink:arcrole="http://www.xbrl.org/2003/arcrole/parent-child" xlink:from="SuccessRateOfReturningPhoneInterviewOperationalRiskInSalesUnderwritingAndEndorsementBusinessForLifeInsuranceCompany" xlink:to="NumberOfPoliciesWithCallBackWithinAssessmentPeriodOperationalRiskInSalesUnderwritingAndEndorsementBusinessForLifeInsuranceCompany" xlink:title="presentation: SuccessRateOfReturningPhoneInterviewOperationalRiskInSalesUnderwritingAndEndorsementBusinessForLifeInsuranceCompany to NumberOfPoliciesWithCallBackWithinAssessmentPeriodOperationalRiskInSalesUnderwritingAndEndorsementBusinessForLifeInsuranceCompany" use="optional" order="20.0" preferredLabel="http://www.xbrl.org/2003/role/terseLabel"/>
    <link:loc xlink:type="locator" xlink:href="../../c-ross_irr_core_2015-12-31.xsd#c-ross_irr_OperationalRiskInSalesAndUnderwritingBusinessForLifeInsuranceCompanyAuthenticityOfCustomerInformationScore" xlink:label="AuthenticityOfCustomerInformationScoreOperationalRiskInSalesUnderwritingAndEndorsementBusinessForLifeInsuranceCompany" xlink:title="AuthenticityOfCustomerInformationScoreOperationalRiskInSalesUnderwritingAndEndorsementBusinessForLifeInsuranceCompany"/>
    <link:presentationArc xlink:type="arc" xlink:arcrole="http://www.xbrl.org/2003/arcrole/parent-child" xlink:from="OperatingProceduresScoreOperationalRiskInSalesUnderwritingAndEndorsementBusinessForLifeInsuranceCompany" xlink:to="AuthenticityOfCustomerInformationScoreOperationalRiskInSalesUnderwritingAndEndorsementBusinessForLifeInsuranceCompany" xlink:title="presentation: OperatingProceduresScoreOperationalRiskInSalesUnderwritingAndEndorsementBusinessForLifeInsuranceCompany to AuthenticityOfCustomerInformationScoreOperationalRiskInSalesUnderwritingAndEndorsementBusinessForLifeInsuranceCompany" use="optional" order="20.0" preferredLabel="http://www.xbrl.org/2003/role/terseLabel"/>
    <link:loc xlink:type="locator" xlink:href="../../c-ross_irr_core_2015-12-31.xsd#c-ross_irr_OperationalRiskInSalesAndUnderwritingBusinessForLifeInsuranceCompanyAuthenticityRatioOfCustomerInformation" xlink:label="AuthenticityRateOfCustomerInformationOperationalRiskInSalesUnderwritingAndEndorsementBusinessForLifeInsuranceCompany" xlink:title="AuthenticityRateOfCustomerInformationOperationalRiskInSalesUnderwritingAndEndorsementBusinessForLifeInsuranceCompany"/>
    <link:presentationArc xlink:type="arc" xlink:arcrole="http://www.xbrl.org/2003/arcrole/parent-child" xlink:from="AuthenticityOfCustomerInformationScoreOperationalRiskInSalesUnderwritingAndEndorsementBusinessForLifeInsuranceCompany" xlink:to="AuthenticityRateOfCustomerInformationOperationalRiskInSalesUnderwritingAndEndorsementBusinessForLifeInsuranceCompany" xlink:title="presentation: OperationalRiskInSalesAndUnderwritingBusinessForLifeInsuranceCompanyAuthenticityOfCustomerInformationScore to OperationalRiskInSalesAndUnderwritingBusinessForLifeInsuranceCompanyAuthenticityRatioOfCustomerInformation" use="optional" order="10.0" preferredLabel="http://www.xbrl.org/2003/role/terseLabel"/>
    <link:loc xlink:type="locator" xlink:href="../../c-ross_irr_core_2015-12-31.xsd#c-ross_irr_OperationalRiskInSalesAndUnderwritingBusinessForLifeInsuranceCompanyNumberOfLossOrFalseIssuesOfCustomerInformationIdentifiedByCompanyWithinAssessmentPeriod" xlink:label="NumberOfPoliciesWithIssuesOfCustomerInformationLossOrFalseInformationWithinAssessmentPeriodOperationalRiskInSalesUnderwritingAndEndorsementBusinessForLifeInsuranceCompany" xlink:title="NumberOfPoliciesWithIssuesOfCustomerInformationLossOrFalseInformationWithinAssessmentPeriodOperationalRiskInSalesUnderwritingAndEndorsementBusinessForLifeInsuranceCompany"/>
    <link:presentationArc xlink:type="arc" xlink:arcrole="http://www.xbrl.org/2003/arcrole/parent-child" xlink:from="AuthenticityRateOfCustomerInformationOperationalRiskInSalesUnderwritingAndEndorsementBusinessForLifeInsuranceCompany" xlink:to="NumberOfPoliciesWithIssuesOfCustomerInformationLossOrFalseInformationWithinAssessmentPeriodOperationalRiskInSalesUnderwritingAndEndorsementBusinessForLifeInsuranceCompany" xlink:title="presentation: AuthenticityRateOfCustomerInformationOperationalRiskInSalesUnderwritingAndEndorsementBusinessForLifeInsuranceCompany to NumberOfPoliciesWithIssuesOfCustomerInformationLossOrFalseInformationWithinAssessmentPeriodOperationalRiskInSalesUnderwritingAndEndorsementBusinessForLifeInsuranceCompany" use="optional" order="10.0" preferredLabel="http://www.xbrl.org/2003/role/terseLabel"/>
    <link:loc xlink:type="locator" xlink:href="../../c-ross_irr_core_2015-12-31.xsd#c-ross_irr_OperationalRiskInSalesAndUnderwritingBusinessForLifeInsuranceCompanyNumberOfPoliciesReviewedByCompanyForAuthenticityOfCustomerInformationWithinAssessmentPeriod" xlink:label="NumberOfPoliciesWithAuditingOnAuthenticityOfCustomerInformationWithinAssessmentPeriodOperationalRiskInSalesUnderwritingAndEndorsementBusinessForLifeInsuranceCompany" xlink:title="NumberOfPoliciesWithAuditingOnAuthenticityOfCustomerInformationWithinAssessmentPeriodOperationalRiskInSalesUnderwritingAndEndorsementBusinessForLifeInsuranceCompany"/>
    <link:presentationArc xlink:type="arc" xlink:arcrole="http://www.xbrl.org/2003/arcrole/parent-child" xlink:from="AuthenticityRateOfCustomerInformationOperationalRiskInSalesUnderwritingAndEndorsementBusinessForLifeInsuranceCompany" xlink:to="NumberOfPoliciesWithAuditingOnAuthenticityOfCustomerInformationWithinAssessmentPeriodOperationalRiskInSalesUnderwritingAndEndorsementBusinessForLifeInsuranceCompany" xlink:title="presentation: AuthenticityRateOfCustomerInformationOperationalRiskInSalesUnderwritingAndEndorsementBusinessForLifeInsuranceCompany to NumberOfPoliciesWithAuditingOnAuthenticityOfCustomerInformationWithinAssessmentPeriodOperationalRiskInSalesUnderwritingAndEndorsementBusinessForLifeInsuranceCompany" use="optional" order="20.0" preferredLabel="http://www.xbrl.org/2003/role/terseLabel"/>
    <link:loc xlink:type="locator" xlink:href="../../c-ross_irr_core_2015-12-31.xsd#c-ross_irr_OperationalRiskInSalesAndUnderwritingBusinessForLifeInsuranceCompanyUnauthorizedPromotionOrTrainingDocumentsScore" xlink:label="UnauthorizedToCopyPromotionOrTrainingDocumentsScoreOperationalRiskInSalesUnderwritingAndEndorsementBusinessForLifeInsuranceCompany" xlink:title="UnauthorizedToCopyPromotionOrTrainingDocumentsScoreOperationalRiskInSalesUnderwritingAndEndorsementBusinessForLifeInsuranceCompany"/>
    <link:presentationArc xlink:type="arc" xlink:arcrole="http://www.xbrl.org/2003/arcrole/parent-child" xlink:from="OperatingProceduresScoreOperationalRiskInSalesUnderwritingAndEndorsementBusinessForLifeInsuranceCompany" xlink:to="UnauthorizedToCopyPromotionOrTrainingDocumentsScoreOperationalRiskInSalesUnderwritingAndEndorsementBusinessForLifeInsuranceCompany" xlink:title="presentation: OperatingProceduresScoreOperationalRiskInSalesUnderwritingAndEndorsementBusinessForLifeInsuranceCompany to UnauthorizedToCopyPromotionOrTrainingDocumentsScoreOperationalRiskInSalesUnderwritingAndEndorsementBusinessForLifeInsuranceCompany" use="optional" order="30.0" preferredLabel="http://www.xbrl.org/2003/role/terseLabel"/>
    <link:loc xlink:type="locator" xlink:href="../../c-ross_irr_core_2015-12-31.xsd#c-ross_irr_OperationalRiskInSalesAndUnderwritingBusinessForLifeInsuranceCompanyNumberOfUnauthorizedPromotionOrTrainingDocumentsFoundByCompanysSelfInspection" xlink:label="NumberOfUnauthorizedEventsToCopyPromotionOrTrainingDocumentsDiscoveredByCompanyItselfOperationalRiskInSalesUnderwritingAndEndorsementBusinessForLifeInsuranceCompany" xlink:title="NumberOfUnauthorizedEventsToCopyPromotionOrTrainingDocumentsDiscoveredByCompanyItselfOperationalRiskInSalesUnderwritingAndEndorsementBusinessForLifeInsuranceCompany"/>
    <link:presentationArc xlink:type="arc" xlink:arcrole="http://www.xbrl.org/2003/arcrole/parent-child" xlink:from="UnauthorizedToCopyPromotionOrTrainingDocumentsScoreOperationalRiskInSalesUnderwritingAndEndorsementBusinessForLifeInsuranceCompany" xlink:to="NumberOfUnauthorizedEventsToCopyPromotionOrTrainingDocumentsDiscoveredByCompanyItselfOperationalRiskInSalesUnderwritingAndEndorsementBusinessForLifeInsuranceCompany" xlink:title="presentation: UnauthorizedToCopyPromotionOrTrainingDocumentsScoreOperationalRiskInSalesUnderwritingAndEndorsementBusinessForLifeInsuranceCompany to NumberOfUnauthorizedEventsToCopyPromotionOrTrainingDocumentsDiscoveredByCompanyItselfOperationalRiskInSalesUnderwritingAndEndorsementBusinessForLifeInsuranceCompany" use="optional" order="10.0" preferredLabel="http://www.xbrl.org/2003/role/terseLabel"/>
    <link:loc xlink:type="locator" xlink:href="../../c-ross_irr_core_2015-12-31.xsd#c-ross_irr_OperationalRiskInSalesAndUnderwritingBusinessForLifeInsuranceCompanyMisSellingIssueAtProductSeminarScore" xlink:label="MisleadingInSalesAtProductExhibitionScoreOperationalRiskInSalesUnderwritingAndEndorsementBusinessForLifeInsuranceCompany" xlink:title="MisleadingInSalesAtProductExhibitionScoreOperationalRiskInSalesUnderwritingAndEndorsementBusinessForLifeInsuranceCompany"/>
    <link:presentationArc xlink:type="arc" xlink:arcrole="http://www.xbrl.org/2003/arcrole/parent-child" xlink:from="OperatingProceduresScoreOperationalRiskInSalesUnderwritingAndEndorsementBusinessForLifeInsuranceCompany" xlink:to="MisleadingInSalesAtProductExhibitionScoreOperationalRiskInSalesUnderwritingAndEndorsementBusinessForLifeInsuranceCompany" xlink:title="presentation: OperatingProceduresScoreOperationalRiskInSalesUnderwritingAndEndorsementBusinessForLifeInsuranceCompany to MisleadingInSalesAtProductExhibitionScoreOperationalRiskInSalesUnderwritingAndEndorsementBusinessForLifeInsuranceCompany" use="optional" order="40.0" preferredLabel="http://www.xbrl.org/2003/role/terseLabel"/>
    <link:loc xlink:type="locator" xlink:href="../../c-ross_irr_core_2015-12-31.xsd#c-ross_irr_OperationalRiskInSalesAndUnderwritingBusinessForLifeInsuranceCompanyNumberOfMisSellingIssueAtProductSeminarFoundByCompanysSelfInspection" xlink:label="NumberOfMisleadingInSalesAtProductExhibitionEventsDiscoveredByCompanyItselfOperationalRiskInSalesUnderwritingAndEndorsementBusinessForLifeInsuranceCompany" xlink:title="NumberOfMisleadingInSalesAtProductExhibitionEventsDiscoveredByCompanyItselfOperationalRiskInSalesUnderwritingAndEndorsementBusinessForLifeInsuranceCompany"/>
    <link:presentationArc xlink:type="arc" xlink:arcrole="http://www.xbrl.org/2003/arcrole/parent-child" xlink:from="MisleadingInSalesAtProductExhibitionScoreOperationalRiskInSalesUnderwritingAndEndorsementBusinessForLifeInsuranceCompany" xlink:to="NumberOfMisleadingInSalesAtProductExhibitionEventsDiscoveredByCompanyItselfOperationalRiskInSalesUnderwritingAndEndorsementBusinessForLifeInsuranceCompany" xlink:title="presentation: MisleadingInSalesAtProductExhibitionScoreOperationalRiskInSalesUnderwritingAndEndorsementBusinessForLifeInsuranceCompany to NumberOfMisleadingInSalesAtProductExhibitionEventsDiscoveredByCompanyItselfOperationalRiskInSalesUnderwritingAndEndorsementBusinessForLifeInsuranceCompany" use="optional" order="10.0" preferredLabel="http://www.xbrl.org/2003/role/terseLabel"/>
    <link:loc xlink:type="locator" xlink:href="../../c-ross_irr_core_2015-12-31.xsd#c-ross_irr_OperationalRiskInSalesAndUnderwritingBusinessForLifeInsuranceCompanyMisSellingIssueInTelemarketingScore" xlink:label="IssuesOfMisleadingInTelemarketingActivitiesScoreOperationalRiskInSalesUnderwritingAndEndorsementBusinessForLifeInsuranceCompany" xlink:title="IssuesOfMisleadingInTelemarketingActivitiesScoreOperationalRiskInSalesUnderwritingAndEndorsementBusinessForLifeInsuranceCompany"/>
    <link:presentationArc xlink:type="arc" xlink:arcrole="http://www.xbrl.org/2003/arcrole/parent-child" xlink:from="OperatingProceduresScoreOperationalRiskInSalesUnderwritingAndEndorsementBusinessForLifeInsuranceCompany" xlink:to="IssuesOfMisleadingInTelemarketingActivitiesScoreOperationalRiskInSalesUnderwritingAndEndorsementBusinessForLifeInsuranceCompany" xlink:title="presentation: OperatingProceduresScoreOperationalRiskInSalesUnderwritingAndEndorsementBusinessForLifeInsuranceCompany to IssuesOfMisleadingInTelemarketingActivitiesScoreOperationalRiskInSalesUnderwritingAndEndorsementBusinessForLifeInsuranceCompany" use="optional" order="50.0" preferredLabel="http://www.xbrl.org/2003/role/terseLabel"/>
    <link:loc xlink:type="locator" xlink:href="../../c-ross_irr_core_2015-12-31.xsd#c-ross_irr_OperationalRiskInSalesAndUnderwritingBusinessForLifeInsuranceCompanyProportionOfMisSellingIssueInTelemarketing" xlink:label="ProportionOfIssuesOfMisleadingInTelemarketingActivitiesOperationalRiskInSalesUnderwritingAndEndorsementBusinessForLifeInsuranceCompany" xlink:title="ProportionOfIssuesOfMisleadingInTelemarketingActivitiesOperationalRiskInSalesUnderwritingAndEndorsementBusinessForLifeInsuranceCompany"/>
    <link:presentationArc xlink:type="arc" xlink:arcrole="http://www.xbrl.org/2003/arcrole/parent-child" xlink:from="IssuesOfMisleadingInTelemarketingActivitiesScoreOperationalRiskInSalesUnderwritingAndEndorsementBusinessForLifeInsuranceCompany" xlink:to="ProportionOfIssuesOfMisleadingInTelemarketingActivitiesOperationalRiskInSalesUnderwritingAndEndorsementBusinessForLifeInsuranceCompany" xlink:title="presentation: OperationalRiskInSalesAndUnderwritingBusinessForLifeInsuranceCompanyMisSellingIssueInTelemarketingScore to OperationalRiskInSalesAndUnderwritingBusinessForLifeInsuranceCompanyProportionOfMisSellingIssueInTelemarketing" use="optional" order="10.0" preferredLabel="http://www.xbrl.org/2003/role/terseLabel"/>
    <link:loc xlink:type="locator" xlink:href="../../c-ross_irr_core_2015-12-31.xsd#c-ross_irr_OperationalRiskInSalesAndUnderwritingBusinessForLifeInsuranceCompanyNumberOfMisSellingPolicyFoundDuringCompanysQualityCheckWithinAssessmentPeriod" xlink:label="NumberOfPoliciesWithMisguidingBySalesmanFoundByTelemarketingInspectionWithinAssessmentPeriodOperationalRiskInSalesUnderwritingAndEndorsementBusinessForLifeInsuranceCompany" xlink:title="NumberOfPoliciesWithMisguidingBySalesmanFoundByTelemarketingInspectionWithinAssessmentPeriodOperationalRiskInSalesUnderwritingAndEndorsementBusinessForLifeInsuranceCompany"/>
    <link:presentationArc xlink:type="arc" xlink:arcrole="http://www.xbrl.org/2003/arcrole/parent-child" xlink:from="ProportionOfIssuesOfMisleadingInTelemarketingActivitiesOperationalRiskInSalesUnderwritingAndEndorsementBusinessForLifeInsuranceCompany" xlink:to="NumberOfPoliciesWithMisguidingBySalesmanFoundByTelemarketingInspectionWithinAssessmentPeriodOperationalRiskInSalesUnderwritingAndEndorsementBusinessForLifeInsuranceCompany" xlink:title="presentation: ProportionOfIssuesOfMisleadingInTelemarketingActivitiesOperationalRiskInSalesUnderwritingAndEndorsementBusinessForLifeInsuranceCompany to NumberOfPoliciesWithMisguidingBySalesmanFoundByTelemarketingInspectionWithinAssessmentPeriodOperationalRiskInSalesUnderwritingAndEndorsementBusinessForLifeInsuranceCompany" use="optional" order="10.0" preferredLabel="http://www.xbrl.org/2003/role/terseLabel"/>
    <link:loc xlink:type="locator" xlink:href="../../c-ross_irr_core_2015-12-31.xsd#c-ross_irr_OperationalRiskInSalesAndUnderwritingBusinessForLifeInsuranceCompanyTotalNumberOfPoliciesConductedWithQualityCheckByCompanyInTelemarketingWithinAssessmentPeriod" xlink:label="AmountOfPoliciesInTelemarketingInspectionWithinAssessmentPeriodOperationalRiskInSalesUnderwritingAndEndorsementBusinessForLifeInsuranceCompany" xlink:title="AmountOfPoliciesInTelemarketingInspectionWithinAssessmentPeriodOperationalRiskInSalesUnderwritingAndEndorsementBusinessForLifeInsuranceCompany"/>
    <link:presentationArc xlink:type="arc" xlink:arcrole="http://www.xbrl.org/2003/arcrole/parent-child" xlink:from="ProportionOfIssuesOfMisleadingInTelemarketingActivitiesOperationalRiskInSalesUnderwritingAndEndorsementBusinessForLifeInsuranceCompany" xlink:to="AmountOfPoliciesInTelemarketingInspectionWithinAssessmentPeriodOperationalRiskInSalesUnderwritingAndEndorsementBusinessForLifeInsuranceCompany" xlink:title="presentation: ProportionOfIssuesOfMisleadingInTelemarketingActivitiesOperationalRiskInSalesUnderwritingAndEndorsementBusinessForLifeInsuranceCompany to AmountOfPoliciesInTelemarketingInspectionWithinAssessmentPeriodOperationalRiskInSalesUnderwritingAndEndorsementBusinessForLifeInsuranceCompany" use="optional" order="20.0" preferredLabel="http://www.xbrl.org/2003/role/terseLabel"/>
    <link:loc xlink:type="locator" xlink:href="../../c-ross_irr_core_2015-12-31.xsd#c-ross_irr_OperationalRiskInSalesAndUnderwritingBusinessForLifeInsuranceCompanyIllegalSalesOfNonInsuranceFinancialProductsScore" xlink:label="IllegalPromotionOfNonInsuranceOrNonFinancialProductsScoreOperationalRiskInSalesUnderwritingAndEndorsementBusinessForLifeInsuranceCompany" xlink:title="IllegalPromotionOfNonInsuranceOrNonFinancialProductsScoreOperationalRiskInSalesUnderwritingAndEndorsementBusinessForLifeInsuranceCompany"/>
    <link:presentationArc xlink:type="arc" xlink:arcrole="http://www.xbrl.org/2003/arcrole/parent-child" xlink:from="OperatingProceduresScoreOperationalRiskInSalesUnderwritingAndEndorsementBusinessForLifeInsuranceCompany" xlink:to="IllegalPromotionOfNonInsuranceOrNonFinancialProductsScoreOperationalRiskInSalesUnderwritingAndEndorsementBusinessForLifeInsuranceCompany" xlink:title="presentation: OperatingProceduresScoreOperationalRiskInSalesUnderwritingAndEndorsementBusinessForLifeInsuranceCompany to IllegalPromotionOfNonInsuranceOrNonFinancialProductsScoreOperationalRiskInSalesUnderwritingAndEndorsementBusinessForLifeInsuranceCompany" use="optional" order="60.0" preferredLabel="http://www.xbrl.org/2003/role/terseLabel"/>
    <link:loc xlink:type="locator" xlink:href="../../c-ross_irr_core_2015-12-31.xsd#c-ross_irr_OperationalRiskInSalesAndUnderwritingBusinessForLifeInsuranceCompanyNumberOfIllegalSalesOfNonInsuranceFinancialProductsFoundByCompanysSelfInspection" xlink:label="NumberOfIllegalPromotionOfNonInsuranceOrNonFinancialProductsEventsDiscoveredByCompanyItselfOperationalRiskInSalesUnderwritingAndEndorsementBusinessForLifeInsuranceCompany" xlink:title="NumberOfIllegalPromotionOfNonInsuranceOrNonFinancialProductsEventsDiscoveredByCompanyItselfOperationalRiskInSalesUnderwritingAndEndorsementBusinessForLifeInsuranceCompany"/>
    <link:presentationArc xlink:type="arc" xlink:arcrole="http://www.xbrl.org/2003/arcrole/parent-child" xlink:from="IllegalPromotionOfNonInsuranceOrNonFinancialProductsScoreOperationalRiskInSalesUnderwritingAndEndorsementBusinessForLifeInsuranceCompany" xlink:to="NumberOfIllegalPromotionOfNonInsuranceOrNonFinancialProductsEventsDiscoveredByCompanyItselfOperationalRiskInSalesUnderwritingAndEndorsementBusinessForLifeInsuranceCompany" xlink:title="presentation: IllegalPromotionOfNonInsuranceOrNonFinancialProductsScoreOperationalRiskInSalesUnderwritingAndEndorsementBusinessForLifeInsuranceCompany to NumberOfIllegalPromotionOfNonInsuranceOrNonFinancialProductsEventsDiscoveredByCompanyItselfOperationalRiskInSalesUnderwritingAndEndorsementBusinessForLifeInsuranceCompany" use="optional" order="10.0" preferredLabel="http://www.xbrl.org/2003/role/terseLabel"/>
    <link:loc xlink:type="locator" xlink:href="../../c-ross_irr_core_2015-12-31.xsd#c-ross_irr_OperationalRiskInSalesAndUnderwritingBusinessForLifeInsuranceCompanyOrganizeAndInvolveInIllegalFundRaisingScore" xlink:label="OrganizedAndInvolvedInIllegalFinancingScoreOperationalRiskInSalesUnderwritingAndEndorsementBusinessForLifeInsuranceCompany" xlink:title="OrganizedAndInvolvedInIllegalFinancingScoreOperationalRiskInSalesUnderwritingAndEndorsementBusinessForLifeInsuranceCompany"/>
    <link:presentationArc xlink:type="arc" xlink:arcrole="http://www.xbrl.org/2003/arcrole/parent-child" xlink:from="OperatingProceduresScoreOperationalRiskInSalesUnderwritingAndEndorsementBusinessForLifeInsuranceCompany" xlink:to="OrganizedAndInvolvedInIllegalFinancingScoreOperationalRiskInSalesUnderwritingAndEndorsementBusinessForLifeInsuranceCompany" xlink:title="presentation: OperatingProceduresScoreOperationalRiskInSalesUnderwritingAndEndorsementBusinessForLifeInsuranceCompany to OrganizedAndInvolvedInIllegalFinancingScoreOperationalRiskInSalesUnderwritingAndEndorsementBusinessForLifeInsuranceCompany" use="optional" order="70.0" preferredLabel="http://www.xbrl.org/2003/role/terseLabel"/>
    <link:loc xlink:type="locator" xlink:href="../../c-ross_irr_core_2015-12-31.xsd#c-ross_irr_OperationalRiskInSalesAndUnderwritingBusinessForLifeInsuranceCompanyNumberOfEventsOfOrganizingAndInvolvingInIllegalFundRaisingFoundByCompanysSelfInspection" xlink:label="NumberOfOrganizedAndInvolvedInIllegalFinancingEventsDiscoveredByCompanyItselfOperationalRiskInSalesUnderwritingAndEndorsementBusinessForLifeInsuranceCompany" xlink:title="NumberOfOrganizedAndInvolvedInIllegalFinancingEventsDiscoveredByCompanyItselfOperationalRiskInSalesUnderwritingAndEndorsementBusinessForLifeInsuranceCompany"/>
    <link:presentationArc xlink:type="arc" xlink:arcrole="http://www.xbrl.org/2003/arcrole/parent-child" xlink:from="OrganizedAndInvolvedInIllegalFinancingScoreOperationalRiskInSalesUnderwritingAndEndorsementBusinessForLifeInsuranceCompany" xlink:to="NumberOfOrganizedAndInvolvedInIllegalFinancingEventsDiscoveredByCompanyItselfOperationalRiskInSalesUnderwritingAndEndorsementBusinessForLifeInsuranceCompany" xlink:title="presentation: OrganizedAndInvolvedInIllegalFinancingScoreOperationalRiskInSalesUnderwritingAndEndorsementBusinessForLifeInsuranceCompany to NumberOfOrganizedAndInvolvedInIllegalFinancingEventsDiscoveredByCompanyItselfOperationalRiskInSalesUnderwritingAndEndorsementBusinessForLifeInsuranceCompany" use="optional" order="10.0" preferredLabel="http://www.xbrl.org/2003/role/terseLabel"/>
    <link:loc xlink:type="locator" xlink:href="../../c-ross_irr_core_2015-12-31.xsd#c-ross_irr_OperationalRiskInSalesAndUnderwritingBusinessForLifeInsuranceCompanyFraudThroughStealAndForgeryOfSealAndPolicyScore" xlink:label="FraudThroughStealAndForgeryOfSealAndPolicyScoreOperationalRiskInSalesUnderwritingAndEndorsementBusinessForLifeInsuranceCompany" xlink:title="FraudThroughStealAndForgeryOfSealAndPolicyScoreOperationalRiskInSalesUnderwritingAndEndorsementBusinessForLifeInsuranceCompany"/>
    <link:presentationArc xlink:type="arc" xlink:arcrole="http://www.xbrl.org/2003/arcrole/parent-child" xlink:from="OperatingProceduresScoreOperationalRiskInSalesUnderwritingAndEndorsementBusinessForLifeInsuranceCompany" xlink:to="FraudThroughStealAndForgeryOfSealAndPolicyScoreOperationalRiskInSalesUnderwritingAndEndorsementBusinessForLifeInsuranceCompany" xlink:title="presentation: OperatingProceduresScoreOperationalRiskInSalesUnderwritingAndEndorsementBusinessForLifeInsuranceCompany to FraudThroughStealAndForgeryOfSealAndPolicyScoreOperationalRiskInSalesUnderwritingAndEndorsementBusinessForLifeInsuranceCompany" use="optional" order="80.0" preferredLabel="http://www.xbrl.org/2003/role/terseLabel"/>
    <link:loc xlink:type="locator" xlink:href="../../c-ross_irr_core_2015-12-31.xsd#c-ross_irr_OperationalRiskInSalesAndUnderwritingBusinessForLifeInsuranceCompanyNumberOfFraudThroughStealAndForgeryOfSealAndPolicyEventsFoundByCompanysSelfInspection" xlink:label="NumberOfFraudThroughStealAndForgeryOfSealAndPolicyEventsDiscoveredByCompanyItselfOperationalRiskInSalesUnderwritingAndEndorsementBusinessForLifeInsuranceCompany" xlink:title="NumberOfFraudThroughStealAndForgeryOfSealAndPolicyEventsDiscoveredByCompanyItselfOperationalRiskInSalesUnderwritingAndEndorsementBusinessForLifeInsuranceCompany"/>
    <link:presentationArc xlink:type="arc" xlink:arcrole="http://www.xbrl.org/2003/arcrole/parent-child" xlink:from="FraudThroughStealAndForgeryOfSealAndPolicyScoreOperationalRiskInSalesUnderwritingAndEndorsementBusinessForLifeInsuranceCompany" xlink:to="NumberOfFraudThroughStealAndForgeryOfSealAndPolicyEventsDiscoveredByCompanyItselfOperationalRiskInSalesUnderwritingAndEndorsementBusinessForLifeInsuranceCompany" xlink:title="presentation: FraudThroughStealAndForgeryOfSealAndPolicyScoreOperationalRiskInSalesUnderwritingAndEndorsementBusinessForLifeInsuranceCompany to NumberOfFraudThroughStealAndForgeryOfSealAndPolicyEventsDiscoveredByCompanyItselfOperationalRiskInSalesUnderwritingAndEndorsementBusinessForLifeInsuranceCompany" use="optional" order="10.0" preferredLabel="http://www.xbrl.org/2003/role/terseLabel"/>
    <link:loc xlink:type="locator" xlink:href="../../c-ross_irr_core_2015-12-31.xsd#c-ross_irr_OperationalRiskInSalesAndUnderwritingBusinessForLifeInsuranceCompanyEmbezzlementAndMisappropriationOfPremiumScore" xlink:label="EmbezzlementAndMisappropriationFromPremiumScoreOperationalRiskInSalesUnderwritingAndEndorsementBusinessForLifeInsuranceCompany" xlink:title="EmbezzlementAndMisappropriationFromPremiumScoreOperationalRiskInSalesUnderwritingAndEndorsementBusinessForLifeInsuranceCompany"/>
    <link:presentationArc xlink:type="arc" xlink:arcrole="http://www.xbrl.org/2003/arcrole/parent-child" xlink:from="OperatingProceduresScoreOperationalRiskInSalesUnderwritingAndEndorsementBusinessForLifeInsuranceCompany" xlink:to="EmbezzlementAndMisappropriationFromPremiumScoreOperationalRiskInSalesUnderwritingAndEndorsementBusinessForLifeInsuranceCompany" xlink:title="presentation: OperatingProceduresScoreOperationalRiskInSalesUnderwritingAndEndorsementBusinessForLifeInsuranceCompany to EmbezzlementAndMisappropriationFromPremiumScoreOperationalRiskInSalesUnderwritingAndEndorsementBusinessForLifeInsuranceCompany" use="optional" order="90.0" preferredLabel="http://www.xbrl.org/2003/role/terseLabel"/>
    <link:loc xlink:type="locator" xlink:href="../../c-ross_irr_core_2015-12-31.xsd#c-ross_irr_OperationalRiskInSalesAndUnderwritingBusinessForLifeInsuranceCompanyNumberOfEmbezzlementAndMisappropriationOfPremiumFoundByCompanysSelfInspection" xlink:label="NumberOfEmbezzlementAndMisappropriationFromPremiumDiscoveredByCompanyItselfOperationalRiskInSalesUnderwritingAndEndorsementBusinessForLifeInsuranceCompany" xlink:title="NumberOfEmbezzlementAndMisappropriationFromPremiumDiscoveredByCompanyItselfOperationalRiskInSalesUnderwritingAndEndorsementBusinessForLifeInsuranceCompany"/>
    <link:presentationArc xlink:type="arc" xlink:arcrole="http://www.xbrl.org/2003/arcrole/parent-child" xlink:from="EmbezzlementAndMisappropriationFromPremiumScoreOperationalRiskInSalesUnderwritingAndEndorsementBusinessForLifeInsuranceCompany" xlink:to="NumberOfEmbezzlementAndMisappropriationFromPremiumDiscoveredByCompanyItselfOperationalRiskInSalesUnderwritingAndEndorsementBusinessForLifeInsuranceCompany" xlink:title="presentation: EmbezzlementAndMisappropriationFromPremiumScoreOperationalRiskInSalesUnderwritingAndEndorsementBusinessForLifeInsuranceCompany to NumberOfEmbezzlementAndMisappropriationFromPremiumDiscoveredByCompanyItselfOperationalRiskInSalesUnderwritingAndEndorsementBusinessForLifeInsuranceCompany" use="optional" order="10.0" preferredLabel="http://www.xbrl.org/2003/role/terseLabel"/>
    <link:loc xlink:type="locator" xlink:href="../../c-ross_irr_core_2015-12-31.xsd#c-ross_irr_OperationalRiskInSalesAndUnderwritingBusinessForLifeInsuranceCompanyStaffPersonnelFactorsScore" xlink:label="StaffPersonnelFactorsScoreOperationalRiskInSalesUnderwritingAndEndorsementBusinessForLifeInsuranceCompany" xlink:title="StaffPersonnelFactorsScoreOperationalRiskInSalesUnderwritingAndEndorsementBusinessForLifeInsuranceCompany"/>
    <link:presentationArc xlink:type="arc" xlink:arcrole="http://www.xbrl.org/2003/arcrole/parent-child" xlink:from="OperationalRiskInSalesAndUnderwritingBusinessForLifeInsuranceCompanyAbstract" xlink:to="StaffPersonnelFactorsScoreOperationalRiskInSalesUnderwritingAndEndorsementBusinessForLifeInsuranceCompany" xlink:title="presentation: OperationalRiskInSalesAndUnderwritingBusinessForLifeInsuranceCompanyAbstract to StaffPersonnelFactorsScoreOperationalRiskInSalesUnderwritingAndEndorsementBusinessForLifeInsuranceCompany" order="10.0" preferredLabel="http://www.xbrl.org/2003/role/terseLabel"/>
    <link:loc xlink:type="locator" xlink:href="../../c-ross_irr_core_2015-12-31.xsd#c-ross_irr_OperationalRiskInSalesAndUnderwritingBusinessForLifeInsuranceCompanyTurnoverRateOfSalesPersonnelScore" xlink:label="TurnoverRateOfSalesPersonnelScoreOperationalRiskInSalesUnderwritingAndEndorsementBusinessForLifeInsuranceCompany" xlink:title="TurnoverRateOfSalesPersonnelScoreOperationalRiskInSalesUnderwritingAndEndorsementBusinessForLifeInsuranceCompany"/>
    <link:presentationArc xlink:type="arc" xlink:arcrole="http://www.xbrl.org/2003/arcrole/parent-child" xlink:from="StaffPersonnelFactorsScoreOperationalRiskInSalesUnderwritingAndEndorsementBusinessForLifeInsuranceCompany" xlink:to="TurnoverRateOfSalesPersonnelScoreOperationalRiskInSalesUnderwritingAndEndorsementBusinessForLifeInsuranceCompany" xlink:title="presentation: StaffPersonnelFactorsScoreOperationalRiskInSalesUnderwritingAndEndorsementBusinessForLifeInsuranceCompany to TurnoverRateOfSalesPersonnelScoreOperationalRiskInSalesUnderwritingAndEndorsementBusinessForLifeInsuranceCompany" use="optional" order="10.0" preferredLabel="http://www.xbrl.org/2003/role/terseLabel"/>
    <link:loc xlink:type="locator" xlink:href="../../c-ross_irr_core_2015-12-31.xsd#c-ross_irr_OperationalRiskInSalesAndUnderwritingBusinessForLifeInsuranceCompanyTurnoverRateOfSalesPersonnel" xlink:label="TurnoverRateOfSalesPersonnelOperationalRiskInSalesUnderwritingAndEndorsementBusinessForLifeInsuranceCompany" xlink:title="TurnoverRateOfSalesPersonnelOperationalRiskInSalesUnderwritingAndEndorsementBusinessForLifeInsuranceCompany"/>
    <link:presentationArc xlink:type="arc" xlink:arcrole="http://www.xbrl.org/2003/arcrole/parent-child" xlink:from="TurnoverRateOfSalesPersonnelScoreOperationalRiskInSalesUnderwritingAndEndorsementBusinessForLifeInsuranceCompany" xlink:to="TurnoverRateOfSalesPersonnelOperationalRiskInSalesUnderwritingAndEndorsementBusinessForLifeInsuranceCompany" xlink:title="presentation: TurnoverRateOfSalesPersonnelScoreOperationalRiskInSalesUnderwritingAndEndorsementBusinessForLifeInsuranceCompany to TurnoverRateOfSalesPersonnelOperationalRiskInSalesUnderwritingAndEndorsementBusinessForLifeInsuranceCompany" use="optional" order="10.0" preferredLabel="http://www.xbrl.org/2003/role/terseLabel"/>
    <link:loc xlink:type="locator" xlink:href="../../c-ross_irr_core_2015-12-31.xsd#c-ross_irr_OperationalRiskInSalesAndUnderwritingBusinessForLifeInsuranceCompanyNumberOfSalesPersonnelDemissionWithinAssessmentPeriod" xlink:label="NumberOfSalesmanDemissionWithinAssessmentPeriodOperationalRiskInSalesUnderwritingAndEndorsementBusinessForLifeInsuranceCompany" xlink:title="NumberOfSalesmanDemissionWithinAssessmentPeriodOperationalRiskInSalesUnderwritingAndEndorsementBusinessForLifeInsuranceCompany"/>
    <link:presentationArc xlink:type="arc" xlink:arcrole="http://www.xbrl.org/2003/arcrole/parent-child" xlink:from="TurnoverRateOfSalesPersonnelOperationalRiskInSalesUnderwritingAndEndorsementBusinessForLifeInsuranceCompany" xlink:to="NumberOfSalesmanDemissionWithinAssessmentPeriodOperationalRiskInSalesUnderwritingAndEndorsementBusinessForLifeInsuranceCompany" xlink:title="presentation: TurnoverRateOfSalesPersonnelOperationalRiskInSalesUnderwritingAndEndorsementBusinessForLifeInsuranceCompany to NumberOfSalesmanDemissionWithinAssessmentPeriodOperationalRiskInSalesUnderwritingAndEndorsementBusinessForLifeInsuranceCompany" use="optional" order="10.0" preferredLabel="http://www.xbrl.org/2003/role/terseLabel"/>
    <link:loc xlink:type="locator" xlink:href="../../c-ross_irr_core_2015-12-31.xsd#c-ross_irr_OperationalRiskInSalesAndUnderwritingBusinessForLifeInsuranceCompanyNumberOfSalesPersonnel" xlink:label="NumberOfSalesmanAtEndOfAssessmentPeriodOperationalRiskInSalesUnderwritingAndEndorsementBusinessForLifeInsuranceCompany" xlink:title="NumberOfSalesmanAtEndOfAssessmentPeriodOperationalRiskInSalesUnderwritingAndEndorsementBusinessForLifeInsuranceCompany"/>
    <link:presentationArc xlink:type="arc" xlink:arcrole="http://www.xbrl.org/2003/arcrole/parent-child" xlink:from="TurnoverRateOfSalesPersonnelOperationalRiskInSalesUnderwritingAndEndorsementBusinessForLifeInsuranceCompany" xlink:to="NumberOfSalesmanAtEndOfAssessmentPeriodOperationalRiskInSalesUnderwritingAndEndorsementBusinessForLifeInsuranceCompany" xlink:title="presentation: TurnoverRateOfSalesPersonnelOperationalRiskInSalesUnderwritingAndEndorsementBusinessForLifeInsuranceCompany to NumberOfSalesmanAtEndOfAssessmentPeriodOperationalRiskInSalesUnderwritingAndEndorsementBusinessForLifeInsuranceCompany" use="optional" order="20.0" preferredLabel="http://www.xbrl.org/2003/role/periodStartLabel"/>
    <link:loc xlink:type="locator" xlink:href="../../c-ross_irr_core_2015-12-31.xsd#c-ross_irr_OperationalRiskInSalesAndUnderwritingBusinessForLifeInsuranceCompanyNumberOfSalesPersonnel" xlink:label="NumberOfSalesPersonnelOperationalRiskInSalesUnderwritingAndEndorsementBusinessForLifeInsuranceCompany" xlink:title="NumberOfSalesmanAtEndOfAssessmentPeriodOperationalRiskInSalesUnderwritingAndEndorsementBusinessForLifeInsuranceCompany"/>
    <link:presentationArc xlink:type="arc" xlink:arcrole="http://www.xbrl.org/2003/arcrole/parent-child" xlink:from="TurnoverRateOfSalesPersonnelOperationalRiskInSalesUnderwritingAndEndorsementBusinessForLifeInsuranceCompany" xlink:to="NumberOfSalesPersonnelOperationalRiskInSalesUnderwritingAndEndorsementBusinessForLifeInsuranceCompany" xlink:title="presentation: TurnoverRateOfSalesPersonnelOperationalRiskInSalesUnderwritingAndEndorsementBusinessForLifeInsuranceCompany to NumberOfSalesPersonnelOperationalRiskInSalesUnderwritingAndEndorsementBusinessForLifeInsuranceCompany" use="optional" priority="1" order="30.0" preferredLabel="http://www.xbrl.org/2003/role/periodEndLabel"/>
    <link:loc xlink:type="locator" xlink:href="../../c-ross_irr_core_2015-12-31.xsd#c-ross_irr_OperationalRiskInSalesAndUnderwritingBusinessForLifeInsuranceCompanyWorkExperienceOfUnderwritingPersonnelScore" xlink:label="WorkExperienceOfUnderwritingPersonnelScoreOperationalRiskInSalesUnderwritingAndEndorsementBusinessForLifeInsuranceCompany" xlink:title="WorkExperienceOfUnderwritingPersonnelScoreOperationalRiskInSalesUnderwritingAndEndorsementBusinessForLifeInsuranceCompany"/>
    <link:presentationArc xlink:type="arc" xlink:arcrole="http://www.xbrl.org/2003/arcrole/parent-child" xlink:from="StaffPersonnelFactorsScoreOperationalRiskInSalesUnderwritingAndEndorsementBusinessForLifeInsuranceCompany" xlink:to="WorkExperienceOfUnderwritingPersonnelScoreOperationalRiskInSalesUnderwritingAndEndorsementBusinessForLifeInsuranceCompany" xlink:title="presentation: StaffPersonnelFactorsScoreOperationalRiskInSalesUnderwritingAndEndorsementBusinessForLifeInsuranceCompany to WorkExperienceOfUnderwritingPersonnelScoreOperationalRiskInSalesUnderwritingAndEndorsementBusinessForLifeInsuranceCompany" use="optional" order="20.0" preferredLabel="http://www.xbrl.org/2003/role/terseLabel"/>
    <link:loc xlink:type="locator" xlink:href="../../c-ross_irr_core_2015-12-31.xsd#c-ross_irr_OperationalRiskInSalesAndUnderwritingBusinessForLifeInsuranceCompanyNumberOfServiceYearsForUnderwritingPersonnel" xlink:label="WorkExperienceOfUnderwritingPersonnelOperationalRiskInSalesUnderwritingAndEndorsementBusinessForLifeInsuranceCompany" xlink:title="WorkExperienceOfUnderwritingPersonnelOperationalRiskInSalesUnderwritingAndEndorsementBusinessForLifeInsuranceCompany"/>
    <link:presentationArc xlink:type="arc" xlink:arcrole="http://www.xbrl.org/2003/arcrole/parent-child" xlink:from="WorkExperienceOfUnderwritingPersonnelScoreOperationalRiskInSalesUnderwritingAndEndorsementBusinessForLifeInsuranceCompany" xlink:to="WorkExperienceOfUnderwritingPersonnelOperationalRiskInSalesUnderwritingAndEndorsementBusinessForLifeInsuranceCompany" xlink:title="presentation: WorkExperienceOfUnderwritingPersonnelScoreOperationalRiskInSalesUnderwritingAndEndorsementBusinessForLifeInsuranceCompany to WorkExperienceOfUnderwritingPersonnelOperationalRiskInSalesUnderwritingAndEndorsementBusinessForLifeInsuranceCompany" use="optional" order="10.0" preferredLabel="http://www.xbrl.org/2003/role/terseLabel"/>
    <link:loc xlink:type="locator" xlink:href="../../c-ross_irr_core_2015-12-31.xsd#c-ross_irr_OperationalRiskInSalesAndUnderwritingBusinessForLifeInsuranceCompanyNumberOfInternalStaffDedicatedForLifeInsuranceUnderwritingAtEndOfAssessmentPeriod" xlink:label="NumberOfInternalStaffForLifeInsuranceUnderwritingAtEndOfAssessmentPeriodOperationalRiskInSalesUnderwritingAndEndorsementBusinessForLifeInsuranceCompany" xlink:title="NumberOfInternalStaffForLifeInsuranceUnderwritingAtEndOfAssessmentPeriodOperationalRiskInSalesUnderwritingAndEndorsementBusinessForLifeInsuranceCompany"/>
    <link:presentationArc xlink:type="arc" xlink:arcrole="http://www.xbrl.org/2003/arcrole/parent-child" xlink:from="WorkExperienceOfUnderwritingPersonnelOperationalRiskInSalesUnderwritingAndEndorsementBusinessForLifeInsuranceCompany" xlink:to="NumberOfInternalStaffForLifeInsuranceUnderwritingAtEndOfAssessmentPeriodOperationalRiskInSalesUnderwritingAndEndorsementBusinessForLifeInsuranceCompany" xlink:title="presentation: WorkExperienceOfUnderwritingPersonnelOperationalRiskInSalesUnderwritingAndEndorsementBusinessForLifeInsuranceCompany to NumberOfInternalStaffForLifeInsuranceUnderwritingAtEndOfAssessmentPeriodOperationalRiskInSalesUnderwritingAndEndorsementBusinessForLifeInsuranceCompany" use="optional" order="10.0" preferredLabel="http://www.xbrl.org/2003/role/terseLabel"/>
    <link:loc xlink:type="locator" xlink:href="../../c-ross_irr_core_2015-12-31.xsd#c-ross_irr_OperationalRiskInSalesAndUnderwritingBusinessForLifeInsuranceCompanyNumberOfUnderwritingPersonnelWithMoreThanThreeYearsOfUnderwritingExperiencesAtEndOfAssessmentPeriod" xlink:label="NumberOfPeopleWithThreeYearsOfUnderwritingExperiencesOrAboveAtEndOfAssessmentPeriodOperationalRiskInSalesUnderwritingAndEndorsementBusinessForLifeInsuranceCompany" xlink:title="NumberOfPeopleWithThreeYearsOfUnderwritingExperiencesOrAboveAtEndOfAssessmentPeriodOperationalRiskInSalesUnderwritingAndEndorsementBusinessForLifeInsuranceCompany"/>
    <link:presentationArc xlink:type="arc" xlink:arcrole="http://www.xbrl.org/2003/arcrole/parent-child" xlink:from="WorkExperienceOfUnderwritingPersonnelOperationalRiskInSalesUnderwritingAndEndorsementBusinessForLifeInsuranceCompany" xlink:to="NumberOfPeopleWithThreeYearsOfUnderwritingExperiencesOrAboveAtEndOfAssessmentPeriodOperationalRiskInSalesUnderwritingAndEndorsementBusinessForLifeInsuranceCompany" xlink:title="presentation: WorkExperienceOfUnderwritingPersonnelOperationalRiskInSalesUnderwritingAndEndorsementBusinessForLifeInsuranceCompany to NumberOfPeopleWithThreeYearsOfUnderwritingExperiencesOrAboveAtEndOfAssessmentPeriodOperationalRiskInSalesUnderwritingAndEndorsementBusinessForLifeInsuranceCompany" use="optional" order="20.0" preferredLabel="http://www.xbrl.org/2003/role/terseLabel"/>
    <link:loc xlink:type="locator" xlink:href="../../c-ross_irr_core_2015-12-31.xsd#c-ross_irr_OperationalRiskInSalesAndUnderwritingBusinessForLifeInsuranceCompanyEducationLevelOfSalesPersonnelScore" xlink:label="EducationLevelOfSalesPersonnelScoreOperationalRiskInSalesUnderwritingAndEndorsementBusinessForLifeInsuranceCompany" xlink:title="EducationLevelOfSalesPersonnelScoreOperationalRiskInSalesUnderwritingAndEndorsementBusinessForLifeInsuranceCompany"/>
    <link:presentationArc xlink:type="arc" xlink:arcrole="http://www.xbrl.org/2003/arcrole/parent-child" xlink:from="StaffPersonnelFactorsScoreOperationalRiskInSalesUnderwritingAndEndorsementBusinessForLifeInsuranceCompany" xlink:to="EducationLevelOfSalesPersonnelScoreOperationalRiskInSalesUnderwritingAndEndorsementBusinessForLifeInsuranceCompany" xlink:title="presentation: StaffPersonnelFactorsScoreOperationalRiskInSalesUnderwritingAndEndorsementBusinessForLifeInsuranceCompany to EducationLevelOfSalesPersonnelScoreOperationalRiskInSalesUnderwritingAndEndorsementBusinessForLifeInsuranceCompany" use="optional" order="30.0" preferredLabel="http://www.xbrl.org/2003/role/terseLabel"/>
    <link:loc xlink:type="locator" xlink:href="../../c-ross_irr_core_2015-12-31.xsd#c-ross_irr_OperationalRiskInSalesAndUnderwritingBusinessForLifeInsuranceCompanyEducationLevelOfSalesPersonnel" xlink:label="EducationLevelOfSalesPersonnelOperationalRiskInSalesUnderwritingAndEndorsementBusinessForLifeInsuranceCompany" xlink:title="EducationLevelOfSalesPersonnelOperationalRiskInSalesUnderwritingAndEndorsementBusinessForLifeInsuranceCompany"/>
    <link:presentationArc xlink:type="arc" xlink:arcrole="http://www.xbrl.org/2003/arcrole/parent-child" xlink:from="EducationLevelOfSalesPersonnelScoreOperationalRiskInSalesUnderwritingAndEndorsementBusinessForLifeInsuranceCompany" xlink:to="EducationLevelOfSalesPersonnelOperationalRiskInSalesUnderwritingAndEndorsementBusinessForLifeInsuranceCompany" xlink:title="presentation: EducationLevelOfSalesPersonnelScoreOperationalRiskInSalesUnderwritingAndEndorsementBusinessForLifeInsuranceCompany to EducationLevelOfSalesPersonnelOperationalRiskInSalesUnderwritingAndEndorsementBusinessForLifeInsuranceCompany" use="optional" order="10.0" preferredLabel="http://www.xbrl.org/2003/role/terseLabel"/>
    <link:loc xlink:type="locator" xlink:href="../../c-ross_irr_core_2015-12-31.xsd#c-ross_irr_OperationalRiskInSalesAndUnderwritingBusinessForLifeInsuranceCompanyNumberOfPeopleWithJuniorCollegeDegreeOrAboveAtEndOfAssessmentPeriod" xlink:label="NumberOfPeopleWithJuniorCollegeDegreeOrAboveAtEndOfAssessmentPeriodOperationalRiskInSalesUnderwritingAndEndorsementBusinessForLifeInsuranceCompany" xlink:title="NumberOfPeopleWithJuniorCollegeDegreeOrAboveAtEndOfAssessmentPeriodOperationalRiskInSalesUnderwritingAndEndorsementBusinessForLifeInsuranceCompany"/>
    <link:presentationArc xlink:type="arc" xlink:arcrole="http://www.xbrl.org/2003/arcrole/parent-child" xlink:from="EducationLevelOfSalesPersonnelOperationalRiskInSalesUnderwritingAndEndorsementBusinessForLifeInsuranceCompany" xlink:to="NumberOfPeopleWithJuniorCollegeDegreeOrAboveAtEndOfAssessmentPeriodOperationalRiskInSalesUnderwritingAndEndorsementBusinessForLifeInsuranceCompany" xlink:title="presentation: EducationLevelOfSalesPersonnelOperationalRiskInSalesUnderwritingAndEndorsementBusinessForLifeInsuranceCompany to NumberOfPeopleWithJuniorCollegeDegreeOrAboveAtEndOfAssessmentPeriodOperationalRiskInSalesUnderwritingAndEndorsementBusinessForLifeInsuranceCompany" use="optional" order="20.0" preferredLabel="http://www.xbrl.org/2003/role/terseLabel"/>
    <link:presentationArc xlink:type="arc" xlink:arcrole="http://www.xbrl.org/2003/arcrole/parent-child" xlink:from="EducationLevelOfSalesPersonnelOperationalRiskInSalesUnderwritingAndEndorsementBusinessForLifeInsuranceCompany" xlink:to="NumberOfSalesmanAtEndOfAssessmentPeriodOperationalRiskInSalesUnderwritingAndEndorsementBusinessForLifeInsuranceCompany" xlink:title="presentation: EducationLevelOfSalesPersonnelOperationalRiskInSalesUnderwritingAndEndorsementBusinessForLifeInsuranceCompany to NumberOfSalesmanAtEndOfAssessmentPeriodOperationalRiskInSalesUnderwritingAndEndorsementBusinessForLifeInsuranceCompany" use="optional" order="10.0" preferredLabel="http://www.xbrl.org/2003/role/terseLabel"/>
    <link:loc xlink:type="locator" xlink:href="../../c-ross_irr_core_2015-12-31.xsd#c-ross_irr_OperationalRiskInSalesAndUnderwritingBusinessForLifeInsuranceCompanyInvestigationAndAffixationOfResponsibilitiesOfSalesPersonnelScore" xlink:label="AccountabilityOfSalesPersonnelScoreOperationalRiskInSalesUnderwritingAndEndorsementBusinessForLifeInsuranceCompany" xlink:title="AccountabilityOfSalesPersonnelScoreOperationalRiskInSalesUnderwritingAndEndorsementBusinessForLifeInsuranceCompany"/>
    <link:presentationArc xlink:type="arc" xlink:arcrole="http://www.xbrl.org/2003/arcrole/parent-child" xlink:from="StaffPersonnelFactorsScoreOperationalRiskInSalesUnderwritingAndEndorsementBusinessForLifeInsuranceCompany" xlink:to="AccountabilityOfSalesPersonnelScoreOperationalRiskInSalesUnderwritingAndEndorsementBusinessForLifeInsuranceCompany" xlink:title="presentation: StaffPersonnelFactorsScoreOperationalRiskInSalesUnderwritingAndEndorsementBusinessForLifeInsuranceCompany to AccountabilityOfSalesPersonnelScoreOperationalRiskInSalesUnderwritingAndEndorsementBusinessForLifeInsuranceCompany" use="optional" order="40.0" preferredLabel="http://www.xbrl.org/2003/role/terseLabel"/>
    <link:loc xlink:type="locator" xlink:href="../../c-ross_irr_core_2015-12-31.xsd#c-ross_irr_OperationalRiskInSalesAndUnderwritingBusinessForLifeInsuranceCompanyInvestigationAndAffixationOfResponsibilitiesOfSalesPersonnel" xlink:label="AccountabilityOfSalesPersonnelOperationalRiskInSalesUnderwritingAndEndorsementBusinessForLifeInsuranceCompany" xlink:title="AccountabilityOfSalesPersonnelOperationalRiskInSalesUnderwritingAndEndorsementBusinessForLifeInsuranceCompany"/>
    <link:presentationArc xlink:type="arc" xlink:arcrole="http://www.xbrl.org/2003/arcrole/parent-child" xlink:from="AccountabilityOfSalesPersonnelScoreOperationalRiskInSalesUnderwritingAndEndorsementBusinessForLifeInsuranceCompany" xlink:to="AccountabilityOfSalesPersonnelOperationalRiskInSalesUnderwritingAndEndorsementBusinessForLifeInsuranceCompany" xlink:title="presentation: AccountabilityOfSalesPersonnelScoreOperationalRiskInSalesUnderwritingAndEndorsementBusinessForLifeInsuranceCompany to AccountabilityOfSalesPersonnelOperationalRiskInSalesUnderwritingAndEndorsementBusinessForLifeInsuranceCompany" use="optional" order="10.0" preferredLabel="http://www.xbrl.org/2003/role/terseLabel"/>
    <link:loc xlink:type="locator" xlink:href="../../c-ross_irr_core_2015-12-31.xsd#c-ross_irr_OperationalRiskInSalesAndUnderwritingBusinessForLifeInsuranceCompanyManTimeOfInternalResponsibilityInvestigationForSalesmanWithinAssessmentPeriod" xlink:label="ManTimeOfInternalResponsibilityInvestigationForSalesmanWithinAssessmentPeriodOperationalRiskInSalesUnderwritingAndEndorsementBusinessForLifeInsuranceCompany" xlink:title="ManTimeOfInternalResponsibilityInvestigationForSalesmanWithinAssessmentPeriodOperationalRiskInSalesUnderwritingAndEndorsementBusinessForLifeInsuranceCompany"/>
    <link:presentationArc xlink:type="arc" xlink:arcrole="http://www.xbrl.org/2003/arcrole/parent-child" xlink:from="AccountabilityOfSalesPersonnelOperationalRiskInSalesUnderwritingAndEndorsementBusinessForLifeInsuranceCompany" xlink:to="ManTimeOfInternalResponsibilityInvestigationForSalesmanWithinAssessmentPeriodOperationalRiskInSalesUnderwritingAndEndorsementBusinessForLifeInsuranceCompany" xlink:title="presentation: AccountabilityOfSalesPersonnelOperationalRiskInSalesUnderwritingAndEndorsementBusinessForLifeInsuranceCompany to ManTimeOfInternalResponsibilityInvestigationForSalesmanWithinAssessmentPeriodOperationalRiskInSalesUnderwritingAndEndorsementBusinessForLifeInsuranceCompany" use="optional" order="10.0" preferredLabel="http://www.xbrl.org/2003/role/terseLabel"/>
    <link:loc xlink:type="locator" xlink:href="../../c-ross_irr_core_2015-12-31.xsd#c-ross_irr_ScalePremiumWithinAssessmentPeriodForLifeInsuranceCompany" xlink:label="ScalePremiumWithinAssessmentPeriodOperationalRiskInSalesUnderwritingAndEndorsementBusinessForLifeInsuranceCompany" xlink:title="ScalePremiumWithinAssessmentPeriodOperationalRiskInSalesUnderwritingAndEndorsementBusinessForLifeInsuranceCompany"/>
    <link:presentationArc xlink:type="arc" xlink:arcrole="http://www.xbrl.org/2003/arcrole/parent-child" xlink:from="AccountabilityOfSalesPersonnelOperationalRiskInSalesUnderwritingAndEndorsementBusinessForLifeInsuranceCompany" xlink:to="ScalePremiumWithinAssessmentPeriodOperationalRiskInSalesUnderwritingAndEndorsementBusinessForLifeInsuranceCompany" xlink:title="presentation: AccountabilityOfSalesPersonnelOperationalRiskInSalesUnderwritingAndEndorsementBusinessForLifeInsuranceCompany to ScalePremiumWithinAssessmentPeriodOperationalRiskInSalesUnderwritingAndEndorsementBusinessForLifeInsuranceCompany" use="optional" order="20.0" preferredLabel="http://www.xbrl.org/2003/role/terseLabel"/>
    <link:loc xlink:type="locator" xlink:href="../../c-ross_irr_core_2015-12-31.xsd#c-ross_irr_OperationalRiskInSalesAndUnderwritingBusinessForLifeInsuranceCompanyExternalFactorsScore" xlink:label="ExternalFactorsScoreOperationalRiskInSalesUnderwritingAndEndorsementBusinessForLifeInsuranceCompany" xlink:title="ExternalFactorsScoreOperationalRiskInSalesUnderwritingAndEndorsementBusinessForLifeInsuranceCompany"/>
    <link:presentationArc xlink:type="arc" xlink:arcrole="http://www.xbrl.org/2003/arcrole/parent-child" xlink:from="OperationalRiskInSalesAndUnderwritingBusinessForLifeInsuranceCompanyAbstract" xlink:to="ExternalFactorsScoreOperationalRiskInSalesUnderwritingAndEndorsementBusinessForLifeInsuranceCompany" xlink:title="presentation: OperationalRiskInSalesAndUnderwritingBusinessForLifeInsuranceCompanyAbstract to ExternalFactorsScoreOperationalRiskInSalesUnderwritingAndEndorsementBusinessForLifeInsuranceCompany" use="optional" order="40.0" preferredLabel="http://www.xbrl.org/2003/role/terseLabel"/>
    <link:loc xlink:type="locator" xlink:href="../../c-ross_irr_core_2015-12-31.xsd#c-ross_irr_OperationalRiskInSalesAndUnderwritingBusinessForLifeInsuranceCompanyComplaintsReceivedByCompanyFromUnderwritingAndSalesPerspectiveScore" xlink:label="ComplaintsForUnderwritingAndSalesReceivedByInsuranceCompanyScoreOperationalRiskInSalesUnderwritingAndEndorsementBusinessForLifeInsuranceCompany" xlink:title="ComplaintsForUnderwritingAndSalesReceivedByInsuranceCompanyScoreOperationalRiskInSalesUnderwritingAndEndorsementBusinessForLifeInsuranceCompany"/>
    <link:presentationArc xlink:type="arc" xlink:arcrole="http://www.xbrl.org/2003/arcrole/parent-child" xlink:from="ExternalFactorsScoreOperationalRiskInSalesUnderwritingAndEndorsementBusinessForLifeInsuranceCompany" xlink:to="ComplaintsForUnderwritingAndSalesReceivedByInsuranceCompanyScoreOperationalRiskInSalesUnderwritingAndEndorsementBusinessForLifeInsuranceCompany" xlink:title="presentation: ExternalFactorsScoreOperationalRiskInSalesUnderwritingAndEndorsementBusinessForLifeInsuranceCompany to ComplaintsForUnderwritingAndSalesReceivedByInsuranceCompanyScoreOperationalRiskInSalesUnderwritingAndEndorsementBusinessForLifeInsuranceCompany" use="optional" order="10.0" preferredLabel="http://www.xbrl.org/2003/role/terseLabel"/>
    <link:loc xlink:type="locator" xlink:href="../../c-ross_irr_core_2015-12-31.xsd#c-ross_irr_OperationalRiskInSalesAndUnderwritingBusinessForLifeInsuranceCompanyProportionOfComplaintsReceivedByCompanyFromUnderwritingAndSalesPerspective" xlink:label="ProportionOfComplaintsForUnderwritingAndSalesReceivedByInsuranceCompanyOperationalRiskInSalesUnderwritingAndEndorsementBusinessForLifeInsuranceCompany" xlink:title="ProportionOfComplaintsForUnderwritingAndSalesReceivedByInsuranceCompanyOperationalRiskInSalesUnderwritingAndEndorsementBusinessForLifeInsuranceCompany"/>
    <link:presentationArc xlink:type="arc" xlink:arcrole="http://www.xbrl.org/2003/arcrole/parent-child" xlink:from="ComplaintsForUnderwritingAndSalesReceivedByInsuranceCompanyScoreOperationalRiskInSalesUnderwritingAndEndorsementBusinessForLifeInsuranceCompany" xlink:to="ProportionOfComplaintsForUnderwritingAndSalesReceivedByInsuranceCompanyOperationalRiskInSalesUnderwritingAndEndorsementBusinessForLifeInsuranceCompany" xlink:title="presentation: ComplaintsForUnderwritingAndSalesReceivedByInsuranceCompanyScoreOperationalRiskInSalesUnderwritingAndEndorsementBusinessForLifeInsuranceCompany to ProportionOfComplaintsForUnderwritingAndSalesReceivedByInsuranceCompanyOperationalRiskInSalesUnderwritingAndEndorsementBusinessForLifeInsuranceCompany" use="optional" order="10.0" preferredLabel="http://www.xbrl.org/2003/role/terseLabel"/>
    <link:loc xlink:type="locator" xlink:href="../../c-ross_irr_core_2015-12-31.xsd#c-ross_irr_OperationalRiskInSalesAndUnderwritingBusinessForLifeInsuranceCompanyNumberOfComplaintsReceivedByCompanyFromUnderwritingAndSalesPerspectiveWithinAssessmentPeriod" xlink:label="NumberOfComplaintsForUnderwritingAndSalesBusinessLineReceivedByInsuranceCompanyWithinAssessmentPeriodOperationalRiskInSalesUnderwritingAndEndorsementBusinessForLifeInsuranceCompany" xlink:title="NumberOfComplaintsForUnderwritingAndSalesBusinessLineReceivedByInsuranceCompanyWithinAssessmentPeriodOperationalRiskInSalesUnderwritingAndEndorsementBusinessForLifeInsuranceCompany"/>
    <link:presentationArc xlink:type="arc" xlink:arcrole="http://www.xbrl.org/2003/arcrole/parent-child" xlink:from="ProportionOfComplaintsForUnderwritingAndSalesReceivedByInsuranceCompanyOperationalRiskInSalesUnderwritingAndEndorsementBusinessForLifeInsuranceCompany" xlink:to="NumberOfComplaintsForUnderwritingAndSalesBusinessLineReceivedByInsuranceCompanyWithinAssessmentPeriodOperationalRiskInSalesUnderwritingAndEndorsementBusinessForLifeInsuranceCompany" xlink:title="presentation: ProportionOfComplaintsForUnderwritingAndSalesReceivedByInsuranceCompanyOperationalRiskInSalesUnderwritingAndEndorsementBusinessForLifeInsuranceCompany to NumberOfComplaintsForUnderwritingAndSalesBusinessLineReceivedByInsuranceCompanyWithinAssessmentPeriodOperationalRiskInSalesUnderwritingAndEndorsementBusinessForLifeInsuranceCompany" use="optional" order="10.0" preferredLabel="http://www.xbrl.org/2003/role/terseLabel"/>
    <link:presentationArc xlink:type="arc" xlink:arcrole="http://www.xbrl.org/2003/arcrole/parent-child" xlink:from="ProportionOfComplaintsForUnderwritingAndSalesReceivedByInsuranceCompanyOperationalRiskInSalesUnderwritingAndEndorsementBusinessForLifeInsuranceCompany" xlink:to="ScalePremiumWithinAssessmentPeriodOperationalRiskInSalesUnderwritingAndEndorsementBusinessForLifeInsuranceCompany" xlink:title="presentation: RateOfComplaintsForUnderwritingAndSalesReceivedByInsuranceCompanyOperationalRiskInSalesUnderwritingAndEndorsementBusinessForLifeInsuranceCompany to ScalePremiumWithinAssessmentPeriodForLifeInsuranceCompany" order="20.0" preferredLabel="http://www.xbrl.org/2003/role/terseLabel"/>
    <link:loc xlink:type="locator" xlink:href="../../c-ross_irr_core_2015-12-31.xsd#c-ross_irr_OperationalRiskInSalesUnderwritingAndEndorsementBusinessForLifeInsuranceCompanyScore" xlink:label="OperationalRiskInSalesUnderwritingAndEndorsementBusinessForLifeInsuranceCompanyScore" xlink:title="OperationalRiskInSalesUnderwritingAndEndorsementBusinessForLifeInsuranceCompanyScore"/>
    <link:presentationArc xlink:type="arc" xlink:arcrole="http://www.xbrl.org/2003/arcrole/parent-child" xlink:from="OperationalRiskInSalesAndUnderwritingBusinessForLifeInsuranceCompanyAbstract" xlink:to="OperationalRiskInSalesUnderwritingAndEndorsementBusinessForLifeInsuranceCompanyScore" xlink:title="presentation: OperationalRiskInSalesAndUnderwritingBusinessForLifeInsuranceCompanyAbstract to OperationalRiskInSalesUnderwritingAndEndorsementBusinessForLifeInsuranceCompanyScore" order="50.0" preferredLabel="http://www.xbrl.org/2003/role/totalLabel"/>
    <link:loc xlink:type="locator" xlink:href="../../c-ross_irr_core_2015-12-31.xsd#c-ross_irr_OperationalRiskInSalesAndUnderwritingBusinessForLifeInsuranceCompanyWhetherInsuranceCompaniesSubmittedFakeInformationInRecentFourQuarters" xlink:label="OperationalRiskInSalesAndUnderwritingBusinessForLifeInsuranceCompanyWhetherInsuranceCompaniesSubmittedFakeInformationInRecentFourQuarters" xlink:title="OperationalRiskInSalesAndUnderwritingBusinessForLifeInsuranceCompanyWhetherInsuranceCompaniesSubmittedFakeInformationInRecentFourQuarters"/>
    <link:presentationArc xlink:type="arc" xlink:arcrole="http://www.xbrl.org/2003/arcrole/parent-child" xlink:from="OperationalRiskInSalesAndUnderwritingBusinessForLifeInsuranceCompanyAbstract" xlink:to="OperationalRiskInSalesAndUnderwritingBusinessForLifeInsuranceCompanyWhetherInsuranceCompaniesSubmittedFakeInformationInRecentFourQuarters" xlink:title="presentation: OperationalRiskInSalesAndUnderwritingBusinessForLifeInsuranceCompanyAbstract to OperationalRiskInSalesAndUnderwritingBusinessForLifeInsuranceCompanyWhetherInsuranceCompaniesSubmittedFakeInformationInRecentFourQuarters" order="60.0" preferredLabel="http://www.xbrl.org/2003/role/terseLabel"/>
    <link:loc xlink:type="locator" xlink:href="../../c-ross_irr_core_2015-12-31.xsd#c-ross_irr_OperationalRiskInSalesAndUnderwritingBusinessForLifeInsuranceCompanyRegulatoryAdjustedScore" xlink:label="OperationalRiskInSalesAndUnderwritingBusinessForLifeInsuranceCompanyAdjustedScore" xlink:title="OperationalRiskInSalesAndUnderwritingBusinessForLifeInsuranceCompanyAdjustedScore"/>
    <link:presentationArc xlink:type="arc" xlink:arcrole="http://www.xbrl.org/2003/arcrole/parent-child" xlink:from="OperationalRiskInSalesAndUnderwritingBusinessForLifeInsuranceCompanyAbstract" xlink:to="OperationalRiskInSalesAndUnderwritingBusinessForLifeInsuranceCompanyAdjustedScore" xlink:title="presentation: OperationalRiskInSalesAndUnderwritingBusinessForLifeInsuranceCompanyAbstract to OperationalRiskInSalesAndUnderwritingBusinessForLifeInsuranceCompanyAdjustedScore" order="70.0" preferredLabel="http://www.xbrl.org/2003/role/terseLabel"/>
    <link:loc xlink:type="locator" xlink:href="../../c-ross_irr_core_2015-12-31.xsd#c-ross_irr_OperationalRiskInSalesAndUnderwritingBusinessForLifeInsuranceCompanyRegulatoryAdjustmentCriterion" xlink:label="OperationalRiskInSalesAndUnderwritingBusinessForLifeInsuranceCompanyAdjustmentCriterion" xlink:title="OperationalRiskInSalesAndUnderwritingBusinessForLifeInsuranceCompanyAdjustmentCriterion"/>
    <link:presentationArc xlink:type="arc" xlink:arcrole="http://www.xbrl.org/2003/arcrole/parent-child" xlink:from="OperationalRiskInSalesAndUnderwritingBusinessForLifeInsuranceCompanyAbstract" xlink:to="OperationalRiskInSalesAndUnderwritingBusinessForLifeInsuranceCompanyAdjustmentCriterion" xlink:title="presentation: OperationalRiskInSalesAndUnderwritingBusinessForLifeInsuranceCompanyAbstract to OperationalRiskInSalesAndUnderwritingBusinessForLifeInsuranceCompanyAdjustmentCriterion" order="80.0" preferredLabel="http://www.xbrl.org/2003/role/terseLabel"/>
    <link:loc xlink:type="locator" xlink:href="../../c-ross_irr_core_2015-12-31.xsd#c-ross_irr_OperationalRiskInSalesAndUnderwritingBusinessForLifeInsuranceCompanyFinalScore" xlink:label="OperationalRiskInSalesAndUnderwritingBusinessForLifeInsuranceCompanyFinalScore" xlink:title="OperationalRiskInSalesAndUnderwritingBusinessForLifeInsuranceCompanyFinalScore"/>
    <link:presentationArc xlink:type="arc" xlink:arcrole="http://www.xbrl.org/2003/arcrole/parent-child" xlink:from="OperationalRiskInSalesAndUnderwritingBusinessForLifeInsuranceCompanyAbstract" xlink:to="OperationalRiskInSalesAndUnderwritingBusinessForLifeInsuranceCompanyFinalScore" xlink:title="presentation: OperationalRiskInSalesAndUnderwritingBusinessForLifeInsuranceCompanyAbstract to OperationalRiskInSalesAndUnderwritingBusinessForLifeInsuranceCompanyFinalScore" order="90.0" preferredLabel="http://www.xbrl.org/2003/role/terseLabel"/>
  </link:presentationLink>
  <link:presentationLink xlink:type="extended" xlink:role="http://xbrl.circ.gov.cn/role/c-ross_irr_2015-12-31_role-3320212a">
    <link:loc xlink:type="locator" xlink:href="../../c-ross_irr_core_2015-12-31.xsd#c-ross_irr_OperationalRiskInSalesAndUnderwritingBusinessForLifeInsuranceCompanyAbstract" xlink:label="OperationalRiskInSalesAndUnderwritingBusinessForLifeInsuranceCompanyAbstract" xlink:title="OperationalRiskInSalesAndUnderwritingBusinessForLifeInsuranceCompanyAbstract"/>
    <link:loc xlink:type="locator" xlink:href="../../c-ross_irr_core_2015-12-31.xsd#c-ross_irr_TotalNumberOfLifeInsuranceCompany" xlink:label="TotalNumberOfLifeInsuranceCompany" xlink:title="TotalNumberOfLifeInsuranceCompany"/>
    <link:presentationArc xlink:type="arc" xlink:arcrole="http://www.xbrl.org/2003/arcrole/parent-child" xlink:from="OperationalRiskInSalesAndUnderwritingBusinessForLifeInsuranceCompanyAbstract" xlink:to="TotalNumberOfLifeInsuranceCompany" xlink:title="presentation: OperationalRiskInSalesAndUnderwritingBusinessForLifeInsuranceCompanyAbstract to TotalNumberOfLifeInsuranceCompany" order="10.0" preferredLabel="http://www.xbrl.org/2003/role/label"/>
    <link:loc xlink:type="locator" xlink:href="../../c-ross_irr_core_2015-12-31.xsd#c-ross_irr_TurnoverRateOfSalesPersonnelIndustryRankLifeInsuranceCompany" xlink:label="TurnoverRateOfSalesPersonnelIndustryRankLifeInsuranceCompany" xlink:title="TurnoverRateOfSalesPersonnelIndustryRankLifeInsuranceCompany"/>
    <link:presentationArc xlink:type="arc" xlink:arcrole="http://www.xbrl.org/2003/arcrole/parent-child" xlink:from="OperationalRiskInSalesAndUnderwritingBusinessForLifeInsuranceCompanyAbstract" xlink:to="TurnoverRateOfSalesPersonnelIndustryRankLifeInsuranceCompany" xlink:title="presentation: OperationalRiskInSalesAndUnderwritingBusinessForLifeInsuranceCompanyAbstract to TurnoverRateOfSalesPersonnelIndustryRankLifeInsuranceCompany" order="20.0" preferredLabel="http://www.xbrl.org/2003/role/terseLabel"/>
    <link:loc xlink:type="locator" xlink:href="../../c-ross_irr_core_2015-12-31.xsd#c-ross_irr_IndustryAverageNumberOfServiceYearsForUnderwritingPersonnelLifeInsuranceCompany" xlink:label="IndustryAverageNumberOfServiceYearsForUnderwritingPersonnelLifeInsuranceCompany" xlink:title="IndustryAverageNumberOfServiceYearsForUnderwritingPersonnelLifeInsuranceCompany"/>
    <link:presentationArc xlink:type="arc" xlink:arcrole="http://www.xbrl.org/2003/arcrole/parent-child" xlink:from="OperationalRiskInSalesAndUnderwritingBusinessForLifeInsuranceCompanyAbstract" xlink:to="IndustryAverageNumberOfServiceYearsForUnderwritingPersonnelLifeInsuranceCompany" xlink:title="presentation: OperationalRiskInSalesAndUnderwritingBusinessForLifeInsuranceCompanyAbstract to IndustryAverageNumberOfServiceYearsForUnderwritingPersonnelLifeInsuranceCompany" order="30.0" preferredLabel="http://www.xbrl.org/2003/role/terseLabel"/>
    <link:loc xlink:type="locator" xlink:href="../../c-ross_irr_core_2015-12-31.xsd#c-ross_irr_IndustryAverageEducationLevelOfSalesPersonnelLifeInsuranceCompany" xlink:label="IndustryAverageEducationLevelOfSalesPersonnelLifeInsuranceCompany" xlink:title="IndustryAverageEducationLevelOfSalesPersonnelLifeInsuranceCompany"/>
    <link:presentationArc xlink:type="arc" xlink:arcrole="http://www.xbrl.org/2003/arcrole/parent-child" xlink:from="OperationalRiskInSalesAndUnderwritingBusinessForLifeInsuranceCompanyAbstract" xlink:to="IndustryAverageEducationLevelOfSalesPersonnelLifeInsuranceCompany" xlink:title="presentation: OperationalRiskInSalesAndUnderwritingBusinessForLifeInsuranceCompanyAbstract to IndustryAverageEducationLevelOfSalesPersonnelLifeInsuranceCompany" order="40.0" preferredLabel="http://www.xbrl.org/2003/role/terseLabel"/>
    <link:loc xlink:type="locator" xlink:href="../../c-ross_irr_core_2015-12-31.xsd#c-ross_irr_AccountabilityOfSalesPersonnelIndustryRankLifeInsuranceCompany" xlink:label="AccountabilityOfSalesPersonnelIndustryRankLifeInsuranceCompany" xlink:title="AccountabilityOfSalesPersonnelIndustryRankLifeInsuranceCompany"/>
    <link:presentationArc xlink:type="arc" xlink:arcrole="http://www.xbrl.org/2003/arcrole/parent-child" xlink:from="OperationalRiskInSalesAndUnderwritingBusinessForLifeInsuranceCompanyAbstract" xlink:to="AccountabilityOfSalesPersonnelIndustryRankLifeInsuranceCompany" xlink:title="presentation: OperationalRiskInSalesAndUnderwritingBusinessForLifeInsuranceCompanyAbstract to AccountabilityOfSalesPersonnelIndustryRankLifeInsuranceCompany" order="50.0" preferredLabel="http://www.xbrl.org/2003/role/terseLabel"/>
    <link:loc xlink:type="locator" xlink:href="../../c-ross_irr_core_2015-12-31.xsd#c-ross_irr_IndustryManTimeOfInternalResponsibilityInvestigationForSalesmanLifeInsuranceCompany" xlink:label="ManTimeOfInternalResponsibilityInvestigationForSalesmanLifeInsuranceIndustry" xlink:title="ManTimeOfInternalResponsibilityInvestigationForSalesmanLifeInsuranceIndustry"/>
    <link:presentationArc xlink:type="arc" xlink:arcrole="http://www.xbrl.org/2003/arcrole/parent-child" xlink:from="OperationalRiskInSalesAndUnderwritingBusinessForLifeInsuranceCompanyAbstract" xlink:to="ManTimeOfInternalResponsibilityInvestigationForSalesmanLifeInsuranceIndustry" xlink:title="presentation: OperationalRiskInSalesAndUnderwritingBusinessForLifeInsuranceCompanyAbstract to ManTimeOfInternalResponsibilityInvestigationForSalesmanLifeInsuranceIndustry" order="60.0" preferredLabel="http://www.xbrl.org/2003/role/terseLabel"/>
    <link:loc xlink:type="locator" xlink:href="../../c-ross_irr_core_2015-12-31.xsd#c-ross_irr_IndustryScalePremiumLifeInsuranceCompany" xlink:label="IndustryScalePremiumLifeInsuranceCompany" xlink:title="IndustryScalePremiumLifeInsuranceCompany"/>
    <link:presentationArc xlink:type="arc" xlink:arcrole="http://www.xbrl.org/2003/arcrole/parent-child" xlink:from="OperationalRiskInSalesAndUnderwritingBusinessForLifeInsuranceCompanyAbstract" xlink:to="IndustryScalePremiumLifeInsuranceCompany" xlink:title="presentation: OperationalRiskInSalesAndUnderwritingBusinessForLifeInsuranceCompanyAbstract to IndustryScalePremiumLifeInsuranceCompany" order="70.0" preferredLabel="http://www.xbrl.org/2003/role/terseLabel"/>
    <link:loc xlink:type="locator" xlink:href="../../c-ross_irr_core_2015-12-31.xsd#c-ross_irr_AuthenticityRateOfCustomerInformationIndustryRankLifeInsuranceCompany" xlink:label="AuthenticityOfCustomerInformationIndustryRankLifeInsuranceCompany" xlink:title="AuthenticityOfCustomerInformationIndustryRankLifeInsuranceCompany"/>
    <link:presentationArc xlink:type="arc" xlink:arcrole="http://www.xbrl.org/2003/arcrole/parent-child" xlink:from="OperationalRiskInSalesAndUnderwritingBusinessForLifeInsuranceCompanyAbstract" xlink:to="AuthenticityOfCustomerInformationIndustryRankLifeInsuranceCompany" xlink:title="presentation: OperationalRiskInSalesAndUnderwritingBusinessForLifeInsuranceCompanyAbstract to AuthenticityOfCustomerInformationIndustryRankLifeInsuranceCompany" order="80.0" preferredLabel="http://www.xbrl.org/2003/role/terseLabel"/>
    <link:loc xlink:type="locator" xlink:href="../../c-ross_irr_core_2015-12-31.xsd#c-ross_irr_IssuesOfMisleadingInTelemarketingActivitiesIndustryRankLifeInsuranceCompany" xlink:label="IssuesOfMisleadingInTelemarketingActivitiesIndustryRankLifeInsuranceCompany" xlink:title="IssuesOfMisleadingInTelemarketingActivitiesIndustryRankLifeInsuranceCompany"/>
    <link:presentationArc xlink:type="arc" xlink:arcrole="http://www.xbrl.org/2003/arcrole/parent-child" xlink:from="OperationalRiskInSalesAndUnderwritingBusinessForLifeInsuranceCompanyAbstract" xlink:to="IssuesOfMisleadingInTelemarketingActivitiesIndustryRankLifeInsuranceCompany" xlink:title="presentation: OperationalRiskInSalesAndUnderwritingBusinessForLifeInsuranceCompanyAbstract to IssuesOfMisleadingInTelemarketingActivitiesIndustryRankLifeInsuranceCompany" order="90.0" preferredLabel="http://www.xbrl.org/2003/role/terseLabel"/>
    <link:loc xlink:type="locator" xlink:href="../../c-ross_irr_core_2015-12-31.xsd#c-ross_irr_RateOfComplaintsForUnderwritingAndSalesReceivedByLifeInsuranceCompanyWithinAssessmentPeriodIndustryRank" xlink:label="RateOfComplaintsForUnderwritingAndSalesReceivedByInsuranceCompanyIndustryRank" xlink:title="RateOfComplaintsForUnderwritingAndSalesReceivedByInsuranceCompanyIndustryRank"/>
    <link:presentationArc xlink:type="arc" xlink:arcrole="http://www.xbrl.org/2003/arcrole/parent-child" xlink:from="OperationalRiskInSalesAndUnderwritingBusinessForLifeInsuranceCompanyAbstract" xlink:to="RateOfComplaintsForUnderwritingAndSalesReceivedByInsuranceCompanyIndustryRank" xlink:title="presentation: OperationalRiskInSalesAndUnderwritingBusinessForLifeInsuranceCompanyAbstract to RateOfComplaintsForUnderwritingAndSalesReceivedByInsuranceCompanyIndustryRank" order="110.0" preferredLabel="http://www.xbrl.org/2003/role/terseLabel"/>
    <link:loc xlink:type="locator" xlink:href="../../c-ross_irr_core_2015-12-31.xsd#c-ross_irr_TotalIndustryNumberOfComplaintsOnUnderwritingAndSalesOfLifeInsuranceCompanyWithinAssessmentPeriod" xlink:label="TotalIndustryNumberOfComplaintsForUnderwritingAndSalesBusinessLineReceivedByInsuranceCompanyWithinAssessmentPeriod" xlink:title="TotalIndustryNumberOfComplaintsForUnderwritingAndSalesBusinessLineReceivedByInsuranceCompanyWithinAssessmentPeriod"/>
    <link:presentationArc xlink:type="arc" xlink:arcrole="http://www.xbrl.org/2003/arcrole/parent-child" xlink:from="OperationalRiskInSalesAndUnderwritingBusinessForLifeInsuranceCompanyAbstract" xlink:to="TotalIndustryNumberOfComplaintsForUnderwritingAndSalesBusinessLineReceivedByInsuranceCompanyWithinAssessmentPeriod" xlink:title="presentation: OperationalRiskInSalesAndUnderwritingBusinessForLifeInsuranceCompanyAbstract to TotalIndustryNumberOfComplaintsForUnderwritingAndSalesBusinessLineReceivedByInsuranceCompanyWithinAssessmentPeriod" order="100.0" preferredLabel="http://www.xbrl.org/2003/role/terseLabel"/>
  </link:presentationLink>
</link:linkbase>
