<?xml version="1.0" encoding="UTF-8"?>

<!--
	Taxonomy: 2015-12-31 (Final)
	**********************
	Copyright © 2015 China Insurance Regulatory Commission.
	All rights reserved.  No part of this publication may be translated, reprinted or reproduced
	or utilised in any form either in whole or in part without prior permission in writing from China Insurance Regulatory Commission.
	  **********************
	-->
<link:linkbase xmlns:xsi="http://www.w3.org/2001/XMLSchema-instance" xsi:schemaLocation="http://www.xbrl.org/2003/linkbase http://www.xbrl.org/2003/xbrl-linkbase-2003-12-31.xsd" xmlns:c-ross="http://xbrl.circ.gov.cn/taxonomy/2015-12-31/c-ross" xmlns:link="http://www.xbrl.org/2003/linkbase" xmlns:q_s_pc_entry_point="http://xbrl.circ.gov.cn/taxonomy/2015-12-31/c-ross/q_s_pc_entry_point" xmlns:xlink="http://www.w3.org/1999/xlink" xmlns:xbrli="http://www.xbrl.org/2003/instance" xmlns:xbrldt="http://xbrl.org/2005/xbrldt">
  <link:roleRef roleURI="http://xbrl.circ.gov.cn/role/c-ross_2015-12-31_role-3999999" xlink:type="simple" xlink:href="rol_c-ross-sup_2015-12-31.xsd#c-ross_2015-12-31-3999999"/>
  <link:arcroleRef arcroleURI="http://xbrl.org/int/dim/arcrole/all" xlink:type="simple" xlink:href="http://www.xbrl.org/2005/xbrldt-2005.xsd#all"/>
  <link:arcroleRef arcroleURI="http://xbrl.org/int/dim/arcrole/dimension-default" xlink:type="simple" xlink:href="http://www.xbrl.org/2005/xbrldt-2005.xsd#dimension-default"/>
  <link:arcroleRef arcroleURI="http://xbrl.org/int/dim/arcrole/dimension-domain" xlink:type="simple" xlink:href="http://www.xbrl.org/2005/xbrldt-2005.xsd#dimension-domain"/>
  <link:arcroleRef arcroleURI="http://xbrl.org/int/dim/arcrole/domain-member" xlink:type="simple" xlink:href="http://www.xbrl.org/2005/xbrldt-2005.xsd#domain-member"/>
  <link:arcroleRef arcroleURI="http://xbrl.org/int/dim/arcrole/hypercube-dimension" xlink:type="simple" xlink:href="http://www.xbrl.org/2005/xbrldt-2005.xsd#hypercube-dimension"/>
  <link:definitionLink xlink:type="extended" xlink:role="http://xbrl.circ.gov.cn/role/c-ross_2015-12-31_role-3999999">
    <link:loc xlink:type="locator" xlink:href="../c-ross_core_2015-12-31.xsd#c-ross_SupplementaryAbstract" xlink:label="SupplementaryAbstract" xlink:title="SupplementaryAbstract"/>
    <link:loc xlink:type="locator" xlink:href="../c-ross_core_2015-12-31.xsd#c-ross_SupplementaryTable" xlink:label="SupplementaryTable" xlink:title="SupplementaryTable"/>
    <link:definitionArc xlink:type="arc" xlink:arcrole="http://xbrl.org/int/dim/arcrole/all" xlink:from="SupplementaryAbstract" xlink:to="SupplementaryTable" xlink:title="definition: SupplementaryAbstract to SupplementaryTable" order="10.0" xbrldt:contextElement="scenario" xbrldt:closed="true"/>
    <link:loc xlink:type="locator" xlink:href="../c-ross_core_2015-12-31.xsd#c-ross_SupplementaryAxis" xlink:label="SupplementaryAxis" xlink:title="SupplementaryAxis"/>
    <link:definitionArc xlink:type="arc" xlink:arcrole="http://xbrl.org/int/dim/arcrole/hypercube-dimension" xlink:from="SupplementaryTable" xlink:to="SupplementaryAxis" xlink:title="definition: SupplementaryTable to SupplementaryAxis" order="10.0"/>
    <link:loc xlink:type="locator" xlink:href="../c-ross_core_2015-12-31.xsd#c-ross_SupplementaryMember" xlink:label="SupplementaryMember" xlink:title="SupplementaryMember"/>
    <link:definitionArc xlink:type="arc" xlink:arcrole="http://xbrl.org/int/dim/arcrole/dimension-domain" xlink:from="SupplementaryAxis" xlink:to="SupplementaryMember" xlink:title="definition: SupplementaryAxis to SupplementaryMember" order="10.0"/>
    <link:loc xlink:type="locator" xlink:href="../c-ross_core_2015-12-31.xsd#c-ross_SupplementaryMember" xlink:label="SupplementaryMember_2" xlink:title="SupplementaryMember"/>
    <link:definitionArc xlink:type="arc" xlink:arcrole="http://xbrl.org/int/dim/arcrole/dimension-default" xlink:from="SupplementaryAxis" xlink:to="SupplementaryMember_2" xlink:title="definition: SupplementaryAxis to SupplementaryMember" use="optional" order="20.0"/>
    <link:loc xlink:type="locator" xlink:href="../c-ross_core_2015-12-31.xsd#c-ross_SupplementaryLineItems" xlink:label="SupplementaryLineItems" xlink:title="SupplementaryLineItems"/>
    <link:definitionArc xlink:type="arc" xlink:arcrole="http://xbrl.org/int/dim/arcrole/domain-member" xlink:from="SupplementaryAbstract" xlink:to="SupplementaryLineItems" xlink:title="definition: SupplementaryAbstract to SupplementaryLineItems" order="20.0"/>
    <link:loc xlink:type="locator" xlink:href="../c-ross_core_2015-12-31.xsd#c-ross_InterestRateRiskInterestRateDerivativesGovernmentBondFuturesQualifiedHedgingMinimumCapitalOfHedgedBondPortfolio" xlink:label="InterestRateRiskInterestRateDerivativesGovernmentBondFuturesQualifiedHedgingMinimumCapitalOfHedgedBondPortfolio" xlink:title="InterestRateRiskInterestRateDerivativesGovernmentBondFuturesQualifiedHedgingMinimumCapitalOfHedgedBondPortfolio"/>
    <link:definitionArc xlink:type="arc" xlink:arcrole="http://xbrl.org/int/dim/arcrole/domain-member" xlink:from="SupplementaryLineItems" xlink:to="InterestRateRiskInterestRateDerivativesGovernmentBondFuturesQualifiedHedgingMinimumCapitalOfHedgedBondPortfolio" xlink:title="definition: SupplementaryLineItems to InterestRateRiskInterestRateDerivativesGovernmentBondFuturesQualifiedHedgingMinimumCapitalOfHedgedBondPortfolio" order="40.0"/>
    <link:loc xlink:type="locator" xlink:href="../c-ross_core_2015-12-31.xsd#c-ross_InterestRateRiskInterestRateDerivativesGovernmentBondFuturesQualifiedHedgingMinimumCapitalOfHedgingPortfolio" xlink:label="InterestRateRiskInterestRateDerivativesGovernmentBondFuturesQualifiedHedgingMinimumCapitalOfHedgingPortfolio" xlink:title="InterestRateRiskInterestRateDerivativesGovernmentBondFuturesQualifiedHedgingMinimumCapitalOfHedgingPortfolio"/>
    <link:definitionArc xlink:type="arc" xlink:arcrole="http://xbrl.org/int/dim/arcrole/domain-member" xlink:from="SupplementaryLineItems" xlink:to="InterestRateRiskInterestRateDerivativesGovernmentBondFuturesQualifiedHedgingMinimumCapitalOfHedgingPortfolio" xlink:title="definition: SupplementaryLineItems to InterestRateRiskInterestRateDerivativesGovernmentBondFuturesQualifiedHedgingMinimumCapitalOfHedgingPortfolio" order="50.0"/>
    <link:loc xlink:type="locator" xlink:href="../c-ross_core_2015-12-31.xsd#c-ross_InterestRateRiskInterestRateDerivativesGovernmentBondFuturesUnqualifiedHedgingContractualValueOfShortPositionOfGovernmentBondFutures" xlink:label="InterestRateRiskInterestRateDerivativesGovernmentBondFuturesUnqualifiedHedgingContractualValueOfShortPositionOfGovernmentBondFutures" xlink:title="InterestRateRiskInterestRateDerivativesGovernmentBondFuturesUnqualifiedHedgingContractualValueOfShortPositionOfGovernmentBondFutures"/>
    <link:definitionArc xlink:type="arc" xlink:arcrole="http://xbrl.org/int/dim/arcrole/domain-member" xlink:from="SupplementaryLineItems" xlink:to="InterestRateRiskInterestRateDerivativesGovernmentBondFuturesUnqualifiedHedgingContractualValueOfShortPositionOfGovernmentBondFutures" xlink:title="definition: SupplementaryLineItems to InterestRateRiskInterestRateDerivativesGovernmentBondFuturesUnqualifiedHedgingContractualValueOfShortPositionOfGovernmentBondFutures" order="60.0"/>
    <link:loc xlink:type="locator" xlink:href="../c-ross_core_2015-12-31.xsd#c-ross_InterestRateRiskInterestRateDerivativesGovernmentBondFuturesUnqualifiedHedgingMinimumCapital" xlink:label="InterestRateRiskInterestRateDerivativesGovernmentBondFuturesUnqualifiedHedgingMinimumCapital" xlink:title="InterestRateRiskInterestRateDerivativesGovernmentBondFuturesUnqualifiedHedgingMinimumCapital"/>
    <link:definitionArc xlink:type="arc" xlink:arcrole="http://xbrl.org/int/dim/arcrole/domain-member" xlink:from="SupplementaryLineItems" xlink:to="InterestRateRiskInterestRateDerivativesGovernmentBondFuturesUnqualifiedHedgingMinimumCapital" xlink:title="definition: SupplementaryLineItems to InterestRateRiskInterestRateDerivativesGovernmentBondFuturesUnqualifiedHedgingMinimumCapital" order="70.0"/>
    <link:loc xlink:type="locator" xlink:href="../c-ross_core_2015-12-31.xsd#c-ross_InterestRateRiskOtherFixedIncomeProductsAdmittedValue" xlink:label="InterestRateRiskOtherFixedIncomeProductsAdmittedValue" xlink:title="InterestRateRiskOtherFixedIncomeProductsAdmittedValue"/>
    <link:definitionArc xlink:type="arc" xlink:arcrole="http://xbrl.org/int/dim/arcrole/domain-member" xlink:from="SupplementaryLineItems" xlink:to="InterestRateRiskOtherFixedIncomeProductsAdmittedValue" xlink:title="definition: SupplementaryLineItems to InterestRateRiskOtherFixedIncomeProductsAdmittedValue" order="80.0"/>
    <link:loc xlink:type="locator" xlink:href="../c-ross_core_2015-12-31.xsd#c-ross_InterestRateRiskOtherFixedIncomeProductsRiskExposure" xlink:label="InterestRateRiskOtherFixedIncomeProductsRiskExposure" xlink:title="InterestRateRiskOtherFixedIncomeProductsRiskExposure"/>
    <link:definitionArc xlink:type="arc" xlink:arcrole="http://xbrl.org/int/dim/arcrole/domain-member" xlink:from="SupplementaryLineItems" xlink:to="InterestRateRiskOtherFixedIncomeProductsRiskExposure" xlink:title="definition: SupplementaryLineItems to InterestRateRiskOtherFixedIncomeProductsRiskExposure" order="90.0"/>
    <link:loc xlink:type="locator" xlink:href="../c-ross_core_2015-12-31.xsd#c-ross_InterestRateRiskOtherFixedIncomeProductsMinimumCapital" xlink:label="InterestRateRiskOtherFixedIncomeProductsMinimumCapital" xlink:title="InterestRateRiskOtherFixedIncomeProductsMinimumCapital"/>
    <link:definitionArc xlink:type="arc" xlink:arcrole="http://xbrl.org/int/dim/arcrole/domain-member" xlink:from="SupplementaryLineItems" xlink:to="InterestRateRiskOtherFixedIncomeProductsMinimumCapital" xlink:title="definition: SupplementaryLineItems to InterestRateRiskOtherFixedIncomeProductsMinimumCapital" order="100.0"/>
    <link:loc xlink:type="locator" xlink:href="../c-ross_core_2015-12-31.xsd#c-ross_InterestRateRiskInterestRateDerivativesGovernmentBondFuturesQualifiedHedgingRiskExposureOfHedgedBonds" xlink:label="InterestRateRiskInterestRateDerivativesGovernmentBondFuturesQualifiedHedgingRiskExposureOfHedgedBonds" xlink:title="InterestRateRiskInterestRateDerivativesGovernmentBondFuturesQualifiedHedgingRiskExposureOfHedgedBonds"/>
    <link:definitionArc xlink:type="arc" xlink:arcrole="http://xbrl.org/int/dim/arcrole/domain-member" xlink:from="SupplementaryLineItems" xlink:to="InterestRateRiskInterestRateDerivativesGovernmentBondFuturesQualifiedHedgingRiskExposureOfHedgedBonds" xlink:title="definition: SupplementaryLineItems to InterestRateRiskInterestRateDerivativesGovernmentBondFuturesQualifiedHedgingRiskExposureOfHedgedBonds" order="30.0"/>
    <link:loc xlink:type="locator" xlink:href="../c-ross_core_2015-12-31.xsd#c-ross_EquityPriceRiskStockQualifiedHedgingPurchaseCost" xlink:label="EquityPriceRiskStockQualifiedHedgingHoldingCost" xlink:title="EquityPriceRiskStockQualifiedHedgingHoldingCost"/>
    <link:definitionArc xlink:type="arc" xlink:arcrole="http://xbrl.org/int/dim/arcrole/domain-member" xlink:from="SupplementaryLineItems" xlink:to="EquityPriceRiskStockQualifiedHedgingHoldingCost" xlink:title="definition: SupplementaryLineItems to EquityPriceRiskStockQualifiedHedgingHoldingCost" order="110.0"/>
    <link:loc xlink:type="locator" xlink:href="../c-ross_core_2015-12-31.xsd#c-ross_EquityPriceRiskStockQualifiedHedgingAdmittedValue" xlink:label="EquityPriceRiskStockQualifiedHedgingAdmittedValue" xlink:title="EquityPriceRiskStockQualifiedHedgingAdmittedValue"/>
    <link:definitionArc xlink:type="arc" xlink:arcrole="http://xbrl.org/int/dim/arcrole/domain-member" xlink:from="SupplementaryLineItems" xlink:to="EquityPriceRiskStockQualifiedHedgingAdmittedValue" xlink:title="definition: SupplementaryLineItems to EquityPriceRiskStockQualifiedHedgingAdmittedValue" order="120.0"/>
    <link:loc xlink:type="locator" xlink:href="../c-ross_core_2015-12-31.xsd#c-ross_EquityPriceRiskStockQualifiedHedgingMinimumCapitalOfHedgedStockPortfolio" xlink:label="EquityPriceRiskStockQualifiedHedgingMinimumCapitalOfHedgedStockPortfolio" xlink:title="EquityPriceRiskStockQualifiedHedgingMinimumCapitalOfHedgedStockPortfolio"/>
    <link:definitionArc xlink:type="arc" xlink:arcrole="http://xbrl.org/int/dim/arcrole/domain-member" xlink:from="SupplementaryLineItems" xlink:to="EquityPriceRiskStockQualifiedHedgingMinimumCapitalOfHedgedStockPortfolio" xlink:title="definition: SupplementaryLineItems to EquityPriceRiskStockQualifiedHedgingMinimumCapitalOfHedgedStockPortfolio" order="150.0"/>
    <link:loc xlink:type="locator" xlink:href="../c-ross_core_2015-12-31.xsd#c-ross_EquityPriceRiskStockQualifiedHedgingMinimumCapitalOfHedgingPortfolio" xlink:label="EquityPriceRiskStockQualifiedHedgingMinimumCapitalOfHedgingPortfolio" xlink:title="EquityPriceRiskStockQualifiedHedgingMinimumCapitalOfHedgingPortfolio"/>
    <link:definitionArc xlink:type="arc" xlink:arcrole="http://xbrl.org/int/dim/arcrole/domain-member" xlink:from="SupplementaryLineItems" xlink:to="EquityPriceRiskStockQualifiedHedgingMinimumCapitalOfHedgingPortfolio" xlink:title="definition: SupplementaryLineItems to EquityPriceRiskStockQualifiedHedgingMinimumCapitalOfHedgingPortfolio" order="160.0"/>
    <link:loc xlink:type="locator" xlink:href="../c-ross_core_2015-12-31.xsd#c-ross_EquityPriceRiskStockQualifiedHedgingRiskExposureOfHedgedStock" xlink:label="EquityPriceRiskStockQualifiedHedgingRiskExposureOfHedgedStock" xlink:title="EquityPriceRiskStockQualifiedHedgingRiskExposureOfHedgedStock"/>
    <link:definitionArc xlink:type="arc" xlink:arcrole="http://xbrl.org/int/dim/arcrole/domain-member" xlink:from="SupplementaryLineItems" xlink:to="EquityPriceRiskStockQualifiedHedgingRiskExposureOfHedgedStock" xlink:title="definition: SupplementaryLineItems to EquityPriceRiskStockQualifiedHedgingRiskExposureOfHedgedStock" order="140.0"/>
    <link:loc xlink:type="locator" xlink:href="../c-ross_core_2015-12-31.xsd#c-ross_EquityPriceRiskShortPositionOfStockIndexFuturesOutOfEffectivenessContractualValue" xlink:label="EquityPriceRiskShortPositionOfStockIndexFuturesOutOfEffectivenessContractualValue" xlink:title="EquityPriceRiskShortPositionOfStockIndexFuturesOutOfEffectivenessContractualValue"/>
    <link:definitionArc xlink:type="arc" xlink:arcrole="http://xbrl.org/int/dim/arcrole/domain-member" xlink:from="SupplementaryLineItems" xlink:to="EquityPriceRiskShortPositionOfStockIndexFuturesOutOfEffectivenessContractualValue" xlink:title="definition: SupplementaryLineItems to EquityPriceRiskShortPositionOfStockIndexFuturesOutOfEffectivenessContractualValue" order="170.0"/>
    <link:loc xlink:type="locator" xlink:href="../c-ross_core_2015-12-31.xsd#c-ross_EquityPriceRiskShortPositionOfStockIndexFuturesOutOfEffectivenessMinimumCapital" xlink:label="EquityPriceRiskShortPositionOfStockIndexFuturesOutOfEffectivenessMinimumCapital" xlink:title="EquityPriceRiskShortPositionOfStockIndexFuturesOutOfEffectivenessMinimumCapital"/>
    <link:definitionArc xlink:type="arc" xlink:arcrole="http://xbrl.org/int/dim/arcrole/domain-member" xlink:from="SupplementaryLineItems" xlink:to="EquityPriceRiskShortPositionOfStockIndexFuturesOutOfEffectivenessMinimumCapital" xlink:title="definition: SupplementaryLineItems to EquityPriceRiskShortPositionOfStockIndexFuturesOutOfEffectivenessMinimumCapital" order="180.0"/>
    <link:loc xlink:type="locator" xlink:href="../c-ross_core_2015-12-31.xsd#c-ross_CounterpartyDefaultRiskEnterpriseBondsCorporateBondsAdmittedValue" xlink:label="CounterpartyDefaultRiskEnterpriseDebenturesCorporateBondsAdmittedValue" xlink:title="CounterpartyDefaultRiskEnterpriseDebenturesCorporateBondsAdmittedValue"/>
    <link:definitionArc xlink:type="arc" xlink:arcrole="http://xbrl.org/int/dim/arcrole/domain-member" xlink:from="SupplementaryLineItems" xlink:to="CounterpartyDefaultRiskEnterpriseDebenturesCorporateBondsAdmittedValue" xlink:title="definition: SupplementaryLineItems to CounterpartyDefaultRiskEnterpriseDebenturesCorporateBondsAdmittedValue" order="190.0"/>
    <link:loc xlink:type="locator" xlink:href="../c-ross_core_2015-12-31.xsd#c-ross_CounterpartyDefaultRiskEnterpriseBondsCorporateBondsInterestReceivable" xlink:label="CounterpartyDefaultRiskEnterpriseDebenturesCorporateBondsInterestReceivable" xlink:title="CounterpartyDefaultRiskEnterpriseDebenturesCorporateBondsInterestReceivable"/>
    <link:definitionArc xlink:type="arc" xlink:arcrole="http://xbrl.org/int/dim/arcrole/domain-member" xlink:from="SupplementaryLineItems" xlink:to="CounterpartyDefaultRiskEnterpriseDebenturesCorporateBondsInterestReceivable" xlink:title="definition: SupplementaryLineItems to CounterpartyDefaultRiskEnterpriseDebenturesCorporateBondsInterestReceivable" order="200.0"/>
    <link:loc xlink:type="locator" xlink:href="../c-ross_core_2015-12-31.xsd#c-ross_CounterpartyDefaultRiskEnterpriseBondsCorporateBondsRiskExposure" xlink:label="CounterpartyDefaultRiskEnterpriseDebenturesCorporateBondsRiskExposure" xlink:title="CounterpartyDefaultRiskEnterpriseDebenturesCorporateBondsRiskExposure"/>
    <link:definitionArc xlink:type="arc" xlink:arcrole="http://xbrl.org/int/dim/arcrole/domain-member" xlink:from="SupplementaryLineItems" xlink:to="CounterpartyDefaultRiskEnterpriseDebenturesCorporateBondsRiskExposure" xlink:title="definition: SupplementaryLineItems to CounterpartyDefaultRiskEnterpriseDebenturesCorporateBondsRiskExposure" use="optional" order="210.0"/>
    <link:loc xlink:type="locator" xlink:href="../c-ross_core_2015-12-31.xsd#c-ross_CounterpartyDefaultRiskEnterpriseBondsCorporateBondsMinimumCapital" xlink:label="CounterpartyDefaultRiskEnterpriseDebenturesCorporateBondsMinimumCapital" xlink:title="CounterpartyDefaultRiskEnterpriseDebenturesCorporateBondsMinimumCapital"/>
    <link:definitionArc xlink:type="arc" xlink:arcrole="http://xbrl.org/int/dim/arcrole/domain-member" xlink:from="SupplementaryLineItems" xlink:to="CounterpartyDefaultRiskEnterpriseDebenturesCorporateBondsMinimumCapital" xlink:title="definition: SupplementaryLineItems to CounterpartyDefaultRiskEnterpriseDebenturesCorporateBondsMinimumCapital" use="optional" order="220.0"/>
    <link:loc xlink:type="locator" xlink:href="../c-ross_core_2015-12-31.xsd#c-ross_CounterpartyDefaultRiskAssetSecuritizationProductsAdmittedValue" xlink:label="CounterpartyDefaultRiskAssetSecuritizationProductsAdmittedValue" xlink:title="CounterpartyDefaultRiskAssetSecuritizationProductsAdmittedValue"/>
    <link:definitionArc xlink:type="arc" xlink:arcrole="http://xbrl.org/int/dim/arcrole/domain-member" xlink:from="SupplementaryLineItems" xlink:to="CounterpartyDefaultRiskAssetSecuritizationProductsAdmittedValue" xlink:title="definition: SupplementaryLineItems to CounterpartyDefaultRiskAssetSecuritizationProductsAdmittedValue" use="optional" order="230.0"/>
    <link:loc xlink:type="locator" xlink:href="../c-ross_core_2015-12-31.xsd#c-ross_CounterpartyDefaultRiskAssetSecuritizationProductsInterestReceivable" xlink:label="CounterpartyDefaultRiskAssetSecuritizationProductsInterestReceivable" xlink:title="CounterpartyDefaultRiskAssetSecuritizationProductsInterestReceivable"/>
    <link:definitionArc xlink:type="arc" xlink:arcrole="http://xbrl.org/int/dim/arcrole/domain-member" xlink:from="SupplementaryLineItems" xlink:to="CounterpartyDefaultRiskAssetSecuritizationProductsInterestReceivable" xlink:title="definition: SupplementaryLineItems to CounterpartyDefaultRiskAssetSecuritizationProductsInterestReceivable" use="optional" order="240.0"/>
    <link:loc xlink:type="locator" xlink:href="../c-ross_core_2015-12-31.xsd#c-ross_CounterpartyDefaultRiskAssetSecuritizationProductsRiskExposure" xlink:label="CounterpartyDefaultRiskAssetSecuritizationProductsRiskExposure" xlink:title="CounterpartyDefaultRiskAssetSecuritizationProductsRiskExposure"/>
    <link:definitionArc xlink:type="arc" xlink:arcrole="http://xbrl.org/int/dim/arcrole/domain-member" xlink:from="SupplementaryLineItems" xlink:to="CounterpartyDefaultRiskAssetSecuritizationProductsRiskExposure" xlink:title="definition: SupplementaryLineItems to CounterpartyDefaultRiskAssetSecuritizationProductsRiskExposure" use="optional" order="250.0"/>
    <link:loc xlink:type="locator" xlink:href="../c-ross_core_2015-12-31.xsd#c-ross_CounterpartyDefaultRiskAssetSecuritizationProductsMinimumCapital" xlink:label="CounterpartyDefaultRiskAssetSecuritizationProductsMinimumCapital" xlink:title="CounterpartyDefaultRiskAssetSecuritizationProductsMinimumCapital"/>
    <link:definitionArc xlink:type="arc" xlink:arcrole="http://xbrl.org/int/dim/arcrole/domain-member" xlink:from="SupplementaryLineItems" xlink:to="CounterpartyDefaultRiskAssetSecuritizationProductsMinimumCapital" xlink:title="definition: SupplementaryLineItems to CounterpartyDefaultRiskAssetSecuritizationProductsMinimumCapital" use="optional" order="260.0"/>
    <link:loc xlink:type="locator" xlink:href="../c-ross_core_2015-12-31.xsd#c-ross_CounterpartyDefaultRiskAssetManagementProductsAdmittedValue" xlink:label="CounterpartyDefaultRiskAssetManagementProductsAdmittedValue" xlink:title="CounterpartyDefaultRiskAssetManagementProductsAdmittedValue"/>
    <link:definitionArc xlink:type="arc" xlink:arcrole="http://xbrl.org/int/dim/arcrole/domain-member" xlink:from="SupplementaryLineItems" xlink:to="CounterpartyDefaultRiskAssetManagementProductsAdmittedValue" xlink:title="definition: SupplementaryLineItems to CounterpartyDefaultRiskAssetManagementProductsAdmittedValue" use="optional" order="270.0"/>
    <link:loc xlink:type="locator" xlink:href="../c-ross_core_2015-12-31.xsd#c-ross_CounterpartyDefaultRiskAssetManagementProductsInterestReceivable" xlink:label="CounterpartyDefaultRiskAssetManagementProductsInterestReceivable" xlink:title="CounterpartyDefaultRiskAssetManagementProductsInterestReceivable"/>
    <link:definitionArc xlink:type="arc" xlink:arcrole="http://xbrl.org/int/dim/arcrole/domain-member" xlink:from="SupplementaryLineItems" xlink:to="CounterpartyDefaultRiskAssetManagementProductsInterestReceivable" xlink:title="definition: SupplementaryLineItems to CounterpartyDefaultRiskAssetManagementProductsInterestReceivable" use="optional" order="280.0"/>
    <link:loc xlink:type="locator" xlink:href="../c-ross_core_2015-12-31.xsd#c-ross_CounterpartyDefaultRiskAssetManagementProductsRiskExposure" xlink:label="CounterpartyDefaultRiskAssetManagementProductsRiskExposure" xlink:title="CounterpartyDefaultRiskAssetManagementProductsRiskExposure"/>
    <link:definitionArc xlink:type="arc" xlink:arcrole="http://xbrl.org/int/dim/arcrole/domain-member" xlink:from="SupplementaryLineItems" xlink:to="CounterpartyDefaultRiskAssetManagementProductsRiskExposure" xlink:title="definition: SupplementaryLineItems to CounterpartyDefaultRiskAssetManagementProductsRiskExposure" use="optional" order="290.0"/>
    <link:loc xlink:type="locator" xlink:href="../c-ross_core_2015-12-31.xsd#c-ross_CounterpartyDefaultRiskAssetManagementProductsMinimumCapital" xlink:label="CounterpartyDefaultRiskAssetManagementProductsMinimumCapital" xlink:title="CounterpartyDefaultRiskAssetManagementProductsMinimumCapital"/>
    <link:definitionArc xlink:type="arc" xlink:arcrole="http://xbrl.org/int/dim/arcrole/domain-member" xlink:from="SupplementaryLineItems" xlink:to="CounterpartyDefaultRiskAssetManagementProductsMinimumCapital" xlink:title="definition: SupplementaryLineItems to CounterpartyDefaultRiskAssetManagementProductsMinimumCapital" use="optional" order="300.0"/>
    <link:loc xlink:type="locator" xlink:href="../c-ross_core_2015-12-31.xsd#c-ross_CounterpartyDefaultRiskPropertyDebtInvestmentPlansAdmittedValue" xlink:label="CounterpartyDefaultRiskPropertyDebtInvestmentPlansAdmittedValue" xlink:title="CounterpartyDefaultRiskPropertyDebtInvestmentPlansAdmittedValue"/>
    <link:definitionArc xlink:type="arc" xlink:arcrole="http://xbrl.org/int/dim/arcrole/domain-member" xlink:from="SupplementaryLineItems" xlink:to="CounterpartyDefaultRiskPropertyDebtInvestmentPlansAdmittedValue" xlink:title="definition: SupplementaryLineItems to CounterpartyDefaultRiskPropertyDebtInvestmentPlansAdmittedValue" use="optional" order="310.0"/>
    <link:loc xlink:type="locator" xlink:href="../c-ross_core_2015-12-31.xsd#c-ross_CounterpartyDefaultRiskPropertyDebtInvestmentPlansInterestReceivable" xlink:label="CounterpartyDefaultRiskPropertyDebtInvestmentPlansInterestReceivable" xlink:title="CounterpartyDefaultRiskPropertyDebtInvestmentPlansInterestReceivable"/>
    <link:definitionArc xlink:type="arc" xlink:arcrole="http://xbrl.org/int/dim/arcrole/domain-member" xlink:from="SupplementaryLineItems" xlink:to="CounterpartyDefaultRiskPropertyDebtInvestmentPlansInterestReceivable" xlink:title="definition: SupplementaryLineItems to CounterpartyDefaultRiskPropertyDebtInvestmentPlansInterestReceivable" use="optional" order="320.0"/>
    <link:loc xlink:type="locator" xlink:href="../c-ross_core_2015-12-31.xsd#c-ross_CounterpartyDefaultRiskPropertyDebtInvestmentPlansRiskExposure" xlink:label="CounterpartyDefaultRiskPropertyDebtInvestmentPlansRiskExposure" xlink:title="CounterpartyDefaultRiskPropertyDebtInvestmentPlansRiskExposure"/>
    <link:definitionArc xlink:type="arc" xlink:arcrole="http://xbrl.org/int/dim/arcrole/domain-member" xlink:from="SupplementaryLineItems" xlink:to="CounterpartyDefaultRiskPropertyDebtInvestmentPlansRiskExposure" xlink:title="definition: SupplementaryLineItems to CounterpartyDefaultRiskPropertyDebtInvestmentPlansRiskExposure" use="optional" order="330.0"/>
    <link:loc xlink:type="locator" xlink:href="../c-ross_core_2015-12-31.xsd#c-ross_CounterpartyDefaultRiskPropertyDebtInvestmentPlansMinimumCapital" xlink:label="CounterpartyDefaultRiskPropertyDebtInvestmentPlansMinimumCapital" xlink:title="CounterpartyDefaultRiskPropertyDebtInvestmentPlansMinimumCapital"/>
    <link:definitionArc xlink:type="arc" xlink:arcrole="http://xbrl.org/int/dim/arcrole/domain-member" xlink:from="SupplementaryLineItems" xlink:to="CounterpartyDefaultRiskPropertyDebtInvestmentPlansMinimumCapital" xlink:title="definition: SupplementaryLineItems to CounterpartyDefaultRiskPropertyDebtInvestmentPlansMinimumCapital" use="optional" order="340.0"/>
    <link:loc xlink:type="locator" xlink:href="../c-ross_core_2015-12-31.xsd#c-ross_CounterpartyDefaultRiskProjectAssetBackedPlansAdmittedValue" xlink:label="CounterpartyDefaultRiskProjectAssetBackedPlansAdmittedValue" xlink:title="CounterpartyDefaultRiskProjectAssetBackedPlansAdmittedValue"/>
    <link:definitionArc xlink:type="arc" xlink:arcrole="http://xbrl.org/int/dim/arcrole/domain-member" xlink:from="SupplementaryLineItems" xlink:to="CounterpartyDefaultRiskProjectAssetBackedPlansAdmittedValue" xlink:title="definition: SupplementaryLineItems to CounterpartyDefaultRiskProjectAssetBackedPlansAdmittedValue" use="optional" order="350.0"/>
    <link:loc xlink:type="locator" xlink:href="../c-ross_core_2015-12-31.xsd#c-ross_CounterpartyDefaultRiskProjectAssetBackedPlansInterestReceivable" xlink:label="CounterpartyDefaultRiskProjectAssetBackedPlansInterestReceivable" xlink:title="CounterpartyDefaultRiskProjectAssetBackedPlansInterestReceivable"/>
    <link:definitionArc xlink:type="arc" xlink:arcrole="http://xbrl.org/int/dim/arcrole/domain-member" xlink:from="SupplementaryLineItems" xlink:to="CounterpartyDefaultRiskProjectAssetBackedPlansInterestReceivable" xlink:title="definition: SupplementaryLineItems to CounterpartyDefaultRiskProjectAssetBackedPlansInterestReceivable" use="optional" order="360.0"/>
    <link:loc xlink:type="locator" xlink:href="../c-ross_core_2015-12-31.xsd#c-ross_CounterpartyDefaultRiskProjectAssetBackedPlansRiskExposure" xlink:label="CounterpartyDefaultRiskProjectAssetBackedPlansRiskExposure" xlink:title="CounterpartyDefaultRiskProjectAssetBackedPlansRiskExposure"/>
    <link:definitionArc xlink:type="arc" xlink:arcrole="http://xbrl.org/int/dim/arcrole/domain-member" xlink:from="SupplementaryLineItems" xlink:to="CounterpartyDefaultRiskProjectAssetBackedPlansRiskExposure" xlink:title="definition: SupplementaryLineItems to CounterpartyDefaultRiskProjectAssetBackedPlansRiskExposure" use="optional" order="370.0"/>
    <link:loc xlink:type="locator" xlink:href="../c-ross_core_2015-12-31.xsd#c-ross_CounterpartyDefaultRiskProjectAssetBackedPlansMinimumCapital" xlink:label="CounterpartyDefaultRiskProjectAssetBackedPlansMinimumCapital" xlink:title="CounterpartyDefaultRiskProjectAssetBackedPlansMinimumCapital"/>
    <link:definitionArc xlink:type="arc" xlink:arcrole="http://xbrl.org/int/dim/arcrole/domain-member" xlink:from="SupplementaryLineItems" xlink:to="CounterpartyDefaultRiskProjectAssetBackedPlansMinimumCapital" xlink:title="definition: SupplementaryLineItems to CounterpartyDefaultRiskProjectAssetBackedPlansMinimumCapital" use="optional" order="380.0"/>
    <link:loc xlink:type="locator" xlink:href="../c-ross_core_2015-12-31.xsd#c-ross_CounterpartyDefaultRiskInwardReinsuranceAssetsNetValue" xlink:label="CounterpartyDefaultRiskInwardReinsuranceAssetsNetValue" xlink:title="CounterpartyDefaultRiskInwardReinsuranceAssetsNetValue"/>
    <link:definitionArc xlink:type="arc" xlink:arcrole="http://xbrl.org/int/dim/arcrole/domain-member" xlink:from="SupplementaryLineItems" xlink:to="CounterpartyDefaultRiskInwardReinsuranceAssetsNetValue" xlink:title="definition: SupplementaryLineItems to CounterpartyDefaultRiskInwardReinsuranceAssetsNetValue" use="optional" order="390.0"/>
    <link:loc xlink:type="locator" xlink:href="../c-ross_core_2015-12-31.xsd#c-ross_CounterpartyDefaultRiskInwardReinsuranceAssetsRiskExposure" xlink:label="CounterpartyDefaultRiskInwardReinsuranceAssetsRiskExposure" xlink:title="CounterpartyDefaultRiskInwardReinsuranceAssetsRiskExposure"/>
    <link:definitionArc xlink:type="arc" xlink:arcrole="http://xbrl.org/int/dim/arcrole/domain-member" xlink:from="SupplementaryLineItems" xlink:to="CounterpartyDefaultRiskInwardReinsuranceAssetsRiskExposure" xlink:title="definition: SupplementaryLineItems to CounterpartyDefaultRiskInwardReinsuranceAssetsRiskExposure" use="optional" order="400.0"/>
    <link:loc xlink:type="locator" xlink:href="../c-ross_core_2015-12-31.xsd#c-ross_CounterpartyDefaultRiskInwardReinsuranceAssetsMinimumCapital" xlink:label="CounterpartyDefaultRiskInwardReinsuranceAssetsMinimumCapital" xlink:title="CounterpartyDefaultRiskInwardReinsuranceAssetsMinimumCapital"/>
    <link:definitionArc xlink:type="arc" xlink:arcrole="http://xbrl.org/int/dim/arcrole/domain-member" xlink:from="SupplementaryLineItems" xlink:to="CounterpartyDefaultRiskInwardReinsuranceAssetsMinimumCapital" xlink:title="definition: SupplementaryLineItems to CounterpartyDefaultRiskInwardReinsuranceAssetsMinimumCapital" use="optional" order="410.0"/>
    <link:loc xlink:type="locator" xlink:href="../c-ross_core_2015-12-31.xsd#c-ross_InterestRateRiskInterestRateDerivativesGovernmentBondFuturesQualifiedHedgingAdmittedValueOfBonds" xlink:label="InterestRateRiskInterestRateDerivativesGovernmentBondFuturesQualifiedHedgingAdmittedValueOfBonds" xlink:title="InterestRateRiskInterestRateDerivativesGovernmentBondFuturesQualifiedHedgingAdmittedValueOfBonds"/>
    <link:definitionArc xlink:type="arc" xlink:arcrole="http://xbrl.org/int/dim/arcrole/domain-member" xlink:from="SupplementaryLineItems" xlink:to="InterestRateRiskInterestRateDerivativesGovernmentBondFuturesQualifiedHedgingAdmittedValueOfBonds" xlink:title="definition: SupplementaryLineItems to InterestRateRiskInterestRateDerivativesGovernmentBondFuturesQualifiedHedgingAdmittedValueOfBonds" order="10.0"/>
    <link:loc xlink:type="locator" xlink:href="../c-ross_core_2015-12-31.xsd#c-ross_InterestRateRiskInterestRateDerivativesGovernmentBondFuturesQualifiedHedgingContractualValueOfShortPositionOfGovernmentBondFutures" xlink:label="InterestRateRiskInterestRateDerivativesGovernmentBondFuturesQualifiedHedgingContractualValueOfShortPositionOfGovernmentBondFutures" xlink:title="InterestRateRiskInterestRateDerivativesGovernmentBondFuturesQualifiedHedgingContractualValueOfShortPositionOfGovernmentBondFutures"/>
    <link:definitionArc xlink:type="arc" xlink:arcrole="http://xbrl.org/int/dim/arcrole/domain-member" xlink:from="SupplementaryLineItems" xlink:to="InterestRateRiskInterestRateDerivativesGovernmentBondFuturesQualifiedHedgingContractualValueOfShortPositionOfGovernmentBondFutures" xlink:title="definition: SupplementaryLineItems to InterestRateRiskInterestRateDerivativesGovernmentBondFuturesQualifiedHedgingContractualValueOfShortPositionOfGovernmentBondFutures" use="optional" order="20.0"/>
    <link:loc xlink:type="locator" xlink:href="../c-ross_core_2015-12-31.xsd#c-ross_EquityPriceRiskStockQualifiedHedgingContractualValueOfShortPositionOfStockIndexFutures" xlink:label="EquityPriceRiskStockQualifiedHedgingContractualValueOfShortPositionOfStockIndexFutures" xlink:title="EquityPriceRiskStockQualifiedHedgingContractualValueOfShortPositionOfStockIndexFutures"/>
    <link:definitionArc xlink:type="arc" xlink:arcrole="http://xbrl.org/int/dim/arcrole/domain-member" xlink:from="SupplementaryLineItems" xlink:to="EquityPriceRiskStockQualifiedHedgingContractualValueOfShortPositionOfStockIndexFutures" xlink:title="definition: SupplementaryLineItems to EquityPriceRiskStockQualifiedHedgingContractualValueOfShortPositionOfStockIndexFutures" use="optional" order="130.0"/>
  </link:definitionLink>
</link:linkbase>
