<?xml version="1.0" encoding="UTF-8"?>
<link:linkbase xmlns:xsi="http://www.w3.org/2001/XMLSchema-instance" xsi:schemaLocation="http://www.xbrl.org/2003/linkbase http://www.xbrl.org/2003/xbrl-linkbase-2003-12-31.xsd" xmlns:link="http://www.xbrl.org/2003/linkbase" xmlns:xlink="http://www.w3.org/1999/xlink" xmlns:xbrli="http://www.xbrl.org/2003/instance">
  <link:presentationLink xlink:type="extended" xlink:role="http://www.xbrl.org/2003/role/link">
    <link:loc xlink:type="locator" xlink:href="../cor/gl-cor-2006-10-25.xsd#gl-cor_documentInfo" xlink:label="documentInfo" xlink:title="documentInfo"/>
    <link:loc xlink:type="locator" xlink:href="gl-srcd-2009-05-12.xsd#gl-srcd_summaryReportingTaxonomies" xlink:label="summaryReportingTaxonomies" xlink:title="summaryReportingTaxonomies"/>
    <link:presentationArc xlink:type="arc" xlink:arcrole="http://www.xbrl.org/2003/arcrole/parent-child" xlink:from="documentInfo" xlink:to="summaryReportingTaxonomies" xlink:title="presentation: documentInfo to summaryReportingTaxonomies" order="150.0"/>
    <link:loc xlink:type="locator" xlink:href="gl-srcd-2009-05-12.xsd#gl-srcd_summaryReportingTaxonomyID" xlink:label="summaryReportingTaxonomyID" xlink:title="summaryReportingTaxonomyID"/>
    <link:presentationArc xlink:type="arc" xlink:arcrole="http://www.xbrl.org/2003/arcrole/parent-child" xlink:from="summaryReportingTaxonomies" xlink:to="summaryReportingTaxonomyID" xlink:title="presentation: summaryReportingTaxonomies to summaryReportingTaxonomyID" order="10.0"/>
    <link:loc xlink:type="locator" xlink:href="gl-srcd-2009-05-12.xsd#gl-srcd_summaryReportingTaxonomyNamespace" xlink:label="summaryReportingTaxonomyNamespace" xlink:title="summaryReportingTaxonomyNamespace"/>
    <link:presentationArc xlink:type="arc" xlink:arcrole="http://www.xbrl.org/2003/arcrole/parent-child" xlink:from="summaryReportingTaxonomies" xlink:to="summaryReportingTaxonomyNamespace" xlink:title="presentation: summaryReportingTaxonomies to summaryReportingTaxonomyNamespace" order="20.0"/>
    <link:loc xlink:type="locator" xlink:href="gl-srcd-2009-05-12.xsd#gl-srcd_summaryReportingTaxonomySchemaRefHref" xlink:label="summaryReportingTaxonomySchemaRefLocation" xlink:title="summaryReportingTaxonomySchemaRefLocation"/>
    <link:presentationArc xlink:type="arc" xlink:arcrole="http://www.xbrl.org/2003/arcrole/parent-child" xlink:from="summaryReportingTaxonomies" xlink:to="summaryReportingTaxonomySchemaRefLocation" xlink:title="presentation: summaryReportingTaxonomies to summaryReportingTaxonomySchemaRefLocation" order="30.0"/>
    <link:loc xlink:type="locator" xlink:href="gl-srcd-2009-05-12.xsd#gl-srcd_summaryReportingTaxonomyHeader" xlink:label="summaryReportingTaxonomyHeader" xlink:title="summaryReportingTaxonomyHeader"/>
    <link:presentationArc xlink:type="arc" xlink:arcrole="http://www.xbrl.org/2003/arcrole/parent-child" xlink:from="summaryReportingTaxonomies" xlink:to="summaryReportingTaxonomyHeader" xlink:title="presentation: summaryReportingTaxonomies to summaryReportingTaxonomyHeader" order="40.0"/>
    <link:loc xlink:type="locator" xlink:href="gl-srcd-2009-05-12.xsd#gl-srcd_summaryReportingTaxonomyDescription" xlink:label="summaryReportingTaxonomyDescription" xlink:title="summaryReportingTaxonomyDescription"/>
    <link:presentationArc xlink:type="arc" xlink:arcrole="http://www.xbrl.org/2003/arcrole/parent-child" xlink:from="summaryReportingTaxonomies" xlink:to="summaryReportingTaxonomyDescription" xlink:title="presentation: summaryReportingTaxonomies to summaryReportingTaxonomyDescription" order="50.0"/>
    <link:loc xlink:type="locator" xlink:href="../cor/gl-cor-2006-10-25.xsd#gl-cor_entryDetail" xlink:label="entryDetail" xlink:title="entryDetail"/>
    <link:loc xlink:type="locator" xlink:href="gl-srcd-2009-05-12.xsd#gl-srcd_richTextComment" xlink:label="richTextComment" xlink:title="richTextComment"/>
    <link:presentationArc xlink:type="arc" xlink:arcrole="http://www.xbrl.org/2003/arcrole/parent-child" xlink:from="entryDetail" xlink:to="richTextComment" xlink:title="presentation: entryDetail to richTextComment" order="310.0"/>
    <link:loc xlink:type="locator" xlink:href="gl-srcd-2009-05-12.xsd#gl-srcd_richTextCommentCode" xlink:label="richTextCommentCode" xlink:title="richTextCommentCode"/>
    <link:presentationArc xlink:type="arc" xlink:arcrole="http://www.xbrl.org/2003/arcrole/parent-child" xlink:from="richTextComment" xlink:to="richTextCommentCode" xlink:title="presentation: richTextComment to richTextCommentCode" order="10.0"/>
    <link:loc xlink:type="locator" xlink:href="gl-srcd-2009-05-12.xsd#gl-srcd_richTextCommentDescription" xlink:label="richTextCommentDescription" xlink:title="richTextCommentDescription"/>
    <link:presentationArc xlink:type="arc" xlink:arcrole="http://www.xbrl.org/2003/arcrole/parent-child" xlink:from="richTextComment" xlink:to="richTextCommentDescription" xlink:title="presentation: richTextComment to richTextCommentDescription" order="20.0"/>
    <link:loc xlink:type="locator" xlink:href="gl-srcd-2009-05-12.xsd#gl-srcd_richTextCommentContent" xlink:label="richTextCommentContent" xlink:title="richTextCommentContent"/>
    <link:presentationArc xlink:type="arc" xlink:arcrole="http://www.xbrl.org/2003/arcrole/parent-child" xlink:from="richTextComment" xlink:to="richTextCommentContent" xlink:title="presentation: richTextComment to richTextCommentContent" order="30.0"/>
    <link:loc xlink:type="locator" xlink:href="gl-srcd-2009-05-12.xsd#gl-srcd_richTextCommentLocator" xlink:label="richTextCommentLocator" xlink:title="richTextCommentLocator"/>
    <link:presentationArc xlink:type="arc" xlink:arcrole="http://www.xbrl.org/2003/arcrole/parent-child" xlink:from="richTextComment" xlink:to="richTextCommentLocator" xlink:title="presentation: richTextComment to richTextCommentLocator" order="40.0"/>
    <link:loc xlink:type="locator" xlink:href="../cor/gl-cor-2006-10-25.xsd#gl-cor_xbrlInfo" xlink:label="xbrlInfo" xlink:title="xbrlInfo"/>
    <link:loc xlink:type="locator" xlink:href="gl-srcd-2009-05-12.xsd#gl-srcd_summaryTuplePath" xlink:label="summaryTuplePath" xlink:title="summaryTuplePath"/>
    <link:presentationArc xlink:type="arc" xlink:arcrole="http://www.xbrl.org/2003/arcrole/parent-child" xlink:from="xbrlInfo" xlink:to="summaryTuplePath" xlink:title="presentation: xbrlInfo to summaryTuplePath" order="31.0"/>
    <link:loc xlink:type="locator" xlink:href="gl-srcd-2009-05-12.xsd#gl-srcd_detailedContentFilter" xlink:label="detailedContentFilter" xlink:title="detailedContentFilter"/>
    <link:presentationArc xlink:type="arc" xlink:arcrole="http://www.xbrl.org/2003/arcrole/parent-child" xlink:from="xbrlInfo" xlink:to="detailedContentFilter" xlink:title="presentation: xbrlInfo to detailedContentFilter" order="32.0"/>
    <link:loc xlink:type="locator" xlink:href="gl-srcd-2009-05-12.xsd#gl-srcd_reportingDateSelector" xlink:label="reportingDateSelector" xlink:title="reportingDateSelector"/>
    <link:presentationArc xlink:type="arc" xlink:arcrole="http://www.xbrl.org/2003/arcrole/parent-child" xlink:from="xbrlInfo" xlink:to="reportingDateSelector" xlink:title="presentation: xbrlInfo to reportingDateSelector" order="33.0"/>
    <link:loc xlink:type="locator" xlink:href="gl-srcd-2009-05-12.xsd#gl-srcd_summaryContext" xlink:label="summaryContenxt" xlink:title="summaryContenxt"/>
    <link:presentationArc xlink:type="arc" xlink:arcrole="http://www.xbrl.org/2003/arcrole/parent-child" xlink:from="xbrlInfo" xlink:to="summaryContenxt" xlink:title="presentation: xbrlInfo to summaryContenxt" order="35.0"/>
    <link:loc xlink:type="locator" xlink:href="gl-srcd-2009-05-12.xsd#gl-srcd_summaryEntity" xlink:label="summaryEntity" xlink:title="summaryEntity"/>
    <link:presentationArc xlink:type="arc" xlink:arcrole="http://www.xbrl.org/2003/arcrole/parent-child" xlink:from="summaryContenxt" xlink:to="summaryEntity" xlink:title="presentation: summaryContenxt to summaryEntity" order="1.0"/>
    <link:loc xlink:type="locator" xlink:href="gl-srcd-2009-05-12.xsd#gl-srcd_summaryIdentifier" xlink:label="summaryIdentifier" xlink:title="summaryIdentifier"/>
    <link:presentationArc xlink:type="arc" xlink:arcrole="http://www.xbrl.org/2003/arcrole/parent-child" xlink:from="summaryEntity" xlink:to="summaryIdentifier" xlink:title="presentation: summaryEntity to summaryIdentifier" order="1.0"/>
    <link:loc xlink:type="locator" xlink:href="gl-srcd-2009-05-12.xsd#gl-srcd_summaryScheme" xlink:label="summaryScheme" xlink:title="summaryScheme"/>
    <link:presentationArc xlink:type="arc" xlink:arcrole="http://www.xbrl.org/2003/arcrole/parent-child" xlink:from="summaryEntity" xlink:to="summaryScheme" xlink:title="presentation: summaryEntity to summaryScheme" order="2.0"/>
    <link:loc xlink:type="locator" xlink:href="gl-srcd-2009-05-12.xsd#gl-srcd_summarySegment" xlink:label="summarySegment" xlink:title="summarySegment"/>
    <link:presentationArc xlink:type="arc" xlink:arcrole="http://www.xbrl.org/2003/arcrole/parent-child" xlink:from="summaryEntity" xlink:to="summarySegment" xlink:title="presentation: summaryEntity to summarySegment" order="3.0"/>
    <link:loc xlink:type="locator" xlink:href="gl-srcd-2009-05-12.xsd#gl-srcd_summaryContents" xlink:label="summaryContents" xlink:title="summaryContents"/>
    <link:presentationArc xlink:type="arc" xlink:arcrole="http://www.xbrl.org/2003/arcrole/parent-child" xlink:from="summarySegment" xlink:to="summaryContents" xlink:title="presentation: summarySegment to summaryContents" order="4.0"/>
    <link:loc xlink:type="locator" xlink:href="gl-srcd-2009-05-12.xsd#gl-srcd_summarySimpleElementContent" xlink:label="summarySimpleElementContent" xlink:title="summarySimpleElementContent"/>
    <link:presentationArc xlink:type="arc" xlink:arcrole="http://www.xbrl.org/2003/arcrole/parent-child" xlink:from="summarySegment" xlink:to="summarySimpleElementContent" xlink:title="presentation: summarySegment to summarySimpleElementContent" order="3.0"/>
    <link:loc xlink:type="locator" xlink:href="gl-srcd-2009-05-12.xsd#gl-srcd_summarySimpleElementURI" xlink:label="summarySimpleElementURI" xlink:title="summarySimpleElementURI"/>
    <link:presentationArc xlink:type="arc" xlink:arcrole="http://www.xbrl.org/2003/arcrole/parent-child" xlink:from="summarySimpleElementContent" xlink:to="summarySimpleElementURI" xlink:title="presentation: summarySimpleElementContent to summarySimpleElementURI" order="1.0"/>
    <link:loc xlink:type="locator" xlink:href="gl-srcd-2009-05-12.xsd#gl-srcd_summarySimpleElementName" xlink:label="summarySimpleElementName" xlink:title="summarySimpleElementName"/>
    <link:presentationArc xlink:type="arc" xlink:arcrole="http://www.xbrl.org/2003/arcrole/parent-child" xlink:from="summarySimpleElementContent" xlink:to="summarySimpleElementName" xlink:title="presentation: summarySimpleElementContent to summarySimpleElementName" order="2.0"/>
    <link:loc xlink:type="locator" xlink:href="gl-srcd-2009-05-12.xsd#gl-srcd_summarySimpleElementValue" xlink:label="summarySimpleElementValue" xlink:title="summarySimpleElementValue"/>
    <link:presentationArc xlink:type="arc" xlink:arcrole="http://www.xbrl.org/2003/arcrole/parent-child" xlink:from="summarySimpleElementContent" xlink:to="summarySimpleElementValue" xlink:title="presentation: summarySimpleElementContent to summarySimpleElementValue" use="optional" order="3.0"/>
    <link:loc xlink:type="locator" xlink:href="gl-srcd-2009-05-12.xsd#gl-srcd_summaryTypedDimension" xlink:label="summaryTypedDimension" xlink:title="summaryTypedDimension"/>
    <link:presentationArc xlink:type="arc" xlink:arcrole="http://www.xbrl.org/2003/arcrole/parent-child" xlink:from="summarySegment" xlink:to="summaryTypedDimension" xlink:title="presentation: summarySegment to summaryTypedDimension" order="2.0"/>
    <link:loc xlink:type="locator" xlink:href="gl-srcd-2009-05-12.xsd#gl-srcd_summaryDimension" xlink:label="summaryDimension" xlink:title="summaryDimension"/>
    <link:presentationArc xlink:type="arc" xlink:arcrole="http://www.xbrl.org/2003/arcrole/parent-child" xlink:from="summaryTypedDimension" xlink:to="summaryDimension" xlink:title="presentation: summaryTypedDimension to summaryDimension" order="1.0"/>
    <link:loc xlink:type="locator" xlink:href="gl-srcd-2009-05-12.xsd#gl-srcd_summaryTypedDimensionValue" xlink:label="summaryTypedDimensionValue" xlink:title="summaryTypedDimensionValue"/>
    <link:presentationArc xlink:type="arc" xlink:arcrole="http://www.xbrl.org/2003/arcrole/parent-child" xlink:from="summaryTypedDimension" xlink:to="summaryTypedDimensionValue" xlink:title="presentation: summaryTypedDimension to summaryTypedDimensionValue" order="2.0"/>
    <link:loc xlink:type="locator" xlink:href="gl-srcd-2009-05-12.xsd#gl-srcd_summaryExplicitDimension" xlink:label="summaryExplicitDimension" xlink:title="summaryExplicitDimension"/>
    <link:presentationArc xlink:type="arc" xlink:arcrole="http://www.xbrl.org/2003/arcrole/parent-child" xlink:from="summarySegment" xlink:to="summaryExplicitDimension" xlink:title="presentation: summarySegment to summaryExplicitDimension" order="1.0"/>
    <link:presentationArc xlink:type="arc" xlink:arcrole="http://www.xbrl.org/2003/arcrole/parent-child" xlink:from="summaryExplicitDimension" xlink:to="summaryDimension" xlink:title="presentation: summaryExplicitDimension to summaryDimension" order="1.0"/>
    <link:loc xlink:type="locator" xlink:href="gl-srcd-2009-05-12.xsd#gl-srcd_summaryExplicitDimensionValue" xlink:label="summaryExplicitDimensionValue" xlink:title="summaryExplicitDimensionValue"/>
    <link:presentationArc xlink:type="arc" xlink:arcrole="http://www.xbrl.org/2003/arcrole/parent-child" xlink:from="summaryExplicitDimension" xlink:to="summaryExplicitDimensionValue" xlink:title="presentation: summaryExplicitDimension to summaryExplicitDimensionValue" order="2.0"/>
    <link:loc xlink:type="locator" xlink:href="gl-srcd-2009-05-12.xsd#gl-srcd_summaryPeriod" xlink:label="summaryPeriod" xlink:title="summaryPeriod"/>
    <link:presentationArc xlink:type="arc" xlink:arcrole="http://www.xbrl.org/2003/arcrole/parent-child" xlink:from="summaryContenxt" xlink:to="summaryPeriod" xlink:title="presentation: summaryContenxt to summaryPeriod" order="2.0"/>
    <link:loc xlink:type="locator" xlink:href="gl-srcd-2009-05-12.xsd#gl-srcd_summaryInstant" xlink:label="summaryInstant" xlink:title="summaryInstant"/>
    <link:presentationArc xlink:type="arc" xlink:arcrole="http://www.xbrl.org/2003/arcrole/parent-child" xlink:from="summaryPeriod" xlink:to="summaryInstant" xlink:title="presentation: summaryPeriod to summaryInstant" order="1.0"/>
    <link:loc xlink:type="locator" xlink:href="gl-srcd-2009-05-12.xsd#gl-srcd_summaryStartDate" xlink:label="summaryStartDate" xlink:title="summaryStartDate"/>
    <link:presentationArc xlink:type="arc" xlink:arcrole="http://www.xbrl.org/2003/arcrole/parent-child" xlink:from="summaryPeriod" xlink:to="summaryStartDate" xlink:title="presentation: summaryPeriod to summaryStartDate" order="2.0"/>
    <link:loc xlink:type="locator" xlink:href="gl-srcd-2009-05-12.xsd#gl-srcd_summaryEndDate" xlink:label="summaryEndDate" xlink:title="summaryEndDate"/>
    <link:presentationArc xlink:type="arc" xlink:arcrole="http://www.xbrl.org/2003/arcrole/parent-child" xlink:from="summaryPeriod" xlink:to="summaryEndDate" xlink:title="presentation: summaryPeriod to summaryEndDate" order="3.0"/>
    <link:loc xlink:type="locator" xlink:href="gl-srcd-2009-05-12.xsd#gl-srcd_summaryForever" xlink:label="summaryForever" xlink:title="summaryForever"/>
    <link:presentationArc xlink:type="arc" xlink:arcrole="http://www.xbrl.org/2003/arcrole/parent-child" xlink:from="summaryPeriod" xlink:to="summaryForever" xlink:title="presentation: summaryPeriod to summaryForever" order="4.0"/>
    <link:loc xlink:type="locator" xlink:href="gl-srcd-2009-05-12.xsd#gl-srcd_summaryScenario" xlink:label="summaryScenario" xlink:title="summaryScenario"/>
    <link:presentationArc xlink:type="arc" xlink:arcrole="http://www.xbrl.org/2003/arcrole/parent-child" xlink:from="summaryContenxt" xlink:to="summaryScenario" xlink:title="presentation: summaryContenxt to summaryScenario" order="3.0"/>
    <link:presentationArc xlink:type="arc" xlink:arcrole="http://www.xbrl.org/2003/arcrole/parent-child" xlink:from="summaryScenario" xlink:to="summaryExplicitDimension" xlink:title="presentation: summaryScenario to summaryExplicitDimension" order="1.0"/>
    <link:presentationArc xlink:type="arc" xlink:arcrole="http://www.xbrl.org/2003/arcrole/parent-child" xlink:from="summaryScenario" xlink:to="summaryTypedDimension" xlink:title="presentation: summaryScenario to summaryTypedDimension" order="2.0"/>
    <link:presentationArc xlink:type="arc" xlink:arcrole="http://www.xbrl.org/2003/arcrole/parent-child" xlink:from="summaryScenario" xlink:to="summarySimpleElementContent" xlink:title="presentation: summaryScenario to summarySimpleElementContent" order="3.0"/>
    <link:presentationArc xlink:type="arc" xlink:arcrole="http://www.xbrl.org/2003/arcrole/parent-child" xlink:from="summaryScenario" xlink:to="summaryContents" xlink:title="presentation: summaryScenario to summaryContents" order="4.0"/>
    <link:loc xlink:type="locator" xlink:href="gl-srcd-2009-05-12.xsd#gl-srcd_summaryUnit" xlink:label="summaryUnit" xlink:title="summaryUnit"/>
    <link:presentationArc xlink:type="arc" xlink:arcrole="http://www.xbrl.org/2003/arcrole/parent-child" xlink:from="xbrlInfo" xlink:to="summaryUnit" xlink:title="presentation: xbrlInfo to summaryUnit" order="36.0"/>
    <link:loc xlink:type="locator" xlink:href="gl-srcd-2009-05-12.xsd#gl-srcd_summaryNumerator" xlink:label="summaryNumerator" xlink:title="summaryNumerator"/>
    <link:presentationArc xlink:type="arc" xlink:arcrole="http://www.xbrl.org/2003/arcrole/parent-child" xlink:from="summaryUnit" xlink:to="summaryNumerator" xlink:title="presentation: summaryUnit to summaryNumerator" order="1.0"/>
    <link:loc xlink:type="locator" xlink:href="gl-srcd-2009-05-12.xsd#gl-srcd_summaryDenominator" xlink:label="summaryDenominator" xlink:title="summaryDenominator"/>
    <link:presentationArc xlink:type="arc" xlink:arcrole="http://www.xbrl.org/2003/arcrole/parent-child" xlink:from="summaryUnit" xlink:to="summaryDenominator" xlink:title="presentation: summaryUnit to summaryDenominator" order="2.0"/>
    <link:loc xlink:type="locator" xlink:href="gl-srcd-2009-05-12.xsd#gl-srcd_summaryPrecisionDecimals" xlink:label="summaryPrecisionDecimals" xlink:title="summaryPrecisionDecimals"/>
    <link:presentationArc xlink:type="arc" xlink:arcrole="http://www.xbrl.org/2003/arcrole/parent-child" xlink:from="xbrlInfo" xlink:to="summaryPrecisionDecimals" xlink:title="presentation: xbrlInfo to summaryPrecisionDecimals" use="optional" order="34.0"/>
    <link:loc xlink:type="locator" xlink:href="gl-srcd-2009-05-12.xsd#gl-srcd_summaryPrecision" xlink:label="summaryPrecision" xlink:title="summaryPrecision"/>
    <link:presentationArc xlink:type="arc" xlink:arcrole="http://www.xbrl.org/2003/arcrole/parent-child" xlink:from="summaryPrecisionDecimals" xlink:to="summaryPrecision" xlink:title="presentation: summaryPrecisionDecimals to summaryPrecision" use="optional" order="1.0"/>
    <link:loc xlink:type="locator" xlink:href="gl-srcd-2009-05-12.xsd#gl-srcd_summaryPrecisionINF" xlink:label="summaryPrecisionINF" xlink:title="summaryPrecisionINF"/>
    <link:presentationArc xlink:type="arc" xlink:arcrole="http://www.xbrl.org/2003/arcrole/parent-child" xlink:from="summaryPrecisionDecimals" xlink:to="summaryPrecisionINF" xlink:title="presentation: summaryPrecisionDecimals to summaryPrecisionINF" use="optional" order="2.0"/>
    <link:loc xlink:type="locator" xlink:href="gl-srcd-2009-05-12.xsd#gl-srcd_summaryDecimals" xlink:label="summaryDecimals" xlink:title="summaryDecimals"/>
    <link:presentationArc xlink:type="arc" xlink:arcrole="http://www.xbrl.org/2003/arcrole/parent-child" xlink:from="summaryPrecisionDecimals" xlink:to="summaryDecimals" xlink:title="presentation: summaryPrecisionDecimals to summaryDecimals" use="optional" order="3.0"/>
    <link:loc xlink:type="locator" xlink:href="gl-srcd-2009-05-12.xsd#gl-srcd_summaryDecimalsINF" xlink:label="summaryDecimalsINF" xlink:title="summaryDecimalsINF"/>
    <link:presentationArc xlink:type="arc" xlink:arcrole="http://www.xbrl.org/2003/arcrole/parent-child" xlink:from="summaryPrecisionDecimals" xlink:to="summaryDecimalsINF" xlink:title="presentation: summaryPrecisionDecimals to summaryDecimalsINF" use="optional" order="4.0"/>
    <link:loc xlink:type="locator" xlink:href="gl-srcd-2009-05-12.xsd#gl-srcd_summaryReportingTaxonomyIDRef" xlink:label="summaryReportingTaxonomyIDRef" xlink:title="summaryReportingTaxonomyIDRef"/>
    <link:presentationArc xlink:type="arc" xlink:arcrole="http://www.xbrl.org/2003/arcrole/parent-child" xlink:from="xbrlInfo" xlink:to="summaryReportingTaxonomyIDRef" xlink:title="presentation: xbrlInfo to summaryReportingTaxonomyIDRef" order="37.0"/>
  </link:presentationLink>
</link:linkbase>
