<?xml version="1.0" encoding="UTF-8"?>

<!--
	Taxonomy: 2015-12-31 (Final)
	**********************
	Copyright © 2015 China Insurance Regulatory Commission.
	All rights reserved.  No part of this publication may be translated, reprinted or reproduced
	or utilised in any form either in whole or in part without prior permission in writing from China Insurance Regulatory Commission.
	  **********************
	-->
<link:linkbase xmlns:xsi="http://www.w3.org/2001/XMLSchema-instance" xsi:schemaLocation="http://www.xbrl.org/2003/linkbase http://www.xbrl.org/2003/xbrl-linkbase-2003-12-31.xsd" xmlns:c-ross="http://xbrl.circ.gov.cn/taxonomy/2015-12-31/c-ross" xmlns:link="http://www.xbrl.org/2003/linkbase" xmlns:xbrli="http://www.xbrl.org/2003/instance" xmlns:xlink="http://www.w3.org/1999/xlink">
  <link:roleRef roleURI="http://xbrl.circ.gov.cn/role/c-ross_2015-12-31_role-3140102" xlink:type="simple" xlink:href="rol_c-ross_3_2015-12-31.xsd#c-ross_2015-12-31-3140102"/>
  <link:calculationLink xlink:type="extended" xlink:role="http://xbrl.circ.gov.cn/role/c-ross_2015-12-31_role-3140102">
    <link:loc xlink:type="locator" xlink:href="../../c-ross_core_2015-12-31.xsd#c-ross_OutstandingBenefitsReserveOfLifeInsuranceContractUnderSolvencyII" xlink:label="UnearnedPremiumReserveOfLifeInsuranceContractLiabilitiesUnderSolvencyII" xlink:title="UnearnedPremiumReserveOfLifeInsuranceContractLiabilitiesUnderSolvencyII"/>
    <link:loc xlink:type="locator" xlink:href="../../c-ross_core_2015-12-31.xsd#c-ross_OutstandingBenefitsReserveOfLifeInsuranceContractUnderSolvencyIIBestEstimateLiability" xlink:label="BestEstimateLiabilityOfLifeInsuranceContract" xlink:title="BestEstimateLiabilityOfLifeInsuranceContract"/>
    <link:calculationArc xlink:type="arc" xlink:arcrole="http://www.xbrl.org/2003/arcrole/summation-item" xlink:from="UnearnedPremiumReserveOfLifeInsuranceContractLiabilitiesUnderSolvencyII" xlink:to="BestEstimateLiabilityOfLifeInsuranceContract" xlink:title="calculation: UnearnedPremiumReserveOfLifeInsuranceContractLiabilitiesUnderSolvencyII to BestEstimateLiabilityOfLifeInsuranceContract" use="optional" order="10.0" weight="1.0"/>
    <link:loc xlink:type="locator" xlink:href="../../c-ross_core_2015-12-31.xsd#c-ross_OutstandingBenefitsReserveOfLifeInsuranceContractUnderSolvencyIIRiskMargin" xlink:label="RiskMarginOfLifeInsuranceContract" xlink:title="RiskMarginOfLifeInsuranceContract"/>
    <link:calculationArc xlink:type="arc" xlink:arcrole="http://www.xbrl.org/2003/arcrole/summation-item" xlink:from="UnearnedPremiumReserveOfLifeInsuranceContractLiabilitiesUnderSolvencyII" xlink:to="RiskMarginOfLifeInsuranceContract" xlink:title="calculation: UnearnedPremiumReserveOfLifeInsuranceContractLiabilitiesUnderSolvencyII to RiskMarginOfLifeInsuranceContract" use="optional" order="20.0" weight="1.0"/>
    <link:loc xlink:type="locator" xlink:href="../../c-ross_core_2015-12-31.xsd#c-ross_OutstandingBenefitsReserveOfLifeInsuranceContractUnderAccountingStandard" xlink:label="OutstandingBenefitsReserveUnderAccountingStandardOfLifeInsuranceContract" xlink:title="OutstandingBenefitsReserveUnderAccountingStandardOfLifeInsuranceContract"/>
    <link:loc xlink:type="locator" xlink:href="../../c-ross_core_2015-12-31.xsd#c-ross_OutstandingBenefitsReserveOfLifeInsuranceContractUnderAccountingStandardBestEstimateLiability" xlink:label="BestEstimateLiabilityUnderAccountingStandardOfLifeInsuranceContract" xlink:title="BestEstimateLiabilityUnderAccountingStandardOfLifeInsuranceContract"/>
    <link:calculationArc xlink:type="arc" xlink:arcrole="http://www.xbrl.org/2003/arcrole/summation-item" xlink:from="OutstandingBenefitsReserveUnderAccountingStandardOfLifeInsuranceContract" xlink:to="BestEstimateLiabilityUnderAccountingStandardOfLifeInsuranceContract" xlink:title="calculation: OutstandingBenefitsReserveUnderAccountingStandardOfLifeInsuranceContract to BestEstimateLiabilityUnderAccountingStandardOfLifeInsuranceContract" use="optional" order="10.0" weight="1.0"/>
    <link:loc xlink:type="locator" xlink:href="../../c-ross_core_2015-12-31.xsd#c-ross_OutstandingBenefitsReserveOfLifeInsuranceContractUnderAccountingStandardRiskMargin" xlink:label="RiskMarginUnderAccountingStandardOfLifeInsuranceContract" xlink:title="RiskMarginUnderAccountingStandardOfLifeInsuranceContract"/>
    <link:calculationArc xlink:type="arc" xlink:arcrole="http://www.xbrl.org/2003/arcrole/summation-item" xlink:from="OutstandingBenefitsReserveUnderAccountingStandardOfLifeInsuranceContract" xlink:to="RiskMarginUnderAccountingStandardOfLifeInsuranceContract" xlink:title="calculation: OutstandingBenefitsReserveUnderAccountingStandardOfLifeInsuranceContract to RiskMarginUnderAccountingStandardOfLifeInsuranceContract" use="optional" order="20.0" weight="1.0"/>
    <link:loc xlink:type="locator" xlink:href="../../c-ross_core_2015-12-31.xsd#c-ross_OutstandingBenefitsReserveOfLifeInsuranceContractUnderAccountingStandardSurplusMargin" xlink:label="SurplusMarginUnderAccountingStandardOfLifeInsuranceContract" xlink:title="SurplusMarginUnderAccountingStandardOfLifeInsuranceContract"/>
    <link:calculationArc xlink:type="arc" xlink:arcrole="http://www.xbrl.org/2003/arcrole/summation-item" xlink:from="OutstandingBenefitsReserveUnderAccountingStandardOfLifeInsuranceContract" xlink:to="SurplusMarginUnderAccountingStandardOfLifeInsuranceContract" xlink:title="calculation: OutstandingBenefitsReserveUnderAccountingStandardOfLifeInsuranceContract to SurplusMarginUnderAccountingStandardOfLifeInsuranceContract" use="optional" order="30.0" weight="1.0"/>
  </link:calculationLink>
</link:linkbase>
