<?xml version="1.0" encoding="UTF-8"?>

<!--
	Taxonomy: 2015-12-31 (Final)
	**********************
	Copyright © 2015 China Insurance Regulatory Commission.
	All rights reserved.  No part of this publication may be translated, reprinted or reproduced
	or utilised in any form either in whole or in part without prior permission in writing from China Insurance Regulatory Commission.
	  **********************
	-->
<link:linkbase xmlns:xsi="http://www.w3.org/2001/XMLSchema-instance" xsi:schemaLocation="http://www.xbrl.org/2003/linkbase http://www.xbrl.org/2003/xbrl-linkbase-2003-12-31.xsd" xmlns:c-ross="http://xbrl.circ.gov.cn/taxonomy/2015-12-31/c-ross" xmlns:link="http://www.xbrl.org/2003/linkbase" xmlns:xlink="http://www.w3.org/1999/xlink" xmlns:xbrli="http://www.xbrl.org/2003/instance" xmlns:xbrldt="http://xbrl.org/2005/xbrldt">
  <link:roleRef roleURI="http://xbrl.circ.gov.cn/role/c-ross_2015-12-31_role-3140102" xlink:type="simple" xlink:href="rol_c-ross_3_2015-12-31.xsd#c-ross_2015-12-31-3140102"/>
  <link:roleRef roleURI="http://xbrl.circ.gov.cn/role/c-ross_2015-12-31_role-3140102a" xlink:type="simple" xlink:href="rol_c-ross_3_2015-12-31.xsd#c-ross_2015-12-31-3140102a"/>
  <link:arcroleRef arcroleURI="http://xbrl.org/int/dim/arcrole/all" xlink:type="simple" xlink:href="http://www.xbrl.org/2005/xbrldt-2005.xsd#all"/>
  <link:arcroleRef arcroleURI="http://xbrl.org/int/dim/arcrole/dimension-default" xlink:type="simple" xlink:href="http://www.xbrl.org/2005/xbrldt-2005.xsd#dimension-default"/>
  <link:arcroleRef arcroleURI="http://xbrl.org/int/dim/arcrole/dimension-domain" xlink:type="simple" xlink:href="http://www.xbrl.org/2005/xbrldt-2005.xsd#dimension-domain"/>
  <link:arcroleRef arcroleURI="http://xbrl.org/int/dim/arcrole/domain-member" xlink:type="simple" xlink:href="http://www.xbrl.org/2005/xbrldt-2005.xsd#domain-member"/>
  <link:arcroleRef arcroleURI="http://xbrl.org/int/dim/arcrole/hypercube-dimension" xlink:type="simple" xlink:href="http://www.xbrl.org/2005/xbrldt-2005.xsd#hypercube-dimension"/>
  <link:arcroleRef arcroleURI="http://xbrl.org/int/dim/arcrole/notAll" xlink:type="simple" xlink:href="http://www.xbrl.org/2005/xbrldt-2005.xsd#notAll"/>
  <link:definitionLink xlink:type="extended" xlink:role="http://xbrl.circ.gov.cn/role/c-ross_2015-12-31_role-3140102a">
    <link:loc xlink:type="locator" xlink:href="../../c-ross_core_2015-12-31.xsd#c-ross_ExcludedTable" xlink:label="Excluded" xlink:title="Excluded"/>
    <link:loc xlink:type="locator" xlink:href="../../c-ross_core_2015-12-31.xsd#c-ross_OutstandingBenefitsReserveOfLifeInsuranceContractLiabilitiesTypesOfInsuranceAccountAxis" xlink:label="ReserveLiabilitiesTypesOfInsuranceAccountAxis" xlink:title="ReserveLiabilitiesTypesOfInsuranceAccountAxis"/>
    <link:definitionArc xlink:type="arc" xlink:arcrole="http://xbrl.org/int/dim/arcrole/hypercube-dimension" xlink:from="Excluded" xlink:to="ReserveLiabilitiesTypesOfInsuranceAccountAxis" xlink:title="definition: Excluded to ReserveLiabilitiesTypesOfInsuranceAccountAxis" use="optional" order="10.0"/>
    <link:loc xlink:type="locator" xlink:href="../../c-ross_core_2015-12-31.xsd#c-ross_TraditionalInsuranceExcludingHighInterestRatePolicyAccountMember" xlink:label="TraditionalInsuranceExcludingHighInterestRatePolicyAccountMember" xlink:title="TraditionalInsuranceExcludingHighInterestRatePolicyAccountMember"/>
    <link:definitionArc xlink:type="arc" xlink:arcrole="http://xbrl.org/int/dim/arcrole/dimension-domain" xlink:from="ReserveLiabilitiesTypesOfInsuranceAccountAxis" xlink:to="TraditionalInsuranceExcludingHighInterestRatePolicyAccountMember" xlink:title="definition: ReserveLiabilitiesTypesOfInsuranceAccountAxis to TraditionalInsuranceExcludingHighInterestRatePolicyAccountMember" use="optional" order="10.0"/>
    <link:loc xlink:type="locator" xlink:href="../../c-ross_core_2015-12-31.xsd#c-ross_ParticipatingInsuranceAccountMember" xlink:label="ParticipatingInsuranceAccountMember" xlink:title="ParticipatingInsuranceAccountMember"/>
    <link:definitionArc xlink:type="arc" xlink:arcrole="http://xbrl.org/int/dim/arcrole/dimension-domain" xlink:from="ReserveLiabilitiesTypesOfInsuranceAccountAxis" xlink:to="ParticipatingInsuranceAccountMember" xlink:title="definition: ReserveLiabilitiesTypesOfInsuranceAccountAxis to ParticipatingInsuranceAccountMember" use="optional" order="20.0"/>
    <link:loc xlink:type="locator" xlink:href="../../c-ross_core_2015-12-31.xsd#c-ross_UniversalInsuranceAccountMember" xlink:label="UniversalInsuranceAccountMember" xlink:title="UniversalInsuranceAccountMember"/>
    <link:definitionArc xlink:type="arc" xlink:arcrole="http://xbrl.org/int/dim/arcrole/dimension-domain" xlink:from="ReserveLiabilitiesTypesOfInsuranceAccountAxis" xlink:to="UniversalInsuranceAccountMember" xlink:title="definition: ReserveLiabilitiesTypesOfInsuranceAccountAxis to UniversalInsuranceAccountMember" use="optional" order="30.0"/>
    <link:loc xlink:type="locator" xlink:href="../../c-ross_core_2015-12-31.xsd#c-ross_UnitLinkedInsuranceIncludingOtherInsuranceAccountMember" xlink:label="UnitLinkedInsuranceIncludingOtherInsuranceAccountMember" xlink:title="UnitLinkedInsuranceIncludingOtherInsuranceAccountMember"/>
    <link:definitionArc xlink:type="arc" xlink:arcrole="http://xbrl.org/int/dim/arcrole/dimension-domain" xlink:from="ReserveLiabilitiesTypesOfInsuranceAccountAxis" xlink:to="UnitLinkedInsuranceIncludingOtherInsuranceAccountMember" xlink:title="definition: ReserveLiabilitiesTypesOfInsuranceAccountAxis to UnitLinkedInsuranceIncludingOtherInsuranceAccountMember" use="optional" order="40.0"/>
    <link:loc xlink:type="locator" xlink:href="../../c-ross_core_2015-12-31.xsd#c-ross_HighInterestRatePolicyAccountMember" xlink:label="HighInterestRatePolicyLiabilityAccountMember" xlink:title="HighInterestRatePolicyLiabilityAccountMember"/>
    <link:definitionArc xlink:type="arc" xlink:arcrole="http://xbrl.org/int/dim/arcrole/dimension-domain" xlink:from="ReserveLiabilitiesTypesOfInsuranceAccountAxis" xlink:to="HighInterestRatePolicyLiabilityAccountMember" xlink:title="definition: ReserveLiabilitiesTypesOfInsuranceAccountAxis to HighInterestRatePolicyLiabilityAccountMember" use="optional" order="50.0"/>
  </link:definitionLink>
  <link:definitionLink xlink:type="extended" xlink:role="http://xbrl.circ.gov.cn/role/c-ross_2015-12-31_role-3140102">
    <link:loc xlink:type="locator" xlink:href="../../c-ross_core_2015-12-31.xsd#c-ross_OutstandingBenefitsReserveOfLifeInsuranceContractLiabilitiesTypesOfInsuranceAccountAxis" xlink:label="ReserveLiabilitiesTypesOfInsuranceAccountAxis" xlink:title="ReserveLiabilitiesTypesOfInsuranceAccountAxis"/>
    <link:loc xlink:type="locator" xlink:href="../../c-ross_core_2015-12-31.xsd#c-ross_TypesOfInsuranceAccountMember" xlink:label="TypesOfInsuranceAccountMember" xlink:title="TypesOfInsuranceAccountMember"/>
    <link:definitionArc xlink:type="arc" xlink:arcrole="http://xbrl.org/int/dim/arcrole/dimension-domain" xlink:from="ReserveLiabilitiesTypesOfInsuranceAccountAxis" xlink:to="TypesOfInsuranceAccountMember" xlink:title="definition: ReserveLiabilitiesTypesOfInsuranceAccountAxis to TypesOfInsuranceAccountMember" use="optional" order="10.0"/>
    <link:loc xlink:type="locator" xlink:href="../../c-ross_core_2015-12-31.xsd#c-ross_TypesOfInsuranceAccountMember" xlink:label="TypesOfInsuranceAccountMember_2" xlink:title="TypesOfInsuranceAccountMember"/>
    <link:definitionArc xlink:type="arc" xlink:arcrole="http://xbrl.org/int/dim/arcrole/dimension-default" xlink:from="ReserveLiabilitiesTypesOfInsuranceAccountAxis" xlink:to="TypesOfInsuranceAccountMember_2" xlink:title="definition: ReserveLiabilitiesTypesOfInsuranceAccountAxis to TypesOfInsuranceAccountMember" use="optional" order="20.0"/>
    <link:loc xlink:type="locator" xlink:href="../../c-ross_core_2015-12-31.xsd#c-ross_UniversalInsuranceAccountMember" xlink:label="UniversalInsuranceAccountMember" xlink:title="UniversalInsuranceAccountMember"/>
    <link:definitionArc xlink:type="arc" xlink:arcrole="http://xbrl.org/int/dim/arcrole/domain-member" xlink:from="TypesOfInsuranceAccountMember" xlink:to="UniversalInsuranceAccountMember" xlink:title="definition: TypesOfInsuranceAccountMember to UniversalInsuranceAccountMember" use="optional" order="30.0"/>
    <link:loc xlink:type="locator" xlink:href="../../c-ross_core_2015-12-31.xsd#c-ross_ParticipatingInsuranceAccountMember" xlink:label="ParticipatingInsuranceAccountMember" xlink:title="ParticipatingInsuranceAccountMember"/>
    <link:definitionArc xlink:type="arc" xlink:arcrole="http://xbrl.org/int/dim/arcrole/domain-member" xlink:from="TypesOfInsuranceAccountMember" xlink:to="ParticipatingInsuranceAccountMember" xlink:title="definition: TypesOfInsuranceAccountMember to ParticipatingInsuranceAccountMember" use="optional" order="20.0"/>
    <link:loc xlink:type="locator" xlink:href="../../c-ross_core_2015-12-31.xsd#c-ross_TraditionalInsuranceExcludingHighInterestRatePolicyAccountMember" xlink:label="TraditionalInsuranceExcludingHighInterestRatePolicyAccountMember" xlink:title="TraditionalInsuranceExcludingHighInterestRatePolicyAccountMember"/>
    <link:definitionArc xlink:type="arc" xlink:arcrole="http://xbrl.org/int/dim/arcrole/domain-member" xlink:from="TypesOfInsuranceAccountMember" xlink:to="TraditionalInsuranceExcludingHighInterestRatePolicyAccountMember" xlink:title="definition: TypesOfInsuranceAccountMember to TraditionalInsuranceExcludingHighInterestRatePolicyAccountMember" use="optional" order="10.0"/>
    <link:loc xlink:type="locator" xlink:href="../../c-ross_core_2015-12-31.xsd#c-ross_HighInterestRatePolicyAccountMember" xlink:label="HighInterestRatePolicyLiabilityAccountMember" xlink:title="HighInterestRatePolicyLiabilityAccountMember"/>
    <link:definitionArc xlink:type="arc" xlink:arcrole="http://xbrl.org/int/dim/arcrole/domain-member" xlink:from="TypesOfInsuranceAccountMember" xlink:to="HighInterestRatePolicyLiabilityAccountMember" xlink:title="definition: TypesOfInsuranceAccountMember to HighInterestRatePolicyLiabilityAccountMember" use="optional" order="50.0"/>
    <link:loc xlink:type="locator" xlink:href="../../c-ross_core_2015-12-31.xsd#c-ross_UnitLinkedInsuranceIncludingOtherInsuranceAccountMember" xlink:label="UnitLinkedInsuranceIncludingOtherInsuranceAccountMember" xlink:title="UnitLinkedInsuranceIncludingOtherInsuranceAccountMember"/>
    <link:definitionArc xlink:type="arc" xlink:arcrole="http://xbrl.org/int/dim/arcrole/domain-member" xlink:from="TypesOfInsuranceAccountMember" xlink:to="UnitLinkedInsuranceIncludingOtherInsuranceAccountMember" xlink:title="definition: TypesOfInsuranceAccountMember to UnitLinkedInsuranceIncludingOtherInsuranceAccountMember" use="optional" order="40.0"/>
    <link:loc xlink:type="locator" xlink:href="../../c-ross_core_2015-12-31.xsd#c-ross_OutstandingBenefitsReserveOfLifeInsuranceContractLiabilitiesAbstract" xlink:label="ReserveLiabilitiesLifeInsuranceContractAbstract" xlink:title="ReserveLiabilitiesLifeInsuranceContractAbstract"/>
    <link:loc xlink:type="locator" xlink:href="../../c-ross_core_2015-12-31.xsd#c-ross_OutstandingBenefitsReserveOfLifeInsuranceContractLiabilitiesTable" xlink:label="ReserveLiabilitiesLifeInsuranceContractDisclosuredByTypesOfInsuranceAccountTable" xlink:title="ReserveLiabilitiesLifeInsuranceContractDisclosuredByTypesOfInsuranceAccountTable"/>
    <link:definitionArc xlink:type="arc" xlink:arcrole="http://xbrl.org/int/dim/arcrole/all" xlink:from="ReserveLiabilitiesLifeInsuranceContractAbstract" xlink:to="ReserveLiabilitiesLifeInsuranceContractDisclosuredByTypesOfInsuranceAccountTable" xlink:title="definition: ReserveLiabilitiesLifeInsuranceContractAbstract to ReserveLiabilitiesLifeInsuranceContractDisclosuredByTypesOfInsuranceAccountTable" use="optional" order="10.0" xbrldt:closed="true" xbrldt:contextElement="scenario"/>
    <link:definitionArc xlink:type="arc" xlink:arcrole="http://xbrl.org/int/dim/arcrole/hypercube-dimension" xlink:from="ReserveLiabilitiesLifeInsuranceContractDisclosuredByTypesOfInsuranceAccountTable" xlink:to="ReserveLiabilitiesTypesOfInsuranceAccountAxis" xlink:title="definition: ReserveLiabilitiesLifeInsuranceContractDisclosuredByTypesOfInsuranceAccountTable to ReserveLiabilitiesTypesOfInsuranceAccountAxis" use="optional" order="10.0"/>
    <link:loc xlink:type="locator" xlink:href="../../c-ross_core_2015-12-31.xsd#c-ross_OutstandingBenefitsReserveOfLifeInsuranceContractLiabilitiesLineItems" xlink:label="ReserveLiabilitiesLifeInsuranceContractDisclosuredByTypesOfInsuranceAccountLineItems" xlink:title="ReserveLiabilitiesLifeInsuranceContractDisclosuredByTypesOfInsuranceAccountLineItems"/>
    <link:definitionArc xlink:type="arc" xlink:arcrole="http://xbrl.org/int/dim/arcrole/domain-member" xlink:from="ReserveLiabilitiesLifeInsuranceContractAbstract" xlink:to="ReserveLiabilitiesLifeInsuranceContractDisclosuredByTypesOfInsuranceAccountLineItems" xlink:title="definition: ReserveLiabilitiesLifeInsuranceContractAbstract to ReserveLiabilitiesLifeInsuranceContractDisclosuredByTypesOfInsuranceAccountLineItems" use="optional" order="20.0"/>
    <link:loc xlink:type="locator" xlink:href="../../c-ross_core_2015-12-31.xsd#c-ross_OutstandingBenefitsReserveOfLifeInsuranceContractUnderAccountingStandard" xlink:label="OutstandingBenefitsReserveUnderAccountingStandardOfLifeInsuranceContract" xlink:title="OutstandingBenefitsReserveUnderAccountingStandardOfLifeInsuranceContract"/>
    <link:definitionArc xlink:type="arc" xlink:arcrole="http://xbrl.org/int/dim/arcrole/domain-member" xlink:from="ReserveLiabilitiesLifeInsuranceContractDisclosuredByTypesOfInsuranceAccountLineItems" xlink:to="OutstandingBenefitsReserveUnderAccountingStandardOfLifeInsuranceContract" xlink:title="definition: ReserveLiabilitiesLifeInsuranceContractDisclosuredByTypesOfInsuranceAccountLineItems to OutstandingBenefitsReserveUnderAccountingStandardOfLifeInsuranceContract" use="optional" order="20.0"/>
    <link:loc xlink:type="locator" xlink:href="../../c-ross_core_2015-12-31.xsd#c-ross_OutstandingBenefitsReserveOfLifeInsuranceContractUnderAccountingStandardBestEstimateLiability" xlink:label="BestEstimateLiabilityUnderAccountingStandardOfLifeInsuranceContract" xlink:title="BestEstimateLiabilityUnderAccountingStandardOfLifeInsuranceContract"/>
    <link:definitionArc xlink:type="arc" xlink:arcrole="http://xbrl.org/int/dim/arcrole/domain-member" xlink:from="OutstandingBenefitsReserveUnderAccountingStandardOfLifeInsuranceContract" xlink:to="BestEstimateLiabilityUnderAccountingStandardOfLifeInsuranceContract" xlink:title="definition: OutstandingBenefitsReserveUnderAccountingStandardOfLifeInsuranceContract to BestEstimateLiabilityUnderAccountingStandardOfLifeInsuranceContract" use="optional" order="10.0"/>
    <link:loc xlink:type="locator" xlink:href="../../c-ross_core_2015-12-31.xsd#c-ross_OutstandingBenefitsReserveOfLifeInsuranceContractUnderAccountingStandardRiskMargin" xlink:label="RiskMarginUnderAccountingStandardOfLifeInsuranceContract" xlink:title="RiskMarginUnderAccountingStandardOfLifeInsuranceContract"/>
    <link:definitionArc xlink:type="arc" xlink:arcrole="http://xbrl.org/int/dim/arcrole/domain-member" xlink:from="OutstandingBenefitsReserveUnderAccountingStandardOfLifeInsuranceContract" xlink:to="RiskMarginUnderAccountingStandardOfLifeInsuranceContract" xlink:title="definition: OutstandingBenefitsReserveUnderAccountingStandardOfLifeInsuranceContract to RiskMarginUnderAccountingStandardOfLifeInsuranceContract" use="optional" order="20.0"/>
    <link:loc xlink:type="locator" xlink:href="../../c-ross_core_2015-12-31.xsd#c-ross_OutstandingBenefitsReserveOfLifeInsuranceContractUnderAccountingStandardSurplusMargin" xlink:label="SurplusMarginUnderAccountingStandardOfLifeInsuranceContract" xlink:title="SurplusMarginUnderAccountingStandardOfLifeInsuranceContract"/>
    <link:definitionArc xlink:type="arc" xlink:arcrole="http://xbrl.org/int/dim/arcrole/domain-member" xlink:from="OutstandingBenefitsReserveUnderAccountingStandardOfLifeInsuranceContract" xlink:to="SurplusMarginUnderAccountingStandardOfLifeInsuranceContract" xlink:title="definition: OutstandingBenefitsReserveUnderAccountingStandardOfLifeInsuranceContract to SurplusMarginUnderAccountingStandardOfLifeInsuranceContract" use="optional" order="30.0"/>
    <link:loc xlink:type="locator" xlink:href="../../c-ross_core_2015-12-31.xsd#c-ross_OutstandingBenefitsReserveOfLifeInsuranceContractCashValue" xlink:label="CashValueOfLifeInsuranceContract" xlink:title="CashValueOfLifeInsuranceContract"/>
    <link:definitionArc xlink:type="arc" xlink:arcrole="http://xbrl.org/int/dim/arcrole/domain-member" xlink:from="ReserveLiabilitiesLifeInsuranceContractDisclosuredByTypesOfInsuranceAccountLineItems" xlink:to="CashValueOfLifeInsuranceContract" xlink:title="definition: ReserveLiabilitiesLifeInsuranceContractDisclosuredByTypesOfInsuranceAccountLineItems to CashValueOfLifeInsuranceContract" use="optional" order="30.0"/>
    <link:loc xlink:type="locator" xlink:href="../../c-ross_core_2015-12-31.xsd#c-ross_ExcludedTable" xlink:label="Excluded" xlink:title="Excluded"/>
    <link:definitionArc xlink:type="arc" xlink:arcrole="http://xbrl.org/int/dim/arcrole/notAll" xlink:from="CashValueOfLifeInsuranceContract" xlink:to="Excluded" xlink:title="definition: CashValueOfLifeInsuranceContract to Excluded" order="10.0" xbrldt:contextElement="scenario" xbrldt:targetRole="http://xbrl.circ.gov.cn/role/c-ross_2015-12-31_role-3140102a"/>
    <link:loc xlink:type="locator" xlink:href="../../c-ross_core_2015-12-31.xsd#c-ross_OutstandingBenefitsReserveOfLifeInsuranceContractAccountValue" xlink:label="AccountValueOfLifeInsuranceContract" xlink:title="AccountValueOfLifeInsuranceContract"/>
    <link:definitionArc xlink:type="arc" xlink:arcrole="http://xbrl.org/int/dim/arcrole/domain-member" xlink:from="ReserveLiabilitiesLifeInsuranceContractDisclosuredByTypesOfInsuranceAccountLineItems" xlink:to="AccountValueOfLifeInsuranceContract" xlink:title="definition: ReserveLiabilitiesLifeInsuranceContractDisclosuredByTypesOfInsuranceAccountLineItems to AccountValueOfLifeInsuranceContract" use="optional" order="40.0"/>
    <link:loc xlink:type="locator" xlink:href="../../c-ross_core_2015-12-31.xsd#c-ross_OutstandingBenefitsReserveOfLifeInsuranceContractUnderSolvencyII" xlink:label="UnearnedPremiumReserveOfLifeInsuranceContractLiabilitiesUnderSolvencyII" xlink:title="UnearnedPremiumReserveOfLifeInsuranceContractLiabilitiesUnderSolvencyII"/>
    <link:definitionArc xlink:type="arc" xlink:arcrole="http://xbrl.org/int/dim/arcrole/domain-member" xlink:from="ReserveLiabilitiesLifeInsuranceContractDisclosuredByTypesOfInsuranceAccountLineItems" xlink:to="UnearnedPremiumReserveOfLifeInsuranceContractLiabilitiesUnderSolvencyII" xlink:title="definition: ReserveLiabilitiesLifeInsuranceContractDisclosuredByTypesOfInsuranceAccountLineItems to UnearnedPremiumReserveOfLifeInsuranceContractLiabilitiesUnderSolvencyII" order="10.0"/>
    <link:loc xlink:type="locator" xlink:href="../../c-ross_core_2015-12-31.xsd#c-ross_OutstandingBenefitsReserveOfLifeInsuranceContractUnderSolvencyIIBestEstimateLiability" xlink:label="BestEstimateLiabilityOfLifeInsuranceContract" xlink:title="BestEstimateLiabilityOfLifeInsuranceContract"/>
    <link:definitionArc xlink:type="arc" xlink:arcrole="http://xbrl.org/int/dim/arcrole/domain-member" xlink:from="UnearnedPremiumReserveOfLifeInsuranceContractLiabilitiesUnderSolvencyII" xlink:to="BestEstimateLiabilityOfLifeInsuranceContract" xlink:title="definition: UnearnedPremiumReserveOfLifeInsuranceContractLiabilitiesUnderSolvencyII to BestEstimateLiabilityOfLifeInsuranceContract" use="optional" order="10.0"/>
    <link:loc xlink:type="locator" xlink:href="../../c-ross_core_2015-12-31.xsd#c-ross_OutstandingBenefitsReserveOfLifeInsuranceContractUnderSolvencyIITimeValueOfOptionsAndGuarantees" xlink:label="TimeValueOfOptionsAndGuaranteesOfLifeInsuranceContract" xlink:title="TimeValueOfOptionsAndGuaranteesOfLifeInsuranceContract"/>
    <link:definitionArc xlink:type="arc" xlink:arcrole="http://xbrl.org/int/dim/arcrole/domain-member" xlink:from="BestEstimateLiabilityOfLifeInsuranceContract" xlink:to="TimeValueOfOptionsAndGuaranteesOfLifeInsuranceContract" xlink:title="definition: BestEstimateLiabilityOfLifeInsuranceContract to TimeValueOfOptionsAndGuaranteesOfLifeInsuranceContract" use="optional" order="10.0"/>
    <link:loc xlink:type="locator" xlink:href="../../c-ross_core_2015-12-31.xsd#c-ross_OutstandingBenefitsReserveOfLifeInsuranceContractUnderSolvencyIIRiskMargin" xlink:label="RiskMarginOfLifeInsuranceContract" xlink:title="RiskMarginOfLifeInsuranceContract"/>
    <link:definitionArc xlink:type="arc" xlink:arcrole="http://xbrl.org/int/dim/arcrole/domain-member" xlink:from="UnearnedPremiumReserveOfLifeInsuranceContractLiabilitiesUnderSolvencyII" xlink:to="RiskMarginOfLifeInsuranceContract" xlink:title="definition: UnearnedPremiumReserveOfLifeInsuranceContractLiabilitiesUnderSolvencyII to RiskMarginOfLifeInsuranceContract" use="optional" order="20.0"/>
  </link:definitionLink>
</link:linkbase>
