<?xml version="1.0" encoding="UTF-8"?>

<!--
	Taxonomy: 2015-12-31 (Final)
	**********************
	Copyright © 2015 China Insurance Regulatory Commission.
	All rights reserved.  No part of this publication may be translated, reprinted or reproduced
	or utilised in any form either in whole or in part without prior permission in writing from China Insurance Regulatory Commission.
	  **********************
	-->
<link:linkbase xmlns:xsi="http://www.w3.org/2001/XMLSchema-instance" xsi:schemaLocation="http://www.xbrl.org/2003/linkbase http://www.xbrl.org/2003/xbrl-linkbase-2003-12-31.xsd" xmlns:c-ross="http://xbrl.circ.gov.cn/taxonomy/2015-12-31/c-ross" xmlns:link="http://www.xbrl.org/2003/linkbase" xmlns:xlink="http://www.w3.org/1999/xlink" xmlns:xbrli="http://www.xbrl.org/2003/instance">
  <link:roleRef roleURI="http://www.xbrl.org/2009/role/netLabel" xlink:type="simple" xlink:href="http://www.xbrl.org/lrr/role/net-2009-12-16.xsd#netLabel"/>
  <link:roleRef roleURI="http://xbrl.circ.gov.cn/role/c-ross_2015-12-31_role-3140102" xlink:type="simple" xlink:href="rol_c-ross_3_2015-12-31.xsd#c-ross_2015-12-31-3140102"/>
  <link:presentationLink xlink:type="extended" xlink:role="http://xbrl.circ.gov.cn/role/c-ross_2015-12-31_role-3140102">
    <link:loc xlink:type="locator" xlink:href="../../c-ross_core_2015-12-31.xsd#c-ross_OutstandingBenefitsReserveOfLifeInsuranceContractUnderSolvencyII" xlink:label="UnearnedPremiumReserveOfLifeInsuranceContractLiabilitiesUnderSolvencyII" xlink:title="UnearnedPremiumReserveOfLifeInsuranceContractLiabilitiesUnderSolvencyII"/>
    <link:loc xlink:type="locator" xlink:href="../../c-ross_core_2015-12-31.xsd#c-ross_OutstandingBenefitsReserveOfLifeInsuranceContractUnderSolvencyIIBestEstimateLiability" xlink:label="BestEstimateLiabilityOfLifeInsuranceContract" xlink:title="BestEstimateLiabilityOfLifeInsuranceContract"/>
    <link:presentationArc xlink:type="arc" xlink:arcrole="http://www.xbrl.org/2003/arcrole/parent-child" xlink:from="UnearnedPremiumReserveOfLifeInsuranceContractLiabilitiesUnderSolvencyII" xlink:to="BestEstimateLiabilityOfLifeInsuranceContract" xlink:title="presentation: UnearnedPremiumReserveOfLifeInsuranceContractLiabilitiesUnderSolvencyII to BestEstimateLiabilityOfLifeInsuranceContract" use="optional" order="10.0" preferredLabel="http://www.xbrl.org/2003/role/terseLabel"/>
    <link:loc xlink:type="locator" xlink:href="../../c-ross_core_2015-12-31.xsd#c-ross_OutstandingBenefitsReserveOfLifeInsuranceContractUnderSolvencyIITimeValueOfOptionsAndGuarantees" xlink:label="TimeValueOfOptionsAndGuaranteesOfLifeInsuranceContract" xlink:title="TimeValueOfOptionsAndGuaranteesOfLifeInsuranceContract"/>
    <link:presentationArc xlink:type="arc" xlink:arcrole="http://www.xbrl.org/2003/arcrole/parent-child" xlink:from="BestEstimateLiabilityOfLifeInsuranceContract" xlink:to="TimeValueOfOptionsAndGuaranteesOfLifeInsuranceContract" xlink:title="presentation: BestEstimateLiabilityOfLifeInsuranceContract to TimeValueOfOptionsAndGuaranteesOfLifeInsuranceContract" use="optional" order="10.0" preferredLabel="http://www.xbrl.org/2003/role/terseLabel"/>
    <link:loc xlink:type="locator" xlink:href="../../c-ross_core_2015-12-31.xsd#c-ross_OutstandingBenefitsReserveOfLifeInsuranceContractUnderSolvencyIIRiskMargin" xlink:label="RiskMarginOfLifeInsuranceContract" xlink:title="RiskMarginOfLifeInsuranceContract"/>
    <link:presentationArc xlink:type="arc" xlink:arcrole="http://www.xbrl.org/2003/arcrole/parent-child" xlink:from="UnearnedPremiumReserveOfLifeInsuranceContractLiabilitiesUnderSolvencyII" xlink:to="RiskMarginOfLifeInsuranceContract" xlink:title="presentation: UnearnedPremiumReserveOfLifeInsuranceContractLiabilitiesUnderSolvencyII to RiskMarginOfLifeInsuranceContract" use="optional" order="20.0" preferredLabel="http://www.xbrl.org/2003/role/terseLabel"/>
    <link:loc xlink:type="locator" xlink:href="../../c-ross_core_2015-12-31.xsd#c-ross_OutstandingBenefitsReserveOfLifeInsuranceContractLiabilitiesAbstract" xlink:label="ReserveLiabilitiesLifeInsuranceContractAbstract" xlink:title="ReserveLiabilitiesLifeInsuranceContractAbstract"/>
    <link:loc xlink:type="locator" xlink:href="../../c-ross_core_2015-12-31.xsd#c-ross_OutstandingBenefitsReserveOfLifeInsuranceContractLiabilitiesTable" xlink:label="ReserveLiabilitiesLifeInsuranceContractDisclosuredByTypesOfInsuranceAccountTable" xlink:title="ReserveLiabilitiesLifeInsuranceContractDisclosuredByTypesOfInsuranceAccountTable"/>
    <link:presentationArc xlink:type="arc" xlink:arcrole="http://www.xbrl.org/2003/arcrole/parent-child" xlink:from="ReserveLiabilitiesLifeInsuranceContractAbstract" xlink:to="ReserveLiabilitiesLifeInsuranceContractDisclosuredByTypesOfInsuranceAccountTable" xlink:title="presentation: ReserveLiabilitiesLifeInsuranceContractAbstract to ReserveLiabilitiesLifeInsuranceContractDisclosuredByTypesOfInsuranceAccountTable" use="optional" order="10.0" preferredLabel="http://www.xbrl.org/2003/role/label"/>
    <link:loc xlink:type="locator" xlink:href="../../c-ross_core_2015-12-31.xsd#c-ross_OutstandingBenefitsReserveOfLifeInsuranceContractLiabilitiesTypesOfInsuranceAccountAxis" xlink:label="ReserveLiabilitiesTypesOfInsuranceAccountAxis" xlink:title="ReserveLiabilitiesTypesOfInsuranceAccountAxis"/>
    <link:presentationArc xlink:type="arc" xlink:arcrole="http://www.xbrl.org/2003/arcrole/parent-child" xlink:from="ReserveLiabilitiesLifeInsuranceContractDisclosuredByTypesOfInsuranceAccountTable" xlink:to="ReserveLiabilitiesTypesOfInsuranceAccountAxis" xlink:title="presentation: ReserveLiabilitiesLifeInsuranceContractDisclosuredByTypesOfInsuranceAccountTable to ReserveLiabilitiesTypesOfInsuranceAccountAxis" use="optional" order="10.0" preferredLabel="http://www.xbrl.org/2003/role/label"/>
    <link:loc xlink:type="locator" xlink:href="../../c-ross_core_2015-12-31.xsd#c-ross_TypesOfInsuranceAccountMember" xlink:label="TypesOfInsuranceAccountMember" xlink:title="TypesOfInsuranceAccountMember"/>
    <link:presentationArc xlink:type="arc" xlink:arcrole="http://www.xbrl.org/2003/arcrole/parent-child" xlink:from="ReserveLiabilitiesTypesOfInsuranceAccountAxis" xlink:to="TypesOfInsuranceAccountMember" xlink:title="presentation: ReserveLiabilitiesTypesOfInsuranceAccountAxis to TypesOfInsuranceAccountMember" use="optional" order="10.0" preferredLabel="http://www.xbrl.org/2003/role/label"/>
    <link:loc xlink:type="locator" xlink:href="../../c-ross_core_2015-12-31.xsd#c-ross_TraditionalInsuranceExcludingHighInterestRatePolicyAccountMember" xlink:label="TraditionalInsuranceExcludingHighInterestRatePolicyAccountMember" xlink:title="TraditionalInsuranceExcludingHighInterestRatePolicyAccountMember"/>
    <link:presentationArc xlink:type="arc" xlink:arcrole="http://www.xbrl.org/2003/arcrole/parent-child" xlink:from="TypesOfInsuranceAccountMember" xlink:to="TraditionalInsuranceExcludingHighInterestRatePolicyAccountMember" xlink:title="presentation: TypesOfInsuranceAccountMember to TraditionalInsuranceExcludingHighInterestRatePolicyAccountMember" use="optional" order="10.0" preferredLabel="http://www.xbrl.org/2003/role/terseLabel"/>
    <link:loc xlink:type="locator" xlink:href="../../c-ross_core_2015-12-31.xsd#c-ross_ParticipatingInsuranceAccountMember" xlink:label="ParticipatingInsuranceAccountMember" xlink:title="ParticipatingInsuranceAccountMember"/>
    <link:presentationArc xlink:type="arc" xlink:arcrole="http://www.xbrl.org/2003/arcrole/parent-child" xlink:from="TypesOfInsuranceAccountMember" xlink:to="ParticipatingInsuranceAccountMember" xlink:title="presentation: TypesOfInsuranceAccountMember to ParticipatingInsuranceAccountMember" use="optional" order="20.0" preferredLabel="http://www.xbrl.org/2003/role/terseLabel"/>
    <link:loc xlink:type="locator" xlink:href="../../c-ross_core_2015-12-31.xsd#c-ross_UniversalInsuranceAccountMember" xlink:label="UniversalInsuranceAccountMember" xlink:title="UniversalInsuranceAccountMember"/>
    <link:presentationArc xlink:type="arc" xlink:arcrole="http://www.xbrl.org/2003/arcrole/parent-child" xlink:from="TypesOfInsuranceAccountMember" xlink:to="UniversalInsuranceAccountMember" xlink:title="presentation: TypesOfInsuranceAccountMember to UniversalInsuranceAccountMember" use="optional" order="30.0" preferredLabel="http://www.xbrl.org/2003/role/terseLabel"/>
    <link:loc xlink:type="locator" xlink:href="../../c-ross_core_2015-12-31.xsd#c-ross_HighInterestRatePolicyAccountMember" xlink:label="HighInterestRatePolicyLiabilityAccountMember" xlink:title="HighInterestRatePolicyLiabilityAccountMember"/>
    <link:presentationArc xlink:type="arc" xlink:arcrole="http://www.xbrl.org/2003/arcrole/parent-child" xlink:from="TypesOfInsuranceAccountMember" xlink:to="HighInterestRatePolicyLiabilityAccountMember" xlink:title="presentation: TypesOfInsuranceAccountMember to HighInterestRatePolicyLiabilityAccountMember" use="optional" order="50.0" preferredLabel="http://www.xbrl.org/2003/role/terseLabel"/>
    <link:loc xlink:type="locator" xlink:href="../../c-ross_core_2015-12-31.xsd#c-ross_UnitLinkedInsuranceIncludingOtherInsuranceAccountMember" xlink:label="UnitLinkedInsuranceIncludingOtherInsuranceAccountMember" xlink:title="UnitLinkedInsuranceIncludingOtherInsuranceAccountMember"/>
    <link:presentationArc xlink:type="arc" xlink:arcrole="http://www.xbrl.org/2003/arcrole/parent-child" xlink:from="TypesOfInsuranceAccountMember" xlink:to="UnitLinkedInsuranceIncludingOtherInsuranceAccountMember" xlink:title="presentation: TypesOfInsuranceAccountMember to UnitLinkedInsuranceIncludingOtherInsuranceAccountMember" use="optional" order="40.0" preferredLabel="http://www.xbrl.org/2003/role/terseLabel"/>
    <link:loc xlink:type="locator" xlink:href="../../c-ross_core_2015-12-31.xsd#c-ross_OutstandingBenefitsReserveOfLifeInsuranceContractLiabilitiesLineItems" xlink:label="ReserveLiabilitiesLifeInsuranceContractDisclosuredByTypesOfInsuranceAccountLineItems" xlink:title="ReserveLiabilitiesLifeInsuranceContractDisclosuredByTypesOfInsuranceAccountLineItems"/>
    <link:presentationArc xlink:type="arc" xlink:arcrole="http://www.xbrl.org/2003/arcrole/parent-child" xlink:from="ReserveLiabilitiesLifeInsuranceContractAbstract" xlink:to="ReserveLiabilitiesLifeInsuranceContractDisclosuredByTypesOfInsuranceAccountLineItems" xlink:title="presentation: ReserveLiabilitiesLifeInsuranceContractAbstract to ReserveLiabilitiesLifeInsuranceContractDisclosuredByTypesOfInsuranceAccountLineItems" use="optional" order="20.0" preferredLabel="http://www.xbrl.org/2003/role/label"/>
    <link:loc xlink:type="locator" xlink:href="../../c-ross_core_2015-12-31.xsd#c-ross_OutstandingBenefitsReserveOfLifeInsuranceContractUnderAccountingStandard" xlink:label="OutstandingBenefitsReserveUnderAccountingStandardOfLifeInsuranceContract" xlink:title="OutstandingBenefitsReserveUnderAccountingStandardOfLifeInsuranceContract"/>
    <link:presentationArc xlink:type="arc" xlink:arcrole="http://www.xbrl.org/2003/arcrole/parent-child" xlink:from="ReserveLiabilitiesLifeInsuranceContractDisclosuredByTypesOfInsuranceAccountLineItems" xlink:to="OutstandingBenefitsReserveUnderAccountingStandardOfLifeInsuranceContract" xlink:title="presentation: ReserveLiabilitiesLifeInsuranceContractDisclosuredByTypesOfInsuranceAccountLineItems to OutstandingBenefitsReserveUnderAccountingStandardOfLifeInsuranceContract" use="optional" order="20.0" preferredLabel="http://www.xbrl.org/2003/role/label"/>
    <link:loc xlink:type="locator" xlink:href="../../c-ross_core_2015-12-31.xsd#c-ross_OutstandingBenefitsReserveOfLifeInsuranceContractUnderAccountingStandardBestEstimateLiability" xlink:label="BestEstimateLiabilityUnderAccountingStandardOfLifeInsuranceContract" xlink:title="BestEstimateLiabilityUnderAccountingStandardOfLifeInsuranceContract"/>
    <link:presentationArc xlink:type="arc" xlink:arcrole="http://www.xbrl.org/2003/arcrole/parent-child" xlink:from="OutstandingBenefitsReserveUnderAccountingStandardOfLifeInsuranceContract" xlink:to="BestEstimateLiabilityUnderAccountingStandardOfLifeInsuranceContract" xlink:title="presentation: OutstandingBenefitsReserveUnderAccountingStandardOfLifeInsuranceContract to BestEstimateLiabilityUnderAccountingStandardOfLifeInsuranceContract" use="optional" order="10.0" preferredLabel="http://www.xbrl.org/2003/role/terseLabel"/>
    <link:loc xlink:type="locator" xlink:href="../../c-ross_core_2015-12-31.xsd#c-ross_OutstandingBenefitsReserveOfLifeInsuranceContractUnderAccountingStandardRiskMargin" xlink:label="RiskMarginUnderAccountingStandardOfLifeInsuranceContract" xlink:title="RiskMarginUnderAccountingStandardOfLifeInsuranceContract"/>
    <link:presentationArc xlink:type="arc" xlink:arcrole="http://www.xbrl.org/2003/arcrole/parent-child" xlink:from="OutstandingBenefitsReserveUnderAccountingStandardOfLifeInsuranceContract" xlink:to="RiskMarginUnderAccountingStandardOfLifeInsuranceContract" xlink:title="presentation: OutstandingBenefitsReserveUnderAccountingStandardOfLifeInsuranceContract to RiskMarginUnderAccountingStandardOfLifeInsuranceContract" use="optional" order="20.0" preferredLabel="http://www.xbrl.org/2003/role/terseLabel"/>
    <link:loc xlink:type="locator" xlink:href="../../c-ross_core_2015-12-31.xsd#c-ross_OutstandingBenefitsReserveOfLifeInsuranceContractUnderAccountingStandardSurplusMargin" xlink:label="SurplusMarginUnderAccountingStandardOfLifeInsuranceContract" xlink:title="SurplusMarginUnderAccountingStandardOfLifeInsuranceContract"/>
    <link:presentationArc xlink:type="arc" xlink:arcrole="http://www.xbrl.org/2003/arcrole/parent-child" xlink:from="OutstandingBenefitsReserveUnderAccountingStandardOfLifeInsuranceContract" xlink:to="SurplusMarginUnderAccountingStandardOfLifeInsuranceContract" xlink:title="presentation: OutstandingBenefitsReserveUnderAccountingStandardOfLifeInsuranceContract to SurplusMarginUnderAccountingStandardOfLifeInsuranceContract" use="optional" order="30.0" preferredLabel="http://www.xbrl.org/2003/role/terseLabel"/>
    <link:loc xlink:type="locator" xlink:href="../../c-ross_core_2015-12-31.xsd#c-ross_OutstandingBenefitsReserveOfLifeInsuranceContractCashValue" xlink:label="CashValueOfLifeInsuranceContract" xlink:title="CashValueOfLifeInsuranceContract"/>
    <link:presentationArc xlink:type="arc" xlink:arcrole="http://www.xbrl.org/2003/arcrole/parent-child" xlink:from="ReserveLiabilitiesLifeInsuranceContractDisclosuredByTypesOfInsuranceAccountLineItems" xlink:to="CashValueOfLifeInsuranceContract" xlink:title="presentation: ReserveLiabilitiesLifeInsuranceContractDisclosuredByTypesOfInsuranceAccountLineItems to CashValueOfLifeInsuranceContract" use="optional" order="30.0" preferredLabel="http://www.xbrl.org/2003/role/terseLabel"/>
    <link:loc xlink:type="locator" xlink:href="../../c-ross_core_2015-12-31.xsd#c-ross_OutstandingBenefitsReserveOfLifeInsuranceContractAccountValue" xlink:label="AccountValueOfLifeInsuranceContract" xlink:title="AccountValueOfLifeInsuranceContract"/>
    <link:presentationArc xlink:type="arc" xlink:arcrole="http://www.xbrl.org/2003/arcrole/parent-child" xlink:from="ReserveLiabilitiesLifeInsuranceContractDisclosuredByTypesOfInsuranceAccountLineItems" xlink:to="AccountValueOfLifeInsuranceContract" xlink:title="presentation: ReserveLiabilitiesLifeInsuranceContractDisclosuredByTypesOfInsuranceAccountLineItems to AccountValueOfLifeInsuranceContract" use="optional" order="40.0" preferredLabel="http://www.xbrl.org/2003/role/terseLabel"/>
    <link:presentationArc xlink:type="arc" xlink:arcrole="http://www.xbrl.org/2003/arcrole/parent-child" xlink:from="ReserveLiabilitiesLifeInsuranceContractDisclosuredByTypesOfInsuranceAccountLineItems" xlink:to="UnearnedPremiumReserveOfLifeInsuranceContractLiabilitiesUnderSolvencyII" xlink:title="presentation: ReserveLiabilitiesLifeInsuranceContractDisclosuredByTypesOfInsuranceAccountLineItems to UnearnedPremiumReserveOfLifeInsuranceContractLiabilitiesUnderSolvencyII" order="10.0" preferredLabel="http://www.xbrl.org/2003/role/label"/>
  </link:presentationLink>
</link:linkbase>
