<?xml version="1.0" encoding="UTF-8"?>

<!--
	Taxonomy: 2015-12-31 (Final)
	**********************
	Copyright © 2015 China Insurance Regulatory Commission.
	All rights reserved.  No part of this publication may be translated, reprinted or reproduced
	or utilised in any form either in whole or in part without prior permission in writing from China Insurance Regulatory Commission.
	  **********************
	-->
<link:linkbase xmlns:xsi="http://www.w3.org/2001/XMLSchema-instance" xsi:schemaLocation="http://www.xbrl.org/2003/linkbase http://www.xbrl.org/2003/xbrl-linkbase-2003-12-31.xsd" xmlns:c-ross="http://xbrl.circ.gov.cn/taxonomy/2015-12-31/c-ross" xmlns:link="http://www.xbrl.org/2003/linkbase" xmlns:q_s_pc_entry_point="http://xbrl.circ.gov.cn/taxonomy/2015-12-31/c-ross/q_s_pc_entry_point" xmlns:xbrli="http://www.xbrl.org/2003/instance" xmlns:xlink="http://www.w3.org/1999/xlink">
  <link:roleRef roleURI="http://xbrl.circ.gov.cn/role/c-ross_2015-12-31_role-3150210" xlink:type="simple" xlink:href="rol_c-ross_4_2015-12-31.xsd#c-ross_2015-12-31-3150210"/>
  <link:calculationLink xlink:type="extended" xlink:role="http://xbrl.circ.gov.cn/role/c-ross_2015-12-31_role-3150210">
    <link:loc xlink:type="locator" xlink:href="../../c-ross_core_2015-12-31.xsd#c-ross_InsuranceRiskOfNonLifeInsuranceBusinessMinimumCapitalForCatastropheRisk" xlink:label="InsuranceRiskOfNonLifeInsuranceBusinessMinimumCapitalForCatastropheRisk" xlink:title="InsuranceRiskOfNonLifeInsuranceBusinessMinimumCapitalForCatastropheRisk"/>
    <link:loc xlink:type="locator" xlink:href="../../c-ross_core_2015-12-31.xsd#c-ross_InsuranceRiskOfNonLifeInsuranceBusinessMinimumCapitalForCatastropheRiskOfAutoInsurance" xlink:label="InsuranceRiskOfNonLifeInsuranceMinimumCapitalForCatastropheRiskOfAutoInsurance" xlink:title="InsuranceRiskOfNonLifeInsuranceMinimumCapitalForCatastropheRiskOfAutoInsurance"/>
    <link:calculationArc xlink:type="arc" xlink:arcrole="http://www.xbrl.org/2003/arcrole/summation-item" xlink:from="InsuranceRiskOfNonLifeInsuranceBusinessMinimumCapitalForCatastropheRisk" xlink:to="InsuranceRiskOfNonLifeInsuranceMinimumCapitalForCatastropheRiskOfAutoInsurance" xlink:title="calculation: InsuranceRiskOfNonLifeInsuranceBusinessMinimumCapitalForCatastropheRisk to InsuranceRiskOfNonLifeInsuranceMinimumCapitalForCatastropheRiskOfAutoInsurance" use="optional" order="10.0" weight="1.0"/>
    <link:loc xlink:type="locator" xlink:href="../../c-ross_core_2015-12-31.xsd#c-ross_InsuranceRiskOfNonLifeInsuranceBusinessMinimumCapitalForTyphoonAndFloodCatastropheRiskOfPropertyInsurance" xlink:label="InsuranceRiskOfNonLifeInsuranceMinimumCapitalForTyphoonAndFloodCatastropheRiskOfPropertyInsurance" xlink:title="InsuranceRiskOfNonLifeInsuranceMinimumCapitalForTyphoonAndFloodCatastropheRiskOfPropertyInsurance"/>
    <link:calculationArc xlink:type="arc" xlink:arcrole="http://www.xbrl.org/2003/arcrole/summation-item" xlink:from="InsuranceRiskOfNonLifeInsuranceBusinessMinimumCapitalForCatastropheRisk" xlink:to="InsuranceRiskOfNonLifeInsuranceMinimumCapitalForTyphoonAndFloodCatastropheRiskOfPropertyInsurance" xlink:title="calculation: InsuranceRiskOfNonLifeInsuranceBusinessMinimumCapitalForCatastropheRisk to InsuranceRiskOfNonLifeInsuranceMinimumCapitalForTyphoonAndFloodCatastropheRiskOfPropertyInsurance" use="optional" order="20.0" weight="1.0"/>
    <link:loc xlink:type="locator" xlink:href="../../c-ross_core_2015-12-31.xsd#c-ross_InsuranceRiskOfNonLifeInsuranceBusinessMinimumCapitalForEarthquakeCatastropheRiskOfPropertyInsurance" xlink:label="InsuranceRiskOfNonLifeInsuranceMinimumCapitalForEarthquakeCatastropheRiskOfPropertyInsurance" xlink:title="InsuranceRiskOfNonLifeInsuranceMinimumCapitalForEarthquakeCatastropheRiskOfPropertyInsurance"/>
    <link:calculationArc xlink:type="arc" xlink:arcrole="http://www.xbrl.org/2003/arcrole/summation-item" xlink:from="InsuranceRiskOfNonLifeInsuranceBusinessMinimumCapitalForCatastropheRisk" xlink:to="InsuranceRiskOfNonLifeInsuranceMinimumCapitalForEarthquakeCatastropheRiskOfPropertyInsurance" xlink:title="calculation: InsuranceRiskOfNonLifeInsuranceBusinessMinimumCapitalForCatastropheRisk to InsuranceRiskOfNonLifeInsuranceMinimumCapitalForEarthquakeCatastropheRiskOfPropertyInsurance" use="optional" order="30.0" weight="1.0"/>
    <link:loc xlink:type="locator" xlink:href="../../c-ross_core_2015-12-31.xsd#c-ross_InsuranceRiskOfNonLifeInsuranceBusinessMinimumCapitalForCatastropheRiskOfAgricultureInsurance" xlink:label="InsuranceRiskOfNonLifeInsuranceMinimumCapitalForCatastropheRiskOfAgricultureInsurance" xlink:title="InsuranceRiskOfNonLifeInsuranceMinimumCapitalForCatastropheRiskOfAgricultureInsurance"/>
    <link:calculationArc xlink:type="arc" xlink:arcrole="http://www.xbrl.org/2003/arcrole/summation-item" xlink:from="InsuranceRiskOfNonLifeInsuranceBusinessMinimumCapitalForCatastropheRisk" xlink:to="InsuranceRiskOfNonLifeInsuranceMinimumCapitalForCatastropheRiskOfAgricultureInsurance" xlink:title="calculation: InsuranceRiskOfNonLifeInsuranceBusinessMinimumCapitalForCatastropheRisk to InsuranceRiskOfNonLifeInsuranceMinimumCapitalForCatastropheRiskOfAgricultureInsurance" use="optional" order="40.0" weight="1.0"/>
    <link:loc xlink:type="locator" xlink:href="../../c-ross_core_2015-12-31.xsd#c-ross_InsuranceRiskOfNonLifeInsuranceBusinessDiversificationEffectOfCatastropheRisk" xlink:label="InsuranceRiskOfNonLifeInsuranceBusinessDiversificationEffectOfCatastropheRisk" xlink:title="InsuranceRiskOfNonLifeInsuranceBusinessDiversificationEffectOfCatastropheRisk"/>
    <link:calculationArc xlink:type="arc" xlink:arcrole="http://www.xbrl.org/2003/arcrole/summation-item" xlink:from="InsuranceRiskOfNonLifeInsuranceBusinessMinimumCapitalForCatastropheRisk" xlink:to="InsuranceRiskOfNonLifeInsuranceBusinessDiversificationEffectOfCatastropheRisk" xlink:title="calculation: InsuranceRiskOfNonLifeInsuranceBusinessMinimumCapitalForCatastropheRisk to InsuranceRiskOfNonLifeInsuranceBusinessDiversificationEffectOfCatastropheRisk" use="optional" order="50.0" weight="-1.0"/>
  </link:calculationLink>
</link:linkbase>
