<?xml version="1.0" encoding="UTF-8"?>

<!--
	Taxonomy: 2015-12-31 (Final)
	**********************
	Copyright © 2015 China Insurance Regulatory Commission.
	All rights reserved.  No part of this publication may be translated, reprinted or reproduced
	or utilised in any form either in whole or in part without prior permission in writing from China Insurance Regulatory Commission.
	  **********************
	-->
<link:linkbase xmlns:xsi="http://www.w3.org/2001/XMLSchema-instance" xsi:schemaLocation="http://www.xbrl.org/2003/linkbase http://www.xbrl.org/2003/xbrl-linkbase-2003-12-31.xsd" xmlns:c-ross="http://xbrl.circ.gov.cn/taxonomy/2015-12-31/c-ross" xmlns:link="http://www.xbrl.org/2003/linkbase" xmlns:q_s_pc_entry_point="http://xbrl.circ.gov.cn/taxonomy/2015-12-31/c-ross/q_s_pc_entry_point" xmlns:xlink="http://www.w3.org/1999/xlink" xmlns:xbrli="http://www.xbrl.org/2003/instance" xmlns:xbrldt="http://xbrl.org/2005/xbrldt">
  <link:roleRef roleURI="http://xbrl.circ.gov.cn/role/c-ross_2015-12-31_role-3150110b" xlink:type="simple" xlink:href="rol_c-ross_4_2015-12-31.xsd#c-ross_2015-12-31-3150110b"/>
  <link:roleRef roleURI="http://xbrl.circ.gov.cn/role/c-ross_2015-12-31_role-3150110d" xlink:type="simple" xlink:href="rol_c-ross_4_2015-12-31.xsd#c-ross_2015-12-31-3150110d"/>
  <link:roleRef roleURI="http://xbrl.circ.gov.cn/role/c-ross_2015-12-31_role-3150110" xlink:type="simple" xlink:href="rol_c-ross_4_2015-12-31.xsd#c-ross_2015-12-31-3150110"/>
  <link:roleRef roleURI="http://xbrl.circ.gov.cn/role/c-ross_2015-12-31_role-3150110a" xlink:type="simple" xlink:href="rol_c-ross_4_2015-12-31.xsd#c-ross_2015-12-31-3150110a"/>
  <link:roleRef roleURI="http://xbrl.circ.gov.cn/role/c-ross_2015-12-31_role-3150110c" xlink:type="simple" xlink:href="rol_c-ross_4_2015-12-31.xsd#c-ross_2015-12-31-3150110c"/>
  <link:arcroleRef arcroleURI="http://xbrl.org/int/dim/arcrole/all" xlink:type="simple" xlink:href="http://www.xbrl.org/2005/xbrldt-2005.xsd#all"/>
  <link:arcroleRef arcroleURI="http://xbrl.org/int/dim/arcrole/dimension-default" xlink:type="simple" xlink:href="http://www.xbrl.org/2005/xbrldt-2005.xsd#dimension-default"/>
  <link:arcroleRef arcroleURI="http://xbrl.org/int/dim/arcrole/dimension-domain" xlink:type="simple" xlink:href="http://www.xbrl.org/2005/xbrldt-2005.xsd#dimension-domain"/>
  <link:arcroleRef arcroleURI="http://xbrl.org/int/dim/arcrole/domain-member" xlink:type="simple" xlink:href="http://www.xbrl.org/2005/xbrldt-2005.xsd#domain-member"/>
  <link:arcroleRef arcroleURI="http://xbrl.org/int/dim/arcrole/hypercube-dimension" xlink:type="simple" xlink:href="http://www.xbrl.org/2005/xbrldt-2005.xsd#hypercube-dimension"/>
  <link:arcroleRef arcroleURI="http://xbrl.org/int/dim/arcrole/notAll" xlink:type="simple" xlink:href="http://www.xbrl.org/2005/xbrldt-2005.xsd#notAll"/>
  <link:definitionLink xlink:type="extended" xlink:role="http://xbrl.circ.gov.cn/role/c-ross_2015-12-31_role-3150110">
    <link:loc xlink:type="locator" xlink:href="../../c-ross_core_2015-12-31.xsd#c-ross_PremiumAndReserveRiskTypesNonLifeInsuranceBusinessAxis" xlink:label="PremiumAndReserveRiskTypesNonLifeInsuranceBusinessAxis" xlink:title="PremiumAndReserveRiskTypesNonLifeInsuranceBusinessAxis"/>
    <link:loc xlink:type="locator" xlink:href="../../c-ross_core_2015-12-31.xsd#c-ross_TypesNonLifeInsuranceBusinessMember" xlink:label="TypesNonLifeInsuranceBusinessMember" xlink:title="TypesNonLifeInsuranceBusinessMember"/>
    <link:definitionArc xlink:type="arc" xlink:arcrole="http://xbrl.org/int/dim/arcrole/dimension-domain" xlink:from="PremiumAndReserveRiskTypesNonLifeInsuranceBusinessAxis" xlink:to="TypesNonLifeInsuranceBusinessMember" xlink:title="definition: PremiumAndReserveRiskTypesNonLifeInsuranceBusinessAxis to TypesNonLifeInsuranceBusinessMember" use="optional" order="10.0"/>
    <link:loc xlink:type="locator" xlink:href="../../c-ross_core_2015-12-31.xsd#c-ross_TypesNonLifeInsuranceBusinessMember" xlink:label="TypesNonLifeInsuranceBusinessMember_2" xlink:title="TypesNonLifeInsuranceBusinessMember"/>
    <link:definitionArc xlink:type="arc" xlink:arcrole="http://xbrl.org/int/dim/arcrole/dimension-default" xlink:from="PremiumAndReserveRiskTypesNonLifeInsuranceBusinessAxis" xlink:to="TypesNonLifeInsuranceBusinessMember_2" xlink:title="definition: PremiumAndReserveRiskTypesNonLifeInsuranceBusinessAxis to TypesNonLifeInsuranceBusinessMember" use="optional" order="20.0"/>
    <link:loc xlink:type="locator" xlink:href="../../c-ross_core_2015-12-31.xsd#c-ross_NonLifeInsuranceBusinessOtherInsuranceMember" xlink:label="newItem7" xlink:title="newItem7"/>
    <link:definitionArc xlink:type="arc" xlink:arcrole="http://xbrl.org/int/dim/arcrole/domain-member" xlink:from="TypesNonLifeInsuranceBusinessMember" xlink:to="newItem7" xlink:title="definition: TypesNonLifeInsuranceBusinessMember to newItem7" order="100.0"/>
    <link:loc xlink:type="locator" xlink:href="../../c-ross_core_2015-12-31.xsd#c-ross_NonLifeInsuranceBusinessAutoInsuranceMember" xlink:label="newItem_2" xlink:title="newItem"/>
    <link:definitionArc xlink:type="arc" xlink:arcrole="http://xbrl.org/int/dim/arcrole/domain-member" xlink:from="TypesNonLifeInsuranceBusinessMember" xlink:to="newItem_2" xlink:title="definition: TypesNonLifeInsuranceBusinessMember to newItem" order="10.0"/>
    <link:loc xlink:type="locator" xlink:href="../../c-ross_core_2015-12-31.xsd#c-ross_NonLifeInsuranceBusinessPropertyInsuranceMember" xlink:label="newItem2" xlink:title="newItem2"/>
    <link:definitionArc xlink:type="arc" xlink:arcrole="http://xbrl.org/int/dim/arcrole/domain-member" xlink:from="TypesNonLifeInsuranceBusinessMember" xlink:to="newItem2" xlink:title="definition: TypesNonLifeInsuranceBusinessMember to newItem2" order="20.0"/>
    <link:loc xlink:type="locator" xlink:href="../../c-ross_core_2015-12-31.xsd#c-ross_NonLifeInsuranceBusinessMarineAndHullCargoAndSpecialRiskInsuranceMember" xlink:label="NonLifeInsuranceBusinessMarineAndHullCargoAndSpecialRiskInsuranceMember" xlink:title="NonLifeInsuranceBusinessMarineAndHullCargoAndSpecialRiskInsuranceMember"/>
    <link:definitionArc xlink:type="arc" xlink:arcrole="http://xbrl.org/int/dim/arcrole/domain-member" xlink:from="TypesNonLifeInsuranceBusinessMember" xlink:to="NonLifeInsuranceBusinessMarineAndHullCargoAndSpecialRiskInsuranceMember" xlink:title="definition: TypesNonLifeInsuranceBusinessMember to NonLifeInsuranceBusinessMarineAndHullCargoAndSpecialRiskInsuranceMember" order="30.0"/>
    <link:loc xlink:type="locator" xlink:href="../../c-ross_core_2015-12-31.xsd#c-ross_NonLifeInsuranceBusinessLiabilityInsuranceMember" xlink:label="newItem3" xlink:title="newItem3"/>
    <link:definitionArc xlink:type="arc" xlink:arcrole="http://xbrl.org/int/dim/arcrole/domain-member" xlink:from="TypesNonLifeInsuranceBusinessMember" xlink:to="newItem3" xlink:title="definition: TypesNonLifeInsuranceBusinessMember to newItem3" order="40.0"/>
    <link:loc xlink:type="locator" xlink:href="../../c-ross_core_2015-12-31.xsd#c-ross_NonLifeInsuranceBusinessAgricultureInsuranceMember" xlink:label="newItem4" xlink:title="newItem4"/>
    <link:definitionArc xlink:type="arc" xlink:arcrole="http://xbrl.org/int/dim/arcrole/domain-member" xlink:from="TypesNonLifeInsuranceBusinessMember" xlink:to="newItem4" xlink:title="definition: TypesNonLifeInsuranceBusinessMember to newItem4" order="50.0"/>
    <link:loc xlink:type="locator" xlink:href="../../c-ross_core_2015-12-31.xsd#c-ross_NonLifeInsuranceBusinessCreditGuaranteeInsuranceMember" xlink:label="NonLifeInsuranceBusinessCreditGuaranteeInsuranceMember" xlink:title="NonLifeInsuranceBusinessCreditGuaranteeInsuranceMember"/>
    <link:definitionArc xlink:type="arc" xlink:arcrole="http://xbrl.org/int/dim/arcrole/domain-member" xlink:from="TypesNonLifeInsuranceBusinessMember" xlink:to="NonLifeInsuranceBusinessCreditGuaranteeInsuranceMember" xlink:title="definition: TypesNonLifeInsuranceBusinessMember to NonLifeInsuranceBusinessCreditGuaranteeInsuranceMember" order="60.0"/>
    <link:loc xlink:type="locator" xlink:href="../../c-ross_core_2015-12-31.xsd#c-ross_NonLifeInsuranceBusinessShortTermAccidentInsuranceMember" xlink:label="newItem5" xlink:title="newItem5"/>
    <link:definitionArc xlink:type="arc" xlink:arcrole="http://xbrl.org/int/dim/arcrole/domain-member" xlink:from="TypesNonLifeInsuranceBusinessMember" xlink:to="newItem5" xlink:title="definition: TypesNonLifeInsuranceBusinessMember to newItem5" order="70.0"/>
    <link:loc xlink:type="locator" xlink:href="../../c-ross_core_2015-12-31.xsd#c-ross_NonLifeInsuranceBusinessShortTermHealthInsuranceMember" xlink:label="newItem6" xlink:title="newItem6"/>
    <link:definitionArc xlink:type="arc" xlink:arcrole="http://xbrl.org/int/dim/arcrole/domain-member" xlink:from="TypesNonLifeInsuranceBusinessMember" xlink:to="newItem6" xlink:title="definition: TypesNonLifeInsuranceBusinessMember to newItem6" order="80.0"/>
    <link:loc xlink:type="locator" xlink:href="../../c-ross_core_2015-12-31.xsd#c-ross_NonLifeInsuranceBusinessShortTermLifeInsuranceMember" xlink:label="NonLifeInsuranceBusinessShortTermLifeInsuranceMember" xlink:title="NonLifeInsuranceBusinessShortTermLifeInsuranceMember"/>
    <link:definitionArc xlink:type="arc" xlink:arcrole="http://xbrl.org/int/dim/arcrole/domain-member" xlink:from="TypesNonLifeInsuranceBusinessMember" xlink:to="NonLifeInsuranceBusinessShortTermLifeInsuranceMember" xlink:title="definition: TypesNonLifeInsuranceBusinessMember to NonLifeInsuranceBusinessShortTermLifeInsuranceMember" order="90.0"/>
    <link:loc xlink:type="locator" xlink:href="../../c-ross_core_2015-12-31.xsd#c-ross_InsuranceRiskOfNonLifeInsuranceBusinessOfPropertyAndCasualtyInsuranceCompanyAndLifeInsuranceCompanyPremiumAndReserveRiskAbstract" xlink:label="InsuranceRiskOfNonLifeInsuranceBusinessOfInsuranceCompanyPremiumAndReserveRiskAbstract" xlink:title="InsuranceRiskOfNonLifeInsuranceBusinessOfInsuranceCompanyPremiumAndReserveRiskAbstract"/>
    <link:loc xlink:type="locator" xlink:href="../../c-ross_core_2015-12-31.xsd#c-ross_InsuranceRiskOfNonLifeInsuranceBusinessOfPropertyAndCasualtyInsuranceCompanyAndLifeInsuranceCompanyPremiumAndReserveRiskTable" xlink:label="InsuranceRiskOfNonLifeInsuranceBusinessOfInsuranceCompanyPremiumAndReserveRiskTable" xlink:title="InsuranceRiskOfNonLifeInsuranceBusinessOfInsuranceCompanyPremiumAndReserveRiskTable"/>
    <link:definitionArc xlink:type="arc" xlink:arcrole="http://xbrl.org/int/dim/arcrole/all" xlink:from="InsuranceRiskOfNonLifeInsuranceBusinessOfInsuranceCompanyPremiumAndReserveRiskAbstract" xlink:to="InsuranceRiskOfNonLifeInsuranceBusinessOfInsuranceCompanyPremiumAndReserveRiskTable" xlink:title="definition: InsuranceRiskOfNonLifeInsuranceBusinessOfInsuranceCompanyPremiumAndReserveRiskAbstract to InsuranceRiskOfNonLifeInsuranceBusinessOfInsuranceCompanyPremiumAndReserveRiskTable" use="optional" order="10.0" xbrldt:closed="true" xbrldt:contextElement="scenario"/>
    <link:definitionArc xlink:type="arc" xlink:arcrole="http://xbrl.org/int/dim/arcrole/hypercube-dimension" xlink:from="InsuranceRiskOfNonLifeInsuranceBusinessOfInsuranceCompanyPremiumAndReserveRiskTable" xlink:to="PremiumAndReserveRiskTypesNonLifeInsuranceBusinessAxis" xlink:title="definition: InsuranceRiskOfNonLifeInsuranceBusinessOfInsuranceCompanyPremiumAndReserveRiskTable to PremiumAndReserveRiskTypesNonLifeInsuranceBusinessAxis" use="optional" order="10.0"/>
    <link:loc xlink:type="locator" xlink:href="../../c-ross_core_2015-12-31.xsd#c-ross_InsuranceRiskOfNonLifeInsuranceBusinessOfPropertyAndCasualtyInsuranceCompanyAndLifeInsuranceCompanyPremiumAndReserveRiskLineItems" xlink:label="InsuranceRiskOfNonLifeInsuranceBusinessOfInsuranceCompanyPremiumAndReserveRiskLineItems" xlink:title="InsuranceRiskOfNonLifeInsuranceBusinessOfInsuranceCompanyPremiumAndReserveRiskLineItems"/>
    <link:definitionArc xlink:type="arc" xlink:arcrole="http://xbrl.org/int/dim/arcrole/domain-member" xlink:from="InsuranceRiskOfNonLifeInsuranceBusinessOfInsuranceCompanyPremiumAndReserveRiskAbstract" xlink:to="InsuranceRiskOfNonLifeInsuranceBusinessOfInsuranceCompanyPremiumAndReserveRiskLineItems" xlink:title="definition: InsuranceRiskOfNonLifeInsuranceBusinessOfInsuranceCompanyPremiumAndReserveRiskAbstract to InsuranceRiskOfNonLifeInsuranceBusinessOfInsuranceCompanyPremiumAndReserveRiskLineItems" use="optional" order="20.0"/>
    <link:loc xlink:type="locator" xlink:href="../../c-ross_core_2015-12-31.xsd#c-ross_NonProportionalReinsurancePremiumPaidOfMostRecentTwelveMonths" xlink:label="NonProportionalReinsurancePremiumPaidOfMostRecentTwelveMonths" xlink:title="NonProportionalReinsurancePremiumPaidOfMostRecentTwelveMonths"/>
    <link:definitionArc xlink:type="arc" xlink:arcrole="http://xbrl.org/int/dim/arcrole/domain-member" xlink:from="InsuranceRiskOfNonLifeInsuranceBusinessOfInsuranceCompanyPremiumAndReserveRiskLineItems" xlink:to="NonProportionalReinsurancePremiumPaidOfMostRecentTwelveMonths" xlink:title="definition: InsuranceRiskOfNonLifeInsuranceBusinessOfInsuranceCompanyPremiumAndReserveRiskLineItems to NonProportionalReinsurancePremiumPaidOfMostRecentTwelveMonths" use="optional" order="10.0"/>
    <link:loc xlink:type="locator" xlink:href="../../c-ross_core_2015-12-31.xsd#c-ross_NonProportionalReinsurancePremiumReceivedOfMostRecentTwelveMonths" xlink:label="NonProportionalReinsurancePremiumReceivedOfMostRecentTwelveMonths" xlink:title="NonProportionalReinsurancePremiumReceivedOfMostRecentTwelveMonths"/>
    <link:definitionArc xlink:type="arc" xlink:arcrole="http://xbrl.org/int/dim/arcrole/domain-member" xlink:from="InsuranceRiskOfNonLifeInsuranceBusinessOfInsuranceCompanyPremiumAndReserveRiskLineItems" xlink:to="NonProportionalReinsurancePremiumReceivedOfMostRecentTwelveMonths" xlink:title="definition: InsuranceRiskOfNonLifeInsuranceBusinessOfInsuranceCompanyPremiumAndReserveRiskLineItems to NonProportionalReinsurancePremiumReceivedOfMostRecentTwelveMonths" use="optional" order="20.0"/>
    <link:loc xlink:type="locator" xlink:href="../../c-ross_core_2015-12-31.xsd#c-ross_NetCedingPremiumsOfNonProportionalReinsuranceOfMostRecentTwelveMonths" xlink:label="NetCedingPremiumsOfNonProportionalReinsuranceOfMostRecentTwelveMonths" xlink:title="NetCedingPremiumsOfNonProportionalReinsuranceOfMostRecentTwelveMonths"/>
    <link:definitionArc xlink:type="arc" xlink:arcrole="http://xbrl.org/int/dim/arcrole/domain-member" xlink:from="InsuranceRiskOfNonLifeInsuranceBusinessOfInsuranceCompanyPremiumAndReserveRiskLineItems" xlink:to="NetCedingPremiumsOfNonProportionalReinsuranceOfMostRecentTwelveMonths" xlink:title="definition: InsuranceRiskOfNonLifeInsuranceBusinessOfInsuranceCompanyPremiumAndReserveRiskLineItems to NetCedingPremiumsOfNonProportionalReinsuranceOfMostRecentTwelveMonths" use="optional" order="30.0"/>
    <link:loc xlink:type="locator" xlink:href="../../c-ross_core_2015-12-31.xsd#c-ross_RetainedPremiumsInMostRecentTwelveMonths" xlink:label="RetainedPremiumsInMostRecentTwelveMonths" xlink:title="RetainedPremiumsInMostRecentTwelveMonths"/>
    <link:definitionArc xlink:type="arc" xlink:arcrole="http://xbrl.org/int/dim/arcrole/domain-member" xlink:from="InsuranceRiskOfNonLifeInsuranceBusinessOfInsuranceCompanyPremiumAndReserveRiskLineItems" xlink:to="RetainedPremiumsInMostRecentTwelveMonths" xlink:title="definition: InsuranceRiskOfNonLifeInsuranceBusinessOfInsuranceCompanyPremiumAndReserveRiskLineItems to RetainedPremiumsInMostRecentTwelveMonths" use="optional" order="40.0"/>
    <link:loc xlink:type="locator" xlink:href="../../c-ross_core_2015-12-31.xsd#c-ross_OutstandingLossReserveNetOfReinsurance" xlink:label="OutstandingClaimsReservesNetOfReinsurance" xlink:title="OutstandingClaimsReservesNetOfReinsurance"/>
    <link:definitionArc xlink:type="arc" xlink:arcrole="http://xbrl.org/int/dim/arcrole/domain-member" xlink:from="InsuranceRiskOfNonLifeInsuranceBusinessOfInsuranceCompanyPremiumAndReserveRiskLineItems" xlink:to="OutstandingClaimsReservesNetOfReinsurance" xlink:title="definition: InsuranceRiskOfNonLifeInsuranceBusinessOfInsuranceCompanyPremiumAndReserveRiskLineItems to OutstandingClaimsReservesNetOfReinsurance" use="optional" order="50.0"/>
    <link:loc xlink:type="locator" xlink:href="../../c-ross_core_2015-12-31.xsd#c-ross_CombinedRatio" xlink:label="CombinedRatio" xlink:title="CombinedRatio"/>
    <link:definitionArc xlink:type="arc" xlink:arcrole="http://xbrl.org/int/dim/arcrole/domain-member" xlink:from="InsuranceRiskOfNonLifeInsuranceBusinessOfInsuranceCompanyPremiumAndReserveRiskLineItems" xlink:to="CombinedRatio" xlink:title="definition: InsuranceRiskOfNonLifeInsuranceBusinessOfInsuranceCompanyPremiumAndReserveRiskLineItems to CombinedRatio" use="optional" order="60.0"/>
    <link:loc xlink:type="locator" xlink:href="../../c-ross_core_2015-12-31.xsd#c-ross_ExcludedTable" xlink:label="Excluded" xlink:title="Excluded"/>
    <link:definitionArc xlink:type="arc" xlink:arcrole="http://xbrl.org/int/dim/arcrole/notAll" xlink:from="CombinedRatio" xlink:to="Excluded" xlink:title="definition: CombinedRatio to Excluded" order="10.0" xbrldt:contextElement="scenario" xbrldt:targetRole="http://xbrl.circ.gov.cn/role/c-ross_2015-12-31_role-3150110a"/>
    <link:loc xlink:type="locator" xlink:href="../../c-ross_core_2015-12-31.xsd#c-ross_VariationOfCombinedRatio" xlink:label="VariationOfCombinedRatio" xlink:title="VariationOfCombinedRatio"/>
    <link:definitionArc xlink:type="arc" xlink:arcrole="http://xbrl.org/int/dim/arcrole/domain-member" xlink:from="InsuranceRiskOfNonLifeInsuranceBusinessOfInsuranceCompanyPremiumAndReserveRiskLineItems" xlink:to="VariationOfCombinedRatio" xlink:title="definition: InsuranceRiskOfNonLifeInsuranceBusinessOfInsuranceCompanyPremiumAndReserveRiskLineItems to VariationOfCombinedRatio" use="optional" order="70.0"/>
    <link:definitionArc xlink:type="arc" xlink:arcrole="http://xbrl.org/int/dim/arcrole/notAll" xlink:from="VariationOfCombinedRatio" xlink:to="Excluded" xlink:title="definition: VariationOfCombinedRatio to Excluded" use="optional" order="10.0" xbrldt:contextElement="scenario" xbrldt:targetRole="http://xbrl.circ.gov.cn/role/c-ross_2015-12-31_role-3150110b"/>
    <link:loc xlink:type="locator" xlink:href="../../c-ross_core_2015-12-31.xsd#c-ross_ArithmeticalMeanOfRetrospectiveDeviationRatiosOfOutstandingLossReserve" xlink:label="ArithmeticalMeanOfRetrospectiveDeviationRationsOfOutstandingClaimsReserves" xlink:title="ArithmeticalMeanOfRetrospectiveDeviationRationsOfOutstandingClaimsReserves"/>
    <link:definitionArc xlink:type="arc" xlink:arcrole="http://xbrl.org/int/dim/arcrole/domain-member" xlink:from="InsuranceRiskOfNonLifeInsuranceBusinessOfInsuranceCompanyPremiumAndReserveRiskLineItems" xlink:to="ArithmeticalMeanOfRetrospectiveDeviationRationsOfOutstandingClaimsReserves" xlink:title="definition: InsuranceRiskOfNonLifeInsuranceBusinessOfInsuranceCompanyPremiumAndReserveRiskLineItems to ArithmeticalMeanOfRetrospectiveDeviationRationsOfOutstandingClaimsReserves" use="optional" order="80.0"/>
    <link:definitionArc xlink:type="arc" xlink:arcrole="http://xbrl.org/int/dim/arcrole/notAll" xlink:from="ArithmeticalMeanOfRetrospectiveDeviationRationsOfOutstandingClaimsReserves" xlink:to="Excluded" xlink:title="definition: ArithmeticalMeanOfRetrospectiveDeviationRationsOfOutstandingClaimsReserves to Excluded" use="optional" order="10.0" xbrldt:contextElement="scenario" xbrldt:targetRole="http://xbrl.circ.gov.cn/role/c-ross_2015-12-31_role-3150110a"/>
    <link:loc xlink:type="locator" xlink:href="../../c-ross_core_2015-12-31.xsd#c-ross_InsuranceRiskOfNonLifeInsuranceBusinessMinimumCapitalForPremiumAndReserveRiskBeforeRiskDiversification" xlink:label="newItem" xlink:title="newItem"/>
    <link:definitionArc xlink:type="arc" xlink:arcrole="http://xbrl.org/int/dim/arcrole/domain-member" xlink:from="InsuranceRiskOfNonLifeInsuranceBusinessOfInsuranceCompanyPremiumAndReserveRiskLineItems" xlink:to="newItem" xlink:title="definition: InsuranceRiskOfNonLifeInsuranceBusinessOfInsuranceCompanyPremiumAndReserveRiskLineItems to newItem" order="90.0"/>
    <link:loc xlink:type="locator" xlink:href="../../c-ross_core_2015-12-31.xsd#c-ross_InsuranceRiskOfNonLifeInsuranceBusinessRiskDiversificationEffectOfPremiumAndReserveRisk" xlink:label="InsuranceRiskOfNonLifeInsuranceBusinessPremiumAndReserveRiskRiskDiversificationEffect" xlink:title="InsuranceRiskOfNonLifeInsuranceBusinessPremiumAndReserveRiskRiskDiversificationEffect"/>
    <link:definitionArc xlink:type="arc" xlink:arcrole="http://xbrl.org/int/dim/arcrole/domain-member" xlink:from="InsuranceRiskOfNonLifeInsuranceBusinessOfInsuranceCompanyPremiumAndReserveRiskLineItems" xlink:to="InsuranceRiskOfNonLifeInsuranceBusinessPremiumAndReserveRiskRiskDiversificationEffect" xlink:title="definition: InsuranceRiskOfNonLifeInsuranceBusinessOfInsuranceCompanyPremiumAndReserveRiskLineItems to InsuranceRiskOfNonLifeInsuranceBusinessPremiumAndReserveRiskRiskDiversificationEffect" order="100.0"/>
    <link:definitionArc xlink:type="arc" xlink:arcrole="http://xbrl.org/int/dim/arcrole/notAll" xlink:from="InsuranceRiskOfNonLifeInsuranceBusinessPremiumAndReserveRiskRiskDiversificationEffect" xlink:to="Excluded" xlink:title="definition: InsuranceRiskOfNonLifeInsuranceBusinessPremiumAndReserveRiskRiskDiversificationEffect to Excluded" use="optional" order="10.0" xbrldt:contextElement="scenario" xbrldt:targetRole="http://xbrl.circ.gov.cn/role/c-ross_2015-12-31_role-3150110c"/>
    <link:loc xlink:type="locator" xlink:href="../../c-ross_core_2015-12-31.xsd#c-ross_InsuranceRiskOfNonLifeInsuranceBusinessMinimumCapitalForPremiumAndReserveRiskAfterRiskDiversification" xlink:label="InsuranceRiskOfNonLifeInsuranceBusinessMinimumCapitalForPremiumAndReserveRisk" xlink:title="InsuranceRiskOfNonLifeInsuranceBusinessMinimumCapitalForPremiumAndReserveRisk"/>
    <link:definitionArc xlink:type="arc" xlink:arcrole="http://xbrl.org/int/dim/arcrole/domain-member" xlink:from="InsuranceRiskOfNonLifeInsuranceBusinessOfInsuranceCompanyPremiumAndReserveRiskLineItems" xlink:to="InsuranceRiskOfNonLifeInsuranceBusinessMinimumCapitalForPremiumAndReserveRisk" xlink:title="definition: InsuranceRiskOfNonLifeInsuranceBusinessOfInsuranceCompanyPremiumAndReserveRiskLineItems to InsuranceRiskOfNonLifeInsuranceBusinessMinimumCapitalForPremiumAndReserveRisk" order="110.0"/>
    <link:definitionArc xlink:type="arc" xlink:arcrole="http://xbrl.org/int/dim/arcrole/notAll" xlink:from="InsuranceRiskOfNonLifeInsuranceBusinessMinimumCapitalForPremiumAndReserveRisk" xlink:to="Excluded" xlink:title="definition: InsuranceRiskOfNonLifeInsuranceBusinessMinimumCapitalForPremiumAndReserveRisk to Excluded" use="optional" order="10.0" xbrldt:contextElement="scenario" xbrldt:targetRole="http://xbrl.circ.gov.cn/role/c-ross_2015-12-31_role-3150110c"/>
    <link:loc xlink:type="locator" xlink:href="../../c-ross_core_2015-12-31.xsd#c-ross_InsuranceRiskOfNonLifeInsuranceBusinessRiskExposureOfPremiumRisk" xlink:label="InsuranceRiskOfNonLifeInsuranceBusinessPremiumRiskRiskExposure" xlink:title="InsuranceRiskOfNonLifeInsuranceBusinessPremiumRiskRiskExposure"/>
    <link:definitionArc xlink:type="arc" xlink:arcrole="http://xbrl.org/int/dim/arcrole/domain-member" xlink:from="InsuranceRiskOfNonLifeInsuranceBusinessOfInsuranceCompanyPremiumAndReserveRiskLineItems" xlink:to="InsuranceRiskOfNonLifeInsuranceBusinessPremiumRiskRiskExposure" xlink:title="definition: InsuranceRiskOfNonLifeInsuranceBusinessOfInsuranceCompanyPremiumAndReserveRiskLineItems to InsuranceRiskOfNonLifeInsuranceBusinessPremiumRiskRiskExposure" use="optional" order="120.0"/>
    <link:loc xlink:type="locator" xlink:href="../../c-ross_core_2015-12-31.xsd#c-ross_InsuranceRiskOfNonLifeInsuranceBusinessRiskFactorOneOfPremiumRisk" xlink:label="InsuranceRiskOfNonLifeInsuranceBusinessPremiumRiskRiskFactorOne" xlink:title="InsuranceRiskOfNonLifeInsuranceBusinessPremiumRiskRiskFactorOne"/>
    <link:definitionArc xlink:type="arc" xlink:arcrole="http://xbrl.org/int/dim/arcrole/domain-member" xlink:from="InsuranceRiskOfNonLifeInsuranceBusinessOfInsuranceCompanyPremiumAndReserveRiskLineItems" xlink:to="InsuranceRiskOfNonLifeInsuranceBusinessPremiumRiskRiskFactorOne" xlink:title="definition: InsuranceRiskOfNonLifeInsuranceBusinessOfInsuranceCompanyPremiumAndReserveRiskLineItems to InsuranceRiskOfNonLifeInsuranceBusinessPremiumRiskRiskFactorOne" use="optional" order="130.0"/>
    <link:definitionArc xlink:type="arc" xlink:arcrole="http://xbrl.org/int/dim/arcrole/notAll" xlink:from="InsuranceRiskOfNonLifeInsuranceBusinessPremiumRiskRiskFactorOne" xlink:to="Excluded" xlink:title="definition: InsuranceRiskOfNonLifeInsuranceBusinessPremiumRiskRiskFactorOne to Excluded" use="optional" order="10.0" xbrldt:contextElement="scenario" xbrldt:targetRole="http://xbrl.circ.gov.cn/role/c-ross_2015-12-31_role-3150110a"/>
    <link:loc xlink:type="locator" xlink:href="../../c-ross_core_2015-12-31.xsd#c-ross_InsuranceRiskOfNonLifeInsuranceBusinessRiskFactorTwoOfPremiumRisk" xlink:label="InsuranceRiskOfNonLifeInsuranceBusinessPremiumRiskRiskFactorTwo" xlink:title="InsuranceRiskOfNonLifeInsuranceBusinessPremiumRiskRiskFactorTwo"/>
    <link:definitionArc xlink:type="arc" xlink:arcrole="http://xbrl.org/int/dim/arcrole/domain-member" xlink:from="InsuranceRiskOfNonLifeInsuranceBusinessOfInsuranceCompanyPremiumAndReserveRiskLineItems" xlink:to="InsuranceRiskOfNonLifeInsuranceBusinessPremiumRiskRiskFactorTwo" xlink:title="definition: InsuranceRiskOfNonLifeInsuranceBusinessOfInsuranceCompanyPremiumAndReserveRiskLineItems to InsuranceRiskOfNonLifeInsuranceBusinessPremiumRiskRiskFactorTwo" use="optional" order="140.0"/>
    <link:definitionArc xlink:type="arc" xlink:arcrole="http://xbrl.org/int/dim/arcrole/notAll" xlink:from="InsuranceRiskOfNonLifeInsuranceBusinessPremiumRiskRiskFactorTwo" xlink:to="Excluded" xlink:title="definition: InsuranceRiskOfNonLifeInsuranceBusinessPremiumRiskRiskFactorTwo to Excluded" use="optional" order="10.0" xbrldt:contextElement="scenario" xbrldt:targetRole="http://xbrl.circ.gov.cn/role/c-ross_2015-12-31_role-3150110a"/>
    <link:loc xlink:type="locator" xlink:href="../../c-ross_core_2015-12-31.xsd#c-ross_InsuranceRiskOfNonLifeInsuranceBusinessRiskFactorThreeOfPremiumRisk" xlink:label="InsuranceRiskOfNonLifeInsuranceBusinessPremiumRiskRiskFactorThree" xlink:title="InsuranceRiskOfNonLifeInsuranceBusinessPremiumRiskRiskFactorThree"/>
    <link:definitionArc xlink:type="arc" xlink:arcrole="http://xbrl.org/int/dim/arcrole/domain-member" xlink:from="InsuranceRiskOfNonLifeInsuranceBusinessOfInsuranceCompanyPremiumAndReserveRiskLineItems" xlink:to="InsuranceRiskOfNonLifeInsuranceBusinessPremiumRiskRiskFactorThree" xlink:title="definition: InsuranceRiskOfNonLifeInsuranceBusinessOfInsuranceCompanyPremiumAndReserveRiskLineItems to InsuranceRiskOfNonLifeInsuranceBusinessPremiumRiskRiskFactorThree" use="optional" order="150.0"/>
    <link:definitionArc xlink:type="arc" xlink:arcrole="http://xbrl.org/int/dim/arcrole/notAll" xlink:from="InsuranceRiskOfNonLifeInsuranceBusinessPremiumRiskRiskFactorThree" xlink:to="Excluded" xlink:title="definition: InsuranceRiskOfNonLifeInsuranceBusinessPremiumRiskRiskFactorThree to Excluded" use="optional" order="10.0" xbrldt:contextElement="scenario" xbrldt:targetRole="http://xbrl.circ.gov.cn/role/c-ross_2015-12-31_role-3150110b"/>
    <link:loc xlink:type="locator" xlink:href="../../c-ross_core_2015-12-31.xsd#c-ross_InsuranceRiskOfNonLifeInsuranceBusinessMinimumCapitalOfPremiumRisk" xlink:label="InsuranceRiskOfNonLifeInsuranceBusinessPremiumRiskMinimumCapital" xlink:title="InsuranceRiskOfNonLifeInsuranceBusinessPremiumRiskMinimumCapital"/>
    <link:definitionArc xlink:type="arc" xlink:arcrole="http://xbrl.org/int/dim/arcrole/domain-member" xlink:from="InsuranceRiskOfNonLifeInsuranceBusinessOfInsuranceCompanyPremiumAndReserveRiskLineItems" xlink:to="InsuranceRiskOfNonLifeInsuranceBusinessPremiumRiskMinimumCapital" xlink:title="definition: InsuranceRiskOfNonLifeInsuranceBusinessOfInsuranceCompanyPremiumAndReserveRiskLineItems to InsuranceRiskOfNonLifeInsuranceBusinessPremiumRiskMinimumCapital" use="optional" order="160.0"/>
    <link:definitionArc xlink:type="arc" xlink:arcrole="http://xbrl.org/int/dim/arcrole/notAll" xlink:from="InsuranceRiskOfNonLifeInsuranceBusinessPremiumRiskMinimumCapital" xlink:to="Excluded" xlink:title="definition: InsuranceRiskOfNonLifeInsuranceBusinessPremiumRiskMinimumCapital to Excluded" use="optional" order="10.0" xbrldt:contextElement="scenario" xbrldt:targetRole="http://xbrl.circ.gov.cn/role/c-ross_2015-12-31_role-3150110d"/>
    <link:loc xlink:type="locator" xlink:href="../../c-ross_core_2015-12-31.xsd#c-ross_InsuranceRiskOfNonLifeInsuranceBusinessRiskExposureOfReserveRisk" xlink:label="InsuranceRiskOfNonLifeInsuranceBusinessReserveRiskRiskExposure" xlink:title="InsuranceRiskOfNonLifeInsuranceBusinessReserveRiskRiskExposure"/>
    <link:definitionArc xlink:type="arc" xlink:arcrole="http://xbrl.org/int/dim/arcrole/domain-member" xlink:from="InsuranceRiskOfNonLifeInsuranceBusinessOfInsuranceCompanyPremiumAndReserveRiskLineItems" xlink:to="InsuranceRiskOfNonLifeInsuranceBusinessReserveRiskRiskExposure" xlink:title="definition: InsuranceRiskOfNonLifeInsuranceBusinessOfInsuranceCompanyPremiumAndReserveRiskLineItems to InsuranceRiskOfNonLifeInsuranceBusinessReserveRiskRiskExposure" use="optional" order="170.0"/>
    <link:loc xlink:type="locator" xlink:href="../../c-ross_core_2015-12-31.xsd#c-ross_InsuranceRiskOfNonLifeInsuranceBusinessRiskFactorOneOfReserveRisk" xlink:label="InsuranceRiskOfNonLifeInsuranceBusinessReserveRiskRiskFactorOne" xlink:title="InsuranceRiskOfNonLifeInsuranceBusinessReserveRiskRiskFactorOne"/>
    <link:definitionArc xlink:type="arc" xlink:arcrole="http://xbrl.org/int/dim/arcrole/domain-member" xlink:from="InsuranceRiskOfNonLifeInsuranceBusinessOfInsuranceCompanyPremiumAndReserveRiskLineItems" xlink:to="InsuranceRiskOfNonLifeInsuranceBusinessReserveRiskRiskFactorOne" xlink:title="definition: InsuranceRiskOfNonLifeInsuranceBusinessOfInsuranceCompanyPremiumAndReserveRiskLineItems to InsuranceRiskOfNonLifeInsuranceBusinessReserveRiskRiskFactorOne" use="optional" order="180.0"/>
    <link:definitionArc xlink:type="arc" xlink:arcrole="http://xbrl.org/int/dim/arcrole/notAll" xlink:from="InsuranceRiskOfNonLifeInsuranceBusinessReserveRiskRiskFactorOne" xlink:to="Excluded" xlink:title="definition: InsuranceRiskOfNonLifeInsuranceBusinessReserveRiskRiskFactorOne to Excluded" use="optional" order="10.0" xbrldt:contextElement="scenario" xbrldt:targetRole="http://xbrl.circ.gov.cn/role/c-ross_2015-12-31_role-3150110a"/>
    <link:loc xlink:type="locator" xlink:href="../../c-ross_core_2015-12-31.xsd#c-ross_InsuranceRiskOfNonLifeInsuranceBusinessMinimumCapitalOfReserveRisk" xlink:label="InsuranceRiskOfNonLifeInsuranceBusinessReserveRiskMinimumCapital" xlink:title="InsuranceRiskOfNonLifeInsuranceBusinessReserveRiskMinimumCapital"/>
    <link:definitionArc xlink:type="arc" xlink:arcrole="http://xbrl.org/int/dim/arcrole/domain-member" xlink:from="InsuranceRiskOfNonLifeInsuranceBusinessOfInsuranceCompanyPremiumAndReserveRiskLineItems" xlink:to="InsuranceRiskOfNonLifeInsuranceBusinessReserveRiskMinimumCapital" xlink:title="definition: InsuranceRiskOfNonLifeInsuranceBusinessOfInsuranceCompanyPremiumAndReserveRiskLineItems to InsuranceRiskOfNonLifeInsuranceBusinessReserveRiskMinimumCapital" use="optional" order="190.0"/>
    <link:definitionArc xlink:type="arc" xlink:arcrole="http://xbrl.org/int/dim/arcrole/notAll" xlink:from="InsuranceRiskOfNonLifeInsuranceBusinessReserveRiskMinimumCapital" xlink:to="Excluded" xlink:title="definition: InsuranceRiskOfNonLifeInsuranceBusinessReserveRiskMinimumCapital to Excluded" use="optional" order="10.0" xbrldt:contextElement="scenario" xbrldt:targetRole="http://xbrl.circ.gov.cn/role/c-ross_2015-12-31_role-3150110d"/>
  </link:definitionLink>
  <link:definitionLink xlink:type="extended" xlink:role="http://xbrl.circ.gov.cn/role/c-ross_2015-12-31_role-3150110b">
    <link:loc xlink:type="locator" xlink:href="../../c-ross_core_2015-12-31.xsd#c-ross_ExcludedTable" xlink:label="Excluded" xlink:title="Excluded"/>
    <link:loc xlink:type="locator" xlink:href="../../c-ross_core_2015-12-31.xsd#c-ross_PremiumAndReserveRiskTypesNonLifeInsuranceBusinessAxis" xlink:label="PremiumAndReserveRiskTypesNonLifeInsuranceBusinessAxis" xlink:title="PremiumAndReserveRiskTypesNonLifeInsuranceBusinessAxis"/>
    <link:definitionArc xlink:type="arc" xlink:arcrole="http://xbrl.org/int/dim/arcrole/hypercube-dimension" xlink:from="Excluded" xlink:to="PremiumAndReserveRiskTypesNonLifeInsuranceBusinessAxis" xlink:title="definition: Excluded to PremiumAndReserveRiskTypesNonLifeInsuranceBusinessAxis" use="optional" order="10.0"/>
    <link:loc xlink:type="locator" xlink:href="../../c-ross_core_2015-12-31.xsd#c-ross_TypesNonLifeInsuranceBusinessMember" xlink:label="TypesNonLifeInsuranceBusinessMember" xlink:title="TypesNonLifeInsuranceBusinessMember"/>
    <link:definitionArc xlink:type="arc" xlink:arcrole="http://xbrl.org/int/dim/arcrole/dimension-domain" xlink:from="PremiumAndReserveRiskTypesNonLifeInsuranceBusinessAxis" xlink:to="TypesNonLifeInsuranceBusinessMember" xlink:title="definition: PremiumAndReserveRiskTypesNonLifeInsuranceBusinessAxis to TypesNonLifeInsuranceBusinessMember" use="optional" order="10.0"/>
    <link:loc xlink:type="locator" xlink:href="../../c-ross_core_2015-12-31.xsd#c-ross_NonLifeInsuranceBusinessOtherInsuranceMember" xlink:label="newItem7" xlink:title="newItem7"/>
    <link:definitionArc xlink:type="arc" xlink:arcrole="http://xbrl.org/int/dim/arcrole/domain-member" xlink:from="TypesNonLifeInsuranceBusinessMember" xlink:to="newItem7" xlink:title="definition: TypesNonLifeInsuranceBusinessMember to newItem7" order="90.0"/>
    <link:loc xlink:type="locator" xlink:href="../../c-ross_core_2015-12-31.xsd#c-ross_NonLifeInsuranceBusinessPropertyInsuranceMember" xlink:label="newItem2" xlink:title="newItem2"/>
    <link:definitionArc xlink:type="arc" xlink:arcrole="http://xbrl.org/int/dim/arcrole/domain-member" xlink:from="TypesNonLifeInsuranceBusinessMember" xlink:to="newItem2" xlink:title="definition: TypesNonLifeInsuranceBusinessMember to newItem2" order="10.0"/>
    <link:loc xlink:type="locator" xlink:href="../../c-ross_core_2015-12-31.xsd#c-ross_NonLifeInsuranceBusinessMarineAndHullCargoAndSpecialRiskInsuranceMember" xlink:label="NonLifeInsuranceBusinessMarineAndHullCargoAndSpecialRiskInsuranceMember" xlink:title="NonLifeInsuranceBusinessMarineAndHullCargoAndSpecialRiskInsuranceMember"/>
    <link:definitionArc xlink:type="arc" xlink:arcrole="http://xbrl.org/int/dim/arcrole/domain-member" xlink:from="TypesNonLifeInsuranceBusinessMember" xlink:to="NonLifeInsuranceBusinessMarineAndHullCargoAndSpecialRiskInsuranceMember" xlink:title="definition: TypesNonLifeInsuranceBusinessMember to NonLifeInsuranceBusinessMarineAndHullCargoAndSpecialRiskInsuranceMember" order="20.0"/>
    <link:loc xlink:type="locator" xlink:href="../../c-ross_core_2015-12-31.xsd#c-ross_NonLifeInsuranceBusinessLiabilityInsuranceMember" xlink:label="newItem3" xlink:title="newItem3"/>
    <link:definitionArc xlink:type="arc" xlink:arcrole="http://xbrl.org/int/dim/arcrole/domain-member" xlink:from="TypesNonLifeInsuranceBusinessMember" xlink:to="newItem3" xlink:title="definition: TypesNonLifeInsuranceBusinessMember to newItem3" order="30.0"/>
    <link:loc xlink:type="locator" xlink:href="../../c-ross_core_2015-12-31.xsd#c-ross_NonLifeInsuranceBusinessAgricultureInsuranceMember" xlink:label="newItem4" xlink:title="newItem4"/>
    <link:definitionArc xlink:type="arc" xlink:arcrole="http://xbrl.org/int/dim/arcrole/domain-member" xlink:from="TypesNonLifeInsuranceBusinessMember" xlink:to="newItem4" xlink:title="definition: TypesNonLifeInsuranceBusinessMember to newItem4" order="40.0"/>
    <link:loc xlink:type="locator" xlink:href="../../c-ross_core_2015-12-31.xsd#c-ross_NonLifeInsuranceBusinessCreditGuaranteeInsuranceMember" xlink:label="NonLifeInsuranceBusinessCreditGuaranteeInsuranceMember" xlink:title="NonLifeInsuranceBusinessCreditGuaranteeInsuranceMember"/>
    <link:definitionArc xlink:type="arc" xlink:arcrole="http://xbrl.org/int/dim/arcrole/domain-member" xlink:from="TypesNonLifeInsuranceBusinessMember" xlink:to="NonLifeInsuranceBusinessCreditGuaranteeInsuranceMember" xlink:title="definition: TypesNonLifeInsuranceBusinessMember to NonLifeInsuranceBusinessCreditGuaranteeInsuranceMember" order="50.0"/>
    <link:loc xlink:type="locator" xlink:href="../../c-ross_core_2015-12-31.xsd#c-ross_NonLifeInsuranceBusinessShortTermAccidentInsuranceMember" xlink:label="newItem5" xlink:title="newItem5"/>
    <link:definitionArc xlink:type="arc" xlink:arcrole="http://xbrl.org/int/dim/arcrole/domain-member" xlink:from="TypesNonLifeInsuranceBusinessMember" xlink:to="newItem5" xlink:title="definition: TypesNonLifeInsuranceBusinessMember to newItem5" order="60.0"/>
    <link:loc xlink:type="locator" xlink:href="../../c-ross_core_2015-12-31.xsd#c-ross_NonLifeInsuranceBusinessShortTermHealthInsuranceMember" xlink:label="newItem6" xlink:title="newItem6"/>
    <link:definitionArc xlink:type="arc" xlink:arcrole="http://xbrl.org/int/dim/arcrole/domain-member" xlink:from="TypesNonLifeInsuranceBusinessMember" xlink:to="newItem6" xlink:title="definition: TypesNonLifeInsuranceBusinessMember to newItem6" order="70.0"/>
    <link:loc xlink:type="locator" xlink:href="../../c-ross_core_2015-12-31.xsd#c-ross_NonLifeInsuranceBusinessShortTermLifeInsuranceMember" xlink:label="NonLifeInsuranceBusinessShortTermLifeInsuranceMember" xlink:title="NonLifeInsuranceBusinessShortTermLifeInsuranceMember"/>
    <link:definitionArc xlink:type="arc" xlink:arcrole="http://xbrl.org/int/dim/arcrole/domain-member" xlink:from="TypesNonLifeInsuranceBusinessMember" xlink:to="NonLifeInsuranceBusinessShortTermLifeInsuranceMember" xlink:title="definition: TypesNonLifeInsuranceBusinessMember to NonLifeInsuranceBusinessShortTermLifeInsuranceMember" order="80.0"/>
  </link:definitionLink>
  <link:definitionLink xlink:type="extended" xlink:role="http://xbrl.circ.gov.cn/role/c-ross_2015-12-31_role-3150110c">
    <link:loc xlink:type="locator" xlink:href="../../c-ross_core_2015-12-31.xsd#c-ross_ExcludedTable" xlink:label="Excluded" xlink:title="Excluded"/>
    <link:loc xlink:type="locator" xlink:href="../../c-ross_core_2015-12-31.xsd#c-ross_PremiumAndReserveRiskTypesNonLifeInsuranceBusinessAxis" xlink:label="PremiumAndReserveRiskTypesNonLifeInsuranceBusinessAxis" xlink:title="PremiumAndReserveRiskTypesNonLifeInsuranceBusinessAxis"/>
    <link:definitionArc xlink:type="arc" xlink:arcrole="http://xbrl.org/int/dim/arcrole/hypercube-dimension" xlink:from="Excluded" xlink:to="PremiumAndReserveRiskTypesNonLifeInsuranceBusinessAxis" xlink:title="definition: Excluded to PremiumAndReserveRiskTypesNonLifeInsuranceBusinessAxis" use="optional" order="10.0"/>
    <link:loc xlink:type="locator" xlink:href="../../c-ross_core_2015-12-31.xsd#c-ross_NonLifeInsuranceBusinessAutoInsuranceMember" xlink:label="newItem" xlink:title="newItem"/>
    <link:definitionArc xlink:type="arc" xlink:arcrole="http://xbrl.org/int/dim/arcrole/dimension-domain" xlink:from="PremiumAndReserveRiskTypesNonLifeInsuranceBusinessAxis" xlink:to="newItem" xlink:title="definition: PremiumAndReserveRiskTypesNonLifeInsuranceBusinessAxis to newItem" order="10.0"/>
    <link:loc xlink:type="locator" xlink:href="../../c-ross_core_2015-12-31.xsd#c-ross_NonLifeInsuranceBusinessPropertyInsuranceMember" xlink:label="newItem2" xlink:title="newItem2"/>
    <link:definitionArc xlink:type="arc" xlink:arcrole="http://xbrl.org/int/dim/arcrole/dimension-domain" xlink:from="PremiumAndReserveRiskTypesNonLifeInsuranceBusinessAxis" xlink:to="newItem2" xlink:title="definition: PremiumAndReserveRiskTypesNonLifeInsuranceBusinessAxis to newItem2" order="20.0"/>
    <link:loc xlink:type="locator" xlink:href="../../c-ross_core_2015-12-31.xsd#c-ross_NonLifeInsuranceBusinessMarineAndHullCargoAndSpecialRiskInsuranceMember" xlink:label="NonLifeInsuranceBusinessMarineAndHullCargoAndSpecialRiskInsuranceMember" xlink:title="NonLifeInsuranceBusinessMarineAndHullCargoAndSpecialRiskInsuranceMember"/>
    <link:definitionArc xlink:type="arc" xlink:arcrole="http://xbrl.org/int/dim/arcrole/dimension-domain" xlink:from="PremiumAndReserveRiskTypesNonLifeInsuranceBusinessAxis" xlink:to="NonLifeInsuranceBusinessMarineAndHullCargoAndSpecialRiskInsuranceMember" xlink:title="definition: PremiumAndReserveRiskTypesNonLifeInsuranceBusinessAxis to NonLifeInsuranceBusinessMarineAndHullCargoAndSpecialRiskInsuranceMember" order="30.0"/>
    <link:loc xlink:type="locator" xlink:href="../../c-ross_core_2015-12-31.xsd#c-ross_NonLifeInsuranceBusinessLiabilityInsuranceMember" xlink:label="newItem3" xlink:title="newItem3"/>
    <link:definitionArc xlink:type="arc" xlink:arcrole="http://xbrl.org/int/dim/arcrole/dimension-domain" xlink:from="PremiumAndReserveRiskTypesNonLifeInsuranceBusinessAxis" xlink:to="newItem3" xlink:title="definition: PremiumAndReserveRiskTypesNonLifeInsuranceBusinessAxis to newItem3" order="40.0"/>
    <link:loc xlink:type="locator" xlink:href="../../c-ross_core_2015-12-31.xsd#c-ross_NonLifeInsuranceBusinessAgricultureInsuranceMember" xlink:label="newItem4" xlink:title="newItem4"/>
    <link:definitionArc xlink:type="arc" xlink:arcrole="http://xbrl.org/int/dim/arcrole/dimension-domain" xlink:from="PremiumAndReserveRiskTypesNonLifeInsuranceBusinessAxis" xlink:to="newItem4" xlink:title="definition: PremiumAndReserveRiskTypesNonLifeInsuranceBusinessAxis to newItem4" order="50.0"/>
    <link:loc xlink:type="locator" xlink:href="../../c-ross_core_2015-12-31.xsd#c-ross_NonLifeInsuranceBusinessCreditGuaranteeInsuranceMember" xlink:label="NonLifeInsuranceBusinessCreditGuaranteeInsuranceMember" xlink:title="NonLifeInsuranceBusinessCreditGuaranteeInsuranceMember"/>
    <link:definitionArc xlink:type="arc" xlink:arcrole="http://xbrl.org/int/dim/arcrole/dimension-domain" xlink:from="PremiumAndReserveRiskTypesNonLifeInsuranceBusinessAxis" xlink:to="NonLifeInsuranceBusinessCreditGuaranteeInsuranceMember" xlink:title="definition: PremiumAndReserveRiskTypesNonLifeInsuranceBusinessAxis to NonLifeInsuranceBusinessCreditGuaranteeInsuranceMember" order="60.0"/>
    <link:loc xlink:type="locator" xlink:href="../../c-ross_core_2015-12-31.xsd#c-ross_NonLifeInsuranceBusinessShortTermAccidentInsuranceMember" xlink:label="newItem5" xlink:title="newItem5"/>
    <link:definitionArc xlink:type="arc" xlink:arcrole="http://xbrl.org/int/dim/arcrole/dimension-domain" xlink:from="PremiumAndReserveRiskTypesNonLifeInsuranceBusinessAxis" xlink:to="newItem5" xlink:title="definition: PremiumAndReserveRiskTypesNonLifeInsuranceBusinessAxis to newItem5" order="70.0"/>
    <link:loc xlink:type="locator" xlink:href="../../c-ross_core_2015-12-31.xsd#c-ross_NonLifeInsuranceBusinessShortTermHealthInsuranceMember" xlink:label="newItem6" xlink:title="newItem6"/>
    <link:definitionArc xlink:type="arc" xlink:arcrole="http://xbrl.org/int/dim/arcrole/dimension-domain" xlink:from="PremiumAndReserveRiskTypesNonLifeInsuranceBusinessAxis" xlink:to="newItem6" xlink:title="definition: PremiumAndReserveRiskTypesNonLifeInsuranceBusinessAxis to newItem6" order="80.0"/>
    <link:loc xlink:type="locator" xlink:href="../../c-ross_core_2015-12-31.xsd#c-ross_NonLifeInsuranceBusinessShortTermLifeInsuranceMember" xlink:label="NonLifeInsuranceBusinessShortTermLifeInsuranceMember" xlink:title="NonLifeInsuranceBusinessShortTermLifeInsuranceMember"/>
    <link:definitionArc xlink:type="arc" xlink:arcrole="http://xbrl.org/int/dim/arcrole/dimension-domain" xlink:from="PremiumAndReserveRiskTypesNonLifeInsuranceBusinessAxis" xlink:to="NonLifeInsuranceBusinessShortTermLifeInsuranceMember" xlink:title="definition: PremiumAndReserveRiskTypesNonLifeInsuranceBusinessAxis to NonLifeInsuranceBusinessShortTermLifeInsuranceMember" order="90.0"/>
    <link:loc xlink:type="locator" xlink:href="../../c-ross_core_2015-12-31.xsd#c-ross_NonLifeInsuranceBusinessOtherInsuranceMember" xlink:label="newItem7" xlink:title="newItem7"/>
    <link:definitionArc xlink:type="arc" xlink:arcrole="http://xbrl.org/int/dim/arcrole/dimension-domain" xlink:from="PremiumAndReserveRiskTypesNonLifeInsuranceBusinessAxis" xlink:to="newItem7" xlink:title="definition: PremiumAndReserveRiskTypesNonLifeInsuranceBusinessAxis to newItem7" order="100.0"/>
  </link:definitionLink>
  <link:definitionLink xlink:type="extended" xlink:role="http://xbrl.circ.gov.cn/role/c-ross_2015-12-31_role-3150110d">
    <link:loc xlink:type="locator" xlink:href="../../c-ross_core_2015-12-31.xsd#c-ross_ExcludedTable" xlink:label="Excluded" xlink:title="Excluded"/>
    <link:loc xlink:type="locator" xlink:href="../../c-ross_core_2015-12-31.xsd#c-ross_PremiumAndReserveRiskTypesNonLifeInsuranceBusinessAxis" xlink:label="PremiumAndReserveRiskTypesNonLifeInsuranceBusinessAxis" xlink:title="PremiumAndReserveRiskTypesNonLifeInsuranceBusinessAxis"/>
    <link:definitionArc xlink:type="arc" xlink:arcrole="http://xbrl.org/int/dim/arcrole/hypercube-dimension" xlink:from="Excluded" xlink:to="PremiumAndReserveRiskTypesNonLifeInsuranceBusinessAxis" xlink:title="definition: Excluded to PremiumAndReserveRiskTypesNonLifeInsuranceBusinessAxis" order="10.0"/>
    <link:loc xlink:type="locator" xlink:href="../../c-ross_core_2015-12-31.xsd#c-ross_TypesNonLifeInsuranceBusinessMember" xlink:label="TypesNonLifeInsuranceBusinessMember" xlink:title="TypesNonLifeInsuranceBusinessMember"/>
    <link:definitionArc xlink:type="arc" xlink:arcrole="http://xbrl.org/int/dim/arcrole/dimension-domain" xlink:from="PremiumAndReserveRiskTypesNonLifeInsuranceBusinessAxis" xlink:to="TypesNonLifeInsuranceBusinessMember" xlink:title="definition: PremiumAndReserveRiskTypesNonLifeInsuranceBusinessAxis to TypesNonLifeInsuranceBusinessMember" use="optional" order="10.0"/>
  </link:definitionLink>
  <link:definitionLink xlink:type="extended" xlink:role="http://xbrl.circ.gov.cn/role/c-ross_2015-12-31_role-3150110a">
    <link:loc xlink:type="locator" xlink:href="../../c-ross_core_2015-12-31.xsd#c-ross_ExcludedTable" xlink:label="Excluded" xlink:title="Excluded"/>
    <link:loc xlink:type="locator" xlink:href="../../c-ross_core_2015-12-31.xsd#c-ross_PremiumAndReserveRiskTypesNonLifeInsuranceBusinessAxis" xlink:label="PremiumAndReserveRiskTypesNonLifeInsuranceBusinessAxis" xlink:title="PremiumAndReserveRiskTypesNonLifeInsuranceBusinessAxis"/>
    <link:definitionArc xlink:type="arc" xlink:arcrole="http://xbrl.org/int/dim/arcrole/hypercube-dimension" xlink:from="Excluded" xlink:to="PremiumAndReserveRiskTypesNonLifeInsuranceBusinessAxis" xlink:title="definition: Excluded to PremiumAndReserveRiskTypesNonLifeInsuranceBusinessAxis" use="optional" order="10.0"/>
    <link:loc xlink:type="locator" xlink:href="../../c-ross_core_2015-12-31.xsd#c-ross_TypesNonLifeInsuranceBusinessMember" xlink:label="TypesNonLifeInsuranceBusinessMember" xlink:title="TypesNonLifeInsuranceBusinessMember"/>
    <link:definitionArc xlink:type="arc" xlink:arcrole="http://xbrl.org/int/dim/arcrole/dimension-domain" xlink:from="PremiumAndReserveRiskTypesNonLifeInsuranceBusinessAxis" xlink:to="TypesNonLifeInsuranceBusinessMember" xlink:title="definition: PremiumAndReserveRiskTypesNonLifeInsuranceBusinessAxis to TypesNonLifeInsuranceBusinessMember" use="optional" order="10.0"/>
    <link:loc xlink:type="locator" xlink:href="../../c-ross_core_2015-12-31.xsd#c-ross_NonLifeInsuranceBusinessOtherInsuranceMember" xlink:label="newItem7" xlink:title="newItem7"/>
    <link:definitionArc xlink:type="arc" xlink:arcrole="http://xbrl.org/int/dim/arcrole/domain-member" xlink:from="TypesNonLifeInsuranceBusinessMember" xlink:to="newItem7" xlink:title="definition: TypesNonLifeInsuranceBusinessMember to newItem7" order="10.0"/>
  </link:definitionLink>
</link:linkbase>
