<?xml version="1.0" encoding="UTF-8"?>

<xbrl xmlns="http://www.xbrl.org/2003/instance" xmlns:iso4217="http://www.xbrl.org/2003/iso4217" xmlns:xbrldt="http://xbrl.org/2005/xbrldt" xmlns:xsi="http://www.w3.org/2001/XMLSchema-instance" xmlns:xbrldi="http://xbrl.org/2006/xbrldi" xmlns:link="http://www.xbrl.org/2003/linkbase" xmlns:xlink="http://www.w3.org/1999/xlink" xmlns:xl="http://www.xbrl.org/2003/XLink" xmlns:rol_c-ross_10_2015-12-31="http://xbrl.circ.gov.cn/role/c-ross_irr/rol_c-ross_10_2015-12-31" xmlns:label="http://xbrl.org/2008/label" xmlns:sti_c-ross_irr="http://xbrl.circ.gov.cn/sti/c-ross_irr/2015-12-31" xmlns:num="http://www.xbrl.org/dtr/type/numeric" xmlns:xsd="http://www.w3.org/2001/XMLSchema" xmlns:c-ross_irr="http://xbrl.circ.gov.cn/taxonomy/2015-12-31/c-ross_irr" xmlns:gen="http://xbrl.org/2008/generic">
  <link:schemaRef xlink:type="simple" xlink:arcrole="http://www.xbrl.org/2003/linkbase" xlink:href="http://xbrl.circ.gov.cn/taxonomy/2015-12-31/c-ross_irr/irr_life_com_entry_point_2015-12-31.xsd"/>
  <c-ross_irr:OperationalRiskInCapitalUtilizationBusinessForInsuranceCompanyDiscretionalInvestmentByInsuranceCompanySubAccount contextRef="FY_D_20190401_20190630">1|资产配置分账户管理达到要求</c-ross_irr:OperationalRiskInCapitalUtilizationBusinessForInsuranceCompanyDiscretionalInvestmentByInsuranceCompanySubAccount>
  <c-ross_irr:OperationalRiskInClaimAndEndorsementBusinessForLifeInsuranceCompanyAveragePeriodOfConservationHandling contextRef="FY_D_20190401_20190630" unitRef="PURE" decimals="2">0.16</c-ross_irr:OperationalRiskInClaimAndEndorsementBusinessForLifeInsuranceCompanyAveragePeriodOfConservationHandling>
  <c-ross_irr:OperationalRiskInFinancialManagementForInsuranceCompanyConcentrationManagementOfBankAccount contextRef="FY_D_20190401_20190630">1|符合要求</c-ross_irr:OperationalRiskInFinancialManagementForInsuranceCompanyConcentrationManagementOfBankAccount>
  <c-ross_irr:OperationalRiskInCapitalUtilizationBusinessForInsuranceCompanyInvestmentAuthorizationSystem contextRef="FY_D_20190401_20190630">1|具备完善的投资授权制度，建立董事会投资决策委员会体系，决策及批准权限明确</c-ross_irr:OperationalRiskInCapitalUtilizationBusinessForInsuranceCompanyInvestmentAuthorizationSystem>
  <c-ross_irr:ComplianceRiskForInsuranceCompanyAdministrativePenaltyForNonInsuranceBusiness contextRef="FY_D_20190401_20190630">1|未受到该类行政处罚</c-ross_irr:ComplianceRiskForInsuranceCompanyAdministrativePenaltyForNonInsuranceBusiness>
  <c-ross_irr:OperationalRiskInFinancialManagementForInsuranceCompanyParticipationAndReactionRateToNewPolicy contextRef="FY_D_20190401_20190630">1|能积极参与、密切跟踪新的会计、税收、财务监管、偿付能力等政策制度，能够及时调整财务管理流程和经营行为</c-ross_irr:OperationalRiskInFinancialManagementForInsuranceCompanyParticipationAndReactionRateToNewPolicy>
  <c-ross_irr:OperationalRiskInClaimAndEndorsementBusinessForLifeInsuranceCompanyNumberOfMassGroupEventIncurredByClaimsAndConservation contextRef="FY_D_20190401_20190630" unitRef="PURE" decimals="0">0</c-ross_irr:OperationalRiskInClaimAndEndorsementBusinessForLifeInsuranceCompanyNumberOfMassGroupEventIncurredByClaimsAndConservation>
  <c-ross_irr:OperationalRiskInCapitalUtilizationBusinessForInsuranceCompanyNumbersOfTrainingsForPersonInChargeOfInvestmentRiskInRecentFourQuarters contextRef="FY_D_20190401_20190630" unitRef="PURE" decimals="0">16</c-ross_irr:OperationalRiskInCapitalUtilizationBusinessForInsuranceCompanyNumbersOfTrainingsForPersonInChargeOfInvestmentRiskInRecentFourQuarters>
  <c-ross_irr:OperationalRiskInCapitalUtilizationBusinessForInsuranceCompanyEntrustedInvestmentByInsuranceCompanyTradingRecord contextRef="FY_D_20190401_20190630">1|能够提供受托机构相关证明材料</c-ross_irr:OperationalRiskInCapitalUtilizationBusinessForInsuranceCompanyEntrustedInvestmentByInsuranceCompanyTradingRecord>
  <c-ross_irr:IntegratedRiskRatingContactPersonsMobilePhoneNumber contextRef="FY_D_20190401_20190630">13752125527</c-ross_irr:IntegratedRiskRatingContactPersonsMobilePhoneNumber>
  <c-ross_irr:OperatingAreas contextRef="FY_D_20190401_20190630">目前公司已在天津、青岛、北京、山东、江苏、辽宁、四川、河南、广东及大连等地设立了分支机构。</c-ross_irr:OperatingAreas>
  <c-ross_irr:OperationalRiskInCapitalUtilizationBusinessForInsuranceCompanyTrainingOnNewPolicy contextRef="FY_D_20190401_20190630">1|对新的资金运用、偿付能力等政策制度，保险公司能够及时对高管、相关部门人员进行培训</c-ross_irr:OperationalRiskInCapitalUtilizationBusinessForInsuranceCompanyTrainingOnNewPolicy>
  <c-ross_irr:IntegratedRiskRatingContactPersonsOfficeTelephoneNumber contextRef="FY_D_20190401_20190630">022-58826601</c-ross_irr:IntegratedRiskRatingContactPersonsOfficeTelephoneNumber>
  <c-ross_irr:OperationalRiskInCapitalUtilizationBusinessForInsuranceCompanyNumberOfServiceYearsForLeadersOfAssetManagementDepartment contextRef="FY_D_20190401_20190630" unitRef="PURE" decimals="2">21.01</c-ross_irr:OperationalRiskInCapitalUtilizationBusinessForInsuranceCompanyNumberOfServiceYearsForLeadersOfAssetManagementDepartment>
  <c-ross_irr:OperationalRiskInFinancialManagementForInsuranceCompanyCentralizedFinancialProcessingOrOutsourcedToOtherPartiesWithinGroup contextRef="FY_D_20190401_20190630">true</c-ross_irr:OperationalRiskInFinancialManagementForInsuranceCompanyCentralizedFinancialProcessingOrOutsourcedToOtherPartiesWithinGroup>
  <c-ross_irr:OperationalRiskInSalesAndUnderwritingBusinessForLifeInsuranceCompanyTurnoverRateOfSalesPersonnel contextRef="FY_D_20190401_20190630" unitRef="PURE" decimals="4">0.2504</c-ross_irr:OperationalRiskInSalesAndUnderwritingBusinessForLifeInsuranceCompanyTurnoverRateOfSalesPersonnel>
  <c-ross_irr:OperationalRiskInFinancialManagementForInsuranceCompanyAmountOfPersonInFinanceDepartmentOfHeadOffice contextRef="FY_D_20190401_20190630" unitRef="PURE" decimals="0">37</c-ross_irr:OperationalRiskInFinancialManagementForInsuranceCompanyAmountOfPersonInFinanceDepartmentOfHeadOffice>
  <c-ross_irr:BusinessCommencementDate contextRef="FY_D_20190401_20190630">二零零三年拾贰月壹号</c-ross_irr:BusinessCommencementDate>
  <c-ross_irr:OperationalRiskInSalesAndUnderwritingBusinessForLifeInsuranceCompanyNumberOfFraudThroughStealAndForgeryOfSealAndPolicyEventsFoundByCompanysSelfInspection contextRef="FY_D_20190401_20190630" unitRef="PURE" decimals="0">0</c-ross_irr:OperationalRiskInSalesAndUnderwritingBusinessForLifeInsuranceCompanyNumberOfFraudThroughStealAndForgeryOfSealAndPolicyEventsFoundByCompanysSelfInspection>
  <c-ross_irr:OperationalRiskInCapitalUtilizationBusinessForInsuranceCompanyNumberOfAbnormalEventOfSystemInRecentFourQuarters contextRef="FY_D_20190401_20190630" unitRef="PURE" decimals="0">0</c-ross_irr:OperationalRiskInCapitalUtilizationBusinessForInsuranceCompanyNumberOfAbnormalEventOfSystemInRecentFourQuarters>
  <c-ross_irr:OperationalRiskInCapitalUtilizationBusinessForInsuranceCompanyEntrustedInvestmentByInsuranceCompanyConcentrationTrading contextRef="FY_D_20190401_20190630">1|能够提供受托机构相关证明材料</c-ross_irr:OperationalRiskInCapitalUtilizationBusinessForInsuranceCompanyEntrustedInvestmentByInsuranceCompanyConcentrationTrading>
  <c-ross_irr:OperationalRiskInSalesAndUnderwritingBusinessForLifeInsuranceCompanyNumberOfIllegalSalesOfNonInsuranceFinancialProductsFoundByCompanysSelfInspection contextRef="FY_D_20190401_20190630" unitRef="PURE" decimals="0">0</c-ross_irr:OperationalRiskInSalesAndUnderwritingBusinessForLifeInsuranceCompanyNumberOfIllegalSalesOfNonInsuranceFinancialProductsFoundByCompanysSelfInspection>
  <c-ross_irr:OperationalRiskInFinancialManagementForInsuranceCompanyRateOfDataError contextRef="FY_D_20190401_20190630" unitRef="PURE" decimals="6">0.000003</c-ross_irr:OperationalRiskInFinancialManagementForInsuranceCompanyRateOfDataError>
  <c-ross_irr:OperationalRiskInFinancialManagementForInsuranceCompanyNumberOfOperationalRiskEventInSealManagementInRecentFourQuarters contextRef="FY_D_20190401_20190630" unitRef="PURE" decimals="0">0</c-ross_irr:OperationalRiskInFinancialManagementForInsuranceCompanyNumberOfOperationalRiskEventInSealManagementInRecentFourQuarters>
  <c-ross_irr:TypeOfCompany contextRef="FY_D_20190401_20190630">1|人身险公司</c-ross_irr:TypeOfCompany>
  <c-ross_irr:OperationalRiskInCapitalUtilizationBusinessForInsuranceCompanyEntrustedInvestmentByInsuranceCompanyValuationAccountingPolicyAndSystemStandardization contextRef="FY_D_20190401_20190630">1|能够提供受托机构相关证明材料</c-ross_irr:OperationalRiskInCapitalUtilizationBusinessForInsuranceCompanyEntrustedInvestmentByInsuranceCompanyValuationAccountingPolicyAndSystemStandardization>
  <c-ross_irr:OperationalRiskInSalesAndUnderwritingBusinessForLifeInsuranceCompanyNumberOfPoliciesWithSuccessfulWelcomeCallWithinAssessmentPeriod contextRef="FY_D_20190401_20190630" unitRef="PURE" decimals="0">19849</c-ross_irr:OperationalRiskInSalesAndUnderwritingBusinessForLifeInsuranceCompanyNumberOfPoliciesWithSuccessfulWelcomeCallWithinAssessmentPeriod>
  <c-ross_irr:OperationalRiskInCapitalUtilizationBusinessForInsuranceCompanyDiscretionalInvestmentByInsuranceCompanySystemAutomation contextRef="FY_D_20190401_20190630">1|建立资金运用信息系统，设定合规性和风险指标阀值，将风险监控的各项要素固化到信息系统之中，实现管理自动化</c-ross_irr:OperationalRiskInCapitalUtilizationBusinessForInsuranceCompanyDiscretionalInvestmentByInsuranceCompanySystemAutomation>
  <c-ross_irr:OperationalRiskInCapitalUtilizationBusinessForInsuranceCompanyEntrustedInvestmentByInsuranceCompanyInformationizationAndAutomationOfInvestmentProcess contextRef="FY_D_20190401_20190630">1|能够提供受托机构相关证明材料</c-ross_irr:OperationalRiskInCapitalUtilizationBusinessForInsuranceCompanyEntrustedInvestmentByInsuranceCompanyInformationizationAndAutomationOfInvestmentProcess>
  <c-ross_irr:ScopeOfBusiness contextRef="FY_D_20190401_20190630">在天津市行政辖区及已设立分公司的省、自治区、直辖市内经营下列业务（法定保险业务除外）：（一）人寿保险、健康保险和意外伤害保险等保险业务；（二）上款业务的再保险业务</c-ross_irr:ScopeOfBusiness>
  <c-ross_irr:OperationalRiskInCapitalUtilizationBusinessForInsuranceCompanyNumberOfDataErrorInRecentFourQuarters contextRef="FY_D_20190401_20190630" unitRef="PURE" decimals="0">0</c-ross_irr:OperationalRiskInCapitalUtilizationBusinessForInsuranceCompanyNumberOfDataErrorInRecentFourQuarters>
  <c-ross_irr:CategoryOfCompany contextRef="FY_D_20190401_20190630">2|II类公司</c-ross_irr:CategoryOfCompany>
  <c-ross_irr:OperationalRiskInFinancialManagementForInsuranceCompanyDatabaseOfOperationalRisk contextRef="FY_D_20190401_20190630">1|建立财务管理操作风险数据库且如实记录操作风险事件</c-ross_irr:OperationalRiskInFinancialManagementForInsuranceCompanyDatabaseOfOperationalRisk>
  <c-ross_irr:Chairman contextRef="FY_D_20190401_20190630">Gerald Edgar Grimstone</c-ross_irr:Chairman>
  <c-ross_irr:OperationalRiskInSalesAndUnderwritingBusinessForLifeInsuranceCompanyNumberOfPoliciesReviewedByCompanyForAuthenticityOfCustomerInformationWithinAssessmentPeriod contextRef="FY_D_20190401_20190630" unitRef="PURE" decimals="0">22765</c-ross_irr:OperationalRiskInSalesAndUnderwritingBusinessForLifeInsuranceCompanyNumberOfPoliciesReviewedByCompanyForAuthenticityOfCustomerInformationWithinAssessmentPeriod>
  <c-ross_irr:OperationalRiskInFinancialManagementForInsuranceCompanyTrainingOnNewPolicy contextRef="FY_D_20190401_20190630">1|对新的会计、税收、财务监管、偿付能力等政策制度，保险公司能够及时对高管、相关部门人员进行培训</c-ross_irr:OperationalRiskInFinancialManagementForInsuranceCompanyTrainingOnNewPolicy>
  <c-ross_irr:WhetherInsuranceCompanyDealWithAgriculturalInsuranceBusiness contextRef="FY_D_20190401_20190630">false</c-ross_irr:WhetherInsuranceCompanyDealWithAgriculturalInsuranceBusiness>
  <c-ross_irr:ComplianceRiskForInsuranceCompanyImplementationOfCompliancePolicies contextRef="FY_D_20190401_20190630">1|制定员工行为准则等落实合规政策的文件</c-ross_irr:ComplianceRiskForInsuranceCompanyImplementationOfCompliancePolicies>
  <c-ross_irr:OperationalRiskInFinancialManagementForInsuranceCompanyTurnoverRateOfFinancialDepartment contextRef="FY_D_20190401_20190630" unitRef="PURE" decimals="4">0.0976</c-ross_irr:OperationalRiskInFinancialManagementForInsuranceCompanyTurnoverRateOfFinancialDepartment>
  <c-ross_irr:OperationalRiskInCapitalUtilizationBusinessForInsuranceCompanyNumberOfTrainingsProvidedInRecentFourQuarters contextRef="FY_D_20190401_20190630" unitRef="PURE" decimals="0">220</c-ross_irr:OperationalRiskInCapitalUtilizationBusinessForInsuranceCompanyNumberOfTrainingsProvidedInRecentFourQuarters>
  <c-ross_irr:OperationalRiskInReserveAdministrationForLifeInsuranceCompanyNumberOfContinuousWorkYearsOfChiefActuary contextRef="FY_D_20190401_20190630" unitRef="PURE" decimals="2">7.61</c-ross_irr:OperationalRiskInReserveAdministrationForLifeInsuranceCompanyNumberOfContinuousWorkYearsOfChiefActuary>
  <c-ross_irr:GeneralManager contextRef="FY_D_20190401_20190630">刘振宇</c-ross_irr:GeneralManager>
  <c-ross_irr:OperationalRiskInSalesAndUnderwritingBusinessForLifeInsuranceCompanyTotalNumberOfPoliciesConductedWithQualityCheckByCompanyInTelemarketingWithinAssessmentPeriod contextRef="FY_D_20190401_20190630" unitRef="PURE" xsi:nil="true"/>
  <c-ross_irr:OperationalRiskInFinancialManagementForInsuranceCompanyConcentrationManagementOfSystem contextRef="FY_D_20190401_20190630">1|财务数据由总公司集中存储，分支机构没有修改财务数据权限</c-ross_irr:OperationalRiskInFinancialManagementForInsuranceCompanyConcentrationManagementOfSystem>
  <c-ross_irr:OperationalRiskInCapitalUtilizationBusinessForInsuranceCompanyNumberOfInvestmentAndResearchPersonnel contextRef="FY_D_20190401_20190630" unitRef="PURE" decimals="0">7</c-ross_irr:OperationalRiskInCapitalUtilizationBusinessForInsuranceCompanyNumberOfInvestmentAndResearchPersonnel>
  <c-ross_irr:OperationalRiskInCapitalUtilizationBusinessForInsuranceCompanyDiscretionalInvestmentByInsuranceCompanyMechanismForInvestmentPoolAlternativePoolAndNonInvestmentPool contextRef="FY_D_20190401_20190630">1|构建投资池、备选池和禁投池体系且定期维护</c-ross_irr:OperationalRiskInCapitalUtilizationBusinessForInsuranceCompanyDiscretionalInvestmentByInsuranceCompanyMechanismForInvestmentPoolAlternativePoolAndNonInvestmentPool>
  <c-ross_irr:OperationalRiskInSalesAndUnderwritingBusinessForLifeInsuranceCompanyRealTimeLinkWithKeyBusinessSystem contextRef="FY_D_20190401_20190630">1|意外险出单系统不存在未与核心业务系统实时对接的问题</c-ross_irr:OperationalRiskInSalesAndUnderwritingBusinessForLifeInsuranceCompanyRealTimeLinkWithKeyBusinessSystem>
  <c-ross_irr:OperationalRiskInCapitalUtilizationBusinessForInsuranceCompanyEntrustedInvestmentByInsuranceCompanyIncentiveMechanismForInvestmentAndResearchPersonnel contextRef="FY_D_20190401_20190630">1|能够提供受托机构相关证明材料</c-ross_irr:OperationalRiskInCapitalUtilizationBusinessForInsuranceCompanyEntrustedInvestmentByInsuranceCompanyIncentiveMechanismForInvestmentAndResearchPersonnel>
  <c-ross_irr:OperationalRiskInFinancialManagementForInsuranceCompanySeparationOfCashCollectionAndPayment contextRef="FY_D_20190401_20190630">1|符合要求</c-ross_irr:OperationalRiskInFinancialManagementForInsuranceCompanySeparationOfCashCollectionAndPayment>
  <c-ross_irr:OperationalRiskInClaimAndEndorsementBusinessForLifeInsuranceCompanyNumberOfLitigationOnClaimsEndorsementBusinessLineReceivedByInsuranceCompany contextRef="FY_D_20190401_20190630" unitRef="PURE" decimals="0">12</c-ross_irr:OperationalRiskInClaimAndEndorsementBusinessForLifeInsuranceCompanyNumberOfLitigationOnClaimsEndorsementBusinessLineReceivedByInsuranceCompany>
  <c-ross_irr:OperationalRiskInClaimAndEndorsementBusinessForLifeInsuranceCompanyNumberOfEmbezzlementAndMisappropriationFromPremiumOrPensionBenefitDiscoveredByCompanyItself contextRef="FY_D_20190401_20190630" unitRef="PURE" decimals="0">0</c-ross_irr:OperationalRiskInClaimAndEndorsementBusinessForLifeInsuranceCompanyNumberOfEmbezzlementAndMisappropriationFromPremiumOrPensionBenefitDiscoveredByCompanyItself>
  <c-ross_irr:OperationalRiskInSalesAndUnderwritingBusinessForLifeInsuranceCompanyNumberOfEventsOfOrganizingAndInvolvingInIllegalFundRaisingFoundByCompanysSelfInspection contextRef="FY_D_20190401_20190630" unitRef="PURE" decimals="0">0</c-ross_irr:OperationalRiskInSalesAndUnderwritingBusinessForLifeInsuranceCompanyNumberOfEventsOfOrganizingAndInvolvingInIllegalFundRaisingFoundByCompanysSelfInspection>
  <c-ross_irr:OperationalRiskInCapitalUtilizationBusinessForInsuranceCompanyNumberOfOperationalRiskEventOfTradingBehaviorInRecentFourQuarters contextRef="FY_D_20190401_20190630" unitRef="PURE" decimals="0">0</c-ross_irr:OperationalRiskInCapitalUtilizationBusinessForInsuranceCompanyNumberOfOperationalRiskEventOfTradingBehaviorInRecentFourQuarters>
  <c-ross_irr:InsuranceBusinessLicenseNoInsuranceBusinessOperationLicense contextRef="FY_D_20190401_20190630">L20261VTJ</c-ross_irr:InsuranceBusinessLicenseNoInsuranceBusinessOperationLicense>
  <c-ross_irr:OperationalRiskInSalesAndUnderwritingBusinessForLifeInsuranceCompanyFunctionOfCompletenessControl contextRef="FY_D_20190401_20190630">3|具备完整性控制功能，且功能完备</c-ross_irr:OperationalRiskInSalesAndUnderwritingBusinessForLifeInsuranceCompanyFunctionOfCompletenessControl>
  <c-ross_irr:OperationalRiskInSalesAndUnderwritingBusinessForLifeInsuranceCompanyNumberOfComplaintsReceivedByCompanyFromUnderwritingAndSalesPerspectiveWithinAssessmentPeriod contextRef="FY_D_20190401_20190630" unitRef="PURE" decimals="0">522</c-ross_irr:OperationalRiskInSalesAndUnderwritingBusinessForLifeInsuranceCompanyNumberOfComplaintsReceivedByCompanyFromUnderwritingAndSalesPerspectiveWithinAssessmentPeriod>
  <c-ross_irr:RegisteredAddress contextRef="FY_D_20190401_20190630">天津市和平区南京路189号津汇广场2座17-19层</c-ross_irr:RegisteredAddress>
  <c-ross_irr:OperationalRiskInCapitalUtilizationBusinessForInsuranceCompanyEntrustedInvestmentByInsuranceCompanyPerformanceAppraisal contextRef="FY_D_20190401_20190630">1|能够提供受托机构相关证明材料</c-ross_irr:OperationalRiskInCapitalUtilizationBusinessForInsuranceCompanyEntrustedInvestmentByInsuranceCompanyPerformanceAppraisal>
  <c-ross_irr:OperationalRiskInFinancialManagementForInsuranceCompanyIncreasedNumberOfFinancePersonnelInRecentFourQuarters contextRef="FY_D_20190401_20190630" unitRef="PURE" decimals="0">11</c-ross_irr:OperationalRiskInFinancialManagementForInsuranceCompanyIncreasedNumberOfFinancePersonnelInRecentFourQuarters>
  <c-ross_irr:ChiefInvestmentOfficer contextRef="FY_D_20190401_20190630">陈韶峰</c-ross_irr:ChiefInvestmentOfficer>
  <c-ross_irr:OperationalRiskInCapitalUtilizationBusinessForInsuranceCompanyGuidanceForEntrustedInvestment contextRef="FY_D_20190401_20190630">1|委托投资指引达到要求</c-ross_irr:OperationalRiskInCapitalUtilizationBusinessForInsuranceCompanyGuidanceForEntrustedInvestment>
  <c-ross_irr:OperationalRiskInCapitalUtilizationBusinessForInsuranceCompanyEntrustedInvestmentByInsuranceCompanyMechanismForInvestmentPoolAlternativePoolAndNonInvestmentPool contextRef="FY_D_20190401_20190630">1|能够提供受托机构相关证明材料</c-ross_irr:OperationalRiskInCapitalUtilizationBusinessForInsuranceCompanyEntrustedInvestmentByInsuranceCompanyMechanismForInvestmentPoolAlternativePoolAndNonInvestmentPool>
  <c-ross_irr:OperationalRiskInCapitalUtilizationBusinessForInsuranceCompanyNumberOfPersonnelResignedInLastFourQuarters contextRef="FY_D_20190401_20190630" unitRef="PURE" decimals="0">0</c-ross_irr:OperationalRiskInCapitalUtilizationBusinessForInsuranceCompanyNumberOfPersonnelResignedInLastFourQuarters>
  <c-ross_irr:ChiefRiskOfficer contextRef="FY_D_20190401_20190630">朱路</c-ross_irr:ChiefRiskOfficer>
  <c-ross_irr:OperationalRiskInCapitalUtilizationBusinessForInsuranceCompanyDiscretionalInvestmentByInsuranceCompanyVerificationFrequenciesForClearingAndTradingInformation contextRef="FY_D_20190401_20190630">1|投资部门的业务交易台账与后台清算记录和资金记录应保持一致，并保留复核纪录，每日完成交易后进行清算和交易信息核对</c-ross_irr:OperationalRiskInCapitalUtilizationBusinessForInsuranceCompanyDiscretionalInvestmentByInsuranceCompanyVerificationFrequenciesForClearingAndTradingInformation>
  <c-ross_irr:CompanysEnglishName contextRef="FY_D_20190401_20190630">Heng An Standard Life Insurance Company Limited</c-ross_irr:CompanysEnglishName>
  <c-ross_irr:OperationalRiskInCapitalUtilizationBusinessForInsuranceCompanyComponentOfPersonnel contextRef="FY_D_20190401_20190630" unitRef="PURE" decimals="4">0.7143</c-ross_irr:OperationalRiskInCapitalUtilizationBusinessForInsuranceCompanyComponentOfPersonnel>
  <c-ross_irr:OperationalRiskInCapitalUtilizationBusinessForInsuranceCompanyDiscretionalInvestmentByInsuranceCompanyIncentiveMechanismForRiskManagementPersonnel contextRef="FY_D_20190401_20190630">1|资金运用风险管理人员激励机制不直接与投资业绩挂钩</c-ross_irr:OperationalRiskInCapitalUtilizationBusinessForInsuranceCompanyDiscretionalInvestmentByInsuranceCompanyIncentiveMechanismForRiskManagementPersonnel>
  <c-ross_irr:OperationalRiskInFinancialManagementForInsuranceCompanyProfessionalismOfHeadOfFinanceDepartment contextRef="FY_D_20190401_20190630">3|其他</c-ross_irr:OperationalRiskInFinancialManagementForInsuranceCompanyProfessionalismOfHeadOfFinanceDepartment>
  <c-ross_irr:OperationalRiskInCapitalUtilizationBusinessForInsuranceCompanyAverageNumberOfYearsOfPractitionerInAssetManagementDepartment contextRef="FY_D_20190401_20190630" unitRef="PURE" decimals="2">5.82</c-ross_irr:OperationalRiskInCapitalUtilizationBusinessForInsuranceCompanyAverageNumberOfYearsOfPractitionerInAssetManagementDepartment>
  <c-ross_irr:OperationalRiskInCapitalUtilizationBusinessForInsuranceCompanyStressTest contextRef="FY_D_20190401_20190630">1|资产配置压力测试达到要求</c-ross_irr:OperationalRiskInCapitalUtilizationBusinessForInsuranceCompanyStressTest>
  <c-ross_irr:OperationalRiskInCapitalUtilizationBusinessForInsuranceCompanyEntrustedInvestmentByInsuranceCompanySystemAutomation contextRef="FY_D_20190401_20190630">1|能够提供受托机构相关证明材料</c-ross_irr:OperationalRiskInCapitalUtilizationBusinessForInsuranceCompanyEntrustedInvestmentByInsuranceCompanySystemAutomation>
  <c-ross_irr:OperationalRiskInSalesAndUnderwritingBusinessForLifeInsuranceCompanyAuthenticityRatioOfCustomerInformation contextRef="FY_D_20190401_20190630" unitRef="PURE" decimals="4">0.0087</c-ross_irr:OperationalRiskInSalesAndUnderwritingBusinessForLifeInsuranceCompanyAuthenticityRatioOfCustomerInformation>
  <c-ross_irr:OperationalRiskInClaimAndEndorsementBusinessForLifeInsuranceCompanyNumberOfSystemFailures contextRef="FY_D_20190401_20190630" unitRef="PURE" decimals="0">0</c-ross_irr:OperationalRiskInClaimAndEndorsementBusinessForLifeInsuranceCompanyNumberOfSystemFailures>
  <c-ross_irr:OperationalRiskInFinancialManagementForInsuranceCompanyMissingRateOfBlankBillOfDocuments contextRef="FY_D_20190401_20190630" unitRef="PURE" decimals="4">0.0001</c-ross_irr:OperationalRiskInFinancialManagementForInsuranceCompanyMissingRateOfBlankBillOfDocuments>
  <c-ross_irr:OperationalRiskInClaimAndEndorsementBusinessForLifeInsuranceCompanyNumberOfLostInLitigationOnClaimsEndorsementBusinessLineReceivedByInsuranceCompany contextRef="FY_D_20190401_20190630" unitRef="PURE" decimals="0">1</c-ross_irr:OperationalRiskInClaimAndEndorsementBusinessForLifeInsuranceCompanyNumberOfLostInLitigationOnClaimsEndorsementBusinessLineReceivedByInsuranceCompany>
  <c-ross_irr:OperationalRiskInFinancialManagementForInsuranceCompanyAccountabilityForTaxAdministration contextRef="FY_D_20190401_20190630">2|总公司和分公司无专岗但有专人负责税收管理</c-ross_irr:OperationalRiskInFinancialManagementForInsuranceCompanyAccountabilityForTaxAdministration>
  <c-ross_irr:ComplianceRiskForInsuranceCompanyFormulationOfComplianceManagementPolicy contextRef="FY_D_20190401_20190630">1|按照规定制定合规管理政策</c-ross_irr:ComplianceRiskForInsuranceCompanyFormulationOfComplianceManagementPolicy>
  <c-ross_irr:OperationalRiskInCapitalUtilizationBusinessForInsuranceCompanyDiscretionalInvestmentByInsuranceCompanyTradingRecord contextRef="FY_D_20190401_20190630">1|建立完善的交易记录制度，每日对交易记录及时核对并存档</c-ross_irr:OperationalRiskInCapitalUtilizationBusinessForInsuranceCompanyDiscretionalInvestmentByInsuranceCompanyTradingRecord>
  <c-ross_irr:OperationalRiskInReserveAdministrationForLifeInsuranceCompanyTimesOfErrorsInReserveEvaluationSystem contextRef="FY_D_20190401_20190630" unitRef="PURE" decimals="0">0</c-ross_irr:OperationalRiskInReserveAdministrationForLifeInsuranceCompanyTimesOfErrorsInReserveEvaluationSystem>
  <c-ross_irr:OperationalRiskInFinancialManagementForInsuranceCompanyAccountingConcentration contextRef="FY_D_20190401_20190630">1|保险公司的会计核算在总公司或省级分公司集中处理</c-ross_irr:OperationalRiskInFinancialManagementForInsuranceCompanyAccountingConcentration>
  <c-ross_irr:OperationalRiskInCapitalUtilizationBusinessForInsuranceCompanyParticipationAndReactionRateToNewPolicy contextRef="FY_D_20190401_20190630">1|能积极参与、密切跟踪新的资金运用、偿付能力等政策制度，能够及时对新政作出调整资金运用管理流程和经营行为</c-ross_irr:OperationalRiskInCapitalUtilizationBusinessForInsuranceCompanyParticipationAndReactionRateToNewPolicy>
  <c-ross_irr:OperationalRiskInCapitalUtilizationBusinessForInsuranceCompanyPunishmentForIllegalAndViolationActivitiesForHeadOfAssetManagementDepartment contextRef="FY_D_20190401_20190630">1|最近4个季度内资产管理部门负责人未因违法违规受到行政处罚</c-ross_irr:OperationalRiskInCapitalUtilizationBusinessForInsuranceCompanyPunishmentForIllegalAndViolationActivitiesForHeadOfAssetManagementDepartment>
  <c-ross_irr:OperationalRiskInCapitalUtilizationBusinessForInsuranceCompanyRegularAssessment contextRef="FY_D_20190401_20190630">1|最近4个季度内对全部投资管理人评估大于1次</c-ross_irr:OperationalRiskInCapitalUtilizationBusinessForInsuranceCompanyRegularAssessment>
  <c-ross_irr:OperationalRiskInCapitalUtilizationBusinessForInsuranceCompanyFrequencyOfStaffTraining contextRef="FY_D_20190401_20190630" unitRef="PURE" decimals="4">8.1481</c-ross_irr:OperationalRiskInCapitalUtilizationBusinessForInsuranceCompanyFrequencyOfStaffTraining>
  <c-ross_irr:OperationalRiskInSalesAndUnderwritingBusinessForLifeInsuranceCompanyNumberOfSystemFailures contextRef="FY_D_20190401_20190630" unitRef="PURE" decimals="0">0</c-ross_irr:OperationalRiskInSalesAndUnderwritingBusinessForLifeInsuranceCompanyNumberOfSystemFailures>
  <c-ross_irr:OperationalRiskInFinancialManagementForInsuranceCompanyNumberOfOperationalRiskEventInTaxAdministrationInRecentFourQuarters contextRef="FY_D_20190401_20190630" unitRef="PURE" decimals="0">0</c-ross_irr:OperationalRiskInFinancialManagementForInsuranceCompanyNumberOfOperationalRiskEventInTaxAdministrationInRecentFourQuarters>
  <c-ross_irr:OperationalRiskInReserveAdministrationForLifeInsuranceCompanyNumberOfChangeOfChiefActuary contextRef="FY_D_20190401_20190630" unitRef="PURE" decimals="0">0</c-ross_irr:OperationalRiskInReserveAdministrationForLifeInsuranceCompanyNumberOfChangeOfChiefActuary>
  <c-ross_irr:OperationalRiskInFinancialManagementForInsuranceCompanyNumberOfTrainingsProvidedInRecentFourQuarters contextRef="FY_D_20190401_20190630" unitRef="PURE" decimals="0">557</c-ross_irr:OperationalRiskInFinancialManagementForInsuranceCompanyNumberOfTrainingsProvidedInRecentFourQuarters>
  <c-ross_irr:OperationalRiskInFinancialManagementForInsuranceCompanySystemAutomation contextRef="FY_D_20190401_20190630">1|保险公司建立了财务信息系统，实现管理自动化</c-ross_irr:OperationalRiskInFinancialManagementForInsuranceCompanySystemAutomation>
  <c-ross_irr:ChiefFinanceOfficer contextRef="FY_D_20190401_20190630">王利华</c-ross_irr:ChiefFinanceOfficer>
  <c-ross_irr:OperationalRiskInSalesAndUnderwritingBusinessForLifeInsuranceCompanyManTimeOfInternalResponsibilityInvestigationForSalesmanWithinAssessmentPeriod contextRef="FY_D_20190401_20190630" unitRef="PURE" decimals="0">4</c-ross_irr:OperationalRiskInSalesAndUnderwritingBusinessForLifeInsuranceCompanyManTimeOfInternalResponsibilityInvestigationForSalesmanWithinAssessmentPeriod>
  <c-ross_irr:OperationalRiskInSalesAndUnderwritingBusinessForLifeInsuranceCompanyCompletenessOfPolicyInformationOfAccidentInsuranceRecorded contextRef="FY_D_20190401_20190630">1|核心业务系统完整记录意外险保单信息内容</c-ross_irr:OperationalRiskInSalesAndUnderwritingBusinessForLifeInsuranceCompanyCompletenessOfPolicyInformationOfAccidentInsuranceRecorded>
  <c-ross_irr:OperationalRiskInFinancialManagementForInsuranceCompanyNumberOfErrorsInAccountingEstimate contextRef="FY_D_20190401_20190630" unitRef="PURE" decimals="0">0</c-ross_irr:OperationalRiskInFinancialManagementForInsuranceCompanyNumberOfErrorsInAccountingEstimate>
  <c-ross_irr:ChiefActuary contextRef="FY_D_20190401_20190630">赵峰</c-ross_irr:ChiefActuary>
  <c-ross_irr:OperationalRiskInCapitalUtilizationBusinessForInsuranceCompanyDiscretionalInvestmentByInsuranceCompanyInformationizationAndAutomationOfInvestmentProcess contextRef="FY_D_20190401_20190630">1|实现决策流程的信息化和自动化，通过信息系统手段实现投资决策流程、次序自动控制</c-ross_irr:OperationalRiskInCapitalUtilizationBusinessForInsuranceCompanyDiscretionalInvestmentByInsuranceCompanyInformationizationAndAutomationOfInvestmentProcess>
  <c-ross_irr:OperationalRiskInCapitalUtilizationBusinessForInsuranceCompanyEntrustedInvestmentManagementSystem contextRef="FY_D_20190401_20190630">1|保险公司委托投资的，全部建立相关制度</c-ross_irr:OperationalRiskInCapitalUtilizationBusinessForInsuranceCompanyEntrustedInvestmentManagementSystem>
  <c-ross_irr:OperationalRiskInCapitalUtilizationBusinessForInsuranceCompanyDiscretionalInvestmentByInsuranceCompanyValuationAccountingPolicyAndSystemStandardization contextRef="FY_D_20190401_20190630">1|建立会计估值政策与制度规范，估值结果经过复核审查</c-ross_irr:OperationalRiskInCapitalUtilizationBusinessForInsuranceCompanyDiscretionalInvestmentByInsuranceCompanyValuationAccountingPolicyAndSystemStandardization>
  <c-ross_irr:OperationalRiskInCapitalUtilizationBusinessForInsuranceCompanyTotalNumberOfPersonnelInAssetManagementDepartment contextRef="FY_D_20190401_20190630" unitRef="PURE" decimals="0">27</c-ross_irr:OperationalRiskInCapitalUtilizationBusinessForInsuranceCompanyTotalNumberOfPersonnelInAssetManagementDepartment>
  <c-ross_irr:OperationalRiskInCapitalUtilizationBusinessForInsuranceCompanyNumberOfOperationalRiskEventOfInvestmentDecisionInRecentFourQuarters contextRef="FY_D_20190401_20190630" unitRef="PURE" decimals="0">0</c-ross_irr:OperationalRiskInCapitalUtilizationBusinessForInsuranceCompanyNumberOfOperationalRiskEventOfInvestmentDecisionInRecentFourQuarters>
  <c-ross_irr:OperationalRiskInSalesAndUnderwritingBusinessForLifeInsuranceCompanySuccessRateOfWelcomeCall contextRef="FY_D_20190401_20190630" unitRef="PURE" decimals="4">0.9881</c-ross_irr:OperationalRiskInSalesAndUnderwritingBusinessForLifeInsuranceCompanySuccessRateOfWelcomeCall>
  <c-ross_irr:OperationalRiskInSalesAndUnderwritingBusinessForLifeInsuranceCompanyProportionOfMisSellingIssueInTelemarketing contextRef="FY_D_20190401_20190630" unitRef="PURE" xsi:nil="true"/>
  <c-ross_irr:ComplianceRiskForInsuranceCompanyComplianceManagementDepartmentSetup contextRef="FY_D_20190401_20190630">1|设置合规管理部门</c-ross_irr:ComplianceRiskForInsuranceCompanyComplianceManagementDepartmentSetup>
  <c-ross_irr:OperationalRiskInFinancialManagementForInsuranceCompanyNumberOfOperationalRiskEventInCapitalManagementInRecentFourQuarters contextRef="FY_D_20190401_20190630" unitRef="PURE" decimals="0">0</c-ross_irr:OperationalRiskInFinancialManagementForInsuranceCompanyNumberOfOperationalRiskEventInCapitalManagementInRecentFourQuarters>
  <c-ross_irr:ComplianceRiskForInsuranceCompanyDevelopmentOfComplianceTraining contextRef="FY_D_20190401_20190630">1|定期开展合规培训</c-ross_irr:ComplianceRiskForInsuranceCompanyDevelopmentOfComplianceTraining>
  <c-ross_irr:OperationalRiskInCapitalUtilizationBusinessForInsuranceCompanyNumberOfOperationalRiskEventOfInformationDisclosureInRecentFourQuarters contextRef="FY_D_20190401_20190630" unitRef="PURE" decimals="0">0</c-ross_irr:OperationalRiskInCapitalUtilizationBusinessForInsuranceCompanyNumberOfOperationalRiskEventOfInformationDisclosureInRecentFourQuarters>
  <c-ross_irr:HeadOfCompliance contextRef="FY_D_20190401_20190630">雷霞</c-ross_irr:HeadOfCompliance>
  <c-ross_irr:LegalRepresentative contextRef="FY_D_20190401_20190630">刘振宇</c-ross_irr:LegalRepresentative>
  <c-ross_irr:OperationalRiskInClaimAndEndorsementBusinessForLifeInsuranceCompanyNumberOfComplaintsForClaimsEndorsementBusinessLineReceivedByInsuranceCompanyWithinAssessmentPeriod contextRef="FY_D_20190401_20190630" unitRef="PURE" decimals="0">1</c-ross_irr:OperationalRiskInClaimAndEndorsementBusinessForLifeInsuranceCompanyNumberOfComplaintsForClaimsEndorsementBusinessLineReceivedByInsuranceCompanyWithinAssessmentPeriod>
  <c-ross_irr:IntegratedRiskRatingContactPersonsName contextRef="FY_D_20190401_20190630">刘峰（风险管理部）</c-ross_irr:IntegratedRiskRatingContactPersonsName>
  <c-ross_irr:WhetherInsuranceCompanyIsForeignInsuranceCompany contextRef="FY_D_20190401_20190630">true</c-ross_irr:WhetherInsuranceCompanyIsForeignInsuranceCompany>
  <c-ross_irr:IntegratedRiskRatingContactPersonsEmail contextRef="FY_D_20190401_20190630">Liu_Feng@hengansl.com</c-ross_irr:IntegratedRiskRatingContactPersonsEmail>
  <c-ross_irr:OperationalRiskInFinancialManagementForInsuranceCompanyNumberOfBlankBillOfDocumentsIssuedInRecentFourQuarters contextRef="FY_D_20190401_20190630" unitRef="PURE" decimals="0">15560</c-ross_irr:OperationalRiskInFinancialManagementForInsuranceCompanyNumberOfBlankBillOfDocumentsIssuedInRecentFourQuarters>
  <c-ross_irr:OperationalRiskInCapitalUtilizationBusinessForInsuranceCompanyNumbersOfPersonInChargeOfInvestmentRisk contextRef="FY_D_20190401_20190630" unitRef="PURE" decimals="0">4</c-ross_irr:OperationalRiskInCapitalUtilizationBusinessForInsuranceCompanyNumbersOfPersonInChargeOfInvestmentRisk>
  <c-ross_irr:OperationalRiskInCapitalUtilizationBusinessForInsuranceCompanyDatabaseOfOperationalRisk contextRef="FY_D_20190401_20190630">1|建立资金运用操作风险数据库且如实记录操作风险事件</c-ross_irr:OperationalRiskInCapitalUtilizationBusinessForInsuranceCompanyDatabaseOfOperationalRisk>
  <c-ross_irr:OperationalRiskInCapitalUtilizationBusinessForInsuranceCompanyEntrustedInvestmentByInsuranceCompanyVerificationFrequenciesForClearingAndTradingInformation contextRef="FY_D_20190401_20190630">1|由投资部门督促检查管理人和托管人的业务交易台账与后台清算记录和资金记录是否保持一致，管理人和托管人每日核对清算和交易信息</c-ross_irr:OperationalRiskInCapitalUtilizationBusinessForInsuranceCompanyEntrustedInvestmentByInsuranceCompanyVerificationFrequenciesForClearingAndTradingInformation>
  <c-ross_irr:OperationalRiskInSalesAndUnderwritingBusinessForLifeInsuranceCompanyNumberOfLossOrFalseIssuesOfCustomerInformationIdentifiedByCompanyWithinAssessmentPeriod contextRef="FY_D_20190401_20190630" unitRef="PURE" decimals="0">198</c-ross_irr:OperationalRiskInSalesAndUnderwritingBusinessForLifeInsuranceCompanyNumberOfLossOrFalseIssuesOfCustomerInformationIdentifiedByCompanyWithinAssessmentPeriod>
  <c-ross_irr:OperationalRiskInCapitalUtilizationBusinessForInsuranceCompanyNumberOfOperationalRiskEventOfValuationAccountingInRecentFourQuarters contextRef="FY_D_20190401_20190630" unitRef="PURE" decimals="0">0</c-ross_irr:OperationalRiskInCapitalUtilizationBusinessForInsuranceCompanyNumberOfOperationalRiskEventOfValuationAccountingInRecentFourQuarters>
  <c-ross_irr:OperationalRiskInReserveAdministrationForLifeInsuranceCompanyNumberOfErrorsInReinsuranceContracts contextRef="FY_D_20190401_20190630" unitRef="PURE" decimals="0">0</c-ross_irr:OperationalRiskInReserveAdministrationForLifeInsuranceCompanyNumberOfErrorsInReinsuranceContracts>
  <c-ross_irr:OperationalRiskInCapitalUtilizationBusinessForInsuranceCompanyDiscretionalInvestmentByInsuranceCompanyPositionSettingsForAssetManagementDepartment contextRef="FY_D_20190401_20190630">1|资产管理部门除在投资研究、资产清算或托管、风险控制、业绩评估、相关保障等环节设置岗位外，还设置投资、交易等与资金运用业务直接相关的岗位</c-ross_irr:OperationalRiskInCapitalUtilizationBusinessForInsuranceCompanyDiscretionalInvestmentByInsuranceCompanyPositionSettingsForAssetManagementDepartment>
  <c-ross_irr:OperationalRiskInCapitalUtilizationBusinessForInsuranceCompanyNumberOfInterruptionOfSystemInRecentFourQuarters contextRef="FY_D_20190401_20190630" unitRef="PURE" decimals="0">0</c-ross_irr:OperationalRiskInCapitalUtilizationBusinessForInsuranceCompanyNumberOfInterruptionOfSystemInRecentFourQuarters>
  <c-ross_irr:OperationalRiskInCapitalUtilizationBusinessForInsuranceCompanyEntrustedInvestmentByInsuranceCompanyIncentiveMechanismForRiskManagementPersonnel contextRef="FY_D_20190401_20190630">1|能够提供受托机构相关证明材料</c-ross_irr:OperationalRiskInCapitalUtilizationBusinessForInsuranceCompanyEntrustedInvestmentByInsuranceCompanyIncentiveMechanismForRiskManagementPersonnel>
  <c-ross_irr:OperationalRiskInClaimAndEndorsementBusinessForLifeInsuranceCompanyAveragePeriodOfClaimsPayment contextRef="FY_D_20190401_20190630" unitRef="PURE" decimals="2">0.15</c-ross_irr:OperationalRiskInClaimAndEndorsementBusinessForLifeInsuranceCompanyAveragePeriodOfClaimsPayment>
  <c-ross_irr:OperationalRiskInCapitalUtilizationBusinessForInsuranceCompanyEntrustedInvestmentByInsuranceCompanyPositionSettingsForAssetManagementDepartment contextRef="FY_D_20190401_20190630">1|资产管理部门在投资研究、资产清算或托管、风险控制、业绩评估、相关保障等环节设置岗位</c-ross_irr:OperationalRiskInCapitalUtilizationBusinessForInsuranceCompanyEntrustedInvestmentByInsuranceCompanyPositionSettingsForAssetManagementDepartment>
  <c-ross_irr:OperationalRiskInCapitalUtilizationBusinessForInsuranceCompanyIncreasedNumberOfPersonnelInRecentFourQuarters contextRef="FY_D_20190401_20190630" unitRef="PURE" decimals="0">5</c-ross_irr:OperationalRiskInCapitalUtilizationBusinessForInsuranceCompanyIncreasedNumberOfPersonnelInRecentFourQuarters>
  <c-ross_irr:OperationalRiskInSalesAndUnderwritingBusinessForLifeInsuranceCompanyNumberOfEmbezzlementAndMisappropriationOfPremiumFoundByCompanysSelfInspection contextRef="FY_D_20190401_20190630" unitRef="PURE" decimals="0">0</c-ross_irr:OperationalRiskInSalesAndUnderwritingBusinessForLifeInsuranceCompanyNumberOfEmbezzlementAndMisappropriationOfPremiumFoundByCompanysSelfInspection>
  <c-ross_irr:OperationalRiskInFinancialManagementForInsuranceCompanyVerificationOfDataInEntrustedInvestmentAssets contextRef="FY_D_20190401_20190630">1|符合要求</c-ross_irr:OperationalRiskInFinancialManagementForInsuranceCompanyVerificationOfDataInEntrustedInvestmentAssets>
  <c-ross_irr:RegisteredCapitalWorkingCapital contextRef="FY_D_20190401_20190630">叁拾亿零叁仟柒佰万元人民币</c-ross_irr:RegisteredCapitalWorkingCapital>
  <c-ross_irr:OperationalRiskInCapitalUtilizationBusinessForInsuranceCompanyNumberOfInformationSecurityEventInRecentFourQuarters contextRef="FY_D_20190401_20190630" unitRef="PURE" decimals="0">0</c-ross_irr:OperationalRiskInCapitalUtilizationBusinessForInsuranceCompanyNumberOfInformationSecurityEventInRecentFourQuarters>
  <c-ross_irr:OperationalRiskInFinancialManagementForInsuranceCompanyPremiumIncomeForCurrentPeriod contextRef="FY_D_20190401_20190630" unitRef="CNY" decimals="2">3760036709.06</c-ross_irr:OperationalRiskInFinancialManagementForInsuranceCompanyPremiumIncomeForCurrentPeriod>
  <c-ross_irr:CompanysChineseName contextRef="FY_D_20190401_20190630">恒安标准人寿保险有限公司</c-ross_irr:CompanysChineseName>
  <c-ross_irr:OperationalRiskInSalesAndUnderwritingBusinessForLifeInsuranceCompanyNumberOfUnauthorizedPromotionOrTrainingDocumentsFoundByCompanysSelfInspection contextRef="FY_D_20190401_20190630" unitRef="PURE" decimals="0">3</c-ross_irr:OperationalRiskInSalesAndUnderwritingBusinessForLifeInsuranceCompanyNumberOfUnauthorizedPromotionOrTrainingDocumentsFoundByCompanysSelfInspection>
  <c-ross_irr:OperationalRiskInSalesAndUnderwritingBusinessForLifeInsuranceCompanyNumberOfSalesPersonnelDemissionWithinAssessmentPeriod contextRef="FY_D_20190401_20190630" unitRef="PURE" decimals="0">1472</c-ross_irr:OperationalRiskInSalesAndUnderwritingBusinessForLifeInsuranceCompanyNumberOfSalesPersonnelDemissionWithinAssessmentPeriod>
  <c-ross_irr:OperationalRiskInCapitalUtilizationBusinessForInsuranceCompanyDiscretionalInvestmentByInsuranceCompanyWrittenRecordOfInvestmentDecision contextRef="FY_D_20190401_20190630">1|重要投资决策有相关书面记录，如会议纪要、最终投资决议等，并由决策人在最终投资决议上确认</c-ross_irr:OperationalRiskInCapitalUtilizationBusinessForInsuranceCompanyDiscretionalInvestmentByInsuranceCompanyWrittenRecordOfInvestmentDecision>
  <c-ross_irr:IntegratedRiskRatingContactPersonsFaxNumber contextRef="FY_D_20190401_20190630">022-58826789</c-ross_irr:IntegratedRiskRatingContactPersonsFaxNumber>
  <c-ross_irr:OperationalRiskInFinancialManagementForInsuranceCompanyFrequencyOfDataCheck contextRef="FY_D_20190401_20190630">1|核对频率高于等于每周一次</c-ross_irr:OperationalRiskInFinancialManagementForInsuranceCompanyFrequencyOfDataCheck>
  <c-ross_irr:OperationalRiskInCapitalUtilizationBusinessForInsuranceCompanyNumberOfRiskManagementPersonnelOfCapitalUtilization contextRef="FY_D_20190401_20190630" unitRef="PURE" decimals="0">5</c-ross_irr:OperationalRiskInCapitalUtilizationBusinessForInsuranceCompanyNumberOfRiskManagementPersonnelOfCapitalUtilization>
  <c-ross_irr:OperationalRiskInClaimAndEndorsementBusinessForLifeInsuranceCompanyAveragePeriodOfComplaintsHandling contextRef="FY_D_20190401_20190630" unitRef="PURE" decimals="2">6.67</c-ross_irr:OperationalRiskInClaimAndEndorsementBusinessForLifeInsuranceCompanyAveragePeriodOfComplaintsHandling>
  <c-ross_irr:IntegratedRiskRatingReportingPeriod contextRef="FY_D_20190401_20190630">2019年第2季度</c-ross_irr:IntegratedRiskRatingReportingPeriod>
  <c-ross_irr:OperationalRiskInCapitalUtilizationBusinessForInsuranceCompanyEntrustedInvestmentByInsuranceCompanyWrittenRecordOfInvestmentDecision contextRef="FY_D_20190401_20190630">1|能够提供受托机构相关证明材料</c-ross_irr:OperationalRiskInCapitalUtilizationBusinessForInsuranceCompanyEntrustedInvestmentByInsuranceCompanyWrittenRecordOfInvestmentDecision>
  <c-ross_irr:OperationalRiskInFinancialManagementForInsuranceCompanyBillOfDocumentsManagement contextRef="FY_D_20190401_20190630">1|单证的领用、核销有专门内控程序和专人负责</c-ross_irr:OperationalRiskInFinancialManagementForInsuranceCompanyBillOfDocumentsManagement>
  <c-ross_irr:OperationalRiskInClaimAndEndorsementBusinessForLifeInsuranceCompanyNumberOfDeficiencyInSystemControlFoundByCompanysSelfInspection contextRef="FY_D_20190401_20190630" unitRef="PURE" decimals="0">0</c-ross_irr:OperationalRiskInClaimAndEndorsementBusinessForLifeInsuranceCompanyNumberOfDeficiencyInSystemControlFoundByCompanysSelfInspection>
  <c-ross_irr:OperationalRiskInSalesAndUnderwritingBusinessForLifeInsuranceCompanyNumberOfPoliciesWithWelcomeCallConductedWithinAssessmentPeriod contextRef="FY_D_20190401_20190630" unitRef="PURE" decimals="0">20089</c-ross_irr:OperationalRiskInSalesAndUnderwritingBusinessForLifeInsuranceCompanyNumberOfPoliciesWithWelcomeCallConductedWithinAssessmentPeriod>
  <c-ross_irr:OperationalRiskInSalesAndUnderwritingBusinessForLifeInsuranceCompanyNumberOfMisSellingIssueAtProductSeminarFoundByCompanysSelfInspection contextRef="FY_D_20190401_20190630" unitRef="PURE" decimals="0">3</c-ross_irr:OperationalRiskInSalesAndUnderwritingBusinessForLifeInsuranceCompanyNumberOfMisSellingIssueAtProductSeminarFoundByCompanysSelfInspection>
  <c-ross_irr:OperationalRiskInFinancialManagementForInsuranceCompanyFrequencyOfStaffTraining contextRef="FY_D_20190401_20190630" unitRef="PURE" decimals="4">15.0541</c-ross_irr:OperationalRiskInFinancialManagementForInsuranceCompanyFrequencyOfStaffTraining>
  <c-ross_irr:OperationalRiskInCapitalUtilizationBusinessForInsuranceCompanyDiscretionalInvestmentByInsuranceCompanyConcentrationTrading contextRef="FY_D_20190401_20190630">1|实行集中交易制度，安装必要的监测系统、预警系统和反馈系统，对交易室通讯设备进行监控</c-ross_irr:OperationalRiskInCapitalUtilizationBusinessForInsuranceCompanyDiscretionalInvestmentByInsuranceCompanyConcentrationTrading>
  <c-ross_irr:OperationalRiskInSalesAndUnderwritingBusinessForLifeInsuranceCompanyNumberOfMisSellingPolicyFoundDuringCompanysQualityCheckWithinAssessmentPeriod contextRef="FY_D_20190401_20190630" unitRef="PURE" xsi:nil="true"/>
  <c-ross_irr:OperationalRiskInCapitalUtilizationBusinessForInsuranceCompanyDiscretionalInvestmentByInsuranceCompanyIncentiveMechanismForInvestmentAndResearchPersonnel contextRef="FY_D_20190401_20190630">2|对投研人员的激励机制与长期（一年以上）业绩挂钩</c-ross_irr:OperationalRiskInCapitalUtilizationBusinessForInsuranceCompanyDiscretionalInvestmentByInsuranceCompanyIncentiveMechanismForInvestmentAndResearchPersonnel>
  <c-ross_irr:OperationalRiskInFinancialManagementForInsuranceCompanyNumberOfAbnormalEventOfSystemInRecentFourQuarters contextRef="FY_D_20190401_20190630" unitRef="PURE" decimals="0">0</c-ross_irr:OperationalRiskInFinancialManagementForInsuranceCompanyNumberOfAbnormalEventOfSystemInRecentFourQuarters>
  <c-ross_irr:OperationalRiskInCapitalUtilizationBusinessForInsuranceCompanyErrorsOfSystemDesign contextRef="FY_D_20190401_20190630" unitRef="PURE" decimals="0">0</c-ross_irr:OperationalRiskInCapitalUtilizationBusinessForInsuranceCompanyErrorsOfSystemDesign>
  <c-ross_irr:OperationalRiskInClaimAndEndorsementBusinessForLifeInsuranceCompanyAveragePeriodOfClaimsAssessment contextRef="FY_D_20190401_20190630" unitRef="PURE" decimals="2">0.21</c-ross_irr:OperationalRiskInClaimAndEndorsementBusinessForLifeInsuranceCompanyAveragePeriodOfClaimsAssessment>
  <c-ross_irr:OperationalRiskInCapitalUtilizationBusinessForInsuranceCompanyStaffTurnoverRateOfAssetManagementDepartment contextRef="FY_D_20190401_20190630" unitRef="PURE" decimals="4">0</c-ross_irr:OperationalRiskInCapitalUtilizationBusinessForInsuranceCompanyStaffTurnoverRateOfAssetManagementDepartment>
  <c-ross_irr:OperationalRiskInFinancialManagementForInsuranceCompanyNumberOfErrorsOmissionsAndFailuresToSubmitOnTimeInSolvencyReportInRecentFourQuarters contextRef="FY_D_20190401_20190630" unitRef="PURE" decimals="0">0</c-ross_irr:OperationalRiskInFinancialManagementForInsuranceCompanyNumberOfErrorsOmissionsAndFailuresToSubmitOnTimeInSolvencyReportInRecentFourQuarters>
  <c-ross_irr:OperationalRiskInCapitalUtilizationBusinessForInsuranceCompanyManagedAccount contextRef="FY_D_20190401_20190630">1|全部投资资产实施托管</c-ross_irr:OperationalRiskInCapitalUtilizationBusinessForInsuranceCompanyManagedAccount>
  <c-ross_irr:OperationalRiskInFinancialManagementForInsuranceCompanySumOfAbsoluteValueBasedOnDataErrorsInRecentFourQuarters contextRef="FY_D_20190401_20190630" unitRef="CNY" decimals="2">9792.00</c-ross_irr:OperationalRiskInFinancialManagementForInsuranceCompanySumOfAbsoluteValueBasedOnDataErrorsInRecentFourQuarters>
  <c-ross_irr:OperationalRiskInFinancialManagementForInsuranceCompanyNumberOfIssuedBlankBillOfDocumentsMissingInRecentFourQuarters contextRef="FY_D_20190401_20190630" unitRef="PURE" decimals="0">1</c-ross_irr:OperationalRiskInFinancialManagementForInsuranceCompanyNumberOfIssuedBlankBillOfDocumentsMissingInRecentFourQuarters>
  <c-ross_irr:OperationalRiskInFinancialManagementForInsuranceCompanyNumberOfErrorsOmissionsAndFailuresToSubmitOnTimeInFinancialReportInRecentFourQuarters contextRef="FY_D_20190401_20190630" unitRef="PURE" decimals="0">0</c-ross_irr:OperationalRiskInFinancialManagementForInsuranceCompanyNumberOfErrorsOmissionsAndFailuresToSubmitOnTimeInFinancialReportInRecentFourQuarters>
  <c-ross_irr:OperationalRiskInSalesAndUnderwritingBusinessForLifeInsuranceCompanyFunctionOfLogicAccuracyControl contextRef="FY_D_20190401_20190630">3|具备逻辑准确性控制功能，且功能完备</c-ross_irr:OperationalRiskInSalesAndUnderwritingBusinessForLifeInsuranceCompanyFunctionOfLogicAccuracyControl>
  <c-ross_irr:OperationalRiskInCapitalUtilizationBusinessForInsuranceCompanyEntrustedInvestmentByInsuranceCompanySubAccount contextRef="FY_D_20190401_20190630">1|能够提供受托机构相关证明材料</c-ross_irr:OperationalRiskInCapitalUtilizationBusinessForInsuranceCompanyEntrustedInvestmentByInsuranceCompanySubAccount>
  <c-ross_irr:OperationalRiskInFinancialManagementForInsuranceCompanyNumberOfFinancePersonnelResignedInLastFourQuarters contextRef="FY_D_20190401_20190630" unitRef="PURE" decimals="0">4</c-ross_irr:OperationalRiskInFinancialManagementForInsuranceCompanyNumberOfFinancePersonnelResignedInLastFourQuarters>
  <c-ross_irr:OperationalRiskInFinancialManagementForInsuranceCompanySealManagement contextRef="FY_D_20190401_20190630">1|财务类印章印鉴实行专人管理，且其使用有明确的内部审批流程</c-ross_irr:OperationalRiskInFinancialManagementForInsuranceCompanySealManagement>
  <c-ross_irr:OperationalRiskInFinancialManagementForInsuranceCompanyPerformanceAppraisal contextRef="FY_D_20190401_20190630">1|总公司财会部门负责人和分支机构财会部门负责人的业绩考核与相关操作风险相挂钩</c-ross_irr:OperationalRiskInFinancialManagementForInsuranceCompanyPerformanceAppraisal>
  <c-ross_irr:ScalePremiumWithinAssessmentPeriodForLifeInsuranceCompany contextRef="FY_D_20190401_20190630" unitRef="CNY" decimals="2">1040229766.44</c-ross_irr:ScalePremiumWithinAssessmentPeriodForLifeInsuranceCompany>
  <c-ross_irr:OperationalRiskInCapitalUtilizationBusinessForInsuranceCompanyDiscretionalInvestmentByInsuranceCompanyPerformanceAppraisal contextRef="FY_D_20190401_20190630">1|业绩考核与操作风险挂钩</c-ross_irr:OperationalRiskInCapitalUtilizationBusinessForInsuranceCompanyDiscretionalInvestmentByInsuranceCompanyPerformanceAppraisal>
  <c-ross_irr:ComplianceRiskForInsuranceCompanySubmissionOfAnnualComplianceReport contextRef="FY_D_20190401_20190630">1|按时提交年度合规报告</c-ross_irr:ComplianceRiskForInsuranceCompanySubmissionOfAnnualComplianceReport>
  <c-ross_irr:OperationalRiskInReserveAdministrationForLifeInsuranceCompanyNumberOfErrorsInReinsuranceDataFoundByInspection contextRef="FY_D_20190401_20190630" unitRef="PURE" decimals="0">0</c-ross_irr:OperationalRiskInReserveAdministrationForLifeInsuranceCompanyNumberOfErrorsInReinsuranceDataFoundByInspection>
  <c-ross_irr:OperationalRiskInReserveAdministrationForLifeInsuranceCompanyNumberOfDeviationOfReserveEvaluationDataFoundByInspection contextRef="FY_D_20190401_20190630" unitRef="PURE" decimals="0">0</c-ross_irr:OperationalRiskInReserveAdministrationForLifeInsuranceCompanyNumberOfDeviationOfReserveEvaluationDataFoundByInspection>
  <c-ross_irr:OperationalRiskInReserveAdministrationForLifeInsuranceCompanyNumberOfErrorsInReserveEvaluationModelFoundByInspection contextRef="FY_D_20190401_20190630" unitRef="PURE" decimals="0">0</c-ross_irr:OperationalRiskInReserveAdministrationForLifeInsuranceCompanyNumberOfErrorsInReserveEvaluationModelFoundByInspection>
  <c-ross_irr:OperationalRiskInReserveAdministrationForLifeInsuranceCompanyNumberOfErrorsInRegulatoryReportFoundByInspection contextRef="FY_D_20190401_20190630" unitRef="PURE" decimals="0">0</c-ross_irr:OperationalRiskInReserveAdministrationForLifeInsuranceCompanyNumberOfErrorsInRegulatoryReportFoundByInspection>
  <c-ross_irr:OperationalRiskInReserveAdministrationForLifeInsuranceCompanyNumberOfContractDisputesFoundByInspection contextRef="FY_D_20190401_20190630" unitRef="PURE" decimals="0">0</c-ross_irr:OperationalRiskInReserveAdministrationForLifeInsuranceCompanyNumberOfContractDisputesFoundByInspection>
  <c-ross_irr:OperationalRiskInFinancialManagementForInsuranceCompanyNumberOfFinancePersonnelRecruitedAtBeginningOfPreviousFourQuarters contextRef="FY_I_20190630" unitRef="PURE" decimals="0">30</c-ross_irr:OperationalRiskInFinancialManagementForInsuranceCompanyNumberOfFinancePersonnelRecruitedAtBeginningOfPreviousFourQuarters>
  <c-ross_irr:OperationalRiskInSalesAndUnderwritingBusinessForLifeInsuranceCompanyEducationLevelOfSalesPersonnel contextRef="FY_I_20190630" unitRef="PURE" decimals="4">0.7488</c-ross_irr:OperationalRiskInSalesAndUnderwritingBusinessForLifeInsuranceCompanyEducationLevelOfSalesPersonnel>
  <c-ross_irr:OperationalRiskInReserveAdministrationForLifeInsuranceCompanyProportionOfReinsuranceManagementPersonnelWithWorkExperienceOfOverThreeYears contextRef="FY_I_20190630" unitRef="PURE" decimals="4">0.7500</c-ross_irr:OperationalRiskInReserveAdministrationForLifeInsuranceCompanyProportionOfReinsuranceManagementPersonnelWithWorkExperienceOfOverThreeYears>
  <c-ross_irr:OperationalRiskInClaimAndEndorsementBusinessForLifeInsuranceCompanyNumberOfPeopleForClaim contextRef="FY_I_20190630" unitRef="PURE" decimals="0">18</c-ross_irr:OperationalRiskInClaimAndEndorsementBusinessForLifeInsuranceCompanyNumberOfPeopleForClaim>
  <c-ross_irr:OperationalRiskInReserveAdministrationForLifeInsuranceCompanyNumberOfPeopleForReinsuranceManagement contextRef="FY_I_20190630" unitRef="PURE" decimals="0">20</c-ross_irr:OperationalRiskInReserveAdministrationForLifeInsuranceCompanyNumberOfPeopleForReinsuranceManagement>
  <c-ross_irr:OperationalRiskInSalesAndUnderwritingBusinessForLifeInsuranceCompanyNumberOfSalesPersonnel contextRef="FY_I_20190630" unitRef="PURE" decimals="0">5760</c-ross_irr:OperationalRiskInSalesAndUnderwritingBusinessForLifeInsuranceCompanyNumberOfSalesPersonnel>
  <c-ross_irr:OperationalRiskInSalesAndUnderwritingBusinessForLifeInsuranceCompanyNumberOfPeopleWithJuniorCollegeDegreeOrAboveAtEndOfAssessmentPeriod contextRef="FY_I_20190630" unitRef="PURE" decimals="0">4313</c-ross_irr:OperationalRiskInSalesAndUnderwritingBusinessForLifeInsuranceCompanyNumberOfPeopleWithJuniorCollegeDegreeOrAboveAtEndOfAssessmentPeriod>
  <c-ross_irr:OperationalRiskInReserveAdministrationForLifeInsuranceCompanyNumberOfPeopleWithThreeYearsOfRelativeExperiencesOrAboveForReinsuranceManagement contextRef="FY_I_20190630" unitRef="PURE" decimals="0">15</c-ross_irr:OperationalRiskInReserveAdministrationForLifeInsuranceCompanyNumberOfPeopleWithThreeYearsOfRelativeExperiencesOrAboveForReinsuranceManagement>
  <c-ross_irr:OperationalRiskInCapitalUtilizationBusinessForInsuranceCompanyTotalNumberOfPersonnelInPreviousFourQuarters contextRef="FY_I_20190630" unitRef="PURE" decimals="0">22</c-ross_irr:OperationalRiskInCapitalUtilizationBusinessForInsuranceCompanyTotalNumberOfPersonnelInPreviousFourQuarters>
  <c-ross_irr:OperationalRiskInClaimAndEndorsementBusinessForLifeInsuranceCompanyNumberOfPeopleWithThreeYearsOfClaimExperiencesOrAbove contextRef="FY_I_20190630" unitRef="PURE" decimals="0">14</c-ross_irr:OperationalRiskInClaimAndEndorsementBusinessForLifeInsuranceCompanyNumberOfPeopleWithThreeYearsOfClaimExperiencesOrAbove>
  <c-ross_irr:OperationalRiskInSalesAndUnderwritingBusinessForLifeInsuranceCompanyNumberOfInternalStaffDedicatedForLifeInsuranceUnderwritingAtEndOfAssessmentPeriod contextRef="FY_I_20190630" unitRef="PURE" decimals="0">9</c-ross_irr:OperationalRiskInSalesAndUnderwritingBusinessForLifeInsuranceCompanyNumberOfInternalStaffDedicatedForLifeInsuranceUnderwritingAtEndOfAssessmentPeriod>
  <c-ross_irr:OperationalRiskInClaimAndEndorsementBusinessForLifeInsuranceCompanyRateOfPeopleWithThreeYearsOfClaimExperiencesOrAbove contextRef="FY_I_20190630" unitRef="PURE" decimals="4">0.7778</c-ross_irr:OperationalRiskInClaimAndEndorsementBusinessForLifeInsuranceCompanyRateOfPeopleWithThreeYearsOfClaimExperiencesOrAbove>
  <c-ross_irr:OperationalRiskInSalesAndUnderwritingBusinessForLifeInsuranceCompanyNumberOfUnderwritingPersonnelWithMoreThanThreeYearsOfUnderwritingExperiencesAtEndOfAssessmentPeriod contextRef="FY_I_20190630" unitRef="PURE" decimals="0">8</c-ross_irr:OperationalRiskInSalesAndUnderwritingBusinessForLifeInsuranceCompanyNumberOfUnderwritingPersonnelWithMoreThanThreeYearsOfUnderwritingExperiencesAtEndOfAssessmentPeriod>
  <c-ross_irr:OperationalRiskInClaimAndEndorsementBusinessForLifeInsuranceCompanyNumberOfPeopleWithLessThanOneYearEndorsementExperiences contextRef="FY_I_20190630" unitRef="PURE" decimals="0">7</c-ross_irr:OperationalRiskInClaimAndEndorsementBusinessForLifeInsuranceCompanyNumberOfPeopleWithLessThanOneYearEndorsementExperiences>
  <c-ross_irr:OperationalRiskInClaimAndEndorsementBusinessForLifeInsuranceCompanyNumberOfPeopleWithFiveYearsEndorsementExperiencesOrAbove contextRef="FY_I_20190630" unitRef="PURE" decimals="0">7</c-ross_irr:OperationalRiskInClaimAndEndorsementBusinessForLifeInsuranceCompanyNumberOfPeopleWithFiveYearsEndorsementExperiencesOrAbove>
  <c-ross_irr:OperationalRiskInSalesAndUnderwritingBusinessForLifeInsuranceCompanyNumberOfServiceYearsForUnderwritingPersonnel contextRef="FY_I_20190630" unitRef="PURE" decimals="4">0.8889</c-ross_irr:OperationalRiskInSalesAndUnderwritingBusinessForLifeInsuranceCompanyNumberOfServiceYearsForUnderwritingPersonnel>
  <c-ross_irr:OperationalRiskInClaimAndEndorsementBusinessForLifeInsuranceCompanyProportionOfNumberOfPeopleWithMoreThanFiveYearsAndLessThanOneYearEndorsementExperiences contextRef="FY_I_20190630" unitRef="PURE" decimals="4">0.6667</c-ross_irr:OperationalRiskInClaimAndEndorsementBusinessForLifeInsuranceCompanyProportionOfNumberOfPeopleWithMoreThanFiveYearsAndLessThanOneYearEndorsementExperiences>
  <c-ross_irr:OperationalRiskInClaimAndEndorsementBusinessForLifeInsuranceCompanyNumberOfPeopleForEndorsement contextRef="FY_I_20190630" unitRef="PURE" decimals="0">21</c-ross_irr:OperationalRiskInClaimAndEndorsementBusinessForLifeInsuranceCompanyNumberOfPeopleForEndorsement>
  <c-ross_irr:OperationalRiskInReserveAdministrationForLifeInsuranceCompanyNumberOfActuaryPeopleWithThreeYearsExperiencesOfReserveAppraisalOfLifeInsuranceInActuarialDepartment contextRef="FY_I_20190630" unitRef="PURE" decimals="0">3</c-ross_irr:OperationalRiskInReserveAdministrationForLifeInsuranceCompanyNumberOfActuaryPeopleWithThreeYearsExperiencesOfReserveAppraisalOfLifeInsuranceInActuarialDepartment>
  <c-ross_irr:OperationalRiskInReserveAdministrationForLifeInsuranceCompanyNumberOfActuaryPeopleForReserveAppraisalOfLifeInsurance contextRef="FY_I_20190630" unitRef="PURE" decimals="0">4</c-ross_irr:OperationalRiskInReserveAdministrationForLifeInsuranceCompanyNumberOfActuaryPeopleForReserveAppraisalOfLifeInsurance>
  <c-ross_irr:OperationalRiskInReserveAdministrationForLifeInsuranceCompanyProportionOfReserveEvaluationPersonnelForLifeInsuranceWithWorkExperienceOverThreeYears contextRef="FY_I_20190630" unitRef="PURE" decimals="4">0.7500</c-ross_irr:OperationalRiskInReserveAdministrationForLifeInsuranceCompanyProportionOfReserveEvaluationPersonnelForLifeInsuranceWithWorkExperienceOverThreeYears>
  <c-ross_irr:OperationalRiskInSalesAndUnderwritingBusinessForLifeInsuranceCompanyNumberOfSalesPersonnel contextRef="FY_I_20190331" unitRef="PURE" decimals="0">5996</c-ross_irr:OperationalRiskInSalesAndUnderwritingBusinessForLifeInsuranceCompanyNumberOfSalesPersonnel>
  <context id="FY_D_20190401_20190630">
    <entity>
      <identifier scheme="http://www.circ.gov.cn/">000056</identifier>
    </entity>
    <period>
      <startDate>2019-04-01</startDate>
      <endDate>2019-06-30</endDate>
    </period>
  </context>
  <context id="FY_I_20190630">
    <entity>
      <identifier scheme="http://www.circ.gov.cn/">000056</identifier>
    </entity>
    <period>
      <instant>2019-06-30</instant>
    </period>
  </context>
  <context id="FY_I_20190331">
    <entity>
      <identifier scheme="http://www.circ.gov.cn/">000056</identifier>
    </entity>
    <period>
      <instant>2019-03-31</instant>
    </period>
  </context>
  <unit id="PURE">
    <measure>pure</measure>
  </unit>
  <unit id="CNY">
    <measure>iso4217:CNY</measure>
  </unit>
</xbrl>
