<?xml version="1.0" encoding="UTF-8"?>

<!--
	Taxonomy: 2015-12-31 (Final)
	**********************
	Copyright © 2015 China Insurance Regulatory Commission.
	All rights reserved.  No part of this publication may be translated, reprinted or reproduced
	or utilised in any form either in whole or in part without prior permission in writing from China Insurance Regulatory Commission.
	  **********************
	-->
<link:linkbase xmlns:xsi="http://www.w3.org/2001/XMLSchema-instance" xsi:schemaLocation="http://www.xbrl.org/2003/linkbase http://www.xbrl.org/2003/xbrl-linkbase-2003-12-31.xsd" xmlns:c-ross="http://xbrl.circ.gov.cn/taxonomy/2015-12-31/c-ross" xmlns:link="http://www.xbrl.org/2003/linkbase" xmlns:xlink="http://www.w3.org/1999/xlink" xmlns:xbrli="http://www.xbrl.org/2003/instance">
  <link:roleRef roleURI="http://xbrl.circ.gov.cn/role/c-ross_2015-12-31_role-3160220" xlink:type="simple" xlink:href="rol_c-ross_7_2015-12-31.xsd#c-ross_2015-12-31-3160220"/>
  <link:calculationLink xlink:type="extended" xlink:role="http://xbrl.circ.gov.cn/role/c-ross_2015-12-31_role-3160220">
    <link:loc xlink:type="locator" xlink:href="../../c-ross_core_2015-12-31.xsd#c-ross_MarketRiskMinimumCapitalForInterestRateRisk" xlink:label="MarketRiskMinimumCapitalForInterestRateRisk" xlink:title="MarketRiskMinimumCapitalForInterestRateRisk"/>
    <link:loc xlink:type="locator" xlink:href="../../c-ross_core_2015-12-31.xsd#c-ross_InterestRateRiskOfLifeInsuranceBusinessOfReinsuranceCompanyMinimumCapital" xlink:label="InterestRateRiskOfLifeInsuranceBusinessOfReinsuranceCompanyMinimumCapital" xlink:title="InterestRateRiskOfLifeInsuranceBusinessOfReinsuranceCompanyMinimumCapital"/>
    <link:calculationArc xlink:type="arc" xlink:arcrole="http://www.xbrl.org/2003/arcrole/summation-item" xlink:from="MarketRiskMinimumCapitalForInterestRateRisk" xlink:to="InterestRateRiskOfLifeInsuranceBusinessOfReinsuranceCompanyMinimumCapital" xlink:title="calculation: MarketRiskMinimumCapitalForInterestRateRisk to InterestRateRiskOfLifeInsuranceBusinessOfReinsuranceCompanyMinimumCapital" order="10.0" weight="1.0"/>
    <link:loc xlink:type="locator" xlink:href="../../c-ross_core_2015-12-31.xsd#c-ross_InterestRateRiskOfNonLifeInsuranceBusinessOfReinsuranceCompanyMinimumCapital" xlink:label="InterestRateRiskOfNonLifeInsuranceBusinessOfReinsuranceCompanyMinimumCapital" xlink:title="InterestRateRiskOfNonLifeInsuranceBusinessOfReinsuranceCompanyMinimumCapital"/>
    <link:calculationArc xlink:type="arc" xlink:arcrole="http://www.xbrl.org/2003/arcrole/summation-item" xlink:from="MarketRiskMinimumCapitalForInterestRateRisk" xlink:to="InterestRateRiskOfNonLifeInsuranceBusinessOfReinsuranceCompanyMinimumCapital" xlink:title="calculation: MarketRiskMinimumCapitalForInterestRateRisk to InterestRateRiskOfNonLifeInsuranceBusinessOfReinsuranceCompanyMinimumCapital" order="20.0" weight="1.0"/>
    <link:loc xlink:type="locator" xlink:href="../../c-ross_core_2015-12-31.xsd#c-ross_LifeInsuranceBusinessMinimumCapitalUnderScenariosOfDecreasingInterestRates" xlink:label="LifeInsuranceBusinessMinimumCapitalUnderScenariosOfDecreasingInterestRates" xlink:title="LifeInsuranceBusinessMinimumCapitalUnderScenariosOfDecreasingInterestRates"/>
    <link:loc xlink:type="locator" xlink:href="../../c-ross_core_2015-12-31.xsd#c-ross_AdmittedValueOfAdmittedAssetsOnValuationDateBaseScenario" xlink:label="AdmittedValueOfAdmittedAssetsOnValuationDateBaseScenario" xlink:title="AdmittedValueOfAdmittedAssetsOnValuationDateBaseScenario"/>
    <link:calculationArc xlink:type="arc" xlink:arcrole="http://www.xbrl.org/2003/arcrole/summation-item" xlink:from="LifeInsuranceBusinessMinimumCapitalUnderScenariosOfDecreasingInterestRates" xlink:to="AdmittedValueOfAdmittedAssetsOnValuationDateBaseScenario" xlink:title="calculation: LifeInsuranceBusinessMinimumCapitalUnderScenariosOfDecreasingInterestRates to AdmittedValueOfAdmittedAssetsOnValuationDateBaseScenario" order="10.0" weight="1.0"/>
    <link:loc xlink:type="locator" xlink:href="../../c-ross_core_2015-12-31.xsd#c-ross_PresentValueOfCashFlowsOfLifeInsuranceBusinessCalculatedAfterConsiderationOfReinsuranceFactorsOnValuationDateBaseScenario" xlink:label="PresentValueOfCashFlowsOfLifeInsuranceBusinessCalculatedAfterConsiderationOfReinsuranceFactorsOnValuationDateBaseScenario" xlink:title="PresentValueOfCashFlowsOfLifeInsuranceBusinessCalculatedAfterConsiderationOfReinsuranceFactorsOnValuationDateBaseScenario"/>
    <link:calculationArc xlink:type="arc" xlink:arcrole="http://www.xbrl.org/2003/arcrole/summation-item" xlink:from="LifeInsuranceBusinessMinimumCapitalUnderScenariosOfDecreasingInterestRates" xlink:to="PresentValueOfCashFlowsOfLifeInsuranceBusinessCalculatedAfterConsiderationOfReinsuranceFactorsOnValuationDateBaseScenario" xlink:title="calculation: LifeInsuranceBusinessMinimumCapitalUnderScenariosOfDecreasingInterestRates to PresentValueOfCashFlowsOfLifeInsuranceBusinessCalculatedAfterConsiderationOfReinsuranceFactorsOnValuationDateBaseScenario" order="20.0" weight="-1.0"/>
    <link:loc xlink:type="locator" xlink:href="../../c-ross_core_2015-12-31.xsd#c-ross_AdmittedValueOfAdmittedAssetsOnValuationDateAdverseScenarioOfDecreasingInterestRates" xlink:label="AdmittedValueOfAdmittedAssetsOnValuationDateAdverseScenarioOfDecreasingInterestRates" xlink:title="AdmittedValueOfAdmittedAssetsOnValuationDateAdverseScenarioOfDecreasingInterestRates"/>
    <link:calculationArc xlink:type="arc" xlink:arcrole="http://www.xbrl.org/2003/arcrole/summation-item" xlink:from="LifeInsuranceBusinessMinimumCapitalUnderScenariosOfDecreasingInterestRates" xlink:to="AdmittedValueOfAdmittedAssetsOnValuationDateAdverseScenarioOfDecreasingInterestRates" xlink:title="calculation: LifeInsuranceBusinessMinimumCapitalUnderScenariosOfDecreasingInterestRates to AdmittedValueOfAdmittedAssetsOnValuationDateAdverseScenarioOfDecreasingInterestRates" order="30.0" weight="-1.0"/>
    <link:loc xlink:type="locator" xlink:href="../../c-ross_core_2015-12-31.xsd#c-ross_PresentValueOfCashFlowsOfLifeInsuranceBusinessCalculatedAfterConsiderationOfReinsuranceFactorsOnValuationDateAdverseScenarioOfDecreasingInterestRates" xlink:label="PresentValueOfCashFlowsOfLifeInsuranceBusinessCalculatedAfterConsiderationOfReinsuranceFactorsOnValuationDateAdverseScenarioOfDecreasingInterestRates" xlink:title="PresentValueOfCashFlowsOfLifeInsuranceBusinessCalculatedAfterConsiderationOfReinsuranceFactorsOnValuationDateAdverseScenarioOfDecreasingInterestRates"/>
    <link:calculationArc xlink:type="arc" xlink:arcrole="http://www.xbrl.org/2003/arcrole/summation-item" xlink:from="LifeInsuranceBusinessMinimumCapitalUnderScenariosOfDecreasingInterestRates" xlink:to="PresentValueOfCashFlowsOfLifeInsuranceBusinessCalculatedAfterConsiderationOfReinsuranceFactorsOnValuationDateAdverseScenarioOfDecreasingInterestRates" xlink:title="calculation: LifeInsuranceBusinessMinimumCapitalUnderScenariosOfDecreasingInterestRates to PresentValueOfCashFlowsOfLifeInsuranceBusinessCalculatedAfterConsiderationOfReinsuranceFactorsOnValuationDateAdverseScenarioOfDecreasingInterestRates" order="40.0" weight="1.0"/>
    <link:loc xlink:type="locator" xlink:href="../../c-ross_core_2015-12-31.xsd#c-ross_LifeInsuranceBusinessMinimumCapitalUnderScenariosOfIncreasingInterestRates" xlink:label="LifeInsuranceBusinessMinimumCapitalUnderScenariosOfIncreasingInterestRates" xlink:title="LifeInsuranceBusinessMinimumCapitalUnderScenariosOfIncreasingInterestRates"/>
    <link:calculationArc xlink:type="arc" xlink:arcrole="http://www.xbrl.org/2003/arcrole/summation-item" xlink:from="LifeInsuranceBusinessMinimumCapitalUnderScenariosOfIncreasingInterestRates" xlink:to="AdmittedValueOfAdmittedAssetsOnValuationDateBaseScenario" xlink:title="calculation: LifeInsuranceBusinessMinimumCapitalUnderScenariosOfIncreasingInterestRates to AdmittedValueOfAdmittedAssetsOnValuationDateBaseScenario" order="10.0" weight="1.0"/>
    <link:calculationArc xlink:type="arc" xlink:arcrole="http://www.xbrl.org/2003/arcrole/summation-item" xlink:from="LifeInsuranceBusinessMinimumCapitalUnderScenariosOfIncreasingInterestRates" xlink:to="PresentValueOfCashFlowsOfLifeInsuranceBusinessCalculatedAfterConsiderationOfReinsuranceFactorsOnValuationDateBaseScenario" xlink:title="calculation: LifeInsuranceBusinessMinimumCapitalUnderScenariosOfIncreasingInterestRates to PresentValueOfCashFlowsOfLifeInsuranceBusinessCalculatedAfterConsiderationOfReinsuranceFactorsOnValuationDateBaseScenario" order="20.0" weight="-1.0"/>
    <link:loc xlink:type="locator" xlink:href="../../c-ross_core_2015-12-31.xsd#c-ross_AdmittedValueOfAdmittedAssetsOnValuationDateAdverseScenarioOfIncreasingInterestRates" xlink:label="AdmittedValueOfAdmittedAssetsOnValuationDateAdverseScenarioOfIncreasingInterestRates" xlink:title="AdmittedValueOfAdmittedAssetsOnValuationDateAdverseScenarioOfIncreasingInterestRates"/>
    <link:calculationArc xlink:type="arc" xlink:arcrole="http://www.xbrl.org/2003/arcrole/summation-item" xlink:from="LifeInsuranceBusinessMinimumCapitalUnderScenariosOfIncreasingInterestRates" xlink:to="AdmittedValueOfAdmittedAssetsOnValuationDateAdverseScenarioOfIncreasingInterestRates" xlink:title="calculation: LifeInsuranceBusinessMinimumCapitalUnderScenariosOfIncreasingInterestRates to AdmittedValueOfAdmittedAssetsOnValuationDateAdverseScenarioOfIncreasingInterestRates" order="30.0" weight="-1.0"/>
    <link:loc xlink:type="locator" xlink:href="../../c-ross_core_2015-12-31.xsd#c-ross_PresentValueOfCashFlowsOfLifeInsuranceBusinessCalculatedAfterConsiderationOfReinsuranceFactorsOnValuationDateAdverseScenarioOfIncreasingInterestRates" xlink:label="PresentValueOfCashFlowsOfLifeInsuranceBusinessCalculatedAfterConsiderationOfReinsuranceFactorsOnValuationDateAdverseScenarioOfIncreasingInterestRates" xlink:title="PresentValueOfCashFlowsOfLifeInsuranceBusinessCalculatedAfterConsiderationOfReinsuranceFactorsOnValuationDateAdverseScenarioOfIncreasingInterestRates"/>
    <link:calculationArc xlink:type="arc" xlink:arcrole="http://www.xbrl.org/2003/arcrole/summation-item" xlink:from="LifeInsuranceBusinessMinimumCapitalUnderScenariosOfIncreasingInterestRates" xlink:to="PresentValueOfCashFlowsOfLifeInsuranceBusinessCalculatedAfterConsiderationOfReinsuranceFactorsOnValuationDateAdverseScenarioOfIncreasingInterestRates" xlink:title="calculation: LifeInsuranceBusinessMinimumCapitalUnderScenariosOfIncreasingInterestRates to PresentValueOfCashFlowsOfLifeInsuranceBusinessCalculatedAfterConsiderationOfReinsuranceFactorsOnValuationDateAdverseScenarioOfIncreasingInterestRates" order="40.0" weight="1.0"/>
  </link:calculationLink>
</link:linkbase>
