<?xml version="1.0" encoding="UTF-8"?>

<!--
	Taxonomy: 2015-12-31 (Final)
	**********************
	Copyright © 2015 China Insurance Regulatory Commission.
	All rights reserved.  No part of this publication may be translated, reprinted or reproduced
	or utilised in any form either in whole or in part without prior permission in writing from China Insurance Regulatory Commission.
	  **********************
	-->
<link:linkbase xmlns:xsi="http://www.w3.org/2001/XMLSchema-instance" xsi:schemaLocation="http://www.xbrl.org/2003/linkbase http://www.xbrl.org/2003/xbrl-linkbase-2003-12-31.xsd" xmlns:c-ross="http://xbrl.circ.gov.cn/taxonomy/2015-12-31/c-ross" xmlns:link="http://www.xbrl.org/2003/linkbase" xmlns:q_s_pc_entry_point="http://xbrl.circ.gov.cn/taxonomy/2015-12-31/c-ross/q_s_pc_entry_point" xmlns:xlink="http://www.w3.org/1999/xlink" xmlns:xbrli="http://www.xbrl.org/2003/instance" xmlns:xbrldt="http://xbrl.org/2005/xbrldt">
  <link:roleRef roleURI="http://xbrl.circ.gov.cn/role/c-ross_2015-12-31_role-3160500" xlink:type="simple" xlink:href="rol_c-ross_7_2015-12-31.xsd#c-ross_2015-12-31-3160500"/>
  <link:roleRef roleURI="http://xbrl.circ.gov.cn/role/c-ross_2015-12-31_role-3160500a" xlink:type="simple" xlink:href="rol_c-ross_7_2015-12-31.xsd#c-ross_2015-12-31-3160500a"/>
  <link:roleRef roleURI="http://xbrl.circ.gov.cn/role/c-ross_2015-12-31_role-3160500b" xlink:type="simple" xlink:href="rol_c-ross_7_2015-12-31.xsd#c-ross_2015-12-31-3160500b"/>
  <link:arcroleRef arcroleURI="http://xbrl.org/int/dim/arcrole/all" xlink:type="simple" xlink:href="http://www.xbrl.org/2005/xbrldt-2005.xsd#all"/>
  <link:arcroleRef arcroleURI="http://xbrl.org/int/dim/arcrole/dimension-default" xlink:type="simple" xlink:href="http://www.xbrl.org/2005/xbrldt-2005.xsd#dimension-default"/>
  <link:arcroleRef arcroleURI="http://xbrl.org/int/dim/arcrole/dimension-domain" xlink:type="simple" xlink:href="http://www.xbrl.org/2005/xbrldt-2005.xsd#dimension-domain"/>
  <link:arcroleRef arcroleURI="http://xbrl.org/int/dim/arcrole/domain-member" xlink:type="simple" xlink:href="http://www.xbrl.org/2005/xbrldt-2005.xsd#domain-member"/>
  <link:arcroleRef arcroleURI="http://xbrl.org/int/dim/arcrole/hypercube-dimension" xlink:type="simple" xlink:href="http://www.xbrl.org/2005/xbrldt-2005.xsd#hypercube-dimension"/>
  <link:arcroleRef arcroleURI="http://xbrl.org/int/dim/arcrole/notAll" xlink:type="simple" xlink:href="http://www.xbrl.org/2005/xbrldt-2005.xsd#notAll"/>
  <link:definitionLink xlink:type="extended" xlink:role="http://xbrl.circ.gov.cn/role/c-ross_2015-12-31_role-3160500">
    <link:loc xlink:type="locator" xlink:href="../../c-ross_core_2015-12-31.xsd#c-ross_ExcludedTable" xlink:label="Excluded" xlink:title="Excluded"/>
    <link:loc xlink:type="locator" xlink:href="../../c-ross_core_2015-12-31.xsd#c-ross_InterestRateRiskInterestRateDerivativesInterestRateSwapsTypesOfAssetsHeldAxis" xlink:label="InterestRateRiskInterestRateDerivativesInterestRateSwapsTypesOfAssetsHeldAxis" xlink:title="InterestRateRiskInterestRateDerivativesInterestRateSwapsTypesOfAssetsHeldAxis"/>
    <link:definitionArc xlink:type="arc" xlink:arcrole="http://xbrl.org/int/dim/arcrole/hypercube-dimension" xlink:from="Excluded" xlink:to="InterestRateRiskInterestRateDerivativesInterestRateSwapsTypesOfAssetsHeldAxis" xlink:title="definition: Excluded to InterestRateRiskInterestRateDerivativesInterestRateSwapsTypesOfAssetsHeldAxis" use="optional" order="10.0"/>
    <link:loc xlink:type="locator" xlink:href="../../c-ross_core_2015-12-31.xsd#c-ross_TypesOfAssetsHeldMember" xlink:label="TypesOfAssetsHeldMember" xlink:title="TypesOfAssetsHeldMember"/>
    <link:definitionArc xlink:type="arc" xlink:arcrole="http://xbrl.org/int/dim/arcrole/dimension-domain" xlink:from="InterestRateRiskInterestRateDerivativesInterestRateSwapsTypesOfAssetsHeldAxis" xlink:to="TypesOfAssetsHeldMember" xlink:title="definition: InterestRateRiskInterestRateDerivativesInterestRateSwapsTypesOfAssetsHeldAxis to TypesOfAssetsHeldMember" use="optional" order="10.0"/>
    <link:loc xlink:type="locator" xlink:href="../../c-ross_core_2015-12-31.xsd#c-ross_TypesOfAssetsHeldMember" xlink:label="TypesOfAssetsHeldMember_2" xlink:title="TypesOfAssetsHeldMember"/>
    <link:definitionArc xlink:type="arc" xlink:arcrole="http://xbrl.org/int/dim/arcrole/dimension-default" xlink:from="InterestRateRiskInterestRateDerivativesInterestRateSwapsTypesOfAssetsHeldAxis" xlink:to="TypesOfAssetsHeldMember_2" xlink:title="definition: InterestRateRiskInterestRateDerivativesInterestRateSwapsTypesOfAssetsHeldAxis to TypesOfAssetsHeldMember" use="optional" order="20.0"/>
    <link:loc xlink:type="locator" xlink:href="../../c-ross_core_2015-12-31.xsd#c-ross_HeldByCompanyDirectlyMember" xlink:label="HeldByCompanyDirectlyMember" xlink:title="HeldByCompanyDirectlyMember"/>
    <link:definitionArc xlink:type="arc" xlink:arcrole="http://xbrl.org/int/dim/arcrole/domain-member" xlink:from="TypesOfAssetsHeldMember" xlink:to="HeldByCompanyDirectlyMember" xlink:title="definition: TypesOfAssetsHeldMember to HeldByCompanyDirectlyMember" use="optional" order="10.0"/>
    <link:loc xlink:type="locator" xlink:href="../../c-ross_core_2015-12-31.xsd#c-ross_HeldByLookThroughMethodMember" xlink:label="HeldByLookThroughMethodMember" xlink:title="HeldByLookThroughMethodMember"/>
    <link:definitionArc xlink:type="arc" xlink:arcrole="http://xbrl.org/int/dim/arcrole/domain-member" xlink:from="TypesOfAssetsHeldMember" xlink:to="HeldByLookThroughMethodMember" xlink:title="definition: TypesOfAssetsHeldMember to HeldByLookThroughMethodMember" use="optional" order="20.0"/>
    <link:loc xlink:type="locator" xlink:href="../../c-ross_core_2015-12-31.xsd#c-ross_InterestRateRiskInterestRateDerivativesInterestRateSwapsAbstract" xlink:label="InterestRateRiskInterestRateDerivativesInterestRateSwapsAbstract" xlink:title="InterestRateRiskInterestRateDerivativesInterestRateSwapsAbstract"/>
    <link:loc xlink:type="locator" xlink:href="../../c-ross_core_2015-12-31.xsd#c-ross_InterestRateRiskInterestRateDerivativesInterestRateSwapsTable" xlink:label="InterestRateRiskInterestRateDerivativesInterestRateSwapsTable" xlink:title="InterestRateRiskInterestRateDerivativesInterestRateSwapsTable"/>
    <link:definitionArc xlink:type="arc" xlink:arcrole="http://xbrl.org/int/dim/arcrole/all" xlink:from="InterestRateRiskInterestRateDerivativesInterestRateSwapsAbstract" xlink:to="InterestRateRiskInterestRateDerivativesInterestRateSwapsTable" xlink:title="definition: InterestRateRiskInterestRateDerivativesInterestRateSwapsAbstract to InterestRateRiskInterestRateDerivativesInterestRateSwapsTable" use="optional" order="10.0" xbrldt:closed="true" xbrldt:contextElement="scenario"/>
    <link:definitionArc xlink:type="arc" xlink:arcrole="http://xbrl.org/int/dim/arcrole/hypercube-dimension" xlink:from="InterestRateRiskInterestRateDerivativesInterestRateSwapsTable" xlink:to="InterestRateRiskInterestRateDerivativesInterestRateSwapsTypesOfAssetsHeldAxis" xlink:title="definition: InterestRateRiskInterestRateDerivativesInterestRateSwapsTable to InterestRateRiskInterestRateDerivativesInterestRateSwapsTypesOfAssetsHeldAxis" use="optional" order="10.0"/>
    <link:loc xlink:type="locator" xlink:href="../../c-ross_core_2015-12-31.xsd#c-ross_InterestRateRiskInterestRateDerivativesInterestRateSwapsLineItems" xlink:label="InterestRateRiskInterestRateDerivativesInterestRateSwapsLineItems" xlink:title="InterestRateRiskInterestRateDerivativesInterestRateSwapsLineItems"/>
    <link:definitionArc xlink:type="arc" xlink:arcrole="http://xbrl.org/int/dim/arcrole/domain-member" xlink:from="InterestRateRiskInterestRateDerivativesInterestRateSwapsAbstract" xlink:to="InterestRateRiskInterestRateDerivativesInterestRateSwapsLineItems" xlink:title="definition: InterestRateRiskInterestRateDerivativesInterestRateSwapsAbstract to InterestRateRiskInterestRateDerivativesInterestRateSwapsLineItems" use="optional" order="20.0"/>
    <link:loc xlink:type="locator" xlink:href="../../c-ross_core_2015-12-31.xsd#c-ross_InterestRateRiskInterestRateDerivativesInterestRateSwapsContractName" xlink:label="InterestRateRiskInterestRateDerivativesInterestRateSwapsContractName" xlink:title="InterestRateRiskInterestRateDerivativesInterestRateSwapsContractName"/>
    <link:definitionArc xlink:type="arc" xlink:arcrole="http://xbrl.org/int/dim/arcrole/domain-member" xlink:from="InterestRateRiskInterestRateDerivativesInterestRateSwapsLineItems" xlink:to="InterestRateRiskInterestRateDerivativesInterestRateSwapsContractName" xlink:title="definition: InterestRateRiskInterestRateDerivativesInterestRateSwapsLineItems to InterestRateRiskInterestRateDerivativesInterestRateSwapsContractName" use="optional" order="10.0"/>
    <link:definitionArc xlink:type="arc" xlink:arcrole="http://xbrl.org/int/dim/arcrole/notAll" xlink:from="InterestRateRiskInterestRateDerivativesInterestRateSwapsContractName" xlink:to="Excluded" xlink:title="definition: InterestRateRiskInterestRateDerivativesInterestRateSwapsContractName to Excluded" use="optional" order="10.0" xbrldt:contextElement="scenario"/>
    <link:loc xlink:type="locator" xlink:href="../../c-ross_core_2015-12-31.xsd#c-ross_InterestRateRiskInterestRateDerivativesInterestRateSwapsTypesOfContract" xlink:label="InterestRateRiskInterestRateDerivativesInterestRateSwapsTypesOfContract" xlink:title="InterestRateRiskInterestRateDerivativesInterestRateSwapsTypesOfContract"/>
    <link:definitionArc xlink:type="arc" xlink:arcrole="http://xbrl.org/int/dim/arcrole/domain-member" xlink:from="InterestRateRiskInterestRateDerivativesInterestRateSwapsLineItems" xlink:to="InterestRateRiskInterestRateDerivativesInterestRateSwapsTypesOfContract" xlink:title="definition: InterestRateRiskInterestRateDerivativesInterestRateSwapsLineItems to InterestRateRiskInterestRateDerivativesInterestRateSwapsTypesOfContract" use="optional" order="20.0"/>
    <link:definitionArc xlink:type="arc" xlink:arcrole="http://xbrl.org/int/dim/arcrole/notAll" xlink:from="InterestRateRiskInterestRateDerivativesInterestRateSwapsTypesOfContract" xlink:to="Excluded" xlink:title="definition: InterestRateRiskInterestRateDerivativesInterestRateSwapsTypesOfContract to Excluded" order="10.0" xbrldt:contextElement="scenario"/>
    <link:loc xlink:type="locator" xlink:href="../../c-ross_core_2015-12-31.xsd#c-ross_InterestRateRiskInterestRateDerivativesInterestRateSwapsModifiedDuration" xlink:label="InterestRateRiskInterestRateDerivativesInterestRateSwapsModifiedDuration" xlink:title="InterestRateRiskInterestRateDerivativesInterestRateSwapsModifiedDuration"/>
    <link:definitionArc xlink:type="arc" xlink:arcrole="http://xbrl.org/int/dim/arcrole/domain-member" xlink:from="InterestRateRiskInterestRateDerivativesInterestRateSwapsLineItems" xlink:to="InterestRateRiskInterestRateDerivativesInterestRateSwapsModifiedDuration" xlink:title="definition: InterestRateRiskInterestRateDerivativesInterestRateSwapsLineItems to InterestRateRiskInterestRateDerivativesInterestRateSwapsModifiedDuration" use="optional" order="30.0"/>
    <link:definitionArc xlink:type="arc" xlink:arcrole="http://xbrl.org/int/dim/arcrole/notAll" xlink:from="InterestRateRiskInterestRateDerivativesInterestRateSwapsModifiedDuration" xlink:to="Excluded" xlink:title="definition: InterestRateRiskInterestRateDerivativesInterestRateSwapsModifiedDuration to Excluded" use="optional" order="10.0" xbrldt:contextElement="scenario"/>
    <link:loc xlink:type="locator" xlink:href="../../c-ross_core_2015-12-31.xsd#c-ross_InterestRateRiskInterestRateDerivativesInterestRateSwapsNominalPrincipal" xlink:label="InterestRateRiskInterestRateDerivativesInterestRateSwapsNominalPrincipal" xlink:title="InterestRateRiskInterestRateDerivativesInterestRateSwapsNominalPrincipal"/>
    <link:definitionArc xlink:type="arc" xlink:arcrole="http://xbrl.org/int/dim/arcrole/domain-member" xlink:from="InterestRateRiskInterestRateDerivativesInterestRateSwapsLineItems" xlink:to="InterestRateRiskInterestRateDerivativesInterestRateSwapsNominalPrincipal" xlink:title="definition: InterestRateRiskInterestRateDerivativesInterestRateSwapsLineItems to InterestRateRiskInterestRateDerivativesInterestRateSwapsNominalPrincipal" use="optional" order="40.0"/>
    <link:loc xlink:type="locator" xlink:href="../../c-ross_core_2015-12-31.xsd#c-ross_InterestRateRiskInterestRateDerivativesInterestRateSwapsRiskExposure" xlink:label="InterestRateRiskInterestRateDerivativesInterestRateSwapsRiskExposure" xlink:title="InterestRateRiskInterestRateDerivativesInterestRateSwapsRiskExposure"/>
    <link:definitionArc xlink:type="arc" xlink:arcrole="http://xbrl.org/int/dim/arcrole/domain-member" xlink:from="InterestRateRiskInterestRateDerivativesInterestRateSwapsLineItems" xlink:to="InterestRateRiskInterestRateDerivativesInterestRateSwapsRiskExposure" xlink:title="definition: InterestRateRiskInterestRateDerivativesInterestRateSwapsLineItems to InterestRateRiskInterestRateDerivativesInterestRateSwapsRiskExposure" use="optional" order="50.0"/>
    <link:loc xlink:type="locator" xlink:href="../../c-ross_core_2015-12-31.xsd#c-ross_InterestRateRiskInterestRateDerivativesInterestRateSwapsBaseRiskFactor" xlink:label="InterestRateRiskInterestRateDerivativesInterestRateSwapsBaseRiskFactor" xlink:title="InterestRateRiskInterestRateDerivativesInterestRateSwapsBaseRiskFactor"/>
    <link:definitionArc xlink:type="arc" xlink:arcrole="http://xbrl.org/int/dim/arcrole/domain-member" xlink:from="InterestRateRiskInterestRateDerivativesInterestRateSwapsLineItems" xlink:to="InterestRateRiskInterestRateDerivativesInterestRateSwapsBaseRiskFactor" xlink:title="definition: InterestRateRiskInterestRateDerivativesInterestRateSwapsLineItems to InterestRateRiskInterestRateDerivativesInterestRateSwapsBaseRiskFactor" use="optional" order="60.0"/>
    <link:definitionArc xlink:type="arc" xlink:arcrole="http://xbrl.org/int/dim/arcrole/notAll" xlink:from="InterestRateRiskInterestRateDerivativesInterestRateSwapsBaseRiskFactor" xlink:to="Excluded" xlink:title="definition: InterestRateRiskInterestRateDerivativesInterestRateSwapsBaseRiskFactor to Excluded" use="optional" order="10.0" xbrldt:contextElement="scenario"/>
    <link:loc xlink:type="locator" xlink:href="../../c-ross_core_2015-12-31.xsd#c-ross_InterestRateRiskInterestRateDerivativesInterestRateSwapsMinimumCapital" xlink:label="InterestRateRiskInterestRateDerivativesInterestRateSwapsMinimumCapital" xlink:title="InterestRateRiskInterestRateDerivativesInterestRateSwapsMinimumCapital"/>
    <link:definitionArc xlink:type="arc" xlink:arcrole="http://xbrl.org/int/dim/arcrole/domain-member" xlink:from="InterestRateRiskInterestRateDerivativesInterestRateSwapsLineItems" xlink:to="InterestRateRiskInterestRateDerivativesInterestRateSwapsMinimumCapital" xlink:title="definition: InterestRateRiskInterestRateDerivativesInterestRateSwapsLineItems to InterestRateRiskInterestRateDerivativesInterestRateSwapsMinimumCapital" use="optional" order="70.0"/>
  </link:definitionLink>
  <link:definitionLink xlink:type="extended" xlink:role="http://xbrl.circ.gov.cn/role/c-ross_2015-12-31_role-3160500a">
    <link:loc xlink:type="locator" xlink:href="../../c-ross_core_2015-12-31.xsd#c-ross_InterestRateRiskInterestRateDerivativesInterestRateSwapsTypesOfAssetsHeldAxis" xlink:label="InterestRateRiskInterestRateDerivativesInterestRateSwapsTypesOfAssetsHeldAxis" xlink:title="InterestRateRiskInterestRateDerivativesInterestRateSwapsTypesOfAssetsHeldAxis"/>
    <link:loc xlink:type="locator" xlink:href="../../c-ross_core_2015-12-31.xsd#c-ross_TypesOfAssetsHeldMember" xlink:label="TypesOfAssetsHeldMember" xlink:title="TypesOfAssetsHeldMember"/>
    <link:definitionArc xlink:type="arc" xlink:arcrole="http://xbrl.org/int/dim/arcrole/dimension-domain" xlink:from="InterestRateRiskInterestRateDerivativesInterestRateSwapsTypesOfAssetsHeldAxis" xlink:to="TypesOfAssetsHeldMember" xlink:title="definition: InterestRateRiskInterestRateDerivativesInterestRateSwapsTypesOfAssetsHeldAxis to TypesOfAssetsHeldMember" use="optional" order="10.0"/>
    <link:loc xlink:type="locator" xlink:href="../../c-ross_core_2015-12-31.xsd#c-ross_HeldByCompanyDirectlyMember" xlink:label="HeldByCompanyDirectlyMember" xlink:title="HeldByCompanyDirectlyMember"/>
    <link:definitionArc xlink:type="arc" xlink:arcrole="http://xbrl.org/int/dim/arcrole/domain-member" xlink:from="TypesOfAssetsHeldMember" xlink:to="HeldByCompanyDirectlyMember" xlink:title="definition: TypesOfAssetsHeldMember to HeldByCompanyDirectlyMember" use="optional" order="10.0"/>
    <link:loc xlink:type="locator" xlink:href="../../c-ross_core_2015-12-31.xsd#c-ross_InterestRateRiskInterestRateDerivativesInterestRateSwapsTable" xlink:label="InterestRateRiskInterestRateDerivativesInterestRateSwapsTable" xlink:title="InterestRateRiskInterestRateDerivativesInterestRateSwapsTable"/>
    <link:definitionArc xlink:type="arc" xlink:arcrole="http://xbrl.org/int/dim/arcrole/hypercube-dimension" xlink:from="InterestRateRiskInterestRateDerivativesInterestRateSwapsTable" xlink:to="InterestRateRiskInterestRateDerivativesInterestRateSwapsTypesOfAssetsHeldAxis" xlink:title="definition: InterestRateRiskInterestRateDerivativesInterestRateSwapsTable to InterestRateRiskInterestRateDerivativesInterestRateSwapsTypesOfAssetsHeldAxis" use="optional" order="10.0"/>
    <link:loc xlink:type="locator" xlink:href="../../c-ross_core_2015-12-31.xsd#c-ross_InterestRateRiskInterestRateDerivativesInterestRateSwapsHeldByCompanyDirectlyLineNumberAxis" xlink:label="InterestRateRiskInterestRateDerivativesInterestRateSwapsHeldByCompanyDirectlyLineNumberAxis" xlink:title="InterestRateRiskInterestRateDerivativesInterestRateSwapsHeldByCompanyDirectlyLineNumberAxis"/>
    <link:definitionArc xlink:type="arc" xlink:arcrole="http://xbrl.org/int/dim/arcrole/hypercube-dimension" xlink:from="InterestRateRiskInterestRateDerivativesInterestRateSwapsTable" xlink:to="InterestRateRiskInterestRateDerivativesInterestRateSwapsHeldByCompanyDirectlyLineNumberAxis" xlink:title="definition: InterestRateRiskInterestRateDerivativesInterestRateSwapsTable to InterestRateRiskInterestRateDerivativesInterestRateSwapsHeldByCompanyDirectlyLineNumberAxis" use="optional" order="20.0"/>
    <link:loc xlink:type="locator" xlink:href="../../c-ross_core_2015-12-31.xsd#c-ross_InterestRateRiskInterestRateDerivativesInterestRateSwapsLineItems" xlink:label="InterestRateRiskInterestRateDerivativesInterestRateSwapsLineItems" xlink:title="InterestRateRiskInterestRateDerivativesInterestRateSwapsLineItems"/>
    <link:loc xlink:type="locator" xlink:href="../../c-ross_core_2015-12-31.xsd#c-ross_InterestRateRiskInterestRateDerivativesInterestRateSwapsContractName" xlink:label="InterestRateRiskInterestRateDerivativesInterestRateSwapsContractName" xlink:title="InterestRateRiskInterestRateDerivativesInterestRateSwapsContractName"/>
    <link:definitionArc xlink:type="arc" xlink:arcrole="http://xbrl.org/int/dim/arcrole/domain-member" xlink:from="InterestRateRiskInterestRateDerivativesInterestRateSwapsLineItems" xlink:to="InterestRateRiskInterestRateDerivativesInterestRateSwapsContractName" xlink:title="definition: InterestRateRiskInterestRateDerivativesInterestRateSwapsLineItems to InterestRateRiskInterestRateDerivativesInterestRateSwapsContractName" use="optional" order="10.0"/>
    <link:loc xlink:type="locator" xlink:href="../../c-ross_core_2015-12-31.xsd#c-ross_InterestRateRiskInterestRateDerivativesInterestRateSwapsTypesOfContract" xlink:label="InterestRateRiskInterestRateDerivativesInterestRateSwapsTypesOfContract" xlink:title="InterestRateRiskInterestRateDerivativesInterestRateSwapsTypesOfContract"/>
    <link:definitionArc xlink:type="arc" xlink:arcrole="http://xbrl.org/int/dim/arcrole/domain-member" xlink:from="InterestRateRiskInterestRateDerivativesInterestRateSwapsLineItems" xlink:to="InterestRateRiskInterestRateDerivativesInterestRateSwapsTypesOfContract" xlink:title="definition: InterestRateRiskInterestRateDerivativesInterestRateSwapsLineItems to InterestRateRiskInterestRateDerivativesInterestRateSwapsTypesOfContract" use="optional" order="20.0"/>
    <link:loc xlink:type="locator" xlink:href="../../c-ross_core_2015-12-31.xsd#c-ross_InterestRateRiskInterestRateDerivativesInterestRateSwapsModifiedDuration" xlink:label="InterestRateRiskInterestRateDerivativesInterestRateSwapsModifiedDuration" xlink:title="InterestRateRiskInterestRateDerivativesInterestRateSwapsModifiedDuration"/>
    <link:definitionArc xlink:type="arc" xlink:arcrole="http://xbrl.org/int/dim/arcrole/domain-member" xlink:from="InterestRateRiskInterestRateDerivativesInterestRateSwapsLineItems" xlink:to="InterestRateRiskInterestRateDerivativesInterestRateSwapsModifiedDuration" xlink:title="definition: InterestRateRiskInterestRateDerivativesInterestRateSwapsLineItems to InterestRateRiskInterestRateDerivativesInterestRateSwapsModifiedDuration" use="optional" order="30.0"/>
    <link:loc xlink:type="locator" xlink:href="../../c-ross_core_2015-12-31.xsd#c-ross_InterestRateRiskInterestRateDerivativesInterestRateSwapsNominalPrincipal" xlink:label="InterestRateRiskInterestRateDerivativesInterestRateSwapsNominalPrincipal" xlink:title="InterestRateRiskInterestRateDerivativesInterestRateSwapsNominalPrincipal"/>
    <link:definitionArc xlink:type="arc" xlink:arcrole="http://xbrl.org/int/dim/arcrole/domain-member" xlink:from="InterestRateRiskInterestRateDerivativesInterestRateSwapsLineItems" xlink:to="InterestRateRiskInterestRateDerivativesInterestRateSwapsNominalPrincipal" xlink:title="definition: InterestRateRiskInterestRateDerivativesInterestRateSwapsLineItems to InterestRateRiskInterestRateDerivativesInterestRateSwapsNominalPrincipal" use="optional" order="40.0"/>
    <link:loc xlink:type="locator" xlink:href="../../c-ross_core_2015-12-31.xsd#c-ross_InterestRateRiskInterestRateDerivativesInterestRateSwapsRiskExposure" xlink:label="InterestRateRiskInterestRateDerivativesInterestRateSwapsRiskExposure" xlink:title="InterestRateRiskInterestRateDerivativesInterestRateSwapsRiskExposure"/>
    <link:definitionArc xlink:type="arc" xlink:arcrole="http://xbrl.org/int/dim/arcrole/domain-member" xlink:from="InterestRateRiskInterestRateDerivativesInterestRateSwapsLineItems" xlink:to="InterestRateRiskInterestRateDerivativesInterestRateSwapsRiskExposure" xlink:title="definition: InterestRateRiskInterestRateDerivativesInterestRateSwapsLineItems to InterestRateRiskInterestRateDerivativesInterestRateSwapsRiskExposure" use="optional" order="50.0"/>
    <link:loc xlink:type="locator" xlink:href="../../c-ross_core_2015-12-31.xsd#c-ross_InterestRateRiskInterestRateDerivativesInterestRateSwapsBaseRiskFactor" xlink:label="InterestRateRiskInterestRateDerivativesInterestRateSwapsBaseRiskFactor" xlink:title="InterestRateRiskInterestRateDerivativesInterestRateSwapsBaseRiskFactor"/>
    <link:definitionArc xlink:type="arc" xlink:arcrole="http://xbrl.org/int/dim/arcrole/domain-member" xlink:from="InterestRateRiskInterestRateDerivativesInterestRateSwapsLineItems" xlink:to="InterestRateRiskInterestRateDerivativesInterestRateSwapsBaseRiskFactor" xlink:title="definition: InterestRateRiskInterestRateDerivativesInterestRateSwapsLineItems to InterestRateRiskInterestRateDerivativesInterestRateSwapsBaseRiskFactor" use="optional" order="60.0"/>
    <link:loc xlink:type="locator" xlink:href="../../c-ross_core_2015-12-31.xsd#c-ross_InterestRateRiskInterestRateDerivativesInterestRateSwapsMinimumCapital" xlink:label="InterestRateRiskInterestRateDerivativesInterestRateSwapsMinimumCapital" xlink:title="InterestRateRiskInterestRateDerivativesInterestRateSwapsMinimumCapital"/>
    <link:definitionArc xlink:type="arc" xlink:arcrole="http://xbrl.org/int/dim/arcrole/domain-member" xlink:from="InterestRateRiskInterestRateDerivativesInterestRateSwapsLineItems" xlink:to="InterestRateRiskInterestRateDerivativesInterestRateSwapsMinimumCapital" xlink:title="definition: InterestRateRiskInterestRateDerivativesInterestRateSwapsLineItems to InterestRateRiskInterestRateDerivativesInterestRateSwapsMinimumCapital" use="optional" order="70.0"/>
    <link:loc xlink:type="locator" xlink:href="../../c-ross_core_2015-12-31.xsd#c-ross_InterestRateRiskInterestRateDerivativesInterestRateSwapsHeldByCompanyDirectlyAbstract" xlink:label="InterestRateRiskInterestRateDerivativesInterestRateSwapsHeldByCompanyDirectlyAbstract" xlink:title="InterestRateRiskInterestRateDerivativesInterestRateSwapsHeldByCompanyDirectlyAbstract"/>
    <link:definitionArc xlink:type="arc" xlink:arcrole="http://xbrl.org/int/dim/arcrole/all" xlink:from="InterestRateRiskInterestRateDerivativesInterestRateSwapsHeldByCompanyDirectlyAbstract" xlink:to="InterestRateRiskInterestRateDerivativesInterestRateSwapsTable" xlink:title="definition: InterestRateRiskInterestRateDerivativesInterestRateSwapsHeldByCompanyDirectlyAbstract to InterestRateRiskInterestRateDerivativesInterestRateSwapsTable" use="optional" order="10.0" xbrldt:closed="true" xbrldt:contextElement="scenario"/>
    <link:definitionArc xlink:type="arc" xlink:arcrole="http://xbrl.org/int/dim/arcrole/domain-member" xlink:from="InterestRateRiskInterestRateDerivativesInterestRateSwapsHeldByCompanyDirectlyAbstract" xlink:to="InterestRateRiskInterestRateDerivativesInterestRateSwapsLineItems" xlink:title="definition: InterestRateRiskInterestRateDerivativesInterestRateSwapsHeldByCompanyDirectlyAbstract to InterestRateRiskInterestRateDerivativesInterestRateSwapsLineItems" use="optional" order="20.0"/>
  </link:definitionLink>
  <link:definitionLink xlink:type="extended" xlink:role="http://xbrl.circ.gov.cn/role/c-ross_2015-12-31_role-3160500b">
    <link:loc xlink:type="locator" xlink:href="../../c-ross_core_2015-12-31.xsd#c-ross_InterestRateRiskInterestRateDerivativesInterestRateSwapsTypesOfAssetsHeldAxis" xlink:label="InterestRateRiskInterestRateDerivativesInterestRateSwapsTypesOfAssetsHeldAxis" xlink:title="InterestRateRiskInterestRateDerivativesInterestRateSwapsTypesOfAssetsHeldAxis"/>
    <link:loc xlink:type="locator" xlink:href="../../c-ross_core_2015-12-31.xsd#c-ross_TypesOfAssetsHeldMember" xlink:label="TypesOfAssetsHeldMember" xlink:title="TypesOfAssetsHeldMember"/>
    <link:definitionArc xlink:type="arc" xlink:arcrole="http://xbrl.org/int/dim/arcrole/dimension-domain" xlink:from="InterestRateRiskInterestRateDerivativesInterestRateSwapsTypesOfAssetsHeldAxis" xlink:to="TypesOfAssetsHeldMember" xlink:title="definition: InterestRateRiskInterestRateDerivativesInterestRateSwapsTypesOfAssetsHeldAxis to TypesOfAssetsHeldMember" use="optional" order="10.0"/>
    <link:loc xlink:type="locator" xlink:href="../../c-ross_core_2015-12-31.xsd#c-ross_HeldByLookThroughMethodMember" xlink:label="HeldByLookThroughMethodMember" xlink:title="HeldByLookThroughMethodMember"/>
    <link:definitionArc xlink:type="arc" xlink:arcrole="http://xbrl.org/int/dim/arcrole/domain-member" xlink:from="TypesOfAssetsHeldMember" xlink:to="HeldByLookThroughMethodMember" xlink:title="definition: TypesOfAssetsHeldMember to HeldByLookThroughMethodMember" use="optional" order="10.0"/>
    <link:loc xlink:type="locator" xlink:href="../../c-ross_core_2015-12-31.xsd#c-ross_InterestRateRiskInterestRateDerivativesInterestRateSwapsTable" xlink:label="InterestRateRiskInterestRateDerivativesInterestRateSwapsTable" xlink:title="InterestRateRiskInterestRateDerivativesInterestRateSwapsTable"/>
    <link:definitionArc xlink:type="arc" xlink:arcrole="http://xbrl.org/int/dim/arcrole/hypercube-dimension" xlink:from="InterestRateRiskInterestRateDerivativesInterestRateSwapsTable" xlink:to="InterestRateRiskInterestRateDerivativesInterestRateSwapsTypesOfAssetsHeldAxis" xlink:title="definition: InterestRateRiskInterestRateDerivativesInterestRateSwapsTable to InterestRateRiskInterestRateDerivativesInterestRateSwapsTypesOfAssetsHeldAxis" use="optional" order="10.0"/>
    <link:loc xlink:type="locator" xlink:href="../../c-ross_core_2015-12-31.xsd#c-ross_InterestRateRiskInterestRateDerivativesInterestRateSwapsHeldByLookThroughMethodLineNumberAxis" xlink:label="InterestRateRiskInterestRateDerivativesInterestRateSwapsHeldByLookThroughMethodLineNumberAxis" xlink:title="InterestRateRiskInterestRateDerivativesInterestRateSwapsHeldByLookThroughMethodLineNumberAxis"/>
    <link:definitionArc xlink:type="arc" xlink:arcrole="http://xbrl.org/int/dim/arcrole/hypercube-dimension" xlink:from="InterestRateRiskInterestRateDerivativesInterestRateSwapsTable" xlink:to="InterestRateRiskInterestRateDerivativesInterestRateSwapsHeldByLookThroughMethodLineNumberAxis" xlink:title="definition: InterestRateRiskInterestRateDerivativesInterestRateSwapsTable to InterestRateRiskInterestRateDerivativesInterestRateSwapsHeldByLookThroughMethodLineNumberAxis" use="optional" order="20.0"/>
    <link:loc xlink:type="locator" xlink:href="../../c-ross_core_2015-12-31.xsd#c-ross_InterestRateRiskInterestRateDerivativesInterestRateSwapsLineItems" xlink:label="InterestRateRiskInterestRateDerivativesInterestRateSwapsLineItems" xlink:title="InterestRateRiskInterestRateDerivativesInterestRateSwapsLineItems"/>
    <link:loc xlink:type="locator" xlink:href="../../c-ross_core_2015-12-31.xsd#c-ross_InterestRateRiskInterestRateDerivativesInterestRateSwapsContractName" xlink:label="InterestRateRiskInterestRateDerivativesInterestRateSwapsContractName" xlink:title="InterestRateRiskInterestRateDerivativesInterestRateSwapsContractName"/>
    <link:definitionArc xlink:type="arc" xlink:arcrole="http://xbrl.org/int/dim/arcrole/domain-member" xlink:from="InterestRateRiskInterestRateDerivativesInterestRateSwapsLineItems" xlink:to="InterestRateRiskInterestRateDerivativesInterestRateSwapsContractName" xlink:title="definition: InterestRateRiskInterestRateDerivativesInterestRateSwapsLineItems to InterestRateRiskInterestRateDerivativesInterestRateSwapsContractName" use="optional" order="10.0"/>
    <link:loc xlink:type="locator" xlink:href="../../c-ross_core_2015-12-31.xsd#c-ross_InterestRateRiskInterestRateDerivativesInterestRateSwapsTypesOfContract" xlink:label="InterestRateRiskInterestRateDerivativesInterestRateSwapsTypesOfContract" xlink:title="InterestRateRiskInterestRateDerivativesInterestRateSwapsTypesOfContract"/>
    <link:definitionArc xlink:type="arc" xlink:arcrole="http://xbrl.org/int/dim/arcrole/domain-member" xlink:from="InterestRateRiskInterestRateDerivativesInterestRateSwapsLineItems" xlink:to="InterestRateRiskInterestRateDerivativesInterestRateSwapsTypesOfContract" xlink:title="definition: InterestRateRiskInterestRateDerivativesInterestRateSwapsLineItems to InterestRateRiskInterestRateDerivativesInterestRateSwapsTypesOfContract" use="optional" order="20.0"/>
    <link:loc xlink:type="locator" xlink:href="../../c-ross_core_2015-12-31.xsd#c-ross_InterestRateRiskInterestRateDerivativesInterestRateSwapsModifiedDuration" xlink:label="InterestRateRiskInterestRateDerivativesInterestRateSwapsModifiedDuration" xlink:title="InterestRateRiskInterestRateDerivativesInterestRateSwapsModifiedDuration"/>
    <link:definitionArc xlink:type="arc" xlink:arcrole="http://xbrl.org/int/dim/arcrole/domain-member" xlink:from="InterestRateRiskInterestRateDerivativesInterestRateSwapsLineItems" xlink:to="InterestRateRiskInterestRateDerivativesInterestRateSwapsModifiedDuration" xlink:title="definition: InterestRateRiskInterestRateDerivativesInterestRateSwapsLineItems to InterestRateRiskInterestRateDerivativesInterestRateSwapsModifiedDuration" use="optional" order="30.0"/>
    <link:loc xlink:type="locator" xlink:href="../../c-ross_core_2015-12-31.xsd#c-ross_InterestRateRiskInterestRateDerivativesInterestRateSwapsNominalPrincipal" xlink:label="InterestRateRiskInterestRateDerivativesInterestRateSwapsNominalPrincipal" xlink:title="InterestRateRiskInterestRateDerivativesInterestRateSwapsNominalPrincipal"/>
    <link:definitionArc xlink:type="arc" xlink:arcrole="http://xbrl.org/int/dim/arcrole/domain-member" xlink:from="InterestRateRiskInterestRateDerivativesInterestRateSwapsLineItems" xlink:to="InterestRateRiskInterestRateDerivativesInterestRateSwapsNominalPrincipal" xlink:title="definition: InterestRateRiskInterestRateDerivativesInterestRateSwapsLineItems to InterestRateRiskInterestRateDerivativesInterestRateSwapsNominalPrincipal" use="optional" order="40.0"/>
    <link:loc xlink:type="locator" xlink:href="../../c-ross_core_2015-12-31.xsd#c-ross_InterestRateRiskInterestRateDerivativesInterestRateSwapsRiskExposure" xlink:label="InterestRateRiskInterestRateDerivativesInterestRateSwapsRiskExposure" xlink:title="InterestRateRiskInterestRateDerivativesInterestRateSwapsRiskExposure"/>
    <link:definitionArc xlink:type="arc" xlink:arcrole="http://xbrl.org/int/dim/arcrole/domain-member" xlink:from="InterestRateRiskInterestRateDerivativesInterestRateSwapsLineItems" xlink:to="InterestRateRiskInterestRateDerivativesInterestRateSwapsRiskExposure" xlink:title="definition: InterestRateRiskInterestRateDerivativesInterestRateSwapsLineItems to InterestRateRiskInterestRateDerivativesInterestRateSwapsRiskExposure" use="optional" order="50.0"/>
    <link:loc xlink:type="locator" xlink:href="../../c-ross_core_2015-12-31.xsd#c-ross_InterestRateRiskInterestRateDerivativesInterestRateSwapsBaseRiskFactor" xlink:label="InterestRateRiskInterestRateDerivativesInterestRateSwapsBaseRiskFactor" xlink:title="InterestRateRiskInterestRateDerivativesInterestRateSwapsBaseRiskFactor"/>
    <link:definitionArc xlink:type="arc" xlink:arcrole="http://xbrl.org/int/dim/arcrole/domain-member" xlink:from="InterestRateRiskInterestRateDerivativesInterestRateSwapsLineItems" xlink:to="InterestRateRiskInterestRateDerivativesInterestRateSwapsBaseRiskFactor" xlink:title="definition: InterestRateRiskInterestRateDerivativesInterestRateSwapsLineItems to InterestRateRiskInterestRateDerivativesInterestRateSwapsBaseRiskFactor" use="optional" order="60.0"/>
    <link:loc xlink:type="locator" xlink:href="../../c-ross_core_2015-12-31.xsd#c-ross_InterestRateRiskInterestRateDerivativesInterestRateSwapsMinimumCapital" xlink:label="InterestRateRiskInterestRateDerivativesInterestRateSwapsMinimumCapital" xlink:title="InterestRateRiskInterestRateDerivativesInterestRateSwapsMinimumCapital"/>
    <link:definitionArc xlink:type="arc" xlink:arcrole="http://xbrl.org/int/dim/arcrole/domain-member" xlink:from="InterestRateRiskInterestRateDerivativesInterestRateSwapsLineItems" xlink:to="InterestRateRiskInterestRateDerivativesInterestRateSwapsMinimumCapital" xlink:title="definition: InterestRateRiskInterestRateDerivativesInterestRateSwapsLineItems to InterestRateRiskInterestRateDerivativesInterestRateSwapsMinimumCapital" use="optional" order="70.0"/>
    <link:loc xlink:type="locator" xlink:href="../../c-ross_core_2015-12-31.xsd#c-ross_InterestRateRiskInterestRateDerivativesInterestRateSwapsHeldByLookThroughMethodAbstract" xlink:label="InterestRateRiskInterestRateDerivativesInterestRateSwapsHeldByLookThroughMethodAbstract" xlink:title="InterestRateRiskInterestRateDerivativesInterestRateSwapsHeldByLookThroughMethodAbstract"/>
    <link:definitionArc xlink:type="arc" xlink:arcrole="http://xbrl.org/int/dim/arcrole/all" xlink:from="InterestRateRiskInterestRateDerivativesInterestRateSwapsHeldByLookThroughMethodAbstract" xlink:to="InterestRateRiskInterestRateDerivativesInterestRateSwapsTable" xlink:title="definition: InterestRateRiskInterestRateDerivativesInterestRateSwapsHeldByLookThroughMethodAbstract to InterestRateRiskInterestRateDerivativesInterestRateSwapsTable" use="optional" order="10.0" xbrldt:closed="true" xbrldt:contextElement="scenario"/>
    <link:definitionArc xlink:type="arc" xlink:arcrole="http://xbrl.org/int/dim/arcrole/domain-member" xlink:from="InterestRateRiskInterestRateDerivativesInterestRateSwapsHeldByLookThroughMethodAbstract" xlink:to="InterestRateRiskInterestRateDerivativesInterestRateSwapsLineItems" xlink:title="definition: InterestRateRiskInterestRateDerivativesInterestRateSwapsHeldByLookThroughMethodAbstract to InterestRateRiskInterestRateDerivativesInterestRateSwapsLineItems" use="optional" order="20.0"/>
  </link:definitionLink>
</link:linkbase>
