<?xml version="1.0" encoding="UTF-8"?>

<!--
	Taxonomy: 2015-12-31 (Final)
	**********************
	Copyright © 2015 China Insurance Regulatory Commission.
	All rights reserved.  No part of this publication may be translated, reprinted or reproduced
	or utilised in any form either in whole or in part without prior permission in writing from China Insurance Regulatory Commission.
	  **********************
	-->
<link:linkbase xmlns:xsi="http://www.w3.org/2001/XMLSchema-instance" xsi:schemaLocation="http://www.xbrl.org/2003/linkbase http://www.xbrl.org/2003/xbrl-linkbase-2003-12-31.xsd" xmlns:c-ross="http://xbrl.circ.gov.cn/taxonomy/2015-12-31/c-ross" xmlns:link="http://www.xbrl.org/2003/linkbase" xmlns:q_s_pc_entry_point="http://xbrl.circ.gov.cn/taxonomy/2015-12-31/c-ross/q_s_pc_entry_point" xmlns:xlink="http://www.w3.org/1999/xlink" xmlns:xbrli="http://www.xbrl.org/2003/instance" xmlns:xbrldt="http://xbrl.org/2005/xbrldt">
  <link:roleRef roleURI="http://xbrl.circ.gov.cn/role/c-ross_2015-12-31_role-3161700" xlink:type="simple" xlink:href="rol_c-ross_7_2015-12-31.xsd#c-ross_2015-12-31-3161700"/>
  <link:roleRef roleURI="http://xbrl.circ.gov.cn/role/c-ross_2015-12-31_role-3161700a" xlink:type="simple" xlink:href="rol_c-ross_7_2015-12-31.xsd#c-ross_2015-12-31-3161700a"/>
  <link:roleRef roleURI="http://xbrl.circ.gov.cn/role/c-ross_2015-12-31_role-3161700b" xlink:type="simple" xlink:href="rol_c-ross_7_2015-12-31.xsd#c-ross_2015-12-31-3161700b"/>
  <link:roleRef roleURI="http://xbrl.circ.gov.cn/role/c-ross_2015-12-31_role-3161700c" xlink:type="simple" xlink:href="rol_c-ross_7_2015-12-31.xsd#c-ross_2015-12-31-3161700c"/>
  <link:roleRef roleURI="http://xbrl.circ.gov.cn/role/c-ross_2015-12-31_role-3161700d" xlink:type="simple" xlink:href="rol_c-ross_7_2015-12-31.xsd#c-ross_2015-12-31-3161700d"/>
  <link:arcroleRef arcroleURI="http://xbrl.org/int/dim/arcrole/all" xlink:type="simple" xlink:href="http://www.xbrl.org/2005/xbrldt-2005.xsd#all"/>
  <link:arcroleRef arcroleURI="http://xbrl.org/int/dim/arcrole/dimension-default" xlink:type="simple" xlink:href="http://www.xbrl.org/2005/xbrldt-2005.xsd#dimension-default"/>
  <link:arcroleRef arcroleURI="http://xbrl.org/int/dim/arcrole/dimension-domain" xlink:type="simple" xlink:href="http://www.xbrl.org/2005/xbrldt-2005.xsd#dimension-domain"/>
  <link:arcroleRef arcroleURI="http://xbrl.org/int/dim/arcrole/domain-member" xlink:type="simple" xlink:href="http://www.xbrl.org/2005/xbrldt-2005.xsd#domain-member"/>
  <link:arcroleRef arcroleURI="http://xbrl.org/int/dim/arcrole/hypercube-dimension" xlink:type="simple" xlink:href="http://www.xbrl.org/2005/xbrldt-2005.xsd#hypercube-dimension"/>
  <link:arcroleRef arcroleURI="http://xbrl.org/int/dim/arcrole/notAll" xlink:type="simple" xlink:href="http://www.xbrl.org/2005/xbrldt-2005.xsd#notAll"/>
  <link:definitionLink xlink:type="extended" xlink:role="http://xbrl.circ.gov.cn/role/c-ross_2015-12-31_role-3161700c">
    <link:loc xlink:type="locator" xlink:href="../../c-ross_core_2015-12-31.xsd#c-ross_ProductsWhetherOrNotToBeLookedThroughMember" xlink:label="ProductsWhetherOrNotToBeLookedThroughMember" xlink:title="ProductsWhetherOrNotToBeLookedThroughMember"/>
    <link:loc xlink:type="locator" xlink:href="../../c-ross_core_2015-12-31.xsd#c-ross_UnableToBeLookedThroughMember" xlink:label="UnableToBeLookedThroughMember" xlink:title="UnableToBeLookedThroughMember"/>
    <link:definitionArc xlink:type="arc" xlink:arcrole="http://xbrl.org/int/dim/arcrole/domain-member" xlink:from="ProductsWhetherOrNotToBeLookedThroughMember" xlink:to="UnableToBeLookedThroughMember" xlink:title="definition: ProductsWhetherOrNotToBeLookedThroughMember to UnableToBeLookedThroughMember" use="optional" order="10.0"/>
    <link:loc xlink:type="locator" xlink:href="../../c-ross_core_2015-12-31.xsd#c-ross_AbleToBeLookedThroughMember" xlink:label="AbleToBeLookedThroughMember" xlink:title="AbleToBeLookedThroughMember"/>
    <link:definitionArc xlink:type="arc" xlink:arcrole="http://xbrl.org/int/dim/arcrole/domain-member" xlink:from="ProductsWhetherOrNotToBeLookedThroughMember" xlink:to="AbleToBeLookedThroughMember" xlink:title="definition: ProductsWhetherOrNotToBeLookedThroughMember to AbleToBeLookedThroughMember" use="optional" order="20.0"/>
    <link:loc xlink:type="locator" xlink:href="../../c-ross_core_2015-12-31.xsd#c-ross_ExcludedTable" xlink:label="Excluded" xlink:title="Excluded"/>
    <link:loc xlink:type="locator" xlink:href="../../c-ross_core_2015-12-31.xsd#c-ross_EquityPriceRiskUnlistedEquityInvestmentPlansProductsWhetherOrNotToBeLookedThroughAxis" xlink:label="EquityPriceRiskUnlistedEquityInvestmentPlansProductsWhetherOrNotToBeLookedThroughAxis" xlink:title="EquityPriceRiskUnlistedEquityInvestmentPlansProductsWhetherOrNotToBeLookedThroughAxis"/>
    <link:definitionArc xlink:type="arc" xlink:arcrole="http://xbrl.org/int/dim/arcrole/hypercube-dimension" xlink:from="Excluded" xlink:to="EquityPriceRiskUnlistedEquityInvestmentPlansProductsWhetherOrNotToBeLookedThroughAxis" xlink:title="definition: Excluded to EquityPriceRiskUnlistedEquityInvestmentPlansProductsWhetherOrNotToBeLookedThroughAxis" use="optional" order="10.0"/>
    <link:definitionArc xlink:type="arc" xlink:arcrole="http://xbrl.org/int/dim/arcrole/dimension-domain" xlink:from="EquityPriceRiskUnlistedEquityInvestmentPlansProductsWhetherOrNotToBeLookedThroughAxis" xlink:to="ProductsWhetherOrNotToBeLookedThroughMember" xlink:title="definition: EquityPriceRiskUnlistedEquityInvestmentPlansProductsWhetherOrNotToBeLookedThroughAxis to ProductsWhetherOrNotToBeLookedThroughMember" use="optional" order="10.0"/>
  </link:definitionLink>
  <link:definitionLink xlink:type="extended" xlink:role="http://xbrl.circ.gov.cn/role/c-ross_2015-12-31_role-3161700d">
    <link:loc xlink:type="locator" xlink:href="../../c-ross_core_2015-12-31.xsd#c-ross_ProductsWhetherOrNotToBeLookedThroughMember" xlink:label="ProductsWhetherOrNotToBeLookedThroughMember" xlink:title="ProductsWhetherOrNotToBeLookedThroughMember"/>
    <link:loc xlink:type="locator" xlink:href="../../c-ross_core_2015-12-31.xsd#c-ross_AbleToBeLookedThroughMember" xlink:label="AbleToBeLookedThroughMember" xlink:title="AbleToBeLookedThroughMember"/>
    <link:definitionArc xlink:type="arc" xlink:arcrole="http://xbrl.org/int/dim/arcrole/domain-member" xlink:from="ProductsWhetherOrNotToBeLookedThroughMember" xlink:to="AbleToBeLookedThroughMember" xlink:title="definition: ProductsWhetherOrNotToBeLookedThroughMember to AbleToBeLookedThroughMember" use="optional" order="10.0"/>
    <link:loc xlink:type="locator" xlink:href="../../c-ross_core_2015-12-31.xsd#c-ross_ExcludedTable" xlink:label="Excluded" xlink:title="Excluded"/>
    <link:loc xlink:type="locator" xlink:href="../../c-ross_core_2015-12-31.xsd#c-ross_EquityPriceRiskUnlistedEquityInvestmentPlansProductsWhetherOrNotToBeLookedThroughAxis" xlink:label="EquityPriceRiskUnlistedEquityInvestmentPlansProductsWhetherOrNotToBeLookedThroughAxis" xlink:title="EquityPriceRiskUnlistedEquityInvestmentPlansProductsWhetherOrNotToBeLookedThroughAxis"/>
    <link:definitionArc xlink:type="arc" xlink:arcrole="http://xbrl.org/int/dim/arcrole/hypercube-dimension" xlink:from="Excluded" xlink:to="EquityPriceRiskUnlistedEquityInvestmentPlansProductsWhetherOrNotToBeLookedThroughAxis" xlink:title="definition: Excluded to EquityPriceRiskUnlistedEquityInvestmentPlansProductsWhetherOrNotToBeLookedThroughAxis" use="optional" order="10.0"/>
    <link:definitionArc xlink:type="arc" xlink:arcrole="http://xbrl.org/int/dim/arcrole/dimension-domain" xlink:from="EquityPriceRiskUnlistedEquityInvestmentPlansProductsWhetherOrNotToBeLookedThroughAxis" xlink:to="ProductsWhetherOrNotToBeLookedThroughMember" xlink:title="definition: EquityPriceRiskUnlistedEquityInvestmentPlansProductsWhetherOrNotToBeLookedThroughAxis to ProductsWhetherOrNotToBeLookedThroughMember" use="optional" order="10.0"/>
  </link:definitionLink>
  <link:definitionLink xlink:type="extended" xlink:role="http://xbrl.circ.gov.cn/role/c-ross_2015-12-31_role-3161700">
    <link:loc xlink:type="locator" xlink:href="../../c-ross_core_2015-12-31.xsd#c-ross_ProductsWhetherOrNotToBeLookedThroughMember" xlink:label="ProductsWhetherOrNotToBeLookedThroughMember" xlink:title="ProductsWhetherOrNotToBeLookedThroughMember"/>
    <link:loc xlink:type="locator" xlink:href="../../c-ross_core_2015-12-31.xsd#c-ross_UnableToBeLookedThroughMember" xlink:label="UnableToBeLookedThroughMember" xlink:title="UnableToBeLookedThroughMember"/>
    <link:definitionArc xlink:type="arc" xlink:arcrole="http://xbrl.org/int/dim/arcrole/domain-member" xlink:from="ProductsWhetherOrNotToBeLookedThroughMember" xlink:to="UnableToBeLookedThroughMember" xlink:title="definition: ProductsWhetherOrNotToBeLookedThroughMember to UnableToBeLookedThroughMember" use="optional" order="10.0"/>
    <link:loc xlink:type="locator" xlink:href="../../c-ross_core_2015-12-31.xsd#c-ross_AbleToBeLookedThroughMember" xlink:label="AbleToBeLookedThroughMember" xlink:title="AbleToBeLookedThroughMember"/>
    <link:definitionArc xlink:type="arc" xlink:arcrole="http://xbrl.org/int/dim/arcrole/domain-member" xlink:from="ProductsWhetherOrNotToBeLookedThroughMember" xlink:to="AbleToBeLookedThroughMember" xlink:title="definition: ProductsWhetherOrNotToBeLookedThroughMember to AbleToBeLookedThroughMember" use="optional" order="20.0"/>
    <link:loc xlink:type="locator" xlink:href="../../c-ross_core_2015-12-31.xsd#c-ross_EquityPriceRiskUnlistedEquityInvestmentPlansProductsWhetherOrNotToBeLookedThroughAxis" xlink:label="EquityPriceRiskUnlistedEquityInvestmentPlansProductsWhetherOrNotToBeLookedThroughAxis" xlink:title="EquityPriceRiskUnlistedEquityInvestmentPlansProductsWhetherOrNotToBeLookedThroughAxis"/>
    <link:definitionArc xlink:type="arc" xlink:arcrole="http://xbrl.org/int/dim/arcrole/dimension-domain" xlink:from="EquityPriceRiskUnlistedEquityInvestmentPlansProductsWhetherOrNotToBeLookedThroughAxis" xlink:to="ProductsWhetherOrNotToBeLookedThroughMember" xlink:title="definition: EquityPriceRiskUnlistedEquityInvestmentPlansProductsWhetherOrNotToBeLookedThroughAxis to ProductsWhetherOrNotToBeLookedThroughMember" use="optional" order="10.0"/>
    <link:loc xlink:type="locator" xlink:href="../../c-ross_core_2015-12-31.xsd#c-ross_ProductsWhetherOrNotToBeLookedThroughMember" xlink:label="ProductsWhetherOrNotToBeLookedThroughMember_2" xlink:title="ProductsWhetherOrNotToBeLookedThroughMember"/>
    <link:definitionArc xlink:type="arc" xlink:arcrole="http://xbrl.org/int/dim/arcrole/dimension-default" xlink:from="EquityPriceRiskUnlistedEquityInvestmentPlansProductsWhetherOrNotToBeLookedThroughAxis" xlink:to="ProductsWhetherOrNotToBeLookedThroughMember_2" xlink:title="definition: EquityPriceRiskUnlistedEquityInvestmentPlansProductsWhetherOrNotToBeLookedThroughAxis to ProductsWhetherOrNotToBeLookedThroughMember" use="optional" order="20.0"/>
    <link:loc xlink:type="locator" xlink:href="../../c-ross_core_2015-12-31.xsd#c-ross_EquityPriceRiskUnlistedEquityInvestmentPlansAbstract" xlink:label="EquityPriceRiskUnlistedEquityInvestmentPlansAbstract" xlink:title="EquityPriceRiskUnlistedEquityInvestmentPlansAbstract"/>
    <link:loc xlink:type="locator" xlink:href="../../c-ross_core_2015-12-31.xsd#c-ross_EquityPriceRiskUnlistedEquityInvestmentPlansTable" xlink:label="EquityPriceRiskUnlistedEquityInvestmentPlansTable" xlink:title="EquityPriceRiskUnlistedEquityInvestmentPlansTable"/>
    <link:definitionArc xlink:type="arc" xlink:arcrole="http://xbrl.org/int/dim/arcrole/all" xlink:from="EquityPriceRiskUnlistedEquityInvestmentPlansAbstract" xlink:to="EquityPriceRiskUnlistedEquityInvestmentPlansTable" xlink:title="definition: EquityPriceRiskUnlistedEquityInvestmentPlansAbstract to EquityPriceRiskUnlistedEquityInvestmentPlansTable" use="optional" order="10.0" xbrldt:closed="true" xbrldt:contextElement="scenario"/>
    <link:definitionArc xlink:type="arc" xlink:arcrole="http://xbrl.org/int/dim/arcrole/hypercube-dimension" xlink:from="EquityPriceRiskUnlistedEquityInvestmentPlansTable" xlink:to="EquityPriceRiskUnlistedEquityInvestmentPlansProductsWhetherOrNotToBeLookedThroughAxis" xlink:title="definition: EquityPriceRiskUnlistedEquityInvestmentPlansTable to EquityPriceRiskUnlistedEquityInvestmentPlansProductsWhetherOrNotToBeLookedThroughAxis" use="optional" order="10.0"/>
    <link:loc xlink:type="locator" xlink:href="../../c-ross_core_2015-12-31.xsd#c-ross_EquityPriceRiskUnlistedEquityInvestmentPlansLineItems" xlink:label="EquityPriceRiskUnlistedEquityInvestmentPlansLineItems" xlink:title="EquityPriceRiskUnlistedEquityInvestmentPlansLineItems"/>
    <link:definitionArc xlink:type="arc" xlink:arcrole="http://xbrl.org/int/dim/arcrole/domain-member" xlink:from="EquityPriceRiskUnlistedEquityInvestmentPlansAbstract" xlink:to="EquityPriceRiskUnlistedEquityInvestmentPlansLineItems" xlink:title="definition: EquityPriceRiskUnlistedEquityInvestmentPlansAbstract to EquityPriceRiskUnlistedEquityInvestmentPlansLineItems" use="optional" order="20.0"/>
    <link:loc xlink:type="locator" xlink:href="../../c-ross_core_2015-12-31.xsd#c-ross_EquityPriceRiskUnlistedEquityInvestmentPlansProductName" xlink:label="EquityPriceRiskUnlistedEquityInvestmentPlansProductName" xlink:title="EquityPriceRiskUnlistedEquityInvestmentPlansProductName"/>
    <link:definitionArc xlink:type="arc" xlink:arcrole="http://xbrl.org/int/dim/arcrole/domain-member" xlink:from="EquityPriceRiskUnlistedEquityInvestmentPlansLineItems" xlink:to="EquityPriceRiskUnlistedEquityInvestmentPlansProductName" xlink:title="definition: EquityPriceRiskUnlistedEquityInvestmentPlansLineItems to EquityPriceRiskUnlistedEquityInvestmentPlansProductName" use="optional" order="10.0"/>
    <link:loc xlink:type="locator" xlink:href="../../c-ross_core_2015-12-31.xsd#c-ross_ExcludedTable" xlink:label="Excluded" xlink:title="Excluded"/>
    <link:definitionArc xlink:type="arc" xlink:arcrole="http://xbrl.org/int/dim/arcrole/notAll" xlink:from="EquityPriceRiskUnlistedEquityInvestmentPlansProductName" xlink:to="Excluded" xlink:title="definition: EquityPriceRiskUnlistedEquityInvestmentPlansProductName to Excluded" use="optional" order="10.0" xbrldt:contextElement="scenario" xbrldt:targetRole="http://xbrl.circ.gov.cn/role/c-ross_2015-12-31_role-3161700c"/>
    <link:loc xlink:type="locator" xlink:href="../../c-ross_core_2015-12-31.xsd#c-ross_EquityPriceRiskUnlistedEquityInvestmentPlansProductCode" xlink:label="EquityPriceRiskUnlistedEquityInvestmentPlansAssetCode" xlink:title="EquityPriceRiskUnlistedEquityInvestmentPlansAssetCode"/>
    <link:definitionArc xlink:type="arc" xlink:arcrole="http://xbrl.org/int/dim/arcrole/domain-member" xlink:from="EquityPriceRiskUnlistedEquityInvestmentPlansLineItems" xlink:to="EquityPriceRiskUnlistedEquityInvestmentPlansAssetCode" xlink:title="definition: EquityPriceRiskUnlistedEquityInvestmentPlansLineItems to EquityPriceRiskUnlistedEquityInvestmentPlansAssetCode" use="optional" order="20.0"/>
    <link:definitionArc xlink:type="arc" xlink:arcrole="http://xbrl.org/int/dim/arcrole/notAll" xlink:from="EquityPriceRiskUnlistedEquityInvestmentPlansAssetCode" xlink:to="Excluded" xlink:title="definition: EquityPriceRiskUnlistedEquityInvestmentPlansAssetCode to Excluded" order="10.0" xbrldt:contextElement="scenario" xbrldt:targetRole="http://xbrl.circ.gov.cn/role/c-ross_2015-12-31_role-3161700c"/>
    <link:loc xlink:type="locator" xlink:href="../../c-ross_core_2015-12-31.xsd#c-ross_EquityPriceRiskUnlistedEquityInvestmentPlansPurchaseCost" xlink:label="EquityPriceRiskUnlistedEquityInvestmentPlansPurchaseCost" xlink:title="EquityPriceRiskUnlistedEquityInvestmentPlansPurchaseCost"/>
    <link:definitionArc xlink:type="arc" xlink:arcrole="http://xbrl.org/int/dim/arcrole/domain-member" xlink:from="EquityPriceRiskUnlistedEquityInvestmentPlansLineItems" xlink:to="EquityPriceRiskUnlistedEquityInvestmentPlansPurchaseCost" xlink:title="definition: EquityPriceRiskUnlistedEquityInvestmentPlansLineItems to EquityPriceRiskUnlistedEquityInvestmentPlansPurchaseCost" use="optional" order="30.0"/>
    <link:loc xlink:type="locator" xlink:href="../../c-ross_core_2015-12-31.xsd#c-ross_EquityPriceRiskUnlistedEquityInvestmentPlansAdmittedValue" xlink:label="EquityPriceRiskUnlistedEquityInvestmentPlansAdmittedValue" xlink:title="EquityPriceRiskUnlistedEquityInvestmentPlansAdmittedValue"/>
    <link:definitionArc xlink:type="arc" xlink:arcrole="http://xbrl.org/int/dim/arcrole/domain-member" xlink:from="EquityPriceRiskUnlistedEquityInvestmentPlansLineItems" xlink:to="EquityPriceRiskUnlistedEquityInvestmentPlansAdmittedValue" xlink:title="definition: EquityPriceRiskUnlistedEquityInvestmentPlansLineItems to EquityPriceRiskUnlistedEquityInvestmentPlansAdmittedValue" use="optional" order="40.0"/>
    <link:loc xlink:type="locator" xlink:href="../../c-ross_core_2015-12-31.xsd#c-ross_EquityPriceRiskUnlistedEquityInvestmentPlansRiskExposure" xlink:label="EquityPriceRiskUnlistedEquityInvestmentPlansRiskExposure" xlink:title="EquityPriceRiskUnlistedEquityInvestmentPlansRiskExposure"/>
    <link:definitionArc xlink:type="arc" xlink:arcrole="http://xbrl.org/int/dim/arcrole/domain-member" xlink:from="EquityPriceRiskUnlistedEquityInvestmentPlansLineItems" xlink:to="EquityPriceRiskUnlistedEquityInvestmentPlansRiskExposure" xlink:title="definition: EquityPriceRiskUnlistedEquityInvestmentPlansLineItems to EquityPriceRiskUnlistedEquityInvestmentPlansRiskExposure" use="optional" order="50.0"/>
    <link:definitionArc xlink:type="arc" xlink:arcrole="http://xbrl.org/int/dim/arcrole/notAll" xlink:from="EquityPriceRiskUnlistedEquityInvestmentPlansRiskExposure" xlink:to="Excluded" xlink:title="definition: EquityPriceRiskUnlistedEquityInvestmentPlansRiskExposure to Excluded" use="optional" order="10.0" xbrldt:contextElement="scenario" xbrldt:targetRole="http://xbrl.circ.gov.cn/role/c-ross_2015-12-31_role-3161700d"/>
    <link:loc xlink:type="locator" xlink:href="../../c-ross_core_2015-12-31.xsd#c-ross_EquityPriceRiskUnlistedEquityInvestmentPlansBaseRiskFactor" xlink:label="EquityPriceRiskUnlistedEquityInvestmentPlansBaseRiskFactor" xlink:title="EquityPriceRiskUnlistedEquityInvestmentPlansBaseRiskFactor"/>
    <link:definitionArc xlink:type="arc" xlink:arcrole="http://xbrl.org/int/dim/arcrole/domain-member" xlink:from="EquityPriceRiskUnlistedEquityInvestmentPlansLineItems" xlink:to="EquityPriceRiskUnlistedEquityInvestmentPlansBaseRiskFactor" xlink:title="definition: EquityPriceRiskUnlistedEquityInvestmentPlansLineItems to EquityPriceRiskUnlistedEquityInvestmentPlansBaseRiskFactor" use="optional" order="60.0"/>
    <link:definitionArc xlink:type="arc" xlink:arcrole="http://xbrl.org/int/dim/arcrole/notAll" xlink:from="EquityPriceRiskUnlistedEquityInvestmentPlansBaseRiskFactor" xlink:to="Excluded" xlink:title="definition: EquityPriceRiskUnlistedEquityInvestmentPlansBaseRiskFactor to Excluded" use="optional" order="10.0" xbrldt:contextElement="scenario" xbrldt:targetRole="http://xbrl.circ.gov.cn/role/c-ross_2015-12-31_role-3161700c"/>
    <link:loc xlink:type="locator" xlink:href="../../c-ross_core_2015-12-31.xsd#c-ross_EquityPriceRiskUnlistedEquityInvestmentPlansMinimumCapital" xlink:label="EquityPriceRiskUnlistedEquityInvestmentPlansMinimumCapital" xlink:title="EquityPriceRiskUnlistedEquityInvestmentPlansMinimumCapital"/>
    <link:definitionArc xlink:type="arc" xlink:arcrole="http://xbrl.org/int/dim/arcrole/domain-member" xlink:from="EquityPriceRiskUnlistedEquityInvestmentPlansLineItems" xlink:to="EquityPriceRiskUnlistedEquityInvestmentPlansMinimumCapital" xlink:title="definition: EquityPriceRiskUnlistedEquityInvestmentPlansLineItems to EquityPriceRiskUnlistedEquityInvestmentPlansMinimumCapital" use="optional" order="70.0"/>
    <link:definitionArc xlink:type="arc" xlink:arcrole="http://xbrl.org/int/dim/arcrole/notAll" xlink:from="EquityPriceRiskUnlistedEquityInvestmentPlansMinimumCapital" xlink:to="Excluded" xlink:title="definition: EquityPriceRiskUnlistedEquityInvestmentPlansMinimumCapital to Excluded" use="optional" order="10.0" xbrldt:contextElement="scenario" xbrldt:targetRole="http://xbrl.circ.gov.cn/role/c-ross_2015-12-31_role-3161700d"/>
  </link:definitionLink>
  <link:definitionLink xlink:type="extended" xlink:role="http://xbrl.circ.gov.cn/role/c-ross_2015-12-31_role-3161700a">
    <link:loc xlink:type="locator" xlink:href="../../c-ross_core_2015-12-31.xsd#c-ross_ProductsWhetherOrNotToBeLookedThroughMember" xlink:label="ProductsWhetherOrNotToBeLookedThroughMember" xlink:title="ProductsWhetherOrNotToBeLookedThroughMember"/>
    <link:loc xlink:type="locator" xlink:href="../../c-ross_core_2015-12-31.xsd#c-ross_UnableToBeLookedThroughMember" xlink:label="UnableToBeLookedThroughMember" xlink:title="UnableToBeLookedThroughMember"/>
    <link:definitionArc xlink:type="arc" xlink:arcrole="http://xbrl.org/int/dim/arcrole/domain-member" xlink:from="ProductsWhetherOrNotToBeLookedThroughMember" xlink:to="UnableToBeLookedThroughMember" xlink:title="definition: ProductsWhetherOrNotToBeLookedThroughMember to UnableToBeLookedThroughMember" use="optional" order="10.0"/>
    <link:loc xlink:type="locator" xlink:href="../../c-ross_core_2015-12-31.xsd#c-ross_EquityPriceRiskUnlistedEquityInvestmentPlansProductsWhetherOrNotToBeLookedThroughAxis" xlink:label="EquityPriceRiskUnlistedEquityInvestmentPlansProductsWhetherOrNotToBeLookedThroughAxis" xlink:title="EquityPriceRiskUnlistedEquityInvestmentPlansProductsWhetherOrNotToBeLookedThroughAxis"/>
    <link:definitionArc xlink:type="arc" xlink:arcrole="http://xbrl.org/int/dim/arcrole/dimension-domain" xlink:from="EquityPriceRiskUnlistedEquityInvestmentPlansProductsWhetherOrNotToBeLookedThroughAxis" xlink:to="ProductsWhetherOrNotToBeLookedThroughMember" xlink:title="definition: EquityPriceRiskUnlistedEquityInvestmentPlansProductsWhetherOrNotToBeLookedThroughAxis to ProductsWhetherOrNotToBeLookedThroughMember" use="optional" order="10.0"/>
    <link:loc xlink:type="locator" xlink:href="../../c-ross_core_2015-12-31.xsd#c-ross_EquityPriceRiskUnlistedEquityInvestmentPlansTable" xlink:label="EquityPriceRiskUnlistedEquityInvestmentPlansTable" xlink:title="EquityPriceRiskUnlistedEquityInvestmentPlansTable"/>
    <link:definitionArc xlink:type="arc" xlink:arcrole="http://xbrl.org/int/dim/arcrole/hypercube-dimension" xlink:from="EquityPriceRiskUnlistedEquityInvestmentPlansTable" xlink:to="EquityPriceRiskUnlistedEquityInvestmentPlansProductsWhetherOrNotToBeLookedThroughAxis" xlink:title="definition: EquityPriceRiskUnlistedEquityInvestmentPlansTable to EquityPriceRiskUnlistedEquityInvestmentPlansProductsWhetherOrNotToBeLookedThroughAxis" use="optional" order="10.0"/>
    <link:loc xlink:type="locator" xlink:href="../../c-ross_core_2015-12-31.xsd#c-ross_EquityPriceRiskUnlistedEquityInvestmentPlansCannotBeLookedThroughLineNumberAxis" xlink:label="EquityPriceRiskUnlistedEquityInvestmentPlansCannotBeLookedThroughLineNumberAxis" xlink:title="EquityPriceRiskUnlistedEquityInvestmentPlansCannotBeLookedThroughLineNumberAxis"/>
    <link:definitionArc xlink:type="arc" xlink:arcrole="http://xbrl.org/int/dim/arcrole/hypercube-dimension" xlink:from="EquityPriceRiskUnlistedEquityInvestmentPlansTable" xlink:to="EquityPriceRiskUnlistedEquityInvestmentPlansCannotBeLookedThroughLineNumberAxis" xlink:title="definition: EquityPriceRiskUnlistedEquityInvestmentPlansTable to EquityPriceRiskUnlistedEquityInvestmentPlansCannotBeLookedThroughLineNumberAxis" use="optional" order="20.0"/>
    <link:loc xlink:type="locator" xlink:href="../../c-ross_core_2015-12-31.xsd#c-ross_EquityPriceRiskUnlistedEquityInvestmentPlansLineItems" xlink:label="EquityPriceRiskUnlistedEquityInvestmentPlansLineItems" xlink:title="EquityPriceRiskUnlistedEquityInvestmentPlansLineItems"/>
    <link:loc xlink:type="locator" xlink:href="../../c-ross_core_2015-12-31.xsd#c-ross_EquityPriceRiskUnlistedEquityInvestmentPlansProductName" xlink:label="EquityPriceRiskUnlistedEquityInvestmentPlansProductName" xlink:title="EquityPriceRiskUnlistedEquityInvestmentPlansProductName"/>
    <link:definitionArc xlink:type="arc" xlink:arcrole="http://xbrl.org/int/dim/arcrole/domain-member" xlink:from="EquityPriceRiskUnlistedEquityInvestmentPlansLineItems" xlink:to="EquityPriceRiskUnlistedEquityInvestmentPlansProductName" xlink:title="definition: EquityPriceRiskUnlistedEquityInvestmentPlansLineItems to EquityPriceRiskUnlistedEquityInvestmentPlansProductName" use="optional" order="10.0"/>
    <link:loc xlink:type="locator" xlink:href="../../c-ross_core_2015-12-31.xsd#c-ross_EquityPriceRiskUnlistedEquityInvestmentPlansProductCode" xlink:label="EquityPriceRiskUnlistedEquityInvestmentPlansAssetCode" xlink:title="EquityPriceRiskUnlistedEquityInvestmentPlansAssetCode"/>
    <link:definitionArc xlink:type="arc" xlink:arcrole="http://xbrl.org/int/dim/arcrole/domain-member" xlink:from="EquityPriceRiskUnlistedEquityInvestmentPlansLineItems" xlink:to="EquityPriceRiskUnlistedEquityInvestmentPlansAssetCode" xlink:title="definition: EquityPriceRiskUnlistedEquityInvestmentPlansLineItems to EquityPriceRiskUnlistedEquityInvestmentPlansAssetCode" use="optional" order="20.0"/>
    <link:loc xlink:type="locator" xlink:href="../../c-ross_core_2015-12-31.xsd#c-ross_EquityPriceRiskUnlistedEquityInvestmentPlansPurchaseCost" xlink:label="EquityPriceRiskUnlistedEquityInvestmentPlansPurchaseCost" xlink:title="EquityPriceRiskUnlistedEquityInvestmentPlansPurchaseCost"/>
    <link:definitionArc xlink:type="arc" xlink:arcrole="http://xbrl.org/int/dim/arcrole/domain-member" xlink:from="EquityPriceRiskUnlistedEquityInvestmentPlansLineItems" xlink:to="EquityPriceRiskUnlistedEquityInvestmentPlansPurchaseCost" xlink:title="definition: EquityPriceRiskUnlistedEquityInvestmentPlansLineItems to EquityPriceRiskUnlistedEquityInvestmentPlansPurchaseCost" use="optional" order="30.0"/>
    <link:loc xlink:type="locator" xlink:href="../../c-ross_core_2015-12-31.xsd#c-ross_EquityPriceRiskUnlistedEquityInvestmentPlansAdmittedValue" xlink:label="EquityPriceRiskUnlistedEquityInvestmentPlansAdmittedValue" xlink:title="EquityPriceRiskUnlistedEquityInvestmentPlansAdmittedValue"/>
    <link:definitionArc xlink:type="arc" xlink:arcrole="http://xbrl.org/int/dim/arcrole/domain-member" xlink:from="EquityPriceRiskUnlistedEquityInvestmentPlansLineItems" xlink:to="EquityPriceRiskUnlistedEquityInvestmentPlansAdmittedValue" xlink:title="definition: EquityPriceRiskUnlistedEquityInvestmentPlansLineItems to EquityPriceRiskUnlistedEquityInvestmentPlansAdmittedValue" use="optional" order="40.0"/>
    <link:loc xlink:type="locator" xlink:href="../../c-ross_core_2015-12-31.xsd#c-ross_EquityPriceRiskUnlistedEquityInvestmentPlansRiskExposure" xlink:label="EquityPriceRiskUnlistedEquityInvestmentPlansRiskExposure" xlink:title="EquityPriceRiskUnlistedEquityInvestmentPlansRiskExposure"/>
    <link:definitionArc xlink:type="arc" xlink:arcrole="http://xbrl.org/int/dim/arcrole/domain-member" xlink:from="EquityPriceRiskUnlistedEquityInvestmentPlansLineItems" xlink:to="EquityPriceRiskUnlistedEquityInvestmentPlansRiskExposure" xlink:title="definition: EquityPriceRiskUnlistedEquityInvestmentPlansLineItems to EquityPriceRiskUnlistedEquityInvestmentPlansRiskExposure" use="optional" order="50.0"/>
    <link:loc xlink:type="locator" xlink:href="../../c-ross_core_2015-12-31.xsd#c-ross_EquityPriceRiskUnlistedEquityInvestmentPlansBaseRiskFactor" xlink:label="EquityPriceRiskUnlistedEquityInvestmentPlansBaseRiskFactor" xlink:title="EquityPriceRiskUnlistedEquityInvestmentPlansBaseRiskFactor"/>
    <link:definitionArc xlink:type="arc" xlink:arcrole="http://xbrl.org/int/dim/arcrole/domain-member" xlink:from="EquityPriceRiskUnlistedEquityInvestmentPlansLineItems" xlink:to="EquityPriceRiskUnlistedEquityInvestmentPlansBaseRiskFactor" xlink:title="definition: EquityPriceRiskUnlistedEquityInvestmentPlansLineItems to EquityPriceRiskUnlistedEquityInvestmentPlansBaseRiskFactor" use="optional" order="60.0"/>
    <link:loc xlink:type="locator" xlink:href="../../c-ross_core_2015-12-31.xsd#c-ross_EquityPriceRiskUnlistedEquityInvestmentPlansMinimumCapital" xlink:label="EquityPriceRiskUnlistedEquityInvestmentPlansMinimumCapital" xlink:title="EquityPriceRiskUnlistedEquityInvestmentPlansMinimumCapital"/>
    <link:definitionArc xlink:type="arc" xlink:arcrole="http://xbrl.org/int/dim/arcrole/domain-member" xlink:from="EquityPriceRiskUnlistedEquityInvestmentPlansLineItems" xlink:to="EquityPriceRiskUnlistedEquityInvestmentPlansMinimumCapital" xlink:title="definition: EquityPriceRiskUnlistedEquityInvestmentPlansLineItems to EquityPriceRiskUnlistedEquityInvestmentPlansMinimumCapital" use="optional" order="70.0"/>
    <link:loc xlink:type="locator" xlink:href="../../c-ross_core_2015-12-31.xsd#c-ross_EquityPriceRiskUnlistedEquityInvestmentPlansCannotBeLookedThroughAbstract" xlink:label="EquityPriceRiskUnlistedEquityInvestmentPlansCannotBeLookedThroughAbstract" xlink:title="EquityPriceRiskUnlistedEquityInvestmentPlansCannotBeLookedThroughAbstract"/>
    <link:definitionArc xlink:type="arc" xlink:arcrole="http://xbrl.org/int/dim/arcrole/all" xlink:from="EquityPriceRiskUnlistedEquityInvestmentPlansCannotBeLookedThroughAbstract" xlink:to="EquityPriceRiskUnlistedEquityInvestmentPlansTable" xlink:title="definition: EquityPriceRiskUnlistedEquityInvestmentPlansCannotBeLookedThroughAbstract to EquityPriceRiskUnlistedEquityInvestmentPlansTable" use="optional" order="10.0" xbrldt:closed="true" xbrldt:contextElement="scenario"/>
    <link:definitionArc xlink:type="arc" xlink:arcrole="http://xbrl.org/int/dim/arcrole/domain-member" xlink:from="EquityPriceRiskUnlistedEquityInvestmentPlansCannotBeLookedThroughAbstract" xlink:to="EquityPriceRiskUnlistedEquityInvestmentPlansLineItems" xlink:title="definition: EquityPriceRiskUnlistedEquityInvestmentPlansCannotBeLookedThroughAbstract to EquityPriceRiskUnlistedEquityInvestmentPlansLineItems" use="optional" order="20.0"/>
  </link:definitionLink>
  <link:definitionLink xlink:type="extended" xlink:role="http://xbrl.circ.gov.cn/role/c-ross_2015-12-31_role-3161700b">
    <link:loc xlink:type="locator" xlink:href="../../c-ross_core_2015-12-31.xsd#c-ross_ProductsWhetherOrNotToBeLookedThroughMember" xlink:label="ProductsWhetherOrNotToBeLookedThroughMember" xlink:title="ProductsWhetherOrNotToBeLookedThroughMember"/>
    <link:loc xlink:type="locator" xlink:href="../../c-ross_core_2015-12-31.xsd#c-ross_AbleToBeLookedThroughMember" xlink:label="AbleToBeLookedThroughMember" xlink:title="AbleToBeLookedThroughMember"/>
    <link:definitionArc xlink:type="arc" xlink:arcrole="http://xbrl.org/int/dim/arcrole/domain-member" xlink:from="ProductsWhetherOrNotToBeLookedThroughMember" xlink:to="AbleToBeLookedThroughMember" xlink:title="definition: ProductsWhetherOrNotToBeLookedThroughMember to AbleToBeLookedThroughMember" use="optional" order="10.0"/>
    <link:loc xlink:type="locator" xlink:href="../../c-ross_core_2015-12-31.xsd#c-ross_EquityPriceRiskUnlistedEquityInvestmentPlansProductsWhetherOrNotToBeLookedThroughAxis" xlink:label="EquityPriceRiskUnlistedEquityInvestmentPlansProductsWhetherOrNotToBeLookedThroughAxis" xlink:title="EquityPriceRiskUnlistedEquityInvestmentPlansProductsWhetherOrNotToBeLookedThroughAxis"/>
    <link:definitionArc xlink:type="arc" xlink:arcrole="http://xbrl.org/int/dim/arcrole/dimension-domain" xlink:from="EquityPriceRiskUnlistedEquityInvestmentPlansProductsWhetherOrNotToBeLookedThroughAxis" xlink:to="ProductsWhetherOrNotToBeLookedThroughMember" xlink:title="definition: EquityPriceRiskUnlistedEquityInvestmentPlansProductsWhetherOrNotToBeLookedThroughAxis to ProductsWhetherOrNotToBeLookedThroughMember" use="optional" order="10.0"/>
    <link:loc xlink:type="locator" xlink:href="../../c-ross_core_2015-12-31.xsd#c-ross_EquityPriceRiskUnlistedEquityInvestmentPlansTable" xlink:label="EquityPriceRiskUnlistedEquityInvestmentPlansTable" xlink:title="EquityPriceRiskUnlistedEquityInvestmentPlansTable"/>
    <link:definitionArc xlink:type="arc" xlink:arcrole="http://xbrl.org/int/dim/arcrole/hypercube-dimension" xlink:from="EquityPriceRiskUnlistedEquityInvestmentPlansTable" xlink:to="EquityPriceRiskUnlistedEquityInvestmentPlansProductsWhetherOrNotToBeLookedThroughAxis" xlink:title="definition: EquityPriceRiskUnlistedEquityInvestmentPlansTable to EquityPriceRiskUnlistedEquityInvestmentPlansProductsWhetherOrNotToBeLookedThroughAxis" use="optional" order="10.0"/>
    <link:loc xlink:type="locator" xlink:href="../../c-ross_core_2015-12-31.xsd#c-ross_EquityPriceRiskUnlistedEquityInvestmentPlansCanBeLookedThroughLineNumberAxis" xlink:label="EquityPriceRiskUnlistedEquityInvestmentPlansCanBeLookedThroughLineNumberAxis" xlink:title="EquityPriceRiskUnlistedEquityInvestmentPlansCanBeLookedThroughLineNumberAxis"/>
    <link:definitionArc xlink:type="arc" xlink:arcrole="http://xbrl.org/int/dim/arcrole/hypercube-dimension" xlink:from="EquityPriceRiskUnlistedEquityInvestmentPlansTable" xlink:to="EquityPriceRiskUnlistedEquityInvestmentPlansCanBeLookedThroughLineNumberAxis" xlink:title="definition: EquityPriceRiskUnlistedEquityInvestmentPlansTable to EquityPriceRiskUnlistedEquityInvestmentPlansCanBeLookedThroughLineNumberAxis" use="optional" order="20.0"/>
    <link:loc xlink:type="locator" xlink:href="../../c-ross_core_2015-12-31.xsd#c-ross_EquityPriceRiskUnlistedEquityInvestmentPlansLineItems" xlink:label="EquityPriceRiskUnlistedEquityInvestmentPlansLineItems" xlink:title="EquityPriceRiskUnlistedEquityInvestmentPlansLineItems"/>
    <link:loc xlink:type="locator" xlink:href="../../c-ross_core_2015-12-31.xsd#c-ross_EquityPriceRiskUnlistedEquityInvestmentPlansProductName" xlink:label="EquityPriceRiskUnlistedEquityInvestmentPlansProductName" xlink:title="EquityPriceRiskUnlistedEquityInvestmentPlansProductName"/>
    <link:definitionArc xlink:type="arc" xlink:arcrole="http://xbrl.org/int/dim/arcrole/domain-member" xlink:from="EquityPriceRiskUnlistedEquityInvestmentPlansLineItems" xlink:to="EquityPriceRiskUnlistedEquityInvestmentPlansProductName" xlink:title="definition: EquityPriceRiskUnlistedEquityInvestmentPlansLineItems to EquityPriceRiskUnlistedEquityInvestmentPlansProductName" use="optional" order="10.0"/>
    <link:loc xlink:type="locator" xlink:href="../../c-ross_core_2015-12-31.xsd#c-ross_EquityPriceRiskUnlistedEquityInvestmentPlansProductCode" xlink:label="EquityPriceRiskUnlistedEquityInvestmentPlansAssetCode" xlink:title="EquityPriceRiskUnlistedEquityInvestmentPlansAssetCode"/>
    <link:definitionArc xlink:type="arc" xlink:arcrole="http://xbrl.org/int/dim/arcrole/domain-member" xlink:from="EquityPriceRiskUnlistedEquityInvestmentPlansLineItems" xlink:to="EquityPriceRiskUnlistedEquityInvestmentPlansAssetCode" xlink:title="definition: EquityPriceRiskUnlistedEquityInvestmentPlansLineItems to EquityPriceRiskUnlistedEquityInvestmentPlansAssetCode" use="optional" order="20.0"/>
    <link:loc xlink:type="locator" xlink:href="../../c-ross_core_2015-12-31.xsd#c-ross_EquityPriceRiskUnlistedEquityInvestmentPlansPurchaseCost" xlink:label="EquityPriceRiskUnlistedEquityInvestmentPlansPurchaseCost" xlink:title="EquityPriceRiskUnlistedEquityInvestmentPlansPurchaseCost"/>
    <link:definitionArc xlink:type="arc" xlink:arcrole="http://xbrl.org/int/dim/arcrole/domain-member" xlink:from="EquityPriceRiskUnlistedEquityInvestmentPlansLineItems" xlink:to="EquityPriceRiskUnlistedEquityInvestmentPlansPurchaseCost" xlink:title="definition: EquityPriceRiskUnlistedEquityInvestmentPlansLineItems to EquityPriceRiskUnlistedEquityInvestmentPlansPurchaseCost" use="optional" order="30.0"/>
    <link:loc xlink:type="locator" xlink:href="../../c-ross_core_2015-12-31.xsd#c-ross_EquityPriceRiskUnlistedEquityInvestmentPlansAdmittedValue" xlink:label="EquityPriceRiskUnlistedEquityInvestmentPlansAdmittedValue" xlink:title="EquityPriceRiskUnlistedEquityInvestmentPlansAdmittedValue"/>
    <link:definitionArc xlink:type="arc" xlink:arcrole="http://xbrl.org/int/dim/arcrole/domain-member" xlink:from="EquityPriceRiskUnlistedEquityInvestmentPlansLineItems" xlink:to="EquityPriceRiskUnlistedEquityInvestmentPlansAdmittedValue" xlink:title="definition: EquityPriceRiskUnlistedEquityInvestmentPlansLineItems to EquityPriceRiskUnlistedEquityInvestmentPlansAdmittedValue" use="optional" order="40.0"/>
    <link:loc xlink:type="locator" xlink:href="../../c-ross_core_2015-12-31.xsd#c-ross_EquityPriceRiskUnlistedEquityInvestmentPlansRiskExposure" xlink:label="EquityPriceRiskUnlistedEquityInvestmentPlansRiskExposure" xlink:title="EquityPriceRiskUnlistedEquityInvestmentPlansRiskExposure"/>
    <link:definitionArc xlink:type="arc" xlink:arcrole="http://xbrl.org/int/dim/arcrole/domain-member" xlink:from="EquityPriceRiskUnlistedEquityInvestmentPlansLineItems" xlink:to="EquityPriceRiskUnlistedEquityInvestmentPlansRiskExposure" xlink:title="definition: EquityPriceRiskUnlistedEquityInvestmentPlansLineItems to EquityPriceRiskUnlistedEquityInvestmentPlansRiskExposure" use="optional" order="50.0"/>
    <link:loc xlink:type="locator" xlink:href="../../c-ross_core_2015-12-31.xsd#c-ross_ExcludedTable" xlink:label="Excluded" xlink:title="Excluded"/>
    <link:definitionArc xlink:type="arc" xlink:arcrole="http://xbrl.org/int/dim/arcrole/notAll" xlink:from="EquityPriceRiskUnlistedEquityInvestmentPlansRiskExposure" xlink:to="Excluded" xlink:title="definition: EquityPriceRiskUnlistedEquityInvestmentPlansRiskExposure to Excluded" use="optional" order="10.0" xbrldt:contextElement="scenario" xbrldt:targetRole="http://xbrl.circ.gov.cn/role/c-ross_2015-12-31_role-3161700d"/>
    <link:loc xlink:type="locator" xlink:href="../../c-ross_core_2015-12-31.xsd#c-ross_EquityPriceRiskUnlistedEquityInvestmentPlansBaseRiskFactor" xlink:label="EquityPriceRiskUnlistedEquityInvestmentPlansBaseRiskFactor" xlink:title="EquityPriceRiskUnlistedEquityInvestmentPlansBaseRiskFactor"/>
    <link:definitionArc xlink:type="arc" xlink:arcrole="http://xbrl.org/int/dim/arcrole/domain-member" xlink:from="EquityPriceRiskUnlistedEquityInvestmentPlansLineItems" xlink:to="EquityPriceRiskUnlistedEquityInvestmentPlansBaseRiskFactor" xlink:title="definition: EquityPriceRiskUnlistedEquityInvestmentPlansLineItems to EquityPriceRiskUnlistedEquityInvestmentPlansBaseRiskFactor" use="optional" order="60.0"/>
    <link:definitionArc xlink:type="arc" xlink:arcrole="http://xbrl.org/int/dim/arcrole/notAll" xlink:from="EquityPriceRiskUnlistedEquityInvestmentPlansBaseRiskFactor" xlink:to="Excluded" xlink:title="definition: EquityPriceRiskUnlistedEquityInvestmentPlansBaseRiskFactor to Excluded" use="optional" order="10.0" xbrldt:contextElement="scenario" xbrldt:targetRole="http://xbrl.circ.gov.cn/role/c-ross_2015-12-31_role-3161700d"/>
    <link:loc xlink:type="locator" xlink:href="../../c-ross_core_2015-12-31.xsd#c-ross_EquityPriceRiskUnlistedEquityInvestmentPlansMinimumCapital" xlink:label="EquityPriceRiskUnlistedEquityInvestmentPlansMinimumCapital" xlink:title="EquityPriceRiskUnlistedEquityInvestmentPlansMinimumCapital"/>
    <link:definitionArc xlink:type="arc" xlink:arcrole="http://xbrl.org/int/dim/arcrole/domain-member" xlink:from="EquityPriceRiskUnlistedEquityInvestmentPlansLineItems" xlink:to="EquityPriceRiskUnlistedEquityInvestmentPlansMinimumCapital" xlink:title="definition: EquityPriceRiskUnlistedEquityInvestmentPlansLineItems to EquityPriceRiskUnlistedEquityInvestmentPlansMinimumCapital" use="optional" order="70.0"/>
    <link:definitionArc xlink:type="arc" xlink:arcrole="http://xbrl.org/int/dim/arcrole/notAll" xlink:from="EquityPriceRiskUnlistedEquityInvestmentPlansMinimumCapital" xlink:to="Excluded" xlink:title="definition: EquityPriceRiskUnlistedEquityInvestmentPlansMinimumCapital to Excluded" use="optional" order="10.0" xbrldt:contextElement="scenario" xbrldt:targetRole="http://xbrl.circ.gov.cn/role/c-ross_2015-12-31_role-3161700d"/>
    <link:loc xlink:type="locator" xlink:href="../../c-ross_core_2015-12-31.xsd#c-ross_EquityPriceRiskUnlistedEquityInvestmentPlansCanBeLookedThroughAbstract" xlink:label="EquityPriceRiskUnlistedEquityInvestmentPlansCanBeLookedThroughAbstract" xlink:title="EquityPriceRiskUnlistedEquityInvestmentPlansCanBeLookedThroughAbstract"/>
    <link:definitionArc xlink:type="arc" xlink:arcrole="http://xbrl.org/int/dim/arcrole/all" xlink:from="EquityPriceRiskUnlistedEquityInvestmentPlansCanBeLookedThroughAbstract" xlink:to="EquityPriceRiskUnlistedEquityInvestmentPlansTable" xlink:title="definition: EquityPriceRiskUnlistedEquityInvestmentPlansCanBeLookedThroughAbstract to EquityPriceRiskUnlistedEquityInvestmentPlansTable" use="optional" order="10.0" xbrldt:closed="true" xbrldt:contextElement="scenario"/>
    <link:definitionArc xlink:type="arc" xlink:arcrole="http://xbrl.org/int/dim/arcrole/domain-member" xlink:from="EquityPriceRiskUnlistedEquityInvestmentPlansCanBeLookedThroughAbstract" xlink:to="EquityPriceRiskUnlistedEquityInvestmentPlansLineItems" xlink:title="definition: EquityPriceRiskUnlistedEquityInvestmentPlansCanBeLookedThroughAbstract to EquityPriceRiskUnlistedEquityInvestmentPlansLineItems" use="optional" order="20.0"/>
  </link:definitionLink>
</link:linkbase>
