<?xml version="1.0" encoding="UTF-8"?>

<!--
	Taxonomy: 2015-12-31 (Final)
	**********************
	Copyright © 2015 China Insurance Regulatory Commission.
	All rights reserved.  No part of this publication may be translated, reprinted or reproduced
	or utilised in any form either in whole or in part without prior permission in writing from China Insurance Regulatory Commission.
	  **********************
	-->
<link:linkbase xmlns:xsi="http://www.w3.org/2001/XMLSchema-instance" xsi:schemaLocation="http://www.xbrl.org/2003/linkbase http://www.xbrl.org/2003/xbrl-linkbase-2003-12-31.xsd" xmlns:c-ross="http://xbrl.circ.gov.cn/taxonomy/2015-12-31/c-ross" xmlns:link="http://www.xbrl.org/2003/linkbase" xmlns:q_s_pc_entry_point="http://xbrl.circ.gov.cn/taxonomy/2015-12-31/c-ross/q_s_pc_entry_point" xmlns:xlink="http://www.w3.org/1999/xlink" xmlns:xbrli="http://www.xbrl.org/2003/instance" xmlns:xbrldt="http://xbrl.org/2005/xbrldt">
  <link:roleRef roleURI="http://xbrl.circ.gov.cn/role/c-ross_2015-12-31_role-3160600a" xlink:type="simple" xlink:href="rol_c-ross_7_2015-12-31.xsd#c-ross_2015-12-31-3160600a"/>
  <link:roleRef roleURI="http://xbrl.circ.gov.cn/role/c-ross_2015-12-31_role-3160600b" xlink:type="simple" xlink:href="rol_c-ross_7_2015-12-31.xsd#c-ross_2015-12-31-3160600b"/>
  <link:arcroleRef arcroleURI="http://xbrl.org/int/dim/arcrole/all" xlink:type="simple" xlink:href="http://www.xbrl.org/2005/xbrldt-2005.xsd#all"/>
  <link:arcroleRef arcroleURI="http://xbrl.org/int/dim/arcrole/domain-member" xlink:type="simple" xlink:href="http://www.xbrl.org/2005/xbrldt-2005.xsd#domain-member"/>
  <link:arcroleRef arcroleURI="http://xbrl.org/int/dim/arcrole/hypercube-dimension" xlink:type="simple" xlink:href="http://www.xbrl.org/2005/xbrldt-2005.xsd#hypercube-dimension"/>
  <link:arcroleRef arcroleURI="http://xbrl.org/int/dim/arcrole/notAll" xlink:type="simple" xlink:href="http://www.xbrl.org/2005/xbrldt-2005.xsd#notAll"/>
  <link:definitionLink xlink:type="extended" xlink:role="http://xbrl.circ.gov.cn/role/c-ross_2015-12-31_role-3160600a">
    <link:loc xlink:type="locator" xlink:href="../../c-ross_core_2015-12-31.xsd#c-ross_ExcludedTable" xlink:label="Excluded" xlink:title="Excluded"/>
    <link:loc xlink:type="locator" xlink:href="../../c-ross_core_2015-12-31.xsd#c-ross_InterestRateRiskInterestRateDerivativesGovernmentBondFuturesQualifiedHedgingHedgingPortfolioLineNumberAxis" xlink:label="InterestRateRiskInterestRateDerivativesGovernmentBondFuturesQualifiedHedgingHedgingPortfolioLineNumberAxis" xlink:title="InterestRateRiskInterestRateDerivativesGovernmentBondFuturesQualifiedHedgingHedgingPortfolioLineNumberAxis"/>
    <link:definitionArc xlink:type="arc" xlink:arcrole="http://xbrl.org/int/dim/arcrole/hypercube-dimension" xlink:from="Excluded" xlink:to="InterestRateRiskInterestRateDerivativesGovernmentBondFuturesQualifiedHedgingHedgingPortfolioLineNumberAxis" xlink:title="definition: Excluded to InterestRateRiskInterestRateDerivativesGovernmentBondFuturesQualifiedHedgingHedgingPortfolioLineNumberAxis" use="optional" order="10.0"/>
    <link:loc xlink:type="locator" xlink:href="../../c-ross_core_2015-12-31.xsd#c-ross_InterestRateRiskInterestRateDerivativesGovernmentBondFuturesQualifiedHedgingHedgingPortfolioAbstract" xlink:label="InterestRateRiskInterestRateDerivativesGovernmentBondFuturesQualifiedHedgingHedgingPortfolioAbstract" xlink:title="InterestRateRiskInterestRateDerivativesGovernmentBondFuturesQualifiedHedgingHedgingPortfolioAbstract"/>
    <link:loc xlink:type="locator" xlink:href="../../c-ross_core_2015-12-31.xsd#c-ross_InterestRateRiskInterestRateDerivativesGovernmentBondFuturesQualifiedHedgingTable" xlink:label="InterestRateRiskInterestRateDerivativesGovernmentBondFuturesQualifiedHedgingTable" xlink:title="InterestRateRiskInterestRateDerivativesGovernmentBondFuturesQualifiedHedgingTable"/>
    <link:definitionArc xlink:type="arc" xlink:arcrole="http://xbrl.org/int/dim/arcrole/all" xlink:from="InterestRateRiskInterestRateDerivativesGovernmentBondFuturesQualifiedHedgingHedgingPortfolioAbstract" xlink:to="InterestRateRiskInterestRateDerivativesGovernmentBondFuturesQualifiedHedgingTable" xlink:title="definition: InterestRateRiskInterestRateDerivativesGovernmentBondFuturesQualifiedHedgingHedgingPortfolioAbstract to InterestRateRiskInterestRateDerivativesGovernmentBondFuturesQualifiedHedgingTable" use="optional" order="10.0" xbrldt:closed="true" xbrldt:contextElement="scenario"/>
    <link:definitionArc xlink:type="arc" xlink:arcrole="http://xbrl.org/int/dim/arcrole/hypercube-dimension" xlink:from="InterestRateRiskInterestRateDerivativesGovernmentBondFuturesQualifiedHedgingTable" xlink:to="InterestRateRiskInterestRateDerivativesGovernmentBondFuturesQualifiedHedgingHedgingPortfolioLineNumberAxis" xlink:title="definition: InterestRateRiskInterestRateDerivativesGovernmentBondFuturesQualifiedHedgingTable to InterestRateRiskInterestRateDerivativesGovernmentBondFuturesQualifiedHedgingHedgingPortfolioLineNumberAxis" use="optional" order="10.0"/>
    <link:loc xlink:type="locator" xlink:href="../../c-ross_core_2015-12-31.xsd#c-ross_InterestRateRiskInterestRateDerivativesGovernmentBondFuturesQualifiedHedgingLineItems" xlink:label="InterestRateRiskInterestRateDerivativesGovernmentBondFuturesQualifiedHedgingLineItems" xlink:title="InterestRateRiskInterestRateDerivativesGovernmentBondFuturesQualifiedHedgingLineItems"/>
    <link:definitionArc xlink:type="arc" xlink:arcrole="http://xbrl.org/int/dim/arcrole/domain-member" xlink:from="InterestRateRiskInterestRateDerivativesGovernmentBondFuturesQualifiedHedgingHedgingPortfolioAbstract" xlink:to="InterestRateRiskInterestRateDerivativesGovernmentBondFuturesQualifiedHedgingLineItems" xlink:title="definition: InterestRateRiskInterestRateDerivativesGovernmentBondFuturesQualifiedHedgingHedgingPortfolioAbstract to InterestRateRiskInterestRateDerivativesGovernmentBondFuturesQualifiedHedgingLineItems" use="optional" order="20.0"/>
    <link:loc xlink:type="locator" xlink:href="../../c-ross_core_2015-12-31.xsd#c-ross_InterestRateRiskInterestRateDerivativesGovernmentBondFuturesQualifiedHedgingHedgingPortfolioName" xlink:label="InterestRateRiskInterestRateDerivativesGovernmentBondFuturesQualifiedHedgingHedgingPortfolioName" xlink:title="InterestRateRiskInterestRateDerivativesGovernmentBondFuturesQualifiedHedgingHedgingPortfolioName"/>
    <link:definitionArc xlink:type="arc" xlink:arcrole="http://xbrl.org/int/dim/arcrole/domain-member" xlink:from="InterestRateRiskInterestRateDerivativesGovernmentBondFuturesQualifiedHedgingLineItems" xlink:to="InterestRateRiskInterestRateDerivativesGovernmentBondFuturesQualifiedHedgingHedgingPortfolioName" xlink:title="definition: InterestRateRiskInterestRateDerivativesGovernmentBondFuturesQualifiedHedgingLineItems to InterestRateRiskInterestRateDerivativesGovernmentBondFuturesQualifiedHedgingHedgingPortfolioName" use="optional" order="10.0"/>
    <link:loc xlink:type="locator" xlink:href="../../c-ross_core_2015-12-31.xsd#c-ross_InterestRateRiskInterestRateDerivativesGovernmentBondFuturesQualifiedHedgingSecurityName" xlink:label="InterestRateRiskInterestRateDerivativesGovernmentBondFuturesQualifiedHedgingSecurityName" xlink:title="InterestRateRiskInterestRateDerivativesGovernmentBondFuturesQualifiedHedgingSecurityName"/>
    <link:definitionArc xlink:type="arc" xlink:arcrole="http://xbrl.org/int/dim/arcrole/domain-member" xlink:from="InterestRateRiskInterestRateDerivativesGovernmentBondFuturesQualifiedHedgingLineItems" xlink:to="InterestRateRiskInterestRateDerivativesGovernmentBondFuturesQualifiedHedgingSecurityName" xlink:title="definition: InterestRateRiskInterestRateDerivativesGovernmentBondFuturesQualifiedHedgingLineItems to InterestRateRiskInterestRateDerivativesGovernmentBondFuturesQualifiedHedgingSecurityName" use="optional" order="20.0"/>
    <link:definitionArc xlink:type="arc" xlink:arcrole="http://xbrl.org/int/dim/arcrole/notAll" xlink:from="InterestRateRiskInterestRateDerivativesGovernmentBondFuturesQualifiedHedgingSecurityName" xlink:to="Excluded" xlink:title="definition: InterestRateRiskInterestRateDerivativesGovernmentBondFuturesQualifiedHedgingSecurityName to Excluded" order="10.0" xbrldt:contextElement="scenario"/>
    <link:loc xlink:type="locator" xlink:href="../../c-ross_core_2015-12-31.xsd#c-ross_InterestRateRiskInterestRateDerivativesGovernmentBondFuturesQualifiedHedgingSecurityCode" xlink:label="InterestRateRiskInterestRateDerivativesGovernmentBondFuturesQualifiedHedgingSecurityCode" xlink:title="InterestRateRiskInterestRateDerivativesGovernmentBondFuturesQualifiedHedgingSecurityCode"/>
    <link:definitionArc xlink:type="arc" xlink:arcrole="http://xbrl.org/int/dim/arcrole/domain-member" xlink:from="InterestRateRiskInterestRateDerivativesGovernmentBondFuturesQualifiedHedgingLineItems" xlink:to="InterestRateRiskInterestRateDerivativesGovernmentBondFuturesQualifiedHedgingSecurityCode" xlink:title="definition: InterestRateRiskInterestRateDerivativesGovernmentBondFuturesQualifiedHedgingLineItems to InterestRateRiskInterestRateDerivativesGovernmentBondFuturesQualifiedHedgingSecurityCode" use="optional" order="30.0"/>
    <link:definitionArc xlink:type="arc" xlink:arcrole="http://xbrl.org/int/dim/arcrole/notAll" xlink:from="InterestRateRiskInterestRateDerivativesGovernmentBondFuturesQualifiedHedgingSecurityCode" xlink:to="Excluded" xlink:title="definition: InterestRateRiskInterestRateDerivativesGovernmentBondFuturesQualifiedHedgingSecurityCode to Excluded" use="optional" order="10.0" xbrldt:contextElement="scenario"/>
    <link:loc xlink:type="locator" xlink:href="../../c-ross_core_2015-12-31.xsd#c-ross_InterestRateRiskInterestRateDerivativesGovernmentBondFuturesQualifiedHedgingModifiedDurationOfBonds" xlink:label="InterestRateRiskInterestRateDerivativesGovernmentBondFuturesQualifiedHedgingModifiedDurationOfBonds" xlink:title="InterestRateRiskInterestRateDerivativesGovernmentBondFuturesQualifiedHedgingModifiedDurationOfBonds"/>
    <link:definitionArc xlink:type="arc" xlink:arcrole="http://xbrl.org/int/dim/arcrole/domain-member" xlink:from="InterestRateRiskInterestRateDerivativesGovernmentBondFuturesQualifiedHedgingLineItems" xlink:to="InterestRateRiskInterestRateDerivativesGovernmentBondFuturesQualifiedHedgingModifiedDurationOfBonds" xlink:title="definition: InterestRateRiskInterestRateDerivativesGovernmentBondFuturesQualifiedHedgingLineItems to InterestRateRiskInterestRateDerivativesGovernmentBondFuturesQualifiedHedgingModifiedDurationOfBonds" use="optional" order="40.0"/>
    <link:definitionArc xlink:type="arc" xlink:arcrole="http://xbrl.org/int/dim/arcrole/notAll" xlink:from="InterestRateRiskInterestRateDerivativesGovernmentBondFuturesQualifiedHedgingModifiedDurationOfBonds" xlink:to="Excluded" xlink:title="definition: InterestRateRiskInterestRateDerivativesGovernmentBondFuturesQualifiedHedgingModifiedDurationOfBonds to Excluded" use="optional" order="10.0" xbrldt:contextElement="scenario"/>
    <link:loc xlink:type="locator" xlink:href="../../c-ross_core_2015-12-31.xsd#c-ross_InterestRateRiskInterestRateDerivativesGovernmentBondFuturesQualifiedHedgingMinimumCapitalOfHedgedBondPortfolio" xlink:label="InterestRateRiskInterestRateDerivativesGovernmentBondFuturesQualifiedHedgingMinimumCapitalOfHedgedBondPortfolio" xlink:title="InterestRateRiskInterestRateDerivativesGovernmentBondFuturesQualifiedHedgingMinimumCapitalOfHedgedBondPortfolio"/>
    <link:definitionArc xlink:type="arc" xlink:arcrole="http://xbrl.org/int/dim/arcrole/domain-member" xlink:from="InterestRateRiskInterestRateDerivativesGovernmentBondFuturesQualifiedHedgingLineItems" xlink:to="InterestRateRiskInterestRateDerivativesGovernmentBondFuturesQualifiedHedgingMinimumCapitalOfHedgedBondPortfolio" xlink:title="definition: InterestRateRiskInterestRateDerivativesGovernmentBondFuturesQualifiedHedgingLineItems to InterestRateRiskInterestRateDerivativesGovernmentBondFuturesQualifiedHedgingMinimumCapitalOfHedgedBondPortfolio" use="optional" order="120.0"/>
    <link:loc xlink:type="locator" xlink:href="../../c-ross_core_2015-12-31.xsd#c-ross_InterestRateRiskInterestRateDerivativesGovernmentBondFuturesQualifiedHedgingContractualValueOfShortPositionOfGovernmentBondFutures" xlink:label="InterestRateRiskInterestRateDerivativesGovernmentBondFuturesQualifiedHedgingContractualValueOfShortPositionOfGovernmentBondFutures" xlink:title="InterestRateRiskInterestRateDerivativesGovernmentBondFuturesQualifiedHedgingContractualValueOfShortPositionOfGovernmentBondFutures"/>
    <link:definitionArc xlink:type="arc" xlink:arcrole="http://xbrl.org/int/dim/arcrole/domain-member" xlink:from="InterestRateRiskInterestRateDerivativesGovernmentBondFuturesQualifiedHedgingLineItems" xlink:to="InterestRateRiskInterestRateDerivativesGovernmentBondFuturesQualifiedHedgingContractualValueOfShortPositionOfGovernmentBondFutures" xlink:title="definition: InterestRateRiskInterestRateDerivativesGovernmentBondFuturesQualifiedHedgingLineItems to InterestRateRiskInterestRateDerivativesGovernmentBondFuturesQualifiedHedgingContractualValueOfShortPositionOfGovernmentBondFutures" use="optional" order="70.0"/>
    <link:loc xlink:type="locator" xlink:href="../../c-ross_core_2015-12-31.xsd#c-ross_InterestRateRiskInterestRateDerivativesGovernmentBondFuturesQualifiedHedgingHedgingEffectivenessOfShortPositionOfGovernmentBondFutures" xlink:label="InterestRateRiskInterestRateDerivativesGovernmentBondFuturesQualifiedHedgingHedgingEffectivenessOfShortPositionOfGovernmentBondFutures" xlink:title="InterestRateRiskInterestRateDerivativesGovernmentBondFuturesQualifiedHedgingHedgingEffectivenessOfShortPositionOfGovernmentBondFutures"/>
    <link:definitionArc xlink:type="arc" xlink:arcrole="http://xbrl.org/int/dim/arcrole/domain-member" xlink:from="InterestRateRiskInterestRateDerivativesGovernmentBondFuturesQualifiedHedgingLineItems" xlink:to="InterestRateRiskInterestRateDerivativesGovernmentBondFuturesQualifiedHedgingHedgingEffectivenessOfShortPositionOfGovernmentBondFutures" xlink:title="definition: InterestRateRiskInterestRateDerivativesGovernmentBondFuturesQualifiedHedgingLineItems to InterestRateRiskInterestRateDerivativesGovernmentBondFuturesQualifiedHedgingHedgingEffectivenessOfShortPositionOfGovernmentBondFutures" use="optional" order="80.0"/>
    <link:loc xlink:type="locator" xlink:href="../../c-ross_core_2015-12-31.xsd#c-ross_InterestRateRiskInterestRateDerivativesGovernmentBondFuturesQualifiedHedgingMinimumCapitalOfHedgingPortfolio" xlink:label="InterestRateRiskInterestRateDerivativesGovernmentBondFuturesQualifiedHedgingMinimumCapitalOfHedgingPortfolio" xlink:title="InterestRateRiskInterestRateDerivativesGovernmentBondFuturesQualifiedHedgingMinimumCapitalOfHedgingPortfolio"/>
    <link:definitionArc xlink:type="arc" xlink:arcrole="http://xbrl.org/int/dim/arcrole/domain-member" xlink:from="InterestRateRiskInterestRateDerivativesGovernmentBondFuturesQualifiedHedgingLineItems" xlink:to="InterestRateRiskInterestRateDerivativesGovernmentBondFuturesQualifiedHedgingMinimumCapitalOfHedgingPortfolio" xlink:title="definition: InterestRateRiskInterestRateDerivativesGovernmentBondFuturesQualifiedHedgingLineItems to InterestRateRiskInterestRateDerivativesGovernmentBondFuturesQualifiedHedgingMinimumCapitalOfHedgingPortfolio" use="optional" order="130.0"/>
    <link:loc xlink:type="locator" xlink:href="../../c-ross_core_2015-12-31.xsd#c-ross_InterestRateRiskInterestRateDerivativesGovernmentBondFuturesQualifiedHedgingBaseRiskFactorOfHedgedBonds" xlink:label="InterestRateRiskInterestRateDerivativesGovernmentBondFuturesQualifiedHedgingBaseRiskFactorOfHedgedBonds" xlink:title="InterestRateRiskInterestRateDerivativesGovernmentBondFuturesQualifiedHedgingBaseRiskFactorOfHedgedBonds"/>
    <link:definitionArc xlink:type="arc" xlink:arcrole="http://xbrl.org/int/dim/arcrole/domain-member" xlink:from="InterestRateRiskInterestRateDerivativesGovernmentBondFuturesQualifiedHedgingLineItems" xlink:to="InterestRateRiskInterestRateDerivativesGovernmentBondFuturesQualifiedHedgingBaseRiskFactorOfHedgedBonds" xlink:title="definition: InterestRateRiskInterestRateDerivativesGovernmentBondFuturesQualifiedHedgingLineItems to InterestRateRiskInterestRateDerivativesGovernmentBondFuturesQualifiedHedgingBaseRiskFactorOfHedgedBonds" use="optional" order="100.0"/>
    <link:definitionArc xlink:type="arc" xlink:arcrole="http://xbrl.org/int/dim/arcrole/notAll" xlink:from="InterestRateRiskInterestRateDerivativesGovernmentBondFuturesQualifiedHedgingBaseRiskFactorOfHedgedBonds" xlink:to="Excluded" xlink:title="definition: InterestRateRiskInterestRateDerivativesGovernmentBondFuturesQualifiedHedgingBaseRiskFactorOfHedgedBonds to Excluded" use="optional" order="10.0" xbrldt:contextElement="scenario"/>
    <link:loc xlink:type="locator" xlink:href="../../c-ross_core_2015-12-31.xsd#c-ross_InterestRateRiskInterestRateDerivativesGovernmentBondFuturesQualifiedHedgingRiskExposureOfHedgedBonds" xlink:label="InterestRateRiskInterestRateDerivativesGovernmentBondFuturesQualifiedHedgingRiskExposureOfHedgedBonds" xlink:title="InterestRateRiskInterestRateDerivativesGovernmentBondFuturesQualifiedHedgingRiskExposureOfHedgedBonds"/>
    <link:definitionArc xlink:type="arc" xlink:arcrole="http://xbrl.org/int/dim/arcrole/domain-member" xlink:from="InterestRateRiskInterestRateDerivativesGovernmentBondFuturesQualifiedHedgingLineItems" xlink:to="InterestRateRiskInterestRateDerivativesGovernmentBondFuturesQualifiedHedgingRiskExposureOfHedgedBonds" xlink:title="definition: InterestRateRiskInterestRateDerivativesGovernmentBondFuturesQualifiedHedgingLineItems to InterestRateRiskInterestRateDerivativesGovernmentBondFuturesQualifiedHedgingRiskExposureOfHedgedBonds" use="optional" order="90.0"/>
    <link:loc xlink:type="locator" xlink:href="../../c-ross_core_2015-12-31.xsd#c-ross_InterestRateRiskInterestRateDerivativesGovernmentBondFuturesQualifiedHedgingModifiedDurationOfShortPositionOfGovernmentBondFutures" xlink:label="InterestRateRiskInterestRateDerivativesGovernmentBondFuturesQualifiedHedgingModifiedDurationOfShortPositionOfGovernmentBondFutures" xlink:title="InterestRateRiskInterestRateDerivativesGovernmentBondFuturesQualifiedHedgingModifiedDurationOfShortPositionOfGovernmentBondFutures"/>
    <link:definitionArc xlink:type="arc" xlink:arcrole="http://xbrl.org/int/dim/arcrole/domain-member" xlink:from="InterestRateRiskInterestRateDerivativesGovernmentBondFuturesQualifiedHedgingLineItems" xlink:to="InterestRateRiskInterestRateDerivativesGovernmentBondFuturesQualifiedHedgingModifiedDurationOfShortPositionOfGovernmentBondFutures" xlink:title="definition: InterestRateRiskInterestRateDerivativesGovernmentBondFuturesQualifiedHedgingLineItems to InterestRateRiskInterestRateDerivativesGovernmentBondFuturesQualifiedHedgingModifiedDurationOfShortPositionOfGovernmentBondFutures" use="optional" order="60.0"/>
    <link:loc xlink:type="locator" xlink:href="../../c-ross_core_2015-12-31.xsd#c-ross_InterestRateRiskInterestRateDerivativesGovernmentBondFuturesQualifiedHedgingRiskFactorOfShortPositionOfGovernmentBondFutures" xlink:label="InterestRateRiskInterestRateDerivativesGovernmentBondFuturesQualifiedHedgingRiskFactorOfShortPositionOfGovernmentBondFutures" xlink:title="InterestRateRiskInterestRateDerivativesGovernmentBondFuturesQualifiedHedgingRiskFactorOfShortPositionOfGovernmentBondFutures"/>
    <link:definitionArc xlink:type="arc" xlink:arcrole="http://xbrl.org/int/dim/arcrole/domain-member" xlink:from="InterestRateRiskInterestRateDerivativesGovernmentBondFuturesQualifiedHedgingLineItems" xlink:to="InterestRateRiskInterestRateDerivativesGovernmentBondFuturesQualifiedHedgingRiskFactorOfShortPositionOfGovernmentBondFutures" xlink:title="definition: InterestRateRiskInterestRateDerivativesGovernmentBondFuturesQualifiedHedgingLineItems to InterestRateRiskInterestRateDerivativesGovernmentBondFuturesQualifiedHedgingRiskFactorOfShortPositionOfGovernmentBondFutures" use="optional" order="110.0"/>
    <link:loc xlink:type="locator" xlink:href="../../c-ross_core_2015-12-31.xsd#c-ross_InterestRateRiskInterestRateDerivativesGovernmentBondFuturesQualifiedHedgingAdmittedValueOfBonds" xlink:label="InterestRateRiskInterestRateDerivativesGovernmentBondFuturesQualifiedHedgingAdmittedValueOfBonds" xlink:title="InterestRateRiskInterestRateDerivativesGovernmentBondFuturesQualifiedHedgingAdmittedValueOfBonds"/>
    <link:definitionArc xlink:type="arc" xlink:arcrole="http://xbrl.org/int/dim/arcrole/domain-member" xlink:from="InterestRateRiskInterestRateDerivativesGovernmentBondFuturesQualifiedHedgingLineItems" xlink:to="InterestRateRiskInterestRateDerivativesGovernmentBondFuturesQualifiedHedgingAdmittedValueOfBonds" xlink:title="definition: InterestRateRiskInterestRateDerivativesGovernmentBondFuturesQualifiedHedgingLineItems to InterestRateRiskInterestRateDerivativesGovernmentBondFuturesQualifiedHedgingAdmittedValueOfBonds" order="50.0"/>
  </link:definitionLink>
  <link:definitionLink xlink:type="extended" xlink:role="http://xbrl.circ.gov.cn/role/c-ross_2015-12-31_role-3160600b">
    <link:loc xlink:type="locator" xlink:href="../../c-ross_core_2015-12-31.xsd#c-ross_ExcludedTable" xlink:label="Excluded" xlink:title="Excluded"/>
    <link:loc xlink:type="locator" xlink:href="../../c-ross_core_2015-12-31.xsd#c-ross_InterestRateRiskInterestRateDerivativesGovernmentBondFuturesQualifiedHedgingHedgedSecurityLineNumberAxis" xlink:label="InterestRateRiskInterestRateDerivativesGovernmentBondFuturesQualifiedHedgingSecurityLineNumberAxis" xlink:title="InterestRateRiskInterestRateDerivativesGovernmentBondFuturesQualifiedHedgingSecurityLineNumberAxis"/>
    <link:definitionArc xlink:type="arc" xlink:arcrole="http://xbrl.org/int/dim/arcrole/hypercube-dimension" xlink:from="Excluded" xlink:to="InterestRateRiskInterestRateDerivativesGovernmentBondFuturesQualifiedHedgingSecurityLineNumberAxis" xlink:title="definition: Excluded to InterestRateRiskInterestRateDerivativesGovernmentBondFuturesQualifiedHedgingSecurityLineNumberAxis" use="optional" order="10.0"/>
    <link:loc xlink:type="locator" xlink:href="../../c-ross_core_2015-12-31.xsd#c-ross_InterestRateRiskInterestRateDerivativesGovernmentBondFuturesQualifiedHedgingTable" xlink:label="InterestRateRiskInterestRateDerivativesGovernmentBondFuturesQualifiedHedgingTable" xlink:title="InterestRateRiskInterestRateDerivativesGovernmentBondFuturesQualifiedHedgingTable"/>
    <link:loc xlink:type="locator" xlink:href="../../c-ross_core_2015-12-31.xsd#c-ross_InterestRateRiskInterestRateDerivativesGovernmentBondFuturesQualifiedHedgingHedgingPortfolioLineNumberAxis" xlink:label="InterestRateRiskInterestRateDerivativesGovernmentBondFuturesQualifiedHedgingHedgingPortfolioLineNumberAxis" xlink:title="InterestRateRiskInterestRateDerivativesGovernmentBondFuturesQualifiedHedgingHedgingPortfolioLineNumberAxis"/>
    <link:definitionArc xlink:type="arc" xlink:arcrole="http://xbrl.org/int/dim/arcrole/hypercube-dimension" xlink:from="InterestRateRiskInterestRateDerivativesGovernmentBondFuturesQualifiedHedgingTable" xlink:to="InterestRateRiskInterestRateDerivativesGovernmentBondFuturesQualifiedHedgingHedgingPortfolioLineNumberAxis" xlink:title="definition: InterestRateRiskInterestRateDerivativesGovernmentBondFuturesQualifiedHedgingTable to InterestRateRiskInterestRateDerivativesGovernmentBondFuturesQualifiedHedgingHedgingPortfolioLineNumberAxis" use="optional" order="10.0"/>
    <link:definitionArc xlink:type="arc" xlink:arcrole="http://xbrl.org/int/dim/arcrole/hypercube-dimension" xlink:from="InterestRateRiskInterestRateDerivativesGovernmentBondFuturesQualifiedHedgingTable" xlink:to="InterestRateRiskInterestRateDerivativesGovernmentBondFuturesQualifiedHedgingSecurityLineNumberAxis" xlink:title="definition: InterestRateRiskInterestRateDerivativesGovernmentBondFuturesQualifiedHedgingTable to InterestRateRiskInterestRateDerivativesGovernmentBondFuturesQualifiedHedgingSecurityLineNumberAxis" use="optional" order="20.0"/>
    <link:loc xlink:type="locator" xlink:href="../../c-ross_core_2015-12-31.xsd#c-ross_InterestRateRiskInterestRateDerivativesGovernmentBondFuturesQualifiedHedgingLineItems" xlink:label="InterestRateRiskInterestRateDerivativesGovernmentBondFuturesQualifiedHedgingLineItems" xlink:title="InterestRateRiskInterestRateDerivativesGovernmentBondFuturesQualifiedHedgingLineItems"/>
    <link:loc xlink:type="locator" xlink:href="../../c-ross_core_2015-12-31.xsd#c-ross_InterestRateRiskInterestRateDerivativesGovernmentBondFuturesQualifiedHedgingHedgingPortfolioName" xlink:label="InterestRateRiskInterestRateDerivativesGovernmentBondFuturesQualifiedHedgingHedgingPortfolioName" xlink:title="InterestRateRiskInterestRateDerivativesGovernmentBondFuturesQualifiedHedgingHedgingPortfolioName"/>
    <link:definitionArc xlink:type="arc" xlink:arcrole="http://xbrl.org/int/dim/arcrole/domain-member" xlink:from="InterestRateRiskInterestRateDerivativesGovernmentBondFuturesQualifiedHedgingLineItems" xlink:to="InterestRateRiskInterestRateDerivativesGovernmentBondFuturesQualifiedHedgingHedgingPortfolioName" xlink:title="definition: InterestRateRiskInterestRateDerivativesGovernmentBondFuturesQualifiedHedgingLineItems to InterestRateRiskInterestRateDerivativesGovernmentBondFuturesQualifiedHedgingHedgingPortfolioName" use="optional" order="10.0"/>
    <link:definitionArc xlink:type="arc" xlink:arcrole="http://xbrl.org/int/dim/arcrole/notAll" xlink:from="InterestRateRiskInterestRateDerivativesGovernmentBondFuturesQualifiedHedgingHedgingPortfolioName" xlink:to="Excluded" xlink:title="definition: InterestRateRiskInterestRateDerivativesGovernmentBondFuturesQualifiedHedgingHedgingPortfolioName to Excluded" use="optional" order="10.0" xbrldt:contextElement="scenario"/>
    <link:loc xlink:type="locator" xlink:href="../../c-ross_core_2015-12-31.xsd#c-ross_InterestRateRiskInterestRateDerivativesGovernmentBondFuturesQualifiedHedgingSecurityName" xlink:label="InterestRateRiskInterestRateDerivativesGovernmentBondFuturesQualifiedHedgingSecurityName" xlink:title="InterestRateRiskInterestRateDerivativesGovernmentBondFuturesQualifiedHedgingSecurityName"/>
    <link:definitionArc xlink:type="arc" xlink:arcrole="http://xbrl.org/int/dim/arcrole/domain-member" xlink:from="InterestRateRiskInterestRateDerivativesGovernmentBondFuturesQualifiedHedgingLineItems" xlink:to="InterestRateRiskInterestRateDerivativesGovernmentBondFuturesQualifiedHedgingSecurityName" xlink:title="definition: InterestRateRiskInterestRateDerivativesGovernmentBondFuturesQualifiedHedgingLineItems to InterestRateRiskInterestRateDerivativesGovernmentBondFuturesQualifiedHedgingSecurityName" use="optional" order="20.0"/>
    <link:loc xlink:type="locator" xlink:href="../../c-ross_core_2015-12-31.xsd#c-ross_InterestRateRiskInterestRateDerivativesGovernmentBondFuturesQualifiedHedgingSecurityCode" xlink:label="InterestRateRiskInterestRateDerivativesGovernmentBondFuturesQualifiedHedgingSecurityCode" xlink:title="InterestRateRiskInterestRateDerivativesGovernmentBondFuturesQualifiedHedgingSecurityCode"/>
    <link:definitionArc xlink:type="arc" xlink:arcrole="http://xbrl.org/int/dim/arcrole/domain-member" xlink:from="InterestRateRiskInterestRateDerivativesGovernmentBondFuturesQualifiedHedgingLineItems" xlink:to="InterestRateRiskInterestRateDerivativesGovernmentBondFuturesQualifiedHedgingSecurityCode" xlink:title="definition: InterestRateRiskInterestRateDerivativesGovernmentBondFuturesQualifiedHedgingLineItems to InterestRateRiskInterestRateDerivativesGovernmentBondFuturesQualifiedHedgingSecurityCode" use="optional" order="30.0"/>
    <link:loc xlink:type="locator" xlink:href="../../c-ross_core_2015-12-31.xsd#c-ross_InterestRateRiskInterestRateDerivativesGovernmentBondFuturesQualifiedHedgingModifiedDurationOfBonds" xlink:label="InterestRateRiskInterestRateDerivativesGovernmentBondFuturesQualifiedHedgingModifiedDurationOfBonds" xlink:title="InterestRateRiskInterestRateDerivativesGovernmentBondFuturesQualifiedHedgingModifiedDurationOfBonds"/>
    <link:definitionArc xlink:type="arc" xlink:arcrole="http://xbrl.org/int/dim/arcrole/domain-member" xlink:from="InterestRateRiskInterestRateDerivativesGovernmentBondFuturesQualifiedHedgingLineItems" xlink:to="InterestRateRiskInterestRateDerivativesGovernmentBondFuturesQualifiedHedgingModifiedDurationOfBonds" xlink:title="definition: InterestRateRiskInterestRateDerivativesGovernmentBondFuturesQualifiedHedgingLineItems to InterestRateRiskInterestRateDerivativesGovernmentBondFuturesQualifiedHedgingModifiedDurationOfBonds" use="optional" order="40.0"/>
    <link:loc xlink:type="locator" xlink:href="../../c-ross_core_2015-12-31.xsd#c-ross_InterestRateRiskInterestRateDerivativesGovernmentBondFuturesQualifiedHedgingMinimumCapitalOfHedgedBondPortfolio" xlink:label="InterestRateRiskInterestRateDerivativesGovernmentBondFuturesQualifiedHedgingMinimumCapitalOfHedgedBondPortfolio" xlink:title="InterestRateRiskInterestRateDerivativesGovernmentBondFuturesQualifiedHedgingMinimumCapitalOfHedgedBondPortfolio"/>
    <link:definitionArc xlink:type="arc" xlink:arcrole="http://xbrl.org/int/dim/arcrole/domain-member" xlink:from="InterestRateRiskInterestRateDerivativesGovernmentBondFuturesQualifiedHedgingLineItems" xlink:to="InterestRateRiskInterestRateDerivativesGovernmentBondFuturesQualifiedHedgingMinimumCapitalOfHedgedBondPortfolio" xlink:title="definition: InterestRateRiskInterestRateDerivativesGovernmentBondFuturesQualifiedHedgingLineItems to InterestRateRiskInterestRateDerivativesGovernmentBondFuturesQualifiedHedgingMinimumCapitalOfHedgedBondPortfolio" use="optional" order="120.0"/>
    <link:loc xlink:type="locator" xlink:href="../../c-ross_core_2015-12-31.xsd#c-ross_InterestRateRiskInterestRateDerivativesGovernmentBondFuturesQualifiedHedgingContractualValueOfShortPositionOfGovernmentBondFutures" xlink:label="InterestRateRiskInterestRateDerivativesGovernmentBondFuturesQualifiedHedgingContractualValueOfShortPositionOfGovernmentBondFutures" xlink:title="InterestRateRiskInterestRateDerivativesGovernmentBondFuturesQualifiedHedgingContractualValueOfShortPositionOfGovernmentBondFutures"/>
    <link:definitionArc xlink:type="arc" xlink:arcrole="http://xbrl.org/int/dim/arcrole/domain-member" xlink:from="InterestRateRiskInterestRateDerivativesGovernmentBondFuturesQualifiedHedgingLineItems" xlink:to="InterestRateRiskInterestRateDerivativesGovernmentBondFuturesQualifiedHedgingContractualValueOfShortPositionOfGovernmentBondFutures" xlink:title="definition: InterestRateRiskInterestRateDerivativesGovernmentBondFuturesQualifiedHedgingLineItems to InterestRateRiskInterestRateDerivativesGovernmentBondFuturesQualifiedHedgingContractualValueOfShortPositionOfGovernmentBondFutures" use="optional" order="70.0"/>
    <link:definitionArc xlink:type="arc" xlink:arcrole="http://xbrl.org/int/dim/arcrole/notAll" xlink:from="InterestRateRiskInterestRateDerivativesGovernmentBondFuturesQualifiedHedgingContractualValueOfShortPositionOfGovernmentBondFutures" xlink:to="Excluded" xlink:title="definition: InterestRateRiskInterestRateDerivativesGovernmentBondFuturesQualifiedHedgingContractualValueOfShortPositionOfGovernmentBondFutures to Excluded" order="10.0" xbrldt:contextElement="scenario"/>
    <link:loc xlink:type="locator" xlink:href="../../c-ross_core_2015-12-31.xsd#c-ross_InterestRateRiskInterestRateDerivativesGovernmentBondFuturesQualifiedHedgingHedgingEffectivenessOfShortPositionOfGovernmentBondFutures" xlink:label="InterestRateRiskInterestRateDerivativesGovernmentBondFuturesQualifiedHedgingHedgingEffectivenessOfShortPositionOfGovernmentBondFutures" xlink:title="InterestRateRiskInterestRateDerivativesGovernmentBondFuturesQualifiedHedgingHedgingEffectivenessOfShortPositionOfGovernmentBondFutures"/>
    <link:definitionArc xlink:type="arc" xlink:arcrole="http://xbrl.org/int/dim/arcrole/domain-member" xlink:from="InterestRateRiskInterestRateDerivativesGovernmentBondFuturesQualifiedHedgingLineItems" xlink:to="InterestRateRiskInterestRateDerivativesGovernmentBondFuturesQualifiedHedgingHedgingEffectivenessOfShortPositionOfGovernmentBondFutures" xlink:title="definition: InterestRateRiskInterestRateDerivativesGovernmentBondFuturesQualifiedHedgingLineItems to InterestRateRiskInterestRateDerivativesGovernmentBondFuturesQualifiedHedgingHedgingEffectivenessOfShortPositionOfGovernmentBondFutures" use="optional" order="80.0"/>
    <link:definitionArc xlink:type="arc" xlink:arcrole="http://xbrl.org/int/dim/arcrole/notAll" xlink:from="InterestRateRiskInterestRateDerivativesGovernmentBondFuturesQualifiedHedgingHedgingEffectivenessOfShortPositionOfGovernmentBondFutures" xlink:to="Excluded" xlink:title="definition: InterestRateRiskInterestRateDerivativesGovernmentBondFuturesQualifiedHedgingHedgingEffectivenessOfShortPositionOfGovernmentBondFutures to Excluded" use="optional" order="10.0" xbrldt:contextElement="scenario"/>
    <link:loc xlink:type="locator" xlink:href="../../c-ross_core_2015-12-31.xsd#c-ross_InterestRateRiskInterestRateDerivativesGovernmentBondFuturesQualifiedHedgingMinimumCapitalOfHedgingPortfolio" xlink:label="InterestRateRiskInterestRateDerivativesGovernmentBondFuturesQualifiedHedgingMinimumCapitalOfHedgingPortfolio" xlink:title="InterestRateRiskInterestRateDerivativesGovernmentBondFuturesQualifiedHedgingMinimumCapitalOfHedgingPortfolio"/>
    <link:definitionArc xlink:type="arc" xlink:arcrole="http://xbrl.org/int/dim/arcrole/domain-member" xlink:from="InterestRateRiskInterestRateDerivativesGovernmentBondFuturesQualifiedHedgingLineItems" xlink:to="InterestRateRiskInterestRateDerivativesGovernmentBondFuturesQualifiedHedgingMinimumCapitalOfHedgingPortfolio" xlink:title="definition: InterestRateRiskInterestRateDerivativesGovernmentBondFuturesQualifiedHedgingLineItems to InterestRateRiskInterestRateDerivativesGovernmentBondFuturesQualifiedHedgingMinimumCapitalOfHedgingPortfolio" use="optional" order="130.0"/>
    <link:definitionArc xlink:type="arc" xlink:arcrole="http://xbrl.org/int/dim/arcrole/notAll" xlink:from="InterestRateRiskInterestRateDerivativesGovernmentBondFuturesQualifiedHedgingMinimumCapitalOfHedgingPortfolio" xlink:to="Excluded" xlink:title="definition: InterestRateRiskInterestRateDerivativesGovernmentBondFuturesQualifiedHedgingMinimumCapitalOfHedgingPortfolio to Excluded" use="optional" order="10.0" xbrldt:contextElement="scenario"/>
    <link:loc xlink:type="locator" xlink:href="../../c-ross_core_2015-12-31.xsd#c-ross_InterestRateRiskInterestRateDerivativesGovernmentBondFuturesQualifiedHedgingBaseRiskFactorOfHedgedBonds" xlink:label="InterestRateRiskInterestRateDerivativesGovernmentBondFuturesQualifiedHedgingBaseRiskFactorOfHedgedBonds" xlink:title="InterestRateRiskInterestRateDerivativesGovernmentBondFuturesQualifiedHedgingBaseRiskFactorOfHedgedBonds"/>
    <link:definitionArc xlink:type="arc" xlink:arcrole="http://xbrl.org/int/dim/arcrole/domain-member" xlink:from="InterestRateRiskInterestRateDerivativesGovernmentBondFuturesQualifiedHedgingLineItems" xlink:to="InterestRateRiskInterestRateDerivativesGovernmentBondFuturesQualifiedHedgingBaseRiskFactorOfHedgedBonds" xlink:title="definition: InterestRateRiskInterestRateDerivativesGovernmentBondFuturesQualifiedHedgingLineItems to InterestRateRiskInterestRateDerivativesGovernmentBondFuturesQualifiedHedgingBaseRiskFactorOfHedgedBonds" use="optional" order="100.0"/>
    <link:loc xlink:type="locator" xlink:href="../../c-ross_core_2015-12-31.xsd#c-ross_InterestRateRiskInterestRateDerivativesGovernmentBondFuturesQualifiedHedgingRiskExposureOfHedgedBonds" xlink:label="InterestRateRiskInterestRateDerivativesGovernmentBondFuturesQualifiedHedgingRiskExposureOfHedgedBonds" xlink:title="InterestRateRiskInterestRateDerivativesGovernmentBondFuturesQualifiedHedgingRiskExposureOfHedgedBonds"/>
    <link:definitionArc xlink:type="arc" xlink:arcrole="http://xbrl.org/int/dim/arcrole/domain-member" xlink:from="InterestRateRiskInterestRateDerivativesGovernmentBondFuturesQualifiedHedgingLineItems" xlink:to="InterestRateRiskInterestRateDerivativesGovernmentBondFuturesQualifiedHedgingRiskExposureOfHedgedBonds" xlink:title="definition: InterestRateRiskInterestRateDerivativesGovernmentBondFuturesQualifiedHedgingLineItems to InterestRateRiskInterestRateDerivativesGovernmentBondFuturesQualifiedHedgingRiskExposureOfHedgedBonds" use="optional" order="90.0"/>
    <link:loc xlink:type="locator" xlink:href="../../c-ross_core_2015-12-31.xsd#c-ross_InterestRateRiskInterestRateDerivativesGovernmentBondFuturesQualifiedHedgingModifiedDurationOfShortPositionOfGovernmentBondFutures" xlink:label="InterestRateRiskInterestRateDerivativesGovernmentBondFuturesQualifiedHedgingModifiedDurationOfShortPositionOfGovernmentBondFutures" xlink:title="InterestRateRiskInterestRateDerivativesGovernmentBondFuturesQualifiedHedgingModifiedDurationOfShortPositionOfGovernmentBondFutures"/>
    <link:definitionArc xlink:type="arc" xlink:arcrole="http://xbrl.org/int/dim/arcrole/domain-member" xlink:from="InterestRateRiskInterestRateDerivativesGovernmentBondFuturesQualifiedHedgingLineItems" xlink:to="InterestRateRiskInterestRateDerivativesGovernmentBondFuturesQualifiedHedgingModifiedDurationOfShortPositionOfGovernmentBondFutures" xlink:title="definition: InterestRateRiskInterestRateDerivativesGovernmentBondFuturesQualifiedHedgingLineItems to InterestRateRiskInterestRateDerivativesGovernmentBondFuturesQualifiedHedgingModifiedDurationOfShortPositionOfGovernmentBondFutures" use="optional" order="60.0"/>
    <link:definitionArc xlink:type="arc" xlink:arcrole="http://xbrl.org/int/dim/arcrole/notAll" xlink:from="InterestRateRiskInterestRateDerivativesGovernmentBondFuturesQualifiedHedgingModifiedDurationOfShortPositionOfGovernmentBondFutures" xlink:to="Excluded" xlink:title="definition: InterestRateRiskInterestRateDerivativesGovernmentBondFuturesQualifiedHedgingModifiedDurationOfShortPositionOfGovernmentBondFutures to Excluded" use="optional" order="10.0" xbrldt:contextElement="scenario"/>
    <link:loc xlink:type="locator" xlink:href="../../c-ross_core_2015-12-31.xsd#c-ross_InterestRateRiskInterestRateDerivativesGovernmentBondFuturesQualifiedHedgingRiskFactorOfShortPositionOfGovernmentBondFutures" xlink:label="InterestRateRiskInterestRateDerivativesGovernmentBondFuturesQualifiedHedgingRiskFactorOfShortPositionOfGovernmentBondFutures" xlink:title="InterestRateRiskInterestRateDerivativesGovernmentBondFuturesQualifiedHedgingRiskFactorOfShortPositionOfGovernmentBondFutures"/>
    <link:definitionArc xlink:type="arc" xlink:arcrole="http://xbrl.org/int/dim/arcrole/domain-member" xlink:from="InterestRateRiskInterestRateDerivativesGovernmentBondFuturesQualifiedHedgingLineItems" xlink:to="InterestRateRiskInterestRateDerivativesGovernmentBondFuturesQualifiedHedgingRiskFactorOfShortPositionOfGovernmentBondFutures" xlink:title="definition: InterestRateRiskInterestRateDerivativesGovernmentBondFuturesQualifiedHedgingLineItems to InterestRateRiskInterestRateDerivativesGovernmentBondFuturesQualifiedHedgingRiskFactorOfShortPositionOfGovernmentBondFutures" use="optional" order="110.0"/>
    <link:definitionArc xlink:type="arc" xlink:arcrole="http://xbrl.org/int/dim/arcrole/notAll" xlink:from="InterestRateRiskInterestRateDerivativesGovernmentBondFuturesQualifiedHedgingRiskFactorOfShortPositionOfGovernmentBondFutures" xlink:to="Excluded" xlink:title="definition: InterestRateRiskInterestRateDerivativesGovernmentBondFuturesQualifiedHedgingRiskFactorOfShortPositionOfGovernmentBondFutures to Excluded" use="optional" order="10.0" xbrldt:contextElement="scenario"/>
    <link:loc xlink:type="locator" xlink:href="../../c-ross_core_2015-12-31.xsd#c-ross_InterestRateRiskInterestRateDerivativesGovernmentBondFuturesQualifiedHedgingAdmittedValueOfBonds" xlink:label="InterestRateRiskInterestRateDerivativesGovernmentBondFuturesQualifiedHedgingAdmittedValueOfBonds" xlink:title="InterestRateRiskInterestRateDerivativesGovernmentBondFuturesQualifiedHedgingAdmittedValueOfBonds"/>
    <link:definitionArc xlink:type="arc" xlink:arcrole="http://xbrl.org/int/dim/arcrole/domain-member" xlink:from="InterestRateRiskInterestRateDerivativesGovernmentBondFuturesQualifiedHedgingLineItems" xlink:to="InterestRateRiskInterestRateDerivativesGovernmentBondFuturesQualifiedHedgingAdmittedValueOfBonds" xlink:title="definition: InterestRateRiskInterestRateDerivativesGovernmentBondFuturesQualifiedHedgingLineItems to InterestRateRiskInterestRateDerivativesGovernmentBondFuturesQualifiedHedgingAdmittedValueOfBonds" order="50.0"/>
    <link:loc xlink:type="locator" xlink:href="../../c-ross_core_2015-12-31.xsd#c-ross_InterestRateRiskInterestRateDerivativesGovernmentBondFuturesQualifiedHedgingHedgedSecurityAbstract" xlink:label="InterestRateRiskInterestRateDerivativesGovernmentBondFuturesQualifiedHedgingDetailsAbstract" xlink:title="InterestRateRiskInterestRateDerivativesGovernmentBondFuturesQualifiedHedgingDetailsAbstract"/>
    <link:definitionArc xlink:type="arc" xlink:arcrole="http://xbrl.org/int/dim/arcrole/all" xlink:from="InterestRateRiskInterestRateDerivativesGovernmentBondFuturesQualifiedHedgingDetailsAbstract" xlink:to="InterestRateRiskInterestRateDerivativesGovernmentBondFuturesQualifiedHedgingTable" xlink:title="definition: InterestRateRiskInterestRateDerivativesGovernmentBondFuturesQualifiedHedgingDetailsAbstract to InterestRateRiskInterestRateDerivativesGovernmentBondFuturesQualifiedHedgingTable" use="optional" order="10.0" xbrldt:closed="true" xbrldt:contextElement="scenario"/>
    <link:definitionArc xlink:type="arc" xlink:arcrole="http://xbrl.org/int/dim/arcrole/domain-member" xlink:from="InterestRateRiskInterestRateDerivativesGovernmentBondFuturesQualifiedHedgingDetailsAbstract" xlink:to="InterestRateRiskInterestRateDerivativesGovernmentBondFuturesQualifiedHedgingLineItems" xlink:title="definition: InterestRateRiskInterestRateDerivativesGovernmentBondFuturesQualifiedHedgingDetailsAbstract to InterestRateRiskInterestRateDerivativesGovernmentBondFuturesQualifiedHedgingLineItems" use="optional" order="20.0"/>
  </link:definitionLink>
</link:linkbase>
