<?xml version="1.0" encoding="UTF-8"?>

<!--
	Taxonomy: 2015-12-31 (Final)
	**********************
	Copyright © 2015 China Insurance Regulatory Commission.
	All rights reserved.  No part of this publication may be translated, reprinted or reproduced
	or utilised in any form either in whole or in part without prior permission in writing from China Insurance Regulatory Commission.
	  **********************
	-->
<link:linkbase xmlns:xsi="http://www.w3.org/2001/XMLSchema-instance" xsi:schemaLocation="http://www.xbrl.org/2003/linkbase http://www.xbrl.org/2003/xbrl-linkbase-2003-12-31.xsd" xmlns:c-ross="http://xbrl.circ.gov.cn/taxonomy/2015-12-31/c-ross" xmlns:link="http://www.xbrl.org/2003/linkbase" xmlns:q_s_pc_entry_point="http://xbrl.circ.gov.cn/taxonomy/2015-12-31/c-ross/q_s_pc_entry_point" xmlns:xlink="http://www.w3.org/1999/xlink" xmlns:xbrli="http://www.xbrl.org/2003/instance" xmlns:xbrldt="http://xbrl.org/2005/xbrldt">
  <link:roleRef roleURI="http://xbrl.circ.gov.cn/role/c-ross_2015-12-31_role-3161800" xlink:type="simple" xlink:href="rol_c-ross_7_2015-12-31.xsd#c-ross_2015-12-31-3161800"/>
  <link:roleRef roleURI="http://xbrl.circ.gov.cn/role/c-ross_2015-12-31_role-3161800a" xlink:type="simple" xlink:href="rol_c-ross_7_2015-12-31.xsd#c-ross_2015-12-31-3161800a"/>
  <link:roleRef roleURI="http://xbrl.circ.gov.cn/role/c-ross_2015-12-31_role-3161800b" xlink:type="simple" xlink:href="rol_c-ross_7_2015-12-31.xsd#c-ross_2015-12-31-3161800b"/>
  <link:roleRef roleURI="http://xbrl.circ.gov.cn/role/c-ross_2015-12-31_role-3161800c" xlink:type="simple" xlink:href="rol_c-ross_7_2015-12-31.xsd#c-ross_2015-12-31-3161800c"/>
  <link:roleRef roleURI="http://xbrl.circ.gov.cn/role/c-ross_2015-12-31_role-3161800d" xlink:type="simple" xlink:href="rol_c-ross_7_2015-12-31.xsd#c-ross_2015-12-31-3161800d"/>
  <link:arcroleRef arcroleURI="http://xbrl.org/int/dim/arcrole/all" xlink:type="simple" xlink:href="http://www.xbrl.org/2005/xbrldt-2005.xsd#all"/>
  <link:arcroleRef arcroleURI="http://xbrl.org/int/dim/arcrole/dimension-default" xlink:type="simple" xlink:href="http://www.xbrl.org/2005/xbrldt-2005.xsd#dimension-default"/>
  <link:arcroleRef arcroleURI="http://xbrl.org/int/dim/arcrole/dimension-domain" xlink:type="simple" xlink:href="http://www.xbrl.org/2005/xbrldt-2005.xsd#dimension-domain"/>
  <link:arcroleRef arcroleURI="http://xbrl.org/int/dim/arcrole/domain-member" xlink:type="simple" xlink:href="http://www.xbrl.org/2005/xbrldt-2005.xsd#domain-member"/>
  <link:arcroleRef arcroleURI="http://xbrl.org/int/dim/arcrole/hypercube-dimension" xlink:type="simple" xlink:href="http://www.xbrl.org/2005/xbrldt-2005.xsd#hypercube-dimension"/>
  <link:arcroleRef arcroleURI="http://xbrl.org/int/dim/arcrole/notAll" xlink:type="simple" xlink:href="http://www.xbrl.org/2005/xbrldt-2005.xsd#notAll"/>
  <link:definitionLink xlink:type="extended" xlink:role="http://xbrl.circ.gov.cn/role/c-ross_2015-12-31_role-3161800c">
    <link:loc xlink:type="locator" xlink:href="../../c-ross_core_2015-12-31.xsd#c-ross_ProductsWhetherOrNotToBeLookedThroughMember" xlink:label="ProductsWhetherOrNotToBeLookedThroughMember" xlink:title="ProductsWhetherOrNotToBeLookedThroughMember"/>
    <link:loc xlink:type="locator" xlink:href="../../c-ross_core_2015-12-31.xsd#c-ross_UnableToBeLookedThroughMember" xlink:label="UnableToBeLookedThroughMember" xlink:title="UnableToBeLookedThroughMember"/>
    <link:definitionArc xlink:type="arc" xlink:arcrole="http://xbrl.org/int/dim/arcrole/domain-member" xlink:from="ProductsWhetherOrNotToBeLookedThroughMember" xlink:to="UnableToBeLookedThroughMember" xlink:title="definition: ProductsWhetherOrNotToBeLookedThroughMember to UnableToBeLookedThroughMember" use="optional" order="10.0"/>
    <link:loc xlink:type="locator" xlink:href="../../c-ross_core_2015-12-31.xsd#c-ross_AbleToBeLookedThroughMember" xlink:label="AbleToBeLookedThroughMember" xlink:title="AbleToBeLookedThroughMember"/>
    <link:definitionArc xlink:type="arc" xlink:arcrole="http://xbrl.org/int/dim/arcrole/domain-member" xlink:from="ProductsWhetherOrNotToBeLookedThroughMember" xlink:to="AbleToBeLookedThroughMember" xlink:title="definition: ProductsWhetherOrNotToBeLookedThroughMember to AbleToBeLookedThroughMember" use="optional" order="20.0"/>
    <link:loc xlink:type="locator" xlink:href="../../c-ross_core_2015-12-31.xsd#c-ross_ExcludedTable" xlink:label="Excluded" xlink:title="Excluded"/>
    <link:loc xlink:type="locator" xlink:href="../../c-ross_core_2015-12-31.xsd#c-ross_EquityPriceRiskEquityTrustPlansProductsWhetherOrNotToBeLookedThroughAxis" xlink:label="EquityPriceRiskEquityTrustPlansProductsWhetherOrNotToBeLookedThroughAxis" xlink:title="EquityPriceRiskEquityTrustPlansProductsWhetherOrNotToBeLookedThroughAxis"/>
    <link:definitionArc xlink:type="arc" xlink:arcrole="http://xbrl.org/int/dim/arcrole/hypercube-dimension" xlink:from="Excluded" xlink:to="EquityPriceRiskEquityTrustPlansProductsWhetherOrNotToBeLookedThroughAxis" xlink:title="definition: Excluded to EquityPriceRiskEquityTrustPlansProductsWhetherOrNotToBeLookedThroughAxis" use="optional" order="10.0"/>
    <link:definitionArc xlink:type="arc" xlink:arcrole="http://xbrl.org/int/dim/arcrole/dimension-domain" xlink:from="EquityPriceRiskEquityTrustPlansProductsWhetherOrNotToBeLookedThroughAxis" xlink:to="ProductsWhetherOrNotToBeLookedThroughMember" xlink:title="definition: EquityPriceRiskEquityTrustPlansProductsWhetherOrNotToBeLookedThroughAxis to ProductsWhetherOrNotToBeLookedThroughMember" use="optional" order="10.0"/>
  </link:definitionLink>
  <link:definitionLink xlink:type="extended" xlink:role="http://xbrl.circ.gov.cn/role/c-ross_2015-12-31_role-3161800d">
    <link:loc xlink:type="locator" xlink:href="../../c-ross_core_2015-12-31.xsd#c-ross_ProductsWhetherOrNotToBeLookedThroughMember" xlink:label="ProductsWhetherOrNotToBeLookedThroughMember" xlink:title="ProductsWhetherOrNotToBeLookedThroughMember"/>
    <link:loc xlink:type="locator" xlink:href="../../c-ross_core_2015-12-31.xsd#c-ross_AbleToBeLookedThroughMember" xlink:label="AbleToBeLookedThroughMember" xlink:title="AbleToBeLookedThroughMember"/>
    <link:definitionArc xlink:type="arc" xlink:arcrole="http://xbrl.org/int/dim/arcrole/domain-member" xlink:from="ProductsWhetherOrNotToBeLookedThroughMember" xlink:to="AbleToBeLookedThroughMember" xlink:title="definition: ProductsWhetherOrNotToBeLookedThroughMember to AbleToBeLookedThroughMember" use="optional" order="10.0"/>
    <link:loc xlink:type="locator" xlink:href="../../c-ross_core_2015-12-31.xsd#c-ross_ExcludedTable" xlink:label="Excluded" xlink:title="Excluded"/>
    <link:loc xlink:type="locator" xlink:href="../../c-ross_core_2015-12-31.xsd#c-ross_EquityPriceRiskEquityTrustPlansProductsWhetherOrNotToBeLookedThroughAxis" xlink:label="EquityPriceRiskEquityTrustPlansProductsWhetherOrNotToBeLookedThroughAxis" xlink:title="EquityPriceRiskEquityTrustPlansProductsWhetherOrNotToBeLookedThroughAxis"/>
    <link:definitionArc xlink:type="arc" xlink:arcrole="http://xbrl.org/int/dim/arcrole/hypercube-dimension" xlink:from="Excluded" xlink:to="EquityPriceRiskEquityTrustPlansProductsWhetherOrNotToBeLookedThroughAxis" xlink:title="definition: Excluded to EquityPriceRiskEquityTrustPlansProductsWhetherOrNotToBeLookedThroughAxis" use="optional" order="10.0"/>
    <link:definitionArc xlink:type="arc" xlink:arcrole="http://xbrl.org/int/dim/arcrole/dimension-domain" xlink:from="EquityPriceRiskEquityTrustPlansProductsWhetherOrNotToBeLookedThroughAxis" xlink:to="ProductsWhetherOrNotToBeLookedThroughMember" xlink:title="definition: EquityPriceRiskEquityTrustPlansProductsWhetherOrNotToBeLookedThroughAxis to ProductsWhetherOrNotToBeLookedThroughMember" use="optional" order="10.0"/>
  </link:definitionLink>
  <link:definitionLink xlink:type="extended" xlink:role="http://xbrl.circ.gov.cn/role/c-ross_2015-12-31_role-3161800">
    <link:loc xlink:type="locator" xlink:href="../../c-ross_core_2015-12-31.xsd#c-ross_ProductsWhetherOrNotToBeLookedThroughMember" xlink:label="ProductsWhetherOrNotToBeLookedThroughMember" xlink:title="ProductsWhetherOrNotToBeLookedThroughMember"/>
    <link:loc xlink:type="locator" xlink:href="../../c-ross_core_2015-12-31.xsd#c-ross_UnableToBeLookedThroughMember" xlink:label="UnableToBeLookedThroughMember" xlink:title="UnableToBeLookedThroughMember"/>
    <link:definitionArc xlink:type="arc" xlink:arcrole="http://xbrl.org/int/dim/arcrole/domain-member" xlink:from="ProductsWhetherOrNotToBeLookedThroughMember" xlink:to="UnableToBeLookedThroughMember" xlink:title="definition: ProductsWhetherOrNotToBeLookedThroughMember to UnableToBeLookedThroughMember" use="optional" order="10.0"/>
    <link:loc xlink:type="locator" xlink:href="../../c-ross_core_2015-12-31.xsd#c-ross_AbleToBeLookedThroughMember" xlink:label="AbleToBeLookedThroughMember" xlink:title="AbleToBeLookedThroughMember"/>
    <link:definitionArc xlink:type="arc" xlink:arcrole="http://xbrl.org/int/dim/arcrole/domain-member" xlink:from="ProductsWhetherOrNotToBeLookedThroughMember" xlink:to="AbleToBeLookedThroughMember" xlink:title="definition: ProductsWhetherOrNotToBeLookedThroughMember to AbleToBeLookedThroughMember" use="optional" order="20.0"/>
    <link:loc xlink:type="locator" xlink:href="../../c-ross_core_2015-12-31.xsd#c-ross_EquityPriceRiskEquityTrustPlansProductsWhetherOrNotToBeLookedThroughAxis" xlink:label="EquityPriceRiskEquityTrustPlansProductsWhetherOrNotToBeLookedThroughAxis" xlink:title="EquityPriceRiskEquityTrustPlansProductsWhetherOrNotToBeLookedThroughAxis"/>
    <link:definitionArc xlink:type="arc" xlink:arcrole="http://xbrl.org/int/dim/arcrole/dimension-domain" xlink:from="EquityPriceRiskEquityTrustPlansProductsWhetherOrNotToBeLookedThroughAxis" xlink:to="ProductsWhetherOrNotToBeLookedThroughMember" xlink:title="definition: EquityPriceRiskEquityTrustPlansProductsWhetherOrNotToBeLookedThroughAxis to ProductsWhetherOrNotToBeLookedThroughMember" use="optional" order="10.0"/>
    <link:loc xlink:type="locator" xlink:href="../../c-ross_core_2015-12-31.xsd#c-ross_ProductsWhetherOrNotToBeLookedThroughMember" xlink:label="ProductsWhetherOrNotToBeLookedThroughMember_2" xlink:title="ProductsWhetherOrNotToBeLookedThroughMember"/>
    <link:definitionArc xlink:type="arc" xlink:arcrole="http://xbrl.org/int/dim/arcrole/dimension-default" xlink:from="EquityPriceRiskEquityTrustPlansProductsWhetherOrNotToBeLookedThroughAxis" xlink:to="ProductsWhetherOrNotToBeLookedThroughMember_2" xlink:title="definition: EquityPriceRiskEquityTrustPlansProductsWhetherOrNotToBeLookedThroughAxis to ProductsWhetherOrNotToBeLookedThroughMember" use="optional" order="20.0"/>
    <link:loc xlink:type="locator" xlink:href="../../c-ross_core_2015-12-31.xsd#c-ross_EquityPriceRiskEquityTrustPlansAbstract" xlink:label="EquityPriceRiskEquityTrustPlansAbstract" xlink:title="EquityPriceRiskEquityTrustPlansAbstract"/>
    <link:loc xlink:type="locator" xlink:href="../../c-ross_core_2015-12-31.xsd#c-ross_EquityPriceRiskEquityTrustPlansTable" xlink:label="EquityPriceRiskEquityTrustPlansTable" xlink:title="EquityPriceRiskEquityTrustPlansTable"/>
    <link:definitionArc xlink:type="arc" xlink:arcrole="http://xbrl.org/int/dim/arcrole/all" xlink:from="EquityPriceRiskEquityTrustPlansAbstract" xlink:to="EquityPriceRiskEquityTrustPlansTable" xlink:title="definition: EquityPriceRiskEquityTrustPlansAbstract to EquityPriceRiskEquityTrustPlansTable" use="optional" order="10.0" xbrldt:closed="true" xbrldt:contextElement="scenario"/>
    <link:definitionArc xlink:type="arc" xlink:arcrole="http://xbrl.org/int/dim/arcrole/hypercube-dimension" xlink:from="EquityPriceRiskEquityTrustPlansTable" xlink:to="EquityPriceRiskEquityTrustPlansProductsWhetherOrNotToBeLookedThroughAxis" xlink:title="definition: EquityPriceRiskEquityTrustPlansTable to EquityPriceRiskEquityTrustPlansProductsWhetherOrNotToBeLookedThroughAxis" use="optional" order="10.0"/>
    <link:loc xlink:type="locator" xlink:href="../../c-ross_core_2015-12-31.xsd#c-ross_EquityPriceRiskEquityTrustPlansLineItems" xlink:label="EquityPriceRiskEquityTrustPlansLineItems" xlink:title="EquityPriceRiskEquityTrustPlansLineItems"/>
    <link:definitionArc xlink:type="arc" xlink:arcrole="http://xbrl.org/int/dim/arcrole/domain-member" xlink:from="EquityPriceRiskEquityTrustPlansAbstract" xlink:to="EquityPriceRiskEquityTrustPlansLineItems" xlink:title="definition: EquityPriceRiskEquityTrustPlansAbstract to EquityPriceRiskEquityTrustPlansLineItems" use="optional" order="20.0"/>
    <link:loc xlink:type="locator" xlink:href="../../c-ross_core_2015-12-31.xsd#c-ross_EquityPriceRiskEquityTrustPlansProductName" xlink:label="EquityPriceRiskEquityTrustPlansProductName" xlink:title="EquityPriceRiskEquityTrustPlansProductName"/>
    <link:definitionArc xlink:type="arc" xlink:arcrole="http://xbrl.org/int/dim/arcrole/domain-member" xlink:from="EquityPriceRiskEquityTrustPlansLineItems" xlink:to="EquityPriceRiskEquityTrustPlansProductName" xlink:title="definition: EquityPriceRiskEquityTrustPlansLineItems to EquityPriceRiskEquityTrustPlansProductName" use="optional" order="10.0"/>
    <link:loc xlink:type="locator" xlink:href="../../c-ross_core_2015-12-31.xsd#c-ross_ExcludedTable" xlink:label="Excluded" xlink:title="Excluded"/>
    <link:definitionArc xlink:type="arc" xlink:arcrole="http://xbrl.org/int/dim/arcrole/notAll" xlink:from="EquityPriceRiskEquityTrustPlansProductName" xlink:to="Excluded" xlink:title="definition: EquityPriceRiskEquityTrustPlansProductName to Excluded" use="optional" order="10.0" xbrldt:contextElement="scenario" xbrldt:targetRole="http://xbrl.circ.gov.cn/role/c-ross_2015-12-31_role-3161800c"/>
    <link:loc xlink:type="locator" xlink:href="../../c-ross_core_2015-12-31.xsd#c-ross_EquityPriceRiskEquityTrustPlansPurchaseCost" xlink:label="EquityPriceRiskEquityTrustPlansPurchaseCost" xlink:title="EquityPriceRiskEquityTrustPlansPurchaseCost"/>
    <link:definitionArc xlink:type="arc" xlink:arcrole="http://xbrl.org/int/dim/arcrole/domain-member" xlink:from="EquityPriceRiskEquityTrustPlansLineItems" xlink:to="EquityPriceRiskEquityTrustPlansPurchaseCost" xlink:title="definition: EquityPriceRiskEquityTrustPlansLineItems to EquityPriceRiskEquityTrustPlansPurchaseCost" use="optional" order="20.0"/>
    <link:loc xlink:type="locator" xlink:href="../../c-ross_core_2015-12-31.xsd#c-ross_EquityPriceRiskEquityTrustPlansAdmittedValue" xlink:label="EquityPriceRiskEquityTrustPlansAdmittedValue" xlink:title="EquityPriceRiskEquityTrustPlansAdmittedValue"/>
    <link:definitionArc xlink:type="arc" xlink:arcrole="http://xbrl.org/int/dim/arcrole/domain-member" xlink:from="EquityPriceRiskEquityTrustPlansLineItems" xlink:to="EquityPriceRiskEquityTrustPlansAdmittedValue" xlink:title="definition: EquityPriceRiskEquityTrustPlansLineItems to EquityPriceRiskEquityTrustPlansAdmittedValue" use="optional" order="30.0"/>
    <link:loc xlink:type="locator" xlink:href="../../c-ross_core_2015-12-31.xsd#c-ross_EquityPriceRiskEquityTrustPlansRiskExposure" xlink:label="EquityPriceRiskEquityTrustPlansRiskExposure" xlink:title="EquityPriceRiskEquityTrustPlansRiskExposure"/>
    <link:definitionArc xlink:type="arc" xlink:arcrole="http://xbrl.org/int/dim/arcrole/domain-member" xlink:from="EquityPriceRiskEquityTrustPlansLineItems" xlink:to="EquityPriceRiskEquityTrustPlansRiskExposure" xlink:title="definition: EquityPriceRiskEquityTrustPlansLineItems to EquityPriceRiskEquityTrustPlansRiskExposure" use="optional" order="40.0"/>
    <link:definitionArc xlink:type="arc" xlink:arcrole="http://xbrl.org/int/dim/arcrole/notAll" xlink:from="EquityPriceRiskEquityTrustPlansRiskExposure" xlink:to="Excluded" xlink:title="definition: EquityPriceRiskEquityTrustPlansRiskExposure to Excluded" use="optional" order="10.0" xbrldt:contextElement="scenario" xbrldt:targetRole="http://xbrl.circ.gov.cn/role/c-ross_2015-12-31_role-3161800d"/>
    <link:loc xlink:type="locator" xlink:href="../../c-ross_core_2015-12-31.xsd#c-ross_EquityPriceRiskEquityTrustPlansBaseRiskFactor" xlink:label="EquityPriceRiskEquityTrustPlansBaseRiskFactor" xlink:title="EquityPriceRiskEquityTrustPlansBaseRiskFactor"/>
    <link:definitionArc xlink:type="arc" xlink:arcrole="http://xbrl.org/int/dim/arcrole/domain-member" xlink:from="EquityPriceRiskEquityTrustPlansLineItems" xlink:to="EquityPriceRiskEquityTrustPlansBaseRiskFactor" xlink:title="definition: EquityPriceRiskEquityTrustPlansLineItems to EquityPriceRiskEquityTrustPlansBaseRiskFactor" use="optional" order="50.0"/>
    <link:definitionArc xlink:type="arc" xlink:arcrole="http://xbrl.org/int/dim/arcrole/notAll" xlink:from="EquityPriceRiskEquityTrustPlansBaseRiskFactor" xlink:to="Excluded" xlink:title="definition: EquityPriceRiskEquityTrustPlansBaseRiskFactor to Excluded" use="optional" order="10.0" xbrldt:contextElement="scenario" xbrldt:targetRole="http://xbrl.circ.gov.cn/role/c-ross_2015-12-31_role-3161800c"/>
    <link:loc xlink:type="locator" xlink:href="../../c-ross_core_2015-12-31.xsd#c-ross_EquityPriceRiskEquityTrustPlansMinimumCapital" xlink:label="EquityPriceRiskEquityTrustPlansMinimumCapital" xlink:title="EquityPriceRiskEquityTrustPlansMinimumCapital"/>
    <link:definitionArc xlink:type="arc" xlink:arcrole="http://xbrl.org/int/dim/arcrole/domain-member" xlink:from="EquityPriceRiskEquityTrustPlansLineItems" xlink:to="EquityPriceRiskEquityTrustPlansMinimumCapital" xlink:title="definition: EquityPriceRiskEquityTrustPlansLineItems to EquityPriceRiskEquityTrustPlansMinimumCapital" use="optional" order="60.0"/>
    <link:definitionArc xlink:type="arc" xlink:arcrole="http://xbrl.org/int/dim/arcrole/notAll" xlink:from="EquityPriceRiskEquityTrustPlansMinimumCapital" xlink:to="Excluded" xlink:title="definition: EquityPriceRiskEquityTrustPlansMinimumCapital to Excluded" use="optional" order="10.0" xbrldt:contextElement="scenario" xbrldt:targetRole="http://xbrl.circ.gov.cn/role/c-ross_2015-12-31_role-3161800d"/>
  </link:definitionLink>
  <link:definitionLink xlink:type="extended" xlink:role="http://xbrl.circ.gov.cn/role/c-ross_2015-12-31_role-3161800a">
    <link:loc xlink:type="locator" xlink:href="../../c-ross_core_2015-12-31.xsd#c-ross_ProductsWhetherOrNotToBeLookedThroughMember" xlink:label="ProductsWhetherOrNotToBeLookedThroughMember" xlink:title="ProductsWhetherOrNotToBeLookedThroughMember"/>
    <link:loc xlink:type="locator" xlink:href="../../c-ross_core_2015-12-31.xsd#c-ross_UnableToBeLookedThroughMember" xlink:label="UnableToBeLookedThroughMember" xlink:title="UnableToBeLookedThroughMember"/>
    <link:definitionArc xlink:type="arc" xlink:arcrole="http://xbrl.org/int/dim/arcrole/domain-member" xlink:from="ProductsWhetherOrNotToBeLookedThroughMember" xlink:to="UnableToBeLookedThroughMember" xlink:title="definition: ProductsWhetherOrNotToBeLookedThroughMember to UnableToBeLookedThroughMember" use="optional" order="10.0"/>
    <link:loc xlink:type="locator" xlink:href="../../c-ross_core_2015-12-31.xsd#c-ross_EquityPriceRiskEquityTrustPlansProductsWhetherOrNotToBeLookedThroughAxis" xlink:label="EquityPriceRiskEquityTrustPlansProductsWhetherOrNotToBeLookedThroughAxis" xlink:title="EquityPriceRiskEquityTrustPlansProductsWhetherOrNotToBeLookedThroughAxis"/>
    <link:definitionArc xlink:type="arc" xlink:arcrole="http://xbrl.org/int/dim/arcrole/dimension-domain" xlink:from="EquityPriceRiskEquityTrustPlansProductsWhetherOrNotToBeLookedThroughAxis" xlink:to="ProductsWhetherOrNotToBeLookedThroughMember" xlink:title="definition: EquityPriceRiskEquityTrustPlansProductsWhetherOrNotToBeLookedThroughAxis to ProductsWhetherOrNotToBeLookedThroughMember" use="optional" order="10.0"/>
    <link:loc xlink:type="locator" xlink:href="../../c-ross_core_2015-12-31.xsd#c-ross_EquityPriceRiskEquityTrustPlansTable" xlink:label="EquityPriceRiskEquityTrustPlansTable" xlink:title="EquityPriceRiskEquityTrustPlansTable"/>
    <link:definitionArc xlink:type="arc" xlink:arcrole="http://xbrl.org/int/dim/arcrole/hypercube-dimension" xlink:from="EquityPriceRiskEquityTrustPlansTable" xlink:to="EquityPriceRiskEquityTrustPlansProductsWhetherOrNotToBeLookedThroughAxis" xlink:title="definition: EquityPriceRiskEquityTrustPlansTable to EquityPriceRiskEquityTrustPlansProductsWhetherOrNotToBeLookedThroughAxis" use="optional" order="10.0"/>
    <link:loc xlink:type="locator" xlink:href="../../c-ross_core_2015-12-31.xsd#c-ross_EquityPriceRiskEquityTrustPlansCannotBeLookedThroughLineNumberAxis" xlink:label="EquityPriceRiskEquityTrustPlansCannotBeLookedThroughLineNumberAxis" xlink:title="EquityPriceRiskEquityTrustPlansCannotBeLookedThroughLineNumberAxis"/>
    <link:definitionArc xlink:type="arc" xlink:arcrole="http://xbrl.org/int/dim/arcrole/hypercube-dimension" xlink:from="EquityPriceRiskEquityTrustPlansTable" xlink:to="EquityPriceRiskEquityTrustPlansCannotBeLookedThroughLineNumberAxis" xlink:title="definition: EquityPriceRiskEquityTrustPlansTable to EquityPriceRiskEquityTrustPlansCannotBeLookedThroughLineNumberAxis" use="optional" order="20.0"/>
    <link:loc xlink:type="locator" xlink:href="../../c-ross_core_2015-12-31.xsd#c-ross_EquityPriceRiskEquityTrustPlansLineItems" xlink:label="EquityPriceRiskEquityTrustPlansLineItems" xlink:title="EquityPriceRiskEquityTrustPlansLineItems"/>
    <link:loc xlink:type="locator" xlink:href="../../c-ross_core_2015-12-31.xsd#c-ross_EquityPriceRiskEquityTrustPlansProductName" xlink:label="EquityPriceRiskEquityTrustPlansProductName" xlink:title="EquityPriceRiskEquityTrustPlansProductName"/>
    <link:definitionArc xlink:type="arc" xlink:arcrole="http://xbrl.org/int/dim/arcrole/domain-member" xlink:from="EquityPriceRiskEquityTrustPlansLineItems" xlink:to="EquityPriceRiskEquityTrustPlansProductName" xlink:title="definition: EquityPriceRiskEquityTrustPlansLineItems to EquityPriceRiskEquityTrustPlansProductName" use="optional" order="10.0"/>
    <link:loc xlink:type="locator" xlink:href="../../c-ross_core_2015-12-31.xsd#c-ross_EquityPriceRiskEquityTrustPlansPurchaseCost" xlink:label="EquityPriceRiskEquityTrustPlansPurchaseCost" xlink:title="EquityPriceRiskEquityTrustPlansPurchaseCost"/>
    <link:definitionArc xlink:type="arc" xlink:arcrole="http://xbrl.org/int/dim/arcrole/domain-member" xlink:from="EquityPriceRiskEquityTrustPlansLineItems" xlink:to="EquityPriceRiskEquityTrustPlansPurchaseCost" xlink:title="definition: EquityPriceRiskEquityTrustPlansLineItems to EquityPriceRiskEquityTrustPlansPurchaseCost" use="optional" order="20.0"/>
    <link:loc xlink:type="locator" xlink:href="../../c-ross_core_2015-12-31.xsd#c-ross_EquityPriceRiskEquityTrustPlansAdmittedValue" xlink:label="EquityPriceRiskEquityTrustPlansAdmittedValue" xlink:title="EquityPriceRiskEquityTrustPlansAdmittedValue"/>
    <link:definitionArc xlink:type="arc" xlink:arcrole="http://xbrl.org/int/dim/arcrole/domain-member" xlink:from="EquityPriceRiskEquityTrustPlansLineItems" xlink:to="EquityPriceRiskEquityTrustPlansAdmittedValue" xlink:title="definition: EquityPriceRiskEquityTrustPlansLineItems to EquityPriceRiskEquityTrustPlansAdmittedValue" use="optional" order="30.0"/>
    <link:loc xlink:type="locator" xlink:href="../../c-ross_core_2015-12-31.xsd#c-ross_EquityPriceRiskEquityTrustPlansRiskExposure" xlink:label="EquityPriceRiskEquityTrustPlansRiskExposure" xlink:title="EquityPriceRiskEquityTrustPlansRiskExposure"/>
    <link:definitionArc xlink:type="arc" xlink:arcrole="http://xbrl.org/int/dim/arcrole/domain-member" xlink:from="EquityPriceRiskEquityTrustPlansLineItems" xlink:to="EquityPriceRiskEquityTrustPlansRiskExposure" xlink:title="definition: EquityPriceRiskEquityTrustPlansLineItems to EquityPriceRiskEquityTrustPlansRiskExposure" use="optional" order="40.0"/>
    <link:loc xlink:type="locator" xlink:href="../../c-ross_core_2015-12-31.xsd#c-ross_EquityPriceRiskEquityTrustPlansBaseRiskFactor" xlink:label="EquityPriceRiskEquityTrustPlansBaseRiskFactor" xlink:title="EquityPriceRiskEquityTrustPlansBaseRiskFactor"/>
    <link:definitionArc xlink:type="arc" xlink:arcrole="http://xbrl.org/int/dim/arcrole/domain-member" xlink:from="EquityPriceRiskEquityTrustPlansLineItems" xlink:to="EquityPriceRiskEquityTrustPlansBaseRiskFactor" xlink:title="definition: EquityPriceRiskEquityTrustPlansLineItems to EquityPriceRiskEquityTrustPlansBaseRiskFactor" use="optional" order="50.0"/>
    <link:loc xlink:type="locator" xlink:href="../../c-ross_core_2015-12-31.xsd#c-ross_EquityPriceRiskEquityTrustPlansMinimumCapital" xlink:label="EquityPriceRiskEquityTrustPlansMinimumCapital" xlink:title="EquityPriceRiskEquityTrustPlansMinimumCapital"/>
    <link:definitionArc xlink:type="arc" xlink:arcrole="http://xbrl.org/int/dim/arcrole/domain-member" xlink:from="EquityPriceRiskEquityTrustPlansLineItems" xlink:to="EquityPriceRiskEquityTrustPlansMinimumCapital" xlink:title="definition: EquityPriceRiskEquityTrustPlansLineItems to EquityPriceRiskEquityTrustPlansMinimumCapital" use="optional" order="60.0"/>
    <link:loc xlink:type="locator" xlink:href="../../c-ross_core_2015-12-31.xsd#c-ross_EquityPriceRiskEquityTrustPlansCannotBeLookedThroughAbstract" xlink:label="EquityPriceRiskEquityTrustPlansCannotBeLookedThroughAbstract" xlink:title="EquityPriceRiskEquityTrustPlansCannotBeLookedThroughAbstract"/>
    <link:definitionArc xlink:type="arc" xlink:arcrole="http://xbrl.org/int/dim/arcrole/all" xlink:from="EquityPriceRiskEquityTrustPlansCannotBeLookedThroughAbstract" xlink:to="EquityPriceRiskEquityTrustPlansTable" xlink:title="definition: EquityPriceRiskEquityTrustPlansCannotBeLookedThroughAbstract to EquityPriceRiskEquityTrustPlansTable" use="optional" order="10.0" xbrldt:closed="true" xbrldt:contextElement="scenario"/>
    <link:definitionArc xlink:type="arc" xlink:arcrole="http://xbrl.org/int/dim/arcrole/domain-member" xlink:from="EquityPriceRiskEquityTrustPlansCannotBeLookedThroughAbstract" xlink:to="EquityPriceRiskEquityTrustPlansLineItems" xlink:title="definition: EquityPriceRiskEquityTrustPlansCannotBeLookedThroughAbstract to EquityPriceRiskEquityTrustPlansLineItems" use="optional" order="20.0"/>
  </link:definitionLink>
  <link:definitionLink xlink:type="extended" xlink:role="http://xbrl.circ.gov.cn/role/c-ross_2015-12-31_role-3161800b">
    <link:loc xlink:type="locator" xlink:href="../../c-ross_core_2015-12-31.xsd#c-ross_ProductsWhetherOrNotToBeLookedThroughMember" xlink:label="ProductsWhetherOrNotToBeLookedThroughMember" xlink:title="ProductsWhetherOrNotToBeLookedThroughMember"/>
    <link:loc xlink:type="locator" xlink:href="../../c-ross_core_2015-12-31.xsd#c-ross_AbleToBeLookedThroughMember" xlink:label="AbleToBeLookedThroughMember" xlink:title="AbleToBeLookedThroughMember"/>
    <link:definitionArc xlink:type="arc" xlink:arcrole="http://xbrl.org/int/dim/arcrole/domain-member" xlink:from="ProductsWhetherOrNotToBeLookedThroughMember" xlink:to="AbleToBeLookedThroughMember" xlink:title="definition: ProductsWhetherOrNotToBeLookedThroughMember to AbleToBeLookedThroughMember" use="optional" order="10.0"/>
    <link:loc xlink:type="locator" xlink:href="../../c-ross_core_2015-12-31.xsd#c-ross_EquityPriceRiskEquityTrustPlansProductsWhetherOrNotToBeLookedThroughAxis" xlink:label="EquityPriceRiskEquityTrustPlansProductsWhetherOrNotToBeLookedThroughAxis" xlink:title="EquityPriceRiskEquityTrustPlansProductsWhetherOrNotToBeLookedThroughAxis"/>
    <link:definitionArc xlink:type="arc" xlink:arcrole="http://xbrl.org/int/dim/arcrole/dimension-domain" xlink:from="EquityPriceRiskEquityTrustPlansProductsWhetherOrNotToBeLookedThroughAxis" xlink:to="ProductsWhetherOrNotToBeLookedThroughMember" xlink:title="definition: EquityPriceRiskEquityTrustPlansProductsWhetherOrNotToBeLookedThroughAxis to ProductsWhetherOrNotToBeLookedThroughMember" use="optional" order="10.0"/>
    <link:loc xlink:type="locator" xlink:href="../../c-ross_core_2015-12-31.xsd#c-ross_EquityPriceRiskEquityTrustPlansTable" xlink:label="EquityPriceRiskEquityTrustPlansTable" xlink:title="EquityPriceRiskEquityTrustPlansTable"/>
    <link:definitionArc xlink:type="arc" xlink:arcrole="http://xbrl.org/int/dim/arcrole/hypercube-dimension" xlink:from="EquityPriceRiskEquityTrustPlansTable" xlink:to="EquityPriceRiskEquityTrustPlansProductsWhetherOrNotToBeLookedThroughAxis" xlink:title="definition: EquityPriceRiskEquityTrustPlansTable to EquityPriceRiskEquityTrustPlansProductsWhetherOrNotToBeLookedThroughAxis" use="optional" order="10.0"/>
    <link:loc xlink:type="locator" xlink:href="../../c-ross_core_2015-12-31.xsd#c-ross_EquityPriceRiskEquityTrustPlansCanBeLookedThroughLineNumberAxis" xlink:label="EquityPriceRiskEquityTrustPlansCanBeLookedThroughLineNumberAxis" xlink:title="EquityPriceRiskEquityTrustPlansCanBeLookedThroughLineNumberAxis"/>
    <link:definitionArc xlink:type="arc" xlink:arcrole="http://xbrl.org/int/dim/arcrole/hypercube-dimension" xlink:from="EquityPriceRiskEquityTrustPlansTable" xlink:to="EquityPriceRiskEquityTrustPlansCanBeLookedThroughLineNumberAxis" xlink:title="definition: EquityPriceRiskEquityTrustPlansTable to EquityPriceRiskEquityTrustPlansCanBeLookedThroughLineNumberAxis" use="optional" order="20.0"/>
    <link:loc xlink:type="locator" xlink:href="../../c-ross_core_2015-12-31.xsd#c-ross_EquityPriceRiskEquityTrustPlansLineItems" xlink:label="EquityPriceRiskEquityTrustPlansLineItems" xlink:title="EquityPriceRiskEquityTrustPlansLineItems"/>
    <link:loc xlink:type="locator" xlink:href="../../c-ross_core_2015-12-31.xsd#c-ross_EquityPriceRiskEquityTrustPlansProductName" xlink:label="EquityPriceRiskEquityTrustPlansProductName" xlink:title="EquityPriceRiskEquityTrustPlansProductName"/>
    <link:definitionArc xlink:type="arc" xlink:arcrole="http://xbrl.org/int/dim/arcrole/domain-member" xlink:from="EquityPriceRiskEquityTrustPlansLineItems" xlink:to="EquityPriceRiskEquityTrustPlansProductName" xlink:title="definition: EquityPriceRiskEquityTrustPlansLineItems to EquityPriceRiskEquityTrustPlansProductName" use="optional" order="10.0"/>
    <link:loc xlink:type="locator" xlink:href="../../c-ross_core_2015-12-31.xsd#c-ross_EquityPriceRiskEquityTrustPlansPurchaseCost" xlink:label="EquityPriceRiskEquityTrustPlansPurchaseCost" xlink:title="EquityPriceRiskEquityTrustPlansPurchaseCost"/>
    <link:definitionArc xlink:type="arc" xlink:arcrole="http://xbrl.org/int/dim/arcrole/domain-member" xlink:from="EquityPriceRiskEquityTrustPlansLineItems" xlink:to="EquityPriceRiskEquityTrustPlansPurchaseCost" xlink:title="definition: EquityPriceRiskEquityTrustPlansLineItems to EquityPriceRiskEquityTrustPlansPurchaseCost" use="optional" order="20.0"/>
    <link:loc xlink:type="locator" xlink:href="../../c-ross_core_2015-12-31.xsd#c-ross_EquityPriceRiskEquityTrustPlansAdmittedValue" xlink:label="EquityPriceRiskEquityTrustPlansAdmittedValue" xlink:title="EquityPriceRiskEquityTrustPlansAdmittedValue"/>
    <link:definitionArc xlink:type="arc" xlink:arcrole="http://xbrl.org/int/dim/arcrole/domain-member" xlink:from="EquityPriceRiskEquityTrustPlansLineItems" xlink:to="EquityPriceRiskEquityTrustPlansAdmittedValue" xlink:title="definition: EquityPriceRiskEquityTrustPlansLineItems to EquityPriceRiskEquityTrustPlansAdmittedValue" use="optional" order="30.0"/>
    <link:loc xlink:type="locator" xlink:href="../../c-ross_core_2015-12-31.xsd#c-ross_EquityPriceRiskEquityTrustPlansRiskExposure" xlink:label="EquityPriceRiskEquityTrustPlansRiskExposure" xlink:title="EquityPriceRiskEquityTrustPlansRiskExposure"/>
    <link:definitionArc xlink:type="arc" xlink:arcrole="http://xbrl.org/int/dim/arcrole/domain-member" xlink:from="EquityPriceRiskEquityTrustPlansLineItems" xlink:to="EquityPriceRiskEquityTrustPlansRiskExposure" xlink:title="definition: EquityPriceRiskEquityTrustPlansLineItems to EquityPriceRiskEquityTrustPlansRiskExposure" use="optional" order="40.0"/>
    <link:loc xlink:type="locator" xlink:href="../../c-ross_core_2015-12-31.xsd#c-ross_ExcludedTable" xlink:label="Excluded" xlink:title="Excluded"/>
    <link:definitionArc xlink:type="arc" xlink:arcrole="http://xbrl.org/int/dim/arcrole/notAll" xlink:from="EquityPriceRiskEquityTrustPlansRiskExposure" xlink:to="Excluded" xlink:title="definition: EquityPriceRiskEquityTrustPlansRiskExposure to Excluded" use="optional" order="10.0" xbrldt:contextElement="scenario" xbrldt:targetRole="http://xbrl.circ.gov.cn/role/c-ross_2015-12-31_role-3161800d"/>
    <link:loc xlink:type="locator" xlink:href="../../c-ross_core_2015-12-31.xsd#c-ross_EquityPriceRiskEquityTrustPlansBaseRiskFactor" xlink:label="EquityPriceRiskEquityTrustPlansBaseRiskFactor" xlink:title="EquityPriceRiskEquityTrustPlansBaseRiskFactor"/>
    <link:definitionArc xlink:type="arc" xlink:arcrole="http://xbrl.org/int/dim/arcrole/domain-member" xlink:from="EquityPriceRiskEquityTrustPlansLineItems" xlink:to="EquityPriceRiskEquityTrustPlansBaseRiskFactor" xlink:title="definition: EquityPriceRiskEquityTrustPlansLineItems to EquityPriceRiskEquityTrustPlansBaseRiskFactor" use="optional" order="50.0"/>
    <link:definitionArc xlink:type="arc" xlink:arcrole="http://xbrl.org/int/dim/arcrole/notAll" xlink:from="EquityPriceRiskEquityTrustPlansBaseRiskFactor" xlink:to="Excluded" xlink:title="definition: EquityPriceRiskEquityTrustPlansBaseRiskFactor to Excluded" use="optional" order="10.0" xbrldt:contextElement="scenario" xbrldt:targetRole="http://xbrl.circ.gov.cn/role/c-ross_2015-12-31_role-3161800d"/>
    <link:loc xlink:type="locator" xlink:href="../../c-ross_core_2015-12-31.xsd#c-ross_EquityPriceRiskEquityTrustPlansMinimumCapital" xlink:label="EquityPriceRiskEquityTrustPlansMinimumCapital" xlink:title="EquityPriceRiskEquityTrustPlansMinimumCapital"/>
    <link:definitionArc xlink:type="arc" xlink:arcrole="http://xbrl.org/int/dim/arcrole/domain-member" xlink:from="EquityPriceRiskEquityTrustPlansLineItems" xlink:to="EquityPriceRiskEquityTrustPlansMinimumCapital" xlink:title="definition: EquityPriceRiskEquityTrustPlansLineItems to EquityPriceRiskEquityTrustPlansMinimumCapital" use="optional" order="60.0"/>
    <link:definitionArc xlink:type="arc" xlink:arcrole="http://xbrl.org/int/dim/arcrole/notAll" xlink:from="EquityPriceRiskEquityTrustPlansMinimumCapital" xlink:to="Excluded" xlink:title="definition: EquityPriceRiskEquityTrustPlansMinimumCapital to Excluded" use="optional" order="10.0" xbrldt:contextElement="scenario" xbrldt:targetRole="http://xbrl.circ.gov.cn/role/c-ross_2015-12-31_role-3161800d"/>
    <link:loc xlink:type="locator" xlink:href="../../c-ross_core_2015-12-31.xsd#c-ross_EquityPriceRiskEquityTrustPlansCanBeLookedThroughAbstract" xlink:label="EquityPriceRiskEquityTrustPlansCanBeLookedThroughAbstract" xlink:title="EquityPriceRiskEquityTrustPlansCanBeLookedThroughAbstract"/>
    <link:definitionArc xlink:type="arc" xlink:arcrole="http://xbrl.org/int/dim/arcrole/all" xlink:from="EquityPriceRiskEquityTrustPlansCanBeLookedThroughAbstract" xlink:to="EquityPriceRiskEquityTrustPlansTable" xlink:title="definition: EquityPriceRiskEquityTrustPlansCanBeLookedThroughAbstract to EquityPriceRiskEquityTrustPlansTable" use="optional" order="10.0" xbrldt:closed="true" xbrldt:contextElement="scenario"/>
    <link:definitionArc xlink:type="arc" xlink:arcrole="http://xbrl.org/int/dim/arcrole/domain-member" xlink:from="EquityPriceRiskEquityTrustPlansCanBeLookedThroughAbstract" xlink:to="EquityPriceRiskEquityTrustPlansLineItems" xlink:title="definition: EquityPriceRiskEquityTrustPlansCanBeLookedThroughAbstract to EquityPriceRiskEquityTrustPlansLineItems" use="optional" order="20.0"/>
  </link:definitionLink>
</link:linkbase>
