<?xml version="1.0" encoding="UTF-8"?>

<!--
	Taxonomy: 2015-12-31 (Final)
	**********************
	Copyright © 2015 China Insurance Regulatory Commission.
	All rights reserved.  No part of this publication may be translated, reprinted or reproduced
	or utilised in any form either in whole or in part without prior permission in writing from China Insurance Regulatory Commission.
	  **********************
	-->
<link:linkbase xmlns:xsi="http://www.w3.org/2001/XMLSchema-instance" xsi:schemaLocation="http://www.xbrl.org/2003/linkbase http://www.xbrl.org/2003/xbrl-linkbase-2003-12-31.xsd" xmlns:c-ross="http://xbrl.circ.gov.cn/taxonomy/2015-12-31/c-ross" xmlns:link="http://www.xbrl.org/2003/linkbase" xmlns:q_s_pc_entry_point="http://xbrl.circ.gov.cn/taxonomy/2015-12-31/c-ross/q_s_pc_entry_point" xmlns:xlink="http://www.w3.org/1999/xlink" xmlns:xbrli="http://www.xbrl.org/2003/instance" xmlns:xbrldt="http://xbrl.org/2005/xbrldt">
  <link:roleRef roleURI="http://xbrl.circ.gov.cn/role/c-ross_2015-12-31_role-3161500" xlink:type="simple" xlink:href="rol_c-ross_7_2015-12-31.xsd#c-ross_2015-12-31-3161500"/>
  <link:roleRef roleURI="http://xbrl.circ.gov.cn/role/c-ross_2015-12-31_role-3161500a" xlink:type="simple" xlink:href="rol_c-ross_7_2015-12-31.xsd#c-ross_2015-12-31-3161500a"/>
  <link:roleRef roleURI="http://xbrl.circ.gov.cn/role/c-ross_2015-12-31_role-3161500b" xlink:type="simple" xlink:href="rol_c-ross_7_2015-12-31.xsd#c-ross_2015-12-31-3161500b"/>
  <link:roleRef roleURI="http://xbrl.circ.gov.cn/role/c-ross_2015-12-31_role-3161500c" xlink:type="simple" xlink:href="rol_c-ross_7_2015-12-31.xsd#c-ross_2015-12-31-3161500c"/>
  <link:roleRef roleURI="http://xbrl.circ.gov.cn/role/c-ross_2015-12-31_role-3161500d" xlink:type="simple" xlink:href="rol_c-ross_7_2015-12-31.xsd#c-ross_2015-12-31-3161500d"/>
  <link:arcroleRef arcroleURI="http://xbrl.org/int/dim/arcrole/all" xlink:type="simple" xlink:href="http://www.xbrl.org/2005/xbrldt-2005.xsd#all"/>
  <link:arcroleRef arcroleURI="http://xbrl.org/int/dim/arcrole/dimension-default" xlink:type="simple" xlink:href="http://www.xbrl.org/2005/xbrldt-2005.xsd#dimension-default"/>
  <link:arcroleRef arcroleURI="http://xbrl.org/int/dim/arcrole/dimension-domain" xlink:type="simple" xlink:href="http://www.xbrl.org/2005/xbrldt-2005.xsd#dimension-domain"/>
  <link:arcroleRef arcroleURI="http://xbrl.org/int/dim/arcrole/domain-member" xlink:type="simple" xlink:href="http://www.xbrl.org/2005/xbrldt-2005.xsd#domain-member"/>
  <link:arcroleRef arcroleURI="http://xbrl.org/int/dim/arcrole/hypercube-dimension" xlink:type="simple" xlink:href="http://www.xbrl.org/2005/xbrldt-2005.xsd#hypercube-dimension"/>
  <link:arcroleRef arcroleURI="http://xbrl.org/int/dim/arcrole/notAll" xlink:type="simple" xlink:href="http://www.xbrl.org/2005/xbrldt-2005.xsd#notAll"/>
  <link:definitionLink xlink:type="extended" xlink:role="http://xbrl.circ.gov.cn/role/c-ross_2015-12-31_role-3161500">
    <link:loc xlink:type="locator" xlink:href="../../c-ross_core_2015-12-31.xsd#c-ross_EquityPriceRiskInfrastructureEquityInvestmentPlansGuaranteesTermsSituationAxis" xlink:label="EquityPriceRiskInfrastructureInvestmentPlansGuaranteesTermsSituationAxis" xlink:title="EquityPriceRiskInfrastructureInvestmentPlansGuaranteesTermsSituationAxis"/>
    <link:loc xlink:type="locator" xlink:href="../../c-ross_core_2015-12-31.xsd#c-ross_GuaranteesTermsSituationMember" xlink:label="GuaranteesTermsSituationMember" xlink:title="GuaranteesTermsSituationMember"/>
    <link:definitionArc xlink:type="arc" xlink:arcrole="http://xbrl.org/int/dim/arcrole/dimension-domain" xlink:from="EquityPriceRiskInfrastructureInvestmentPlansGuaranteesTermsSituationAxis" xlink:to="GuaranteesTermsSituationMember" xlink:title="definition: EquityPriceRiskInfrastructureInvestmentPlansGuaranteesTermsSituationAxis to GuaranteesTermsSituationMember" use="optional" order="10.0"/>
    <link:loc xlink:type="locator" xlink:href="../../c-ross_core_2015-12-31.xsd#c-ross_GuaranteesTermsSituationMember" xlink:label="GuaranteesTermsSituationMember_2" xlink:title="GuaranteesTermsSituationMember"/>
    <link:definitionArc xlink:type="arc" xlink:arcrole="http://xbrl.org/int/dim/arcrole/dimension-default" xlink:from="EquityPriceRiskInfrastructureInvestmentPlansGuaranteesTermsSituationAxis" xlink:to="GuaranteesTermsSituationMember_2" xlink:title="definition: EquityPriceRiskInfrastructureInvestmentPlansGuaranteesTermsSituationAxis to GuaranteesTermsSituationMember" use="optional" order="20.0"/>
    <link:loc xlink:type="locator" xlink:href="../../c-ross_core_2015-12-31.xsd#c-ross_ExcludingGuaranteesTermsMember" xlink:label="ExcludingGuaranteesTermsMember" xlink:title="ExcludingGuaranteesTermsMember"/>
    <link:definitionArc xlink:type="arc" xlink:arcrole="http://xbrl.org/int/dim/arcrole/domain-member" xlink:from="GuaranteesTermsSituationMember" xlink:to="ExcludingGuaranteesTermsMember" xlink:title="definition: GuaranteesTermsSituationMember to ExcludingGuaranteesTermsMember" use="optional" order="20.0"/>
    <link:loc xlink:type="locator" xlink:href="../../c-ross_core_2015-12-31.xsd#c-ross_IncludingGuaranteesTermsMember" xlink:label="IncludingGuaranteesTermsMember" xlink:title="IncludingGuaranteesTermsMember"/>
    <link:definitionArc xlink:type="arc" xlink:arcrole="http://xbrl.org/int/dim/arcrole/domain-member" xlink:from="GuaranteesTermsSituationMember" xlink:to="IncludingGuaranteesTermsMember" xlink:title="definition: GuaranteesTermsSituationMember to IncludingGuaranteesTermsMember" use="optional" order="10.0"/>
    <link:loc xlink:type="locator" xlink:href="../../c-ross_core_2015-12-31.xsd#c-ross_EquityPriceRiskInfrastructureEquityInvestmentPlansAbstract" xlink:label="EquityPriceRiskInfrastructureInvestmentPlansAbstract" xlink:title="EquityPriceRiskInfrastructureInvestmentPlansAbstract"/>
    <link:loc xlink:type="locator" xlink:href="../../c-ross_core_2015-12-31.xsd#c-ross_EquityPriceRiskInfrastructureEquityInvestmentPlansTable" xlink:label="EquityPriceRiskInfrastructureInvestmentPlansTable" xlink:title="EquityPriceRiskInfrastructureInvestmentPlansTable"/>
    <link:definitionArc xlink:type="arc" xlink:arcrole="http://xbrl.org/int/dim/arcrole/all" xlink:from="EquityPriceRiskInfrastructureInvestmentPlansAbstract" xlink:to="EquityPriceRiskInfrastructureInvestmentPlansTable" xlink:title="definition: EquityPriceRiskInfrastructureInvestmentPlansAbstract to EquityPriceRiskInfrastructureInvestmentPlansTable" use="optional" order="10.0" xbrldt:closed="true" xbrldt:contextElement="scenario"/>
    <link:definitionArc xlink:type="arc" xlink:arcrole="http://xbrl.org/int/dim/arcrole/hypercube-dimension" xlink:from="EquityPriceRiskInfrastructureInvestmentPlansTable" xlink:to="EquityPriceRiskInfrastructureInvestmentPlansGuaranteesTermsSituationAxis" xlink:title="definition: EquityPriceRiskInfrastructureInvestmentPlansTable to EquityPriceRiskInfrastructureInvestmentPlansGuaranteesTermsSituationAxis" use="optional" order="10.0"/>
    <link:loc xlink:type="locator" xlink:href="../../c-ross_core_2015-12-31.xsd#c-ross_EquityPriceRiskInfrastructureEquityInvestmentPlansLineItems" xlink:label="EquityPriceRiskInfrastructureInvestmentPlansLineItems" xlink:title="EquityPriceRiskInfrastructureInvestmentPlansLineItems"/>
    <link:definitionArc xlink:type="arc" xlink:arcrole="http://xbrl.org/int/dim/arcrole/domain-member" xlink:from="EquityPriceRiskInfrastructureInvestmentPlansAbstract" xlink:to="EquityPriceRiskInfrastructureInvestmentPlansLineItems" xlink:title="definition: EquityPriceRiskInfrastructureInvestmentPlansAbstract to EquityPriceRiskInfrastructureInvestmentPlansLineItems" use="optional" order="20.0"/>
    <link:loc xlink:type="locator" xlink:href="../../c-ross_core_2015-12-31.xsd#c-ross_EquityPriceRiskInfrastructureEquityInvestmentPlansProductName" xlink:label="EquityPriceRiskInfrastructureInvestmentPlansAssetName" xlink:title="EquityPriceRiskInfrastructureInvestmentPlansAssetName"/>
    <link:definitionArc xlink:type="arc" xlink:arcrole="http://xbrl.org/int/dim/arcrole/domain-member" xlink:from="EquityPriceRiskInfrastructureInvestmentPlansLineItems" xlink:to="EquityPriceRiskInfrastructureInvestmentPlansAssetName" xlink:title="definition: EquityPriceRiskInfrastructureInvestmentPlansLineItems to EquityPriceRiskInfrastructureInvestmentPlansAssetName" use="optional" order="10.0"/>
    <link:loc xlink:type="locator" xlink:href="../../c-ross_core_2015-12-31.xsd#c-ross_ExcludedTable" xlink:label="Excluded" xlink:title="Excluded"/>
    <link:definitionArc xlink:type="arc" xlink:arcrole="http://xbrl.org/int/dim/arcrole/notAll" xlink:from="EquityPriceRiskInfrastructureInvestmentPlansAssetName" xlink:to="Excluded" xlink:title="definition: EquityPriceRiskInfrastructureInvestmentPlansAssetName to Excluded" use="optional" order="10.0" xbrldt:contextElement="scenario" xbrldt:targetRole="http://xbrl.circ.gov.cn/role/c-ross_2015-12-31_role-3161500c"/>
    <link:loc xlink:type="locator" xlink:href="../../c-ross_core_2015-12-31.xsd#c-ross_EquityPriceRiskInfrastructureEquityInvestmentPlansProductCode" xlink:label="EquityPriceRiskInfrastructureInvestmentPlansMarketCode" xlink:title="EquityPriceRiskInfrastructureInvestmentPlansMarketCode"/>
    <link:definitionArc xlink:type="arc" xlink:arcrole="http://xbrl.org/int/dim/arcrole/domain-member" xlink:from="EquityPriceRiskInfrastructureInvestmentPlansLineItems" xlink:to="EquityPriceRiskInfrastructureInvestmentPlansMarketCode" xlink:title="definition: EquityPriceRiskInfrastructureInvestmentPlansLineItems to EquityPriceRiskInfrastructureInvestmentPlansMarketCode" use="optional" order="20.0"/>
    <link:definitionArc xlink:type="arc" xlink:arcrole="http://xbrl.org/int/dim/arcrole/notAll" xlink:from="EquityPriceRiskInfrastructureInvestmentPlansMarketCode" xlink:to="Excluded" xlink:title="definition: EquityPriceRiskInfrastructureInvestmentPlansMarketCode to Excluded" order="10.0" xbrldt:contextElement="scenario" xbrldt:targetRole="http://xbrl.circ.gov.cn/role/c-ross_2015-12-31_role-3161500c"/>
    <link:loc xlink:type="locator" xlink:href="../../c-ross_core_2015-12-31.xsd#c-ross_EquityPriceRiskInfrastructureEquityInvestmentPlansPurchaseCost" xlink:label="EquityPriceRiskInfrastructureInvestmentPlansPurchaseCost" xlink:title="EquityPriceRiskInfrastructureInvestmentPlansPurchaseCost"/>
    <link:definitionArc xlink:type="arc" xlink:arcrole="http://xbrl.org/int/dim/arcrole/domain-member" xlink:from="EquityPriceRiskInfrastructureInvestmentPlansLineItems" xlink:to="EquityPriceRiskInfrastructureInvestmentPlansPurchaseCost" xlink:title="definition: EquityPriceRiskInfrastructureInvestmentPlansLineItems to EquityPriceRiskInfrastructureInvestmentPlansPurchaseCost" use="optional" order="30.0"/>
    <link:loc xlink:type="locator" xlink:href="../../c-ross_core_2015-12-31.xsd#c-ross_EquityPriceRiskInfrastructureEquityInvestmentPlansAdmittedValue" xlink:label="EquityPriceRiskInfrastructureInvestmentPlansAdmittedValue" xlink:title="EquityPriceRiskInfrastructureInvestmentPlansAdmittedValue"/>
    <link:definitionArc xlink:type="arc" xlink:arcrole="http://xbrl.org/int/dim/arcrole/domain-member" xlink:from="EquityPriceRiskInfrastructureInvestmentPlansLineItems" xlink:to="EquityPriceRiskInfrastructureInvestmentPlansAdmittedValue" xlink:title="definition: EquityPriceRiskInfrastructureInvestmentPlansLineItems to EquityPriceRiskInfrastructureInvestmentPlansAdmittedValue" use="optional" order="40.0"/>
    <link:loc xlink:type="locator" xlink:href="../../c-ross_core_2015-12-31.xsd#c-ross_EquityPriceRiskInfrastructureEquityInvestmentPlansRiskExposure" xlink:label="EquityPriceRiskInfrastructureInvestmentPlansRiskExposure" xlink:title="EquityPriceRiskInfrastructureInvestmentPlansRiskExposure"/>
    <link:definitionArc xlink:type="arc" xlink:arcrole="http://xbrl.org/int/dim/arcrole/domain-member" xlink:from="EquityPriceRiskInfrastructureInvestmentPlansLineItems" xlink:to="EquityPriceRiskInfrastructureInvestmentPlansRiskExposure" xlink:title="definition: EquityPriceRiskInfrastructureInvestmentPlansLineItems to EquityPriceRiskInfrastructureInvestmentPlansRiskExposure" use="optional" order="50.0"/>
    <link:definitionArc xlink:type="arc" xlink:arcrole="http://xbrl.org/int/dim/arcrole/notAll" xlink:from="EquityPriceRiskInfrastructureInvestmentPlansRiskExposure" xlink:to="Excluded" xlink:title="definition: EquityPriceRiskInfrastructureInvestmentPlansRiskExposure to Excluded" order="10.0" xbrldt:contextElement="scenario" xbrldt:targetRole="http://xbrl.circ.gov.cn/role/c-ross_2015-12-31_role-3161500d"/>
    <link:loc xlink:type="locator" xlink:href="../../c-ross_core_2015-12-31.xsd#c-ross_EquityPriceRiskInfrastructureEquityInvestmentPlansBaseRiskFactor" xlink:label="EquityPriceRiskInfrastructureInvestmentPlansBaseRiskFactor" xlink:title="EquityPriceRiskInfrastructureInvestmentPlansBaseRiskFactor"/>
    <link:definitionArc xlink:type="arc" xlink:arcrole="http://xbrl.org/int/dim/arcrole/domain-member" xlink:from="EquityPriceRiskInfrastructureInvestmentPlansLineItems" xlink:to="EquityPriceRiskInfrastructureInvestmentPlansBaseRiskFactor" xlink:title="definition: EquityPriceRiskInfrastructureInvestmentPlansLineItems to EquityPriceRiskInfrastructureInvestmentPlansBaseRiskFactor" use="optional" order="60.0"/>
    <link:definitionArc xlink:type="arc" xlink:arcrole="http://xbrl.org/int/dim/arcrole/notAll" xlink:from="EquityPriceRiskInfrastructureInvestmentPlansBaseRiskFactor" xlink:to="Excluded" xlink:title="definition: EquityPriceRiskInfrastructureInvestmentPlansBaseRiskFactor to Excluded" use="optional" order="10.0" xbrldt:contextElement="scenario" xbrldt:targetRole="http://xbrl.circ.gov.cn/role/c-ross_2015-12-31_role-3161500c"/>
    <link:loc xlink:type="locator" xlink:href="../../c-ross_core_2015-12-31.xsd#c-ross_EquityPriceRiskInfrastructureEquityInvestmentPlansMinimumCapital" xlink:label="EquityPriceRiskInfrastructureInvestmentPlansMinimumCapital" xlink:title="EquityPriceRiskInfrastructureInvestmentPlansMinimumCapital"/>
    <link:definitionArc xlink:type="arc" xlink:arcrole="http://xbrl.org/int/dim/arcrole/domain-member" xlink:from="EquityPriceRiskInfrastructureInvestmentPlansLineItems" xlink:to="EquityPriceRiskInfrastructureInvestmentPlansMinimumCapital" xlink:title="definition: EquityPriceRiskInfrastructureInvestmentPlansLineItems to EquityPriceRiskInfrastructureInvestmentPlansMinimumCapital" use="optional" order="70.0"/>
    <link:definitionArc xlink:type="arc" xlink:arcrole="http://xbrl.org/int/dim/arcrole/notAll" xlink:from="EquityPriceRiskInfrastructureInvestmentPlansMinimumCapital" xlink:to="Excluded" xlink:title="definition: EquityPriceRiskInfrastructureInvestmentPlansMinimumCapital to Excluded" order="10.0" xbrldt:contextElement="scenario" xbrldt:targetRole="http://xbrl.circ.gov.cn/role/c-ross_2015-12-31_role-3161500d"/>
  </link:definitionLink>
  <link:definitionLink xlink:type="extended" xlink:role="http://xbrl.circ.gov.cn/role/c-ross_2015-12-31_role-3161500a">
    <link:loc xlink:type="locator" xlink:href="../../c-ross_core_2015-12-31.xsd#c-ross_EquityPriceRiskInfrastructureEquityInvestmentPlansGuaranteesTermsSituationAxis" xlink:label="EquityPriceRiskInfrastructureInvestmentPlansGuaranteesTermsSituationAxis" xlink:title="EquityPriceRiskInfrastructureInvestmentPlansGuaranteesTermsSituationAxis"/>
    <link:loc xlink:type="locator" xlink:href="../../c-ross_core_2015-12-31.xsd#c-ross_GuaranteesTermsSituationMember" xlink:label="GuaranteesTermsSituationMember" xlink:title="GuaranteesTermsSituationMember"/>
    <link:definitionArc xlink:type="arc" xlink:arcrole="http://xbrl.org/int/dim/arcrole/dimension-domain" xlink:from="EquityPriceRiskInfrastructureInvestmentPlansGuaranteesTermsSituationAxis" xlink:to="GuaranteesTermsSituationMember" xlink:title="definition: EquityPriceRiskInfrastructureInvestmentPlansGuaranteesTermsSituationAxis to GuaranteesTermsSituationMember" use="optional" order="10.0"/>
    <link:loc xlink:type="locator" xlink:href="../../c-ross_core_2015-12-31.xsd#c-ross_IncludingGuaranteesTermsMember" xlink:label="IncludingGuaranteesTermsMember" xlink:title="IncludingGuaranteesTermsMember"/>
    <link:definitionArc xlink:type="arc" xlink:arcrole="http://xbrl.org/int/dim/arcrole/domain-member" xlink:from="GuaranteesTermsSituationMember" xlink:to="IncludingGuaranteesTermsMember" xlink:title="definition: GuaranteesTermsSituationMember to IncludingGuaranteesTermsMember" use="optional" order="10.0"/>
    <link:loc xlink:type="locator" xlink:href="../../c-ross_core_2015-12-31.xsd#c-ross_EquityPriceRiskInfrastructureEquityInvestmentPlansTable" xlink:label="EquityPriceRiskInfrastructureInvestmentPlansTable" xlink:title="EquityPriceRiskInfrastructureInvestmentPlansTable"/>
    <link:definitionArc xlink:type="arc" xlink:arcrole="http://xbrl.org/int/dim/arcrole/hypercube-dimension" xlink:from="EquityPriceRiskInfrastructureInvestmentPlansTable" xlink:to="EquityPriceRiskInfrastructureInvestmentPlansGuaranteesTermsSituationAxis" xlink:title="definition: EquityPriceRiskInfrastructureInvestmentPlansTable to EquityPriceRiskInfrastructureInvestmentPlansGuaranteesTermsSituationAxis" use="optional" order="10.0"/>
    <link:loc xlink:type="locator" xlink:href="../../c-ross_core_2015-12-31.xsd#c-ross_EquityPriceRiskInfrastructureEquityInvestmentPlansIncludingGuaranteesTermsLineNumberAxis" xlink:label="EquityPriceRiskInfrastructureInvestmentPlansIncludingGuaranteesTermsLineNumberAxis" xlink:title="EquityPriceRiskInfrastructureInvestmentPlansIncludingGuaranteesTermsLineNumberAxis"/>
    <link:definitionArc xlink:type="arc" xlink:arcrole="http://xbrl.org/int/dim/arcrole/hypercube-dimension" xlink:from="EquityPriceRiskInfrastructureInvestmentPlansTable" xlink:to="EquityPriceRiskInfrastructureInvestmentPlansIncludingGuaranteesTermsLineNumberAxis" xlink:title="definition: EquityPriceRiskInfrastructureInvestmentPlansTable to EquityPriceRiskInfrastructureInvestmentPlansIncludingGuaranteesTermsLineNumberAxis" use="optional" order="20.0"/>
    <link:loc xlink:type="locator" xlink:href="../../c-ross_core_2015-12-31.xsd#c-ross_EquityPriceRiskInfrastructureEquityInvestmentPlansLineItems" xlink:label="EquityPriceRiskInfrastructureInvestmentPlansLineItems" xlink:title="EquityPriceRiskInfrastructureInvestmentPlansLineItems"/>
    <link:loc xlink:type="locator" xlink:href="../../c-ross_core_2015-12-31.xsd#c-ross_EquityPriceRiskInfrastructureEquityInvestmentPlansProductName" xlink:label="EquityPriceRiskInfrastructureInvestmentPlansAssetName" xlink:title="EquityPriceRiskInfrastructureInvestmentPlansAssetName"/>
    <link:definitionArc xlink:type="arc" xlink:arcrole="http://xbrl.org/int/dim/arcrole/domain-member" xlink:from="EquityPriceRiskInfrastructureInvestmentPlansLineItems" xlink:to="EquityPriceRiskInfrastructureInvestmentPlansAssetName" xlink:title="definition: EquityPriceRiskInfrastructureInvestmentPlansLineItems to EquityPriceRiskInfrastructureInvestmentPlansAssetName" use="optional" order="10.0"/>
    <link:loc xlink:type="locator" xlink:href="../../c-ross_core_2015-12-31.xsd#c-ross_EquityPriceRiskInfrastructureEquityInvestmentPlansProductCode" xlink:label="EquityPriceRiskInfrastructureInvestmentPlansMarketCode" xlink:title="EquityPriceRiskInfrastructureInvestmentPlansMarketCode"/>
    <link:definitionArc xlink:type="arc" xlink:arcrole="http://xbrl.org/int/dim/arcrole/domain-member" xlink:from="EquityPriceRiskInfrastructureInvestmentPlansLineItems" xlink:to="EquityPriceRiskInfrastructureInvestmentPlansMarketCode" xlink:title="definition: EquityPriceRiskInfrastructureInvestmentPlansLineItems to EquityPriceRiskInfrastructureInvestmentPlansMarketCode" use="optional" order="20.0"/>
    <link:loc xlink:type="locator" xlink:href="../../c-ross_core_2015-12-31.xsd#c-ross_EquityPriceRiskInfrastructureEquityInvestmentPlansPurchaseCost" xlink:label="EquityPriceRiskInfrastructureInvestmentPlansPurchaseCost" xlink:title="EquityPriceRiskInfrastructureInvestmentPlansPurchaseCost"/>
    <link:definitionArc xlink:type="arc" xlink:arcrole="http://xbrl.org/int/dim/arcrole/domain-member" xlink:from="EquityPriceRiskInfrastructureInvestmentPlansLineItems" xlink:to="EquityPriceRiskInfrastructureInvestmentPlansPurchaseCost" xlink:title="definition: EquityPriceRiskInfrastructureInvestmentPlansLineItems to EquityPriceRiskInfrastructureInvestmentPlansPurchaseCost" use="optional" order="30.0"/>
    <link:loc xlink:type="locator" xlink:href="../../c-ross_core_2015-12-31.xsd#c-ross_EquityPriceRiskInfrastructureEquityInvestmentPlansAdmittedValue" xlink:label="EquityPriceRiskInfrastructureInvestmentPlansAdmittedValue" xlink:title="EquityPriceRiskInfrastructureInvestmentPlansAdmittedValue"/>
    <link:definitionArc xlink:type="arc" xlink:arcrole="http://xbrl.org/int/dim/arcrole/domain-member" xlink:from="EquityPriceRiskInfrastructureInvestmentPlansLineItems" xlink:to="EquityPriceRiskInfrastructureInvestmentPlansAdmittedValue" xlink:title="definition: EquityPriceRiskInfrastructureInvestmentPlansLineItems to EquityPriceRiskInfrastructureInvestmentPlansAdmittedValue" use="optional" order="40.0"/>
    <link:loc xlink:type="locator" xlink:href="../../c-ross_core_2015-12-31.xsd#c-ross_EquityPriceRiskInfrastructureEquityInvestmentPlansRiskExposure" xlink:label="EquityPriceRiskInfrastructureInvestmentPlansRiskExposure" xlink:title="EquityPriceRiskInfrastructureInvestmentPlansRiskExposure"/>
    <link:definitionArc xlink:type="arc" xlink:arcrole="http://xbrl.org/int/dim/arcrole/domain-member" xlink:from="EquityPriceRiskInfrastructureInvestmentPlansLineItems" xlink:to="EquityPriceRiskInfrastructureInvestmentPlansRiskExposure" xlink:title="definition: EquityPriceRiskInfrastructureInvestmentPlansLineItems to EquityPriceRiskInfrastructureInvestmentPlansRiskExposure" use="optional" order="50.0"/>
    <link:loc xlink:type="locator" xlink:href="../../c-ross_core_2015-12-31.xsd#c-ross_ExcludedTable" xlink:label="Excluded" xlink:title="Excluded"/>
    <link:definitionArc xlink:type="arc" xlink:arcrole="http://xbrl.org/int/dim/arcrole/notAll" xlink:from="EquityPriceRiskInfrastructureInvestmentPlansRiskExposure" xlink:to="Excluded" xlink:title="definition: EquityPriceRiskInfrastructureInvestmentPlansRiskExposure to Excluded" order="10.0" xbrldt:contextElement="scenario" xbrldt:targetRole="http://xbrl.circ.gov.cn/role/c-ross_2015-12-31_role-3161500d"/>
    <link:loc xlink:type="locator" xlink:href="../../c-ross_core_2015-12-31.xsd#c-ross_EquityPriceRiskInfrastructureEquityInvestmentPlansBaseRiskFactor" xlink:label="EquityPriceRiskInfrastructureInvestmentPlansBaseRiskFactor" xlink:title="EquityPriceRiskInfrastructureInvestmentPlansBaseRiskFactor"/>
    <link:definitionArc xlink:type="arc" xlink:arcrole="http://xbrl.org/int/dim/arcrole/domain-member" xlink:from="EquityPriceRiskInfrastructureInvestmentPlansLineItems" xlink:to="EquityPriceRiskInfrastructureInvestmentPlansBaseRiskFactor" xlink:title="definition: EquityPriceRiskInfrastructureInvestmentPlansLineItems to EquityPriceRiskInfrastructureInvestmentPlansBaseRiskFactor" use="optional" order="60.0"/>
    <link:definitionArc xlink:type="arc" xlink:arcrole="http://xbrl.org/int/dim/arcrole/notAll" xlink:from="EquityPriceRiskInfrastructureInvestmentPlansBaseRiskFactor" xlink:to="Excluded" xlink:title="definition: EquityPriceRiskInfrastructureInvestmentPlansBaseRiskFactor to Excluded" order="10.0" xbrldt:contextElement="scenario" xbrldt:targetRole="http://xbrl.circ.gov.cn/role/c-ross_2015-12-31_role-3161500d"/>
    <link:loc xlink:type="locator" xlink:href="../../c-ross_core_2015-12-31.xsd#c-ross_EquityPriceRiskInfrastructureEquityInvestmentPlansMinimumCapital" xlink:label="EquityPriceRiskInfrastructureInvestmentPlansMinimumCapital" xlink:title="EquityPriceRiskInfrastructureInvestmentPlansMinimumCapital"/>
    <link:definitionArc xlink:type="arc" xlink:arcrole="http://xbrl.org/int/dim/arcrole/domain-member" xlink:from="EquityPriceRiskInfrastructureInvestmentPlansLineItems" xlink:to="EquityPriceRiskInfrastructureInvestmentPlansMinimumCapital" xlink:title="definition: EquityPriceRiskInfrastructureInvestmentPlansLineItems to EquityPriceRiskInfrastructureInvestmentPlansMinimumCapital" use="optional" order="70.0"/>
    <link:definitionArc xlink:type="arc" xlink:arcrole="http://xbrl.org/int/dim/arcrole/notAll" xlink:from="EquityPriceRiskInfrastructureInvestmentPlansMinimumCapital" xlink:to="Excluded" xlink:title="definition: EquityPriceRiskInfrastructureInvestmentPlansMinimumCapital to Excluded" order="10.0" xbrldt:contextElement="scenario" xbrldt:targetRole="http://xbrl.circ.gov.cn/role/c-ross_2015-12-31_role-3161500d"/>
    <link:loc xlink:type="locator" xlink:href="../../c-ross_core_2015-12-31.xsd#c-ross_EquityPriceRiskInfrastructureEquityInvestmentPlansIncludingGuaranteesTermsAbstract" xlink:label="EquityPriceRiskInfrastructureInvestmentPlansIncludingGuaranteesTermsAbstract" xlink:title="EquityPriceRiskInfrastructureInvestmentPlansIncludingGuaranteesTermsAbstract"/>
    <link:definitionArc xlink:type="arc" xlink:arcrole="http://xbrl.org/int/dim/arcrole/all" xlink:from="EquityPriceRiskInfrastructureInvestmentPlansIncludingGuaranteesTermsAbstract" xlink:to="EquityPriceRiskInfrastructureInvestmentPlansTable" xlink:title="definition: EquityPriceRiskInfrastructureInvestmentPlansIncludingGuaranteesTermsAbstract to EquityPriceRiskInfrastructureInvestmentPlansTable" use="optional" order="10.0" xbrldt:closed="true" xbrldt:contextElement="scenario"/>
    <link:definitionArc xlink:type="arc" xlink:arcrole="http://xbrl.org/int/dim/arcrole/domain-member" xlink:from="EquityPriceRiskInfrastructureInvestmentPlansIncludingGuaranteesTermsAbstract" xlink:to="EquityPriceRiskInfrastructureInvestmentPlansLineItems" xlink:title="definition: EquityPriceRiskInfrastructureInvestmentPlansIncludingGuaranteesTermsAbstract to EquityPriceRiskInfrastructureInvestmentPlansLineItems" use="optional" order="20.0"/>
  </link:definitionLink>
  <link:definitionLink xlink:type="extended" xlink:role="http://xbrl.circ.gov.cn/role/c-ross_2015-12-31_role-3161500b">
    <link:loc xlink:type="locator" xlink:href="../../c-ross_core_2015-12-31.xsd#c-ross_EquityPriceRiskInfrastructureEquityInvestmentPlansGuaranteesTermsSituationAxis" xlink:label="EquityPriceRiskInfrastructureInvestmentPlansGuaranteesTermsSituationAxis" xlink:title="EquityPriceRiskInfrastructureInvestmentPlansGuaranteesTermsSituationAxis"/>
    <link:loc xlink:type="locator" xlink:href="../../c-ross_core_2015-12-31.xsd#c-ross_GuaranteesTermsSituationMember" xlink:label="GuaranteesTermsSituationMember" xlink:title="GuaranteesTermsSituationMember"/>
    <link:definitionArc xlink:type="arc" xlink:arcrole="http://xbrl.org/int/dim/arcrole/dimension-domain" xlink:from="EquityPriceRiskInfrastructureInvestmentPlansGuaranteesTermsSituationAxis" xlink:to="GuaranteesTermsSituationMember" xlink:title="definition: EquityPriceRiskInfrastructureInvestmentPlansGuaranteesTermsSituationAxis to GuaranteesTermsSituationMember" use="optional" order="10.0"/>
    <link:loc xlink:type="locator" xlink:href="../../c-ross_core_2015-12-31.xsd#c-ross_ExcludingGuaranteesTermsMember" xlink:label="ExcludingGuaranteesTermsMember" xlink:title="ExcludingGuaranteesTermsMember"/>
    <link:definitionArc xlink:type="arc" xlink:arcrole="http://xbrl.org/int/dim/arcrole/domain-member" xlink:from="GuaranteesTermsSituationMember" xlink:to="ExcludingGuaranteesTermsMember" xlink:title="definition: GuaranteesTermsSituationMember to ExcludingGuaranteesTermsMember" use="optional" order="10.0"/>
    <link:loc xlink:type="locator" xlink:href="../../c-ross_core_2015-12-31.xsd#c-ross_EquityPriceRiskInfrastructureEquityInvestmentPlansTable" xlink:label="EquityPriceRiskInfrastructureInvestmentPlansTable" xlink:title="EquityPriceRiskInfrastructureInvestmentPlansTable"/>
    <link:definitionArc xlink:type="arc" xlink:arcrole="http://xbrl.org/int/dim/arcrole/hypercube-dimension" xlink:from="EquityPriceRiskInfrastructureInvestmentPlansTable" xlink:to="EquityPriceRiskInfrastructureInvestmentPlansGuaranteesTermsSituationAxis" xlink:title="definition: EquityPriceRiskInfrastructureInvestmentPlansTable to EquityPriceRiskInfrastructureInvestmentPlansGuaranteesTermsSituationAxis" use="optional" order="10.0"/>
    <link:loc xlink:type="locator" xlink:href="../../c-ross_core_2015-12-31.xsd#c-ross_EquityPriceRiskInfrastructureEquityInvestmentPlansExcludingGuaranteesTermsLineNumberAxis" xlink:label="EquityPriceRiskInfrastructureInvestmentPlansExcludingGuaranteesTermsLineNumberAxis" xlink:title="EquityPriceRiskInfrastructureInvestmentPlansExcludingGuaranteesTermsLineNumberAxis"/>
    <link:definitionArc xlink:type="arc" xlink:arcrole="http://xbrl.org/int/dim/arcrole/hypercube-dimension" xlink:from="EquityPriceRiskInfrastructureInvestmentPlansTable" xlink:to="EquityPriceRiskInfrastructureInvestmentPlansExcludingGuaranteesTermsLineNumberAxis" xlink:title="definition: EquityPriceRiskInfrastructureInvestmentPlansTable to EquityPriceRiskInfrastructureInvestmentPlansExcludingGuaranteesTermsLineNumberAxis" use="optional" order="20.0"/>
    <link:loc xlink:type="locator" xlink:href="../../c-ross_core_2015-12-31.xsd#c-ross_EquityPriceRiskInfrastructureEquityInvestmentPlansLineItems" xlink:label="EquityPriceRiskInfrastructureInvestmentPlansLineItems" xlink:title="EquityPriceRiskInfrastructureInvestmentPlansLineItems"/>
    <link:loc xlink:type="locator" xlink:href="../../c-ross_core_2015-12-31.xsd#c-ross_EquityPriceRiskInfrastructureEquityInvestmentPlansProductName" xlink:label="EquityPriceRiskInfrastructureInvestmentPlansAssetName" xlink:title="EquityPriceRiskInfrastructureInvestmentPlansAssetName"/>
    <link:definitionArc xlink:type="arc" xlink:arcrole="http://xbrl.org/int/dim/arcrole/domain-member" xlink:from="EquityPriceRiskInfrastructureInvestmentPlansLineItems" xlink:to="EquityPriceRiskInfrastructureInvestmentPlansAssetName" xlink:title="definition: EquityPriceRiskInfrastructureInvestmentPlansLineItems to EquityPriceRiskInfrastructureInvestmentPlansAssetName" use="optional" order="10.0"/>
    <link:loc xlink:type="locator" xlink:href="../../c-ross_core_2015-12-31.xsd#c-ross_EquityPriceRiskInfrastructureEquityInvestmentPlansProductCode" xlink:label="EquityPriceRiskInfrastructureInvestmentPlansMarketCode" xlink:title="EquityPriceRiskInfrastructureInvestmentPlansMarketCode"/>
    <link:definitionArc xlink:type="arc" xlink:arcrole="http://xbrl.org/int/dim/arcrole/domain-member" xlink:from="EquityPriceRiskInfrastructureInvestmentPlansLineItems" xlink:to="EquityPriceRiskInfrastructureInvestmentPlansMarketCode" xlink:title="definition: EquityPriceRiskInfrastructureInvestmentPlansLineItems to EquityPriceRiskInfrastructureInvestmentPlansMarketCode" use="optional" order="20.0"/>
    <link:loc xlink:type="locator" xlink:href="../../c-ross_core_2015-12-31.xsd#c-ross_EquityPriceRiskInfrastructureEquityInvestmentPlansPurchaseCost" xlink:label="EquityPriceRiskInfrastructureInvestmentPlansPurchaseCost" xlink:title="EquityPriceRiskInfrastructureInvestmentPlansPurchaseCost"/>
    <link:definitionArc xlink:type="arc" xlink:arcrole="http://xbrl.org/int/dim/arcrole/domain-member" xlink:from="EquityPriceRiskInfrastructureInvestmentPlansLineItems" xlink:to="EquityPriceRiskInfrastructureInvestmentPlansPurchaseCost" xlink:title="definition: EquityPriceRiskInfrastructureInvestmentPlansLineItems to EquityPriceRiskInfrastructureInvestmentPlansPurchaseCost" use="optional" order="30.0"/>
    <link:loc xlink:type="locator" xlink:href="../../c-ross_core_2015-12-31.xsd#c-ross_EquityPriceRiskInfrastructureEquityInvestmentPlansAdmittedValue" xlink:label="EquityPriceRiskInfrastructureInvestmentPlansAdmittedValue" xlink:title="EquityPriceRiskInfrastructureInvestmentPlansAdmittedValue"/>
    <link:definitionArc xlink:type="arc" xlink:arcrole="http://xbrl.org/int/dim/arcrole/domain-member" xlink:from="EquityPriceRiskInfrastructureInvestmentPlansLineItems" xlink:to="EquityPriceRiskInfrastructureInvestmentPlansAdmittedValue" xlink:title="definition: EquityPriceRiskInfrastructureInvestmentPlansLineItems to EquityPriceRiskInfrastructureInvestmentPlansAdmittedValue" use="optional" order="40.0"/>
    <link:loc xlink:type="locator" xlink:href="../../c-ross_core_2015-12-31.xsd#c-ross_EquityPriceRiskInfrastructureEquityInvestmentPlansRiskExposure" xlink:label="EquityPriceRiskInfrastructureInvestmentPlansRiskExposure" xlink:title="EquityPriceRiskInfrastructureInvestmentPlansRiskExposure"/>
    <link:definitionArc xlink:type="arc" xlink:arcrole="http://xbrl.org/int/dim/arcrole/domain-member" xlink:from="EquityPriceRiskInfrastructureInvestmentPlansLineItems" xlink:to="EquityPriceRiskInfrastructureInvestmentPlansRiskExposure" xlink:title="definition: EquityPriceRiskInfrastructureInvestmentPlansLineItems to EquityPriceRiskInfrastructureInvestmentPlansRiskExposure" use="optional" order="50.0"/>
    <link:loc xlink:type="locator" xlink:href="../../c-ross_core_2015-12-31.xsd#c-ross_EquityPriceRiskInfrastructureEquityInvestmentPlansBaseRiskFactor" xlink:label="EquityPriceRiskInfrastructureInvestmentPlansBaseRiskFactor" xlink:title="EquityPriceRiskInfrastructureInvestmentPlansBaseRiskFactor"/>
    <link:definitionArc xlink:type="arc" xlink:arcrole="http://xbrl.org/int/dim/arcrole/domain-member" xlink:from="EquityPriceRiskInfrastructureInvestmentPlansLineItems" xlink:to="EquityPriceRiskInfrastructureInvestmentPlansBaseRiskFactor" xlink:title="definition: EquityPriceRiskInfrastructureInvestmentPlansLineItems to EquityPriceRiskInfrastructureInvestmentPlansBaseRiskFactor" use="optional" order="60.0"/>
    <link:loc xlink:type="locator" xlink:href="../../c-ross_core_2015-12-31.xsd#c-ross_EquityPriceRiskInfrastructureEquityInvestmentPlansMinimumCapital" xlink:label="EquityPriceRiskInfrastructureInvestmentPlansMinimumCapital" xlink:title="EquityPriceRiskInfrastructureInvestmentPlansMinimumCapital"/>
    <link:definitionArc xlink:type="arc" xlink:arcrole="http://xbrl.org/int/dim/arcrole/domain-member" xlink:from="EquityPriceRiskInfrastructureInvestmentPlansLineItems" xlink:to="EquityPriceRiskInfrastructureInvestmentPlansMinimumCapital" xlink:title="definition: EquityPriceRiskInfrastructureInvestmentPlansLineItems to EquityPriceRiskInfrastructureInvestmentPlansMinimumCapital" use="optional" order="70.0"/>
    <link:loc xlink:type="locator" xlink:href="../../c-ross_core_2015-12-31.xsd#c-ross_EquityPriceRiskInfrastructureEquityInvestmentPlansExcludingGuaranteesTermsAbstract" xlink:label="EquityPriceRiskInfrastructureInvestmentPlansExcludingGuaranteesTermsAbstract" xlink:title="EquityPriceRiskInfrastructureInvestmentPlansExcludingGuaranteesTermsAbstract"/>
    <link:definitionArc xlink:type="arc" xlink:arcrole="http://xbrl.org/int/dim/arcrole/all" xlink:from="EquityPriceRiskInfrastructureInvestmentPlansExcludingGuaranteesTermsAbstract" xlink:to="EquityPriceRiskInfrastructureInvestmentPlansTable" xlink:title="definition: EquityPriceRiskInfrastructureInvestmentPlansExcludingGuaranteesTermsAbstract to EquityPriceRiskInfrastructureInvestmentPlansTable" use="optional" order="10.0" xbrldt:closed="true" xbrldt:contextElement="scenario"/>
    <link:definitionArc xlink:type="arc" xlink:arcrole="http://xbrl.org/int/dim/arcrole/domain-member" xlink:from="EquityPriceRiskInfrastructureInvestmentPlansExcludingGuaranteesTermsAbstract" xlink:to="EquityPriceRiskInfrastructureInvestmentPlansLineItems" xlink:title="definition: EquityPriceRiskInfrastructureInvestmentPlansExcludingGuaranteesTermsAbstract to EquityPriceRiskInfrastructureInvestmentPlansLineItems" use="optional" order="20.0"/>
  </link:definitionLink>
  <link:definitionLink xlink:type="extended" xlink:role="http://xbrl.circ.gov.cn/role/c-ross_2015-12-31_role-3161500c">
    <link:loc xlink:type="locator" xlink:href="../../c-ross_core_2015-12-31.xsd#c-ross_ExcludedTable" xlink:label="Excluded" xlink:title="Excluded"/>
    <link:loc xlink:type="locator" xlink:href="../../c-ross_core_2015-12-31.xsd#c-ross_EquityPriceRiskInfrastructureEquityInvestmentPlansGuaranteesTermsSituationAxis" xlink:label="EquityPriceRiskInfrastructureInvestmentPlansGuaranteesTermsSituationAxis" xlink:title="EquityPriceRiskInfrastructureInvestmentPlansGuaranteesTermsSituationAxis"/>
    <link:definitionArc xlink:type="arc" xlink:arcrole="http://xbrl.org/int/dim/arcrole/hypercube-dimension" xlink:from="Excluded" xlink:to="EquityPriceRiskInfrastructureInvestmentPlansGuaranteesTermsSituationAxis" xlink:title="definition: Excluded to EquityPriceRiskInfrastructureInvestmentPlansGuaranteesTermsSituationAxis" use="optional" order="10.0"/>
    <link:loc xlink:type="locator" xlink:href="../../c-ross_core_2015-12-31.xsd#c-ross_GuaranteesTermsSituationMember" xlink:label="GuaranteesTermsSituationMember" xlink:title="GuaranteesTermsSituationMember"/>
    <link:definitionArc xlink:type="arc" xlink:arcrole="http://xbrl.org/int/dim/arcrole/dimension-domain" xlink:from="EquityPriceRiskInfrastructureInvestmentPlansGuaranteesTermsSituationAxis" xlink:to="GuaranteesTermsSituationMember" xlink:title="definition: EquityPriceRiskInfrastructureInvestmentPlansGuaranteesTermsSituationAxis to GuaranteesTermsSituationMember" use="optional" order="10.0"/>
    <link:loc xlink:type="locator" xlink:href="../../c-ross_core_2015-12-31.xsd#c-ross_ExcludingGuaranteesTermsMember" xlink:label="ExcludingGuaranteesTermsMember" xlink:title="ExcludingGuaranteesTermsMember"/>
    <link:definitionArc xlink:type="arc" xlink:arcrole="http://xbrl.org/int/dim/arcrole/domain-member" xlink:from="GuaranteesTermsSituationMember" xlink:to="ExcludingGuaranteesTermsMember" xlink:title="definition: GuaranteesTermsSituationMember to ExcludingGuaranteesTermsMember" use="optional" order="20.0"/>
    <link:loc xlink:type="locator" xlink:href="../../c-ross_core_2015-12-31.xsd#c-ross_IncludingGuaranteesTermsMember" xlink:label="IncludingGuaranteesTermsMember" xlink:title="IncludingGuaranteesTermsMember"/>
    <link:definitionArc xlink:type="arc" xlink:arcrole="http://xbrl.org/int/dim/arcrole/domain-member" xlink:from="GuaranteesTermsSituationMember" xlink:to="IncludingGuaranteesTermsMember" xlink:title="definition: GuaranteesTermsSituationMember to IncludingGuaranteesTermsMember" use="optional" order="10.0"/>
  </link:definitionLink>
  <link:definitionLink xlink:type="extended" xlink:role="http://xbrl.circ.gov.cn/role/c-ross_2015-12-31_role-3161500d">
    <link:loc xlink:type="locator" xlink:href="../../c-ross_core_2015-12-31.xsd#c-ross_ExcludedTable" xlink:label="Excluded" xlink:title="Excluded"/>
    <link:loc xlink:type="locator" xlink:href="../../c-ross_core_2015-12-31.xsd#c-ross_EquityPriceRiskInfrastructureEquityInvestmentPlansGuaranteesTermsSituationAxis" xlink:label="EquityPriceRiskInfrastructureInvestmentPlansGuaranteesTermsSituationAxis" xlink:title="EquityPriceRiskInfrastructureInvestmentPlansGuaranteesTermsSituationAxis"/>
    <link:definitionArc xlink:type="arc" xlink:arcrole="http://xbrl.org/int/dim/arcrole/hypercube-dimension" xlink:from="Excluded" xlink:to="EquityPriceRiskInfrastructureInvestmentPlansGuaranteesTermsSituationAxis" xlink:title="definition: Excluded to EquityPriceRiskInfrastructureInvestmentPlansGuaranteesTermsSituationAxis" use="optional" order="10.0"/>
    <link:loc xlink:type="locator" xlink:href="../../c-ross_core_2015-12-31.xsd#c-ross_GuaranteesTermsSituationMember" xlink:label="GuaranteesTermsSituationMember" xlink:title="GuaranteesTermsSituationMember"/>
    <link:definitionArc xlink:type="arc" xlink:arcrole="http://xbrl.org/int/dim/arcrole/dimension-domain" xlink:from="EquityPriceRiskInfrastructureInvestmentPlansGuaranteesTermsSituationAxis" xlink:to="GuaranteesTermsSituationMember" xlink:title="definition: EquityPriceRiskInfrastructureInvestmentPlansGuaranteesTermsSituationAxis to GuaranteesTermsSituationMember" use="optional" order="10.0"/>
    <link:loc xlink:type="locator" xlink:href="../../c-ross_core_2015-12-31.xsd#c-ross_IncludingGuaranteesTermsMember" xlink:label="IncludingGuaranteesTermsMember" xlink:title="IncludingGuaranteesTermsMember"/>
    <link:definitionArc xlink:type="arc" xlink:arcrole="http://xbrl.org/int/dim/arcrole/domain-member" xlink:from="GuaranteesTermsSituationMember" xlink:to="IncludingGuaranteesTermsMember" xlink:title="definition: GuaranteesTermsSituationMember to IncludingGuaranteesTermsMember" use="optional" order="10.0"/>
  </link:definitionLink>
</link:linkbase>
