<?xml version="1.0" encoding="UTF-8"?>

<!--
	Taxonomy: 2015-12-31 (Final)
	**********************
	Copyright © 2015 China Insurance Regulatory Commission.
	All rights reserved.  No part of this publication may be translated, reprinted or reproduced
	or utilised in any form either in whole or in part without prior permission in writing from China Insurance Regulatory Commission.
	  **********************
	-->
<link:linkbase xmlns:xsi="http://www.w3.org/2001/XMLSchema-instance" xsi:schemaLocation="http://www.xbrl.org/2003/linkbase http://www.xbrl.org/2003/xbrl-linkbase-2003-12-31.xsd" xmlns:c-ross="http://xbrl.circ.gov.cn/taxonomy/2015-12-31/c-ross" xmlns:link="http://www.xbrl.org/2003/linkbase" xmlns:q_s_pc_entry_point="http://xbrl.circ.gov.cn/taxonomy/2015-12-31/c-ross/q_s_pc_entry_point" xmlns:xlink="http://www.w3.org/1999/xlink" xmlns:xbrli="http://www.xbrl.org/2003/instance" xmlns:xbrldt="http://xbrl.org/2005/xbrldt">
  <link:roleRef roleURI="http://xbrl.circ.gov.cn/role/c-ross_2015-12-31_role-3162900" xlink:type="simple" xlink:href="rol_c-ross_7_2015-12-31.xsd#c-ross_2015-12-31-3162900"/>
  <link:roleRef roleURI="http://xbrl.circ.gov.cn/role/c-ross_2015-12-31_role-3162900a" xlink:type="simple" xlink:href="rol_c-ross_7_2015-12-31.xsd#c-ross_2015-12-31-3162900a"/>
  <link:roleRef roleURI="http://xbrl.circ.gov.cn/role/c-ross_2015-12-31_role-3162900b" xlink:type="simple" xlink:href="rol_c-ross_7_2015-12-31.xsd#c-ross_2015-12-31-3162900b"/>
  <link:roleRef roleURI="http://xbrl.circ.gov.cn/role/c-ross_2015-12-31_role-3162900c" xlink:type="simple" xlink:href="rol_c-ross_7_2015-12-31.xsd#c-ross_2015-12-31-3162900c"/>
  <link:arcroleRef arcroleURI="http://xbrl.org/int/dim/arcrole/all" xlink:type="simple" xlink:href="http://www.xbrl.org/2005/xbrldt-2005.xsd#all"/>
  <link:arcroleRef arcroleURI="http://xbrl.org/int/dim/arcrole/dimension-default" xlink:type="simple" xlink:href="http://www.xbrl.org/2005/xbrldt-2005.xsd#dimension-default"/>
  <link:arcroleRef arcroleURI="http://xbrl.org/int/dim/arcrole/dimension-domain" xlink:type="simple" xlink:href="http://www.xbrl.org/2005/xbrldt-2005.xsd#dimension-domain"/>
  <link:arcroleRef arcroleURI="http://xbrl.org/int/dim/arcrole/domain-member" xlink:type="simple" xlink:href="http://www.xbrl.org/2005/xbrldt-2005.xsd#domain-member"/>
  <link:arcroleRef arcroleURI="http://xbrl.org/int/dim/arcrole/hypercube-dimension" xlink:type="simple" xlink:href="http://www.xbrl.org/2005/xbrldt-2005.xsd#hypercube-dimension"/>
  <link:arcroleRef arcroleURI="http://xbrl.org/int/dim/arcrole/notAll" xlink:type="simple" xlink:href="http://www.xbrl.org/2005/xbrldt-2005.xsd#notAll"/>
  <link:definitionLink xlink:type="extended" xlink:role="http://xbrl.circ.gov.cn/role/c-ross_2015-12-31_role-3162900">
    <link:loc xlink:type="locator" xlink:href="../../c-ross_core_2015-12-31.xsd#c-ross_TypesOfCurrenciesMember" xlink:label="TypesOfCurrenciesMember" xlink:title="CurrenciesMember"/>
    <link:loc xlink:type="locator" xlink:href="../../c-ross_core_2015-12-31.xsd#c-ross_ForeignCurrencyItemsDenominatedInOtherForeignCurrenciesMember" xlink:label="OtherForeignCurrenciesMember" xlink:title="OtherForeignCurrenciesItemsMember"/>
    <link:definitionArc xlink:type="arc" xlink:arcrole="http://xbrl.org/int/dim/arcrole/domain-member" xlink:from="TypesOfCurrenciesMember" xlink:to="OtherForeignCurrenciesMember" xlink:title="definition: TypesOfCurrenciesMember to OtherForeignCurrenciesMember" use="optional" order="40.0"/>
    <link:loc xlink:type="locator" xlink:href="../../c-ross_core_2015-12-31.xsd#c-ross_ForeignCurrencyItemsDenominatedInUsdAndCurrenciesDirectlyLinkedToUsdMember" xlink:label="UsdAndCurrenciesDirectlyLinkedToUsdMember" xlink:title="UsdAndCurrenciesDirectlyLinkedToUsdMember"/>
    <link:definitionArc xlink:type="arc" xlink:arcrole="http://xbrl.org/int/dim/arcrole/domain-member" xlink:from="TypesOfCurrenciesMember" xlink:to="UsdAndCurrenciesDirectlyLinkedToUsdMember" xlink:title="definition: TypesOfCurrenciesMember to UsdAndCurrenciesDirectlyLinkedToUsdMember" use="optional" order="10.0"/>
    <link:loc xlink:type="locator" xlink:href="../../c-ross_core_2015-12-31.xsd#c-ross_ForeignCurrencyItemsDenominatedInEurMember" xlink:label="EurGbpMember" xlink:title="EurGbpMember"/>
    <link:definitionArc xlink:type="arc" xlink:arcrole="http://xbrl.org/int/dim/arcrole/domain-member" xlink:from="TypesOfCurrenciesMember" xlink:to="EurGbpMember" xlink:title="definition: TypesOfCurrenciesMember to EurGbpMember" use="optional" order="20.0"/>
    <link:loc xlink:type="locator" xlink:href="../../c-ross_core_2015-12-31.xsd#c-ross_ForeignCurrencyItemsDenominatedInGbpMember" xlink:label="ForeignCurrencyItemsDenominatedInGbpMember" xlink:title="ForeignCurrencyItemsDenominatedInGbpMember"/>
    <link:definitionArc xlink:type="arc" xlink:arcrole="http://xbrl.org/int/dim/arcrole/domain-member" xlink:from="TypesOfCurrenciesMember" xlink:to="ForeignCurrencyItemsDenominatedInGbpMember" xlink:title="definition: TypesOfCurrenciesMember to ForeignCurrencyItemsDenominatedInGbpMember" use="optional" order="30.0"/>
    <link:loc xlink:type="locator" xlink:href="../../c-ross_core_2015-12-31.xsd#c-ross_ExchangeRateRiskForeignExchangeForwardAssetsLiabilitiesIneffectivelyHedgedTypesOfCurrenciesAxis" xlink:label="ExchangeRateRiskForeignCurrencyDenominatedAssetsLiabilitiesIneffectivelyHedgedTypesOfCurrenciesAxis" xlink:title="ExchangeRateRiskForeignCurrencyDenominatedAssetsLiabilitiesIneffectivelyHedgedTypesOfCurrenciesAxis"/>
    <link:definitionArc xlink:type="arc" xlink:arcrole="http://xbrl.org/int/dim/arcrole/dimension-domain" xlink:from="ExchangeRateRiskForeignCurrencyDenominatedAssetsLiabilitiesIneffectivelyHedgedTypesOfCurrenciesAxis" xlink:to="TypesOfCurrenciesMember" xlink:title="definition: ExchangeRateRiskForeignCurrencyDenominatedAssetsLiabilitiesIneffectivelyHedgedTypesOfCurrenciesAxis to TypesOfCurrenciesMember" use="optional" order="10.0"/>
    <link:loc xlink:type="locator" xlink:href="../../c-ross_core_2015-12-31.xsd#c-ross_TypesOfCurrenciesMember" xlink:label="TypesOfCurrenciesMember_2" xlink:title="CurrenciesMember"/>
    <link:definitionArc xlink:type="arc" xlink:arcrole="http://xbrl.org/int/dim/arcrole/dimension-default" xlink:from="ExchangeRateRiskForeignCurrencyDenominatedAssetsLiabilitiesIneffectivelyHedgedTypesOfCurrenciesAxis" xlink:to="TypesOfCurrenciesMember_2" xlink:title="definition: ExchangeRateRiskForeignCurrencyDenominatedAssetsLiabilitiesIneffectivelyHedgedTypesOfCurrenciesAxis to TypesOfCurrenciesMember" use="optional" order="20.0"/>
    <link:loc xlink:type="locator" xlink:href="../../c-ross_core_2015-12-31.xsd#c-ross_ExchangeRateRiskOfProjectsForeignExchangeForwardAssetsLiabilitiesIneffectivelyHedgedDetailsAbstract" xlink:label="ExchangeRateRiskOfProjectsForeignCurrencyDenominatedAssetsLiabilitiesIneffectivelyHedgedDetailsAbstract" xlink:title="ExchangeRateRiskOfProjectsForeignCurrencyDenominatedAssetsLiabilitiesIneffectivelyHedgedDetailsAbstract"/>
    <link:loc xlink:type="locator" xlink:href="../../c-ross_core_2015-12-31.xsd#c-ross_ExchangeRateRiskOfProjectsForeignExchangeForwardAssetsLiabilitiesIneffectivelyHedgedDetailsTable" xlink:label="ExchangeRateRiskOfProjectsForeignCurrencyDenominatedAssetsLiabilitiesIneffectivelyHedgedDetailsTable" xlink:title="ExchangeRateRiskOfProjectsForeignCurrencyDenominatedAssetsLiabilitiesIneffectivelyHedgedDetailsTable"/>
    <link:definitionArc xlink:type="arc" xlink:arcrole="http://xbrl.org/int/dim/arcrole/all" xlink:from="ExchangeRateRiskOfProjectsForeignCurrencyDenominatedAssetsLiabilitiesIneffectivelyHedgedDetailsAbstract" xlink:to="ExchangeRateRiskOfProjectsForeignCurrencyDenominatedAssetsLiabilitiesIneffectivelyHedgedDetailsTable" xlink:title="definition: ExchangeRateRiskOfProjectsForeignCurrencyDenominatedAssetsLiabilitiesIneffectivelyHedgedDetailsAbstract to ExchangeRateRiskOfProjectsForeignCurrencyDenominatedAssetsLiabilitiesIneffectivelyHedgedDetailsTable" use="optional" order="10.0" xbrldt:closed="true" xbrldt:contextElement="scenario"/>
    <link:definitionArc xlink:type="arc" xlink:arcrole="http://xbrl.org/int/dim/arcrole/hypercube-dimension" xlink:from="ExchangeRateRiskOfProjectsForeignCurrencyDenominatedAssetsLiabilitiesIneffectivelyHedgedDetailsTable" xlink:to="ExchangeRateRiskForeignCurrencyDenominatedAssetsLiabilitiesIneffectivelyHedgedTypesOfCurrenciesAxis" xlink:title="definition: ExchangeRateRiskOfProjectsForeignCurrencyDenominatedAssetsLiabilitiesIneffectivelyHedgedDetailsTable to ExchangeRateRiskForeignCurrencyDenominatedAssetsLiabilitiesIneffectivelyHedgedTypesOfCurrenciesAxis" use="optional" order="10.0"/>
    <link:loc xlink:type="locator" xlink:href="../../c-ross_core_2015-12-31.xsd#c-ross_ExchangeRateRiskOfProjectsForeignExchangeForwardAssetsLiabilitiesIneffectivelyHedgedDetailsLineItems" xlink:label="ExchangeRateRiskOfProjectsForeignCurrencyDenominatedAssetsLiabilitiesIneffectivelyHedgedDetailsLineItems" xlink:title="ExchangeRateRiskOfProjectsForeignCurrencyDenominatedAssetsLiabilitiesIneffectivelyHedgedDetailsLineItems"/>
    <link:definitionArc xlink:type="arc" xlink:arcrole="http://xbrl.org/int/dim/arcrole/domain-member" xlink:from="ExchangeRateRiskOfProjectsForeignCurrencyDenominatedAssetsLiabilitiesIneffectivelyHedgedDetailsAbstract" xlink:to="ExchangeRateRiskOfProjectsForeignCurrencyDenominatedAssetsLiabilitiesIneffectivelyHedgedDetailsLineItems" xlink:title="definition: ExchangeRateRiskOfProjectsForeignCurrencyDenominatedAssetsLiabilitiesIneffectivelyHedgedDetailsAbstract to ExchangeRateRiskOfProjectsForeignCurrencyDenominatedAssetsLiabilitiesIneffectivelyHedgedDetailsLineItems" use="optional" order="20.0"/>
    <link:loc xlink:type="locator" xlink:href="../../c-ross_core_2015-12-31.xsd#c-ross_ExchangeRateRiskForeignExchangeForwardAssetsLiabilitiesIneffectivelyHedgedForeignCurrencyDenominatedAssetsLiabilities" xlink:label="ExchangeRateRiskForeignCurrencyDenominatedAssetsLiabilitiesIneffectivelyHedgedForeignCurrencyDenominatedAssetsLiabilities" xlink:title="ExchangeRateRiskForeignCurrencyDenominatedAssetsLiabilitiesIneffectivelyHedgedForeignCurrencyDenominatedAssetsLiabilities"/>
    <link:definitionArc xlink:type="arc" xlink:arcrole="http://xbrl.org/int/dim/arcrole/domain-member" xlink:from="ExchangeRateRiskOfProjectsForeignCurrencyDenominatedAssetsLiabilitiesIneffectivelyHedgedDetailsLineItems" xlink:to="ExchangeRateRiskForeignCurrencyDenominatedAssetsLiabilitiesIneffectivelyHedgedForeignCurrencyDenominatedAssetsLiabilities" xlink:title="definition: ExchangeRateRiskOfProjectsForeignCurrencyDenominatedAssetsLiabilitiesIneffectivelyHedgedDetailsLineItems to ExchangeRateRiskForeignCurrencyDenominatedAssetsLiabilitiesIneffectivelyHedgedForeignCurrencyDenominatedAssetsLiabilities" use="optional" order="10.0"/>
    <link:loc xlink:type="locator" xlink:href="../../c-ross_core_2015-12-31.xsd#c-ross_ExcludedTable" xlink:label="Excluded" xlink:title="Excluded"/>
    <link:definitionArc xlink:type="arc" xlink:arcrole="http://xbrl.org/int/dim/arcrole/notAll" xlink:from="ExchangeRateRiskForeignCurrencyDenominatedAssetsLiabilitiesIneffectivelyHedgedForeignCurrencyDenominatedAssetsLiabilities" xlink:to="Excluded" xlink:title="definition: ExchangeRateRiskForeignCurrencyDenominatedAssetsLiabilitiesIneffectivelyHedgedForeignCurrencyDenominatedAssetsLiabilities to Excluded" use="optional" order="10.0" xbrldt:contextElement="scenario" xbrldt:targetRole="http://xbrl.circ.gov.cn/role/c-ross_2015-12-31_role-3162900b"/>
    <link:loc xlink:type="locator" xlink:href="../../c-ross_core_2015-12-31.xsd#c-ross_ExchangeRateRiskForeignExchangeForwardAssetsLiabilitiesIneffectivelyHedgedNominalPrincipalValueOfForeignExchangeForwardContracts" xlink:label="ExchangeRateRiskForeignCurrencyDenominatedAssetsLiabilitiesIneffectivelyHedgedNominalPrincipalValueOfForeignExchangeForwardContracts" xlink:title="ExchangeRateRiskForeignCurrencyDenominatedAssetsLiabilitiesIneffectivelyHedgedNominalPrincipalValueOfForeignExchangeForwardContracts"/>
    <link:definitionArc xlink:type="arc" xlink:arcrole="http://xbrl.org/int/dim/arcrole/domain-member" xlink:from="ExchangeRateRiskOfProjectsForeignCurrencyDenominatedAssetsLiabilitiesIneffectivelyHedgedDetailsLineItems" xlink:to="ExchangeRateRiskForeignCurrencyDenominatedAssetsLiabilitiesIneffectivelyHedgedNominalPrincipalValueOfForeignExchangeForwardContracts" xlink:title="definition: ExchangeRateRiskOfProjectsForeignCurrencyDenominatedAssetsLiabilitiesIneffectivelyHedgedDetailsLineItems to ExchangeRateRiskForeignCurrencyDenominatedAssetsLiabilitiesIneffectivelyHedgedNominalPrincipalValueOfForeignExchangeForwardContracts" use="optional" order="20.0"/>
    <link:loc xlink:type="locator" xlink:href="../../c-ross_core_2015-12-31.xsd#c-ross_ExchangeRateRiskForeignExchangeForwardAssetsLiabilitiesIneffectivelyHedgedBaseRiskFactor" xlink:label="ExchangeRateRiskForeignCurrencyDenominatedAssetsLiabilitiesIneffectivelyHedgedBaseRiskFactor" xlink:title="ExchangeRateRiskForeignCurrencyDenominatedAssetsLiabilitiesIneffectivelyHedgedBaseRiskFactor"/>
    <link:definitionArc xlink:type="arc" xlink:arcrole="http://xbrl.org/int/dim/arcrole/domain-member" xlink:from="ExchangeRateRiskOfProjectsForeignCurrencyDenominatedAssetsLiabilitiesIneffectivelyHedgedDetailsLineItems" xlink:to="ExchangeRateRiskForeignCurrencyDenominatedAssetsLiabilitiesIneffectivelyHedgedBaseRiskFactor" xlink:title="definition: ExchangeRateRiskOfProjectsForeignCurrencyDenominatedAssetsLiabilitiesIneffectivelyHedgedDetailsLineItems to ExchangeRateRiskForeignCurrencyDenominatedAssetsLiabilitiesIneffectivelyHedgedBaseRiskFactor" use="optional" order="30.0"/>
    <link:definitionArc xlink:type="arc" xlink:arcrole="http://xbrl.org/int/dim/arcrole/notAll" xlink:from="ExchangeRateRiskForeignCurrencyDenominatedAssetsLiabilitiesIneffectivelyHedgedBaseRiskFactor" xlink:to="Excluded" xlink:title="definition: ExchangeRateRiskForeignCurrencyDenominatedAssetsLiabilitiesIneffectivelyHedgedBaseRiskFactor to Excluded" order="10.0" xbrldt:contextElement="scenario" xbrldt:targetRole="http://xbrl.circ.gov.cn/role/c-ross_2015-12-31_role-3162900c"/>
    <link:loc xlink:type="locator" xlink:href="../../c-ross_core_2015-12-31.xsd#c-ross_ExchangeRateRiskForeignExchangeForwardAssetsLiabilitiesIneffectivelyHedgedRiskFactorOne" xlink:label="ExchangeRateRiskForeignCurrencyDenominatedAssetsLiabilitiesIneffectivelyHedgedRiskFactorOne" xlink:title="ExchangeRateRiskForeignCurrencyDenominatedAssetsLiabilitiesIneffectivelyHedgedRiskFactorOne"/>
    <link:definitionArc xlink:type="arc" xlink:arcrole="http://xbrl.org/int/dim/arcrole/domain-member" xlink:from="ExchangeRateRiskOfProjectsForeignCurrencyDenominatedAssetsLiabilitiesIneffectivelyHedgedDetailsLineItems" xlink:to="ExchangeRateRiskForeignCurrencyDenominatedAssetsLiabilitiesIneffectivelyHedgedRiskFactorOne" xlink:title="definition: ExchangeRateRiskOfProjectsForeignCurrencyDenominatedAssetsLiabilitiesIneffectivelyHedgedDetailsLineItems to ExchangeRateRiskForeignCurrencyDenominatedAssetsLiabilitiesIneffectivelyHedgedRiskFactorOne" use="optional" order="40.0"/>
    <link:definitionArc xlink:type="arc" xlink:arcrole="http://xbrl.org/int/dim/arcrole/notAll" xlink:from="ExchangeRateRiskForeignCurrencyDenominatedAssetsLiabilitiesIneffectivelyHedgedRiskFactorOne" xlink:to="Excluded" xlink:title="definition: ExchangeRateRiskForeignCurrencyDenominatedAssetsLiabilitiesIneffectivelyHedgedRiskFactorOne to Excluded" use="optional" order="10.0" xbrldt:contextElement="scenario" xbrldt:targetRole="http://xbrl.circ.gov.cn/role/c-ross_2015-12-31_role-3162900c"/>
    <link:loc xlink:type="locator" xlink:href="../../c-ross_core_2015-12-31.xsd#c-ross_ExchangeRateRiskForeignExchangeForwardAssetsLiabilitiesIneffectivelyHedgedMinimumCapitalOfForeignExchangeForwardContracts" xlink:label="ExchangeRateRiskForeignCurrencyDenominatedAssetsLiabilitiesIneffectivelyHedgedMinimumCapitalOfCurrencyForward" xlink:title="ExchangeRateRiskForeignCurrencyDenominatedAssetsLiabilitiesIneffectivelyHedgedMinimumCapitalOfCurrencyForward"/>
    <link:definitionArc xlink:type="arc" xlink:arcrole="http://xbrl.org/int/dim/arcrole/domain-member" xlink:from="ExchangeRateRiskOfProjectsForeignCurrencyDenominatedAssetsLiabilitiesIneffectivelyHedgedDetailsLineItems" xlink:to="ExchangeRateRiskForeignCurrencyDenominatedAssetsLiabilitiesIneffectivelyHedgedMinimumCapitalOfCurrencyForward" xlink:title="definition: ExchangeRateRiskOfProjectsForeignCurrencyDenominatedAssetsLiabilitiesIneffectivelyHedgedDetailsLineItems to ExchangeRateRiskForeignCurrencyDenominatedAssetsLiabilitiesIneffectivelyHedgedMinimumCapitalOfCurrencyForward" use="optional" order="50.0"/>
  </link:definitionLink>
  <link:definitionLink xlink:type="extended" xlink:role="http://xbrl.circ.gov.cn/role/c-ross_2015-12-31_role-3162900a">
    <link:loc xlink:type="locator" xlink:href="../../c-ross_core_2015-12-31.xsd#c-ross_TypesOfCurrenciesMember" xlink:label="CurrenciesMember" xlink:title="CurrenciesMember"/>
    <link:loc xlink:type="locator" xlink:href="../../c-ross_core_2015-12-31.xsd#c-ross_ForeignCurrencyItemsDenominatedInOtherForeignCurrenciesMember" xlink:label="OtherForeignCurrenciesItemsMember" xlink:title="OtherForeignCurrenciesItemsMember"/>
    <link:definitionArc xlink:type="arc" xlink:arcrole="http://xbrl.org/int/dim/arcrole/domain-member" xlink:from="CurrenciesMember" xlink:to="OtherForeignCurrenciesItemsMember" xlink:title="definition: CurrenciesMember to OtherForeignCurrenciesItemsMember" use="optional" order="10.0"/>
    <link:loc xlink:type="locator" xlink:href="../../c-ross_core_2015-12-31.xsd#c-ross_ExchangeRateRiskForeignExchangeForwardAssetsLiabilitiesIneffectivelyHedgedTypesOfCurrenciesAxis" xlink:label="ExchangeRateRiskForeignCurrencyDenominatedAssetsLiabilitiesIneffectivelyHedgedTypesOfCurrenciesAxis" xlink:title="ExchangeRateRiskForeignCurrencyDenominatedAssetsLiabilitiesIneffectivelyHedgedTypesOfCurrenciesAxis"/>
    <link:definitionArc xlink:type="arc" xlink:arcrole="http://xbrl.org/int/dim/arcrole/dimension-domain" xlink:from="ExchangeRateRiskForeignCurrencyDenominatedAssetsLiabilitiesIneffectivelyHedgedTypesOfCurrenciesAxis" xlink:to="CurrenciesMember" xlink:title="definition: ExchangeRateRiskForeignCurrencyDenominatedAssetsLiabilitiesIneffectivelyHedgedTypesOfCurrenciesAxis to CurrenciesMember" use="optional" order="10.0"/>
    <link:loc xlink:type="locator" xlink:href="../../c-ross_core_2015-12-31.xsd#c-ross_ExchangeRateRiskOfProjectsForeignExchangeForwardAssetsLiabilitiesIneffectivelyHedgedDetailsTable" xlink:label="ExchangeRateRiskOfProjectsForeignCurrencyDenominatedAssetsLiabilitiesIneffectivelyHedgedDetailsTable" xlink:title="ExchangeRateRiskOfProjectsForeignCurrencyDenominatedAssetsLiabilitiesIneffectivelyHedgedDetailsTable"/>
    <link:definitionArc xlink:type="arc" xlink:arcrole="http://xbrl.org/int/dim/arcrole/hypercube-dimension" xlink:from="ExchangeRateRiskOfProjectsForeignCurrencyDenominatedAssetsLiabilitiesIneffectivelyHedgedDetailsTable" xlink:to="ExchangeRateRiskForeignCurrencyDenominatedAssetsLiabilitiesIneffectivelyHedgedTypesOfCurrenciesAxis" xlink:title="definition: ExchangeRateRiskOfProjectsForeignCurrencyDenominatedAssetsLiabilitiesIneffectivelyHedgedDetailsTable to ExchangeRateRiskForeignCurrencyDenominatedAssetsLiabilitiesIneffectivelyHedgedTypesOfCurrenciesAxis" use="optional" order="10.0"/>
    <link:loc xlink:type="locator" xlink:href="../../c-ross_core_2015-12-31.xsd#c-ross_ExchangeRateRiskForeignCurrencyDenominatedAssetsLiabilitiesIneffectivelyHedgedForeignCurrencyItemsDenominatedInOtherForeignCurrenciesLineNumberAxis" xlink:label="ExchangeRateRiskForeignCurrencyDenominatedAssetsLiabilitiesIneffectivelyHedgedOtherCurrenciesLineNumberAxis" xlink:title="ExchangeRateRiskForeignCurrencyDenominatedAssetsLiabilitiesIneffectivelyHedgedOtherCurrenciesLineNumberAxis"/>
    <link:definitionArc xlink:type="arc" xlink:arcrole="http://xbrl.org/int/dim/arcrole/hypercube-dimension" xlink:from="ExchangeRateRiskOfProjectsForeignCurrencyDenominatedAssetsLiabilitiesIneffectivelyHedgedDetailsTable" xlink:to="ExchangeRateRiskForeignCurrencyDenominatedAssetsLiabilitiesIneffectivelyHedgedOtherCurrenciesLineNumberAxis" xlink:title="definition: ExchangeRateRiskOfProjectsForeignCurrencyDenominatedAssetsLiabilitiesIneffectivelyHedgedDetailsTable to ExchangeRateRiskForeignCurrencyDenominatedAssetsLiabilitiesIneffectivelyHedgedOtherCurrenciesLineNumberAxis" use="optional" order="20.0"/>
    <link:loc xlink:type="locator" xlink:href="../../c-ross_core_2015-12-31.xsd#c-ross_ExchangeRateRiskOfProjectsForeignExchangeForwardAssetsLiabilitiesIneffectivelyHedgedDetailsLineItems" xlink:label="ExchangeRateRiskOfProjectsForeignCurrencyDenominatedAssetsLiabilitiesIneffectivelyHedgedDetailsLineItems" xlink:title="ExchangeRateRiskOfProjectsForeignCurrencyDenominatedAssetsLiabilitiesIneffectivelyHedgedDetailsLineItems"/>
    <link:loc xlink:type="locator" xlink:href="../../c-ross_core_2015-12-31.xsd#c-ross_ExchangeRateRiskForeignExchangeForwardAssetsLiabilitiesIneffectivelyHedgedForeignCurrencyDenominatedAssetsLiabilities" xlink:label="ExchangeRateRiskForeignCurrencyDenominatedAssetsLiabilitiesIneffectivelyHedgedForeignCurrencyDenominatedAssetsLiabilities" xlink:title="ExchangeRateRiskForeignCurrencyDenominatedAssetsLiabilitiesIneffectivelyHedgedForeignCurrencyDenominatedAssetsLiabilities"/>
    <link:definitionArc xlink:type="arc" xlink:arcrole="http://xbrl.org/int/dim/arcrole/domain-member" xlink:from="ExchangeRateRiskOfProjectsForeignCurrencyDenominatedAssetsLiabilitiesIneffectivelyHedgedDetailsLineItems" xlink:to="ExchangeRateRiskForeignCurrencyDenominatedAssetsLiabilitiesIneffectivelyHedgedForeignCurrencyDenominatedAssetsLiabilities" xlink:title="definition: ExchangeRateRiskOfProjectsForeignCurrencyDenominatedAssetsLiabilitiesIneffectivelyHedgedDetailsLineItems to ExchangeRateRiskForeignCurrencyDenominatedAssetsLiabilitiesIneffectivelyHedgedForeignCurrencyDenominatedAssetsLiabilities" use="optional" order="10.0"/>
    <link:loc xlink:type="locator" xlink:href="../../c-ross_core_2015-12-31.xsd#c-ross_ExchangeRateRiskForeignExchangeForwardAssetsLiabilitiesIneffectivelyHedgedNominalPrincipalValueOfForeignExchangeForwardContracts" xlink:label="ExchangeRateRiskForeignCurrencyDenominatedAssetsLiabilitiesIneffectivelyHedgedNominalPrincipalValueOfForeignExchangeForwardContracts" xlink:title="ExchangeRateRiskForeignCurrencyDenominatedAssetsLiabilitiesIneffectivelyHedgedNominalPrincipalValueOfForeignExchangeForwardContracts"/>
    <link:definitionArc xlink:type="arc" xlink:arcrole="http://xbrl.org/int/dim/arcrole/domain-member" xlink:from="ExchangeRateRiskOfProjectsForeignCurrencyDenominatedAssetsLiabilitiesIneffectivelyHedgedDetailsLineItems" xlink:to="ExchangeRateRiskForeignCurrencyDenominatedAssetsLiabilitiesIneffectivelyHedgedNominalPrincipalValueOfForeignExchangeForwardContracts" xlink:title="definition: ExchangeRateRiskOfProjectsForeignCurrencyDenominatedAssetsLiabilitiesIneffectivelyHedgedDetailsLineItems to ExchangeRateRiskForeignCurrencyDenominatedAssetsLiabilitiesIneffectivelyHedgedNominalPrincipalValueOfForeignExchangeForwardContracts" use="optional" order="20.0"/>
    <link:loc xlink:type="locator" xlink:href="../../c-ross_core_2015-12-31.xsd#c-ross_ExchangeRateRiskForeignExchangeForwardAssetsLiabilitiesIneffectivelyHedgedBaseRiskFactor" xlink:label="ExchangeRateRiskForeignCurrencyDenominatedAssetsLiabilitiesIneffectivelyHedgedBaseRiskFactor" xlink:title="ExchangeRateRiskForeignCurrencyDenominatedAssetsLiabilitiesIneffectivelyHedgedBaseRiskFactor"/>
    <link:definitionArc xlink:type="arc" xlink:arcrole="http://xbrl.org/int/dim/arcrole/domain-member" xlink:from="ExchangeRateRiskOfProjectsForeignCurrencyDenominatedAssetsLiabilitiesIneffectivelyHedgedDetailsLineItems" xlink:to="ExchangeRateRiskForeignCurrencyDenominatedAssetsLiabilitiesIneffectivelyHedgedBaseRiskFactor" xlink:title="definition: ExchangeRateRiskOfProjectsForeignCurrencyDenominatedAssetsLiabilitiesIneffectivelyHedgedDetailsLineItems to ExchangeRateRiskForeignCurrencyDenominatedAssetsLiabilitiesIneffectivelyHedgedBaseRiskFactor" use="optional" order="30.0"/>
    <link:loc xlink:type="locator" xlink:href="../../c-ross_core_2015-12-31.xsd#c-ross_ExchangeRateRiskForeignExchangeForwardAssetsLiabilitiesIneffectivelyHedgedRiskFactorOne" xlink:label="ExchangeRateRiskForeignCurrencyDenominatedAssetsLiabilitiesIneffectivelyHedgedRiskFactorOne" xlink:title="ExchangeRateRiskForeignCurrencyDenominatedAssetsLiabilitiesIneffectivelyHedgedRiskFactorOne"/>
    <link:definitionArc xlink:type="arc" xlink:arcrole="http://xbrl.org/int/dim/arcrole/domain-member" xlink:from="ExchangeRateRiskOfProjectsForeignCurrencyDenominatedAssetsLiabilitiesIneffectivelyHedgedDetailsLineItems" xlink:to="ExchangeRateRiskForeignCurrencyDenominatedAssetsLiabilitiesIneffectivelyHedgedRiskFactorOne" xlink:title="definition: ExchangeRateRiskOfProjectsForeignCurrencyDenominatedAssetsLiabilitiesIneffectivelyHedgedDetailsLineItems to ExchangeRateRiskForeignCurrencyDenominatedAssetsLiabilitiesIneffectivelyHedgedRiskFactorOne" use="optional" order="40.0"/>
    <link:loc xlink:type="locator" xlink:href="../../c-ross_core_2015-12-31.xsd#c-ross_ExchangeRateRiskForeignExchangeForwardAssetsLiabilitiesIneffectivelyHedgedMinimumCapitalOfForeignExchangeForwardContracts" xlink:label="ExchangeRateRiskForeignCurrencyDenominatedAssetsLiabilitiesIneffectivelyHedgedMinimumCapitalOfCurrencyForward" xlink:title="ExchangeRateRiskForeignCurrencyDenominatedAssetsLiabilitiesIneffectivelyHedgedMinimumCapitalOfCurrencyForward"/>
    <link:definitionArc xlink:type="arc" xlink:arcrole="http://xbrl.org/int/dim/arcrole/domain-member" xlink:from="ExchangeRateRiskOfProjectsForeignCurrencyDenominatedAssetsLiabilitiesIneffectivelyHedgedDetailsLineItems" xlink:to="ExchangeRateRiskForeignCurrencyDenominatedAssetsLiabilitiesIneffectivelyHedgedMinimumCapitalOfCurrencyForward" xlink:title="definition: ExchangeRateRiskOfProjectsForeignCurrencyDenominatedAssetsLiabilitiesIneffectivelyHedgedDetailsLineItems to ExchangeRateRiskForeignCurrencyDenominatedAssetsLiabilitiesIneffectivelyHedgedMinimumCapitalOfCurrencyForward" use="optional" order="50.0"/>
    <link:loc xlink:type="locator" xlink:href="../../c-ross_core_2015-12-31.xsd#c-ross_ExchangeRateRiskOfProjectsForeignExchangeForwardAssetsLiabilitiesIneffectivelyHedgedForeignCurrencyItemsDenominatedInOtherForeignCurrenciesDetailsAbstract" xlink:label="ExchangeRateRiskOfProjectsForeignCurrencyDenominatedAssetsLiabilitiesIneffectivelyHedgedOtherCurrenciesDetailsAbstract" xlink:title="ExchangeRateRiskOfProjectsForeignCurrencyDenominatedAssetsLiabilitiesIneffectivelyHedgedOtherCurrenciesDetailsAbstract"/>
    <link:definitionArc xlink:type="arc" xlink:arcrole="http://xbrl.org/int/dim/arcrole/all" xlink:from="ExchangeRateRiskOfProjectsForeignCurrencyDenominatedAssetsLiabilitiesIneffectivelyHedgedOtherCurrenciesDetailsAbstract" xlink:to="ExchangeRateRiskOfProjectsForeignCurrencyDenominatedAssetsLiabilitiesIneffectivelyHedgedDetailsTable" xlink:title="definition: ExchangeRateRiskOfProjectsForeignCurrencyDenominatedAssetsLiabilitiesIneffectivelyHedgedOtherCurrenciesDetailsAbstract to ExchangeRateRiskOfProjectsForeignCurrencyDenominatedAssetsLiabilitiesIneffectivelyHedgedDetailsTable" use="optional" order="10.0" xbrldt:closed="true" xbrldt:contextElement="scenario"/>
    <link:definitionArc xlink:type="arc" xlink:arcrole="http://xbrl.org/int/dim/arcrole/domain-member" xlink:from="ExchangeRateRiskOfProjectsForeignCurrencyDenominatedAssetsLiabilitiesIneffectivelyHedgedOtherCurrenciesDetailsAbstract" xlink:to="ExchangeRateRiskOfProjectsForeignCurrencyDenominatedAssetsLiabilitiesIneffectivelyHedgedDetailsLineItems" xlink:title="definition: ExchangeRateRiskOfProjectsForeignCurrencyDenominatedAssetsLiabilitiesIneffectivelyHedgedOtherCurrenciesDetailsAbstract to ExchangeRateRiskOfProjectsForeignCurrencyDenominatedAssetsLiabilitiesIneffectivelyHedgedDetailsLineItems" use="optional" order="20.0"/>
  </link:definitionLink>
  <link:definitionLink xlink:type="extended" xlink:role="http://xbrl.circ.gov.cn/role/c-ross_2015-12-31_role-3162900b">
    <link:loc xlink:type="locator" xlink:href="../../c-ross_core_2015-12-31.xsd#c-ross_TypesOfCurrenciesMember" xlink:label="TypesOfCurrenciesMember" xlink:title="CurrenciesMember"/>
    <link:loc xlink:type="locator" xlink:href="../../c-ross_core_2015-12-31.xsd#c-ross_ForeignCurrencyItemsDenominatedInOtherForeignCurrenciesMember" xlink:label="OtherForeignCurrenciesMember" xlink:title="OtherForeignCurrenciesItemsMember"/>
    <link:definitionArc xlink:type="arc" xlink:arcrole="http://xbrl.org/int/dim/arcrole/domain-member" xlink:from="TypesOfCurrenciesMember" xlink:to="OtherForeignCurrenciesMember" xlink:title="definition: TypesOfCurrenciesMember to OtherForeignCurrenciesMember" use="optional" order="40.0"/>
    <link:loc xlink:type="locator" xlink:href="../../c-ross_core_2015-12-31.xsd#c-ross_ForeignCurrencyItemsDenominatedInUsdAndCurrenciesDirectlyLinkedToUsdMember" xlink:label="UsdAndCurrenciesDirectlyLinkedToUsdMember" xlink:title="UsdAndCurrenciesDirectlyLinkedToUsdMember"/>
    <link:definitionArc xlink:type="arc" xlink:arcrole="http://xbrl.org/int/dim/arcrole/domain-member" xlink:from="TypesOfCurrenciesMember" xlink:to="UsdAndCurrenciesDirectlyLinkedToUsdMember" xlink:title="definition: TypesOfCurrenciesMember to UsdAndCurrenciesDirectlyLinkedToUsdMember" use="optional" order="10.0"/>
    <link:loc xlink:type="locator" xlink:href="../../c-ross_core_2015-12-31.xsd#c-ross_ForeignCurrencyItemsDenominatedInEurMember" xlink:label="EurGbpMember" xlink:title="EurGbpMember"/>
    <link:definitionArc xlink:type="arc" xlink:arcrole="http://xbrl.org/int/dim/arcrole/domain-member" xlink:from="TypesOfCurrenciesMember" xlink:to="EurGbpMember" xlink:title="definition: TypesOfCurrenciesMember to EurGbpMember" use="optional" order="20.0"/>
    <link:loc xlink:type="locator" xlink:href="../../c-ross_core_2015-12-31.xsd#c-ross_ForeignCurrencyItemsDenominatedInGbpMember" xlink:label="ForeignCurrencyItemsDenominatedInGbpMember" xlink:title="ForeignCurrencyItemsDenominatedInGbpMember"/>
    <link:definitionArc xlink:type="arc" xlink:arcrole="http://xbrl.org/int/dim/arcrole/domain-member" xlink:from="TypesOfCurrenciesMember" xlink:to="ForeignCurrencyItemsDenominatedInGbpMember" xlink:title="definition: TypesOfCurrenciesMember to ForeignCurrencyItemsDenominatedInGbpMember" use="optional" order="30.0"/>
    <link:loc xlink:type="locator" xlink:href="../../c-ross_core_2015-12-31.xsd#c-ross_ExcludedTable" xlink:label="Excluded" xlink:title="Excluded"/>
    <link:loc xlink:type="locator" xlink:href="../../c-ross_core_2015-12-31.xsd#c-ross_ExchangeRateRiskForeignExchangeForwardAssetsLiabilitiesIneffectivelyHedgedTypesOfCurrenciesAxis" xlink:label="ExchangeRateRiskForeignCurrencyDenominatedAssetsLiabilitiesIneffectivelyHedgedTypesOfCurrenciesAxis" xlink:title="ExchangeRateRiskForeignCurrencyDenominatedAssetsLiabilitiesIneffectivelyHedgedTypesOfCurrenciesAxis"/>
    <link:definitionArc xlink:type="arc" xlink:arcrole="http://xbrl.org/int/dim/arcrole/hypercube-dimension" xlink:from="Excluded" xlink:to="ExchangeRateRiskForeignCurrencyDenominatedAssetsLiabilitiesIneffectivelyHedgedTypesOfCurrenciesAxis" xlink:title="definition: Excluded to ExchangeRateRiskForeignCurrencyDenominatedAssetsLiabilitiesIneffectivelyHedgedTypesOfCurrenciesAxis" use="optional" order="10.0"/>
    <link:definitionArc xlink:type="arc" xlink:arcrole="http://xbrl.org/int/dim/arcrole/dimension-domain" xlink:from="ExchangeRateRiskForeignCurrencyDenominatedAssetsLiabilitiesIneffectivelyHedgedTypesOfCurrenciesAxis" xlink:to="TypesOfCurrenciesMember" xlink:title="definition: ExchangeRateRiskForeignCurrencyDenominatedAssetsLiabilitiesIneffectivelyHedgedTypesOfCurrenciesAxis to TypesOfCurrenciesMember" use="optional" order="10.0"/>
  </link:definitionLink>
  <link:definitionLink xlink:type="extended" xlink:role="http://xbrl.circ.gov.cn/role/c-ross_2015-12-31_role-3162900c">
    <link:loc xlink:type="locator" xlink:href="../../c-ross_core_2015-12-31.xsd#c-ross_TypesOfCurrenciesMember" xlink:label="TypesOfCurrenciesMember" xlink:title="CurrenciesMember"/>
    <link:loc xlink:type="locator" xlink:href="../../c-ross_core_2015-12-31.xsd#c-ross_ForeignCurrencyItemsDenominatedInOtherForeignCurrenciesMember" xlink:label="OtherForeignCurrenciesMember" xlink:title="OtherForeignCurrenciesItemsMember"/>
    <link:definitionArc xlink:type="arc" xlink:arcrole="http://xbrl.org/int/dim/arcrole/domain-member" xlink:from="TypesOfCurrenciesMember" xlink:to="OtherForeignCurrenciesMember" xlink:title="definition: TypesOfCurrenciesMember to OtherForeignCurrenciesMember" use="optional" order="10.0"/>
    <link:loc xlink:type="locator" xlink:href="../../c-ross_core_2015-12-31.xsd#c-ross_ExcludedTable" xlink:label="Excluded" xlink:title="Excluded"/>
    <link:loc xlink:type="locator" xlink:href="../../c-ross_core_2015-12-31.xsd#c-ross_ExchangeRateRiskForeignExchangeForwardAssetsLiabilitiesIneffectivelyHedgedTypesOfCurrenciesAxis" xlink:label="ExchangeRateRiskForeignCurrencyDenominatedAssetsLiabilitiesIneffectivelyHedgedTypesOfCurrenciesAxis" xlink:title="ExchangeRateRiskForeignCurrencyDenominatedAssetsLiabilitiesIneffectivelyHedgedTypesOfCurrenciesAxis"/>
    <link:definitionArc xlink:type="arc" xlink:arcrole="http://xbrl.org/int/dim/arcrole/hypercube-dimension" xlink:from="Excluded" xlink:to="ExchangeRateRiskForeignCurrencyDenominatedAssetsLiabilitiesIneffectivelyHedgedTypesOfCurrenciesAxis" xlink:title="definition: Excluded to ExchangeRateRiskForeignCurrencyDenominatedAssetsLiabilitiesIneffectivelyHedgedTypesOfCurrenciesAxis" use="optional" order="10.0"/>
    <link:definitionArc xlink:type="arc" xlink:arcrole="http://xbrl.org/int/dim/arcrole/dimension-domain" xlink:from="ExchangeRateRiskForeignCurrencyDenominatedAssetsLiabilitiesIneffectivelyHedgedTypesOfCurrenciesAxis" xlink:to="TypesOfCurrenciesMember" xlink:title="definition: ExchangeRateRiskForeignCurrencyDenominatedAssetsLiabilitiesIneffectivelyHedgedTypesOfCurrenciesAxis to TypesOfCurrenciesMember" use="optional" order="10.0"/>
  </link:definitionLink>
</link:linkbase>
