<?xml version="1.0" encoding="UTF-8"?>

<!--
	Taxonomy: 2015-12-31 (Final)
	**********************
	Copyright © 2015 China Insurance Regulatory Commission.
	All rights reserved.  No part of this publication may be translated, reprinted or reproduced
	or utilised in any form either in whole or in part without prior permission in writing from China Insurance Regulatory Commission.
	  **********************
	-->
<link:linkbase xmlns:xsi="http://www.w3.org/2001/XMLSchema-instance" xsi:schemaLocation="http://www.xbrl.org/2003/linkbase http://www.xbrl.org/2003/xbrl-linkbase-2003-12-31.xsd" xmlns:c-ross="http://xbrl.circ.gov.cn/taxonomy/2015-12-31/c-ross" xmlns:link="http://www.xbrl.org/2003/linkbase" xmlns:q_s_pc_entry_point="http://xbrl.circ.gov.cn/taxonomy/2015-12-31/c-ross/q_s_pc_entry_point" xmlns:xlink="http://www.w3.org/1999/xlink" xmlns:xbrli="http://www.xbrl.org/2003/instance" xmlns:xbrldt="http://xbrl.org/2005/xbrldt">
  <link:roleRef roleURI="http://xbrl.circ.gov.cn/role/c-ross_2015-12-31_role-3161000a" xlink:type="simple" xlink:href="rol_c-ross_7_2015-12-31.xsd#c-ross_2015-12-31-3161000a"/>
  <link:roleRef roleURI="http://xbrl.circ.gov.cn/role/c-ross_2015-12-31_role-3161000b" xlink:type="simple" xlink:href="rol_c-ross_7_2015-12-31.xsd#c-ross_2015-12-31-3161000b"/>
  <link:arcroleRef arcroleURI="http://xbrl.org/int/dim/arcrole/all" xlink:type="simple" xlink:href="http://www.xbrl.org/2005/xbrldt-2005.xsd#all"/>
  <link:arcroleRef arcroleURI="http://xbrl.org/int/dim/arcrole/domain-member" xlink:type="simple" xlink:href="http://www.xbrl.org/2005/xbrldt-2005.xsd#domain-member"/>
  <link:arcroleRef arcroleURI="http://xbrl.org/int/dim/arcrole/hypercube-dimension" xlink:type="simple" xlink:href="http://www.xbrl.org/2005/xbrldt-2005.xsd#hypercube-dimension"/>
  <link:arcroleRef arcroleURI="http://xbrl.org/int/dim/arcrole/notAll" xlink:type="simple" xlink:href="http://www.xbrl.org/2005/xbrldt-2005.xsd#notAll"/>
  <link:definitionLink xlink:type="extended" xlink:role="http://xbrl.circ.gov.cn/role/c-ross_2015-12-31_role-3161000a">
    <link:loc xlink:type="locator" xlink:href="../../c-ross_core_2015-12-31.xsd#c-ross_ExcludedTable" xlink:label="Excluded" xlink:title="Excluded"/>
    <link:loc xlink:type="locator" xlink:href="../../c-ross_core_2015-12-31.xsd#c-ross_EquityPriceRiskStockQualifiedHedgingHedgingPortfolioLineNumberAxis" xlink:label="EquityPriceRiskStockQualifiedHedgingHedgingPortfolioLineNumberAxis" xlink:title="EquityPriceRiskStockQualifiedHedgingHedgingPortfolioLineNumberAxis"/>
    <link:definitionArc xlink:type="arc" xlink:arcrole="http://xbrl.org/int/dim/arcrole/hypercube-dimension" xlink:from="Excluded" xlink:to="EquityPriceRiskStockQualifiedHedgingHedgingPortfolioLineNumberAxis" xlink:title="definition: Excluded to EquityPriceRiskStockQualifiedHedgingHedgingPortfolioLineNumberAxis" use="optional" order="10.0"/>
    <link:loc xlink:type="locator" xlink:href="../../c-ross_core_2015-12-31.xsd#c-ross_EquityPriceRiskStockQualifiedHedgingHedgingPortfolioAbstract" xlink:label="EquityPriceRiskStockQualifiedHedgingHedgingPortfolioAbstract" xlink:title="EquityPriceRiskStockQualifiedHedgingHedgingPortfolioAbstract"/>
    <link:loc xlink:type="locator" xlink:href="../../c-ross_core_2015-12-31.xsd#c-ross_EquityPriceRiskStockQualifiedHedgingTable" xlink:label="EquityPriceRiskStockQualifiedHedgingTable" xlink:title="EquityPriceRiskStockQualifiedHedgingTable"/>
    <link:definitionArc xlink:type="arc" xlink:arcrole="http://xbrl.org/int/dim/arcrole/all" xlink:from="EquityPriceRiskStockQualifiedHedgingHedgingPortfolioAbstract" xlink:to="EquityPriceRiskStockQualifiedHedgingTable" xlink:title="definition: EquityPriceRiskStockQualifiedHedgingHedgingPortfolioAbstract to EquityPriceRiskStockQualifiedHedgingTable" use="optional" order="10.0" xbrldt:closed="true" xbrldt:contextElement="scenario"/>
    <link:definitionArc xlink:type="arc" xlink:arcrole="http://xbrl.org/int/dim/arcrole/hypercube-dimension" xlink:from="EquityPriceRiskStockQualifiedHedgingTable" xlink:to="EquityPriceRiskStockQualifiedHedgingHedgingPortfolioLineNumberAxis" xlink:title="definition: EquityPriceRiskStockQualifiedHedgingTable to EquityPriceRiskStockQualifiedHedgingHedgingPortfolioLineNumberAxis" use="optional" order="10.0"/>
    <link:loc xlink:type="locator" xlink:href="../../c-ross_core_2015-12-31.xsd#c-ross_EquityPriceRiskStockQualifiedHedgingLineItems" xlink:label="EquityPriceRiskStockQualifiedHedgingLineItems" xlink:title="EquityPriceRiskStockQualifiedHedgingLineItems"/>
    <link:definitionArc xlink:type="arc" xlink:arcrole="http://xbrl.org/int/dim/arcrole/domain-member" xlink:from="EquityPriceRiskStockQualifiedHedgingHedgingPortfolioAbstract" xlink:to="EquityPriceRiskStockQualifiedHedgingLineItems" xlink:title="definition: EquityPriceRiskStockQualifiedHedgingHedgingPortfolioAbstract to EquityPriceRiskStockQualifiedHedgingLineItems" use="optional" order="20.0"/>
    <link:loc xlink:type="locator" xlink:href="../../c-ross_core_2015-12-31.xsd#c-ross_EquityPriceRiskStockQualifiedHedgingHedgingPortfolioName" xlink:label="EquityPriceRiskStockQualifiedHedgingHedgingPortfolioName" xlink:title="EquityPriceRiskStockQualifiedHedgingHedgingPortfolioName"/>
    <link:definitionArc xlink:type="arc" xlink:arcrole="http://xbrl.org/int/dim/arcrole/domain-member" xlink:from="EquityPriceRiskStockQualifiedHedgingLineItems" xlink:to="EquityPriceRiskStockQualifiedHedgingHedgingPortfolioName" xlink:title="definition: EquityPriceRiskStockQualifiedHedgingLineItems to EquityPriceRiskStockQualifiedHedgingHedgingPortfolioName" use="optional" order="10.0"/>
    <link:loc xlink:type="locator" xlink:href="../../c-ross_core_2015-12-31.xsd#c-ross_EquityPriceRiskStockQualifiedHedgingStockName" xlink:label="EquityPriceRiskStockQualifiedHedgingStockName" xlink:title="EquityPriceRiskStockQualifiedHedgingStockName"/>
    <link:definitionArc xlink:type="arc" xlink:arcrole="http://xbrl.org/int/dim/arcrole/domain-member" xlink:from="EquityPriceRiskStockQualifiedHedgingLineItems" xlink:to="EquityPriceRiskStockQualifiedHedgingStockName" xlink:title="definition: EquityPriceRiskStockQualifiedHedgingLineItems to EquityPriceRiskStockQualifiedHedgingStockName" use="optional" order="20.0"/>
    <link:definitionArc xlink:type="arc" xlink:arcrole="http://xbrl.org/int/dim/arcrole/notAll" xlink:from="EquityPriceRiskStockQualifiedHedgingStockName" xlink:to="Excluded" xlink:title="definition: EquityPriceRiskStockQualifiedHedgingStockName to Excluded" use="optional" order="10.0" xbrldt:contextElement="scenario"/>
    <link:loc xlink:type="locator" xlink:href="../../c-ross_core_2015-12-31.xsd#c-ross_EquityPriceRiskStockQualifiedHedgingStockCode" xlink:label="EquityPriceRiskStockQualifiedHedgingStockCode" xlink:title="EquityPriceRiskStockQualifiedHedgingStockCode"/>
    <link:definitionArc xlink:type="arc" xlink:arcrole="http://xbrl.org/int/dim/arcrole/domain-member" xlink:from="EquityPriceRiskStockQualifiedHedgingLineItems" xlink:to="EquityPriceRiskStockQualifiedHedgingStockCode" xlink:title="definition: EquityPriceRiskStockQualifiedHedgingLineItems to EquityPriceRiskStockQualifiedHedgingStockCode" use="optional" order="30.0"/>
    <link:definitionArc xlink:type="arc" xlink:arcrole="http://xbrl.org/int/dim/arcrole/notAll" xlink:from="EquityPriceRiskStockQualifiedHedgingStockCode" xlink:to="Excluded" xlink:title="definition: EquityPriceRiskStockQualifiedHedgingStockCode to Excluded" order="10.0" xbrldt:contextElement="scenario"/>
    <link:loc xlink:type="locator" xlink:href="../../c-ross_core_2015-12-31.xsd#c-ross_EquityPriceRiskStockQualifiedHedgingTypesOfStock" xlink:label="EquityPriceRiskStockQualifiedHedgingTypesOfStock" xlink:title="EquityPriceRiskStockQualifiedHedgingTypesOfStock"/>
    <link:definitionArc xlink:type="arc" xlink:arcrole="http://xbrl.org/int/dim/arcrole/domain-member" xlink:from="EquityPriceRiskStockQualifiedHedgingLineItems" xlink:to="EquityPriceRiskStockQualifiedHedgingTypesOfStock" xlink:title="definition: EquityPriceRiskStockQualifiedHedgingLineItems to EquityPriceRiskStockQualifiedHedgingTypesOfStock" use="optional" order="40.0"/>
    <link:definitionArc xlink:type="arc" xlink:arcrole="http://xbrl.org/int/dim/arcrole/notAll" xlink:from="EquityPriceRiskStockQualifiedHedgingTypesOfStock" xlink:to="Excluded" xlink:title="definition: EquityPriceRiskStockQualifiedHedgingTypesOfStock to Excluded" use="optional" order="10.0" xbrldt:contextElement="scenario"/>
    <link:loc xlink:type="locator" xlink:href="../../c-ross_core_2015-12-31.xsd#c-ross_EquityPriceRiskStockQualifiedHedgingWhetherStockIsCompositeOfCsi300Index" xlink:label="EquityPriceRiskStockQualifiedHedgingWhetherStockIsCompositeOfCsi300Index" xlink:title="EquityPriceRiskStockQualifiedHedgingWhetherStockIsCompositeOfCsi300Index"/>
    <link:definitionArc xlink:type="arc" xlink:arcrole="http://xbrl.org/int/dim/arcrole/domain-member" xlink:from="EquityPriceRiskStockQualifiedHedgingLineItems" xlink:to="EquityPriceRiskStockQualifiedHedgingWhetherStockIsCompositeOfCsi300Index" xlink:title="definition: EquityPriceRiskStockQualifiedHedgingLineItems to EquityPriceRiskStockQualifiedHedgingWhetherStockIsCompositeOfCsi300Index" use="optional" order="50.0"/>
    <link:definitionArc xlink:type="arc" xlink:arcrole="http://xbrl.org/int/dim/arcrole/notAll" xlink:from="EquityPriceRiskStockQualifiedHedgingWhetherStockIsCompositeOfCsi300Index" xlink:to="Excluded" xlink:title="definition: EquityPriceRiskStockQualifiedHedgingWhetherStockIsCompositeOfCsi300Index to Excluded" use="optional" order="10.0" xbrldt:contextElement="scenario"/>
    <link:loc xlink:type="locator" xlink:href="../../c-ross_core_2015-12-31.xsd#c-ross_EquityPriceRiskStockQualifiedHedgingPurchaseCost" xlink:label="EquityPriceRiskStockQualifiedHedgingHoldingCost" xlink:title="EquityPriceRiskStockQualifiedHedgingHoldingCost"/>
    <link:definitionArc xlink:type="arc" xlink:arcrole="http://xbrl.org/int/dim/arcrole/domain-member" xlink:from="EquityPriceRiskStockQualifiedHedgingLineItems" xlink:to="EquityPriceRiskStockQualifiedHedgingHoldingCost" xlink:title="definition: EquityPriceRiskStockQualifiedHedgingLineItems to EquityPriceRiskStockQualifiedHedgingHoldingCost" use="optional" order="70.0"/>
    <link:loc xlink:type="locator" xlink:href="../../c-ross_core_2015-12-31.xsd#c-ross_EquityPriceRiskStockQualifiedHedgingAdmittedValue" xlink:label="EquityPriceRiskStockQualifiedHedgingAdmittedValue" xlink:title="EquityPriceRiskStockQualifiedHedgingAdmittedValue"/>
    <link:definitionArc xlink:type="arc" xlink:arcrole="http://xbrl.org/int/dim/arcrole/domain-member" xlink:from="EquityPriceRiskStockQualifiedHedgingLineItems" xlink:to="EquityPriceRiskStockQualifiedHedgingAdmittedValue" xlink:title="definition: EquityPriceRiskStockQualifiedHedgingLineItems to EquityPriceRiskStockQualifiedHedgingAdmittedValue" use="optional" order="80.0"/>
    <link:loc xlink:type="locator" xlink:href="../../c-ross_core_2015-12-31.xsd#c-ross_EquityPriceRiskStockQualifiedHedgingMinimumCapitalOfHedgedStockPortfolio" xlink:label="EquityPriceRiskStockQualifiedHedgingMinimumCapitalOfHedgedStockPortfolio" xlink:title="EquityPriceRiskStockQualifiedHedgingMinimumCapitalOfHedgedStockPortfolio"/>
    <link:definitionArc xlink:type="arc" xlink:arcrole="http://xbrl.org/int/dim/arcrole/domain-member" xlink:from="EquityPriceRiskStockQualifiedHedgingLineItems" xlink:to="EquityPriceRiskStockQualifiedHedgingMinimumCapitalOfHedgedStockPortfolio" xlink:title="definition: EquityPriceRiskStockQualifiedHedgingLineItems to EquityPriceRiskStockQualifiedHedgingMinimumCapitalOfHedgedStockPortfolio" use="optional" order="160.0"/>
    <link:loc xlink:type="locator" xlink:href="../../c-ross_core_2015-12-31.xsd#c-ross_EquityPriceRiskStockQualifiedHedgingContractualValueOfShortPositionOfStockIndexFutures" xlink:label="EquityPriceRiskStockQualifiedHedgingContractualValueOfShortPositionOfStockIndexFutures" xlink:title="EquityPriceRiskStockQualifiedHedgingContractualValueOfShortPositionOfStockIndexFutures"/>
    <link:definitionArc xlink:type="arc" xlink:arcrole="http://xbrl.org/int/dim/arcrole/domain-member" xlink:from="EquityPriceRiskStockQualifiedHedgingLineItems" xlink:to="EquityPriceRiskStockQualifiedHedgingContractualValueOfShortPositionOfStockIndexFutures" xlink:title="definition: EquityPriceRiskStockQualifiedHedgingLineItems to EquityPriceRiskStockQualifiedHedgingContractualValueOfShortPositionOfStockIndexFutures" use="optional" order="90.0"/>
    <link:loc xlink:type="locator" xlink:href="../../c-ross_core_2015-12-31.xsd#c-ross_EquityPriceRiskStockQualifiedHedgingHedgingEffectivenessOfShortPositionOfStockIndexFutures" xlink:label="EquityPriceRiskStockQualifiedHedgingHedgingEffectivenessOfShortPositionOfStockIndexFutures" xlink:title="EquityPriceRiskStockQualifiedHedgingHedgingEffectivenessOfShortPositionOfStockIndexFutures"/>
    <link:definitionArc xlink:type="arc" xlink:arcrole="http://xbrl.org/int/dim/arcrole/domain-member" xlink:from="EquityPriceRiskStockQualifiedHedgingLineItems" xlink:to="EquityPriceRiskStockQualifiedHedgingHedgingEffectivenessOfShortPositionOfStockIndexFutures" xlink:title="definition: EquityPriceRiskStockQualifiedHedgingLineItems to EquityPriceRiskStockQualifiedHedgingHedgingEffectivenessOfShortPositionOfStockIndexFutures" use="optional" order="100.0"/>
    <link:loc xlink:type="locator" xlink:href="../../c-ross_core_2015-12-31.xsd#c-ross_EquityPriceRiskStockQualifiedHedgingMinimumCapitalOfHedgingPortfolio" xlink:label="EquityPriceRiskStockQualifiedHedgingMinimumCapitalOfHedgingPortfolio" xlink:title="EquityPriceRiskStockQualifiedHedgingMinimumCapitalOfHedgingPortfolio"/>
    <link:definitionArc xlink:type="arc" xlink:arcrole="http://xbrl.org/int/dim/arcrole/domain-member" xlink:from="EquityPriceRiskStockQualifiedHedgingLineItems" xlink:to="EquityPriceRiskStockQualifiedHedgingMinimumCapitalOfHedgingPortfolio" xlink:title="definition: EquityPriceRiskStockQualifiedHedgingLineItems to EquityPriceRiskStockQualifiedHedgingMinimumCapitalOfHedgingPortfolio" use="optional" order="170.0"/>
    <link:loc xlink:type="locator" xlink:href="../../c-ross_core_2015-12-31.xsd#c-ross_EquityPriceRiskStockQualifiedHedgingRiskExposureOfHedgedStock" xlink:label="EquityPriceRiskStockQualifiedHedgingRiskExposureOfHedgedStock" xlink:title="EquityPriceRiskStockQualifiedHedgingRiskExposureOfHedgedStock"/>
    <link:definitionArc xlink:type="arc" xlink:arcrole="http://xbrl.org/int/dim/arcrole/domain-member" xlink:from="EquityPriceRiskStockQualifiedHedgingLineItems" xlink:to="EquityPriceRiskStockQualifiedHedgingRiskExposureOfHedgedStock" xlink:title="definition: EquityPriceRiskStockQualifiedHedgingLineItems to EquityPriceRiskStockQualifiedHedgingRiskExposureOfHedgedStock" use="optional" order="110.0"/>
    <link:loc xlink:type="locator" xlink:href="../../c-ross_core_2015-12-31.xsd#c-ross_EquityPriceRiskStockQualifiedHedgingBaseRiskFactorOfHedgedStock" xlink:label="EquityPriceRiskStockQualifiedHedgingBaseRiskFactorOfHedgedStock" xlink:title="EquityPriceRiskStockQualifiedHedgingBaseRiskFactorOfHedgedStock"/>
    <link:definitionArc xlink:type="arc" xlink:arcrole="http://xbrl.org/int/dim/arcrole/domain-member" xlink:from="EquityPriceRiskStockQualifiedHedgingLineItems" xlink:to="EquityPriceRiskStockQualifiedHedgingBaseRiskFactorOfHedgedStock" xlink:title="definition: EquityPriceRiskStockQualifiedHedgingLineItems to EquityPriceRiskStockQualifiedHedgingBaseRiskFactorOfHedgedStock" use="optional" order="120.0"/>
    <link:definitionArc xlink:type="arc" xlink:arcrole="http://xbrl.org/int/dim/arcrole/notAll" xlink:from="EquityPriceRiskStockQualifiedHedgingBaseRiskFactorOfHedgedStock" xlink:to="Excluded" xlink:title="definition: EquityPriceRiskStockQualifiedHedgingBaseRiskFactorOfHedgedStock to Excluded" use="optional" order="10.0" xbrldt:contextElement="scenario"/>
    <link:loc xlink:type="locator" xlink:href="../../c-ross_core_2015-12-31.xsd#c-ross_EquityPriceRiskStockQualifiedHedgingRiskFactorOneOfHedgedStock" xlink:label="EquityPriceRiskStockQualifiedHedgingRiskFactorOneOfHedgedStock" xlink:title="EquityPriceRiskStockQualifiedHedgingRiskFactorOneOfHedgedStock"/>
    <link:definitionArc xlink:type="arc" xlink:arcrole="http://xbrl.org/int/dim/arcrole/domain-member" xlink:from="EquityPriceRiskStockQualifiedHedgingLineItems" xlink:to="EquityPriceRiskStockQualifiedHedgingRiskFactorOneOfHedgedStock" xlink:title="definition: EquityPriceRiskStockQualifiedHedgingLineItems to EquityPriceRiskStockQualifiedHedgingRiskFactorOneOfHedgedStock" use="optional" order="130.0"/>
    <link:definitionArc xlink:type="arc" xlink:arcrole="http://xbrl.org/int/dim/arcrole/notAll" xlink:from="EquityPriceRiskStockQualifiedHedgingRiskFactorOneOfHedgedStock" xlink:to="Excluded" xlink:title="definition: EquityPriceRiskStockQualifiedHedgingRiskFactorOneOfHedgedStock to Excluded" use="optional" order="10.0" xbrldt:contextElement="scenario"/>
    <link:loc xlink:type="locator" xlink:href="../../c-ross_core_2015-12-31.xsd#c-ross_EquityPriceRiskStockQualifiedHedgingRiskFactorTwoOfHedgedStock" xlink:label="EquityPriceRiskStockQualifiedHedgingRiskFactorTwoOfHedgedStock" xlink:title="EquityPriceRiskStockQualifiedHedgingRiskFactorTwoOfHedgedStock"/>
    <link:definitionArc xlink:type="arc" xlink:arcrole="http://xbrl.org/int/dim/arcrole/domain-member" xlink:from="EquityPriceRiskStockQualifiedHedgingLineItems" xlink:to="EquityPriceRiskStockQualifiedHedgingRiskFactorTwoOfHedgedStock" xlink:title="definition: EquityPriceRiskStockQualifiedHedgingLineItems to EquityPriceRiskStockQualifiedHedgingRiskFactorTwoOfHedgedStock" use="optional" order="140.0"/>
    <link:definitionArc xlink:type="arc" xlink:arcrole="http://xbrl.org/int/dim/arcrole/notAll" xlink:from="EquityPriceRiskStockQualifiedHedgingRiskFactorTwoOfHedgedStock" xlink:to="Excluded" xlink:title="definition: EquityPriceRiskStockQualifiedHedgingRiskFactorTwoOfHedgedStock to Excluded" use="optional" order="10.0" xbrldt:contextElement="scenario"/>
    <link:loc xlink:type="locator" xlink:href="../../c-ross_core_2015-12-31.xsd#c-ross_EquityPriceRiskStockQualifiedHedgingRiskFactorOfShortPositionOfStockIndexFutures" xlink:label="EquityPriceRiskStockQualifiedHedgingRiskFactorOfShortPositionOfStockIndexFutures" xlink:title="EquityPriceRiskStockQualifiedHedgingRiskFactorOfShortPositionOfStockIndexFutures"/>
    <link:definitionArc xlink:type="arc" xlink:arcrole="http://xbrl.org/int/dim/arcrole/domain-member" xlink:from="EquityPriceRiskStockQualifiedHedgingLineItems" xlink:to="EquityPriceRiskStockQualifiedHedgingRiskFactorOfShortPositionOfStockIndexFutures" xlink:title="definition: EquityPriceRiskStockQualifiedHedgingLineItems to EquityPriceRiskStockQualifiedHedgingRiskFactorOfShortPositionOfStockIndexFutures" use="optional" order="150.0"/>
    <link:loc xlink:type="locator" xlink:href="../../c-ross_core_2015-12-31.xsd#c-ross_EquityPriceRiskStockQualifiedHedgingProportionOfOwnershipInterests" xlink:label="EquityPriceRiskStockQualifiedHedgingProportionOfOwnershipInterests" xlink:title="EquityPriceRiskStockQualifiedHedgingProportionOfOwnershipInterests"/>
    <link:definitionArc xlink:type="arc" xlink:arcrole="http://xbrl.org/int/dim/arcrole/domain-member" xlink:from="EquityPriceRiskStockQualifiedHedgingLineItems" xlink:to="EquityPriceRiskStockQualifiedHedgingProportionOfOwnershipInterests" xlink:title="definition: EquityPriceRiskStockQualifiedHedgingLineItems to EquityPriceRiskStockQualifiedHedgingProportionOfOwnershipInterests" use="optional" order="60.0"/>
    <link:definitionArc xlink:type="arc" xlink:arcrole="http://xbrl.org/int/dim/arcrole/notAll" xlink:from="EquityPriceRiskStockQualifiedHedgingProportionOfOwnershipInterests" xlink:to="Excluded" xlink:title="definition: EquityPriceRiskStockQualifiedHedgingProportionOfOwnershipInterests to Excluded" use="optional" order="10.0" xbrldt:contextElement="scenario"/>
  </link:definitionLink>
  <link:definitionLink xlink:type="extended" xlink:role="http://xbrl.circ.gov.cn/role/c-ross_2015-12-31_role-3161000b">
    <link:loc xlink:type="locator" xlink:href="../../c-ross_core_2015-12-31.xsd#c-ross_ExcludedTable" xlink:label="Excluded" xlink:title="Excluded"/>
    <link:loc xlink:type="locator" xlink:href="../../c-ross_core_2015-12-31.xsd#c-ross_EquityPriceRiskStockQualifiedHedgingHedgedStockLineNumberAxis" xlink:label="EquityPriceRiskStockQualifiedHedgingLineNumberAxis" xlink:title="EquityPriceRiskStockQualifiedHedgingLineNumberAxis"/>
    <link:definitionArc xlink:type="arc" xlink:arcrole="http://xbrl.org/int/dim/arcrole/hypercube-dimension" xlink:from="Excluded" xlink:to="EquityPriceRiskStockQualifiedHedgingLineNumberAxis" xlink:title="definition: Excluded to EquityPriceRiskStockQualifiedHedgingLineNumberAxis" use="optional" order="10.0"/>
    <link:loc xlink:type="locator" xlink:href="../../c-ross_core_2015-12-31.xsd#c-ross_EquityPriceRiskStockQualifiedHedgingTable" xlink:label="EquityPriceRiskStockQualifiedHedgingTable" xlink:title="EquityPriceRiskStockQualifiedHedgingTable"/>
    <link:loc xlink:type="locator" xlink:href="../../c-ross_core_2015-12-31.xsd#c-ross_EquityPriceRiskStockQualifiedHedgingHedgingPortfolioLineNumberAxis" xlink:label="EquityPriceRiskStockQualifiedHedgingHedgingPortfolioLineNumberAxis" xlink:title="EquityPriceRiskStockQualifiedHedgingHedgingPortfolioLineNumberAxis"/>
    <link:definitionArc xlink:type="arc" xlink:arcrole="http://xbrl.org/int/dim/arcrole/hypercube-dimension" xlink:from="EquityPriceRiskStockQualifiedHedgingTable" xlink:to="EquityPriceRiskStockQualifiedHedgingHedgingPortfolioLineNumberAxis" xlink:title="definition: EquityPriceRiskStockQualifiedHedgingTable to EquityPriceRiskStockQualifiedHedgingHedgingPortfolioLineNumberAxis" use="optional" order="10.0"/>
    <link:definitionArc xlink:type="arc" xlink:arcrole="http://xbrl.org/int/dim/arcrole/hypercube-dimension" xlink:from="EquityPriceRiskStockQualifiedHedgingTable" xlink:to="EquityPriceRiskStockQualifiedHedgingLineNumberAxis" xlink:title="definition: EquityPriceRiskStockQualifiedHedgingTable to EquityPriceRiskStockQualifiedHedgingLineNumberAxis" use="optional" order="20.0"/>
    <link:loc xlink:type="locator" xlink:href="../../c-ross_core_2015-12-31.xsd#c-ross_EquityPriceRiskStockQualifiedHedgingLineItems" xlink:label="EquityPriceRiskStockQualifiedHedgingLineItems" xlink:title="EquityPriceRiskStockQualifiedHedgingLineItems"/>
    <link:loc xlink:type="locator" xlink:href="../../c-ross_core_2015-12-31.xsd#c-ross_EquityPriceRiskStockQualifiedHedgingHedgingPortfolioName" xlink:label="EquityPriceRiskStockQualifiedHedgingHedgingPortfolioName" xlink:title="EquityPriceRiskStockQualifiedHedgingHedgingPortfolioName"/>
    <link:definitionArc xlink:type="arc" xlink:arcrole="http://xbrl.org/int/dim/arcrole/domain-member" xlink:from="EquityPriceRiskStockQualifiedHedgingLineItems" xlink:to="EquityPriceRiskStockQualifiedHedgingHedgingPortfolioName" xlink:title="definition: EquityPriceRiskStockQualifiedHedgingLineItems to EquityPriceRiskStockQualifiedHedgingHedgingPortfolioName" use="optional" order="10.0"/>
    <link:definitionArc xlink:type="arc" xlink:arcrole="http://xbrl.org/int/dim/arcrole/notAll" xlink:from="EquityPriceRiskStockQualifiedHedgingHedgingPortfolioName" xlink:to="Excluded" xlink:title="definition: EquityPriceRiskStockQualifiedHedgingHedgingPortfolioName to Excluded" use="optional" order="10.0" xbrldt:contextElement="scenario"/>
    <link:loc xlink:type="locator" xlink:href="../../c-ross_core_2015-12-31.xsd#c-ross_EquityPriceRiskStockQualifiedHedgingStockName" xlink:label="EquityPriceRiskStockQualifiedHedgingStockName" xlink:title="EquityPriceRiskStockQualifiedHedgingStockName"/>
    <link:definitionArc xlink:type="arc" xlink:arcrole="http://xbrl.org/int/dim/arcrole/domain-member" xlink:from="EquityPriceRiskStockQualifiedHedgingLineItems" xlink:to="EquityPriceRiskStockQualifiedHedgingStockName" xlink:title="definition: EquityPriceRiskStockQualifiedHedgingLineItems to EquityPriceRiskStockQualifiedHedgingStockName" use="optional" order="20.0"/>
    <link:loc xlink:type="locator" xlink:href="../../c-ross_core_2015-12-31.xsd#c-ross_EquityPriceRiskStockQualifiedHedgingStockCode" xlink:label="EquityPriceRiskStockQualifiedHedgingStockCode" xlink:title="EquityPriceRiskStockQualifiedHedgingStockCode"/>
    <link:definitionArc xlink:type="arc" xlink:arcrole="http://xbrl.org/int/dim/arcrole/domain-member" xlink:from="EquityPriceRiskStockQualifiedHedgingLineItems" xlink:to="EquityPriceRiskStockQualifiedHedgingStockCode" xlink:title="definition: EquityPriceRiskStockQualifiedHedgingLineItems to EquityPriceRiskStockQualifiedHedgingStockCode" use="optional" order="30.0"/>
    <link:loc xlink:type="locator" xlink:href="../../c-ross_core_2015-12-31.xsd#c-ross_EquityPriceRiskStockQualifiedHedgingTypesOfStock" xlink:label="EquityPriceRiskStockQualifiedHedgingTypesOfStock" xlink:title="EquityPriceRiskStockQualifiedHedgingTypesOfStock"/>
    <link:definitionArc xlink:type="arc" xlink:arcrole="http://xbrl.org/int/dim/arcrole/domain-member" xlink:from="EquityPriceRiskStockQualifiedHedgingLineItems" xlink:to="EquityPriceRiskStockQualifiedHedgingTypesOfStock" xlink:title="definition: EquityPriceRiskStockQualifiedHedgingLineItems to EquityPriceRiskStockQualifiedHedgingTypesOfStock" use="optional" order="40.0"/>
    <link:loc xlink:type="locator" xlink:href="../../c-ross_core_2015-12-31.xsd#c-ross_EquityPriceRiskStockQualifiedHedgingWhetherStockIsCompositeOfCsi300Index" xlink:label="EquityPriceRiskStockQualifiedHedgingWhetherStockIsCompositeOfCsi300Index" xlink:title="EquityPriceRiskStockQualifiedHedgingWhetherStockIsCompositeOfCsi300Index"/>
    <link:definitionArc xlink:type="arc" xlink:arcrole="http://xbrl.org/int/dim/arcrole/domain-member" xlink:from="EquityPriceRiskStockQualifiedHedgingLineItems" xlink:to="EquityPriceRiskStockQualifiedHedgingWhetherStockIsCompositeOfCsi300Index" xlink:title="definition: EquityPriceRiskStockQualifiedHedgingLineItems to EquityPriceRiskStockQualifiedHedgingWhetherStockIsCompositeOfCsi300Index" use="optional" order="50.0"/>
    <link:loc xlink:type="locator" xlink:href="../../c-ross_core_2015-12-31.xsd#c-ross_EquityPriceRiskStockQualifiedHedgingPurchaseCost" xlink:label="EquityPriceRiskStockQualifiedHedgingHoldingCost" xlink:title="EquityPriceRiskStockQualifiedHedgingHoldingCost"/>
    <link:definitionArc xlink:type="arc" xlink:arcrole="http://xbrl.org/int/dim/arcrole/domain-member" xlink:from="EquityPriceRiskStockQualifiedHedgingLineItems" xlink:to="EquityPriceRiskStockQualifiedHedgingHoldingCost" xlink:title="definition: EquityPriceRiskStockQualifiedHedgingLineItems to EquityPriceRiskStockQualifiedHedgingHoldingCost" use="optional" order="70.0"/>
    <link:loc xlink:type="locator" xlink:href="../../c-ross_core_2015-12-31.xsd#c-ross_EquityPriceRiskStockQualifiedHedgingAdmittedValue" xlink:label="EquityPriceRiskStockQualifiedHedgingAdmittedValue" xlink:title="EquityPriceRiskStockQualifiedHedgingAdmittedValue"/>
    <link:definitionArc xlink:type="arc" xlink:arcrole="http://xbrl.org/int/dim/arcrole/domain-member" xlink:from="EquityPriceRiskStockQualifiedHedgingLineItems" xlink:to="EquityPriceRiskStockQualifiedHedgingAdmittedValue" xlink:title="definition: EquityPriceRiskStockQualifiedHedgingLineItems to EquityPriceRiskStockQualifiedHedgingAdmittedValue" use="optional" order="80.0"/>
    <link:loc xlink:type="locator" xlink:href="../../c-ross_core_2015-12-31.xsd#c-ross_EquityPriceRiskStockQualifiedHedgingMinimumCapitalOfHedgedStockPortfolio" xlink:label="EquityPriceRiskStockQualifiedHedgingMinimumCapitalOfHedgedStockPortfolio" xlink:title="EquityPriceRiskStockQualifiedHedgingMinimumCapitalOfHedgedStockPortfolio"/>
    <link:definitionArc xlink:type="arc" xlink:arcrole="http://xbrl.org/int/dim/arcrole/domain-member" xlink:from="EquityPriceRiskStockQualifiedHedgingLineItems" xlink:to="EquityPriceRiskStockQualifiedHedgingMinimumCapitalOfHedgedStockPortfolio" xlink:title="definition: EquityPriceRiskStockQualifiedHedgingLineItems to EquityPriceRiskStockQualifiedHedgingMinimumCapitalOfHedgedStockPortfolio" use="optional" order="160.0"/>
    <link:loc xlink:type="locator" xlink:href="../../c-ross_core_2015-12-31.xsd#c-ross_EquityPriceRiskStockQualifiedHedgingContractualValueOfShortPositionOfStockIndexFutures" xlink:label="EquityPriceRiskStockQualifiedHedgingContractualValueOfShortPositionOfStockIndexFutures" xlink:title="EquityPriceRiskStockQualifiedHedgingContractualValueOfShortPositionOfStockIndexFutures"/>
    <link:definitionArc xlink:type="arc" xlink:arcrole="http://xbrl.org/int/dim/arcrole/domain-member" xlink:from="EquityPriceRiskStockQualifiedHedgingLineItems" xlink:to="EquityPriceRiskStockQualifiedHedgingContractualValueOfShortPositionOfStockIndexFutures" xlink:title="definition: EquityPriceRiskStockQualifiedHedgingLineItems to EquityPriceRiskStockQualifiedHedgingContractualValueOfShortPositionOfStockIndexFutures" use="optional" order="90.0"/>
    <link:definitionArc xlink:type="arc" xlink:arcrole="http://xbrl.org/int/dim/arcrole/notAll" xlink:from="EquityPriceRiskStockQualifiedHedgingContractualValueOfShortPositionOfStockIndexFutures" xlink:to="Excluded" xlink:title="definition: EquityPriceRiskStockQualifiedHedgingContractualValueOfShortPositionOfStockIndexFutures to Excluded" order="10.0" xbrldt:contextElement="scenario"/>
    <link:loc xlink:type="locator" xlink:href="../../c-ross_core_2015-12-31.xsd#c-ross_EquityPriceRiskStockQualifiedHedgingHedgingEffectivenessOfShortPositionOfStockIndexFutures" xlink:label="EquityPriceRiskStockQualifiedHedgingHedgingEffectivenessOfShortPositionOfStockIndexFutures" xlink:title="EquityPriceRiskStockQualifiedHedgingHedgingEffectivenessOfShortPositionOfStockIndexFutures"/>
    <link:definitionArc xlink:type="arc" xlink:arcrole="http://xbrl.org/int/dim/arcrole/domain-member" xlink:from="EquityPriceRiskStockQualifiedHedgingLineItems" xlink:to="EquityPriceRiskStockQualifiedHedgingHedgingEffectivenessOfShortPositionOfStockIndexFutures" xlink:title="definition: EquityPriceRiskStockQualifiedHedgingLineItems to EquityPriceRiskStockQualifiedHedgingHedgingEffectivenessOfShortPositionOfStockIndexFutures" use="optional" order="100.0"/>
    <link:definitionArc xlink:type="arc" xlink:arcrole="http://xbrl.org/int/dim/arcrole/notAll" xlink:from="EquityPriceRiskStockQualifiedHedgingHedgingEffectivenessOfShortPositionOfStockIndexFutures" xlink:to="Excluded" xlink:title="definition: EquityPriceRiskStockQualifiedHedgingHedgingEffectivenessOfShortPositionOfStockIndexFutures to Excluded" use="optional" order="10.0" xbrldt:contextElement="scenario"/>
    <link:loc xlink:type="locator" xlink:href="../../c-ross_core_2015-12-31.xsd#c-ross_EquityPriceRiskStockQualifiedHedgingMinimumCapitalOfHedgingPortfolio" xlink:label="EquityPriceRiskStockQualifiedHedgingMinimumCapitalOfHedgingPortfolio" xlink:title="EquityPriceRiskStockQualifiedHedgingMinimumCapitalOfHedgingPortfolio"/>
    <link:definitionArc xlink:type="arc" xlink:arcrole="http://xbrl.org/int/dim/arcrole/domain-member" xlink:from="EquityPriceRiskStockQualifiedHedgingLineItems" xlink:to="EquityPriceRiskStockQualifiedHedgingMinimumCapitalOfHedgingPortfolio" xlink:title="definition: EquityPriceRiskStockQualifiedHedgingLineItems to EquityPriceRiskStockQualifiedHedgingMinimumCapitalOfHedgingPortfolio" use="optional" order="170.0"/>
    <link:definitionArc xlink:type="arc" xlink:arcrole="http://xbrl.org/int/dim/arcrole/notAll" xlink:from="EquityPriceRiskStockQualifiedHedgingMinimumCapitalOfHedgingPortfolio" xlink:to="Excluded" xlink:title="definition: EquityPriceRiskStockQualifiedHedgingMinimumCapitalOfHedgingPortfolio to Excluded" use="optional" order="10.0" xbrldt:contextElement="scenario"/>
    <link:loc xlink:type="locator" xlink:href="../../c-ross_core_2015-12-31.xsd#c-ross_EquityPriceRiskStockQualifiedHedgingRiskExposureOfHedgedStock" xlink:label="EquityPriceRiskStockQualifiedHedgingRiskExposureOfHedgedStock" xlink:title="EquityPriceRiskStockQualifiedHedgingRiskExposureOfHedgedStock"/>
    <link:definitionArc xlink:type="arc" xlink:arcrole="http://xbrl.org/int/dim/arcrole/domain-member" xlink:from="EquityPriceRiskStockQualifiedHedgingLineItems" xlink:to="EquityPriceRiskStockQualifiedHedgingRiskExposureOfHedgedStock" xlink:title="definition: EquityPriceRiskStockQualifiedHedgingLineItems to EquityPriceRiskStockQualifiedHedgingRiskExposureOfHedgedStock" use="optional" order="110.0"/>
    <link:loc xlink:type="locator" xlink:href="../../c-ross_core_2015-12-31.xsd#c-ross_EquityPriceRiskStockQualifiedHedgingBaseRiskFactorOfHedgedStock" xlink:label="EquityPriceRiskStockQualifiedHedgingBaseRiskFactorOfHedgedStock" xlink:title="EquityPriceRiskStockQualifiedHedgingBaseRiskFactorOfHedgedStock"/>
    <link:definitionArc xlink:type="arc" xlink:arcrole="http://xbrl.org/int/dim/arcrole/domain-member" xlink:from="EquityPriceRiskStockQualifiedHedgingLineItems" xlink:to="EquityPriceRiskStockQualifiedHedgingBaseRiskFactorOfHedgedStock" xlink:title="definition: EquityPriceRiskStockQualifiedHedgingLineItems to EquityPriceRiskStockQualifiedHedgingBaseRiskFactorOfHedgedStock" use="optional" order="120.0"/>
    <link:loc xlink:type="locator" xlink:href="../../c-ross_core_2015-12-31.xsd#c-ross_EquityPriceRiskStockQualifiedHedgingRiskFactorOneOfHedgedStock" xlink:label="EquityPriceRiskStockQualifiedHedgingRiskFactorOneOfHedgedStock" xlink:title="EquityPriceRiskStockQualifiedHedgingRiskFactorOneOfHedgedStock"/>
    <link:definitionArc xlink:type="arc" xlink:arcrole="http://xbrl.org/int/dim/arcrole/domain-member" xlink:from="EquityPriceRiskStockQualifiedHedgingLineItems" xlink:to="EquityPriceRiskStockQualifiedHedgingRiskFactorOneOfHedgedStock" xlink:title="definition: EquityPriceRiskStockQualifiedHedgingLineItems to EquityPriceRiskStockQualifiedHedgingRiskFactorOneOfHedgedStock" use="optional" order="130.0"/>
    <link:loc xlink:type="locator" xlink:href="../../c-ross_core_2015-12-31.xsd#c-ross_EquityPriceRiskStockQualifiedHedgingRiskFactorTwoOfHedgedStock" xlink:label="EquityPriceRiskStockQualifiedHedgingRiskFactorTwoOfHedgedStock" xlink:title="EquityPriceRiskStockQualifiedHedgingRiskFactorTwoOfHedgedStock"/>
    <link:definitionArc xlink:type="arc" xlink:arcrole="http://xbrl.org/int/dim/arcrole/domain-member" xlink:from="EquityPriceRiskStockQualifiedHedgingLineItems" xlink:to="EquityPriceRiskStockQualifiedHedgingRiskFactorTwoOfHedgedStock" xlink:title="definition: EquityPriceRiskStockQualifiedHedgingLineItems to EquityPriceRiskStockQualifiedHedgingRiskFactorTwoOfHedgedStock" use="optional" order="140.0"/>
    <link:loc xlink:type="locator" xlink:href="../../c-ross_core_2015-12-31.xsd#c-ross_EquityPriceRiskStockQualifiedHedgingRiskFactorOfShortPositionOfStockIndexFutures" xlink:label="EquityPriceRiskStockQualifiedHedgingRiskFactorOfShortPositionOfStockIndexFutures" xlink:title="EquityPriceRiskStockQualifiedHedgingRiskFactorOfShortPositionOfStockIndexFutures"/>
    <link:definitionArc xlink:type="arc" xlink:arcrole="http://xbrl.org/int/dim/arcrole/domain-member" xlink:from="EquityPriceRiskStockQualifiedHedgingLineItems" xlink:to="EquityPriceRiskStockQualifiedHedgingRiskFactorOfShortPositionOfStockIndexFutures" xlink:title="definition: EquityPriceRiskStockQualifiedHedgingLineItems to EquityPriceRiskStockQualifiedHedgingRiskFactorOfShortPositionOfStockIndexFutures" use="optional" order="150.0"/>
    <link:definitionArc xlink:type="arc" xlink:arcrole="http://xbrl.org/int/dim/arcrole/notAll" xlink:from="EquityPriceRiskStockQualifiedHedgingRiskFactorOfShortPositionOfStockIndexFutures" xlink:to="Excluded" xlink:title="definition: EquityPriceRiskStockQualifiedHedgingRiskFactorOfShortPositionOfStockIndexFutures to Excluded" use="optional" order="10.0" xbrldt:contextElement="scenario"/>
    <link:loc xlink:type="locator" xlink:href="../../c-ross_core_2015-12-31.xsd#c-ross_EquityPriceRiskStockQualifiedHedgingProportionOfOwnershipInterests" xlink:label="EquityPriceRiskStockQualifiedHedgingProportionOfOwnershipInterests" xlink:title="EquityPriceRiskStockQualifiedHedgingProportionOfOwnershipInterests"/>
    <link:definitionArc xlink:type="arc" xlink:arcrole="http://xbrl.org/int/dim/arcrole/domain-member" xlink:from="EquityPriceRiskStockQualifiedHedgingLineItems" xlink:to="EquityPriceRiskStockQualifiedHedgingProportionOfOwnershipInterests" xlink:title="definition: EquityPriceRiskStockQualifiedHedgingLineItems to EquityPriceRiskStockQualifiedHedgingProportionOfOwnershipInterests" use="optional" order="60.0"/>
    <link:loc xlink:type="locator" xlink:href="../../c-ross_core_2015-12-31.xsd#c-ross_EquityPriceRiskStockQualifiedHedgingHedgedStockAbstract" xlink:label="EquityPriceRiskStockQualifiedHedgingHedgingPortfolioDetailsAbstract" xlink:title="EquityPriceRiskStockQualifiedHedgingHedgingPortfolioDetailsAbstract"/>
    <link:definitionArc xlink:type="arc" xlink:arcrole="http://xbrl.org/int/dim/arcrole/all" xlink:from="EquityPriceRiskStockQualifiedHedgingHedgingPortfolioDetailsAbstract" xlink:to="EquityPriceRiskStockQualifiedHedgingTable" xlink:title="definition: EquityPriceRiskStockQualifiedHedgingHedgingPortfolioDetailsAbstract to EquityPriceRiskStockQualifiedHedgingTable" use="optional" order="10.0" xbrldt:closed="true" xbrldt:contextElement="scenario"/>
    <link:definitionArc xlink:type="arc" xlink:arcrole="http://xbrl.org/int/dim/arcrole/domain-member" xlink:from="EquityPriceRiskStockQualifiedHedgingHedgingPortfolioDetailsAbstract" xlink:to="EquityPriceRiskStockQualifiedHedgingLineItems" xlink:title="definition: EquityPriceRiskStockQualifiedHedgingHedgingPortfolioDetailsAbstract to EquityPriceRiskStockQualifiedHedgingLineItems" use="optional" order="20.0"/>
  </link:definitionLink>
</link:linkbase>
