<?xml version="1.0" encoding="UTF-8"?>

<!--
	Taxonomy: 2015-12-31 (Final)
	**********************
	Copyright © 2015 China Insurance Regulatory Commission.
	All rights reserved.  No part of this publication may be translated, reprinted or reproduced
	or utilised in any form either in whole or in part without prior permission in writing from China Insurance Regulatory Commission.
	  **********************
	-->
<link:linkbase xmlns:xsi="http://www.w3.org/2001/XMLSchema-instance" xsi:schemaLocation="http://www.xbrl.org/2003/linkbase http://www.xbrl.org/2003/xbrl-linkbase-2003-12-31.xsd" xmlns:c-ross="http://xbrl.circ.gov.cn/taxonomy/2015-12-31/c-ross" xmlns:link="http://www.xbrl.org/2003/linkbase" xmlns:xbrldt="http://xbrl.org/2005/xbrldt" xmlns:xbrli="http://www.xbrl.org/2003/instance" xmlns:xlink="http://www.w3.org/1999/xlink">
  <link:roleRef roleURI="http://xbrl.circ.gov.cn/role/c-ross_2015-12-31_role-3160112" xlink:type="simple" xlink:href="rol_c-ross_7_2015-12-31.xsd#c-ross_2015-12-31-3160112"/>
  <link:roleRef roleURI="http://xbrl.circ.gov.cn/role/c-ross_2015-12-31_role-3160112a" xlink:type="simple" xlink:href="rol_c-ross_7_2015-12-31.xsd#c-ross_2015-12-31-3160112a"/>
  <link:roleRef roleURI="http://xbrl.circ.gov.cn/role/c-ross_2015-12-31_role-3160112b" xlink:type="simple" xlink:href="rol_c-ross_7_2015-12-31.xsd#c-ross_2015-12-31-3160112b"/>
  <link:arcroleRef arcroleURI="http://xbrl.org/int/dim/arcrole/all" xlink:type="simple" xlink:href="http://www.xbrl.org/2005/xbrldt-2005.xsd#all"/>
  <link:arcroleRef arcroleURI="http://xbrl.org/int/dim/arcrole/dimension-default" xlink:type="simple" xlink:href="http://www.xbrl.org/2005/xbrldt-2005.xsd#dimension-default"/>
  <link:arcroleRef arcroleURI="http://xbrl.org/int/dim/arcrole/dimension-domain" xlink:type="simple" xlink:href="http://www.xbrl.org/2005/xbrldt-2005.xsd#dimension-domain"/>
  <link:arcroleRef arcroleURI="http://xbrl.org/int/dim/arcrole/domain-member" xlink:type="simple" xlink:href="http://www.xbrl.org/2005/xbrldt-2005.xsd#domain-member"/>
  <link:arcroleRef arcroleURI="http://xbrl.org/int/dim/arcrole/hypercube-dimension" xlink:type="simple" xlink:href="http://www.xbrl.org/2005/xbrldt-2005.xsd#hypercube-dimension"/>
  <link:arcroleRef arcroleURI="http://xbrl.org/int/dim/arcrole/notAll" xlink:type="simple" xlink:href="http://www.xbrl.org/2005/xbrldt-2005.xsd#notAll"/>
  <link:definitionLink xlink:type="extended" xlink:role="http://xbrl.circ.gov.cn/role/c-ross_2015-12-31_role-3160112a">
    <link:loc xlink:type="locator" xlink:href="../../c-ross_core_2015-12-31.xsd#c-ross_ExcludedTable" xlink:label="Excluded" xlink:title="Excluded"/>
    <link:loc xlink:type="locator" xlink:href="../../c-ross_core_2015-12-31.xsd#c-ross_InterestRateRiskTypesOfInsuranceAccountAxis" xlink:label="InterestRateRiskTypesOfInsuranceAccountAxis" xlink:title="InterestRateRiskTypesOfInsuranceAccountAxis"/>
    <link:definitionArc xlink:type="arc" xlink:arcrole="http://xbrl.org/int/dim/arcrole/hypercube-dimension" xlink:from="Excluded" xlink:to="InterestRateRiskTypesOfInsuranceAccountAxis" xlink:title="definition: Excluded to InterestRateRiskTypesOfInsuranceAccountAxis" use="optional" order="10.0"/>
    <link:loc xlink:type="locator" xlink:href="../../c-ross_core_2015-12-31.xsd#c-ross_TypesOfInsuranceAccountMember" xlink:label="TypesOfInsuranceAccountMember" xlink:title="TypesOfInsuranceAccountMember"/>
    <link:definitionArc xlink:type="arc" xlink:arcrole="http://xbrl.org/int/dim/arcrole/dimension-domain" xlink:from="InterestRateRiskTypesOfInsuranceAccountAxis" xlink:to="TypesOfInsuranceAccountMember" xlink:title="definition: InterestRateRiskTypesOfInsuranceAccountAxis to TypesOfInsuranceAccountMember" use="optional" order="10.0"/>
  </link:definitionLink>
  <link:definitionLink xlink:type="extended" xlink:role="http://xbrl.circ.gov.cn/role/c-ross_2015-12-31_role-3160112">
    <link:loc xlink:type="locator" xlink:href="../../c-ross_core_2015-12-31.xsd#c-ross_TypesOfInsuranceAccountMember" xlink:label="TypesOfInsuranceAccountMember" xlink:title="TypesOfInsuranceAccountMember"/>
    <link:loc xlink:type="locator" xlink:href="../../c-ross_core_2015-12-31.xsd#c-ross_UniversalInsuranceAccountMember" xlink:label="UniversalInsuranceAccountMember" xlink:title="UniversalInsuranceAccountMember"/>
    <link:definitionArc xlink:type="arc" xlink:arcrole="http://xbrl.org/int/dim/arcrole/domain-member" xlink:from="TypesOfInsuranceAccountMember" xlink:to="UniversalInsuranceAccountMember" xlink:title="definition: TypesOfInsuranceAccountMember to UniversalInsuranceAccountMember" use="optional" order="30.0"/>
    <link:loc xlink:type="locator" xlink:href="../../c-ross_core_2015-12-31.xsd#c-ross_ParticipatingInsuranceAccountMember" xlink:label="ParticipatingInsuranceAccountMember" xlink:title="ParticipatingInsuranceAccountMember"/>
    <link:definitionArc xlink:type="arc" xlink:arcrole="http://xbrl.org/int/dim/arcrole/domain-member" xlink:from="TypesOfInsuranceAccountMember" xlink:to="ParticipatingInsuranceAccountMember" xlink:title="definition: TypesOfInsuranceAccountMember to ParticipatingInsuranceAccountMember" use="optional" order="20.0"/>
    <link:loc xlink:type="locator" xlink:href="../../c-ross_core_2015-12-31.xsd#c-ross_TraditionalInsuranceExcludingHighInterestRatePolicyAccountMember" xlink:label="TraditionalInsuranceExcludingHighInterestRatePolicyAccountMember" xlink:title="TraditionalInsuranceExcludingHighInterestRatePolicyAccountMember"/>
    <link:definitionArc xlink:type="arc" xlink:arcrole="http://xbrl.org/int/dim/arcrole/domain-member" xlink:from="TypesOfInsuranceAccountMember" xlink:to="TraditionalInsuranceExcludingHighInterestRatePolicyAccountMember" xlink:title="definition: TypesOfInsuranceAccountMember to TraditionalInsuranceExcludingHighInterestRatePolicyAccountMember" use="optional" order="10.0"/>
    <link:loc xlink:type="locator" xlink:href="../../c-ross_core_2015-12-31.xsd#c-ross_HighInterestRatePolicyAccountMember" xlink:label="HighInterestRatePolicyLiabilityAccountMember" xlink:title="HighInterestRatePolicyLiabilityAccountMember"/>
    <link:definitionArc xlink:type="arc" xlink:arcrole="http://xbrl.org/int/dim/arcrole/domain-member" xlink:from="TypesOfInsuranceAccountMember" xlink:to="HighInterestRatePolicyLiabilityAccountMember" xlink:title="definition: TypesOfInsuranceAccountMember to HighInterestRatePolicyLiabilityAccountMember" use="optional" order="50.0"/>
    <link:loc xlink:type="locator" xlink:href="../../c-ross_core_2015-12-31.xsd#c-ross_UnitLinkedInsuranceIncludingOtherInsuranceAccountMember" xlink:label="UnitLinkedInsuranceIncludingOtherInsuranceAccountMember" xlink:title="UnitLinkedInsuranceIncludingOtherInsuranceAccountMember"/>
    <link:definitionArc xlink:type="arc" xlink:arcrole="http://xbrl.org/int/dim/arcrole/domain-member" xlink:from="TypesOfInsuranceAccountMember" xlink:to="UnitLinkedInsuranceIncludingOtherInsuranceAccountMember" xlink:title="definition: TypesOfInsuranceAccountMember to UnitLinkedInsuranceIncludingOtherInsuranceAccountMember" use="optional" order="40.0"/>
    <link:loc xlink:type="locator" xlink:href="../../c-ross_core_2015-12-31.xsd#c-ross_ShareholdersAccountAndOtherAccountMember" xlink:label="ShareholdersAccountAndOtherAccountMember" xlink:title="ShareholdersAccountAndOtherAccountMember"/>
    <link:definitionArc xlink:type="arc" xlink:arcrole="http://xbrl.org/int/dim/arcrole/domain-member" xlink:from="TypesOfInsuranceAccountMember" xlink:to="ShareholdersAccountAndOtherAccountMember" xlink:title="definition: TypesOfInsuranceAccountMember to ShareholdersAccountAndOtherAccountMember" use="optional" order="60.0"/>
    <link:loc xlink:type="locator" xlink:href="../../c-ross_core_2015-12-31.xsd#c-ross_InterestRateRiskTypesOfInsuranceAccountAxis" xlink:label="InterestRateRiskTypesOfInsuranceAccountAxis" xlink:title="InterestRateRiskTypesOfInsuranceAccountAxis"/>
    <link:definitionArc xlink:type="arc" xlink:arcrole="http://xbrl.org/int/dim/arcrole/dimension-domain" xlink:from="InterestRateRiskTypesOfInsuranceAccountAxis" xlink:to="TypesOfInsuranceAccountMember" xlink:title="definition: InterestRateRiskTypesOfInsuranceAccountAxis to TypesOfInsuranceAccountMember" use="optional" order="10.0"/>
    <link:loc xlink:type="locator" xlink:href="../../c-ross_core_2015-12-31.xsd#c-ross_TypesOfInsuranceAccountMember" xlink:label="TypesOfInsuranceAccountMember_2" xlink:title="TypesOfInsuranceAccountMember"/>
    <link:definitionArc xlink:type="arc" xlink:arcrole="http://xbrl.org/int/dim/arcrole/dimension-default" xlink:from="InterestRateRiskTypesOfInsuranceAccountAxis" xlink:to="TypesOfInsuranceAccountMember_2" xlink:title="definition: InterestRateRiskTypesOfInsuranceAccountAxis to TypesOfInsuranceAccountMember" use="optional" order="20.0"/>
    <link:loc xlink:type="locator" xlink:href="../../c-ross_core_2015-12-31.xsd#c-ross_InterestRateRiskOfLifeInsuranceCompanyAbstract" xlink:label="MinimumCapitalInterestRateRiskOfLifeInsuranceCompanyAbstract" xlink:title="MinimumCapitalInterestRateRiskOfLifeInsuranceCompanyAbstract"/>
    <link:loc xlink:type="locator" xlink:href="../../c-ross_core_2015-12-31.xsd#c-ross_InterestRateRiskOfLifeInsuranceCompanyTable" xlink:label="MinimumCapitalInterestRateRiskOfLifeInsuranceCompanyTable" xlink:title="MinimumCapitalInterestRateRiskOfLifeInsuranceCompanyTable"/>
    <link:definitionArc xlink:type="arc" xlink:arcrole="http://xbrl.org/int/dim/arcrole/all" xlink:from="MinimumCapitalInterestRateRiskOfLifeInsuranceCompanyAbstract" xlink:to="MinimumCapitalInterestRateRiskOfLifeInsuranceCompanyTable" xlink:title="definition: MinimumCapitalInterestRateRiskOfLifeInsuranceCompanyAbstract to MinimumCapitalInterestRateRiskOfLifeInsuranceCompanyTable" use="optional" order="10.0" xbrldt:closed="true" xbrldt:contextElement="scenario"/>
    <link:definitionArc xlink:type="arc" xlink:arcrole="http://xbrl.org/int/dim/arcrole/hypercube-dimension" xlink:from="MinimumCapitalInterestRateRiskOfLifeInsuranceCompanyTable" xlink:to="InterestRateRiskTypesOfInsuranceAccountAxis" xlink:title="definition: MinimumCapitalInterestRateRiskOfLifeInsuranceCompanyTable to InterestRateRiskTypesOfInsuranceAccountAxis" use="optional" order="10.0"/>
    <link:loc xlink:type="locator" xlink:href="../../c-ross_core_2015-12-31.xsd#c-ross_InterestRateRiskOfLifeInsuranceCompanyLineItems" xlink:label="MinimumCapitalInterestRateRiskOfLifeInsuranceCompanyLineItems" xlink:title="MinimumCapitalInterestRateRiskOfLifeInsuranceCompanyLineItems"/>
    <link:definitionArc xlink:type="arc" xlink:arcrole="http://xbrl.org/int/dim/arcrole/domain-member" xlink:from="MinimumCapitalInterestRateRiskOfLifeInsuranceCompanyAbstract" xlink:to="MinimumCapitalInterestRateRiskOfLifeInsuranceCompanyLineItems" xlink:title="definition: MinimumCapitalInterestRateRiskOfLifeInsuranceCompanyAbstract to MinimumCapitalInterestRateRiskOfLifeInsuranceCompanyLineItems" use="optional" order="20.0"/>
    <link:loc xlink:type="locator" xlink:href="../../c-ross_core_2015-12-31.xsd#c-ross_AdmittedValueOfAdmittedAssetsOnValuationDateBaseScenario" xlink:label="AdmittedValueOfAdmittedAssetsOnValuationDateBaseScenario" xlink:title="AdmittedValueOfAdmittedAssetsOnValuationDateBaseScenario"/>
    <link:definitionArc xlink:type="arc" xlink:arcrole="http://xbrl.org/int/dim/arcrole/domain-member" xlink:from="MinimumCapitalInterestRateRiskOfLifeInsuranceCompanyLineItems" xlink:to="AdmittedValueOfAdmittedAssetsOnValuationDateBaseScenario" xlink:title="definition: MinimumCapitalInterestRateRiskOfLifeInsuranceCompanyLineItems to AdmittedValueOfAdmittedAssetsOnValuationDateBaseScenario" order="10.0"/>
    <link:loc xlink:type="locator" xlink:href="../../c-ross_core_2015-12-31.xsd#c-ross_ExcludedTable" xlink:label="Excluded" xlink:title="Excluded"/>
    <link:definitionArc xlink:type="arc" xlink:arcrole="http://xbrl.org/int/dim/arcrole/notAll" xlink:from="AdmittedValueOfAdmittedAssetsOnValuationDateBaseScenario" xlink:to="Excluded" xlink:title="definition: AdmittedValueOfAdmittedAssetsOnValuationDateBaseScenario to Excluded" order="10.0" xbrldt:contextElement="scenario" xbrldt:targetRole="http://xbrl.circ.gov.cn/role/c-ross_2015-12-31_role-3160112a"/>
    <link:loc xlink:type="locator" xlink:href="../../c-ross_core_2015-12-31.xsd#c-ross_PresentValueOfCashFlowsOfLifeInsuranceBusinessCalculatedAfterConsiderationOfReinsuranceFactorsOnValuationDateBaseScenario" xlink:label="PresentValueOfCashFlowsOfLifeInsuranceBusinessCalculatedAfterConsiderationOfReinsuranceFactorsOnValuationDateBaseScenario" xlink:title="PresentValueOfCashFlowsOfLifeInsuranceBusinessCalculatedAfterConsiderationOfReinsuranceFactorsOnValuationDateBaseScenario"/>
    <link:definitionArc xlink:type="arc" xlink:arcrole="http://xbrl.org/int/dim/arcrole/domain-member" xlink:from="MinimumCapitalInterestRateRiskOfLifeInsuranceCompanyLineItems" xlink:to="PresentValueOfCashFlowsOfLifeInsuranceBusinessCalculatedAfterConsiderationOfReinsuranceFactorsOnValuationDateBaseScenario" xlink:title="definition: MinimumCapitalInterestRateRiskOfLifeInsuranceCompanyLineItems to PresentValueOfCashFlowsOfLifeInsuranceBusinessCalculatedAfterConsiderationOfReinsuranceFactorsOnValuationDateBaseScenario" order="20.0"/>
    <link:definitionArc xlink:type="arc" xlink:arcrole="http://xbrl.org/int/dim/arcrole/notAll" xlink:from="PresentValueOfCashFlowsOfLifeInsuranceBusinessCalculatedAfterConsiderationOfReinsuranceFactorsOnValuationDateBaseScenario" xlink:to="Excluded" xlink:title="definition: PresentValueOfCashFlowsOfLifeInsuranceBusinessCalculatedAfterConsiderationOfReinsuranceFactorsOnValuationDateBaseScenario to Excluded" order="10.0" xbrldt:contextElement="scenario" xbrldt:targetRole="http://xbrl.circ.gov.cn/role/c-ross_2015-12-31_role-3160112a"/>
    <link:loc xlink:type="locator" xlink:href="../../c-ross_core_2015-12-31.xsd#c-ross_AdmittedValueOfAdmittedAssetsOnValuationDateAdverseScenarioOfDecreasingInterestRates" xlink:label="AdmittedValueOfAdmittedAssetsOnValuationDateAdverseScenarioOfDecreasingInterestRates" xlink:title="AdmittedValueOfAdmittedAssetsOnValuationDateAdverseScenarioOfDecreasingInterestRates"/>
    <link:definitionArc xlink:type="arc" xlink:arcrole="http://xbrl.org/int/dim/arcrole/domain-member" xlink:from="MinimumCapitalInterestRateRiskOfLifeInsuranceCompanyLineItems" xlink:to="AdmittedValueOfAdmittedAssetsOnValuationDateAdverseScenarioOfDecreasingInterestRates" xlink:title="definition: MinimumCapitalInterestRateRiskOfLifeInsuranceCompanyLineItems to AdmittedValueOfAdmittedAssetsOnValuationDateAdverseScenarioOfDecreasingInterestRates" order="30.0"/>
    <link:definitionArc xlink:type="arc" xlink:arcrole="http://xbrl.org/int/dim/arcrole/notAll" xlink:from="AdmittedValueOfAdmittedAssetsOnValuationDateAdverseScenarioOfDecreasingInterestRates" xlink:to="Excluded" xlink:title="definition: AdmittedValueOfAdmittedAssetsOnValuationDateAdverseScenarioOfDecreasingInterestRates to Excluded" order="10.0" xbrldt:contextElement="scenario" xbrldt:targetRole="http://xbrl.circ.gov.cn/role/c-ross_2015-12-31_role-3160112a"/>
    <link:loc xlink:type="locator" xlink:href="../../c-ross_core_2015-12-31.xsd#c-ross_PresentValueOfCashFlowsOfLifeInsuranceBusinessCalculatedAfterConsiderationOfReinsuranceFactorsOnValuationDateAdverseScenarioOfDecreasingInterestRates" xlink:label="PresentValueOfCashFlowsOfLifeInsuranceBusinessCalculatedAfterConsiderationOfReinsuranceFactorsOnValuationDateAdverseScenarioOfDecreasingInterestRates" xlink:title="PresentValueOfCashFlowsOfLifeInsuranceBusinessCalculatedAfterConsiderationOfReinsuranceFactorsOnValuationDateAdverseScenarioOfDecreasingInterestRates"/>
    <link:definitionArc xlink:type="arc" xlink:arcrole="http://xbrl.org/int/dim/arcrole/domain-member" xlink:from="MinimumCapitalInterestRateRiskOfLifeInsuranceCompanyLineItems" xlink:to="PresentValueOfCashFlowsOfLifeInsuranceBusinessCalculatedAfterConsiderationOfReinsuranceFactorsOnValuationDateAdverseScenarioOfDecreasingInterestRates" xlink:title="definition: MinimumCapitalInterestRateRiskOfLifeInsuranceCompanyLineItems to PresentValueOfCashFlowsOfLifeInsuranceBusinessCalculatedAfterConsiderationOfReinsuranceFactorsOnValuationDateAdverseScenarioOfDecreasingInterestRates" order="40.0"/>
    <link:definitionArc xlink:type="arc" xlink:arcrole="http://xbrl.org/int/dim/arcrole/notAll" xlink:from="PresentValueOfCashFlowsOfLifeInsuranceBusinessCalculatedAfterConsiderationOfReinsuranceFactorsOnValuationDateAdverseScenarioOfDecreasingInterestRates" xlink:to="Excluded" xlink:title="definition: PresentValueOfCashFlowsOfLifeInsuranceBusinessCalculatedAfterConsiderationOfReinsuranceFactorsOnValuationDateAdverseScenarioOfDecreasingInterestRates to Excluded" order="10.0" xbrldt:contextElement="scenario" xbrldt:targetRole="http://xbrl.circ.gov.cn/role/c-ross_2015-12-31_role-3160112a"/>
    <link:loc xlink:type="locator" xlink:href="../../c-ross_core_2015-12-31.xsd#c-ross_LifeInsuranceBusinessMinimumCapitalUnderScenariosOfDecreasingInterestRates" xlink:label="LifeInsuranceBusinessMinimumCapitalUnderScenariosOfDecreasingInterestRates" xlink:title="LifeInsuranceBusinessMinimumCapitalUnderScenariosOfDecreasingInterestRates"/>
    <link:definitionArc xlink:type="arc" xlink:arcrole="http://xbrl.org/int/dim/arcrole/domain-member" xlink:from="MinimumCapitalInterestRateRiskOfLifeInsuranceCompanyLineItems" xlink:to="LifeInsuranceBusinessMinimumCapitalUnderScenariosOfDecreasingInterestRates" xlink:title="definition: MinimumCapitalInterestRateRiskOfLifeInsuranceCompanyLineItems to LifeInsuranceBusinessMinimumCapitalUnderScenariosOfDecreasingInterestRates" use="optional" order="50.0"/>
    <link:loc xlink:type="locator" xlink:href="../../c-ross_core_2015-12-31.xsd#c-ross_AdmittedValueOfAdmittedAssetsOnValuationDateAdverseScenarioOfIncreasingInterestRates" xlink:label="AdmittedValueOfAdmittedAssetsOnValuationDateAdverseScenarioOfIncreasingInterestRates" xlink:title="AdmittedValueOfAdmittedAssetsOnValuationDateAdverseScenarioOfIncreasingInterestRates"/>
    <link:definitionArc xlink:type="arc" xlink:arcrole="http://xbrl.org/int/dim/arcrole/domain-member" xlink:from="MinimumCapitalInterestRateRiskOfLifeInsuranceCompanyLineItems" xlink:to="AdmittedValueOfAdmittedAssetsOnValuationDateAdverseScenarioOfIncreasingInterestRates" xlink:title="definition: MinimumCapitalInterestRateRiskOfLifeInsuranceCompanyLineItems to AdmittedValueOfAdmittedAssetsOnValuationDateAdverseScenarioOfIncreasingInterestRates" order="60.0"/>
    <link:definitionArc xlink:type="arc" xlink:arcrole="http://xbrl.org/int/dim/arcrole/notAll" xlink:from="AdmittedValueOfAdmittedAssetsOnValuationDateAdverseScenarioOfIncreasingInterestRates" xlink:to="Excluded" xlink:title="definition: AdmittedValueOfAdmittedAssetsOnValuationDateAdverseScenarioOfIncreasingInterestRates to Excluded" order="10.0" xbrldt:contextElement="scenario" xbrldt:targetRole="http://xbrl.circ.gov.cn/role/c-ross_2015-12-31_role-3160112a"/>
    <link:loc xlink:type="locator" xlink:href="../../c-ross_core_2015-12-31.xsd#c-ross_PresentValueOfCashFlowsOfLifeInsuranceBusinessCalculatedAfterConsiderationOfReinsuranceFactorsOnValuationDateAdverseScenarioOfIncreasingInterestRates" xlink:label="PresentValueOfCashFlowsOfLifeInsuranceBusinessCalculatedAfterConsiderationOfReinsuranceFactorsOnValuationDateAdverseScenarioOfIncreasingInterestRates" xlink:title="PresentValueOfCashFlowsOfLifeInsuranceBusinessCalculatedAfterConsiderationOfReinsuranceFactorsOnValuationDateAdverseScenarioOfIncreasingInterestRates"/>
    <link:definitionArc xlink:type="arc" xlink:arcrole="http://xbrl.org/int/dim/arcrole/domain-member" xlink:from="MinimumCapitalInterestRateRiskOfLifeInsuranceCompanyLineItems" xlink:to="PresentValueOfCashFlowsOfLifeInsuranceBusinessCalculatedAfterConsiderationOfReinsuranceFactorsOnValuationDateAdverseScenarioOfIncreasingInterestRates" xlink:title="definition: MinimumCapitalInterestRateRiskOfLifeInsuranceCompanyLineItems to PresentValueOfCashFlowsOfLifeInsuranceBusinessCalculatedAfterConsiderationOfReinsuranceFactorsOnValuationDateAdverseScenarioOfIncreasingInterestRates" order="70.0"/>
    <link:definitionArc xlink:type="arc" xlink:arcrole="http://xbrl.org/int/dim/arcrole/notAll" xlink:from="PresentValueOfCashFlowsOfLifeInsuranceBusinessCalculatedAfterConsiderationOfReinsuranceFactorsOnValuationDateAdverseScenarioOfIncreasingInterestRates" xlink:to="Excluded" xlink:title="definition: PresentValueOfCashFlowsOfLifeInsuranceBusinessCalculatedAfterConsiderationOfReinsuranceFactorsOnValuationDateAdverseScenarioOfIncreasingInterestRates to Excluded" order="10.0" xbrldt:contextElement="scenario" xbrldt:targetRole="http://xbrl.circ.gov.cn/role/c-ross_2015-12-31_role-3160112a"/>
    <link:loc xlink:type="locator" xlink:href="../../c-ross_core_2015-12-31.xsd#c-ross_LifeInsuranceBusinessMinimumCapitalUnderScenariosOfIncreasingInterestRates" xlink:label="LifeInsuranceBusinessMinimumCapitalUnderScenariosOfIncreasingInterestRates" xlink:title="LifeInsuranceBusinessMinimumCapitalUnderScenariosOfIncreasingInterestRates"/>
    <link:definitionArc xlink:type="arc" xlink:arcrole="http://xbrl.org/int/dim/arcrole/domain-member" xlink:from="MinimumCapitalInterestRateRiskOfLifeInsuranceCompanyLineItems" xlink:to="LifeInsuranceBusinessMinimumCapitalUnderScenariosOfIncreasingInterestRates" xlink:title="definition: MinimumCapitalInterestRateRiskOfLifeInsuranceCompanyLineItems to LifeInsuranceBusinessMinimumCapitalUnderScenariosOfIncreasingInterestRates" use="optional" order="80.0"/>
    <link:loc xlink:type="locator" xlink:href="../../c-ross_core_2015-12-31.xsd#c-ross_MarketRiskMinimumCapitalForInterestRateRisk" xlink:label="MarketRiskMinimumCapitalForInterestRateRisk" xlink:title="MarketRiskMinimumCapitalForInterestRateRisk"/>
    <link:definitionArc xlink:type="arc" xlink:arcrole="http://xbrl.org/int/dim/arcrole/domain-member" xlink:from="MinimumCapitalInterestRateRiskOfLifeInsuranceCompanyLineItems" xlink:to="MarketRiskMinimumCapitalForInterestRateRisk" xlink:title="definition: MinimumCapitalInterestRateRiskOfLifeInsuranceCompanyLineItems to MarketRiskMinimumCapitalForInterestRateRisk" use="optional" order="90.0"/>
    <link:definitionArc xlink:type="arc" xlink:arcrole="http://xbrl.org/int/dim/arcrole/notAll" xlink:from="MarketRiskMinimumCapitalForInterestRateRisk" xlink:to="Excluded" xlink:title="definition: MarketRiskMinimumCapitalForInterestRateRisk to Excluded" order="10.0" xbrldt:contextElement="scenario" xbrldt:targetRole="http://xbrl.circ.gov.cn/role/c-ross_2015-12-31_role-3160112b"/>
    <link:loc xlink:type="locator" xlink:href="../../c-ross_core_2015-12-31.xsd#c-ross_RatioOfInvestmentAssetsAtCostToTotalInvestmentAssets" xlink:label="RatioOfInvestmentAssetsAtCostToTotalInvestmentAssets" xlink:title="RatioOfInvestmentAssetsAtCostToTotalInvestmentAssets"/>
    <link:definitionArc xlink:type="arc" xlink:arcrole="http://xbrl.org/int/dim/arcrole/domain-member" xlink:from="MinimumCapitalInterestRateRiskOfLifeInsuranceCompanyLineItems" xlink:to="RatioOfInvestmentAssetsAtCostToTotalInvestmentAssets" xlink:title="definition: MinimumCapitalInterestRateRiskOfLifeInsuranceCompanyLineItems to RatioOfInvestmentAssetsAtCostToTotalInvestmentAssets" use="optional" order="100.0"/>
    <link:definitionArc xlink:type="arc" xlink:arcrole="http://xbrl.org/int/dim/arcrole/notAll" xlink:from="RatioOfInvestmentAssetsAtCostToTotalInvestmentAssets" xlink:to="Excluded" xlink:title="definition: RatioOfInvestmentAssetsAtCostToTotalInvestmentAssets to Excluded" use="optional" order="10.0" xbrldt:contextElement="scenario" xbrldt:targetRole="http://xbrl.circ.gov.cn/role/c-ross_2015-12-31_role-3160112b"/>
  </link:definitionLink>
  <link:definitionLink xlink:type="extended" xlink:role="http://xbrl.circ.gov.cn/role/c-ross_2015-12-31_role-3160112b">
    <link:loc xlink:type="locator" xlink:href="../../c-ross_core_2015-12-31.xsd#c-ross_ExcludedTable" xlink:label="Excluded" xlink:title="Excluded"/>
    <link:loc xlink:type="locator" xlink:href="../../c-ross_core_2015-12-31.xsd#c-ross_InterestRateRiskTypesOfInsuranceAccountAxis" xlink:label="InterestRateRiskTypesOfInsuranceAccountAxis" xlink:title="InterestRateRiskTypesOfInsuranceAccountAxis"/>
    <link:definitionArc xlink:type="arc" xlink:arcrole="http://xbrl.org/int/dim/arcrole/hypercube-dimension" xlink:from="Excluded" xlink:to="InterestRateRiskTypesOfInsuranceAccountAxis" xlink:title="definition: Excluded to InterestRateRiskTypesOfInsuranceAccountAxis" use="optional" order="10.0"/>
    <link:loc xlink:type="locator" xlink:href="../../c-ross_core_2015-12-31.xsd#c-ross_UniversalInsuranceAccountMember" xlink:label="UniversalInsuranceAccountMember" xlink:title="UniversalInsuranceAccountMember"/>
    <link:definitionArc xlink:type="arc" xlink:arcrole="http://xbrl.org/int/dim/arcrole/dimension-domain" xlink:from="InterestRateRiskTypesOfInsuranceAccountAxis" xlink:to="UniversalInsuranceAccountMember" xlink:title="definition: InterestRateRiskTypesOfInsuranceAccountAxis to UniversalInsuranceAccountMember" use="optional" order="30.0"/>
    <link:loc xlink:type="locator" xlink:href="../../c-ross_core_2015-12-31.xsd#c-ross_ParticipatingInsuranceAccountMember" xlink:label="ParticipatingInsuranceAccountMember" xlink:title="ParticipatingInsuranceAccountMember"/>
    <link:definitionArc xlink:type="arc" xlink:arcrole="http://xbrl.org/int/dim/arcrole/dimension-domain" xlink:from="InterestRateRiskTypesOfInsuranceAccountAxis" xlink:to="ParticipatingInsuranceAccountMember" xlink:title="definition: InterestRateRiskTypesOfInsuranceAccountAxis to ParticipatingInsuranceAccountMember" use="optional" order="20.0"/>
    <link:loc xlink:type="locator" xlink:href="../../c-ross_core_2015-12-31.xsd#c-ross_TraditionalInsuranceExcludingHighInterestRatePolicyAccountMember" xlink:label="TraditionalInsuranceExcludingHighInterestRatePolicyAccountMember" xlink:title="TraditionalInsuranceExcludingHighInterestRatePolicyAccountMember"/>
    <link:definitionArc xlink:type="arc" xlink:arcrole="http://xbrl.org/int/dim/arcrole/dimension-domain" xlink:from="InterestRateRiskTypesOfInsuranceAccountAxis" xlink:to="TraditionalInsuranceExcludingHighInterestRatePolicyAccountMember" xlink:title="definition: InterestRateRiskTypesOfInsuranceAccountAxis to TraditionalInsuranceExcludingHighInterestRatePolicyAccountMember" use="optional" order="10.0"/>
    <link:loc xlink:type="locator" xlink:href="../../c-ross_core_2015-12-31.xsd#c-ross_HighInterestRatePolicyAccountMember" xlink:label="HighInterestRatePolicyLiabilityAccountMember" xlink:title="HighInterestRatePolicyLiabilityAccountMember"/>
    <link:definitionArc xlink:type="arc" xlink:arcrole="http://xbrl.org/int/dim/arcrole/dimension-domain" xlink:from="InterestRateRiskTypesOfInsuranceAccountAxis" xlink:to="HighInterestRatePolicyLiabilityAccountMember" xlink:title="definition: InterestRateRiskTypesOfInsuranceAccountAxis to HighInterestRatePolicyLiabilityAccountMember" use="optional" order="50.0"/>
    <link:loc xlink:type="locator" xlink:href="../../c-ross_core_2015-12-31.xsd#c-ross_UnitLinkedInsuranceIncludingOtherInsuranceAccountMember" xlink:label="UnitLinkedInsuranceIncludingOtherInsuranceAccountMember" xlink:title="UnitLinkedInsuranceIncludingOtherInsuranceAccountMember"/>
    <link:definitionArc xlink:type="arc" xlink:arcrole="http://xbrl.org/int/dim/arcrole/dimension-domain" xlink:from="InterestRateRiskTypesOfInsuranceAccountAxis" xlink:to="UnitLinkedInsuranceIncludingOtherInsuranceAccountMember" xlink:title="definition: InterestRateRiskTypesOfInsuranceAccountAxis to UnitLinkedInsuranceIncludingOtherInsuranceAccountMember" use="optional" order="40.0"/>
    <link:loc xlink:type="locator" xlink:href="../../c-ross_core_2015-12-31.xsd#c-ross_ShareholdersAccountAndOtherAccountMember" xlink:label="ShareholdersAccountAndOtherAccountMember" xlink:title="ShareholdersAccountAndOtherAccountMember"/>
    <link:definitionArc xlink:type="arc" xlink:arcrole="http://xbrl.org/int/dim/arcrole/dimension-domain" xlink:from="InterestRateRiskTypesOfInsuranceAccountAxis" xlink:to="ShareholdersAccountAndOtherAccountMember" xlink:title="definition: InterestRateRiskTypesOfInsuranceAccountAxis to ShareholdersAccountAndOtherAccountMember" use="optional" order="60.0"/>
  </link:definitionLink>
</link:linkbase>
