<?xml version="1.0" encoding="UTF-8"?>

<!--
	Taxonomy: 2015-12-31 (Final)
	**********************
	Copyright © 2015 China Insurance Regulatory Commission.
	All rights reserved.  No part of this publication may be translated, reprinted or reproduced
	or utilised in any form either in whole or in part without prior permission in writing from China Insurance Regulatory Commission.
	  **********************
	-->
<link:linkbase xmlns:xsi="http://www.w3.org/2001/XMLSchema-instance" xsi:schemaLocation="http://www.xbrl.org/2003/linkbase http://www.xbrl.org/2003/xbrl-linkbase-2003-12-31.xsd" xmlns:c-ross="http://xbrl.circ.gov.cn/taxonomy/2015-12-31/c-ross" xmlns:link="http://www.xbrl.org/2003/linkbase" xmlns:q_s_pc_entry_point="http://xbrl.circ.gov.cn/taxonomy/2015-12-31/c-ross/q_s_pc_entry_point" xmlns:xlink="http://www.w3.org/1999/xlink" xmlns:xbrli="http://www.xbrl.org/2003/instance" xmlns:xbrldt="http://xbrl.org/2005/xbrldt">
  <link:roleRef roleURI="http://xbrl.circ.gov.cn/role/c-ross_2015-12-31_role-3162500" xlink:type="simple" xlink:href="rol_c-ross_7_2015-12-31.xsd#c-ross_2015-12-31-3162500"/>
  <link:roleRef roleURI="http://xbrl.circ.gov.cn/role/c-ross_2015-12-31_role-3162500a" xlink:type="simple" xlink:href="rol_c-ross_7_2015-12-31.xsd#c-ross_2015-12-31-3162500a"/>
  <link:roleRef roleURI="http://xbrl.circ.gov.cn/role/c-ross_2015-12-31_role-3162500b" xlink:type="simple" xlink:href="rol_c-ross_7_2015-12-31.xsd#c-ross_2015-12-31-3162500b"/>
  <link:roleRef roleURI="http://xbrl.circ.gov.cn/role/c-ross_2015-12-31_role-3162500c" xlink:type="simple" xlink:href="rol_c-ross_7_2015-12-31.xsd#c-ross_2015-12-31-3162500c"/>
  <link:roleRef roleURI="http://xbrl.circ.gov.cn/role/c-ross_2015-12-31_role-3162500d" xlink:type="simple" xlink:href="rol_c-ross_7_2015-12-31.xsd#c-ross_2015-12-31-3162500d"/>
  <link:roleRef roleURI="http://xbrl.circ.gov.cn/role/c-ross_2015-12-31_role-3162500e" xlink:type="simple" xlink:href="rol_c-ross_7_2015-12-31.xsd#c-ross_2015-12-31-3162500e"/>
  <link:roleRef roleURI="http://xbrl.circ.gov.cn/role/c-ross_2015-12-31_role-3162500f" xlink:type="simple" xlink:href="rol_c-ross_7_2015-12-31.xsd#c-ross_2015-12-31-3162500f"/>
  <link:arcroleRef arcroleURI="http://xbrl.org/int/dim/arcrole/all" xlink:type="simple" xlink:href="http://www.xbrl.org/2005/xbrldt-2005.xsd#all"/>
  <link:arcroleRef arcroleURI="http://xbrl.org/int/dim/arcrole/dimension-default" xlink:type="simple" xlink:href="http://www.xbrl.org/2005/xbrldt-2005.xsd#dimension-default"/>
  <link:arcroleRef arcroleURI="http://xbrl.org/int/dim/arcrole/dimension-domain" xlink:type="simple" xlink:href="http://www.xbrl.org/2005/xbrldt-2005.xsd#dimension-domain"/>
  <link:arcroleRef arcroleURI="http://xbrl.org/int/dim/arcrole/domain-member" xlink:type="simple" xlink:href="http://www.xbrl.org/2005/xbrldt-2005.xsd#domain-member"/>
  <link:arcroleRef arcroleURI="http://xbrl.org/int/dim/arcrole/hypercube-dimension" xlink:type="simple" xlink:href="http://www.xbrl.org/2005/xbrldt-2005.xsd#hypercube-dimension"/>
  <link:arcroleRef arcroleURI="http://xbrl.org/int/dim/arcrole/notAll" xlink:type="simple" xlink:href="http://www.xbrl.org/2005/xbrldt-2005.xsd#notAll"/>
  <link:definitionLink xlink:type="extended" xlink:role="http://xbrl.circ.gov.cn/role/c-ross_2015-12-31_role-3162500e">
    <link:loc xlink:type="locator" xlink:href="../../c-ross_core_2015-12-31.xsd#c-ross_TypesOfAssetsHeldMember" xlink:label="TypesOfAssetsHeldMember" xlink:title="TypesOfAssetsHeldMember"/>
    <link:loc xlink:type="locator" xlink:href="../../c-ross_core_2015-12-31.xsd#c-ross_HeldByCompanyDirectlyMember" xlink:label="HeldByCompanyDirectlyMember" xlink:title="HeldByCompanyDirectlyMember"/>
    <link:definitionArc xlink:type="arc" xlink:arcrole="http://xbrl.org/int/dim/arcrole/domain-member" xlink:from="TypesOfAssetsHeldMember" xlink:to="HeldByCompanyDirectlyMember" xlink:title="definition: TypesOfAssetsHeldMember to HeldByCompanyDirectlyMember" use="optional" order="10.0"/>
    <link:loc xlink:type="locator" xlink:href="../../c-ross_core_2015-12-31.xsd#c-ross_HeldByLookThroughMethodMember" xlink:label="HeldByLookThroughMethodMember" xlink:title="HeldByLookThroughMethodMember"/>
    <link:definitionArc xlink:type="arc" xlink:arcrole="http://xbrl.org/int/dim/arcrole/domain-member" xlink:from="TypesOfAssetsHeldMember" xlink:to="HeldByLookThroughMethodMember" xlink:title="definition: TypesOfAssetsHeldMember to HeldByLookThroughMethodMember" use="optional" order="20.0"/>
    <link:loc xlink:type="locator" xlink:href="../../c-ross_core_2015-12-31.xsd#c-ross_ExcludedTable" xlink:label="Excluded" xlink:title="Excluded"/>
    <link:loc xlink:type="locator" xlink:href="../../c-ross_core_2015-12-31.xsd#c-ross_OverseasFixedIncomeInvestmentAssetsTypesOfMarketAxis" xlink:label="OverseasFixedIncomeInvestmentAssetsTypesOfMarketAxis" xlink:title="OverseasFixedIncomeInvestmentAssetsTypesOfMarketAxis"/>
    <link:definitionArc xlink:type="arc" xlink:arcrole="http://xbrl.org/int/dim/arcrole/hypercube-dimension" xlink:from="Excluded" xlink:to="OverseasFixedIncomeInvestmentAssetsTypesOfMarketAxis" xlink:title="definition: Excluded to OverseasFixedIncomeInvestmentAssetsTypesOfMarketAxis" use="optional" order="20.0"/>
    <link:loc xlink:type="locator" xlink:href="../../c-ross_core_2015-12-31.xsd#c-ross_OverseasFixedIncomeInvestmentAssetsTypesOfMarketMember" xlink:label="OverseasFixedIncomeInvestmentAssetsTypesOfMarketMember" xlink:title="OverseasFixedIncomeInvestmentAssetsTypesOfMarketMember"/>
    <link:definitionArc xlink:type="arc" xlink:arcrole="http://xbrl.org/int/dim/arcrole/dimension-domain" xlink:from="OverseasFixedIncomeInvestmentAssetsTypesOfMarketAxis" xlink:to="OverseasFixedIncomeInvestmentAssetsTypesOfMarketMember" xlink:title="definition: OverseasFixedIncomeInvestmentAssetsTypesOfMarketAxis to OverseasFixedIncomeInvestmentAssetsTypesOfMarketMember" use="optional" order="10.0"/>
    <link:loc xlink:type="locator" xlink:href="../../c-ross_core_2015-12-31.xsd#c-ross_DevelopedMarketsMember" xlink:label="DevelopedMarketsMember" xlink:title="DevelopedMarketsMember"/>
    <link:definitionArc xlink:type="arc" xlink:arcrole="http://xbrl.org/int/dim/arcrole/domain-member" xlink:from="OverseasFixedIncomeInvestmentAssetsTypesOfMarketMember" xlink:to="DevelopedMarketsMember" xlink:title="definition: OverseasFixedIncomeInvestmentAssetsTypesOfMarketMember to DevelopedMarketsMember" use="optional" order="10.0"/>
    <link:loc xlink:type="locator" xlink:href="../../c-ross_core_2015-12-31.xsd#c-ross_EmergingMarketsMember" xlink:label="EmergingMarketsMember" xlink:title="EmergingMarketsMember"/>
    <link:definitionArc xlink:type="arc" xlink:arcrole="http://xbrl.org/int/dim/arcrole/domain-member" xlink:from="OverseasFixedIncomeInvestmentAssetsTypesOfMarketMember" xlink:to="EmergingMarketsMember" xlink:title="definition: OverseasFixedIncomeInvestmentAssetsTypesOfMarketMember to EmergingMarketsMember" use="optional" order="20.0"/>
    <link:loc xlink:type="locator" xlink:href="../../c-ross_core_2015-12-31.xsd#c-ross_TypesOfOverseasFixedIncomeInvestmentAssetsHeldAxis" xlink:label="TypesOfOverseasFixedIncomeInvestmentAssetsHeldAxis" xlink:title="TypesOfOverseasFixedIncomeInvestmentAssetsHeldAxis"/>
    <link:definitionArc xlink:type="arc" xlink:arcrole="http://xbrl.org/int/dim/arcrole/hypercube-dimension" xlink:from="Excluded" xlink:to="TypesOfOverseasFixedIncomeInvestmentAssetsHeldAxis" xlink:title="definition: Excluded to TypesOfOverseasFixedIncomeInvestmentAssetsHeldAxis" use="optional" order="10.0"/>
    <link:definitionArc xlink:type="arc" xlink:arcrole="http://xbrl.org/int/dim/arcrole/dimension-domain" xlink:from="TypesOfOverseasFixedIncomeInvestmentAssetsHeldAxis" xlink:to="TypesOfAssetsHeldMember" xlink:title="definition: TypesOfOverseasFixedIncomeInvestmentAssetsHeldAxis to TypesOfAssetsHeldMember" use="optional" order="10.0"/>
  </link:definitionLink>
  <link:definitionLink xlink:type="extended" xlink:role="http://xbrl.circ.gov.cn/role/c-ross_2015-12-31_role-3162500f">
    <link:loc xlink:type="locator" xlink:href="../../c-ross_core_2015-12-31.xsd#c-ross_ExcludedTable" xlink:label="Excluded" xlink:title="Excluded"/>
    <link:loc xlink:type="locator" xlink:href="../../c-ross_core_2015-12-31.xsd#c-ross_OverseasFixedIncomeInvestmentAssetsTypesOfMarketAxis" xlink:label="OverseasFixedIncomeInvestmentAssetsTypesOfMarketAxis" xlink:title="OverseasFixedIncomeInvestmentAssetsTypesOfMarketAxis"/>
    <link:definitionArc xlink:type="arc" xlink:arcrole="http://xbrl.org/int/dim/arcrole/hypercube-dimension" xlink:from="Excluded" xlink:to="OverseasFixedIncomeInvestmentAssetsTypesOfMarketAxis" xlink:title="definition: Excluded to OverseasFixedIncomeInvestmentAssetsTypesOfMarketAxis" use="optional" order="20.0"/>
    <link:loc xlink:type="locator" xlink:href="../../c-ross_core_2015-12-31.xsd#c-ross_OverseasFixedIncomeInvestmentAssetsTypesOfMarketMember" xlink:label="OverseasFixedIncomeInvestmentAssetsTypesOfMarketMember" xlink:title="OverseasFixedIncomeInvestmentAssetsTypesOfMarketMember"/>
    <link:definitionArc xlink:type="arc" xlink:arcrole="http://xbrl.org/int/dim/arcrole/dimension-domain" xlink:from="OverseasFixedIncomeInvestmentAssetsTypesOfMarketAxis" xlink:to="OverseasFixedIncomeInvestmentAssetsTypesOfMarketMember" xlink:title="definition: OverseasFixedIncomeInvestmentAssetsTypesOfMarketAxis to OverseasFixedIncomeInvestmentAssetsTypesOfMarketMember" use="optional" order="10.0"/>
    <link:loc xlink:type="locator" xlink:href="../../c-ross_core_2015-12-31.xsd#c-ross_TypesOfOverseasFixedIncomeInvestmentAssetsHeldAxis" xlink:label="TypesOfOverseasFixedIncomeInvestmentAssetsHeldAxis" xlink:title="TypesOfOverseasFixedIncomeInvestmentAssetsHeldAxis"/>
    <link:definitionArc xlink:type="arc" xlink:arcrole="http://xbrl.org/int/dim/arcrole/hypercube-dimension" xlink:from="Excluded" xlink:to="TypesOfOverseasFixedIncomeInvestmentAssetsHeldAxis" xlink:title="definition: Excluded to TypesOfOverseasFixedIncomeInvestmentAssetsHeldAxis" use="optional" order="10.0"/>
    <link:loc xlink:type="locator" xlink:href="../../c-ross_core_2015-12-31.xsd#c-ross_HeldByCompanyDirectlyMember" xlink:label="HeldByCompanyDirectlyMember" xlink:title="HeldByCompanyDirectlyMember"/>
    <link:definitionArc xlink:type="arc" xlink:arcrole="http://xbrl.org/int/dim/arcrole/dimension-domain" xlink:from="TypesOfOverseasFixedIncomeInvestmentAssetsHeldAxis" xlink:to="HeldByCompanyDirectlyMember" xlink:title="definition: TypesOfOverseasFixedIncomeInvestmentAssetsHeldAxis to HeldByCompanyDirectlyMember" use="optional" order="10.0"/>
    <link:loc xlink:type="locator" xlink:href="../../c-ross_core_2015-12-31.xsd#c-ross_HeldByLookThroughMethodMember" xlink:label="HeldByLookThroughMethodMember" xlink:title="HeldByLookThroughMethodMember"/>
    <link:definitionArc xlink:type="arc" xlink:arcrole="http://xbrl.org/int/dim/arcrole/dimension-domain" xlink:from="TypesOfOverseasFixedIncomeInvestmentAssetsHeldAxis" xlink:to="HeldByLookThroughMethodMember" xlink:title="definition: TypesOfOverseasFixedIncomeInvestmentAssetsHeldAxis to HeldByLookThroughMethodMember" use="optional" order="20.0"/>
  </link:definitionLink>
  <link:definitionLink xlink:type="extended" xlink:role="http://xbrl.circ.gov.cn/role/c-ross_2015-12-31_role-3162500">
    <link:loc xlink:type="locator" xlink:href="../../c-ross_core_2015-12-31.xsd#c-ross_TypesOfAssetsHeldMember" xlink:label="TypesOfAssetsHeldMember" xlink:title="TypesOfAssetsHeldMember"/>
    <link:loc xlink:type="locator" xlink:href="../../c-ross_core_2015-12-31.xsd#c-ross_HeldByCompanyDirectlyMember" xlink:label="HeldByCompanyDirectlyMember" xlink:title="HeldByCompanyDirectlyMember"/>
    <link:definitionArc xlink:type="arc" xlink:arcrole="http://xbrl.org/int/dim/arcrole/domain-member" xlink:from="TypesOfAssetsHeldMember" xlink:to="HeldByCompanyDirectlyMember" xlink:title="definition: TypesOfAssetsHeldMember to HeldByCompanyDirectlyMember" order="10.0"/>
    <link:loc xlink:type="locator" xlink:href="../../c-ross_core_2015-12-31.xsd#c-ross_HeldByLookThroughMethodMember" xlink:label="HeldByLookThroughMethodMember" xlink:title="HeldByLookThroughMethodMember"/>
    <link:definitionArc xlink:type="arc" xlink:arcrole="http://xbrl.org/int/dim/arcrole/domain-member" xlink:from="TypesOfAssetsHeldMember" xlink:to="HeldByLookThroughMethodMember" xlink:title="definition: TypesOfAssetsHeldMember to HeldByLookThroughMethodMember" order="20.0"/>
    <link:loc xlink:type="locator" xlink:href="../../c-ross_core_2015-12-31.xsd#c-ross_OverseasFixedIncomeInvestmentAssetsTypesOfMarketAxis" xlink:label="OverseasFixedIncomeInvestmentAssetsTypesOfMarketAxis" xlink:title="OverseasFixedIncomeInvestmentAssetsTypesOfMarketAxis"/>
    <link:loc xlink:type="locator" xlink:href="../../c-ross_core_2015-12-31.xsd#c-ross_OverseasFixedIncomeInvestmentAssetsTypesOfMarketMember" xlink:label="OverseasFixedIncomeInvestmentAssetsTypesOfMarketMember" xlink:title="OverseasFixedIncomeInvestmentAssetsTypesOfMarketMember"/>
    <link:definitionArc xlink:type="arc" xlink:arcrole="http://xbrl.org/int/dim/arcrole/dimension-domain" xlink:from="OverseasFixedIncomeInvestmentAssetsTypesOfMarketAxis" xlink:to="OverseasFixedIncomeInvestmentAssetsTypesOfMarketMember" xlink:title="definition: OverseasFixedIncomeInvestmentAssetsTypesOfMarketAxis to OverseasFixedIncomeInvestmentAssetsTypesOfMarketMember" use="optional" order="10.0"/>
    <link:loc xlink:type="locator" xlink:href="../../c-ross_core_2015-12-31.xsd#c-ross_OverseasFixedIncomeInvestmentAssetsTypesOfMarketMember" xlink:label="OverseasFixedIncomeInvestmentAssetsTypesOfMarketMember_2" xlink:title="OverseasFixedIncomeInvestmentAssetsTypesOfMarketMember"/>
    <link:definitionArc xlink:type="arc" xlink:arcrole="http://xbrl.org/int/dim/arcrole/dimension-default" xlink:from="OverseasFixedIncomeInvestmentAssetsTypesOfMarketAxis" xlink:to="OverseasFixedIncomeInvestmentAssetsTypesOfMarketMember_2" xlink:title="definition: OverseasFixedIncomeInvestmentAssetsTypesOfMarketAxis to OverseasFixedIncomeInvestmentAssetsTypesOfMarketMember" use="optional" order="20.0"/>
    <link:loc xlink:type="locator" xlink:href="../../c-ross_core_2015-12-31.xsd#c-ross_DevelopedMarketsMember" xlink:label="DevelopedMarketsMember" xlink:title="DevelopedMarketsMember"/>
    <link:definitionArc xlink:type="arc" xlink:arcrole="http://xbrl.org/int/dim/arcrole/domain-member" xlink:from="OverseasFixedIncomeInvestmentAssetsTypesOfMarketMember" xlink:to="DevelopedMarketsMember" xlink:title="definition: OverseasFixedIncomeInvestmentAssetsTypesOfMarketMember to DevelopedMarketsMember" use="optional" order="10.0"/>
    <link:loc xlink:type="locator" xlink:href="../../c-ross_core_2015-12-31.xsd#c-ross_EmergingMarketsMember" xlink:label="EmergingMarketsMember" xlink:title="EmergingMarketsMember"/>
    <link:definitionArc xlink:type="arc" xlink:arcrole="http://xbrl.org/int/dim/arcrole/domain-member" xlink:from="OverseasFixedIncomeInvestmentAssetsTypesOfMarketMember" xlink:to="EmergingMarketsMember" xlink:title="definition: OverseasFixedIncomeInvestmentAssetsTypesOfMarketMember to EmergingMarketsMember" use="optional" order="20.0"/>
    <link:loc xlink:type="locator" xlink:href="../../c-ross_core_2015-12-31.xsd#c-ross_TypesOfOverseasFixedIncomeInvestmentAssetsHeldAxis" xlink:label="TypesOfOverseasFixedIncomeInvestmentAssetsHeldAxis" xlink:title="TypesOfOverseasFixedIncomeInvestmentAssetsHeldAxis"/>
    <link:definitionArc xlink:type="arc" xlink:arcrole="http://xbrl.org/int/dim/arcrole/dimension-domain" xlink:from="TypesOfOverseasFixedIncomeInvestmentAssetsHeldAxis" xlink:to="TypesOfAssetsHeldMember" xlink:title="definition: TypesOfOverseasFixedIncomeInvestmentAssetsHeldAxis to TypesOfAssetsHeldMember" order="10.0"/>
    <link:loc xlink:type="locator" xlink:href="../../c-ross_core_2015-12-31.xsd#c-ross_TypesOfAssetsHeldMember" xlink:label="TypesOfAssetsHeldMember_2" xlink:title="TypesOfAssetsHeldMember"/>
    <link:definitionArc xlink:type="arc" xlink:arcrole="http://xbrl.org/int/dim/arcrole/dimension-default" xlink:from="TypesOfOverseasFixedIncomeInvestmentAssetsHeldAxis" xlink:to="TypesOfAssetsHeldMember_2" xlink:title="definition: TypesOfOverseasFixedIncomeInvestmentAssetsHeldAxis to TypesOfAssetsHeldMember" use="optional" order="20.0"/>
    <link:loc xlink:type="locator" xlink:href="../../c-ross_core_2015-12-31.xsd#c-ross_PriceRiskOfOverseasFixedIncomeInvestmentAssetsDetailsAbstract" xlink:label="PriceRiskOfOverseasFixedIncomeInvestmentAssetsDetailsAbstract" xlink:title="PriceRiskOfOverseasFixedIncomeInvestmentAssetsDetailsAbstract"/>
    <link:loc xlink:type="locator" xlink:href="../../c-ross_core_2015-12-31.xsd#c-ross_PriceRiskOfOverseasFixedIncomeInvestmentAssetsDetailsTable" xlink:label="PriceRiskOfOverseasFixedIncomeInvestmentAssetsDetailsTable" xlink:title="PriceRiskOfOverseasFixedIncomeInvestmentAssetsDetailsTable"/>
    <link:definitionArc xlink:type="arc" xlink:arcrole="http://xbrl.org/int/dim/arcrole/all" xlink:from="PriceRiskOfOverseasFixedIncomeInvestmentAssetsDetailsAbstract" xlink:to="PriceRiskOfOverseasFixedIncomeInvestmentAssetsDetailsTable" xlink:title="definition: PriceRiskOfOverseasFixedIncomeInvestmentAssetsDetailsAbstract to PriceRiskOfOverseasFixedIncomeInvestmentAssetsDetailsTable" use="optional" order="10.0" xbrldt:closed="true" xbrldt:contextElement="scenario"/>
    <link:definitionArc xlink:type="arc" xlink:arcrole="http://xbrl.org/int/dim/arcrole/hypercube-dimension" xlink:from="PriceRiskOfOverseasFixedIncomeInvestmentAssetsDetailsTable" xlink:to="TypesOfOverseasFixedIncomeInvestmentAssetsHeldAxis" xlink:title="definition: PriceRiskOfOverseasFixedIncomeInvestmentAssetsDetailsTable to TypesOfOverseasFixedIncomeInvestmentAssetsHeldAxis" use="optional" order="10.0"/>
    <link:definitionArc xlink:type="arc" xlink:arcrole="http://xbrl.org/int/dim/arcrole/hypercube-dimension" xlink:from="PriceRiskOfOverseasFixedIncomeInvestmentAssetsDetailsTable" xlink:to="OverseasFixedIncomeInvestmentAssetsTypesOfMarketAxis" xlink:title="definition: PriceRiskOfOverseasFixedIncomeInvestmentAssetsDetailsTable to OverseasFixedIncomeInvestmentAssetsTypesOfMarketAxis" use="optional" order="20.0"/>
    <link:loc xlink:type="locator" xlink:href="../../c-ross_core_2015-12-31.xsd#c-ross_PriceRiskOfOverseasFixedIncomeInvestmentAssetsDetailsLineItems" xlink:label="PriceRiskOfOverseasFixedIncomeInvestmentAssetsDetailsLineItems" xlink:title="PriceRiskOfOverseasFixedIncomeInvestmentAssetsDetailsLineItems"/>
    <link:definitionArc xlink:type="arc" xlink:arcrole="http://xbrl.org/int/dim/arcrole/domain-member" xlink:from="PriceRiskOfOverseasFixedIncomeInvestmentAssetsDetailsAbstract" xlink:to="PriceRiskOfOverseasFixedIncomeInvestmentAssetsDetailsLineItems" xlink:title="definition: PriceRiskOfOverseasFixedIncomeInvestmentAssetsDetailsAbstract to PriceRiskOfOverseasFixedIncomeInvestmentAssetsDetailsLineItems" use="optional" order="20.0"/>
    <link:loc xlink:type="locator" xlink:href="../../c-ross_core_2015-12-31.xsd#c-ross_OverseasAssetPriceRiskOverseasFixedIncomeInvestmentAssetsAssetName" xlink:label="PriceRiskOverseasFixedIncomeInvestmentAssetsBondName" xlink:title="PriceRiskOverseasFixedIncomeInvestmentAssetsBondName"/>
    <link:definitionArc xlink:type="arc" xlink:arcrole="http://xbrl.org/int/dim/arcrole/domain-member" xlink:from="PriceRiskOfOverseasFixedIncomeInvestmentAssetsDetailsLineItems" xlink:to="PriceRiskOverseasFixedIncomeInvestmentAssetsBondName" xlink:title="definition: PriceRiskOfOverseasFixedIncomeInvestmentAssetsDetailsLineItems to PriceRiskOverseasFixedIncomeInvestmentAssetsBondName" use="optional" order="10.0"/>
    <link:loc xlink:type="locator" xlink:href="../../c-ross_core_2015-12-31.xsd#c-ross_ExcludedTable" xlink:label="Excluded" xlink:title="Excluded"/>
    <link:definitionArc xlink:type="arc" xlink:arcrole="http://xbrl.org/int/dim/arcrole/notAll" xlink:from="PriceRiskOverseasFixedIncomeInvestmentAssetsBondName" xlink:to="Excluded" xlink:title="definition: PriceRiskOverseasFixedIncomeInvestmentAssetsBondName to Excluded" use="optional" order="10.0" xbrldt:contextElement="scenario" xbrldt:targetRole="http://xbrl.circ.gov.cn/role/c-ross_2015-12-31_role-3162500e"/>
    <link:loc xlink:type="locator" xlink:href="../../c-ross_core_2015-12-31.xsd#c-ross_OverseasAssetPriceRiskOverseasFixedIncomeInvestmentAssetsAdmittedValue" xlink:label="PriceRiskOverseasFixedIncomeInvestmentAssetsAdmittedValue" xlink:title="PriceRiskOverseasFixedIncomeInvestmentAssetsAdmittedValue"/>
    <link:definitionArc xlink:type="arc" xlink:arcrole="http://xbrl.org/int/dim/arcrole/domain-member" xlink:from="PriceRiskOfOverseasFixedIncomeInvestmentAssetsDetailsLineItems" xlink:to="PriceRiskOverseasFixedIncomeInvestmentAssetsAdmittedValue" xlink:title="definition: PriceRiskOfOverseasFixedIncomeInvestmentAssetsDetailsLineItems to PriceRiskOverseasFixedIncomeInvestmentAssetsAdmittedValue" use="optional" order="30.0"/>
    <link:loc xlink:type="locator" xlink:href="../../c-ross_core_2015-12-31.xsd#c-ross_OverseasAssetPriceRiskOverseasFixedIncomeInvestmentAssetsPurchaseCost" xlink:label="PriceRiskOverseasFixedIncomeInvestmentAssetsCost" xlink:title="PriceRiskOverseasFixedIncomeInvestmentAssetsCost"/>
    <link:definitionArc xlink:type="arc" xlink:arcrole="http://xbrl.org/int/dim/arcrole/domain-member" xlink:from="PriceRiskOfOverseasFixedIncomeInvestmentAssetsDetailsLineItems" xlink:to="PriceRiskOverseasFixedIncomeInvestmentAssetsCost" xlink:title="definition: PriceRiskOfOverseasFixedIncomeInvestmentAssetsDetailsLineItems to PriceRiskOverseasFixedIncomeInvestmentAssetsCost" use="optional" order="20.0"/>
    <link:loc xlink:type="locator" xlink:href="../../c-ross_core_2015-12-31.xsd#c-ross_OverseasAssetPriceRiskOverseasFixedIncomeInvestmentAssetsRiskExposure" xlink:label="PriceRiskOverseasFixedIncomeInvestmentAssetsRiskExposure" xlink:title="PriceRiskOverseasFixedIncomeInvestmentAssetsRiskExposure"/>
    <link:definitionArc xlink:type="arc" xlink:arcrole="http://xbrl.org/int/dim/arcrole/domain-member" xlink:from="PriceRiskOfOverseasFixedIncomeInvestmentAssetsDetailsLineItems" xlink:to="PriceRiskOverseasFixedIncomeInvestmentAssetsRiskExposure" xlink:title="definition: PriceRiskOfOverseasFixedIncomeInvestmentAssetsDetailsLineItems to PriceRiskOverseasFixedIncomeInvestmentAssetsRiskExposure" use="optional" order="40.0"/>
    <link:loc xlink:type="locator" xlink:href="../../c-ross_core_2015-12-31.xsd#c-ross_OverseasAssetPriceRiskOverseasFixedIncomeInvestmentAssetsBaseRiskFactor" xlink:label="PriceRiskOverseasFixedIncomeInvestmentAssetsBaseRiskFactor" xlink:title="PriceRiskOverseasFixedIncomeInvestmentAssetsBaseRiskFactor"/>
    <link:definitionArc xlink:type="arc" xlink:arcrole="http://xbrl.org/int/dim/arcrole/domain-member" xlink:from="PriceRiskOfOverseasFixedIncomeInvestmentAssetsDetailsLineItems" xlink:to="PriceRiskOverseasFixedIncomeInvestmentAssetsBaseRiskFactor" xlink:title="definition: PriceRiskOfOverseasFixedIncomeInvestmentAssetsDetailsLineItems to PriceRiskOverseasFixedIncomeInvestmentAssetsBaseRiskFactor" use="optional" order="50.0"/>
    <link:definitionArc xlink:type="arc" xlink:arcrole="http://xbrl.org/int/dim/arcrole/notAll" xlink:from="PriceRiskOverseasFixedIncomeInvestmentAssetsBaseRiskFactor" xlink:to="Excluded" xlink:title="definition: PriceRiskOverseasFixedIncomeInvestmentAssetsBaseRiskFactor to Excluded" order="10.0" xbrldt:contextElement="scenario" xbrldt:targetRole="http://xbrl.circ.gov.cn/role/c-ross_2015-12-31_role-3162500e"/>
    <link:loc xlink:type="locator" xlink:href="../../c-ross_core_2015-12-31.xsd#c-ross_MarketRiskMinimumCapitalForOverseasFixedIncomeInvestmentAssetsPriceRisk" xlink:label="MarketRiskMinimumCapitalForOverseasFixedIncomeInvestmentAssetsPriceRisk" xlink:title="MarketRiskMinimumCapitalForOverseasFixedIncomeInvestmentAssetsPriceRisk"/>
    <link:definitionArc xlink:type="arc" xlink:arcrole="http://xbrl.org/int/dim/arcrole/domain-member" xlink:from="PriceRiskOfOverseasFixedIncomeInvestmentAssetsDetailsLineItems" xlink:to="MarketRiskMinimumCapitalForOverseasFixedIncomeInvestmentAssetsPriceRisk" xlink:title="definition: PriceRiskOfOverseasFixedIncomeInvestmentAssetsDetailsLineItems to MarketRiskMinimumCapitalForOverseasFixedIncomeInvestmentAssetsPriceRisk" use="optional" order="60.0"/>
    <link:definitionArc xlink:type="arc" xlink:arcrole="http://xbrl.org/int/dim/arcrole/notAll" xlink:from="MarketRiskMinimumCapitalForOverseasFixedIncomeInvestmentAssetsPriceRisk" xlink:to="Excluded" xlink:title="definition: MarketRiskMinimumCapitalForOverseasFixedIncomeInvestmentAssetsPriceRisk to Excluded" use="optional" order="10.0" xbrldt:contextElement="scenario" xbrldt:targetRole="http://xbrl.circ.gov.cn/role/c-ross_2015-12-31_role-3162500f"/>
  </link:definitionLink>
  <link:definitionLink xlink:type="extended" xlink:role="http://xbrl.circ.gov.cn/role/c-ross_2015-12-31_role-3162500a">
    <link:loc xlink:type="locator" xlink:href="../../c-ross_core_2015-12-31.xsd#c-ross_TypesOfAssetsHeldMember" xlink:label="TypesOfAssetsHeldMember" xlink:title="TypesOfAssetsHeldMember"/>
    <link:loc xlink:type="locator" xlink:href="../../c-ross_core_2015-12-31.xsd#c-ross_HeldByCompanyDirectlyMember" xlink:label="HeldByCompanyDirectlyMember" xlink:title="HeldByCompanyDirectlyMember"/>
    <link:definitionArc xlink:type="arc" xlink:arcrole="http://xbrl.org/int/dim/arcrole/domain-member" xlink:from="TypesOfAssetsHeldMember" xlink:to="HeldByCompanyDirectlyMember" xlink:title="definition: TypesOfAssetsHeldMember to HeldByCompanyDirectlyMember" use="optional" order="10.0"/>
    <link:loc xlink:type="locator" xlink:href="../../c-ross_core_2015-12-31.xsd#c-ross_OverseasFixedIncomeInvestmentAssetsTypesOfMarketAxis" xlink:label="OverseasFixedIncomeInvestmentAssetsTypesOfMarketAxis" xlink:title="OverseasFixedIncomeInvestmentAssetsTypesOfMarketAxis"/>
    <link:loc xlink:type="locator" xlink:href="../../c-ross_core_2015-12-31.xsd#c-ross_OverseasFixedIncomeInvestmentAssetsTypesOfMarketMember" xlink:label="OverseasFixedIncomeInvestmentAssetsTypesOfMarketMember" xlink:title="OverseasFixedIncomeInvestmentAssetsTypesOfMarketMember"/>
    <link:definitionArc xlink:type="arc" xlink:arcrole="http://xbrl.org/int/dim/arcrole/dimension-domain" xlink:from="OverseasFixedIncomeInvestmentAssetsTypesOfMarketAxis" xlink:to="OverseasFixedIncomeInvestmentAssetsTypesOfMarketMember" xlink:title="definition: OverseasFixedIncomeInvestmentAssetsTypesOfMarketAxis to OverseasFixedIncomeInvestmentAssetsTypesOfMarketMember" use="optional" order="10.0"/>
    <link:loc xlink:type="locator" xlink:href="../../c-ross_core_2015-12-31.xsd#c-ross_DevelopedMarketsMember" xlink:label="DevelopedMarketsMember" xlink:title="DevelopedMarketsMember"/>
    <link:definitionArc xlink:type="arc" xlink:arcrole="http://xbrl.org/int/dim/arcrole/domain-member" xlink:from="OverseasFixedIncomeInvestmentAssetsTypesOfMarketMember" xlink:to="DevelopedMarketsMember" xlink:title="definition: OverseasFixedIncomeInvestmentAssetsTypesOfMarketMember to DevelopedMarketsMember" use="optional" order="10.0"/>
    <link:loc xlink:type="locator" xlink:href="../../c-ross_core_2015-12-31.xsd#c-ross_TypesOfOverseasFixedIncomeInvestmentAssetsHeldAxis" xlink:label="TypesOfOverseasFixedIncomeInvestmentAssetsHeldAxis" xlink:title="TypesOfOverseasFixedIncomeInvestmentAssetsHeldAxis"/>
    <link:definitionArc xlink:type="arc" xlink:arcrole="http://xbrl.org/int/dim/arcrole/dimension-domain" xlink:from="TypesOfOverseasFixedIncomeInvestmentAssetsHeldAxis" xlink:to="TypesOfAssetsHeldMember" xlink:title="definition: TypesOfOverseasFixedIncomeInvestmentAssetsHeldAxis to TypesOfAssetsHeldMember" use="optional" order="10.0"/>
    <link:loc xlink:type="locator" xlink:href="../../c-ross_core_2015-12-31.xsd#c-ross_PriceRiskOfOverseasFixedIncomeInvestmentAssetsDetailsTable" xlink:label="PriceRiskOfOverseasFixedIncomeInvestmentAssetsDetailsTable" xlink:title="PriceRiskOfOverseasFixedIncomeInvestmentAssetsDetailsTable"/>
    <link:definitionArc xlink:type="arc" xlink:arcrole="http://xbrl.org/int/dim/arcrole/hypercube-dimension" xlink:from="PriceRiskOfOverseasFixedIncomeInvestmentAssetsDetailsTable" xlink:to="TypesOfOverseasFixedIncomeInvestmentAssetsHeldAxis" xlink:title="definition: PriceRiskOfOverseasFixedIncomeInvestmentAssetsDetailsTable to TypesOfOverseasFixedIncomeInvestmentAssetsHeldAxis" use="optional" order="10.0"/>
    <link:definitionArc xlink:type="arc" xlink:arcrole="http://xbrl.org/int/dim/arcrole/hypercube-dimension" xlink:from="PriceRiskOfOverseasFixedIncomeInvestmentAssetsDetailsTable" xlink:to="OverseasFixedIncomeInvestmentAssetsTypesOfMarketAxis" xlink:title="definition: PriceRiskOfOverseasFixedIncomeInvestmentAssetsDetailsTable to OverseasFixedIncomeInvestmentAssetsTypesOfMarketAxis" use="optional" order="20.0"/>
    <link:loc xlink:type="locator" xlink:href="../../c-ross_core_2015-12-31.xsd#c-ross_OverseasAssetPriceRiskOverseasFixedIncomeInvestmentAssetsDevelopedMarketsHeldByCompanyDirectlyLineNumberAxis" xlink:label="PriceRiskOverseasFixedIncomeInvestmentAssetsDevelopedMarketsFixedIncomeSecuritiesHeldByCompanyDirectlyLineNumberAxis" xlink:title="PriceRiskOverseasFixedIncomeInvestmentAssetsDevelopedMarketsFixedIncomeSecuritiesHeldByCompanyDirectlyLineNumberAxis"/>
    <link:definitionArc xlink:type="arc" xlink:arcrole="http://xbrl.org/int/dim/arcrole/hypercube-dimension" xlink:from="PriceRiskOfOverseasFixedIncomeInvestmentAssetsDetailsTable" xlink:to="PriceRiskOverseasFixedIncomeInvestmentAssetsDevelopedMarketsFixedIncomeSecuritiesHeldByCompanyDirectlyLineNumberAxis" xlink:title="definition: PriceRiskOfOverseasFixedIncomeInvestmentAssetsDetailsTable to PriceRiskOverseasFixedIncomeInvestmentAssetsDevelopedMarketsFixedIncomeSecuritiesHeldByCompanyDirectlyLineNumberAxis" use="optional" order="30.0"/>
    <link:loc xlink:type="locator" xlink:href="../../c-ross_core_2015-12-31.xsd#c-ross_PriceRiskOfOverseasFixedIncomeInvestmentAssetsDetailsLineItems" xlink:label="PriceRiskOfOverseasFixedIncomeInvestmentAssetsDetailsLineItems" xlink:title="PriceRiskOfOverseasFixedIncomeInvestmentAssetsDetailsLineItems"/>
    <link:loc xlink:type="locator" xlink:href="../../c-ross_core_2015-12-31.xsd#c-ross_OverseasAssetPriceRiskOverseasFixedIncomeInvestmentAssetsAssetName" xlink:label="PriceRiskOverseasFixedIncomeInvestmentAssetsBondName" xlink:title="PriceRiskOverseasFixedIncomeInvestmentAssetsBondName"/>
    <link:definitionArc xlink:type="arc" xlink:arcrole="http://xbrl.org/int/dim/arcrole/domain-member" xlink:from="PriceRiskOfOverseasFixedIncomeInvestmentAssetsDetailsLineItems" xlink:to="PriceRiskOverseasFixedIncomeInvestmentAssetsBondName" xlink:title="definition: PriceRiskOfOverseasFixedIncomeInvestmentAssetsDetailsLineItems to PriceRiskOverseasFixedIncomeInvestmentAssetsBondName" use="optional" order="10.0"/>
    <link:loc xlink:type="locator" xlink:href="../../c-ross_core_2015-12-31.xsd#c-ross_OverseasAssetPriceRiskOverseasFixedIncomeInvestmentAssetsAdmittedValue" xlink:label="PriceRiskOverseasFixedIncomeInvestmentAssetsAdmittedValue" xlink:title="PriceRiskOverseasFixedIncomeInvestmentAssetsAdmittedValue"/>
    <link:definitionArc xlink:type="arc" xlink:arcrole="http://xbrl.org/int/dim/arcrole/domain-member" xlink:from="PriceRiskOfOverseasFixedIncomeInvestmentAssetsDetailsLineItems" xlink:to="PriceRiskOverseasFixedIncomeInvestmentAssetsAdmittedValue" xlink:title="definition: PriceRiskOfOverseasFixedIncomeInvestmentAssetsDetailsLineItems to PriceRiskOverseasFixedIncomeInvestmentAssetsAdmittedValue" use="optional" order="30.0"/>
    <link:loc xlink:type="locator" xlink:href="../../c-ross_core_2015-12-31.xsd#c-ross_OverseasAssetPriceRiskOverseasFixedIncomeInvestmentAssetsPurchaseCost" xlink:label="PriceRiskOverseasFixedIncomeInvestmentAssetsCost" xlink:title="PriceRiskOverseasFixedIncomeInvestmentAssetsCost"/>
    <link:definitionArc xlink:type="arc" xlink:arcrole="http://xbrl.org/int/dim/arcrole/domain-member" xlink:from="PriceRiskOfOverseasFixedIncomeInvestmentAssetsDetailsLineItems" xlink:to="PriceRiskOverseasFixedIncomeInvestmentAssetsCost" xlink:title="definition: PriceRiskOfOverseasFixedIncomeInvestmentAssetsDetailsLineItems to PriceRiskOverseasFixedIncomeInvestmentAssetsCost" use="optional" order="20.0"/>
    <link:loc xlink:type="locator" xlink:href="../../c-ross_core_2015-12-31.xsd#c-ross_OverseasAssetPriceRiskOverseasFixedIncomeInvestmentAssetsRiskExposure" xlink:label="PriceRiskOverseasFixedIncomeInvestmentAssetsRiskExposure" xlink:title="PriceRiskOverseasFixedIncomeInvestmentAssetsRiskExposure"/>
    <link:definitionArc xlink:type="arc" xlink:arcrole="http://xbrl.org/int/dim/arcrole/domain-member" xlink:from="PriceRiskOfOverseasFixedIncomeInvestmentAssetsDetailsLineItems" xlink:to="PriceRiskOverseasFixedIncomeInvestmentAssetsRiskExposure" xlink:title="definition: PriceRiskOfOverseasFixedIncomeInvestmentAssetsDetailsLineItems to PriceRiskOverseasFixedIncomeInvestmentAssetsRiskExposure" use="optional" order="40.0"/>
    <link:loc xlink:type="locator" xlink:href="../../c-ross_core_2015-12-31.xsd#c-ross_OverseasAssetPriceRiskOverseasFixedIncomeInvestmentAssetsBaseRiskFactor" xlink:label="PriceRiskOverseasFixedIncomeInvestmentAssetsBaseRiskFactor" xlink:title="PriceRiskOverseasFixedIncomeInvestmentAssetsBaseRiskFactor"/>
    <link:definitionArc xlink:type="arc" xlink:arcrole="http://xbrl.org/int/dim/arcrole/domain-member" xlink:from="PriceRiskOfOverseasFixedIncomeInvestmentAssetsDetailsLineItems" xlink:to="PriceRiskOverseasFixedIncomeInvestmentAssetsBaseRiskFactor" xlink:title="definition: PriceRiskOfOverseasFixedIncomeInvestmentAssetsDetailsLineItems to PriceRiskOverseasFixedIncomeInvestmentAssetsBaseRiskFactor" use="optional" order="50.0"/>
    <link:loc xlink:type="locator" xlink:href="../../c-ross_core_2015-12-31.xsd#c-ross_MarketRiskMinimumCapitalForOverseasFixedIncomeInvestmentAssetsPriceRisk" xlink:label="MarketRiskMinimumCapitalForOverseasFixedIncomeInvestmentAssetsPriceRisk" xlink:title="MarketRiskMinimumCapitalForOverseasFixedIncomeInvestmentAssetsPriceRisk"/>
    <link:definitionArc xlink:type="arc" xlink:arcrole="http://xbrl.org/int/dim/arcrole/domain-member" xlink:from="PriceRiskOfOverseasFixedIncomeInvestmentAssetsDetailsLineItems" xlink:to="MarketRiskMinimumCapitalForOverseasFixedIncomeInvestmentAssetsPriceRisk" xlink:title="definition: PriceRiskOfOverseasFixedIncomeInvestmentAssetsDetailsLineItems to MarketRiskMinimumCapitalForOverseasFixedIncomeInvestmentAssetsPriceRisk" use="optional" order="60.0"/>
    <link:loc xlink:type="locator" xlink:href="../../c-ross_core_2015-12-31.xsd#c-ross_PriceRiskOfOverseasFixedIncomeInvestmentAssetsDevelopedMarketsHeldByCompanyDirectlyDetailsAbstract" xlink:label="PriceRiskOfOverseasFixedIncomeInvestmentAssetsDevelopedMarketsBondHeldByCompanyDirectlyDetailsAbstract" xlink:title="PriceRiskOfOverseasFixedIncomeInvestmentAssetsDevelopedMarketsBondHeldByCompanyDirectlyDetailsAbstract"/>
    <link:definitionArc xlink:type="arc" xlink:arcrole="http://xbrl.org/int/dim/arcrole/all" xlink:from="PriceRiskOfOverseasFixedIncomeInvestmentAssetsDevelopedMarketsBondHeldByCompanyDirectlyDetailsAbstract" xlink:to="PriceRiskOfOverseasFixedIncomeInvestmentAssetsDetailsTable" xlink:title="definition: PriceRiskOfOverseasFixedIncomeInvestmentAssetsDevelopedMarketsBondHeldByCompanyDirectlyDetailsAbstract to PriceRiskOfOverseasFixedIncomeInvestmentAssetsDetailsTable" use="optional" order="10.0" xbrldt:closed="true" xbrldt:contextElement="scenario"/>
    <link:definitionArc xlink:type="arc" xlink:arcrole="http://xbrl.org/int/dim/arcrole/domain-member" xlink:from="PriceRiskOfOverseasFixedIncomeInvestmentAssetsDevelopedMarketsBondHeldByCompanyDirectlyDetailsAbstract" xlink:to="PriceRiskOfOverseasFixedIncomeInvestmentAssetsDetailsLineItems" xlink:title="definition: PriceRiskOfOverseasFixedIncomeInvestmentAssetsDevelopedMarketsBondHeldByCompanyDirectlyDetailsAbstract to PriceRiskOfOverseasFixedIncomeInvestmentAssetsDetailsLineItems" use="optional" order="20.0"/>
  </link:definitionLink>
  <link:definitionLink xlink:type="extended" xlink:role="http://xbrl.circ.gov.cn/role/c-ross_2015-12-31_role-3162500b">
    <link:loc xlink:type="locator" xlink:href="../../c-ross_core_2015-12-31.xsd#c-ross_TypesOfAssetsHeldMember" xlink:label="TypesOfAssetsHeldMember" xlink:title="TypesOfAssetsHeldMember"/>
    <link:loc xlink:type="locator" xlink:href="../../c-ross_core_2015-12-31.xsd#c-ross_HeldByCompanyDirectlyMember" xlink:label="HeldByCompanyDirectlyMember" xlink:title="HeldByCompanyDirectlyMember"/>
    <link:definitionArc xlink:type="arc" xlink:arcrole="http://xbrl.org/int/dim/arcrole/domain-member" xlink:from="TypesOfAssetsHeldMember" xlink:to="HeldByCompanyDirectlyMember" xlink:title="definition: TypesOfAssetsHeldMember to HeldByCompanyDirectlyMember" use="optional" order="10.0"/>
    <link:loc xlink:type="locator" xlink:href="../../c-ross_core_2015-12-31.xsd#c-ross_OverseasFixedIncomeInvestmentAssetsTypesOfMarketAxis" xlink:label="OverseasFixedIncomeInvestmentAssetsTypesOfMarketAxis" xlink:title="OverseasFixedIncomeInvestmentAssetsTypesOfMarketAxis"/>
    <link:loc xlink:type="locator" xlink:href="../../c-ross_core_2015-12-31.xsd#c-ross_OverseasFixedIncomeInvestmentAssetsTypesOfMarketMember" xlink:label="OverseasFixedIncomeInvestmentAssetsTypesOfMarketMember" xlink:title="OverseasFixedIncomeInvestmentAssetsTypesOfMarketMember"/>
    <link:definitionArc xlink:type="arc" xlink:arcrole="http://xbrl.org/int/dim/arcrole/dimension-domain" xlink:from="OverseasFixedIncomeInvestmentAssetsTypesOfMarketAxis" xlink:to="OverseasFixedIncomeInvestmentAssetsTypesOfMarketMember" xlink:title="definition: OverseasFixedIncomeInvestmentAssetsTypesOfMarketAxis to OverseasFixedIncomeInvestmentAssetsTypesOfMarketMember" use="optional" order="10.0"/>
    <link:loc xlink:type="locator" xlink:href="../../c-ross_core_2015-12-31.xsd#c-ross_EmergingMarketsMember" xlink:label="EmergingMarketsMember" xlink:title="EmergingMarketsMember"/>
    <link:definitionArc xlink:type="arc" xlink:arcrole="http://xbrl.org/int/dim/arcrole/domain-member" xlink:from="OverseasFixedIncomeInvestmentAssetsTypesOfMarketMember" xlink:to="EmergingMarketsMember" xlink:title="definition: OverseasFixedIncomeInvestmentAssetsTypesOfMarketMember to EmergingMarketsMember" use="optional" order="10.0"/>
    <link:loc xlink:type="locator" xlink:href="../../c-ross_core_2015-12-31.xsd#c-ross_TypesOfOverseasFixedIncomeInvestmentAssetsHeldAxis" xlink:label="TypesOfOverseasFixedIncomeInvestmentAssetsHeldAxis" xlink:title="TypesOfOverseasFixedIncomeInvestmentAssetsHeldAxis"/>
    <link:definitionArc xlink:type="arc" xlink:arcrole="http://xbrl.org/int/dim/arcrole/dimension-domain" xlink:from="TypesOfOverseasFixedIncomeInvestmentAssetsHeldAxis" xlink:to="TypesOfAssetsHeldMember" xlink:title="definition: TypesOfOverseasFixedIncomeInvestmentAssetsHeldAxis to TypesOfAssetsHeldMember" use="optional" order="10.0"/>
    <link:loc xlink:type="locator" xlink:href="../../c-ross_core_2015-12-31.xsd#c-ross_PriceRiskOfOverseasFixedIncomeInvestmentAssetsDetailsTable" xlink:label="PriceRiskOfOverseasFixedIncomeInvestmentAssetsDetailsTable" xlink:title="PriceRiskOfOverseasFixedIncomeInvestmentAssetsDetailsTable"/>
    <link:definitionArc xlink:type="arc" xlink:arcrole="http://xbrl.org/int/dim/arcrole/hypercube-dimension" xlink:from="PriceRiskOfOverseasFixedIncomeInvestmentAssetsDetailsTable" xlink:to="TypesOfOverseasFixedIncomeInvestmentAssetsHeldAxis" xlink:title="definition: PriceRiskOfOverseasFixedIncomeInvestmentAssetsDetailsTable to TypesOfOverseasFixedIncomeInvestmentAssetsHeldAxis" use="optional" order="10.0"/>
    <link:definitionArc xlink:type="arc" xlink:arcrole="http://xbrl.org/int/dim/arcrole/hypercube-dimension" xlink:from="PriceRiskOfOverseasFixedIncomeInvestmentAssetsDetailsTable" xlink:to="OverseasFixedIncomeInvestmentAssetsTypesOfMarketAxis" xlink:title="definition: PriceRiskOfOverseasFixedIncomeInvestmentAssetsDetailsTable to OverseasFixedIncomeInvestmentAssetsTypesOfMarketAxis" use="optional" order="20.0"/>
    <link:loc xlink:type="locator" xlink:href="../../c-ross_core_2015-12-31.xsd#c-ross_OverseasAssetPriceRiskOverseasFixedIncomeInvestmentAssetsEmergingMarketsHeldByCompanyDirectlyLineNumberAxis" xlink:label="PriceRiskOverseasFixedIncomeInvestmentAssetsEmergingMarketsSecuritiesHeldByCompanyDirectlyLineNumberAxis" xlink:title="PriceRiskOverseasFixedIncomeInvestmentAssetsEmergingMarketsSecuritiesHeldByCompanyDirectlyLineNumberAxis"/>
    <link:definitionArc xlink:type="arc" xlink:arcrole="http://xbrl.org/int/dim/arcrole/hypercube-dimension" xlink:from="PriceRiskOfOverseasFixedIncomeInvestmentAssetsDetailsTable" xlink:to="PriceRiskOverseasFixedIncomeInvestmentAssetsEmergingMarketsSecuritiesHeldByCompanyDirectlyLineNumberAxis" xlink:title="definition: PriceRiskOfOverseasFixedIncomeInvestmentAssetsDetailsTable to PriceRiskOverseasFixedIncomeInvestmentAssetsEmergingMarketsSecuritiesHeldByCompanyDirectlyLineNumberAxis" use="optional" order="30.0"/>
    <link:loc xlink:type="locator" xlink:href="../../c-ross_core_2015-12-31.xsd#c-ross_PriceRiskOfOverseasFixedIncomeInvestmentAssetsDetailsLineItems" xlink:label="PriceRiskOfOverseasFixedIncomeInvestmentAssetsDetailsLineItems" xlink:title="PriceRiskOfOverseasFixedIncomeInvestmentAssetsDetailsLineItems"/>
    <link:loc xlink:type="locator" xlink:href="../../c-ross_core_2015-12-31.xsd#c-ross_OverseasAssetPriceRiskOverseasFixedIncomeInvestmentAssetsAssetName" xlink:label="PriceRiskOverseasFixedIncomeInvestmentAssetsBondName" xlink:title="PriceRiskOverseasFixedIncomeInvestmentAssetsBondName"/>
    <link:definitionArc xlink:type="arc" xlink:arcrole="http://xbrl.org/int/dim/arcrole/domain-member" xlink:from="PriceRiskOfOverseasFixedIncomeInvestmentAssetsDetailsLineItems" xlink:to="PriceRiskOverseasFixedIncomeInvestmentAssetsBondName" xlink:title="definition: PriceRiskOfOverseasFixedIncomeInvestmentAssetsDetailsLineItems to PriceRiskOverseasFixedIncomeInvestmentAssetsBondName" use="optional" order="10.0"/>
    <link:loc xlink:type="locator" xlink:href="../../c-ross_core_2015-12-31.xsd#c-ross_OverseasAssetPriceRiskOverseasFixedIncomeInvestmentAssetsAdmittedValue" xlink:label="PriceRiskOverseasFixedIncomeInvestmentAssetsAdmittedValue" xlink:title="PriceRiskOverseasFixedIncomeInvestmentAssetsAdmittedValue"/>
    <link:definitionArc xlink:type="arc" xlink:arcrole="http://xbrl.org/int/dim/arcrole/domain-member" xlink:from="PriceRiskOfOverseasFixedIncomeInvestmentAssetsDetailsLineItems" xlink:to="PriceRiskOverseasFixedIncomeInvestmentAssetsAdmittedValue" xlink:title="definition: PriceRiskOfOverseasFixedIncomeInvestmentAssetsDetailsLineItems to PriceRiskOverseasFixedIncomeInvestmentAssetsAdmittedValue" use="optional" order="30.0"/>
    <link:loc xlink:type="locator" xlink:href="../../c-ross_core_2015-12-31.xsd#c-ross_OverseasAssetPriceRiskOverseasFixedIncomeInvestmentAssetsPurchaseCost" xlink:label="PriceRiskOverseasFixedIncomeInvestmentAssetsCost" xlink:title="PriceRiskOverseasFixedIncomeInvestmentAssetsCost"/>
    <link:definitionArc xlink:type="arc" xlink:arcrole="http://xbrl.org/int/dim/arcrole/domain-member" xlink:from="PriceRiskOfOverseasFixedIncomeInvestmentAssetsDetailsLineItems" xlink:to="PriceRiskOverseasFixedIncomeInvestmentAssetsCost" xlink:title="definition: PriceRiskOfOverseasFixedIncomeInvestmentAssetsDetailsLineItems to PriceRiskOverseasFixedIncomeInvestmentAssetsCost" use="optional" order="20.0"/>
    <link:loc xlink:type="locator" xlink:href="../../c-ross_core_2015-12-31.xsd#c-ross_OverseasAssetPriceRiskOverseasFixedIncomeInvestmentAssetsRiskExposure" xlink:label="PriceRiskOverseasFixedIncomeInvestmentAssetsRiskExposure" xlink:title="PriceRiskOverseasFixedIncomeInvestmentAssetsRiskExposure"/>
    <link:definitionArc xlink:type="arc" xlink:arcrole="http://xbrl.org/int/dim/arcrole/domain-member" xlink:from="PriceRiskOfOverseasFixedIncomeInvestmentAssetsDetailsLineItems" xlink:to="PriceRiskOverseasFixedIncomeInvestmentAssetsRiskExposure" xlink:title="definition: PriceRiskOfOverseasFixedIncomeInvestmentAssetsDetailsLineItems to PriceRiskOverseasFixedIncomeInvestmentAssetsRiskExposure" use="optional" order="40.0"/>
    <link:loc xlink:type="locator" xlink:href="../../c-ross_core_2015-12-31.xsd#c-ross_OverseasAssetPriceRiskOverseasFixedIncomeInvestmentAssetsBaseRiskFactor" xlink:label="PriceRiskOverseasFixedIncomeInvestmentAssetsBaseRiskFactor" xlink:title="PriceRiskOverseasFixedIncomeInvestmentAssetsBaseRiskFactor"/>
    <link:definitionArc xlink:type="arc" xlink:arcrole="http://xbrl.org/int/dim/arcrole/domain-member" xlink:from="PriceRiskOfOverseasFixedIncomeInvestmentAssetsDetailsLineItems" xlink:to="PriceRiskOverseasFixedIncomeInvestmentAssetsBaseRiskFactor" xlink:title="definition: PriceRiskOfOverseasFixedIncomeInvestmentAssetsDetailsLineItems to PriceRiskOverseasFixedIncomeInvestmentAssetsBaseRiskFactor" use="optional" order="50.0"/>
    <link:loc xlink:type="locator" xlink:href="../../c-ross_core_2015-12-31.xsd#c-ross_MarketRiskMinimumCapitalForOverseasFixedIncomeInvestmentAssetsPriceRisk" xlink:label="MarketRiskMinimumCapitalForOverseasFixedIncomeInvestmentAssetsPriceRisk" xlink:title="MarketRiskMinimumCapitalForOverseasFixedIncomeInvestmentAssetsPriceRisk"/>
    <link:definitionArc xlink:type="arc" xlink:arcrole="http://xbrl.org/int/dim/arcrole/domain-member" xlink:from="PriceRiskOfOverseasFixedIncomeInvestmentAssetsDetailsLineItems" xlink:to="MarketRiskMinimumCapitalForOverseasFixedIncomeInvestmentAssetsPriceRisk" xlink:title="definition: PriceRiskOfOverseasFixedIncomeInvestmentAssetsDetailsLineItems to MarketRiskMinimumCapitalForOverseasFixedIncomeInvestmentAssetsPriceRisk" use="optional" order="60.0"/>
    <link:loc xlink:type="locator" xlink:href="../../c-ross_core_2015-12-31.xsd#c-ross_PriceRiskOfOverseasFixedIncomeInvestmentAssetsEmergingMarketsHeldByCompanyDirectlyDetailsAbstract" xlink:label="PriceRiskOfOverseasFixedIncomeInvestmentAssetsEmergingMarketsBondHeldByCompanyDirectlyDetailsAbstract" xlink:title="PriceRiskOfOverseasFixedIncomeInvestmentAssetsEmergingMarketsBondHeldByCompanyDirectlyDetailsAbstract"/>
    <link:definitionArc xlink:type="arc" xlink:arcrole="http://xbrl.org/int/dim/arcrole/all" xlink:from="PriceRiskOfOverseasFixedIncomeInvestmentAssetsEmergingMarketsBondHeldByCompanyDirectlyDetailsAbstract" xlink:to="PriceRiskOfOverseasFixedIncomeInvestmentAssetsDetailsTable" xlink:title="definition: PriceRiskOfOverseasFixedIncomeInvestmentAssetsEmergingMarketsBondHeldByCompanyDirectlyDetailsAbstract to PriceRiskOfOverseasFixedIncomeInvestmentAssetsDetailsTable" use="optional" order="10.0" xbrldt:closed="true" xbrldt:contextElement="scenario"/>
    <link:definitionArc xlink:type="arc" xlink:arcrole="http://xbrl.org/int/dim/arcrole/domain-member" xlink:from="PriceRiskOfOverseasFixedIncomeInvestmentAssetsEmergingMarketsBondHeldByCompanyDirectlyDetailsAbstract" xlink:to="PriceRiskOfOverseasFixedIncomeInvestmentAssetsDetailsLineItems" xlink:title="definition: PriceRiskOfOverseasFixedIncomeInvestmentAssetsEmergingMarketsBondHeldByCompanyDirectlyDetailsAbstract to PriceRiskOfOverseasFixedIncomeInvestmentAssetsDetailsLineItems" use="optional" order="20.0"/>
  </link:definitionLink>
  <link:definitionLink xlink:type="extended" xlink:role="http://xbrl.circ.gov.cn/role/c-ross_2015-12-31_role-3162500c">
    <link:loc xlink:type="locator" xlink:href="../../c-ross_core_2015-12-31.xsd#c-ross_TypesOfAssetsHeldMember" xlink:label="TypesOfAssetsHeldMember" xlink:title="TypesOfAssetsHeldMember"/>
    <link:loc xlink:type="locator" xlink:href="../../c-ross_core_2015-12-31.xsd#c-ross_HeldByLookThroughMethodMember" xlink:label="HeldByLookThroughMethodMember" xlink:title="HeldByLookThroughMethodMember"/>
    <link:definitionArc xlink:type="arc" xlink:arcrole="http://xbrl.org/int/dim/arcrole/domain-member" xlink:from="TypesOfAssetsHeldMember" xlink:to="HeldByLookThroughMethodMember" xlink:title="definition: TypesOfAssetsHeldMember to HeldByLookThroughMethodMember" use="optional" order="10.0"/>
    <link:loc xlink:type="locator" xlink:href="../../c-ross_core_2015-12-31.xsd#c-ross_OverseasFixedIncomeInvestmentAssetsTypesOfMarketAxis" xlink:label="OverseasFixedIncomeInvestmentAssetsTypesOfMarketAxis" xlink:title="OverseasFixedIncomeInvestmentAssetsTypesOfMarketAxis"/>
    <link:loc xlink:type="locator" xlink:href="../../c-ross_core_2015-12-31.xsd#c-ross_OverseasFixedIncomeInvestmentAssetsTypesOfMarketMember" xlink:label="OverseasFixedIncomeInvestmentAssetsTypesOfMarketMember" xlink:title="OverseasFixedIncomeInvestmentAssetsTypesOfMarketMember"/>
    <link:definitionArc xlink:type="arc" xlink:arcrole="http://xbrl.org/int/dim/arcrole/dimension-domain" xlink:from="OverseasFixedIncomeInvestmentAssetsTypesOfMarketAxis" xlink:to="OverseasFixedIncomeInvestmentAssetsTypesOfMarketMember" xlink:title="definition: OverseasFixedIncomeInvestmentAssetsTypesOfMarketAxis to OverseasFixedIncomeInvestmentAssetsTypesOfMarketMember" use="optional" order="10.0"/>
    <link:loc xlink:type="locator" xlink:href="../../c-ross_core_2015-12-31.xsd#c-ross_DevelopedMarketsMember" xlink:label="DevelopedMarketsMember" xlink:title="DevelopedMarketsMember"/>
    <link:definitionArc xlink:type="arc" xlink:arcrole="http://xbrl.org/int/dim/arcrole/domain-member" xlink:from="OverseasFixedIncomeInvestmentAssetsTypesOfMarketMember" xlink:to="DevelopedMarketsMember" xlink:title="definition: OverseasFixedIncomeInvestmentAssetsTypesOfMarketMember to DevelopedMarketsMember" use="optional" order="10.0"/>
    <link:loc xlink:type="locator" xlink:href="../../c-ross_core_2015-12-31.xsd#c-ross_TypesOfOverseasFixedIncomeInvestmentAssetsHeldAxis" xlink:label="TypesOfOverseasFixedIncomeInvestmentAssetsHeldAxis" xlink:title="TypesOfOverseasFixedIncomeInvestmentAssetsHeldAxis"/>
    <link:definitionArc xlink:type="arc" xlink:arcrole="http://xbrl.org/int/dim/arcrole/dimension-domain" xlink:from="TypesOfOverseasFixedIncomeInvestmentAssetsHeldAxis" xlink:to="TypesOfAssetsHeldMember" xlink:title="definition: TypesOfOverseasFixedIncomeInvestmentAssetsHeldAxis to TypesOfAssetsHeldMember" use="optional" order="10.0"/>
    <link:loc xlink:type="locator" xlink:href="../../c-ross_core_2015-12-31.xsd#c-ross_PriceRiskOfOverseasFixedIncomeInvestmentAssetsDetailsTable" xlink:label="PriceRiskOfOverseasFixedIncomeInvestmentAssetsDetailsTable" xlink:title="PriceRiskOfOverseasFixedIncomeInvestmentAssetsDetailsTable"/>
    <link:definitionArc xlink:type="arc" xlink:arcrole="http://xbrl.org/int/dim/arcrole/hypercube-dimension" xlink:from="PriceRiskOfOverseasFixedIncomeInvestmentAssetsDetailsTable" xlink:to="TypesOfOverseasFixedIncomeInvestmentAssetsHeldAxis" xlink:title="definition: PriceRiskOfOverseasFixedIncomeInvestmentAssetsDetailsTable to TypesOfOverseasFixedIncomeInvestmentAssetsHeldAxis" use="optional" order="10.0"/>
    <link:definitionArc xlink:type="arc" xlink:arcrole="http://xbrl.org/int/dim/arcrole/hypercube-dimension" xlink:from="PriceRiskOfOverseasFixedIncomeInvestmentAssetsDetailsTable" xlink:to="OverseasFixedIncomeInvestmentAssetsTypesOfMarketAxis" xlink:title="definition: PriceRiskOfOverseasFixedIncomeInvestmentAssetsDetailsTable to OverseasFixedIncomeInvestmentAssetsTypesOfMarketAxis" use="optional" order="20.0"/>
    <link:loc xlink:type="locator" xlink:href="../../c-ross_core_2015-12-31.xsd#c-ross_OverseasAssetPriceRiskOverseasFixedIncomeInvestmentAssetsDevelopedMarketsHeldByLookThroughMethodLineNumberAxis" xlink:label="PriceRiskOverseasFixedIncomeInvestmentAssetsDevelopedMarketsFixedIncomeSecuritiesHeldByLookThroughMethodLineNumberAxis" xlink:title="PriceRiskOverseasFixedIncomeInvestmentAssetsDevelopedMarketsFixedIncomeSecuritiesHeldByLookThroughMethodLineNumberAxis"/>
    <link:definitionArc xlink:type="arc" xlink:arcrole="http://xbrl.org/int/dim/arcrole/hypercube-dimension" xlink:from="PriceRiskOfOverseasFixedIncomeInvestmentAssetsDetailsTable" xlink:to="PriceRiskOverseasFixedIncomeInvestmentAssetsDevelopedMarketsFixedIncomeSecuritiesHeldByLookThroughMethodLineNumberAxis" xlink:title="definition: PriceRiskOfOverseasFixedIncomeInvestmentAssetsDetailsTable to PriceRiskOverseasFixedIncomeInvestmentAssetsDevelopedMarketsFixedIncomeSecuritiesHeldByLookThroughMethodLineNumberAxis" use="optional" order="30.0"/>
    <link:loc xlink:type="locator" xlink:href="../../c-ross_core_2015-12-31.xsd#c-ross_PriceRiskOfOverseasFixedIncomeInvestmentAssetsDetailsLineItems" xlink:label="PriceRiskOfOverseasFixedIncomeInvestmentAssetsDetailsLineItems" xlink:title="PriceRiskOfOverseasFixedIncomeInvestmentAssetsDetailsLineItems"/>
    <link:loc xlink:type="locator" xlink:href="../../c-ross_core_2015-12-31.xsd#c-ross_OverseasAssetPriceRiskOverseasFixedIncomeInvestmentAssetsAssetName" xlink:label="PriceRiskOverseasFixedIncomeInvestmentAssetsBondName" xlink:title="PriceRiskOverseasFixedIncomeInvestmentAssetsBondName"/>
    <link:definitionArc xlink:type="arc" xlink:arcrole="http://xbrl.org/int/dim/arcrole/domain-member" xlink:from="PriceRiskOfOverseasFixedIncomeInvestmentAssetsDetailsLineItems" xlink:to="PriceRiskOverseasFixedIncomeInvestmentAssetsBondName" xlink:title="definition: PriceRiskOfOverseasFixedIncomeInvestmentAssetsDetailsLineItems to PriceRiskOverseasFixedIncomeInvestmentAssetsBondName" use="optional" order="10.0"/>
    <link:loc xlink:type="locator" xlink:href="../../c-ross_core_2015-12-31.xsd#c-ross_OverseasAssetPriceRiskOverseasFixedIncomeInvestmentAssetsAdmittedValue" xlink:label="PriceRiskOverseasFixedIncomeInvestmentAssetsAdmittedValue" xlink:title="PriceRiskOverseasFixedIncomeInvestmentAssetsAdmittedValue"/>
    <link:definitionArc xlink:type="arc" xlink:arcrole="http://xbrl.org/int/dim/arcrole/domain-member" xlink:from="PriceRiskOfOverseasFixedIncomeInvestmentAssetsDetailsLineItems" xlink:to="PriceRiskOverseasFixedIncomeInvestmentAssetsAdmittedValue" xlink:title="definition: PriceRiskOfOverseasFixedIncomeInvestmentAssetsDetailsLineItems to PriceRiskOverseasFixedIncomeInvestmentAssetsAdmittedValue" use="optional" order="30.0"/>
    <link:loc xlink:type="locator" xlink:href="../../c-ross_core_2015-12-31.xsd#c-ross_OverseasAssetPriceRiskOverseasFixedIncomeInvestmentAssetsPurchaseCost" xlink:label="PriceRiskOverseasFixedIncomeInvestmentAssetsCost" xlink:title="PriceRiskOverseasFixedIncomeInvestmentAssetsCost"/>
    <link:definitionArc xlink:type="arc" xlink:arcrole="http://xbrl.org/int/dim/arcrole/domain-member" xlink:from="PriceRiskOfOverseasFixedIncomeInvestmentAssetsDetailsLineItems" xlink:to="PriceRiskOverseasFixedIncomeInvestmentAssetsCost" xlink:title="definition: PriceRiskOfOverseasFixedIncomeInvestmentAssetsDetailsLineItems to PriceRiskOverseasFixedIncomeInvestmentAssetsCost" use="optional" order="20.0"/>
    <link:loc xlink:type="locator" xlink:href="../../c-ross_core_2015-12-31.xsd#c-ross_OverseasAssetPriceRiskOverseasFixedIncomeInvestmentAssetsRiskExposure" xlink:label="PriceRiskOverseasFixedIncomeInvestmentAssetsRiskExposure" xlink:title="PriceRiskOverseasFixedIncomeInvestmentAssetsRiskExposure"/>
    <link:definitionArc xlink:type="arc" xlink:arcrole="http://xbrl.org/int/dim/arcrole/domain-member" xlink:from="PriceRiskOfOverseasFixedIncomeInvestmentAssetsDetailsLineItems" xlink:to="PriceRiskOverseasFixedIncomeInvestmentAssetsRiskExposure" xlink:title="definition: PriceRiskOfOverseasFixedIncomeInvestmentAssetsDetailsLineItems to PriceRiskOverseasFixedIncomeInvestmentAssetsRiskExposure" use="optional" order="40.0"/>
    <link:loc xlink:type="locator" xlink:href="../../c-ross_core_2015-12-31.xsd#c-ross_OverseasAssetPriceRiskOverseasFixedIncomeInvestmentAssetsBaseRiskFactor" xlink:label="PriceRiskOverseasFixedIncomeInvestmentAssetsBaseRiskFactor" xlink:title="PriceRiskOverseasFixedIncomeInvestmentAssetsBaseRiskFactor"/>
    <link:definitionArc xlink:type="arc" xlink:arcrole="http://xbrl.org/int/dim/arcrole/domain-member" xlink:from="PriceRiskOfOverseasFixedIncomeInvestmentAssetsDetailsLineItems" xlink:to="PriceRiskOverseasFixedIncomeInvestmentAssetsBaseRiskFactor" xlink:title="definition: PriceRiskOfOverseasFixedIncomeInvestmentAssetsDetailsLineItems to PriceRiskOverseasFixedIncomeInvestmentAssetsBaseRiskFactor" use="optional" order="50.0"/>
    <link:loc xlink:type="locator" xlink:href="../../c-ross_core_2015-12-31.xsd#c-ross_MarketRiskMinimumCapitalForOverseasFixedIncomeInvestmentAssetsPriceRisk" xlink:label="MarketRiskMinimumCapitalForOverseasFixedIncomeInvestmentAssetsPriceRisk" xlink:title="MarketRiskMinimumCapitalForOverseasFixedIncomeInvestmentAssetsPriceRisk"/>
    <link:definitionArc xlink:type="arc" xlink:arcrole="http://xbrl.org/int/dim/arcrole/domain-member" xlink:from="PriceRiskOfOverseasFixedIncomeInvestmentAssetsDetailsLineItems" xlink:to="MarketRiskMinimumCapitalForOverseasFixedIncomeInvestmentAssetsPriceRisk" xlink:title="definition: PriceRiskOfOverseasFixedIncomeInvestmentAssetsDetailsLineItems to MarketRiskMinimumCapitalForOverseasFixedIncomeInvestmentAssetsPriceRisk" use="optional" order="60.0"/>
    <link:loc xlink:type="locator" xlink:href="../../c-ross_core_2015-12-31.xsd#c-ross_PriceRiskOfOverseasFixedIncomeInvestmentAssetsDevelopedMarketsHeldByLookThroughMethodDetailsAbstract" xlink:label="PriceRiskOfOverseasFixedIncomeInvestmentAssetsDevelopedMarketsBondHeldByLookThroughMethodDetailsAbstract" xlink:title="PriceRiskOfOverseasFixedIncomeInvestmentAssetsDevelopedMarketsBondHeldByLookThroughMethodDetailsAbstract"/>
    <link:definitionArc xlink:type="arc" xlink:arcrole="http://xbrl.org/int/dim/arcrole/all" xlink:from="PriceRiskOfOverseasFixedIncomeInvestmentAssetsDevelopedMarketsBondHeldByLookThroughMethodDetailsAbstract" xlink:to="PriceRiskOfOverseasFixedIncomeInvestmentAssetsDetailsTable" xlink:title="definition: PriceRiskOfOverseasFixedIncomeInvestmentAssetsDevelopedMarketsBondHeldByLookThroughMethodDetailsAbstract to PriceRiskOfOverseasFixedIncomeInvestmentAssetsDetailsTable" use="optional" order="10.0" xbrldt:closed="true" xbrldt:contextElement="scenario"/>
    <link:definitionArc xlink:type="arc" xlink:arcrole="http://xbrl.org/int/dim/arcrole/domain-member" xlink:from="PriceRiskOfOverseasFixedIncomeInvestmentAssetsDevelopedMarketsBondHeldByLookThroughMethodDetailsAbstract" xlink:to="PriceRiskOfOverseasFixedIncomeInvestmentAssetsDetailsLineItems" xlink:title="definition: PriceRiskOfOverseasFixedIncomeInvestmentAssetsDevelopedMarketsBondHeldByLookThroughMethodDetailsAbstract to PriceRiskOfOverseasFixedIncomeInvestmentAssetsDetailsLineItems" use="optional" order="20.0"/>
  </link:definitionLink>
  <link:definitionLink xlink:type="extended" xlink:role="http://xbrl.circ.gov.cn/role/c-ross_2015-12-31_role-3162500d">
    <link:loc xlink:type="locator" xlink:href="../../c-ross_core_2015-12-31.xsd#c-ross_TypesOfAssetsHeldMember" xlink:label="TypesOfAssetsHeldMember" xlink:title="TypesOfAssetsHeldMember"/>
    <link:loc xlink:type="locator" xlink:href="../../c-ross_core_2015-12-31.xsd#c-ross_HeldByLookThroughMethodMember" xlink:label="HeldByLookThroughMethodMember" xlink:title="HeldByLookThroughMethodMember"/>
    <link:definitionArc xlink:type="arc" xlink:arcrole="http://xbrl.org/int/dim/arcrole/domain-member" xlink:from="TypesOfAssetsHeldMember" xlink:to="HeldByLookThroughMethodMember" xlink:title="definition: TypesOfAssetsHeldMember to HeldByLookThroughMethodMember" use="optional" order="10.0"/>
    <link:loc xlink:type="locator" xlink:href="../../c-ross_core_2015-12-31.xsd#c-ross_OverseasFixedIncomeInvestmentAssetsTypesOfMarketAxis" xlink:label="OverseasFixedIncomeInvestmentAssetsTypesOfMarketAxis" xlink:title="OverseasFixedIncomeInvestmentAssetsTypesOfMarketAxis"/>
    <link:loc xlink:type="locator" xlink:href="../../c-ross_core_2015-12-31.xsd#c-ross_OverseasFixedIncomeInvestmentAssetsTypesOfMarketMember" xlink:label="OverseasFixedIncomeInvestmentAssetsTypesOfMarketMember" xlink:title="OverseasFixedIncomeInvestmentAssetsTypesOfMarketMember"/>
    <link:definitionArc xlink:type="arc" xlink:arcrole="http://xbrl.org/int/dim/arcrole/dimension-domain" xlink:from="OverseasFixedIncomeInvestmentAssetsTypesOfMarketAxis" xlink:to="OverseasFixedIncomeInvestmentAssetsTypesOfMarketMember" xlink:title="definition: OverseasFixedIncomeInvestmentAssetsTypesOfMarketAxis to OverseasFixedIncomeInvestmentAssetsTypesOfMarketMember" use="optional" order="10.0"/>
    <link:loc xlink:type="locator" xlink:href="../../c-ross_core_2015-12-31.xsd#c-ross_EmergingMarketsMember" xlink:label="EmergingMarketsMember" xlink:title="EmergingMarketsMember"/>
    <link:definitionArc xlink:type="arc" xlink:arcrole="http://xbrl.org/int/dim/arcrole/domain-member" xlink:from="OverseasFixedIncomeInvestmentAssetsTypesOfMarketMember" xlink:to="EmergingMarketsMember" xlink:title="definition: OverseasFixedIncomeInvestmentAssetsTypesOfMarketMember to EmergingMarketsMember" use="optional" order="10.0"/>
    <link:loc xlink:type="locator" xlink:href="../../c-ross_core_2015-12-31.xsd#c-ross_TypesOfOverseasFixedIncomeInvestmentAssetsHeldAxis" xlink:label="TypesOfOverseasFixedIncomeInvestmentAssetsHeldAxis" xlink:title="TypesOfOverseasFixedIncomeInvestmentAssetsHeldAxis"/>
    <link:definitionArc xlink:type="arc" xlink:arcrole="http://xbrl.org/int/dim/arcrole/dimension-domain" xlink:from="TypesOfOverseasFixedIncomeInvestmentAssetsHeldAxis" xlink:to="TypesOfAssetsHeldMember" xlink:title="definition: TypesOfOverseasFixedIncomeInvestmentAssetsHeldAxis to TypesOfAssetsHeldMember" use="optional" order="10.0"/>
    <link:loc xlink:type="locator" xlink:href="../../c-ross_core_2015-12-31.xsd#c-ross_PriceRiskOfOverseasFixedIncomeInvestmentAssetsDetailsTable" xlink:label="PriceRiskOfOverseasFixedIncomeInvestmentAssetsDetailsTable" xlink:title="PriceRiskOfOverseasFixedIncomeInvestmentAssetsDetailsTable"/>
    <link:definitionArc xlink:type="arc" xlink:arcrole="http://xbrl.org/int/dim/arcrole/hypercube-dimension" xlink:from="PriceRiskOfOverseasFixedIncomeInvestmentAssetsDetailsTable" xlink:to="TypesOfOverseasFixedIncomeInvestmentAssetsHeldAxis" xlink:title="definition: PriceRiskOfOverseasFixedIncomeInvestmentAssetsDetailsTable to TypesOfOverseasFixedIncomeInvestmentAssetsHeldAxis" use="optional" order="10.0"/>
    <link:definitionArc xlink:type="arc" xlink:arcrole="http://xbrl.org/int/dim/arcrole/hypercube-dimension" xlink:from="PriceRiskOfOverseasFixedIncomeInvestmentAssetsDetailsTable" xlink:to="OverseasFixedIncomeInvestmentAssetsTypesOfMarketAxis" xlink:title="definition: PriceRiskOfOverseasFixedIncomeInvestmentAssetsDetailsTable to OverseasFixedIncomeInvestmentAssetsTypesOfMarketAxis" use="optional" order="20.0"/>
    <link:loc xlink:type="locator" xlink:href="../../c-ross_core_2015-12-31.xsd#c-ross_OverseasAssetPriceRiskOverseasFixedIncomeInvestmentAssetsEmergingMarketsHeldByLookThroughMethodLineNumberAxis" xlink:label="PriceRiskOverseasFixedIncomeInvestmentAssetsEmergingMarketsSecuritiesHeldByLookThroughMethodLineNumberAxis" xlink:title="PriceRiskOverseasFixedIncomeInvestmentAssetsEmergingMarketsSecuritiesHeldByLookThroughMethodLineNumberAxis"/>
    <link:definitionArc xlink:type="arc" xlink:arcrole="http://xbrl.org/int/dim/arcrole/hypercube-dimension" xlink:from="PriceRiskOfOverseasFixedIncomeInvestmentAssetsDetailsTable" xlink:to="PriceRiskOverseasFixedIncomeInvestmentAssetsEmergingMarketsSecuritiesHeldByLookThroughMethodLineNumberAxis" xlink:title="definition: PriceRiskOfOverseasFixedIncomeInvestmentAssetsDetailsTable to PriceRiskOverseasFixedIncomeInvestmentAssetsEmergingMarketsSecuritiesHeldByLookThroughMethodLineNumberAxis" use="optional" order="30.0"/>
    <link:loc xlink:type="locator" xlink:href="../../c-ross_core_2015-12-31.xsd#c-ross_PriceRiskOfOverseasFixedIncomeInvestmentAssetsDetailsLineItems" xlink:label="PriceRiskOfOverseasFixedIncomeInvestmentAssetsDetailsLineItems" xlink:title="PriceRiskOfOverseasFixedIncomeInvestmentAssetsDetailsLineItems"/>
    <link:loc xlink:type="locator" xlink:href="../../c-ross_core_2015-12-31.xsd#c-ross_OverseasAssetPriceRiskOverseasFixedIncomeInvestmentAssetsAssetName" xlink:label="PriceRiskOverseasFixedIncomeInvestmentAssetsBondName" xlink:title="PriceRiskOverseasFixedIncomeInvestmentAssetsBondName"/>
    <link:definitionArc xlink:type="arc" xlink:arcrole="http://xbrl.org/int/dim/arcrole/domain-member" xlink:from="PriceRiskOfOverseasFixedIncomeInvestmentAssetsDetailsLineItems" xlink:to="PriceRiskOverseasFixedIncomeInvestmentAssetsBondName" xlink:title="definition: PriceRiskOfOverseasFixedIncomeInvestmentAssetsDetailsLineItems to PriceRiskOverseasFixedIncomeInvestmentAssetsBondName" use="optional" order="10.0"/>
    <link:loc xlink:type="locator" xlink:href="../../c-ross_core_2015-12-31.xsd#c-ross_OverseasAssetPriceRiskOverseasFixedIncomeInvestmentAssetsAdmittedValue" xlink:label="PriceRiskOverseasFixedIncomeInvestmentAssetsAdmittedValue" xlink:title="PriceRiskOverseasFixedIncomeInvestmentAssetsAdmittedValue"/>
    <link:definitionArc xlink:type="arc" xlink:arcrole="http://xbrl.org/int/dim/arcrole/domain-member" xlink:from="PriceRiskOfOverseasFixedIncomeInvestmentAssetsDetailsLineItems" xlink:to="PriceRiskOverseasFixedIncomeInvestmentAssetsAdmittedValue" xlink:title="definition: PriceRiskOfOverseasFixedIncomeInvestmentAssetsDetailsLineItems to PriceRiskOverseasFixedIncomeInvestmentAssetsAdmittedValue" use="optional" order="30.0"/>
    <link:loc xlink:type="locator" xlink:href="../../c-ross_core_2015-12-31.xsd#c-ross_OverseasAssetPriceRiskOverseasFixedIncomeInvestmentAssetsPurchaseCost" xlink:label="PriceRiskOverseasFixedIncomeInvestmentAssetsCost" xlink:title="PriceRiskOverseasFixedIncomeInvestmentAssetsCost"/>
    <link:definitionArc xlink:type="arc" xlink:arcrole="http://xbrl.org/int/dim/arcrole/domain-member" xlink:from="PriceRiskOfOverseasFixedIncomeInvestmentAssetsDetailsLineItems" xlink:to="PriceRiskOverseasFixedIncomeInvestmentAssetsCost" xlink:title="definition: PriceRiskOfOverseasFixedIncomeInvestmentAssetsDetailsLineItems to PriceRiskOverseasFixedIncomeInvestmentAssetsCost" use="optional" order="20.0"/>
    <link:loc xlink:type="locator" xlink:href="../../c-ross_core_2015-12-31.xsd#c-ross_OverseasAssetPriceRiskOverseasFixedIncomeInvestmentAssetsRiskExposure" xlink:label="PriceRiskOverseasFixedIncomeInvestmentAssetsRiskExposure" xlink:title="PriceRiskOverseasFixedIncomeInvestmentAssetsRiskExposure"/>
    <link:definitionArc xlink:type="arc" xlink:arcrole="http://xbrl.org/int/dim/arcrole/domain-member" xlink:from="PriceRiskOfOverseasFixedIncomeInvestmentAssetsDetailsLineItems" xlink:to="PriceRiskOverseasFixedIncomeInvestmentAssetsRiskExposure" xlink:title="definition: PriceRiskOfOverseasFixedIncomeInvestmentAssetsDetailsLineItems to PriceRiskOverseasFixedIncomeInvestmentAssetsRiskExposure" use="optional" order="40.0"/>
    <link:loc xlink:type="locator" xlink:href="../../c-ross_core_2015-12-31.xsd#c-ross_OverseasAssetPriceRiskOverseasFixedIncomeInvestmentAssetsBaseRiskFactor" xlink:label="PriceRiskOverseasFixedIncomeInvestmentAssetsBaseRiskFactor" xlink:title="PriceRiskOverseasFixedIncomeInvestmentAssetsBaseRiskFactor"/>
    <link:definitionArc xlink:type="arc" xlink:arcrole="http://xbrl.org/int/dim/arcrole/domain-member" xlink:from="PriceRiskOfOverseasFixedIncomeInvestmentAssetsDetailsLineItems" xlink:to="PriceRiskOverseasFixedIncomeInvestmentAssetsBaseRiskFactor" xlink:title="definition: PriceRiskOfOverseasFixedIncomeInvestmentAssetsDetailsLineItems to PriceRiskOverseasFixedIncomeInvestmentAssetsBaseRiskFactor" use="optional" order="50.0"/>
    <link:loc xlink:type="locator" xlink:href="../../c-ross_core_2015-12-31.xsd#c-ross_MarketRiskMinimumCapitalForOverseasFixedIncomeInvestmentAssetsPriceRisk" xlink:label="MarketRiskMinimumCapitalForOverseasFixedIncomeInvestmentAssetsPriceRisk" xlink:title="MarketRiskMinimumCapitalForOverseasFixedIncomeInvestmentAssetsPriceRisk"/>
    <link:definitionArc xlink:type="arc" xlink:arcrole="http://xbrl.org/int/dim/arcrole/domain-member" xlink:from="PriceRiskOfOverseasFixedIncomeInvestmentAssetsDetailsLineItems" xlink:to="MarketRiskMinimumCapitalForOverseasFixedIncomeInvestmentAssetsPriceRisk" xlink:title="definition: PriceRiskOfOverseasFixedIncomeInvestmentAssetsDetailsLineItems to MarketRiskMinimumCapitalForOverseasFixedIncomeInvestmentAssetsPriceRisk" use="optional" order="60.0"/>
    <link:loc xlink:type="locator" xlink:href="../../c-ross_core_2015-12-31.xsd#c-ross_PriceRiskOfOverseasFixedIncomeInvestmentAssetsEmergingMarketsHeldByLookThroughMethodDetailsAbstract" xlink:label="PriceRiskOfOverseasFixedIncomeInvestmentAssetsEmergingMarketsBondHeldByLookThroughMethodDetailsAbstract" xlink:title="PriceRiskOfOverseasFixedIncomeInvestmentAssetsEmergingMarketsBondHeldByLookThroughMethodDetailsAbstract"/>
    <link:definitionArc xlink:type="arc" xlink:arcrole="http://xbrl.org/int/dim/arcrole/all" xlink:from="PriceRiskOfOverseasFixedIncomeInvestmentAssetsEmergingMarketsBondHeldByLookThroughMethodDetailsAbstract" xlink:to="PriceRiskOfOverseasFixedIncomeInvestmentAssetsDetailsTable" xlink:title="definition: PriceRiskOfOverseasFixedIncomeInvestmentAssetsEmergingMarketsBondHeldByLookThroughMethodDetailsAbstract to PriceRiskOfOverseasFixedIncomeInvestmentAssetsDetailsTable" use="optional" order="10.0" xbrldt:closed="true" xbrldt:contextElement="scenario"/>
    <link:definitionArc xlink:type="arc" xlink:arcrole="http://xbrl.org/int/dim/arcrole/domain-member" xlink:from="PriceRiskOfOverseasFixedIncomeInvestmentAssetsEmergingMarketsBondHeldByLookThroughMethodDetailsAbstract" xlink:to="PriceRiskOfOverseasFixedIncomeInvestmentAssetsDetailsLineItems" xlink:title="definition: PriceRiskOfOverseasFixedIncomeInvestmentAssetsEmergingMarketsBondHeldByLookThroughMethodDetailsAbstract to PriceRiskOfOverseasFixedIncomeInvestmentAssetsDetailsLineItems" use="optional" order="20.0"/>
  </link:definitionLink>
</link:linkbase>
