<?xml version="1.0" encoding="UTF-8"?>

<!--
	Taxonomy: 2015-12-31 (Final)
	**********************
	Copyright © 2015 China Insurance Regulatory Commission.
	All rights reserved.  No part of this publication may be translated, reprinted or reproduced
	or utilised in any form either in whole or in part without prior permission in writing from China Insurance Regulatory Commission.
	  **********************
	-->
<link:linkbase xmlns:xsi="http://www.w3.org/2001/XMLSchema-instance" xsi:schemaLocation="http://www.xbrl.org/2003/linkbase http://www.xbrl.org/2003/xbrl-linkbase-2003-12-31.xsd" xmlns:c-ross="http://xbrl.circ.gov.cn/taxonomy/2015-12-31/c-ross" xmlns:link="http://www.xbrl.org/2003/linkbase" xmlns:q_s_pc_entry_point="http://xbrl.circ.gov.cn/taxonomy/2015-12-31/c-ross/q_s_pc_entry_point" xmlns:xlink="http://www.w3.org/1999/xlink" xmlns:xbrli="http://www.xbrl.org/2003/instance" xmlns:xbrldt="http://xbrl.org/2005/xbrldt">
  <link:roleRef roleURI="http://xbrl.circ.gov.cn/role/c-ross_2015-12-31_role-3161900a" xlink:type="simple" xlink:href="rol_c-ross_7_2015-12-31.xsd#c-ross_2015-12-31-3161900a"/>
  <link:arcroleRef arcroleURI="http://xbrl.org/int/dim/arcrole/all" xlink:type="simple" xlink:href="http://www.xbrl.org/2005/xbrldt-2005.xsd#all"/>
  <link:arcroleRef arcroleURI="http://xbrl.org/int/dim/arcrole/domain-member" xlink:type="simple" xlink:href="http://www.xbrl.org/2005/xbrldt-2005.xsd#domain-member"/>
  <link:arcroleRef arcroleURI="http://xbrl.org/int/dim/arcrole/hypercube-dimension" xlink:type="simple" xlink:href="http://www.xbrl.org/2005/xbrldt-2005.xsd#hypercube-dimension"/>
  <link:definitionLink xlink:type="extended" xlink:role="http://xbrl.circ.gov.cn/role/c-ross_2015-12-31_role-3161900a">
    <link:loc xlink:type="locator" xlink:href="../../c-ross_core_2015-12-31.xsd#c-ross_EquityPriceRiskShortPositionOfStockIndexFuturesOutOfEffectivenessDetailsAbstract" xlink:label="EquityPriceRiskShortPositionOfStockIndexFuturesOutOfEffectivenessDetailsAbstract" xlink:title="EquityPriceRiskShortPositionOfStockIndexFuturesOutOfEffectivenessDetailsAbstract"/>
    <link:loc xlink:type="locator" xlink:href="../../c-ross_core_2015-12-31.xsd#c-ross_EquityPriceRiskShortPositionOfStockIndexFuturesOutOfEffectivenessTable" xlink:label="EquityPriceRiskShortPositionOfStockIndexFuturesOutOfEffectivenessTable" xlink:title="EquityPriceRiskShortPositionOfStockIndexFuturesOutOfEffectivenessTable"/>
    <link:definitionArc xlink:type="arc" xlink:arcrole="http://xbrl.org/int/dim/arcrole/all" xlink:from="EquityPriceRiskShortPositionOfStockIndexFuturesOutOfEffectivenessDetailsAbstract" xlink:to="EquityPriceRiskShortPositionOfStockIndexFuturesOutOfEffectivenessTable" xlink:title="definition: EquityPriceRiskShortPositionOfStockIndexFuturesOutOfEffectivenessDetailsAbstract to EquityPriceRiskShortPositionOfStockIndexFuturesOutOfEffectivenessTable" use="optional" order="10.0" xbrldt:closed="true" xbrldt:contextElement="scenario"/>
    <link:loc xlink:type="locator" xlink:href="../../c-ross_core_2015-12-31.xsd#c-ross_EquityPriceRiskShortPositionOfStockIndexFuturesOutOfEffectivenessLineNumberAxis" xlink:label="EquityPriceRiskShortPositionOfStockIndexFuturesOutOfEffectivenessLineNumberAxis" xlink:title="EquityPriceRiskShortPositionOfStockIndexFuturesOutOfEffectivenessLineNumberAxis"/>
    <link:definitionArc xlink:type="arc" xlink:arcrole="http://xbrl.org/int/dim/arcrole/hypercube-dimension" xlink:from="EquityPriceRiskShortPositionOfStockIndexFuturesOutOfEffectivenessTable" xlink:to="EquityPriceRiskShortPositionOfStockIndexFuturesOutOfEffectivenessLineNumberAxis" xlink:title="definition: EquityPriceRiskShortPositionOfStockIndexFuturesOutOfEffectivenessTable to EquityPriceRiskShortPositionOfStockIndexFuturesOutOfEffectivenessLineNumberAxis" use="optional" order="10.0"/>
    <link:loc xlink:type="locator" xlink:href="../../c-ross_core_2015-12-31.xsd#c-ross_EquityPriceRiskShortPositionOfStockIndexFuturesOutOfEffectivenessLineItems" xlink:label="EquityPriceRiskShortPositionOfStockIndexFuturesOutOfEffectivenessLineItems" xlink:title="EquityPriceRiskShortPositionOfStockIndexFuturesOutOfEffectivenessLineItems"/>
    <link:definitionArc xlink:type="arc" xlink:arcrole="http://xbrl.org/int/dim/arcrole/domain-member" xlink:from="EquityPriceRiskShortPositionOfStockIndexFuturesOutOfEffectivenessDetailsAbstract" xlink:to="EquityPriceRiskShortPositionOfStockIndexFuturesOutOfEffectivenessLineItems" xlink:title="definition: EquityPriceRiskShortPositionOfStockIndexFuturesOutOfEffectivenessDetailsAbstract to EquityPriceRiskShortPositionOfStockIndexFuturesOutOfEffectivenessLineItems" use="optional" order="20.0"/>
    <link:loc xlink:type="locator" xlink:href="../../c-ross_core_2015-12-31.xsd#c-ross_EquityPriceRiskShortPositionOfStockIndexFuturesOutOfEffectivenessContractName" xlink:label="EquityPriceRiskShortPositionOfStockIndexFuturesOutOfEffectivenessContractName" xlink:title="EquityPriceRiskShortPositionOfStockIndexFuturesOutOfEffectivenessContractName"/>
    <link:definitionArc xlink:type="arc" xlink:arcrole="http://xbrl.org/int/dim/arcrole/domain-member" xlink:from="EquityPriceRiskShortPositionOfStockIndexFuturesOutOfEffectivenessLineItems" xlink:to="EquityPriceRiskShortPositionOfStockIndexFuturesOutOfEffectivenessContractName" xlink:title="definition: EquityPriceRiskShortPositionOfStockIndexFuturesOutOfEffectivenessLineItems to EquityPriceRiskShortPositionOfStockIndexFuturesOutOfEffectivenessContractName" use="optional" order="10.0"/>
    <link:loc xlink:type="locator" xlink:href="../../c-ross_core_2015-12-31.xsd#c-ross_EquityPriceRiskShortPositionOfStockIndexFuturesOutOfEffectivenessContractualValue" xlink:label="EquityPriceRiskShortPositionOfStockIndexFuturesOutOfEffectivenessContractualValue" xlink:title="EquityPriceRiskShortPositionOfStockIndexFuturesOutOfEffectivenessContractualValue"/>
    <link:definitionArc xlink:type="arc" xlink:arcrole="http://xbrl.org/int/dim/arcrole/domain-member" xlink:from="EquityPriceRiskShortPositionOfStockIndexFuturesOutOfEffectivenessLineItems" xlink:to="EquityPriceRiskShortPositionOfStockIndexFuturesOutOfEffectivenessContractualValue" xlink:title="definition: EquityPriceRiskShortPositionOfStockIndexFuturesOutOfEffectivenessLineItems to EquityPriceRiskShortPositionOfStockIndexFuturesOutOfEffectivenessContractualValue" use="optional" order="20.0"/>
    <link:loc xlink:type="locator" xlink:href="../../c-ross_core_2015-12-31.xsd#c-ross_EquityPriceRiskShortPositionOfStockIndexFuturesOutOfEffectivenessRiskFactor" xlink:label="EquityPriceRiskShortPositionOfStockIndexFuturesOutOfEffectivenessRiskFactor" xlink:title="EquityPriceRiskShortPositionOfStockIndexFuturesOutOfEffectivenessRiskFactor"/>
    <link:definitionArc xlink:type="arc" xlink:arcrole="http://xbrl.org/int/dim/arcrole/domain-member" xlink:from="EquityPriceRiskShortPositionOfStockIndexFuturesOutOfEffectivenessLineItems" xlink:to="EquityPriceRiskShortPositionOfStockIndexFuturesOutOfEffectivenessRiskFactor" xlink:title="definition: EquityPriceRiskShortPositionOfStockIndexFuturesOutOfEffectivenessLineItems to EquityPriceRiskShortPositionOfStockIndexFuturesOutOfEffectivenessRiskFactor" use="optional" order="30.0"/>
    <link:loc xlink:type="locator" xlink:href="../../c-ross_core_2015-12-31.xsd#c-ross_EquityPriceRiskShortPositionOfStockIndexFuturesOutOfEffectivenessMinimumCapital" xlink:label="EquityPriceRiskShortPositionOfStockIndexFuturesOutOfEffectivenessMinimumCapital" xlink:title="EquityPriceRiskShortPositionOfStockIndexFuturesOutOfEffectivenessMinimumCapital"/>
    <link:definitionArc xlink:type="arc" xlink:arcrole="http://xbrl.org/int/dim/arcrole/domain-member" xlink:from="EquityPriceRiskShortPositionOfStockIndexFuturesOutOfEffectivenessLineItems" xlink:to="EquityPriceRiskShortPositionOfStockIndexFuturesOutOfEffectivenessMinimumCapital" xlink:title="definition: EquityPriceRiskShortPositionOfStockIndexFuturesOutOfEffectivenessLineItems to EquityPriceRiskShortPositionOfStockIndexFuturesOutOfEffectivenessMinimumCapital" use="optional" order="40.0"/>
  </link:definitionLink>
</link:linkbase>
