<?xml version="1.0" encoding="UTF-8"?>

<!--
	Taxonomy: 2015-12-31 (Final)
	**********************
	Copyright © 2015 China Insurance Regulatory Commission.
	All rights reserved.  No part of this publication may be translated, reprinted or reproduced
	or utilised in any form either in whole or in part without prior permission in writing from China Insurance Regulatory Commission.
	  **********************
	-->
<link:linkbase xmlns:xsi="http://www.w3.org/2001/XMLSchema-instance" xsi:schemaLocation="http://www.xbrl.org/2003/linkbase http://www.xbrl.org/2003/xbrl-linkbase-2003-12-31.xsd" xmlns:c-ross="http://xbrl.circ.gov.cn/taxonomy/2015-12-31/c-ross" xmlns:link="http://www.xbrl.org/2003/linkbase" xmlns:q_s_pc_entry_point="http://xbrl.circ.gov.cn/taxonomy/2015-12-31/c-ross/q_s_pc_entry_point" xmlns:xlink="http://www.w3.org/1999/xlink" xmlns:xbrli="http://www.xbrl.org/2003/instance" xmlns:xbrldt="http://xbrl.org/2005/xbrldt">
  <link:roleRef roleURI="http://xbrl.circ.gov.cn/role/c-ross_2015-12-31_role-3162600" xlink:type="simple" xlink:href="rol_c-ross_7_2015-12-31.xsd#c-ross_2015-12-31-3162600"/>
  <link:roleRef roleURI="http://xbrl.circ.gov.cn/role/c-ross_2015-12-31_role-3162600a" xlink:type="simple" xlink:href="rol_c-ross_7_2015-12-31.xsd#c-ross_2015-12-31-3162600a"/>
  <link:roleRef roleURI="http://xbrl.circ.gov.cn/role/c-ross_2015-12-31_role-3162600b" xlink:type="simple" xlink:href="rol_c-ross_7_2015-12-31.xsd#c-ross_2015-12-31-3162600b"/>
  <link:roleRef roleURI="http://xbrl.circ.gov.cn/role/c-ross_2015-12-31_role-3162600c" xlink:type="simple" xlink:href="rol_c-ross_7_2015-12-31.xsd#c-ross_2015-12-31-3162600c"/>
  <link:roleRef roleURI="http://xbrl.circ.gov.cn/role/c-ross_2015-12-31_role-3162600d" xlink:type="simple" xlink:href="rol_c-ross_7_2015-12-31.xsd#c-ross_2015-12-31-3162600d"/>
  <link:roleRef roleURI="http://xbrl.circ.gov.cn/role/c-ross_2015-12-31_role-3162600e" xlink:type="simple" xlink:href="rol_c-ross_7_2015-12-31.xsd#c-ross_2015-12-31-3162600e"/>
  <link:roleRef roleURI="http://xbrl.circ.gov.cn/role/c-ross_2015-12-31_role-3162600f" xlink:type="simple" xlink:href="rol_c-ross_7_2015-12-31.xsd#c-ross_2015-12-31-3162600f"/>
  <link:arcroleRef arcroleURI="http://xbrl.org/int/dim/arcrole/all" xlink:type="simple" xlink:href="http://www.xbrl.org/2005/xbrldt-2005.xsd#all"/>
  <link:arcroleRef arcroleURI="http://xbrl.org/int/dim/arcrole/dimension-default" xlink:type="simple" xlink:href="http://www.xbrl.org/2005/xbrldt-2005.xsd#dimension-default"/>
  <link:arcroleRef arcroleURI="http://xbrl.org/int/dim/arcrole/dimension-domain" xlink:type="simple" xlink:href="http://www.xbrl.org/2005/xbrldt-2005.xsd#dimension-domain"/>
  <link:arcroleRef arcroleURI="http://xbrl.org/int/dim/arcrole/domain-member" xlink:type="simple" xlink:href="http://www.xbrl.org/2005/xbrldt-2005.xsd#domain-member"/>
  <link:arcroleRef arcroleURI="http://xbrl.org/int/dim/arcrole/hypercube-dimension" xlink:type="simple" xlink:href="http://www.xbrl.org/2005/xbrldt-2005.xsd#hypercube-dimension"/>
  <link:arcroleRef arcroleURI="http://xbrl.org/int/dim/arcrole/notAll" xlink:type="simple" xlink:href="http://www.xbrl.org/2005/xbrldt-2005.xsd#notAll"/>
  <link:definitionLink xlink:type="extended" xlink:role="http://xbrl.circ.gov.cn/role/c-ross_2015-12-31_role-3162600e">
    <link:loc xlink:type="locator" xlink:href="../../c-ross_core_2015-12-31.xsd#c-ross_TypesOfAssetsHeldMember" xlink:label="TypesOfAssetsHeldMember" xlink:title="TypesOfAssetsHeldMember"/>
    <link:loc xlink:type="locator" xlink:href="../../c-ross_core_2015-12-31.xsd#c-ross_HeldByCompanyDirectlyMember" xlink:label="HeldByCompanyDirectlyMember" xlink:title="HeldByCompanyDirectlyMember"/>
    <link:definitionArc xlink:type="arc" xlink:arcrole="http://xbrl.org/int/dim/arcrole/domain-member" xlink:from="TypesOfAssetsHeldMember" xlink:to="HeldByCompanyDirectlyMember" xlink:title="definition: TypesOfAssetsHeldMember to HeldByCompanyDirectlyMember" use="optional" order="10.0"/>
    <link:loc xlink:type="locator" xlink:href="../../c-ross_core_2015-12-31.xsd#c-ross_HeldByLookThroughMethodMember" xlink:label="HeldByLookThroughMethodMember" xlink:title="HeldByLookThroughMethodMember"/>
    <link:definitionArc xlink:type="arc" xlink:arcrole="http://xbrl.org/int/dim/arcrole/domain-member" xlink:from="TypesOfAssetsHeldMember" xlink:to="HeldByLookThroughMethodMember" xlink:title="definition: TypesOfAssetsHeldMember to HeldByLookThroughMethodMember" use="optional" order="20.0"/>
    <link:loc xlink:type="locator" xlink:href="../../c-ross_core_2015-12-31.xsd#c-ross_ExcludedTable" xlink:label="Excluded" xlink:title="Excluded"/>
    <link:loc xlink:type="locator" xlink:href="../../c-ross_core_2015-12-31.xsd#c-ross_OverseasEquityInvestmentAssetsTypesOfMarketAxis" xlink:label="OverseasEquityInvestmentAssetsTypesOfMarketAxis" xlink:title="OverseasEquityInvestmentAssetsTypesOfMarketAxis"/>
    <link:definitionArc xlink:type="arc" xlink:arcrole="http://xbrl.org/int/dim/arcrole/hypercube-dimension" xlink:from="Excluded" xlink:to="OverseasEquityInvestmentAssetsTypesOfMarketAxis" xlink:title="definition: Excluded to OverseasEquityInvestmentAssetsTypesOfMarketAxis" use="optional" order="20.0"/>
    <link:loc xlink:type="locator" xlink:href="../../c-ross_core_2015-12-31.xsd#c-ross_OverseasEquityInvestmentAssetsTypesOfMarketMember" xlink:label="OverseasEquityInvestmentAssetsTypesOfMarketMember" xlink:title="OverseasEquityInvestmentAssetsTypesOfMarketMember"/>
    <link:definitionArc xlink:type="arc" xlink:arcrole="http://xbrl.org/int/dim/arcrole/dimension-domain" xlink:from="OverseasEquityInvestmentAssetsTypesOfMarketAxis" xlink:to="OverseasEquityInvestmentAssetsTypesOfMarketMember" xlink:title="definition: OverseasEquityInvestmentAssetsTypesOfMarketAxis to OverseasEquityInvestmentAssetsTypesOfMarketMember" use="optional" order="10.0"/>
    <link:loc xlink:type="locator" xlink:href="../../c-ross_core_2015-12-31.xsd#c-ross_DevelopedMarketsMember" xlink:label="DevelopedMarketsMember" xlink:title="DevelopedMarketsMember"/>
    <link:definitionArc xlink:type="arc" xlink:arcrole="http://xbrl.org/int/dim/arcrole/domain-member" xlink:from="OverseasEquityInvestmentAssetsTypesOfMarketMember" xlink:to="DevelopedMarketsMember" xlink:title="definition: OverseasEquityInvestmentAssetsTypesOfMarketMember to DevelopedMarketsMember" use="optional" order="10.0"/>
    <link:loc xlink:type="locator" xlink:href="../../c-ross_core_2015-12-31.xsd#c-ross_EmergingMarketsMember" xlink:label="EmergingMarketsMember" xlink:title="EmergingMarketsMember"/>
    <link:definitionArc xlink:type="arc" xlink:arcrole="http://xbrl.org/int/dim/arcrole/domain-member" xlink:from="OverseasEquityInvestmentAssetsTypesOfMarketMember" xlink:to="EmergingMarketsMember" xlink:title="definition: OverseasEquityInvestmentAssetsTypesOfMarketMember to EmergingMarketsMember" use="optional" order="20.0"/>
    <link:loc xlink:type="locator" xlink:href="../../c-ross_core_2015-12-31.xsd#c-ross_TypesOfOverseasEquityInvestmentAssetsHeldAxis" xlink:label="TypesOfOverseasEquityInvestmentAssetsHeldAxis" xlink:title="TypesOfOverseasEquityInvestmentAssetsHeldAxis"/>
    <link:definitionArc xlink:type="arc" xlink:arcrole="http://xbrl.org/int/dim/arcrole/hypercube-dimension" xlink:from="Excluded" xlink:to="TypesOfOverseasEquityInvestmentAssetsHeldAxis" xlink:title="definition: Excluded to TypesOfOverseasEquityInvestmentAssetsHeldAxis" use="optional" order="10.0"/>
    <link:definitionArc xlink:type="arc" xlink:arcrole="http://xbrl.org/int/dim/arcrole/dimension-domain" xlink:from="TypesOfOverseasEquityInvestmentAssetsHeldAxis" xlink:to="TypesOfAssetsHeldMember" xlink:title="definition: TypesOfOverseasEquityInvestmentAssetsHeldAxis to TypesOfAssetsHeldMember" use="optional" order="10.0"/>
  </link:definitionLink>
  <link:definitionLink xlink:type="extended" xlink:role="http://xbrl.circ.gov.cn/role/c-ross_2015-12-31_role-3162600f">
    <link:loc xlink:type="locator" xlink:href="../../c-ross_core_2015-12-31.xsd#c-ross_ExcludedTable" xlink:label="Excluded" xlink:title="Excluded"/>
    <link:loc xlink:type="locator" xlink:href="../../c-ross_core_2015-12-31.xsd#c-ross_OverseasEquityInvestmentAssetsTypesOfMarketAxis" xlink:label="OverseasEquityInvestmentAssetsTypesOfMarketAxis" xlink:title="OverseasEquityInvestmentAssetsTypesOfMarketAxis"/>
    <link:definitionArc xlink:type="arc" xlink:arcrole="http://xbrl.org/int/dim/arcrole/hypercube-dimension" xlink:from="Excluded" xlink:to="OverseasEquityInvestmentAssetsTypesOfMarketAxis" xlink:title="definition: Excluded to OverseasEquityInvestmentAssetsTypesOfMarketAxis" use="optional" order="20.0"/>
    <link:loc xlink:type="locator" xlink:href="../../c-ross_core_2015-12-31.xsd#c-ross_OverseasEquityInvestmentAssetsTypesOfMarketMember" xlink:label="OverseasEquityInvestmentAssetsTypesOfMarketMember" xlink:title="OverseasEquityInvestmentAssetsTypesOfMarketMember"/>
    <link:definitionArc xlink:type="arc" xlink:arcrole="http://xbrl.org/int/dim/arcrole/dimension-domain" xlink:from="OverseasEquityInvestmentAssetsTypesOfMarketAxis" xlink:to="OverseasEquityInvestmentAssetsTypesOfMarketMember" xlink:title="definition: OverseasEquityInvestmentAssetsTypesOfMarketAxis to OverseasEquityInvestmentAssetsTypesOfMarketMember" use="optional" order="10.0"/>
    <link:loc xlink:type="locator" xlink:href="../../c-ross_core_2015-12-31.xsd#c-ross_TypesOfOverseasEquityInvestmentAssetsHeldAxis" xlink:label="TypesOfOverseasEquityInvestmentAssetsHeldAxis" xlink:title="TypesOfOverseasEquityInvestmentAssetsHeldAxis"/>
    <link:definitionArc xlink:type="arc" xlink:arcrole="http://xbrl.org/int/dim/arcrole/hypercube-dimension" xlink:from="Excluded" xlink:to="TypesOfOverseasEquityInvestmentAssetsHeldAxis" xlink:title="definition: Excluded to TypesOfOverseasEquityInvestmentAssetsHeldAxis" use="optional" order="10.0"/>
    <link:loc xlink:type="locator" xlink:href="../../c-ross_core_2015-12-31.xsd#c-ross_HeldByCompanyDirectlyMember" xlink:label="HeldByCompanyDirectlyMember" xlink:title="HeldByCompanyDirectlyMember"/>
    <link:definitionArc xlink:type="arc" xlink:arcrole="http://xbrl.org/int/dim/arcrole/dimension-domain" xlink:from="TypesOfOverseasEquityInvestmentAssetsHeldAxis" xlink:to="HeldByCompanyDirectlyMember" xlink:title="definition: TypesOfOverseasEquityInvestmentAssetsHeldAxis to HeldByCompanyDirectlyMember" use="optional" order="10.0"/>
    <link:loc xlink:type="locator" xlink:href="../../c-ross_core_2015-12-31.xsd#c-ross_HeldByLookThroughMethodMember" xlink:label="HeldByLookThroughMethodMember" xlink:title="HeldByLookThroughMethodMember"/>
    <link:definitionArc xlink:type="arc" xlink:arcrole="http://xbrl.org/int/dim/arcrole/dimension-domain" xlink:from="TypesOfOverseasEquityInvestmentAssetsHeldAxis" xlink:to="HeldByLookThroughMethodMember" xlink:title="definition: TypesOfOverseasEquityInvestmentAssetsHeldAxis to HeldByLookThroughMethodMember" use="optional" order="20.0"/>
  </link:definitionLink>
  <link:definitionLink xlink:type="extended" xlink:role="http://xbrl.circ.gov.cn/role/c-ross_2015-12-31_role-3162600">
    <link:loc xlink:type="locator" xlink:href="../../c-ross_core_2015-12-31.xsd#c-ross_TypesOfAssetsHeldMember" xlink:label="TypesOfAssetsHeldMember" xlink:title="TypesOfAssetsHeldMember"/>
    <link:loc xlink:type="locator" xlink:href="../../c-ross_core_2015-12-31.xsd#c-ross_HeldByCompanyDirectlyMember" xlink:label="HeldByCompanyDirectlyMember" xlink:title="HeldByCompanyDirectlyMember"/>
    <link:definitionArc xlink:type="arc" xlink:arcrole="http://xbrl.org/int/dim/arcrole/domain-member" xlink:from="TypesOfAssetsHeldMember" xlink:to="HeldByCompanyDirectlyMember" xlink:title="definition: TypesOfAssetsHeldMember to HeldByCompanyDirectlyMember" use="optional" order="10.0"/>
    <link:loc xlink:type="locator" xlink:href="../../c-ross_core_2015-12-31.xsd#c-ross_HeldByLookThroughMethodMember" xlink:label="HeldByLookThroughMethodMember" xlink:title="HeldByLookThroughMethodMember"/>
    <link:definitionArc xlink:type="arc" xlink:arcrole="http://xbrl.org/int/dim/arcrole/domain-member" xlink:from="TypesOfAssetsHeldMember" xlink:to="HeldByLookThroughMethodMember" xlink:title="definition: TypesOfAssetsHeldMember to HeldByLookThroughMethodMember" use="optional" order="20.0"/>
    <link:loc xlink:type="locator" xlink:href="../../c-ross_core_2015-12-31.xsd#c-ross_OverseasEquityInvestmentAssetsTypesOfMarketAxis" xlink:label="OverseasEquityInvestmentAssetsTypesOfMarketAxis" xlink:title="OverseasEquityInvestmentAssetsTypesOfMarketAxis"/>
    <link:loc xlink:type="locator" xlink:href="../../c-ross_core_2015-12-31.xsd#c-ross_OverseasEquityInvestmentAssetsTypesOfMarketMember" xlink:label="OverseasEquityInvestmentAssetsTypesOfMarketMember" xlink:title="OverseasEquityInvestmentAssetsTypesOfMarketMember"/>
    <link:definitionArc xlink:type="arc" xlink:arcrole="http://xbrl.org/int/dim/arcrole/dimension-domain" xlink:from="OverseasEquityInvestmentAssetsTypesOfMarketAxis" xlink:to="OverseasEquityInvestmentAssetsTypesOfMarketMember" xlink:title="definition: OverseasEquityInvestmentAssetsTypesOfMarketAxis to OverseasEquityInvestmentAssetsTypesOfMarketMember" use="optional" order="10.0"/>
    <link:loc xlink:type="locator" xlink:href="../../c-ross_core_2015-12-31.xsd#c-ross_OverseasEquityInvestmentAssetsTypesOfMarketMember" xlink:label="OverseasEquityInvestmentAssetsTypesOfMarketMember_2" xlink:title="OverseasEquityInvestmentAssetsTypesOfMarketMember"/>
    <link:definitionArc xlink:type="arc" xlink:arcrole="http://xbrl.org/int/dim/arcrole/dimension-default" xlink:from="OverseasEquityInvestmentAssetsTypesOfMarketAxis" xlink:to="OverseasEquityInvestmentAssetsTypesOfMarketMember_2" xlink:title="definition: OverseasEquityInvestmentAssetsTypesOfMarketAxis to OverseasEquityInvestmentAssetsTypesOfMarketMember" use="optional" order="20.0"/>
    <link:loc xlink:type="locator" xlink:href="../../c-ross_core_2015-12-31.xsd#c-ross_DevelopedMarketsMember" xlink:label="DevelopedMarketsMember" xlink:title="DevelopedMarketsMember"/>
    <link:definitionArc xlink:type="arc" xlink:arcrole="http://xbrl.org/int/dim/arcrole/domain-member" xlink:from="OverseasEquityInvestmentAssetsTypesOfMarketMember" xlink:to="DevelopedMarketsMember" xlink:title="definition: OverseasEquityInvestmentAssetsTypesOfMarketMember to DevelopedMarketsMember" use="optional" order="10.0"/>
    <link:loc xlink:type="locator" xlink:href="../../c-ross_core_2015-12-31.xsd#c-ross_EmergingMarketsMember" xlink:label="EmergingMarketsMember" xlink:title="EmergingMarketsMember"/>
    <link:definitionArc xlink:type="arc" xlink:arcrole="http://xbrl.org/int/dim/arcrole/domain-member" xlink:from="OverseasEquityInvestmentAssetsTypesOfMarketMember" xlink:to="EmergingMarketsMember" xlink:title="definition: OverseasEquityInvestmentAssetsTypesOfMarketMember to EmergingMarketsMember" use="optional" order="20.0"/>
    <link:loc xlink:type="locator" xlink:href="../../c-ross_core_2015-12-31.xsd#c-ross_TypesOfOverseasEquityInvestmentAssetsHeldAxis" xlink:label="TypesOfOverseasEquityInvestmentAssetsHeldAxis" xlink:title="TypesOfOverseasEquityInvestmentAssetsHeldAxis"/>
    <link:definitionArc xlink:type="arc" xlink:arcrole="http://xbrl.org/int/dim/arcrole/dimension-domain" xlink:from="TypesOfOverseasEquityInvestmentAssetsHeldAxis" xlink:to="TypesOfAssetsHeldMember" xlink:title="definition: TypesOfOverseasEquityInvestmentAssetsHeldAxis to TypesOfAssetsHeldMember" use="optional" order="10.0"/>
    <link:loc xlink:type="locator" xlink:href="../../c-ross_core_2015-12-31.xsd#c-ross_TypesOfAssetsHeldMember" xlink:label="TypesOfAssetsHeldMember_2" xlink:title="TypesOfAssetsHeldMember"/>
    <link:definitionArc xlink:type="arc" xlink:arcrole="http://xbrl.org/int/dim/arcrole/dimension-default" xlink:from="TypesOfOverseasEquityInvestmentAssetsHeldAxis" xlink:to="TypesOfAssetsHeldMember_2" xlink:title="definition: TypesOfOverseasEquityInvestmentAssetsHeldAxis to TypesOfAssetsHeldMember" use="optional" order="20.0"/>
    <link:loc xlink:type="locator" xlink:href="../../c-ross_core_2015-12-31.xsd#c-ross_PriceRiskOfOverseasEquityInvestmentAssetsDetailsAbstract" xlink:label="PriceRiskOfOverseasEquityInvestmentAssetsDetailsAbstract" xlink:title="PriceRiskOfOverseasEquityInvestmentAssetsDetailsAbstract"/>
    <link:loc xlink:type="locator" xlink:href="../../c-ross_core_2015-12-31.xsd#c-ross_PriceRiskOfOverseasEquityInvestmentAssetsDetailsTable" xlink:label="PriceRiskOfOverseasEquityInvestmentAssetsDetailsTable" xlink:title="PriceRiskOfOverseasEquityInvestmentAssetsDetailsTable"/>
    <link:definitionArc xlink:type="arc" xlink:arcrole="http://xbrl.org/int/dim/arcrole/all" xlink:from="PriceRiskOfOverseasEquityInvestmentAssetsDetailsAbstract" xlink:to="PriceRiskOfOverseasEquityInvestmentAssetsDetailsTable" xlink:title="definition: PriceRiskOfOverseasEquityInvestmentAssetsDetailsAbstract to PriceRiskOfOverseasEquityInvestmentAssetsDetailsTable" use="optional" order="10.0" xbrldt:closed="true" xbrldt:contextElement="scenario"/>
    <link:definitionArc xlink:type="arc" xlink:arcrole="http://xbrl.org/int/dim/arcrole/hypercube-dimension" xlink:from="PriceRiskOfOverseasEquityInvestmentAssetsDetailsTable" xlink:to="TypesOfOverseasEquityInvestmentAssetsHeldAxis" xlink:title="definition: PriceRiskOfOverseasEquityInvestmentAssetsDetailsTable to TypesOfOverseasEquityInvestmentAssetsHeldAxis" use="optional" order="10.0"/>
    <link:definitionArc xlink:type="arc" xlink:arcrole="http://xbrl.org/int/dim/arcrole/hypercube-dimension" xlink:from="PriceRiskOfOverseasEquityInvestmentAssetsDetailsTable" xlink:to="OverseasEquityInvestmentAssetsTypesOfMarketAxis" xlink:title="definition: PriceRiskOfOverseasEquityInvestmentAssetsDetailsTable to OverseasEquityInvestmentAssetsTypesOfMarketAxis" use="optional" order="20.0"/>
    <link:loc xlink:type="locator" xlink:href="../../c-ross_core_2015-12-31.xsd#c-ross_PriceRiskOfOverseasEquityInvestmentAssetsDetailsLineItems" xlink:label="PriceRiskOfOverseasEquityInvestmentAssetsDetailsLineItems" xlink:title="PriceRiskOfOverseasEquityInvestmentAssetsDetailsLineItems"/>
    <link:definitionArc xlink:type="arc" xlink:arcrole="http://xbrl.org/int/dim/arcrole/domain-member" xlink:from="PriceRiskOfOverseasEquityInvestmentAssetsDetailsAbstract" xlink:to="PriceRiskOfOverseasEquityInvestmentAssetsDetailsLineItems" xlink:title="definition: PriceRiskOfOverseasEquityInvestmentAssetsDetailsAbstract to PriceRiskOfOverseasEquityInvestmentAssetsDetailsLineItems" use="optional" order="20.0"/>
    <link:loc xlink:type="locator" xlink:href="../../c-ross_core_2015-12-31.xsd#c-ross_OverseasAssetPriceRiskOverseasEquityInvestmentAssetsAssetName" xlink:label="PriceRiskNameOfOverseasEquityInvestmentAssets" xlink:title="PriceRiskNameOfOverseasEquityInvestmentAssets"/>
    <link:definitionArc xlink:type="arc" xlink:arcrole="http://xbrl.org/int/dim/arcrole/domain-member" xlink:from="PriceRiskOfOverseasEquityInvestmentAssetsDetailsLineItems" xlink:to="PriceRiskNameOfOverseasEquityInvestmentAssets" xlink:title="definition: PriceRiskOfOverseasEquityInvestmentAssetsDetailsLineItems to PriceRiskNameOfOverseasEquityInvestmentAssets" use="optional" order="10.0"/>
    <link:loc xlink:type="locator" xlink:href="../../c-ross_core_2015-12-31.xsd#c-ross_ExcludedTable" xlink:label="Excluded" xlink:title="Excluded"/>
    <link:definitionArc xlink:type="arc" xlink:arcrole="http://xbrl.org/int/dim/arcrole/notAll" xlink:from="PriceRiskNameOfOverseasEquityInvestmentAssets" xlink:to="Excluded" xlink:title="definition: PriceRiskNameOfOverseasEquityInvestmentAssets to Excluded" use="optional" order="10.0" xbrldt:contextElement="scenario" xbrldt:targetRole="http://xbrl.circ.gov.cn/role/c-ross_2015-12-31_role-3162600e"/>
    <link:loc xlink:type="locator" xlink:href="../../c-ross_core_2015-12-31.xsd#c-ross_OverseasAssetPriceRiskOverseasEquityInvestmentAssetsAssetsCode" xlink:label="PriceRiskOverseasEquityInvestmentAssetsAssetCode" xlink:title="PriceRiskOverseasEquityInvestmentAssetsAssetCode"/>
    <link:definitionArc xlink:type="arc" xlink:arcrole="http://xbrl.org/int/dim/arcrole/domain-member" xlink:from="PriceRiskOfOverseasEquityInvestmentAssetsDetailsLineItems" xlink:to="PriceRiskOverseasEquityInvestmentAssetsAssetCode" xlink:title="definition: PriceRiskOfOverseasEquityInvestmentAssetsDetailsLineItems to PriceRiskOverseasEquityInvestmentAssetsAssetCode" use="optional" order="20.0"/>
    <link:definitionArc xlink:type="arc" xlink:arcrole="http://xbrl.org/int/dim/arcrole/notAll" xlink:from="PriceRiskOverseasEquityInvestmentAssetsAssetCode" xlink:to="Excluded" xlink:title="definition: PriceRiskOverseasEquityInvestmentAssetsAssetCode to Excluded" order="10.0" xbrldt:contextElement="scenario" xbrldt:targetRole="http://xbrl.circ.gov.cn/role/c-ross_2015-12-31_role-3162600e"/>
    <link:loc xlink:type="locator" xlink:href="../../c-ross_core_2015-12-31.xsd#c-ross_OverseasAssetPriceRiskOverseasEquityInvestmentAssetsHoldingNumber" xlink:label="PriceRiskOverseasEquityInvestmentAssetsHoldingNumber" xlink:title="PriceRiskOverseasEquityInvestmentAssetsHoldingNumber"/>
    <link:definitionArc xlink:type="arc" xlink:arcrole="http://xbrl.org/int/dim/arcrole/domain-member" xlink:from="PriceRiskOfOverseasEquityInvestmentAssetsDetailsLineItems" xlink:to="PriceRiskOverseasEquityInvestmentAssetsHoldingNumber" xlink:title="definition: PriceRiskOfOverseasEquityInvestmentAssetsDetailsLineItems to PriceRiskOverseasEquityInvestmentAssetsHoldingNumber" use="optional" order="30.0"/>
    <link:definitionArc xlink:type="arc" xlink:arcrole="http://xbrl.org/int/dim/arcrole/notAll" xlink:from="PriceRiskOverseasEquityInvestmentAssetsHoldingNumber" xlink:to="Excluded" xlink:title="definition: PriceRiskOverseasEquityInvestmentAssetsHoldingNumber to Excluded" use="optional" order="10.0" xbrldt:contextElement="scenario" xbrldt:targetRole="http://xbrl.circ.gov.cn/role/c-ross_2015-12-31_role-3162600e"/>
    <link:loc xlink:type="locator" xlink:href="../../c-ross_core_2015-12-31.xsd#c-ross_OverseasAssetPriceRiskOverseasEquityInvestmentAssetsPurchaseCost" xlink:label="PriceRiskOverseasEquityInvestmentAssetsHoldingCost" xlink:title="PriceRiskOverseasEquityInvestmentAssetsHoldingCost"/>
    <link:definitionArc xlink:type="arc" xlink:arcrole="http://xbrl.org/int/dim/arcrole/domain-member" xlink:from="PriceRiskOfOverseasEquityInvestmentAssetsDetailsLineItems" xlink:to="PriceRiskOverseasEquityInvestmentAssetsHoldingCost" xlink:title="definition: PriceRiskOfOverseasEquityInvestmentAssetsDetailsLineItems to PriceRiskOverseasEquityInvestmentAssetsHoldingCost" use="optional" order="40.0"/>
    <link:loc xlink:type="locator" xlink:href="../../c-ross_core_2015-12-31.xsd#c-ross_OverseasAssetPriceRiskOverseasEquityInvestmentAssetsAdmittedValue" xlink:label="PriceRiskOverseasEquityInvestmentAssetsAdmittedValue" xlink:title="PriceRiskOverseasEquityInvestmentAssetsAdmittedValue"/>
    <link:definitionArc xlink:type="arc" xlink:arcrole="http://xbrl.org/int/dim/arcrole/domain-member" xlink:from="PriceRiskOfOverseasEquityInvestmentAssetsDetailsLineItems" xlink:to="PriceRiskOverseasEquityInvestmentAssetsAdmittedValue" xlink:title="definition: PriceRiskOfOverseasEquityInvestmentAssetsDetailsLineItems to PriceRiskOverseasEquityInvestmentAssetsAdmittedValue" use="optional" order="50.0"/>
    <link:loc xlink:type="locator" xlink:href="../../c-ross_core_2015-12-31.xsd#c-ross_OverseasAssetPriceRiskOverseasEquityInvestmentAssetsRiskExposure" xlink:label="PriceRiskOverseasEquityInvestmentAssetsRiskExposure" xlink:title="PriceRiskOverseasEquityInvestmentAssetsRiskExposure"/>
    <link:definitionArc xlink:type="arc" xlink:arcrole="http://xbrl.org/int/dim/arcrole/domain-member" xlink:from="PriceRiskOfOverseasEquityInvestmentAssetsDetailsLineItems" xlink:to="PriceRiskOverseasEquityInvestmentAssetsRiskExposure" xlink:title="definition: PriceRiskOfOverseasEquityInvestmentAssetsDetailsLineItems to PriceRiskOverseasEquityInvestmentAssetsRiskExposure" use="optional" order="60.0"/>
    <link:loc xlink:type="locator" xlink:href="../../c-ross_core_2015-12-31.xsd#c-ross_OverseasAssetPriceRiskOverseasEquityInvestmentAssetsBaseRiskFactor" xlink:label="PriceRiskOverseasEquityInvestmentAssetsBaseRiskFactor" xlink:title="PriceRiskOverseasEquityInvestmentAssetsBaseRiskFactor"/>
    <link:definitionArc xlink:type="arc" xlink:arcrole="http://xbrl.org/int/dim/arcrole/domain-member" xlink:from="PriceRiskOfOverseasEquityInvestmentAssetsDetailsLineItems" xlink:to="PriceRiskOverseasEquityInvestmentAssetsBaseRiskFactor" xlink:title="definition: PriceRiskOfOverseasEquityInvestmentAssetsDetailsLineItems to PriceRiskOverseasEquityInvestmentAssetsBaseRiskFactor" use="optional" order="70.0"/>
    <link:definitionArc xlink:type="arc" xlink:arcrole="http://xbrl.org/int/dim/arcrole/notAll" xlink:from="PriceRiskOverseasEquityInvestmentAssetsBaseRiskFactor" xlink:to="Excluded" xlink:title="definition: PriceRiskOverseasEquityInvestmentAssetsBaseRiskFactor to Excluded" use="optional" order="10.0" xbrldt:contextElement="scenario" xbrldt:targetRole="http://xbrl.circ.gov.cn/role/c-ross_2015-12-31_role-3162600e"/>
    <link:loc xlink:type="locator" xlink:href="../../c-ross_core_2015-12-31.xsd#c-ross_MarketRiskMinimumCapitalForOverseasEquityInvestmentAssetsPriceRisk" xlink:label="MarketRiskMinimumCapitalForOverseasEquityInvestmentAssetsPriceRisk" xlink:title="MarketRiskMinimumCapitalForOverseasEquityInvestmentAssetsPriceRisk"/>
    <link:definitionArc xlink:type="arc" xlink:arcrole="http://xbrl.org/int/dim/arcrole/domain-member" xlink:from="PriceRiskOfOverseasEquityInvestmentAssetsDetailsLineItems" xlink:to="MarketRiskMinimumCapitalForOverseasEquityInvestmentAssetsPriceRisk" xlink:title="definition: PriceRiskOfOverseasEquityInvestmentAssetsDetailsLineItems to MarketRiskMinimumCapitalForOverseasEquityInvestmentAssetsPriceRisk" use="optional" order="80.0"/>
    <link:definitionArc xlink:type="arc" xlink:arcrole="http://xbrl.org/int/dim/arcrole/notAll" xlink:from="MarketRiskMinimumCapitalForOverseasEquityInvestmentAssetsPriceRisk" xlink:to="Excluded" xlink:title="definition: MarketRiskMinimumCapitalForOverseasEquityInvestmentAssetsPriceRisk to Excluded" use="optional" order="10.0" xbrldt:contextElement="scenario" xbrldt:targetRole="http://xbrl.circ.gov.cn/role/c-ross_2015-12-31_role-3162600f"/>
  </link:definitionLink>
  <link:definitionLink xlink:type="extended" xlink:role="http://xbrl.circ.gov.cn/role/c-ross_2015-12-31_role-3162600a">
    <link:loc xlink:type="locator" xlink:href="../../c-ross_core_2015-12-31.xsd#c-ross_TypesOfAssetsHeldMember" xlink:label="TypesOfAssetsHeldMember" xlink:title="TypesOfAssetsHeldMember"/>
    <link:loc xlink:type="locator" xlink:href="../../c-ross_core_2015-12-31.xsd#c-ross_HeldByCompanyDirectlyMember" xlink:label="HeldByCompanyDirectlyMember" xlink:title="HeldByCompanyDirectlyMember"/>
    <link:definitionArc xlink:type="arc" xlink:arcrole="http://xbrl.org/int/dim/arcrole/domain-member" xlink:from="TypesOfAssetsHeldMember" xlink:to="HeldByCompanyDirectlyMember" xlink:title="definition: TypesOfAssetsHeldMember to HeldByCompanyDirectlyMember" use="optional" order="10.0"/>
    <link:loc xlink:type="locator" xlink:href="../../c-ross_core_2015-12-31.xsd#c-ross_OverseasEquityInvestmentAssetsTypesOfMarketAxis" xlink:label="OverseasEquityInvestmentAssetsTypesOfMarketAxis" xlink:title="OverseasEquityInvestmentAssetsTypesOfMarketAxis"/>
    <link:loc xlink:type="locator" xlink:href="../../c-ross_core_2015-12-31.xsd#c-ross_OverseasEquityInvestmentAssetsTypesOfMarketMember" xlink:label="OverseasEquityInvestmentAssetsTypesOfMarketMember" xlink:title="OverseasEquityInvestmentAssetsTypesOfMarketMember"/>
    <link:definitionArc xlink:type="arc" xlink:arcrole="http://xbrl.org/int/dim/arcrole/dimension-domain" xlink:from="OverseasEquityInvestmentAssetsTypesOfMarketAxis" xlink:to="OverseasEquityInvestmentAssetsTypesOfMarketMember" xlink:title="definition: OverseasEquityInvestmentAssetsTypesOfMarketAxis to OverseasEquityInvestmentAssetsTypesOfMarketMember" use="optional" order="10.0"/>
    <link:loc xlink:type="locator" xlink:href="../../c-ross_core_2015-12-31.xsd#c-ross_DevelopedMarketsMember" xlink:label="DevelopedMarketsMember" xlink:title="DevelopedMarketsMember"/>
    <link:definitionArc xlink:type="arc" xlink:arcrole="http://xbrl.org/int/dim/arcrole/domain-member" xlink:from="OverseasEquityInvestmentAssetsTypesOfMarketMember" xlink:to="DevelopedMarketsMember" xlink:title="definition: OverseasEquityInvestmentAssetsTypesOfMarketMember to DevelopedMarketsMember" use="optional" order="10.0"/>
    <link:loc xlink:type="locator" xlink:href="../../c-ross_core_2015-12-31.xsd#c-ross_TypesOfOverseasEquityInvestmentAssetsHeldAxis" xlink:label="TypesOfOverseasEquityInvestmentAssetsHeldAxis" xlink:title="TypesOfOverseasEquityInvestmentAssetsHeldAxis"/>
    <link:definitionArc xlink:type="arc" xlink:arcrole="http://xbrl.org/int/dim/arcrole/dimension-domain" xlink:from="TypesOfOverseasEquityInvestmentAssetsHeldAxis" xlink:to="TypesOfAssetsHeldMember" xlink:title="definition: TypesOfOverseasEquityInvestmentAssetsHeldAxis to TypesOfAssetsHeldMember" use="optional" order="10.0"/>
    <link:loc xlink:type="locator" xlink:href="../../c-ross_core_2015-12-31.xsd#c-ross_PriceRiskOfOverseasEquityInvestmentAssetsDetailsTable" xlink:label="PriceRiskOfOverseasEquityInvestmentAssetsDetailsTable" xlink:title="PriceRiskOfOverseasEquityInvestmentAssetsDetailsTable"/>
    <link:definitionArc xlink:type="arc" xlink:arcrole="http://xbrl.org/int/dim/arcrole/hypercube-dimension" xlink:from="PriceRiskOfOverseasEquityInvestmentAssetsDetailsTable" xlink:to="TypesOfOverseasEquityInvestmentAssetsHeldAxis" xlink:title="definition: PriceRiskOfOverseasEquityInvestmentAssetsDetailsTable to TypesOfOverseasEquityInvestmentAssetsHeldAxis" use="optional" order="10.0"/>
    <link:definitionArc xlink:type="arc" xlink:arcrole="http://xbrl.org/int/dim/arcrole/hypercube-dimension" xlink:from="PriceRiskOfOverseasEquityInvestmentAssetsDetailsTable" xlink:to="OverseasEquityInvestmentAssetsTypesOfMarketAxis" xlink:title="definition: PriceRiskOfOverseasEquityInvestmentAssetsDetailsTable to OverseasEquityInvestmentAssetsTypesOfMarketAxis" use="optional" order="20.0"/>
    <link:loc xlink:type="locator" xlink:href="../../c-ross_core_2015-12-31.xsd#c-ross_OverseasAssetPriceRiskOverseasEquityInvestmentAssetsDevelopedMarketsHeldByCompanyDirectlyLineNumberAxis" xlink:label="PriceRiskOverseasEquityInvestmentAssetsDevelopedMarketsFixedIncomeSecuritiesHeldByCompanyDirectlyLineNumberAxis" xlink:title="PriceRiskOverseasEquityInvestmentAssetsDevelopedMarketsFixedIncomeSecuritiesHeldByCompanyDirectlyLineNumberAxis"/>
    <link:definitionArc xlink:type="arc" xlink:arcrole="http://xbrl.org/int/dim/arcrole/hypercube-dimension" xlink:from="PriceRiskOfOverseasEquityInvestmentAssetsDetailsTable" xlink:to="PriceRiskOverseasEquityInvestmentAssetsDevelopedMarketsFixedIncomeSecuritiesHeldByCompanyDirectlyLineNumberAxis" xlink:title="definition: PriceRiskOfOverseasEquityInvestmentAssetsDetailsTable to PriceRiskOverseasEquityInvestmentAssetsDevelopedMarketsFixedIncomeSecuritiesHeldByCompanyDirectlyLineNumberAxis" use="optional" order="30.0"/>
    <link:loc xlink:type="locator" xlink:href="../../c-ross_core_2015-12-31.xsd#c-ross_PriceRiskOfOverseasEquityInvestmentAssetsDetailsLineItems" xlink:label="PriceRiskOfOverseasEquityInvestmentAssetsDetailsLineItems" xlink:title="PriceRiskOfOverseasEquityInvestmentAssetsDetailsLineItems"/>
    <link:loc xlink:type="locator" xlink:href="../../c-ross_core_2015-12-31.xsd#c-ross_OverseasAssetPriceRiskOverseasEquityInvestmentAssetsAssetName" xlink:label="PriceRiskNameOfOverseasEquityInvestmentAssets" xlink:title="PriceRiskNameOfOverseasEquityInvestmentAssets"/>
    <link:definitionArc xlink:type="arc" xlink:arcrole="http://xbrl.org/int/dim/arcrole/domain-member" xlink:from="PriceRiskOfOverseasEquityInvestmentAssetsDetailsLineItems" xlink:to="PriceRiskNameOfOverseasEquityInvestmentAssets" xlink:title="definition: PriceRiskOfOverseasEquityInvestmentAssetsDetailsLineItems to PriceRiskNameOfOverseasEquityInvestmentAssets" use="optional" order="10.0"/>
    <link:loc xlink:type="locator" xlink:href="../../c-ross_core_2015-12-31.xsd#c-ross_OverseasAssetPriceRiskOverseasEquityInvestmentAssetsAssetsCode" xlink:label="PriceRiskOverseasEquityInvestmentAssetsAssetCode" xlink:title="PriceRiskOverseasEquityInvestmentAssetsAssetCode"/>
    <link:definitionArc xlink:type="arc" xlink:arcrole="http://xbrl.org/int/dim/arcrole/domain-member" xlink:from="PriceRiskOfOverseasEquityInvestmentAssetsDetailsLineItems" xlink:to="PriceRiskOverseasEquityInvestmentAssetsAssetCode" xlink:title="definition: PriceRiskOfOverseasEquityInvestmentAssetsDetailsLineItems to PriceRiskOverseasEquityInvestmentAssetsAssetCode" use="optional" order="20.0"/>
    <link:loc xlink:type="locator" xlink:href="../../c-ross_core_2015-12-31.xsd#c-ross_OverseasAssetPriceRiskOverseasEquityInvestmentAssetsHoldingNumber" xlink:label="PriceRiskOverseasEquityInvestmentAssetsHoldingNumber" xlink:title="PriceRiskOverseasEquityInvestmentAssetsHoldingNumber"/>
    <link:definitionArc xlink:type="arc" xlink:arcrole="http://xbrl.org/int/dim/arcrole/domain-member" xlink:from="PriceRiskOfOverseasEquityInvestmentAssetsDetailsLineItems" xlink:to="PriceRiskOverseasEquityInvestmentAssetsHoldingNumber" xlink:title="definition: PriceRiskOfOverseasEquityInvestmentAssetsDetailsLineItems to PriceRiskOverseasEquityInvestmentAssetsHoldingNumber" use="optional" order="30.0"/>
    <link:loc xlink:type="locator" xlink:href="../../c-ross_core_2015-12-31.xsd#c-ross_OverseasAssetPriceRiskOverseasEquityInvestmentAssetsPurchaseCost" xlink:label="PriceRiskOverseasEquityInvestmentAssetsHoldingCost" xlink:title="PriceRiskOverseasEquityInvestmentAssetsHoldingCost"/>
    <link:definitionArc xlink:type="arc" xlink:arcrole="http://xbrl.org/int/dim/arcrole/domain-member" xlink:from="PriceRiskOfOverseasEquityInvestmentAssetsDetailsLineItems" xlink:to="PriceRiskOverseasEquityInvestmentAssetsHoldingCost" xlink:title="definition: PriceRiskOfOverseasEquityInvestmentAssetsDetailsLineItems to PriceRiskOverseasEquityInvestmentAssetsHoldingCost" use="optional" order="40.0"/>
    <link:loc xlink:type="locator" xlink:href="../../c-ross_core_2015-12-31.xsd#c-ross_OverseasAssetPriceRiskOverseasEquityInvestmentAssetsAdmittedValue" xlink:label="PriceRiskOverseasEquityInvestmentAssetsAdmittedValue" xlink:title="PriceRiskOverseasEquityInvestmentAssetsAdmittedValue"/>
    <link:definitionArc xlink:type="arc" xlink:arcrole="http://xbrl.org/int/dim/arcrole/domain-member" xlink:from="PriceRiskOfOverseasEquityInvestmentAssetsDetailsLineItems" xlink:to="PriceRiskOverseasEquityInvestmentAssetsAdmittedValue" xlink:title="definition: PriceRiskOfOverseasEquityInvestmentAssetsDetailsLineItems to PriceRiskOverseasEquityInvestmentAssetsAdmittedValue" use="optional" order="50.0"/>
    <link:loc xlink:type="locator" xlink:href="../../c-ross_core_2015-12-31.xsd#c-ross_OverseasAssetPriceRiskOverseasEquityInvestmentAssetsRiskExposure" xlink:label="PriceRiskOverseasEquityInvestmentAssetsRiskExposure" xlink:title="PriceRiskOverseasEquityInvestmentAssetsRiskExposure"/>
    <link:definitionArc xlink:type="arc" xlink:arcrole="http://xbrl.org/int/dim/arcrole/domain-member" xlink:from="PriceRiskOfOverseasEquityInvestmentAssetsDetailsLineItems" xlink:to="PriceRiskOverseasEquityInvestmentAssetsRiskExposure" xlink:title="definition: PriceRiskOfOverseasEquityInvestmentAssetsDetailsLineItems to PriceRiskOverseasEquityInvestmentAssetsRiskExposure" use="optional" order="60.0"/>
    <link:loc xlink:type="locator" xlink:href="../../c-ross_core_2015-12-31.xsd#c-ross_OverseasAssetPriceRiskOverseasEquityInvestmentAssetsBaseRiskFactor" xlink:label="PriceRiskOverseasEquityInvestmentAssetsBaseRiskFactor" xlink:title="PriceRiskOverseasEquityInvestmentAssetsBaseRiskFactor"/>
    <link:definitionArc xlink:type="arc" xlink:arcrole="http://xbrl.org/int/dim/arcrole/domain-member" xlink:from="PriceRiskOfOverseasEquityInvestmentAssetsDetailsLineItems" xlink:to="PriceRiskOverseasEquityInvestmentAssetsBaseRiskFactor" xlink:title="definition: PriceRiskOfOverseasEquityInvestmentAssetsDetailsLineItems to PriceRiskOverseasEquityInvestmentAssetsBaseRiskFactor" use="optional" order="70.0"/>
    <link:loc xlink:type="locator" xlink:href="../../c-ross_core_2015-12-31.xsd#c-ross_MarketRiskMinimumCapitalForOverseasEquityInvestmentAssetsPriceRisk" xlink:label="MarketRiskMinimumCapitalForOverseasEquityInvestmentAssetsPriceRisk" xlink:title="MarketRiskMinimumCapitalForOverseasEquityInvestmentAssetsPriceRisk"/>
    <link:definitionArc xlink:type="arc" xlink:arcrole="http://xbrl.org/int/dim/arcrole/domain-member" xlink:from="PriceRiskOfOverseasEquityInvestmentAssetsDetailsLineItems" xlink:to="MarketRiskMinimumCapitalForOverseasEquityInvestmentAssetsPriceRisk" xlink:title="definition: PriceRiskOfOverseasEquityInvestmentAssetsDetailsLineItems to MarketRiskMinimumCapitalForOverseasEquityInvestmentAssetsPriceRisk" use="optional" order="80.0"/>
    <link:loc xlink:type="locator" xlink:href="../../c-ross_core_2015-12-31.xsd#c-ross_PriceRiskOfOverseasEquityInvestmentAssetsDevelopedMarketsHeldByCompanyDirectlyDetailsAbstract" xlink:label="PriceRiskOfOverseasEquityInvestmentAssetsDevelopedMarketsBondHeldByCompanyDirectlyDetailsAbstract" xlink:title="PriceRiskOfOverseasEquityInvestmentAssetsDevelopedMarketsBondHeldByCompanyDirectlyDetailsAbstract"/>
    <link:definitionArc xlink:type="arc" xlink:arcrole="http://xbrl.org/int/dim/arcrole/all" xlink:from="PriceRiskOfOverseasEquityInvestmentAssetsDevelopedMarketsBondHeldByCompanyDirectlyDetailsAbstract" xlink:to="PriceRiskOfOverseasEquityInvestmentAssetsDetailsTable" xlink:title="definition: PriceRiskOfOverseasEquityInvestmentAssetsDevelopedMarketsBondHeldByCompanyDirectlyDetailsAbstract to PriceRiskOfOverseasEquityInvestmentAssetsDetailsTable" use="optional" order="10.0" xbrldt:closed="true" xbrldt:contextElement="scenario"/>
    <link:definitionArc xlink:type="arc" xlink:arcrole="http://xbrl.org/int/dim/arcrole/domain-member" xlink:from="PriceRiskOfOverseasEquityInvestmentAssetsDevelopedMarketsBondHeldByCompanyDirectlyDetailsAbstract" xlink:to="PriceRiskOfOverseasEquityInvestmentAssetsDetailsLineItems" xlink:title="definition: PriceRiskOfOverseasEquityInvestmentAssetsDevelopedMarketsBondHeldByCompanyDirectlyDetailsAbstract to PriceRiskOfOverseasEquityInvestmentAssetsDetailsLineItems" use="optional" order="20.0"/>
  </link:definitionLink>
  <link:definitionLink xlink:type="extended" xlink:role="http://xbrl.circ.gov.cn/role/c-ross_2015-12-31_role-3162600b">
    <link:loc xlink:type="locator" xlink:href="../../c-ross_core_2015-12-31.xsd#c-ross_TypesOfAssetsHeldMember" xlink:label="TypesOfAssetsHeldMember" xlink:title="TypesOfAssetsHeldMember"/>
    <link:loc xlink:type="locator" xlink:href="../../c-ross_core_2015-12-31.xsd#c-ross_HeldByCompanyDirectlyMember" xlink:label="HeldByCompanyDirectlyMember" xlink:title="HeldByCompanyDirectlyMember"/>
    <link:definitionArc xlink:type="arc" xlink:arcrole="http://xbrl.org/int/dim/arcrole/domain-member" xlink:from="TypesOfAssetsHeldMember" xlink:to="HeldByCompanyDirectlyMember" xlink:title="definition: TypesOfAssetsHeldMember to HeldByCompanyDirectlyMember" use="optional" order="10.0"/>
    <link:loc xlink:type="locator" xlink:href="../../c-ross_core_2015-12-31.xsd#c-ross_OverseasEquityInvestmentAssetsTypesOfMarketAxis" xlink:label="OverseasEquityInvestmentAssetsTypesOfMarketAxis" xlink:title="OverseasEquityInvestmentAssetsTypesOfMarketAxis"/>
    <link:loc xlink:type="locator" xlink:href="../../c-ross_core_2015-12-31.xsd#c-ross_OverseasEquityInvestmentAssetsTypesOfMarketMember" xlink:label="OverseasEquityInvestmentAssetsTypesOfMarketMember" xlink:title="OverseasEquityInvestmentAssetsTypesOfMarketMember"/>
    <link:definitionArc xlink:type="arc" xlink:arcrole="http://xbrl.org/int/dim/arcrole/dimension-domain" xlink:from="OverseasEquityInvestmentAssetsTypesOfMarketAxis" xlink:to="OverseasEquityInvestmentAssetsTypesOfMarketMember" xlink:title="definition: OverseasEquityInvestmentAssetsTypesOfMarketAxis to OverseasEquityInvestmentAssetsTypesOfMarketMember" use="optional" order="10.0"/>
    <link:loc xlink:type="locator" xlink:href="../../c-ross_core_2015-12-31.xsd#c-ross_EmergingMarketsMember" xlink:label="EmergingMarketsMember" xlink:title="EmergingMarketsMember"/>
    <link:definitionArc xlink:type="arc" xlink:arcrole="http://xbrl.org/int/dim/arcrole/domain-member" xlink:from="OverseasEquityInvestmentAssetsTypesOfMarketMember" xlink:to="EmergingMarketsMember" xlink:title="definition: OverseasEquityInvestmentAssetsTypesOfMarketMember to EmergingMarketsMember" use="optional" order="10.0"/>
    <link:loc xlink:type="locator" xlink:href="../../c-ross_core_2015-12-31.xsd#c-ross_TypesOfOverseasEquityInvestmentAssetsHeldAxis" xlink:label="TypesOfOverseasEquityInvestmentAssetsHeldAxis" xlink:title="TypesOfOverseasEquityInvestmentAssetsHeldAxis"/>
    <link:definitionArc xlink:type="arc" xlink:arcrole="http://xbrl.org/int/dim/arcrole/dimension-domain" xlink:from="TypesOfOverseasEquityInvestmentAssetsHeldAxis" xlink:to="TypesOfAssetsHeldMember" xlink:title="definition: TypesOfOverseasEquityInvestmentAssetsHeldAxis to TypesOfAssetsHeldMember" use="optional" order="10.0"/>
    <link:loc xlink:type="locator" xlink:href="../../c-ross_core_2015-12-31.xsd#c-ross_PriceRiskOfOverseasEquityInvestmentAssetsDetailsTable" xlink:label="PriceRiskOfOverseasEquityInvestmentAssetsDetailsTable" xlink:title="PriceRiskOfOverseasEquityInvestmentAssetsDetailsTable"/>
    <link:definitionArc xlink:type="arc" xlink:arcrole="http://xbrl.org/int/dim/arcrole/hypercube-dimension" xlink:from="PriceRiskOfOverseasEquityInvestmentAssetsDetailsTable" xlink:to="TypesOfOverseasEquityInvestmentAssetsHeldAxis" xlink:title="definition: PriceRiskOfOverseasEquityInvestmentAssetsDetailsTable to TypesOfOverseasEquityInvestmentAssetsHeldAxis" use="optional" order="10.0"/>
    <link:definitionArc xlink:type="arc" xlink:arcrole="http://xbrl.org/int/dim/arcrole/hypercube-dimension" xlink:from="PriceRiskOfOverseasEquityInvestmentAssetsDetailsTable" xlink:to="OverseasEquityInvestmentAssetsTypesOfMarketAxis" xlink:title="definition: PriceRiskOfOverseasEquityInvestmentAssetsDetailsTable to OverseasEquityInvestmentAssetsTypesOfMarketAxis" use="optional" order="20.0"/>
    <link:loc xlink:type="locator" xlink:href="../../c-ross_core_2015-12-31.xsd#c-ross_OverseasAssetPriceRiskOverseasEquityInvestmentAssetsEmergingMarketsHeldByCompanyDirectlyLineNumberAxis" xlink:label="PriceRiskOverseasEquityInvestmentAssetsEmergingMarketsSecuritiesHeldByCompanyDirectlyLineNumberAxis" xlink:title="PriceRiskOverseasEquityInvestmentAssetsEmergingMarketsSecuritiesHeldByCompanyDirectlyLineNumberAxis"/>
    <link:definitionArc xlink:type="arc" xlink:arcrole="http://xbrl.org/int/dim/arcrole/hypercube-dimension" xlink:from="PriceRiskOfOverseasEquityInvestmentAssetsDetailsTable" xlink:to="PriceRiskOverseasEquityInvestmentAssetsEmergingMarketsSecuritiesHeldByCompanyDirectlyLineNumberAxis" xlink:title="definition: PriceRiskOfOverseasEquityInvestmentAssetsDetailsTable to PriceRiskOverseasEquityInvestmentAssetsEmergingMarketsSecuritiesHeldByCompanyDirectlyLineNumberAxis" use="optional" order="30.0"/>
    <link:loc xlink:type="locator" xlink:href="../../c-ross_core_2015-12-31.xsd#c-ross_PriceRiskOfOverseasEquityInvestmentAssetsDetailsLineItems" xlink:label="PriceRiskOfOverseasEquityInvestmentAssetsDetailsLineItems" xlink:title="PriceRiskOfOverseasEquityInvestmentAssetsDetailsLineItems"/>
    <link:loc xlink:type="locator" xlink:href="../../c-ross_core_2015-12-31.xsd#c-ross_OverseasAssetPriceRiskOverseasEquityInvestmentAssetsAssetName" xlink:label="PriceRiskNameOfOverseasEquityInvestmentAssets" xlink:title="PriceRiskNameOfOverseasEquityInvestmentAssets"/>
    <link:definitionArc xlink:type="arc" xlink:arcrole="http://xbrl.org/int/dim/arcrole/domain-member" xlink:from="PriceRiskOfOverseasEquityInvestmentAssetsDetailsLineItems" xlink:to="PriceRiskNameOfOverseasEquityInvestmentAssets" xlink:title="definition: PriceRiskOfOverseasEquityInvestmentAssetsDetailsLineItems to PriceRiskNameOfOverseasEquityInvestmentAssets" use="optional" order="10.0"/>
    <link:loc xlink:type="locator" xlink:href="../../c-ross_core_2015-12-31.xsd#c-ross_OverseasAssetPriceRiskOverseasEquityInvestmentAssetsAssetsCode" xlink:label="PriceRiskOverseasEquityInvestmentAssetsAssetCode" xlink:title="PriceRiskOverseasEquityInvestmentAssetsAssetCode"/>
    <link:definitionArc xlink:type="arc" xlink:arcrole="http://xbrl.org/int/dim/arcrole/domain-member" xlink:from="PriceRiskOfOverseasEquityInvestmentAssetsDetailsLineItems" xlink:to="PriceRiskOverseasEquityInvestmentAssetsAssetCode" xlink:title="definition: PriceRiskOfOverseasEquityInvestmentAssetsDetailsLineItems to PriceRiskOverseasEquityInvestmentAssetsAssetCode" use="optional" order="20.0"/>
    <link:loc xlink:type="locator" xlink:href="../../c-ross_core_2015-12-31.xsd#c-ross_OverseasAssetPriceRiskOverseasEquityInvestmentAssetsHoldingNumber" xlink:label="PriceRiskOverseasEquityInvestmentAssetsHoldingNumber" xlink:title="PriceRiskOverseasEquityInvestmentAssetsHoldingNumber"/>
    <link:definitionArc xlink:type="arc" xlink:arcrole="http://xbrl.org/int/dim/arcrole/domain-member" xlink:from="PriceRiskOfOverseasEquityInvestmentAssetsDetailsLineItems" xlink:to="PriceRiskOverseasEquityInvestmentAssetsHoldingNumber" xlink:title="definition: PriceRiskOfOverseasEquityInvestmentAssetsDetailsLineItems to PriceRiskOverseasEquityInvestmentAssetsHoldingNumber" use="optional" order="30.0"/>
    <link:loc xlink:type="locator" xlink:href="../../c-ross_core_2015-12-31.xsd#c-ross_OverseasAssetPriceRiskOverseasEquityInvestmentAssetsPurchaseCost" xlink:label="PriceRiskOverseasEquityInvestmentAssetsHoldingCost" xlink:title="PriceRiskOverseasEquityInvestmentAssetsHoldingCost"/>
    <link:definitionArc xlink:type="arc" xlink:arcrole="http://xbrl.org/int/dim/arcrole/domain-member" xlink:from="PriceRiskOfOverseasEquityInvestmentAssetsDetailsLineItems" xlink:to="PriceRiskOverseasEquityInvestmentAssetsHoldingCost" xlink:title="definition: PriceRiskOfOverseasEquityInvestmentAssetsDetailsLineItems to PriceRiskOverseasEquityInvestmentAssetsHoldingCost" use="optional" order="40.0"/>
    <link:loc xlink:type="locator" xlink:href="../../c-ross_core_2015-12-31.xsd#c-ross_OverseasAssetPriceRiskOverseasEquityInvestmentAssetsAdmittedValue" xlink:label="PriceRiskOverseasEquityInvestmentAssetsAdmittedValue" xlink:title="PriceRiskOverseasEquityInvestmentAssetsAdmittedValue"/>
    <link:definitionArc xlink:type="arc" xlink:arcrole="http://xbrl.org/int/dim/arcrole/domain-member" xlink:from="PriceRiskOfOverseasEquityInvestmentAssetsDetailsLineItems" xlink:to="PriceRiskOverseasEquityInvestmentAssetsAdmittedValue" xlink:title="definition: PriceRiskOfOverseasEquityInvestmentAssetsDetailsLineItems to PriceRiskOverseasEquityInvestmentAssetsAdmittedValue" use="optional" order="50.0"/>
    <link:loc xlink:type="locator" xlink:href="../../c-ross_core_2015-12-31.xsd#c-ross_OverseasAssetPriceRiskOverseasEquityInvestmentAssetsRiskExposure" xlink:label="PriceRiskOverseasEquityInvestmentAssetsRiskExposure" xlink:title="PriceRiskOverseasEquityInvestmentAssetsRiskExposure"/>
    <link:definitionArc xlink:type="arc" xlink:arcrole="http://xbrl.org/int/dim/arcrole/domain-member" xlink:from="PriceRiskOfOverseasEquityInvestmentAssetsDetailsLineItems" xlink:to="PriceRiskOverseasEquityInvestmentAssetsRiskExposure" xlink:title="definition: PriceRiskOfOverseasEquityInvestmentAssetsDetailsLineItems to PriceRiskOverseasEquityInvestmentAssetsRiskExposure" use="optional" order="60.0"/>
    <link:loc xlink:type="locator" xlink:href="../../c-ross_core_2015-12-31.xsd#c-ross_OverseasAssetPriceRiskOverseasEquityInvestmentAssetsBaseRiskFactor" xlink:label="PriceRiskOverseasEquityInvestmentAssetsBaseRiskFactor" xlink:title="PriceRiskOverseasEquityInvestmentAssetsBaseRiskFactor"/>
    <link:definitionArc xlink:type="arc" xlink:arcrole="http://xbrl.org/int/dim/arcrole/domain-member" xlink:from="PriceRiskOfOverseasEquityInvestmentAssetsDetailsLineItems" xlink:to="PriceRiskOverseasEquityInvestmentAssetsBaseRiskFactor" xlink:title="definition: PriceRiskOfOverseasEquityInvestmentAssetsDetailsLineItems to PriceRiskOverseasEquityInvestmentAssetsBaseRiskFactor" use="optional" order="70.0"/>
    <link:loc xlink:type="locator" xlink:href="../../c-ross_core_2015-12-31.xsd#c-ross_MarketRiskMinimumCapitalForOverseasEquityInvestmentAssetsPriceRisk" xlink:label="MarketRiskMinimumCapitalForOverseasEquityInvestmentAssetsPriceRisk" xlink:title="MarketRiskMinimumCapitalForOverseasEquityInvestmentAssetsPriceRisk"/>
    <link:definitionArc xlink:type="arc" xlink:arcrole="http://xbrl.org/int/dim/arcrole/domain-member" xlink:from="PriceRiskOfOverseasEquityInvestmentAssetsDetailsLineItems" xlink:to="MarketRiskMinimumCapitalForOverseasEquityInvestmentAssetsPriceRisk" xlink:title="definition: PriceRiskOfOverseasEquityInvestmentAssetsDetailsLineItems to MarketRiskMinimumCapitalForOverseasEquityInvestmentAssetsPriceRisk" use="optional" order="80.0"/>
    <link:loc xlink:type="locator" xlink:href="../../c-ross_core_2015-12-31.xsd#c-ross_PriceRiskOfOverseasEquityInvestmentAssetsEmergingMarketsHeldByCompanyDirectlyDetailsAbstract" xlink:label="PriceRiskOfOverseasEquityInvestmentAssetsEmergingMarketsBondHeldByCompanyDirectlyDetailsAbstract" xlink:title="PriceRiskOfOverseasEquityInvestmentAssetsEmergingMarketsBondHeldByCompanyDirectlyDetailsAbstract"/>
    <link:definitionArc xlink:type="arc" xlink:arcrole="http://xbrl.org/int/dim/arcrole/all" xlink:from="PriceRiskOfOverseasEquityInvestmentAssetsEmergingMarketsBondHeldByCompanyDirectlyDetailsAbstract" xlink:to="PriceRiskOfOverseasEquityInvestmentAssetsDetailsTable" xlink:title="definition: PriceRiskOfOverseasEquityInvestmentAssetsEmergingMarketsBondHeldByCompanyDirectlyDetailsAbstract to PriceRiskOfOverseasEquityInvestmentAssetsDetailsTable" use="optional" order="10.0" xbrldt:closed="true" xbrldt:contextElement="scenario"/>
    <link:definitionArc xlink:type="arc" xlink:arcrole="http://xbrl.org/int/dim/arcrole/domain-member" xlink:from="PriceRiskOfOverseasEquityInvestmentAssetsEmergingMarketsBondHeldByCompanyDirectlyDetailsAbstract" xlink:to="PriceRiskOfOverseasEquityInvestmentAssetsDetailsLineItems" xlink:title="definition: PriceRiskOfOverseasEquityInvestmentAssetsEmergingMarketsBondHeldByCompanyDirectlyDetailsAbstract to PriceRiskOfOverseasEquityInvestmentAssetsDetailsLineItems" use="optional" order="20.0"/>
  </link:definitionLink>
  <link:definitionLink xlink:type="extended" xlink:role="http://xbrl.circ.gov.cn/role/c-ross_2015-12-31_role-3162600c">
    <link:loc xlink:type="locator" xlink:href="../../c-ross_core_2015-12-31.xsd#c-ross_TypesOfAssetsHeldMember" xlink:label="TypesOfAssetsHeldMember" xlink:title="TypesOfAssetsHeldMember"/>
    <link:loc xlink:type="locator" xlink:href="../../c-ross_core_2015-12-31.xsd#c-ross_HeldByLookThroughMethodMember" xlink:label="HeldByLookThroughMethodMember" xlink:title="HeldByLookThroughMethodMember"/>
    <link:definitionArc xlink:type="arc" xlink:arcrole="http://xbrl.org/int/dim/arcrole/domain-member" xlink:from="TypesOfAssetsHeldMember" xlink:to="HeldByLookThroughMethodMember" xlink:title="definition: TypesOfAssetsHeldMember to HeldByLookThroughMethodMember" use="optional" order="10.0"/>
    <link:loc xlink:type="locator" xlink:href="../../c-ross_core_2015-12-31.xsd#c-ross_OverseasEquityInvestmentAssetsTypesOfMarketAxis" xlink:label="OverseasEquityInvestmentAssetsTypesOfMarketAxis" xlink:title="OverseasEquityInvestmentAssetsTypesOfMarketAxis"/>
    <link:loc xlink:type="locator" xlink:href="../../c-ross_core_2015-12-31.xsd#c-ross_OverseasEquityInvestmentAssetsTypesOfMarketMember" xlink:label="OverseasEquityInvestmentAssetsTypesOfMarketMember" xlink:title="OverseasEquityInvestmentAssetsTypesOfMarketMember"/>
    <link:definitionArc xlink:type="arc" xlink:arcrole="http://xbrl.org/int/dim/arcrole/dimension-domain" xlink:from="OverseasEquityInvestmentAssetsTypesOfMarketAxis" xlink:to="OverseasEquityInvestmentAssetsTypesOfMarketMember" xlink:title="definition: OverseasEquityInvestmentAssetsTypesOfMarketAxis to OverseasEquityInvestmentAssetsTypesOfMarketMember" use="optional" order="10.0"/>
    <link:loc xlink:type="locator" xlink:href="../../c-ross_core_2015-12-31.xsd#c-ross_DevelopedMarketsMember" xlink:label="DevelopedMarketsMember" xlink:title="DevelopedMarketsMember"/>
    <link:definitionArc xlink:type="arc" xlink:arcrole="http://xbrl.org/int/dim/arcrole/domain-member" xlink:from="OverseasEquityInvestmentAssetsTypesOfMarketMember" xlink:to="DevelopedMarketsMember" xlink:title="definition: OverseasEquityInvestmentAssetsTypesOfMarketMember to DevelopedMarketsMember" use="optional" order="10.0"/>
    <link:loc xlink:type="locator" xlink:href="../../c-ross_core_2015-12-31.xsd#c-ross_TypesOfOverseasEquityInvestmentAssetsHeldAxis" xlink:label="TypesOfOverseasEquityInvestmentAssetsHeldAxis" xlink:title="TypesOfOverseasEquityInvestmentAssetsHeldAxis"/>
    <link:definitionArc xlink:type="arc" xlink:arcrole="http://xbrl.org/int/dim/arcrole/dimension-domain" xlink:from="TypesOfOverseasEquityInvestmentAssetsHeldAxis" xlink:to="TypesOfAssetsHeldMember" xlink:title="definition: TypesOfOverseasEquityInvestmentAssetsHeldAxis to TypesOfAssetsHeldMember" use="optional" order="10.0"/>
    <link:loc xlink:type="locator" xlink:href="../../c-ross_core_2015-12-31.xsd#c-ross_PriceRiskOfOverseasEquityInvestmentAssetsDetailsTable" xlink:label="PriceRiskOfOverseasEquityInvestmentAssetsDetailsTable" xlink:title="PriceRiskOfOverseasEquityInvestmentAssetsDetailsTable"/>
    <link:definitionArc xlink:type="arc" xlink:arcrole="http://xbrl.org/int/dim/arcrole/hypercube-dimension" xlink:from="PriceRiskOfOverseasEquityInvestmentAssetsDetailsTable" xlink:to="TypesOfOverseasEquityInvestmentAssetsHeldAxis" xlink:title="definition: PriceRiskOfOverseasEquityInvestmentAssetsDetailsTable to TypesOfOverseasEquityInvestmentAssetsHeldAxis" use="optional" order="10.0"/>
    <link:definitionArc xlink:type="arc" xlink:arcrole="http://xbrl.org/int/dim/arcrole/hypercube-dimension" xlink:from="PriceRiskOfOverseasEquityInvestmentAssetsDetailsTable" xlink:to="OverseasEquityInvestmentAssetsTypesOfMarketAxis" xlink:title="definition: PriceRiskOfOverseasEquityInvestmentAssetsDetailsTable to OverseasEquityInvestmentAssetsTypesOfMarketAxis" use="optional" order="20.0"/>
    <link:loc xlink:type="locator" xlink:href="../../c-ross_core_2015-12-31.xsd#c-ross_OverseasAssetPriceRiskOverseasEquityInvestmentAssetsDevelopedMarketsHeldByLookThroughMethodLineNumberAxis" xlink:label="PriceRiskOverseasEquityInvestmentAssetsDevelopedMarketsSecuritiesHeldByLookThroughMethodLineNumberAxis" xlink:title="PriceRiskOverseasEquityInvestmentAssetsDevelopedMarketsSecuritiesHeldByLookThroughMethodLineNumberAxis"/>
    <link:definitionArc xlink:type="arc" xlink:arcrole="http://xbrl.org/int/dim/arcrole/hypercube-dimension" xlink:from="PriceRiskOfOverseasEquityInvestmentAssetsDetailsTable" xlink:to="PriceRiskOverseasEquityInvestmentAssetsDevelopedMarketsSecuritiesHeldByLookThroughMethodLineNumberAxis" xlink:title="definition: PriceRiskOfOverseasEquityInvestmentAssetsDetailsTable to PriceRiskOverseasEquityInvestmentAssetsDevelopedMarketsSecuritiesHeldByLookThroughMethodLineNumberAxis" use="optional" order="30.0"/>
    <link:loc xlink:type="locator" xlink:href="../../c-ross_core_2015-12-31.xsd#c-ross_PriceRiskOfOverseasEquityInvestmentAssetsDetailsLineItems" xlink:label="PriceRiskOfOverseasEquityInvestmentAssetsDetailsLineItems" xlink:title="PriceRiskOfOverseasEquityInvestmentAssetsDetailsLineItems"/>
    <link:loc xlink:type="locator" xlink:href="../../c-ross_core_2015-12-31.xsd#c-ross_OverseasAssetPriceRiskOverseasEquityInvestmentAssetsAssetName" xlink:label="PriceRiskNameOfOverseasEquityInvestmentAssets" xlink:title="PriceRiskNameOfOverseasEquityInvestmentAssets"/>
    <link:definitionArc xlink:type="arc" xlink:arcrole="http://xbrl.org/int/dim/arcrole/domain-member" xlink:from="PriceRiskOfOverseasEquityInvestmentAssetsDetailsLineItems" xlink:to="PriceRiskNameOfOverseasEquityInvestmentAssets" xlink:title="definition: PriceRiskOfOverseasEquityInvestmentAssetsDetailsLineItems to PriceRiskNameOfOverseasEquityInvestmentAssets" use="optional" order="10.0"/>
    <link:loc xlink:type="locator" xlink:href="../../c-ross_core_2015-12-31.xsd#c-ross_OverseasAssetPriceRiskOverseasEquityInvestmentAssetsAssetsCode" xlink:label="PriceRiskOverseasEquityInvestmentAssetsAssetCode" xlink:title="PriceRiskOverseasEquityInvestmentAssetsAssetCode"/>
    <link:definitionArc xlink:type="arc" xlink:arcrole="http://xbrl.org/int/dim/arcrole/domain-member" xlink:from="PriceRiskOfOverseasEquityInvestmentAssetsDetailsLineItems" xlink:to="PriceRiskOverseasEquityInvestmentAssetsAssetCode" xlink:title="definition: PriceRiskOfOverseasEquityInvestmentAssetsDetailsLineItems to PriceRiskOverseasEquityInvestmentAssetsAssetCode" use="optional" order="20.0"/>
    <link:loc xlink:type="locator" xlink:href="../../c-ross_core_2015-12-31.xsd#c-ross_OverseasAssetPriceRiskOverseasEquityInvestmentAssetsHoldingNumber" xlink:label="PriceRiskOverseasEquityInvestmentAssetsHoldingNumber" xlink:title="PriceRiskOverseasEquityInvestmentAssetsHoldingNumber"/>
    <link:definitionArc xlink:type="arc" xlink:arcrole="http://xbrl.org/int/dim/arcrole/domain-member" xlink:from="PriceRiskOfOverseasEquityInvestmentAssetsDetailsLineItems" xlink:to="PriceRiskOverseasEquityInvestmentAssetsHoldingNumber" xlink:title="definition: PriceRiskOfOverseasEquityInvestmentAssetsDetailsLineItems to PriceRiskOverseasEquityInvestmentAssetsHoldingNumber" use="optional" order="30.0"/>
    <link:loc xlink:type="locator" xlink:href="../../c-ross_core_2015-12-31.xsd#c-ross_OverseasAssetPriceRiskOverseasEquityInvestmentAssetsPurchaseCost" xlink:label="PriceRiskOverseasEquityInvestmentAssetsHoldingCost" xlink:title="PriceRiskOverseasEquityInvestmentAssetsHoldingCost"/>
    <link:definitionArc xlink:type="arc" xlink:arcrole="http://xbrl.org/int/dim/arcrole/domain-member" xlink:from="PriceRiskOfOverseasEquityInvestmentAssetsDetailsLineItems" xlink:to="PriceRiskOverseasEquityInvestmentAssetsHoldingCost" xlink:title="definition: PriceRiskOfOverseasEquityInvestmentAssetsDetailsLineItems to PriceRiskOverseasEquityInvestmentAssetsHoldingCost" use="optional" order="40.0"/>
    <link:loc xlink:type="locator" xlink:href="../../c-ross_core_2015-12-31.xsd#c-ross_OverseasAssetPriceRiskOverseasEquityInvestmentAssetsAdmittedValue" xlink:label="PriceRiskOverseasEquityInvestmentAssetsAdmittedValue" xlink:title="PriceRiskOverseasEquityInvestmentAssetsAdmittedValue"/>
    <link:definitionArc xlink:type="arc" xlink:arcrole="http://xbrl.org/int/dim/arcrole/domain-member" xlink:from="PriceRiskOfOverseasEquityInvestmentAssetsDetailsLineItems" xlink:to="PriceRiskOverseasEquityInvestmentAssetsAdmittedValue" xlink:title="definition: PriceRiskOfOverseasEquityInvestmentAssetsDetailsLineItems to PriceRiskOverseasEquityInvestmentAssetsAdmittedValue" use="optional" order="50.0"/>
    <link:loc xlink:type="locator" xlink:href="../../c-ross_core_2015-12-31.xsd#c-ross_OverseasAssetPriceRiskOverseasEquityInvestmentAssetsRiskExposure" xlink:label="PriceRiskOverseasEquityInvestmentAssetsRiskExposure" xlink:title="PriceRiskOverseasEquityInvestmentAssetsRiskExposure"/>
    <link:definitionArc xlink:type="arc" xlink:arcrole="http://xbrl.org/int/dim/arcrole/domain-member" xlink:from="PriceRiskOfOverseasEquityInvestmentAssetsDetailsLineItems" xlink:to="PriceRiskOverseasEquityInvestmentAssetsRiskExposure" xlink:title="definition: PriceRiskOfOverseasEquityInvestmentAssetsDetailsLineItems to PriceRiskOverseasEquityInvestmentAssetsRiskExposure" use="optional" order="60.0"/>
    <link:loc xlink:type="locator" xlink:href="../../c-ross_core_2015-12-31.xsd#c-ross_OverseasAssetPriceRiskOverseasEquityInvestmentAssetsBaseRiskFactor" xlink:label="PriceRiskOverseasEquityInvestmentAssetsBaseRiskFactor" xlink:title="PriceRiskOverseasEquityInvestmentAssetsBaseRiskFactor"/>
    <link:definitionArc xlink:type="arc" xlink:arcrole="http://xbrl.org/int/dim/arcrole/domain-member" xlink:from="PriceRiskOfOverseasEquityInvestmentAssetsDetailsLineItems" xlink:to="PriceRiskOverseasEquityInvestmentAssetsBaseRiskFactor" xlink:title="definition: PriceRiskOfOverseasEquityInvestmentAssetsDetailsLineItems to PriceRiskOverseasEquityInvestmentAssetsBaseRiskFactor" use="optional" order="70.0"/>
    <link:loc xlink:type="locator" xlink:href="../../c-ross_core_2015-12-31.xsd#c-ross_MarketRiskMinimumCapitalForOverseasEquityInvestmentAssetsPriceRisk" xlink:label="MarketRiskMinimumCapitalForOverseasEquityInvestmentAssetsPriceRisk" xlink:title="MarketRiskMinimumCapitalForOverseasEquityInvestmentAssetsPriceRisk"/>
    <link:definitionArc xlink:type="arc" xlink:arcrole="http://xbrl.org/int/dim/arcrole/domain-member" xlink:from="PriceRiskOfOverseasEquityInvestmentAssetsDetailsLineItems" xlink:to="MarketRiskMinimumCapitalForOverseasEquityInvestmentAssetsPriceRisk" xlink:title="definition: PriceRiskOfOverseasEquityInvestmentAssetsDetailsLineItems to MarketRiskMinimumCapitalForOverseasEquityInvestmentAssetsPriceRisk" use="optional" order="80.0"/>
    <link:loc xlink:type="locator" xlink:href="../../c-ross_core_2015-12-31.xsd#c-ross_PriceRiskOfOverseasEquityInvestmentAssetsDevelopedMarketsHeldByLookThroughMethodDetailsAbstract" xlink:label="PriceRiskOfOverseasEquityInvestmentAssetsDevelopedMarketsBondHeldByLookThroughMethodDetailsAbstract" xlink:title="PriceRiskOfOverseasEquityInvestmentAssetsDevelopedMarketsBondHeldByLookThroughMethodDetailsAbstract"/>
    <link:definitionArc xlink:type="arc" xlink:arcrole="http://xbrl.org/int/dim/arcrole/all" xlink:from="PriceRiskOfOverseasEquityInvestmentAssetsDevelopedMarketsBondHeldByLookThroughMethodDetailsAbstract" xlink:to="PriceRiskOfOverseasEquityInvestmentAssetsDetailsTable" xlink:title="definition: PriceRiskOfOverseasEquityInvestmentAssetsDevelopedMarketsBondHeldByLookThroughMethodDetailsAbstract to PriceRiskOfOverseasEquityInvestmentAssetsDetailsTable" use="optional" order="10.0" xbrldt:closed="true" xbrldt:contextElement="scenario"/>
    <link:definitionArc xlink:type="arc" xlink:arcrole="http://xbrl.org/int/dim/arcrole/domain-member" xlink:from="PriceRiskOfOverseasEquityInvestmentAssetsDevelopedMarketsBondHeldByLookThroughMethodDetailsAbstract" xlink:to="PriceRiskOfOverseasEquityInvestmentAssetsDetailsLineItems" xlink:title="definition: PriceRiskOfOverseasEquityInvestmentAssetsDevelopedMarketsBondHeldByLookThroughMethodDetailsAbstract to PriceRiskOfOverseasEquityInvestmentAssetsDetailsLineItems" use="optional" order="20.0"/>
  </link:definitionLink>
  <link:definitionLink xlink:type="extended" xlink:role="http://xbrl.circ.gov.cn/role/c-ross_2015-12-31_role-3162600d">
    <link:loc xlink:type="locator" xlink:href="../../c-ross_core_2015-12-31.xsd#c-ross_TypesOfAssetsHeldMember" xlink:label="TypesOfAssetsHeldMember" xlink:title="TypesOfAssetsHeldMember"/>
    <link:loc xlink:type="locator" xlink:href="../../c-ross_core_2015-12-31.xsd#c-ross_HeldByLookThroughMethodMember" xlink:label="HeldByLookThroughMethodMember" xlink:title="HeldByLookThroughMethodMember"/>
    <link:definitionArc xlink:type="arc" xlink:arcrole="http://xbrl.org/int/dim/arcrole/domain-member" xlink:from="TypesOfAssetsHeldMember" xlink:to="HeldByLookThroughMethodMember" xlink:title="definition: TypesOfAssetsHeldMember to HeldByLookThroughMethodMember" use="optional" order="10.0"/>
    <link:loc xlink:type="locator" xlink:href="../../c-ross_core_2015-12-31.xsd#c-ross_OverseasEquityInvestmentAssetsTypesOfMarketAxis" xlink:label="OverseasEquityInvestmentAssetsTypesOfMarketAxis" xlink:title="OverseasEquityInvestmentAssetsTypesOfMarketAxis"/>
    <link:loc xlink:type="locator" xlink:href="../../c-ross_core_2015-12-31.xsd#c-ross_OverseasEquityInvestmentAssetsTypesOfMarketMember" xlink:label="OverseasEquityInvestmentAssetsTypesOfMarketMember" xlink:title="OverseasEquityInvestmentAssetsTypesOfMarketMember"/>
    <link:definitionArc xlink:type="arc" xlink:arcrole="http://xbrl.org/int/dim/arcrole/dimension-domain" xlink:from="OverseasEquityInvestmentAssetsTypesOfMarketAxis" xlink:to="OverseasEquityInvestmentAssetsTypesOfMarketMember" xlink:title="definition: OverseasEquityInvestmentAssetsTypesOfMarketAxis to OverseasEquityInvestmentAssetsTypesOfMarketMember" use="optional" order="10.0"/>
    <link:loc xlink:type="locator" xlink:href="../../c-ross_core_2015-12-31.xsd#c-ross_EmergingMarketsMember" xlink:label="EmergingMarketsMember" xlink:title="EmergingMarketsMember"/>
    <link:definitionArc xlink:type="arc" xlink:arcrole="http://xbrl.org/int/dim/arcrole/domain-member" xlink:from="OverseasEquityInvestmentAssetsTypesOfMarketMember" xlink:to="EmergingMarketsMember" xlink:title="definition: OverseasEquityInvestmentAssetsTypesOfMarketMember to EmergingMarketsMember" use="optional" order="10.0"/>
    <link:loc xlink:type="locator" xlink:href="../../c-ross_core_2015-12-31.xsd#c-ross_TypesOfOverseasEquityInvestmentAssetsHeldAxis" xlink:label="TypesOfOverseasEquityInvestmentAssetsHeldAxis" xlink:title="TypesOfOverseasEquityInvestmentAssetsHeldAxis"/>
    <link:definitionArc xlink:type="arc" xlink:arcrole="http://xbrl.org/int/dim/arcrole/dimension-domain" xlink:from="TypesOfOverseasEquityInvestmentAssetsHeldAxis" xlink:to="TypesOfAssetsHeldMember" xlink:title="definition: TypesOfOverseasEquityInvestmentAssetsHeldAxis to TypesOfAssetsHeldMember" use="optional" order="10.0"/>
    <link:loc xlink:type="locator" xlink:href="../../c-ross_core_2015-12-31.xsd#c-ross_PriceRiskOfOverseasEquityInvestmentAssetsDetailsTable" xlink:label="PriceRiskOfOverseasEquityInvestmentAssetsDetailsTable" xlink:title="PriceRiskOfOverseasEquityInvestmentAssetsDetailsTable"/>
    <link:definitionArc xlink:type="arc" xlink:arcrole="http://xbrl.org/int/dim/arcrole/hypercube-dimension" xlink:from="PriceRiskOfOverseasEquityInvestmentAssetsDetailsTable" xlink:to="TypesOfOverseasEquityInvestmentAssetsHeldAxis" xlink:title="definition: PriceRiskOfOverseasEquityInvestmentAssetsDetailsTable to TypesOfOverseasEquityInvestmentAssetsHeldAxis" use="optional" order="10.0"/>
    <link:definitionArc xlink:type="arc" xlink:arcrole="http://xbrl.org/int/dim/arcrole/hypercube-dimension" xlink:from="PriceRiskOfOverseasEquityInvestmentAssetsDetailsTable" xlink:to="OverseasEquityInvestmentAssetsTypesOfMarketAxis" xlink:title="definition: PriceRiskOfOverseasEquityInvestmentAssetsDetailsTable to OverseasEquityInvestmentAssetsTypesOfMarketAxis" use="optional" order="20.0"/>
    <link:loc xlink:type="locator" xlink:href="../../c-ross_core_2015-12-31.xsd#c-ross_OverseasAssetPriceRiskOverseasEquityInvestmentAssetsEmergingMarketsHeldByLookThroughMethodLineNumberAxis" xlink:label="PriceRiskOverseasEquityInvestmentAssetsEmergingMarketsSecuritiesHeldByLookThroughMethodLineNumberAxis" xlink:title="PriceRiskOverseasEquityInvestmentAssetsEmergingMarketsSecuritiesHeldByLookThroughMethodLineNumberAxis"/>
    <link:definitionArc xlink:type="arc" xlink:arcrole="http://xbrl.org/int/dim/arcrole/hypercube-dimension" xlink:from="PriceRiskOfOverseasEquityInvestmentAssetsDetailsTable" xlink:to="PriceRiskOverseasEquityInvestmentAssetsEmergingMarketsSecuritiesHeldByLookThroughMethodLineNumberAxis" xlink:title="definition: PriceRiskOfOverseasEquityInvestmentAssetsDetailsTable to PriceRiskOverseasEquityInvestmentAssetsEmergingMarketsSecuritiesHeldByLookThroughMethodLineNumberAxis" use="optional" order="30.0"/>
    <link:loc xlink:type="locator" xlink:href="../../c-ross_core_2015-12-31.xsd#c-ross_PriceRiskOfOverseasEquityInvestmentAssetsDetailsLineItems" xlink:label="PriceRiskOfOverseasEquityInvestmentAssetsDetailsLineItems" xlink:title="PriceRiskOfOverseasEquityInvestmentAssetsDetailsLineItems"/>
    <link:loc xlink:type="locator" xlink:href="../../c-ross_core_2015-12-31.xsd#c-ross_OverseasAssetPriceRiskOverseasEquityInvestmentAssetsAssetName" xlink:label="PriceRiskNameOfOverseasEquityInvestmentAssets" xlink:title="PriceRiskNameOfOverseasEquityInvestmentAssets"/>
    <link:definitionArc xlink:type="arc" xlink:arcrole="http://xbrl.org/int/dim/arcrole/domain-member" xlink:from="PriceRiskOfOverseasEquityInvestmentAssetsDetailsLineItems" xlink:to="PriceRiskNameOfOverseasEquityInvestmentAssets" xlink:title="definition: PriceRiskOfOverseasEquityInvestmentAssetsDetailsLineItems to PriceRiskNameOfOverseasEquityInvestmentAssets" use="optional" order="10.0"/>
    <link:loc xlink:type="locator" xlink:href="../../c-ross_core_2015-12-31.xsd#c-ross_OverseasAssetPriceRiskOverseasEquityInvestmentAssetsAssetsCode" xlink:label="PriceRiskOverseasEquityInvestmentAssetsAssetCode" xlink:title="PriceRiskOverseasEquityInvestmentAssetsAssetCode"/>
    <link:definitionArc xlink:type="arc" xlink:arcrole="http://xbrl.org/int/dim/arcrole/domain-member" xlink:from="PriceRiskOfOverseasEquityInvestmentAssetsDetailsLineItems" xlink:to="PriceRiskOverseasEquityInvestmentAssetsAssetCode" xlink:title="definition: PriceRiskOfOverseasEquityInvestmentAssetsDetailsLineItems to PriceRiskOverseasEquityInvestmentAssetsAssetCode" use="optional" order="20.0"/>
    <link:loc xlink:type="locator" xlink:href="../../c-ross_core_2015-12-31.xsd#c-ross_OverseasAssetPriceRiskOverseasEquityInvestmentAssetsHoldingNumber" xlink:label="PriceRiskOverseasEquityInvestmentAssetsHoldingNumber" xlink:title="PriceRiskOverseasEquityInvestmentAssetsHoldingNumber"/>
    <link:definitionArc xlink:type="arc" xlink:arcrole="http://xbrl.org/int/dim/arcrole/domain-member" xlink:from="PriceRiskOfOverseasEquityInvestmentAssetsDetailsLineItems" xlink:to="PriceRiskOverseasEquityInvestmentAssetsHoldingNumber" xlink:title="definition: PriceRiskOfOverseasEquityInvestmentAssetsDetailsLineItems to PriceRiskOverseasEquityInvestmentAssetsHoldingNumber" use="optional" order="30.0"/>
    <link:loc xlink:type="locator" xlink:href="../../c-ross_core_2015-12-31.xsd#c-ross_OverseasAssetPriceRiskOverseasEquityInvestmentAssetsPurchaseCost" xlink:label="PriceRiskOverseasEquityInvestmentAssetsHoldingCost" xlink:title="PriceRiskOverseasEquityInvestmentAssetsHoldingCost"/>
    <link:definitionArc xlink:type="arc" xlink:arcrole="http://xbrl.org/int/dim/arcrole/domain-member" xlink:from="PriceRiskOfOverseasEquityInvestmentAssetsDetailsLineItems" xlink:to="PriceRiskOverseasEquityInvestmentAssetsHoldingCost" xlink:title="definition: PriceRiskOfOverseasEquityInvestmentAssetsDetailsLineItems to PriceRiskOverseasEquityInvestmentAssetsHoldingCost" use="optional" order="40.0"/>
    <link:loc xlink:type="locator" xlink:href="../../c-ross_core_2015-12-31.xsd#c-ross_OverseasAssetPriceRiskOverseasEquityInvestmentAssetsAdmittedValue" xlink:label="PriceRiskOverseasEquityInvestmentAssetsAdmittedValue" xlink:title="PriceRiskOverseasEquityInvestmentAssetsAdmittedValue"/>
    <link:definitionArc xlink:type="arc" xlink:arcrole="http://xbrl.org/int/dim/arcrole/domain-member" xlink:from="PriceRiskOfOverseasEquityInvestmentAssetsDetailsLineItems" xlink:to="PriceRiskOverseasEquityInvestmentAssetsAdmittedValue" xlink:title="definition: PriceRiskOfOverseasEquityInvestmentAssetsDetailsLineItems to PriceRiskOverseasEquityInvestmentAssetsAdmittedValue" use="optional" order="50.0"/>
    <link:loc xlink:type="locator" xlink:href="../../c-ross_core_2015-12-31.xsd#c-ross_OverseasAssetPriceRiskOverseasEquityInvestmentAssetsRiskExposure" xlink:label="PriceRiskOverseasEquityInvestmentAssetsRiskExposure" xlink:title="PriceRiskOverseasEquityInvestmentAssetsRiskExposure"/>
    <link:definitionArc xlink:type="arc" xlink:arcrole="http://xbrl.org/int/dim/arcrole/domain-member" xlink:from="PriceRiskOfOverseasEquityInvestmentAssetsDetailsLineItems" xlink:to="PriceRiskOverseasEquityInvestmentAssetsRiskExposure" xlink:title="definition: PriceRiskOfOverseasEquityInvestmentAssetsDetailsLineItems to PriceRiskOverseasEquityInvestmentAssetsRiskExposure" use="optional" order="60.0"/>
    <link:loc xlink:type="locator" xlink:href="../../c-ross_core_2015-12-31.xsd#c-ross_OverseasAssetPriceRiskOverseasEquityInvestmentAssetsBaseRiskFactor" xlink:label="PriceRiskOverseasEquityInvestmentAssetsBaseRiskFactor" xlink:title="PriceRiskOverseasEquityInvestmentAssetsBaseRiskFactor"/>
    <link:definitionArc xlink:type="arc" xlink:arcrole="http://xbrl.org/int/dim/arcrole/domain-member" xlink:from="PriceRiskOfOverseasEquityInvestmentAssetsDetailsLineItems" xlink:to="PriceRiskOverseasEquityInvestmentAssetsBaseRiskFactor" xlink:title="definition: PriceRiskOfOverseasEquityInvestmentAssetsDetailsLineItems to PriceRiskOverseasEquityInvestmentAssetsBaseRiskFactor" use="optional" order="70.0"/>
    <link:loc xlink:type="locator" xlink:href="../../c-ross_core_2015-12-31.xsd#c-ross_MarketRiskMinimumCapitalForOverseasEquityInvestmentAssetsPriceRisk" xlink:label="MarketRiskMinimumCapitalForOverseasEquityInvestmentAssetsPriceRisk" xlink:title="MarketRiskMinimumCapitalForOverseasEquityInvestmentAssetsPriceRisk"/>
    <link:definitionArc xlink:type="arc" xlink:arcrole="http://xbrl.org/int/dim/arcrole/domain-member" xlink:from="PriceRiskOfOverseasEquityInvestmentAssetsDetailsLineItems" xlink:to="MarketRiskMinimumCapitalForOverseasEquityInvestmentAssetsPriceRisk" xlink:title="definition: PriceRiskOfOverseasEquityInvestmentAssetsDetailsLineItems to MarketRiskMinimumCapitalForOverseasEquityInvestmentAssetsPriceRisk" use="optional" order="80.0"/>
    <link:loc xlink:type="locator" xlink:href="../../c-ross_core_2015-12-31.xsd#c-ross_PriceRiskOfOverseasEquityInvestmentAssetsEmergingMarketsHeldByLookThroughMethodDetailsAbstract" xlink:label="PriceRiskOfOverseasEquityInvestmentAssetsEmergingMarketsBondHeldByLookThroughMethodDetailsAbstract" xlink:title="PriceRiskOfOverseasEquityInvestmentAssetsEmergingMarketsBondHeldByLookThroughMethodDetailsAbstract"/>
    <link:definitionArc xlink:type="arc" xlink:arcrole="http://xbrl.org/int/dim/arcrole/all" xlink:from="PriceRiskOfOverseasEquityInvestmentAssetsEmergingMarketsBondHeldByLookThroughMethodDetailsAbstract" xlink:to="PriceRiskOfOverseasEquityInvestmentAssetsDetailsTable" xlink:title="definition: PriceRiskOfOverseasEquityInvestmentAssetsEmergingMarketsBondHeldByLookThroughMethodDetailsAbstract to PriceRiskOfOverseasEquityInvestmentAssetsDetailsTable" use="optional" order="10.0" xbrldt:closed="true" xbrldt:contextElement="scenario"/>
    <link:definitionArc xlink:type="arc" xlink:arcrole="http://xbrl.org/int/dim/arcrole/domain-member" xlink:from="PriceRiskOfOverseasEquityInvestmentAssetsEmergingMarketsBondHeldByLookThroughMethodDetailsAbstract" xlink:to="PriceRiskOfOverseasEquityInvestmentAssetsDetailsLineItems" xlink:title="definition: PriceRiskOfOverseasEquityInvestmentAssetsEmergingMarketsBondHeldByLookThroughMethodDetailsAbstract to PriceRiskOfOverseasEquityInvestmentAssetsDetailsLineItems" use="optional" order="20.0"/>
  </link:definitionLink>
</link:linkbase>
