<?xml version="1.0" encoding="UTF-8"?>

<!--
	Taxonomy: 2015-12-31 (Final)
	**********************
	Copyright © 2015 China Insurance Regulatory Commission.
	All rights reserved.  No part of this publication may be translated, reprinted or reproduced
	or utilised in any form either in whole or in part without prior permission in writing from China Insurance Regulatory Commission.
	  **********************
	-->
<link:linkbase xmlns:xsi="http://www.w3.org/2001/XMLSchema-instance" xsi:schemaLocation="http://www.xbrl.org/2003/linkbase http://www.xbrl.org/2003/xbrl-linkbase-2003-12-31.xsd" xmlns:c-ross="http://xbrl.circ.gov.cn/taxonomy/2015-12-31/c-ross" xmlns:link="http://www.xbrl.org/2003/linkbase" xmlns:q_s_pc_entry_point="http://xbrl.circ.gov.cn/taxonomy/2015-12-31/c-ross/q_s_pc_entry_point" xmlns:xlink="http://www.w3.org/1999/xlink" xmlns:xbrli="http://www.xbrl.org/2003/instance">
  <link:roleRef roleURI="http://www.xbrl.org/2009/role/netLabel" xlink:type="simple" xlink:href="http://www.xbrl.org/lrr/role/net-2009-12-16.xsd#netLabel"/>
  <link:roleRef roleURI="http://xbrl.circ.gov.cn/role/c-ross_2015-12-31_role-3160400" xlink:type="simple" xlink:href="rol_c-ross_7_2015-12-31.xsd#c-ross_2015-12-31-3160400"/>
  <link:roleRef roleURI="http://xbrl.circ.gov.cn/role/c-ross_2015-12-31_role-3160400a" xlink:type="simple" xlink:href="rol_c-ross_7_2015-12-31.xsd#c-ross_2015-12-31-3160400a"/>
  <link:roleRef roleURI="http://xbrl.circ.gov.cn/role/c-ross_2015-12-31_role-3160400b" xlink:type="simple" xlink:href="rol_c-ross_7_2015-12-31.xsd#c-ross_2015-12-31-3160400b"/>
  <link:roleRef roleURI="http://xbrl.circ.gov.cn/role/c-ross_2015-12-31_role-3160400c" xlink:type="simple" xlink:href="rol_c-ross_7_2015-12-31.xsd#c-ross_2015-12-31-3160400c"/>
  <link:roleRef roleURI="http://xbrl.circ.gov.cn/role/c-ross_2015-12-31_role-3160400d" xlink:type="simple" xlink:href="rol_c-ross_7_2015-12-31.xsd#c-ross_2015-12-31-3160400d"/>
  <link:presentationLink xlink:type="extended" xlink:role="http://xbrl.circ.gov.cn/role/c-ross_2015-12-31_role-3160400">
    <link:loc xlink:type="locator" xlink:href="../../c-ross_core_2015-12-31.xsd#c-ross_TypesOfAssetsHeldMember" xlink:label="TypesOfAssetsHeldMember" xlink:title="TypesOfAssetsHeldMember"/>
    <link:loc xlink:type="locator" xlink:href="../../c-ross_core_2015-12-31.xsd#c-ross_HeldByCompanyDirectlyMember" xlink:label="HeldByCompanyDirectlyMember" xlink:title="HeldByCompanyDirectlyMember"/>
    <link:presentationArc xlink:type="arc" xlink:arcrole="http://www.xbrl.org/2003/arcrole/parent-child" xlink:from="TypesOfAssetsHeldMember" xlink:to="HeldByCompanyDirectlyMember" xlink:title="presentation: TypesOfAssetsHeldMember to HeldByCompanyDirectlyMember" use="optional" order="10.0" preferredLabel="http://www.xbrl.org/2003/role/label"/>
    <link:loc xlink:type="locator" xlink:href="../../c-ross_core_2015-12-31.xsd#c-ross_HeldByLookThroughMethodMember" xlink:label="HeldByLookThroughMethodMember" xlink:title="HeldByLookThroughMethodMember"/>
    <link:presentationArc xlink:type="arc" xlink:arcrole="http://www.xbrl.org/2003/arcrole/parent-child" xlink:from="TypesOfAssetsHeldMember" xlink:to="HeldByLookThroughMethodMember" xlink:title="presentation: TypesOfAssetsHeldMember to HeldByLookThroughMethodMember" use="optional" order="20.0" preferredLabel="http://www.xbrl.org/2003/role/label"/>
    <link:loc xlink:type="locator" xlink:href="../../c-ross_core_2015-12-31.xsd#c-ross_InterestRateRiskAssetSecuritizationProductsAbstract" xlink:label="InterestRateRiskAssetSecuritizationProductsAbstract" xlink:title="InterestRateRiskAssetSecuritizationProductsAbstract"/>
    <link:loc xlink:type="locator" xlink:href="../../c-ross_core_2015-12-31.xsd#c-ross_InterestRateRiskAssetSecuritizationProductsTable" xlink:label="InterestRateRiskAssetSecuritizationProductsTable" xlink:title="InterestRateRiskAssetSecuritizationProductsTable"/>
    <link:presentationArc xlink:type="arc" xlink:arcrole="http://www.xbrl.org/2003/arcrole/parent-child" xlink:from="InterestRateRiskAssetSecuritizationProductsAbstract" xlink:to="InterestRateRiskAssetSecuritizationProductsTable" xlink:title="presentation: InterestRateRiskAssetSecuritizationProductsAbstract to InterestRateRiskAssetSecuritizationProductsTable" use="optional" order="10.0" preferredLabel="http://www.xbrl.org/2003/role/label"/>
    <link:loc xlink:type="locator" xlink:href="../../c-ross_core_2015-12-31.xsd#c-ross_InterestRateRiskAssetSecuritizationProductsTypesOfAssetsHeldAxis" xlink:label="InterestRateRiskAssetSecuritizationProductsTypesOfAssetsHeldAxis" xlink:title="InterestRateRiskAssetSecuritizationProductsTypesOfAssetsHeldAxis"/>
    <link:presentationArc xlink:type="arc" xlink:arcrole="http://www.xbrl.org/2003/arcrole/parent-child" xlink:from="InterestRateRiskAssetSecuritizationProductsTable" xlink:to="InterestRateRiskAssetSecuritizationProductsTypesOfAssetsHeldAxis" xlink:title="presentation: InterestRateRiskAssetSecuritizationProductsTable to InterestRateRiskAssetSecuritizationProductsTypesOfAssetsHeldAxis" use="optional" order="10.0" preferredLabel="http://www.xbrl.org/2003/role/label"/>
    <link:presentationArc xlink:type="arc" xlink:arcrole="http://www.xbrl.org/2003/arcrole/parent-child" xlink:from="InterestRateRiskAssetSecuritizationProductsTypesOfAssetsHeldAxis" xlink:to="TypesOfAssetsHeldMember" xlink:title="presentation: InterestRateRiskAssetSecuritizationProductsTypesOfAssetsHeldAxis to TypesOfAssetsHeldMember" use="optional" order="10.0" preferredLabel="http://www.xbrl.org/2003/role/label"/>
    <link:loc xlink:type="locator" xlink:href="../../c-ross_core_2015-12-31.xsd#c-ross_InterestRateRiskTypesOfAssetSecuritizationProductsAxis" xlink:label="InterestRateRiskTypesOfAssetSecuritizationProductsAxis" xlink:title="InterestRateRiskTypesOfAssetSecuritizationProductsAxis"/>
    <link:presentationArc xlink:type="arc" xlink:arcrole="http://www.xbrl.org/2003/arcrole/parent-child" xlink:from="InterestRateRiskAssetSecuritizationProductsTable" xlink:to="InterestRateRiskTypesOfAssetSecuritizationProductsAxis" xlink:title="presentation: InterestRateRiskAssetSecuritizationProductsTable to InterestRateRiskTypesOfAssetSecuritizationProductsAxis" use="optional" order="20.0" preferredLabel="http://www.xbrl.org/2003/role/label"/>
    <link:loc xlink:type="locator" xlink:href="../../c-ross_core_2015-12-31.xsd#c-ross_TypesOfAssetSecuritizationProductsMember" xlink:label="TypesOfAssetSecuritizationProductsMember" xlink:title="TypesOfAssetSecuritizationProductsMember"/>
    <link:presentationArc xlink:type="arc" xlink:arcrole="http://www.xbrl.org/2003/arcrole/parent-child" xlink:from="InterestRateRiskTypesOfAssetSecuritizationProductsAxis" xlink:to="TypesOfAssetSecuritizationProductsMember" xlink:title="presentation: InterestRateRiskTypesOfAssetSecuritizationProductsAxis to TypesOfAssetSecuritizationProductsMember" use="optional" order="10.0" preferredLabel="http://www.xbrl.org/2003/role/label"/>
    <link:loc xlink:type="locator" xlink:href="../../c-ross_core_2015-12-31.xsd#c-ross_SpecialAssetManagementPlansOfSecuritiesCompanyMember" xlink:label="SpecialAssetManagementPlansOfSecuritiesCompanyMember" xlink:title="SpecialAssetManagementPlansOfSecuritiesCompanyMember"/>
    <link:presentationArc xlink:type="arc" xlink:arcrole="http://www.xbrl.org/2003/arcrole/parent-child" xlink:from="TypesOfAssetSecuritizationProductsMember" xlink:to="SpecialAssetManagementPlansOfSecuritiesCompanyMember" xlink:title="presentation: TypesOfAssetSecuritizationProductsMember to SpecialAssetManagementPlansOfSecuritiesCompanyMember" use="optional" order="10.0" preferredLabel="http://www.xbrl.org/2003/role/label"/>
    <link:loc xlink:type="locator" xlink:href="../../c-ross_core_2015-12-31.xsd#c-ross_CreditAssetBackedSecuritiesMember" xlink:label="CreditAssetBackedSecuritiesMember" xlink:title="CreditAssetBackedSecuritiesMember"/>
    <link:presentationArc xlink:type="arc" xlink:arcrole="http://www.xbrl.org/2003/arcrole/parent-child" xlink:from="TypesOfAssetSecuritizationProductsMember" xlink:to="CreditAssetBackedSecuritiesMember" xlink:title="presentation: TypesOfAssetSecuritizationProductsMember to CreditAssetBackedSecuritiesMember" use="optional" order="20.0" preferredLabel="http://www.xbrl.org/2003/role/label"/>
    <link:loc xlink:type="locator" xlink:href="../../c-ross_core_2015-12-31.xsd#c-ross_InterestRateRiskAssetSecuritizationProductsLineItems" xlink:label="InterestRateRiskAssetSecuritizationProductsLineItems" xlink:title="InterestRateRiskAssetSecuritizationProductsLineItems"/>
    <link:presentationArc xlink:type="arc" xlink:arcrole="http://www.xbrl.org/2003/arcrole/parent-child" xlink:from="InterestRateRiskAssetSecuritizationProductsAbstract" xlink:to="InterestRateRiskAssetSecuritizationProductsLineItems" xlink:title="presentation: InterestRateRiskAssetSecuritizationProductsAbstract to InterestRateRiskAssetSecuritizationProductsLineItems" use="optional" order="20.0" preferredLabel="http://www.xbrl.org/2003/role/label"/>
    <link:loc xlink:type="locator" xlink:href="../../c-ross_core_2015-12-31.xsd#c-ross_InterestRateRiskAssetSecuritizationProductsProductName" xlink:label="InterestRateRiskAssetSecuritizationProductsSecurityName" xlink:title="InterestRateRiskAssetSecuritizationProductsSecurityName"/>
    <link:presentationArc xlink:type="arc" xlink:arcrole="http://www.xbrl.org/2003/arcrole/parent-child" xlink:from="InterestRateRiskAssetSecuritizationProductsLineItems" xlink:to="InterestRateRiskAssetSecuritizationProductsSecurityName" xlink:title="presentation: InterestRateRiskAssetSecuritizationProductsLineItems to InterestRateRiskAssetSecuritizationProductsSecurityName" use="optional" order="10.0" preferredLabel="http://www.xbrl.org/2003/role/terseLabel"/>
    <link:loc xlink:type="locator" xlink:href="../../c-ross_core_2015-12-31.xsd#c-ross_InterestRateRiskAssetSecuritizationProductsProductCode" xlink:label="InterestRateRiskAssetSecuritizationProductsSecurityCode" xlink:title="InterestRateRiskAssetSecuritizationProductsSecurityCode"/>
    <link:presentationArc xlink:type="arc" xlink:arcrole="http://www.xbrl.org/2003/arcrole/parent-child" xlink:from="InterestRateRiskAssetSecuritizationProductsLineItems" xlink:to="InterestRateRiskAssetSecuritizationProductsSecurityCode" xlink:title="presentation: InterestRateRiskAssetSecuritizationProductsLineItems to InterestRateRiskAssetSecuritizationProductsSecurityCode" use="optional" order="20.0" preferredLabel="http://www.xbrl.org/2003/role/terseLabel"/>
    <link:loc xlink:type="locator" xlink:href="../../c-ross_core_2015-12-31.xsd#c-ross_InterestRateRiskAssetSecuritizationProductsModifiedDuration" xlink:label="InterestRateRiskAssetSecuritizationProductsModifiedDuration" xlink:title="InterestRateRiskAssetSecuritizationProductsModifiedDuration"/>
    <link:presentationArc xlink:type="arc" xlink:arcrole="http://www.xbrl.org/2003/arcrole/parent-child" xlink:from="InterestRateRiskAssetSecuritizationProductsLineItems" xlink:to="InterestRateRiskAssetSecuritizationProductsModifiedDuration" xlink:title="presentation: InterestRateRiskAssetSecuritizationProductsLineItems to InterestRateRiskAssetSecuritizationProductsModifiedDuration" use="optional" order="30.0" preferredLabel="http://www.xbrl.org/2003/role/terseLabel"/>
    <link:loc xlink:type="locator" xlink:href="../../c-ross_core_2015-12-31.xsd#c-ross_InterestRateRiskAssetSecuritizationProductsAdmittedValue" xlink:label="InterestRateRiskAssetSecuritizationProductsAdmittedValue" xlink:title="InterestRateRiskAssetSecuritizationProductsAdmittedValue"/>
    <link:presentationArc xlink:type="arc" xlink:arcrole="http://www.xbrl.org/2003/arcrole/parent-child" xlink:from="InterestRateRiskAssetSecuritizationProductsLineItems" xlink:to="InterestRateRiskAssetSecuritizationProductsAdmittedValue" xlink:title="presentation: InterestRateRiskAssetSecuritizationProductsLineItems to InterestRateRiskAssetSecuritizationProductsAdmittedValue" use="optional" order="40.0" preferredLabel="http://www.xbrl.org/2003/role/terseLabel"/>
    <link:loc xlink:type="locator" xlink:href="../../c-ross_core_2015-12-31.xsd#c-ross_InterestRateRiskAssetSecuritizationProductsRiskExposure" xlink:label="InterestRateRiskAssetSecuritizationProductsRiskExposure" xlink:title="InterestRateRiskAssetSecuritizationProductsRiskExposure"/>
    <link:presentationArc xlink:type="arc" xlink:arcrole="http://www.xbrl.org/2003/arcrole/parent-child" xlink:from="InterestRateRiskAssetSecuritizationProductsLineItems" xlink:to="InterestRateRiskAssetSecuritizationProductsRiskExposure" xlink:title="presentation: InterestRateRiskAssetSecuritizationProductsLineItems to InterestRateRiskAssetSecuritizationProductsRiskExposure" use="optional" order="50.0" preferredLabel="http://www.xbrl.org/2003/role/terseLabel"/>
    <link:loc xlink:type="locator" xlink:href="../../c-ross_core_2015-12-31.xsd#c-ross_InterestRateRiskAssetSecuritizationProductsBaseRiskFactor" xlink:label="InterestRateRiskAssetSecuritizationProductsBaseRiskFactor" xlink:title="InterestRateRiskAssetSecuritizationProductsBaseRiskFactor"/>
    <link:presentationArc xlink:type="arc" xlink:arcrole="http://www.xbrl.org/2003/arcrole/parent-child" xlink:from="InterestRateRiskAssetSecuritizationProductsLineItems" xlink:to="InterestRateRiskAssetSecuritizationProductsBaseRiskFactor" xlink:title="presentation: InterestRateRiskAssetSecuritizationProductsLineItems to InterestRateRiskAssetSecuritizationProductsBaseRiskFactor" use="optional" order="60.0" preferredLabel="http://www.xbrl.org/2003/role/terseLabel"/>
    <link:loc xlink:type="locator" xlink:href="../../c-ross_core_2015-12-31.xsd#c-ross_InterestRateRiskAssetSecuritizationProductsMinimumCapital" xlink:label="InterestRateRiskAssetSecuritizationProductsMinimumCapital" xlink:title="InterestRateRiskAssetSecuritizationProductsMinimumCapital"/>
    <link:presentationArc xlink:type="arc" xlink:arcrole="http://www.xbrl.org/2003/arcrole/parent-child" xlink:from="InterestRateRiskAssetSecuritizationProductsLineItems" xlink:to="InterestRateRiskAssetSecuritizationProductsMinimumCapital" xlink:title="presentation: InterestRateRiskAssetSecuritizationProductsLineItems to InterestRateRiskAssetSecuritizationProductsMinimumCapital" use="optional" order="70.0" preferredLabel="http://www.xbrl.org/2003/role/terseLabel"/>
  </link:presentationLink>
  <link:presentationLink xlink:type="extended" xlink:role="http://xbrl.circ.gov.cn/role/c-ross_2015-12-31_role-3160400a">
    <link:loc xlink:type="locator" xlink:href="../../c-ross_core_2015-12-31.xsd#c-ross_TypesOfAssetsHeldMember" xlink:label="TypesOfAssetsHeldMember" xlink:title="TypesOfAssetsHeldMember"/>
    <link:loc xlink:type="locator" xlink:href="../../c-ross_core_2015-12-31.xsd#c-ross_HeldByCompanyDirectlyMember" xlink:label="HeldByCompanyDirectlyMember" xlink:title="HeldByCompanyDirectlyMember"/>
    <link:presentationArc xlink:type="arc" xlink:arcrole="http://www.xbrl.org/2003/arcrole/parent-child" xlink:from="TypesOfAssetsHeldMember" xlink:to="HeldByCompanyDirectlyMember" xlink:title="presentation: TypesOfAssetsHeldMember to HeldByCompanyDirectlyMember" use="optional" order="10.0" preferredLabel="http://www.xbrl.org/2003/role/label"/>
    <link:loc xlink:type="locator" xlink:href="../../c-ross_core_2015-12-31.xsd#c-ross_InterestRateRiskAssetSecuritizationProductsTable" xlink:label="InterestRateRiskAssetSecuritizationProductsTable" xlink:title="InterestRateRiskAssetSecuritizationProductsTable"/>
    <link:loc xlink:type="locator" xlink:href="../../c-ross_core_2015-12-31.xsd#c-ross_InterestRateRiskAssetSecuritizationProductsTypesOfAssetsHeldAxis" xlink:label="InterestRateRiskAssetSecuritizationProductsTypesOfAssetsHeldAxis" xlink:title="InterestRateRiskAssetSecuritizationProductsTypesOfAssetsHeldAxis"/>
    <link:presentationArc xlink:type="arc" xlink:arcrole="http://www.xbrl.org/2003/arcrole/parent-child" xlink:from="InterestRateRiskAssetSecuritizationProductsTable" xlink:to="InterestRateRiskAssetSecuritizationProductsTypesOfAssetsHeldAxis" xlink:title="presentation: InterestRateRiskAssetSecuritizationProductsTable to InterestRateRiskAssetSecuritizationProductsTypesOfAssetsHeldAxis" use="optional" order="10.0" preferredLabel="http://www.xbrl.org/2003/role/label"/>
    <link:presentationArc xlink:type="arc" xlink:arcrole="http://www.xbrl.org/2003/arcrole/parent-child" xlink:from="InterestRateRiskAssetSecuritizationProductsTypesOfAssetsHeldAxis" xlink:to="TypesOfAssetsHeldMember" xlink:title="presentation: InterestRateRiskAssetSecuritizationProductsTypesOfAssetsHeldAxis to TypesOfAssetsHeldMember" use="optional" order="10.0" preferredLabel="http://www.xbrl.org/2003/role/label"/>
    <link:loc xlink:type="locator" xlink:href="../../c-ross_core_2015-12-31.xsd#c-ross_InterestRateRiskTypesOfAssetSecuritizationProductsAxis" xlink:label="InterestRateRiskTypesOfAssetSecuritizationProductsAxis" xlink:title="InterestRateRiskTypesOfAssetSecuritizationProductsAxis"/>
    <link:presentationArc xlink:type="arc" xlink:arcrole="http://www.xbrl.org/2003/arcrole/parent-child" xlink:from="InterestRateRiskAssetSecuritizationProductsTable" xlink:to="InterestRateRiskTypesOfAssetSecuritizationProductsAxis" xlink:title="presentation: InterestRateRiskAssetSecuritizationProductsTable to InterestRateRiskTypesOfAssetSecuritizationProductsAxis" use="optional" order="20.0" preferredLabel="http://www.xbrl.org/2003/role/label"/>
    <link:loc xlink:type="locator" xlink:href="../../c-ross_core_2015-12-31.xsd#c-ross_TypesOfAssetSecuritizationProductsMember" xlink:label="TypesOfAssetSecuritizationProductsMember" xlink:title="TypesOfAssetSecuritizationProductsMember"/>
    <link:presentationArc xlink:type="arc" xlink:arcrole="http://www.xbrl.org/2003/arcrole/parent-child" xlink:from="InterestRateRiskTypesOfAssetSecuritizationProductsAxis" xlink:to="TypesOfAssetSecuritizationProductsMember" xlink:title="presentation: InterestRateRiskTypesOfAssetSecuritizationProductsAxis to TypesOfAssetSecuritizationProductsMember" use="optional" order="10.0" preferredLabel="http://www.xbrl.org/2003/role/label"/>
    <link:loc xlink:type="locator" xlink:href="../../c-ross_core_2015-12-31.xsd#c-ross_SpecialAssetManagementPlansOfSecuritiesCompanyMember" xlink:label="SpecialAssetManagementPlansOfSecuritiesCompanyMember" xlink:title="SpecialAssetManagementPlansOfSecuritiesCompanyMember"/>
    <link:presentationArc xlink:type="arc" xlink:arcrole="http://www.xbrl.org/2003/arcrole/parent-child" xlink:from="TypesOfAssetSecuritizationProductsMember" xlink:to="SpecialAssetManagementPlansOfSecuritiesCompanyMember" xlink:title="presentation: TypesOfAssetSecuritizationProductsMember to SpecialAssetManagementPlansOfSecuritiesCompanyMember" use="optional" order="10.0" preferredLabel="http://www.xbrl.org/2003/role/label"/>
    <link:loc xlink:type="locator" xlink:href="../../c-ross_core_2015-12-31.xsd#c-ross_InterestRateRiskAssetSecuritizationProductsSpecialAssetManagementPlansOfSecuritiesCompanyHeldByCompanyDirectlyLineNumberAxis" xlink:label="InterestRateRiskAssetSecuritizationProductsSpecialAssetManagementPlansOfSecuritiesCompaniesHeldByCompanyDirectlyLineNumberAxis" xlink:title="InterestRateRiskAssetSecuritizationProductsSpecialAssetManagementPlansOfSecuritiesCompaniesHeldByCompanyDirectlyLineNumberAxis"/>
    <link:presentationArc xlink:type="arc" xlink:arcrole="http://www.xbrl.org/2003/arcrole/parent-child" xlink:from="InterestRateRiskAssetSecuritizationProductsTable" xlink:to="InterestRateRiskAssetSecuritizationProductsSpecialAssetManagementPlansOfSecuritiesCompaniesHeldByCompanyDirectlyLineNumberAxis" xlink:title="presentation: InterestRateRiskAssetSecuritizationProductsTable to InterestRateRiskAssetSecuritizationProductsSpecialAssetManagementPlansOfSecuritiesCompaniesHeldByCompanyDirectlyLineNumberAxis" use="optional" order="30.0" preferredLabel="http://www.xbrl.org/2003/role/terseLabel"/>
    <link:loc xlink:type="locator" xlink:href="../../c-ross_core_2015-12-31.xsd#c-ross_InterestRateRiskAssetSecuritizationProductsLineItems" xlink:label="InterestRateRiskAssetSecuritizationProductsLineItems" xlink:title="InterestRateRiskAssetSecuritizationProductsLineItems"/>
    <link:loc xlink:type="locator" xlink:href="../../c-ross_core_2015-12-31.xsd#c-ross_InterestRateRiskAssetSecuritizationProductsProductName" xlink:label="InterestRateRiskAssetSecuritizationProductsSecurityName" xlink:title="InterestRateRiskAssetSecuritizationProductsSecurityName"/>
    <link:presentationArc xlink:type="arc" xlink:arcrole="http://www.xbrl.org/2003/arcrole/parent-child" xlink:from="InterestRateRiskAssetSecuritizationProductsLineItems" xlink:to="InterestRateRiskAssetSecuritizationProductsSecurityName" xlink:title="presentation: InterestRateRiskAssetSecuritizationProductsLineItems to InterestRateRiskAssetSecuritizationProductsSecurityName" use="optional" order="10.0" preferredLabel="http://www.xbrl.org/2003/role/terseLabel"/>
    <link:loc xlink:type="locator" xlink:href="../../c-ross_core_2015-12-31.xsd#c-ross_InterestRateRiskAssetSecuritizationProductsProductCode" xlink:label="InterestRateRiskAssetSecuritizationProductsSecurityCode" xlink:title="InterestRateRiskAssetSecuritizationProductsSecurityCode"/>
    <link:presentationArc xlink:type="arc" xlink:arcrole="http://www.xbrl.org/2003/arcrole/parent-child" xlink:from="InterestRateRiskAssetSecuritizationProductsLineItems" xlink:to="InterestRateRiskAssetSecuritizationProductsSecurityCode" xlink:title="presentation: InterestRateRiskAssetSecuritizationProductsLineItems to InterestRateRiskAssetSecuritizationProductsSecurityCode" use="optional" order="20.0" preferredLabel="http://www.xbrl.org/2003/role/terseLabel"/>
    <link:loc xlink:type="locator" xlink:href="../../c-ross_core_2015-12-31.xsd#c-ross_InterestRateRiskAssetSecuritizationProductsModifiedDuration" xlink:label="InterestRateRiskAssetSecuritizationProductsModifiedDuration" xlink:title="InterestRateRiskAssetSecuritizationProductsModifiedDuration"/>
    <link:presentationArc xlink:type="arc" xlink:arcrole="http://www.xbrl.org/2003/arcrole/parent-child" xlink:from="InterestRateRiskAssetSecuritizationProductsLineItems" xlink:to="InterestRateRiskAssetSecuritizationProductsModifiedDuration" xlink:title="presentation: InterestRateRiskAssetSecuritizationProductsLineItems to InterestRateRiskAssetSecuritizationProductsModifiedDuration" use="optional" order="30.0" preferredLabel="http://www.xbrl.org/2003/role/terseLabel"/>
    <link:loc xlink:type="locator" xlink:href="../../c-ross_core_2015-12-31.xsd#c-ross_InterestRateRiskAssetSecuritizationProductsAdmittedValue" xlink:label="InterestRateRiskAssetSecuritizationProductsAdmittedValue" xlink:title="InterestRateRiskAssetSecuritizationProductsAdmittedValue"/>
    <link:presentationArc xlink:type="arc" xlink:arcrole="http://www.xbrl.org/2003/arcrole/parent-child" xlink:from="InterestRateRiskAssetSecuritizationProductsLineItems" xlink:to="InterestRateRiskAssetSecuritizationProductsAdmittedValue" xlink:title="presentation: InterestRateRiskAssetSecuritizationProductsLineItems to InterestRateRiskAssetSecuritizationProductsAdmittedValue" use="optional" order="40.0" preferredLabel="http://www.xbrl.org/2003/role/terseLabel"/>
    <link:loc xlink:type="locator" xlink:href="../../c-ross_core_2015-12-31.xsd#c-ross_InterestRateRiskAssetSecuritizationProductsRiskExposure" xlink:label="InterestRateRiskAssetSecuritizationProductsRiskExposure" xlink:title="InterestRateRiskAssetSecuritizationProductsRiskExposure"/>
    <link:presentationArc xlink:type="arc" xlink:arcrole="http://www.xbrl.org/2003/arcrole/parent-child" xlink:from="InterestRateRiskAssetSecuritizationProductsLineItems" xlink:to="InterestRateRiskAssetSecuritizationProductsRiskExposure" xlink:title="presentation: InterestRateRiskAssetSecuritizationProductsLineItems to InterestRateRiskAssetSecuritizationProductsRiskExposure" use="optional" order="50.0" preferredLabel="http://www.xbrl.org/2003/role/terseLabel"/>
    <link:loc xlink:type="locator" xlink:href="../../c-ross_core_2015-12-31.xsd#c-ross_InterestRateRiskAssetSecuritizationProductsBaseRiskFactor" xlink:label="InterestRateRiskAssetSecuritizationProductsBaseRiskFactor" xlink:title="InterestRateRiskAssetSecuritizationProductsBaseRiskFactor"/>
    <link:presentationArc xlink:type="arc" xlink:arcrole="http://www.xbrl.org/2003/arcrole/parent-child" xlink:from="InterestRateRiskAssetSecuritizationProductsLineItems" xlink:to="InterestRateRiskAssetSecuritizationProductsBaseRiskFactor" xlink:title="presentation: InterestRateRiskAssetSecuritizationProductsLineItems to InterestRateRiskAssetSecuritizationProductsBaseRiskFactor" use="optional" order="60.0" preferredLabel="http://www.xbrl.org/2003/role/terseLabel"/>
    <link:loc xlink:type="locator" xlink:href="../../c-ross_core_2015-12-31.xsd#c-ross_InterestRateRiskAssetSecuritizationProductsMinimumCapital" xlink:label="InterestRateRiskAssetSecuritizationProductsMinimumCapital" xlink:title="InterestRateRiskAssetSecuritizationProductsMinimumCapital"/>
    <link:presentationArc xlink:type="arc" xlink:arcrole="http://www.xbrl.org/2003/arcrole/parent-child" xlink:from="InterestRateRiskAssetSecuritizationProductsLineItems" xlink:to="InterestRateRiskAssetSecuritizationProductsMinimumCapital" xlink:title="presentation: InterestRateRiskAssetSecuritizationProductsLineItems to InterestRateRiskAssetSecuritizationProductsMinimumCapital" use="optional" order="70.0" preferredLabel="http://www.xbrl.org/2003/role/terseLabel"/>
    <link:loc xlink:type="locator" xlink:href="../../c-ross_core_2015-12-31.xsd#c-ross_InterestRateRiskAssetSecuritizationProductsSpecialAssetManagementPlansOfSecuritiesCompanyHeldByCompanyDirectlyAbstract" xlink:label="InterestRateRiskAssetSecuritizationProductsSpecialAssetManagementPlansOfSecuritiesCompanyHeldByCompanyDirectlyAbstract" xlink:title="InterestRateRiskAssetSecuritizationProductsSpecialAssetManagementPlansOfSecuritiesCompanyHeldByCompanyDirectlyAbstract"/>
    <link:presentationArc xlink:type="arc" xlink:arcrole="http://www.xbrl.org/2003/arcrole/parent-child" xlink:from="InterestRateRiskAssetSecuritizationProductsSpecialAssetManagementPlansOfSecuritiesCompanyHeldByCompanyDirectlyAbstract" xlink:to="InterestRateRiskAssetSecuritizationProductsTable" xlink:title="presentation: InterestRateRiskAssetSecuritizationProductsSpecialAssetManagementPlansOfSecuritiesCompanyHeldByCompanyDirectlyAbstract to InterestRateRiskAssetSecuritizationProductsTable" use="optional" order="10.0" preferredLabel="http://www.xbrl.org/2003/role/label"/>
    <link:presentationArc xlink:type="arc" xlink:arcrole="http://www.xbrl.org/2003/arcrole/parent-child" xlink:from="InterestRateRiskAssetSecuritizationProductsSpecialAssetManagementPlansOfSecuritiesCompanyHeldByCompanyDirectlyAbstract" xlink:to="InterestRateRiskAssetSecuritizationProductsLineItems" xlink:title="presentation: InterestRateRiskAssetSecuritizationProductsSpecialAssetManagementPlansOfSecuritiesCompanyHeldByCompanyDirectlyAbstract to InterestRateRiskAssetSecuritizationProductsLineItems" use="optional" order="20.0" preferredLabel="http://www.xbrl.org/2003/role/label"/>
  </link:presentationLink>
  <link:presentationLink xlink:type="extended" xlink:role="http://xbrl.circ.gov.cn/role/c-ross_2015-12-31_role-3160400b">
    <link:loc xlink:type="locator" xlink:href="../../c-ross_core_2015-12-31.xsd#c-ross_TypesOfAssetsHeldMember" xlink:label="TypesOfAssetsHeldMember" xlink:title="TypesOfAssetsHeldMember"/>
    <link:loc xlink:type="locator" xlink:href="../../c-ross_core_2015-12-31.xsd#c-ross_HeldByCompanyDirectlyMember" xlink:label="HeldByCompanyDirectlyMember" xlink:title="HeldByCompanyDirectlyMember"/>
    <link:presentationArc xlink:type="arc" xlink:arcrole="http://www.xbrl.org/2003/arcrole/parent-child" xlink:from="TypesOfAssetsHeldMember" xlink:to="HeldByCompanyDirectlyMember" xlink:title="presentation: TypesOfAssetsHeldMember to HeldByCompanyDirectlyMember" use="optional" order="10.0" preferredLabel="http://www.xbrl.org/2003/role/label"/>
    <link:loc xlink:type="locator" xlink:href="../../c-ross_core_2015-12-31.xsd#c-ross_InterestRateRiskAssetSecuritizationProductsTable" xlink:label="InterestRateRiskAssetSecuritizationProductsTable" xlink:title="InterestRateRiskAssetSecuritizationProductsTable"/>
    <link:loc xlink:type="locator" xlink:href="../../c-ross_core_2015-12-31.xsd#c-ross_InterestRateRiskAssetSecuritizationProductsTypesOfAssetsHeldAxis" xlink:label="InterestRateRiskAssetSecuritizationProductsTypesOfAssetsHeldAxis" xlink:title="InterestRateRiskAssetSecuritizationProductsTypesOfAssetsHeldAxis"/>
    <link:presentationArc xlink:type="arc" xlink:arcrole="http://www.xbrl.org/2003/arcrole/parent-child" xlink:from="InterestRateRiskAssetSecuritizationProductsTable" xlink:to="InterestRateRiskAssetSecuritizationProductsTypesOfAssetsHeldAxis" xlink:title="presentation: InterestRateRiskAssetSecuritizationProductsTable to InterestRateRiskAssetSecuritizationProductsTypesOfAssetsHeldAxis" use="optional" order="10.0" preferredLabel="http://www.xbrl.org/2003/role/label"/>
    <link:presentationArc xlink:type="arc" xlink:arcrole="http://www.xbrl.org/2003/arcrole/parent-child" xlink:from="InterestRateRiskAssetSecuritizationProductsTypesOfAssetsHeldAxis" xlink:to="TypesOfAssetsHeldMember" xlink:title="presentation: InterestRateRiskAssetSecuritizationProductsTypesOfAssetsHeldAxis to TypesOfAssetsHeldMember" use="optional" order="10.0" preferredLabel="http://www.xbrl.org/2003/role/label"/>
    <link:loc xlink:type="locator" xlink:href="../../c-ross_core_2015-12-31.xsd#c-ross_InterestRateRiskTypesOfAssetSecuritizationProductsAxis" xlink:label="InterestRateRiskTypesOfAssetSecuritizationProductsAxis" xlink:title="InterestRateRiskTypesOfAssetSecuritizationProductsAxis"/>
    <link:presentationArc xlink:type="arc" xlink:arcrole="http://www.xbrl.org/2003/arcrole/parent-child" xlink:from="InterestRateRiskAssetSecuritizationProductsTable" xlink:to="InterestRateRiskTypesOfAssetSecuritizationProductsAxis" xlink:title="presentation: InterestRateRiskAssetSecuritizationProductsTable to InterestRateRiskTypesOfAssetSecuritizationProductsAxis" use="optional" order="20.0" preferredLabel="http://www.xbrl.org/2003/role/label"/>
    <link:loc xlink:type="locator" xlink:href="../../c-ross_core_2015-12-31.xsd#c-ross_TypesOfAssetSecuritizationProductsMember" xlink:label="TypesOfAssetSecuritizationProductsMember" xlink:title="TypesOfAssetSecuritizationProductsMember"/>
    <link:presentationArc xlink:type="arc" xlink:arcrole="http://www.xbrl.org/2003/arcrole/parent-child" xlink:from="InterestRateRiskTypesOfAssetSecuritizationProductsAxis" xlink:to="TypesOfAssetSecuritizationProductsMember" xlink:title="presentation: InterestRateRiskTypesOfAssetSecuritizationProductsAxis to TypesOfAssetSecuritizationProductsMember" use="optional" order="10.0" preferredLabel="http://www.xbrl.org/2003/role/label"/>
    <link:loc xlink:type="locator" xlink:href="../../c-ross_core_2015-12-31.xsd#c-ross_CreditAssetBackedSecuritiesMember" xlink:label="CreditAssetBackedSecuritiesMember" xlink:title="CreditAssetBackedSecuritiesMember"/>
    <link:presentationArc xlink:type="arc" xlink:arcrole="http://www.xbrl.org/2003/arcrole/parent-child" xlink:from="TypesOfAssetSecuritizationProductsMember" xlink:to="CreditAssetBackedSecuritiesMember" xlink:title="presentation: TypesOfAssetSecuritizationProductsMember to CreditAssetBackedSecuritiesMember" use="optional" order="10.0" preferredLabel="http://www.xbrl.org/2003/role/label"/>
    <link:loc xlink:type="locator" xlink:href="../../c-ross_core_2015-12-31.xsd#c-ross_InterestRateRiskAssetSecuritizationProductsCreditAssetBackedSecuritiesHeldByCompanyDirectlyLineNumberAxis" xlink:label="InterestRateRiskAssetSecuritizationProductsCreditAssetBackedSecuritiesHeldByCompanyDirectlyLineNumberAxis" xlink:title="InterestRateRiskAssetSecuritizationProductsCreditAssetBackedSecuritiesHeldByCompanyDirectlyLineNumberAxis"/>
    <link:presentationArc xlink:type="arc" xlink:arcrole="http://www.xbrl.org/2003/arcrole/parent-child" xlink:from="InterestRateRiskAssetSecuritizationProductsTable" xlink:to="InterestRateRiskAssetSecuritizationProductsCreditAssetBackedSecuritiesHeldByCompanyDirectlyLineNumberAxis" xlink:title="presentation: InterestRateRiskAssetSecuritizationProductsTable to InterestRateRiskAssetSecuritizationProductsCreditAssetBackedSecuritiesHeldByCompanyDirectlyLineNumberAxis" use="optional" order="30.0" preferredLabel="http://www.xbrl.org/2003/role/terseLabel"/>
    <link:loc xlink:type="locator" xlink:href="../../c-ross_core_2015-12-31.xsd#c-ross_InterestRateRiskAssetSecuritizationProductsLineItems" xlink:label="InterestRateRiskAssetSecuritizationProductsLineItems" xlink:title="InterestRateRiskAssetSecuritizationProductsLineItems"/>
    <link:loc xlink:type="locator" xlink:href="../../c-ross_core_2015-12-31.xsd#c-ross_InterestRateRiskAssetSecuritizationProductsProductName" xlink:label="InterestRateRiskAssetSecuritizationProductsSecurityName" xlink:title="InterestRateRiskAssetSecuritizationProductsSecurityName"/>
    <link:presentationArc xlink:type="arc" xlink:arcrole="http://www.xbrl.org/2003/arcrole/parent-child" xlink:from="InterestRateRiskAssetSecuritizationProductsLineItems" xlink:to="InterestRateRiskAssetSecuritizationProductsSecurityName" xlink:title="presentation: InterestRateRiskAssetSecuritizationProductsLineItems to InterestRateRiskAssetSecuritizationProductsSecurityName" use="optional" order="10.0" preferredLabel="http://www.xbrl.org/2003/role/terseLabel"/>
    <link:loc xlink:type="locator" xlink:href="../../c-ross_core_2015-12-31.xsd#c-ross_InterestRateRiskAssetSecuritizationProductsProductCode" xlink:label="InterestRateRiskAssetSecuritizationProductsSecurityCode" xlink:title="InterestRateRiskAssetSecuritizationProductsSecurityCode"/>
    <link:presentationArc xlink:type="arc" xlink:arcrole="http://www.xbrl.org/2003/arcrole/parent-child" xlink:from="InterestRateRiskAssetSecuritizationProductsLineItems" xlink:to="InterestRateRiskAssetSecuritizationProductsSecurityCode" xlink:title="presentation: InterestRateRiskAssetSecuritizationProductsLineItems to InterestRateRiskAssetSecuritizationProductsSecurityCode" use="optional" order="20.0" preferredLabel="http://www.xbrl.org/2003/role/terseLabel"/>
    <link:loc xlink:type="locator" xlink:href="../../c-ross_core_2015-12-31.xsd#c-ross_InterestRateRiskAssetSecuritizationProductsModifiedDuration" xlink:label="InterestRateRiskAssetSecuritizationProductsModifiedDuration" xlink:title="InterestRateRiskAssetSecuritizationProductsModifiedDuration"/>
    <link:presentationArc xlink:type="arc" xlink:arcrole="http://www.xbrl.org/2003/arcrole/parent-child" xlink:from="InterestRateRiskAssetSecuritizationProductsLineItems" xlink:to="InterestRateRiskAssetSecuritizationProductsModifiedDuration" xlink:title="presentation: InterestRateRiskAssetSecuritizationProductsLineItems to InterestRateRiskAssetSecuritizationProductsModifiedDuration" use="optional" order="30.0" preferredLabel="http://www.xbrl.org/2003/role/terseLabel"/>
    <link:loc xlink:type="locator" xlink:href="../../c-ross_core_2015-12-31.xsd#c-ross_InterestRateRiskAssetSecuritizationProductsAdmittedValue" xlink:label="InterestRateRiskAssetSecuritizationProductsAdmittedValue" xlink:title="InterestRateRiskAssetSecuritizationProductsAdmittedValue"/>
    <link:presentationArc xlink:type="arc" xlink:arcrole="http://www.xbrl.org/2003/arcrole/parent-child" xlink:from="InterestRateRiskAssetSecuritizationProductsLineItems" xlink:to="InterestRateRiskAssetSecuritizationProductsAdmittedValue" xlink:title="presentation: InterestRateRiskAssetSecuritizationProductsLineItems to InterestRateRiskAssetSecuritizationProductsAdmittedValue" use="optional" order="40.0" preferredLabel="http://www.xbrl.org/2003/role/terseLabel"/>
    <link:loc xlink:type="locator" xlink:href="../../c-ross_core_2015-12-31.xsd#c-ross_InterestRateRiskAssetSecuritizationProductsRiskExposure" xlink:label="InterestRateRiskAssetSecuritizationProductsRiskExposure" xlink:title="InterestRateRiskAssetSecuritizationProductsRiskExposure"/>
    <link:presentationArc xlink:type="arc" xlink:arcrole="http://www.xbrl.org/2003/arcrole/parent-child" xlink:from="InterestRateRiskAssetSecuritizationProductsLineItems" xlink:to="InterestRateRiskAssetSecuritizationProductsRiskExposure" xlink:title="presentation: InterestRateRiskAssetSecuritizationProductsLineItems to InterestRateRiskAssetSecuritizationProductsRiskExposure" use="optional" order="50.0" preferredLabel="http://www.xbrl.org/2003/role/terseLabel"/>
    <link:loc xlink:type="locator" xlink:href="../../c-ross_core_2015-12-31.xsd#c-ross_InterestRateRiskAssetSecuritizationProductsBaseRiskFactor" xlink:label="InterestRateRiskAssetSecuritizationProductsBaseRiskFactor" xlink:title="InterestRateRiskAssetSecuritizationProductsBaseRiskFactor"/>
    <link:presentationArc xlink:type="arc" xlink:arcrole="http://www.xbrl.org/2003/arcrole/parent-child" xlink:from="InterestRateRiskAssetSecuritizationProductsLineItems" xlink:to="InterestRateRiskAssetSecuritizationProductsBaseRiskFactor" xlink:title="presentation: InterestRateRiskAssetSecuritizationProductsLineItems to InterestRateRiskAssetSecuritizationProductsBaseRiskFactor" use="optional" order="60.0" preferredLabel="http://www.xbrl.org/2003/role/terseLabel"/>
    <link:loc xlink:type="locator" xlink:href="../../c-ross_core_2015-12-31.xsd#c-ross_InterestRateRiskAssetSecuritizationProductsMinimumCapital" xlink:label="InterestRateRiskAssetSecuritizationProductsMinimumCapital" xlink:title="InterestRateRiskAssetSecuritizationProductsMinimumCapital"/>
    <link:presentationArc xlink:type="arc" xlink:arcrole="http://www.xbrl.org/2003/arcrole/parent-child" xlink:from="InterestRateRiskAssetSecuritizationProductsLineItems" xlink:to="InterestRateRiskAssetSecuritizationProductsMinimumCapital" xlink:title="presentation: InterestRateRiskAssetSecuritizationProductsLineItems to InterestRateRiskAssetSecuritizationProductsMinimumCapital" use="optional" order="70.0" preferredLabel="http://www.xbrl.org/2003/role/terseLabel"/>
    <link:loc xlink:type="locator" xlink:href="../../c-ross_core_2015-12-31.xsd#c-ross_InterestRateRiskAssetSecuritizationProductsCreditAssetBackedSecuritiesHeldByCompanyDirectlyAbstract" xlink:label="InterestRateRiskAssetSecuritizationProductsCreditAssetBackedSecuritiesHeldByCompanyDirectlyAbstract" xlink:title="InterestRateRiskAssetSecuritizationProductsCreditAssetBackedSecuritiesHeldByCompanyDirectlyAbstract"/>
    <link:presentationArc xlink:type="arc" xlink:arcrole="http://www.xbrl.org/2003/arcrole/parent-child" xlink:from="InterestRateRiskAssetSecuritizationProductsCreditAssetBackedSecuritiesHeldByCompanyDirectlyAbstract" xlink:to="InterestRateRiskAssetSecuritizationProductsTable" xlink:title="presentation: InterestRateRiskAssetSecuritizationProductsCreditAssetBackedSecuritiesHeldByCompanyDirectlyAbstract to InterestRateRiskAssetSecuritizationProductsTable" use="optional" order="10.0" preferredLabel="http://www.xbrl.org/2003/role/label"/>
    <link:presentationArc xlink:type="arc" xlink:arcrole="http://www.xbrl.org/2003/arcrole/parent-child" xlink:from="InterestRateRiskAssetSecuritizationProductsCreditAssetBackedSecuritiesHeldByCompanyDirectlyAbstract" xlink:to="InterestRateRiskAssetSecuritizationProductsLineItems" xlink:title="presentation: InterestRateRiskAssetSecuritizationProductsCreditAssetBackedSecuritiesHeldByCompanyDirectlyAbstract to InterestRateRiskAssetSecuritizationProductsLineItems" use="optional" order="20.0" preferredLabel="http://www.xbrl.org/2003/role/label"/>
  </link:presentationLink>
  <link:presentationLink xlink:type="extended" xlink:role="http://xbrl.circ.gov.cn/role/c-ross_2015-12-31_role-3160400c">
    <link:loc xlink:type="locator" xlink:href="../../c-ross_core_2015-12-31.xsd#c-ross_TypesOfAssetsHeldMember" xlink:label="TypesOfAssetsHeldMember" xlink:title="TypesOfAssetsHeldMember"/>
    <link:loc xlink:type="locator" xlink:href="../../c-ross_core_2015-12-31.xsd#c-ross_HeldByLookThroughMethodMember" xlink:label="HeldByLookThroughMethodMember" xlink:title="HeldByLookThroughMethodMember"/>
    <link:presentationArc xlink:type="arc" xlink:arcrole="http://www.xbrl.org/2003/arcrole/parent-child" xlink:from="TypesOfAssetsHeldMember" xlink:to="HeldByLookThroughMethodMember" xlink:title="presentation: TypesOfAssetsHeldMember to HeldByLookThroughMethodMember" use="optional" order="10.0" preferredLabel="http://www.xbrl.org/2003/role/label"/>
    <link:loc xlink:type="locator" xlink:href="../../c-ross_core_2015-12-31.xsd#c-ross_InterestRateRiskAssetSecuritizationProductsTable" xlink:label="InterestRateRiskAssetSecuritizationProductsTable" xlink:title="InterestRateRiskAssetSecuritizationProductsTable"/>
    <link:loc xlink:type="locator" xlink:href="../../c-ross_core_2015-12-31.xsd#c-ross_InterestRateRiskAssetSecuritizationProductsTypesOfAssetsHeldAxis" xlink:label="InterestRateRiskAssetSecuritizationProductsTypesOfAssetsHeldAxis" xlink:title="InterestRateRiskAssetSecuritizationProductsTypesOfAssetsHeldAxis"/>
    <link:presentationArc xlink:type="arc" xlink:arcrole="http://www.xbrl.org/2003/arcrole/parent-child" xlink:from="InterestRateRiskAssetSecuritizationProductsTable" xlink:to="InterestRateRiskAssetSecuritizationProductsTypesOfAssetsHeldAxis" xlink:title="presentation: InterestRateRiskAssetSecuritizationProductsTable to InterestRateRiskAssetSecuritizationProductsTypesOfAssetsHeldAxis" use="optional" order="10.0" preferredLabel="http://www.xbrl.org/2003/role/label"/>
    <link:presentationArc xlink:type="arc" xlink:arcrole="http://www.xbrl.org/2003/arcrole/parent-child" xlink:from="InterestRateRiskAssetSecuritizationProductsTypesOfAssetsHeldAxis" xlink:to="TypesOfAssetsHeldMember" xlink:title="presentation: InterestRateRiskAssetSecuritizationProductsTypesOfAssetsHeldAxis to TypesOfAssetsHeldMember" use="optional" order="10.0" preferredLabel="http://www.xbrl.org/2003/role/label"/>
    <link:loc xlink:type="locator" xlink:href="../../c-ross_core_2015-12-31.xsd#c-ross_InterestRateRiskTypesOfAssetSecuritizationProductsAxis" xlink:label="InterestRateRiskTypesOfAssetSecuritizationProductsAxis" xlink:title="InterestRateRiskTypesOfAssetSecuritizationProductsAxis"/>
    <link:presentationArc xlink:type="arc" xlink:arcrole="http://www.xbrl.org/2003/arcrole/parent-child" xlink:from="InterestRateRiskAssetSecuritizationProductsTable" xlink:to="InterestRateRiskTypesOfAssetSecuritizationProductsAxis" xlink:title="presentation: InterestRateRiskAssetSecuritizationProductsTable to InterestRateRiskTypesOfAssetSecuritizationProductsAxis" use="optional" order="20.0" preferredLabel="http://www.xbrl.org/2003/role/label"/>
    <link:loc xlink:type="locator" xlink:href="../../c-ross_core_2015-12-31.xsd#c-ross_TypesOfAssetSecuritizationProductsMember" xlink:label="TypesOfAssetSecuritizationProductsMember" xlink:title="TypesOfAssetSecuritizationProductsMember"/>
    <link:presentationArc xlink:type="arc" xlink:arcrole="http://www.xbrl.org/2003/arcrole/parent-child" xlink:from="InterestRateRiskTypesOfAssetSecuritizationProductsAxis" xlink:to="TypesOfAssetSecuritizationProductsMember" xlink:title="presentation: InterestRateRiskTypesOfAssetSecuritizationProductsAxis to TypesOfAssetSecuritizationProductsMember" use="optional" order="10.0" preferredLabel="http://www.xbrl.org/2003/role/label"/>
    <link:loc xlink:type="locator" xlink:href="../../c-ross_core_2015-12-31.xsd#c-ross_SpecialAssetManagementPlansOfSecuritiesCompanyMember" xlink:label="SpecialAssetManagementPlansOfSecuritiesCompanyMember" xlink:title="SpecialAssetManagementPlansOfSecuritiesCompanyMember"/>
    <link:presentationArc xlink:type="arc" xlink:arcrole="http://www.xbrl.org/2003/arcrole/parent-child" xlink:from="TypesOfAssetSecuritizationProductsMember" xlink:to="SpecialAssetManagementPlansOfSecuritiesCompanyMember" xlink:title="presentation: TypesOfAssetSecuritizationProductsMember to SpecialAssetManagementPlansOfSecuritiesCompanyMember" use="optional" order="10.0" preferredLabel="http://www.xbrl.org/2003/role/label"/>
    <link:loc xlink:type="locator" xlink:href="../../c-ross_core_2015-12-31.xsd#c-ross_InterestRateRiskAssetSecuritizationProductsSpecialAssetManagementPlansOfSecuritiesCompanyHeldByLookThroughMethodLineNumberAxis" xlink:label="InterestRateRiskAssetSecuritizationProductsSpecialAssetManagementPlansOfSecuritiesCompaniesHeldByLookThroughMethodLineNumberAxis" xlink:title="InterestRateRiskAssetSecuritizationProductsSpecialAssetManagementPlansOfSecuritiesCompaniesHeldByLookThroughMethodLineNumberAxis"/>
    <link:presentationArc xlink:type="arc" xlink:arcrole="http://www.xbrl.org/2003/arcrole/parent-child" xlink:from="InterestRateRiskAssetSecuritizationProductsTable" xlink:to="InterestRateRiskAssetSecuritizationProductsSpecialAssetManagementPlansOfSecuritiesCompaniesHeldByLookThroughMethodLineNumberAxis" xlink:title="presentation: InterestRateRiskAssetSecuritizationProductsTable to InterestRateRiskAssetSecuritizationProductsSpecialAssetManagementPlansOfSecuritiesCompaniesHeldByLookThroughMethodLineNumberAxis" use="optional" order="30.0" preferredLabel="http://www.xbrl.org/2003/role/terseLabel"/>
    <link:loc xlink:type="locator" xlink:href="../../c-ross_core_2015-12-31.xsd#c-ross_InterestRateRiskAssetSecuritizationProductsLineItems" xlink:label="InterestRateRiskAssetSecuritizationProductsLineItems" xlink:title="InterestRateRiskAssetSecuritizationProductsLineItems"/>
    <link:loc xlink:type="locator" xlink:href="../../c-ross_core_2015-12-31.xsd#c-ross_InterestRateRiskAssetSecuritizationProductsProductName" xlink:label="InterestRateRiskAssetSecuritizationProductsSecurityName" xlink:title="InterestRateRiskAssetSecuritizationProductsSecurityName"/>
    <link:presentationArc xlink:type="arc" xlink:arcrole="http://www.xbrl.org/2003/arcrole/parent-child" xlink:from="InterestRateRiskAssetSecuritizationProductsLineItems" xlink:to="InterestRateRiskAssetSecuritizationProductsSecurityName" xlink:title="presentation: InterestRateRiskAssetSecuritizationProductsLineItems to InterestRateRiskAssetSecuritizationProductsSecurityName" use="optional" order="10.0" preferredLabel="http://www.xbrl.org/2003/role/terseLabel"/>
    <link:loc xlink:type="locator" xlink:href="../../c-ross_core_2015-12-31.xsd#c-ross_InterestRateRiskAssetSecuritizationProductsProductCode" xlink:label="InterestRateRiskAssetSecuritizationProductsSecurityCode" xlink:title="InterestRateRiskAssetSecuritizationProductsSecurityCode"/>
    <link:presentationArc xlink:type="arc" xlink:arcrole="http://www.xbrl.org/2003/arcrole/parent-child" xlink:from="InterestRateRiskAssetSecuritizationProductsLineItems" xlink:to="InterestRateRiskAssetSecuritizationProductsSecurityCode" xlink:title="presentation: InterestRateRiskAssetSecuritizationProductsLineItems to InterestRateRiskAssetSecuritizationProductsSecurityCode" use="optional" order="20.0" preferredLabel="http://www.xbrl.org/2003/role/terseLabel"/>
    <link:loc xlink:type="locator" xlink:href="../../c-ross_core_2015-12-31.xsd#c-ross_InterestRateRiskAssetSecuritizationProductsModifiedDuration" xlink:label="InterestRateRiskAssetSecuritizationProductsModifiedDuration" xlink:title="InterestRateRiskAssetSecuritizationProductsModifiedDuration"/>
    <link:presentationArc xlink:type="arc" xlink:arcrole="http://www.xbrl.org/2003/arcrole/parent-child" xlink:from="InterestRateRiskAssetSecuritizationProductsLineItems" xlink:to="InterestRateRiskAssetSecuritizationProductsModifiedDuration" xlink:title="presentation: InterestRateRiskAssetSecuritizationProductsLineItems to InterestRateRiskAssetSecuritizationProductsModifiedDuration" use="optional" order="30.0" preferredLabel="http://www.xbrl.org/2003/role/terseLabel"/>
    <link:loc xlink:type="locator" xlink:href="../../c-ross_core_2015-12-31.xsd#c-ross_InterestRateRiskAssetSecuritizationProductsAdmittedValue" xlink:label="InterestRateRiskAssetSecuritizationProductsAdmittedValue" xlink:title="InterestRateRiskAssetSecuritizationProductsAdmittedValue"/>
    <link:presentationArc xlink:type="arc" xlink:arcrole="http://www.xbrl.org/2003/arcrole/parent-child" xlink:from="InterestRateRiskAssetSecuritizationProductsLineItems" xlink:to="InterestRateRiskAssetSecuritizationProductsAdmittedValue" xlink:title="presentation: InterestRateRiskAssetSecuritizationProductsLineItems to InterestRateRiskAssetSecuritizationProductsAdmittedValue" use="optional" order="40.0" preferredLabel="http://www.xbrl.org/2003/role/terseLabel"/>
    <link:loc xlink:type="locator" xlink:href="../../c-ross_core_2015-12-31.xsd#c-ross_InterestRateRiskAssetSecuritizationProductsRiskExposure" xlink:label="InterestRateRiskAssetSecuritizationProductsRiskExposure" xlink:title="InterestRateRiskAssetSecuritizationProductsRiskExposure"/>
    <link:presentationArc xlink:type="arc" xlink:arcrole="http://www.xbrl.org/2003/arcrole/parent-child" xlink:from="InterestRateRiskAssetSecuritizationProductsLineItems" xlink:to="InterestRateRiskAssetSecuritizationProductsRiskExposure" xlink:title="presentation: InterestRateRiskAssetSecuritizationProductsLineItems to InterestRateRiskAssetSecuritizationProductsRiskExposure" use="optional" order="50.0" preferredLabel="http://www.xbrl.org/2003/role/terseLabel"/>
    <link:loc xlink:type="locator" xlink:href="../../c-ross_core_2015-12-31.xsd#c-ross_InterestRateRiskAssetSecuritizationProductsBaseRiskFactor" xlink:label="InterestRateRiskAssetSecuritizationProductsBaseRiskFactor" xlink:title="InterestRateRiskAssetSecuritizationProductsBaseRiskFactor"/>
    <link:presentationArc xlink:type="arc" xlink:arcrole="http://www.xbrl.org/2003/arcrole/parent-child" xlink:from="InterestRateRiskAssetSecuritizationProductsLineItems" xlink:to="InterestRateRiskAssetSecuritizationProductsBaseRiskFactor" xlink:title="presentation: InterestRateRiskAssetSecuritizationProductsLineItems to InterestRateRiskAssetSecuritizationProductsBaseRiskFactor" use="optional" order="60.0" preferredLabel="http://www.xbrl.org/2003/role/terseLabel"/>
    <link:loc xlink:type="locator" xlink:href="../../c-ross_core_2015-12-31.xsd#c-ross_InterestRateRiskAssetSecuritizationProductsMinimumCapital" xlink:label="InterestRateRiskAssetSecuritizationProductsMinimumCapital" xlink:title="InterestRateRiskAssetSecuritizationProductsMinimumCapital"/>
    <link:presentationArc xlink:type="arc" xlink:arcrole="http://www.xbrl.org/2003/arcrole/parent-child" xlink:from="InterestRateRiskAssetSecuritizationProductsLineItems" xlink:to="InterestRateRiskAssetSecuritizationProductsMinimumCapital" xlink:title="presentation: InterestRateRiskAssetSecuritizationProductsLineItems to InterestRateRiskAssetSecuritizationProductsMinimumCapital" use="optional" order="70.0" preferredLabel="http://www.xbrl.org/2003/role/terseLabel"/>
    <link:loc xlink:type="locator" xlink:href="../../c-ross_core_2015-12-31.xsd#c-ross_InterestRateRiskAssetSecuritizationProductsSpecialAssetManagementPlansOfSecuritiesCompanyHeldByLookThroughMethodAbstract" xlink:label="InterestRateRiskAssetSecuritizationProductsSpecialAssetManagementPlansOfSecuritiesCompanyHeldByLookThroughMethodAbstract" xlink:title="InterestRateRiskAssetSecuritizationProductsSpecialAssetManagementPlansOfSecuritiesCompanyHeldByLookThroughMethodAbstract"/>
    <link:presentationArc xlink:type="arc" xlink:arcrole="http://www.xbrl.org/2003/arcrole/parent-child" xlink:from="InterestRateRiskAssetSecuritizationProductsSpecialAssetManagementPlansOfSecuritiesCompanyHeldByLookThroughMethodAbstract" xlink:to="InterestRateRiskAssetSecuritizationProductsTable" xlink:title="presentation: InterestRateRiskAssetSecuritizationProductsSpecialAssetManagementPlansOfSecuritiesCompanyHeldByLookThroughMethodAbstract to InterestRateRiskAssetSecuritizationProductsTable" use="optional" order="10.0" preferredLabel="http://www.xbrl.org/2003/role/label"/>
    <link:presentationArc xlink:type="arc" xlink:arcrole="http://www.xbrl.org/2003/arcrole/parent-child" xlink:from="InterestRateRiskAssetSecuritizationProductsSpecialAssetManagementPlansOfSecuritiesCompanyHeldByLookThroughMethodAbstract" xlink:to="InterestRateRiskAssetSecuritizationProductsLineItems" xlink:title="presentation: InterestRateRiskAssetSecuritizationProductsSpecialAssetManagementPlansOfSecuritiesCompanyHeldByLookThroughMethodAbstract to InterestRateRiskAssetSecuritizationProductsLineItems" use="optional" order="20.0" preferredLabel="http://www.xbrl.org/2003/role/label"/>
  </link:presentationLink>
  <link:presentationLink xlink:type="extended" xlink:role="http://xbrl.circ.gov.cn/role/c-ross_2015-12-31_role-3160400d">
    <link:loc xlink:type="locator" xlink:href="../../c-ross_core_2015-12-31.xsd#c-ross_TypesOfAssetsHeldMember" xlink:label="TypesOfAssetsHeldMember" xlink:title="TypesOfAssetsHeldMember"/>
    <link:loc xlink:type="locator" xlink:href="../../c-ross_core_2015-12-31.xsd#c-ross_HeldByLookThroughMethodMember" xlink:label="HeldByLookThroughMethodMember" xlink:title="HeldByLookThroughMethodMember"/>
    <link:presentationArc xlink:type="arc" xlink:arcrole="http://www.xbrl.org/2003/arcrole/parent-child" xlink:from="TypesOfAssetsHeldMember" xlink:to="HeldByLookThroughMethodMember" xlink:title="presentation: TypesOfAssetsHeldMember to HeldByLookThroughMethodMember" use="optional" order="10.0" preferredLabel="http://www.xbrl.org/2003/role/label"/>
    <link:loc xlink:type="locator" xlink:href="../../c-ross_core_2015-12-31.xsd#c-ross_InterestRateRiskAssetSecuritizationProductsTable" xlink:label="InterestRateRiskAssetSecuritizationProductsTable" xlink:title="InterestRateRiskAssetSecuritizationProductsTable"/>
    <link:loc xlink:type="locator" xlink:href="../../c-ross_core_2015-12-31.xsd#c-ross_InterestRateRiskAssetSecuritizationProductsTypesOfAssetsHeldAxis" xlink:label="InterestRateRiskAssetSecuritizationProductsTypesOfAssetsHeldAxis" xlink:title="InterestRateRiskAssetSecuritizationProductsTypesOfAssetsHeldAxis"/>
    <link:presentationArc xlink:type="arc" xlink:arcrole="http://www.xbrl.org/2003/arcrole/parent-child" xlink:from="InterestRateRiskAssetSecuritizationProductsTable" xlink:to="InterestRateRiskAssetSecuritizationProductsTypesOfAssetsHeldAxis" xlink:title="presentation: InterestRateRiskAssetSecuritizationProductsTable to InterestRateRiskAssetSecuritizationProductsTypesOfAssetsHeldAxis" use="optional" order="10.0" preferredLabel="http://www.xbrl.org/2003/role/label"/>
    <link:presentationArc xlink:type="arc" xlink:arcrole="http://www.xbrl.org/2003/arcrole/parent-child" xlink:from="InterestRateRiskAssetSecuritizationProductsTypesOfAssetsHeldAxis" xlink:to="TypesOfAssetsHeldMember" xlink:title="presentation: InterestRateRiskAssetSecuritizationProductsTypesOfAssetsHeldAxis to TypesOfAssetsHeldMember" use="optional" order="10.0" preferredLabel="http://www.xbrl.org/2003/role/label"/>
    <link:loc xlink:type="locator" xlink:href="../../c-ross_core_2015-12-31.xsd#c-ross_InterestRateRiskTypesOfAssetSecuritizationProductsAxis" xlink:label="InterestRateRiskTypesOfAssetSecuritizationProductsAxis" xlink:title="InterestRateRiskTypesOfAssetSecuritizationProductsAxis"/>
    <link:presentationArc xlink:type="arc" xlink:arcrole="http://www.xbrl.org/2003/arcrole/parent-child" xlink:from="InterestRateRiskAssetSecuritizationProductsTable" xlink:to="InterestRateRiskTypesOfAssetSecuritizationProductsAxis" xlink:title="presentation: InterestRateRiskAssetSecuritizationProductsTable to InterestRateRiskTypesOfAssetSecuritizationProductsAxis" use="optional" order="20.0" preferredLabel="http://www.xbrl.org/2003/role/label"/>
    <link:loc xlink:type="locator" xlink:href="../../c-ross_core_2015-12-31.xsd#c-ross_TypesOfAssetSecuritizationProductsMember" xlink:label="TypesOfAssetSecuritizationProductsMember" xlink:title="TypesOfAssetSecuritizationProductsMember"/>
    <link:presentationArc xlink:type="arc" xlink:arcrole="http://www.xbrl.org/2003/arcrole/parent-child" xlink:from="InterestRateRiskTypesOfAssetSecuritizationProductsAxis" xlink:to="TypesOfAssetSecuritizationProductsMember" xlink:title="presentation: InterestRateRiskTypesOfAssetSecuritizationProductsAxis to TypesOfAssetSecuritizationProductsMember" use="optional" order="10.0" preferredLabel="http://www.xbrl.org/2003/role/label"/>
    <link:loc xlink:type="locator" xlink:href="../../c-ross_core_2015-12-31.xsd#c-ross_CreditAssetBackedSecuritiesMember" xlink:label="CreditAssetBackedSecuritiesMember" xlink:title="CreditAssetBackedSecuritiesMember"/>
    <link:presentationArc xlink:type="arc" xlink:arcrole="http://www.xbrl.org/2003/arcrole/parent-child" xlink:from="TypesOfAssetSecuritizationProductsMember" xlink:to="CreditAssetBackedSecuritiesMember" xlink:title="presentation: TypesOfAssetSecuritizationProductsMember to CreditAssetBackedSecuritiesMember" use="optional" order="10.0" preferredLabel="http://www.xbrl.org/2003/role/label"/>
    <link:loc xlink:type="locator" xlink:href="../../c-ross_core_2015-12-31.xsd#c-ross_InterestRateRiskAssetSecuritizationProductsCreditAssetBackedSecuritiesHeldByLookThroughMethodLineNumberAxis" xlink:label="InterestRateRiskAssetSecuritizationProductsCreditAssetBackedSecuritiesHeldByLookThroughMethodLineNumberAxis" xlink:title="InterestRateRiskAssetSecuritizationProductsCreditAssetBackedSecuritiesHeldByLookThroughMethodLineNumberAxis"/>
    <link:presentationArc xlink:type="arc" xlink:arcrole="http://www.xbrl.org/2003/arcrole/parent-child" xlink:from="InterestRateRiskAssetSecuritizationProductsTable" xlink:to="InterestRateRiskAssetSecuritizationProductsCreditAssetBackedSecuritiesHeldByLookThroughMethodLineNumberAxis" xlink:title="presentation: InterestRateRiskAssetSecuritizationProductsTable to InterestRateRiskAssetSecuritizationProductsCreditAssetBackedSecuritiesHeldByLookThroughMethodLineNumberAxis" use="optional" order="30.0" preferredLabel="http://www.xbrl.org/2003/role/terseLabel"/>
    <link:loc xlink:type="locator" xlink:href="../../c-ross_core_2015-12-31.xsd#c-ross_InterestRateRiskAssetSecuritizationProductsLineItems" xlink:label="InterestRateRiskAssetSecuritizationProductsLineItems" xlink:title="InterestRateRiskAssetSecuritizationProductsLineItems"/>
    <link:loc xlink:type="locator" xlink:href="../../c-ross_core_2015-12-31.xsd#c-ross_InterestRateRiskAssetSecuritizationProductsProductName" xlink:label="InterestRateRiskAssetSecuritizationProductsSecurityName" xlink:title="InterestRateRiskAssetSecuritizationProductsSecurityName"/>
    <link:presentationArc xlink:type="arc" xlink:arcrole="http://www.xbrl.org/2003/arcrole/parent-child" xlink:from="InterestRateRiskAssetSecuritizationProductsLineItems" xlink:to="InterestRateRiskAssetSecuritizationProductsSecurityName" xlink:title="presentation: InterestRateRiskAssetSecuritizationProductsLineItems to InterestRateRiskAssetSecuritizationProductsSecurityName" use="optional" order="10.0" preferredLabel="http://www.xbrl.org/2003/role/terseLabel"/>
    <link:loc xlink:type="locator" xlink:href="../../c-ross_core_2015-12-31.xsd#c-ross_InterestRateRiskAssetSecuritizationProductsProductCode" xlink:label="InterestRateRiskAssetSecuritizationProductsSecurityCode" xlink:title="InterestRateRiskAssetSecuritizationProductsSecurityCode"/>
    <link:presentationArc xlink:type="arc" xlink:arcrole="http://www.xbrl.org/2003/arcrole/parent-child" xlink:from="InterestRateRiskAssetSecuritizationProductsLineItems" xlink:to="InterestRateRiskAssetSecuritizationProductsSecurityCode" xlink:title="presentation: InterestRateRiskAssetSecuritizationProductsLineItems to InterestRateRiskAssetSecuritizationProductsSecurityCode" use="optional" order="20.0" preferredLabel="http://www.xbrl.org/2003/role/terseLabel"/>
    <link:loc xlink:type="locator" xlink:href="../../c-ross_core_2015-12-31.xsd#c-ross_InterestRateRiskAssetSecuritizationProductsModifiedDuration" xlink:label="InterestRateRiskAssetSecuritizationProductsModifiedDuration" xlink:title="InterestRateRiskAssetSecuritizationProductsModifiedDuration"/>
    <link:presentationArc xlink:type="arc" xlink:arcrole="http://www.xbrl.org/2003/arcrole/parent-child" xlink:from="InterestRateRiskAssetSecuritizationProductsLineItems" xlink:to="InterestRateRiskAssetSecuritizationProductsModifiedDuration" xlink:title="presentation: InterestRateRiskAssetSecuritizationProductsLineItems to InterestRateRiskAssetSecuritizationProductsModifiedDuration" use="optional" order="30.0" preferredLabel="http://www.xbrl.org/2003/role/terseLabel"/>
    <link:loc xlink:type="locator" xlink:href="../../c-ross_core_2015-12-31.xsd#c-ross_InterestRateRiskAssetSecuritizationProductsAdmittedValue" xlink:label="InterestRateRiskAssetSecuritizationProductsAdmittedValue" xlink:title="InterestRateRiskAssetSecuritizationProductsAdmittedValue"/>
    <link:presentationArc xlink:type="arc" xlink:arcrole="http://www.xbrl.org/2003/arcrole/parent-child" xlink:from="InterestRateRiskAssetSecuritizationProductsLineItems" xlink:to="InterestRateRiskAssetSecuritizationProductsAdmittedValue" xlink:title="presentation: InterestRateRiskAssetSecuritizationProductsLineItems to InterestRateRiskAssetSecuritizationProductsAdmittedValue" use="optional" order="40.0" preferredLabel="http://www.xbrl.org/2003/role/terseLabel"/>
    <link:loc xlink:type="locator" xlink:href="../../c-ross_core_2015-12-31.xsd#c-ross_InterestRateRiskAssetSecuritizationProductsRiskExposure" xlink:label="InterestRateRiskAssetSecuritizationProductsRiskExposure" xlink:title="InterestRateRiskAssetSecuritizationProductsRiskExposure"/>
    <link:presentationArc xlink:type="arc" xlink:arcrole="http://www.xbrl.org/2003/arcrole/parent-child" xlink:from="InterestRateRiskAssetSecuritizationProductsLineItems" xlink:to="InterestRateRiskAssetSecuritizationProductsRiskExposure" xlink:title="presentation: InterestRateRiskAssetSecuritizationProductsLineItems to InterestRateRiskAssetSecuritizationProductsRiskExposure" use="optional" order="50.0" preferredLabel="http://www.xbrl.org/2003/role/terseLabel"/>
    <link:loc xlink:type="locator" xlink:href="../../c-ross_core_2015-12-31.xsd#c-ross_InterestRateRiskAssetSecuritizationProductsBaseRiskFactor" xlink:label="InterestRateRiskAssetSecuritizationProductsBaseRiskFactor" xlink:title="InterestRateRiskAssetSecuritizationProductsBaseRiskFactor"/>
    <link:presentationArc xlink:type="arc" xlink:arcrole="http://www.xbrl.org/2003/arcrole/parent-child" xlink:from="InterestRateRiskAssetSecuritizationProductsLineItems" xlink:to="InterestRateRiskAssetSecuritizationProductsBaseRiskFactor" xlink:title="presentation: InterestRateRiskAssetSecuritizationProductsLineItems to InterestRateRiskAssetSecuritizationProductsBaseRiskFactor" use="optional" order="60.0" preferredLabel="http://www.xbrl.org/2003/role/terseLabel"/>
    <link:loc xlink:type="locator" xlink:href="../../c-ross_core_2015-12-31.xsd#c-ross_InterestRateRiskAssetSecuritizationProductsMinimumCapital" xlink:label="InterestRateRiskAssetSecuritizationProductsMinimumCapital" xlink:title="InterestRateRiskAssetSecuritizationProductsMinimumCapital"/>
    <link:presentationArc xlink:type="arc" xlink:arcrole="http://www.xbrl.org/2003/arcrole/parent-child" xlink:from="InterestRateRiskAssetSecuritizationProductsLineItems" xlink:to="InterestRateRiskAssetSecuritizationProductsMinimumCapital" xlink:title="presentation: InterestRateRiskAssetSecuritizationProductsLineItems to InterestRateRiskAssetSecuritizationProductsMinimumCapital" use="optional" order="70.0" preferredLabel="http://www.xbrl.org/2003/role/terseLabel"/>
    <link:loc xlink:type="locator" xlink:href="../../c-ross_core_2015-12-31.xsd#c-ross_InterestRateRiskAssetSecuritizationProductsCreditAssetBackedSecuritiesHeldByLookThroughMethodAbstract" xlink:label="InterestRateRiskAssetSecuritizationProductsCreditAssetBackedSecuritiesHeldByLookThroughMethodAbstract" xlink:title="InterestRateRiskAssetSecuritizationProductsCreditAssetBackedSecuritiesHeldByLookThroughMethodAbstract"/>
    <link:presentationArc xlink:type="arc" xlink:arcrole="http://www.xbrl.org/2003/arcrole/parent-child" xlink:from="InterestRateRiskAssetSecuritizationProductsCreditAssetBackedSecuritiesHeldByLookThroughMethodAbstract" xlink:to="InterestRateRiskAssetSecuritizationProductsTable" xlink:title="presentation: InterestRateRiskAssetSecuritizationProductsCreditAssetBackedSecuritiesHeldByLookThroughMethodAbstract to InterestRateRiskAssetSecuritizationProductsTable" use="optional" order="10.0" preferredLabel="http://www.xbrl.org/2003/role/label"/>
    <link:presentationArc xlink:type="arc" xlink:arcrole="http://www.xbrl.org/2003/arcrole/parent-child" xlink:from="InterestRateRiskAssetSecuritizationProductsCreditAssetBackedSecuritiesHeldByLookThroughMethodAbstract" xlink:to="InterestRateRiskAssetSecuritizationProductsLineItems" xlink:title="presentation: InterestRateRiskAssetSecuritizationProductsCreditAssetBackedSecuritiesHeldByLookThroughMethodAbstract to InterestRateRiskAssetSecuritizationProductsLineItems" use="optional" order="20.0" preferredLabel="http://www.xbrl.org/2003/role/label"/>
  </link:presentationLink>
</link:linkbase>
