<?xml version="1.0" encoding="UTF-8"?>

<!--
	Taxonomy: 2015-12-31 (Final)
	**********************
	Copyright © 2015 China Insurance Regulatory Commission.
	All rights reserved.  No part of this publication may be translated, reprinted or reproduced
	or utilised in any form either in whole or in part without prior permission in writing from China Insurance Regulatory Commission.
	  **********************
	-->
<link:linkbase xmlns:xsi="http://www.w3.org/2001/XMLSchema-instance" xsi:schemaLocation="http://www.xbrl.org/2003/linkbase http://www.xbrl.org/2003/xbrl-linkbase-2003-12-31.xsd" xmlns:c-ross="http://xbrl.circ.gov.cn/taxonomy/2015-12-31/c-ross" xmlns:link="http://www.xbrl.org/2003/linkbase" xmlns:q_s_pc_entry_point="http://xbrl.circ.gov.cn/taxonomy/2015-12-31/c-ross/q_s_pc_entry_point" xmlns:xlink="http://www.w3.org/1999/xlink" xmlns:xbrli="http://www.xbrl.org/2003/instance">
  <link:roleRef roleURI="http://www.xbrl.org/2009/role/netLabel" xlink:type="simple" xlink:href="http://www.xbrl.org/lrr/role/net-2009-12-16.xsd#netLabel"/>
  <link:roleRef roleURI="http://xbrl.circ.gov.cn/role/c-ross_2015-12-31_role-3160500" xlink:type="simple" xlink:href="rol_c-ross_7_2015-12-31.xsd#c-ross_2015-12-31-3160500"/>
  <link:roleRef roleURI="http://xbrl.circ.gov.cn/role/c-ross_2015-12-31_role-3160500a" xlink:type="simple" xlink:href="rol_c-ross_7_2015-12-31.xsd#c-ross_2015-12-31-3160500a"/>
  <link:roleRef roleURI="http://xbrl.circ.gov.cn/role/c-ross_2015-12-31_role-3160500b" xlink:type="simple" xlink:href="rol_c-ross_7_2015-12-31.xsd#c-ross_2015-12-31-3160500b"/>
  <link:presentationLink xlink:type="extended" xlink:role="http://xbrl.circ.gov.cn/role/c-ross_2015-12-31_role-3160500">
    <link:loc xlink:type="locator" xlink:href="../../c-ross_core_2015-12-31.xsd#c-ross_TypesOfAssetsHeldMember" xlink:label="TypesOfAssetsHeldMember" xlink:title="TypesOfAssetsHeldMember"/>
    <link:loc xlink:type="locator" xlink:href="../../c-ross_core_2015-12-31.xsd#c-ross_HeldByCompanyDirectlyMember" xlink:label="HeldByCompanyDirectlyMember" xlink:title="HeldByCompanyDirectlyMember"/>
    <link:presentationArc xlink:type="arc" xlink:arcrole="http://www.xbrl.org/2003/arcrole/parent-child" xlink:from="TypesOfAssetsHeldMember" xlink:to="HeldByCompanyDirectlyMember" xlink:title="presentation: TypesOfAssetsHeldMember to HeldByCompanyDirectlyMember" use="optional" order="10.0" preferredLabel="http://www.xbrl.org/2003/role/label"/>
    <link:loc xlink:type="locator" xlink:href="../../c-ross_core_2015-12-31.xsd#c-ross_HeldByLookThroughMethodMember" xlink:label="HeldByLookThroughMethodMember" xlink:title="HeldByLookThroughMethodMember"/>
    <link:presentationArc xlink:type="arc" xlink:arcrole="http://www.xbrl.org/2003/arcrole/parent-child" xlink:from="TypesOfAssetsHeldMember" xlink:to="HeldByLookThroughMethodMember" xlink:title="presentation: TypesOfAssetsHeldMember to HeldByLookThroughMethodMember" use="optional" order="20.0" preferredLabel="http://www.xbrl.org/2003/role/label"/>
    <link:loc xlink:type="locator" xlink:href="../../c-ross_core_2015-12-31.xsd#c-ross_InterestRateRiskInterestRateDerivativesInterestRateSwapsAbstract" xlink:label="InterestRateRiskInterestRateDerivativesInterestRateSwapsAbstract" xlink:title="InterestRateRiskInterestRateDerivativesInterestRateSwapsAbstract"/>
    <link:loc xlink:type="locator" xlink:href="../../c-ross_core_2015-12-31.xsd#c-ross_InterestRateRiskInterestRateDerivativesInterestRateSwapsTable" xlink:label="InterestRateRiskInterestRateDerivativesInterestRateSwapsTable" xlink:title="InterestRateRiskInterestRateDerivativesInterestRateSwapsTable"/>
    <link:presentationArc xlink:type="arc" xlink:arcrole="http://www.xbrl.org/2003/arcrole/parent-child" xlink:from="InterestRateRiskInterestRateDerivativesInterestRateSwapsAbstract" xlink:to="InterestRateRiskInterestRateDerivativesInterestRateSwapsTable" xlink:title="presentation: InterestRateRiskInterestRateDerivativesInterestRateSwapsAbstract to InterestRateRiskInterestRateDerivativesInterestRateSwapsTable" use="optional" order="10.0" preferredLabel="http://www.xbrl.org/2003/role/label"/>
    <link:loc xlink:type="locator" xlink:href="../../c-ross_core_2015-12-31.xsd#c-ross_InterestRateRiskInterestRateDerivativesInterestRateSwapsTypesOfAssetsHeldAxis" xlink:label="InterestRateRiskInterestRateDerivativesInterestRateSwapsTypesOfAssetsHeldAxis" xlink:title="InterestRateRiskInterestRateDerivativesInterestRateSwapsTypesOfAssetsHeldAxis"/>
    <link:presentationArc xlink:type="arc" xlink:arcrole="http://www.xbrl.org/2003/arcrole/parent-child" xlink:from="InterestRateRiskInterestRateDerivativesInterestRateSwapsTable" xlink:to="InterestRateRiskInterestRateDerivativesInterestRateSwapsTypesOfAssetsHeldAxis" xlink:title="presentation: InterestRateRiskInterestRateDerivativesInterestRateSwapsTable to InterestRateRiskInterestRateDerivativesInterestRateSwapsTypesOfAssetsHeldAxis" use="optional" order="10.0" preferredLabel="http://www.xbrl.org/2003/role/label"/>
    <link:presentationArc xlink:type="arc" xlink:arcrole="http://www.xbrl.org/2003/arcrole/parent-child" xlink:from="InterestRateRiskInterestRateDerivativesInterestRateSwapsTypesOfAssetsHeldAxis" xlink:to="TypesOfAssetsHeldMember" xlink:title="presentation: InterestRateRiskInterestRateDerivativesInterestRateSwapsTypesOfAssetsHeldAxis to TypesOfAssetsHeldMember" use="optional" order="10.0" preferredLabel="http://www.xbrl.org/2003/role/label"/>
    <link:loc xlink:type="locator" xlink:href="../../c-ross_core_2015-12-31.xsd#c-ross_InterestRateRiskInterestRateDerivativesInterestRateSwapsLineItems" xlink:label="InterestRateRiskInterestRateDerivativesInterestRateSwapsLineItems" xlink:title="InterestRateRiskInterestRateDerivativesInterestRateSwapsLineItems"/>
    <link:presentationArc xlink:type="arc" xlink:arcrole="http://www.xbrl.org/2003/arcrole/parent-child" xlink:from="InterestRateRiskInterestRateDerivativesInterestRateSwapsAbstract" xlink:to="InterestRateRiskInterestRateDerivativesInterestRateSwapsLineItems" xlink:title="presentation: InterestRateRiskInterestRateDerivativesInterestRateSwapsAbstract to InterestRateRiskInterestRateDerivativesInterestRateSwapsLineItems" use="optional" order="20.0" preferredLabel="http://www.xbrl.org/2003/role/label"/>
    <link:loc xlink:type="locator" xlink:href="../../c-ross_core_2015-12-31.xsd#c-ross_InterestRateRiskInterestRateDerivativesInterestRateSwapsContractName" xlink:label="InterestRateRiskInterestRateDerivativesInterestRateSwapsContractName" xlink:title="InterestRateRiskInterestRateDerivativesInterestRateSwapsContractName"/>
    <link:presentationArc xlink:type="arc" xlink:arcrole="http://www.xbrl.org/2003/arcrole/parent-child" xlink:from="InterestRateRiskInterestRateDerivativesInterestRateSwapsLineItems" xlink:to="InterestRateRiskInterestRateDerivativesInterestRateSwapsContractName" xlink:title="presentation: InterestRateRiskInterestRateDerivativesInterestRateSwapsLineItems to InterestRateRiskInterestRateDerivativesInterestRateSwapsContractName" use="optional" order="10.0" preferredLabel="http://www.xbrl.org/2003/role/terseLabel"/>
    <link:loc xlink:type="locator" xlink:href="../../c-ross_core_2015-12-31.xsd#c-ross_InterestRateRiskInterestRateDerivativesInterestRateSwapsTypesOfContract" xlink:label="InterestRateRiskInterestRateDerivativesInterestRateSwapsTypesOfContract" xlink:title="InterestRateRiskInterestRateDerivativesInterestRateSwapsTypesOfContract"/>
    <link:presentationArc xlink:type="arc" xlink:arcrole="http://www.xbrl.org/2003/arcrole/parent-child" xlink:from="InterestRateRiskInterestRateDerivativesInterestRateSwapsLineItems" xlink:to="InterestRateRiskInterestRateDerivativesInterestRateSwapsTypesOfContract" xlink:title="presentation: InterestRateRiskInterestRateDerivativesInterestRateSwapsLineItems to InterestRateRiskInterestRateDerivativesInterestRateSwapsTypesOfContract" use="optional" order="20.0" preferredLabel="http://www.xbrl.org/2003/role/terseLabel"/>
    <link:loc xlink:type="locator" xlink:href="../../c-ross_core_2015-12-31.xsd#c-ross_InterestRateRiskInterestRateDerivativesInterestRateSwapsModifiedDuration" xlink:label="InterestRateRiskInterestRateDerivativesInterestRateSwapsModifiedDuration" xlink:title="InterestRateRiskInterestRateDerivativesInterestRateSwapsModifiedDuration"/>
    <link:presentationArc xlink:type="arc" xlink:arcrole="http://www.xbrl.org/2003/arcrole/parent-child" xlink:from="InterestRateRiskInterestRateDerivativesInterestRateSwapsLineItems" xlink:to="InterestRateRiskInterestRateDerivativesInterestRateSwapsModifiedDuration" xlink:title="presentation: InterestRateRiskInterestRateDerivativesInterestRateSwapsLineItems to InterestRateRiskInterestRateDerivativesInterestRateSwapsModifiedDuration" use="optional" order="30.0" preferredLabel="http://www.xbrl.org/2003/role/terseLabel"/>
    <link:loc xlink:type="locator" xlink:href="../../c-ross_core_2015-12-31.xsd#c-ross_InterestRateRiskInterestRateDerivativesInterestRateSwapsNominalPrincipal" xlink:label="InterestRateRiskInterestRateDerivativesInterestRateSwapsNominalPrincipal" xlink:title="InterestRateRiskInterestRateDerivativesInterestRateSwapsNominalPrincipal"/>
    <link:presentationArc xlink:type="arc" xlink:arcrole="http://www.xbrl.org/2003/arcrole/parent-child" xlink:from="InterestRateRiskInterestRateDerivativesInterestRateSwapsLineItems" xlink:to="InterestRateRiskInterestRateDerivativesInterestRateSwapsNominalPrincipal" xlink:title="presentation: InterestRateRiskInterestRateDerivativesInterestRateSwapsLineItems to InterestRateRiskInterestRateDerivativesInterestRateSwapsNominalPrincipal" use="optional" order="40.0" preferredLabel="http://www.xbrl.org/2003/role/terseLabel"/>
    <link:loc xlink:type="locator" xlink:href="../../c-ross_core_2015-12-31.xsd#c-ross_InterestRateRiskInterestRateDerivativesInterestRateSwapsRiskExposure" xlink:label="InterestRateRiskInterestRateDerivativesInterestRateSwapsRiskExposure" xlink:title="InterestRateRiskInterestRateDerivativesInterestRateSwapsRiskExposure"/>
    <link:presentationArc xlink:type="arc" xlink:arcrole="http://www.xbrl.org/2003/arcrole/parent-child" xlink:from="InterestRateRiskInterestRateDerivativesInterestRateSwapsLineItems" xlink:to="InterestRateRiskInterestRateDerivativesInterestRateSwapsRiskExposure" xlink:title="presentation: InterestRateRiskInterestRateDerivativesInterestRateSwapsLineItems to InterestRateRiskInterestRateDerivativesInterestRateSwapsRiskExposure" use="optional" order="50.0" preferredLabel="http://www.xbrl.org/2003/role/terseLabel"/>
    <link:loc xlink:type="locator" xlink:href="../../c-ross_core_2015-12-31.xsd#c-ross_InterestRateRiskInterestRateDerivativesInterestRateSwapsBaseRiskFactor" xlink:label="InterestRateRiskInterestRateDerivativesInterestRateSwapsBaseRiskFactor" xlink:title="InterestRateRiskInterestRateDerivativesInterestRateSwapsBaseRiskFactor"/>
    <link:presentationArc xlink:type="arc" xlink:arcrole="http://www.xbrl.org/2003/arcrole/parent-child" xlink:from="InterestRateRiskInterestRateDerivativesInterestRateSwapsLineItems" xlink:to="InterestRateRiskInterestRateDerivativesInterestRateSwapsBaseRiskFactor" xlink:title="presentation: InterestRateRiskInterestRateDerivativesInterestRateSwapsLineItems to InterestRateRiskInterestRateDerivativesInterestRateSwapsBaseRiskFactor" use="optional" order="60.0" preferredLabel="http://www.xbrl.org/2003/role/terseLabel"/>
    <link:loc xlink:type="locator" xlink:href="../../c-ross_core_2015-12-31.xsd#c-ross_InterestRateRiskInterestRateDerivativesInterestRateSwapsMinimumCapital" xlink:label="InterestRateRiskInterestRateDerivativesInterestRateSwapsMinimumCapital" xlink:title="InterestRateRiskInterestRateDerivativesInterestRateSwapsMinimumCapital"/>
    <link:presentationArc xlink:type="arc" xlink:arcrole="http://www.xbrl.org/2003/arcrole/parent-child" xlink:from="InterestRateRiskInterestRateDerivativesInterestRateSwapsLineItems" xlink:to="InterestRateRiskInterestRateDerivativesInterestRateSwapsMinimumCapital" xlink:title="presentation: InterestRateRiskInterestRateDerivativesInterestRateSwapsLineItems to InterestRateRiskInterestRateDerivativesInterestRateSwapsMinimumCapital" use="optional" order="70.0" preferredLabel="http://www.xbrl.org/2003/role/terseLabel"/>
  </link:presentationLink>
  <link:presentationLink xlink:type="extended" xlink:role="http://xbrl.circ.gov.cn/role/c-ross_2015-12-31_role-3160500a">
    <link:loc xlink:type="locator" xlink:href="../../c-ross_core_2015-12-31.xsd#c-ross_TypesOfAssetsHeldMember" xlink:label="TypesOfAssetsHeldMember" xlink:title="TypesOfAssetsHeldMember"/>
    <link:loc xlink:type="locator" xlink:href="../../c-ross_core_2015-12-31.xsd#c-ross_HeldByCompanyDirectlyMember" xlink:label="HeldByCompanyDirectlyMember" xlink:title="HeldByCompanyDirectlyMember"/>
    <link:presentationArc xlink:type="arc" xlink:arcrole="http://www.xbrl.org/2003/arcrole/parent-child" xlink:from="TypesOfAssetsHeldMember" xlink:to="HeldByCompanyDirectlyMember" xlink:title="presentation: TypesOfAssetsHeldMember to HeldByCompanyDirectlyMember" use="optional" order="10.0" preferredLabel="http://www.xbrl.org/2003/role/label"/>
    <link:loc xlink:type="locator" xlink:href="../../c-ross_core_2015-12-31.xsd#c-ross_InterestRateRiskInterestRateDerivativesInterestRateSwapsTable" xlink:label="InterestRateRiskInterestRateDerivativesInterestRateSwapsTable" xlink:title="InterestRateRiskInterestRateDerivativesInterestRateSwapsTable"/>
    <link:loc xlink:type="locator" xlink:href="../../c-ross_core_2015-12-31.xsd#c-ross_InterestRateRiskInterestRateDerivativesInterestRateSwapsTypesOfAssetsHeldAxis" xlink:label="InterestRateRiskInterestRateDerivativesInterestRateSwapsTypesOfAssetsHeldAxis" xlink:title="InterestRateRiskInterestRateDerivativesInterestRateSwapsTypesOfAssetsHeldAxis"/>
    <link:presentationArc xlink:type="arc" xlink:arcrole="http://www.xbrl.org/2003/arcrole/parent-child" xlink:from="InterestRateRiskInterestRateDerivativesInterestRateSwapsTable" xlink:to="InterestRateRiskInterestRateDerivativesInterestRateSwapsTypesOfAssetsHeldAxis" xlink:title="presentation: InterestRateRiskInterestRateDerivativesInterestRateSwapsTable to InterestRateRiskInterestRateDerivativesInterestRateSwapsTypesOfAssetsHeldAxis" use="optional" order="10.0" preferredLabel="http://www.xbrl.org/2003/role/label"/>
    <link:presentationArc xlink:type="arc" xlink:arcrole="http://www.xbrl.org/2003/arcrole/parent-child" xlink:from="InterestRateRiskInterestRateDerivativesInterestRateSwapsTypesOfAssetsHeldAxis" xlink:to="TypesOfAssetsHeldMember" xlink:title="presentation: InterestRateRiskInterestRateDerivativesInterestRateSwapsTypesOfAssetsHeldAxis to TypesOfAssetsHeldMember" use="optional" order="10.0" preferredLabel="http://www.xbrl.org/2003/role/label"/>
    <link:loc xlink:type="locator" xlink:href="../../c-ross_core_2015-12-31.xsd#c-ross_InterestRateRiskInterestRateDerivativesInterestRateSwapsHeldByCompanyDirectlyLineNumberAxis" xlink:label="InterestRateRiskInterestRateDerivativesInterestRateSwapsHeldByCompanyDirectlyLineNumberAxis" xlink:title="InterestRateRiskInterestRateDerivativesInterestRateSwapsHeldByCompanyDirectlyLineNumberAxis"/>
    <link:presentationArc xlink:type="arc" xlink:arcrole="http://www.xbrl.org/2003/arcrole/parent-child" xlink:from="InterestRateRiskInterestRateDerivativesInterestRateSwapsTable" xlink:to="InterestRateRiskInterestRateDerivativesInterestRateSwapsHeldByCompanyDirectlyLineNumberAxis" xlink:title="presentation: InterestRateRiskInterestRateDerivativesInterestRateSwapsTable to InterestRateRiskInterestRateDerivativesInterestRateSwapsHeldByCompanyDirectlyLineNumberAxis" use="optional" order="20.0" preferredLabel="http://www.xbrl.org/2003/role/terseLabel"/>
    <link:loc xlink:type="locator" xlink:href="../../c-ross_core_2015-12-31.xsd#c-ross_InterestRateRiskInterestRateDerivativesInterestRateSwapsLineItems" xlink:label="InterestRateRiskInterestRateDerivativesInterestRateSwapsLineItems" xlink:title="InterestRateRiskInterestRateDerivativesInterestRateSwapsLineItems"/>
    <link:loc xlink:type="locator" xlink:href="../../c-ross_core_2015-12-31.xsd#c-ross_InterestRateRiskInterestRateDerivativesInterestRateSwapsContractName" xlink:label="InterestRateRiskInterestRateDerivativesInterestRateSwapsContractName" xlink:title="InterestRateRiskInterestRateDerivativesInterestRateSwapsContractName"/>
    <link:presentationArc xlink:type="arc" xlink:arcrole="http://www.xbrl.org/2003/arcrole/parent-child" xlink:from="InterestRateRiskInterestRateDerivativesInterestRateSwapsLineItems" xlink:to="InterestRateRiskInterestRateDerivativesInterestRateSwapsContractName" xlink:title="presentation: InterestRateRiskInterestRateDerivativesInterestRateSwapsLineItems to InterestRateRiskInterestRateDerivativesInterestRateSwapsContractName" use="optional" order="10.0" preferredLabel="http://www.xbrl.org/2003/role/terseLabel"/>
    <link:loc xlink:type="locator" xlink:href="../../c-ross_core_2015-12-31.xsd#c-ross_InterestRateRiskInterestRateDerivativesInterestRateSwapsTypesOfContract" xlink:label="InterestRateRiskInterestRateDerivativesInterestRateSwapsTypesOfContract" xlink:title="InterestRateRiskInterestRateDerivativesInterestRateSwapsTypesOfContract"/>
    <link:presentationArc xlink:type="arc" xlink:arcrole="http://www.xbrl.org/2003/arcrole/parent-child" xlink:from="InterestRateRiskInterestRateDerivativesInterestRateSwapsLineItems" xlink:to="InterestRateRiskInterestRateDerivativesInterestRateSwapsTypesOfContract" xlink:title="presentation: InterestRateRiskInterestRateDerivativesInterestRateSwapsLineItems to InterestRateRiskInterestRateDerivativesInterestRateSwapsTypesOfContract" use="optional" order="20.0" preferredLabel="http://www.xbrl.org/2003/role/terseLabel"/>
    <link:loc xlink:type="locator" xlink:href="../../c-ross_core_2015-12-31.xsd#c-ross_InterestRateRiskInterestRateDerivativesInterestRateSwapsModifiedDuration" xlink:label="InterestRateRiskInterestRateDerivativesInterestRateSwapsModifiedDuration" xlink:title="InterestRateRiskInterestRateDerivativesInterestRateSwapsModifiedDuration"/>
    <link:presentationArc xlink:type="arc" xlink:arcrole="http://www.xbrl.org/2003/arcrole/parent-child" xlink:from="InterestRateRiskInterestRateDerivativesInterestRateSwapsLineItems" xlink:to="InterestRateRiskInterestRateDerivativesInterestRateSwapsModifiedDuration" xlink:title="presentation: InterestRateRiskInterestRateDerivativesInterestRateSwapsLineItems to InterestRateRiskInterestRateDerivativesInterestRateSwapsModifiedDuration" use="optional" order="30.0" preferredLabel="http://www.xbrl.org/2003/role/terseLabel"/>
    <link:loc xlink:type="locator" xlink:href="../../c-ross_core_2015-12-31.xsd#c-ross_InterestRateRiskInterestRateDerivativesInterestRateSwapsNominalPrincipal" xlink:label="InterestRateRiskInterestRateDerivativesInterestRateSwapsNominalPrincipal" xlink:title="InterestRateRiskInterestRateDerivativesInterestRateSwapsNominalPrincipal"/>
    <link:presentationArc xlink:type="arc" xlink:arcrole="http://www.xbrl.org/2003/arcrole/parent-child" xlink:from="InterestRateRiskInterestRateDerivativesInterestRateSwapsLineItems" xlink:to="InterestRateRiskInterestRateDerivativesInterestRateSwapsNominalPrincipal" xlink:title="presentation: InterestRateRiskInterestRateDerivativesInterestRateSwapsLineItems to InterestRateRiskInterestRateDerivativesInterestRateSwapsNominalPrincipal" use="optional" order="40.0" preferredLabel="http://www.xbrl.org/2003/role/terseLabel"/>
    <link:loc xlink:type="locator" xlink:href="../../c-ross_core_2015-12-31.xsd#c-ross_InterestRateRiskInterestRateDerivativesInterestRateSwapsRiskExposure" xlink:label="InterestRateRiskInterestRateDerivativesInterestRateSwapsRiskExposure" xlink:title="InterestRateRiskInterestRateDerivativesInterestRateSwapsRiskExposure"/>
    <link:presentationArc xlink:type="arc" xlink:arcrole="http://www.xbrl.org/2003/arcrole/parent-child" xlink:from="InterestRateRiskInterestRateDerivativesInterestRateSwapsLineItems" xlink:to="InterestRateRiskInterestRateDerivativesInterestRateSwapsRiskExposure" xlink:title="presentation: InterestRateRiskInterestRateDerivativesInterestRateSwapsLineItems to InterestRateRiskInterestRateDerivativesInterestRateSwapsRiskExposure" use="optional" order="50.0" preferredLabel="http://www.xbrl.org/2003/role/terseLabel"/>
    <link:loc xlink:type="locator" xlink:href="../../c-ross_core_2015-12-31.xsd#c-ross_InterestRateRiskInterestRateDerivativesInterestRateSwapsBaseRiskFactor" xlink:label="InterestRateRiskInterestRateDerivativesInterestRateSwapsBaseRiskFactor" xlink:title="InterestRateRiskInterestRateDerivativesInterestRateSwapsBaseRiskFactor"/>
    <link:presentationArc xlink:type="arc" xlink:arcrole="http://www.xbrl.org/2003/arcrole/parent-child" xlink:from="InterestRateRiskInterestRateDerivativesInterestRateSwapsLineItems" xlink:to="InterestRateRiskInterestRateDerivativesInterestRateSwapsBaseRiskFactor" xlink:title="presentation: InterestRateRiskInterestRateDerivativesInterestRateSwapsLineItems to InterestRateRiskInterestRateDerivativesInterestRateSwapsBaseRiskFactor" use="optional" order="60.0" preferredLabel="http://www.xbrl.org/2003/role/terseLabel"/>
    <link:loc xlink:type="locator" xlink:href="../../c-ross_core_2015-12-31.xsd#c-ross_InterestRateRiskInterestRateDerivativesInterestRateSwapsMinimumCapital" xlink:label="InterestRateRiskInterestRateDerivativesInterestRateSwapsMinimumCapital" xlink:title="InterestRateRiskInterestRateDerivativesInterestRateSwapsMinimumCapital"/>
    <link:presentationArc xlink:type="arc" xlink:arcrole="http://www.xbrl.org/2003/arcrole/parent-child" xlink:from="InterestRateRiskInterestRateDerivativesInterestRateSwapsLineItems" xlink:to="InterestRateRiskInterestRateDerivativesInterestRateSwapsMinimumCapital" xlink:title="presentation: InterestRateRiskInterestRateDerivativesInterestRateSwapsLineItems to InterestRateRiskInterestRateDerivativesInterestRateSwapsMinimumCapital" use="optional" order="70.0" preferredLabel="http://www.xbrl.org/2003/role/terseLabel"/>
    <link:loc xlink:type="locator" xlink:href="../../c-ross_core_2015-12-31.xsd#c-ross_InterestRateRiskInterestRateDerivativesInterestRateSwapsHeldByCompanyDirectlyAbstract" xlink:label="InterestRateRiskInterestRateDerivativesInterestRateSwapsHeldByCompanyDirectlyAbstract" xlink:title="InterestRateRiskInterestRateDerivativesInterestRateSwapsHeldByCompanyDirectlyAbstract"/>
    <link:presentationArc xlink:type="arc" xlink:arcrole="http://www.xbrl.org/2003/arcrole/parent-child" xlink:from="InterestRateRiskInterestRateDerivativesInterestRateSwapsHeldByCompanyDirectlyAbstract" xlink:to="InterestRateRiskInterestRateDerivativesInterestRateSwapsTable" xlink:title="presentation: InterestRateRiskInterestRateDerivativesInterestRateSwapsHeldByCompanyDirectlyAbstract to InterestRateRiskInterestRateDerivativesInterestRateSwapsTable" use="optional" order="10.0" preferredLabel="http://www.xbrl.org/2003/role/label"/>
    <link:presentationArc xlink:type="arc" xlink:arcrole="http://www.xbrl.org/2003/arcrole/parent-child" xlink:from="InterestRateRiskInterestRateDerivativesInterestRateSwapsHeldByCompanyDirectlyAbstract" xlink:to="InterestRateRiskInterestRateDerivativesInterestRateSwapsLineItems" xlink:title="presentation: InterestRateRiskInterestRateDerivativesInterestRateSwapsHeldByCompanyDirectlyAbstract to InterestRateRiskInterestRateDerivativesInterestRateSwapsLineItems" use="optional" order="20.0" preferredLabel="http://www.xbrl.org/2003/role/label"/>
  </link:presentationLink>
  <link:presentationLink xlink:type="extended" xlink:role="http://xbrl.circ.gov.cn/role/c-ross_2015-12-31_role-3160500b">
    <link:loc xlink:type="locator" xlink:href="../../c-ross_core_2015-12-31.xsd#c-ross_TypesOfAssetsHeldMember" xlink:label="TypesOfAssetsHeldMember" xlink:title="TypesOfAssetsHeldMember"/>
    <link:loc xlink:type="locator" xlink:href="../../c-ross_core_2015-12-31.xsd#c-ross_HeldByLookThroughMethodMember" xlink:label="HeldByLookThroughMethodMember" xlink:title="HeldByLookThroughMethodMember"/>
    <link:presentationArc xlink:type="arc" xlink:arcrole="http://www.xbrl.org/2003/arcrole/parent-child" xlink:from="TypesOfAssetsHeldMember" xlink:to="HeldByLookThroughMethodMember" xlink:title="presentation: TypesOfAssetsHeldMember to HeldByLookThroughMethodMember" use="optional" order="10.0" preferredLabel="http://www.xbrl.org/2003/role/label"/>
    <link:loc xlink:type="locator" xlink:href="../../c-ross_core_2015-12-31.xsd#c-ross_InterestRateRiskInterestRateDerivativesInterestRateSwapsTable" xlink:label="InterestRateRiskInterestRateDerivativesInterestRateSwapsTable" xlink:title="InterestRateRiskInterestRateDerivativesInterestRateSwapsTable"/>
    <link:loc xlink:type="locator" xlink:href="../../c-ross_core_2015-12-31.xsd#c-ross_InterestRateRiskInterestRateDerivativesInterestRateSwapsTypesOfAssetsHeldAxis" xlink:label="InterestRateRiskInterestRateDerivativesInterestRateSwapsTypesOfAssetsHeldAxis" xlink:title="InterestRateRiskInterestRateDerivativesInterestRateSwapsTypesOfAssetsHeldAxis"/>
    <link:presentationArc xlink:type="arc" xlink:arcrole="http://www.xbrl.org/2003/arcrole/parent-child" xlink:from="InterestRateRiskInterestRateDerivativesInterestRateSwapsTable" xlink:to="InterestRateRiskInterestRateDerivativesInterestRateSwapsTypesOfAssetsHeldAxis" xlink:title="presentation: InterestRateRiskInterestRateDerivativesInterestRateSwapsTable to InterestRateRiskInterestRateDerivativesInterestRateSwapsTypesOfAssetsHeldAxis" use="optional" order="10.0" preferredLabel="http://www.xbrl.org/2003/role/label"/>
    <link:presentationArc xlink:type="arc" xlink:arcrole="http://www.xbrl.org/2003/arcrole/parent-child" xlink:from="InterestRateRiskInterestRateDerivativesInterestRateSwapsTypesOfAssetsHeldAxis" xlink:to="TypesOfAssetsHeldMember" xlink:title="presentation: InterestRateRiskInterestRateDerivativesInterestRateSwapsTypesOfAssetsHeldAxis to TypesOfAssetsHeldMember" use="optional" order="10.0" preferredLabel="http://www.xbrl.org/2003/role/label"/>
    <link:loc xlink:type="locator" xlink:href="../../c-ross_core_2015-12-31.xsd#c-ross_InterestRateRiskInterestRateDerivativesInterestRateSwapsHeldByLookThroughMethodLineNumberAxis" xlink:label="InterestRateRiskInterestRateDerivativesInterestRateSwapsHeldByLookThroughMethodLineNumberAxis" xlink:title="InterestRateRiskInterestRateDerivativesInterestRateSwapsHeldByLookThroughMethodLineNumberAxis"/>
    <link:presentationArc xlink:type="arc" xlink:arcrole="http://www.xbrl.org/2003/arcrole/parent-child" xlink:from="InterestRateRiskInterestRateDerivativesInterestRateSwapsTable" xlink:to="InterestRateRiskInterestRateDerivativesInterestRateSwapsHeldByLookThroughMethodLineNumberAxis" xlink:title="presentation: InterestRateRiskInterestRateDerivativesInterestRateSwapsTable to InterestRateRiskInterestRateDerivativesInterestRateSwapsHeldByLookThroughMethodLineNumberAxis" use="optional" order="20.0" preferredLabel="http://www.xbrl.org/2003/role/terseLabel"/>
    <link:loc xlink:type="locator" xlink:href="../../c-ross_core_2015-12-31.xsd#c-ross_InterestRateRiskInterestRateDerivativesInterestRateSwapsLineItems" xlink:label="InterestRateRiskInterestRateDerivativesInterestRateSwapsLineItems" xlink:title="InterestRateRiskInterestRateDerivativesInterestRateSwapsLineItems"/>
    <link:loc xlink:type="locator" xlink:href="../../c-ross_core_2015-12-31.xsd#c-ross_InterestRateRiskInterestRateDerivativesInterestRateSwapsContractName" xlink:label="InterestRateRiskInterestRateDerivativesInterestRateSwapsContractName" xlink:title="InterestRateRiskInterestRateDerivativesInterestRateSwapsContractName"/>
    <link:presentationArc xlink:type="arc" xlink:arcrole="http://www.xbrl.org/2003/arcrole/parent-child" xlink:from="InterestRateRiskInterestRateDerivativesInterestRateSwapsLineItems" xlink:to="InterestRateRiskInterestRateDerivativesInterestRateSwapsContractName" xlink:title="presentation: InterestRateRiskInterestRateDerivativesInterestRateSwapsLineItems to InterestRateRiskInterestRateDerivativesInterestRateSwapsContractName" use="optional" order="10.0" preferredLabel="http://www.xbrl.org/2003/role/terseLabel"/>
    <link:loc xlink:type="locator" xlink:href="../../c-ross_core_2015-12-31.xsd#c-ross_InterestRateRiskInterestRateDerivativesInterestRateSwapsTypesOfContract" xlink:label="InterestRateRiskInterestRateDerivativesInterestRateSwapsTypesOfContract" xlink:title="InterestRateRiskInterestRateDerivativesInterestRateSwapsTypesOfContract"/>
    <link:presentationArc xlink:type="arc" xlink:arcrole="http://www.xbrl.org/2003/arcrole/parent-child" xlink:from="InterestRateRiskInterestRateDerivativesInterestRateSwapsLineItems" xlink:to="InterestRateRiskInterestRateDerivativesInterestRateSwapsTypesOfContract" xlink:title="presentation: InterestRateRiskInterestRateDerivativesInterestRateSwapsLineItems to InterestRateRiskInterestRateDerivativesInterestRateSwapsTypesOfContract" use="optional" order="20.0" preferredLabel="http://www.xbrl.org/2003/role/terseLabel"/>
    <link:loc xlink:type="locator" xlink:href="../../c-ross_core_2015-12-31.xsd#c-ross_InterestRateRiskInterestRateDerivativesInterestRateSwapsModifiedDuration" xlink:label="InterestRateRiskInterestRateDerivativesInterestRateSwapsModifiedDuration" xlink:title="InterestRateRiskInterestRateDerivativesInterestRateSwapsModifiedDuration"/>
    <link:presentationArc xlink:type="arc" xlink:arcrole="http://www.xbrl.org/2003/arcrole/parent-child" xlink:from="InterestRateRiskInterestRateDerivativesInterestRateSwapsLineItems" xlink:to="InterestRateRiskInterestRateDerivativesInterestRateSwapsModifiedDuration" xlink:title="presentation: InterestRateRiskInterestRateDerivativesInterestRateSwapsLineItems to InterestRateRiskInterestRateDerivativesInterestRateSwapsModifiedDuration" use="optional" order="30.0" preferredLabel="http://www.xbrl.org/2003/role/terseLabel"/>
    <link:loc xlink:type="locator" xlink:href="../../c-ross_core_2015-12-31.xsd#c-ross_InterestRateRiskInterestRateDerivativesInterestRateSwapsNominalPrincipal" xlink:label="InterestRateRiskInterestRateDerivativesInterestRateSwapsNominalPrincipal" xlink:title="InterestRateRiskInterestRateDerivativesInterestRateSwapsNominalPrincipal"/>
    <link:presentationArc xlink:type="arc" xlink:arcrole="http://www.xbrl.org/2003/arcrole/parent-child" xlink:from="InterestRateRiskInterestRateDerivativesInterestRateSwapsLineItems" xlink:to="InterestRateRiskInterestRateDerivativesInterestRateSwapsNominalPrincipal" xlink:title="presentation: InterestRateRiskInterestRateDerivativesInterestRateSwapsLineItems to InterestRateRiskInterestRateDerivativesInterestRateSwapsNominalPrincipal" use="optional" order="40.0" preferredLabel="http://www.xbrl.org/2003/role/terseLabel"/>
    <link:loc xlink:type="locator" xlink:href="../../c-ross_core_2015-12-31.xsd#c-ross_InterestRateRiskInterestRateDerivativesInterestRateSwapsRiskExposure" xlink:label="InterestRateRiskInterestRateDerivativesInterestRateSwapsRiskExposure" xlink:title="InterestRateRiskInterestRateDerivativesInterestRateSwapsRiskExposure"/>
    <link:presentationArc xlink:type="arc" xlink:arcrole="http://www.xbrl.org/2003/arcrole/parent-child" xlink:from="InterestRateRiskInterestRateDerivativesInterestRateSwapsLineItems" xlink:to="InterestRateRiskInterestRateDerivativesInterestRateSwapsRiskExposure" xlink:title="presentation: InterestRateRiskInterestRateDerivativesInterestRateSwapsLineItems to InterestRateRiskInterestRateDerivativesInterestRateSwapsRiskExposure" use="optional" order="50.0" preferredLabel="http://www.xbrl.org/2003/role/terseLabel"/>
    <link:loc xlink:type="locator" xlink:href="../../c-ross_core_2015-12-31.xsd#c-ross_InterestRateRiskInterestRateDerivativesInterestRateSwapsBaseRiskFactor" xlink:label="InterestRateRiskInterestRateDerivativesInterestRateSwapsBaseRiskFactor" xlink:title="InterestRateRiskInterestRateDerivativesInterestRateSwapsBaseRiskFactor"/>
    <link:presentationArc xlink:type="arc" xlink:arcrole="http://www.xbrl.org/2003/arcrole/parent-child" xlink:from="InterestRateRiskInterestRateDerivativesInterestRateSwapsLineItems" xlink:to="InterestRateRiskInterestRateDerivativesInterestRateSwapsBaseRiskFactor" xlink:title="presentation: InterestRateRiskInterestRateDerivativesInterestRateSwapsLineItems to InterestRateRiskInterestRateDerivativesInterestRateSwapsBaseRiskFactor" use="optional" order="60.0" preferredLabel="http://www.xbrl.org/2003/role/terseLabel"/>
    <link:loc xlink:type="locator" xlink:href="../../c-ross_core_2015-12-31.xsd#c-ross_InterestRateRiskInterestRateDerivativesInterestRateSwapsMinimumCapital" xlink:label="InterestRateRiskInterestRateDerivativesInterestRateSwapsMinimumCapital" xlink:title="InterestRateRiskInterestRateDerivativesInterestRateSwapsMinimumCapital"/>
    <link:presentationArc xlink:type="arc" xlink:arcrole="http://www.xbrl.org/2003/arcrole/parent-child" xlink:from="InterestRateRiskInterestRateDerivativesInterestRateSwapsLineItems" xlink:to="InterestRateRiskInterestRateDerivativesInterestRateSwapsMinimumCapital" xlink:title="presentation: InterestRateRiskInterestRateDerivativesInterestRateSwapsLineItems to InterestRateRiskInterestRateDerivativesInterestRateSwapsMinimumCapital" use="optional" order="70.0" preferredLabel="http://www.xbrl.org/2003/role/terseLabel"/>
    <link:loc xlink:type="locator" xlink:href="../../c-ross_core_2015-12-31.xsd#c-ross_InterestRateRiskInterestRateDerivativesInterestRateSwapsHeldByLookThroughMethodAbstract" xlink:label="InterestRateRiskInterestRateDerivativesInterestRateSwapsHeldByLookThroughMethodAbstract" xlink:title="InterestRateRiskInterestRateDerivativesInterestRateSwapsHeldByLookThroughMethodAbstract"/>
    <link:presentationArc xlink:type="arc" xlink:arcrole="http://www.xbrl.org/2003/arcrole/parent-child" xlink:from="InterestRateRiskInterestRateDerivativesInterestRateSwapsHeldByLookThroughMethodAbstract" xlink:to="InterestRateRiskInterestRateDerivativesInterestRateSwapsTable" xlink:title="presentation: InterestRateRiskInterestRateDerivativesInterestRateSwapsHeldByLookThroughMethodAbstract to InterestRateRiskInterestRateDerivativesInterestRateSwapsTable" use="optional" order="10.0" preferredLabel="http://www.xbrl.org/2003/role/label"/>
    <link:presentationArc xlink:type="arc" xlink:arcrole="http://www.xbrl.org/2003/arcrole/parent-child" xlink:from="InterestRateRiskInterestRateDerivativesInterestRateSwapsHeldByLookThroughMethodAbstract" xlink:to="InterestRateRiskInterestRateDerivativesInterestRateSwapsLineItems" xlink:title="presentation: InterestRateRiskInterestRateDerivativesInterestRateSwapsHeldByLookThroughMethodAbstract to InterestRateRiskInterestRateDerivativesInterestRateSwapsLineItems" use="optional" order="20.0" preferredLabel="http://www.xbrl.org/2003/role/label"/>
  </link:presentationLink>
</link:linkbase>
