<?xml version="1.0" encoding="UTF-8"?>

<!--
	Taxonomy: 2015-12-31 (Final)
	**********************
	Copyright © 2015 China Insurance Regulatory Commission.
	All rights reserved.  No part of this publication may be translated, reprinted or reproduced
	or utilised in any form either in whole or in part without prior permission in writing from China Insurance Regulatory Commission.
	  **********************
	-->
<link:linkbase xmlns:xsi="http://www.w3.org/2001/XMLSchema-instance" xsi:schemaLocation="http://www.xbrl.org/2003/linkbase http://www.xbrl.org/2003/xbrl-linkbase-2003-12-31.xsd" xmlns:c-ross="http://xbrl.circ.gov.cn/taxonomy/2015-12-31/c-ross" xmlns:link="http://www.xbrl.org/2003/linkbase" xmlns:q_s_pc_entry_point="http://xbrl.circ.gov.cn/taxonomy/2015-12-31/c-ross/q_s_pc_entry_point" xmlns:xlink="http://www.w3.org/1999/xlink" xmlns:xbrli="http://www.xbrl.org/2003/instance">
  <link:roleRef roleURI="http://www.xbrl.org/2009/role/netLabel" xlink:type="simple" xlink:href="http://www.xbrl.org/lrr/role/net-2009-12-16.xsd#netLabel"/>
  <link:roleRef roleURI="http://xbrl.circ.gov.cn/role/c-ross_2015-12-31_role-3161500" xlink:type="simple" xlink:href="rol_c-ross_7_2015-12-31.xsd#c-ross_2015-12-31-3161500"/>
  <link:roleRef roleURI="http://xbrl.circ.gov.cn/role/c-ross_2015-12-31_role-3161500a" xlink:type="simple" xlink:href="rol_c-ross_7_2015-12-31.xsd#c-ross_2015-12-31-3161500a"/>
  <link:roleRef roleURI="http://xbrl.circ.gov.cn/role/c-ross_2015-12-31_role-3161500b" xlink:type="simple" xlink:href="rol_c-ross_7_2015-12-31.xsd#c-ross_2015-12-31-3161500b"/>
  <link:presentationLink xlink:type="extended" xlink:role="http://xbrl.circ.gov.cn/role/c-ross_2015-12-31_role-3161500">
    <link:loc xlink:type="locator" xlink:href="../../c-ross_core_2015-12-31.xsd#c-ross_EquityPriceRiskInfrastructureEquityInvestmentPlansAbstract" xlink:label="EquityPriceRiskInfrastructureInvestmentPlansAbstract" xlink:title="EquityPriceRiskInfrastructureInvestmentPlansAbstract"/>
    <link:loc xlink:type="locator" xlink:href="../../c-ross_core_2015-12-31.xsd#c-ross_EquityPriceRiskInfrastructureEquityInvestmentPlansTable" xlink:label="EquityPriceRiskInfrastructureInvestmentPlansTable" xlink:title="EquityPriceRiskInfrastructureInvestmentPlansTable"/>
    <link:presentationArc xlink:type="arc" xlink:arcrole="http://www.xbrl.org/2003/arcrole/parent-child" xlink:from="EquityPriceRiskInfrastructureInvestmentPlansAbstract" xlink:to="EquityPriceRiskInfrastructureInvestmentPlansTable" xlink:title="presentation: EquityPriceRiskInfrastructureInvestmentPlansAbstract to EquityPriceRiskInfrastructureInvestmentPlansTable" use="optional" order="10.0" preferredLabel="http://www.xbrl.org/2003/role/label"/>
    <link:loc xlink:type="locator" xlink:href="../../c-ross_core_2015-12-31.xsd#c-ross_EquityPriceRiskInfrastructureEquityInvestmentPlansGuaranteesTermsSituationAxis" xlink:label="EquityPriceRiskInfrastructureInvestmentPlansGuaranteesTermsSituationAxis" xlink:title="EquityPriceRiskInfrastructureInvestmentPlansGuaranteesTermsSituationAxis"/>
    <link:presentationArc xlink:type="arc" xlink:arcrole="http://www.xbrl.org/2003/arcrole/parent-child" xlink:from="EquityPriceRiskInfrastructureInvestmentPlansTable" xlink:to="EquityPriceRiskInfrastructureInvestmentPlansGuaranteesTermsSituationAxis" xlink:title="presentation: EquityPriceRiskInfrastructureInvestmentPlansTable to EquityPriceRiskInfrastructureInvestmentPlansGuaranteesTermsSituationAxis" use="optional" order="10.0" preferredLabel="http://www.xbrl.org/2003/role/label"/>
    <link:loc xlink:type="locator" xlink:href="../../c-ross_core_2015-12-31.xsd#c-ross_GuaranteesTermsSituationMember" xlink:label="GuaranteesTermsSituationMember" xlink:title="GuaranteesTermsSituationMember"/>
    <link:presentationArc xlink:type="arc" xlink:arcrole="http://www.xbrl.org/2003/arcrole/parent-child" xlink:from="EquityPriceRiskInfrastructureInvestmentPlansGuaranteesTermsSituationAxis" xlink:to="GuaranteesTermsSituationMember" xlink:title="presentation: EquityPriceRiskInfrastructureInvestmentPlansGuaranteesTermsSituationAxis to GuaranteesTermsSituationMember" use="optional" order="10.0" preferredLabel="http://www.xbrl.org/2003/role/label"/>
    <link:loc xlink:type="locator" xlink:href="../../c-ross_core_2015-12-31.xsd#c-ross_IncludingGuaranteesTermsMember" xlink:label="IncludingGuaranteesTermsMember" xlink:title="IncludingGuaranteesTermsMember"/>
    <link:presentationArc xlink:type="arc" xlink:arcrole="http://www.xbrl.org/2003/arcrole/parent-child" xlink:from="GuaranteesTermsSituationMember" xlink:to="IncludingGuaranteesTermsMember" xlink:title="presentation: GuaranteesTermsSituationMember to IncludingGuaranteesTermsMember" use="optional" order="10.0" preferredLabel="http://www.xbrl.org/2003/role/label"/>
    <link:loc xlink:type="locator" xlink:href="../../c-ross_core_2015-12-31.xsd#c-ross_ExcludingGuaranteesTermsMember" xlink:label="ExcludingGuaranteesTermsMember" xlink:title="ExcludingGuaranteesTermsMember"/>
    <link:presentationArc xlink:type="arc" xlink:arcrole="http://www.xbrl.org/2003/arcrole/parent-child" xlink:from="GuaranteesTermsSituationMember" xlink:to="ExcludingGuaranteesTermsMember" xlink:title="presentation: GuaranteesTermsSituationMember to ExcludingGuaranteesTermsMember" use="optional" order="20.0" preferredLabel="http://www.xbrl.org/2003/role/label"/>
    <link:loc xlink:type="locator" xlink:href="../../c-ross_core_2015-12-31.xsd#c-ross_EquityPriceRiskInfrastructureEquityInvestmentPlansLineItems" xlink:label="EquityPriceRiskInfrastructureInvestmentPlansLineItems" xlink:title="EquityPriceRiskInfrastructureInvestmentPlansLineItems"/>
    <link:presentationArc xlink:type="arc" xlink:arcrole="http://www.xbrl.org/2003/arcrole/parent-child" xlink:from="EquityPriceRiskInfrastructureInvestmentPlansAbstract" xlink:to="EquityPriceRiskInfrastructureInvestmentPlansLineItems" xlink:title="presentation: EquityPriceRiskInfrastructureInvestmentPlansAbstract to EquityPriceRiskInfrastructureInvestmentPlansLineItems" use="optional" order="20.0" preferredLabel="http://www.xbrl.org/2003/role/label"/>
    <link:loc xlink:type="locator" xlink:href="../../c-ross_core_2015-12-31.xsd#c-ross_EquityPriceRiskInfrastructureEquityInvestmentPlansProductName" xlink:label="EquityPriceRiskInfrastructureInvestmentPlansAssetName" xlink:title="EquityPriceRiskInfrastructureInvestmentPlansAssetName"/>
    <link:presentationArc xlink:type="arc" xlink:arcrole="http://www.xbrl.org/2003/arcrole/parent-child" xlink:from="EquityPriceRiskInfrastructureInvestmentPlansLineItems" xlink:to="EquityPriceRiskInfrastructureInvestmentPlansAssetName" xlink:title="presentation: EquityPriceRiskInfrastructureInvestmentPlansLineItems to EquityPriceRiskInfrastructureInvestmentPlansAssetName" use="optional" order="10.0" preferredLabel="http://www.xbrl.org/2003/role/terseLabel"/>
    <link:loc xlink:type="locator" xlink:href="../../c-ross_core_2015-12-31.xsd#c-ross_EquityPriceRiskInfrastructureEquityInvestmentPlansProductCode" xlink:label="EquityPriceRiskInfrastructureInvestmentPlansMarketCode" xlink:title="EquityPriceRiskInfrastructureInvestmentPlansMarketCode"/>
    <link:presentationArc xlink:type="arc" xlink:arcrole="http://www.xbrl.org/2003/arcrole/parent-child" xlink:from="EquityPriceRiskInfrastructureInvestmentPlansLineItems" xlink:to="EquityPriceRiskInfrastructureInvestmentPlansMarketCode" xlink:title="presentation: EquityPriceRiskInfrastructureInvestmentPlansLineItems to EquityPriceRiskInfrastructureInvestmentPlansMarketCode" use="optional" order="20.0" preferredLabel="http://www.xbrl.org/2003/role/terseLabel"/>
    <link:loc xlink:type="locator" xlink:href="../../c-ross_core_2015-12-31.xsd#c-ross_EquityPriceRiskInfrastructureEquityInvestmentPlansPurchaseCost" xlink:label="EquityPriceRiskInfrastructureInvestmentPlansPurchaseCost" xlink:title="EquityPriceRiskInfrastructureInvestmentPlansPurchaseCost"/>
    <link:presentationArc xlink:type="arc" xlink:arcrole="http://www.xbrl.org/2003/arcrole/parent-child" xlink:from="EquityPriceRiskInfrastructureInvestmentPlansLineItems" xlink:to="EquityPriceRiskInfrastructureInvestmentPlansPurchaseCost" xlink:title="presentation: EquityPriceRiskInfrastructureInvestmentPlansLineItems to EquityPriceRiskInfrastructureInvestmentPlansPurchaseCost" use="optional" order="30.0" preferredLabel="http://www.xbrl.org/2003/role/terseLabel"/>
    <link:loc xlink:type="locator" xlink:href="../../c-ross_core_2015-12-31.xsd#c-ross_EquityPriceRiskInfrastructureEquityInvestmentPlansAdmittedValue" xlink:label="EquityPriceRiskInfrastructureInvestmentPlansAdmittedValue" xlink:title="EquityPriceRiskInfrastructureInvestmentPlansAdmittedValue"/>
    <link:presentationArc xlink:type="arc" xlink:arcrole="http://www.xbrl.org/2003/arcrole/parent-child" xlink:from="EquityPriceRiskInfrastructureInvestmentPlansLineItems" xlink:to="EquityPriceRiskInfrastructureInvestmentPlansAdmittedValue" xlink:title="presentation: EquityPriceRiskInfrastructureInvestmentPlansLineItems to EquityPriceRiskInfrastructureInvestmentPlansAdmittedValue" use="optional" order="40.0" preferredLabel="http://www.xbrl.org/2003/role/terseLabel"/>
    <link:loc xlink:type="locator" xlink:href="../../c-ross_core_2015-12-31.xsd#c-ross_EquityPriceRiskInfrastructureEquityInvestmentPlansRiskExposure" xlink:label="EquityPriceRiskInfrastructureInvestmentPlansRiskExposure" xlink:title="EquityPriceRiskInfrastructureInvestmentPlansRiskExposure"/>
    <link:presentationArc xlink:type="arc" xlink:arcrole="http://www.xbrl.org/2003/arcrole/parent-child" xlink:from="EquityPriceRiskInfrastructureInvestmentPlansLineItems" xlink:to="EquityPriceRiskInfrastructureInvestmentPlansRiskExposure" xlink:title="presentation: EquityPriceRiskInfrastructureInvestmentPlansLineItems to EquityPriceRiskInfrastructureInvestmentPlansRiskExposure" use="optional" order="50.0" preferredLabel="http://www.xbrl.org/2003/role/terseLabel"/>
    <link:loc xlink:type="locator" xlink:href="../../c-ross_core_2015-12-31.xsd#c-ross_EquityPriceRiskInfrastructureEquityInvestmentPlansBaseRiskFactor" xlink:label="EquityPriceRiskInfrastructureInvestmentPlansBaseRiskFactor" xlink:title="EquityPriceRiskInfrastructureInvestmentPlansBaseRiskFactor"/>
    <link:presentationArc xlink:type="arc" xlink:arcrole="http://www.xbrl.org/2003/arcrole/parent-child" xlink:from="EquityPriceRiskInfrastructureInvestmentPlansLineItems" xlink:to="EquityPriceRiskInfrastructureInvestmentPlansBaseRiskFactor" xlink:title="presentation: EquityPriceRiskInfrastructureInvestmentPlansLineItems to EquityPriceRiskInfrastructureInvestmentPlansBaseRiskFactor" use="optional" order="60.0" preferredLabel="http://www.xbrl.org/2003/role/terseLabel"/>
    <link:loc xlink:type="locator" xlink:href="../../c-ross_core_2015-12-31.xsd#c-ross_EquityPriceRiskInfrastructureEquityInvestmentPlansMinimumCapital" xlink:label="EquityPriceRiskInfrastructureInvestmentPlansMinimumCapital" xlink:title="EquityPriceRiskInfrastructureInvestmentPlansMinimumCapital"/>
    <link:presentationArc xlink:type="arc" xlink:arcrole="http://www.xbrl.org/2003/arcrole/parent-child" xlink:from="EquityPriceRiskInfrastructureInvestmentPlansLineItems" xlink:to="EquityPriceRiskInfrastructureInvestmentPlansMinimumCapital" xlink:title="presentation: EquityPriceRiskInfrastructureInvestmentPlansLineItems to EquityPriceRiskInfrastructureInvestmentPlansMinimumCapital" use="optional" order="70.0" preferredLabel="http://www.xbrl.org/2003/role/terseLabel"/>
  </link:presentationLink>
  <link:presentationLink xlink:type="extended" xlink:role="http://xbrl.circ.gov.cn/role/c-ross_2015-12-31_role-3161500a">
    <link:loc xlink:type="locator" xlink:href="../../c-ross_core_2015-12-31.xsd#c-ross_EquityPriceRiskInfrastructureEquityInvestmentPlansTable" xlink:label="EquityPriceRiskInfrastructureInvestmentPlansTable" xlink:title="EquityPriceRiskInfrastructureInvestmentPlansTable"/>
    <link:loc xlink:type="locator" xlink:href="../../c-ross_core_2015-12-31.xsd#c-ross_EquityPriceRiskInfrastructureEquityInvestmentPlansGuaranteesTermsSituationAxis" xlink:label="EquityPriceRiskInfrastructureInvestmentPlansGuaranteesTermsSituationAxis" xlink:title="EquityPriceRiskInfrastructureInvestmentPlansGuaranteesTermsSituationAxis"/>
    <link:presentationArc xlink:type="arc" xlink:arcrole="http://www.xbrl.org/2003/arcrole/parent-child" xlink:from="EquityPriceRiskInfrastructureInvestmentPlansTable" xlink:to="EquityPriceRiskInfrastructureInvestmentPlansGuaranteesTermsSituationAxis" xlink:title="presentation: EquityPriceRiskInfrastructureInvestmentPlansTable to EquityPriceRiskInfrastructureInvestmentPlansGuaranteesTermsSituationAxis" use="optional" order="10.0" preferredLabel="http://www.xbrl.org/2003/role/label"/>
    <link:loc xlink:type="locator" xlink:href="../../c-ross_core_2015-12-31.xsd#c-ross_GuaranteesTermsSituationMember" xlink:label="GuaranteesTermsSituationMember" xlink:title="GuaranteesTermsSituationMember"/>
    <link:presentationArc xlink:type="arc" xlink:arcrole="http://www.xbrl.org/2003/arcrole/parent-child" xlink:from="EquityPriceRiskInfrastructureInvestmentPlansGuaranteesTermsSituationAxis" xlink:to="GuaranteesTermsSituationMember" xlink:title="presentation: EquityPriceRiskInfrastructureInvestmentPlansGuaranteesTermsSituationAxis to GuaranteesTermsSituationMember" use="optional" order="10.0" preferredLabel="http://www.xbrl.org/2003/role/label"/>
    <link:loc xlink:type="locator" xlink:href="../../c-ross_core_2015-12-31.xsd#c-ross_IncludingGuaranteesTermsMember" xlink:label="IncludingGuaranteesTermsMember" xlink:title="IncludingGuaranteesTermsMember"/>
    <link:presentationArc xlink:type="arc" xlink:arcrole="http://www.xbrl.org/2003/arcrole/parent-child" xlink:from="GuaranteesTermsSituationMember" xlink:to="IncludingGuaranteesTermsMember" xlink:title="presentation: GuaranteesTermsSituationMember to IncludingGuaranteesTermsMember" use="optional" order="10.0" preferredLabel="http://www.xbrl.org/2003/role/label"/>
    <link:loc xlink:type="locator" xlink:href="../../c-ross_core_2015-12-31.xsd#c-ross_EquityPriceRiskInfrastructureEquityInvestmentPlansIncludingGuaranteesTermsLineNumberAxis" xlink:label="EquityPriceRiskInfrastructureInvestmentPlansIncludingGuaranteesTermsLineNumberAxis" xlink:title="EquityPriceRiskInfrastructureInvestmentPlansIncludingGuaranteesTermsLineNumberAxis"/>
    <link:presentationArc xlink:type="arc" xlink:arcrole="http://www.xbrl.org/2003/arcrole/parent-child" xlink:from="EquityPriceRiskInfrastructureInvestmentPlansTable" xlink:to="EquityPriceRiskInfrastructureInvestmentPlansIncludingGuaranteesTermsLineNumberAxis" xlink:title="presentation: EquityPriceRiskInfrastructureInvestmentPlansTable to EquityPriceRiskInfrastructureInvestmentPlansIncludingGuaranteesTermsLineNumberAxis" use="optional" order="20.0" preferredLabel="http://www.xbrl.org/2003/role/terseLabel"/>
    <link:loc xlink:type="locator" xlink:href="../../c-ross_core_2015-12-31.xsd#c-ross_EquityPriceRiskInfrastructureEquityInvestmentPlansLineItems" xlink:label="EquityPriceRiskInfrastructureInvestmentPlansLineItems" xlink:title="EquityPriceRiskInfrastructureInvestmentPlansLineItems"/>
    <link:loc xlink:type="locator" xlink:href="../../c-ross_core_2015-12-31.xsd#c-ross_EquityPriceRiskInfrastructureEquityInvestmentPlansProductName" xlink:label="EquityPriceRiskInfrastructureInvestmentPlansAssetName" xlink:title="EquityPriceRiskInfrastructureInvestmentPlansAssetName"/>
    <link:presentationArc xlink:type="arc" xlink:arcrole="http://www.xbrl.org/2003/arcrole/parent-child" xlink:from="EquityPriceRiskInfrastructureInvestmentPlansLineItems" xlink:to="EquityPriceRiskInfrastructureInvestmentPlansAssetName" xlink:title="presentation: EquityPriceRiskInfrastructureInvestmentPlansLineItems to EquityPriceRiskInfrastructureInvestmentPlansAssetName" use="optional" order="10.0" preferredLabel="http://www.xbrl.org/2003/role/terseLabel"/>
    <link:loc xlink:type="locator" xlink:href="../../c-ross_core_2015-12-31.xsd#c-ross_EquityPriceRiskInfrastructureEquityInvestmentPlansProductCode" xlink:label="EquityPriceRiskInfrastructureInvestmentPlansMarketCode" xlink:title="EquityPriceRiskInfrastructureInvestmentPlansMarketCode"/>
    <link:presentationArc xlink:type="arc" xlink:arcrole="http://www.xbrl.org/2003/arcrole/parent-child" xlink:from="EquityPriceRiskInfrastructureInvestmentPlansLineItems" xlink:to="EquityPriceRiskInfrastructureInvestmentPlansMarketCode" xlink:title="presentation: EquityPriceRiskInfrastructureInvestmentPlansLineItems to EquityPriceRiskInfrastructureInvestmentPlansMarketCode" use="optional" order="20.0" preferredLabel="http://www.xbrl.org/2003/role/terseLabel"/>
    <link:loc xlink:type="locator" xlink:href="../../c-ross_core_2015-12-31.xsd#c-ross_EquityPriceRiskInfrastructureEquityInvestmentPlansPurchaseCost" xlink:label="EquityPriceRiskInfrastructureInvestmentPlansPurchaseCost" xlink:title="EquityPriceRiskInfrastructureInvestmentPlansPurchaseCost"/>
    <link:presentationArc xlink:type="arc" xlink:arcrole="http://www.xbrl.org/2003/arcrole/parent-child" xlink:from="EquityPriceRiskInfrastructureInvestmentPlansLineItems" xlink:to="EquityPriceRiskInfrastructureInvestmentPlansPurchaseCost" xlink:title="presentation: EquityPriceRiskInfrastructureInvestmentPlansLineItems to EquityPriceRiskInfrastructureInvestmentPlansPurchaseCost" use="optional" order="30.0" preferredLabel="http://www.xbrl.org/2003/role/terseLabel"/>
    <link:loc xlink:type="locator" xlink:href="../../c-ross_core_2015-12-31.xsd#c-ross_EquityPriceRiskInfrastructureEquityInvestmentPlansAdmittedValue" xlink:label="EquityPriceRiskInfrastructureInvestmentPlansAdmittedValue" xlink:title="EquityPriceRiskInfrastructureInvestmentPlansAdmittedValue"/>
    <link:presentationArc xlink:type="arc" xlink:arcrole="http://www.xbrl.org/2003/arcrole/parent-child" xlink:from="EquityPriceRiskInfrastructureInvestmentPlansLineItems" xlink:to="EquityPriceRiskInfrastructureInvestmentPlansAdmittedValue" xlink:title="presentation: EquityPriceRiskInfrastructureInvestmentPlansLineItems to EquityPriceRiskInfrastructureInvestmentPlansAdmittedValue" use="optional" order="40.0" preferredLabel="http://www.xbrl.org/2003/role/terseLabel"/>
    <link:loc xlink:type="locator" xlink:href="../../c-ross_core_2015-12-31.xsd#c-ross_EquityPriceRiskInfrastructureEquityInvestmentPlansRiskExposure" xlink:label="EquityPriceRiskInfrastructureInvestmentPlansRiskExposure" xlink:title="EquityPriceRiskInfrastructureInvestmentPlansRiskExposure"/>
    <link:presentationArc xlink:type="arc" xlink:arcrole="http://www.xbrl.org/2003/arcrole/parent-child" xlink:from="EquityPriceRiskInfrastructureInvestmentPlansLineItems" xlink:to="EquityPriceRiskInfrastructureInvestmentPlansRiskExposure" xlink:title="presentation: EquityPriceRiskInfrastructureInvestmentPlansLineItems to EquityPriceRiskInfrastructureInvestmentPlansRiskExposure" use="optional" order="50.0" preferredLabel="http://www.xbrl.org/2003/role/terseLabel"/>
    <link:loc xlink:type="locator" xlink:href="../../c-ross_core_2015-12-31.xsd#c-ross_EquityPriceRiskInfrastructureEquityInvestmentPlansBaseRiskFactor" xlink:label="EquityPriceRiskInfrastructureInvestmentPlansBaseRiskFactor" xlink:title="EquityPriceRiskInfrastructureInvestmentPlansBaseRiskFactor"/>
    <link:presentationArc xlink:type="arc" xlink:arcrole="http://www.xbrl.org/2003/arcrole/parent-child" xlink:from="EquityPriceRiskInfrastructureInvestmentPlansLineItems" xlink:to="EquityPriceRiskInfrastructureInvestmentPlansBaseRiskFactor" xlink:title="presentation: EquityPriceRiskInfrastructureInvestmentPlansLineItems to EquityPriceRiskInfrastructureInvestmentPlansBaseRiskFactor" use="optional" order="60.0" preferredLabel="http://www.xbrl.org/2003/role/terseLabel"/>
    <link:loc xlink:type="locator" xlink:href="../../c-ross_core_2015-12-31.xsd#c-ross_EquityPriceRiskInfrastructureEquityInvestmentPlansMinimumCapital" xlink:label="EquityPriceRiskInfrastructureInvestmentPlansMinimumCapital" xlink:title="EquityPriceRiskInfrastructureInvestmentPlansMinimumCapital"/>
    <link:presentationArc xlink:type="arc" xlink:arcrole="http://www.xbrl.org/2003/arcrole/parent-child" xlink:from="EquityPriceRiskInfrastructureInvestmentPlansLineItems" xlink:to="EquityPriceRiskInfrastructureInvestmentPlansMinimumCapital" xlink:title="presentation: EquityPriceRiskInfrastructureInvestmentPlansLineItems to EquityPriceRiskInfrastructureInvestmentPlansMinimumCapital" use="optional" order="70.0" preferredLabel="http://www.xbrl.org/2003/role/terseLabel"/>
    <link:loc xlink:type="locator" xlink:href="../../c-ross_core_2015-12-31.xsd#c-ross_EquityPriceRiskInfrastructureEquityInvestmentPlansIncludingGuaranteesTermsAbstract" xlink:label="EquityPriceRiskInfrastructureInvestmentPlansIncludingGuaranteesTermsAbstract" xlink:title="EquityPriceRiskInfrastructureInvestmentPlansIncludingGuaranteesTermsAbstract"/>
    <link:presentationArc xlink:type="arc" xlink:arcrole="http://www.xbrl.org/2003/arcrole/parent-child" xlink:from="EquityPriceRiskInfrastructureInvestmentPlansIncludingGuaranteesTermsAbstract" xlink:to="EquityPriceRiskInfrastructureInvestmentPlansTable" xlink:title="presentation: EquityPriceRiskInfrastructureInvestmentPlansIncludingGuaranteesTermsAbstract to EquityPriceRiskInfrastructureInvestmentPlansTable" use="optional" order="10.0" preferredLabel="http://www.xbrl.org/2003/role/label"/>
    <link:presentationArc xlink:type="arc" xlink:arcrole="http://www.xbrl.org/2003/arcrole/parent-child" xlink:from="EquityPriceRiskInfrastructureInvestmentPlansIncludingGuaranteesTermsAbstract" xlink:to="EquityPriceRiskInfrastructureInvestmentPlansLineItems" xlink:title="presentation: EquityPriceRiskInfrastructureInvestmentPlansIncludingGuaranteesTermsAbstract to EquityPriceRiskInfrastructureInvestmentPlansLineItems" use="optional" order="20.0" preferredLabel="http://www.xbrl.org/2003/role/label"/>
  </link:presentationLink>
  <link:presentationLink xlink:type="extended" xlink:role="http://xbrl.circ.gov.cn/role/c-ross_2015-12-31_role-3161500b">
    <link:loc xlink:type="locator" xlink:href="../../c-ross_core_2015-12-31.xsd#c-ross_EquityPriceRiskInfrastructureEquityInvestmentPlansTable" xlink:label="EquityPriceRiskInfrastructureInvestmentPlansTable" xlink:title="EquityPriceRiskInfrastructureInvestmentPlansTable"/>
    <link:loc xlink:type="locator" xlink:href="../../c-ross_core_2015-12-31.xsd#c-ross_EquityPriceRiskInfrastructureEquityInvestmentPlansGuaranteesTermsSituationAxis" xlink:label="EquityPriceRiskInfrastructureInvestmentPlansGuaranteesTermsSituationAxis" xlink:title="EquityPriceRiskInfrastructureInvestmentPlansGuaranteesTermsSituationAxis"/>
    <link:presentationArc xlink:type="arc" xlink:arcrole="http://www.xbrl.org/2003/arcrole/parent-child" xlink:from="EquityPriceRiskInfrastructureInvestmentPlansTable" xlink:to="EquityPriceRiskInfrastructureInvestmentPlansGuaranteesTermsSituationAxis" xlink:title="presentation: EquityPriceRiskInfrastructureInvestmentPlansTable to EquityPriceRiskInfrastructureInvestmentPlansGuaranteesTermsSituationAxis" use="optional" order="10.0" preferredLabel="http://www.xbrl.org/2003/role/label"/>
    <link:loc xlink:type="locator" xlink:href="../../c-ross_core_2015-12-31.xsd#c-ross_GuaranteesTermsSituationMember" xlink:label="GuaranteesTermsSituationMember" xlink:title="GuaranteesTermsSituationMember"/>
    <link:presentationArc xlink:type="arc" xlink:arcrole="http://www.xbrl.org/2003/arcrole/parent-child" xlink:from="EquityPriceRiskInfrastructureInvestmentPlansGuaranteesTermsSituationAxis" xlink:to="GuaranteesTermsSituationMember" xlink:title="presentation: EquityPriceRiskInfrastructureInvestmentPlansGuaranteesTermsSituationAxis to GuaranteesTermsSituationMember" use="optional" order="10.0" preferredLabel="http://www.xbrl.org/2003/role/label"/>
    <link:loc xlink:type="locator" xlink:href="../../c-ross_core_2015-12-31.xsd#c-ross_ExcludingGuaranteesTermsMember" xlink:label="ExcludingGuaranteesTermsMember" xlink:title="ExcludingGuaranteesTermsMember"/>
    <link:presentationArc xlink:type="arc" xlink:arcrole="http://www.xbrl.org/2003/arcrole/parent-child" xlink:from="GuaranteesTermsSituationMember" xlink:to="ExcludingGuaranteesTermsMember" xlink:title="presentation: GuaranteesTermsSituationMember to ExcludingGuaranteesTermsMember" use="optional" order="10.0" preferredLabel="http://www.xbrl.org/2003/role/label"/>
    <link:loc xlink:type="locator" xlink:href="../../c-ross_core_2015-12-31.xsd#c-ross_EquityPriceRiskInfrastructureEquityInvestmentPlansExcludingGuaranteesTermsLineNumberAxis" xlink:label="EquityPriceRiskInfrastructureInvestmentPlansExcludingGuaranteesTermsLineNumberAxis" xlink:title="EquityPriceRiskInfrastructureInvestmentPlansExcludingGuaranteesTermsLineNumberAxis"/>
    <link:presentationArc xlink:type="arc" xlink:arcrole="http://www.xbrl.org/2003/arcrole/parent-child" xlink:from="EquityPriceRiskInfrastructureInvestmentPlansTable" xlink:to="EquityPriceRiskInfrastructureInvestmentPlansExcludingGuaranteesTermsLineNumberAxis" xlink:title="presentation: EquityPriceRiskInfrastructureInvestmentPlansTable to EquityPriceRiskInfrastructureInvestmentPlansExcludingGuaranteesTermsLineNumberAxis" use="optional" order="20.0" preferredLabel="http://www.xbrl.org/2003/role/terseLabel"/>
    <link:loc xlink:type="locator" xlink:href="../../c-ross_core_2015-12-31.xsd#c-ross_EquityPriceRiskInfrastructureEquityInvestmentPlansLineItems" xlink:label="EquityPriceRiskInfrastructureInvestmentPlansLineItems" xlink:title="EquityPriceRiskInfrastructureInvestmentPlansLineItems"/>
    <link:loc xlink:type="locator" xlink:href="../../c-ross_core_2015-12-31.xsd#c-ross_EquityPriceRiskInfrastructureEquityInvestmentPlansProductName" xlink:label="EquityPriceRiskInfrastructureInvestmentPlansAssetName" xlink:title="EquityPriceRiskInfrastructureInvestmentPlansAssetName"/>
    <link:presentationArc xlink:type="arc" xlink:arcrole="http://www.xbrl.org/2003/arcrole/parent-child" xlink:from="EquityPriceRiskInfrastructureInvestmentPlansLineItems" xlink:to="EquityPriceRiskInfrastructureInvestmentPlansAssetName" xlink:title="presentation: EquityPriceRiskInfrastructureInvestmentPlansLineItems to EquityPriceRiskInfrastructureInvestmentPlansAssetName" use="optional" order="10.0" preferredLabel="http://www.xbrl.org/2003/role/terseLabel"/>
    <link:loc xlink:type="locator" xlink:href="../../c-ross_core_2015-12-31.xsd#c-ross_EquityPriceRiskInfrastructureEquityInvestmentPlansProductCode" xlink:label="EquityPriceRiskInfrastructureInvestmentPlansMarketCode" xlink:title="EquityPriceRiskInfrastructureInvestmentPlansMarketCode"/>
    <link:presentationArc xlink:type="arc" xlink:arcrole="http://www.xbrl.org/2003/arcrole/parent-child" xlink:from="EquityPriceRiskInfrastructureInvestmentPlansLineItems" xlink:to="EquityPriceRiskInfrastructureInvestmentPlansMarketCode" xlink:title="presentation: EquityPriceRiskInfrastructureInvestmentPlansLineItems to EquityPriceRiskInfrastructureInvestmentPlansMarketCode" use="optional" order="20.0" preferredLabel="http://www.xbrl.org/2003/role/terseLabel"/>
    <link:loc xlink:type="locator" xlink:href="../../c-ross_core_2015-12-31.xsd#c-ross_EquityPriceRiskInfrastructureEquityInvestmentPlansPurchaseCost" xlink:label="EquityPriceRiskInfrastructureInvestmentPlansPurchaseCost" xlink:title="EquityPriceRiskInfrastructureInvestmentPlansPurchaseCost"/>
    <link:presentationArc xlink:type="arc" xlink:arcrole="http://www.xbrl.org/2003/arcrole/parent-child" xlink:from="EquityPriceRiskInfrastructureInvestmentPlansLineItems" xlink:to="EquityPriceRiskInfrastructureInvestmentPlansPurchaseCost" xlink:title="presentation: EquityPriceRiskInfrastructureInvestmentPlansLineItems to EquityPriceRiskInfrastructureInvestmentPlansPurchaseCost" use="optional" order="30.0" preferredLabel="http://www.xbrl.org/2003/role/terseLabel"/>
    <link:loc xlink:type="locator" xlink:href="../../c-ross_core_2015-12-31.xsd#c-ross_EquityPriceRiskInfrastructureEquityInvestmentPlansAdmittedValue" xlink:label="EquityPriceRiskInfrastructureInvestmentPlansAdmittedValue" xlink:title="EquityPriceRiskInfrastructureInvestmentPlansAdmittedValue"/>
    <link:presentationArc xlink:type="arc" xlink:arcrole="http://www.xbrl.org/2003/arcrole/parent-child" xlink:from="EquityPriceRiskInfrastructureInvestmentPlansLineItems" xlink:to="EquityPriceRiskInfrastructureInvestmentPlansAdmittedValue" xlink:title="presentation: EquityPriceRiskInfrastructureInvestmentPlansLineItems to EquityPriceRiskInfrastructureInvestmentPlansAdmittedValue" use="optional" order="40.0" preferredLabel="http://www.xbrl.org/2003/role/terseLabel"/>
    <link:loc xlink:type="locator" xlink:href="../../c-ross_core_2015-12-31.xsd#c-ross_EquityPriceRiskInfrastructureEquityInvestmentPlansRiskExposure" xlink:label="EquityPriceRiskInfrastructureInvestmentPlansRiskExposure" xlink:title="EquityPriceRiskInfrastructureInvestmentPlansRiskExposure"/>
    <link:presentationArc xlink:type="arc" xlink:arcrole="http://www.xbrl.org/2003/arcrole/parent-child" xlink:from="EquityPriceRiskInfrastructureInvestmentPlansLineItems" xlink:to="EquityPriceRiskInfrastructureInvestmentPlansRiskExposure" xlink:title="presentation: EquityPriceRiskInfrastructureInvestmentPlansLineItems to EquityPriceRiskInfrastructureInvestmentPlansRiskExposure" use="optional" order="50.0" preferredLabel="http://www.xbrl.org/2003/role/terseLabel"/>
    <link:loc xlink:type="locator" xlink:href="../../c-ross_core_2015-12-31.xsd#c-ross_EquityPriceRiskInfrastructureEquityInvestmentPlansBaseRiskFactor" xlink:label="EquityPriceRiskInfrastructureInvestmentPlansBaseRiskFactor" xlink:title="EquityPriceRiskInfrastructureInvestmentPlansBaseRiskFactor"/>
    <link:presentationArc xlink:type="arc" xlink:arcrole="http://www.xbrl.org/2003/arcrole/parent-child" xlink:from="EquityPriceRiskInfrastructureInvestmentPlansLineItems" xlink:to="EquityPriceRiskInfrastructureInvestmentPlansBaseRiskFactor" xlink:title="presentation: EquityPriceRiskInfrastructureInvestmentPlansLineItems to EquityPriceRiskInfrastructureInvestmentPlansBaseRiskFactor" use="optional" order="60.0" preferredLabel="http://www.xbrl.org/2003/role/terseLabel"/>
    <link:loc xlink:type="locator" xlink:href="../../c-ross_core_2015-12-31.xsd#c-ross_EquityPriceRiskInfrastructureEquityInvestmentPlansMinimumCapital" xlink:label="EquityPriceRiskInfrastructureInvestmentPlansMinimumCapital" xlink:title="EquityPriceRiskInfrastructureInvestmentPlansMinimumCapital"/>
    <link:presentationArc xlink:type="arc" xlink:arcrole="http://www.xbrl.org/2003/arcrole/parent-child" xlink:from="EquityPriceRiskInfrastructureInvestmentPlansLineItems" xlink:to="EquityPriceRiskInfrastructureInvestmentPlansMinimumCapital" xlink:title="presentation: EquityPriceRiskInfrastructureInvestmentPlansLineItems to EquityPriceRiskInfrastructureInvestmentPlansMinimumCapital" use="optional" order="70.0" preferredLabel="http://www.xbrl.org/2003/role/terseLabel"/>
    <link:loc xlink:type="locator" xlink:href="../../c-ross_core_2015-12-31.xsd#c-ross_EquityPriceRiskInfrastructureEquityInvestmentPlansExcludingGuaranteesTermsAbstract" xlink:label="EquityPriceRiskInfrastructureInvestmentPlansExcludingGuaranteesTermsAbstract" xlink:title="EquityPriceRiskInfrastructureInvestmentPlansExcludingGuaranteesTermsAbstract"/>
    <link:presentationArc xlink:type="arc" xlink:arcrole="http://www.xbrl.org/2003/arcrole/parent-child" xlink:from="EquityPriceRiskInfrastructureInvestmentPlansExcludingGuaranteesTermsAbstract" xlink:to="EquityPriceRiskInfrastructureInvestmentPlansTable" xlink:title="presentation: EquityPriceRiskInfrastructureInvestmentPlansExcludingGuaranteesTermsAbstract to EquityPriceRiskInfrastructureInvestmentPlansTable" use="optional" order="10.0" preferredLabel="http://www.xbrl.org/2003/role/label"/>
    <link:presentationArc xlink:type="arc" xlink:arcrole="http://www.xbrl.org/2003/arcrole/parent-child" xlink:from="EquityPriceRiskInfrastructureInvestmentPlansExcludingGuaranteesTermsAbstract" xlink:to="EquityPriceRiskInfrastructureInvestmentPlansLineItems" xlink:title="presentation: EquityPriceRiskInfrastructureInvestmentPlansExcludingGuaranteesTermsAbstract to EquityPriceRiskInfrastructureInvestmentPlansLineItems" use="optional" order="20.0" preferredLabel="http://www.xbrl.org/2003/role/label"/>
  </link:presentationLink>
</link:linkbase>
