<?xml version="1.0" encoding="UTF-8"?>

<!--
	Taxonomy: 2015-12-31 (Final)
	**********************
	Copyright © 2015 China Insurance Regulatory Commission.
	All rights reserved.  No part of this publication may be translated, reprinted or reproduced
	or utilised in any form either in whole or in part without prior permission in writing from China Insurance Regulatory Commission.
	  **********************
	-->
<link:linkbase xmlns:xsi="http://www.w3.org/2001/XMLSchema-instance" xsi:schemaLocation="http://www.xbrl.org/2003/linkbase http://www.xbrl.org/2003/xbrl-linkbase-2003-12-31.xsd" xmlns:c-ross="http://xbrl.circ.gov.cn/taxonomy/2015-12-31/c-ross" xmlns:link="http://www.xbrl.org/2003/linkbase" xmlns:q_s_pc_entry_point="http://xbrl.circ.gov.cn/taxonomy/2015-12-31/c-ross/q_s_pc_entry_point" xmlns:xlink="http://www.w3.org/1999/xlink" xmlns:xbrli="http://www.xbrl.org/2003/instance">
  <link:roleRef roleURI="http://www.xbrl.org/2009/role/netLabel" xlink:type="simple" xlink:href="http://www.xbrl.org/lrr/role/net-2009-12-16.xsd#netLabel"/>
  <link:roleRef roleURI="http://xbrl.circ.gov.cn/role/c-ross_2015-12-31_role-3162900" xlink:type="simple" xlink:href="rol_c-ross_7_2015-12-31.xsd#c-ross_2015-12-31-3162900"/>
  <link:roleRef roleURI="http://xbrl.circ.gov.cn/role/c-ross_2015-12-31_role-3162900a" xlink:type="simple" xlink:href="rol_c-ross_7_2015-12-31.xsd#c-ross_2015-12-31-3162900a"/>
  <link:presentationLink xlink:type="extended" xlink:role="http://xbrl.circ.gov.cn/role/c-ross_2015-12-31_role-3162900">
    <link:loc xlink:type="locator" xlink:href="../../c-ross_core_2015-12-31.xsd#c-ross_TypesOfCurrenciesMember" xlink:label="CurrenciesMember" xlink:title="CurrenciesMember"/>
    <link:loc xlink:type="locator" xlink:href="../../c-ross_core_2015-12-31.xsd#c-ross_ForeignCurrencyItemsDenominatedInOtherForeignCurrenciesMember" xlink:label="OtherForeignCurrenciesItemsMember" xlink:title="OtherForeignCurrenciesItemsMember"/>
    <link:presentationArc xlink:type="arc" xlink:arcrole="http://www.xbrl.org/2003/arcrole/parent-child" xlink:from="CurrenciesMember" xlink:to="OtherForeignCurrenciesItemsMember" xlink:title="presentation: CurrenciesMember to OtherForeignCurrenciesItemsMember" use="optional" order="40.0" preferredLabel="http://www.xbrl.org/2003/role/label"/>
    <link:loc xlink:type="locator" xlink:href="../../c-ross_core_2015-12-31.xsd#c-ross_ForeignCurrencyItemsDenominatedInUsdAndCurrenciesDirectlyLinkedToUsdMember" xlink:label="UsdAndCurrenciesDirectlyLinkedToUsdMember" xlink:title="UsdAndCurrenciesDirectlyLinkedToUsdMember"/>
    <link:presentationArc xlink:type="arc" xlink:arcrole="http://www.xbrl.org/2003/arcrole/parent-child" xlink:from="CurrenciesMember" xlink:to="UsdAndCurrenciesDirectlyLinkedToUsdMember" xlink:title="presentation: CurrenciesMember to UsdAndCurrenciesDirectlyLinkedToUsdMember" use="optional" order="10.0" preferredLabel="http://www.xbrl.org/2003/role/label"/>
    <link:loc xlink:type="locator" xlink:href="../../c-ross_core_2015-12-31.xsd#c-ross_ForeignCurrencyItemsDenominatedInEurMember" xlink:label="EurGbpMember" xlink:title="EurGbpMember"/>
    <link:presentationArc xlink:type="arc" xlink:arcrole="http://www.xbrl.org/2003/arcrole/parent-child" xlink:from="CurrenciesMember" xlink:to="EurGbpMember" xlink:title="presentation: CurrenciesMember to EurGbpMember" use="optional" order="20.0" preferredLabel="http://www.xbrl.org/2003/role/label"/>
    <link:loc xlink:type="locator" xlink:href="../../c-ross_core_2015-12-31.xsd#c-ross_ForeignCurrencyItemsDenominatedInGbpMember" xlink:label="ForeignCurrencyItemsDenominatedInGbpMember" xlink:title="ForeignCurrencyItemsDenominatedInGbpMember"/>
    <link:presentationArc xlink:type="arc" xlink:arcrole="http://www.xbrl.org/2003/arcrole/parent-child" xlink:from="CurrenciesMember" xlink:to="ForeignCurrencyItemsDenominatedInGbpMember" xlink:title="presentation: TypesOfCurrenciesMember to ForeignCurrencyItemsDenominatedInGbpMember" use="optional" order="30.0" preferredLabel="http://www.xbrl.org/2003/role/label"/>
    <link:loc xlink:type="locator" xlink:href="../../c-ross_core_2015-12-31.xsd#c-ross_ExchangeRateRiskOfProjectsForeignExchangeForwardAssetsLiabilitiesIneffectivelyHedgedDetailsAbstract" xlink:label="ExchangeRateRiskOfProjectsForeignCurrencyDenominatedAssetsLiabilitiesIneffectivelyHedgedDetailsAbstract" xlink:title="ExchangeRateRiskOfProjectsForeignCurrencyDenominatedAssetsLiabilitiesIneffectivelyHedgedDetailsAbstract"/>
    <link:loc xlink:type="locator" xlink:href="../../c-ross_core_2015-12-31.xsd#c-ross_ExchangeRateRiskOfProjectsForeignExchangeForwardAssetsLiabilitiesIneffectivelyHedgedDetailsTable" xlink:label="ExchangeRateRiskOfProjectsForeignCurrencyDenominatedAssetsLiabilitiesIneffectivelyHedgedDetailsTable" xlink:title="ExchangeRateRiskOfProjectsForeignCurrencyDenominatedAssetsLiabilitiesIneffectivelyHedgedDetailsTable"/>
    <link:presentationArc xlink:type="arc" xlink:arcrole="http://www.xbrl.org/2003/arcrole/parent-child" xlink:from="ExchangeRateRiskOfProjectsForeignCurrencyDenominatedAssetsLiabilitiesIneffectivelyHedgedDetailsAbstract" xlink:to="ExchangeRateRiskOfProjectsForeignCurrencyDenominatedAssetsLiabilitiesIneffectivelyHedgedDetailsTable" xlink:title="presentation: ExchangeRateRiskOfProjectsForeignCurrencyDenominatedAssetsLiabilitiesIneffectivelyHedgedDetailsAbstract to ExchangeRateRiskOfProjectsForeignCurrencyDenominatedAssetsLiabilitiesIneffectivelyHedgedDetailsTable" use="optional" order="10.0" preferredLabel="http://www.xbrl.org/2003/role/label"/>
    <link:loc xlink:type="locator" xlink:href="../../c-ross_core_2015-12-31.xsd#c-ross_ExchangeRateRiskForeignExchangeForwardAssetsLiabilitiesIneffectivelyHedgedTypesOfCurrenciesAxis" xlink:label="ExchangeRateRiskForeignCurrencyDenominatedAssetsLiabilitiesIneffectivelyHedgedTypesOfCurrenciesAxis" xlink:title="ExchangeRateRiskForeignCurrencyDenominatedAssetsLiabilitiesIneffectivelyHedgedTypesOfCurrenciesAxis"/>
    <link:presentationArc xlink:type="arc" xlink:arcrole="http://www.xbrl.org/2003/arcrole/parent-child" xlink:from="ExchangeRateRiskOfProjectsForeignCurrencyDenominatedAssetsLiabilitiesIneffectivelyHedgedDetailsTable" xlink:to="ExchangeRateRiskForeignCurrencyDenominatedAssetsLiabilitiesIneffectivelyHedgedTypesOfCurrenciesAxis" xlink:title="presentation: ExchangeRateRiskOfProjectsForeignCurrencyDenominatedAssetsLiabilitiesIneffectivelyHedgedDetailsTable to ExchangeRateRiskForeignCurrencyDenominatedAssetsLiabilitiesIneffectivelyHedgedTypesOfCurrenciesAxis" use="optional" order="10.0" preferredLabel="http://www.xbrl.org/2003/role/label"/>
    <link:presentationArc xlink:type="arc" xlink:arcrole="http://www.xbrl.org/2003/arcrole/parent-child" xlink:from="ExchangeRateRiskForeignCurrencyDenominatedAssetsLiabilitiesIneffectivelyHedgedTypesOfCurrenciesAxis" xlink:to="CurrenciesMember" xlink:title="presentation: ExchangeRateRiskForeignCurrencyDenominatedAssetsLiabilitiesIneffectivelyHedgedTypesOfCurrenciesAxis to CurrenciesMember" use="optional" order="10.0" preferredLabel="http://www.xbrl.org/2003/role/label"/>
    <link:loc xlink:type="locator" xlink:href="../../c-ross_core_2015-12-31.xsd#c-ross_ExchangeRateRiskOfProjectsForeignExchangeForwardAssetsLiabilitiesIneffectivelyHedgedDetailsLineItems" xlink:label="ExchangeRateRiskOfProjectsForeignCurrencyDenominatedAssetsLiabilitiesIneffectivelyHedgedDetailsLineItems" xlink:title="ExchangeRateRiskOfProjectsForeignCurrencyDenominatedAssetsLiabilitiesIneffectivelyHedgedDetailsLineItems"/>
    <link:presentationArc xlink:type="arc" xlink:arcrole="http://www.xbrl.org/2003/arcrole/parent-child" xlink:from="ExchangeRateRiskOfProjectsForeignCurrencyDenominatedAssetsLiabilitiesIneffectivelyHedgedDetailsAbstract" xlink:to="ExchangeRateRiskOfProjectsForeignCurrencyDenominatedAssetsLiabilitiesIneffectivelyHedgedDetailsLineItems" xlink:title="presentation: ExchangeRateRiskOfProjectsForeignCurrencyDenominatedAssetsLiabilitiesIneffectivelyHedgedDetailsAbstract to ExchangeRateRiskOfProjectsForeignCurrencyDenominatedAssetsLiabilitiesIneffectivelyHedgedDetailsLineItems" use="optional" order="20.0" preferredLabel="http://www.xbrl.org/2003/role/label"/>
    <link:loc xlink:type="locator" xlink:href="../../c-ross_core_2015-12-31.xsd#c-ross_ExchangeRateRiskForeignExchangeForwardAssetsLiabilitiesIneffectivelyHedgedForeignCurrencyDenominatedAssetsLiabilities" xlink:label="ExchangeRateRiskForeignCurrencyDenominatedAssetsLiabilitiesIneffectivelyHedgedForeignCurrencyDenominatedAssetsLiabilities" xlink:title="ExchangeRateRiskForeignCurrencyDenominatedAssetsLiabilitiesIneffectivelyHedgedForeignCurrencyDenominatedAssetsLiabilities"/>
    <link:presentationArc xlink:type="arc" xlink:arcrole="http://www.xbrl.org/2003/arcrole/parent-child" xlink:from="ExchangeRateRiskOfProjectsForeignCurrencyDenominatedAssetsLiabilitiesIneffectivelyHedgedDetailsLineItems" xlink:to="ExchangeRateRiskForeignCurrencyDenominatedAssetsLiabilitiesIneffectivelyHedgedForeignCurrencyDenominatedAssetsLiabilities" xlink:title="presentation: ExchangeRateRiskOfProjectsForeignCurrencyDenominatedAssetsLiabilitiesIneffectivelyHedgedDetailsLineItems to ExchangeRateRiskForeignCurrencyDenominatedAssetsLiabilitiesIneffectivelyHedgedForeignCurrencyDenominatedAssetsLiabilities" use="optional" order="10.0" preferredLabel="http://www.xbrl.org/2003/role/terseLabel"/>
    <link:loc xlink:type="locator" xlink:href="../../c-ross_core_2015-12-31.xsd#c-ross_ExchangeRateRiskForeignExchangeForwardAssetsLiabilitiesIneffectivelyHedgedNominalPrincipalValueOfForeignExchangeForwardContracts" xlink:label="ExchangeRateRiskForeignCurrencyDenominatedAssetsLiabilitiesIneffectivelyHedgedNominalPrincipalValueOfForeignExchangeForwardContracts" xlink:title="ExchangeRateRiskForeignCurrencyDenominatedAssetsLiabilitiesIneffectivelyHedgedNominalPrincipalValueOfForeignExchangeForwardContracts"/>
    <link:presentationArc xlink:type="arc" xlink:arcrole="http://www.xbrl.org/2003/arcrole/parent-child" xlink:from="ExchangeRateRiskOfProjectsForeignCurrencyDenominatedAssetsLiabilitiesIneffectivelyHedgedDetailsLineItems" xlink:to="ExchangeRateRiskForeignCurrencyDenominatedAssetsLiabilitiesIneffectivelyHedgedNominalPrincipalValueOfForeignExchangeForwardContracts" xlink:title="presentation: ExchangeRateRiskOfProjectsForeignCurrencyDenominatedAssetsLiabilitiesIneffectivelyHedgedDetailsLineItems to ExchangeRateRiskForeignCurrencyDenominatedAssetsLiabilitiesIneffectivelyHedgedNominalPrincipalValueOfForeignExchangeForwardContracts" use="optional" order="20.0" preferredLabel="http://www.xbrl.org/2003/role/terseLabel"/>
    <link:loc xlink:type="locator" xlink:href="../../c-ross_core_2015-12-31.xsd#c-ross_ExchangeRateRiskForeignExchangeForwardAssetsLiabilitiesIneffectivelyHedgedBaseRiskFactor" xlink:label="ExchangeRateRiskForeignCurrencyDenominatedAssetsLiabilitiesIneffectivelyHedgedBaseRiskFactor" xlink:title="ExchangeRateRiskForeignCurrencyDenominatedAssetsLiabilitiesIneffectivelyHedgedBaseRiskFactor"/>
    <link:presentationArc xlink:type="arc" xlink:arcrole="http://www.xbrl.org/2003/arcrole/parent-child" xlink:from="ExchangeRateRiskOfProjectsForeignCurrencyDenominatedAssetsLiabilitiesIneffectivelyHedgedDetailsLineItems" xlink:to="ExchangeRateRiskForeignCurrencyDenominatedAssetsLiabilitiesIneffectivelyHedgedBaseRiskFactor" xlink:title="presentation: ExchangeRateRiskOfProjectsForeignCurrencyDenominatedAssetsLiabilitiesIneffectivelyHedgedDetailsLineItems to ExchangeRateRiskForeignCurrencyDenominatedAssetsLiabilitiesIneffectivelyHedgedBaseRiskFactor" use="optional" order="30.0" preferredLabel="http://www.xbrl.org/2003/role/terseLabel"/>
    <link:loc xlink:type="locator" xlink:href="../../c-ross_core_2015-12-31.xsd#c-ross_ExchangeRateRiskForeignExchangeForwardAssetsLiabilitiesIneffectivelyHedgedRiskFactorOne" xlink:label="ExchangeRateRiskForeignCurrencyDenominatedAssetsLiabilitiesIneffectivelyHedgedRiskFactorOne" xlink:title="ExchangeRateRiskForeignCurrencyDenominatedAssetsLiabilitiesIneffectivelyHedgedRiskFactorOne"/>
    <link:presentationArc xlink:type="arc" xlink:arcrole="http://www.xbrl.org/2003/arcrole/parent-child" xlink:from="ExchangeRateRiskOfProjectsForeignCurrencyDenominatedAssetsLiabilitiesIneffectivelyHedgedDetailsLineItems" xlink:to="ExchangeRateRiskForeignCurrencyDenominatedAssetsLiabilitiesIneffectivelyHedgedRiskFactorOne" xlink:title="presentation: ExchangeRateRiskOfProjectsForeignCurrencyDenominatedAssetsLiabilitiesIneffectivelyHedgedDetailsLineItems to ExchangeRateRiskForeignCurrencyDenominatedAssetsLiabilitiesIneffectivelyHedgedRiskFactorOne" use="optional" order="40.0" preferredLabel="http://www.xbrl.org/2003/role/terseLabel"/>
    <link:loc xlink:type="locator" xlink:href="../../c-ross_core_2015-12-31.xsd#c-ross_ExchangeRateRiskForeignExchangeForwardAssetsLiabilitiesIneffectivelyHedgedMinimumCapitalOfForeignExchangeForwardContracts" xlink:label="ExchangeRateRiskForeignCurrencyDenominatedAssetsLiabilitiesIneffectivelyHedgedMinimumCapitalOfCurrencyForward" xlink:title="ExchangeRateRiskForeignCurrencyDenominatedAssetsLiabilitiesIneffectivelyHedgedMinimumCapitalOfCurrencyForward"/>
    <link:presentationArc xlink:type="arc" xlink:arcrole="http://www.xbrl.org/2003/arcrole/parent-child" xlink:from="ExchangeRateRiskOfProjectsForeignCurrencyDenominatedAssetsLiabilitiesIneffectivelyHedgedDetailsLineItems" xlink:to="ExchangeRateRiskForeignCurrencyDenominatedAssetsLiabilitiesIneffectivelyHedgedMinimumCapitalOfCurrencyForward" xlink:title="presentation: ExchangeRateRiskOfProjectsForeignCurrencyDenominatedAssetsLiabilitiesIneffectivelyHedgedDetailsLineItems to ExchangeRateRiskForeignCurrencyDenominatedAssetsLiabilitiesIneffectivelyHedgedMinimumCapitalOfCurrencyForward" use="optional" order="50.0" preferredLabel="http://www.xbrl.org/2003/role/terseLabel"/>
  </link:presentationLink>
  <link:presentationLink xlink:type="extended" xlink:role="http://xbrl.circ.gov.cn/role/c-ross_2015-12-31_role-3162900a">
    <link:loc xlink:type="locator" xlink:href="../../c-ross_core_2015-12-31.xsd#c-ross_TypesOfCurrenciesMember" xlink:label="CurrenciesMember" xlink:title="CurrenciesMember"/>
    <link:loc xlink:type="locator" xlink:href="../../c-ross_core_2015-12-31.xsd#c-ross_ForeignCurrencyItemsDenominatedInOtherForeignCurrenciesMember" xlink:label="OtherForeignCurrenciesItemsMember" xlink:title="OtherForeignCurrenciesItemsMember"/>
    <link:presentationArc xlink:type="arc" xlink:arcrole="http://www.xbrl.org/2003/arcrole/parent-child" xlink:from="CurrenciesMember" xlink:to="OtherForeignCurrenciesItemsMember" xlink:title="presentation: CurrenciesMember to OtherForeignCurrenciesItemsMember" use="optional" order="10.0" preferredLabel="http://www.xbrl.org/2003/role/label"/>
    <link:loc xlink:type="locator" xlink:href="../../c-ross_core_2015-12-31.xsd#c-ross_ExchangeRateRiskOfProjectsForeignExchangeForwardAssetsLiabilitiesIneffectivelyHedgedDetailsTable" xlink:label="ExchangeRateRiskOfProjectsForeignCurrencyDenominatedAssetsLiabilitiesIneffectivelyHedgedDetailsTable" xlink:title="ExchangeRateRiskOfProjectsForeignCurrencyDenominatedAssetsLiabilitiesIneffectivelyHedgedDetailsTable"/>
    <link:loc xlink:type="locator" xlink:href="../../c-ross_core_2015-12-31.xsd#c-ross_ExchangeRateRiskForeignExchangeForwardAssetsLiabilitiesIneffectivelyHedgedTypesOfCurrenciesAxis" xlink:label="ExchangeRateRiskForeignCurrencyDenominatedAssetsLiabilitiesIneffectivelyHedgedTypesOfCurrenciesAxis" xlink:title="ExchangeRateRiskForeignCurrencyDenominatedAssetsLiabilitiesIneffectivelyHedgedTypesOfCurrenciesAxis"/>
    <link:presentationArc xlink:type="arc" xlink:arcrole="http://www.xbrl.org/2003/arcrole/parent-child" xlink:from="ExchangeRateRiskOfProjectsForeignCurrencyDenominatedAssetsLiabilitiesIneffectivelyHedgedDetailsTable" xlink:to="ExchangeRateRiskForeignCurrencyDenominatedAssetsLiabilitiesIneffectivelyHedgedTypesOfCurrenciesAxis" xlink:title="presentation: ExchangeRateRiskOfProjectsForeignCurrencyDenominatedAssetsLiabilitiesIneffectivelyHedgedDetailsTable to ExchangeRateRiskForeignCurrencyDenominatedAssetsLiabilitiesIneffectivelyHedgedTypesOfCurrenciesAxis" use="optional" order="10.0" preferredLabel="http://www.xbrl.org/2003/role/label"/>
    <link:presentationArc xlink:type="arc" xlink:arcrole="http://www.xbrl.org/2003/arcrole/parent-child" xlink:from="ExchangeRateRiskForeignCurrencyDenominatedAssetsLiabilitiesIneffectivelyHedgedTypesOfCurrenciesAxis" xlink:to="CurrenciesMember" xlink:title="presentation: ExchangeRateRiskForeignCurrencyDenominatedAssetsLiabilitiesIneffectivelyHedgedTypesOfCurrenciesAxis to CurrenciesMember" use="optional" order="10.0" preferredLabel="http://www.xbrl.org/2003/role/label"/>
    <link:loc xlink:type="locator" xlink:href="../../c-ross_core_2015-12-31.xsd#c-ross_ExchangeRateRiskForeignCurrencyDenominatedAssetsLiabilitiesIneffectivelyHedgedForeignCurrencyItemsDenominatedInOtherForeignCurrenciesLineNumberAxis" xlink:label="ExchangeRateRiskForeignCurrencyDenominatedAssetsLiabilitiesIneffectivelyHedgedOtherCurrenciesLineNumberAxis" xlink:title="ExchangeRateRiskForeignCurrencyDenominatedAssetsLiabilitiesIneffectivelyHedgedOtherCurrenciesLineNumberAxis"/>
    <link:presentationArc xlink:type="arc" xlink:arcrole="http://www.xbrl.org/2003/arcrole/parent-child" xlink:from="ExchangeRateRiskOfProjectsForeignCurrencyDenominatedAssetsLiabilitiesIneffectivelyHedgedDetailsTable" xlink:to="ExchangeRateRiskForeignCurrencyDenominatedAssetsLiabilitiesIneffectivelyHedgedOtherCurrenciesLineNumberAxis" xlink:title="presentation: ExchangeRateRiskOfProjectsForeignCurrencyDenominatedAssetsLiabilitiesIneffectivelyHedgedDetailsTable to ExchangeRateRiskForeignCurrencyDenominatedAssetsLiabilitiesIneffectivelyHedgedOtherCurrenciesLineNumberAxis" use="optional" order="20.0" preferredLabel="http://www.xbrl.org/2003/role/terseLabel"/>
    <link:loc xlink:type="locator" xlink:href="../../c-ross_core_2015-12-31.xsd#c-ross_ExchangeRateRiskOfProjectsForeignExchangeForwardAssetsLiabilitiesIneffectivelyHedgedDetailsLineItems" xlink:label="ExchangeRateRiskOfProjectsForeignCurrencyDenominatedAssetsLiabilitiesIneffectivelyHedgedDetailsLineItems" xlink:title="ExchangeRateRiskOfProjectsForeignCurrencyDenominatedAssetsLiabilitiesIneffectivelyHedgedDetailsLineItems"/>
    <link:loc xlink:type="locator" xlink:href="../../c-ross_core_2015-12-31.xsd#c-ross_ExchangeRateRiskForeignExchangeForwardAssetsLiabilitiesIneffectivelyHedgedForeignCurrencyDenominatedAssetsLiabilities" xlink:label="ExchangeRateRiskForeignCurrencyDenominatedAssetsLiabilitiesIneffectivelyHedgedForeignCurrencyDenominatedAssetsLiabilities" xlink:title="ExchangeRateRiskForeignCurrencyDenominatedAssetsLiabilitiesIneffectivelyHedgedForeignCurrencyDenominatedAssetsLiabilities"/>
    <link:presentationArc xlink:type="arc" xlink:arcrole="http://www.xbrl.org/2003/arcrole/parent-child" xlink:from="ExchangeRateRiskOfProjectsForeignCurrencyDenominatedAssetsLiabilitiesIneffectivelyHedgedDetailsLineItems" xlink:to="ExchangeRateRiskForeignCurrencyDenominatedAssetsLiabilitiesIneffectivelyHedgedForeignCurrencyDenominatedAssetsLiabilities" xlink:title="presentation: ExchangeRateRiskOfProjectsForeignCurrencyDenominatedAssetsLiabilitiesIneffectivelyHedgedDetailsLineItems to ExchangeRateRiskForeignCurrencyDenominatedAssetsLiabilitiesIneffectivelyHedgedForeignCurrencyDenominatedAssetsLiabilities" use="optional" order="10.0" preferredLabel="http://www.xbrl.org/2003/role/terseLabel"/>
    <link:loc xlink:type="locator" xlink:href="../../c-ross_core_2015-12-31.xsd#c-ross_ExchangeRateRiskForeignExchangeForwardAssetsLiabilitiesIneffectivelyHedgedNominalPrincipalValueOfForeignExchangeForwardContracts" xlink:label="ExchangeRateRiskForeignCurrencyDenominatedAssetsLiabilitiesIneffectivelyHedgedNominalPrincipalValueOfForeignExchangeForwardContracts" xlink:title="ExchangeRateRiskForeignCurrencyDenominatedAssetsLiabilitiesIneffectivelyHedgedNominalPrincipalValueOfForeignExchangeForwardContracts"/>
    <link:presentationArc xlink:type="arc" xlink:arcrole="http://www.xbrl.org/2003/arcrole/parent-child" xlink:from="ExchangeRateRiskOfProjectsForeignCurrencyDenominatedAssetsLiabilitiesIneffectivelyHedgedDetailsLineItems" xlink:to="ExchangeRateRiskForeignCurrencyDenominatedAssetsLiabilitiesIneffectivelyHedgedNominalPrincipalValueOfForeignExchangeForwardContracts" xlink:title="presentation: ExchangeRateRiskOfProjectsForeignCurrencyDenominatedAssetsLiabilitiesIneffectivelyHedgedDetailsLineItems to ExchangeRateRiskForeignCurrencyDenominatedAssetsLiabilitiesIneffectivelyHedgedNominalPrincipalValueOfForeignExchangeForwardContracts" use="optional" order="20.0" preferredLabel="http://www.xbrl.org/2003/role/terseLabel"/>
    <link:loc xlink:type="locator" xlink:href="../../c-ross_core_2015-12-31.xsd#c-ross_ExchangeRateRiskForeignExchangeForwardAssetsLiabilitiesIneffectivelyHedgedBaseRiskFactor" xlink:label="ExchangeRateRiskForeignCurrencyDenominatedAssetsLiabilitiesIneffectivelyHedgedBaseRiskFactor" xlink:title="ExchangeRateRiskForeignCurrencyDenominatedAssetsLiabilitiesIneffectivelyHedgedBaseRiskFactor"/>
    <link:presentationArc xlink:type="arc" xlink:arcrole="http://www.xbrl.org/2003/arcrole/parent-child" xlink:from="ExchangeRateRiskOfProjectsForeignCurrencyDenominatedAssetsLiabilitiesIneffectivelyHedgedDetailsLineItems" xlink:to="ExchangeRateRiskForeignCurrencyDenominatedAssetsLiabilitiesIneffectivelyHedgedBaseRiskFactor" xlink:title="presentation: ExchangeRateRiskOfProjectsForeignCurrencyDenominatedAssetsLiabilitiesIneffectivelyHedgedDetailsLineItems to ExchangeRateRiskForeignCurrencyDenominatedAssetsLiabilitiesIneffectivelyHedgedBaseRiskFactor" use="optional" order="30.0" preferredLabel="http://www.xbrl.org/2003/role/terseLabel"/>
    <link:loc xlink:type="locator" xlink:href="../../c-ross_core_2015-12-31.xsd#c-ross_ExchangeRateRiskForeignExchangeForwardAssetsLiabilitiesIneffectivelyHedgedRiskFactorOne" xlink:label="ExchangeRateRiskForeignCurrencyDenominatedAssetsLiabilitiesIneffectivelyHedgedRiskFactorOne" xlink:title="ExchangeRateRiskForeignCurrencyDenominatedAssetsLiabilitiesIneffectivelyHedgedRiskFactorOne"/>
    <link:presentationArc xlink:type="arc" xlink:arcrole="http://www.xbrl.org/2003/arcrole/parent-child" xlink:from="ExchangeRateRiskOfProjectsForeignCurrencyDenominatedAssetsLiabilitiesIneffectivelyHedgedDetailsLineItems" xlink:to="ExchangeRateRiskForeignCurrencyDenominatedAssetsLiabilitiesIneffectivelyHedgedRiskFactorOne" xlink:title="presentation: ExchangeRateRiskOfProjectsForeignCurrencyDenominatedAssetsLiabilitiesIneffectivelyHedgedDetailsLineItems to ExchangeRateRiskForeignCurrencyDenominatedAssetsLiabilitiesIneffectivelyHedgedRiskFactorOne" use="optional" order="40.0" preferredLabel="http://www.xbrl.org/2003/role/terseLabel"/>
    <link:loc xlink:type="locator" xlink:href="../../c-ross_core_2015-12-31.xsd#c-ross_ExchangeRateRiskForeignExchangeForwardAssetsLiabilitiesIneffectivelyHedgedMinimumCapitalOfForeignExchangeForwardContracts" xlink:label="ExchangeRateRiskForeignCurrencyDenominatedAssetsLiabilitiesIneffectivelyHedgedMinimumCapitalOfCurrencyForward" xlink:title="ExchangeRateRiskForeignCurrencyDenominatedAssetsLiabilitiesIneffectivelyHedgedMinimumCapitalOfCurrencyForward"/>
    <link:presentationArc xlink:type="arc" xlink:arcrole="http://www.xbrl.org/2003/arcrole/parent-child" xlink:from="ExchangeRateRiskOfProjectsForeignCurrencyDenominatedAssetsLiabilitiesIneffectivelyHedgedDetailsLineItems" xlink:to="ExchangeRateRiskForeignCurrencyDenominatedAssetsLiabilitiesIneffectivelyHedgedMinimumCapitalOfCurrencyForward" xlink:title="presentation: ExchangeRateRiskOfProjectsForeignCurrencyDenominatedAssetsLiabilitiesIneffectivelyHedgedDetailsLineItems to ExchangeRateRiskForeignCurrencyDenominatedAssetsLiabilitiesIneffectivelyHedgedMinimumCapitalOfCurrencyForward" use="optional" order="50.0" preferredLabel="http://www.xbrl.org/2003/role/terseLabel"/>
    <link:loc xlink:type="locator" xlink:href="../../c-ross_core_2015-12-31.xsd#c-ross_ExchangeRateRiskOfProjectsForeignExchangeForwardAssetsLiabilitiesIneffectivelyHedgedForeignCurrencyItemsDenominatedInOtherForeignCurrenciesDetailsAbstract" xlink:label="ExchangeRateRiskOfProjectsForeignCurrencyDenominatedAssetsLiabilitiesIneffectivelyHedgedOtherCurrenciesDetailsAbstract" xlink:title="ExchangeRateRiskOfProjectsForeignCurrencyDenominatedAssetsLiabilitiesIneffectivelyHedgedOtherCurrenciesDetailsAbstract"/>
    <link:presentationArc xlink:type="arc" xlink:arcrole="http://www.xbrl.org/2003/arcrole/parent-child" xlink:from="ExchangeRateRiskOfProjectsForeignCurrencyDenominatedAssetsLiabilitiesIneffectivelyHedgedOtherCurrenciesDetailsAbstract" xlink:to="ExchangeRateRiskOfProjectsForeignCurrencyDenominatedAssetsLiabilitiesIneffectivelyHedgedDetailsTable" xlink:title="presentation: ExchangeRateRiskOfProjectsForeignCurrencyDenominatedAssetsLiabilitiesIneffectivelyHedgedOtherCurrenciesDetailsAbstract to ExchangeRateRiskOfProjectsForeignCurrencyDenominatedAssetsLiabilitiesIneffectivelyHedgedDetailsTable" use="optional" order="10.0" preferredLabel="http://www.xbrl.org/2003/role/label"/>
    <link:presentationArc xlink:type="arc" xlink:arcrole="http://www.xbrl.org/2003/arcrole/parent-child" xlink:from="ExchangeRateRiskOfProjectsForeignCurrencyDenominatedAssetsLiabilitiesIneffectivelyHedgedOtherCurrenciesDetailsAbstract" xlink:to="ExchangeRateRiskOfProjectsForeignCurrencyDenominatedAssetsLiabilitiesIneffectivelyHedgedDetailsLineItems" xlink:title="presentation: ExchangeRateRiskOfProjectsForeignCurrencyDenominatedAssetsLiabilitiesIneffectivelyHedgedOtherCurrenciesDetailsAbstract to ExchangeRateRiskOfProjectsForeignCurrencyDenominatedAssetsLiabilitiesIneffectivelyHedgedDetailsLineItems" use="optional" order="20.0" preferredLabel="http://www.xbrl.org/2003/role/label"/>
  </link:presentationLink>
</link:linkbase>
