<?xml version="1.0" encoding="UTF-8"?>

<!--
	Taxonomy: 2015-12-31 (Final)
	**********************
	Copyright © 2015 China Insurance Regulatory Commission.
	All rights reserved.  No part of this publication may be translated, reprinted or reproduced
	or utilised in any form either in whole or in part without prior permission in writing from China Insurance Regulatory Commission.
	  **********************
	-->
<link:linkbase xmlns:xsi="http://www.w3.org/2001/XMLSchema-instance" xsi:schemaLocation="http://www.xbrl.org/2003/linkbase http://www.xbrl.org/2003/xbrl-linkbase-2003-12-31.xsd" xmlns:c-ross="http://xbrl.circ.gov.cn/taxonomy/2015-12-31/c-ross" xmlns:link="http://www.xbrl.org/2003/linkbase" xmlns:xlink="http://www.w3.org/1999/xlink" xmlns:xbrli="http://www.xbrl.org/2003/instance">
  <link:roleRef roleURI="http://www.xbrl.org/2009/role/netLabel" xlink:type="simple" xlink:href="http://www.xbrl.org/lrr/role/net-2009-12-16.xsd#netLabel"/>
  <link:roleRef roleURI="http://xbrl.circ.gov.cn/role/c-ross_2015-12-31_role-3160220" xlink:type="simple" xlink:href="rol_c-ross_7_2015-12-31.xsd#c-ross_2015-12-31-3160220"/>
  <link:presentationLink xlink:type="extended" xlink:role="http://xbrl.circ.gov.cn/role/c-ross_2015-12-31_role-3160220">
    <link:loc xlink:type="locator" xlink:href="../../c-ross_core_2015-12-31.xsd#c-ross_TypesOfInsuranceAccountMember" xlink:label="TypesOfInsuranceAccountMember" xlink:title="TypesOfInsuranceAccountMember"/>
    <link:loc xlink:type="locator" xlink:href="../../c-ross_core_2015-12-31.xsd#c-ross_TraditionalInsuranceExcludingHighInterestRatePolicyAccountMember" xlink:label="TraditionalInsuranceExcludingHighInterestRatePolicyAccountMember" xlink:title="TraditionalInsuranceExcludingHighInterestRatePolicyAccountMember"/>
    <link:presentationArc xlink:type="arc" xlink:arcrole="http://www.xbrl.org/2003/arcrole/parent-child" xlink:from="TypesOfInsuranceAccountMember" xlink:to="TraditionalInsuranceExcludingHighInterestRatePolicyAccountMember" xlink:title="presentation: TypesOfInsuranceAccountMember to TraditionalInsuranceExcludingHighInterestRatePolicyAccountMember" use="optional" order="10.0" preferredLabel="http://www.xbrl.org/2003/role/terseLabel"/>
    <link:loc xlink:type="locator" xlink:href="../../c-ross_core_2015-12-31.xsd#c-ross_ParticipatingInsuranceAccountMember" xlink:label="ParticipatingInsuranceAccountMember" xlink:title="ParticipatingInsuranceAccountMember"/>
    <link:presentationArc xlink:type="arc" xlink:arcrole="http://www.xbrl.org/2003/arcrole/parent-child" xlink:from="TypesOfInsuranceAccountMember" xlink:to="ParticipatingInsuranceAccountMember" xlink:title="presentation: TypesOfInsuranceAccountMember to ParticipatingInsuranceAccountMember" use="optional" order="20.0" preferredLabel="http://www.xbrl.org/2003/role/terseLabel"/>
    <link:loc xlink:type="locator" xlink:href="../../c-ross_core_2015-12-31.xsd#c-ross_UniversalInsuranceAccountMember" xlink:label="UniversalInsuranceAccountMember" xlink:title="UniversalInsuranceAccountMember"/>
    <link:presentationArc xlink:type="arc" xlink:arcrole="http://www.xbrl.org/2003/arcrole/parent-child" xlink:from="TypesOfInsuranceAccountMember" xlink:to="UniversalInsuranceAccountMember" xlink:title="presentation: TypesOfInsuranceAccountMember to UniversalInsuranceAccountMember" use="optional" order="30.0" preferredLabel="http://www.xbrl.org/2003/role/terseLabel"/>
    <link:loc xlink:type="locator" xlink:href="../../c-ross_core_2015-12-31.xsd#c-ross_HighInterestRatePolicyAccountMember" xlink:label="HighInterestRatePolicyLiabilityAccountMember" xlink:title="HighInterestRatePolicyLiabilityAccountMember"/>
    <link:presentationArc xlink:type="arc" xlink:arcrole="http://www.xbrl.org/2003/arcrole/parent-child" xlink:from="TypesOfInsuranceAccountMember" xlink:to="HighInterestRatePolicyLiabilityAccountMember" xlink:title="presentation: TypesOfInsuranceAccountMember to HighInterestRatePolicyLiabilityAccountMember" use="optional" order="50.0" preferredLabel="http://www.xbrl.org/2003/role/terseLabel"/>
    <link:loc xlink:type="locator" xlink:href="../../c-ross_core_2015-12-31.xsd#c-ross_UnitLinkedInsuranceIncludingOtherInsuranceAccountMember" xlink:label="UnitLinkedInsuranceIncludingOtherInsuranceAccountMember" xlink:title="UnitLinkedInsuranceIncludingOtherInsuranceAccountMember"/>
    <link:presentationArc xlink:type="arc" xlink:arcrole="http://www.xbrl.org/2003/arcrole/parent-child" xlink:from="TypesOfInsuranceAccountMember" xlink:to="UnitLinkedInsuranceIncludingOtherInsuranceAccountMember" xlink:title="presentation: TypesOfInsuranceAccountMember to UnitLinkedInsuranceIncludingOtherInsuranceAccountMember" use="optional" order="40.0" preferredLabel="http://www.xbrl.org/2003/role/terseLabel"/>
    <link:loc xlink:type="locator" xlink:href="../../c-ross_core_2015-12-31.xsd#c-ross_ShareholdersAccountAndOtherAccountMember" xlink:label="ShareholdersAccountAndOtherAccountMember" xlink:title="ShareholdersAccountAndOtherAccountMember"/>
    <link:presentationArc xlink:type="arc" xlink:arcrole="http://www.xbrl.org/2003/arcrole/parent-child" xlink:from="TypesOfInsuranceAccountMember" xlink:to="ShareholdersAccountAndOtherAccountMember" xlink:title="presentation: TypesOfInsuranceAccountMember to ShareholdersAccountAndOtherAccountMember" use="optional" order="60.0" preferredLabel="http://www.xbrl.org/2003/role/label"/>
    <link:loc xlink:type="locator" xlink:href="../../c-ross_core_2015-12-31.xsd#c-ross_InterestRateRiskTypesOfInsuranceAccountAxis" xlink:label="InterestRateRiskTypesOfInsuranceAccountAxis" xlink:title="InterestRateRiskTypesOfInsuranceAccountAxis"/>
    <link:presentationArc xlink:type="arc" xlink:arcrole="http://www.xbrl.org/2003/arcrole/parent-child" xlink:from="InterestRateRiskTypesOfInsuranceAccountAxis" xlink:to="TypesOfInsuranceAccountMember" xlink:title="presentation: InterestRateRiskTypesOfInsuranceAccountAxis to TypesOfInsuranceAccountMember" use="optional" order="10.0" preferredLabel="http://www.xbrl.org/2003/role/label"/>
    <link:loc xlink:type="locator" xlink:href="../../c-ross_core_2015-12-31.xsd#c-ross_InterestRateRiskOfReinsuranceCompanyAbstract" xlink:label="MinimumCapitalInterestRateRiskOfReinsuranceCompanyAbstract" xlink:title="MinimumCapitalInterestRateRiskOfReinsuranceCompanyAbstract"/>
    <link:loc xlink:type="locator" xlink:href="../../c-ross_core_2015-12-31.xsd#c-ross_InterestRateRiskOfReinsuranceCompanyTable" xlink:label="MinimumCapitalInterestRateRiskOfReinsuranceCompanyTable" xlink:title="MinimumCapitalInterestRateRiskOfReinsuranceCompanyTable"/>
    <link:presentationArc xlink:type="arc" xlink:arcrole="http://www.xbrl.org/2003/arcrole/parent-child" xlink:from="MinimumCapitalInterestRateRiskOfReinsuranceCompanyAbstract" xlink:to="MinimumCapitalInterestRateRiskOfReinsuranceCompanyTable" xlink:title="presentation: MinimumCapitalInterestRateRiskOfReinsuranceCompanyAbstract to MinimumCapitalInterestRateRiskOfReinsuranceCompanyTable" use="optional" order="10.0" preferredLabel="http://www.xbrl.org/2003/role/label"/>
    <link:presentationArc xlink:type="arc" xlink:arcrole="http://www.xbrl.org/2003/arcrole/parent-child" xlink:from="MinimumCapitalInterestRateRiskOfReinsuranceCompanyTable" xlink:to="InterestRateRiskTypesOfInsuranceAccountAxis" xlink:title="presentation: MinimumCapitalInterestRateRiskOfReinsuranceCompanyTable to InterestRateRiskTypesOfInsuranceAccountAxis" use="optional" order="10.0" preferredLabel="http://www.xbrl.org/2003/role/label"/>
    <link:loc xlink:type="locator" xlink:href="../../c-ross_core_2015-12-31.xsd#c-ross_InterestRateRiskOfReinsuranceCompanyLineItems" xlink:label="MinimumCapitalInterestRateRiskOfReinsuranceCompanyLineItems" xlink:title="MinimumCapitalInterestRateRiskOfReinsuranceCompanyLineItems"/>
    <link:presentationArc xlink:type="arc" xlink:arcrole="http://www.xbrl.org/2003/arcrole/parent-child" xlink:from="MinimumCapitalInterestRateRiskOfReinsuranceCompanyAbstract" xlink:to="MinimumCapitalInterestRateRiskOfReinsuranceCompanyLineItems" xlink:title="presentation: MinimumCapitalInterestRateRiskOfReinsuranceCompanyAbstract to MinimumCapitalInterestRateRiskOfReinsuranceCompanyLineItems" use="optional" order="20.0" preferredLabel="http://www.xbrl.org/2003/role/label"/>
    <link:loc xlink:type="locator" xlink:href="../../c-ross_core_2015-12-31.xsd#c-ross_AdmittedValueOfAdmittedAssetsOnValuationDateBaseScenario" xlink:label="AdmittedValueOfAdmittedAssetsOnValuationDateBaseScenario" xlink:title="AdmittedValueOfAdmittedAssetsOnValuationDateBaseScenario"/>
    <link:presentationArc xlink:type="arc" xlink:arcrole="http://www.xbrl.org/2003/arcrole/parent-child" xlink:from="MinimumCapitalInterestRateRiskOfReinsuranceCompanyLineItems" xlink:to="AdmittedValueOfAdmittedAssetsOnValuationDateBaseScenario" xlink:title="presentation: MinimumCapitalInterestRateRiskOfReinsuranceCompanyLineItems to AdmittedValueOfAdmittedAssetsOnValuationDateBaseScenario" order="10.0" preferredLabel="http://www.xbrl.org/2003/role/terseLabel"/>
    <link:loc xlink:type="locator" xlink:href="../../c-ross_core_2015-12-31.xsd#c-ross_PresentValueOfCashFlowsOfLifeInsuranceBusinessCalculatedAfterConsiderationOfReinsuranceFactorsOnValuationDateBaseScenario" xlink:label="PresentValueOfCashFlowsOfLifeInsuranceBusinessCalculatedAfterConsiderationOfReinsuranceFactorsOnValuationDateBaseScenario" xlink:title="PresentValueOfCashFlowsOfLifeInsuranceBusinessCalculatedAfterConsiderationOfReinsuranceFactorsOnValuationDateBaseScenario"/>
    <link:presentationArc xlink:type="arc" xlink:arcrole="http://www.xbrl.org/2003/arcrole/parent-child" xlink:from="MinimumCapitalInterestRateRiskOfReinsuranceCompanyLineItems" xlink:to="PresentValueOfCashFlowsOfLifeInsuranceBusinessCalculatedAfterConsiderationOfReinsuranceFactorsOnValuationDateBaseScenario" xlink:title="presentation: MinimumCapitalInterestRateRiskOfReinsuranceCompanyLineItems to PresentValueOfCashFlowsOfLifeInsuranceBusinessCalculatedAfterConsiderationOfReinsuranceFactorsOnValuationDateBaseScenario" order="20.0" preferredLabel="http://www.xbrl.org/2003/role/terseLabel"/>
    <link:loc xlink:type="locator" xlink:href="../../c-ross_core_2015-12-31.xsd#c-ross_AdmittedValueOfAdmittedAssetsOnValuationDateAdverseScenarioOfDecreasingInterestRates" xlink:label="AdmittedValueOfAdmittedAssetsOnValuationDateAdverseScenarioOfDecreasingInterestRates" xlink:title="AdmittedValueOfAdmittedAssetsOnValuationDateAdverseScenarioOfDecreasingInterestRates"/>
    <link:presentationArc xlink:type="arc" xlink:arcrole="http://www.xbrl.org/2003/arcrole/parent-child" xlink:from="MinimumCapitalInterestRateRiskOfReinsuranceCompanyLineItems" xlink:to="AdmittedValueOfAdmittedAssetsOnValuationDateAdverseScenarioOfDecreasingInterestRates" xlink:title="presentation: MinimumCapitalInterestRateRiskOfReinsuranceCompanyLineItems to AdmittedValueOfAdmittedAssetsOnValuationDateAdverseScenarioOfDecreasingInterestRates" order="30.0" preferredLabel="http://www.xbrl.org/2003/role/terseLabel"/>
    <link:loc xlink:type="locator" xlink:href="../../c-ross_core_2015-12-31.xsd#c-ross_PresentValueOfCashFlowsOfLifeInsuranceBusinessCalculatedAfterConsiderationOfReinsuranceFactorsOnValuationDateAdverseScenarioOfDecreasingInterestRates" xlink:label="PresentValueOfCashFlowsOfLifeInsuranceBusinessCalculatedAfterConsiderationOfReinsuranceFactorsOnValuationDateAdverseScenarioOfDecreasingInterestRates" xlink:title="PresentValueOfCashFlowsOfLifeInsuranceBusinessCalculatedAfterConsiderationOfReinsuranceFactorsOnValuationDateAdverseScenarioOfDecreasingInterestRates"/>
    <link:presentationArc xlink:type="arc" xlink:arcrole="http://www.xbrl.org/2003/arcrole/parent-child" xlink:from="MinimumCapitalInterestRateRiskOfReinsuranceCompanyLineItems" xlink:to="PresentValueOfCashFlowsOfLifeInsuranceBusinessCalculatedAfterConsiderationOfReinsuranceFactorsOnValuationDateAdverseScenarioOfDecreasingInterestRates" xlink:title="presentation: MinimumCapitalInterestRateRiskOfReinsuranceCompanyLineItems to PresentValueOfCashFlowsOfLifeInsuranceBusinessCalculatedAfterConsiderationOfReinsuranceFactorsOnValuationDateAdverseScenarioOfDecreasingInterestRates" order="40.0" preferredLabel="http://www.xbrl.org/2003/role/terseLabel"/>
    <link:loc xlink:type="locator" xlink:href="../../c-ross_core_2015-12-31.xsd#c-ross_LifeInsuranceBusinessMinimumCapitalUnderScenariosOfDecreasingInterestRates" xlink:label="LifeInsuranceBusinessMinimumCapitalUnderScenariosOfDecreasingInterestRates" xlink:title="LifeInsuranceBusinessMinimumCapitalUnderScenariosOfDecreasingInterestRates"/>
    <link:presentationArc xlink:type="arc" xlink:arcrole="http://www.xbrl.org/2003/arcrole/parent-child" xlink:from="MinimumCapitalInterestRateRiskOfReinsuranceCompanyLineItems" xlink:to="LifeInsuranceBusinessMinimumCapitalUnderScenariosOfDecreasingInterestRates" xlink:title="presentation: MinimumCapitalInterestRateRiskOfReinsuranceCompanyLineItems to LifeInsuranceBusinessMinimumCapitalUnderScenariosOfDecreasingInterestRates" use="optional" order="50.0" preferredLabel="http://www.xbrl.org/2003/role/label"/>
    <link:loc xlink:type="locator" xlink:href="../../c-ross_core_2015-12-31.xsd#c-ross_AdmittedValueOfAdmittedAssetsOnValuationDateAdverseScenarioOfIncreasingInterestRates" xlink:label="AdmittedValueOfAdmittedAssetsOnValuationDateAdverseScenarioOfIncreasingInterestRates" xlink:title="AdmittedValueOfAdmittedAssetsOnValuationDateAdverseScenarioOfIncreasingInterestRates"/>
    <link:presentationArc xlink:type="arc" xlink:arcrole="http://www.xbrl.org/2003/arcrole/parent-child" xlink:from="MinimumCapitalInterestRateRiskOfReinsuranceCompanyLineItems" xlink:to="AdmittedValueOfAdmittedAssetsOnValuationDateAdverseScenarioOfIncreasingInterestRates" xlink:title="presentation: MinimumCapitalInterestRateRiskOfReinsuranceCompanyLineItems to AdmittedValueOfAdmittedAssetsOnValuationDateAdverseScenarioOfIncreasingInterestRates" order="60.0" preferredLabel="http://www.xbrl.org/2003/role/terseLabel"/>
    <link:loc xlink:type="locator" xlink:href="../../c-ross_core_2015-12-31.xsd#c-ross_PresentValueOfCashFlowsOfLifeInsuranceBusinessCalculatedAfterConsiderationOfReinsuranceFactorsOnValuationDateAdverseScenarioOfIncreasingInterestRates" xlink:label="PresentValueOfCashFlowsOfLifeInsuranceBusinessCalculatedAfterConsiderationOfReinsuranceFactorsOnValuationDateAdverseScenarioOfIncreasingInterestRates" xlink:title="PresentValueOfCashFlowsOfLifeInsuranceBusinessCalculatedAfterConsiderationOfReinsuranceFactorsOnValuationDateAdverseScenarioOfIncreasingInterestRates"/>
    <link:presentationArc xlink:type="arc" xlink:arcrole="http://www.xbrl.org/2003/arcrole/parent-child" xlink:from="MinimumCapitalInterestRateRiskOfReinsuranceCompanyLineItems" xlink:to="PresentValueOfCashFlowsOfLifeInsuranceBusinessCalculatedAfterConsiderationOfReinsuranceFactorsOnValuationDateAdverseScenarioOfIncreasingInterestRates" xlink:title="presentation: MinimumCapitalInterestRateRiskOfReinsuranceCompanyLineItems to PresentValueOfCashFlowsOfLifeInsuranceBusinessCalculatedAfterConsiderationOfReinsuranceFactorsOnValuationDateAdverseScenarioOfIncreasingInterestRates" order="70.0" preferredLabel="http://www.xbrl.org/2003/role/terseLabel"/>
    <link:loc xlink:type="locator" xlink:href="../../c-ross_core_2015-12-31.xsd#c-ross_LifeInsuranceBusinessMinimumCapitalUnderScenariosOfIncreasingInterestRates" xlink:label="LifeInsuranceBusinessMinimumCapitalUnderScenariosOfIncreasingInterestRates" xlink:title="LifeInsuranceBusinessMinimumCapitalUnderScenariosOfIncreasingInterestRates"/>
    <link:presentationArc xlink:type="arc" xlink:arcrole="http://www.xbrl.org/2003/arcrole/parent-child" xlink:from="MinimumCapitalInterestRateRiskOfReinsuranceCompanyLineItems" xlink:to="LifeInsuranceBusinessMinimumCapitalUnderScenariosOfIncreasingInterestRates" xlink:title="presentation: MinimumCapitalInterestRateRiskOfReinsuranceCompanyLineItems to LifeInsuranceBusinessMinimumCapitalUnderScenariosOfIncreasingInterestRates" use="optional" order="80.0" preferredLabel="http://www.xbrl.org/2003/role/label"/>
    <link:loc xlink:type="locator" xlink:href="../../c-ross_core_2015-12-31.xsd#c-ross_InterestRateRiskOfLifeInsuranceBusinessOfReinsuranceCompanyMinimumCapital" xlink:label="InterestRateRiskOfLifeInsuranceBusinessOfReinsuranceCompanyMinimumCapital" xlink:title="InterestRateRiskOfLifeInsuranceBusinessOfReinsuranceCompanyMinimumCapital"/>
    <link:presentationArc xlink:type="arc" xlink:arcrole="http://www.xbrl.org/2003/arcrole/parent-child" xlink:from="MinimumCapitalInterestRateRiskOfReinsuranceCompanyLineItems" xlink:to="InterestRateRiskOfLifeInsuranceBusinessOfReinsuranceCompanyMinimumCapital" xlink:title="presentation: MinimumCapitalInterestRateRiskOfReinsuranceCompanyLineItems to InterestRateRiskOfLifeInsuranceBusinessOfReinsuranceCompanyMinimumCapital" use="optional" order="90.0" preferredLabel="http://www.xbrl.org/2003/role/terseLabel"/>
    <link:loc xlink:type="locator" xlink:href="../../c-ross_core_2015-12-31.xsd#c-ross_InterestRateRiskOfNonLifeInsuranceBusinessOfReinsuranceCompanyMinimumCapital" xlink:label="InterestRateRiskOfNonLifeInsuranceBusinessOfReinsuranceCompanyMinimumCapital" xlink:title="InterestRateRiskOfNonLifeInsuranceBusinessOfReinsuranceCompanyMinimumCapital"/>
    <link:presentationArc xlink:type="arc" xlink:arcrole="http://www.xbrl.org/2003/arcrole/parent-child" xlink:from="MinimumCapitalInterestRateRiskOfReinsuranceCompanyLineItems" xlink:to="InterestRateRiskOfNonLifeInsuranceBusinessOfReinsuranceCompanyMinimumCapital" xlink:title="presentation: MinimumCapitalInterestRateRiskOfReinsuranceCompanyLineItems to InterestRateRiskOfNonLifeInsuranceBusinessOfReinsuranceCompanyMinimumCapital" use="optional" order="100.0" preferredLabel="http://www.xbrl.org/2003/role/terseLabel"/>
    <link:loc xlink:type="locator" xlink:href="../../c-ross_core_2015-12-31.xsd#c-ross_MarketRiskMinimumCapitalForInterestRateRisk" xlink:label="MarketRiskMinimumCapitalForInterestRateRisk" xlink:title="MarketRiskMinimumCapitalForInterestRateRisk"/>
    <link:presentationArc xlink:type="arc" xlink:arcrole="http://www.xbrl.org/2003/arcrole/parent-child" xlink:from="MinimumCapitalInterestRateRiskOfReinsuranceCompanyLineItems" xlink:to="MarketRiskMinimumCapitalForInterestRateRisk" xlink:title="presentation: MinimumCapitalInterestRateRiskOfReinsuranceCompanyLineItems to MarketRiskMinimumCapitalForInterestRateRisk" use="optional" order="110.0" preferredLabel="http://www.xbrl.org/2003/role/totalLabel"/>
  </link:presentationLink>
</link:linkbase>
