<?xml version="1.0" encoding="UTF-8"?>

<!--
	Taxonomy: 2015-12-31 (Final)
	**********************
	Copyright © 2015 China Insurance Regulatory Commission.
	All rights reserved.  No part of this publication may be translated, reprinted or reproduced
	or utilised in any form either in whole or in part without prior permission in writing from China Insurance Regulatory Commission.
	  **********************
	-->
<link:linkbase xmlns:xsi="http://www.w3.org/2001/XMLSchema-instance" xsi:schemaLocation="http://www.xbrl.org/2003/linkbase http://www.xbrl.org/2003/xbrl-linkbase-2003-12-31.xsd" xmlns:c-ross="http://xbrl.circ.gov.cn/taxonomy/2015-12-31/c-ross" xmlns:link="http://www.xbrl.org/2003/linkbase" xmlns:q_s_pc_entry_point="http://xbrl.circ.gov.cn/taxonomy/2015-12-31/c-ross/q_s_pc_entry_point" xmlns:xlink="http://www.w3.org/1999/xlink" xmlns:xbrli="http://www.xbrl.org/2003/instance">
  <link:roleRef roleURI="http://www.xbrl.org/2009/role/netLabel" xlink:type="simple" xlink:href="http://www.xbrl.org/lrr/role/net-2009-12-16.xsd#netLabel"/>
  <link:roleRef roleURI="http://xbrl.circ.gov.cn/role/c-ross_2015-12-31_role-3161000" xlink:type="simple" xlink:href="rol_c-ross_7_2015-12-31.xsd#c-ross_2015-12-31-3161000"/>
  <link:roleRef roleURI="http://xbrl.circ.gov.cn/role/c-ross_2015-12-31_role-3161000a" xlink:type="simple" xlink:href="rol_c-ross_7_2015-12-31.xsd#c-ross_2015-12-31-3161000a"/>
  <link:roleRef roleURI="http://xbrl.circ.gov.cn/role/c-ross_2015-12-31_role-3161000b" xlink:type="simple" xlink:href="rol_c-ross_7_2015-12-31.xsd#c-ross_2015-12-31-3161000b"/>
  <link:presentationLink xlink:type="extended" xlink:role="http://xbrl.circ.gov.cn/role/c-ross_2015-12-31_role-3161000">
    <link:loc xlink:type="locator" xlink:href="../../c-ross_core_2015-12-31.xsd#c-ross_EquityPriceRiskStockQualifiedHedgingAbstract" xlink:label="EquityPriceRiskStockQualifiedHedgingAbstract" xlink:title="EquityPriceRiskStockQualifiedHedgingAbstract"/>
    <link:loc xlink:type="locator" xlink:href="../../c-ross_core_2015-12-31.xsd#c-ross_EquityPriceRiskStockQualifiedHedgingHedgingPortfolioName" xlink:label="EquityPriceRiskStockQualifiedHedgingHedgingPortfolioName" xlink:title="EquityPriceRiskStockQualifiedHedgingHedgingPortfolioName"/>
    <link:presentationArc xlink:type="arc" xlink:arcrole="http://www.xbrl.org/2003/arcrole/parent-child" xlink:from="EquityPriceRiskStockQualifiedHedgingAbstract" xlink:to="EquityPriceRiskStockQualifiedHedgingHedgingPortfolioName" xlink:title="presentation: EquityPriceRiskStockQualifiedHedgingAbstract to EquityPriceRiskStockQualifiedHedgingHedgingPortfolioName" use="optional" order="10.0" preferredLabel="http://www.xbrl.org/2003/role/terseLabel"/>
    <link:loc xlink:type="locator" xlink:href="../../c-ross_core_2015-12-31.xsd#c-ross_EquityPriceRiskStockQualifiedHedgingStockName" xlink:label="EquityPriceRiskStockQualifiedHedgingStockName" xlink:title="EquityPriceRiskStockQualifiedHedgingStockName"/>
    <link:presentationArc xlink:type="arc" xlink:arcrole="http://www.xbrl.org/2003/arcrole/parent-child" xlink:from="EquityPriceRiskStockQualifiedHedgingAbstract" xlink:to="EquityPriceRiskStockQualifiedHedgingStockName" xlink:title="presentation: EquityPriceRiskStockQualifiedHedgingAbstract to EquityPriceRiskStockQualifiedHedgingStockName" use="optional" order="20.0" preferredLabel="http://www.xbrl.org/2003/role/terseLabel"/>
    <link:loc xlink:type="locator" xlink:href="../../c-ross_core_2015-12-31.xsd#c-ross_EquityPriceRiskStockQualifiedHedgingStockCode" xlink:label="EquityPriceRiskStockQualifiedHedgingStockCode" xlink:title="EquityPriceRiskStockQualifiedHedgingStockCode"/>
    <link:presentationArc xlink:type="arc" xlink:arcrole="http://www.xbrl.org/2003/arcrole/parent-child" xlink:from="EquityPriceRiskStockQualifiedHedgingAbstract" xlink:to="EquityPriceRiskStockQualifiedHedgingStockCode" xlink:title="presentation: EquityPriceRiskStockQualifiedHedgingAbstract to EquityPriceRiskStockQualifiedHedgingStockCode" use="optional" order="30.0" preferredLabel="http://www.xbrl.org/2003/role/terseLabel"/>
    <link:loc xlink:type="locator" xlink:href="../../c-ross_core_2015-12-31.xsd#c-ross_EquityPriceRiskStockQualifiedHedgingTypesOfStock" xlink:label="EquityPriceRiskStockQualifiedHedgingTypesOfStock" xlink:title="EquityPriceRiskStockQualifiedHedgingTypesOfStock"/>
    <link:presentationArc xlink:type="arc" xlink:arcrole="http://www.xbrl.org/2003/arcrole/parent-child" xlink:from="EquityPriceRiskStockQualifiedHedgingAbstract" xlink:to="EquityPriceRiskStockQualifiedHedgingTypesOfStock" xlink:title="presentation: EquityPriceRiskStockQualifiedHedgingAbstract to EquityPriceRiskStockQualifiedHedgingTypesOfStock" use="optional" order="40.0" preferredLabel="http://www.xbrl.org/2003/role/terseLabel"/>
    <link:loc xlink:type="locator" xlink:href="../../c-ross_core_2015-12-31.xsd#c-ross_EquityPriceRiskStockQualifiedHedgingWhetherStockIsCompositeOfCsi300Index" xlink:label="EquityPriceRiskStockQualifiedHedgingWhetherStockIsCompositeOfCsi300Index" xlink:title="EquityPriceRiskStockQualifiedHedgingWhetherStockIsCompositeOfCsi300Index"/>
    <link:presentationArc xlink:type="arc" xlink:arcrole="http://www.xbrl.org/2003/arcrole/parent-child" xlink:from="EquityPriceRiskStockQualifiedHedgingAbstract" xlink:to="EquityPriceRiskStockQualifiedHedgingWhetherStockIsCompositeOfCsi300Index" xlink:title="presentation: EquityPriceRiskStockQualifiedHedgingAbstract to EquityPriceRiskStockQualifiedHedgingWhetherStockIsCompositeOfCsi300Index" use="optional" order="50.0" preferredLabel="http://www.xbrl.org/2003/role/terseLabel"/>
    <link:loc xlink:type="locator" xlink:href="../../c-ross_core_2015-12-31.xsd#c-ross_EquityPriceRiskStockQualifiedHedgingPurchaseCost" xlink:label="EquityPriceRiskStockQualifiedHedgingHoldingCost" xlink:title="EquityPriceRiskStockQualifiedHedgingHoldingCost"/>
    <link:presentationArc xlink:type="arc" xlink:arcrole="http://www.xbrl.org/2003/arcrole/parent-child" xlink:from="EquityPriceRiskStockQualifiedHedgingAbstract" xlink:to="EquityPriceRiskStockQualifiedHedgingHoldingCost" xlink:title="presentation: EquityPriceRiskStockQualifiedHedgingAbstract to EquityPriceRiskStockQualifiedHedgingHoldingCost" use="optional" order="70.0" preferredLabel="http://www.xbrl.org/2003/role/terseLabel"/>
    <link:loc xlink:type="locator" xlink:href="../../c-ross_core_2015-12-31.xsd#c-ross_EquityPriceRiskStockQualifiedHedgingAdmittedValue" xlink:label="EquityPriceRiskStockQualifiedHedgingAdmittedValue" xlink:title="EquityPriceRiskStockQualifiedHedgingAdmittedValue"/>
    <link:presentationArc xlink:type="arc" xlink:arcrole="http://www.xbrl.org/2003/arcrole/parent-child" xlink:from="EquityPriceRiskStockQualifiedHedgingAbstract" xlink:to="EquityPriceRiskStockQualifiedHedgingAdmittedValue" xlink:title="presentation: EquityPriceRiskStockQualifiedHedgingAbstract to EquityPriceRiskStockQualifiedHedgingAdmittedValue" use="optional" order="80.0" preferredLabel="http://www.xbrl.org/2003/role/terseLabel"/>
    <link:loc xlink:type="locator" xlink:href="../../c-ross_core_2015-12-31.xsd#c-ross_EquityPriceRiskStockQualifiedHedgingMinimumCapitalOfHedgedStockPortfolio" xlink:label="EquityPriceRiskStockQualifiedHedgingMinimumCapitalOfHedgedStockPortfolio" xlink:title="EquityPriceRiskStockQualifiedHedgingMinimumCapitalOfHedgedStockPortfolio"/>
    <link:presentationArc xlink:type="arc" xlink:arcrole="http://www.xbrl.org/2003/arcrole/parent-child" xlink:from="EquityPriceRiskStockQualifiedHedgingAbstract" xlink:to="EquityPriceRiskStockQualifiedHedgingMinimumCapitalOfHedgedStockPortfolio" xlink:title="presentation: EquityPriceRiskStockQualifiedHedgingAbstract to EquityPriceRiskStockQualifiedHedgingMinimumCapitalOfHedgedStockPortfolio" use="optional" order="160.0" preferredLabel="http://www.xbrl.org/2003/role/terseLabel"/>
    <link:loc xlink:type="locator" xlink:href="../../c-ross_core_2015-12-31.xsd#c-ross_EquityPriceRiskStockQualifiedHedgingContractualValueOfShortPositionOfStockIndexFutures" xlink:label="EquityPriceRiskStockQualifiedHedgingContractualValueOfShortPositionOfStockIndexFutures" xlink:title="EquityPriceRiskStockQualifiedHedgingContractualValueOfShortPositionOfStockIndexFutures"/>
    <link:presentationArc xlink:type="arc" xlink:arcrole="http://www.xbrl.org/2003/arcrole/parent-child" xlink:from="EquityPriceRiskStockQualifiedHedgingAbstract" xlink:to="EquityPriceRiskStockQualifiedHedgingContractualValueOfShortPositionOfStockIndexFutures" xlink:title="presentation: EquityPriceRiskStockQualifiedHedgingAbstract to EquityPriceRiskStockQualifiedHedgingContractualValueOfShortPositionOfStockIndexFutures" use="optional" order="90.0" preferredLabel="http://www.xbrl.org/2003/role/terseLabel"/>
    <link:loc xlink:type="locator" xlink:href="../../c-ross_core_2015-12-31.xsd#c-ross_EquityPriceRiskStockQualifiedHedgingHedgingEffectivenessOfShortPositionOfStockIndexFutures" xlink:label="EquityPriceRiskStockQualifiedHedgingHedgingEffectivenessOfShortPositionOfStockIndexFutures" xlink:title="EquityPriceRiskStockQualifiedHedgingHedgingEffectivenessOfShortPositionOfStockIndexFutures"/>
    <link:presentationArc xlink:type="arc" xlink:arcrole="http://www.xbrl.org/2003/arcrole/parent-child" xlink:from="EquityPriceRiskStockQualifiedHedgingAbstract" xlink:to="EquityPriceRiskStockQualifiedHedgingHedgingEffectivenessOfShortPositionOfStockIndexFutures" xlink:title="presentation: EquityPriceRiskStockQualifiedHedgingAbstract to EquityPriceRiskStockQualifiedHedgingHedgingEffectivenessOfShortPositionOfStockIndexFutures" use="optional" order="100.0" preferredLabel="http://www.xbrl.org/2003/role/terseLabel"/>
    <link:loc xlink:type="locator" xlink:href="../../c-ross_core_2015-12-31.xsd#c-ross_EquityPriceRiskStockQualifiedHedgingMinimumCapitalOfHedgingPortfolio" xlink:label="EquityPriceRiskStockQualifiedHedgingMinimumCapitalOfHedgingPortfolio" xlink:title="EquityPriceRiskStockQualifiedHedgingMinimumCapitalOfHedgingPortfolio"/>
    <link:presentationArc xlink:type="arc" xlink:arcrole="http://www.xbrl.org/2003/arcrole/parent-child" xlink:from="EquityPriceRiskStockQualifiedHedgingAbstract" xlink:to="EquityPriceRiskStockQualifiedHedgingMinimumCapitalOfHedgingPortfolio" xlink:title="presentation: EquityPriceRiskStockQualifiedHedgingAbstract to EquityPriceRiskStockQualifiedHedgingMinimumCapitalOfHedgingPortfolio" use="optional" order="170.0" preferredLabel="http://www.xbrl.org/2003/role/terseLabel"/>
    <link:loc xlink:type="locator" xlink:href="../../c-ross_core_2015-12-31.xsd#c-ross_EquityPriceRiskStockQualifiedHedgingRiskExposureOfHedgedStock" xlink:label="EquityPriceRiskStockQualifiedHedgingRiskExposureOfHedgedStock" xlink:title="EquityPriceRiskStockQualifiedHedgingRiskExposureOfHedgedStock"/>
    <link:presentationArc xlink:type="arc" xlink:arcrole="http://www.xbrl.org/2003/arcrole/parent-child" xlink:from="EquityPriceRiskStockQualifiedHedgingAbstract" xlink:to="EquityPriceRiskStockQualifiedHedgingRiskExposureOfHedgedStock" xlink:title="presentation: EquityPriceRiskStockQualifiedHedgingAbstract to EquityPriceRiskStockQualifiedHedgingRiskExposureOfHedgedStock" use="optional" order="110.0" preferredLabel="http://www.xbrl.org/2003/role/terseLabel"/>
    <link:loc xlink:type="locator" xlink:href="../../c-ross_core_2015-12-31.xsd#c-ross_EquityPriceRiskStockQualifiedHedgingBaseRiskFactorOfHedgedStock" xlink:label="EquityPriceRiskStockQualifiedHedgingBaseRiskFactorOfHedgedStock" xlink:title="EquityPriceRiskStockQualifiedHedgingBaseRiskFactorOfHedgedStock"/>
    <link:presentationArc xlink:type="arc" xlink:arcrole="http://www.xbrl.org/2003/arcrole/parent-child" xlink:from="EquityPriceRiskStockQualifiedHedgingAbstract" xlink:to="EquityPriceRiskStockQualifiedHedgingBaseRiskFactorOfHedgedStock" xlink:title="presentation: EquityPriceRiskStockQualifiedHedgingAbstract to EquityPriceRiskStockQualifiedHedgingBaseRiskFactorOfHedgedStock" use="optional" order="120.0" preferredLabel="http://www.xbrl.org/2003/role/terseLabel"/>
    <link:loc xlink:type="locator" xlink:href="../../c-ross_core_2015-12-31.xsd#c-ross_EquityPriceRiskStockQualifiedHedgingRiskFactorOneOfHedgedStock" xlink:label="EquityPriceRiskStockQualifiedHedgingRiskFactorOneOfHedgedStock" xlink:title="EquityPriceRiskStockQualifiedHedgingRiskFactorOneOfHedgedStock"/>
    <link:presentationArc xlink:type="arc" xlink:arcrole="http://www.xbrl.org/2003/arcrole/parent-child" xlink:from="EquityPriceRiskStockQualifiedHedgingAbstract" xlink:to="EquityPriceRiskStockQualifiedHedgingRiskFactorOneOfHedgedStock" xlink:title="presentation: EquityPriceRiskStockQualifiedHedgingAbstract to EquityPriceRiskStockQualifiedHedgingRiskFactorOneOfHedgedStock" use="optional" order="130.0" preferredLabel="http://www.xbrl.org/2003/role/terseLabel"/>
    <link:loc xlink:type="locator" xlink:href="../../c-ross_core_2015-12-31.xsd#c-ross_EquityPriceRiskStockQualifiedHedgingRiskFactorTwoOfHedgedStock" xlink:label="EquityPriceRiskStockQualifiedHedgingRiskFactorTwoOfHedgedStock" xlink:title="EquityPriceRiskStockQualifiedHedgingRiskFactorTwoOfHedgedStock"/>
    <link:presentationArc xlink:type="arc" xlink:arcrole="http://www.xbrl.org/2003/arcrole/parent-child" xlink:from="EquityPriceRiskStockQualifiedHedgingAbstract" xlink:to="EquityPriceRiskStockQualifiedHedgingRiskFactorTwoOfHedgedStock" xlink:title="presentation: EquityPriceRiskStockQualifiedHedgingAbstract to EquityPriceRiskStockQualifiedHedgingRiskFactorTwoOfHedgedStock" use="optional" order="140.0" preferredLabel="http://www.xbrl.org/2003/role/terseLabel"/>
    <link:loc xlink:type="locator" xlink:href="../../c-ross_core_2015-12-31.xsd#c-ross_EquityPriceRiskStockQualifiedHedgingRiskFactorOfShortPositionOfStockIndexFutures" xlink:label="EquityPriceRiskStockQualifiedHedgingRiskFactorOfShortPositionOfStockIndexFutures" xlink:title="EquityPriceRiskStockQualifiedHedgingRiskFactorOfShortPositionOfStockIndexFutures"/>
    <link:presentationArc xlink:type="arc" xlink:arcrole="http://www.xbrl.org/2003/arcrole/parent-child" xlink:from="EquityPriceRiskStockQualifiedHedgingAbstract" xlink:to="EquityPriceRiskStockQualifiedHedgingRiskFactorOfShortPositionOfStockIndexFutures" xlink:title="presentation: EquityPriceRiskStockQualifiedHedgingAbstract to EquityPriceRiskStockQualifiedHedgingRiskFactorOfShortPositionOfStockIndexFutures" order="150.0" preferredLabel="http://www.xbrl.org/2003/role/terseLabel"/>
    <link:loc xlink:type="locator" xlink:href="../../c-ross_core_2015-12-31.xsd#c-ross_EquityPriceRiskStockQualifiedHedgingProportionOfOwnershipInterests" xlink:label="EquityPriceRiskStockQualifiedHedgingProportionOfOwnershipInterests" xlink:title="EquityPriceRiskStockQualifiedHedgingProportionOfOwnershipInterests"/>
    <link:presentationArc xlink:type="arc" xlink:arcrole="http://www.xbrl.org/2003/arcrole/parent-child" xlink:from="EquityPriceRiskStockQualifiedHedgingAbstract" xlink:to="EquityPriceRiskStockQualifiedHedgingProportionOfOwnershipInterests" xlink:title="presentation: EquityPriceRiskStockQualifiedHedgingAbstract to EquityPriceRiskStockQualifiedHedgingProportionOfOwnershipInterests" order="60.0" preferredLabel="http://www.xbrl.org/2003/role/terseLabel"/>
  </link:presentationLink>
  <link:presentationLink xlink:type="extended" xlink:role="http://xbrl.circ.gov.cn/role/c-ross_2015-12-31_role-3161000a">
    <link:loc xlink:type="locator" xlink:href="../../c-ross_core_2015-12-31.xsd#c-ross_EquityPriceRiskStockQualifiedHedgingHedgingPortfolioAbstract" xlink:label="EquityPriceRiskStockQualifiedHedgingHedgingPortfolioAbstract" xlink:title="EquityPriceRiskStockQualifiedHedgingHedgingPortfolioAbstract"/>
    <link:loc xlink:type="locator" xlink:href="../../c-ross_core_2015-12-31.xsd#c-ross_EquityPriceRiskStockQualifiedHedgingTable" xlink:label="EquityPriceRiskStockQualifiedHedgingTable" xlink:title="EquityPriceRiskStockQualifiedHedgingTable"/>
    <link:presentationArc xlink:type="arc" xlink:arcrole="http://www.xbrl.org/2003/arcrole/parent-child" xlink:from="EquityPriceRiskStockQualifiedHedgingHedgingPortfolioAbstract" xlink:to="EquityPriceRiskStockQualifiedHedgingTable" xlink:title="presentation: EquityPriceRiskStockQualifiedHedgingHedgingPortfolioAbstract to EquityPriceRiskStockQualifiedHedgingTable" use="optional" order="10.0" preferredLabel="http://www.xbrl.org/2003/role/label"/>
    <link:loc xlink:type="locator" xlink:href="../../c-ross_core_2015-12-31.xsd#c-ross_EquityPriceRiskStockQualifiedHedgingHedgingPortfolioLineNumberAxis" xlink:label="EquityPriceRiskStockQualifiedHedgingHedgingPortfolioLineNumberAxis" xlink:title="EquityPriceRiskStockQualifiedHedgingHedgingPortfolioLineNumberAxis"/>
    <link:presentationArc xlink:type="arc" xlink:arcrole="http://www.xbrl.org/2003/arcrole/parent-child" xlink:from="EquityPriceRiskStockQualifiedHedgingTable" xlink:to="EquityPriceRiskStockQualifiedHedgingHedgingPortfolioLineNumberAxis" xlink:title="presentation: EquityPriceRiskStockQualifiedHedgingTable to EquityPriceRiskStockQualifiedHedgingHedgingPortfolioLineNumberAxis" use="optional" order="10.0" preferredLabel="http://www.xbrl.org/2003/role/terseLabel"/>
    <link:loc xlink:type="locator" xlink:href="../../c-ross_core_2015-12-31.xsd#c-ross_EquityPriceRiskStockQualifiedHedgingLineItems" xlink:label="EquityPriceRiskStockQualifiedHedgingLineItems" xlink:title="EquityPriceRiskStockQualifiedHedgingLineItems"/>
    <link:presentationArc xlink:type="arc" xlink:arcrole="http://www.xbrl.org/2003/arcrole/parent-child" xlink:from="EquityPriceRiskStockQualifiedHedgingHedgingPortfolioAbstract" xlink:to="EquityPriceRiskStockQualifiedHedgingLineItems" xlink:title="presentation: EquityPriceRiskStockQualifiedHedgingHedgingPortfolioAbstract to EquityPriceRiskStockQualifiedHedgingLineItems" use="optional" order="20.0" preferredLabel="http://www.xbrl.org/2003/role/label"/>
    <link:loc xlink:type="locator" xlink:href="../../c-ross_core_2015-12-31.xsd#c-ross_EquityPriceRiskStockQualifiedHedgingHedgingPortfolioName" xlink:label="EquityPriceRiskStockQualifiedHedgingHedgingPortfolioName" xlink:title="EquityPriceRiskStockQualifiedHedgingHedgingPortfolioName"/>
    <link:presentationArc xlink:type="arc" xlink:arcrole="http://www.xbrl.org/2003/arcrole/parent-child" xlink:from="EquityPriceRiskStockQualifiedHedgingLineItems" xlink:to="EquityPriceRiskStockQualifiedHedgingHedgingPortfolioName" xlink:title="presentation: EquityPriceRiskStockQualifiedHedgingLineItems to EquityPriceRiskStockQualifiedHedgingHedgingPortfolioName" use="optional" order="10.0" preferredLabel="http://www.xbrl.org/2003/role/terseLabel"/>
    <link:loc xlink:type="locator" xlink:href="../../c-ross_core_2015-12-31.xsd#c-ross_EquityPriceRiskStockQualifiedHedgingStockName" xlink:label="EquityPriceRiskStockQualifiedHedgingStockName" xlink:title="EquityPriceRiskStockQualifiedHedgingStockName"/>
    <link:presentationArc xlink:type="arc" xlink:arcrole="http://www.xbrl.org/2003/arcrole/parent-child" xlink:from="EquityPriceRiskStockQualifiedHedgingLineItems" xlink:to="EquityPriceRiskStockQualifiedHedgingStockName" xlink:title="presentation: EquityPriceRiskStockQualifiedHedgingLineItems to EquityPriceRiskStockQualifiedHedgingStockName" use="optional" order="20.0" preferredLabel="http://www.xbrl.org/2003/role/terseLabel"/>
    <link:loc xlink:type="locator" xlink:href="../../c-ross_core_2015-12-31.xsd#c-ross_EquityPriceRiskStockQualifiedHedgingStockCode" xlink:label="EquityPriceRiskStockQualifiedHedgingStockCode" xlink:title="EquityPriceRiskStockQualifiedHedgingStockCode"/>
    <link:presentationArc xlink:type="arc" xlink:arcrole="http://www.xbrl.org/2003/arcrole/parent-child" xlink:from="EquityPriceRiskStockQualifiedHedgingLineItems" xlink:to="EquityPriceRiskStockQualifiedHedgingStockCode" xlink:title="presentation: EquityPriceRiskStockQualifiedHedgingLineItems to EquityPriceRiskStockQualifiedHedgingStockCode" use="optional" order="30.0" preferredLabel="http://www.xbrl.org/2003/role/terseLabel"/>
    <link:loc xlink:type="locator" xlink:href="../../c-ross_core_2015-12-31.xsd#c-ross_EquityPriceRiskStockQualifiedHedgingTypesOfStock" xlink:label="EquityPriceRiskStockQualifiedHedgingTypesOfStock" xlink:title="EquityPriceRiskStockQualifiedHedgingTypesOfStock"/>
    <link:presentationArc xlink:type="arc" xlink:arcrole="http://www.xbrl.org/2003/arcrole/parent-child" xlink:from="EquityPriceRiskStockQualifiedHedgingLineItems" xlink:to="EquityPriceRiskStockQualifiedHedgingTypesOfStock" xlink:title="presentation: EquityPriceRiskStockQualifiedHedgingLineItems to EquityPriceRiskStockQualifiedHedgingTypesOfStock" use="optional" order="40.0" preferredLabel="http://www.xbrl.org/2003/role/terseLabel"/>
    <link:loc xlink:type="locator" xlink:href="../../c-ross_core_2015-12-31.xsd#c-ross_EquityPriceRiskStockQualifiedHedgingWhetherStockIsCompositeOfCsi300Index" xlink:label="EquityPriceRiskStockQualifiedHedgingWhetherStockIsCompositeOfCsi300Index" xlink:title="EquityPriceRiskStockQualifiedHedgingWhetherStockIsCompositeOfCsi300Index"/>
    <link:presentationArc xlink:type="arc" xlink:arcrole="http://www.xbrl.org/2003/arcrole/parent-child" xlink:from="EquityPriceRiskStockQualifiedHedgingLineItems" xlink:to="EquityPriceRiskStockQualifiedHedgingWhetherStockIsCompositeOfCsi300Index" xlink:title="presentation: EquityPriceRiskStockQualifiedHedgingLineItems to EquityPriceRiskStockQualifiedHedgingWhetherStockIsCompositeOfCsi300Index" use="optional" order="50.0" preferredLabel="http://www.xbrl.org/2003/role/terseLabel"/>
    <link:loc xlink:type="locator" xlink:href="../../c-ross_core_2015-12-31.xsd#c-ross_EquityPriceRiskStockQualifiedHedgingPurchaseCost" xlink:label="EquityPriceRiskStockQualifiedHedgingHoldingCost" xlink:title="EquityPriceRiskStockQualifiedHedgingHoldingCost"/>
    <link:presentationArc xlink:type="arc" xlink:arcrole="http://www.xbrl.org/2003/arcrole/parent-child" xlink:from="EquityPriceRiskStockQualifiedHedgingLineItems" xlink:to="EquityPriceRiskStockQualifiedHedgingHoldingCost" xlink:title="presentation: EquityPriceRiskStockQualifiedHedgingLineItems to EquityPriceRiskStockQualifiedHedgingHoldingCost" use="optional" order="70.0" preferredLabel="http://www.xbrl.org/2003/role/terseLabel"/>
    <link:loc xlink:type="locator" xlink:href="../../c-ross_core_2015-12-31.xsd#c-ross_EquityPriceRiskStockQualifiedHedgingAdmittedValue" xlink:label="EquityPriceRiskStockQualifiedHedgingAdmittedValue" xlink:title="EquityPriceRiskStockQualifiedHedgingAdmittedValue"/>
    <link:presentationArc xlink:type="arc" xlink:arcrole="http://www.xbrl.org/2003/arcrole/parent-child" xlink:from="EquityPriceRiskStockQualifiedHedgingLineItems" xlink:to="EquityPriceRiskStockQualifiedHedgingAdmittedValue" xlink:title="presentation: EquityPriceRiskStockQualifiedHedgingLineItems to EquityPriceRiskStockQualifiedHedgingAdmittedValue" use="optional" order="80.0" preferredLabel="http://www.xbrl.org/2003/role/terseLabel"/>
    <link:loc xlink:type="locator" xlink:href="../../c-ross_core_2015-12-31.xsd#c-ross_EquityPriceRiskStockQualifiedHedgingMinimumCapitalOfHedgedStockPortfolio" xlink:label="EquityPriceRiskStockQualifiedHedgingMinimumCapitalOfHedgedStockPortfolio" xlink:title="EquityPriceRiskStockQualifiedHedgingMinimumCapitalOfHedgedStockPortfolio"/>
    <link:presentationArc xlink:type="arc" xlink:arcrole="http://www.xbrl.org/2003/arcrole/parent-child" xlink:from="EquityPriceRiskStockQualifiedHedgingLineItems" xlink:to="EquityPriceRiskStockQualifiedHedgingMinimumCapitalOfHedgedStockPortfolio" xlink:title="presentation: EquityPriceRiskStockQualifiedHedgingLineItems to EquityPriceRiskStockQualifiedHedgingMinimumCapitalOfHedgedStockPortfolio" use="optional" order="160.0" preferredLabel="http://www.xbrl.org/2003/role/terseLabel"/>
    <link:loc xlink:type="locator" xlink:href="../../c-ross_core_2015-12-31.xsd#c-ross_EquityPriceRiskStockQualifiedHedgingContractualValueOfShortPositionOfStockIndexFutures" xlink:label="EquityPriceRiskStockQualifiedHedgingContractualValueOfShortPositionOfStockIndexFutures" xlink:title="EquityPriceRiskStockQualifiedHedgingContractualValueOfShortPositionOfStockIndexFutures"/>
    <link:presentationArc xlink:type="arc" xlink:arcrole="http://www.xbrl.org/2003/arcrole/parent-child" xlink:from="EquityPriceRiskStockQualifiedHedgingLineItems" xlink:to="EquityPriceRiskStockQualifiedHedgingContractualValueOfShortPositionOfStockIndexFutures" xlink:title="presentation: EquityPriceRiskStockQualifiedHedgingLineItems to EquityPriceRiskStockQualifiedHedgingContractualValueOfShortPositionOfStockIndexFutures" use="optional" order="90.0" preferredLabel="http://www.xbrl.org/2003/role/terseLabel"/>
    <link:loc xlink:type="locator" xlink:href="../../c-ross_core_2015-12-31.xsd#c-ross_EquityPriceRiskStockQualifiedHedgingHedgingEffectivenessOfShortPositionOfStockIndexFutures" xlink:label="EquityPriceRiskStockQualifiedHedgingHedgingEffectivenessOfShortPositionOfStockIndexFutures" xlink:title="EquityPriceRiskStockQualifiedHedgingHedgingEffectivenessOfShortPositionOfStockIndexFutures"/>
    <link:presentationArc xlink:type="arc" xlink:arcrole="http://www.xbrl.org/2003/arcrole/parent-child" xlink:from="EquityPriceRiskStockQualifiedHedgingLineItems" xlink:to="EquityPriceRiskStockQualifiedHedgingHedgingEffectivenessOfShortPositionOfStockIndexFutures" xlink:title="presentation: EquityPriceRiskStockQualifiedHedgingLineItems to EquityPriceRiskStockQualifiedHedgingHedgingEffectivenessOfShortPositionOfStockIndexFutures" use="optional" order="100.0" preferredLabel="http://www.xbrl.org/2003/role/terseLabel"/>
    <link:loc xlink:type="locator" xlink:href="../../c-ross_core_2015-12-31.xsd#c-ross_EquityPriceRiskStockQualifiedHedgingMinimumCapitalOfHedgingPortfolio" xlink:label="EquityPriceRiskStockQualifiedHedgingMinimumCapitalOfHedgingPortfolio" xlink:title="EquityPriceRiskStockQualifiedHedgingMinimumCapitalOfHedgingPortfolio"/>
    <link:presentationArc xlink:type="arc" xlink:arcrole="http://www.xbrl.org/2003/arcrole/parent-child" xlink:from="EquityPriceRiskStockQualifiedHedgingLineItems" xlink:to="EquityPriceRiskStockQualifiedHedgingMinimumCapitalOfHedgingPortfolio" xlink:title="presentation: EquityPriceRiskStockQualifiedHedgingLineItems to EquityPriceRiskStockQualifiedHedgingMinimumCapitalOfHedgingPortfolio" use="optional" order="170.0" preferredLabel="http://www.xbrl.org/2003/role/terseLabel"/>
    <link:loc xlink:type="locator" xlink:href="../../c-ross_core_2015-12-31.xsd#c-ross_EquityPriceRiskStockQualifiedHedgingRiskExposureOfHedgedStock" xlink:label="EquityPriceRiskStockQualifiedHedgingRiskExposureOfHedgedStock" xlink:title="EquityPriceRiskStockQualifiedHedgingRiskExposureOfHedgedStock"/>
    <link:presentationArc xlink:type="arc" xlink:arcrole="http://www.xbrl.org/2003/arcrole/parent-child" xlink:from="EquityPriceRiskStockQualifiedHedgingLineItems" xlink:to="EquityPriceRiskStockQualifiedHedgingRiskExposureOfHedgedStock" xlink:title="presentation: EquityPriceRiskStockQualifiedHedgingLineItems to EquityPriceRiskStockQualifiedHedgingRiskExposureOfHedgedStock" use="optional" order="110.0" preferredLabel="http://www.xbrl.org/2003/role/terseLabel"/>
    <link:loc xlink:type="locator" xlink:href="../../c-ross_core_2015-12-31.xsd#c-ross_EquityPriceRiskStockQualifiedHedgingBaseRiskFactorOfHedgedStock" xlink:label="EquityPriceRiskStockQualifiedHedgingBaseRiskFactorOfHedgedStock" xlink:title="EquityPriceRiskStockQualifiedHedgingBaseRiskFactorOfHedgedStock"/>
    <link:presentationArc xlink:type="arc" xlink:arcrole="http://www.xbrl.org/2003/arcrole/parent-child" xlink:from="EquityPriceRiskStockQualifiedHedgingLineItems" xlink:to="EquityPriceRiskStockQualifiedHedgingBaseRiskFactorOfHedgedStock" xlink:title="presentation: EquityPriceRiskStockQualifiedHedgingLineItems to EquityPriceRiskStockQualifiedHedgingBaseRiskFactorOfHedgedStock" use="optional" order="120.0" preferredLabel="http://www.xbrl.org/2003/role/terseLabel"/>
    <link:loc xlink:type="locator" xlink:href="../../c-ross_core_2015-12-31.xsd#c-ross_EquityPriceRiskStockQualifiedHedgingRiskFactorOneOfHedgedStock" xlink:label="EquityPriceRiskStockQualifiedHedgingRiskFactorOneOfHedgedStock" xlink:title="EquityPriceRiskStockQualifiedHedgingRiskFactorOneOfHedgedStock"/>
    <link:presentationArc xlink:type="arc" xlink:arcrole="http://www.xbrl.org/2003/arcrole/parent-child" xlink:from="EquityPriceRiskStockQualifiedHedgingLineItems" xlink:to="EquityPriceRiskStockQualifiedHedgingRiskFactorOneOfHedgedStock" xlink:title="presentation: EquityPriceRiskStockQualifiedHedgingLineItems to EquityPriceRiskStockQualifiedHedgingRiskFactorOneOfHedgedStock" use="optional" order="130.0" preferredLabel="http://www.xbrl.org/2003/role/terseLabel"/>
    <link:loc xlink:type="locator" xlink:href="../../c-ross_core_2015-12-31.xsd#c-ross_EquityPriceRiskStockQualifiedHedgingRiskFactorTwoOfHedgedStock" xlink:label="EquityPriceRiskStockQualifiedHedgingRiskFactorTwoOfHedgedStock" xlink:title="EquityPriceRiskStockQualifiedHedgingRiskFactorTwoOfHedgedStock"/>
    <link:presentationArc xlink:type="arc" xlink:arcrole="http://www.xbrl.org/2003/arcrole/parent-child" xlink:from="EquityPriceRiskStockQualifiedHedgingLineItems" xlink:to="EquityPriceRiskStockQualifiedHedgingRiskFactorTwoOfHedgedStock" xlink:title="presentation: EquityPriceRiskStockQualifiedHedgingLineItems to EquityPriceRiskStockQualifiedHedgingRiskFactorTwoOfHedgedStock" use="optional" order="140.0" preferredLabel="http://www.xbrl.org/2003/role/terseLabel"/>
    <link:loc xlink:type="locator" xlink:href="../../c-ross_core_2015-12-31.xsd#c-ross_EquityPriceRiskStockQualifiedHedgingRiskFactorOfShortPositionOfStockIndexFutures" xlink:label="EquityPriceRiskStockQualifiedHedgingRiskFactorOfShortPositionOfStockIndexFutures" xlink:title="EquityPriceRiskStockQualifiedHedgingRiskFactorOfShortPositionOfStockIndexFutures"/>
    <link:presentationArc xlink:type="arc" xlink:arcrole="http://www.xbrl.org/2003/arcrole/parent-child" xlink:from="EquityPriceRiskStockQualifiedHedgingLineItems" xlink:to="EquityPriceRiskStockQualifiedHedgingRiskFactorOfShortPositionOfStockIndexFutures" xlink:title="presentation: EquityPriceRiskStockQualifiedHedgingLineItems to EquityPriceRiskStockQualifiedHedgingRiskFactorOfShortPositionOfStockIndexFutures" use="optional" order="150.0" preferredLabel="http://www.xbrl.org/2003/role/terseLabel"/>
    <link:loc xlink:type="locator" xlink:href="../../c-ross_core_2015-12-31.xsd#c-ross_EquityPriceRiskStockQualifiedHedgingProportionOfOwnershipInterests" xlink:label="EquityPriceRiskStockQualifiedHedgingProportionOfOwnershipInterests" xlink:title="EquityPriceRiskStockQualifiedHedgingProportionOfOwnershipInterests"/>
    <link:presentationArc xlink:type="arc" xlink:arcrole="http://www.xbrl.org/2003/arcrole/parent-child" xlink:from="EquityPriceRiskStockQualifiedHedgingLineItems" xlink:to="EquityPriceRiskStockQualifiedHedgingProportionOfOwnershipInterests" xlink:title="presentation: EquityPriceRiskStockQualifiedHedgingLineItems to EquityPriceRiskStockQualifiedHedgingProportionOfOwnershipInterests" use="optional" order="60.0" preferredLabel="http://www.xbrl.org/2003/role/terseLabel"/>
  </link:presentationLink>
  <link:presentationLink xlink:type="extended" xlink:role="http://xbrl.circ.gov.cn/role/c-ross_2015-12-31_role-3161000b">
    <link:loc xlink:type="locator" xlink:href="../../c-ross_core_2015-12-31.xsd#c-ross_EquityPriceRiskStockQualifiedHedgingTable" xlink:label="EquityPriceRiskStockQualifiedHedgingTable" xlink:title="EquityPriceRiskStockQualifiedHedgingTable"/>
    <link:loc xlink:type="locator" xlink:href="../../c-ross_core_2015-12-31.xsd#c-ross_EquityPriceRiskStockQualifiedHedgingHedgingPortfolioLineNumberAxis" xlink:label="EquityPriceRiskStockQualifiedHedgingHedgingPortfolioLineNumberAxis" xlink:title="EquityPriceRiskStockQualifiedHedgingHedgingPortfolioLineNumberAxis"/>
    <link:presentationArc xlink:type="arc" xlink:arcrole="http://www.xbrl.org/2003/arcrole/parent-child" xlink:from="EquityPriceRiskStockQualifiedHedgingTable" xlink:to="EquityPriceRiskStockQualifiedHedgingHedgingPortfolioLineNumberAxis" xlink:title="presentation: EquityPriceRiskStockQualifiedHedgingTable to EquityPriceRiskStockQualifiedHedgingHedgingPortfolioLineNumberAxis" use="optional" order="10.0" preferredLabel="http://www.xbrl.org/2003/role/terseLabel"/>
    <link:loc xlink:type="locator" xlink:href="../../c-ross_core_2015-12-31.xsd#c-ross_EquityPriceRiskStockQualifiedHedgingHedgedStockLineNumberAxis" xlink:label="EquityPriceRiskStockQualifiedHedgingLineNumberAxis" xlink:title="EquityPriceRiskStockQualifiedHedgingLineNumberAxis"/>
    <link:presentationArc xlink:type="arc" xlink:arcrole="http://www.xbrl.org/2003/arcrole/parent-child" xlink:from="EquityPriceRiskStockQualifiedHedgingTable" xlink:to="EquityPriceRiskStockQualifiedHedgingLineNumberAxis" xlink:title="presentation: EquityPriceRiskStockQualifiedHedgingTable to EquityPriceRiskStockQualifiedHedgingLineNumberAxis" use="optional" order="20.0" preferredLabel="http://www.xbrl.org/2003/role/terseLabel"/>
    <link:loc xlink:type="locator" xlink:href="../../c-ross_core_2015-12-31.xsd#c-ross_EquityPriceRiskStockQualifiedHedgingLineItems" xlink:label="EquityPriceRiskStockQualifiedHedgingLineItems" xlink:title="EquityPriceRiskStockQualifiedHedgingLineItems"/>
    <link:loc xlink:type="locator" xlink:href="../../c-ross_core_2015-12-31.xsd#c-ross_EquityPriceRiskStockQualifiedHedgingHedgingPortfolioName" xlink:label="EquityPriceRiskStockQualifiedHedgingHedgingPortfolioName" xlink:title="EquityPriceRiskStockQualifiedHedgingHedgingPortfolioName"/>
    <link:presentationArc xlink:type="arc" xlink:arcrole="http://www.xbrl.org/2003/arcrole/parent-child" xlink:from="EquityPriceRiskStockQualifiedHedgingLineItems" xlink:to="EquityPriceRiskStockQualifiedHedgingHedgingPortfolioName" xlink:title="presentation: EquityPriceRiskStockQualifiedHedgingLineItems to EquityPriceRiskStockQualifiedHedgingHedgingPortfolioName" use="optional" order="10.0" preferredLabel="http://www.xbrl.org/2003/role/terseLabel"/>
    <link:loc xlink:type="locator" xlink:href="../../c-ross_core_2015-12-31.xsd#c-ross_EquityPriceRiskStockQualifiedHedgingStockName" xlink:label="EquityPriceRiskStockQualifiedHedgingStockName" xlink:title="EquityPriceRiskStockQualifiedHedgingStockName"/>
    <link:presentationArc xlink:type="arc" xlink:arcrole="http://www.xbrl.org/2003/arcrole/parent-child" xlink:from="EquityPriceRiskStockQualifiedHedgingLineItems" xlink:to="EquityPriceRiskStockQualifiedHedgingStockName" xlink:title="presentation: EquityPriceRiskStockQualifiedHedgingLineItems to EquityPriceRiskStockQualifiedHedgingStockName" use="optional" order="20.0" preferredLabel="http://www.xbrl.org/2003/role/terseLabel"/>
    <link:loc xlink:type="locator" xlink:href="../../c-ross_core_2015-12-31.xsd#c-ross_EquityPriceRiskStockQualifiedHedgingStockCode" xlink:label="EquityPriceRiskStockQualifiedHedgingStockCode" xlink:title="EquityPriceRiskStockQualifiedHedgingStockCode"/>
    <link:presentationArc xlink:type="arc" xlink:arcrole="http://www.xbrl.org/2003/arcrole/parent-child" xlink:from="EquityPriceRiskStockQualifiedHedgingLineItems" xlink:to="EquityPriceRiskStockQualifiedHedgingStockCode" xlink:title="presentation: EquityPriceRiskStockQualifiedHedgingLineItems to EquityPriceRiskStockQualifiedHedgingStockCode" use="optional" order="30.0" preferredLabel="http://www.xbrl.org/2003/role/terseLabel"/>
    <link:loc xlink:type="locator" xlink:href="../../c-ross_core_2015-12-31.xsd#c-ross_EquityPriceRiskStockQualifiedHedgingTypesOfStock" xlink:label="EquityPriceRiskStockQualifiedHedgingTypesOfStock" xlink:title="EquityPriceRiskStockQualifiedHedgingTypesOfStock"/>
    <link:presentationArc xlink:type="arc" xlink:arcrole="http://www.xbrl.org/2003/arcrole/parent-child" xlink:from="EquityPriceRiskStockQualifiedHedgingLineItems" xlink:to="EquityPriceRiskStockQualifiedHedgingTypesOfStock" xlink:title="presentation: EquityPriceRiskStockQualifiedHedgingLineItems to EquityPriceRiskStockQualifiedHedgingTypesOfStock" use="optional" order="40.0" preferredLabel="http://www.xbrl.org/2003/role/terseLabel"/>
    <link:loc xlink:type="locator" xlink:href="../../c-ross_core_2015-12-31.xsd#c-ross_EquityPriceRiskStockQualifiedHedgingWhetherStockIsCompositeOfCsi300Index" xlink:label="EquityPriceRiskStockQualifiedHedgingWhetherStockIsCompositeOfCsi300Index" xlink:title="EquityPriceRiskStockQualifiedHedgingWhetherStockIsCompositeOfCsi300Index"/>
    <link:presentationArc xlink:type="arc" xlink:arcrole="http://www.xbrl.org/2003/arcrole/parent-child" xlink:from="EquityPriceRiskStockQualifiedHedgingLineItems" xlink:to="EquityPriceRiskStockQualifiedHedgingWhetherStockIsCompositeOfCsi300Index" xlink:title="presentation: EquityPriceRiskStockQualifiedHedgingLineItems to EquityPriceRiskStockQualifiedHedgingWhetherStockIsCompositeOfCsi300Index" use="optional" order="50.0" preferredLabel="http://www.xbrl.org/2003/role/terseLabel"/>
    <link:loc xlink:type="locator" xlink:href="../../c-ross_core_2015-12-31.xsd#c-ross_EquityPriceRiskStockQualifiedHedgingPurchaseCost" xlink:label="EquityPriceRiskStockQualifiedHedgingHoldingCost" xlink:title="EquityPriceRiskStockQualifiedHedgingHoldingCost"/>
    <link:presentationArc xlink:type="arc" xlink:arcrole="http://www.xbrl.org/2003/arcrole/parent-child" xlink:from="EquityPriceRiskStockQualifiedHedgingLineItems" xlink:to="EquityPriceRiskStockQualifiedHedgingHoldingCost" xlink:title="presentation: EquityPriceRiskStockQualifiedHedgingLineItems to EquityPriceRiskStockQualifiedHedgingHoldingCost" use="optional" order="70.0" preferredLabel="http://www.xbrl.org/2003/role/terseLabel"/>
    <link:loc xlink:type="locator" xlink:href="../../c-ross_core_2015-12-31.xsd#c-ross_EquityPriceRiskStockQualifiedHedgingAdmittedValue" xlink:label="EquityPriceRiskStockQualifiedHedgingAdmittedValue" xlink:title="EquityPriceRiskStockQualifiedHedgingAdmittedValue"/>
    <link:presentationArc xlink:type="arc" xlink:arcrole="http://www.xbrl.org/2003/arcrole/parent-child" xlink:from="EquityPriceRiskStockQualifiedHedgingLineItems" xlink:to="EquityPriceRiskStockQualifiedHedgingAdmittedValue" xlink:title="presentation: EquityPriceRiskStockQualifiedHedgingLineItems to EquityPriceRiskStockQualifiedHedgingAdmittedValue" use="optional" order="80.0" preferredLabel="http://www.xbrl.org/2003/role/terseLabel"/>
    <link:loc xlink:type="locator" xlink:href="../../c-ross_core_2015-12-31.xsd#c-ross_EquityPriceRiskStockQualifiedHedgingMinimumCapitalOfHedgedStockPortfolio" xlink:label="EquityPriceRiskStockQualifiedHedgingMinimumCapitalOfHedgedStockPortfolio" xlink:title="EquityPriceRiskStockQualifiedHedgingMinimumCapitalOfHedgedStockPortfolio"/>
    <link:presentationArc xlink:type="arc" xlink:arcrole="http://www.xbrl.org/2003/arcrole/parent-child" xlink:from="EquityPriceRiskStockQualifiedHedgingLineItems" xlink:to="EquityPriceRiskStockQualifiedHedgingMinimumCapitalOfHedgedStockPortfolio" xlink:title="presentation: EquityPriceRiskStockQualifiedHedgingLineItems to EquityPriceRiskStockQualifiedHedgingMinimumCapitalOfHedgedStockPortfolio" use="optional" order="160.0" preferredLabel="http://www.xbrl.org/2003/role/terseLabel"/>
    <link:loc xlink:type="locator" xlink:href="../../c-ross_core_2015-12-31.xsd#c-ross_EquityPriceRiskStockQualifiedHedgingContractualValueOfShortPositionOfStockIndexFutures" xlink:label="EquityPriceRiskStockQualifiedHedgingContractualValueOfShortPositionOfStockIndexFutures" xlink:title="EquityPriceRiskStockQualifiedHedgingContractualValueOfShortPositionOfStockIndexFutures"/>
    <link:presentationArc xlink:type="arc" xlink:arcrole="http://www.xbrl.org/2003/arcrole/parent-child" xlink:from="EquityPriceRiskStockQualifiedHedgingLineItems" xlink:to="EquityPriceRiskStockQualifiedHedgingContractualValueOfShortPositionOfStockIndexFutures" xlink:title="presentation: EquityPriceRiskStockQualifiedHedgingLineItems to EquityPriceRiskStockQualifiedHedgingContractualValueOfShortPositionOfStockIndexFutures" use="optional" order="90.0" preferredLabel="http://www.xbrl.org/2003/role/terseLabel"/>
    <link:loc xlink:type="locator" xlink:href="../../c-ross_core_2015-12-31.xsd#c-ross_EquityPriceRiskStockQualifiedHedgingHedgingEffectivenessOfShortPositionOfStockIndexFutures" xlink:label="EquityPriceRiskStockQualifiedHedgingHedgingEffectivenessOfShortPositionOfStockIndexFutures" xlink:title="EquityPriceRiskStockQualifiedHedgingHedgingEffectivenessOfShortPositionOfStockIndexFutures"/>
    <link:presentationArc xlink:type="arc" xlink:arcrole="http://www.xbrl.org/2003/arcrole/parent-child" xlink:from="EquityPriceRiskStockQualifiedHedgingLineItems" xlink:to="EquityPriceRiskStockQualifiedHedgingHedgingEffectivenessOfShortPositionOfStockIndexFutures" xlink:title="presentation: EquityPriceRiskStockQualifiedHedgingLineItems to EquityPriceRiskStockQualifiedHedgingHedgingEffectivenessOfShortPositionOfStockIndexFutures" use="optional" order="100.0" preferredLabel="http://www.xbrl.org/2003/role/terseLabel"/>
    <link:loc xlink:type="locator" xlink:href="../../c-ross_core_2015-12-31.xsd#c-ross_EquityPriceRiskStockQualifiedHedgingMinimumCapitalOfHedgingPortfolio" xlink:label="EquityPriceRiskStockQualifiedHedgingMinimumCapitalOfHedgingPortfolio" xlink:title="EquityPriceRiskStockQualifiedHedgingMinimumCapitalOfHedgingPortfolio"/>
    <link:presentationArc xlink:type="arc" xlink:arcrole="http://www.xbrl.org/2003/arcrole/parent-child" xlink:from="EquityPriceRiskStockQualifiedHedgingLineItems" xlink:to="EquityPriceRiskStockQualifiedHedgingMinimumCapitalOfHedgingPortfolio" xlink:title="presentation: EquityPriceRiskStockQualifiedHedgingLineItems to EquityPriceRiskStockQualifiedHedgingMinimumCapitalOfHedgingPortfolio" use="optional" order="170.0" preferredLabel="http://www.xbrl.org/2003/role/terseLabel"/>
    <link:loc xlink:type="locator" xlink:href="../../c-ross_core_2015-12-31.xsd#c-ross_EquityPriceRiskStockQualifiedHedgingRiskExposureOfHedgedStock" xlink:label="EquityPriceRiskStockQualifiedHedgingRiskExposureOfHedgedStock" xlink:title="EquityPriceRiskStockQualifiedHedgingRiskExposureOfHedgedStock"/>
    <link:presentationArc xlink:type="arc" xlink:arcrole="http://www.xbrl.org/2003/arcrole/parent-child" xlink:from="EquityPriceRiskStockQualifiedHedgingLineItems" xlink:to="EquityPriceRiskStockQualifiedHedgingRiskExposureOfHedgedStock" xlink:title="presentation: EquityPriceRiskStockQualifiedHedgingLineItems to EquityPriceRiskStockQualifiedHedgingRiskExposureOfHedgedStock" use="optional" order="110.0" preferredLabel="http://www.xbrl.org/2003/role/terseLabel"/>
    <link:loc xlink:type="locator" xlink:href="../../c-ross_core_2015-12-31.xsd#c-ross_EquityPriceRiskStockQualifiedHedgingBaseRiskFactorOfHedgedStock" xlink:label="EquityPriceRiskStockQualifiedHedgingBaseRiskFactorOfHedgedStock" xlink:title="EquityPriceRiskStockQualifiedHedgingBaseRiskFactorOfHedgedStock"/>
    <link:presentationArc xlink:type="arc" xlink:arcrole="http://www.xbrl.org/2003/arcrole/parent-child" xlink:from="EquityPriceRiskStockQualifiedHedgingLineItems" xlink:to="EquityPriceRiskStockQualifiedHedgingBaseRiskFactorOfHedgedStock" xlink:title="presentation: EquityPriceRiskStockQualifiedHedgingLineItems to EquityPriceRiskStockQualifiedHedgingBaseRiskFactorOfHedgedStock" use="optional" order="120.0" preferredLabel="http://www.xbrl.org/2003/role/terseLabel"/>
    <link:loc xlink:type="locator" xlink:href="../../c-ross_core_2015-12-31.xsd#c-ross_EquityPriceRiskStockQualifiedHedgingRiskFactorOneOfHedgedStock" xlink:label="EquityPriceRiskStockQualifiedHedgingRiskFactorOneOfHedgedStock" xlink:title="EquityPriceRiskStockQualifiedHedgingRiskFactorOneOfHedgedStock"/>
    <link:presentationArc xlink:type="arc" xlink:arcrole="http://www.xbrl.org/2003/arcrole/parent-child" xlink:from="EquityPriceRiskStockQualifiedHedgingLineItems" xlink:to="EquityPriceRiskStockQualifiedHedgingRiskFactorOneOfHedgedStock" xlink:title="presentation: EquityPriceRiskStockQualifiedHedgingLineItems to EquityPriceRiskStockQualifiedHedgingRiskFactorOneOfHedgedStock" use="optional" order="130.0" preferredLabel="http://www.xbrl.org/2003/role/terseLabel"/>
    <link:loc xlink:type="locator" xlink:href="../../c-ross_core_2015-12-31.xsd#c-ross_EquityPriceRiskStockQualifiedHedgingRiskFactorTwoOfHedgedStock" xlink:label="EquityPriceRiskStockQualifiedHedgingRiskFactorTwoOfHedgedStock" xlink:title="EquityPriceRiskStockQualifiedHedgingRiskFactorTwoOfHedgedStock"/>
    <link:presentationArc xlink:type="arc" xlink:arcrole="http://www.xbrl.org/2003/arcrole/parent-child" xlink:from="EquityPriceRiskStockQualifiedHedgingLineItems" xlink:to="EquityPriceRiskStockQualifiedHedgingRiskFactorTwoOfHedgedStock" xlink:title="presentation: EquityPriceRiskStockQualifiedHedgingLineItems to EquityPriceRiskStockQualifiedHedgingRiskFactorTwoOfHedgedStock" use="optional" order="140.0" preferredLabel="http://www.xbrl.org/2003/role/terseLabel"/>
    <link:loc xlink:type="locator" xlink:href="../../c-ross_core_2015-12-31.xsd#c-ross_EquityPriceRiskStockQualifiedHedgingRiskFactorOfShortPositionOfStockIndexFutures" xlink:label="EquityPriceRiskStockQualifiedHedgingRiskFactorOfShortPositionOfStockIndexFutures" xlink:title="EquityPriceRiskStockQualifiedHedgingRiskFactorOfShortPositionOfStockIndexFutures"/>
    <link:presentationArc xlink:type="arc" xlink:arcrole="http://www.xbrl.org/2003/arcrole/parent-child" xlink:from="EquityPriceRiskStockQualifiedHedgingLineItems" xlink:to="EquityPriceRiskStockQualifiedHedgingRiskFactorOfShortPositionOfStockIndexFutures" xlink:title="presentation: EquityPriceRiskStockQualifiedHedgingLineItems to EquityPriceRiskStockQualifiedHedgingRiskFactorOfShortPositionOfStockIndexFutures" use="optional" order="150.0" preferredLabel="http://www.xbrl.org/2003/role/terseLabel"/>
    <link:loc xlink:type="locator" xlink:href="../../c-ross_core_2015-12-31.xsd#c-ross_EquityPriceRiskStockQualifiedHedgingProportionOfOwnershipInterests" xlink:label="EquityPriceRiskStockQualifiedHedgingProportionOfOwnershipInterests" xlink:title="EquityPriceRiskStockQualifiedHedgingProportionOfOwnershipInterests"/>
    <link:presentationArc xlink:type="arc" xlink:arcrole="http://www.xbrl.org/2003/arcrole/parent-child" xlink:from="EquityPriceRiskStockQualifiedHedgingLineItems" xlink:to="EquityPriceRiskStockQualifiedHedgingProportionOfOwnershipInterests" xlink:title="presentation: EquityPriceRiskStockQualifiedHedgingLineItems to EquityPriceRiskStockQualifiedHedgingProportionOfOwnershipInterests" use="optional" order="60.0" preferredLabel="http://www.xbrl.org/2003/role/terseLabel"/>
    <link:loc xlink:type="locator" xlink:href="../../c-ross_core_2015-12-31.xsd#c-ross_EquityPriceRiskStockQualifiedHedgingHedgedStockAbstract" xlink:label="EquityPriceRiskStockQualifiedHedgingHedgingPortfolioDetailsAbstract" xlink:title="EquityPriceRiskStockQualifiedHedgingHedgingPortfolioDetailsAbstract"/>
    <link:presentationArc xlink:type="arc" xlink:arcrole="http://www.xbrl.org/2003/arcrole/parent-child" xlink:from="EquityPriceRiskStockQualifiedHedgingHedgingPortfolioDetailsAbstract" xlink:to="EquityPriceRiskStockQualifiedHedgingTable" xlink:title="presentation: EquityPriceRiskStockQualifiedHedgingHedgingPortfolioDetailsAbstract to EquityPriceRiskStockQualifiedHedgingTable" use="optional" order="10.0" preferredLabel="http://www.xbrl.org/2003/role/label"/>
    <link:presentationArc xlink:type="arc" xlink:arcrole="http://www.xbrl.org/2003/arcrole/parent-child" xlink:from="EquityPriceRiskStockQualifiedHedgingHedgingPortfolioDetailsAbstract" xlink:to="EquityPriceRiskStockQualifiedHedgingLineItems" xlink:title="presentation: EquityPriceRiskStockQualifiedHedgingHedgingPortfolioDetailsAbstract to EquityPriceRiskStockQualifiedHedgingLineItems" use="optional" order="20.0" preferredLabel="http://www.xbrl.org/2003/role/label"/>
  </link:presentationLink>
</link:linkbase>
