<?xml version="1.0" encoding="UTF-8"?>

<!--
	Taxonomy: 2015-12-31 (Final)
	**********************
	Copyright © 2015 China Insurance Regulatory Commission.
	All rights reserved.  No part of this publication may be translated, reprinted or reproduced
	or utilised in any form either in whole or in part without prior permission in writing from China Insurance Regulatory Commission.
	  **********************
	-->
<link:linkbase xmlns:xsi="http://www.w3.org/2001/XMLSchema-instance" xsi:schemaLocation="http://www.xbrl.org/2003/linkbase http://www.xbrl.org/2003/xbrl-linkbase-2003-12-31.xsd" xmlns:c-ross="http://xbrl.circ.gov.cn/taxonomy/2015-12-31/c-ross" xmlns:link="http://www.xbrl.org/2003/linkbase" xmlns:q_s_pc_entry_point="http://xbrl.circ.gov.cn/taxonomy/2015-12-31/c-ross/q_s_pc_entry_point" xmlns:xlink="http://www.w3.org/1999/xlink" xmlns:xbrli="http://www.xbrl.org/2003/instance">
  <link:roleRef roleURI="http://www.xbrl.org/2009/role/netLabel" xlink:type="simple" xlink:href="http://www.xbrl.org/lrr/role/net-2009-12-16.xsd#netLabel"/>
  <link:roleRef roleURI="http://xbrl.circ.gov.cn/role/c-ross_2015-12-31_role-3162500" xlink:type="simple" xlink:href="rol_c-ross_7_2015-12-31.xsd#c-ross_2015-12-31-3162500"/>
  <link:roleRef roleURI="http://xbrl.circ.gov.cn/role/c-ross_2015-12-31_role-3162500a" xlink:type="simple" xlink:href="rol_c-ross_7_2015-12-31.xsd#c-ross_2015-12-31-3162500a"/>
  <link:roleRef roleURI="http://xbrl.circ.gov.cn/role/c-ross_2015-12-31_role-3162500b" xlink:type="simple" xlink:href="rol_c-ross_7_2015-12-31.xsd#c-ross_2015-12-31-3162500b"/>
  <link:roleRef roleURI="http://xbrl.circ.gov.cn/role/c-ross_2015-12-31_role-3162500c" xlink:type="simple" xlink:href="rol_c-ross_7_2015-12-31.xsd#c-ross_2015-12-31-3162500c"/>
  <link:roleRef roleURI="http://xbrl.circ.gov.cn/role/c-ross_2015-12-31_role-3162500d" xlink:type="simple" xlink:href="rol_c-ross_7_2015-12-31.xsd#c-ross_2015-12-31-3162500d"/>
  <link:presentationLink xlink:type="extended" xlink:role="http://xbrl.circ.gov.cn/role/c-ross_2015-12-31_role-3162500">
    <link:loc xlink:type="locator" xlink:href="../../c-ross_core_2015-12-31.xsd#c-ross_TypesOfAssetsHeldMember" xlink:label="TypesOfAssetsHeldMember" xlink:title="TypesOfAssetsHeldMember"/>
    <link:loc xlink:type="locator" xlink:href="../../c-ross_core_2015-12-31.xsd#c-ross_HeldByCompanyDirectlyMember" xlink:label="HeldByCompanyDirectlyMember" xlink:title="HeldByCompanyDirectlyMember"/>
    <link:presentationArc xlink:type="arc" xlink:arcrole="http://www.xbrl.org/2003/arcrole/parent-child" xlink:from="TypesOfAssetsHeldMember" xlink:to="HeldByCompanyDirectlyMember" xlink:title="presentation: TypesOfAssetsHeldMember to HeldByCompanyDirectlyMember" use="optional" order="10.0" preferredLabel="http://www.xbrl.org/2003/role/label"/>
    <link:loc xlink:type="locator" xlink:href="../../c-ross_core_2015-12-31.xsd#c-ross_HeldByLookThroughMethodMember" xlink:label="HeldByLookThroughMethodMember" xlink:title="HeldByLookThroughMethodMember"/>
    <link:presentationArc xlink:type="arc" xlink:arcrole="http://www.xbrl.org/2003/arcrole/parent-child" xlink:from="TypesOfAssetsHeldMember" xlink:to="HeldByLookThroughMethodMember" xlink:title="presentation: TypesOfAssetsHeldMember to HeldByLookThroughMethodMember" use="optional" order="20.0" preferredLabel="http://www.xbrl.org/2003/role/label"/>
    <link:loc xlink:type="locator" xlink:href="../../c-ross_core_2015-12-31.xsd#c-ross_PriceRiskOfOverseasFixedIncomeInvestmentAssetsDetailsAbstract" xlink:label="PriceRiskOfOverseasFixedIncomeInvestmentAssetsDetailsAbstract" xlink:title="PriceRiskOfOverseasFixedIncomeInvestmentAssetsDetailsAbstract"/>
    <link:loc xlink:type="locator" xlink:href="../../c-ross_core_2015-12-31.xsd#c-ross_PriceRiskOfOverseasFixedIncomeInvestmentAssetsDetailsTable" xlink:label="PriceRiskOfOverseasFixedIncomeInvestmentAssetsDetailsTable" xlink:title="PriceRiskOfOverseasFixedIncomeInvestmentAssetsDetailsTable"/>
    <link:presentationArc xlink:type="arc" xlink:arcrole="http://www.xbrl.org/2003/arcrole/parent-child" xlink:from="PriceRiskOfOverseasFixedIncomeInvestmentAssetsDetailsAbstract" xlink:to="PriceRiskOfOverseasFixedIncomeInvestmentAssetsDetailsTable" xlink:title="presentation: PriceRiskOfOverseasFixedIncomeInvestmentAssetsDetailsAbstract to PriceRiskOfOverseasFixedIncomeInvestmentAssetsDetailsTable" use="optional" order="10.0" preferredLabel="http://www.xbrl.org/2003/role/label"/>
    <link:loc xlink:type="locator" xlink:href="../../c-ross_core_2015-12-31.xsd#c-ross_TypesOfOverseasFixedIncomeInvestmentAssetsHeldAxis" xlink:label="TypesOfOverseasFixedIncomeInvestmentAssetsHeldAxis" xlink:title="TypesOfOverseasFixedIncomeInvestmentAssetsHeldAxis"/>
    <link:presentationArc xlink:type="arc" xlink:arcrole="http://www.xbrl.org/2003/arcrole/parent-child" xlink:from="PriceRiskOfOverseasFixedIncomeInvestmentAssetsDetailsTable" xlink:to="TypesOfOverseasFixedIncomeInvestmentAssetsHeldAxis" xlink:title="presentation: PriceRiskOfOverseasFixedIncomeInvestmentAssetsDetailsTable to TypesOfOverseasFixedIncomeInvestmentAssetsHeldAxis" use="optional" order="10.0" preferredLabel="http://www.xbrl.org/2003/role/label"/>
    <link:presentationArc xlink:type="arc" xlink:arcrole="http://www.xbrl.org/2003/arcrole/parent-child" xlink:from="TypesOfOverseasFixedIncomeInvestmentAssetsHeldAxis" xlink:to="TypesOfAssetsHeldMember" xlink:title="presentation: TypesOfOverseasFixedIncomeInvestmentAssetsHeldAxis to TypesOfAssetsHeldMember" use="optional" order="10.0" preferredLabel="http://www.xbrl.org/2003/role/label"/>
    <link:loc xlink:type="locator" xlink:href="../../c-ross_core_2015-12-31.xsd#c-ross_OverseasFixedIncomeInvestmentAssetsTypesOfMarketAxis" xlink:label="OverseasFixedIncomeInvestmentAssetsTypesOfMarketAxis" xlink:title="OverseasFixedIncomeInvestmentAssetsTypesOfMarketAxis"/>
    <link:presentationArc xlink:type="arc" xlink:arcrole="http://www.xbrl.org/2003/arcrole/parent-child" xlink:from="PriceRiskOfOverseasFixedIncomeInvestmentAssetsDetailsTable" xlink:to="OverseasFixedIncomeInvestmentAssetsTypesOfMarketAxis" xlink:title="presentation: PriceRiskOfOverseasFixedIncomeInvestmentAssetsDetailsTable to OverseasFixedIncomeInvestmentAssetsTypesOfMarketAxis" use="optional" order="20.0" preferredLabel="http://www.xbrl.org/2003/role/label"/>
    <link:loc xlink:type="locator" xlink:href="../../c-ross_core_2015-12-31.xsd#c-ross_OverseasFixedIncomeInvestmentAssetsTypesOfMarketMember" xlink:label="OverseasFixedIncomeInvestmentAssetsTypesOfMarketMember" xlink:title="OverseasFixedIncomeInvestmentAssetsTypesOfMarketMember"/>
    <link:presentationArc xlink:type="arc" xlink:arcrole="http://www.xbrl.org/2003/arcrole/parent-child" xlink:from="OverseasFixedIncomeInvestmentAssetsTypesOfMarketAxis" xlink:to="OverseasFixedIncomeInvestmentAssetsTypesOfMarketMember" xlink:title="presentation: OverseasFixedIncomeInvestmentAssetsTypesOfMarketAxis to OverseasFixedIncomeInvestmentAssetsTypesOfMarketMember" use="optional" order="10.0" preferredLabel="http://www.xbrl.org/2003/role/label"/>
    <link:loc xlink:type="locator" xlink:href="../../c-ross_core_2015-12-31.xsd#c-ross_DevelopedMarketsMember" xlink:label="DevelopedMarketsMember" xlink:title="DevelopedMarketsMember"/>
    <link:presentationArc xlink:type="arc" xlink:arcrole="http://www.xbrl.org/2003/arcrole/parent-child" xlink:from="OverseasFixedIncomeInvestmentAssetsTypesOfMarketMember" xlink:to="DevelopedMarketsMember" xlink:title="presentation: OverseasFixedIncomeInvestmentAssetsTypesOfMarketMember to DevelopedMarketsMember" use="optional" order="10.0" preferredLabel="http://www.xbrl.org/2003/role/label"/>
    <link:loc xlink:type="locator" xlink:href="../../c-ross_core_2015-12-31.xsd#c-ross_EmergingMarketsMember" xlink:label="EmergingMarketsMember" xlink:title="EmergingMarketsMember"/>
    <link:presentationArc xlink:type="arc" xlink:arcrole="http://www.xbrl.org/2003/arcrole/parent-child" xlink:from="OverseasFixedIncomeInvestmentAssetsTypesOfMarketMember" xlink:to="EmergingMarketsMember" xlink:title="presentation: OverseasFixedIncomeInvestmentAssetsTypesOfMarketMember to EmergingMarketsMember" use="optional" order="20.0" preferredLabel="http://www.xbrl.org/2003/role/label"/>
    <link:loc xlink:type="locator" xlink:href="../../c-ross_core_2015-12-31.xsd#c-ross_PriceRiskOfOverseasFixedIncomeInvestmentAssetsDetailsLineItems" xlink:label="PriceRiskOfOverseasFixedIncomeInvestmentAssetsDetailsLineItems" xlink:title="PriceRiskOfOverseasFixedIncomeInvestmentAssetsDetailsLineItems"/>
    <link:presentationArc xlink:type="arc" xlink:arcrole="http://www.xbrl.org/2003/arcrole/parent-child" xlink:from="PriceRiskOfOverseasFixedIncomeInvestmentAssetsDetailsAbstract" xlink:to="PriceRiskOfOverseasFixedIncomeInvestmentAssetsDetailsLineItems" xlink:title="presentation: PriceRiskOfOverseasFixedIncomeInvestmentAssetsDetailsAbstract to PriceRiskOfOverseasFixedIncomeInvestmentAssetsDetailsLineItems" use="optional" order="20.0" preferredLabel="http://www.xbrl.org/2003/role/label"/>
    <link:loc xlink:type="locator" xlink:href="../../c-ross_core_2015-12-31.xsd#c-ross_OverseasAssetPriceRiskOverseasFixedIncomeInvestmentAssetsAssetName" xlink:label="PriceRiskOverseasFixedIncomeInvestmentAssetsBondName" xlink:title="PriceRiskOverseasFixedIncomeInvestmentAssetsBondName"/>
    <link:presentationArc xlink:type="arc" xlink:arcrole="http://www.xbrl.org/2003/arcrole/parent-child" xlink:from="PriceRiskOfOverseasFixedIncomeInvestmentAssetsDetailsLineItems" xlink:to="PriceRiskOverseasFixedIncomeInvestmentAssetsBondName" xlink:title="presentation: PriceRiskOfOverseasFixedIncomeInvestmentAssetsDetailsLineItems to PriceRiskOverseasFixedIncomeInvestmentAssetsBondName" use="optional" order="10.0" preferredLabel="http://www.xbrl.org/2003/role/terseLabel"/>
    <link:loc xlink:type="locator" xlink:href="../../c-ross_core_2015-12-31.xsd#c-ross_OverseasAssetPriceRiskOverseasFixedIncomeInvestmentAssetsAdmittedValue" xlink:label="PriceRiskOverseasFixedIncomeInvestmentAssetsAdmittedValue" xlink:title="PriceRiskOverseasFixedIncomeInvestmentAssetsAdmittedValue"/>
    <link:presentationArc xlink:type="arc" xlink:arcrole="http://www.xbrl.org/2003/arcrole/parent-child" xlink:from="PriceRiskOfOverseasFixedIncomeInvestmentAssetsDetailsLineItems" xlink:to="PriceRiskOverseasFixedIncomeInvestmentAssetsAdmittedValue" xlink:title="presentation: PriceRiskOfOverseasFixedIncomeInvestmentAssetsDetailsLineItems to PriceRiskOverseasFixedIncomeInvestmentAssetsAdmittedValue" use="optional" order="30.0" preferredLabel="http://www.xbrl.org/2003/role/terseLabel"/>
    <link:loc xlink:type="locator" xlink:href="../../c-ross_core_2015-12-31.xsd#c-ross_OverseasAssetPriceRiskOverseasFixedIncomeInvestmentAssetsPurchaseCost" xlink:label="PriceRiskOverseasFixedIncomeInvestmentAssetsCost" xlink:title="PriceRiskOverseasFixedIncomeInvestmentAssetsCost"/>
    <link:presentationArc xlink:type="arc" xlink:arcrole="http://www.xbrl.org/2003/arcrole/parent-child" xlink:from="PriceRiskOfOverseasFixedIncomeInvestmentAssetsDetailsLineItems" xlink:to="PriceRiskOverseasFixedIncomeInvestmentAssetsCost" xlink:title="presentation: PriceRiskOfOverseasFixedIncomeInvestmentAssetsDetailsLineItems to PriceRiskOverseasFixedIncomeInvestmentAssetsCost" use="optional" order="20.0" preferredLabel="http://www.xbrl.org/2003/role/terseLabel"/>
    <link:loc xlink:type="locator" xlink:href="../../c-ross_core_2015-12-31.xsd#c-ross_OverseasAssetPriceRiskOverseasFixedIncomeInvestmentAssetsRiskExposure" xlink:label="PriceRiskOverseasFixedIncomeInvestmentAssetsRiskExposure" xlink:title="PriceRiskOverseasFixedIncomeInvestmentAssetsRiskExposure"/>
    <link:presentationArc xlink:type="arc" xlink:arcrole="http://www.xbrl.org/2003/arcrole/parent-child" xlink:from="PriceRiskOfOverseasFixedIncomeInvestmentAssetsDetailsLineItems" xlink:to="PriceRiskOverseasFixedIncomeInvestmentAssetsRiskExposure" xlink:title="presentation: PriceRiskOfOverseasFixedIncomeInvestmentAssetsDetailsLineItems to PriceRiskOverseasFixedIncomeInvestmentAssetsRiskExposure" use="optional" order="40.0" preferredLabel="http://www.xbrl.org/2003/role/terseLabel"/>
    <link:loc xlink:type="locator" xlink:href="../../c-ross_core_2015-12-31.xsd#c-ross_OverseasAssetPriceRiskOverseasFixedIncomeInvestmentAssetsBaseRiskFactor" xlink:label="PriceRiskOverseasFixedIncomeInvestmentAssetsBaseRiskFactor" xlink:title="PriceRiskOverseasFixedIncomeInvestmentAssetsBaseRiskFactor"/>
    <link:presentationArc xlink:type="arc" xlink:arcrole="http://www.xbrl.org/2003/arcrole/parent-child" xlink:from="PriceRiskOfOverseasFixedIncomeInvestmentAssetsDetailsLineItems" xlink:to="PriceRiskOverseasFixedIncomeInvestmentAssetsBaseRiskFactor" xlink:title="presentation: PriceRiskOfOverseasFixedIncomeInvestmentAssetsDetailsLineItems to PriceRiskOverseasFixedIncomeInvestmentAssetsBaseRiskFactor" use="optional" order="50.0" preferredLabel="http://www.xbrl.org/2003/role/terseLabel"/>
    <link:loc xlink:type="locator" xlink:href="../../c-ross_core_2015-12-31.xsd#c-ross_MarketRiskMinimumCapitalForOverseasFixedIncomeInvestmentAssetsPriceRisk" xlink:label="MarketRiskMinimumCapitalForOverseasFixedIncomeInvestmentAssetsPriceRisk" xlink:title="MarketRiskMinimumCapitalForOverseasFixedIncomeInvestmentAssetsPriceRisk"/>
    <link:presentationArc xlink:type="arc" xlink:arcrole="http://www.xbrl.org/2003/arcrole/parent-child" xlink:from="PriceRiskOfOverseasFixedIncomeInvestmentAssetsDetailsLineItems" xlink:to="MarketRiskMinimumCapitalForOverseasFixedIncomeInvestmentAssetsPriceRisk" xlink:title="presentation: PriceRiskOfOverseasFixedIncomeInvestmentAssetsDetailsLineItems to MarketRiskMinimumCapitalForOverseasFixedIncomeInvestmentAssetsPriceRisk" use="optional" order="60.0" preferredLabel="http://www.xbrl.org/2003/role/terseLabel"/>
  </link:presentationLink>
  <link:presentationLink xlink:type="extended" xlink:role="http://xbrl.circ.gov.cn/role/c-ross_2015-12-31_role-3162500a">
    <link:loc xlink:type="locator" xlink:href="../../c-ross_core_2015-12-31.xsd#c-ross_TypesOfAssetsHeldMember" xlink:label="TypesOfAssetsHeldMember" xlink:title="TypesOfAssetsHeldMember"/>
    <link:loc xlink:type="locator" xlink:href="../../c-ross_core_2015-12-31.xsd#c-ross_HeldByCompanyDirectlyMember" xlink:label="HeldByCompanyDirectlyMember" xlink:title="HeldByCompanyDirectlyMember"/>
    <link:presentationArc xlink:type="arc" xlink:arcrole="http://www.xbrl.org/2003/arcrole/parent-child" xlink:from="TypesOfAssetsHeldMember" xlink:to="HeldByCompanyDirectlyMember" xlink:title="presentation: TypesOfAssetsHeldMember to HeldByCompanyDirectlyMember" use="optional" order="10.0" preferredLabel="http://www.xbrl.org/2003/role/label"/>
    <link:loc xlink:type="locator" xlink:href="../../c-ross_core_2015-12-31.xsd#c-ross_PriceRiskOfOverseasFixedIncomeInvestmentAssetsDetailsTable" xlink:label="PriceRiskOfOverseasFixedIncomeInvestmentAssetsDetailsTable" xlink:title="PriceRiskOfOverseasFixedIncomeInvestmentAssetsDetailsTable"/>
    <link:loc xlink:type="locator" xlink:href="../../c-ross_core_2015-12-31.xsd#c-ross_TypesOfOverseasFixedIncomeInvestmentAssetsHeldAxis" xlink:label="TypesOfOverseasFixedIncomeInvestmentAssetsHeldAxis" xlink:title="TypesOfOverseasFixedIncomeInvestmentAssetsHeldAxis"/>
    <link:presentationArc xlink:type="arc" xlink:arcrole="http://www.xbrl.org/2003/arcrole/parent-child" xlink:from="PriceRiskOfOverseasFixedIncomeInvestmentAssetsDetailsTable" xlink:to="TypesOfOverseasFixedIncomeInvestmentAssetsHeldAxis" xlink:title="presentation: PriceRiskOfOverseasFixedIncomeInvestmentAssetsDetailsTable to TypesOfOverseasFixedIncomeInvestmentAssetsHeldAxis" use="optional" order="10.0" preferredLabel="http://www.xbrl.org/2003/role/label"/>
    <link:presentationArc xlink:type="arc" xlink:arcrole="http://www.xbrl.org/2003/arcrole/parent-child" xlink:from="TypesOfOverseasFixedIncomeInvestmentAssetsHeldAxis" xlink:to="TypesOfAssetsHeldMember" xlink:title="presentation: TypesOfOverseasFixedIncomeInvestmentAssetsHeldAxis to TypesOfAssetsHeldMember" use="optional" order="10.0" preferredLabel="http://www.xbrl.org/2003/role/label"/>
    <link:loc xlink:type="locator" xlink:href="../../c-ross_core_2015-12-31.xsd#c-ross_OverseasFixedIncomeInvestmentAssetsTypesOfMarketAxis" xlink:label="OverseasFixedIncomeInvestmentAssetsTypesOfMarketAxis" xlink:title="OverseasFixedIncomeInvestmentAssetsTypesOfMarketAxis"/>
    <link:presentationArc xlink:type="arc" xlink:arcrole="http://www.xbrl.org/2003/arcrole/parent-child" xlink:from="PriceRiskOfOverseasFixedIncomeInvestmentAssetsDetailsTable" xlink:to="OverseasFixedIncomeInvestmentAssetsTypesOfMarketAxis" xlink:title="presentation: PriceRiskOfOverseasFixedIncomeInvestmentAssetsDetailsTable to OverseasFixedIncomeInvestmentAssetsTypesOfMarketAxis" use="optional" order="20.0" preferredLabel="http://www.xbrl.org/2003/role/label"/>
    <link:loc xlink:type="locator" xlink:href="../../c-ross_core_2015-12-31.xsd#c-ross_OverseasFixedIncomeInvestmentAssetsTypesOfMarketMember" xlink:label="OverseasFixedIncomeInvestmentAssetsTypesOfMarketMember" xlink:title="OverseasFixedIncomeInvestmentAssetsTypesOfMarketMember"/>
    <link:presentationArc xlink:type="arc" xlink:arcrole="http://www.xbrl.org/2003/arcrole/parent-child" xlink:from="OverseasFixedIncomeInvestmentAssetsTypesOfMarketAxis" xlink:to="OverseasFixedIncomeInvestmentAssetsTypesOfMarketMember" xlink:title="presentation: OverseasFixedIncomeInvestmentAssetsTypesOfMarketAxis to OverseasFixedIncomeInvestmentAssetsTypesOfMarketMember" use="optional" order="10.0" preferredLabel="http://www.xbrl.org/2003/role/label"/>
    <link:loc xlink:type="locator" xlink:href="../../c-ross_core_2015-12-31.xsd#c-ross_DevelopedMarketsMember" xlink:label="DevelopedMarketsMember" xlink:title="DevelopedMarketsMember"/>
    <link:presentationArc xlink:type="arc" xlink:arcrole="http://www.xbrl.org/2003/arcrole/parent-child" xlink:from="OverseasFixedIncomeInvestmentAssetsTypesOfMarketMember" xlink:to="DevelopedMarketsMember" xlink:title="presentation: OverseasFixedIncomeInvestmentAssetsTypesOfMarketMember to DevelopedMarketsMember" use="optional" order="10.0" preferredLabel="http://www.xbrl.org/2003/role/label"/>
    <link:loc xlink:type="locator" xlink:href="../../c-ross_core_2015-12-31.xsd#c-ross_OverseasAssetPriceRiskOverseasFixedIncomeInvestmentAssetsDevelopedMarketsHeldByCompanyDirectlyLineNumberAxis" xlink:label="PriceRiskOverseasFixedIncomeInvestmentAssetsDevelopedMarketsFixedIncomeSecuritiesHeldByCompanyDirectlyLineNumberAxis" xlink:title="PriceRiskOverseasFixedIncomeInvestmentAssetsDevelopedMarketsFixedIncomeSecuritiesHeldByCompanyDirectlyLineNumberAxis"/>
    <link:presentationArc xlink:type="arc" xlink:arcrole="http://www.xbrl.org/2003/arcrole/parent-child" xlink:from="PriceRiskOfOverseasFixedIncomeInvestmentAssetsDetailsTable" xlink:to="PriceRiskOverseasFixedIncomeInvestmentAssetsDevelopedMarketsFixedIncomeSecuritiesHeldByCompanyDirectlyLineNumberAxis" xlink:title="presentation: PriceRiskOfOverseasFixedIncomeInvestmentAssetsDetailsTable to PriceRiskOverseasFixedIncomeInvestmentAssetsDevelopedMarketsFixedIncomeSecuritiesHeldByCompanyDirectlyLineNumberAxis" use="optional" order="30.0" preferredLabel="http://www.xbrl.org/2003/role/terseLabel"/>
    <link:loc xlink:type="locator" xlink:href="../../c-ross_core_2015-12-31.xsd#c-ross_PriceRiskOfOverseasFixedIncomeInvestmentAssetsDetailsLineItems" xlink:label="PriceRiskOfOverseasFixedIncomeInvestmentAssetsDetailsLineItems" xlink:title="PriceRiskOfOverseasFixedIncomeInvestmentAssetsDetailsLineItems"/>
    <link:loc xlink:type="locator" xlink:href="../../c-ross_core_2015-12-31.xsd#c-ross_OverseasAssetPriceRiskOverseasFixedIncomeInvestmentAssetsAssetName" xlink:label="PriceRiskOverseasFixedIncomeInvestmentAssetsBondName" xlink:title="PriceRiskOverseasFixedIncomeInvestmentAssetsBondName"/>
    <link:presentationArc xlink:type="arc" xlink:arcrole="http://www.xbrl.org/2003/arcrole/parent-child" xlink:from="PriceRiskOfOverseasFixedIncomeInvestmentAssetsDetailsLineItems" xlink:to="PriceRiskOverseasFixedIncomeInvestmentAssetsBondName" xlink:title="presentation: PriceRiskOfOverseasFixedIncomeInvestmentAssetsDetailsLineItems to PriceRiskOverseasFixedIncomeInvestmentAssetsBondName" use="optional" order="10.0" preferredLabel="http://www.xbrl.org/2003/role/terseLabel"/>
    <link:loc xlink:type="locator" xlink:href="../../c-ross_core_2015-12-31.xsd#c-ross_OverseasAssetPriceRiskOverseasFixedIncomeInvestmentAssetsAdmittedValue" xlink:label="PriceRiskOverseasFixedIncomeInvestmentAssetsAdmittedValue" xlink:title="PriceRiskOverseasFixedIncomeInvestmentAssetsAdmittedValue"/>
    <link:presentationArc xlink:type="arc" xlink:arcrole="http://www.xbrl.org/2003/arcrole/parent-child" xlink:from="PriceRiskOfOverseasFixedIncomeInvestmentAssetsDetailsLineItems" xlink:to="PriceRiskOverseasFixedIncomeInvestmentAssetsAdmittedValue" xlink:title="presentation: PriceRiskOfOverseasFixedIncomeInvestmentAssetsDetailsLineItems to PriceRiskOverseasFixedIncomeInvestmentAssetsAdmittedValue" use="optional" order="30.0" preferredLabel="http://www.xbrl.org/2003/role/terseLabel"/>
    <link:loc xlink:type="locator" xlink:href="../../c-ross_core_2015-12-31.xsd#c-ross_OverseasAssetPriceRiskOverseasFixedIncomeInvestmentAssetsPurchaseCost" xlink:label="PriceRiskOverseasFixedIncomeInvestmentAssetsCost" xlink:title="PriceRiskOverseasFixedIncomeInvestmentAssetsCost"/>
    <link:presentationArc xlink:type="arc" xlink:arcrole="http://www.xbrl.org/2003/arcrole/parent-child" xlink:from="PriceRiskOfOverseasFixedIncomeInvestmentAssetsDetailsLineItems" xlink:to="PriceRiskOverseasFixedIncomeInvestmentAssetsCost" xlink:title="presentation: PriceRiskOfOverseasFixedIncomeInvestmentAssetsDetailsLineItems to PriceRiskOverseasFixedIncomeInvestmentAssetsCost" use="optional" order="20.0" preferredLabel="http://www.xbrl.org/2003/role/terseLabel"/>
    <link:loc xlink:type="locator" xlink:href="../../c-ross_core_2015-12-31.xsd#c-ross_OverseasAssetPriceRiskOverseasFixedIncomeInvestmentAssetsRiskExposure" xlink:label="PriceRiskOverseasFixedIncomeInvestmentAssetsRiskExposure" xlink:title="PriceRiskOverseasFixedIncomeInvestmentAssetsRiskExposure"/>
    <link:presentationArc xlink:type="arc" xlink:arcrole="http://www.xbrl.org/2003/arcrole/parent-child" xlink:from="PriceRiskOfOverseasFixedIncomeInvestmentAssetsDetailsLineItems" xlink:to="PriceRiskOverseasFixedIncomeInvestmentAssetsRiskExposure" xlink:title="presentation: PriceRiskOfOverseasFixedIncomeInvestmentAssetsDetailsLineItems to PriceRiskOverseasFixedIncomeInvestmentAssetsRiskExposure" use="optional" order="40.0" preferredLabel="http://www.xbrl.org/2003/role/terseLabel"/>
    <link:loc xlink:type="locator" xlink:href="../../c-ross_core_2015-12-31.xsd#c-ross_OverseasAssetPriceRiskOverseasFixedIncomeInvestmentAssetsBaseRiskFactor" xlink:label="PriceRiskOverseasFixedIncomeInvestmentAssetsBaseRiskFactor" xlink:title="PriceRiskOverseasFixedIncomeInvestmentAssetsBaseRiskFactor"/>
    <link:presentationArc xlink:type="arc" xlink:arcrole="http://www.xbrl.org/2003/arcrole/parent-child" xlink:from="PriceRiskOfOverseasFixedIncomeInvestmentAssetsDetailsLineItems" xlink:to="PriceRiskOverseasFixedIncomeInvestmentAssetsBaseRiskFactor" xlink:title="presentation: PriceRiskOfOverseasFixedIncomeInvestmentAssetsDetailsLineItems to PriceRiskOverseasFixedIncomeInvestmentAssetsBaseRiskFactor" use="optional" order="50.0" preferredLabel="http://www.xbrl.org/2003/role/terseLabel"/>
    <link:loc xlink:type="locator" xlink:href="../../c-ross_core_2015-12-31.xsd#c-ross_MarketRiskMinimumCapitalForOverseasFixedIncomeInvestmentAssetsPriceRisk" xlink:label="MarketRiskMinimumCapitalForOverseasFixedIncomeInvestmentAssetsPriceRisk" xlink:title="MarketRiskMinimumCapitalForOverseasFixedIncomeInvestmentAssetsPriceRisk"/>
    <link:presentationArc xlink:type="arc" xlink:arcrole="http://www.xbrl.org/2003/arcrole/parent-child" xlink:from="PriceRiskOfOverseasFixedIncomeInvestmentAssetsDetailsLineItems" xlink:to="MarketRiskMinimumCapitalForOverseasFixedIncomeInvestmentAssetsPriceRisk" xlink:title="presentation: PriceRiskOfOverseasFixedIncomeInvestmentAssetsDetailsLineItems to MarketRiskMinimumCapitalForOverseasFixedIncomeInvestmentAssetsPriceRisk" use="optional" order="60.0" preferredLabel="http://www.xbrl.org/2003/role/terseLabel"/>
    <link:loc xlink:type="locator" xlink:href="../../c-ross_core_2015-12-31.xsd#c-ross_PriceRiskOfOverseasFixedIncomeInvestmentAssetsDevelopedMarketsHeldByCompanyDirectlyDetailsAbstract" xlink:label="PriceRiskOfOverseasFixedIncomeInvestmentAssetsDevelopedMarketsBondHeldByCompanyDirectlyDetailsAbstract" xlink:title="PriceRiskOfOverseasFixedIncomeInvestmentAssetsDevelopedMarketsBondHeldByCompanyDirectlyDetailsAbstract"/>
    <link:presentationArc xlink:type="arc" xlink:arcrole="http://www.xbrl.org/2003/arcrole/parent-child" xlink:from="PriceRiskOfOverseasFixedIncomeInvestmentAssetsDevelopedMarketsBondHeldByCompanyDirectlyDetailsAbstract" xlink:to="PriceRiskOfOverseasFixedIncomeInvestmentAssetsDetailsTable" xlink:title="presentation: PriceRiskOfOverseasFixedIncomeInvestmentAssetsDevelopedMarketsBondHeldByCompanyDirectlyDetailsAbstract to PriceRiskOfOverseasFixedIncomeInvestmentAssetsDetailsTable" use="optional" order="10.0" preferredLabel="http://www.xbrl.org/2003/role/label"/>
    <link:presentationArc xlink:type="arc" xlink:arcrole="http://www.xbrl.org/2003/arcrole/parent-child" xlink:from="PriceRiskOfOverseasFixedIncomeInvestmentAssetsDevelopedMarketsBondHeldByCompanyDirectlyDetailsAbstract" xlink:to="PriceRiskOfOverseasFixedIncomeInvestmentAssetsDetailsLineItems" xlink:title="presentation: PriceRiskOfOverseasFixedIncomeInvestmentAssetsDevelopedMarketsBondHeldByCompanyDirectlyDetailsAbstract to PriceRiskOfOverseasFixedIncomeInvestmentAssetsDetailsLineItems" use="optional" order="20.0" preferredLabel="http://www.xbrl.org/2003/role/label"/>
  </link:presentationLink>
  <link:presentationLink xlink:type="extended" xlink:role="http://xbrl.circ.gov.cn/role/c-ross_2015-12-31_role-3162500b">
    <link:loc xlink:type="locator" xlink:href="../../c-ross_core_2015-12-31.xsd#c-ross_TypesOfAssetsHeldMember" xlink:label="TypesOfAssetsHeldMember" xlink:title="TypesOfAssetsHeldMember"/>
    <link:loc xlink:type="locator" xlink:href="../../c-ross_core_2015-12-31.xsd#c-ross_HeldByCompanyDirectlyMember" xlink:label="HeldByCompanyDirectlyMember" xlink:title="HeldByCompanyDirectlyMember"/>
    <link:presentationArc xlink:type="arc" xlink:arcrole="http://www.xbrl.org/2003/arcrole/parent-child" xlink:from="TypesOfAssetsHeldMember" xlink:to="HeldByCompanyDirectlyMember" xlink:title="presentation: TypesOfAssetsHeldMember to HeldByCompanyDirectlyMember" use="optional" order="10.0" preferredLabel="http://www.xbrl.org/2003/role/label"/>
    <link:loc xlink:type="locator" xlink:href="../../c-ross_core_2015-12-31.xsd#c-ross_PriceRiskOfOverseasFixedIncomeInvestmentAssetsDetailsTable" xlink:label="PriceRiskOfOverseasFixedIncomeInvestmentAssetsDetailsTable" xlink:title="PriceRiskOfOverseasFixedIncomeInvestmentAssetsDetailsTable"/>
    <link:loc xlink:type="locator" xlink:href="../../c-ross_core_2015-12-31.xsd#c-ross_TypesOfOverseasFixedIncomeInvestmentAssetsHeldAxis" xlink:label="TypesOfOverseasFixedIncomeInvestmentAssetsHeldAxis" xlink:title="TypesOfOverseasFixedIncomeInvestmentAssetsHeldAxis"/>
    <link:presentationArc xlink:type="arc" xlink:arcrole="http://www.xbrl.org/2003/arcrole/parent-child" xlink:from="PriceRiskOfOverseasFixedIncomeInvestmentAssetsDetailsTable" xlink:to="TypesOfOverseasFixedIncomeInvestmentAssetsHeldAxis" xlink:title="presentation: PriceRiskOfOverseasFixedIncomeInvestmentAssetsDetailsTable to TypesOfOverseasFixedIncomeInvestmentAssetsHeldAxis" use="optional" order="10.0" preferredLabel="http://www.xbrl.org/2003/role/label"/>
    <link:presentationArc xlink:type="arc" xlink:arcrole="http://www.xbrl.org/2003/arcrole/parent-child" xlink:from="TypesOfOverseasFixedIncomeInvestmentAssetsHeldAxis" xlink:to="TypesOfAssetsHeldMember" xlink:title="presentation: TypesOfOverseasFixedIncomeInvestmentAssetsHeldAxis to TypesOfAssetsHeldMember" use="optional" order="10.0" preferredLabel="http://www.xbrl.org/2003/role/label"/>
    <link:loc xlink:type="locator" xlink:href="../../c-ross_core_2015-12-31.xsd#c-ross_OverseasFixedIncomeInvestmentAssetsTypesOfMarketAxis" xlink:label="OverseasFixedIncomeInvestmentAssetsTypesOfMarketAxis" xlink:title="OverseasFixedIncomeInvestmentAssetsTypesOfMarketAxis"/>
    <link:presentationArc xlink:type="arc" xlink:arcrole="http://www.xbrl.org/2003/arcrole/parent-child" xlink:from="PriceRiskOfOverseasFixedIncomeInvestmentAssetsDetailsTable" xlink:to="OverseasFixedIncomeInvestmentAssetsTypesOfMarketAxis" xlink:title="presentation: PriceRiskOfOverseasFixedIncomeInvestmentAssetsDetailsTable to OverseasFixedIncomeInvestmentAssetsTypesOfMarketAxis" use="optional" order="20.0" preferredLabel="http://www.xbrl.org/2003/role/label"/>
    <link:loc xlink:type="locator" xlink:href="../../c-ross_core_2015-12-31.xsd#c-ross_OverseasFixedIncomeInvestmentAssetsTypesOfMarketMember" xlink:label="OverseasFixedIncomeInvestmentAssetsTypesOfMarketMember" xlink:title="OverseasFixedIncomeInvestmentAssetsTypesOfMarketMember"/>
    <link:presentationArc xlink:type="arc" xlink:arcrole="http://www.xbrl.org/2003/arcrole/parent-child" xlink:from="OverseasFixedIncomeInvestmentAssetsTypesOfMarketAxis" xlink:to="OverseasFixedIncomeInvestmentAssetsTypesOfMarketMember" xlink:title="presentation: OverseasFixedIncomeInvestmentAssetsTypesOfMarketAxis to OverseasFixedIncomeInvestmentAssetsTypesOfMarketMember" use="optional" order="10.0" preferredLabel="http://www.xbrl.org/2003/role/label"/>
    <link:loc xlink:type="locator" xlink:href="../../c-ross_core_2015-12-31.xsd#c-ross_EmergingMarketsMember" xlink:label="EmergingMarketsMember" xlink:title="EmergingMarketsMember"/>
    <link:presentationArc xlink:type="arc" xlink:arcrole="http://www.xbrl.org/2003/arcrole/parent-child" xlink:from="OverseasFixedIncomeInvestmentAssetsTypesOfMarketMember" xlink:to="EmergingMarketsMember" xlink:title="presentation: OverseasFixedIncomeInvestmentAssetsTypesOfMarketMember to EmergingMarketsMember" use="optional" order="10.0" preferredLabel="http://www.xbrl.org/2003/role/label"/>
    <link:loc xlink:type="locator" xlink:href="../../c-ross_core_2015-12-31.xsd#c-ross_OverseasAssetPriceRiskOverseasFixedIncomeInvestmentAssetsEmergingMarketsHeldByCompanyDirectlyLineNumberAxis" xlink:label="PriceRiskOverseasFixedIncomeInvestmentAssetsEmergingMarketsSecuritiesHeldByCompanyDirectlyLineNumberAxis" xlink:title="PriceRiskOverseasFixedIncomeInvestmentAssetsEmergingMarketsSecuritiesHeldByCompanyDirectlyLineNumberAxis"/>
    <link:presentationArc xlink:type="arc" xlink:arcrole="http://www.xbrl.org/2003/arcrole/parent-child" xlink:from="PriceRiskOfOverseasFixedIncomeInvestmentAssetsDetailsTable" xlink:to="PriceRiskOverseasFixedIncomeInvestmentAssetsEmergingMarketsSecuritiesHeldByCompanyDirectlyLineNumberAxis" xlink:title="presentation: PriceRiskOfOverseasFixedIncomeInvestmentAssetsDetailsTable to PriceRiskOverseasFixedIncomeInvestmentAssetsEmergingMarketsSecuritiesHeldByCompanyDirectlyLineNumberAxis" use="optional" order="30.0" preferredLabel="http://www.xbrl.org/2003/role/terseLabel"/>
    <link:loc xlink:type="locator" xlink:href="../../c-ross_core_2015-12-31.xsd#c-ross_PriceRiskOfOverseasFixedIncomeInvestmentAssetsDetailsLineItems" xlink:label="PriceRiskOfOverseasFixedIncomeInvestmentAssetsDetailsLineItems" xlink:title="PriceRiskOfOverseasFixedIncomeInvestmentAssetsDetailsLineItems"/>
    <link:loc xlink:type="locator" xlink:href="../../c-ross_core_2015-12-31.xsd#c-ross_OverseasAssetPriceRiskOverseasFixedIncomeInvestmentAssetsAssetName" xlink:label="PriceRiskOverseasFixedIncomeInvestmentAssetsBondName" xlink:title="PriceRiskOverseasFixedIncomeInvestmentAssetsBondName"/>
    <link:presentationArc xlink:type="arc" xlink:arcrole="http://www.xbrl.org/2003/arcrole/parent-child" xlink:from="PriceRiskOfOverseasFixedIncomeInvestmentAssetsDetailsLineItems" xlink:to="PriceRiskOverseasFixedIncomeInvestmentAssetsBondName" xlink:title="presentation: PriceRiskOfOverseasFixedIncomeInvestmentAssetsDetailsLineItems to PriceRiskOverseasFixedIncomeInvestmentAssetsBondName" use="optional" order="10.0" preferredLabel="http://www.xbrl.org/2003/role/terseLabel"/>
    <link:loc xlink:type="locator" xlink:href="../../c-ross_core_2015-12-31.xsd#c-ross_OverseasAssetPriceRiskOverseasFixedIncomeInvestmentAssetsAdmittedValue" xlink:label="PriceRiskOverseasFixedIncomeInvestmentAssetsAdmittedValue" xlink:title="PriceRiskOverseasFixedIncomeInvestmentAssetsAdmittedValue"/>
    <link:presentationArc xlink:type="arc" xlink:arcrole="http://www.xbrl.org/2003/arcrole/parent-child" xlink:from="PriceRiskOfOverseasFixedIncomeInvestmentAssetsDetailsLineItems" xlink:to="PriceRiskOverseasFixedIncomeInvestmentAssetsAdmittedValue" xlink:title="presentation: PriceRiskOfOverseasFixedIncomeInvestmentAssetsDetailsLineItems to PriceRiskOverseasFixedIncomeInvestmentAssetsAdmittedValue" use="optional" order="30.0" preferredLabel="http://www.xbrl.org/2003/role/terseLabel"/>
    <link:loc xlink:type="locator" xlink:href="../../c-ross_core_2015-12-31.xsd#c-ross_OverseasAssetPriceRiskOverseasFixedIncomeInvestmentAssetsPurchaseCost" xlink:label="PriceRiskOverseasFixedIncomeInvestmentAssetsCost" xlink:title="PriceRiskOverseasFixedIncomeInvestmentAssetsCost"/>
    <link:presentationArc xlink:type="arc" xlink:arcrole="http://www.xbrl.org/2003/arcrole/parent-child" xlink:from="PriceRiskOfOverseasFixedIncomeInvestmentAssetsDetailsLineItems" xlink:to="PriceRiskOverseasFixedIncomeInvestmentAssetsCost" xlink:title="presentation: PriceRiskOfOverseasFixedIncomeInvestmentAssetsDetailsLineItems to PriceRiskOverseasFixedIncomeInvestmentAssetsCost" use="optional" order="20.0" preferredLabel="http://www.xbrl.org/2003/role/terseLabel"/>
    <link:loc xlink:type="locator" xlink:href="../../c-ross_core_2015-12-31.xsd#c-ross_OverseasAssetPriceRiskOverseasFixedIncomeInvestmentAssetsRiskExposure" xlink:label="PriceRiskOverseasFixedIncomeInvestmentAssetsRiskExposure" xlink:title="PriceRiskOverseasFixedIncomeInvestmentAssetsRiskExposure"/>
    <link:presentationArc xlink:type="arc" xlink:arcrole="http://www.xbrl.org/2003/arcrole/parent-child" xlink:from="PriceRiskOfOverseasFixedIncomeInvestmentAssetsDetailsLineItems" xlink:to="PriceRiskOverseasFixedIncomeInvestmentAssetsRiskExposure" xlink:title="presentation: PriceRiskOfOverseasFixedIncomeInvestmentAssetsDetailsLineItems to PriceRiskOverseasFixedIncomeInvestmentAssetsRiskExposure" use="optional" order="40.0" preferredLabel="http://www.xbrl.org/2003/role/terseLabel"/>
    <link:loc xlink:type="locator" xlink:href="../../c-ross_core_2015-12-31.xsd#c-ross_OverseasAssetPriceRiskOverseasFixedIncomeInvestmentAssetsBaseRiskFactor" xlink:label="PriceRiskOverseasFixedIncomeInvestmentAssetsBaseRiskFactor" xlink:title="PriceRiskOverseasFixedIncomeInvestmentAssetsBaseRiskFactor"/>
    <link:presentationArc xlink:type="arc" xlink:arcrole="http://www.xbrl.org/2003/arcrole/parent-child" xlink:from="PriceRiskOfOverseasFixedIncomeInvestmentAssetsDetailsLineItems" xlink:to="PriceRiskOverseasFixedIncomeInvestmentAssetsBaseRiskFactor" xlink:title="presentation: PriceRiskOfOverseasFixedIncomeInvestmentAssetsDetailsLineItems to PriceRiskOverseasFixedIncomeInvestmentAssetsBaseRiskFactor" use="optional" order="50.0" preferredLabel="http://www.xbrl.org/2003/role/terseLabel"/>
    <link:loc xlink:type="locator" xlink:href="../../c-ross_core_2015-12-31.xsd#c-ross_MarketRiskMinimumCapitalForOverseasFixedIncomeInvestmentAssetsPriceRisk" xlink:label="MarketRiskMinimumCapitalForOverseasFixedIncomeInvestmentAssetsPriceRisk" xlink:title="MarketRiskMinimumCapitalForOverseasFixedIncomeInvestmentAssetsPriceRisk"/>
    <link:presentationArc xlink:type="arc" xlink:arcrole="http://www.xbrl.org/2003/arcrole/parent-child" xlink:from="PriceRiskOfOverseasFixedIncomeInvestmentAssetsDetailsLineItems" xlink:to="MarketRiskMinimumCapitalForOverseasFixedIncomeInvestmentAssetsPriceRisk" xlink:title="presentation: PriceRiskOfOverseasFixedIncomeInvestmentAssetsDetailsLineItems to MarketRiskMinimumCapitalForOverseasFixedIncomeInvestmentAssetsPriceRisk" use="optional" order="60.0" preferredLabel="http://www.xbrl.org/2003/role/terseLabel"/>
    <link:loc xlink:type="locator" xlink:href="../../c-ross_core_2015-12-31.xsd#c-ross_PriceRiskOfOverseasFixedIncomeInvestmentAssetsEmergingMarketsHeldByCompanyDirectlyDetailsAbstract" xlink:label="PriceRiskOfOverseasFixedIncomeInvestmentAssetsEmergingMarketsBondHeldByCompanyDirectlyDetailsAbstract" xlink:title="PriceRiskOfOverseasFixedIncomeInvestmentAssetsEmergingMarketsBondHeldByCompanyDirectlyDetailsAbstract"/>
    <link:presentationArc xlink:type="arc" xlink:arcrole="http://www.xbrl.org/2003/arcrole/parent-child" xlink:from="PriceRiskOfOverseasFixedIncomeInvestmentAssetsEmergingMarketsBondHeldByCompanyDirectlyDetailsAbstract" xlink:to="PriceRiskOfOverseasFixedIncomeInvestmentAssetsDetailsTable" xlink:title="presentation: PriceRiskOfOverseasFixedIncomeInvestmentAssetsEmergingMarketsBondHeldByCompanyDirectlyDetailsAbstract to PriceRiskOfOverseasFixedIncomeInvestmentAssetsDetailsTable" use="optional" order="10.0" preferredLabel="http://www.xbrl.org/2003/role/label"/>
    <link:presentationArc xlink:type="arc" xlink:arcrole="http://www.xbrl.org/2003/arcrole/parent-child" xlink:from="PriceRiskOfOverseasFixedIncomeInvestmentAssetsEmergingMarketsBondHeldByCompanyDirectlyDetailsAbstract" xlink:to="PriceRiskOfOverseasFixedIncomeInvestmentAssetsDetailsLineItems" xlink:title="presentation: PriceRiskOfOverseasFixedIncomeInvestmentAssetsEmergingMarketsBondHeldByCompanyDirectlyDetailsAbstract to PriceRiskOfOverseasFixedIncomeInvestmentAssetsDetailsLineItems" use="optional" order="20.0" preferredLabel="http://www.xbrl.org/2003/role/label"/>
  </link:presentationLink>
  <link:presentationLink xlink:type="extended" xlink:role="http://xbrl.circ.gov.cn/role/c-ross_2015-12-31_role-3162500c">
    <link:loc xlink:type="locator" xlink:href="../../c-ross_core_2015-12-31.xsd#c-ross_TypesOfAssetsHeldMember" xlink:label="TypesOfAssetsHeldMember" xlink:title="TypesOfAssetsHeldMember"/>
    <link:loc xlink:type="locator" xlink:href="../../c-ross_core_2015-12-31.xsd#c-ross_HeldByLookThroughMethodMember" xlink:label="HeldByLookThroughMethodMember" xlink:title="HeldByLookThroughMethodMember"/>
    <link:presentationArc xlink:type="arc" xlink:arcrole="http://www.xbrl.org/2003/arcrole/parent-child" xlink:from="TypesOfAssetsHeldMember" xlink:to="HeldByLookThroughMethodMember" xlink:title="presentation: TypesOfAssetsHeldMember to HeldByLookThroughMethodMember" use="optional" order="10.0" preferredLabel="http://www.xbrl.org/2003/role/label"/>
    <link:loc xlink:type="locator" xlink:href="../../c-ross_core_2015-12-31.xsd#c-ross_PriceRiskOfOverseasFixedIncomeInvestmentAssetsDetailsTable" xlink:label="PriceRiskOfOverseasFixedIncomeInvestmentAssetsDetailsTable" xlink:title="PriceRiskOfOverseasFixedIncomeInvestmentAssetsDetailsTable"/>
    <link:loc xlink:type="locator" xlink:href="../../c-ross_core_2015-12-31.xsd#c-ross_TypesOfOverseasFixedIncomeInvestmentAssetsHeldAxis" xlink:label="TypesOfOverseasFixedIncomeInvestmentAssetsHeldAxis" xlink:title="TypesOfOverseasFixedIncomeInvestmentAssetsHeldAxis"/>
    <link:presentationArc xlink:type="arc" xlink:arcrole="http://www.xbrl.org/2003/arcrole/parent-child" xlink:from="PriceRiskOfOverseasFixedIncomeInvestmentAssetsDetailsTable" xlink:to="TypesOfOverseasFixedIncomeInvestmentAssetsHeldAxis" xlink:title="presentation: PriceRiskOfOverseasFixedIncomeInvestmentAssetsDetailsTable to TypesOfOverseasFixedIncomeInvestmentAssetsHeldAxis" use="optional" order="10.0" preferredLabel="http://www.xbrl.org/2003/role/label"/>
    <link:presentationArc xlink:type="arc" xlink:arcrole="http://www.xbrl.org/2003/arcrole/parent-child" xlink:from="TypesOfOverseasFixedIncomeInvestmentAssetsHeldAxis" xlink:to="TypesOfAssetsHeldMember" xlink:title="presentation: TypesOfOverseasFixedIncomeInvestmentAssetsHeldAxis to TypesOfAssetsHeldMember" use="optional" order="10.0" preferredLabel="http://www.xbrl.org/2003/role/label"/>
    <link:loc xlink:type="locator" xlink:href="../../c-ross_core_2015-12-31.xsd#c-ross_OverseasFixedIncomeInvestmentAssetsTypesOfMarketAxis" xlink:label="OverseasFixedIncomeInvestmentAssetsTypesOfMarketAxis" xlink:title="OverseasFixedIncomeInvestmentAssetsTypesOfMarketAxis"/>
    <link:presentationArc xlink:type="arc" xlink:arcrole="http://www.xbrl.org/2003/arcrole/parent-child" xlink:from="PriceRiskOfOverseasFixedIncomeInvestmentAssetsDetailsTable" xlink:to="OverseasFixedIncomeInvestmentAssetsTypesOfMarketAxis" xlink:title="presentation: PriceRiskOfOverseasFixedIncomeInvestmentAssetsDetailsTable to OverseasFixedIncomeInvestmentAssetsTypesOfMarketAxis" use="optional" order="20.0" preferredLabel="http://www.xbrl.org/2003/role/label"/>
    <link:loc xlink:type="locator" xlink:href="../../c-ross_core_2015-12-31.xsd#c-ross_OverseasFixedIncomeInvestmentAssetsTypesOfMarketMember" xlink:label="OverseasFixedIncomeInvestmentAssetsTypesOfMarketMember" xlink:title="OverseasFixedIncomeInvestmentAssetsTypesOfMarketMember"/>
    <link:presentationArc xlink:type="arc" xlink:arcrole="http://www.xbrl.org/2003/arcrole/parent-child" xlink:from="OverseasFixedIncomeInvestmentAssetsTypesOfMarketAxis" xlink:to="OverseasFixedIncomeInvestmentAssetsTypesOfMarketMember" xlink:title="presentation: OverseasFixedIncomeInvestmentAssetsTypesOfMarketAxis to OverseasFixedIncomeInvestmentAssetsTypesOfMarketMember" use="optional" order="10.0" preferredLabel="http://www.xbrl.org/2003/role/label"/>
    <link:loc xlink:type="locator" xlink:href="../../c-ross_core_2015-12-31.xsd#c-ross_DevelopedMarketsMember" xlink:label="DevelopedMarketsMember" xlink:title="DevelopedMarketsMember"/>
    <link:presentationArc xlink:type="arc" xlink:arcrole="http://www.xbrl.org/2003/arcrole/parent-child" xlink:from="OverseasFixedIncomeInvestmentAssetsTypesOfMarketMember" xlink:to="DevelopedMarketsMember" xlink:title="presentation: OverseasFixedIncomeInvestmentAssetsTypesOfMarketMember to DevelopedMarketsMember" use="optional" order="10.0" preferredLabel="http://www.xbrl.org/2003/role/label"/>
    <link:loc xlink:type="locator" xlink:href="../../c-ross_core_2015-12-31.xsd#c-ross_OverseasAssetPriceRiskOverseasFixedIncomeInvestmentAssetsDevelopedMarketsHeldByLookThroughMethodLineNumberAxis" xlink:label="PriceRiskOverseasFixedIncomeInvestmentAssetsDevelopedMarketsFixedIncomeSecuritiesHeldByLookThroughMethodLineNumberAxis" xlink:title="PriceRiskOverseasFixedIncomeInvestmentAssetsDevelopedMarketsFixedIncomeSecuritiesHeldByLookThroughMethodLineNumberAxis"/>
    <link:presentationArc xlink:type="arc" xlink:arcrole="http://www.xbrl.org/2003/arcrole/parent-child" xlink:from="PriceRiskOfOverseasFixedIncomeInvestmentAssetsDetailsTable" xlink:to="PriceRiskOverseasFixedIncomeInvestmentAssetsDevelopedMarketsFixedIncomeSecuritiesHeldByLookThroughMethodLineNumberAxis" xlink:title="presentation: PriceRiskOfOverseasFixedIncomeInvestmentAssetsDetailsTable to PriceRiskOverseasFixedIncomeInvestmentAssetsDevelopedMarketsFixedIncomeSecuritiesHeldByLookThroughMethodLineNumberAxis" use="optional" order="30.0" preferredLabel="http://www.xbrl.org/2003/role/terseLabel"/>
    <link:loc xlink:type="locator" xlink:href="../../c-ross_core_2015-12-31.xsd#c-ross_PriceRiskOfOverseasFixedIncomeInvestmentAssetsDetailsLineItems" xlink:label="PriceRiskOfOverseasFixedIncomeInvestmentAssetsDetailsLineItems" xlink:title="PriceRiskOfOverseasFixedIncomeInvestmentAssetsDetailsLineItems"/>
    <link:loc xlink:type="locator" xlink:href="../../c-ross_core_2015-12-31.xsd#c-ross_OverseasAssetPriceRiskOverseasFixedIncomeInvestmentAssetsAssetName" xlink:label="PriceRiskOverseasFixedIncomeInvestmentAssetsBondName" xlink:title="PriceRiskOverseasFixedIncomeInvestmentAssetsBondName"/>
    <link:presentationArc xlink:type="arc" xlink:arcrole="http://www.xbrl.org/2003/arcrole/parent-child" xlink:from="PriceRiskOfOverseasFixedIncomeInvestmentAssetsDetailsLineItems" xlink:to="PriceRiskOverseasFixedIncomeInvestmentAssetsBondName" xlink:title="presentation: PriceRiskOfOverseasFixedIncomeInvestmentAssetsDetailsLineItems to PriceRiskOverseasFixedIncomeInvestmentAssetsBondName" use="optional" order="10.0" preferredLabel="http://www.xbrl.org/2003/role/terseLabel"/>
    <link:loc xlink:type="locator" xlink:href="../../c-ross_core_2015-12-31.xsd#c-ross_OverseasAssetPriceRiskOverseasFixedIncomeInvestmentAssetsAdmittedValue" xlink:label="PriceRiskOverseasFixedIncomeInvestmentAssetsAdmittedValue" xlink:title="PriceRiskOverseasFixedIncomeInvestmentAssetsAdmittedValue"/>
    <link:presentationArc xlink:type="arc" xlink:arcrole="http://www.xbrl.org/2003/arcrole/parent-child" xlink:from="PriceRiskOfOverseasFixedIncomeInvestmentAssetsDetailsLineItems" xlink:to="PriceRiskOverseasFixedIncomeInvestmentAssetsAdmittedValue" xlink:title="presentation: PriceRiskOfOverseasFixedIncomeInvestmentAssetsDetailsLineItems to PriceRiskOverseasFixedIncomeInvestmentAssetsAdmittedValue" use="optional" order="30.0" preferredLabel="http://www.xbrl.org/2003/role/terseLabel"/>
    <link:loc xlink:type="locator" xlink:href="../../c-ross_core_2015-12-31.xsd#c-ross_OverseasAssetPriceRiskOverseasFixedIncomeInvestmentAssetsPurchaseCost" xlink:label="PriceRiskOverseasFixedIncomeInvestmentAssetsCost" xlink:title="PriceRiskOverseasFixedIncomeInvestmentAssetsCost"/>
    <link:presentationArc xlink:type="arc" xlink:arcrole="http://www.xbrl.org/2003/arcrole/parent-child" xlink:from="PriceRiskOfOverseasFixedIncomeInvestmentAssetsDetailsLineItems" xlink:to="PriceRiskOverseasFixedIncomeInvestmentAssetsCost" xlink:title="presentation: PriceRiskOfOverseasFixedIncomeInvestmentAssetsDetailsLineItems to PriceRiskOverseasFixedIncomeInvestmentAssetsCost" use="optional" order="20.0" preferredLabel="http://www.xbrl.org/2003/role/terseLabel"/>
    <link:loc xlink:type="locator" xlink:href="../../c-ross_core_2015-12-31.xsd#c-ross_OverseasAssetPriceRiskOverseasFixedIncomeInvestmentAssetsRiskExposure" xlink:label="PriceRiskOverseasFixedIncomeInvestmentAssetsRiskExposure" xlink:title="PriceRiskOverseasFixedIncomeInvestmentAssetsRiskExposure"/>
    <link:presentationArc xlink:type="arc" xlink:arcrole="http://www.xbrl.org/2003/arcrole/parent-child" xlink:from="PriceRiskOfOverseasFixedIncomeInvestmentAssetsDetailsLineItems" xlink:to="PriceRiskOverseasFixedIncomeInvestmentAssetsRiskExposure" xlink:title="presentation: PriceRiskOfOverseasFixedIncomeInvestmentAssetsDetailsLineItems to PriceRiskOverseasFixedIncomeInvestmentAssetsRiskExposure" use="optional" order="40.0" preferredLabel="http://www.xbrl.org/2003/role/terseLabel"/>
    <link:loc xlink:type="locator" xlink:href="../../c-ross_core_2015-12-31.xsd#c-ross_OverseasAssetPriceRiskOverseasFixedIncomeInvestmentAssetsBaseRiskFactor" xlink:label="PriceRiskOverseasFixedIncomeInvestmentAssetsBaseRiskFactor" xlink:title="PriceRiskOverseasFixedIncomeInvestmentAssetsBaseRiskFactor"/>
    <link:presentationArc xlink:type="arc" xlink:arcrole="http://www.xbrl.org/2003/arcrole/parent-child" xlink:from="PriceRiskOfOverseasFixedIncomeInvestmentAssetsDetailsLineItems" xlink:to="PriceRiskOverseasFixedIncomeInvestmentAssetsBaseRiskFactor" xlink:title="presentation: PriceRiskOfOverseasFixedIncomeInvestmentAssetsDetailsLineItems to PriceRiskOverseasFixedIncomeInvestmentAssetsBaseRiskFactor" use="optional" order="50.0" preferredLabel="http://www.xbrl.org/2003/role/terseLabel"/>
    <link:loc xlink:type="locator" xlink:href="../../c-ross_core_2015-12-31.xsd#c-ross_MarketRiskMinimumCapitalForOverseasFixedIncomeInvestmentAssetsPriceRisk" xlink:label="MarketRiskMinimumCapitalForOverseasFixedIncomeInvestmentAssetsPriceRisk" xlink:title="MarketRiskMinimumCapitalForOverseasFixedIncomeInvestmentAssetsPriceRisk"/>
    <link:presentationArc xlink:type="arc" xlink:arcrole="http://www.xbrl.org/2003/arcrole/parent-child" xlink:from="PriceRiskOfOverseasFixedIncomeInvestmentAssetsDetailsLineItems" xlink:to="MarketRiskMinimumCapitalForOverseasFixedIncomeInvestmentAssetsPriceRisk" xlink:title="presentation: PriceRiskOfOverseasFixedIncomeInvestmentAssetsDetailsLineItems to MarketRiskMinimumCapitalForOverseasFixedIncomeInvestmentAssetsPriceRisk" use="optional" order="60.0" preferredLabel="http://www.xbrl.org/2003/role/terseLabel"/>
    <link:loc xlink:type="locator" xlink:href="../../c-ross_core_2015-12-31.xsd#c-ross_PriceRiskOfOverseasFixedIncomeInvestmentAssetsDevelopedMarketsHeldByLookThroughMethodDetailsAbstract" xlink:label="PriceRiskOfOverseasFixedIncomeInvestmentAssetsDevelopedMarketsBondHeldByLookThroughMethodDetailsAbstract" xlink:title="PriceRiskOfOverseasFixedIncomeInvestmentAssetsDevelopedMarketsBondHeldByLookThroughMethodDetailsAbstract"/>
    <link:presentationArc xlink:type="arc" xlink:arcrole="http://www.xbrl.org/2003/arcrole/parent-child" xlink:from="PriceRiskOfOverseasFixedIncomeInvestmentAssetsDevelopedMarketsBondHeldByLookThroughMethodDetailsAbstract" xlink:to="PriceRiskOfOverseasFixedIncomeInvestmentAssetsDetailsTable" xlink:title="presentation: PriceRiskOfOverseasFixedIncomeInvestmentAssetsDevelopedMarketsBondHeldByLookThroughMethodDetailsAbstract to PriceRiskOfOverseasFixedIncomeInvestmentAssetsDetailsTable" use="optional" order="10.0" preferredLabel="http://www.xbrl.org/2003/role/label"/>
    <link:presentationArc xlink:type="arc" xlink:arcrole="http://www.xbrl.org/2003/arcrole/parent-child" xlink:from="PriceRiskOfOverseasFixedIncomeInvestmentAssetsDevelopedMarketsBondHeldByLookThroughMethodDetailsAbstract" xlink:to="PriceRiskOfOverseasFixedIncomeInvestmentAssetsDetailsLineItems" xlink:title="presentation: PriceRiskOfOverseasFixedIncomeInvestmentAssetsDevelopedMarketsBondHeldByLookThroughMethodDetailsAbstract to PriceRiskOfOverseasFixedIncomeInvestmentAssetsDetailsLineItems" use="optional" order="20.0" preferredLabel="http://www.xbrl.org/2003/role/label"/>
  </link:presentationLink>
  <link:presentationLink xlink:type="extended" xlink:role="http://xbrl.circ.gov.cn/role/c-ross_2015-12-31_role-3162500d">
    <link:loc xlink:type="locator" xlink:href="../../c-ross_core_2015-12-31.xsd#c-ross_TypesOfAssetsHeldMember" xlink:label="TypesOfAssetsHeldMember" xlink:title="TypesOfAssetsHeldMember"/>
    <link:loc xlink:type="locator" xlink:href="../../c-ross_core_2015-12-31.xsd#c-ross_HeldByLookThroughMethodMember" xlink:label="HeldByLookThroughMethodMember" xlink:title="HeldByLookThroughMethodMember"/>
    <link:presentationArc xlink:type="arc" xlink:arcrole="http://www.xbrl.org/2003/arcrole/parent-child" xlink:from="TypesOfAssetsHeldMember" xlink:to="HeldByLookThroughMethodMember" xlink:title="presentation: TypesOfAssetsHeldMember to HeldByLookThroughMethodMember" use="optional" order="10.0" preferredLabel="http://www.xbrl.org/2003/role/label"/>
    <link:loc xlink:type="locator" xlink:href="../../c-ross_core_2015-12-31.xsd#c-ross_PriceRiskOfOverseasFixedIncomeInvestmentAssetsDetailsTable" xlink:label="PriceRiskOfOverseasFixedIncomeInvestmentAssetsDetailsTable" xlink:title="PriceRiskOfOverseasFixedIncomeInvestmentAssetsDetailsTable"/>
    <link:loc xlink:type="locator" xlink:href="../../c-ross_core_2015-12-31.xsd#c-ross_TypesOfOverseasFixedIncomeInvestmentAssetsHeldAxis" xlink:label="TypesOfOverseasFixedIncomeInvestmentAssetsHeldAxis" xlink:title="TypesOfOverseasFixedIncomeInvestmentAssetsHeldAxis"/>
    <link:presentationArc xlink:type="arc" xlink:arcrole="http://www.xbrl.org/2003/arcrole/parent-child" xlink:from="PriceRiskOfOverseasFixedIncomeInvestmentAssetsDetailsTable" xlink:to="TypesOfOverseasFixedIncomeInvestmentAssetsHeldAxis" xlink:title="presentation: PriceRiskOfOverseasFixedIncomeInvestmentAssetsDetailsTable to TypesOfOverseasFixedIncomeInvestmentAssetsHeldAxis" use="optional" order="10.0" preferredLabel="http://www.xbrl.org/2003/role/label"/>
    <link:presentationArc xlink:type="arc" xlink:arcrole="http://www.xbrl.org/2003/arcrole/parent-child" xlink:from="TypesOfOverseasFixedIncomeInvestmentAssetsHeldAxis" xlink:to="TypesOfAssetsHeldMember" xlink:title="presentation: TypesOfOverseasFixedIncomeInvestmentAssetsHeldAxis to TypesOfAssetsHeldMember" use="optional" order="10.0" preferredLabel="http://www.xbrl.org/2003/role/label"/>
    <link:loc xlink:type="locator" xlink:href="../../c-ross_core_2015-12-31.xsd#c-ross_OverseasFixedIncomeInvestmentAssetsTypesOfMarketAxis" xlink:label="OverseasFixedIncomeInvestmentAssetsTypesOfMarketAxis" xlink:title="OverseasFixedIncomeInvestmentAssetsTypesOfMarketAxis"/>
    <link:presentationArc xlink:type="arc" xlink:arcrole="http://www.xbrl.org/2003/arcrole/parent-child" xlink:from="PriceRiskOfOverseasFixedIncomeInvestmentAssetsDetailsTable" xlink:to="OverseasFixedIncomeInvestmentAssetsTypesOfMarketAxis" xlink:title="presentation: PriceRiskOfOverseasFixedIncomeInvestmentAssetsDetailsTable to OverseasFixedIncomeInvestmentAssetsTypesOfMarketAxis" use="optional" order="20.0" preferredLabel="http://www.xbrl.org/2003/role/label"/>
    <link:loc xlink:type="locator" xlink:href="../../c-ross_core_2015-12-31.xsd#c-ross_OverseasFixedIncomeInvestmentAssetsTypesOfMarketMember" xlink:label="OverseasFixedIncomeInvestmentAssetsTypesOfMarketMember" xlink:title="OverseasFixedIncomeInvestmentAssetsTypesOfMarketMember"/>
    <link:presentationArc xlink:type="arc" xlink:arcrole="http://www.xbrl.org/2003/arcrole/parent-child" xlink:from="OverseasFixedIncomeInvestmentAssetsTypesOfMarketAxis" xlink:to="OverseasFixedIncomeInvestmentAssetsTypesOfMarketMember" xlink:title="presentation: OverseasFixedIncomeInvestmentAssetsTypesOfMarketAxis to OverseasFixedIncomeInvestmentAssetsTypesOfMarketMember" use="optional" order="10.0" preferredLabel="http://www.xbrl.org/2003/role/label"/>
    <link:loc xlink:type="locator" xlink:href="../../c-ross_core_2015-12-31.xsd#c-ross_EmergingMarketsMember" xlink:label="EmergingMarketsMember" xlink:title="EmergingMarketsMember"/>
    <link:presentationArc xlink:type="arc" xlink:arcrole="http://www.xbrl.org/2003/arcrole/parent-child" xlink:from="OverseasFixedIncomeInvestmentAssetsTypesOfMarketMember" xlink:to="EmergingMarketsMember" xlink:title="presentation: OverseasFixedIncomeInvestmentAssetsTypesOfMarketMember to EmergingMarketsMember" use="optional" order="10.0" preferredLabel="http://www.xbrl.org/2003/role/label"/>
    <link:loc xlink:type="locator" xlink:href="../../c-ross_core_2015-12-31.xsd#c-ross_OverseasAssetPriceRiskOverseasFixedIncomeInvestmentAssetsEmergingMarketsHeldByLookThroughMethodLineNumberAxis" xlink:label="PriceRiskOverseasFixedIncomeInvestmentAssetsEmergingMarketsSecuritiesHeldByLookThroughMethodLineNumberAxis" xlink:title="PriceRiskOverseasFixedIncomeInvestmentAssetsEmergingMarketsSecuritiesHeldByLookThroughMethodLineNumberAxis"/>
    <link:presentationArc xlink:type="arc" xlink:arcrole="http://www.xbrl.org/2003/arcrole/parent-child" xlink:from="PriceRiskOfOverseasFixedIncomeInvestmentAssetsDetailsTable" xlink:to="PriceRiskOverseasFixedIncomeInvestmentAssetsEmergingMarketsSecuritiesHeldByLookThroughMethodLineNumberAxis" xlink:title="presentation: PriceRiskOfOverseasFixedIncomeInvestmentAssetsDetailsTable to PriceRiskOverseasFixedIncomeInvestmentAssetsEmergingMarketsSecuritiesHeldByLookThroughMethodLineNumberAxis" use="optional" order="30.0" preferredLabel="http://www.xbrl.org/2003/role/terseLabel"/>
    <link:loc xlink:type="locator" xlink:href="../../c-ross_core_2015-12-31.xsd#c-ross_PriceRiskOfOverseasFixedIncomeInvestmentAssetsDetailsLineItems" xlink:label="PriceRiskOfOverseasFixedIncomeInvestmentAssetsDetailsLineItems" xlink:title="PriceRiskOfOverseasFixedIncomeInvestmentAssetsDetailsLineItems"/>
    <link:loc xlink:type="locator" xlink:href="../../c-ross_core_2015-12-31.xsd#c-ross_OverseasAssetPriceRiskOverseasFixedIncomeInvestmentAssetsAssetName" xlink:label="PriceRiskOverseasFixedIncomeInvestmentAssetsBondName" xlink:title="PriceRiskOverseasFixedIncomeInvestmentAssetsBondName"/>
    <link:presentationArc xlink:type="arc" xlink:arcrole="http://www.xbrl.org/2003/arcrole/parent-child" xlink:from="PriceRiskOfOverseasFixedIncomeInvestmentAssetsDetailsLineItems" xlink:to="PriceRiskOverseasFixedIncomeInvestmentAssetsBondName" xlink:title="presentation: PriceRiskOfOverseasFixedIncomeInvestmentAssetsDetailsLineItems to PriceRiskOverseasFixedIncomeInvestmentAssetsBondName" use="optional" order="10.0" preferredLabel="http://www.xbrl.org/2003/role/terseLabel"/>
    <link:loc xlink:type="locator" xlink:href="../../c-ross_core_2015-12-31.xsd#c-ross_OverseasAssetPriceRiskOverseasFixedIncomeInvestmentAssetsAdmittedValue" xlink:label="PriceRiskOverseasFixedIncomeInvestmentAssetsAdmittedValue" xlink:title="PriceRiskOverseasFixedIncomeInvestmentAssetsAdmittedValue"/>
    <link:presentationArc xlink:type="arc" xlink:arcrole="http://www.xbrl.org/2003/arcrole/parent-child" xlink:from="PriceRiskOfOverseasFixedIncomeInvestmentAssetsDetailsLineItems" xlink:to="PriceRiskOverseasFixedIncomeInvestmentAssetsAdmittedValue" xlink:title="presentation: PriceRiskOfOverseasFixedIncomeInvestmentAssetsDetailsLineItems to PriceRiskOverseasFixedIncomeInvestmentAssetsAdmittedValue" use="optional" order="30.0" preferredLabel="http://www.xbrl.org/2003/role/terseLabel"/>
    <link:loc xlink:type="locator" xlink:href="../../c-ross_core_2015-12-31.xsd#c-ross_OverseasAssetPriceRiskOverseasFixedIncomeInvestmentAssetsPurchaseCost" xlink:label="PriceRiskOverseasFixedIncomeInvestmentAssetsCost" xlink:title="PriceRiskOverseasFixedIncomeInvestmentAssetsCost"/>
    <link:presentationArc xlink:type="arc" xlink:arcrole="http://www.xbrl.org/2003/arcrole/parent-child" xlink:from="PriceRiskOfOverseasFixedIncomeInvestmentAssetsDetailsLineItems" xlink:to="PriceRiskOverseasFixedIncomeInvestmentAssetsCost" xlink:title="presentation: PriceRiskOfOverseasFixedIncomeInvestmentAssetsDetailsLineItems to PriceRiskOverseasFixedIncomeInvestmentAssetsCost" use="optional" order="20.0" preferredLabel="http://www.xbrl.org/2003/role/terseLabel"/>
    <link:loc xlink:type="locator" xlink:href="../../c-ross_core_2015-12-31.xsd#c-ross_OverseasAssetPriceRiskOverseasFixedIncomeInvestmentAssetsRiskExposure" xlink:label="PriceRiskOverseasFixedIncomeInvestmentAssetsRiskExposure" xlink:title="PriceRiskOverseasFixedIncomeInvestmentAssetsRiskExposure"/>
    <link:presentationArc xlink:type="arc" xlink:arcrole="http://www.xbrl.org/2003/arcrole/parent-child" xlink:from="PriceRiskOfOverseasFixedIncomeInvestmentAssetsDetailsLineItems" xlink:to="PriceRiskOverseasFixedIncomeInvestmentAssetsRiskExposure" xlink:title="presentation: PriceRiskOfOverseasFixedIncomeInvestmentAssetsDetailsLineItems to PriceRiskOverseasFixedIncomeInvestmentAssetsRiskExposure" use="optional" order="40.0" preferredLabel="http://www.xbrl.org/2003/role/terseLabel"/>
    <link:loc xlink:type="locator" xlink:href="../../c-ross_core_2015-12-31.xsd#c-ross_OverseasAssetPriceRiskOverseasFixedIncomeInvestmentAssetsBaseRiskFactor" xlink:label="PriceRiskOverseasFixedIncomeInvestmentAssetsBaseRiskFactor" xlink:title="PriceRiskOverseasFixedIncomeInvestmentAssetsBaseRiskFactor"/>
    <link:presentationArc xlink:type="arc" xlink:arcrole="http://www.xbrl.org/2003/arcrole/parent-child" xlink:from="PriceRiskOfOverseasFixedIncomeInvestmentAssetsDetailsLineItems" xlink:to="PriceRiskOverseasFixedIncomeInvestmentAssetsBaseRiskFactor" xlink:title="presentation: PriceRiskOfOverseasFixedIncomeInvestmentAssetsDetailsLineItems to PriceRiskOverseasFixedIncomeInvestmentAssetsBaseRiskFactor" use="optional" order="50.0" preferredLabel="http://www.xbrl.org/2003/role/terseLabel"/>
    <link:loc xlink:type="locator" xlink:href="../../c-ross_core_2015-12-31.xsd#c-ross_MarketRiskMinimumCapitalForOverseasFixedIncomeInvestmentAssetsPriceRisk" xlink:label="MarketRiskMinimumCapitalForOverseasFixedIncomeInvestmentAssetsPriceRisk" xlink:title="MarketRiskMinimumCapitalForOverseasFixedIncomeInvestmentAssetsPriceRisk"/>
    <link:presentationArc xlink:type="arc" xlink:arcrole="http://www.xbrl.org/2003/arcrole/parent-child" xlink:from="PriceRiskOfOverseasFixedIncomeInvestmentAssetsDetailsLineItems" xlink:to="MarketRiskMinimumCapitalForOverseasFixedIncomeInvestmentAssetsPriceRisk" xlink:title="presentation: PriceRiskOfOverseasFixedIncomeInvestmentAssetsDetailsLineItems to MarketRiskMinimumCapitalForOverseasFixedIncomeInvestmentAssetsPriceRisk" use="optional" order="60.0" preferredLabel="http://www.xbrl.org/2003/role/terseLabel"/>
    <link:loc xlink:type="locator" xlink:href="../../c-ross_core_2015-12-31.xsd#c-ross_PriceRiskOfOverseasFixedIncomeInvestmentAssetsEmergingMarketsHeldByLookThroughMethodDetailsAbstract" xlink:label="PriceRiskOfOverseasFixedIncomeInvestmentAssetsEmergingMarketsBondHeldByLookThroughMethodDetailsAbstract" xlink:title="PriceRiskOfOverseasFixedIncomeInvestmentAssetsEmergingMarketsBondHeldByLookThroughMethodDetailsAbstract"/>
    <link:presentationArc xlink:type="arc" xlink:arcrole="http://www.xbrl.org/2003/arcrole/parent-child" xlink:from="PriceRiskOfOverseasFixedIncomeInvestmentAssetsEmergingMarketsBondHeldByLookThroughMethodDetailsAbstract" xlink:to="PriceRiskOfOverseasFixedIncomeInvestmentAssetsDetailsTable" xlink:title="presentation: PriceRiskOfOverseasFixedIncomeInvestmentAssetsEmergingMarketsBondHeldByLookThroughMethodDetailsAbstract to PriceRiskOfOverseasFixedIncomeInvestmentAssetsDetailsTable" use="optional" order="10.0" preferredLabel="http://www.xbrl.org/2003/role/label"/>
    <link:presentationArc xlink:type="arc" xlink:arcrole="http://www.xbrl.org/2003/arcrole/parent-child" xlink:from="PriceRiskOfOverseasFixedIncomeInvestmentAssetsEmergingMarketsBondHeldByLookThroughMethodDetailsAbstract" xlink:to="PriceRiskOfOverseasFixedIncomeInvestmentAssetsDetailsLineItems" xlink:title="presentation: PriceRiskOfOverseasFixedIncomeInvestmentAssetsEmergingMarketsBondHeldByLookThroughMethodDetailsAbstract to PriceRiskOfOverseasFixedIncomeInvestmentAssetsDetailsLineItems" use="optional" order="20.0" preferredLabel="http://www.xbrl.org/2003/role/label"/>
  </link:presentationLink>
</link:linkbase>
