<?xml version="1.0" encoding="UTF-8"?>

<!--
	Taxonomy: 2015-12-31 (Final)
	**********************
	Copyright © 2015 China Insurance Regulatory Commission.
	All rights reserved.  No part of this publication may be translated, reprinted or reproduced
	or utilised in any form either in whole or in part without prior permission in writing from China Insurance Regulatory Commission.
	  **********************
	-->
<link:linkbase xmlns:xsi="http://www.w3.org/2001/XMLSchema-instance" xsi:schemaLocation="http://www.xbrl.org/2003/linkbase http://www.xbrl.org/2003/xbrl-linkbase-2003-12-31.xsd" xmlns:c-ross="http://xbrl.circ.gov.cn/taxonomy/2015-12-31/c-ross" xmlns:link="http://www.xbrl.org/2003/linkbase" xmlns:q_s_pc_entry_point="http://xbrl.circ.gov.cn/taxonomy/2015-12-31/c-ross/q_s_pc_entry_point" xmlns:xlink="http://www.w3.org/1999/xlink" xmlns:xbrli="http://www.xbrl.org/2003/instance">
  <link:roleRef roleURI="http://www.xbrl.org/2009/role/netLabel" xlink:type="simple" xlink:href="http://www.xbrl.org/lrr/role/net-2009-12-16.xsd#netLabel"/>
  <link:roleRef roleURI="http://xbrl.circ.gov.cn/role/c-ross_2015-12-31_role-3160800" xlink:type="simple" xlink:href="rol_c-ross_7_2015-12-31.xsd#c-ross_2015-12-31-3160800"/>
  <link:roleRef roleURI="http://xbrl.circ.gov.cn/role/c-ross_2015-12-31_role-3160800a" xlink:type="simple" xlink:href="rol_c-ross_7_2015-12-31.xsd#c-ross_2015-12-31-3160800a"/>
  <link:presentationLink xlink:type="extended" xlink:role="http://xbrl.circ.gov.cn/role/c-ross_2015-12-31_role-3160800">
    <link:loc xlink:type="locator" xlink:href="../../c-ross_core_2015-12-31.xsd#c-ross_InterestRateRiskOtherFixedIncomeProductsAbstract" xlink:label="InterestRateRiskOtherFixedIncomeProductsAbstract" xlink:title="InterestRateRiskOtherFixedIncomeProductsAbstract"/>
    <link:loc xlink:type="locator" xlink:href="../../c-ross_core_2015-12-31.xsd#c-ross_InterestRateRiskOtherFixedIncomeProductsAssetName" xlink:label="InterestRateRiskOtherFixedIncomeProductsAssetName" xlink:title="InterestRateRiskOtherFixedIncomeProductsAssetName"/>
    <link:presentationArc xlink:type="arc" xlink:arcrole="http://www.xbrl.org/2003/arcrole/parent-child" xlink:from="InterestRateRiskOtherFixedIncomeProductsAbstract" xlink:to="InterestRateRiskOtherFixedIncomeProductsAssetName" xlink:title="presentation: InterestRateRiskOtherFixedIncomeProductsAbstract to InterestRateRiskOtherFixedIncomeProductsAssetName" use="optional" order="10.0" preferredLabel="http://www.xbrl.org/2003/role/terseLabel"/>
    <link:loc xlink:type="locator" xlink:href="../../c-ross_core_2015-12-31.xsd#c-ross_InterestRateRiskOtherFixedIncomeProductsModifiedDuration" xlink:label="InterestRateRiskOtherFixedIncomeProductsModifiedDuration" xlink:title="InterestRateRiskOtherFixedIncomeProductsModifiedDuration"/>
    <link:presentationArc xlink:type="arc" xlink:arcrole="http://www.xbrl.org/2003/arcrole/parent-child" xlink:from="InterestRateRiskOtherFixedIncomeProductsAbstract" xlink:to="InterestRateRiskOtherFixedIncomeProductsModifiedDuration" xlink:title="presentation: InterestRateRiskOtherFixedIncomeProductsAbstract to InterestRateRiskOtherFixedIncomeProductsModifiedDuration" use="optional" order="20.0" preferredLabel="http://www.xbrl.org/2003/role/terseLabel"/>
    <link:loc xlink:type="locator" xlink:href="../../c-ross_core_2015-12-31.xsd#c-ross_InterestRateRiskOtherFixedIncomeProductsAdmittedValue" xlink:label="InterestRateRiskOtherFixedIncomeProductsAdmittedValue" xlink:title="InterestRateRiskOtherFixedIncomeProductsAdmittedValue"/>
    <link:presentationArc xlink:type="arc" xlink:arcrole="http://www.xbrl.org/2003/arcrole/parent-child" xlink:from="InterestRateRiskOtherFixedIncomeProductsAbstract" xlink:to="InterestRateRiskOtherFixedIncomeProductsAdmittedValue" xlink:title="presentation: InterestRateRiskOtherFixedIncomeProductsAbstract to InterestRateRiskOtherFixedIncomeProductsAdmittedValue" use="optional" order="30.0" preferredLabel="http://www.xbrl.org/2003/role/terseLabel"/>
    <link:loc xlink:type="locator" xlink:href="../../c-ross_core_2015-12-31.xsd#c-ross_InterestRateRiskOtherFixedIncomeProductsRiskExposure" xlink:label="InterestRateRiskOtherFixedIncomeProductsRiskExposure" xlink:title="InterestRateRiskOtherFixedIncomeProductsRiskExposure"/>
    <link:presentationArc xlink:type="arc" xlink:arcrole="http://www.xbrl.org/2003/arcrole/parent-child" xlink:from="InterestRateRiskOtherFixedIncomeProductsAbstract" xlink:to="InterestRateRiskOtherFixedIncomeProductsRiskExposure" xlink:title="presentation: InterestRateRiskOtherFixedIncomeProductsAbstract to InterestRateRiskOtherFixedIncomeProductsRiskExposure" use="optional" order="40.0" preferredLabel="http://www.xbrl.org/2003/role/terseLabel"/>
    <link:loc xlink:type="locator" xlink:href="../../c-ross_core_2015-12-31.xsd#c-ross_InterestRateRiskOtherFixedIncomeProductsBaseRiskFactor" xlink:label="InterestRateRiskOtherFixedIncomeProductsBaseRiskFactor" xlink:title="InterestRateRiskOtherFixedIncomeProductsBaseRiskFactor"/>
    <link:presentationArc xlink:type="arc" xlink:arcrole="http://www.xbrl.org/2003/arcrole/parent-child" xlink:from="InterestRateRiskOtherFixedIncomeProductsAbstract" xlink:to="InterestRateRiskOtherFixedIncomeProductsBaseRiskFactor" xlink:title="presentation: InterestRateRiskOtherFixedIncomeProductsAbstract to InterestRateRiskOtherFixedIncomeProductsBaseRiskFactor" use="optional" order="50.0" preferredLabel="http://www.xbrl.org/2003/role/terseLabel"/>
    <link:loc xlink:type="locator" xlink:href="../../c-ross_core_2015-12-31.xsd#c-ross_InterestRateRiskOtherFixedIncomeProductsMinimumCapital" xlink:label="InterestRateRiskOtherFixedIncomeProductsMinimumCapital" xlink:title="InterestRateRiskOtherFixedIncomeProductsMinimumCapital"/>
    <link:presentationArc xlink:type="arc" xlink:arcrole="http://www.xbrl.org/2003/arcrole/parent-child" xlink:from="InterestRateRiskOtherFixedIncomeProductsAbstract" xlink:to="InterestRateRiskOtherFixedIncomeProductsMinimumCapital" xlink:title="presentation: InterestRateRiskOtherFixedIncomeProductsAbstract to InterestRateRiskOtherFixedIncomeProductsMinimumCapital" use="optional" order="60.0" preferredLabel="http://www.xbrl.org/2003/role/terseLabel"/>
  </link:presentationLink>
  <link:presentationLink xlink:type="extended" xlink:role="http://xbrl.circ.gov.cn/role/c-ross_2015-12-31_role-3160800a">
    <link:loc xlink:type="locator" xlink:href="../../c-ross_core_2015-12-31.xsd#c-ross_InterestRateRiskOtherFixedIncomeProductsDetailsAbstract" xlink:label="InterestRateRiskOtherFixedIncomeProductsDetailsAbstract" xlink:title="InterestRateRiskOtherFixedIncomeProductsDetailsAbstract"/>
    <link:loc xlink:type="locator" xlink:href="../../c-ross_core_2015-12-31.xsd#c-ross_InterestRateRiskOtherFixedIncomeProductsTable" xlink:label="InterestRateRiskOtherFixedIncomeProductsTable" xlink:title="InterestRateRiskOtherFixedIncomeProductsTable"/>
    <link:presentationArc xlink:type="arc" xlink:arcrole="http://www.xbrl.org/2003/arcrole/parent-child" xlink:from="InterestRateRiskOtherFixedIncomeProductsDetailsAbstract" xlink:to="InterestRateRiskOtherFixedIncomeProductsTable" xlink:title="presentation: InterestRateRiskOtherFixedIncomeProductsDetailsAbstract to InterestRateRiskOtherFixedIncomeProductsTable" use="optional" order="10.0" preferredLabel="http://www.xbrl.org/2003/role/label"/>
    <link:loc xlink:type="locator" xlink:href="../../c-ross_core_2015-12-31.xsd#c-ross_InterestRateRiskOtherFixedIncomeProductsLineNumberAxis" xlink:label="InterestRateRiskOtherFixedIncomeProductsLineNumberAxis" xlink:title="InterestRateRiskOtherFixedIncomeProductsLineNumberAxis"/>
    <link:presentationArc xlink:type="arc" xlink:arcrole="http://www.xbrl.org/2003/arcrole/parent-child" xlink:from="InterestRateRiskOtherFixedIncomeProductsTable" xlink:to="InterestRateRiskOtherFixedIncomeProductsLineNumberAxis" xlink:title="presentation: InterestRateRiskOtherFixedIncomeProductsTable to InterestRateRiskOtherFixedIncomeProductsLineNumberAxis" use="optional" order="10.0" preferredLabel="http://www.xbrl.org/2003/role/terseLabel"/>
    <link:loc xlink:type="locator" xlink:href="../../c-ross_core_2015-12-31.xsd#c-ross_InterestRateRiskOtherFixedIncomeProductsLineItems" xlink:label="InterestRateRiskOtherFixedIncomeProductsLineItems" xlink:title="InterestRateRiskOtherFixedIncomeProductsLineItems"/>
    <link:presentationArc xlink:type="arc" xlink:arcrole="http://www.xbrl.org/2003/arcrole/parent-child" xlink:from="InterestRateRiskOtherFixedIncomeProductsDetailsAbstract" xlink:to="InterestRateRiskOtherFixedIncomeProductsLineItems" xlink:title="presentation: InterestRateRiskOtherFixedIncomeProductsDetailsAbstract to InterestRateRiskOtherFixedIncomeProductsLineItems" use="optional" order="20.0" preferredLabel="http://www.xbrl.org/2003/role/label"/>
    <link:loc xlink:type="locator" xlink:href="../../c-ross_core_2015-12-31.xsd#c-ross_InterestRateRiskOtherFixedIncomeProductsAssetName" xlink:label="InterestRateRiskOtherFixedIncomeProductsAssetName" xlink:title="InterestRateRiskOtherFixedIncomeProductsAssetName"/>
    <link:presentationArc xlink:type="arc" xlink:arcrole="http://www.xbrl.org/2003/arcrole/parent-child" xlink:from="InterestRateRiskOtherFixedIncomeProductsLineItems" xlink:to="InterestRateRiskOtherFixedIncomeProductsAssetName" xlink:title="presentation: InterestRateRiskOtherFixedIncomeProductsLineItems to InterestRateRiskOtherFixedIncomeProductsAssetName" use="optional" order="10.0" preferredLabel="http://www.xbrl.org/2003/role/terseLabel"/>
    <link:loc xlink:type="locator" xlink:href="../../c-ross_core_2015-12-31.xsd#c-ross_InterestRateRiskOtherFixedIncomeProductsModifiedDuration" xlink:label="InterestRateRiskOtherFixedIncomeProductsModifiedDuration" xlink:title="InterestRateRiskOtherFixedIncomeProductsModifiedDuration"/>
    <link:presentationArc xlink:type="arc" xlink:arcrole="http://www.xbrl.org/2003/arcrole/parent-child" xlink:from="InterestRateRiskOtherFixedIncomeProductsLineItems" xlink:to="InterestRateRiskOtherFixedIncomeProductsModifiedDuration" xlink:title="presentation: InterestRateRiskOtherFixedIncomeProductsLineItems to InterestRateRiskOtherFixedIncomeProductsModifiedDuration" use="optional" order="20.0" preferredLabel="http://www.xbrl.org/2003/role/terseLabel"/>
    <link:loc xlink:type="locator" xlink:href="../../c-ross_core_2015-12-31.xsd#c-ross_InterestRateRiskOtherFixedIncomeProductsAdmittedValue" xlink:label="InterestRateRiskOtherFixedIncomeProductsAdmittedValue" xlink:title="InterestRateRiskOtherFixedIncomeProductsAdmittedValue"/>
    <link:presentationArc xlink:type="arc" xlink:arcrole="http://www.xbrl.org/2003/arcrole/parent-child" xlink:from="InterestRateRiskOtherFixedIncomeProductsLineItems" xlink:to="InterestRateRiskOtherFixedIncomeProductsAdmittedValue" xlink:title="presentation: InterestRateRiskOtherFixedIncomeProductsLineItems to InterestRateRiskOtherFixedIncomeProductsAdmittedValue" use="optional" order="30.0" preferredLabel="http://www.xbrl.org/2003/role/terseLabel"/>
    <link:loc xlink:type="locator" xlink:href="../../c-ross_core_2015-12-31.xsd#c-ross_InterestRateRiskOtherFixedIncomeProductsRiskExposure" xlink:label="InterestRateRiskOtherFixedIncomeProductsRiskExposure" xlink:title="InterestRateRiskOtherFixedIncomeProductsRiskExposure"/>
    <link:presentationArc xlink:type="arc" xlink:arcrole="http://www.xbrl.org/2003/arcrole/parent-child" xlink:from="InterestRateRiskOtherFixedIncomeProductsLineItems" xlink:to="InterestRateRiskOtherFixedIncomeProductsRiskExposure" xlink:title="presentation: InterestRateRiskOtherFixedIncomeProductsLineItems to InterestRateRiskOtherFixedIncomeProductsRiskExposure" use="optional" order="40.0" preferredLabel="http://www.xbrl.org/2003/role/terseLabel"/>
    <link:loc xlink:type="locator" xlink:href="../../c-ross_core_2015-12-31.xsd#c-ross_InterestRateRiskOtherFixedIncomeProductsBaseRiskFactor" xlink:label="InterestRateRiskOtherFixedIncomeProductsBaseRiskFactor" xlink:title="InterestRateRiskOtherFixedIncomeProductsBaseRiskFactor"/>
    <link:presentationArc xlink:type="arc" xlink:arcrole="http://www.xbrl.org/2003/arcrole/parent-child" xlink:from="InterestRateRiskOtherFixedIncomeProductsLineItems" xlink:to="InterestRateRiskOtherFixedIncomeProductsBaseRiskFactor" xlink:title="presentation: InterestRateRiskOtherFixedIncomeProductsLineItems to InterestRateRiskOtherFixedIncomeProductsBaseRiskFactor" use="optional" order="50.0" preferredLabel="http://www.xbrl.org/2003/role/terseLabel"/>
    <link:loc xlink:type="locator" xlink:href="../../c-ross_core_2015-12-31.xsd#c-ross_InterestRateRiskOtherFixedIncomeProductsMinimumCapital" xlink:label="InterestRateRiskOtherFixedIncomeProductsMinimumCapital" xlink:title="InterestRateRiskOtherFixedIncomeProductsMinimumCapital"/>
    <link:presentationArc xlink:type="arc" xlink:arcrole="http://www.xbrl.org/2003/arcrole/parent-child" xlink:from="InterestRateRiskOtherFixedIncomeProductsLineItems" xlink:to="InterestRateRiskOtherFixedIncomeProductsMinimumCapital" xlink:title="presentation: InterestRateRiskOtherFixedIncomeProductsLineItems to InterestRateRiskOtherFixedIncomeProductsMinimumCapital" use="optional" order="60.0" preferredLabel="http://www.xbrl.org/2003/role/terseLabel"/>
  </link:presentationLink>
</link:linkbase>
