<?xml version="1.0" encoding="UTF-8"?>

<!--
	Taxonomy: 2015-12-31 (Final)
	**********************
	Copyright © 2015 China Insurance Regulatory Commission.
	All rights reserved.  No part of this publication may be translated, reprinted or reproduced
	or utilised in any form either in whole or in part without prior permission in writing from China Insurance Regulatory Commission.
	  **********************
	-->
<link:linkbase xmlns:xsi="http://www.w3.org/2001/XMLSchema-instance" xsi:schemaLocation="http://www.xbrl.org/2003/linkbase http://www.xbrl.org/2003/xbrl-linkbase-2003-12-31.xsd" xmlns:c-ross="http://xbrl.circ.gov.cn/taxonomy/2015-12-31/c-ross" xmlns:link="http://www.xbrl.org/2003/linkbase" xmlns:q_s_pc_entry_point="http://xbrl.circ.gov.cn/taxonomy/2015-12-31/c-ross/q_s_pc_entry_point" xmlns:xlink="http://www.w3.org/1999/xlink" xmlns:xbrli="http://www.xbrl.org/2003/instance">
  <link:roleRef roleURI="http://www.xbrl.org/2009/role/netLabel" xlink:type="simple" xlink:href="http://www.xbrl.org/lrr/role/net-2009-12-16.xsd#netLabel"/>
  <link:roleRef roleURI="http://xbrl.circ.gov.cn/role/c-ross_2015-12-31_role-3162300" xlink:type="simple" xlink:href="rol_c-ross_7_2015-12-31.xsd#c-ross_2015-12-31-3162300"/>
  <link:roleRef roleURI="http://xbrl.circ.gov.cn/role/c-ross_2015-12-31_role-3162300a" xlink:type="simple" xlink:href="rol_c-ross_7_2015-12-31.xsd#c-ross_2015-12-31-3162300a"/>
  <link:roleRef roleURI="http://xbrl.circ.gov.cn/role/c-ross_2015-12-31_role-3162300b" xlink:type="simple" xlink:href="rol_c-ross_7_2015-12-31.xsd#c-ross_2015-12-31-3162300b"/>
  <link:roleRef roleURI="http://xbrl.circ.gov.cn/role/c-ross_2015-12-31_role-3162300c" xlink:type="simple" xlink:href="rol_c-ross_7_2015-12-31.xsd#c-ross_2015-12-31-3162300c"/>
  <link:roleRef roleURI="http://xbrl.circ.gov.cn/role/c-ross_2015-12-31_role-3162300d" xlink:type="simple" xlink:href="rol_c-ross_7_2015-12-31.xsd#c-ross_2015-12-31-3162300d"/>
  <link:presentationLink xlink:type="extended" xlink:role="http://xbrl.circ.gov.cn/role/c-ross_2015-12-31_role-3162300">
    <link:loc xlink:type="locator" xlink:href="../../c-ross_core_2015-12-31.xsd#c-ross_TypesOfAssetsHeldMember" xlink:label="TypesOfAssetsHeldMember" xlink:title="TypesOfAssetsHeldMember"/>
    <link:loc xlink:type="locator" xlink:href="../../c-ross_core_2015-12-31.xsd#c-ross_HeldByCompanyDirectlyMember" xlink:label="HeldByCompanyDirectlyMember" xlink:title="HeldByCompanyDirectlyMember"/>
    <link:presentationArc xlink:type="arc" xlink:arcrole="http://www.xbrl.org/2003/arcrole/parent-child" xlink:from="TypesOfAssetsHeldMember" xlink:to="HeldByCompanyDirectlyMember" xlink:title="presentation: TypesOfAssetsHeldMember to HeldByCompanyDirectlyMember" use="optional" order="10.0" preferredLabel="http://www.xbrl.org/2003/role/label"/>
    <link:loc xlink:type="locator" xlink:href="../../c-ross_core_2015-12-31.xsd#c-ross_PropertyPriceRiskInvestmentPropertyHeldByCompanyDirectlyAbstract" xlink:label="AssetRiskOfPropertyPriceRiskDetailsAbstract" xlink:title="AssetRiskOfPropertyPriceRiskDetailsAbstract"/>
    <link:loc xlink:type="locator" xlink:href="../../c-ross_core_2015-12-31.xsd#c-ross_PropertyPriceRiskInvestmentPropertyTable" xlink:label="AssetRiskOfPropertyPriceRiskDetailsTable" xlink:title="AssetRiskOfPropertyPriceRiskDetailsTable"/>
    <link:presentationArc xlink:type="arc" xlink:arcrole="http://www.xbrl.org/2003/arcrole/parent-child" xlink:from="AssetRiskOfPropertyPriceRiskDetailsAbstract" xlink:to="AssetRiskOfPropertyPriceRiskDetailsTable" xlink:title="presentation: AssetRiskOfPropertyPriceRiskDetailsAbstract to AssetRiskOfPropertyPriceRiskDetailsTable" use="optional" order="10.0" preferredLabel="http://www.xbrl.org/2003/role/label"/>
    <link:loc xlink:type="locator" xlink:href="../../c-ross_core_2015-12-31.xsd#c-ross_TypesOfInvestmentPropertyHeldAxis" xlink:label="TypesOfInvestmentPropertyHeldAxis" xlink:title="TypesOfInvestmentPropertyHeldAxis"/>
    <link:presentationArc xlink:type="arc" xlink:arcrole="http://www.xbrl.org/2003/arcrole/parent-child" xlink:from="AssetRiskOfPropertyPriceRiskDetailsTable" xlink:to="TypesOfInvestmentPropertyHeldAxis" xlink:title="presentation: AssetRiskOfPropertyPriceRiskDetailsTable to TypesOfInvestmentPropertyHeldAxis" use="optional" order="10.0" preferredLabel="http://www.xbrl.org/2003/role/label"/>
    <link:presentationArc xlink:type="arc" xlink:arcrole="http://www.xbrl.org/2003/arcrole/parent-child" xlink:from="TypesOfInvestmentPropertyHeldAxis" xlink:to="TypesOfAssetsHeldMember" xlink:title="presentation: TypesOfInvestmentPropertyHeldAxis to TypesOfAssetsHeldMember" use="optional" order="10.0" preferredLabel="http://www.xbrl.org/2003/role/label"/>
    <link:loc xlink:type="locator" xlink:href="../../c-ross_core_2015-12-31.xsd#c-ross_FormsOfInvestmentPropertyHeldAxis" xlink:label="FormsOfInvestmentPropertyHeldAxis" xlink:title="FormsOfInvestmentPropertyHeldAxis"/>
    <link:presentationArc xlink:type="arc" xlink:arcrole="http://www.xbrl.org/2003/arcrole/parent-child" xlink:from="AssetRiskOfPropertyPriceRiskDetailsTable" xlink:to="FormsOfInvestmentPropertyHeldAxis" xlink:title="presentation: AssetRiskOfPropertyPriceRiskDetailsTable to FormsOfInvestmentPropertyHeldAxis" use="optional" order="20.0" preferredLabel="http://www.xbrl.org/2003/role/label"/>
    <link:loc xlink:type="locator" xlink:href="../../c-ross_core_2015-12-31.xsd#c-ross_FormsOfInvestmentPropertyHeldMember" xlink:label="FormsOfInvestmentPropertyHeldMember" xlink:title="FormsOfInvestmentPropertyHeldMember"/>
    <link:presentationArc xlink:type="arc" xlink:arcrole="http://www.xbrl.org/2003/arcrole/parent-child" xlink:from="FormsOfInvestmentPropertyHeldAxis" xlink:to="FormsOfInvestmentPropertyHeldMember" xlink:title="presentation: FormsOfInvestmentPropertyHeldAxis to FormsOfInvestmentPropertyHeldMember" use="optional" order="10.0" preferredLabel="http://www.xbrl.org/2003/role/label"/>
    <link:loc xlink:type="locator" xlink:href="../../c-ross_core_2015-12-31.xsd#c-ross_InvestmentPropertyHeldAsRealPropertyMember" xlink:label="InvestmentPropertyHeldAsRealPropertyMember" xlink:title="InvestmentPropertyHeldAsRealPropertyMember"/>
    <link:presentationArc xlink:type="arc" xlink:arcrole="http://www.xbrl.org/2003/arcrole/parent-child" xlink:from="FormsOfInvestmentPropertyHeldMember" xlink:to="InvestmentPropertyHeldAsRealPropertyMember" xlink:title="presentation: FormsOfInvestmentPropertyHeldMember to InvestmentPropertyHeldAsRealPropertyMember" use="optional" order="10.0" preferredLabel="http://www.xbrl.org/2003/role/label"/>
    <link:loc xlink:type="locator" xlink:href="../../c-ross_core_2015-12-31.xsd#c-ross_InvestmentPropertyHeldThroughProjectCompanyMember" xlink:label="InvestmentPropertyHeldThroughProjectCompanyMember" xlink:title="InvestmentPropertyHeldThroughProjectCompanyMember"/>
    <link:presentationArc xlink:type="arc" xlink:arcrole="http://www.xbrl.org/2003/arcrole/parent-child" xlink:from="FormsOfInvestmentPropertyHeldMember" xlink:to="InvestmentPropertyHeldThroughProjectCompanyMember" xlink:title="presentation: FormsOfInvestmentPropertyHeldMember to InvestmentPropertyHeldThroughProjectCompanyMember" use="optional" order="20.0" preferredLabel="http://www.xbrl.org/2003/role/label"/>
    <link:loc xlink:type="locator" xlink:href="../../c-ross_core_2015-12-31.xsd#c-ross_AccountingMethodOfInvestmentPropertyAxis" xlink:label="AccountingMethodOfInvestmentPropertyAxis" xlink:title="AccountingMethodOfInvestmentPropertyAxis"/>
    <link:presentationArc xlink:type="arc" xlink:arcrole="http://www.xbrl.org/2003/arcrole/parent-child" xlink:from="AssetRiskOfPropertyPriceRiskDetailsTable" xlink:to="AccountingMethodOfInvestmentPropertyAxis" xlink:title="presentation: AssetRiskOfPropertyPriceRiskDetailsTable to AccountingMethodOfInvestmentPropertyAxis" use="optional" order="30.0" preferredLabel="http://www.xbrl.org/2003/role/label"/>
    <link:loc xlink:type="locator" xlink:href="../../c-ross_core_2015-12-31.xsd#c-ross_AccountingMethodOfInvestmentPropertyMember" xlink:label="AccountingMethodOfInvestmentPropertyMember" xlink:title="AccountingMethodOfInvestmentPropertyMember"/>
    <link:presentationArc xlink:type="arc" xlink:arcrole="http://www.xbrl.org/2003/arcrole/parent-child" xlink:from="AccountingMethodOfInvestmentPropertyAxis" xlink:to="AccountingMethodOfInvestmentPropertyMember" xlink:title="presentation: AccountingMethodOfInvestmentPropertyAxis to AccountingMethodOfInvestmentPropertyMember" use="optional" order="10.0" preferredLabel="http://www.xbrl.org/2003/role/label"/>
    <link:loc xlink:type="locator" xlink:href="../../c-ross_core_2015-12-31.xsd#c-ross_CostMethodMember" xlink:label="CostMethodMember" xlink:title="CostMethodMember"/>
    <link:presentationArc xlink:type="arc" xlink:arcrole="http://www.xbrl.org/2003/arcrole/parent-child" xlink:from="AccountingMethodOfInvestmentPropertyMember" xlink:to="CostMethodMember" xlink:title="presentation: AccountingMethodOfInvestmentPropertyMember to CostMethodMember" use="optional" order="10.0" preferredLabel="http://www.xbrl.org/2003/role/label"/>
    <link:loc xlink:type="locator" xlink:href="../../c-ross_core_2015-12-31.xsd#c-ross_FairValueMethodMember" xlink:label="FairValueMethodMember" xlink:title="FairValueMethodMember"/>
    <link:presentationArc xlink:type="arc" xlink:arcrole="http://www.xbrl.org/2003/arcrole/parent-child" xlink:from="AccountingMethodOfInvestmentPropertyMember" xlink:to="FairValueMethodMember" xlink:title="presentation: AccountingMethodOfInvestmentPropertyMember to FairValueMethodMember" use="optional" order="20.0" preferredLabel="http://www.xbrl.org/2003/role/label"/>
    <link:loc xlink:type="locator" xlink:href="../../c-ross_core_2015-12-31.xsd#c-ross_PropertyPriceRiskInvestmentPropertyLineItems" xlink:label="AssetRiskOfPropertyPriceRiskDetailsLineItems" xlink:title="AssetRiskOfPropertyPriceRiskDetailsLineItems"/>
    <link:presentationArc xlink:type="arc" xlink:arcrole="http://www.xbrl.org/2003/arcrole/parent-child" xlink:from="AssetRiskOfPropertyPriceRiskDetailsAbstract" xlink:to="AssetRiskOfPropertyPriceRiskDetailsLineItems" xlink:title="presentation: AssetRiskOfPropertyPriceRiskDetailsAbstract to AssetRiskOfPropertyPriceRiskDetailsLineItems" use="optional" order="20.0" preferredLabel="http://www.xbrl.org/2003/role/label"/>
    <link:loc xlink:type="locator" xlink:href="../../c-ross_core_2015-12-31.xsd#c-ross_PropertyPriceRiskInvestmentPropertyAssetDetails" xlink:label="PriceRiskInvestmentPropertyAssetDetails" xlink:title="PriceRiskInvestmentPropertyAssetDetails"/>
    <link:presentationArc xlink:type="arc" xlink:arcrole="http://www.xbrl.org/2003/arcrole/parent-child" xlink:from="AssetRiskOfPropertyPriceRiskDetailsLineItems" xlink:to="PriceRiskInvestmentPropertyAssetDetails" xlink:title="presentation: AssetRiskOfPropertyPriceRiskDetailsLineItems to PriceRiskInvestmentPropertyAssetDetails" use="optional" order="10.0" preferredLabel="http://www.xbrl.org/2003/role/terseLabel"/>
    <link:loc xlink:type="locator" xlink:href="../../c-ross_core_2015-12-31.xsd#c-ross_PropertyPriceRiskInvestmentPropertyPurchaseCost" xlink:label="PriceRiskInvestmentPropertyPurchaseCost" xlink:title="PriceRiskInvestmentPropertyPurchaseCost"/>
    <link:presentationArc xlink:type="arc" xlink:arcrole="http://www.xbrl.org/2003/arcrole/parent-child" xlink:from="AssetRiskOfPropertyPriceRiskDetailsLineItems" xlink:to="PriceRiskInvestmentPropertyPurchaseCost" xlink:title="presentation: AssetRiskOfPropertyPriceRiskDetailsLineItems to PriceRiskInvestmentPropertyPurchaseCost" use="optional" order="20.0" preferredLabel="http://www.xbrl.org/2003/role/terseLabel"/>
    <link:loc xlink:type="locator" xlink:href="../../c-ross_core_2015-12-31.xsd#c-ross_PropertyPriceRiskInvestmentPropertyLocation" xlink:label="PriceRiskInvestmentPropertyLocation" xlink:title="PriceRiskInvestmentPropertyLocation"/>
    <link:presentationArc xlink:type="arc" xlink:arcrole="http://www.xbrl.org/2003/arcrole/parent-child" xlink:from="AssetRiskOfPropertyPriceRiskDetailsLineItems" xlink:to="PriceRiskInvestmentPropertyLocation" xlink:title="presentation: AssetRiskOfPropertyPriceRiskDetailsLineItems to PriceRiskInvestmentPropertyLocation" use="optional" order="30.0" preferredLabel="http://www.xbrl.org/2003/role/terseLabel"/>
    <link:loc xlink:type="locator" xlink:href="../../c-ross_core_2015-12-31.xsd#c-ross_PropertyPriceRiskInvestmentPropertyAdmittedValue" xlink:label="PriceRiskInvestmentPropertyAdmittedValue" xlink:title="PriceRiskInvestmentPropertyAdmittedValue"/>
    <link:presentationArc xlink:type="arc" xlink:arcrole="http://www.xbrl.org/2003/arcrole/parent-child" xlink:from="AssetRiskOfPropertyPriceRiskDetailsLineItems" xlink:to="PriceRiskInvestmentPropertyAdmittedValue" xlink:title="presentation: AssetRiskOfPropertyPriceRiskDetailsLineItems to PriceRiskInvestmentPropertyAdmittedValue" use="optional" order="40.0" preferredLabel="http://www.xbrl.org/2003/role/terseLabel"/>
    <link:loc xlink:type="locator" xlink:href="../../c-ross_core_2015-12-31.xsd#c-ross_PropertyPriceRiskInvestmentPropertyRiskExposure" xlink:label="PriceRiskInvestmentPropertyRiskExposure" xlink:title="PriceRiskInvestmentPropertyRiskExposure"/>
    <link:presentationArc xlink:type="arc" xlink:arcrole="http://www.xbrl.org/2003/arcrole/parent-child" xlink:from="AssetRiskOfPropertyPriceRiskDetailsLineItems" xlink:to="PriceRiskInvestmentPropertyRiskExposure" xlink:title="presentation: AssetRiskOfPropertyPriceRiskDetailsLineItems to PriceRiskInvestmentPropertyRiskExposure" use="optional" order="50.0" preferredLabel="http://www.xbrl.org/2003/role/terseLabel"/>
    <link:loc xlink:type="locator" xlink:href="../../c-ross_core_2015-12-31.xsd#c-ross_PropertyPriceRiskInvestmentPropertyBaseRiskFactor" xlink:label="PriceRiskInvestmentPropertyBaseRiskFactor" xlink:title="PriceRiskInvestmentPropertyBaseRiskFactor"/>
    <link:presentationArc xlink:type="arc" xlink:arcrole="http://www.xbrl.org/2003/arcrole/parent-child" xlink:from="AssetRiskOfPropertyPriceRiskDetailsLineItems" xlink:to="PriceRiskInvestmentPropertyBaseRiskFactor" xlink:title="presentation: AssetRiskOfPropertyPriceRiskDetailsLineItems to PriceRiskInvestmentPropertyBaseRiskFactor" use="optional" order="60.0" preferredLabel="http://www.xbrl.org/2003/role/terseLabel"/>
    <link:loc xlink:type="locator" xlink:href="../../c-ross_core_2015-12-31.xsd#c-ross_PropertyPriceRiskInvestmentPropertyRiskFactorOne" xlink:label="PriceRiskInvestmentPropertyRiskFactorOne" xlink:title="PriceRiskInvestmentPropertyRiskFactorOne"/>
    <link:presentationArc xlink:type="arc" xlink:arcrole="http://www.xbrl.org/2003/arcrole/parent-child" xlink:from="AssetRiskOfPropertyPriceRiskDetailsLineItems" xlink:to="PriceRiskInvestmentPropertyRiskFactorOne" xlink:title="presentation: AssetRiskOfPropertyPriceRiskDetailsLineItems to PriceRiskInvestmentPropertyRiskFactorOne" use="optional" order="70.0" preferredLabel="http://www.xbrl.org/2003/role/terseLabel"/>
    <link:loc xlink:type="locator" xlink:href="../../c-ross_core_2015-12-31.xsd#c-ross_PropertyPriceRiskInvestmentPropertyRiskFactorTwo" xlink:label="PriceRiskInvestmentPropertyRiskFactorTwo" xlink:title="PriceRiskInvestmentPropertyRiskFactorTwo"/>
    <link:presentationArc xlink:type="arc" xlink:arcrole="http://www.xbrl.org/2003/arcrole/parent-child" xlink:from="AssetRiskOfPropertyPriceRiskDetailsLineItems" xlink:to="PriceRiskInvestmentPropertyRiskFactorTwo" xlink:title="presentation: AssetRiskOfPropertyPriceRiskDetailsLineItems to PriceRiskInvestmentPropertyRiskFactorTwo" use="optional" order="80.0" preferredLabel="http://www.xbrl.org/2003/role/terseLabel"/>
    <link:loc xlink:type="locator" xlink:href="../../c-ross_core_2015-12-31.xsd#c-ross_PropertyPriceRiskInvestmentPropertyRiskFactorThree" xlink:label="PriceRiskInvestmentPropertyRiskFactorThree" xlink:title="PriceRiskInvestmentPropertyRiskFactorThree"/>
    <link:presentationArc xlink:type="arc" xlink:arcrole="http://www.xbrl.org/2003/arcrole/parent-child" xlink:from="AssetRiskOfPropertyPriceRiskDetailsLineItems" xlink:to="PriceRiskInvestmentPropertyRiskFactorThree" xlink:title="presentation: AssetRiskOfPropertyPriceRiskDetailsLineItems to PriceRiskInvestmentPropertyRiskFactorThree" use="optional" order="90.0" preferredLabel="http://www.xbrl.org/2003/role/terseLabel"/>
    <link:loc xlink:type="locator" xlink:href="../../c-ross_core_2015-12-31.xsd#c-ross_MarketRiskMinimumCapitalForPropertyPriceRisk" xlink:label="MarketRiskMinimumCapitalForPropertyPriceRisk" xlink:title="MarketRiskMinimumCapitalForPropertyPriceRisk"/>
    <link:presentationArc xlink:type="arc" xlink:arcrole="http://www.xbrl.org/2003/arcrole/parent-child" xlink:from="AssetRiskOfPropertyPriceRiskDetailsLineItems" xlink:to="MarketRiskMinimumCapitalForPropertyPriceRisk" xlink:title="presentation: AssetRiskOfPropertyPriceRiskDetailsLineItems to MarketRiskMinimumCapitalForPropertyPriceRisk" use="optional" order="100.0" preferredLabel="http://www.xbrl.org/2003/role/terseLabel"/>
  </link:presentationLink>
  <link:presentationLink xlink:type="extended" xlink:role="http://xbrl.circ.gov.cn/role/c-ross_2015-12-31_role-3162300a">
    <link:loc xlink:type="locator" xlink:href="../../c-ross_core_2015-12-31.xsd#c-ross_TypesOfAssetsHeldMember" xlink:label="TypesOfAssetsHeldMember" xlink:title="TypesOfAssetsHeldMember"/>
    <link:loc xlink:type="locator" xlink:href="../../c-ross_core_2015-12-31.xsd#c-ross_HeldByCompanyDirectlyMember" xlink:label="HeldByCompanyDirectlyMember" xlink:title="HeldByCompanyDirectlyMember"/>
    <link:presentationArc xlink:type="arc" xlink:arcrole="http://www.xbrl.org/2003/arcrole/parent-child" xlink:from="TypesOfAssetsHeldMember" xlink:to="HeldByCompanyDirectlyMember" xlink:title="presentation: TypesOfAssetsHeldMember to HeldByCompanyDirectlyMember" use="optional" order="10.0" preferredLabel="http://www.xbrl.org/2003/role/label"/>
    <link:loc xlink:type="locator" xlink:href="../../c-ross_core_2015-12-31.xsd#c-ross_PropertyPriceRiskInvestmentPropertyTable" xlink:label="AssetRiskOfPropertyPriceRiskDetailsTable" xlink:title="AssetRiskOfPropertyPriceRiskDetailsTable"/>
    <link:loc xlink:type="locator" xlink:href="../../c-ross_core_2015-12-31.xsd#c-ross_TypesOfInvestmentPropertyHeldAxis" xlink:label="TypesOfInvestmentPropertyHeldAxis" xlink:title="TypesOfInvestmentPropertyHeldAxis"/>
    <link:presentationArc xlink:type="arc" xlink:arcrole="http://www.xbrl.org/2003/arcrole/parent-child" xlink:from="AssetRiskOfPropertyPriceRiskDetailsTable" xlink:to="TypesOfInvestmentPropertyHeldAxis" xlink:title="presentation: AssetRiskOfPropertyPriceRiskDetailsTable to TypesOfInvestmentPropertyHeldAxis" use="optional" order="10.0" preferredLabel="http://www.xbrl.org/2003/role/label"/>
    <link:presentationArc xlink:type="arc" xlink:arcrole="http://www.xbrl.org/2003/arcrole/parent-child" xlink:from="TypesOfInvestmentPropertyHeldAxis" xlink:to="TypesOfAssetsHeldMember" xlink:title="presentation: TypesOfInvestmentPropertyHeldAxis to TypesOfAssetsHeldMember" use="optional" order="10.0" preferredLabel="http://www.xbrl.org/2003/role/label"/>
    <link:loc xlink:type="locator" xlink:href="../../c-ross_core_2015-12-31.xsd#c-ross_FormsOfInvestmentPropertyHeldAxis" xlink:label="FormsOfInvestmentPropertyHeldAxis" xlink:title="FormsOfInvestmentPropertyHeldAxis"/>
    <link:presentationArc xlink:type="arc" xlink:arcrole="http://www.xbrl.org/2003/arcrole/parent-child" xlink:from="AssetRiskOfPropertyPriceRiskDetailsTable" xlink:to="FormsOfInvestmentPropertyHeldAxis" xlink:title="presentation: AssetRiskOfPropertyPriceRiskDetailsTable to FormsOfInvestmentPropertyHeldAxis" use="optional" order="20.0" preferredLabel="http://www.xbrl.org/2003/role/label"/>
    <link:loc xlink:type="locator" xlink:href="../../c-ross_core_2015-12-31.xsd#c-ross_FormsOfInvestmentPropertyHeldMember" xlink:label="FormsOfInvestmentPropertyHeldMember" xlink:title="FormsOfInvestmentPropertyHeldMember"/>
    <link:presentationArc xlink:type="arc" xlink:arcrole="http://www.xbrl.org/2003/arcrole/parent-child" xlink:from="FormsOfInvestmentPropertyHeldAxis" xlink:to="FormsOfInvestmentPropertyHeldMember" xlink:title="presentation: FormsOfInvestmentPropertyHeldAxis to FormsOfInvestmentPropertyHeldMember" use="optional" order="10.0" preferredLabel="http://www.xbrl.org/2003/role/label"/>
    <link:loc xlink:type="locator" xlink:href="../../c-ross_core_2015-12-31.xsd#c-ross_InvestmentPropertyHeldAsRealPropertyMember" xlink:label="InvestmentPropertyHeldAsRealPropertyMember" xlink:title="InvestmentPropertyHeldAsRealPropertyMember"/>
    <link:presentationArc xlink:type="arc" xlink:arcrole="http://www.xbrl.org/2003/arcrole/parent-child" xlink:from="FormsOfInvestmentPropertyHeldMember" xlink:to="InvestmentPropertyHeldAsRealPropertyMember" xlink:title="presentation: FormsOfInvestmentPropertyHeldMember to InvestmentPropertyHeldAsRealPropertyMember" use="optional" order="10.0" preferredLabel="http://www.xbrl.org/2003/role/label"/>
    <link:loc xlink:type="locator" xlink:href="../../c-ross_core_2015-12-31.xsd#c-ross_AccountingMethodOfInvestmentPropertyAxis" xlink:label="AccountingMethodOfInvestmentPropertyAxis" xlink:title="AccountingMethodOfInvestmentPropertyAxis"/>
    <link:presentationArc xlink:type="arc" xlink:arcrole="http://www.xbrl.org/2003/arcrole/parent-child" xlink:from="AssetRiskOfPropertyPriceRiskDetailsTable" xlink:to="AccountingMethodOfInvestmentPropertyAxis" xlink:title="presentation: AssetRiskOfPropertyPriceRiskDetailsTable to AccountingMethodOfInvestmentPropertyAxis" use="optional" order="30.0" preferredLabel="http://www.xbrl.org/2003/role/label"/>
    <link:loc xlink:type="locator" xlink:href="../../c-ross_core_2015-12-31.xsd#c-ross_AccountingMethodOfInvestmentPropertyMember" xlink:label="AccountingMethodOfInvestmentPropertyMember" xlink:title="AccountingMethodOfInvestmentPropertyMember"/>
    <link:presentationArc xlink:type="arc" xlink:arcrole="http://www.xbrl.org/2003/arcrole/parent-child" xlink:from="AccountingMethodOfInvestmentPropertyAxis" xlink:to="AccountingMethodOfInvestmentPropertyMember" xlink:title="presentation: AccountingMethodOfInvestmentPropertyAxis to AccountingMethodOfInvestmentPropertyMember" use="optional" order="10.0" preferredLabel="http://www.xbrl.org/2003/role/label"/>
    <link:loc xlink:type="locator" xlink:href="../../c-ross_core_2015-12-31.xsd#c-ross_CostMethodMember" xlink:label="CostMethodMember" xlink:title="CostMethodMember"/>
    <link:presentationArc xlink:type="arc" xlink:arcrole="http://www.xbrl.org/2003/arcrole/parent-child" xlink:from="AccountingMethodOfInvestmentPropertyMember" xlink:to="CostMethodMember" xlink:title="presentation: AccountingMethodOfInvestmentPropertyMember to CostMethodMember" use="optional" order="10.0" preferredLabel="http://www.xbrl.org/2003/role/label"/>
    <link:loc xlink:type="locator" xlink:href="../../c-ross_core_2015-12-31.xsd#c-ross_PropertyPriceRiskInvestmentPropertyHeldByCompanyDirectlyInvestmentPropertyHeldAsRealPropertyByCostMethodLineNumberAxis" xlink:label="PriceRiskInvestmentPropertyHeldByCompanyDirectlyInvestmentPropertyHeldAsRealPropertyByCostMethodLineNumberAxis" xlink:title="PriceRiskInvestmentPropertyHeldByCompanyDirectlyInvestmentPropertyHeldAsRealPropertyByCostMethodLineNumberAxis"/>
    <link:presentationArc xlink:type="arc" xlink:arcrole="http://www.xbrl.org/2003/arcrole/parent-child" xlink:from="AssetRiskOfPropertyPriceRiskDetailsTable" xlink:to="PriceRiskInvestmentPropertyHeldByCompanyDirectlyInvestmentPropertyHeldAsRealPropertyByCostMethodLineNumberAxis" xlink:title="presentation: AssetRiskOfPropertyPriceRiskDetailsTable to PriceRiskInvestmentPropertyHeldByCompanyDirectlyInvestmentPropertyHeldAsRealPropertyByCostMethodLineNumberAxis" use="optional" order="40.0" preferredLabel="http://www.xbrl.org/2003/role/terseLabel"/>
    <link:loc xlink:type="locator" xlink:href="../../c-ross_core_2015-12-31.xsd#c-ross_PropertyPriceRiskInvestmentPropertyLineItems" xlink:label="AssetRiskOfPropertyPriceRiskDetailsLineItems" xlink:title="AssetRiskOfPropertyPriceRiskDetailsLineItems"/>
    <link:loc xlink:type="locator" xlink:href="../../c-ross_core_2015-12-31.xsd#c-ross_PropertyPriceRiskInvestmentPropertyAssetDetails" xlink:label="PriceRiskInvestmentPropertyAssetDetails" xlink:title="PriceRiskInvestmentPropertyAssetDetails"/>
    <link:presentationArc xlink:type="arc" xlink:arcrole="http://www.xbrl.org/2003/arcrole/parent-child" xlink:from="AssetRiskOfPropertyPriceRiskDetailsLineItems" xlink:to="PriceRiskInvestmentPropertyAssetDetails" xlink:title="presentation: AssetRiskOfPropertyPriceRiskDetailsLineItems to PriceRiskInvestmentPropertyAssetDetails" use="optional" order="10.0" preferredLabel="http://www.xbrl.org/2003/role/terseLabel"/>
    <link:loc xlink:type="locator" xlink:href="../../c-ross_core_2015-12-31.xsd#c-ross_PropertyPriceRiskInvestmentPropertyPurchaseCost" xlink:label="PriceRiskInvestmentPropertyPurchaseCost" xlink:title="PriceRiskInvestmentPropertyPurchaseCost"/>
    <link:presentationArc xlink:type="arc" xlink:arcrole="http://www.xbrl.org/2003/arcrole/parent-child" xlink:from="AssetRiskOfPropertyPriceRiskDetailsLineItems" xlink:to="PriceRiskInvestmentPropertyPurchaseCost" xlink:title="presentation: AssetRiskOfPropertyPriceRiskDetailsLineItems to PriceRiskInvestmentPropertyPurchaseCost" use="optional" order="20.0" preferredLabel="http://www.xbrl.org/2003/role/terseLabel"/>
    <link:loc xlink:type="locator" xlink:href="../../c-ross_core_2015-12-31.xsd#c-ross_PropertyPriceRiskInvestmentPropertyLocation" xlink:label="PriceRiskInvestmentPropertyLocation" xlink:title="PriceRiskInvestmentPropertyLocation"/>
    <link:presentationArc xlink:type="arc" xlink:arcrole="http://www.xbrl.org/2003/arcrole/parent-child" xlink:from="AssetRiskOfPropertyPriceRiskDetailsLineItems" xlink:to="PriceRiskInvestmentPropertyLocation" xlink:title="presentation: AssetRiskOfPropertyPriceRiskDetailsLineItems to PriceRiskInvestmentPropertyLocation" use="optional" order="30.0" preferredLabel="http://www.xbrl.org/2003/role/terseLabel"/>
    <link:loc xlink:type="locator" xlink:href="../../c-ross_core_2015-12-31.xsd#c-ross_PropertyPriceRiskInvestmentPropertyAdmittedValue" xlink:label="PriceRiskInvestmentPropertyAdmittedValue" xlink:title="PriceRiskInvestmentPropertyAdmittedValue"/>
    <link:presentationArc xlink:type="arc" xlink:arcrole="http://www.xbrl.org/2003/arcrole/parent-child" xlink:from="AssetRiskOfPropertyPriceRiskDetailsLineItems" xlink:to="PriceRiskInvestmentPropertyAdmittedValue" xlink:title="presentation: AssetRiskOfPropertyPriceRiskDetailsLineItems to PriceRiskInvestmentPropertyAdmittedValue" use="optional" order="40.0" preferredLabel="http://www.xbrl.org/2003/role/terseLabel"/>
    <link:loc xlink:type="locator" xlink:href="../../c-ross_core_2015-12-31.xsd#c-ross_PropertyPriceRiskInvestmentPropertyRiskExposure" xlink:label="PriceRiskInvestmentPropertyRiskExposure" xlink:title="PriceRiskInvestmentPropertyRiskExposure"/>
    <link:presentationArc xlink:type="arc" xlink:arcrole="http://www.xbrl.org/2003/arcrole/parent-child" xlink:from="AssetRiskOfPropertyPriceRiskDetailsLineItems" xlink:to="PriceRiskInvestmentPropertyRiskExposure" xlink:title="presentation: AssetRiskOfPropertyPriceRiskDetailsLineItems to PriceRiskInvestmentPropertyRiskExposure" use="optional" order="50.0" preferredLabel="http://www.xbrl.org/2003/role/terseLabel"/>
    <link:loc xlink:type="locator" xlink:href="../../c-ross_core_2015-12-31.xsd#c-ross_PropertyPriceRiskInvestmentPropertyBaseRiskFactor" xlink:label="PriceRiskInvestmentPropertyBaseRiskFactor" xlink:title="PriceRiskInvestmentPropertyBaseRiskFactor"/>
    <link:presentationArc xlink:type="arc" xlink:arcrole="http://www.xbrl.org/2003/arcrole/parent-child" xlink:from="AssetRiskOfPropertyPriceRiskDetailsLineItems" xlink:to="PriceRiskInvestmentPropertyBaseRiskFactor" xlink:title="presentation: AssetRiskOfPropertyPriceRiskDetailsLineItems to PriceRiskInvestmentPropertyBaseRiskFactor" use="optional" order="60.0" preferredLabel="http://www.xbrl.org/2003/role/terseLabel"/>
    <link:loc xlink:type="locator" xlink:href="../../c-ross_core_2015-12-31.xsd#c-ross_PropertyPriceRiskInvestmentPropertyRiskFactorOne" xlink:label="PriceRiskInvestmentPropertyRiskFactorOne" xlink:title="PriceRiskInvestmentPropertyRiskFactorOne"/>
    <link:presentationArc xlink:type="arc" xlink:arcrole="http://www.xbrl.org/2003/arcrole/parent-child" xlink:from="AssetRiskOfPropertyPriceRiskDetailsLineItems" xlink:to="PriceRiskInvestmentPropertyRiskFactorOne" xlink:title="presentation: AssetRiskOfPropertyPriceRiskDetailsLineItems to PriceRiskInvestmentPropertyRiskFactorOne" use="optional" order="70.0" preferredLabel="http://www.xbrl.org/2003/role/terseLabel"/>
    <link:loc xlink:type="locator" xlink:href="../../c-ross_core_2015-12-31.xsd#c-ross_PropertyPriceRiskInvestmentPropertyRiskFactorTwo" xlink:label="PriceRiskInvestmentPropertyRiskFactorTwo" xlink:title="PriceRiskInvestmentPropertyRiskFactorTwo"/>
    <link:presentationArc xlink:type="arc" xlink:arcrole="http://www.xbrl.org/2003/arcrole/parent-child" xlink:from="AssetRiskOfPropertyPriceRiskDetailsLineItems" xlink:to="PriceRiskInvestmentPropertyRiskFactorTwo" xlink:title="presentation: AssetRiskOfPropertyPriceRiskDetailsLineItems to PriceRiskInvestmentPropertyRiskFactorTwo" use="optional" order="80.0" preferredLabel="http://www.xbrl.org/2003/role/terseLabel"/>
    <link:loc xlink:type="locator" xlink:href="../../c-ross_core_2015-12-31.xsd#c-ross_PropertyPriceRiskInvestmentPropertyRiskFactorThree" xlink:label="PriceRiskInvestmentPropertyRiskFactorThree" xlink:title="PriceRiskInvestmentPropertyRiskFactorThree"/>
    <link:presentationArc xlink:type="arc" xlink:arcrole="http://www.xbrl.org/2003/arcrole/parent-child" xlink:from="AssetRiskOfPropertyPriceRiskDetailsLineItems" xlink:to="PriceRiskInvestmentPropertyRiskFactorThree" xlink:title="presentation: AssetRiskOfPropertyPriceRiskDetailsLineItems to PriceRiskInvestmentPropertyRiskFactorThree" use="optional" order="90.0" preferredLabel="http://www.xbrl.org/2003/role/terseLabel"/>
    <link:loc xlink:type="locator" xlink:href="../../c-ross_core_2015-12-31.xsd#c-ross_MarketRiskMinimumCapitalForPropertyPriceRisk" xlink:label="MarketRiskMinimumCapitalForPropertyPriceRisk" xlink:title="MarketRiskMinimumCapitalForPropertyPriceRisk"/>
    <link:presentationArc xlink:type="arc" xlink:arcrole="http://www.xbrl.org/2003/arcrole/parent-child" xlink:from="AssetRiskOfPropertyPriceRiskDetailsLineItems" xlink:to="MarketRiskMinimumCapitalForPropertyPriceRisk" xlink:title="presentation: AssetRiskOfPropertyPriceRiskDetailsLineItems to MarketRiskMinimumCapitalForPropertyPriceRisk" use="optional" order="100.0" preferredLabel="http://www.xbrl.org/2003/role/terseLabel"/>
    <link:loc xlink:type="locator" xlink:href="../../c-ross_core_2015-12-31.xsd#c-ross_PropertyPriceRiskInvestmentPropertyHeldByCompanyDirectlyInvestmentPropertyHeldAsRealPropertyByCostMethodAbstract" xlink:label="AssetRiskOfPropertyPriceRiskInvestmentPropertyHeldAsRealPropertyByCostMethodDetailsAbstract" xlink:title="AssetRiskOfPropertyPriceRiskInvestmentPropertyHeldAsRealPropertyByCostMethodDetailsAbstract"/>
    <link:presentationArc xlink:type="arc" xlink:arcrole="http://www.xbrl.org/2003/arcrole/parent-child" xlink:from="AssetRiskOfPropertyPriceRiskInvestmentPropertyHeldAsRealPropertyByCostMethodDetailsAbstract" xlink:to="AssetRiskOfPropertyPriceRiskDetailsTable" xlink:title="presentation: AssetRiskOfPropertyPriceRiskInvestmentPropertyHeldAsRealPropertyByCostMethodDetailsAbstract to AssetRiskOfPropertyPriceRiskDetailsTable" use="optional" order="10.0" preferredLabel="http://www.xbrl.org/2003/role/label"/>
    <link:presentationArc xlink:type="arc" xlink:arcrole="http://www.xbrl.org/2003/arcrole/parent-child" xlink:from="AssetRiskOfPropertyPriceRiskInvestmentPropertyHeldAsRealPropertyByCostMethodDetailsAbstract" xlink:to="AssetRiskOfPropertyPriceRiskDetailsLineItems" xlink:title="presentation: AssetRiskOfPropertyPriceRiskInvestmentPropertyHeldAsRealPropertyByCostMethodDetailsAbstract to AssetRiskOfPropertyPriceRiskDetailsLineItems" use="optional" order="20.0" preferredLabel="http://www.xbrl.org/2003/role/label"/>
  </link:presentationLink>
  <link:presentationLink xlink:type="extended" xlink:role="http://xbrl.circ.gov.cn/role/c-ross_2015-12-31_role-3162300c">
    <link:loc xlink:type="locator" xlink:href="../../c-ross_core_2015-12-31.xsd#c-ross_TypesOfAssetsHeldMember" xlink:label="TypesOfAssetsHeldMember" xlink:title="TypesOfAssetsHeldMember"/>
    <link:loc xlink:type="locator" xlink:href="../../c-ross_core_2015-12-31.xsd#c-ross_HeldByCompanyDirectlyMember" xlink:label="HeldByCompanyDirectlyMember" xlink:title="HeldByCompanyDirectlyMember"/>
    <link:presentationArc xlink:type="arc" xlink:arcrole="http://www.xbrl.org/2003/arcrole/parent-child" xlink:from="TypesOfAssetsHeldMember" xlink:to="HeldByCompanyDirectlyMember" xlink:title="presentation: TypesOfAssetsHeldMember to HeldByCompanyDirectlyMember" use="optional" order="10.0" preferredLabel="http://www.xbrl.org/2003/role/label"/>
    <link:loc xlink:type="locator" xlink:href="../../c-ross_core_2015-12-31.xsd#c-ross_PropertyPriceRiskInvestmentPropertyTable" xlink:label="AssetRiskOfPropertyPriceRiskDetailsTable" xlink:title="AssetRiskOfPropertyPriceRiskDetailsTable"/>
    <link:loc xlink:type="locator" xlink:href="../../c-ross_core_2015-12-31.xsd#c-ross_TypesOfInvestmentPropertyHeldAxis" xlink:label="TypesOfInvestmentPropertyHeldAxis" xlink:title="TypesOfInvestmentPropertyHeldAxis"/>
    <link:presentationArc xlink:type="arc" xlink:arcrole="http://www.xbrl.org/2003/arcrole/parent-child" xlink:from="AssetRiskOfPropertyPriceRiskDetailsTable" xlink:to="TypesOfInvestmentPropertyHeldAxis" xlink:title="presentation: AssetRiskOfPropertyPriceRiskDetailsTable to TypesOfInvestmentPropertyHeldAxis" use="optional" order="10.0" preferredLabel="http://www.xbrl.org/2003/role/label"/>
    <link:presentationArc xlink:type="arc" xlink:arcrole="http://www.xbrl.org/2003/arcrole/parent-child" xlink:from="TypesOfInvestmentPropertyHeldAxis" xlink:to="TypesOfAssetsHeldMember" xlink:title="presentation: TypesOfInvestmentPropertyHeldAxis to TypesOfAssetsHeldMember" use="optional" order="10.0" preferredLabel="http://www.xbrl.org/2003/role/label"/>
    <link:loc xlink:type="locator" xlink:href="../../c-ross_core_2015-12-31.xsd#c-ross_FormsOfInvestmentPropertyHeldAxis" xlink:label="FormsOfInvestmentPropertyHeldAxis" xlink:title="FormsOfInvestmentPropertyHeldAxis"/>
    <link:presentationArc xlink:type="arc" xlink:arcrole="http://www.xbrl.org/2003/arcrole/parent-child" xlink:from="AssetRiskOfPropertyPriceRiskDetailsTable" xlink:to="FormsOfInvestmentPropertyHeldAxis" xlink:title="presentation: AssetRiskOfPropertyPriceRiskDetailsTable to FormsOfInvestmentPropertyHeldAxis" use="optional" order="20.0" preferredLabel="http://www.xbrl.org/2003/role/label"/>
    <link:loc xlink:type="locator" xlink:href="../../c-ross_core_2015-12-31.xsd#c-ross_FormsOfInvestmentPropertyHeldMember" xlink:label="FormsOfInvestmentPropertyHeldMember" xlink:title="FormsOfInvestmentPropertyHeldMember"/>
    <link:presentationArc xlink:type="arc" xlink:arcrole="http://www.xbrl.org/2003/arcrole/parent-child" xlink:from="FormsOfInvestmentPropertyHeldAxis" xlink:to="FormsOfInvestmentPropertyHeldMember" xlink:title="presentation: FormsOfInvestmentPropertyHeldAxis to FormsOfInvestmentPropertyHeldMember" use="optional" order="10.0" preferredLabel="http://www.xbrl.org/2003/role/label"/>
    <link:loc xlink:type="locator" xlink:href="../../c-ross_core_2015-12-31.xsd#c-ross_InvestmentPropertyHeldThroughProjectCompanyMember" xlink:label="InvestmentPropertyHeldThroughProjectCompanyMember" xlink:title="InvestmentPropertyHeldThroughProjectCompanyMember"/>
    <link:presentationArc xlink:type="arc" xlink:arcrole="http://www.xbrl.org/2003/arcrole/parent-child" xlink:from="FormsOfInvestmentPropertyHeldMember" xlink:to="InvestmentPropertyHeldThroughProjectCompanyMember" xlink:title="presentation: FormsOfInvestmentPropertyHeldMember to InvestmentPropertyHeldThroughProjectCompanyMember" use="optional" order="10.0" preferredLabel="http://www.xbrl.org/2003/role/label"/>
    <link:loc xlink:type="locator" xlink:href="../../c-ross_core_2015-12-31.xsd#c-ross_AccountingMethodOfInvestmentPropertyAxis" xlink:label="AccountingMethodOfInvestmentPropertyAxis" xlink:title="AccountingMethodOfInvestmentPropertyAxis"/>
    <link:presentationArc xlink:type="arc" xlink:arcrole="http://www.xbrl.org/2003/arcrole/parent-child" xlink:from="AssetRiskOfPropertyPriceRiskDetailsTable" xlink:to="AccountingMethodOfInvestmentPropertyAxis" xlink:title="presentation: AssetRiskOfPropertyPriceRiskDetailsTable to AccountingMethodOfInvestmentPropertyAxis" use="optional" order="30.0" preferredLabel="http://www.xbrl.org/2003/role/label"/>
    <link:loc xlink:type="locator" xlink:href="../../c-ross_core_2015-12-31.xsd#c-ross_AccountingMethodOfInvestmentPropertyMember" xlink:label="AccountingMethodOfInvestmentPropertyMember" xlink:title="AccountingMethodOfInvestmentPropertyMember"/>
    <link:presentationArc xlink:type="arc" xlink:arcrole="http://www.xbrl.org/2003/arcrole/parent-child" xlink:from="AccountingMethodOfInvestmentPropertyAxis" xlink:to="AccountingMethodOfInvestmentPropertyMember" xlink:title="presentation: AccountingMethodOfInvestmentPropertyAxis to AccountingMethodOfInvestmentPropertyMember" use="optional" order="10.0" preferredLabel="http://www.xbrl.org/2003/role/label"/>
    <link:loc xlink:type="locator" xlink:href="../../c-ross_core_2015-12-31.xsd#c-ross_CostMethodMember" xlink:label="CostMethodMember" xlink:title="CostMethodMember"/>
    <link:presentationArc xlink:type="arc" xlink:arcrole="http://www.xbrl.org/2003/arcrole/parent-child" xlink:from="AccountingMethodOfInvestmentPropertyMember" xlink:to="CostMethodMember" xlink:title="presentation: AccountingMethodOfInvestmentPropertyMember to CostMethodMember" use="optional" order="10.0" preferredLabel="http://www.xbrl.org/2003/role/label"/>
    <link:loc xlink:type="locator" xlink:href="../../c-ross_core_2015-12-31.xsd#c-ross_PropertyPriceRiskInvestmentPropertyHeldByCompanyDirectlyInvestmentPropertyHeldThroughProjectCompanyByCostMethodLineNumberAxis" xlink:label="PriceRiskInvestmentPropertyHeldByCompanyDirectlyInvestmentPropertyHeldThroughProjectCompanyByCostMethodLineNumberAxis" xlink:title="PriceRiskInvestmentPropertyHeldByCompanyDirectlyInvestmentPropertyHeldThroughProjectCompanyByCostMethodLineNumberAxis"/>
    <link:presentationArc xlink:type="arc" xlink:arcrole="http://www.xbrl.org/2003/arcrole/parent-child" xlink:from="AssetRiskOfPropertyPriceRiskDetailsTable" xlink:to="PriceRiskInvestmentPropertyHeldByCompanyDirectlyInvestmentPropertyHeldThroughProjectCompanyByCostMethodLineNumberAxis" xlink:title="presentation: AssetRiskOfPropertyPriceRiskDetailsTable to PriceRiskInvestmentPropertyHeldByCompanyDirectlyInvestmentPropertyHeldThroughProjectCompanyByCostMethodLineNumberAxis" use="optional" order="40.0" preferredLabel="http://www.xbrl.org/2003/role/terseLabel"/>
    <link:loc xlink:type="locator" xlink:href="../../c-ross_core_2015-12-31.xsd#c-ross_PropertyPriceRiskInvestmentPropertyLineItems" xlink:label="AssetRiskOfPropertyPriceRiskDetailsLineItems" xlink:title="AssetRiskOfPropertyPriceRiskDetailsLineItems"/>
    <link:loc xlink:type="locator" xlink:href="../../c-ross_core_2015-12-31.xsd#c-ross_PropertyPriceRiskInvestmentPropertyAssetDetails" xlink:label="PriceRiskInvestmentPropertyAssetDetails" xlink:title="PriceRiskInvestmentPropertyAssetDetails"/>
    <link:presentationArc xlink:type="arc" xlink:arcrole="http://www.xbrl.org/2003/arcrole/parent-child" xlink:from="AssetRiskOfPropertyPriceRiskDetailsLineItems" xlink:to="PriceRiskInvestmentPropertyAssetDetails" xlink:title="presentation: AssetRiskOfPropertyPriceRiskDetailsLineItems to PriceRiskInvestmentPropertyAssetDetails" use="optional" order="10.0" preferredLabel="http://www.xbrl.org/2003/role/terseLabel"/>
    <link:loc xlink:type="locator" xlink:href="../../c-ross_core_2015-12-31.xsd#c-ross_PropertyPriceRiskInvestmentPropertyPurchaseCost" xlink:label="PriceRiskInvestmentPropertyPurchaseCost" xlink:title="PriceRiskInvestmentPropertyPurchaseCost"/>
    <link:presentationArc xlink:type="arc" xlink:arcrole="http://www.xbrl.org/2003/arcrole/parent-child" xlink:from="AssetRiskOfPropertyPriceRiskDetailsLineItems" xlink:to="PriceRiskInvestmentPropertyPurchaseCost" xlink:title="presentation: AssetRiskOfPropertyPriceRiskDetailsLineItems to PriceRiskInvestmentPropertyPurchaseCost" use="optional" order="20.0" preferredLabel="http://www.xbrl.org/2003/role/terseLabel"/>
    <link:loc xlink:type="locator" xlink:href="../../c-ross_core_2015-12-31.xsd#c-ross_PropertyPriceRiskInvestmentPropertyLocation" xlink:label="PriceRiskInvestmentPropertyLocation" xlink:title="PriceRiskInvestmentPropertyLocation"/>
    <link:presentationArc xlink:type="arc" xlink:arcrole="http://www.xbrl.org/2003/arcrole/parent-child" xlink:from="AssetRiskOfPropertyPriceRiskDetailsLineItems" xlink:to="PriceRiskInvestmentPropertyLocation" xlink:title="presentation: AssetRiskOfPropertyPriceRiskDetailsLineItems to PriceRiskInvestmentPropertyLocation" use="optional" order="30.0" preferredLabel="http://www.xbrl.org/2003/role/terseLabel"/>
    <link:loc xlink:type="locator" xlink:href="../../c-ross_core_2015-12-31.xsd#c-ross_PropertyPriceRiskInvestmentPropertyAdmittedValue" xlink:label="PriceRiskInvestmentPropertyAdmittedValue" xlink:title="PriceRiskInvestmentPropertyAdmittedValue"/>
    <link:presentationArc xlink:type="arc" xlink:arcrole="http://www.xbrl.org/2003/arcrole/parent-child" xlink:from="AssetRiskOfPropertyPriceRiskDetailsLineItems" xlink:to="PriceRiskInvestmentPropertyAdmittedValue" xlink:title="presentation: AssetRiskOfPropertyPriceRiskDetailsLineItems to PriceRiskInvestmentPropertyAdmittedValue" use="optional" order="40.0" preferredLabel="http://www.xbrl.org/2003/role/terseLabel"/>
    <link:loc xlink:type="locator" xlink:href="../../c-ross_core_2015-12-31.xsd#c-ross_PropertyPriceRiskInvestmentPropertyRiskExposure" xlink:label="PriceRiskInvestmentPropertyRiskExposure" xlink:title="PriceRiskInvestmentPropertyRiskExposure"/>
    <link:presentationArc xlink:type="arc" xlink:arcrole="http://www.xbrl.org/2003/arcrole/parent-child" xlink:from="AssetRiskOfPropertyPriceRiskDetailsLineItems" xlink:to="PriceRiskInvestmentPropertyRiskExposure" xlink:title="presentation: AssetRiskOfPropertyPriceRiskDetailsLineItems to PriceRiskInvestmentPropertyRiskExposure" use="optional" order="50.0" preferredLabel="http://www.xbrl.org/2003/role/terseLabel"/>
    <link:loc xlink:type="locator" xlink:href="../../c-ross_core_2015-12-31.xsd#c-ross_PropertyPriceRiskInvestmentPropertyBaseRiskFactor" xlink:label="PriceRiskInvestmentPropertyBaseRiskFactor" xlink:title="PriceRiskInvestmentPropertyBaseRiskFactor"/>
    <link:presentationArc xlink:type="arc" xlink:arcrole="http://www.xbrl.org/2003/arcrole/parent-child" xlink:from="AssetRiskOfPropertyPriceRiskDetailsLineItems" xlink:to="PriceRiskInvestmentPropertyBaseRiskFactor" xlink:title="presentation: AssetRiskOfPropertyPriceRiskDetailsLineItems to PriceRiskInvestmentPropertyBaseRiskFactor" use="optional" order="60.0" preferredLabel="http://www.xbrl.org/2003/role/terseLabel"/>
    <link:loc xlink:type="locator" xlink:href="../../c-ross_core_2015-12-31.xsd#c-ross_PropertyPriceRiskInvestmentPropertyRiskFactorOne" xlink:label="PriceRiskInvestmentPropertyRiskFactorOne" xlink:title="PriceRiskInvestmentPropertyRiskFactorOne"/>
    <link:presentationArc xlink:type="arc" xlink:arcrole="http://www.xbrl.org/2003/arcrole/parent-child" xlink:from="AssetRiskOfPropertyPriceRiskDetailsLineItems" xlink:to="PriceRiskInvestmentPropertyRiskFactorOne" xlink:title="presentation: AssetRiskOfPropertyPriceRiskDetailsLineItems to PriceRiskInvestmentPropertyRiskFactorOne" use="optional" order="70.0" preferredLabel="http://www.xbrl.org/2003/role/terseLabel"/>
    <link:loc xlink:type="locator" xlink:href="../../c-ross_core_2015-12-31.xsd#c-ross_PropertyPriceRiskInvestmentPropertyRiskFactorTwo" xlink:label="PriceRiskInvestmentPropertyRiskFactorTwo" xlink:title="PriceRiskInvestmentPropertyRiskFactorTwo"/>
    <link:presentationArc xlink:type="arc" xlink:arcrole="http://www.xbrl.org/2003/arcrole/parent-child" xlink:from="AssetRiskOfPropertyPriceRiskDetailsLineItems" xlink:to="PriceRiskInvestmentPropertyRiskFactorTwo" xlink:title="presentation: AssetRiskOfPropertyPriceRiskDetailsLineItems to PriceRiskInvestmentPropertyRiskFactorTwo" use="optional" order="80.0" preferredLabel="http://www.xbrl.org/2003/role/terseLabel"/>
    <link:loc xlink:type="locator" xlink:href="../../c-ross_core_2015-12-31.xsd#c-ross_PropertyPriceRiskInvestmentPropertyRiskFactorThree" xlink:label="PriceRiskInvestmentPropertyRiskFactorThree" xlink:title="PriceRiskInvestmentPropertyRiskFactorThree"/>
    <link:presentationArc xlink:type="arc" xlink:arcrole="http://www.xbrl.org/2003/arcrole/parent-child" xlink:from="AssetRiskOfPropertyPriceRiskDetailsLineItems" xlink:to="PriceRiskInvestmentPropertyRiskFactorThree" xlink:title="presentation: AssetRiskOfPropertyPriceRiskDetailsLineItems to PriceRiskInvestmentPropertyRiskFactorThree" use="optional" order="90.0" preferredLabel="http://www.xbrl.org/2003/role/terseLabel"/>
    <link:loc xlink:type="locator" xlink:href="../../c-ross_core_2015-12-31.xsd#c-ross_MarketRiskMinimumCapitalForPropertyPriceRisk" xlink:label="MarketRiskMinimumCapitalForPropertyPriceRisk" xlink:title="MarketRiskMinimumCapitalForPropertyPriceRisk"/>
    <link:presentationArc xlink:type="arc" xlink:arcrole="http://www.xbrl.org/2003/arcrole/parent-child" xlink:from="AssetRiskOfPropertyPriceRiskDetailsLineItems" xlink:to="MarketRiskMinimumCapitalForPropertyPriceRisk" xlink:title="presentation: AssetRiskOfPropertyPriceRiskDetailsLineItems to MarketRiskMinimumCapitalForPropertyPriceRisk" use="optional" order="100.0" preferredLabel="http://www.xbrl.org/2003/role/terseLabel"/>
    <link:loc xlink:type="locator" xlink:href="../../c-ross_core_2015-12-31.xsd#c-ross_PropertyPriceRiskInvestmentPropertyHeldByCompanyDirectlyInvestmentPropertyHeldThroughProjectCompanyByCostMethodAbstract" xlink:label="AssetRiskOfPropertyPriceRiskInvestmentPropertyHeldThroughProjectCompanyByCostMethodDetailsAbstract" xlink:title="AssetRiskOfPropertyPriceRiskInvestmentPropertyHeldThroughProjectCompanyByCostMethodDetailsAbstract"/>
    <link:presentationArc xlink:type="arc" xlink:arcrole="http://www.xbrl.org/2003/arcrole/parent-child" xlink:from="AssetRiskOfPropertyPriceRiskInvestmentPropertyHeldThroughProjectCompanyByCostMethodDetailsAbstract" xlink:to="AssetRiskOfPropertyPriceRiskDetailsTable" xlink:title="presentation: AssetRiskOfPropertyPriceRiskInvestmentPropertyHeldThroughProjectCompanyByCostMethodDetailsAbstract to AssetRiskOfPropertyPriceRiskDetailsTable" use="optional" order="10.0" preferredLabel="http://www.xbrl.org/2003/role/label"/>
    <link:presentationArc xlink:type="arc" xlink:arcrole="http://www.xbrl.org/2003/arcrole/parent-child" xlink:from="AssetRiskOfPropertyPriceRiskInvestmentPropertyHeldThroughProjectCompanyByCostMethodDetailsAbstract" xlink:to="AssetRiskOfPropertyPriceRiskDetailsLineItems" xlink:title="presentation: AssetRiskOfPropertyPriceRiskInvestmentPropertyHeldThroughProjectCompanyByCostMethodDetailsAbstract to AssetRiskOfPropertyPriceRiskDetailsLineItems" use="optional" order="20.0" preferredLabel="http://www.xbrl.org/2003/role/label"/>
  </link:presentationLink>
  <link:presentationLink xlink:type="extended" xlink:role="http://xbrl.circ.gov.cn/role/c-ross_2015-12-31_role-3162300b">
    <link:loc xlink:type="locator" xlink:href="../../c-ross_core_2015-12-31.xsd#c-ross_TypesOfAssetsHeldMember" xlink:label="TypesOfAssetsHeldMember" xlink:title="TypesOfAssetsHeldMember"/>
    <link:loc xlink:type="locator" xlink:href="../../c-ross_core_2015-12-31.xsd#c-ross_HeldByCompanyDirectlyMember" xlink:label="HeldByCompanyDirectlyMember" xlink:title="HeldByCompanyDirectlyMember"/>
    <link:presentationArc xlink:type="arc" xlink:arcrole="http://www.xbrl.org/2003/arcrole/parent-child" xlink:from="TypesOfAssetsHeldMember" xlink:to="HeldByCompanyDirectlyMember" xlink:title="presentation: TypesOfAssetsHeldMember to HeldByCompanyDirectlyMember" use="optional" order="10.0" preferredLabel="http://www.xbrl.org/2003/role/label"/>
    <link:loc xlink:type="locator" xlink:href="../../c-ross_core_2015-12-31.xsd#c-ross_PropertyPriceRiskInvestmentPropertyTable" xlink:label="AssetRiskOfPropertyPriceRiskDetailsTable" xlink:title="AssetRiskOfPropertyPriceRiskDetailsTable"/>
    <link:loc xlink:type="locator" xlink:href="../../c-ross_core_2015-12-31.xsd#c-ross_TypesOfInvestmentPropertyHeldAxis" xlink:label="TypesOfInvestmentPropertyHeldAxis" xlink:title="TypesOfInvestmentPropertyHeldAxis"/>
    <link:presentationArc xlink:type="arc" xlink:arcrole="http://www.xbrl.org/2003/arcrole/parent-child" xlink:from="AssetRiskOfPropertyPriceRiskDetailsTable" xlink:to="TypesOfInvestmentPropertyHeldAxis" xlink:title="presentation: AssetRiskOfPropertyPriceRiskDetailsTable to TypesOfInvestmentPropertyHeldAxis" use="optional" order="10.0" preferredLabel="http://www.xbrl.org/2003/role/label"/>
    <link:presentationArc xlink:type="arc" xlink:arcrole="http://www.xbrl.org/2003/arcrole/parent-child" xlink:from="TypesOfInvestmentPropertyHeldAxis" xlink:to="TypesOfAssetsHeldMember" xlink:title="presentation: TypesOfInvestmentPropertyHeldAxis to TypesOfAssetsHeldMember" use="optional" order="10.0" preferredLabel="http://www.xbrl.org/2003/role/label"/>
    <link:loc xlink:type="locator" xlink:href="../../c-ross_core_2015-12-31.xsd#c-ross_FormsOfInvestmentPropertyHeldAxis" xlink:label="FormsOfInvestmentPropertyHeldAxis" xlink:title="FormsOfInvestmentPropertyHeldAxis"/>
    <link:presentationArc xlink:type="arc" xlink:arcrole="http://www.xbrl.org/2003/arcrole/parent-child" xlink:from="AssetRiskOfPropertyPriceRiskDetailsTable" xlink:to="FormsOfInvestmentPropertyHeldAxis" xlink:title="presentation: AssetRiskOfPropertyPriceRiskDetailsTable to FormsOfInvestmentPropertyHeldAxis" use="optional" order="20.0" preferredLabel="http://www.xbrl.org/2003/role/label"/>
    <link:loc xlink:type="locator" xlink:href="../../c-ross_core_2015-12-31.xsd#c-ross_FormsOfInvestmentPropertyHeldMember" xlink:label="FormsOfInvestmentPropertyHeldMember" xlink:title="FormsOfInvestmentPropertyHeldMember"/>
    <link:presentationArc xlink:type="arc" xlink:arcrole="http://www.xbrl.org/2003/arcrole/parent-child" xlink:from="FormsOfInvestmentPropertyHeldAxis" xlink:to="FormsOfInvestmentPropertyHeldMember" xlink:title="presentation: FormsOfInvestmentPropertyHeldAxis to FormsOfInvestmentPropertyHeldMember" use="optional" order="10.0" preferredLabel="http://www.xbrl.org/2003/role/label"/>
    <link:loc xlink:type="locator" xlink:href="../../c-ross_core_2015-12-31.xsd#c-ross_InvestmentPropertyHeldAsRealPropertyMember" xlink:label="InvestmentPropertyHeldAsRealPropertyMember" xlink:title="InvestmentPropertyHeldAsRealPropertyMember"/>
    <link:presentationArc xlink:type="arc" xlink:arcrole="http://www.xbrl.org/2003/arcrole/parent-child" xlink:from="FormsOfInvestmentPropertyHeldMember" xlink:to="InvestmentPropertyHeldAsRealPropertyMember" xlink:title="presentation: FormsOfInvestmentPropertyHeldMember to InvestmentPropertyHeldAsRealPropertyMember" use="optional" order="10.0" preferredLabel="http://www.xbrl.org/2003/role/label"/>
    <link:loc xlink:type="locator" xlink:href="../../c-ross_core_2015-12-31.xsd#c-ross_AccountingMethodOfInvestmentPropertyAxis" xlink:label="AccountingMethodOfInvestmentPropertyAxis" xlink:title="AccountingMethodOfInvestmentPropertyAxis"/>
    <link:presentationArc xlink:type="arc" xlink:arcrole="http://www.xbrl.org/2003/arcrole/parent-child" xlink:from="AssetRiskOfPropertyPriceRiskDetailsTable" xlink:to="AccountingMethodOfInvestmentPropertyAxis" xlink:title="presentation: AssetRiskOfPropertyPriceRiskDetailsTable to AccountingMethodOfInvestmentPropertyAxis" use="optional" order="30.0" preferredLabel="http://www.xbrl.org/2003/role/label"/>
    <link:loc xlink:type="locator" xlink:href="../../c-ross_core_2015-12-31.xsd#c-ross_AccountingMethodOfInvestmentPropertyMember" xlink:label="AccountingMethodOfInvestmentPropertyMember" xlink:title="AccountingMethodOfInvestmentPropertyMember"/>
    <link:presentationArc xlink:type="arc" xlink:arcrole="http://www.xbrl.org/2003/arcrole/parent-child" xlink:from="AccountingMethodOfInvestmentPropertyAxis" xlink:to="AccountingMethodOfInvestmentPropertyMember" xlink:title="presentation: AccountingMethodOfInvestmentPropertyAxis to AccountingMethodOfInvestmentPropertyMember" use="optional" order="10.0" preferredLabel="http://www.xbrl.org/2003/role/label"/>
    <link:loc xlink:type="locator" xlink:href="../../c-ross_core_2015-12-31.xsd#c-ross_FairValueMethodMember" xlink:label="FairValueMethodMember" xlink:title="FairValueMethodMember"/>
    <link:presentationArc xlink:type="arc" xlink:arcrole="http://www.xbrl.org/2003/arcrole/parent-child" xlink:from="AccountingMethodOfInvestmentPropertyMember" xlink:to="FairValueMethodMember" xlink:title="presentation: AccountingMethodOfInvestmentPropertyMember to FairValueMethodMember" use="optional" order="10.0" preferredLabel="http://www.xbrl.org/2003/role/label"/>
    <link:loc xlink:type="locator" xlink:href="../../c-ross_core_2015-12-31.xsd#c-ross_PropertyPriceRiskInvestmentPropertyHeldByCompanyDirectlyInvestmentPropertyHeldAsRealPropertyByFairValueMethodLineNumberAxis" xlink:label="PriceRiskInvestmentPropertyHeldByCompanyDirectlyInvestmentPropertyHeldAsRealPropertyByFairValueMethodLineNumberAxis" xlink:title="PriceRiskInvestmentPropertyHeldByCompanyDirectlyInvestmentPropertyHeldAsRealPropertyByFairValueMethodLineNumberAxis"/>
    <link:presentationArc xlink:type="arc" xlink:arcrole="http://www.xbrl.org/2003/arcrole/parent-child" xlink:from="AssetRiskOfPropertyPriceRiskDetailsTable" xlink:to="PriceRiskInvestmentPropertyHeldByCompanyDirectlyInvestmentPropertyHeldAsRealPropertyByFairValueMethodLineNumberAxis" xlink:title="presentation: AssetRiskOfPropertyPriceRiskDetailsTable to PriceRiskInvestmentPropertyHeldByCompanyDirectlyInvestmentPropertyHeldAsRealPropertyByFairValueMethodLineNumberAxis" use="optional" order="40.0" preferredLabel="http://www.xbrl.org/2003/role/terseLabel"/>
    <link:loc xlink:type="locator" xlink:href="../../c-ross_core_2015-12-31.xsd#c-ross_PropertyPriceRiskInvestmentPropertyLineItems" xlink:label="AssetRiskOfPropertyPriceRiskDetailsLineItems" xlink:title="AssetRiskOfPropertyPriceRiskDetailsLineItems"/>
    <link:loc xlink:type="locator" xlink:href="../../c-ross_core_2015-12-31.xsd#c-ross_PropertyPriceRiskInvestmentPropertyAssetDetails" xlink:label="PriceRiskInvestmentPropertyAssetDetails" xlink:title="PriceRiskInvestmentPropertyAssetDetails"/>
    <link:presentationArc xlink:type="arc" xlink:arcrole="http://www.xbrl.org/2003/arcrole/parent-child" xlink:from="AssetRiskOfPropertyPriceRiskDetailsLineItems" xlink:to="PriceRiskInvestmentPropertyAssetDetails" xlink:title="presentation: AssetRiskOfPropertyPriceRiskDetailsLineItems to PriceRiskInvestmentPropertyAssetDetails" use="optional" order="10.0" preferredLabel="http://www.xbrl.org/2003/role/terseLabel"/>
    <link:loc xlink:type="locator" xlink:href="../../c-ross_core_2015-12-31.xsd#c-ross_PropertyPriceRiskInvestmentPropertyPurchaseCost" xlink:label="PriceRiskInvestmentPropertyPurchaseCost" xlink:title="PriceRiskInvestmentPropertyPurchaseCost"/>
    <link:presentationArc xlink:type="arc" xlink:arcrole="http://www.xbrl.org/2003/arcrole/parent-child" xlink:from="AssetRiskOfPropertyPriceRiskDetailsLineItems" xlink:to="PriceRiskInvestmentPropertyPurchaseCost" xlink:title="presentation: AssetRiskOfPropertyPriceRiskDetailsLineItems to PriceRiskInvestmentPropertyPurchaseCost" use="optional" order="20.0" preferredLabel="http://www.xbrl.org/2003/role/terseLabel"/>
    <link:loc xlink:type="locator" xlink:href="../../c-ross_core_2015-12-31.xsd#c-ross_PropertyPriceRiskInvestmentPropertyLocation" xlink:label="PriceRiskInvestmentPropertyLocation" xlink:title="PriceRiskInvestmentPropertyLocation"/>
    <link:presentationArc xlink:type="arc" xlink:arcrole="http://www.xbrl.org/2003/arcrole/parent-child" xlink:from="AssetRiskOfPropertyPriceRiskDetailsLineItems" xlink:to="PriceRiskInvestmentPropertyLocation" xlink:title="presentation: AssetRiskOfPropertyPriceRiskDetailsLineItems to PriceRiskInvestmentPropertyLocation" use="optional" order="30.0" preferredLabel="http://www.xbrl.org/2003/role/terseLabel"/>
    <link:loc xlink:type="locator" xlink:href="../../c-ross_core_2015-12-31.xsd#c-ross_PropertyPriceRiskInvestmentPropertyAdmittedValue" xlink:label="PriceRiskInvestmentPropertyAdmittedValue" xlink:title="PriceRiskInvestmentPropertyAdmittedValue"/>
    <link:presentationArc xlink:type="arc" xlink:arcrole="http://www.xbrl.org/2003/arcrole/parent-child" xlink:from="AssetRiskOfPropertyPriceRiskDetailsLineItems" xlink:to="PriceRiskInvestmentPropertyAdmittedValue" xlink:title="presentation: AssetRiskOfPropertyPriceRiskDetailsLineItems to PriceRiskInvestmentPropertyAdmittedValue" use="optional" order="40.0" preferredLabel="http://www.xbrl.org/2003/role/terseLabel"/>
    <link:loc xlink:type="locator" xlink:href="../../c-ross_core_2015-12-31.xsd#c-ross_PropertyPriceRiskInvestmentPropertyRiskExposure" xlink:label="PriceRiskInvestmentPropertyRiskExposure" xlink:title="PriceRiskInvestmentPropertyRiskExposure"/>
    <link:presentationArc xlink:type="arc" xlink:arcrole="http://www.xbrl.org/2003/arcrole/parent-child" xlink:from="AssetRiskOfPropertyPriceRiskDetailsLineItems" xlink:to="PriceRiskInvestmentPropertyRiskExposure" xlink:title="presentation: AssetRiskOfPropertyPriceRiskDetailsLineItems to PriceRiskInvestmentPropertyRiskExposure" use="optional" order="50.0" preferredLabel="http://www.xbrl.org/2003/role/terseLabel"/>
    <link:loc xlink:type="locator" xlink:href="../../c-ross_core_2015-12-31.xsd#c-ross_PropertyPriceRiskInvestmentPropertyBaseRiskFactor" xlink:label="PriceRiskInvestmentPropertyBaseRiskFactor" xlink:title="PriceRiskInvestmentPropertyBaseRiskFactor"/>
    <link:presentationArc xlink:type="arc" xlink:arcrole="http://www.xbrl.org/2003/arcrole/parent-child" xlink:from="AssetRiskOfPropertyPriceRiskDetailsLineItems" xlink:to="PriceRiskInvestmentPropertyBaseRiskFactor" xlink:title="presentation: AssetRiskOfPropertyPriceRiskDetailsLineItems to PriceRiskInvestmentPropertyBaseRiskFactor" use="optional" order="60.0" preferredLabel="http://www.xbrl.org/2003/role/terseLabel"/>
    <link:loc xlink:type="locator" xlink:href="../../c-ross_core_2015-12-31.xsd#c-ross_PropertyPriceRiskInvestmentPropertyRiskFactorOne" xlink:label="PriceRiskInvestmentPropertyRiskFactorOne" xlink:title="PriceRiskInvestmentPropertyRiskFactorOne"/>
    <link:presentationArc xlink:type="arc" xlink:arcrole="http://www.xbrl.org/2003/arcrole/parent-child" xlink:from="AssetRiskOfPropertyPriceRiskDetailsLineItems" xlink:to="PriceRiskInvestmentPropertyRiskFactorOne" xlink:title="presentation: AssetRiskOfPropertyPriceRiskDetailsLineItems to PriceRiskInvestmentPropertyRiskFactorOne" use="optional" order="70.0" preferredLabel="http://www.xbrl.org/2003/role/terseLabel"/>
    <link:loc xlink:type="locator" xlink:href="../../c-ross_core_2015-12-31.xsd#c-ross_PropertyPriceRiskInvestmentPropertyRiskFactorTwo" xlink:label="PriceRiskInvestmentPropertyRiskFactorTwo" xlink:title="PriceRiskInvestmentPropertyRiskFactorTwo"/>
    <link:presentationArc xlink:type="arc" xlink:arcrole="http://www.xbrl.org/2003/arcrole/parent-child" xlink:from="AssetRiskOfPropertyPriceRiskDetailsLineItems" xlink:to="PriceRiskInvestmentPropertyRiskFactorTwo" xlink:title="presentation: AssetRiskOfPropertyPriceRiskDetailsLineItems to PriceRiskInvestmentPropertyRiskFactorTwo" use="optional" order="80.0" preferredLabel="http://www.xbrl.org/2003/role/terseLabel"/>
    <link:loc xlink:type="locator" xlink:href="../../c-ross_core_2015-12-31.xsd#c-ross_PropertyPriceRiskInvestmentPropertyRiskFactorThree" xlink:label="PriceRiskInvestmentPropertyRiskFactorThree" xlink:title="PriceRiskInvestmentPropertyRiskFactorThree"/>
    <link:presentationArc xlink:type="arc" xlink:arcrole="http://www.xbrl.org/2003/arcrole/parent-child" xlink:from="AssetRiskOfPropertyPriceRiskDetailsLineItems" xlink:to="PriceRiskInvestmentPropertyRiskFactorThree" xlink:title="presentation: AssetRiskOfPropertyPriceRiskDetailsLineItems to PriceRiskInvestmentPropertyRiskFactorThree" use="optional" order="90.0" preferredLabel="http://www.xbrl.org/2003/role/terseLabel"/>
    <link:loc xlink:type="locator" xlink:href="../../c-ross_core_2015-12-31.xsd#c-ross_MarketRiskMinimumCapitalForPropertyPriceRisk" xlink:label="MarketRiskMinimumCapitalForPropertyPriceRisk" xlink:title="MarketRiskMinimumCapitalForPropertyPriceRisk"/>
    <link:presentationArc xlink:type="arc" xlink:arcrole="http://www.xbrl.org/2003/arcrole/parent-child" xlink:from="AssetRiskOfPropertyPriceRiskDetailsLineItems" xlink:to="MarketRiskMinimumCapitalForPropertyPriceRisk" xlink:title="presentation: AssetRiskOfPropertyPriceRiskDetailsLineItems to MarketRiskMinimumCapitalForPropertyPriceRisk" use="optional" order="100.0" preferredLabel="http://www.xbrl.org/2003/role/terseLabel"/>
    <link:loc xlink:type="locator" xlink:href="../../c-ross_core_2015-12-31.xsd#c-ross_PropertyPriceRiskInvestmentPropertyHeldByCompanyDirectlyInvestmentPropertyHeldAsRealPropertyByFairValueMethodAbstract" xlink:label="AssetRiskOfPropertyPriceRiskInvestmentPropertyHeldAsRealPropertyByFairValueMethodDetailsAbstract" xlink:title="AssetRiskOfPropertyPriceRiskInvestmentPropertyHeldAsRealPropertyByFairValueMethodDetailsAbstract"/>
    <link:presentationArc xlink:type="arc" xlink:arcrole="http://www.xbrl.org/2003/arcrole/parent-child" xlink:from="AssetRiskOfPropertyPriceRiskInvestmentPropertyHeldAsRealPropertyByFairValueMethodDetailsAbstract" xlink:to="AssetRiskOfPropertyPriceRiskDetailsTable" xlink:title="presentation: AssetRiskOfPropertyPriceRiskInvestmentPropertyHeldAsRealPropertyByFairValueMethodDetailsAbstract to AssetRiskOfPropertyPriceRiskDetailsTable" use="optional" order="10.0" preferredLabel="http://www.xbrl.org/2003/role/label"/>
    <link:presentationArc xlink:type="arc" xlink:arcrole="http://www.xbrl.org/2003/arcrole/parent-child" xlink:from="AssetRiskOfPropertyPriceRiskInvestmentPropertyHeldAsRealPropertyByFairValueMethodDetailsAbstract" xlink:to="AssetRiskOfPropertyPriceRiskDetailsLineItems" xlink:title="presentation: AssetRiskOfPropertyPriceRiskInvestmentPropertyHeldAsRealPropertyByFairValueMethodDetailsAbstract to AssetRiskOfPropertyPriceRiskDetailsLineItems" use="optional" order="20.0" preferredLabel="http://www.xbrl.org/2003/role/label"/>
  </link:presentationLink>
  <link:presentationLink xlink:type="extended" xlink:role="http://xbrl.circ.gov.cn/role/c-ross_2015-12-31_role-3162300d">
    <link:loc xlink:type="locator" xlink:href="../../c-ross_core_2015-12-31.xsd#c-ross_TypesOfAssetsHeldMember" xlink:label="TypesOfAssetsHeldMember" xlink:title="TypesOfAssetsHeldMember"/>
    <link:loc xlink:type="locator" xlink:href="../../c-ross_core_2015-12-31.xsd#c-ross_HeldByCompanyDirectlyMember" xlink:label="HeldByCompanyDirectlyMember" xlink:title="HeldByCompanyDirectlyMember"/>
    <link:presentationArc xlink:type="arc" xlink:arcrole="http://www.xbrl.org/2003/arcrole/parent-child" xlink:from="TypesOfAssetsHeldMember" xlink:to="HeldByCompanyDirectlyMember" xlink:title="presentation: TypesOfAssetsHeldMember to HeldByCompanyDirectlyMember" use="optional" order="10.0" preferredLabel="http://www.xbrl.org/2003/role/label"/>
    <link:loc xlink:type="locator" xlink:href="../../c-ross_core_2015-12-31.xsd#c-ross_PropertyPriceRiskInvestmentPropertyTable" xlink:label="AssetRiskOfPropertyPriceRiskDetailsTable" xlink:title="AssetRiskOfPropertyPriceRiskDetailsTable"/>
    <link:loc xlink:type="locator" xlink:href="../../c-ross_core_2015-12-31.xsd#c-ross_TypesOfInvestmentPropertyHeldAxis" xlink:label="TypesOfInvestmentPropertyHeldAxis" xlink:title="TypesOfInvestmentPropertyHeldAxis"/>
    <link:presentationArc xlink:type="arc" xlink:arcrole="http://www.xbrl.org/2003/arcrole/parent-child" xlink:from="AssetRiskOfPropertyPriceRiskDetailsTable" xlink:to="TypesOfInvestmentPropertyHeldAxis" xlink:title="presentation: AssetRiskOfPropertyPriceRiskDetailsTable to TypesOfInvestmentPropertyHeldAxis" use="optional" order="10.0" preferredLabel="http://www.xbrl.org/2003/role/label"/>
    <link:presentationArc xlink:type="arc" xlink:arcrole="http://www.xbrl.org/2003/arcrole/parent-child" xlink:from="TypesOfInvestmentPropertyHeldAxis" xlink:to="TypesOfAssetsHeldMember" xlink:title="presentation: TypesOfInvestmentPropertyHeldAxis to TypesOfAssetsHeldMember" use="optional" order="10.0" preferredLabel="http://www.xbrl.org/2003/role/label"/>
    <link:loc xlink:type="locator" xlink:href="../../c-ross_core_2015-12-31.xsd#c-ross_FormsOfInvestmentPropertyHeldAxis" xlink:label="FormsOfInvestmentPropertyHeldAxis" xlink:title="FormsOfInvestmentPropertyHeldAxis"/>
    <link:presentationArc xlink:type="arc" xlink:arcrole="http://www.xbrl.org/2003/arcrole/parent-child" xlink:from="AssetRiskOfPropertyPriceRiskDetailsTable" xlink:to="FormsOfInvestmentPropertyHeldAxis" xlink:title="presentation: AssetRiskOfPropertyPriceRiskDetailsTable to FormsOfInvestmentPropertyHeldAxis" use="optional" order="20.0" preferredLabel="http://www.xbrl.org/2003/role/label"/>
    <link:loc xlink:type="locator" xlink:href="../../c-ross_core_2015-12-31.xsd#c-ross_FormsOfInvestmentPropertyHeldMember" xlink:label="FormsOfInvestmentPropertyHeldMember" xlink:title="FormsOfInvestmentPropertyHeldMember"/>
    <link:presentationArc xlink:type="arc" xlink:arcrole="http://www.xbrl.org/2003/arcrole/parent-child" xlink:from="FormsOfInvestmentPropertyHeldAxis" xlink:to="FormsOfInvestmentPropertyHeldMember" xlink:title="presentation: FormsOfInvestmentPropertyHeldAxis to FormsOfInvestmentPropertyHeldMember" use="optional" order="10.0" preferredLabel="http://www.xbrl.org/2003/role/label"/>
    <link:loc xlink:type="locator" xlink:href="../../c-ross_core_2015-12-31.xsd#c-ross_InvestmentPropertyHeldThroughProjectCompanyMember" xlink:label="InvestmentPropertyHeldThroughProjectCompanyMember" xlink:title="InvestmentPropertyHeldThroughProjectCompanyMember"/>
    <link:presentationArc xlink:type="arc" xlink:arcrole="http://www.xbrl.org/2003/arcrole/parent-child" xlink:from="FormsOfInvestmentPropertyHeldMember" xlink:to="InvestmentPropertyHeldThroughProjectCompanyMember" xlink:title="presentation: FormsOfInvestmentPropertyHeldMember to InvestmentPropertyHeldThroughProjectCompanyMember" use="optional" order="10.0" preferredLabel="http://www.xbrl.org/2003/role/label"/>
    <link:loc xlink:type="locator" xlink:href="../../c-ross_core_2015-12-31.xsd#c-ross_AccountingMethodOfInvestmentPropertyAxis" xlink:label="AccountingMethodOfInvestmentPropertyAxis" xlink:title="AccountingMethodOfInvestmentPropertyAxis"/>
    <link:presentationArc xlink:type="arc" xlink:arcrole="http://www.xbrl.org/2003/arcrole/parent-child" xlink:from="AssetRiskOfPropertyPriceRiskDetailsTable" xlink:to="AccountingMethodOfInvestmentPropertyAxis" xlink:title="presentation: AssetRiskOfPropertyPriceRiskDetailsTable to AccountingMethodOfInvestmentPropertyAxis" use="optional" order="30.0" preferredLabel="http://www.xbrl.org/2003/role/label"/>
    <link:loc xlink:type="locator" xlink:href="../../c-ross_core_2015-12-31.xsd#c-ross_AccountingMethodOfInvestmentPropertyMember" xlink:label="AccountingMethodOfInvestmentPropertyMember" xlink:title="AccountingMethodOfInvestmentPropertyMember"/>
    <link:presentationArc xlink:type="arc" xlink:arcrole="http://www.xbrl.org/2003/arcrole/parent-child" xlink:from="AccountingMethodOfInvestmentPropertyAxis" xlink:to="AccountingMethodOfInvestmentPropertyMember" xlink:title="presentation: AccountingMethodOfInvestmentPropertyAxis to AccountingMethodOfInvestmentPropertyMember" use="optional" order="10.0" preferredLabel="http://www.xbrl.org/2003/role/label"/>
    <link:loc xlink:type="locator" xlink:href="../../c-ross_core_2015-12-31.xsd#c-ross_FairValueMethodMember" xlink:label="FairValueMethodMember" xlink:title="FairValueMethodMember"/>
    <link:presentationArc xlink:type="arc" xlink:arcrole="http://www.xbrl.org/2003/arcrole/parent-child" xlink:from="AccountingMethodOfInvestmentPropertyMember" xlink:to="FairValueMethodMember" xlink:title="presentation: AccountingMethodOfInvestmentPropertyMember to FairValueMethodMember" use="optional" order="10.0" preferredLabel="http://www.xbrl.org/2003/role/label"/>
    <link:loc xlink:type="locator" xlink:href="../../c-ross_core_2015-12-31.xsd#c-ross_PropertyPriceRiskInvestmentPropertyHeldByCompanyDirectlyInvestmentPropertyHeldThroughProjectCompanyByFairValueMethodLineNumberAxis" xlink:label="PriceRiskInvestmentPropertyHeldByCompanyDirectlyInvestmentPropertyHeldThroughProjectCompanyByFairValueMethodLineNumberAxis" xlink:title="PriceRiskInvestmentPropertyHeldByCompanyDirectlyInvestmentPropertyHeldThroughProjectCompanyByFairValueMethodLineNumberAxis"/>
    <link:presentationArc xlink:type="arc" xlink:arcrole="http://www.xbrl.org/2003/arcrole/parent-child" xlink:from="AssetRiskOfPropertyPriceRiskDetailsTable" xlink:to="PriceRiskInvestmentPropertyHeldByCompanyDirectlyInvestmentPropertyHeldThroughProjectCompanyByFairValueMethodLineNumberAxis" xlink:title="presentation: AssetRiskOfPropertyPriceRiskDetailsTable to PriceRiskInvestmentPropertyHeldByCompanyDirectlyInvestmentPropertyHeldThroughProjectCompanyByFairValueMethodLineNumberAxis" use="optional" order="40.0" preferredLabel="http://www.xbrl.org/2003/role/terseLabel"/>
    <link:loc xlink:type="locator" xlink:href="../../c-ross_core_2015-12-31.xsd#c-ross_PropertyPriceRiskInvestmentPropertyLineItems" xlink:label="AssetRiskOfPropertyPriceRiskDetailsLineItems" xlink:title="AssetRiskOfPropertyPriceRiskDetailsLineItems"/>
    <link:loc xlink:type="locator" xlink:href="../../c-ross_core_2015-12-31.xsd#c-ross_PropertyPriceRiskInvestmentPropertyAssetDetails" xlink:label="PriceRiskInvestmentPropertyAssetDetails" xlink:title="PriceRiskInvestmentPropertyAssetDetails"/>
    <link:presentationArc xlink:type="arc" xlink:arcrole="http://www.xbrl.org/2003/arcrole/parent-child" xlink:from="AssetRiskOfPropertyPriceRiskDetailsLineItems" xlink:to="PriceRiskInvestmentPropertyAssetDetails" xlink:title="presentation: AssetRiskOfPropertyPriceRiskDetailsLineItems to PriceRiskInvestmentPropertyAssetDetails" use="optional" order="10.0" preferredLabel="http://www.xbrl.org/2003/role/terseLabel"/>
    <link:loc xlink:type="locator" xlink:href="../../c-ross_core_2015-12-31.xsd#c-ross_PropertyPriceRiskInvestmentPropertyPurchaseCost" xlink:label="PriceRiskInvestmentPropertyPurchaseCost" xlink:title="PriceRiskInvestmentPropertyPurchaseCost"/>
    <link:presentationArc xlink:type="arc" xlink:arcrole="http://www.xbrl.org/2003/arcrole/parent-child" xlink:from="AssetRiskOfPropertyPriceRiskDetailsLineItems" xlink:to="PriceRiskInvestmentPropertyPurchaseCost" xlink:title="presentation: AssetRiskOfPropertyPriceRiskDetailsLineItems to PriceRiskInvestmentPropertyPurchaseCost" use="optional" order="20.0" preferredLabel="http://www.xbrl.org/2003/role/terseLabel"/>
    <link:loc xlink:type="locator" xlink:href="../../c-ross_core_2015-12-31.xsd#c-ross_PropertyPriceRiskInvestmentPropertyLocation" xlink:label="PriceRiskInvestmentPropertyLocation" xlink:title="PriceRiskInvestmentPropertyLocation"/>
    <link:presentationArc xlink:type="arc" xlink:arcrole="http://www.xbrl.org/2003/arcrole/parent-child" xlink:from="AssetRiskOfPropertyPriceRiskDetailsLineItems" xlink:to="PriceRiskInvestmentPropertyLocation" xlink:title="presentation: AssetRiskOfPropertyPriceRiskDetailsLineItems to PriceRiskInvestmentPropertyLocation" use="optional" order="30.0" preferredLabel="http://www.xbrl.org/2003/role/terseLabel"/>
    <link:loc xlink:type="locator" xlink:href="../../c-ross_core_2015-12-31.xsd#c-ross_PropertyPriceRiskInvestmentPropertyAdmittedValue" xlink:label="PriceRiskInvestmentPropertyAdmittedValue" xlink:title="PriceRiskInvestmentPropertyAdmittedValue"/>
    <link:presentationArc xlink:type="arc" xlink:arcrole="http://www.xbrl.org/2003/arcrole/parent-child" xlink:from="AssetRiskOfPropertyPriceRiskDetailsLineItems" xlink:to="PriceRiskInvestmentPropertyAdmittedValue" xlink:title="presentation: AssetRiskOfPropertyPriceRiskDetailsLineItems to PriceRiskInvestmentPropertyAdmittedValue" use="optional" order="40.0" preferredLabel="http://www.xbrl.org/2003/role/terseLabel"/>
    <link:loc xlink:type="locator" xlink:href="../../c-ross_core_2015-12-31.xsd#c-ross_PropertyPriceRiskInvestmentPropertyRiskExposure" xlink:label="PriceRiskInvestmentPropertyRiskExposure" xlink:title="PriceRiskInvestmentPropertyRiskExposure"/>
    <link:presentationArc xlink:type="arc" xlink:arcrole="http://www.xbrl.org/2003/arcrole/parent-child" xlink:from="AssetRiskOfPropertyPriceRiskDetailsLineItems" xlink:to="PriceRiskInvestmentPropertyRiskExposure" xlink:title="presentation: AssetRiskOfPropertyPriceRiskDetailsLineItems to PriceRiskInvestmentPropertyRiskExposure" use="optional" order="50.0" preferredLabel="http://www.xbrl.org/2003/role/terseLabel"/>
    <link:loc xlink:type="locator" xlink:href="../../c-ross_core_2015-12-31.xsd#c-ross_PropertyPriceRiskInvestmentPropertyBaseRiskFactor" xlink:label="PriceRiskInvestmentPropertyBaseRiskFactor" xlink:title="PriceRiskInvestmentPropertyBaseRiskFactor"/>
    <link:presentationArc xlink:type="arc" xlink:arcrole="http://www.xbrl.org/2003/arcrole/parent-child" xlink:from="AssetRiskOfPropertyPriceRiskDetailsLineItems" xlink:to="PriceRiskInvestmentPropertyBaseRiskFactor" xlink:title="presentation: AssetRiskOfPropertyPriceRiskDetailsLineItems to PriceRiskInvestmentPropertyBaseRiskFactor" use="optional" order="60.0" preferredLabel="http://www.xbrl.org/2003/role/terseLabel"/>
    <link:loc xlink:type="locator" xlink:href="../../c-ross_core_2015-12-31.xsd#c-ross_PropertyPriceRiskInvestmentPropertyRiskFactorOne" xlink:label="PriceRiskInvestmentPropertyRiskFactorOne" xlink:title="PriceRiskInvestmentPropertyRiskFactorOne"/>
    <link:presentationArc xlink:type="arc" xlink:arcrole="http://www.xbrl.org/2003/arcrole/parent-child" xlink:from="AssetRiskOfPropertyPriceRiskDetailsLineItems" xlink:to="PriceRiskInvestmentPropertyRiskFactorOne" xlink:title="presentation: AssetRiskOfPropertyPriceRiskDetailsLineItems to PriceRiskInvestmentPropertyRiskFactorOne" use="optional" order="70.0" preferredLabel="http://www.xbrl.org/2003/role/terseLabel"/>
    <link:loc xlink:type="locator" xlink:href="../../c-ross_core_2015-12-31.xsd#c-ross_PropertyPriceRiskInvestmentPropertyRiskFactorTwo" xlink:label="PriceRiskInvestmentPropertyRiskFactorTwo" xlink:title="PriceRiskInvestmentPropertyRiskFactorTwo"/>
    <link:presentationArc xlink:type="arc" xlink:arcrole="http://www.xbrl.org/2003/arcrole/parent-child" xlink:from="AssetRiskOfPropertyPriceRiskDetailsLineItems" xlink:to="PriceRiskInvestmentPropertyRiskFactorTwo" xlink:title="presentation: AssetRiskOfPropertyPriceRiskDetailsLineItems to PriceRiskInvestmentPropertyRiskFactorTwo" use="optional" order="80.0" preferredLabel="http://www.xbrl.org/2003/role/terseLabel"/>
    <link:loc xlink:type="locator" xlink:href="../../c-ross_core_2015-12-31.xsd#c-ross_PropertyPriceRiskInvestmentPropertyRiskFactorThree" xlink:label="PriceRiskInvestmentPropertyRiskFactorThree" xlink:title="PriceRiskInvestmentPropertyRiskFactorThree"/>
    <link:presentationArc xlink:type="arc" xlink:arcrole="http://www.xbrl.org/2003/arcrole/parent-child" xlink:from="AssetRiskOfPropertyPriceRiskDetailsLineItems" xlink:to="PriceRiskInvestmentPropertyRiskFactorThree" xlink:title="presentation: AssetRiskOfPropertyPriceRiskDetailsLineItems to PriceRiskInvestmentPropertyRiskFactorThree" use="optional" order="90.0" preferredLabel="http://www.xbrl.org/2003/role/terseLabel"/>
    <link:loc xlink:type="locator" xlink:href="../../c-ross_core_2015-12-31.xsd#c-ross_MarketRiskMinimumCapitalForPropertyPriceRisk" xlink:label="MarketRiskMinimumCapitalForPropertyPriceRisk" xlink:title="MarketRiskMinimumCapitalForPropertyPriceRisk"/>
    <link:presentationArc xlink:type="arc" xlink:arcrole="http://www.xbrl.org/2003/arcrole/parent-child" xlink:from="AssetRiskOfPropertyPriceRiskDetailsLineItems" xlink:to="MarketRiskMinimumCapitalForPropertyPriceRisk" xlink:title="presentation: AssetRiskOfPropertyPriceRiskDetailsLineItems to MarketRiskMinimumCapitalForPropertyPriceRisk" use="optional" order="100.0" preferredLabel="http://www.xbrl.org/2003/role/terseLabel"/>
    <link:loc xlink:type="locator" xlink:href="../../c-ross_core_2015-12-31.xsd#c-ross_PropertyPriceRiskInvestmentPropertyHeldByCompanyDirectlyInvestmentPropertyHeldThroughProjectCompanyByFairValueMethodAbstract" xlink:label="AssetRiskOfPropertyPriceRiskInvestmentPropertyHeldThroughProjectCompanyByFairValueMethodDetailsAbstract" xlink:title="AssetRiskOfPropertyPriceRiskInvestmentPropertyHeldThroughProjectCompanyByFairValueMethodDetailsAbstract"/>
    <link:presentationArc xlink:type="arc" xlink:arcrole="http://www.xbrl.org/2003/arcrole/parent-child" xlink:from="AssetRiskOfPropertyPriceRiskInvestmentPropertyHeldThroughProjectCompanyByFairValueMethodDetailsAbstract" xlink:to="AssetRiskOfPropertyPriceRiskDetailsTable" xlink:title="presentation: AssetRiskOfPropertyPriceRiskInvestmentPropertyHeldThroughProjectCompanyByFairValueMethodDetailsAbstract to AssetRiskOfPropertyPriceRiskDetailsTable" use="optional" order="10.0" preferredLabel="http://www.xbrl.org/2003/role/label"/>
    <link:presentationArc xlink:type="arc" xlink:arcrole="http://www.xbrl.org/2003/arcrole/parent-child" xlink:from="AssetRiskOfPropertyPriceRiskInvestmentPropertyHeldThroughProjectCompanyByFairValueMethodDetailsAbstract" xlink:to="AssetRiskOfPropertyPriceRiskDetailsLineItems" xlink:title="presentation: AssetRiskOfPropertyPriceRiskInvestmentPropertyHeldThroughProjectCompanyByFairValueMethodDetailsAbstract to AssetRiskOfPropertyPriceRiskDetailsLineItems" use="optional" order="20.0" preferredLabel="http://www.xbrl.org/2003/role/label"/>
  </link:presentationLink>
</link:linkbase>
