<?xml version="1.0" encoding="UTF-8"?>

<!--
	Taxonomy: 2015-12-31 (Final)
	**********************
	Copyright © 2015 China Insurance Regulatory Commission.
	All rights reserved.  No part of this publication may be translated, reprinted or reproduced
	or utilised in any form either in whole or in part without prior permission in writing from China Insurance Regulatory Commission.
	  **********************
	-->
<link:linkbase xmlns:xsi="http://www.w3.org/2001/XMLSchema-instance" xsi:schemaLocation="http://www.xbrl.org/2003/linkbase http://www.xbrl.org/2003/xbrl-linkbase-2003-12-31.xsd" xmlns:c-ross="http://xbrl.circ.gov.cn/taxonomy/2015-12-31/c-ross" xmlns:link="http://www.xbrl.org/2003/linkbase" xmlns:q_s_pc_entry_point="http://xbrl.circ.gov.cn/taxonomy/2015-12-31/c-ross/q_s_pc_entry_point" xmlns:xlink="http://www.w3.org/1999/xlink" xmlns:xbrli="http://www.xbrl.org/2003/instance" xmlns:xbrldt="http://xbrl.org/2005/xbrldt">
  <link:roleRef roleURI="http://xbrl.circ.gov.cn/role/c-ross_2015-12-31_role-3171200a" xlink:type="simple" xlink:href="rol_c-ross_8_2015-12-31.xsd#c-ross_2015-12-31-3171200a"/>
  <link:arcroleRef arcroleURI="http://xbrl.org/int/dim/arcrole/all" xlink:type="simple" xlink:href="http://www.xbrl.org/2005/xbrldt-2005.xsd#all"/>
  <link:arcroleRef arcroleURI="http://xbrl.org/int/dim/arcrole/domain-member" xlink:type="simple" xlink:href="http://www.xbrl.org/2005/xbrldt-2005.xsd#domain-member"/>
  <link:arcroleRef arcroleURI="http://xbrl.org/int/dim/arcrole/hypercube-dimension" xlink:type="simple" xlink:href="http://www.xbrl.org/2005/xbrldt-2005.xsd#hypercube-dimension"/>
  <link:definitionLink xlink:type="extended" xlink:role="http://xbrl.circ.gov.cn/role/c-ross_2015-12-31_role-3171200a">
    <link:loc xlink:type="locator" xlink:href="../../c-ross_core_2015-12-31.xsd#c-ross_CounterpartyDefaultRiskPropertyDebtInvestmentPlansDetailsAbstract" xlink:label="CounterpartyDefaultRiskPropertyDebtInvestmentPlansDetailsAbstract" xlink:title="CounterpartyDefaultRiskPropertyDebtInvestmentPlansDetailsAbstract"/>
    <link:loc xlink:type="locator" xlink:href="../../c-ross_core_2015-12-31.xsd#c-ross_CounterpartyDefaultRiskPropertyDebtInvestmentPlansTable" xlink:label="CounterpartyDefaultRiskPropertyDebtInvestmentPlansTable" xlink:title="CounterpartyDefaultRiskPropertyDebtInvestmentPlansTable"/>
    <link:definitionArc xlink:type="arc" xlink:arcrole="http://xbrl.org/int/dim/arcrole/all" xlink:from="CounterpartyDefaultRiskPropertyDebtInvestmentPlansDetailsAbstract" xlink:to="CounterpartyDefaultRiskPropertyDebtInvestmentPlansTable" xlink:title="definition: CounterpartyDefaultRiskPropertyDebtInvestmentPlansDetailsAbstract to CounterpartyDefaultRiskPropertyDebtInvestmentPlansTable" use="optional" order="10.0" xbrldt:closed="true" xbrldt:contextElement="scenario"/>
    <link:loc xlink:type="locator" xlink:href="../../c-ross_core_2015-12-31.xsd#c-ross_CounterpartyDefaultRiskPropertyDebtInvestmentPlansLineNumberAxis" xlink:label="CounterpartyDefaultRiskPropertyDebtInvestmentPlansLineNumberAxis" xlink:title="CounterpartyDefaultRiskPropertyDebtInvestmentPlansLineNumberAxis"/>
    <link:definitionArc xlink:type="arc" xlink:arcrole="http://xbrl.org/int/dim/arcrole/hypercube-dimension" xlink:from="CounterpartyDefaultRiskPropertyDebtInvestmentPlansTable" xlink:to="CounterpartyDefaultRiskPropertyDebtInvestmentPlansLineNumberAxis" xlink:title="definition: CounterpartyDefaultRiskPropertyDebtInvestmentPlansTable to CounterpartyDefaultRiskPropertyDebtInvestmentPlansLineNumberAxis" use="optional" order="10.0"/>
    <link:loc xlink:type="locator" xlink:href="../../c-ross_core_2015-12-31.xsd#c-ross_CounterpartyDefaultRiskPropertyDebtInvestmentPlansLineItems" xlink:label="CounterpartyDefaultRiskPropertyDebtInvestmentPlansLineItems" xlink:title="CounterpartyDefaultRiskPropertyDebtInvestmentPlansLineItems"/>
    <link:definitionArc xlink:type="arc" xlink:arcrole="http://xbrl.org/int/dim/arcrole/domain-member" xlink:from="CounterpartyDefaultRiskPropertyDebtInvestmentPlansDetailsAbstract" xlink:to="CounterpartyDefaultRiskPropertyDebtInvestmentPlansLineItems" xlink:title="definition: CounterpartyDefaultRiskPropertyDebtInvestmentPlansDetailsAbstract to CounterpartyDefaultRiskPropertyDebtInvestmentPlansLineItems" use="optional" order="20.0"/>
    <link:loc xlink:type="locator" xlink:href="../../c-ross_core_2015-12-31.xsd#c-ross_CounterpartyDefaultRiskPropertyDebtInvestmentPlansProductName" xlink:label="CounterpartyDefaultRiskPropertyDebtInvestmentPlansName" xlink:title="CounterpartyDefaultRiskPropertyDebtInvestmentPlansName"/>
    <link:definitionArc xlink:type="arc" xlink:arcrole="http://xbrl.org/int/dim/arcrole/domain-member" xlink:from="CounterpartyDefaultRiskPropertyDebtInvestmentPlansLineItems" xlink:to="CounterpartyDefaultRiskPropertyDebtInvestmentPlansName" xlink:title="definition: CounterpartyDefaultRiskPropertyDebtInvestmentPlansLineItems to CounterpartyDefaultRiskPropertyDebtInvestmentPlansName" use="optional" order="10.0"/>
    <link:loc xlink:type="locator" xlink:href="../../c-ross_core_2015-12-31.xsd#c-ross_CounterpartyDefaultRiskPropertyDebtInvestmentPlansCreditRatingsForAssets" xlink:label="CounterpartyDefaultRiskPropertyDebtInvestmentPlansCreditRatingsForAssets" xlink:title="CounterpartyDefaultRiskPropertyDebtInvestmentPlansCreditRatingsForAssets"/>
    <link:definitionArc xlink:type="arc" xlink:arcrole="http://xbrl.org/int/dim/arcrole/domain-member" xlink:from="CounterpartyDefaultRiskPropertyDebtInvestmentPlansLineItems" xlink:to="CounterpartyDefaultRiskPropertyDebtInvestmentPlansCreditRatingsForAssets" xlink:title="definition: CounterpartyDefaultRiskPropertyDebtInvestmentPlansLineItems to CounterpartyDefaultRiskPropertyDebtInvestmentPlansCreditRatingsForAssets" use="optional" order="20.0"/>
    <link:loc xlink:type="locator" xlink:href="../../c-ross_core_2015-12-31.xsd#c-ross_CounterpartyDefaultRiskPropertyDebtInvestmentPlansIssuer" xlink:label="CounterpartyDefaultRiskPropertyDebtInvestmentPlansIssuer" xlink:title="CounterpartyDefaultRiskPropertyDebtInvestmentPlansIssuer"/>
    <link:definitionArc xlink:type="arc" xlink:arcrole="http://xbrl.org/int/dim/arcrole/domain-member" xlink:from="CounterpartyDefaultRiskPropertyDebtInvestmentPlansLineItems" xlink:to="CounterpartyDefaultRiskPropertyDebtInvestmentPlansIssuer" xlink:title="definition: CounterpartyDefaultRiskPropertyDebtInvestmentPlansLineItems to CounterpartyDefaultRiskPropertyDebtInvestmentPlansIssuer" use="optional" order="30.0"/>
    <link:loc xlink:type="locator" xlink:href="../../c-ross_core_2015-12-31.xsd#c-ross_CounterpartyDefaultRiskPropertyDebtInvestmentPlansAdmittedValue" xlink:label="CounterpartyDefaultRiskPropertyDebtInvestmentPlansAdmittedValue" xlink:title="CounterpartyDefaultRiskPropertyDebtInvestmentPlansAdmittedValue"/>
    <link:definitionArc xlink:type="arc" xlink:arcrole="http://xbrl.org/int/dim/arcrole/domain-member" xlink:from="CounterpartyDefaultRiskPropertyDebtInvestmentPlansLineItems" xlink:to="CounterpartyDefaultRiskPropertyDebtInvestmentPlansAdmittedValue" xlink:title="definition: CounterpartyDefaultRiskPropertyDebtInvestmentPlansLineItems to CounterpartyDefaultRiskPropertyDebtInvestmentPlansAdmittedValue" use="optional" order="50.0"/>
    <link:loc xlink:type="locator" xlink:href="../../c-ross_core_2015-12-31.xsd#c-ross_CounterpartyDefaultRiskPropertyDebtInvestmentPlansInterestReceivable" xlink:label="CounterpartyDefaultRiskPropertyDebtInvestmentPlansInterestReceivable" xlink:title="CounterpartyDefaultRiskPropertyDebtInvestmentPlansInterestReceivable"/>
    <link:definitionArc xlink:type="arc" xlink:arcrole="http://xbrl.org/int/dim/arcrole/domain-member" xlink:from="CounterpartyDefaultRiskPropertyDebtInvestmentPlansLineItems" xlink:to="CounterpartyDefaultRiskPropertyDebtInvestmentPlansInterestReceivable" xlink:title="definition: CounterpartyDefaultRiskPropertyDebtInvestmentPlansLineItems to CounterpartyDefaultRiskPropertyDebtInvestmentPlansInterestReceivable" use="optional" order="60.0"/>
    <link:loc xlink:type="locator" xlink:href="../../c-ross_core_2015-12-31.xsd#c-ross_CounterpartyDefaultRiskPropertyDebtInvestmentPlansRiskExposure" xlink:label="CounterpartyDefaultRiskPropertyDebtInvestmentPlansRiskExposure" xlink:title="CounterpartyDefaultRiskPropertyDebtInvestmentPlansRiskExposure"/>
    <link:definitionArc xlink:type="arc" xlink:arcrole="http://xbrl.org/int/dim/arcrole/domain-member" xlink:from="CounterpartyDefaultRiskPropertyDebtInvestmentPlansLineItems" xlink:to="CounterpartyDefaultRiskPropertyDebtInvestmentPlansRiskExposure" xlink:title="definition: CounterpartyDefaultRiskPropertyDebtInvestmentPlansLineItems to CounterpartyDefaultRiskPropertyDebtInvestmentPlansRiskExposure" use="optional" order="70.0"/>
    <link:loc xlink:type="locator" xlink:href="../../c-ross_core_2015-12-31.xsd#c-ross_CounterpartyDefaultRiskPropertyDebtInvestmentPlansBaseRiskFactor" xlink:label="CounterpartyDefaultRiskPropertyDebtInvestmentPlansBaseRiskFactor" xlink:title="CounterpartyDefaultRiskPropertyDebtInvestmentPlansBaseRiskFactor"/>
    <link:definitionArc xlink:type="arc" xlink:arcrole="http://xbrl.org/int/dim/arcrole/domain-member" xlink:from="CounterpartyDefaultRiskPropertyDebtInvestmentPlansLineItems" xlink:to="CounterpartyDefaultRiskPropertyDebtInvestmentPlansBaseRiskFactor" xlink:title="definition: CounterpartyDefaultRiskPropertyDebtInvestmentPlansLineItems to CounterpartyDefaultRiskPropertyDebtInvestmentPlansBaseRiskFactor" use="optional" order="80.0"/>
    <link:loc xlink:type="locator" xlink:href="../../c-ross_core_2015-12-31.xsd#c-ross_CounterpartyDefaultRiskPropertyDebtInvestmentPlansMinimumCapital" xlink:label="CounterpartyDefaultRiskPropertyDebtInvestmentPlansMinimumCapital" xlink:title="CounterpartyDefaultRiskPropertyDebtInvestmentPlansMinimumCapital"/>
    <link:definitionArc xlink:type="arc" xlink:arcrole="http://xbrl.org/int/dim/arcrole/domain-member" xlink:from="CounterpartyDefaultRiskPropertyDebtInvestmentPlansLineItems" xlink:to="CounterpartyDefaultRiskPropertyDebtInvestmentPlansMinimumCapital" xlink:title="definition: CounterpartyDefaultRiskPropertyDebtInvestmentPlansLineItems to CounterpartyDefaultRiskPropertyDebtInvestmentPlansMinimumCapital" use="optional" order="90.0"/>
    <link:loc xlink:type="locator" xlink:href="../../c-ross_core_2015-12-31.xsd#c-ross_CounterpartyDefaultRiskPropertyDebtInvestmentPlansFinancingBody" xlink:label="CounterpartyDefaultRiskPropertyDebtInvestmentPlansFinancingBody" xlink:title="CounterpartyDefaultRiskPropertyDebtInvestmentPlansFinancingBody"/>
    <link:definitionArc xlink:type="arc" xlink:arcrole="http://xbrl.org/int/dim/arcrole/domain-member" xlink:from="CounterpartyDefaultRiskPropertyDebtInvestmentPlansLineItems" xlink:to="CounterpartyDefaultRiskPropertyDebtInvestmentPlansFinancingBody" xlink:title="definition: CounterpartyDefaultRiskPropertyDebtInvestmentPlansLineItems to CounterpartyDefaultRiskPropertyDebtInvestmentPlansFinancingBody" order="40.0"/>
  </link:definitionLink>
</link:linkbase>
