<?xml version="1.0" encoding="UTF-8"?>

<!--
	Taxonomy: 2015-12-31 (Final)
	**********************
	Copyright © 2015 China Insurance Regulatory Commission.
	All rights reserved.  No part of this publication may be translated, reprinted or reproduced
	or utilised in any form either in whole or in part without prior permission in writing from China Insurance Regulatory Commission.
	  **********************
	-->
<link:linkbase xmlns:xsi="http://www.w3.org/2001/XMLSchema-instance" xsi:schemaLocation="http://www.xbrl.org/2003/linkbase http://www.xbrl.org/2003/xbrl-linkbase-2003-12-31.xsd" xmlns:c-ross="http://xbrl.circ.gov.cn/taxonomy/2015-12-31/c-ross" xmlns:link="http://www.xbrl.org/2003/linkbase" xmlns:q_s_pc_entry_point="http://xbrl.circ.gov.cn/taxonomy/2015-12-31/c-ross/q_s_pc_entry_point" xmlns:xlink="http://www.w3.org/1999/xlink" xmlns:xbrli="http://www.xbrl.org/2003/instance" xmlns:xbrldt="http://xbrl.org/2005/xbrldt">
  <link:roleRef roleURI="http://xbrl.circ.gov.cn/role/c-ross_2015-12-31_role-3171000a" xlink:type="simple" xlink:href="rol_c-ross_8_2015-12-31.xsd#c-ross_2015-12-31-3171000a"/>
  <link:arcroleRef arcroleURI="http://xbrl.org/int/dim/arcrole/all" xlink:type="simple" xlink:href="http://www.xbrl.org/2005/xbrldt-2005.xsd#all"/>
  <link:arcroleRef arcroleURI="http://xbrl.org/int/dim/arcrole/domain-member" xlink:type="simple" xlink:href="http://www.xbrl.org/2005/xbrldt-2005.xsd#domain-member"/>
  <link:arcroleRef arcroleURI="http://xbrl.org/int/dim/arcrole/hypercube-dimension" xlink:type="simple" xlink:href="http://www.xbrl.org/2005/xbrldt-2005.xsd#hypercube-dimension"/>
  <link:definitionLink xlink:type="extended" xlink:role="http://xbrl.circ.gov.cn/role/c-ross_2015-12-31_role-3171000a">
    <link:loc xlink:type="locator" xlink:href="../../c-ross_core_2015-12-31.xsd#c-ross_CounterpartyDefaultRiskAssetManagementProductsDetailsAbstract" xlink:label="CounterpartyDefaultRiskAssetManagementProductsDetailsAbstract" xlink:title="CounterpartyDefaultRiskAssetManagementProductsDetailsAbstract"/>
    <link:loc xlink:type="locator" xlink:href="../../c-ross_core_2015-12-31.xsd#c-ross_CounterpartyDefaultRiskAssetManagementProductsTable" xlink:label="CounterpartyDefaultRiskAssetManagementProductsTable" xlink:title="CounterpartyDefaultRiskAssetManagementProductsTable"/>
    <link:definitionArc xlink:type="arc" xlink:arcrole="http://xbrl.org/int/dim/arcrole/all" xlink:from="CounterpartyDefaultRiskAssetManagementProductsDetailsAbstract" xlink:to="CounterpartyDefaultRiskAssetManagementProductsTable" xlink:title="definition: CounterpartyDefaultRiskAssetManagementProductsDetailsAbstract to CounterpartyDefaultRiskAssetManagementProductsTable" use="optional" order="10.0" xbrldt:contextElement="scenario" xbrldt:closed="true"/>
    <link:loc xlink:type="locator" xlink:href="../../c-ross_core_2015-12-31.xsd#c-ross_CounterpartyDefaultRiskAssetManagementProductsLineNumberAxis" xlink:label="CounterpartyDefaultRiskAssetManagementProductsLineNumberAxis" xlink:title="CounterpartyDefaultRiskAssetManagementProductsLineNumberAxis"/>
    <link:definitionArc xlink:type="arc" xlink:arcrole="http://xbrl.org/int/dim/arcrole/hypercube-dimension" xlink:from="CounterpartyDefaultRiskAssetManagementProductsTable" xlink:to="CounterpartyDefaultRiskAssetManagementProductsLineNumberAxis" xlink:title="definition: CounterpartyDefaultRiskAssetManagementProductsTable to CounterpartyDefaultRiskAssetManagementProductsLineNumberAxis" use="optional" order="10.0"/>
    <link:loc xlink:type="locator" xlink:href="../../c-ross_core_2015-12-31.xsd#c-ross_CounterpartyDefaultRiskAssetManagementProductsLineItems" xlink:label="CounterpartyDefaultRiskAssetManagementProductsLineItems" xlink:title="CounterpartyDefaultRiskAssetManagementProductsLineItems"/>
    <link:definitionArc xlink:type="arc" xlink:arcrole="http://xbrl.org/int/dim/arcrole/domain-member" xlink:from="CounterpartyDefaultRiskAssetManagementProductsDetailsAbstract" xlink:to="CounterpartyDefaultRiskAssetManagementProductsLineItems" xlink:title="definition: CounterpartyDefaultRiskAssetManagementProductsDetailsAbstract to CounterpartyDefaultRiskAssetManagementProductsLineItems" use="optional" order="20.0"/>
    <link:loc xlink:type="locator" xlink:href="../../c-ross_core_2015-12-31.xsd#c-ross_CounterpartyDefaultRiskAssetManagementProductsProductName" xlink:label="CounterpartyDefaultRiskAssetManagementProductsAssetName" xlink:title="CounterpartyDefaultRiskAssetManagementProductsAssetName"/>
    <link:definitionArc xlink:type="arc" xlink:arcrole="http://xbrl.org/int/dim/arcrole/domain-member" xlink:from="CounterpartyDefaultRiskAssetManagementProductsLineItems" xlink:to="CounterpartyDefaultRiskAssetManagementProductsAssetName" xlink:title="definition: CounterpartyDefaultRiskAssetManagementProductsLineItems to CounterpartyDefaultRiskAssetManagementProductsAssetName" use="optional" order="10.0"/>
    <link:loc xlink:type="locator" xlink:href="../../c-ross_core_2015-12-31.xsd#c-ross_CounterpartyDefaultRiskAssetManagementProductsCreditRatingsForAssets" xlink:label="CounterpartyDefaultRiskAssetManagementProductsCreditRatingsForAssets" xlink:title="CounterpartyDefaultRiskAssetManagementProductsCreditRatingsForAssets"/>
    <link:definitionArc xlink:type="arc" xlink:arcrole="http://xbrl.org/int/dim/arcrole/domain-member" xlink:from="CounterpartyDefaultRiskAssetManagementProductsLineItems" xlink:to="CounterpartyDefaultRiskAssetManagementProductsCreditRatingsForAssets" xlink:title="definition: CounterpartyDefaultRiskAssetManagementProductsLineItems to CounterpartyDefaultRiskAssetManagementProductsCreditRatingsForAssets" use="optional" order="20.0"/>
    <link:loc xlink:type="locator" xlink:href="../../c-ross_core_2015-12-31.xsd#c-ross_CounterpartyDefaultRiskAssetManagementProductsIssuer" xlink:label="CounterpartyDefaultRiskAssetManagementProductsIssuer" xlink:title="CounterpartyDefaultRiskAssetManagementProductsIssuer"/>
    <link:definitionArc xlink:type="arc" xlink:arcrole="http://xbrl.org/int/dim/arcrole/domain-member" xlink:from="CounterpartyDefaultRiskAssetManagementProductsLineItems" xlink:to="CounterpartyDefaultRiskAssetManagementProductsIssuer" xlink:title="definition: CounterpartyDefaultRiskAssetManagementProductsLineItems to CounterpartyDefaultRiskAssetManagementProductsIssuer" use="optional" order="30.0"/>
    <link:loc xlink:type="locator" xlink:href="../../c-ross_core_2015-12-31.xsd#c-ross_CounterpartyDefaultRiskAssetManagementProductsAdmittedValue" xlink:label="CounterpartyDefaultRiskAssetManagementProductsAdmittedValue" xlink:title="CounterpartyDefaultRiskAssetManagementProductsAdmittedValue"/>
    <link:definitionArc xlink:type="arc" xlink:arcrole="http://xbrl.org/int/dim/arcrole/domain-member" xlink:from="CounterpartyDefaultRiskAssetManagementProductsLineItems" xlink:to="CounterpartyDefaultRiskAssetManagementProductsAdmittedValue" xlink:title="definition: CounterpartyDefaultRiskAssetManagementProductsLineItems to CounterpartyDefaultRiskAssetManagementProductsAdmittedValue" use="optional" order="40.0"/>
    <link:loc xlink:type="locator" xlink:href="../../c-ross_core_2015-12-31.xsd#c-ross_CounterpartyDefaultRiskAssetManagementProductsInterestReceivable" xlink:label="CounterpartyDefaultRiskAssetManagementProductsInterestReceivable" xlink:title="CounterpartyDefaultRiskAssetManagementProductsInterestReceivable"/>
    <link:definitionArc xlink:type="arc" xlink:arcrole="http://xbrl.org/int/dim/arcrole/domain-member" xlink:from="CounterpartyDefaultRiskAssetManagementProductsLineItems" xlink:to="CounterpartyDefaultRiskAssetManagementProductsInterestReceivable" xlink:title="definition: CounterpartyDefaultRiskAssetManagementProductsLineItems to CounterpartyDefaultRiskAssetManagementProductsInterestReceivable" use="optional" order="50.0"/>
    <link:loc xlink:type="locator" xlink:href="../../c-ross_core_2015-12-31.xsd#c-ross_CounterpartyDefaultRiskAssetManagementProductsRiskExposure" xlink:label="CounterpartyDefaultRiskAssetManagementProductsRiskExposure" xlink:title="CounterpartyDefaultRiskAssetManagementProductsRiskExposure"/>
    <link:definitionArc xlink:type="arc" xlink:arcrole="http://xbrl.org/int/dim/arcrole/domain-member" xlink:from="CounterpartyDefaultRiskAssetManagementProductsLineItems" xlink:to="CounterpartyDefaultRiskAssetManagementProductsRiskExposure" xlink:title="definition: CounterpartyDefaultRiskAssetManagementProductsLineItems to CounterpartyDefaultRiskAssetManagementProductsRiskExposure" use="optional" order="60.0"/>
    <link:loc xlink:type="locator" xlink:href="../../c-ross_core_2015-12-31.xsd#c-ross_CounterpartyDefaultRiskAssetManagementProductsBaseRiskFactor" xlink:label="CounterpartyDefaultRiskAssetManagementProductsBaseRiskFactor" xlink:title="CounterpartyDefaultRiskAssetManagementProductsBaseRiskFactor"/>
    <link:definitionArc xlink:type="arc" xlink:arcrole="http://xbrl.org/int/dim/arcrole/domain-member" xlink:from="CounterpartyDefaultRiskAssetManagementProductsLineItems" xlink:to="CounterpartyDefaultRiskAssetManagementProductsBaseRiskFactor" xlink:title="definition: CounterpartyDefaultRiskAssetManagementProductsLineItems to CounterpartyDefaultRiskAssetManagementProductsBaseRiskFactor" use="optional" order="70.0"/>
    <link:loc xlink:type="locator" xlink:href="../../c-ross_core_2015-12-31.xsd#c-ross_CounterpartyDefaultRiskAssetManagementProductsMinimumCapital" xlink:label="CounterpartyDefaultRiskAssetManagementProductsMinimumCapital" xlink:title="CounterpartyDefaultRiskAssetManagementProductsMinimumCapital"/>
    <link:definitionArc xlink:type="arc" xlink:arcrole="http://xbrl.org/int/dim/arcrole/domain-member" xlink:from="CounterpartyDefaultRiskAssetManagementProductsLineItems" xlink:to="CounterpartyDefaultRiskAssetManagementProductsMinimumCapital" xlink:title="definition: CounterpartyDefaultRiskAssetManagementProductsLineItems to CounterpartyDefaultRiskAssetManagementProductsMinimumCapital" use="optional" order="80.0"/>
  </link:definitionLink>
</link:linkbase>
