<?xml version="1.0" encoding="UTF-8"?>

<!--
	Taxonomy: 2015-12-31 (Final)
	**********************
	Copyright © 2015 China Insurance Regulatory Commission.
	All rights reserved.  No part of this publication may be translated, reprinted or reproduced
	or utilised in any form either in whole or in part without prior permission in writing from China Insurance Regulatory Commission.
	  **********************
	-->
<link:linkbase xmlns:xsi="http://www.w3.org/2001/XMLSchema-instance" xsi:schemaLocation="http://www.xbrl.org/2003/linkbase http://www.xbrl.org/2003/xbrl-linkbase-2003-12-31.xsd" xmlns:c-ross="http://xbrl.circ.gov.cn/taxonomy/2015-12-31/c-ross" xmlns:link="http://www.xbrl.org/2003/linkbase" xmlns:xlink="http://www.w3.org/1999/xlink" xmlns:xbrli="http://www.xbrl.org/2003/instance" xmlns:xbrldt="http://xbrl.org/2005/xbrldt">
  <link:roleRef roleURI="http://xbrl.circ.gov.cn/role/c-ross_2015-12-31_role-3171620" xlink:type="simple" xlink:href="rol_c-ross_8_2015-12-31.xsd#c-ross_2015-12-31-3171620"/>
  <link:roleRef roleURI="http://xbrl.circ.gov.cn/role/c-ross_2015-12-31_role-3171620a" xlink:type="simple" xlink:href="rol_c-ross_8_2015-12-31.xsd#c-ross_2015-12-31-3171620a"/>
  <link:roleRef roleURI="http://xbrl.circ.gov.cn/role/c-ross_2015-12-31_role-3171620b" xlink:type="simple" xlink:href="rol_c-ross_8_2015-12-31.xsd#c-ross_2015-12-31-3171620b"/>
  <link:arcroleRef arcroleURI="http://xbrl.org/int/dim/arcrole/all" xlink:type="simple" xlink:href="http://www.xbrl.org/2005/xbrldt-2005.xsd#all"/>
  <link:arcroleRef arcroleURI="http://xbrl.org/int/dim/arcrole/dimension-default" xlink:type="simple" xlink:href="http://www.xbrl.org/2005/xbrldt-2005.xsd#dimension-default"/>
  <link:arcroleRef arcroleURI="http://xbrl.org/int/dim/arcrole/dimension-domain" xlink:type="simple" xlink:href="http://www.xbrl.org/2005/xbrldt-2005.xsd#dimension-domain"/>
  <link:arcroleRef arcroleURI="http://xbrl.org/int/dim/arcrole/domain-member" xlink:type="simple" xlink:href="http://www.xbrl.org/2005/xbrldt-2005.xsd#domain-member"/>
  <link:arcroleRef arcroleURI="http://xbrl.org/int/dim/arcrole/hypercube-dimension" xlink:type="simple" xlink:href="http://www.xbrl.org/2005/xbrldt-2005.xsd#hypercube-dimension"/>
  <link:arcroleRef arcroleURI="http://xbrl.org/int/dim/arcrole/notAll" xlink:type="simple" xlink:href="http://www.xbrl.org/2005/xbrldt-2005.xsd#notAll"/>
  <link:definitionLink xlink:type="extended" xlink:role="http://xbrl.circ.gov.cn/role/c-ross_2015-12-31_role-3171620">
    <link:loc xlink:type="locator" xlink:href="../../c-ross_core_2015-12-31.xsd#c-ross_ExcludedTable" xlink:label="Excluded" xlink:title="Excluded"/>
    <link:loc xlink:type="locator" xlink:href="../../c-ross_core_2015-12-31.xsd#c-ross_CounterpartyDefaultRiskOutwardReinsuranceAssetsTypesOfInwardReinsurerAxis" xlink:label="CounterpartyDefaultRiskOutwardReinsuranceAssetsTypesOfInwardReinsurerAxis" xlink:title="CounterpartyDefaultRiskOutwardReinsuranceAssetsTypesOfInwardReinsurerAxis"/>
    <link:definitionArc xlink:type="arc" xlink:arcrole="http://xbrl.org/int/dim/arcrole/hypercube-dimension" xlink:from="Excluded" xlink:to="CounterpartyDefaultRiskOutwardReinsuranceAssetsTypesOfInwardReinsurerAxis" xlink:title="definition: Excluded to CounterpartyDefaultRiskOutwardReinsuranceAssetsTypesOfInwardReinsurerAxis" use="optional" order="10.0"/>
    <link:loc xlink:type="locator" xlink:href="../../c-ross_core_2015-12-31.xsd#c-ross_TypesOfInwardReinsurerMember" xlink:label="TypesOfInwardReinsurerMember" xlink:title="TypesOfInwardReinsurerMember"/>
    <link:definitionArc xlink:type="arc" xlink:arcrole="http://xbrl.org/int/dim/arcrole/dimension-domain" xlink:from="CounterpartyDefaultRiskOutwardReinsuranceAssetsTypesOfInwardReinsurerAxis" xlink:to="TypesOfInwardReinsurerMember" xlink:title="definition: CounterpartyDefaultRiskOutwardReinsuranceAssetsTypesOfInwardReinsurerAxis to TypesOfInwardReinsurerMember" use="optional" order="10.0"/>
    <link:loc xlink:type="locator" xlink:href="../../c-ross_core_2015-12-31.xsd#c-ross_TypesOfInwardReinsurerMember" xlink:label="TypesOfInwardReinsurerMember_2" xlink:title="TypesOfInwardReinsurerMember"/>
    <link:definitionArc xlink:type="arc" xlink:arcrole="http://xbrl.org/int/dim/arcrole/dimension-default" xlink:from="CounterpartyDefaultRiskOutwardReinsuranceAssetsTypesOfInwardReinsurerAxis" xlink:to="TypesOfInwardReinsurerMember_2" xlink:title="definition: CounterpartyDefaultRiskOutwardReinsuranceAssetsTypesOfInwardReinsurerAxis to TypesOfInwardReinsurerMember" use="optional" order="20.0"/>
    <link:loc xlink:type="locator" xlink:href="../../c-ross_core_2015-12-31.xsd#c-ross_DomesticInwardReinsurerMember" xlink:label="DomesticInwardReinsurerMember" xlink:title="DomesticInwardReinsurerMember"/>
    <link:definitionArc xlink:type="arc" xlink:arcrole="http://xbrl.org/int/dim/arcrole/domain-member" xlink:from="TypesOfInwardReinsurerMember" xlink:to="DomesticInwardReinsurerMember" xlink:title="definition: TypesOfInwardReinsurerMember to DomesticInwardReinsurerMember" use="optional" order="10.0"/>
    <link:loc xlink:type="locator" xlink:href="../../c-ross_core_2015-12-31.xsd#c-ross_OverseasInwardReinsurerMember" xlink:label="ForeignInwardReinsurerMember" xlink:title="ForeignInwardReinsurerMember"/>
    <link:definitionArc xlink:type="arc" xlink:arcrole="http://xbrl.org/int/dim/arcrole/domain-member" xlink:from="TypesOfInwardReinsurerMember" xlink:to="ForeignInwardReinsurerMember" xlink:title="definition: TypesOfInwardReinsurerMember to ForeignInwardReinsurerMember" use="optional" order="20.0"/>
    <link:loc xlink:type="locator" xlink:href="../../c-ross_core_2015-12-31.xsd#c-ross_CounterpartyDefaultRiskOutwardReinsuranceAssetsTable" xlink:label="CounterpartyDefaultRiskOutwardReinsuranceAssetsTable" xlink:title="CounterpartyDefaultRiskOutwardReinsuranceAssetsTable"/>
    <link:definitionArc xlink:type="arc" xlink:arcrole="http://xbrl.org/int/dim/arcrole/hypercube-dimension" xlink:from="CounterpartyDefaultRiskOutwardReinsuranceAssetsTable" xlink:to="CounterpartyDefaultRiskOutwardReinsuranceAssetsTypesOfInwardReinsurerAxis" xlink:title="definition: CounterpartyDefaultRiskOutwardReinsuranceAssetsTable to CounterpartyDefaultRiskOutwardReinsuranceAssetsTypesOfInwardReinsurerAxis" use="optional" order="10.0"/>
    <link:loc xlink:type="locator" xlink:href="../../c-ross_core_2015-12-31.xsd#c-ross_CounterpartyDefaultRiskOutwardReinsuranceAssetsLineItems" xlink:label="CounterpartyDefaultRiskOutwardReinsuranceAssetsLineItems" xlink:title="CounterpartyDefaultRiskOutwardReinsuranceAssetsLineItems"/>
    <link:loc xlink:type="locator" xlink:href="../../c-ross_core_2015-12-31.xsd#c-ross_CounterpartyDefaultRiskOutwardReinsuranceAssetsSolvencyAdequacyRatio" xlink:label="CounterpartyDefaultRiskOutwardReinsuranceAssetsSolvencyAdequacyRatio" xlink:title="CounterpartyDefaultRiskOutwardReinsuranceAssetsSolvencyAdequacyRatio"/>
    <link:definitionArc xlink:type="arc" xlink:arcrole="http://xbrl.org/int/dim/arcrole/domain-member" xlink:from="CounterpartyDefaultRiskOutwardReinsuranceAssetsLineItems" xlink:to="CounterpartyDefaultRiskOutwardReinsuranceAssetsSolvencyAdequacyRatio" xlink:title="definition: CounterpartyDefaultRiskOutwardReinsuranceAssetsLineItems to CounterpartyDefaultRiskOutwardReinsuranceAssetsSolvencyAdequacyRatio" use="optional" order="20.0"/>
    <link:definitionArc xlink:type="arc" xlink:arcrole="http://xbrl.org/int/dim/arcrole/notAll" xlink:from="CounterpartyDefaultRiskOutwardReinsuranceAssetsSolvencyAdequacyRatio" xlink:to="Excluded" xlink:title="definition: CounterpartyDefaultRiskOutwardReinsuranceAssetsSolvencyAdequacyRatio to Excluded" order="10.0" xbrldt:contextElement="scenario"/>
    <link:loc xlink:type="locator" xlink:href="../../c-ross_core_2015-12-31.xsd#c-ross_CounterpartyDefaultRiskOutwardReinsuranceAssetsGuaranteeMeasuresInPlaceOrNot" xlink:label="CounterpartyDefaultRiskOutwardReinsuranceAssetsGuaranteeMeasuresInPlaceOrNot" xlink:title="CounterpartyDefaultRiskOutwardReinsuranceAssetsGuaranteeMeasuresInPlaceOrNot"/>
    <link:definitionArc xlink:type="arc" xlink:arcrole="http://xbrl.org/int/dim/arcrole/domain-member" xlink:from="CounterpartyDefaultRiskOutwardReinsuranceAssetsLineItems" xlink:to="CounterpartyDefaultRiskOutwardReinsuranceAssetsGuaranteeMeasuresInPlaceOrNot" xlink:title="definition: CounterpartyDefaultRiskOutwardReinsuranceAssetsLineItems to CounterpartyDefaultRiskOutwardReinsuranceAssetsGuaranteeMeasuresInPlaceOrNot" use="optional" order="40.0"/>
    <link:definitionArc xlink:type="arc" xlink:arcrole="http://xbrl.org/int/dim/arcrole/notAll" xlink:from="CounterpartyDefaultRiskOutwardReinsuranceAssetsGuaranteeMeasuresInPlaceOrNot" xlink:to="Excluded" xlink:title="definition: CounterpartyDefaultRiskOutwardReinsuranceAssetsGuaranteeMeasuresInPlaceOrNot to Excluded" use="optional" order="10.0" xbrldt:contextElement="scenario"/>
    <link:loc xlink:type="locator" xlink:href="../../c-ross_core_2015-12-31.xsd#c-ross_CounterpartyDefaultRiskOutwardReinsuranceAssetsAdmittedValueOfReinsuranceReserveReceivable" xlink:label="CounterpartyDefaultRiskOutwardReinsuranceAssetsReinsuranceReserveReceivable" xlink:title="CounterpartyDefaultRiskOutwardReinsuranceAssetsReinsuranceReserveReceivable"/>
    <link:definitionArc xlink:type="arc" xlink:arcrole="http://xbrl.org/int/dim/arcrole/domain-member" xlink:from="CounterpartyDefaultRiskOutwardReinsuranceAssetsLineItems" xlink:to="CounterpartyDefaultRiskOutwardReinsuranceAssetsReinsuranceReserveReceivable" xlink:title="definition: CounterpartyDefaultRiskOutwardReinsuranceAssetsLineItems to CounterpartyDefaultRiskOutwardReinsuranceAssetsReinsuranceReserveReceivable" use="optional" order="60.0"/>
    <link:loc xlink:type="locator" xlink:href="../../c-ross_core_2015-12-31.xsd#c-ross_CounterpartyDefaultRiskOutwardReinsuranceAssetsNetValueOfReinsuranceReceivable" xlink:label="CounterpartyDefaultRiskOutwardReinsuranceAssetsNetValueOfReinsuranceReceivable" xlink:title="CounterpartyDefaultRiskOutwardReinsuranceAssetsNetValueOfReinsuranceReceivable"/>
    <link:definitionArc xlink:type="arc" xlink:arcrole="http://xbrl.org/int/dim/arcrole/domain-member" xlink:from="CounterpartyDefaultRiskOutwardReinsuranceAssetsLineItems" xlink:to="CounterpartyDefaultRiskOutwardReinsuranceAssetsNetValueOfReinsuranceReceivable" xlink:title="definition: CounterpartyDefaultRiskOutwardReinsuranceAssetsLineItems to CounterpartyDefaultRiskOutwardReinsuranceAssetsNetValueOfReinsuranceReceivable" use="optional" order="70.0"/>
    <link:loc xlink:type="locator" xlink:href="../../c-ross_core_2015-12-31.xsd#c-ross_CounterpartyDefaultRiskOutwardReinsuranceAssetsRiskExposureOfReinsuranceAssets" xlink:label="CounterpartyDefaultRiskOutwardReinsuranceAssetsReinsuranceAssetsRiskExposure" xlink:title="CounterpartyDefaultRiskOutwardReinsuranceAssetsReinsuranceAssetsRiskExposure"/>
    <link:definitionArc xlink:type="arc" xlink:arcrole="http://xbrl.org/int/dim/arcrole/domain-member" xlink:from="CounterpartyDefaultRiskOutwardReinsuranceAssetsLineItems" xlink:to="CounterpartyDefaultRiskOutwardReinsuranceAssetsReinsuranceAssetsRiskExposure" xlink:title="definition: CounterpartyDefaultRiskOutwardReinsuranceAssetsLineItems to CounterpartyDefaultRiskOutwardReinsuranceAssetsReinsuranceAssetsRiskExposure" use="optional" order="80.0"/>
    <link:loc xlink:type="locator" xlink:href="../../c-ross_core_2015-12-31.xsd#c-ross_CounterpartyDefaultRiskOutwardReinsuranceAssetsBaseRiskFactor" xlink:label="CounterpartyDefaultRiskOutwardReinsuranceAssetsBaseRiskFactor" xlink:title="CounterpartyDefaultRiskOutwardReinsuranceAssetsBaseRiskFactor"/>
    <link:definitionArc xlink:type="arc" xlink:arcrole="http://xbrl.org/int/dim/arcrole/domain-member" xlink:from="CounterpartyDefaultRiskOutwardReinsuranceAssetsLineItems" xlink:to="CounterpartyDefaultRiskOutwardReinsuranceAssetsBaseRiskFactor" xlink:title="definition: CounterpartyDefaultRiskOutwardReinsuranceAssetsLineItems to CounterpartyDefaultRiskOutwardReinsuranceAssetsBaseRiskFactor" use="optional" order="90.0"/>
    <link:definitionArc xlink:type="arc" xlink:arcrole="http://xbrl.org/int/dim/arcrole/notAll" xlink:from="CounterpartyDefaultRiskOutwardReinsuranceAssetsBaseRiskFactor" xlink:to="Excluded" xlink:title="definition: CounterpartyDefaultRiskOutwardReinsuranceAssetsBaseRiskFactor to Excluded" use="optional" order="10.0" xbrldt:contextElement="scenario"/>
    <link:loc xlink:type="locator" xlink:href="../../c-ross_core_2015-12-31.xsd#c-ross_CounterpartyDefaultRiskOutwardReinsuranceAssetsRiskFactorOne" xlink:label="CounterpartyDefaultRiskOutwardReinsuranceAssetsRiskFactorOne" xlink:title="CounterpartyDefaultRiskOutwardReinsuranceAssetsRiskFactorOne"/>
    <link:definitionArc xlink:type="arc" xlink:arcrole="http://xbrl.org/int/dim/arcrole/domain-member" xlink:from="CounterpartyDefaultRiskOutwardReinsuranceAssetsLineItems" xlink:to="CounterpartyDefaultRiskOutwardReinsuranceAssetsRiskFactorOne" xlink:title="definition: CounterpartyDefaultRiskOutwardReinsuranceAssetsLineItems to CounterpartyDefaultRiskOutwardReinsuranceAssetsRiskFactorOne" use="optional" order="100.0"/>
    <link:definitionArc xlink:type="arc" xlink:arcrole="http://xbrl.org/int/dim/arcrole/notAll" xlink:from="CounterpartyDefaultRiskOutwardReinsuranceAssetsRiskFactorOne" xlink:to="Excluded" xlink:title="definition: CounterpartyDefaultRiskOutwardReinsuranceAssetsRiskFactorOne to Excluded" use="optional" order="10.0" xbrldt:contextElement="scenario"/>
    <link:loc xlink:type="locator" xlink:href="../../c-ross_core_2015-12-31.xsd#c-ross_CounterpartyDefaultRiskOutwardReinsuranceAssetsMinimumCapital" xlink:label="CounterpartyDefaultRiskOutwardReinsuranceAssetsMinimumCapital" xlink:title="CounterpartyDefaultRiskOutwardReinsuranceAssetsMinimumCapital"/>
    <link:definitionArc xlink:type="arc" xlink:arcrole="http://xbrl.org/int/dim/arcrole/domain-member" xlink:from="CounterpartyDefaultRiskOutwardReinsuranceAssetsLineItems" xlink:to="CounterpartyDefaultRiskOutwardReinsuranceAssetsMinimumCapital" xlink:title="definition: CounterpartyDefaultRiskOutwardReinsuranceAssetsLineItems to CounterpartyDefaultRiskOutwardReinsuranceAssetsMinimumCapital" use="optional" order="110.0"/>
    <link:loc xlink:type="locator" xlink:href="../../c-ross_core_2015-12-31.xsd#c-ross_CounterpartyDefaultRiskOutwardReinsuranceAssetsInwardReinsurerName" xlink:label="CounterpartyDefaultRiskOutwardReinsuranceAssetsInwardReinsurerName" xlink:title="CounterpartyDefaultRiskOutwardReinsuranceAssetsInwardReinsurerName"/>
    <link:definitionArc xlink:type="arc" xlink:arcrole="http://xbrl.org/int/dim/arcrole/domain-member" xlink:from="CounterpartyDefaultRiskOutwardReinsuranceAssetsLineItems" xlink:to="CounterpartyDefaultRiskOutwardReinsuranceAssetsInwardReinsurerName" xlink:title="definition: CounterpartyDefaultRiskOutwardReinsuranceAssetsLineItems to CounterpartyDefaultRiskOutwardReinsuranceAssetsInwardReinsurerName" use="optional" order="10.0"/>
    <link:definitionArc xlink:type="arc" xlink:arcrole="http://xbrl.org/int/dim/arcrole/notAll" xlink:from="CounterpartyDefaultRiskOutwardReinsuranceAssetsInwardReinsurerName" xlink:to="Excluded" xlink:title="definition: CounterpartyDefaultRiskOutwardReinsuranceAssetsInwardReinsurerName to Excluded" use="optional" order="10.0" xbrldt:contextElement="scenario"/>
    <link:loc xlink:type="locator" xlink:href="../../c-ross_core_2015-12-31.xsd#c-ross_CounterpartyDefaultRiskOutwardReinsuranceAssetsModifiedCoinsuranceBusinessOfLifeInsuranceBusinessOrNot" xlink:label="CounterpartyDefaultRiskOutwardReinsuranceAssetsModifiedCoinsuranceBusinessOfLifeInsuranceBusinessOrNot" xlink:title="CounterpartyDefaultRiskOutwardReinsuranceAssetsModifiedCoinsuranceBusinessOfLifeInsuranceBusinessOrNot"/>
    <link:definitionArc xlink:type="arc" xlink:arcrole="http://xbrl.org/int/dim/arcrole/domain-member" xlink:from="CounterpartyDefaultRiskOutwardReinsuranceAssetsLineItems" xlink:to="CounterpartyDefaultRiskOutwardReinsuranceAssetsModifiedCoinsuranceBusinessOfLifeInsuranceBusinessOrNot" xlink:title="definition: CounterpartyDefaultRiskOutwardReinsuranceAssetsLineItems to CounterpartyDefaultRiskOutwardReinsuranceAssetsModifiedCoinsuranceBusinessOfLifeInsuranceBusinessOrNot" order="50.0"/>
    <link:definitionArc xlink:type="arc" xlink:arcrole="http://xbrl.org/int/dim/arcrole/notAll" xlink:from="CounterpartyDefaultRiskOutwardReinsuranceAssetsModifiedCoinsuranceBusinessOfLifeInsuranceBusinessOrNot" xlink:to="Excluded" xlink:title="definition: CounterpartyDefaultRiskOutwardReinsuranceAssetsModifiedCoinsuranceBusinessOfLifeInsuranceBusinessOrNot to Excluded" order="10.0" xbrldt:contextElement="scenario"/>
    <link:loc xlink:type="locator" xlink:href="../../c-ross_core_2015-12-31.xsd#c-ross_CounterpartyDefaultRiskOutwardReinsuranceAssetsCreditRatingOfOverseasInwardReinsurer" xlink:label="CounterpartyDefaultRiskOutwardReinsuranceAssetsCreditRatingOfOverseasInwardReinsurer" xlink:title="CounterpartyDefaultRiskOutwardReinsuranceAssetsCreditRatingOfOverseasInwardReinsurer"/>
    <link:definitionArc xlink:type="arc" xlink:arcrole="http://xbrl.org/int/dim/arcrole/domain-member" xlink:from="CounterpartyDefaultRiskOutwardReinsuranceAssetsLineItems" xlink:to="CounterpartyDefaultRiskOutwardReinsuranceAssetsCreditRatingOfOverseasInwardReinsurer" xlink:title="definition: CounterpartyDefaultRiskOutwardReinsuranceAssetsLineItems to CounterpartyDefaultRiskOutwardReinsuranceAssetsCreditRatingOfOverseasInwardReinsurer" use="optional" order="30.0"/>
    <link:definitionArc xlink:type="arc" xlink:arcrole="http://xbrl.org/int/dim/arcrole/notAll" xlink:from="CounterpartyDefaultRiskOutwardReinsuranceAssetsCreditRatingOfOverseasInwardReinsurer" xlink:to="Excluded" xlink:title="definition: CounterpartyDefaultRiskOutwardReinsuranceAssetsCreditRatingOfOverseasInwardReinsurer to Excluded" use="optional" order="10.0" xbrldt:contextElement="scenario"/>
    <link:loc xlink:type="locator" xlink:href="../../c-ross_core_2015-12-31.xsd#c-ross_CounterpartyDefaultRiskOfReinsuranceCompanyOutwardReinsuranceAssetsAbstract" xlink:label="CounterpartyDefaultRiskOutwardReinsuranceAssetsReinsuranceCompanyAbstract" xlink:title="CounterpartyDefaultRiskOutwardReinsuranceAssetsReinsuranceCompanyAbstract"/>
    <link:definitionArc xlink:type="arc" xlink:arcrole="http://xbrl.org/int/dim/arcrole/all" xlink:from="CounterpartyDefaultRiskOutwardReinsuranceAssetsReinsuranceCompanyAbstract" xlink:to="CounterpartyDefaultRiskOutwardReinsuranceAssetsTable" xlink:title="definition: CounterpartyDefaultRiskOutwardReinsuranceAssetsReinsuranceCompanyAbstract to CounterpartyDefaultRiskOutwardReinsuranceAssetsTable" use="optional" order="10.0" xbrldt:closed="true" xbrldt:contextElement="scenario"/>
    <link:definitionArc xlink:type="arc" xlink:arcrole="http://xbrl.org/int/dim/arcrole/domain-member" xlink:from="CounterpartyDefaultRiskOutwardReinsuranceAssetsReinsuranceCompanyAbstract" xlink:to="CounterpartyDefaultRiskOutwardReinsuranceAssetsLineItems" xlink:title="definition: CounterpartyDefaultRiskOutwardReinsuranceAssetsReinsuranceCompanyAbstract to CounterpartyDefaultRiskOutwardReinsuranceAssetsLineItems" use="optional" order="20.0"/>
  </link:definitionLink>
  <link:definitionLink xlink:type="extended" xlink:role="http://xbrl.circ.gov.cn/role/c-ross_2015-12-31_role-3171620a">
    <link:loc xlink:type="locator" xlink:href="../../c-ross_core_2015-12-31.xsd#c-ross_ExcludedTable" xlink:label="Excluded" xlink:title="Excluded"/>
    <link:loc xlink:type="locator" xlink:href="../../c-ross_core_2015-12-31.xsd#c-ross_CounterpartyDefaultRiskOutwardReinsuranceAssetsTypesOfInwardReinsurerAxis" xlink:label="CounterpartyDefaultRiskOutwardReinsuranceAssetsTypesOfInwardReinsurerAxis" xlink:title="CounterpartyDefaultRiskOutwardReinsuranceAssetsTypesOfInwardReinsurerAxis"/>
    <link:definitionArc xlink:type="arc" xlink:arcrole="http://xbrl.org/int/dim/arcrole/hypercube-dimension" xlink:from="Excluded" xlink:to="CounterpartyDefaultRiskOutwardReinsuranceAssetsTypesOfInwardReinsurerAxis" xlink:title="definition: Excluded to CounterpartyDefaultRiskOutwardReinsuranceAssetsTypesOfInwardReinsurerAxis" use="optional" order="10.0"/>
    <link:loc xlink:type="locator" xlink:href="../../c-ross_core_2015-12-31.xsd#c-ross_TypesOfInwardReinsurerMember" xlink:label="TypesOfInwardReinsurerMember" xlink:title="TypesOfInwardReinsurerMember"/>
    <link:definitionArc xlink:type="arc" xlink:arcrole="http://xbrl.org/int/dim/arcrole/dimension-domain" xlink:from="CounterpartyDefaultRiskOutwardReinsuranceAssetsTypesOfInwardReinsurerAxis" xlink:to="TypesOfInwardReinsurerMember" xlink:title="definition: CounterpartyDefaultRiskOutwardReinsuranceAssetsTypesOfInwardReinsurerAxis to TypesOfInwardReinsurerMember" use="optional" order="10.0"/>
    <link:loc xlink:type="locator" xlink:href="../../c-ross_core_2015-12-31.xsd#c-ross_DomesticInwardReinsurerMember" xlink:label="DomesticInwardReinsurerMember" xlink:title="DomesticInwardReinsurerMember"/>
    <link:definitionArc xlink:type="arc" xlink:arcrole="http://xbrl.org/int/dim/arcrole/domain-member" xlink:from="TypesOfInwardReinsurerMember" xlink:to="DomesticInwardReinsurerMember" xlink:title="definition: TypesOfInwardReinsurerMember to DomesticInwardReinsurerMember" use="optional" order="10.0"/>
    <link:loc xlink:type="locator" xlink:href="../../c-ross_core_2015-12-31.xsd#c-ross_CounterpartyDefaultRiskOutwardReinsuranceAssetsTable" xlink:label="CounterpartyDefaultRiskOutwardReinsuranceAssetsTable" xlink:title="CounterpartyDefaultRiskOutwardReinsuranceAssetsTable"/>
    <link:definitionArc xlink:type="arc" xlink:arcrole="http://xbrl.org/int/dim/arcrole/hypercube-dimension" xlink:from="CounterpartyDefaultRiskOutwardReinsuranceAssetsTable" xlink:to="CounterpartyDefaultRiskOutwardReinsuranceAssetsTypesOfInwardReinsurerAxis" xlink:title="definition: CounterpartyDefaultRiskOutwardReinsuranceAssetsTable to CounterpartyDefaultRiskOutwardReinsuranceAssetsTypesOfInwardReinsurerAxis" use="optional" order="10.0"/>
    <link:loc xlink:type="locator" xlink:href="../../c-ross_core_2015-12-31.xsd#c-ross_CounterpartyDefaultRiskOutwardReinsuranceAssetsDomesticInwardReinsurerLineNumberAxis" xlink:label="CounterpartyDefaultRiskOutwardReinsuranceAssetsDomesticInwardReinsurerLineNumberAxis" xlink:title="CounterpartyDefaultRiskOutwardReinsuranceAssetsDomesticInwardReinsurerLineNumberAxis"/>
    <link:definitionArc xlink:type="arc" xlink:arcrole="http://xbrl.org/int/dim/arcrole/hypercube-dimension" xlink:from="CounterpartyDefaultRiskOutwardReinsuranceAssetsTable" xlink:to="CounterpartyDefaultRiskOutwardReinsuranceAssetsDomesticInwardReinsurerLineNumberAxis" xlink:title="definition: CounterpartyDefaultRiskOutwardReinsuranceAssetsTable to CounterpartyDefaultRiskOutwardReinsuranceAssetsDomesticInwardReinsurerLineNumberAxis" use="optional" order="20.0"/>
    <link:loc xlink:type="locator" xlink:href="../../c-ross_core_2015-12-31.xsd#c-ross_CounterpartyDefaultRiskOutwardReinsuranceAssetsLineItems" xlink:label="CounterpartyDefaultRiskOutwardReinsuranceAssetsLineItems" xlink:title="CounterpartyDefaultRiskOutwardReinsuranceAssetsLineItems"/>
    <link:loc xlink:type="locator" xlink:href="../../c-ross_core_2015-12-31.xsd#c-ross_CounterpartyDefaultRiskOutwardReinsuranceAssetsSolvencyAdequacyRatio" xlink:label="CounterpartyDefaultRiskOutwardReinsuranceAssetsSolvencyAdequacyRatio" xlink:title="CounterpartyDefaultRiskOutwardReinsuranceAssetsSolvencyAdequacyRatio"/>
    <link:definitionArc xlink:type="arc" xlink:arcrole="http://xbrl.org/int/dim/arcrole/domain-member" xlink:from="CounterpartyDefaultRiskOutwardReinsuranceAssetsLineItems" xlink:to="CounterpartyDefaultRiskOutwardReinsuranceAssetsSolvencyAdequacyRatio" xlink:title="definition: CounterpartyDefaultRiskOutwardReinsuranceAssetsLineItems to CounterpartyDefaultRiskOutwardReinsuranceAssetsSolvencyAdequacyRatio" use="optional" order="20.0"/>
    <link:loc xlink:type="locator" xlink:href="../../c-ross_core_2015-12-31.xsd#c-ross_CounterpartyDefaultRiskOutwardReinsuranceAssetsGuaranteeMeasuresInPlaceOrNot" xlink:label="CounterpartyDefaultRiskOutwardReinsuranceAssetsGuaranteeMeasuresInPlaceOrNot" xlink:title="CounterpartyDefaultRiskOutwardReinsuranceAssetsGuaranteeMeasuresInPlaceOrNot"/>
    <link:definitionArc xlink:type="arc" xlink:arcrole="http://xbrl.org/int/dim/arcrole/domain-member" xlink:from="CounterpartyDefaultRiskOutwardReinsuranceAssetsLineItems" xlink:to="CounterpartyDefaultRiskOutwardReinsuranceAssetsGuaranteeMeasuresInPlaceOrNot" xlink:title="definition: CounterpartyDefaultRiskOutwardReinsuranceAssetsLineItems to CounterpartyDefaultRiskOutwardReinsuranceAssetsGuaranteeMeasuresInPlaceOrNot" use="optional" order="40.0"/>
    <link:loc xlink:type="locator" xlink:href="../../c-ross_core_2015-12-31.xsd#c-ross_CounterpartyDefaultRiskOutwardReinsuranceAssetsAdmittedValueOfReinsuranceReserveReceivable" xlink:label="CounterpartyDefaultRiskOutwardReinsuranceAssetsReinsuranceReserveReceivable" xlink:title="CounterpartyDefaultRiskOutwardReinsuranceAssetsReinsuranceReserveReceivable"/>
    <link:definitionArc xlink:type="arc" xlink:arcrole="http://xbrl.org/int/dim/arcrole/domain-member" xlink:from="CounterpartyDefaultRiskOutwardReinsuranceAssetsLineItems" xlink:to="CounterpartyDefaultRiskOutwardReinsuranceAssetsReinsuranceReserveReceivable" xlink:title="definition: CounterpartyDefaultRiskOutwardReinsuranceAssetsLineItems to CounterpartyDefaultRiskOutwardReinsuranceAssetsReinsuranceReserveReceivable" use="optional" order="60.0"/>
    <link:loc xlink:type="locator" xlink:href="../../c-ross_core_2015-12-31.xsd#c-ross_CounterpartyDefaultRiskOutwardReinsuranceAssetsNetValueOfReinsuranceReceivable" xlink:label="CounterpartyDefaultRiskOutwardReinsuranceAssetsNetValueOfReinsuranceReceivable" xlink:title="CounterpartyDefaultRiskOutwardReinsuranceAssetsNetValueOfReinsuranceReceivable"/>
    <link:definitionArc xlink:type="arc" xlink:arcrole="http://xbrl.org/int/dim/arcrole/domain-member" xlink:from="CounterpartyDefaultRiskOutwardReinsuranceAssetsLineItems" xlink:to="CounterpartyDefaultRiskOutwardReinsuranceAssetsNetValueOfReinsuranceReceivable" xlink:title="definition: CounterpartyDefaultRiskOutwardReinsuranceAssetsLineItems to CounterpartyDefaultRiskOutwardReinsuranceAssetsNetValueOfReinsuranceReceivable" use="optional" order="70.0"/>
    <link:loc xlink:type="locator" xlink:href="../../c-ross_core_2015-12-31.xsd#c-ross_CounterpartyDefaultRiskOutwardReinsuranceAssetsRiskExposureOfReinsuranceAssets" xlink:label="CounterpartyDefaultRiskOutwardReinsuranceAssetsReinsuranceAssetsRiskExposure" xlink:title="CounterpartyDefaultRiskOutwardReinsuranceAssetsReinsuranceAssetsRiskExposure"/>
    <link:definitionArc xlink:type="arc" xlink:arcrole="http://xbrl.org/int/dim/arcrole/domain-member" xlink:from="CounterpartyDefaultRiskOutwardReinsuranceAssetsLineItems" xlink:to="CounterpartyDefaultRiskOutwardReinsuranceAssetsReinsuranceAssetsRiskExposure" xlink:title="definition: CounterpartyDefaultRiskOutwardReinsuranceAssetsLineItems to CounterpartyDefaultRiskOutwardReinsuranceAssetsReinsuranceAssetsRiskExposure" use="optional" order="80.0"/>
    <link:loc xlink:type="locator" xlink:href="../../c-ross_core_2015-12-31.xsd#c-ross_CounterpartyDefaultRiskOutwardReinsuranceAssetsBaseRiskFactor" xlink:label="CounterpartyDefaultRiskOutwardReinsuranceAssetsBaseRiskFactor" xlink:title="CounterpartyDefaultRiskOutwardReinsuranceAssetsBaseRiskFactor"/>
    <link:definitionArc xlink:type="arc" xlink:arcrole="http://xbrl.org/int/dim/arcrole/domain-member" xlink:from="CounterpartyDefaultRiskOutwardReinsuranceAssetsLineItems" xlink:to="CounterpartyDefaultRiskOutwardReinsuranceAssetsBaseRiskFactor" xlink:title="definition: CounterpartyDefaultRiskOutwardReinsuranceAssetsLineItems to CounterpartyDefaultRiskOutwardReinsuranceAssetsBaseRiskFactor" use="optional" order="90.0"/>
    <link:loc xlink:type="locator" xlink:href="../../c-ross_core_2015-12-31.xsd#c-ross_CounterpartyDefaultRiskOutwardReinsuranceAssetsRiskFactorOne" xlink:label="CounterpartyDefaultRiskOutwardReinsuranceAssetsRiskFactorOne" xlink:title="CounterpartyDefaultRiskOutwardReinsuranceAssetsRiskFactorOne"/>
    <link:definitionArc xlink:type="arc" xlink:arcrole="http://xbrl.org/int/dim/arcrole/domain-member" xlink:from="CounterpartyDefaultRiskOutwardReinsuranceAssetsLineItems" xlink:to="CounterpartyDefaultRiskOutwardReinsuranceAssetsRiskFactorOne" xlink:title="definition: CounterpartyDefaultRiskOutwardReinsuranceAssetsLineItems to CounterpartyDefaultRiskOutwardReinsuranceAssetsRiskFactorOne" use="optional" order="100.0"/>
    <link:loc xlink:type="locator" xlink:href="../../c-ross_core_2015-12-31.xsd#c-ross_CounterpartyDefaultRiskOutwardReinsuranceAssetsMinimumCapital" xlink:label="CounterpartyDefaultRiskOutwardReinsuranceAssetsMinimumCapital" xlink:title="CounterpartyDefaultRiskOutwardReinsuranceAssetsMinimumCapital"/>
    <link:definitionArc xlink:type="arc" xlink:arcrole="http://xbrl.org/int/dim/arcrole/domain-member" xlink:from="CounterpartyDefaultRiskOutwardReinsuranceAssetsLineItems" xlink:to="CounterpartyDefaultRiskOutwardReinsuranceAssetsMinimumCapital" xlink:title="definition: CounterpartyDefaultRiskOutwardReinsuranceAssetsLineItems to CounterpartyDefaultRiskOutwardReinsuranceAssetsMinimumCapital" use="optional" order="110.0"/>
    <link:loc xlink:type="locator" xlink:href="../../c-ross_core_2015-12-31.xsd#c-ross_CounterpartyDefaultRiskOutwardReinsuranceAssetsInwardReinsurerName" xlink:label="CounterpartyDefaultRiskOutwardReinsuranceAssetsInwardReinsurerName" xlink:title="CounterpartyDefaultRiskOutwardReinsuranceAssetsInwardReinsurerName"/>
    <link:definitionArc xlink:type="arc" xlink:arcrole="http://xbrl.org/int/dim/arcrole/domain-member" xlink:from="CounterpartyDefaultRiskOutwardReinsuranceAssetsLineItems" xlink:to="CounterpartyDefaultRiskOutwardReinsuranceAssetsInwardReinsurerName" xlink:title="definition: CounterpartyDefaultRiskOutwardReinsuranceAssetsLineItems to CounterpartyDefaultRiskOutwardReinsuranceAssetsInwardReinsurerName" use="optional" order="10.0"/>
    <link:loc xlink:type="locator" xlink:href="../../c-ross_core_2015-12-31.xsd#c-ross_CounterpartyDefaultRiskOutwardReinsuranceAssetsModifiedCoinsuranceBusinessOfLifeInsuranceBusinessOrNot" xlink:label="CounterpartyDefaultRiskOutwardReinsuranceAssetsModifiedCoinsuranceBusinessOfLifeInsuranceBusinessOrNot" xlink:title="CounterpartyDefaultRiskOutwardReinsuranceAssetsModifiedCoinsuranceBusinessOfLifeInsuranceBusinessOrNot"/>
    <link:definitionArc xlink:type="arc" xlink:arcrole="http://xbrl.org/int/dim/arcrole/domain-member" xlink:from="CounterpartyDefaultRiskOutwardReinsuranceAssetsLineItems" xlink:to="CounterpartyDefaultRiskOutwardReinsuranceAssetsModifiedCoinsuranceBusinessOfLifeInsuranceBusinessOrNot" xlink:title="definition: CounterpartyDefaultRiskOutwardReinsuranceAssetsLineItems to CounterpartyDefaultRiskOutwardReinsuranceAssetsModifiedCoinsuranceBusinessOfLifeInsuranceBusinessOrNot" order="50.0"/>
    <link:loc xlink:type="locator" xlink:href="../../c-ross_core_2015-12-31.xsd#c-ross_CounterpartyDefaultRiskOutwardReinsuranceAssetsCreditRatingOfOverseasInwardReinsurer" xlink:label="CounterpartyDefaultRiskOutwardReinsuranceAssetsCreditRatingOfOverseasInwardReinsurer" xlink:title="CounterpartyDefaultRiskOutwardReinsuranceAssetsCreditRatingOfOverseasInwardReinsurer"/>
    <link:definitionArc xlink:type="arc" xlink:arcrole="http://xbrl.org/int/dim/arcrole/domain-member" xlink:from="CounterpartyDefaultRiskOutwardReinsuranceAssetsLineItems" xlink:to="CounterpartyDefaultRiskOutwardReinsuranceAssetsCreditRatingOfOverseasInwardReinsurer" xlink:title="definition: CounterpartyDefaultRiskOutwardReinsuranceAssetsLineItems to CounterpartyDefaultRiskOutwardReinsuranceAssetsCreditRatingOfOverseasInwardReinsurer" use="optional" order="30.0"/>
    <link:definitionArc xlink:type="arc" xlink:arcrole="http://xbrl.org/int/dim/arcrole/notAll" xlink:from="CounterpartyDefaultRiskOutwardReinsuranceAssetsCreditRatingOfOverseasInwardReinsurer" xlink:to="Excluded" xlink:title="definition: CounterpartyDefaultRiskOutwardReinsuranceAssetsCreditRatingOfOverseasInwardReinsurer to Excluded" order="10.0" xbrldt:contextElement="scenario"/>
    <link:loc xlink:type="locator" xlink:href="../../c-ross_core_2015-12-31.xsd#c-ross_CounterpartyDefaultRiskOfReinsuranceCompanyOutwardReinsuranceAssetsDomesticInwardReinsurerAbstract" xlink:label="CounterpartyDefaultRiskOutwardReinsuranceAssetsDomesticInwardReinsurerReinsuranceCompanyAbstract" xlink:title="CounterpartyDefaultRiskOutwardReinsuranceAssetsDomesticInwardReinsurerReinsuranceCompanyAbstract"/>
    <link:definitionArc xlink:type="arc" xlink:arcrole="http://xbrl.org/int/dim/arcrole/all" xlink:from="CounterpartyDefaultRiskOutwardReinsuranceAssetsDomesticInwardReinsurerReinsuranceCompanyAbstract" xlink:to="CounterpartyDefaultRiskOutwardReinsuranceAssetsTable" xlink:title="definition: CounterpartyDefaultRiskOutwardReinsuranceAssetsDomesticInwardReinsurerReinsuranceCompanyAbstract to CounterpartyDefaultRiskOutwardReinsuranceAssetsTable" use="optional" order="10.0" xbrldt:closed="true" xbrldt:contextElement="scenario"/>
    <link:definitionArc xlink:type="arc" xlink:arcrole="http://xbrl.org/int/dim/arcrole/domain-member" xlink:from="CounterpartyDefaultRiskOutwardReinsuranceAssetsDomesticInwardReinsurerReinsuranceCompanyAbstract" xlink:to="CounterpartyDefaultRiskOutwardReinsuranceAssetsLineItems" xlink:title="definition: CounterpartyDefaultRiskOutwardReinsuranceAssetsDomesticInwardReinsurerReinsuranceCompanyAbstract to CounterpartyDefaultRiskOutwardReinsuranceAssetsLineItems" use="optional" order="20.0"/>
  </link:definitionLink>
  <link:definitionLink xlink:type="extended" xlink:role="http://xbrl.circ.gov.cn/role/c-ross_2015-12-31_role-3171620b">
    <link:loc xlink:type="locator" xlink:href="../../c-ross_core_2015-12-31.xsd#c-ross_ExcludedTable" xlink:label="Excluded" xlink:title="Excluded"/>
    <link:loc xlink:type="locator" xlink:href="../../c-ross_core_2015-12-31.xsd#c-ross_CounterpartyDefaultRiskOutwardReinsuranceAssetsTypesOfInwardReinsurerAxis" xlink:label="CounterpartyDefaultRiskOutwardReinsuranceAssetsTypesOfInwardReinsurerAxis" xlink:title="CounterpartyDefaultRiskOutwardReinsuranceAssetsTypesOfInwardReinsurerAxis"/>
    <link:definitionArc xlink:type="arc" xlink:arcrole="http://xbrl.org/int/dim/arcrole/hypercube-dimension" xlink:from="Excluded" xlink:to="CounterpartyDefaultRiskOutwardReinsuranceAssetsTypesOfInwardReinsurerAxis" xlink:title="definition: Excluded to CounterpartyDefaultRiskOutwardReinsuranceAssetsTypesOfInwardReinsurerAxis" use="optional" order="10.0"/>
    <link:loc xlink:type="locator" xlink:href="../../c-ross_core_2015-12-31.xsd#c-ross_TypesOfInwardReinsurerMember" xlink:label="TypesOfInwardReinsurerMember" xlink:title="TypesOfInwardReinsurerMember"/>
    <link:definitionArc xlink:type="arc" xlink:arcrole="http://xbrl.org/int/dim/arcrole/dimension-domain" xlink:from="CounterpartyDefaultRiskOutwardReinsuranceAssetsTypesOfInwardReinsurerAxis" xlink:to="TypesOfInwardReinsurerMember" xlink:title="definition: CounterpartyDefaultRiskOutwardReinsuranceAssetsTypesOfInwardReinsurerAxis to TypesOfInwardReinsurerMember" use="optional" order="10.0"/>
    <link:loc xlink:type="locator" xlink:href="../../c-ross_core_2015-12-31.xsd#c-ross_OverseasInwardReinsurerMember" xlink:label="ForeignInwardReinsurerMember" xlink:title="ForeignInwardReinsurerMember"/>
    <link:definitionArc xlink:type="arc" xlink:arcrole="http://xbrl.org/int/dim/arcrole/domain-member" xlink:from="TypesOfInwardReinsurerMember" xlink:to="ForeignInwardReinsurerMember" xlink:title="definition: TypesOfInwardReinsurerMember to ForeignInwardReinsurerMember" use="optional" order="10.0"/>
    <link:loc xlink:type="locator" xlink:href="../../c-ross_core_2015-12-31.xsd#c-ross_CounterpartyDefaultRiskOutwardReinsuranceAssetsTable" xlink:label="CounterpartyDefaultRiskOutwardReinsuranceAssetsTable" xlink:title="CounterpartyDefaultRiskOutwardReinsuranceAssetsTable"/>
    <link:definitionArc xlink:type="arc" xlink:arcrole="http://xbrl.org/int/dim/arcrole/hypercube-dimension" xlink:from="CounterpartyDefaultRiskOutwardReinsuranceAssetsTable" xlink:to="CounterpartyDefaultRiskOutwardReinsuranceAssetsTypesOfInwardReinsurerAxis" xlink:title="definition: CounterpartyDefaultRiskOutwardReinsuranceAssetsTable to CounterpartyDefaultRiskOutwardReinsuranceAssetsTypesOfInwardReinsurerAxis" use="optional" order="10.0"/>
    <link:loc xlink:type="locator" xlink:href="../../c-ross_core_2015-12-31.xsd#c-ross_CounterpartyDefaultRiskOutwardReinsuranceAssetsOverseasInwardReinsurerLineNumberAxis" xlink:label="CounterpartyDefaultRiskOutwardReinsuranceAssetsOverseasInwardReinsurerLineNumberAxis" xlink:title="CounterpartyDefaultRiskOutwardReinsuranceAssetsOverseasInwardReinsurerLineNumberAxis"/>
    <link:definitionArc xlink:type="arc" xlink:arcrole="http://xbrl.org/int/dim/arcrole/hypercube-dimension" xlink:from="CounterpartyDefaultRiskOutwardReinsuranceAssetsTable" xlink:to="CounterpartyDefaultRiskOutwardReinsuranceAssetsOverseasInwardReinsurerLineNumberAxis" xlink:title="definition: CounterpartyDefaultRiskOutwardReinsuranceAssetsTable to CounterpartyDefaultRiskOutwardReinsuranceAssetsOverseasInwardReinsurerLineNumberAxis" use="optional" order="20.0"/>
    <link:loc xlink:type="locator" xlink:href="../../c-ross_core_2015-12-31.xsd#c-ross_CounterpartyDefaultRiskOutwardReinsuranceAssetsLineItems" xlink:label="CounterpartyDefaultRiskOutwardReinsuranceAssetsLineItems" xlink:title="CounterpartyDefaultRiskOutwardReinsuranceAssetsLineItems"/>
    <link:loc xlink:type="locator" xlink:href="../../c-ross_core_2015-12-31.xsd#c-ross_CounterpartyDefaultRiskOutwardReinsuranceAssetsSolvencyAdequacyRatio" xlink:label="CounterpartyDefaultRiskOutwardReinsuranceAssetsSolvencyAdequacyRatio" xlink:title="CounterpartyDefaultRiskOutwardReinsuranceAssetsSolvencyAdequacyRatio"/>
    <link:definitionArc xlink:type="arc" xlink:arcrole="http://xbrl.org/int/dim/arcrole/domain-member" xlink:from="CounterpartyDefaultRiskOutwardReinsuranceAssetsLineItems" xlink:to="CounterpartyDefaultRiskOutwardReinsuranceAssetsSolvencyAdequacyRatio" xlink:title="definition: CounterpartyDefaultRiskOutwardReinsuranceAssetsLineItems to CounterpartyDefaultRiskOutwardReinsuranceAssetsSolvencyAdequacyRatio" use="optional" order="20.0"/>
    <link:definitionArc xlink:type="arc" xlink:arcrole="http://xbrl.org/int/dim/arcrole/notAll" xlink:from="CounterpartyDefaultRiskOutwardReinsuranceAssetsSolvencyAdequacyRatio" xlink:to="Excluded" xlink:title="definition: CounterpartyDefaultRiskOutwardReinsuranceAssetsSolvencyAdequacyRatio to Excluded" order="10.0" xbrldt:contextElement="scenario"/>
    <link:loc xlink:type="locator" xlink:href="../../c-ross_core_2015-12-31.xsd#c-ross_CounterpartyDefaultRiskOutwardReinsuranceAssetsGuaranteeMeasuresInPlaceOrNot" xlink:label="CounterpartyDefaultRiskOutwardReinsuranceAssetsGuaranteeMeasuresInPlaceOrNot" xlink:title="CounterpartyDefaultRiskOutwardReinsuranceAssetsGuaranteeMeasuresInPlaceOrNot"/>
    <link:definitionArc xlink:type="arc" xlink:arcrole="http://xbrl.org/int/dim/arcrole/domain-member" xlink:from="CounterpartyDefaultRiskOutwardReinsuranceAssetsLineItems" xlink:to="CounterpartyDefaultRiskOutwardReinsuranceAssetsGuaranteeMeasuresInPlaceOrNot" xlink:title="definition: CounterpartyDefaultRiskOutwardReinsuranceAssetsLineItems to CounterpartyDefaultRiskOutwardReinsuranceAssetsGuaranteeMeasuresInPlaceOrNot" use="optional" order="40.0"/>
    <link:loc xlink:type="locator" xlink:href="../../c-ross_core_2015-12-31.xsd#c-ross_CounterpartyDefaultRiskOutwardReinsuranceAssetsAdmittedValueOfReinsuranceReserveReceivable" xlink:label="CounterpartyDefaultRiskOutwardReinsuranceAssetsReinsuranceReserveReceivable" xlink:title="CounterpartyDefaultRiskOutwardReinsuranceAssetsReinsuranceReserveReceivable"/>
    <link:definitionArc xlink:type="arc" xlink:arcrole="http://xbrl.org/int/dim/arcrole/domain-member" xlink:from="CounterpartyDefaultRiskOutwardReinsuranceAssetsLineItems" xlink:to="CounterpartyDefaultRiskOutwardReinsuranceAssetsReinsuranceReserveReceivable" xlink:title="definition: CounterpartyDefaultRiskOutwardReinsuranceAssetsLineItems to CounterpartyDefaultRiskOutwardReinsuranceAssetsReinsuranceReserveReceivable" use="optional" order="60.0"/>
    <link:loc xlink:type="locator" xlink:href="../../c-ross_core_2015-12-31.xsd#c-ross_CounterpartyDefaultRiskOutwardReinsuranceAssetsNetValueOfReinsuranceReceivable" xlink:label="CounterpartyDefaultRiskOutwardReinsuranceAssetsNetValueOfReinsuranceReceivable" xlink:title="CounterpartyDefaultRiskOutwardReinsuranceAssetsNetValueOfReinsuranceReceivable"/>
    <link:definitionArc xlink:type="arc" xlink:arcrole="http://xbrl.org/int/dim/arcrole/domain-member" xlink:from="CounterpartyDefaultRiskOutwardReinsuranceAssetsLineItems" xlink:to="CounterpartyDefaultRiskOutwardReinsuranceAssetsNetValueOfReinsuranceReceivable" xlink:title="definition: CounterpartyDefaultRiskOutwardReinsuranceAssetsLineItems to CounterpartyDefaultRiskOutwardReinsuranceAssetsNetValueOfReinsuranceReceivable" use="optional" order="70.0"/>
    <link:loc xlink:type="locator" xlink:href="../../c-ross_core_2015-12-31.xsd#c-ross_CounterpartyDefaultRiskOutwardReinsuranceAssetsRiskExposureOfReinsuranceAssets" xlink:label="CounterpartyDefaultRiskOutwardReinsuranceAssetsReinsuranceAssetsRiskExposure" xlink:title="CounterpartyDefaultRiskOutwardReinsuranceAssetsReinsuranceAssetsRiskExposure"/>
    <link:definitionArc xlink:type="arc" xlink:arcrole="http://xbrl.org/int/dim/arcrole/domain-member" xlink:from="CounterpartyDefaultRiskOutwardReinsuranceAssetsLineItems" xlink:to="CounterpartyDefaultRiskOutwardReinsuranceAssetsReinsuranceAssetsRiskExposure" xlink:title="definition: CounterpartyDefaultRiskOutwardReinsuranceAssetsLineItems to CounterpartyDefaultRiskOutwardReinsuranceAssetsReinsuranceAssetsRiskExposure" use="optional" order="80.0"/>
    <link:loc xlink:type="locator" xlink:href="../../c-ross_core_2015-12-31.xsd#c-ross_CounterpartyDefaultRiskOutwardReinsuranceAssetsBaseRiskFactor" xlink:label="CounterpartyDefaultRiskOutwardReinsuranceAssetsBaseRiskFactor" xlink:title="CounterpartyDefaultRiskOutwardReinsuranceAssetsBaseRiskFactor"/>
    <link:definitionArc xlink:type="arc" xlink:arcrole="http://xbrl.org/int/dim/arcrole/domain-member" xlink:from="CounterpartyDefaultRiskOutwardReinsuranceAssetsLineItems" xlink:to="CounterpartyDefaultRiskOutwardReinsuranceAssetsBaseRiskFactor" xlink:title="definition: CounterpartyDefaultRiskOutwardReinsuranceAssetsLineItems to CounterpartyDefaultRiskOutwardReinsuranceAssetsBaseRiskFactor" use="optional" order="90.0"/>
    <link:loc xlink:type="locator" xlink:href="../../c-ross_core_2015-12-31.xsd#c-ross_CounterpartyDefaultRiskOutwardReinsuranceAssetsRiskFactorOne" xlink:label="CounterpartyDefaultRiskOutwardReinsuranceAssetsRiskFactorOne" xlink:title="CounterpartyDefaultRiskOutwardReinsuranceAssetsRiskFactorOne"/>
    <link:definitionArc xlink:type="arc" xlink:arcrole="http://xbrl.org/int/dim/arcrole/domain-member" xlink:from="CounterpartyDefaultRiskOutwardReinsuranceAssetsLineItems" xlink:to="CounterpartyDefaultRiskOutwardReinsuranceAssetsRiskFactorOne" xlink:title="definition: CounterpartyDefaultRiskOutwardReinsuranceAssetsLineItems to CounterpartyDefaultRiskOutwardReinsuranceAssetsRiskFactorOne" use="optional" order="100.0"/>
    <link:loc xlink:type="locator" xlink:href="../../c-ross_core_2015-12-31.xsd#c-ross_CounterpartyDefaultRiskOutwardReinsuranceAssetsMinimumCapital" xlink:label="CounterpartyDefaultRiskOutwardReinsuranceAssetsMinimumCapital" xlink:title="CounterpartyDefaultRiskOutwardReinsuranceAssetsMinimumCapital"/>
    <link:definitionArc xlink:type="arc" xlink:arcrole="http://xbrl.org/int/dim/arcrole/domain-member" xlink:from="CounterpartyDefaultRiskOutwardReinsuranceAssetsLineItems" xlink:to="CounterpartyDefaultRiskOutwardReinsuranceAssetsMinimumCapital" xlink:title="definition: CounterpartyDefaultRiskOutwardReinsuranceAssetsLineItems to CounterpartyDefaultRiskOutwardReinsuranceAssetsMinimumCapital" use="optional" order="110.0"/>
    <link:loc xlink:type="locator" xlink:href="../../c-ross_core_2015-12-31.xsd#c-ross_CounterpartyDefaultRiskOutwardReinsuranceAssetsInwardReinsurerName" xlink:label="CounterpartyDefaultRiskOutwardReinsuranceAssetsInwardReinsurerName" xlink:title="CounterpartyDefaultRiskOutwardReinsuranceAssetsInwardReinsurerName"/>
    <link:definitionArc xlink:type="arc" xlink:arcrole="http://xbrl.org/int/dim/arcrole/domain-member" xlink:from="CounterpartyDefaultRiskOutwardReinsuranceAssetsLineItems" xlink:to="CounterpartyDefaultRiskOutwardReinsuranceAssetsInwardReinsurerName" xlink:title="definition: CounterpartyDefaultRiskOutwardReinsuranceAssetsLineItems to CounterpartyDefaultRiskOutwardReinsuranceAssetsInwardReinsurerName" use="optional" order="10.0"/>
    <link:loc xlink:type="locator" xlink:href="../../c-ross_core_2015-12-31.xsd#c-ross_CounterpartyDefaultRiskOutwardReinsuranceAssetsModifiedCoinsuranceBusinessOfLifeInsuranceBusinessOrNot" xlink:label="CounterpartyDefaultRiskOutwardReinsuranceAssetsModifiedCoinsuranceBusinessOfLifeInsuranceBusinessOrNot" xlink:title="CounterpartyDefaultRiskOutwardReinsuranceAssetsModifiedCoinsuranceBusinessOfLifeInsuranceBusinessOrNot"/>
    <link:definitionArc xlink:type="arc" xlink:arcrole="http://xbrl.org/int/dim/arcrole/domain-member" xlink:from="CounterpartyDefaultRiskOutwardReinsuranceAssetsLineItems" xlink:to="CounterpartyDefaultRiskOutwardReinsuranceAssetsModifiedCoinsuranceBusinessOfLifeInsuranceBusinessOrNot" xlink:title="definition: CounterpartyDefaultRiskOutwardReinsuranceAssetsLineItems to CounterpartyDefaultRiskOutwardReinsuranceAssetsModifiedCoinsuranceBusinessOfLifeInsuranceBusinessOrNot" order="50.0"/>
    <link:loc xlink:type="locator" xlink:href="../../c-ross_core_2015-12-31.xsd#c-ross_CounterpartyDefaultRiskOutwardReinsuranceAssetsCreditRatingOfOverseasInwardReinsurer" xlink:label="CounterpartyDefaultRiskOutwardReinsuranceAssetsCreditRatingOfOverseasInwardReinsurer" xlink:title="CounterpartyDefaultRiskOutwardReinsuranceAssetsCreditRatingOfOverseasInwardReinsurer"/>
    <link:definitionArc xlink:type="arc" xlink:arcrole="http://xbrl.org/int/dim/arcrole/domain-member" xlink:from="CounterpartyDefaultRiskOutwardReinsuranceAssetsLineItems" xlink:to="CounterpartyDefaultRiskOutwardReinsuranceAssetsCreditRatingOfOverseasInwardReinsurer" xlink:title="definition: CounterpartyDefaultRiskOutwardReinsuranceAssetsLineItems to CounterpartyDefaultRiskOutwardReinsuranceAssetsCreditRatingOfOverseasInwardReinsurer" use="optional" order="30.0"/>
    <link:loc xlink:type="locator" xlink:href="../../c-ross_core_2015-12-31.xsd#c-ross_CounterpartyDefaultRiskOfReinsuranceCompanyOutwardReinsuranceAssetsOverseasInwardReinsurerAbstract" xlink:label="CounterpartyDefaultRiskOutwardReinsuranceAssetsOverseasInwardReinsurerReinsuranceCompanyAbstract" xlink:title="CounterpartyDefaultRiskOutwardReinsuranceAssetsOverseasInwardReinsurerReinsuranceCompanyAbstract"/>
    <link:definitionArc xlink:type="arc" xlink:arcrole="http://xbrl.org/int/dim/arcrole/all" xlink:from="CounterpartyDefaultRiskOutwardReinsuranceAssetsOverseasInwardReinsurerReinsuranceCompanyAbstract" xlink:to="CounterpartyDefaultRiskOutwardReinsuranceAssetsTable" xlink:title="definition: CounterpartyDefaultRiskOutwardReinsuranceAssetsOverseasInwardReinsurerReinsuranceCompanyAbstract to CounterpartyDefaultRiskOutwardReinsuranceAssetsTable" use="optional" order="10.0" xbrldt:closed="true" xbrldt:contextElement="scenario"/>
    <link:definitionArc xlink:type="arc" xlink:arcrole="http://xbrl.org/int/dim/arcrole/domain-member" xlink:from="CounterpartyDefaultRiskOutwardReinsuranceAssetsOverseasInwardReinsurerReinsuranceCompanyAbstract" xlink:to="CounterpartyDefaultRiskOutwardReinsuranceAssetsLineItems" xlink:title="definition: CounterpartyDefaultRiskOutwardReinsuranceAssetsOverseasInwardReinsurerReinsuranceCompanyAbstract to CounterpartyDefaultRiskOutwardReinsuranceAssetsLineItems" use="optional" order="20.0"/>
  </link:definitionLink>
</link:linkbase>
