<?xml version="1.0" encoding="UTF-8"?>

<!--
	Taxonomy: 2015-12-31 (Final)
	**********************
	Copyright © 2015 China Insurance Regulatory Commission.
	All rights reserved.  No part of this publication may be translated, reprinted or reproduced
	or utilised in any form either in whole or in part without prior permission in writing from China Insurance Regulatory Commission.
	  **********************
	-->
<link:linkbase xmlns:xsi="http://www.w3.org/2001/XMLSchema-instance" xsi:schemaLocation="http://www.xbrl.org/2003/linkbase http://www.xbrl.org/2003/xbrl-linkbase-2003-12-31.xsd" xmlns:c-ross="http://xbrl.circ.gov.cn/taxonomy/2015-12-31/c-ross" xmlns:link="http://www.xbrl.org/2003/linkbase" xmlns:q_s_pc_entry_point="http://xbrl.circ.gov.cn/taxonomy/2015-12-31/c-ross/q_s_pc_entry_point" xmlns:xlink="http://www.w3.org/1999/xlink" xmlns:xbrli="http://www.xbrl.org/2003/instance" xmlns:xbrldt="http://xbrl.org/2005/xbrldt">
  <link:roleRef roleURI="http://xbrl.circ.gov.cn/role/c-ross_2015-12-31_role-3170600a" xlink:type="simple" xlink:href="rol_c-ross_8_2015-12-31.xsd#c-ross_2015-12-31-3170600a"/>
  <link:arcroleRef arcroleURI="http://xbrl.org/int/dim/arcrole/all" xlink:type="simple" xlink:href="http://www.xbrl.org/2005/xbrldt-2005.xsd#all"/>
  <link:arcroleRef arcroleURI="http://xbrl.org/int/dim/arcrole/domain-member" xlink:type="simple" xlink:href="http://www.xbrl.org/2005/xbrldt-2005.xsd#domain-member"/>
  <link:arcroleRef arcroleURI="http://xbrl.org/int/dim/arcrole/hypercube-dimension" xlink:type="simple" xlink:href="http://www.xbrl.org/2005/xbrldt-2005.xsd#hypercube-dimension"/>
  <link:definitionLink xlink:type="extended" xlink:role="http://xbrl.circ.gov.cn/role/c-ross_2015-12-31_role-3170600a">
    <link:loc xlink:type="locator" xlink:href="../../c-ross_core_2015-12-31.xsd#c-ross_CounterpartyDefaultRiskAssetSecuritizationProductsDetailsAbstract" xlink:label="CounterpartyDefaultRiskAssetSecuritizationProductsDetailsAbstract" xlink:title="CounterpartyDefaultRiskAssetSecuritizationProductsDetailsAbstract"/>
    <link:loc xlink:type="locator" xlink:href="../../c-ross_core_2015-12-31.xsd#c-ross_CounterpartyDefaultRiskAssetSecuritizationProductsTable" xlink:label="CounterpartyDefaultRiskAssetSecuritizationProductsTable" xlink:title="CounterpartyDefaultRiskAssetSecuritizationProductsTable"/>
    <link:definitionArc xlink:type="arc" xlink:arcrole="http://xbrl.org/int/dim/arcrole/all" xlink:from="CounterpartyDefaultRiskAssetSecuritizationProductsDetailsAbstract" xlink:to="CounterpartyDefaultRiskAssetSecuritizationProductsTable" xlink:title="definition: CounterpartyDefaultRiskAssetSecuritizationProductsDetailsAbstract to CounterpartyDefaultRiskAssetSecuritizationProductsTable" use="optional" order="10.0" xbrldt:closed="true" xbrldt:contextElement="scenario"/>
    <link:loc xlink:type="locator" xlink:href="../../c-ross_core_2015-12-31.xsd#c-ross_CounterpartyDefaultRiskAssetSecuritizationProductsLineNumberAxis" xlink:label="CounterpartyDefaultRiskAssetSecuritizationProductsLineNumberAxis" xlink:title="CounterpartyDefaultRiskAssetSecuritizationProductsLineNumberAxis"/>
    <link:definitionArc xlink:type="arc" xlink:arcrole="http://xbrl.org/int/dim/arcrole/hypercube-dimension" xlink:from="CounterpartyDefaultRiskAssetSecuritizationProductsTable" xlink:to="CounterpartyDefaultRiskAssetSecuritizationProductsLineNumberAxis" xlink:title="definition: CounterpartyDefaultRiskAssetSecuritizationProductsTable to CounterpartyDefaultRiskAssetSecuritizationProductsLineNumberAxis" use="optional" order="10.0"/>
    <link:loc xlink:type="locator" xlink:href="../../c-ross_core_2015-12-31.xsd#c-ross_CounterpartyDefaultRiskAssetSecuritizationProductsLineItems" xlink:label="CounterpartyDefaultRiskAssetSecuritizationProductsLineItems" xlink:title="CounterpartyDefaultRiskAssetSecuritizationProductsLineItems"/>
    <link:definitionArc xlink:type="arc" xlink:arcrole="http://xbrl.org/int/dim/arcrole/domain-member" xlink:from="CounterpartyDefaultRiskAssetSecuritizationProductsDetailsAbstract" xlink:to="CounterpartyDefaultRiskAssetSecuritizationProductsLineItems" xlink:title="definition: CounterpartyDefaultRiskAssetSecuritizationProductsDetailsAbstract to CounterpartyDefaultRiskAssetSecuritizationProductsLineItems" use="optional" order="20.0"/>
    <link:loc xlink:type="locator" xlink:href="../../c-ross_core_2015-12-31.xsd#c-ross_CounterpartyDefaultRiskAssetSecuritizationProductsProductName" xlink:label="CounterpartyDefaultRiskAssetSecuritizationProductsProductName" xlink:title="CounterpartyDefaultRiskAssetSecuritizationProductsProductName"/>
    <link:definitionArc xlink:type="arc" xlink:arcrole="http://xbrl.org/int/dim/arcrole/domain-member" xlink:from="CounterpartyDefaultRiskAssetSecuritizationProductsLineItems" xlink:to="CounterpartyDefaultRiskAssetSecuritizationProductsProductName" xlink:title="definition: CounterpartyDefaultRiskAssetSecuritizationProductsLineItems to CounterpartyDefaultRiskAssetSecuritizationProductsProductName" use="optional" order="10.0"/>
    <link:loc xlink:type="locator" xlink:href="../../c-ross_core_2015-12-31.xsd#c-ross_CounterpartyDefaultRiskAssetSecuritizationProductsResidualYears" xlink:label="CounterpartyDefaultRiskAssetSecuritizationProductsResidualYears" xlink:title="CounterpartyDefaultRiskAssetSecuritizationProductsResidualYears"/>
    <link:definitionArc xlink:type="arc" xlink:arcrole="http://xbrl.org/int/dim/arcrole/domain-member" xlink:from="CounterpartyDefaultRiskAssetSecuritizationProductsLineItems" xlink:to="CounterpartyDefaultRiskAssetSecuritizationProductsResidualYears" xlink:title="definition: CounterpartyDefaultRiskAssetSecuritizationProductsLineItems to CounterpartyDefaultRiskAssetSecuritizationProductsResidualYears" use="optional" order="20.0"/>
    <link:loc xlink:type="locator" xlink:href="../../c-ross_core_2015-12-31.xsd#c-ross_CounterpartyDefaultRiskAssetSecuritizationProductsCreditRatingsForAssets" xlink:label="CounterpartyDefaultRiskAssetSecuritizationProductsCreditRatingsForAssets" xlink:title="CounterpartyDefaultRiskAssetSecuritizationProductsCreditRatingsForAssets"/>
    <link:definitionArc xlink:type="arc" xlink:arcrole="http://xbrl.org/int/dim/arcrole/domain-member" xlink:from="CounterpartyDefaultRiskAssetSecuritizationProductsLineItems" xlink:to="CounterpartyDefaultRiskAssetSecuritizationProductsCreditRatingsForAssets" xlink:title="definition: CounterpartyDefaultRiskAssetSecuritizationProductsLineItems to CounterpartyDefaultRiskAssetSecuritizationProductsCreditRatingsForAssets" use="optional" order="30.0"/>
    <link:loc xlink:type="locator" xlink:href="../../c-ross_core_2015-12-31.xsd#c-ross_CounterpartyDefaultRiskAssetSecuritizationProductsAdmittedValue" xlink:label="CounterpartyDefaultRiskAssetSecuritizationProductsAdmittedValue" xlink:title="CounterpartyDefaultRiskAssetSecuritizationProductsAdmittedValue"/>
    <link:definitionArc xlink:type="arc" xlink:arcrole="http://xbrl.org/int/dim/arcrole/domain-member" xlink:from="CounterpartyDefaultRiskAssetSecuritizationProductsLineItems" xlink:to="CounterpartyDefaultRiskAssetSecuritizationProductsAdmittedValue" xlink:title="definition: CounterpartyDefaultRiskAssetSecuritizationProductsLineItems to CounterpartyDefaultRiskAssetSecuritizationProductsAdmittedValue" use="optional" order="40.0"/>
    <link:loc xlink:type="locator" xlink:href="../../c-ross_core_2015-12-31.xsd#c-ross_CounterpartyDefaultRiskAssetSecuritizationProductsInterestReceivable" xlink:label="CounterpartyDefaultRiskAssetSecuritizationProductsInterestReceivable" xlink:title="CounterpartyDefaultRiskAssetSecuritizationProductsInterestReceivable"/>
    <link:definitionArc xlink:type="arc" xlink:arcrole="http://xbrl.org/int/dim/arcrole/domain-member" xlink:from="CounterpartyDefaultRiskAssetSecuritizationProductsLineItems" xlink:to="CounterpartyDefaultRiskAssetSecuritizationProductsInterestReceivable" xlink:title="definition: CounterpartyDefaultRiskAssetSecuritizationProductsLineItems to CounterpartyDefaultRiskAssetSecuritizationProductsInterestReceivable" use="optional" order="50.0"/>
    <link:loc xlink:type="locator" xlink:href="../../c-ross_core_2015-12-31.xsd#c-ross_CounterpartyDefaultRiskAssetSecuritizationProductsRiskExposure" xlink:label="CounterpartyDefaultRiskAssetSecuritizationProductsRiskExposure" xlink:title="CounterpartyDefaultRiskAssetSecuritizationProductsRiskExposure"/>
    <link:definitionArc xlink:type="arc" xlink:arcrole="http://xbrl.org/int/dim/arcrole/domain-member" xlink:from="CounterpartyDefaultRiskAssetSecuritizationProductsLineItems" xlink:to="CounterpartyDefaultRiskAssetSecuritizationProductsRiskExposure" xlink:title="definition: CounterpartyDefaultRiskAssetSecuritizationProductsLineItems to CounterpartyDefaultRiskAssetSecuritizationProductsRiskExposure" use="optional" order="60.0"/>
    <link:loc xlink:type="locator" xlink:href="../../c-ross_core_2015-12-31.xsd#c-ross_CounterpartyDefaultRiskAssetSecuritizationProductsBaseRiskFactor" xlink:label="CounterpartyDefaultRiskAssetSecuritizationProductsBaseRiskFactor" xlink:title="CounterpartyDefaultRiskAssetSecuritizationProductsBaseRiskFactor"/>
    <link:definitionArc xlink:type="arc" xlink:arcrole="http://xbrl.org/int/dim/arcrole/domain-member" xlink:from="CounterpartyDefaultRiskAssetSecuritizationProductsLineItems" xlink:to="CounterpartyDefaultRiskAssetSecuritizationProductsBaseRiskFactor" xlink:title="definition: CounterpartyDefaultRiskAssetSecuritizationProductsLineItems to CounterpartyDefaultRiskAssetSecuritizationProductsBaseRiskFactor" use="optional" order="70.0"/>
    <link:loc xlink:type="locator" xlink:href="../../c-ross_core_2015-12-31.xsd#c-ross_CounterpartyDefaultRiskAssetSecuritizationProductsMinimumCapital" xlink:label="CounterpartyDefaultRiskAssetSecuritizationProductsMinimumCapital" xlink:title="CounterpartyDefaultRiskAssetSecuritizationProductsMinimumCapital"/>
    <link:definitionArc xlink:type="arc" xlink:arcrole="http://xbrl.org/int/dim/arcrole/domain-member" xlink:from="CounterpartyDefaultRiskAssetSecuritizationProductsLineItems" xlink:to="CounterpartyDefaultRiskAssetSecuritizationProductsMinimumCapital" xlink:title="definition: CounterpartyDefaultRiskAssetSecuritizationProductsLineItems to CounterpartyDefaultRiskAssetSecuritizationProductsMinimumCapital" use="optional" order="80.0"/>
  </link:definitionLink>
</link:linkbase>
