<?xml version="1.0" encoding="UTF-8"?>

<!--
	Taxonomy: 2015-12-31 (Final)
	**********************
	Copyright © 2015 China Insurance Regulatory Commission.
	All rights reserved.  No part of this publication may be translated, reprinted or reproduced
	or utilised in any form either in whole or in part without prior permission in writing from China Insurance Regulatory Commission.
	  **********************
	-->
<link:linkbase xmlns:xsi="http://www.w3.org/2001/XMLSchema-instance" xsi:schemaLocation="http://www.xbrl.org/2003/linkbase http://www.xbrl.org/2003/xbrl-linkbase-2003-12-31.xsd" xmlns:c-ross="http://xbrl.circ.gov.cn/taxonomy/2015-12-31/c-ross" xmlns:link="http://www.xbrl.org/2003/linkbase" xmlns:q_s_pc_entry_point="http://xbrl.circ.gov.cn/taxonomy/2015-12-31/c-ross/q_s_pc_entry_point" xmlns:xlink="http://www.w3.org/1999/xlink" xmlns:xbrli="http://www.xbrl.org/2003/instance" xmlns:xbrldt="http://xbrl.org/2005/xbrldt">
  <link:roleRef roleURI="http://xbrl.circ.gov.cn/role/c-ross_2015-12-31_role-3171700a" xlink:type="simple" xlink:href="rol_c-ross_8_2015-12-31.xsd#c-ross_2015-12-31-3171700a"/>
  <link:arcroleRef arcroleURI="http://xbrl.org/int/dim/arcrole/all" xlink:type="simple" xlink:href="http://www.xbrl.org/2005/xbrldt-2005.xsd#all"/>
  <link:arcroleRef arcroleURI="http://xbrl.org/int/dim/arcrole/domain-member" xlink:type="simple" xlink:href="http://www.xbrl.org/2005/xbrldt-2005.xsd#domain-member"/>
  <link:arcroleRef arcroleURI="http://xbrl.org/int/dim/arcrole/hypercube-dimension" xlink:type="simple" xlink:href="http://www.xbrl.org/2005/xbrldt-2005.xsd#hypercube-dimension"/>
  <link:definitionLink xlink:type="extended" xlink:role="http://xbrl.circ.gov.cn/role/c-ross_2015-12-31_role-3171700a">
    <link:loc xlink:type="locator" xlink:href="../../c-ross_core_2015-12-31.xsd#c-ross_CounterpartyDefaultRiskInwardReinsuranceAssetsDetailsAbstract" xlink:label="CounterpartyDefaultRiskInwardReinsuranceAssetsDetailsAbstract" xlink:title="CounterpartyDefaultRiskInwardReinsuranceAssetsDetailsAbstract"/>
    <link:loc xlink:type="locator" xlink:href="../../c-ross_core_2015-12-31.xsd#c-ross_CounterpartyDefaultRiskInwardReinsuranceAssetsTable" xlink:label="CounterpartyDefaultRiskInwardReinsuranceAssetsTable" xlink:title="CounterpartyDefaultRiskInwardReinsuranceAssetsTable"/>
    <link:definitionArc xlink:type="arc" xlink:arcrole="http://xbrl.org/int/dim/arcrole/all" xlink:from="CounterpartyDefaultRiskInwardReinsuranceAssetsDetailsAbstract" xlink:to="CounterpartyDefaultRiskInwardReinsuranceAssetsTable" xlink:title="definition: CounterpartyDefaultRiskInwardReinsuranceAssetsDetailsAbstract to CounterpartyDefaultRiskInwardReinsuranceAssetsTable" use="optional" order="10.0" xbrldt:closed="true" xbrldt:contextElement="scenario"/>
    <link:loc xlink:type="locator" xlink:href="../../c-ross_core_2015-12-31.xsd#c-ross_CounterpartyDefaultRiskInwardReinsuranceAssetsLineNumberAxis" xlink:label="CounterpartyDefaultRiskInwardReinsuranceAssetsLineNumberAxis" xlink:title="CounterpartyDefaultRiskInwardReinsuranceAssetsLineNumberAxis"/>
    <link:definitionArc xlink:type="arc" xlink:arcrole="http://xbrl.org/int/dim/arcrole/hypercube-dimension" xlink:from="CounterpartyDefaultRiskInwardReinsuranceAssetsTable" xlink:to="CounterpartyDefaultRiskInwardReinsuranceAssetsLineNumberAxis" xlink:title="definition: CounterpartyDefaultRiskInwardReinsuranceAssetsTable to CounterpartyDefaultRiskInwardReinsuranceAssetsLineNumberAxis" use="optional" order="10.0"/>
    <link:loc xlink:type="locator" xlink:href="../../c-ross_core_2015-12-31.xsd#c-ross_CounterpartyDefaultRiskInwardReinsuranceAssetsLineItems" xlink:label="CounterpartyDefaultRiskInwardReinsuranceAssetsLineItems" xlink:title="CounterpartyDefaultRiskInwardReinsuranceAssetsLineItems"/>
    <link:definitionArc xlink:type="arc" xlink:arcrole="http://xbrl.org/int/dim/arcrole/domain-member" xlink:from="CounterpartyDefaultRiskInwardReinsuranceAssetsDetailsAbstract" xlink:to="CounterpartyDefaultRiskInwardReinsuranceAssetsLineItems" xlink:title="definition: CounterpartyDefaultRiskInwardReinsuranceAssetsDetailsAbstract to CounterpartyDefaultRiskInwardReinsuranceAssetsLineItems" use="optional" order="20.0"/>
    <link:loc xlink:type="locator" xlink:href="../../c-ross_core_2015-12-31.xsd#c-ross_CounterpartyDefaultRiskInwardReinsuranceAssetsRangeOfAccountAge" xlink:label="CounterpartyDefaultRiskInwardReinsuranceAssetsRangeOfAccountAge" xlink:title="CounterpartyDefaultRiskInwardReinsuranceAssetsRangeOfAccountAge"/>
    <link:definitionArc xlink:type="arc" xlink:arcrole="http://xbrl.org/int/dim/arcrole/domain-member" xlink:from="CounterpartyDefaultRiskInwardReinsuranceAssetsLineItems" xlink:to="CounterpartyDefaultRiskInwardReinsuranceAssetsRangeOfAccountAge" xlink:title="definition: CounterpartyDefaultRiskInwardReinsuranceAssetsLineItems to CounterpartyDefaultRiskInwardReinsuranceAssetsRangeOfAccountAge" use="optional" order="20.0"/>
    <link:loc xlink:type="locator" xlink:href="../../c-ross_core_2015-12-31.xsd#c-ross_CounterpartyDefaultRiskInwardReinsuranceAssetsNetValue" xlink:label="CounterpartyDefaultRiskInwardReinsuranceAssetsNetValue" xlink:title="CounterpartyDefaultRiskInwardReinsuranceAssetsNetValue"/>
    <link:definitionArc xlink:type="arc" xlink:arcrole="http://xbrl.org/int/dim/arcrole/domain-member" xlink:from="CounterpartyDefaultRiskInwardReinsuranceAssetsLineItems" xlink:to="CounterpartyDefaultRiskInwardReinsuranceAssetsNetValue" xlink:title="definition: CounterpartyDefaultRiskInwardReinsuranceAssetsLineItems to CounterpartyDefaultRiskInwardReinsuranceAssetsNetValue" use="optional" order="30.0"/>
    <link:loc xlink:type="locator" xlink:href="../../c-ross_core_2015-12-31.xsd#c-ross_CounterpartyDefaultRiskInwardReinsuranceAssetsRiskExposure" xlink:label="CounterpartyDefaultRiskInwardReinsuranceAssetsRiskExposure" xlink:title="CounterpartyDefaultRiskInwardReinsuranceAssetsRiskExposure"/>
    <link:definitionArc xlink:type="arc" xlink:arcrole="http://xbrl.org/int/dim/arcrole/domain-member" xlink:from="CounterpartyDefaultRiskInwardReinsuranceAssetsLineItems" xlink:to="CounterpartyDefaultRiskInwardReinsuranceAssetsRiskExposure" xlink:title="definition: CounterpartyDefaultRiskInwardReinsuranceAssetsLineItems to CounterpartyDefaultRiskInwardReinsuranceAssetsRiskExposure" use="optional" order="40.0"/>
    <link:loc xlink:type="locator" xlink:href="../../c-ross_core_2015-12-31.xsd#c-ross_CounterpartyDefaultRiskInwardReinsuranceAssetsBaseRiskFactor" xlink:label="CounterpartyDefaultRiskInwardReinsuranceAssetsBaseRiskFactor" xlink:title="CounterpartyDefaultRiskInwardReinsuranceAssetsBaseRiskFactor"/>
    <link:definitionArc xlink:type="arc" xlink:arcrole="http://xbrl.org/int/dim/arcrole/domain-member" xlink:from="CounterpartyDefaultRiskInwardReinsuranceAssetsLineItems" xlink:to="CounterpartyDefaultRiskInwardReinsuranceAssetsBaseRiskFactor" xlink:title="definition: CounterpartyDefaultRiskInwardReinsuranceAssetsLineItems to CounterpartyDefaultRiskInwardReinsuranceAssetsBaseRiskFactor" use="optional" order="50.0"/>
    <link:loc xlink:type="locator" xlink:href="../../c-ross_core_2015-12-31.xsd#c-ross_CounterpartyDefaultRiskInwardReinsuranceAssetsMinimumCapital" xlink:label="CounterpartyDefaultRiskInwardReinsuranceAssetsMinimumCapital" xlink:title="CounterpartyDefaultRiskInwardReinsuranceAssetsMinimumCapital"/>
    <link:definitionArc xlink:type="arc" xlink:arcrole="http://xbrl.org/int/dim/arcrole/domain-member" xlink:from="CounterpartyDefaultRiskInwardReinsuranceAssetsLineItems" xlink:to="CounterpartyDefaultRiskInwardReinsuranceAssetsMinimumCapital" xlink:title="definition: CounterpartyDefaultRiskInwardReinsuranceAssetsLineItems to CounterpartyDefaultRiskInwardReinsuranceAssetsMinimumCapital" use="optional" order="60.0"/>
    <link:loc xlink:type="locator" xlink:href="../../c-ross_core_2015-12-31.xsd#c-ross_CounterpartyDefaultRiskInwardReinsuranceAssetsOutwardReinsurerName" xlink:label="CounterpartyDefaultRiskInwardReinsuranceAssetsOutwardReinsurerName" xlink:title="CounterpartyDefaultRiskInwardReinsuranceAssetsOutwardReinsurerName"/>
    <link:definitionArc xlink:type="arc" xlink:arcrole="http://xbrl.org/int/dim/arcrole/domain-member" xlink:from="CounterpartyDefaultRiskInwardReinsuranceAssetsLineItems" xlink:to="CounterpartyDefaultRiskInwardReinsuranceAssetsOutwardReinsurerName" xlink:title="definition: CounterpartyDefaultRiskInwardReinsuranceAssetsLineItems to CounterpartyDefaultRiskInwardReinsuranceAssetsOutwardReinsurerName" use="optional" order="10.0"/>
  </link:definitionLink>
</link:linkbase>
