<?xml version="1.0" encoding="UTF-8"?>

<!--
	Taxonomy: 2015-12-31 (Final)
	**********************
	Copyright © 2015 China Insurance Regulatory Commission.
	All rights reserved.  No part of this publication may be translated, reprinted or reproduced
	or utilised in any form either in whole or in part without prior permission in writing from China Insurance Regulatory Commission.
	  **********************
	-->
<link:linkbase xmlns:xsi="http://www.w3.org/2001/XMLSchema-instance" xsi:schemaLocation="http://www.xbrl.org/2003/linkbase http://www.xbrl.org/2003/xbrl-linkbase-2003-12-31.xsd" xmlns:c-ross="http://xbrl.circ.gov.cn/taxonomy/2015-12-31/c-ross" xmlns:link="http://www.xbrl.org/2003/linkbase" xmlns:q_s_pc_entry_point="http://xbrl.circ.gov.cn/taxonomy/2015-12-31/c-ross/q_s_pc_entry_point" xmlns:xlink="http://www.w3.org/1999/xlink" xmlns:xbrli="http://www.xbrl.org/2003/instance" xmlns:xbrldt="http://xbrl.org/2005/xbrldt">
  <link:roleRef roleURI="http://xbrl.circ.gov.cn/role/c-ross_2015-12-31_role-3170100" xlink:type="simple" xlink:href="rol_c-ross_8_2015-12-31.xsd#c-ross_2015-12-31-3170100"/>
  <link:roleRef roleURI="http://xbrl.circ.gov.cn/role/c-ross_2015-12-31_role-3170100a" xlink:type="simple" xlink:href="rol_c-ross_8_2015-12-31.xsd#c-ross_2015-12-31-3170100a"/>
  <link:roleRef roleURI="http://xbrl.circ.gov.cn/role/c-ross_2015-12-31_role-3170100b" xlink:type="simple" xlink:href="rol_c-ross_8_2015-12-31.xsd#c-ross_2015-12-31-3170100b"/>
  <link:roleRef roleURI="http://xbrl.circ.gov.cn/role/c-ross_2015-12-31_role-3170100c" xlink:type="simple" xlink:href="rol_c-ross_8_2015-12-31.xsd#c-ross_2015-12-31-3170100c"/>
  <link:roleRef roleURI="http://xbrl.circ.gov.cn/role/c-ross_2015-12-31_role-3170100d" xlink:type="simple" xlink:href="rol_c-ross_8_2015-12-31.xsd#c-ross_2015-12-31-3170100d"/>
  <link:roleRef roleURI="http://xbrl.circ.gov.cn/role/c-ross_2015-12-31_role-3170100e" xlink:type="simple" xlink:href="rol_c-ross_8_2015-12-31.xsd#c-ross_2015-12-31-3170100e"/>
  <link:arcroleRef arcroleURI="http://xbrl.org/int/dim/arcrole/all" xlink:type="simple" xlink:href="http://www.xbrl.org/2005/xbrldt-2005.xsd#all"/>
  <link:arcroleRef arcroleURI="http://xbrl.org/int/dim/arcrole/dimension-default" xlink:type="simple" xlink:href="http://www.xbrl.org/2005/xbrldt-2005.xsd#dimension-default"/>
  <link:arcroleRef arcroleURI="http://xbrl.org/int/dim/arcrole/dimension-domain" xlink:type="simple" xlink:href="http://www.xbrl.org/2005/xbrldt-2005.xsd#dimension-domain"/>
  <link:arcroleRef arcroleURI="http://xbrl.org/int/dim/arcrole/domain-member" xlink:type="simple" xlink:href="http://www.xbrl.org/2005/xbrldt-2005.xsd#domain-member"/>
  <link:arcroleRef arcroleURI="http://xbrl.org/int/dim/arcrole/hypercube-dimension" xlink:type="simple" xlink:href="http://www.xbrl.org/2005/xbrldt-2005.xsd#hypercube-dimension"/>
  <link:arcroleRef arcroleURI="http://xbrl.org/int/dim/arcrole/notAll" xlink:type="simple" xlink:href="http://www.xbrl.org/2005/xbrldt-2005.xsd#notAll"/>
  <link:definitionLink xlink:type="extended" xlink:role="http://xbrl.circ.gov.cn/role/c-ross_2015-12-31_role-3170100">
    <link:loc xlink:type="locator" xlink:href="../../c-ross_core_2015-12-31.xsd#c-ross_ExcludedTable" xlink:label="Excluded" xlink:title="Excluded"/>
    <link:loc xlink:type="locator" xlink:href="../../c-ross_core_2015-12-31.xsd#c-ross_TypesOfDomesticInvestmentAssetsMeasuredAtFairValueWithDefiniteTermAxis" xlink:label="TypesOfDomesticInvestmentAssetsMeasuredAtFairValueWithDefiniteTermAxis" xlink:title="TypesOfDomesticInvestmentAssetsMeasuredAtFairValueWithDefiniteTermAxis"/>
    <link:definitionArc xlink:type="arc" xlink:arcrole="http://xbrl.org/int/dim/arcrole/hypercube-dimension" xlink:from="Excluded" xlink:to="TypesOfDomesticInvestmentAssetsMeasuredAtFairValueWithDefiniteTermAxis" xlink:title="definition: Excluded to TypesOfDomesticInvestmentAssetsMeasuredAtFairValueWithDefiniteTermAxis" use="optional" order="10.0"/>
    <link:loc xlink:type="locator" xlink:href="../../c-ross_core_2015-12-31.xsd#c-ross_TypesOfDomesticInvestmentAssetsMeasuredAtFairValueWithDefiniteTermMember" xlink:label="TypesOfDomesticInvestmentAssetsMeasuredAtFairValueWithDefiniteTermMember" xlink:title="TypesOfDomesticInvestmentAssetsMeasuredAtFairValueWithDefiniteTermMember"/>
    <link:definitionArc xlink:type="arc" xlink:arcrole="http://xbrl.org/int/dim/arcrole/dimension-domain" xlink:from="TypesOfDomesticInvestmentAssetsMeasuredAtFairValueWithDefiniteTermAxis" xlink:to="TypesOfDomesticInvestmentAssetsMeasuredAtFairValueWithDefiniteTermMember" xlink:title="definition: TypesOfDomesticInvestmentAssetsMeasuredAtFairValueWithDefiniteTermAxis to TypesOfDomesticInvestmentAssetsMeasuredAtFairValueWithDefiniteTermMember" use="optional" order="10.0"/>
    <link:loc xlink:type="locator" xlink:href="../../c-ross_core_2015-12-31.xsd#c-ross_TypesOfDomesticInvestmentAssetsMeasuredAtFairValueWithDefiniteTermMember" xlink:label="TypesOfDomesticInvestmentAssetsMeasuredAtFairValueWithDefiniteTermMember_2" xlink:title="TypesOfDomesticInvestmentAssetsMeasuredAtFairValueWithDefiniteTermMember"/>
    <link:definitionArc xlink:type="arc" xlink:arcrole="http://xbrl.org/int/dim/arcrole/dimension-default" xlink:from="TypesOfDomesticInvestmentAssetsMeasuredAtFairValueWithDefiniteTermAxis" xlink:to="TypesOfDomesticInvestmentAssetsMeasuredAtFairValueWithDefiniteTermMember_2" xlink:title="definition: TypesOfDomesticInvestmentAssetsMeasuredAtFairValueWithDefiniteTermAxis to TypesOfDomesticInvestmentAssetsMeasuredAtFairValueWithDefiniteTermMember" use="optional" order="20.0"/>
    <link:loc xlink:type="locator" xlink:href="../../c-ross_core_2015-12-31.xsd#c-ross_PolicyFinanceBondsMember" xlink:label="PolicyFinanceBondsMember" xlink:title="PolicyFinanceBondsMember"/>
    <link:definitionArc xlink:type="arc" xlink:arcrole="http://xbrl.org/int/dim/arcrole/domain-member" xlink:from="TypesOfDomesticInvestmentAssetsMeasuredAtFairValueWithDefiniteTermMember" xlink:to="PolicyFinanceBondsMember" xlink:title="definition: TypesOfDomesticInvestmentAssetsMeasuredAtFairValueWithDefiniteTermMember to PolicyFinanceBondsMember" use="optional" order="10.0"/>
    <link:loc xlink:type="locator" xlink:href="../../c-ross_core_2015-12-31.xsd#c-ross_BondsWhichExcludingPolicyFinanceBondsMember" xlink:label="BondsWhichExcludingPolicyFinanceBondsMember" xlink:title="BondsWhichExcludingPolicyFinanceBondsMember"/>
    <link:definitionArc xlink:type="arc" xlink:arcrole="http://xbrl.org/int/dim/arcrole/domain-member" xlink:from="TypesOfDomesticInvestmentAssetsMeasuredAtFairValueWithDefiniteTermMember" xlink:to="BondsWhichExcludingPolicyFinanceBondsMember" xlink:title="definition: TypesOfDomesticInvestmentAssetsMeasuredAtFairValueWithDefiniteTermMember to BondsWhichExcludingPolicyFinanceBondsMember" use="optional" order="20.0"/>
    <link:loc xlink:type="locator" xlink:href="../../c-ross_core_2015-12-31.xsd#c-ross_AssetSecuritizationProductsUnderSolvencyIIMember" xlink:label="AssetSecuritizationProductsMember" xlink:title="AssetSecuritizationProductsMember"/>
    <link:definitionArc xlink:type="arc" xlink:arcrole="http://xbrl.org/int/dim/arcrole/domain-member" xlink:from="TypesOfDomesticInvestmentAssetsMeasuredAtFairValueWithDefiniteTermMember" xlink:to="AssetSecuritizationProductsMember" xlink:title="definition: TypesOfDomesticInvestmentAssetsMeasuredAtFairValueWithDefiniteTermMember to AssetSecuritizationProductsMember" use="optional" order="30.0"/>
    <link:loc xlink:type="locator" xlink:href="../../c-ross_core_2015-12-31.xsd#c-ross_FixedIncomeTrustPlansMember" xlink:label="FixedIncomeTrustPlansMember" xlink:title="FixedIncomeTrustPlansMember"/>
    <link:definitionArc xlink:type="arc" xlink:arcrole="http://xbrl.org/int/dim/arcrole/domain-member" xlink:from="TypesOfDomesticInvestmentAssetsMeasuredAtFairValueWithDefiniteTermMember" xlink:to="FixedIncomeTrustPlansMember" xlink:title="definition: TypesOfDomesticInvestmentAssetsMeasuredAtFairValueWithDefiniteTermMember to FixedIncomeTrustPlansMember" use="optional" order="40.0"/>
    <link:loc xlink:type="locator" xlink:href="../../c-ross_core_2015-12-31.xsd#c-ross_OtherFixedIncomeProductsMember" xlink:label="OtherFixedIncomeProductsMember" xlink:title="OtherFixedIncomeProductsMember"/>
    <link:definitionArc xlink:type="arc" xlink:arcrole="http://xbrl.org/int/dim/arcrole/domain-member" xlink:from="TypesOfDomesticInvestmentAssetsMeasuredAtFairValueWithDefiniteTermMember" xlink:to="OtherFixedIncomeProductsMember" xlink:title="definition: TypesOfDomesticInvestmentAssetsMeasuredAtFairValueWithDefiniteTermMember to OtherFixedIncomeProductsMember" use="optional" order="50.0"/>
    <link:loc xlink:type="locator" xlink:href="../../c-ross_core_2015-12-31.xsd#c-ross_SpreadRiskOfAssetsDetailsAbstract" xlink:label="SpreadRiskOfAssetsDetailsAbstract" xlink:title="SpreadRiskOfAssetsDetailsAbstract"/>
    <link:loc xlink:type="locator" xlink:href="../../c-ross_core_2015-12-31.xsd#c-ross_SpreadRiskOfAssetsDetailsTable" xlink:label="SpreadRiskOfAssetsDetailsTable" xlink:title="SpreadRiskOfAssetsDetailsTable"/>
    <link:definitionArc xlink:type="arc" xlink:arcrole="http://xbrl.org/int/dim/arcrole/all" xlink:from="SpreadRiskOfAssetsDetailsAbstract" xlink:to="SpreadRiskOfAssetsDetailsTable" xlink:title="definition: SpreadRiskOfAssetsDetailsAbstract to SpreadRiskOfAssetsDetailsTable" use="optional" order="10.0" xbrldt:closed="true" xbrldt:contextElement="scenario"/>
    <link:definitionArc xlink:type="arc" xlink:arcrole="http://xbrl.org/int/dim/arcrole/hypercube-dimension" xlink:from="SpreadRiskOfAssetsDetailsTable" xlink:to="TypesOfDomesticInvestmentAssetsMeasuredAtFairValueWithDefiniteTermAxis" xlink:title="definition: SpreadRiskOfAssetsDetailsTable to TypesOfDomesticInvestmentAssetsMeasuredAtFairValueWithDefiniteTermAxis" use="optional" order="10.0"/>
    <link:loc xlink:type="locator" xlink:href="../../c-ross_core_2015-12-31.xsd#c-ross_SpreadRiskOfAssetsDetailsLineItems" xlink:label="SpreadRiskOfAssetsDetailsLineItems" xlink:title="SpreadRiskOfAssetsDetailsLineItems"/>
    <link:definitionArc xlink:type="arc" xlink:arcrole="http://xbrl.org/int/dim/arcrole/domain-member" xlink:from="SpreadRiskOfAssetsDetailsAbstract" xlink:to="SpreadRiskOfAssetsDetailsLineItems" xlink:title="definition: SpreadRiskOfAssetsDetailsAbstract to SpreadRiskOfAssetsDetailsLineItems" use="optional" order="20.0"/>
    <link:loc xlink:type="locator" xlink:href="../../c-ross_core_2015-12-31.xsd#c-ross_SpreadRiskSecurityName" xlink:label="SpreadRiskSecurityName" xlink:title="SpreadRiskSecurityName"/>
    <link:definitionArc xlink:type="arc" xlink:arcrole="http://xbrl.org/int/dim/arcrole/domain-member" xlink:from="SpreadRiskOfAssetsDetailsLineItems" xlink:to="SpreadRiskSecurityName" xlink:title="definition: SpreadRiskOfAssetsDetailsLineItems to SpreadRiskSecurityName" use="optional" order="10.0"/>
    <link:definitionArc xlink:type="arc" xlink:arcrole="http://xbrl.org/int/dim/arcrole/notAll" xlink:from="SpreadRiskSecurityName" xlink:to="Excluded" xlink:title="definition: SpreadRiskSecurityName to Excluded" use="optional" order="10.0" xbrldt:contextElement="scenario"/>
    <link:loc xlink:type="locator" xlink:href="../../c-ross_core_2015-12-31.xsd#c-ross_SpreadRiskSecurityCode" xlink:label="SpreadRiskSecurityCode" xlink:title="SpreadRiskSecurityCode"/>
    <link:definitionArc xlink:type="arc" xlink:arcrole="http://xbrl.org/int/dim/arcrole/domain-member" xlink:from="SpreadRiskOfAssetsDetailsLineItems" xlink:to="SpreadRiskSecurityCode" xlink:title="definition: SpreadRiskOfAssetsDetailsLineItems to SpreadRiskSecurityCode" use="optional" order="20.0"/>
    <link:definitionArc xlink:type="arc" xlink:arcrole="http://xbrl.org/int/dim/arcrole/notAll" xlink:from="SpreadRiskSecurityCode" xlink:to="Excluded" xlink:title="definition: SpreadRiskSecurityCode to Excluded" order="10.0" xbrldt:contextElement="scenario"/>
    <link:loc xlink:type="locator" xlink:href="../../c-ross_core_2015-12-31.xsd#c-ross_SpreadRiskCreditRatingsForAssets" xlink:label="SpreadRiskCreditRatingsForAssets" xlink:title="SpreadRiskCreditRatingsForAssets"/>
    <link:definitionArc xlink:type="arc" xlink:arcrole="http://xbrl.org/int/dim/arcrole/domain-member" xlink:from="SpreadRiskOfAssetsDetailsLineItems" xlink:to="SpreadRiskCreditRatingsForAssets" xlink:title="definition: SpreadRiskOfAssetsDetailsLineItems to SpreadRiskCreditRatingsForAssets" use="optional" order="30.0"/>
    <link:definitionArc xlink:type="arc" xlink:arcrole="http://xbrl.org/int/dim/arcrole/notAll" xlink:from="SpreadRiskCreditRatingsForAssets" xlink:to="Excluded" xlink:title="definition: SpreadRiskCreditRatingsForAssets to Excluded" use="optional" order="10.0" xbrldt:contextElement="scenario"/>
    <link:loc xlink:type="locator" xlink:href="../../c-ross_core_2015-12-31.xsd#c-ross_SpreadRiskModifiedDuration" xlink:label="SpreadRiskModifiedDurationInterestRateDuration" xlink:title="SpreadRiskModifiedDurationInterestRateDuration"/>
    <link:definitionArc xlink:type="arc" xlink:arcrole="http://xbrl.org/int/dim/arcrole/domain-member" xlink:from="SpreadRiskOfAssetsDetailsLineItems" xlink:to="SpreadRiskModifiedDurationInterestRateDuration" xlink:title="definition: SpreadRiskOfAssetsDetailsLineItems to SpreadRiskModifiedDurationInterestRateDuration" use="optional" order="40.0"/>
    <link:definitionArc xlink:type="arc" xlink:arcrole="http://xbrl.org/int/dim/arcrole/notAll" xlink:from="SpreadRiskModifiedDurationInterestRateDuration" xlink:to="Excluded" xlink:title="definition: SpreadRiskModifiedDurationInterestRateDuration to Excluded" use="optional" order="10.0" xbrldt:contextElement="scenario"/>
    <link:loc xlink:type="locator" xlink:href="../../c-ross_core_2015-12-31.xsd#c-ross_SpreadRiskAdmittedValue" xlink:label="SpreadRiskAdmittedValue" xlink:title="SpreadRiskAdmittedValue"/>
    <link:definitionArc xlink:type="arc" xlink:arcrole="http://xbrl.org/int/dim/arcrole/domain-member" xlink:from="SpreadRiskOfAssetsDetailsLineItems" xlink:to="SpreadRiskAdmittedValue" xlink:title="definition: SpreadRiskOfAssetsDetailsLineItems to SpreadRiskAdmittedValue" use="optional" order="50.0"/>
    <link:loc xlink:type="locator" xlink:href="../../c-ross_core_2015-12-31.xsd#c-ross_SpreadRiskRiskExposure" xlink:label="SpreadRiskRiskExposure" xlink:title="SpreadRiskRiskExposure"/>
    <link:definitionArc xlink:type="arc" xlink:arcrole="http://xbrl.org/int/dim/arcrole/domain-member" xlink:from="SpreadRiskOfAssetsDetailsLineItems" xlink:to="SpreadRiskRiskExposure" xlink:title="definition: SpreadRiskOfAssetsDetailsLineItems to SpreadRiskRiskExposure" use="optional" order="60.0"/>
    <link:loc xlink:type="locator" xlink:href="../../c-ross_core_2015-12-31.xsd#c-ross_SpreadRiskBaseRiskFactor" xlink:label="SpreadRiskBaseRiskFactor" xlink:title="SpreadRiskBaseRiskFactor"/>
    <link:definitionArc xlink:type="arc" xlink:arcrole="http://xbrl.org/int/dim/arcrole/domain-member" xlink:from="SpreadRiskOfAssetsDetailsLineItems" xlink:to="SpreadRiskBaseRiskFactor" xlink:title="definition: SpreadRiskOfAssetsDetailsLineItems to SpreadRiskBaseRiskFactor" use="optional" order="70.0"/>
    <link:definitionArc xlink:type="arc" xlink:arcrole="http://xbrl.org/int/dim/arcrole/notAll" xlink:from="SpreadRiskBaseRiskFactor" xlink:to="Excluded" xlink:title="definition: SpreadRiskBaseRiskFactor to Excluded" use="optional" order="10.0" xbrldt:contextElement="scenario"/>
    <link:loc xlink:type="locator" xlink:href="../../c-ross_core_2015-12-31.xsd#c-ross_CreditRiskMinimumCapitalForSpreadRisk" xlink:label="CreditRiskMinimumCapitalForSpreadRisk" xlink:title="CreditRiskMinimumCapitalForSpreadRisk"/>
    <link:definitionArc xlink:type="arc" xlink:arcrole="http://xbrl.org/int/dim/arcrole/domain-member" xlink:from="SpreadRiskOfAssetsDetailsLineItems" xlink:to="CreditRiskMinimumCapitalForSpreadRisk" xlink:title="definition: SpreadRiskOfAssetsDetailsLineItems to CreditRiskMinimumCapitalForSpreadRisk" use="optional" order="80.0"/>
  </link:definitionLink>
  <link:definitionLink xlink:type="extended" xlink:role="http://xbrl.circ.gov.cn/role/c-ross_2015-12-31_role-3170100a">
    <link:loc xlink:type="locator" xlink:href="../../c-ross_core_2015-12-31.xsd#c-ross_TypesOfDomesticInvestmentAssetsMeasuredAtFairValueWithDefiniteTermAxis" xlink:label="TypesOfDomesticInvestmentAssetsMeasuredAtFairValueWithDefiniteTermAxis" xlink:title="TypesOfDomesticInvestmentAssetsMeasuredAtFairValueWithDefiniteTermAxis"/>
    <link:loc xlink:type="locator" xlink:href="../../c-ross_core_2015-12-31.xsd#c-ross_TypesOfDomesticInvestmentAssetsMeasuredAtFairValueWithDefiniteTermMember" xlink:label="TypesOfDomesticInvestmentAssetsMeasuredAtFairValueWithDefiniteTermMember" xlink:title="TypesOfDomesticInvestmentAssetsMeasuredAtFairValueWithDefiniteTermMember"/>
    <link:definitionArc xlink:type="arc" xlink:arcrole="http://xbrl.org/int/dim/arcrole/dimension-domain" xlink:from="TypesOfDomesticInvestmentAssetsMeasuredAtFairValueWithDefiniteTermAxis" xlink:to="TypesOfDomesticInvestmentAssetsMeasuredAtFairValueWithDefiniteTermMember" xlink:title="definition: TypesOfDomesticInvestmentAssetsMeasuredAtFairValueWithDefiniteTermAxis to TypesOfDomesticInvestmentAssetsMeasuredAtFairValueWithDefiniteTermMember" use="optional" order="10.0"/>
    <link:loc xlink:type="locator" xlink:href="../../c-ross_core_2015-12-31.xsd#c-ross_PolicyFinanceBondsMember" xlink:label="PolicyFinanceBondsMember" xlink:title="PolicyFinanceBondsMember"/>
    <link:definitionArc xlink:type="arc" xlink:arcrole="http://xbrl.org/int/dim/arcrole/domain-member" xlink:from="TypesOfDomesticInvestmentAssetsMeasuredAtFairValueWithDefiniteTermMember" xlink:to="PolicyFinanceBondsMember" xlink:title="definition: TypesOfDomesticInvestmentAssetsMeasuredAtFairValueWithDefiniteTermMember to PolicyFinanceBondsMember" use="optional" order="10.0"/>
    <link:loc xlink:type="locator" xlink:href="../../c-ross_core_2015-12-31.xsd#c-ross_SpreadRiskOfAssetsDetailsTable" xlink:label="SpreadRiskOfAssetsDetailsTable" xlink:title="SpreadRiskOfAssetsDetailsTable"/>
    <link:definitionArc xlink:type="arc" xlink:arcrole="http://xbrl.org/int/dim/arcrole/hypercube-dimension" xlink:from="SpreadRiskOfAssetsDetailsTable" xlink:to="TypesOfDomesticInvestmentAssetsMeasuredAtFairValueWithDefiniteTermAxis" xlink:title="definition: SpreadRiskOfAssetsDetailsTable to TypesOfDomesticInvestmentAssetsMeasuredAtFairValueWithDefiniteTermAxis" use="optional" order="10.0"/>
    <link:loc xlink:type="locator" xlink:href="../../c-ross_core_2015-12-31.xsd#c-ross_SpreadRiskOfAssetsPolicyFinancialBondsDetailsLineNumberAxis" xlink:label="SpreadRiskOfAssetsPolicyFinancialBondsDetailsLineNumberAxis" xlink:title="SpreadRiskOfAssetsPolicyFinancialBondsDetailsLineNumberAxis"/>
    <link:definitionArc xlink:type="arc" xlink:arcrole="http://xbrl.org/int/dim/arcrole/hypercube-dimension" xlink:from="SpreadRiskOfAssetsDetailsTable" xlink:to="SpreadRiskOfAssetsPolicyFinancialBondsDetailsLineNumberAxis" xlink:title="definition: SpreadRiskOfAssetsDetailsTable to SpreadRiskOfAssetsPolicyFinancialBondsDetailsLineNumberAxis" use="optional" order="20.0"/>
    <link:loc xlink:type="locator" xlink:href="../../c-ross_core_2015-12-31.xsd#c-ross_SpreadRiskOfAssetsDetailsLineItems" xlink:label="SpreadRiskOfAssetsDetailsLineItems" xlink:title="SpreadRiskOfAssetsDetailsLineItems"/>
    <link:loc xlink:type="locator" xlink:href="../../c-ross_core_2015-12-31.xsd#c-ross_SpreadRiskSecurityName" xlink:label="SpreadRiskSecurityName" xlink:title="SpreadRiskSecurityName"/>
    <link:definitionArc xlink:type="arc" xlink:arcrole="http://xbrl.org/int/dim/arcrole/domain-member" xlink:from="SpreadRiskOfAssetsDetailsLineItems" xlink:to="SpreadRiskSecurityName" xlink:title="definition: SpreadRiskOfAssetsDetailsLineItems to SpreadRiskSecurityName" use="optional" order="10.0"/>
    <link:loc xlink:type="locator" xlink:href="../../c-ross_core_2015-12-31.xsd#c-ross_SpreadRiskSecurityCode" xlink:label="SpreadRiskSecurityCode" xlink:title="SpreadRiskSecurityCode"/>
    <link:definitionArc xlink:type="arc" xlink:arcrole="http://xbrl.org/int/dim/arcrole/domain-member" xlink:from="SpreadRiskOfAssetsDetailsLineItems" xlink:to="SpreadRiskSecurityCode" xlink:title="definition: SpreadRiskOfAssetsDetailsLineItems to SpreadRiskSecurityCode" use="optional" order="20.0"/>
    <link:loc xlink:type="locator" xlink:href="../../c-ross_core_2015-12-31.xsd#c-ross_SpreadRiskCreditRatingsForAssets" xlink:label="SpreadRiskCreditRatingsForAssets" xlink:title="SpreadRiskCreditRatingsForAssets"/>
    <link:definitionArc xlink:type="arc" xlink:arcrole="http://xbrl.org/int/dim/arcrole/domain-member" xlink:from="SpreadRiskOfAssetsDetailsLineItems" xlink:to="SpreadRiskCreditRatingsForAssets" xlink:title="definition: SpreadRiskOfAssetsDetailsLineItems to SpreadRiskCreditRatingsForAssets" use="optional" order="30.0"/>
    <link:loc xlink:type="locator" xlink:href="../../c-ross_core_2015-12-31.xsd#c-ross_SpreadRiskModifiedDuration" xlink:label="SpreadRiskModifiedDurationInterestRateDuration" xlink:title="SpreadRiskModifiedDurationInterestRateDuration"/>
    <link:definitionArc xlink:type="arc" xlink:arcrole="http://xbrl.org/int/dim/arcrole/domain-member" xlink:from="SpreadRiskOfAssetsDetailsLineItems" xlink:to="SpreadRiskModifiedDurationInterestRateDuration" xlink:title="definition: SpreadRiskOfAssetsDetailsLineItems to SpreadRiskModifiedDurationInterestRateDuration" use="optional" order="40.0"/>
    <link:loc xlink:type="locator" xlink:href="../../c-ross_core_2015-12-31.xsd#c-ross_SpreadRiskAdmittedValue" xlink:label="SpreadRiskAdmittedValue" xlink:title="SpreadRiskAdmittedValue"/>
    <link:definitionArc xlink:type="arc" xlink:arcrole="http://xbrl.org/int/dim/arcrole/domain-member" xlink:from="SpreadRiskOfAssetsDetailsLineItems" xlink:to="SpreadRiskAdmittedValue" xlink:title="definition: SpreadRiskOfAssetsDetailsLineItems to SpreadRiskAdmittedValue" use="optional" order="50.0"/>
    <link:loc xlink:type="locator" xlink:href="../../c-ross_core_2015-12-31.xsd#c-ross_SpreadRiskRiskExposure" xlink:label="SpreadRiskRiskExposure" xlink:title="SpreadRiskRiskExposure"/>
    <link:definitionArc xlink:type="arc" xlink:arcrole="http://xbrl.org/int/dim/arcrole/domain-member" xlink:from="SpreadRiskOfAssetsDetailsLineItems" xlink:to="SpreadRiskRiskExposure" xlink:title="definition: SpreadRiskOfAssetsDetailsLineItems to SpreadRiskRiskExposure" use="optional" order="60.0"/>
    <link:loc xlink:type="locator" xlink:href="../../c-ross_core_2015-12-31.xsd#c-ross_SpreadRiskBaseRiskFactor" xlink:label="SpreadRiskBaseRiskFactor" xlink:title="SpreadRiskBaseRiskFactor"/>
    <link:definitionArc xlink:type="arc" xlink:arcrole="http://xbrl.org/int/dim/arcrole/domain-member" xlink:from="SpreadRiskOfAssetsDetailsLineItems" xlink:to="SpreadRiskBaseRiskFactor" xlink:title="definition: SpreadRiskOfAssetsDetailsLineItems to SpreadRiskBaseRiskFactor" use="optional" order="70.0"/>
    <link:loc xlink:type="locator" xlink:href="../../c-ross_core_2015-12-31.xsd#c-ross_CreditRiskMinimumCapitalForSpreadRisk" xlink:label="CreditRiskMinimumCapitalForSpreadRisk" xlink:title="CreditRiskMinimumCapitalForSpreadRisk"/>
    <link:definitionArc xlink:type="arc" xlink:arcrole="http://xbrl.org/int/dim/arcrole/domain-member" xlink:from="SpreadRiskOfAssetsDetailsLineItems" xlink:to="CreditRiskMinimumCapitalForSpreadRisk" xlink:title="definition: SpreadRiskOfAssetsDetailsLineItems to CreditRiskMinimumCapitalForSpreadRisk" use="optional" order="80.0"/>
    <link:loc xlink:type="locator" xlink:href="../../c-ross_core_2015-12-31.xsd#c-ross_SpreadRiskOfAssetsPolicyFinancialBondsDetailsAbstract" xlink:label="SpreadRiskOfAssetsPolicyFinancialBondsDetailsAbstract" xlink:title="SpreadRiskOfAssetsPolicyFinancialBondsDetailsAbstract"/>
    <link:definitionArc xlink:type="arc" xlink:arcrole="http://xbrl.org/int/dim/arcrole/all" xlink:from="SpreadRiskOfAssetsPolicyFinancialBondsDetailsAbstract" xlink:to="SpreadRiskOfAssetsDetailsTable" xlink:title="definition: SpreadRiskOfAssetsPolicyFinancialBondsDetailsAbstract to SpreadRiskOfAssetsDetailsTable" use="optional" order="10.0" xbrldt:closed="true" xbrldt:contextElement="scenario"/>
    <link:definitionArc xlink:type="arc" xlink:arcrole="http://xbrl.org/int/dim/arcrole/domain-member" xlink:from="SpreadRiskOfAssetsPolicyFinancialBondsDetailsAbstract" xlink:to="SpreadRiskOfAssetsDetailsLineItems" xlink:title="definition: SpreadRiskOfAssetsPolicyFinancialBondsDetailsAbstract to SpreadRiskOfAssetsDetailsLineItems" use="optional" order="20.0"/>
  </link:definitionLink>
  <link:definitionLink xlink:type="extended" xlink:role="http://xbrl.circ.gov.cn/role/c-ross_2015-12-31_role-3170100b">
    <link:loc xlink:type="locator" xlink:href="../../c-ross_core_2015-12-31.xsd#c-ross_TypesOfDomesticInvestmentAssetsMeasuredAtFairValueWithDefiniteTermAxis" xlink:label="TypesOfDomesticInvestmentAssetsMeasuredAtFairValueWithDefiniteTermAxis" xlink:title="TypesOfDomesticInvestmentAssetsMeasuredAtFairValueWithDefiniteTermAxis"/>
    <link:loc xlink:type="locator" xlink:href="../../c-ross_core_2015-12-31.xsd#c-ross_TypesOfDomesticInvestmentAssetsMeasuredAtFairValueWithDefiniteTermMember" xlink:label="TypesOfDomesticInvestmentAssetsMeasuredAtFairValueWithDefiniteTermMember" xlink:title="TypesOfDomesticInvestmentAssetsMeasuredAtFairValueWithDefiniteTermMember"/>
    <link:definitionArc xlink:type="arc" xlink:arcrole="http://xbrl.org/int/dim/arcrole/dimension-domain" xlink:from="TypesOfDomesticInvestmentAssetsMeasuredAtFairValueWithDefiniteTermAxis" xlink:to="TypesOfDomesticInvestmentAssetsMeasuredAtFairValueWithDefiniteTermMember" xlink:title="definition: TypesOfDomesticInvestmentAssetsMeasuredAtFairValueWithDefiniteTermAxis to TypesOfDomesticInvestmentAssetsMeasuredAtFairValueWithDefiniteTermMember" use="optional" order="10.0"/>
    <link:loc xlink:type="locator" xlink:href="../../c-ross_core_2015-12-31.xsd#c-ross_BondsWhichExcludingPolicyFinanceBondsMember" xlink:label="BondsWhichExcludingPolicyFinanceBondsMember" xlink:title="BondsWhichExcludingPolicyFinanceBondsMember"/>
    <link:definitionArc xlink:type="arc" xlink:arcrole="http://xbrl.org/int/dim/arcrole/domain-member" xlink:from="TypesOfDomesticInvestmentAssetsMeasuredAtFairValueWithDefiniteTermMember" xlink:to="BondsWhichExcludingPolicyFinanceBondsMember" xlink:title="definition: TypesOfDomesticInvestmentAssetsMeasuredAtFairValueWithDefiniteTermMember to BondsWhichExcludingPolicyFinanceBondsMember" use="optional" order="10.0"/>
    <link:loc xlink:type="locator" xlink:href="../../c-ross_core_2015-12-31.xsd#c-ross_SpreadRiskOfAssetsDetailsTable" xlink:label="SpreadRiskOfAssetsDetailsTable" xlink:title="SpreadRiskOfAssetsDetailsTable"/>
    <link:definitionArc xlink:type="arc" xlink:arcrole="http://xbrl.org/int/dim/arcrole/hypercube-dimension" xlink:from="SpreadRiskOfAssetsDetailsTable" xlink:to="TypesOfDomesticInvestmentAssetsMeasuredAtFairValueWithDefiniteTermAxis" xlink:title="definition: SpreadRiskOfAssetsDetailsTable to TypesOfDomesticInvestmentAssetsMeasuredAtFairValueWithDefiniteTermAxis" use="optional" order="10.0"/>
    <link:loc xlink:type="locator" xlink:href="../../c-ross_core_2015-12-31.xsd#c-ross_SpreadRiskOfAssetsBondsWhichExcludingPolicyFinanceBondsDetailsLineNumberAxis" xlink:label="SpreadRiskOfAssetsBondsWhichExcludingPolicyFinanceBondsDetailsLineNumberAxis" xlink:title="SpreadRiskOfAssetsBondsWhichExcludingPolicyFinanceBondsDetailsLineNumberAxis"/>
    <link:definitionArc xlink:type="arc" xlink:arcrole="http://xbrl.org/int/dim/arcrole/hypercube-dimension" xlink:from="SpreadRiskOfAssetsDetailsTable" xlink:to="SpreadRiskOfAssetsBondsWhichExcludingPolicyFinanceBondsDetailsLineNumberAxis" xlink:title="definition: SpreadRiskOfAssetsDetailsTable to SpreadRiskOfAssetsBondsWhichExcludingPolicyFinanceBondsDetailsLineNumberAxis" use="optional" order="20.0"/>
    <link:loc xlink:type="locator" xlink:href="../../c-ross_core_2015-12-31.xsd#c-ross_SpreadRiskOfAssetsDetailsLineItems" xlink:label="SpreadRiskOfAssetsDetailsLineItems" xlink:title="SpreadRiskOfAssetsDetailsLineItems"/>
    <link:loc xlink:type="locator" xlink:href="../../c-ross_core_2015-12-31.xsd#c-ross_SpreadRiskSecurityName" xlink:label="SpreadRiskSecurityName" xlink:title="SpreadRiskSecurityName"/>
    <link:definitionArc xlink:type="arc" xlink:arcrole="http://xbrl.org/int/dim/arcrole/domain-member" xlink:from="SpreadRiskOfAssetsDetailsLineItems" xlink:to="SpreadRiskSecurityName" xlink:title="definition: SpreadRiskOfAssetsDetailsLineItems to SpreadRiskSecurityName" use="optional" order="10.0"/>
    <link:loc xlink:type="locator" xlink:href="../../c-ross_core_2015-12-31.xsd#c-ross_SpreadRiskSecurityCode" xlink:label="SpreadRiskSecurityCode" xlink:title="SpreadRiskSecurityCode"/>
    <link:definitionArc xlink:type="arc" xlink:arcrole="http://xbrl.org/int/dim/arcrole/domain-member" xlink:from="SpreadRiskOfAssetsDetailsLineItems" xlink:to="SpreadRiskSecurityCode" xlink:title="definition: SpreadRiskOfAssetsDetailsLineItems to SpreadRiskSecurityCode" use="optional" order="20.0"/>
    <link:loc xlink:type="locator" xlink:href="../../c-ross_core_2015-12-31.xsd#c-ross_SpreadRiskCreditRatingsForAssets" xlink:label="SpreadRiskCreditRatingsForAssets" xlink:title="SpreadRiskCreditRatingsForAssets"/>
    <link:definitionArc xlink:type="arc" xlink:arcrole="http://xbrl.org/int/dim/arcrole/domain-member" xlink:from="SpreadRiskOfAssetsDetailsLineItems" xlink:to="SpreadRiskCreditRatingsForAssets" xlink:title="definition: SpreadRiskOfAssetsDetailsLineItems to SpreadRiskCreditRatingsForAssets" use="optional" order="30.0"/>
    <link:loc xlink:type="locator" xlink:href="../../c-ross_core_2015-12-31.xsd#c-ross_SpreadRiskModifiedDuration" xlink:label="SpreadRiskModifiedDurationInterestRateDuration" xlink:title="SpreadRiskModifiedDurationInterestRateDuration"/>
    <link:definitionArc xlink:type="arc" xlink:arcrole="http://xbrl.org/int/dim/arcrole/domain-member" xlink:from="SpreadRiskOfAssetsDetailsLineItems" xlink:to="SpreadRiskModifiedDurationInterestRateDuration" xlink:title="definition: SpreadRiskOfAssetsDetailsLineItems to SpreadRiskModifiedDurationInterestRateDuration" use="optional" order="40.0"/>
    <link:loc xlink:type="locator" xlink:href="../../c-ross_core_2015-12-31.xsd#c-ross_SpreadRiskAdmittedValue" xlink:label="SpreadRiskAdmittedValue" xlink:title="SpreadRiskAdmittedValue"/>
    <link:definitionArc xlink:type="arc" xlink:arcrole="http://xbrl.org/int/dim/arcrole/domain-member" xlink:from="SpreadRiskOfAssetsDetailsLineItems" xlink:to="SpreadRiskAdmittedValue" xlink:title="definition: SpreadRiskOfAssetsDetailsLineItems to SpreadRiskAdmittedValue" use="optional" order="50.0"/>
    <link:loc xlink:type="locator" xlink:href="../../c-ross_core_2015-12-31.xsd#c-ross_SpreadRiskRiskExposure" xlink:label="SpreadRiskRiskExposure" xlink:title="SpreadRiskRiskExposure"/>
    <link:definitionArc xlink:type="arc" xlink:arcrole="http://xbrl.org/int/dim/arcrole/domain-member" xlink:from="SpreadRiskOfAssetsDetailsLineItems" xlink:to="SpreadRiskRiskExposure" xlink:title="definition: SpreadRiskOfAssetsDetailsLineItems to SpreadRiskRiskExposure" use="optional" order="60.0"/>
    <link:loc xlink:type="locator" xlink:href="../../c-ross_core_2015-12-31.xsd#c-ross_SpreadRiskBaseRiskFactor" xlink:label="SpreadRiskBaseRiskFactor" xlink:title="SpreadRiskBaseRiskFactor"/>
    <link:definitionArc xlink:type="arc" xlink:arcrole="http://xbrl.org/int/dim/arcrole/domain-member" xlink:from="SpreadRiskOfAssetsDetailsLineItems" xlink:to="SpreadRiskBaseRiskFactor" xlink:title="definition: SpreadRiskOfAssetsDetailsLineItems to SpreadRiskBaseRiskFactor" use="optional" order="70.0"/>
    <link:loc xlink:type="locator" xlink:href="../../c-ross_core_2015-12-31.xsd#c-ross_CreditRiskMinimumCapitalForSpreadRisk" xlink:label="CreditRiskMinimumCapitalForSpreadRisk" xlink:title="CreditRiskMinimumCapitalForSpreadRisk"/>
    <link:definitionArc xlink:type="arc" xlink:arcrole="http://xbrl.org/int/dim/arcrole/domain-member" xlink:from="SpreadRiskOfAssetsDetailsLineItems" xlink:to="CreditRiskMinimumCapitalForSpreadRisk" xlink:title="definition: SpreadRiskOfAssetsDetailsLineItems to CreditRiskMinimumCapitalForSpreadRisk" use="optional" order="80.0"/>
    <link:loc xlink:type="locator" xlink:href="../../c-ross_core_2015-12-31.xsd#c-ross_SpreadRiskOfAssetsBondsWhichExcludingPolicyFinanceBondsDetailsAbstract" xlink:label="SpreadRiskOfAssetsBondsWhichExcludingPolicyFinanceBondsDetailsAbstract" xlink:title="SpreadRiskOfAssetsBondsWhichExcludingPolicyFinanceBondsDetailsAbstract"/>
    <link:definitionArc xlink:type="arc" xlink:arcrole="http://xbrl.org/int/dim/arcrole/all" xlink:from="SpreadRiskOfAssetsBondsWhichExcludingPolicyFinanceBondsDetailsAbstract" xlink:to="SpreadRiskOfAssetsDetailsTable" xlink:title="definition: SpreadRiskOfAssetsBondsWhichExcludingPolicyFinanceBondsDetailsAbstract to SpreadRiskOfAssetsDetailsTable" use="optional" order="10.0" xbrldt:closed="true" xbrldt:contextElement="scenario"/>
    <link:definitionArc xlink:type="arc" xlink:arcrole="http://xbrl.org/int/dim/arcrole/domain-member" xlink:from="SpreadRiskOfAssetsBondsWhichExcludingPolicyFinanceBondsDetailsAbstract" xlink:to="SpreadRiskOfAssetsDetailsLineItems" xlink:title="definition: SpreadRiskOfAssetsBondsWhichExcludingPolicyFinanceBondsDetailsAbstract to SpreadRiskOfAssetsDetailsLineItems" use="optional" order="20.0"/>
  </link:definitionLink>
  <link:definitionLink xlink:type="extended" xlink:role="http://xbrl.circ.gov.cn/role/c-ross_2015-12-31_role-3170100c">
    <link:loc xlink:type="locator" xlink:href="../../c-ross_core_2015-12-31.xsd#c-ross_TypesOfDomesticInvestmentAssetsMeasuredAtFairValueWithDefiniteTermAxis" xlink:label="TypesOfDomesticInvestmentAssetsMeasuredAtFairValueWithDefiniteTermAxis" xlink:title="TypesOfDomesticInvestmentAssetsMeasuredAtFairValueWithDefiniteTermAxis"/>
    <link:loc xlink:type="locator" xlink:href="../../c-ross_core_2015-12-31.xsd#c-ross_TypesOfDomesticInvestmentAssetsMeasuredAtFairValueWithDefiniteTermMember" xlink:label="TypesOfDomesticInvestmentAssetsMeasuredAtFairValueWithDefiniteTermMember" xlink:title="TypesOfDomesticInvestmentAssetsMeasuredAtFairValueWithDefiniteTermMember"/>
    <link:definitionArc xlink:type="arc" xlink:arcrole="http://xbrl.org/int/dim/arcrole/dimension-domain" xlink:from="TypesOfDomesticInvestmentAssetsMeasuredAtFairValueWithDefiniteTermAxis" xlink:to="TypesOfDomesticInvestmentAssetsMeasuredAtFairValueWithDefiniteTermMember" xlink:title="definition: TypesOfDomesticInvestmentAssetsMeasuredAtFairValueWithDefiniteTermAxis to TypesOfDomesticInvestmentAssetsMeasuredAtFairValueWithDefiniteTermMember" use="optional" order="10.0"/>
    <link:loc xlink:type="locator" xlink:href="../../c-ross_core_2015-12-31.xsd#c-ross_AssetSecuritizationProductsUnderSolvencyIIMember" xlink:label="AssetSecuritizationProductsMember" xlink:title="AssetSecuritizationProductsMember"/>
    <link:definitionArc xlink:type="arc" xlink:arcrole="http://xbrl.org/int/dim/arcrole/domain-member" xlink:from="TypesOfDomesticInvestmentAssetsMeasuredAtFairValueWithDefiniteTermMember" xlink:to="AssetSecuritizationProductsMember" xlink:title="definition: TypesOfDomesticInvestmentAssetsMeasuredAtFairValueWithDefiniteTermMember to AssetSecuritizationProductsMember" use="optional" order="10.0"/>
    <link:loc xlink:type="locator" xlink:href="../../c-ross_core_2015-12-31.xsd#c-ross_SpreadRiskOfAssetsDetailsTable" xlink:label="SpreadRiskOfAssetsDetailsTable" xlink:title="SpreadRiskOfAssetsDetailsTable"/>
    <link:definitionArc xlink:type="arc" xlink:arcrole="http://xbrl.org/int/dim/arcrole/hypercube-dimension" xlink:from="SpreadRiskOfAssetsDetailsTable" xlink:to="TypesOfDomesticInvestmentAssetsMeasuredAtFairValueWithDefiniteTermAxis" xlink:title="definition: SpreadRiskOfAssetsDetailsTable to TypesOfDomesticInvestmentAssetsMeasuredAtFairValueWithDefiniteTermAxis" use="optional" order="10.0"/>
    <link:loc xlink:type="locator" xlink:href="../../c-ross_core_2015-12-31.xsd#c-ross_SpreadRiskOfAssetsAssetSecuritizationProductsDetailsLineNumberAxis" xlink:label="SpreadRiskOfAssetsAssetSecuritizationProductsDetailsLineNumberAxis" xlink:title="SpreadRiskOfAssetsAssetSecuritizationProductsDetailsLineNumberAxis"/>
    <link:definitionArc xlink:type="arc" xlink:arcrole="http://xbrl.org/int/dim/arcrole/hypercube-dimension" xlink:from="SpreadRiskOfAssetsDetailsTable" xlink:to="SpreadRiskOfAssetsAssetSecuritizationProductsDetailsLineNumberAxis" xlink:title="definition: SpreadRiskOfAssetsDetailsTable to SpreadRiskOfAssetsAssetSecuritizationProductsDetailsLineNumberAxis" use="optional" order="20.0"/>
    <link:loc xlink:type="locator" xlink:href="../../c-ross_core_2015-12-31.xsd#c-ross_SpreadRiskOfAssetsDetailsLineItems" xlink:label="SpreadRiskOfAssetsDetailsLineItems" xlink:title="SpreadRiskOfAssetsDetailsLineItems"/>
    <link:loc xlink:type="locator" xlink:href="../../c-ross_core_2015-12-31.xsd#c-ross_SpreadRiskSecurityName" xlink:label="SpreadRiskSecurityName" xlink:title="SpreadRiskSecurityName"/>
    <link:definitionArc xlink:type="arc" xlink:arcrole="http://xbrl.org/int/dim/arcrole/domain-member" xlink:from="SpreadRiskOfAssetsDetailsLineItems" xlink:to="SpreadRiskSecurityName" xlink:title="definition: SpreadRiskOfAssetsDetailsLineItems to SpreadRiskSecurityName" use="optional" order="10.0"/>
    <link:loc xlink:type="locator" xlink:href="../../c-ross_core_2015-12-31.xsd#c-ross_SpreadRiskSecurityCode" xlink:label="SpreadRiskSecurityCode" xlink:title="SpreadRiskSecurityCode"/>
    <link:definitionArc xlink:type="arc" xlink:arcrole="http://xbrl.org/int/dim/arcrole/domain-member" xlink:from="SpreadRiskOfAssetsDetailsLineItems" xlink:to="SpreadRiskSecurityCode" xlink:title="definition: SpreadRiskOfAssetsDetailsLineItems to SpreadRiskSecurityCode" use="optional" order="20.0"/>
    <link:loc xlink:type="locator" xlink:href="../../c-ross_core_2015-12-31.xsd#c-ross_SpreadRiskCreditRatingsForAssets" xlink:label="SpreadRiskCreditRatingsForAssets" xlink:title="SpreadRiskCreditRatingsForAssets"/>
    <link:definitionArc xlink:type="arc" xlink:arcrole="http://xbrl.org/int/dim/arcrole/domain-member" xlink:from="SpreadRiskOfAssetsDetailsLineItems" xlink:to="SpreadRiskCreditRatingsForAssets" xlink:title="definition: SpreadRiskOfAssetsDetailsLineItems to SpreadRiskCreditRatingsForAssets" use="optional" order="30.0"/>
    <link:loc xlink:type="locator" xlink:href="../../c-ross_core_2015-12-31.xsd#c-ross_SpreadRiskModifiedDuration" xlink:label="SpreadRiskModifiedDurationInterestRateDuration" xlink:title="SpreadRiskModifiedDurationInterestRateDuration"/>
    <link:definitionArc xlink:type="arc" xlink:arcrole="http://xbrl.org/int/dim/arcrole/domain-member" xlink:from="SpreadRiskOfAssetsDetailsLineItems" xlink:to="SpreadRiskModifiedDurationInterestRateDuration" xlink:title="definition: SpreadRiskOfAssetsDetailsLineItems to SpreadRiskModifiedDurationInterestRateDuration" use="optional" order="40.0"/>
    <link:loc xlink:type="locator" xlink:href="../../c-ross_core_2015-12-31.xsd#c-ross_SpreadRiskAdmittedValue" xlink:label="SpreadRiskAdmittedValue" xlink:title="SpreadRiskAdmittedValue"/>
    <link:definitionArc xlink:type="arc" xlink:arcrole="http://xbrl.org/int/dim/arcrole/domain-member" xlink:from="SpreadRiskOfAssetsDetailsLineItems" xlink:to="SpreadRiskAdmittedValue" xlink:title="definition: SpreadRiskOfAssetsDetailsLineItems to SpreadRiskAdmittedValue" use="optional" order="50.0"/>
    <link:loc xlink:type="locator" xlink:href="../../c-ross_core_2015-12-31.xsd#c-ross_SpreadRiskRiskExposure" xlink:label="SpreadRiskRiskExposure" xlink:title="SpreadRiskRiskExposure"/>
    <link:definitionArc xlink:type="arc" xlink:arcrole="http://xbrl.org/int/dim/arcrole/domain-member" xlink:from="SpreadRiskOfAssetsDetailsLineItems" xlink:to="SpreadRiskRiskExposure" xlink:title="definition: SpreadRiskOfAssetsDetailsLineItems to SpreadRiskRiskExposure" use="optional" order="60.0"/>
    <link:loc xlink:type="locator" xlink:href="../../c-ross_core_2015-12-31.xsd#c-ross_SpreadRiskBaseRiskFactor" xlink:label="SpreadRiskBaseRiskFactor" xlink:title="SpreadRiskBaseRiskFactor"/>
    <link:definitionArc xlink:type="arc" xlink:arcrole="http://xbrl.org/int/dim/arcrole/domain-member" xlink:from="SpreadRiskOfAssetsDetailsLineItems" xlink:to="SpreadRiskBaseRiskFactor" xlink:title="definition: SpreadRiskOfAssetsDetailsLineItems to SpreadRiskBaseRiskFactor" use="optional" order="70.0"/>
    <link:loc xlink:type="locator" xlink:href="../../c-ross_core_2015-12-31.xsd#c-ross_CreditRiskMinimumCapitalForSpreadRisk" xlink:label="CreditRiskMinimumCapitalForSpreadRisk" xlink:title="CreditRiskMinimumCapitalForSpreadRisk"/>
    <link:definitionArc xlink:type="arc" xlink:arcrole="http://xbrl.org/int/dim/arcrole/domain-member" xlink:from="SpreadRiskOfAssetsDetailsLineItems" xlink:to="CreditRiskMinimumCapitalForSpreadRisk" xlink:title="definition: SpreadRiskOfAssetsDetailsLineItems to CreditRiskMinimumCapitalForSpreadRisk" use="optional" order="80.0"/>
    <link:loc xlink:type="locator" xlink:href="../../c-ross_core_2015-12-31.xsd#c-ross_SpreadRiskOfAssetsAssetSecuritizationProductsDetailsAbstract" xlink:label="SpreadRiskOfAssetsAssetSecuritizationProductsDetailsAbstract" xlink:title="SpreadRiskOfAssetsAssetSecuritizationProductsDetailsAbstract"/>
    <link:definitionArc xlink:type="arc" xlink:arcrole="http://xbrl.org/int/dim/arcrole/all" xlink:from="SpreadRiskOfAssetsAssetSecuritizationProductsDetailsAbstract" xlink:to="SpreadRiskOfAssetsDetailsTable" xlink:title="definition: SpreadRiskOfAssetsAssetSecuritizationProductsDetailsAbstract to SpreadRiskOfAssetsDetailsTable" use="optional" order="10.0" xbrldt:closed="true" xbrldt:contextElement="scenario"/>
    <link:definitionArc xlink:type="arc" xlink:arcrole="http://xbrl.org/int/dim/arcrole/domain-member" xlink:from="SpreadRiskOfAssetsAssetSecuritizationProductsDetailsAbstract" xlink:to="SpreadRiskOfAssetsDetailsLineItems" xlink:title="definition: SpreadRiskOfAssetsAssetSecuritizationProductsDetailsAbstract to SpreadRiskOfAssetsDetailsLineItems" use="optional" order="20.0"/>
  </link:definitionLink>
  <link:definitionLink xlink:type="extended" xlink:role="http://xbrl.circ.gov.cn/role/c-ross_2015-12-31_role-3170100d">
    <link:loc xlink:type="locator" xlink:href="../../c-ross_core_2015-12-31.xsd#c-ross_TypesOfDomesticInvestmentAssetsMeasuredAtFairValueWithDefiniteTermAxis" xlink:label="TypesOfDomesticInvestmentAssetsMeasuredAtFairValueWithDefiniteTermAxis" xlink:title="TypesOfDomesticInvestmentAssetsMeasuredAtFairValueWithDefiniteTermAxis"/>
    <link:loc xlink:type="locator" xlink:href="../../c-ross_core_2015-12-31.xsd#c-ross_TypesOfDomesticInvestmentAssetsMeasuredAtFairValueWithDefiniteTermMember" xlink:label="TypesOfDomesticInvestmentAssetsMeasuredAtFairValueWithDefiniteTermMember" xlink:title="TypesOfDomesticInvestmentAssetsMeasuredAtFairValueWithDefiniteTermMember"/>
    <link:definitionArc xlink:type="arc" xlink:arcrole="http://xbrl.org/int/dim/arcrole/dimension-domain" xlink:from="TypesOfDomesticInvestmentAssetsMeasuredAtFairValueWithDefiniteTermAxis" xlink:to="TypesOfDomesticInvestmentAssetsMeasuredAtFairValueWithDefiniteTermMember" xlink:title="definition: TypesOfDomesticInvestmentAssetsMeasuredAtFairValueWithDefiniteTermAxis to TypesOfDomesticInvestmentAssetsMeasuredAtFairValueWithDefiniteTermMember" use="optional" order="10.0"/>
    <link:loc xlink:type="locator" xlink:href="../../c-ross_core_2015-12-31.xsd#c-ross_FixedIncomeTrustPlansMember" xlink:label="FixedIncomeTrustPlansMember" xlink:title="FixedIncomeTrustPlansMember"/>
    <link:definitionArc xlink:type="arc" xlink:arcrole="http://xbrl.org/int/dim/arcrole/domain-member" xlink:from="TypesOfDomesticInvestmentAssetsMeasuredAtFairValueWithDefiniteTermMember" xlink:to="FixedIncomeTrustPlansMember" xlink:title="definition: TypesOfDomesticInvestmentAssetsMeasuredAtFairValueWithDefiniteTermMember to FixedIncomeTrustPlansMember" use="optional" order="10.0"/>
    <link:loc xlink:type="locator" xlink:href="../../c-ross_core_2015-12-31.xsd#c-ross_SpreadRiskOfAssetsDetailsTable" xlink:label="SpreadRiskOfAssetsDetailsTable" xlink:title="SpreadRiskOfAssetsDetailsTable"/>
    <link:definitionArc xlink:type="arc" xlink:arcrole="http://xbrl.org/int/dim/arcrole/hypercube-dimension" xlink:from="SpreadRiskOfAssetsDetailsTable" xlink:to="TypesOfDomesticInvestmentAssetsMeasuredAtFairValueWithDefiniteTermAxis" xlink:title="definition: SpreadRiskOfAssetsDetailsTable to TypesOfDomesticInvestmentAssetsMeasuredAtFairValueWithDefiniteTermAxis" use="optional" order="10.0"/>
    <link:loc xlink:type="locator" xlink:href="../../c-ross_core_2015-12-31.xsd#c-ross_SpreadRiskOfAssetsFixedIncomeTrustPlansDetailsLineNumberAxis" xlink:label="SpreadRiskOfAssetsFixedIncomeTrustPlansDetailsLineNumberAxis" xlink:title="SpreadRiskOfAssetsFixedIncomeTrustPlansDetailsLineNumberAxis"/>
    <link:definitionArc xlink:type="arc" xlink:arcrole="http://xbrl.org/int/dim/arcrole/hypercube-dimension" xlink:from="SpreadRiskOfAssetsDetailsTable" xlink:to="SpreadRiskOfAssetsFixedIncomeTrustPlansDetailsLineNumberAxis" xlink:title="definition: SpreadRiskOfAssetsDetailsTable to SpreadRiskOfAssetsFixedIncomeTrustPlansDetailsLineNumberAxis" use="optional" order="20.0"/>
    <link:loc xlink:type="locator" xlink:href="../../c-ross_core_2015-12-31.xsd#c-ross_SpreadRiskOfAssetsDetailsLineItems" xlink:label="SpreadRiskOfAssetsDetailsLineItems" xlink:title="SpreadRiskOfAssetsDetailsLineItems"/>
    <link:loc xlink:type="locator" xlink:href="../../c-ross_core_2015-12-31.xsd#c-ross_SpreadRiskSecurityName" xlink:label="SpreadRiskSecurityName" xlink:title="SpreadRiskSecurityName"/>
    <link:definitionArc xlink:type="arc" xlink:arcrole="http://xbrl.org/int/dim/arcrole/domain-member" xlink:from="SpreadRiskOfAssetsDetailsLineItems" xlink:to="SpreadRiskSecurityName" xlink:title="definition: SpreadRiskOfAssetsDetailsLineItems to SpreadRiskSecurityName" use="optional" order="10.0"/>
    <link:loc xlink:type="locator" xlink:href="../../c-ross_core_2015-12-31.xsd#c-ross_SpreadRiskSecurityCode" xlink:label="SpreadRiskSecurityCode" xlink:title="SpreadRiskSecurityCode"/>
    <link:definitionArc xlink:type="arc" xlink:arcrole="http://xbrl.org/int/dim/arcrole/domain-member" xlink:from="SpreadRiskOfAssetsDetailsLineItems" xlink:to="SpreadRiskSecurityCode" xlink:title="definition: SpreadRiskOfAssetsDetailsLineItems to SpreadRiskSecurityCode" use="optional" order="20.0"/>
    <link:loc xlink:type="locator" xlink:href="../../c-ross_core_2015-12-31.xsd#c-ross_SpreadRiskCreditRatingsForAssets" xlink:label="SpreadRiskCreditRatingsForAssets" xlink:title="SpreadRiskCreditRatingsForAssets"/>
    <link:definitionArc xlink:type="arc" xlink:arcrole="http://xbrl.org/int/dim/arcrole/domain-member" xlink:from="SpreadRiskOfAssetsDetailsLineItems" xlink:to="SpreadRiskCreditRatingsForAssets" xlink:title="definition: SpreadRiskOfAssetsDetailsLineItems to SpreadRiskCreditRatingsForAssets" use="optional" order="30.0"/>
    <link:loc xlink:type="locator" xlink:href="../../c-ross_core_2015-12-31.xsd#c-ross_SpreadRiskModifiedDuration" xlink:label="SpreadRiskModifiedDurationInterestRateDuration" xlink:title="SpreadRiskModifiedDurationInterestRateDuration"/>
    <link:definitionArc xlink:type="arc" xlink:arcrole="http://xbrl.org/int/dim/arcrole/domain-member" xlink:from="SpreadRiskOfAssetsDetailsLineItems" xlink:to="SpreadRiskModifiedDurationInterestRateDuration" xlink:title="definition: SpreadRiskOfAssetsDetailsLineItems to SpreadRiskModifiedDurationInterestRateDuration" use="optional" order="40.0"/>
    <link:loc xlink:type="locator" xlink:href="../../c-ross_core_2015-12-31.xsd#c-ross_SpreadRiskAdmittedValue" xlink:label="SpreadRiskAdmittedValue" xlink:title="SpreadRiskAdmittedValue"/>
    <link:definitionArc xlink:type="arc" xlink:arcrole="http://xbrl.org/int/dim/arcrole/domain-member" xlink:from="SpreadRiskOfAssetsDetailsLineItems" xlink:to="SpreadRiskAdmittedValue" xlink:title="definition: SpreadRiskOfAssetsDetailsLineItems to SpreadRiskAdmittedValue" use="optional" order="50.0"/>
    <link:loc xlink:type="locator" xlink:href="../../c-ross_core_2015-12-31.xsd#c-ross_SpreadRiskRiskExposure" xlink:label="SpreadRiskRiskExposure" xlink:title="SpreadRiskRiskExposure"/>
    <link:definitionArc xlink:type="arc" xlink:arcrole="http://xbrl.org/int/dim/arcrole/domain-member" xlink:from="SpreadRiskOfAssetsDetailsLineItems" xlink:to="SpreadRiskRiskExposure" xlink:title="definition: SpreadRiskOfAssetsDetailsLineItems to SpreadRiskRiskExposure" use="optional" order="60.0"/>
    <link:loc xlink:type="locator" xlink:href="../../c-ross_core_2015-12-31.xsd#c-ross_SpreadRiskBaseRiskFactor" xlink:label="SpreadRiskBaseRiskFactor" xlink:title="SpreadRiskBaseRiskFactor"/>
    <link:definitionArc xlink:type="arc" xlink:arcrole="http://xbrl.org/int/dim/arcrole/domain-member" xlink:from="SpreadRiskOfAssetsDetailsLineItems" xlink:to="SpreadRiskBaseRiskFactor" xlink:title="definition: SpreadRiskOfAssetsDetailsLineItems to SpreadRiskBaseRiskFactor" use="optional" order="70.0"/>
    <link:loc xlink:type="locator" xlink:href="../../c-ross_core_2015-12-31.xsd#c-ross_CreditRiskMinimumCapitalForSpreadRisk" xlink:label="CreditRiskMinimumCapitalForSpreadRisk" xlink:title="CreditRiskMinimumCapitalForSpreadRisk"/>
    <link:definitionArc xlink:type="arc" xlink:arcrole="http://xbrl.org/int/dim/arcrole/domain-member" xlink:from="SpreadRiskOfAssetsDetailsLineItems" xlink:to="CreditRiskMinimumCapitalForSpreadRisk" xlink:title="definition: SpreadRiskOfAssetsDetailsLineItems to CreditRiskMinimumCapitalForSpreadRisk" use="optional" order="80.0"/>
    <link:loc xlink:type="locator" xlink:href="../../c-ross_core_2015-12-31.xsd#c-ross_SpreadRiskOfAssetsFixedIncomeTrustPlansDetailsAbstract" xlink:label="SpreadRiskOfAssetsFixedIncomeTrustPlansDetailsAbstract" xlink:title="SpreadRiskOfAssetsFixedIncomeTrustPlansDetailsAbstract"/>
    <link:definitionArc xlink:type="arc" xlink:arcrole="http://xbrl.org/int/dim/arcrole/all" xlink:from="SpreadRiskOfAssetsFixedIncomeTrustPlansDetailsAbstract" xlink:to="SpreadRiskOfAssetsDetailsTable" xlink:title="definition: SpreadRiskOfAssetsFixedIncomeTrustPlansDetailsAbstract to SpreadRiskOfAssetsDetailsTable" use="optional" order="10.0" xbrldt:closed="true" xbrldt:contextElement="scenario"/>
    <link:definitionArc xlink:type="arc" xlink:arcrole="http://xbrl.org/int/dim/arcrole/domain-member" xlink:from="SpreadRiskOfAssetsFixedIncomeTrustPlansDetailsAbstract" xlink:to="SpreadRiskOfAssetsDetailsLineItems" xlink:title="definition: SpreadRiskOfAssetsFixedIncomeTrustPlansDetailsAbstract to SpreadRiskOfAssetsDetailsLineItems" use="optional" order="20.0"/>
  </link:definitionLink>
  <link:definitionLink xlink:type="extended" xlink:role="http://xbrl.circ.gov.cn/role/c-ross_2015-12-31_role-3170100e">
    <link:loc xlink:type="locator" xlink:href="../../c-ross_core_2015-12-31.xsd#c-ross_TypesOfDomesticInvestmentAssetsMeasuredAtFairValueWithDefiniteTermAxis" xlink:label="TypesOfDomesticInvestmentAssetsMeasuredAtFairValueWithDefiniteTermAxis" xlink:title="TypesOfDomesticInvestmentAssetsMeasuredAtFairValueWithDefiniteTermAxis"/>
    <link:loc xlink:type="locator" xlink:href="../../c-ross_core_2015-12-31.xsd#c-ross_TypesOfDomesticInvestmentAssetsMeasuredAtFairValueWithDefiniteTermMember" xlink:label="TypesOfDomesticInvestmentAssetsMeasuredAtFairValueWithDefiniteTermMember" xlink:title="TypesOfDomesticInvestmentAssetsMeasuredAtFairValueWithDefiniteTermMember"/>
    <link:definitionArc xlink:type="arc" xlink:arcrole="http://xbrl.org/int/dim/arcrole/dimension-domain" xlink:from="TypesOfDomesticInvestmentAssetsMeasuredAtFairValueWithDefiniteTermAxis" xlink:to="TypesOfDomesticInvestmentAssetsMeasuredAtFairValueWithDefiniteTermMember" xlink:title="definition: TypesOfDomesticInvestmentAssetsMeasuredAtFairValueWithDefiniteTermAxis to TypesOfDomesticInvestmentAssetsMeasuredAtFairValueWithDefiniteTermMember" use="optional" order="10.0"/>
    <link:loc xlink:type="locator" xlink:href="../../c-ross_core_2015-12-31.xsd#c-ross_OtherFixedIncomeProductsMember" xlink:label="OtherFixedIncomeProductsMember" xlink:title="OtherFixedIncomeProductsMember"/>
    <link:definitionArc xlink:type="arc" xlink:arcrole="http://xbrl.org/int/dim/arcrole/domain-member" xlink:from="TypesOfDomesticInvestmentAssetsMeasuredAtFairValueWithDefiniteTermMember" xlink:to="OtherFixedIncomeProductsMember" xlink:title="definition: TypesOfDomesticInvestmentAssetsMeasuredAtFairValueWithDefiniteTermMember to OtherFixedIncomeProductsMember" use="optional" order="10.0"/>
    <link:loc xlink:type="locator" xlink:href="../../c-ross_core_2015-12-31.xsd#c-ross_SpreadRiskOfAssetsDetailsTable" xlink:label="SpreadRiskOfAssetsDetailsTable" xlink:title="SpreadRiskOfAssetsDetailsTable"/>
    <link:definitionArc xlink:type="arc" xlink:arcrole="http://xbrl.org/int/dim/arcrole/hypercube-dimension" xlink:from="SpreadRiskOfAssetsDetailsTable" xlink:to="TypesOfDomesticInvestmentAssetsMeasuredAtFairValueWithDefiniteTermAxis" xlink:title="definition: SpreadRiskOfAssetsDetailsTable to TypesOfDomesticInvestmentAssetsMeasuredAtFairValueWithDefiniteTermAxis" use="optional" order="10.0"/>
    <link:loc xlink:type="locator" xlink:href="../../c-ross_core_2015-12-31.xsd#c-ross_SpreadRiskOfAssetsOtherFixedIncomeProductsDetailsLineNumberAxis" xlink:label="SpreadRiskOfAssetsOtherFixedIncomeProductsDetailsLineNumberAxis" xlink:title="SpreadRiskOfAssetsOtherFixedIncomeProductsDetailsLineNumberAxis"/>
    <link:definitionArc xlink:type="arc" xlink:arcrole="http://xbrl.org/int/dim/arcrole/hypercube-dimension" xlink:from="SpreadRiskOfAssetsDetailsTable" xlink:to="SpreadRiskOfAssetsOtherFixedIncomeProductsDetailsLineNumberAxis" xlink:title="definition: SpreadRiskOfAssetsDetailsTable to SpreadRiskOfAssetsOtherFixedIncomeProductsDetailsLineNumberAxis" use="optional" order="20.0"/>
    <link:loc xlink:type="locator" xlink:href="../../c-ross_core_2015-12-31.xsd#c-ross_SpreadRiskOfAssetsDetailsLineItems" xlink:label="SpreadRiskOfAssetsDetailsLineItems" xlink:title="SpreadRiskOfAssetsDetailsLineItems"/>
    <link:loc xlink:type="locator" xlink:href="../../c-ross_core_2015-12-31.xsd#c-ross_SpreadRiskSecurityName" xlink:label="SpreadRiskSecurityName" xlink:title="SpreadRiskSecurityName"/>
    <link:definitionArc xlink:type="arc" xlink:arcrole="http://xbrl.org/int/dim/arcrole/domain-member" xlink:from="SpreadRiskOfAssetsDetailsLineItems" xlink:to="SpreadRiskSecurityName" xlink:title="definition: SpreadRiskOfAssetsDetailsLineItems to SpreadRiskSecurityName" use="optional" order="10.0"/>
    <link:loc xlink:type="locator" xlink:href="../../c-ross_core_2015-12-31.xsd#c-ross_SpreadRiskSecurityCode" xlink:label="SpreadRiskSecurityCode" xlink:title="SpreadRiskSecurityCode"/>
    <link:definitionArc xlink:type="arc" xlink:arcrole="http://xbrl.org/int/dim/arcrole/domain-member" xlink:from="SpreadRiskOfAssetsDetailsLineItems" xlink:to="SpreadRiskSecurityCode" xlink:title="definition: SpreadRiskOfAssetsDetailsLineItems to SpreadRiskSecurityCode" use="optional" order="20.0"/>
    <link:loc xlink:type="locator" xlink:href="../../c-ross_core_2015-12-31.xsd#c-ross_SpreadRiskCreditRatingsForAssets" xlink:label="SpreadRiskCreditRatingsForAssets" xlink:title="SpreadRiskCreditRatingsForAssets"/>
    <link:definitionArc xlink:type="arc" xlink:arcrole="http://xbrl.org/int/dim/arcrole/domain-member" xlink:from="SpreadRiskOfAssetsDetailsLineItems" xlink:to="SpreadRiskCreditRatingsForAssets" xlink:title="definition: SpreadRiskOfAssetsDetailsLineItems to SpreadRiskCreditRatingsForAssets" use="optional" order="30.0"/>
    <link:loc xlink:type="locator" xlink:href="../../c-ross_core_2015-12-31.xsd#c-ross_SpreadRiskModifiedDuration" xlink:label="SpreadRiskModifiedDurationInterestRateDuration" xlink:title="SpreadRiskModifiedDurationInterestRateDuration"/>
    <link:definitionArc xlink:type="arc" xlink:arcrole="http://xbrl.org/int/dim/arcrole/domain-member" xlink:from="SpreadRiskOfAssetsDetailsLineItems" xlink:to="SpreadRiskModifiedDurationInterestRateDuration" xlink:title="definition: SpreadRiskOfAssetsDetailsLineItems to SpreadRiskModifiedDurationInterestRateDuration" use="optional" order="40.0"/>
    <link:loc xlink:type="locator" xlink:href="../../c-ross_core_2015-12-31.xsd#c-ross_SpreadRiskAdmittedValue" xlink:label="SpreadRiskAdmittedValue" xlink:title="SpreadRiskAdmittedValue"/>
    <link:definitionArc xlink:type="arc" xlink:arcrole="http://xbrl.org/int/dim/arcrole/domain-member" xlink:from="SpreadRiskOfAssetsDetailsLineItems" xlink:to="SpreadRiskAdmittedValue" xlink:title="definition: SpreadRiskOfAssetsDetailsLineItems to SpreadRiskAdmittedValue" use="optional" order="50.0"/>
    <link:loc xlink:type="locator" xlink:href="../../c-ross_core_2015-12-31.xsd#c-ross_SpreadRiskRiskExposure" xlink:label="SpreadRiskRiskExposure" xlink:title="SpreadRiskRiskExposure"/>
    <link:definitionArc xlink:type="arc" xlink:arcrole="http://xbrl.org/int/dim/arcrole/domain-member" xlink:from="SpreadRiskOfAssetsDetailsLineItems" xlink:to="SpreadRiskRiskExposure" xlink:title="definition: SpreadRiskOfAssetsDetailsLineItems to SpreadRiskRiskExposure" use="optional" order="60.0"/>
    <link:loc xlink:type="locator" xlink:href="../../c-ross_core_2015-12-31.xsd#c-ross_SpreadRiskBaseRiskFactor" xlink:label="SpreadRiskBaseRiskFactor" xlink:title="SpreadRiskBaseRiskFactor"/>
    <link:definitionArc xlink:type="arc" xlink:arcrole="http://xbrl.org/int/dim/arcrole/domain-member" xlink:from="SpreadRiskOfAssetsDetailsLineItems" xlink:to="SpreadRiskBaseRiskFactor" xlink:title="definition: SpreadRiskOfAssetsDetailsLineItems to SpreadRiskBaseRiskFactor" use="optional" order="70.0"/>
    <link:loc xlink:type="locator" xlink:href="../../c-ross_core_2015-12-31.xsd#c-ross_CreditRiskMinimumCapitalForSpreadRisk" xlink:label="CreditRiskMinimumCapitalForSpreadRisk" xlink:title="CreditRiskMinimumCapitalForSpreadRisk"/>
    <link:definitionArc xlink:type="arc" xlink:arcrole="http://xbrl.org/int/dim/arcrole/domain-member" xlink:from="SpreadRiskOfAssetsDetailsLineItems" xlink:to="CreditRiskMinimumCapitalForSpreadRisk" xlink:title="definition: SpreadRiskOfAssetsDetailsLineItems to CreditRiskMinimumCapitalForSpreadRisk" use="optional" order="80.0"/>
    <link:loc xlink:type="locator" xlink:href="../../c-ross_core_2015-12-31.xsd#c-ross_SpreadRiskOfAssetsOtherFixedIncomeProductsDetailsAbstract" xlink:label="SpreadRiskOfAssetsOtherFixedIncomeProductsDetailsAbstract" xlink:title="SpreadRiskOfAssetsOtherFixedIncomeProductsDetailsAbstract"/>
    <link:definitionArc xlink:type="arc" xlink:arcrole="http://xbrl.org/int/dim/arcrole/all" xlink:from="SpreadRiskOfAssetsOtherFixedIncomeProductsDetailsAbstract" xlink:to="SpreadRiskOfAssetsDetailsTable" xlink:title="definition: SpreadRiskOfAssetsOtherFixedIncomeProductsDetailsAbstract to SpreadRiskOfAssetsDetailsTable" use="optional" order="10.0" xbrldt:closed="true" xbrldt:contextElement="scenario"/>
    <link:definitionArc xlink:type="arc" xlink:arcrole="http://xbrl.org/int/dim/arcrole/domain-member" xlink:from="SpreadRiskOfAssetsOtherFixedIncomeProductsDetailsAbstract" xlink:to="SpreadRiskOfAssetsDetailsLineItems" xlink:title="definition: SpreadRiskOfAssetsOtherFixedIncomeProductsDetailsAbstract to SpreadRiskOfAssetsDetailsLineItems" use="optional" order="20.0"/>
  </link:definitionLink>
</link:linkbase>
