<?xml version="1.0" encoding="UTF-8"?>

<!--
	Taxonomy: 2015-12-31 (Final)
	**********************
	Copyright © 2015 China Insurance Regulatory Commission.
	All rights reserved.  No part of this publication may be translated, reprinted or reproduced
	or utilised in any form either in whole or in part without prior permission in writing from China Insurance Regulatory Commission.
	  **********************
	-->
<link:linkbase xmlns:xsi="http://www.w3.org/2001/XMLSchema-instance" xsi:schemaLocation="http://www.xbrl.org/2003/linkbase http://www.xbrl.org/2003/xbrl-linkbase-2003-12-31.xsd http://xbrl.org/2008/label http://www.xbrl.org/2008/generic-label.xsd http://xbrl.org/2008/generic http://www.xbrl.org/2008/generic-link.xsd http://www.w3.org/1999/xlink http://www.xbrl.org/2003/xlink-2003-12-31.xsd" xmlns:c-ross="http://xbrl.circ.gov.cn/taxonomy/2015-12-31/c-ross" xmlns:gen="http://xbrl.org/2008/generic" xmlns:link="http://www.xbrl.org/2003/linkbase" xmlns:q_s_pc_entry_point="http://xbrl.circ.gov.cn/taxonomy/2015-12-31/c-ross/q_s_pc_entry_point" xmlns:label="http://xbrl.org/2008/label" xmlns:xlink="http://www.w3.org/1999/xlink">
  <link:roleRef roleURI="http://www.xbrl.org/2008/role/label" xlink:type="simple" xlink:href="http://www.xbrl.org/2008/generic-label.xsd#standard-label"/>
  <link:roleRef roleURI="http://www.xbrl.org/2008/role/link" xlink:type="simple" xlink:href="http://www.xbrl.org/2008/generic-link.xsd#standard-link-role"/>
  <link:arcroleRef arcroleURI="http://xbrl.org/arcrole/2008/element-label" xlink:type="simple" xlink:href="http://www.xbrl.org/2008/generic-label.xsd#element-label"/>
  <gen:link xlink:type="extended" xlink:role="http://www.xbrl.org/2008/role/link">
    <link:loc xlink:type="locator" xlink:href="rol_c-ross_8_2015-12-31.xsd#c-ross_2015-12-31-3170100" xlink:label="roleType1" xlink:title="roleType1"/>
    <label:label xlink:type="resource" xlink:label="label1" xlink:role="http://www.xbrl.org/2008/role/label" xlink:title="label1" xml:lang="en">CR01-Spread risk of assets-details</label:label>
    <gen:arc xlink:type="arc" xlink:arcrole="http://xbrl.org/arcrole/2008/element-label" xlink:from="roleType1" xlink:to="label1" xlink:title="gen: roleType1 to label1" order="20.0"/>
    <link:loc xlink:type="locator" xlink:href="rol_c-ross_8_2015-12-31.xsd#c-ross_2015-12-31-3170100a" xlink:label="roleType2" xlink:title="roleType2"/>
    <label:label xlink:type="resource" xlink:label="label2" xlink:role="http://www.xbrl.org/2008/role/label" xlink:title="label2" xml:lang="en">CR01-Spread risk of assets-policy financial bonds-details</label:label>
    <gen:arc xlink:type="arc" xlink:arcrole="http://xbrl.org/arcrole/2008/element-label" xlink:from="roleType2" xlink:to="label2" xlink:title="gen: roleType2 to label2" order="20.0"/>
    <link:loc xlink:type="locator" xlink:href="rol_c-ross_8_2015-12-31.xsd#c-ross_2015-12-31-3170100b" xlink:label="roleType3" xlink:title="roleType3"/>
    <label:label xlink:type="resource" xlink:label="label3" xlink:role="http://www.xbrl.org/2008/role/label" xlink:title="label3" xml:lang="en">CR01-Spread risk of assets-bonds which excluding policy finance bonds-details</label:label>
    <gen:arc xlink:type="arc" xlink:arcrole="http://xbrl.org/arcrole/2008/element-label" xlink:from="roleType3" xlink:to="label3" xlink:title="gen: roleType3 to label3" order="20.0"/>
    <link:loc xlink:type="locator" xlink:href="rol_c-ross_8_2015-12-31.xsd#c-ross_2015-12-31-3170100c" xlink:label="roleType4" xlink:title="roleType4"/>
    <label:label xlink:type="resource" xlink:label="label4" xlink:role="http://www.xbrl.org/2008/role/label" xlink:title="label4" xml:lang="en">CR01-Spread risk of assets-asset securitization products-details</label:label>
    <gen:arc xlink:type="arc" xlink:arcrole="http://xbrl.org/arcrole/2008/element-label" xlink:from="roleType4" xlink:to="label4" xlink:title="gen: roleType4 to label4" order="20.0"/>
    <link:loc xlink:type="locator" xlink:href="rol_c-ross_8_2015-12-31.xsd#c-ross_2015-12-31-3170100d" xlink:label="roleType5" xlink:title="roleType5"/>
    <label:label xlink:type="resource" xlink:label="label5" xlink:role="http://www.xbrl.org/2008/role/label" xlink:title="label5" xml:lang="en">CR01-Spread risk of assets-fixed-income trust plans-details</label:label>
    <gen:arc xlink:type="arc" xlink:arcrole="http://xbrl.org/arcrole/2008/element-label" xlink:from="roleType5" xlink:to="label5" xlink:title="gen: roleType5 to label5" order="20.0"/>
    <link:loc xlink:type="locator" xlink:href="rol_c-ross_8_2015-12-31.xsd#c-ross_2015-12-31-3170100e" xlink:label="roleType6" xlink:title="roleType6"/>
    <label:label xlink:type="resource" xlink:label="label6" xlink:role="http://www.xbrl.org/2008/role/label" xlink:title="label6" xml:lang="en">CR01-Spread risk of assets-other fixed income products-details</label:label>
    <gen:arc xlink:type="arc" xlink:arcrole="http://xbrl.org/arcrole/2008/element-label" xlink:from="roleType6" xlink:to="label6" xlink:title="gen: roleType6 to label6" order="20.0"/>
    <link:loc xlink:type="locator" xlink:href="rol_c-ross_8_2015-12-31.xsd#c-ross_2015-12-31-3170200" xlink:label="roleType7" xlink:title="roleType7"/>
    <label:label xlink:type="resource" xlink:label="label7" xlink:role="http://www.xbrl.org/2008/role/label" xlink:title="label7" xml:lang="en">CR02-Counterparty default risk-cash and liquidity management instruments</label:label>
    <gen:arc xlink:type="arc" xlink:arcrole="http://xbrl.org/arcrole/2008/element-label" xlink:from="roleType7" xlink:to="label7" xlink:title="gen: roleType7 to label7" order="20.0"/>
    <link:loc xlink:type="locator" xlink:href="rol_c-ross_8_2015-12-31.xsd#c-ross_2015-12-31-3170200a" xlink:label="roleType8" xlink:title="roleType8"/>
    <label:label xlink:type="resource" xlink:label="label8" xlink:role="http://www.xbrl.org/2008/role/label" xlink:title="label8" xml:lang="en">CR02-Counterparty default risk-cash and liquidity management instruments-excluded one</label:label>
    <gen:arc xlink:type="arc" xlink:arcrole="http://xbrl.org/arcrole/2008/element-label" xlink:from="roleType8" xlink:to="label8" xlink:title="gen: roleType8 to label8" order="20.0"/>
    <link:loc xlink:type="locator" xlink:href="rol_c-ross_8_2015-12-31.xsd#c-ross_2015-12-31-3170300" xlink:label="roleType9" xlink:title="roleType9"/>
    <label:label xlink:type="resource" xlink:label="label9" xlink:role="http://www.xbrl.org/2008/role/label" xlink:title="label9" xml:lang="en">CR03-Counterparty default risk-bank deposits</label:label>
    <gen:arc xlink:type="arc" xlink:arcrole="http://xbrl.org/arcrole/2008/element-label" xlink:from="roleType9" xlink:to="label9" xlink:title="gen: roleType9 to label9" order="20.0"/>
    <link:loc xlink:type="locator" xlink:href="rol_c-ross_8_2015-12-31.xsd#c-ross_2015-12-31-3170300a" xlink:label="roleType10" xlink:title="roleType10"/>
    <label:label xlink:type="resource" xlink:label="label10" xlink:role="http://www.xbrl.org/2008/role/label" xlink:title="label10" xml:lang="en">CR03-Counterparty default risk-bank deposits-capital adequacy ratios at all tiers not entirely meeting regulatory requirements-term deposits and negotiated deposits</label:label>
    <gen:arc xlink:type="arc" xlink:arcrole="http://xbrl.org/arcrole/2008/element-label" xlink:from="roleType10" xlink:to="label10" xlink:title="gen: roleType10 to label10" order="20.0"/>
    <link:loc xlink:type="locator" xlink:href="rol_c-ross_8_2015-12-31.xsd#c-ross_2015-12-31-3170300b" xlink:label="roleType11" xlink:title="roleType11"/>
    <label:label xlink:type="resource" xlink:label="label11" xlink:role="http://www.xbrl.org/2008/role/label" xlink:title="label11" xml:lang="en">CR03-Counterparty default risk-bank deposits-other deposit-taking institutions-term deposits and negotiated deposits</label:label>
    <gen:arc xlink:type="arc" xlink:arcrole="http://xbrl.org/arcrole/2008/element-label" xlink:from="roleType11" xlink:to="label11" xlink:title="gen: roleType11 to label11" order="20.0"/>
    <link:loc xlink:type="locator" xlink:href="rol_c-ross_8_2015-12-31.xsd#c-ross_2015-12-31-3170300c" xlink:label="roleType12" xlink:title="roleType12"/>
    <label:label xlink:type="resource" xlink:label="label12" xlink:role="http://www.xbrl.org/2008/role/label" xlink:title="label12" xml:lang="en">CR03-Counterparty default risk-bank deposits-capital adequacy ratios at all tiers not entirely meeting regulatory requirements-structured deposits with guaranteed principals by banks in case of early withdrawal</label:label>
    <gen:arc xlink:type="arc" xlink:arcrole="http://xbrl.org/arcrole/2008/element-label" xlink:from="roleType12" xlink:to="label12" xlink:title="gen: roleType12 to label12" order="20.0"/>
    <link:loc xlink:type="locator" xlink:href="rol_c-ross_8_2015-12-31.xsd#c-ross_2015-12-31-3170300d" xlink:label="roleType13" xlink:title="roleType13"/>
    <label:label xlink:type="resource" xlink:label="label13" xlink:role="http://www.xbrl.org/2008/role/label" xlink:title="label13" xml:lang="en">CR03-Counterparty default risk-bank deposits-structured deposits without guaranteed principals by banks in case of early withdrawal</label:label>
    <gen:arc xlink:type="arc" xlink:arcrole="http://xbrl.org/arcrole/2008/element-label" xlink:from="roleType13" xlink:to="label13" xlink:title="gen: roleType13 to label13" order="20.0"/>
    <link:loc xlink:type="locator" xlink:href="rol_c-ross_8_2015-12-31.xsd#c-ross_2015-12-31-3170300e" xlink:label="roleType14" xlink:title="roleType14"/>
    <label:label xlink:type="resource" xlink:label="label14" xlink:role="http://www.xbrl.org/2008/role/label" xlink:title="label14" xml:lang="en">CR03-Counterparty default risk-bank deposits-excluded one</label:label>
    <gen:arc xlink:type="arc" xlink:arcrole="http://xbrl.org/arcrole/2008/element-label" xlink:from="roleType14" xlink:to="label14" xlink:title="gen: roleType14 to label14" order="20.0"/>
    <link:loc xlink:type="locator" xlink:href="rol_c-ross_8_2015-12-31.xsd#c-ross_2015-12-31-3170300f" xlink:label="roleType15" xlink:title="roleType15"/>
    <label:label xlink:type="resource" xlink:label="label15" xlink:role="http://www.xbrl.org/2008/role/label" xlink:title="label15" xml:lang="en">CR03-Counterparty default risk-bank deposits-excluded two</label:label>
    <gen:arc xlink:type="arc" xlink:arcrole="http://xbrl.org/arcrole/2008/element-label" xlink:from="roleType15" xlink:to="label15" xlink:title="gen: roleType15 to label15" order="20.0"/>
    <link:loc xlink:type="locator" xlink:href="rol_c-ross_8_2015-12-31.xsd#c-ross_2015-12-31-3170400" xlink:label="roleType16" xlink:title="roleType16"/>
    <label:label xlink:type="resource" xlink:label="label16" xlink:role="http://www.xbrl.org/2008/role/label" xlink:title="label16" xml:lang="en">CR04-Counterparty default risk-financial bonds</label:label>
    <gen:arc xlink:type="arc" xlink:arcrole="http://xbrl.org/arcrole/2008/element-label" xlink:from="roleType16" xlink:to="label16" xlink:title="gen: roleType16 to label16" order="20.0"/>
    <link:loc xlink:type="locator" xlink:href="rol_c-ross_8_2015-12-31.xsd#c-ross_2015-12-31-3170400a" xlink:label="roleType17" xlink:title="roleType17"/>
    <label:label xlink:type="resource" xlink:label="label17" xlink:role="http://www.xbrl.org/2008/role/label" xlink:title="label17" xml:lang="en">CR04-Counterparty default risk-financial bonds-excluded one</label:label>
    <gen:arc xlink:type="arc" xlink:arcrole="http://xbrl.org/arcrole/2008/element-label" xlink:from="roleType17" xlink:to="label17" xlink:title="gen: roleType17 to label17" order="20.0"/>
    <link:loc xlink:type="locator" xlink:href="rol_c-ross_8_2015-12-31.xsd#c-ross_2015-12-31-3170500" xlink:label="roleType18" xlink:title="roleType18"/>
    <label:label xlink:type="resource" xlink:label="label18" xlink:role="http://www.xbrl.org/2008/role/label" xlink:title="label18" xml:lang="en">CR05-Counterparty default risk-enterprise bonds-corporate bonds</label:label>
    <gen:arc xlink:type="arc" xlink:arcrole="http://xbrl.org/arcrole/2008/element-label" xlink:from="roleType18" xlink:to="label18" xlink:title="gen: roleType18 to label18" order="20.0"/>
    <link:loc xlink:type="locator" xlink:href="rol_c-ross_8_2015-12-31.xsd#c-ross_2015-12-31-3170500a" xlink:label="roleType19" xlink:title="roleType19"/>
    <label:label xlink:type="resource" xlink:label="label19" xlink:role="http://www.xbrl.org/2008/role/label" xlink:title="label19" xml:lang="en">CR05-Counterparty default risk-enterprise bonds-corporate bonds-details</label:label>
    <gen:arc xlink:type="arc" xlink:arcrole="http://xbrl.org/arcrole/2008/element-label" xlink:from="roleType19" xlink:to="label19" xlink:title="gen: roleType19 to label19" order="20.0"/>
    <link:loc xlink:type="locator" xlink:href="rol_c-ross_8_2015-12-31.xsd#c-ross_2015-12-31-3170600" xlink:label="roleType20" xlink:title="roleType20"/>
    <label:label xlink:type="resource" xlink:label="label20" xlink:role="http://www.xbrl.org/2008/role/label" xlink:title="label20" xml:lang="en">CR06-Counterparty default risk-asset securitization products</label:label>
    <gen:arc xlink:type="arc" xlink:arcrole="http://xbrl.org/arcrole/2008/element-label" xlink:from="roleType20" xlink:to="label20" xlink:title="gen: roleType20 to label20" order="20.0"/>
    <link:loc xlink:type="locator" xlink:href="rol_c-ross_8_2015-12-31.xsd#c-ross_2015-12-31-3170600a" xlink:label="roleType21" xlink:title="roleType21"/>
    <label:label xlink:type="resource" xlink:label="label21" xlink:role="http://www.xbrl.org/2008/role/label" xlink:title="label21" xml:lang="en">CR06-Counterparty default risk-asset securitization products-details</label:label>
    <gen:arc xlink:type="arc" xlink:arcrole="http://xbrl.org/arcrole/2008/element-label" xlink:from="roleType21" xlink:to="label21" xlink:title="gen: roleType21 to label21" order="20.0"/>
    <link:loc xlink:type="locator" xlink:href="rol_c-ross_8_2015-12-31.xsd#c-ross_2015-12-31-3170700" xlink:label="roleType22" xlink:title="roleType22"/>
    <label:label xlink:type="resource" xlink:label="label22" xlink:role="http://www.xbrl.org/2008/role/label" xlink:title="label22" xml:lang="en">CR07-Counterparty default risk-wealth management products of commercial bank</label:label>
    <gen:arc xlink:type="arc" xlink:arcrole="http://xbrl.org/arcrole/2008/element-label" xlink:from="roleType22" xlink:to="label22" xlink:title="gen: roleType22 to label22" order="20.0"/>
    <link:loc xlink:type="locator" xlink:href="rol_c-ross_8_2015-12-31.xsd#c-ross_2015-12-31-3170700a" xlink:label="roleType23" xlink:title="roleType23"/>
    <label:label xlink:type="resource" xlink:label="label23" xlink:role="http://www.xbrl.org/2008/role/label" xlink:title="label23" xml:lang="en">CR07-Counterparty default risk-wealth management products of commercial bank-capital adequacy ratios at all tiers not entirely meeting regulatory requirements</label:label>
    <gen:arc xlink:type="arc" xlink:arcrole="http://xbrl.org/arcrole/2008/element-label" xlink:from="roleType23" xlink:to="label23" xlink:title="gen: roleType23 to label23" order="20.0"/>
    <link:loc xlink:type="locator" xlink:href="rol_c-ross_8_2015-12-31.xsd#c-ross_2015-12-31-3170700b" xlink:label="roleType24" xlink:title="roleType24"/>
    <label:label xlink:type="resource" xlink:label="label24" xlink:role="http://www.xbrl.org/2008/role/label" xlink:title="label24" xml:lang="en">CR07-Counterparty default risk-wealth management products of commercial bank-excluded one</label:label>
    <gen:arc xlink:type="arc" xlink:arcrole="http://xbrl.org/arcrole/2008/element-label" xlink:from="roleType24" xlink:to="label24" xlink:title="gen: roleType24 to label24" order="20.0"/>
    <link:loc xlink:type="locator" xlink:href="rol_c-ross_8_2015-12-31.xsd#c-ross_2015-12-31-3170700c" xlink:label="roleType25" xlink:title="roleType25"/>
    <label:label xlink:type="resource" xlink:label="label25" xlink:role="http://www.xbrl.org/2008/role/label" xlink:title="label25" xml:lang="en">CR07-Counterparty default risk-wealth management products of commercial bank-excluded two</label:label>
    <gen:arc xlink:type="arc" xlink:arcrole="http://xbrl.org/arcrole/2008/element-label" xlink:from="roleType25" xlink:to="label25" xlink:title="gen: roleType25 to label25" order="20.0"/>
    <link:loc xlink:type="locator" xlink:href="rol_c-ross_8_2015-12-31.xsd#c-ross_2015-12-31-3170800" xlink:label="roleType26" xlink:title="roleType26"/>
    <label:label xlink:type="resource" xlink:label="label26" xlink:role="http://www.xbrl.org/2008/role/label" xlink:title="label26" xml:lang="en">CR08-Counterparty default risk-trust plans</label:label>
    <gen:arc xlink:type="arc" xlink:arcrole="http://xbrl.org/arcrole/2008/element-label" xlink:from="roleType26" xlink:to="label26" xlink:title="gen: roleType26 to label26" order="20.0"/>
    <link:loc xlink:type="locator" xlink:href="rol_c-ross_8_2015-12-31.xsd#c-ross_2015-12-31-3170800a" xlink:label="roleType27" xlink:title="roleType27"/>
    <label:label xlink:type="resource" xlink:label="label27" xlink:role="http://www.xbrl.org/2008/role/label" xlink:title="label27" xml:lang="en">CR08-Counterparty default risk-trust plans that can be looked through</label:label>
    <gen:arc xlink:type="arc" xlink:arcrole="http://xbrl.org/arcrole/2008/element-label" xlink:from="roleType27" xlink:to="label27" xlink:title="gen: roleType27 to label27" order="20.0"/>
    <link:loc xlink:type="locator" xlink:href="rol_c-ross_8_2015-12-31.xsd#c-ross_2015-12-31-3170800b" xlink:label="roleType28" xlink:title="roleType28"/>
    <label:label xlink:type="resource" xlink:label="label28" xlink:role="http://www.xbrl.org/2008/role/label" xlink:title="label28" xml:lang="en">CR08-Counterparty default risk-trust plans that cannot be looked through</label:label>
    <gen:arc xlink:type="arc" xlink:arcrole="http://xbrl.org/arcrole/2008/element-label" xlink:from="roleType28" xlink:to="label28" xlink:title="gen: roleType28 to label28" order="20.0"/>
    <link:loc xlink:type="locator" xlink:href="rol_c-ross_8_2015-12-31.xsd#c-ross_2015-12-31-3170900" xlink:label="roleType29" xlink:title="roleType29"/>
    <label:label xlink:type="resource" xlink:label="label29" xlink:role="http://www.xbrl.org/2008/role/label" xlink:title="label29" xml:lang="en">CR09-Counterparty default risk-trust plans that can be looked through-details</label:label>
    <gen:arc xlink:type="arc" xlink:arcrole="http://xbrl.org/arcrole/2008/element-label" xlink:from="roleType29" xlink:to="label29" xlink:title="gen: roleType29 to label29" order="20.0"/>
    <link:loc xlink:type="locator" xlink:href="rol_c-ross_8_2015-12-31.xsd#c-ross_2015-12-31-3170900a" xlink:label="roleType30" xlink:title="roleType30"/>
    <label:label xlink:type="resource" xlink:label="label30" xlink:role="http://www.xbrl.org/2008/role/label" xlink:title="label30" xml:lang="en">CR09-Counterparty default risk-trust plans that can be looked through-trust plans-details</label:label>
    <gen:arc xlink:type="arc" xlink:arcrole="http://xbrl.org/arcrole/2008/element-label" xlink:from="roleType30" xlink:to="label30" xlink:title="gen: roleType30 to label30" order="20.0"/>
    <link:loc xlink:type="locator" xlink:href="rol_c-ross_8_2015-12-31.xsd#c-ross_2015-12-31-3170900b" xlink:label="roleType31" xlink:title="roleType31"/>
    <label:label xlink:type="resource" xlink:label="label31" xlink:role="http://www.xbrl.org/2008/role/label" xlink:title="label31" xml:lang="en">CR09-Counterparty default risk-trust plans that can be looked through-underlying assets-details</label:label>
    <gen:arc xlink:type="arc" xlink:arcrole="http://xbrl.org/arcrole/2008/element-label" xlink:from="roleType31" xlink:to="label31" xlink:title="gen: roleType31 to label31" order="20.0"/>
    <link:loc xlink:type="locator" xlink:href="rol_c-ross_8_2015-12-31.xsd#c-ross_2015-12-31-3171000" xlink:label="roleType32" xlink:title="roleType32"/>
    <label:label xlink:type="resource" xlink:label="label32" xlink:role="http://www.xbrl.org/2008/role/label" xlink:title="label32" xml:lang="en">CR10-Counterparty default risk-asset management products</label:label>
    <gen:arc xlink:type="arc" xlink:arcrole="http://xbrl.org/arcrole/2008/element-label" xlink:from="roleType32" xlink:to="label32" xlink:title="gen: roleType32 to label32" order="20.0"/>
    <link:loc xlink:type="locator" xlink:href="rol_c-ross_8_2015-12-31.xsd#c-ross_2015-12-31-3171000a" xlink:label="roleType33" xlink:title="roleType33"/>
    <label:label xlink:type="resource" xlink:label="label33" xlink:role="http://www.xbrl.org/2008/role/label" xlink:title="label33" xml:lang="en">CR10-Counterparty default risk-asset management products-details</label:label>
    <gen:arc xlink:type="arc" xlink:arcrole="http://xbrl.org/arcrole/2008/element-label" xlink:from="roleType33" xlink:to="label33" xlink:title="gen: roleType33 to label33" order="20.0"/>
    <link:loc xlink:type="locator" xlink:href="rol_c-ross_8_2015-12-31.xsd#c-ross_2015-12-31-3171100" xlink:label="roleType34" xlink:title="roleType34"/>
    <label:label xlink:type="resource" xlink:label="label34" xlink:role="http://www.xbrl.org/2008/role/label" xlink:title="label34" xml:lang="en">CR11-Counterparty default risk-infrastructure debt investment plans</label:label>
    <gen:arc xlink:type="arc" xlink:arcrole="http://xbrl.org/arcrole/2008/element-label" xlink:from="roleType34" xlink:to="label34" xlink:title="gen: roleType34 to label34" order="20.0"/>
    <link:loc xlink:type="locator" xlink:href="rol_c-ross_8_2015-12-31.xsd#c-ross_2015-12-31-3171100a" xlink:label="roleType35" xlink:title="roleType35"/>
    <label:label xlink:type="resource" xlink:label="label35" xlink:role="http://www.xbrl.org/2008/role/label" xlink:title="label35" xml:lang="en">CR11-Counterparty default risk-infrastructure debt investment plans-details</label:label>
    <gen:arc xlink:type="arc" xlink:arcrole="http://xbrl.org/arcrole/2008/element-label" xlink:from="roleType35" xlink:to="label35" xlink:title="gen: roleType35 to label35" order="20.0"/>
    <link:loc xlink:type="locator" xlink:href="rol_c-ross_8_2015-12-31.xsd#c-ross_2015-12-31-3171100b" xlink:label="roleType36" xlink:title="roleType36"/>
    <label:label xlink:type="resource" xlink:label="label36" xlink:role="http://www.xbrl.org/2008/role/label" xlink:title="label36" xml:lang="en">CR11-Counterparty default risk-infrastructure equity investment plans with guarantee clauses</label:label>
    <gen:arc xlink:type="arc" xlink:arcrole="http://xbrl.org/arcrole/2008/element-label" xlink:from="roleType36" xlink:to="label36" xlink:title="gen: roleType36 to label36" order="20.0"/>
    <link:loc xlink:type="locator" xlink:href="rol_c-ross_8_2015-12-31.xsd#c-ross_2015-12-31-3171200" xlink:label="roleType37" xlink:title="roleType37"/>
    <label:label xlink:type="resource" xlink:label="label37" xlink:role="http://www.xbrl.org/2008/role/label" xlink:title="label37" xml:lang="en">CR12-Counterparty default risk-property debt investment plans</label:label>
    <gen:arc xlink:type="arc" xlink:arcrole="http://xbrl.org/arcrole/2008/element-label" xlink:from="roleType37" xlink:to="label37" xlink:title="gen: roleType37 to label37" order="20.0"/>
    <link:loc xlink:type="locator" xlink:href="rol_c-ross_8_2015-12-31.xsd#c-ross_2015-12-31-3171200a" xlink:label="roleType38" xlink:title="roleType38"/>
    <label:label xlink:type="resource" xlink:label="label38" xlink:role="http://www.xbrl.org/2008/role/label" xlink:title="label38" xml:lang="en">CR12-Counterparty default risk-property debt investment plans-details</label:label>
    <gen:arc xlink:type="arc" xlink:arcrole="http://xbrl.org/arcrole/2008/element-label" xlink:from="roleType38" xlink:to="label38" xlink:title="gen: roleType38 to label38" order="20.0"/>
    <link:loc xlink:type="locator" xlink:href="rol_c-ross_8_2015-12-31.xsd#c-ross_2015-12-31-3171300" xlink:label="roleType39" xlink:title="roleType39"/>
    <label:label xlink:type="resource" xlink:label="label39" xlink:role="http://www.xbrl.org/2008/role/label" xlink:title="label39" xml:lang="en">CR13-Counterparty default risk-project asset-backed plans</label:label>
    <gen:arc xlink:type="arc" xlink:arcrole="http://xbrl.org/arcrole/2008/element-label" xlink:from="roleType39" xlink:to="label39" xlink:title="gen: roleType39 to label39" order="20.0"/>
    <link:loc xlink:type="locator" xlink:href="rol_c-ross_8_2015-12-31.xsd#c-ross_2015-12-31-3171300a" xlink:label="roleType40" xlink:title="roleType40"/>
    <label:label xlink:type="resource" xlink:label="label40" xlink:role="http://www.xbrl.org/2008/role/label" xlink:title="label40" xml:lang="en">CR13-Counterparty default risk-project asset-backed plans-details</label:label>
    <gen:arc xlink:type="arc" xlink:arcrole="http://xbrl.org/arcrole/2008/element-label" xlink:from="roleType40" xlink:to="label40" xlink:title="gen: roleType40 to label40" order="20.0"/>
    <link:loc xlink:type="locator" xlink:href="rol_c-ross_8_2015-12-31.xsd#c-ross_2015-12-31-3171400" xlink:label="roleType41" xlink:title="roleType41"/>
    <label:label xlink:type="resource" xlink:label="label41" xlink:role="http://www.xbrl.org/2008/role/label" xlink:title="label41" xml:lang="en">CR14-Counterparty default risk-forward foreign exchange contracts and interest rate swaps for purpose of hedging</label:label>
    <gen:arc xlink:type="arc" xlink:arcrole="http://xbrl.org/arcrole/2008/element-label" xlink:from="roleType41" xlink:to="label41" xlink:title="gen: roleType41 to label41" order="20.0"/>
    <link:loc xlink:type="locator" xlink:href="rol_c-ross_8_2015-12-31.xsd#c-ross_2015-12-31-3171400a" xlink:label="roleType42" xlink:title="roleType42"/>
    <label:label xlink:type="resource" xlink:label="label42" xlink:role="http://www.xbrl.org/2008/role/label" xlink:title="label42" xml:lang="en">CR14-Counterparty default risk-forward foreign exchange contracts and interest rate swaps for purpose of hedging-forward foreign exchange contracts</label:label>
    <gen:arc xlink:type="arc" xlink:arcrole="http://xbrl.org/arcrole/2008/element-label" xlink:from="roleType42" xlink:to="label42" xlink:title="gen: roleType42 to label42" order="20.0"/>
    <link:loc xlink:type="locator" xlink:href="rol_c-ross_8_2015-12-31.xsd#c-ross_2015-12-31-3171400b" xlink:label="roleType43" xlink:title="roleType43"/>
    <label:label xlink:type="resource" xlink:label="label43" xlink:role="http://www.xbrl.org/2008/role/label" xlink:title="label43" xml:lang="en">CR14-Counterparty default risk-forward foreign exchange contracts and interest rate swaps for purpose of hedging-interest rate swaps</label:label>
    <gen:arc xlink:type="arc" xlink:arcrole="http://xbrl.org/arcrole/2008/element-label" xlink:from="roleType43" xlink:to="label43" xlink:title="gen: roleType43 to label43" order="20.0"/>
    <link:loc xlink:type="locator" xlink:href="rol_c-ross_8_2015-12-31.xsd#c-ross_2015-12-31-3171510" xlink:label="roleType44" xlink:title="roleType44"/>
    <label:label xlink:type="resource" xlink:label="label44" xlink:role="http://www.xbrl.org/2008/role/label" xlink:title="label44" xml:lang="en">CR15-Counterparty default risk of property and casualty insurance company and life insurance company-outward reinsurance assets</label:label>
    <gen:arc xlink:type="arc" xlink:arcrole="http://xbrl.org/arcrole/2008/element-label" xlink:from="roleType44" xlink:to="label44" xlink:title="gen: roleType44 to label44" order="20.0"/>
    <link:loc xlink:type="locator" xlink:href="rol_c-ross_8_2015-12-31.xsd#c-ross_2015-12-31-3171510a" xlink:label="roleType45" xlink:title="roleType45"/>
    <label:label xlink:type="resource" xlink:label="label45" xlink:role="http://www.xbrl.org/2008/role/label" xlink:title="label45" xml:lang="en">CR15-Counterparty default risk of property and casualty insurance company and life insurance company-outward reinsurance assets-domestic inward reinsurer</label:label>
    <gen:arc xlink:type="arc" xlink:arcrole="http://xbrl.org/arcrole/2008/element-label" xlink:from="roleType45" xlink:to="label45" xlink:title="gen: roleType45 to label45" order="20.0"/>
    <link:loc xlink:type="locator" xlink:href="rol_c-ross_8_2015-12-31.xsd#c-ross_2015-12-31-3171510b" xlink:label="roleType46" xlink:title="roleType46"/>
    <label:label xlink:type="resource" xlink:label="label46" xlink:role="http://www.xbrl.org/2008/role/label" xlink:title="label46" xml:lang="en">CR15-Counterparty default risk of property and casualty insurance company and life insurance company-outward reinsurance assets-overseas inward reinsurer with solvency adequacy ratios at all tiers entirely meeting regulatory requirements</label:label>
    <gen:arc xlink:type="arc" xlink:arcrole="http://xbrl.org/arcrole/2008/element-label" xlink:from="roleType46" xlink:to="label46" xlink:title="gen: roleType46 to label46" order="20.0"/>
    <link:loc xlink:type="locator" xlink:href="rol_c-ross_8_2015-12-31.xsd#c-ross_2015-12-31-3171510c" xlink:label="roleType47" xlink:title="roleType47"/>
    <label:label xlink:type="resource" xlink:label="label47" xlink:role="http://www.xbrl.org/2008/role/label" xlink:title="label47" xml:lang="en">CR15-Counterparty default risk of property and casualty insurance company and life insurance company-outward reinsurance assets-overseas inward reinsurer with solvency adequacy ratios at all tiers not entirely meeting regulatory requirements</label:label>
    <gen:arc xlink:type="arc" xlink:arcrole="http://xbrl.org/arcrole/2008/element-label" xlink:from="roleType47" xlink:to="label47" xlink:title="gen: roleType47 to label47" order="20.0"/>
    <link:loc xlink:type="locator" xlink:href="rol_c-ross_8_2015-12-31.xsd#c-ross_2015-12-31-3171620" xlink:label="roleType48" xlink:title="roleType48"/>
    <label:label xlink:type="resource" xlink:label="label48" xlink:role="http://www.xbrl.org/2008/role/label" xlink:title="label48" xml:lang="en">CR16-Counterparty default risk of reinsurance company-outward reinsurance assets</label:label>
    <gen:arc xlink:type="arc" xlink:arcrole="http://xbrl.org/arcrole/2008/element-label" xlink:from="roleType48" xlink:to="label48" xlink:title="gen: roleType48 to label48" order="20.0"/>
    <link:loc xlink:type="locator" xlink:href="rol_c-ross_8_2015-12-31.xsd#c-ross_2015-12-31-3171620a" xlink:label="roleType49" xlink:title="roleType49"/>
    <label:label xlink:type="resource" xlink:label="label49" xlink:role="http://www.xbrl.org/2008/role/label" xlink:title="label49" xml:lang="en">CR16-Counterparty default risk of reinsurance company-outward reinsurance assets-domestic inward reinsurer</label:label>
    <gen:arc xlink:type="arc" xlink:arcrole="http://xbrl.org/arcrole/2008/element-label" xlink:from="roleType49" xlink:to="label49" xlink:title="gen: roleType49 to label49" order="20.0"/>
    <link:loc xlink:type="locator" xlink:href="rol_c-ross_8_2015-12-31.xsd#c-ross_2015-12-31-3171620b" xlink:label="roleType50" xlink:title="roleType50"/>
    <label:label xlink:type="resource" xlink:label="label50" xlink:role="http://www.xbrl.org/2008/role/label" xlink:title="label50" xml:lang="en">CR16-Counterparty default risk of reinsurance company-outward reinsurance assets-overseas inward reinsurer</label:label>
    <gen:arc xlink:type="arc" xlink:arcrole="http://xbrl.org/arcrole/2008/element-label" xlink:from="roleType50" xlink:to="label50" xlink:title="gen: roleType50 to label50" order="20.0"/>
    <link:loc xlink:type="locator" xlink:href="rol_c-ross_8_2015-12-31.xsd#c-ross_2015-12-31-3171700" xlink:label="roleType51" xlink:title="roleType51"/>
    <label:label xlink:type="resource" xlink:label="label51" xlink:role="http://www.xbrl.org/2008/role/label" xlink:title="label51" xml:lang="en">CR17-Counterparty default risk-inward reinsurance assets</label:label>
    <gen:arc xlink:type="arc" xlink:arcrole="http://xbrl.org/arcrole/2008/element-label" xlink:from="roleType51" xlink:to="label51" xlink:title="gen: roleType51 to label51" order="20.0"/>
    <link:loc xlink:type="locator" xlink:href="rol_c-ross_8_2015-12-31.xsd#c-ross_2015-12-31-3171700a" xlink:label="roleType52" xlink:title="roleType52"/>
    <label:label xlink:type="resource" xlink:label="label52" xlink:role="http://www.xbrl.org/2008/role/label" xlink:title="label52" xml:lang="en">CR17-Counterparty default risk-inward reinsurance assets-details</label:label>
    <gen:arc xlink:type="arc" xlink:arcrole="http://xbrl.org/arcrole/2008/element-label" xlink:from="roleType52" xlink:to="label52" xlink:title="gen: roleType52 to label52" order="20.0"/>
    <link:loc xlink:type="locator" xlink:href="rol_c-ross_8_2015-12-31.xsd#c-ross_2015-12-31-3171800" xlink:label="roleType53" xlink:title="roleType53"/>
    <label:label xlink:type="resource" xlink:label="label53" xlink:role="http://www.xbrl.org/2008/role/label" xlink:title="label53" xml:lang="en">CR18-Counterparty default risk-premium receivable</label:label>
    <gen:arc xlink:type="arc" xlink:arcrole="http://xbrl.org/arcrole/2008/element-label" xlink:from="roleType53" xlink:to="label53" xlink:title="gen: roleType53 to label53" order="20.0"/>
    <link:loc xlink:type="locator" xlink:href="rol_c-ross_8_2015-12-31.xsd#c-ross_2015-12-31-3171800a" xlink:label="roleType54" xlink:title="roleType54"/>
    <label:label xlink:type="resource" xlink:label="label54" xlink:role="http://www.xbrl.org/2008/role/label" xlink:title="label54" xml:lang="en">CR18-Counterparty default risk-premium receivable-excluded one</label:label>
    <gen:arc xlink:type="arc" xlink:arcrole="http://xbrl.org/arcrole/2008/element-label" xlink:from="roleType54" xlink:to="label54" xlink:title="gen: roleType54 to label54" order="20.0"/>
    <link:loc xlink:type="locator" xlink:href="rol_c-ross_8_2015-12-31.xsd#c-ross_2015-12-31-3171900" xlink:label="roleType55" xlink:title="roleType55"/>
    <label:label xlink:type="resource" xlink:label="label55" xlink:role="http://www.xbrl.org/2008/role/label" xlink:title="label55" xml:lang="en">CR19-Counterparty default risk-other receivables and prepayments</label:label>
    <gen:arc xlink:type="arc" xlink:arcrole="http://xbrl.org/arcrole/2008/element-label" xlink:from="roleType55" xlink:to="label55" xlink:title="gen: roleType55 to label55" order="20.0"/>
    <link:loc xlink:type="locator" xlink:href="rol_c-ross_8_2015-12-31.xsd#c-ross_2015-12-31-3171900a" xlink:label="roleType56" xlink:title="roleType56"/>
    <label:label xlink:type="resource" xlink:label="label56" xlink:role="http://www.xbrl.org/2008/role/label" xlink:title="label56" xml:lang="en">CR19-Counterparty default risk-other receivables and prepayments-excluded one</label:label>
    <gen:arc xlink:type="arc" xlink:arcrole="http://xbrl.org/arcrole/2008/element-label" xlink:from="roleType56" xlink:to="label56" xlink:title="gen: roleType56 to label56" order="20.0"/>
    <link:loc xlink:type="locator" xlink:href="rol_c-ross_8_2015-12-31.xsd#c-ross_2015-12-31-3171900b" xlink:label="roleType57" xlink:title="roleType57"/>
    <label:label xlink:type="resource" xlink:label="label57" xlink:role="http://www.xbrl.org/2008/role/label" xlink:title="label57" xml:lang="en">CR19-Counterparty default risk-other receivables and prepayments-excluded two</label:label>
    <gen:arc xlink:type="arc" xlink:arcrole="http://xbrl.org/arcrole/2008/element-label" xlink:from="roleType57" xlink:to="label57" xlink:title="gen: roleType57 to label57" order="20.0"/>
    <link:loc xlink:type="locator" xlink:href="rol_c-ross_8_2015-12-31.xsd#c-ross_2015-12-31-3172000" xlink:label="roleType58" xlink:title="roleType58"/>
    <label:label xlink:type="resource" xlink:label="label58" xlink:role="http://www.xbrl.org/2008/role/label" xlink:title="label58" xml:lang="en">CR20-Counterparty default risk-debt guarantee</label:label>
    <gen:arc xlink:type="arc" xlink:arcrole="http://xbrl.org/arcrole/2008/element-label" xlink:from="roleType58" xlink:to="label58" xlink:title="gen: roleType58 to label58" order="20.0"/>
    <link:loc xlink:type="locator" xlink:href="rol_c-ross_8_2015-12-31.xsd#c-ross_2015-12-31-3172000a" xlink:label="roleType59" xlink:title="roleType59"/>
    <label:label xlink:type="resource" xlink:label="label59" xlink:role="http://www.xbrl.org/2008/role/label" xlink:title="label59" xml:lang="en">CR20-Counterparty default risk-debt guarantee-excluded one</label:label>
    <gen:arc xlink:type="arc" xlink:arcrole="http://xbrl.org/arcrole/2008/element-label" xlink:from="roleType59" xlink:to="label59" xlink:title="gen: roleType59 to label59" order="20.0"/>
    <link:loc xlink:type="locator" xlink:href="rol_c-ross_8_2015-12-31.xsd#c-ross_2015-12-31-3172000b" xlink:label="roleType60" xlink:title="roleType60"/>
    <label:label xlink:type="resource" xlink:label="label60" xlink:role="http://www.xbrl.org/2008/role/label" xlink:title="label60" xml:lang="en">CR20-Counterparty default risk-debt guarantee-excluded two</label:label>
    <gen:arc xlink:type="arc" xlink:arcrole="http://xbrl.org/arcrole/2008/element-label" xlink:from="roleType60" xlink:to="label60" xlink:title="gen: roleType60 to label60" order="20.0"/>
    <link:loc xlink:type="locator" xlink:href="rol_c-ross_8_2015-12-31.xsd#c-ross_2015-12-31-3172100" xlink:label="roleType61" xlink:title="roleType61"/>
    <label:label xlink:type="resource" xlink:label="label61" xlink:role="http://www.xbrl.org/2008/role/label" xlink:title="label61" xml:lang="en">CR21-Counterparty default risk-policy loans</label:label>
    <gen:arc xlink:type="arc" xlink:arcrole="http://xbrl.org/arcrole/2008/element-label" xlink:from="roleType61" xlink:to="label61" xlink:title="gen: roleType61 to label61" order="30.0"/>
    <label:label xlink:type="resource" xlink:label="label61" xlink:role="http://www.xbrl.org/2008/role/label" xlink:title="label62" xml:lang="en">CR21-Counterparty default risk-policy loans-excluded one</label:label>
  </gen:link>
</link:linkbase>
