<?xml version="1.0" encoding="UTF-8"?>

<!--
	Taxonomy: 2015-12-31 (Final)
	**********************
	Copyright © 2015 China Insurance Regulatory Commission.
	All rights reserved.  No part of this publication may be translated, reprinted or reproduced
	or utilised in any form either in whole or in part without prior permission in writing from China Insurance Regulatory Commission.
	  **********************
	-->
<link:linkbase xmlns:xsi="http://www.w3.org/2001/XMLSchema-instance" xsi:schemaLocation="http://www.xbrl.org/2003/linkbase http://www.xbrl.org/2003/xbrl-linkbase-2003-12-31.xsd" xmlns:c-ross="http://xbrl.circ.gov.cn/taxonomy/2015-12-31/c-ross" xmlns:link="http://www.xbrl.org/2003/linkbase" xmlns:q_s_pc_entry_point="http://xbrl.circ.gov.cn/taxonomy/2015-12-31/c-ross/q_s_pc_entry_point" xmlns:xlink="http://www.w3.org/1999/xlink" xmlns:xbrli="http://www.xbrl.org/2003/instance">
  <link:roleRef roleURI="http://www.xbrl.org/2009/role/netLabel" xlink:type="simple" xlink:href="http://www.xbrl.org/lrr/role/net-2009-12-16.xsd#netLabel"/>
  <link:roleRef roleURI="http://xbrl.circ.gov.cn/role/c-ross_2015-12-31_role-3170900" xlink:type="simple" xlink:href="rol_c-ross_8_2015-12-31.xsd#c-ross_2015-12-31-3170900"/>
  <link:roleRef roleURI="http://xbrl.circ.gov.cn/role/c-ross_2015-12-31_role-3170900a" xlink:type="simple" xlink:href="rol_c-ross_8_2015-12-31.xsd#c-ross_2015-12-31-3170900a"/>
  <link:roleRef roleURI="http://xbrl.circ.gov.cn/role/c-ross_2015-12-31_role-3170900b" xlink:type="simple" xlink:href="rol_c-ross_8_2015-12-31.xsd#c-ross_2015-12-31-3170900b"/>
  <link:presentationLink xlink:type="extended" xlink:role="http://xbrl.circ.gov.cn/role/c-ross_2015-12-31_role-3170900">
    <link:loc xlink:type="locator" xlink:href="../../c-ross_core_2015-12-31.xsd#c-ross_WhetherOrNotCanTrustPlansBeLookedThroughAxis" xlink:label="WhetherOrNotCanTrustPlansBeLookedThroughAxis" xlink:title="WhetherOrNotCanTrustPlansBeLookedThroughAxis"/>
    <link:loc xlink:type="locator" xlink:href="../../c-ross_core_2015-12-31.xsd#c-ross_WhetherOrNotCanTrustPlansBeLookedThroughMember" xlink:label="WhetherOrNotCanTrustPlansBeLookedThroughMember" xlink:title="WhetherOrNotCanTrustPlansBeLookedThroughMember"/>
    <link:presentationArc xlink:type="arc" xlink:arcrole="http://www.xbrl.org/2003/arcrole/parent-child" xlink:from="WhetherOrNotCanTrustPlansBeLookedThroughAxis" xlink:to="WhetherOrNotCanTrustPlansBeLookedThroughMember" xlink:title="presentation: WhetherOrNotCanTrustPlansBeLookedThroughAxis to WhetherOrNotCanTrustPlansBeLookedThroughMember" use="optional" order="10.0" preferredLabel="http://www.xbrl.org/2003/role/label"/>
    <link:loc xlink:type="locator" xlink:href="../../c-ross_core_2015-12-31.xsd#c-ross_AbleToBeLookedThroughMember" xlink:label="AbleToBeLookedThroughMember" xlink:title="AbleToBeLookedThroughMember"/>
    <link:presentationArc xlink:type="arc" xlink:arcrole="http://www.xbrl.org/2003/arcrole/parent-child" xlink:from="WhetherOrNotCanTrustPlansBeLookedThroughMember" xlink:to="AbleToBeLookedThroughMember" xlink:title="presentation: WhetherOrNotCanTrustPlansBeLookedThroughMember to AbleToBeLookedThroughMember" use="optional" order="10.0" preferredLabel="http://www.xbrl.org/2003/role/label"/>
    <link:loc xlink:type="locator" xlink:href="../../c-ross_core_2015-12-31.xsd#c-ross_CounterpartyDefaultRiskTrustPlansThatCanBeLookedThroughDetailsAbstract" xlink:label="CounterpartyDefaultRiskTrustPlansDetailsAbstract" xlink:title="CounterpartyDefaultRiskTrustPlansDetailsAbstract"/>
    <link:loc xlink:type="locator" xlink:href="../../c-ross_core_2015-12-31.xsd#c-ross_CounterpartyDefaultRiskTrustPlansThatCanBeLookedThroughDetailsTable" xlink:label="CounterpartyDefaultRiskTrustPlansDetailsTable" xlink:title="CounterpartyDefaultRiskTrustPlansDetailsTable"/>
    <link:presentationArc xlink:type="arc" xlink:arcrole="http://www.xbrl.org/2003/arcrole/parent-child" xlink:from="CounterpartyDefaultRiskTrustPlansDetailsAbstract" xlink:to="CounterpartyDefaultRiskTrustPlansDetailsTable" xlink:title="presentation: CounterpartyDefaultRiskTrustPlansDetailsAbstract to CounterpartyDefaultRiskTrustPlansDetailsTable" use="optional" order="10.0" preferredLabel="http://www.xbrl.org/2003/role/label"/>
    <link:presentationArc xlink:type="arc" xlink:arcrole="http://www.xbrl.org/2003/arcrole/parent-child" xlink:from="CounterpartyDefaultRiskTrustPlansDetailsTable" xlink:to="WhetherOrNotCanTrustPlansBeLookedThroughAxis" xlink:title="presentation: CounterpartyDefaultRiskTrustPlansDetailsTable to WhetherOrNotCanTrustPlansBeLookedThroughAxis" use="optional" order="10.0" preferredLabel="http://www.xbrl.org/2003/role/label"/>
    <link:loc xlink:type="locator" xlink:href="../../c-ross_core_2015-12-31.xsd#c-ross_CounterpartyDefaultRiskTrustPlansThatCanBeLookedThroughDetailsLineItems" xlink:label="CounterpartyDefaultRiskTrustPlansDetailsLineItems" xlink:title="CounterpartyDefaultRiskTrustPlansDetailsLineItems"/>
    <link:presentationArc xlink:type="arc" xlink:arcrole="http://www.xbrl.org/2003/arcrole/parent-child" xlink:from="CounterpartyDefaultRiskTrustPlansDetailsAbstract" xlink:to="CounterpartyDefaultRiskTrustPlansDetailsLineItems" xlink:title="presentation: CounterpartyDefaultRiskTrustPlansDetailsAbstract to CounterpartyDefaultRiskTrustPlansDetailsLineItems" use="optional" order="20.0" preferredLabel="http://www.xbrl.org/2003/role/label"/>
    <link:loc xlink:type="locator" xlink:href="../../c-ross_core_2015-12-31.xsd#c-ross_CounterpartyDefaultRiskTrustPlansUnderlyingAssetsName" xlink:label="CounterpartyDefaultRiskTrustPlansUnderlyingAssetsName" xlink:title="CounterpartyDefaultRiskTrustPlansUnderlyingAssetsName"/>
    <link:presentationArc xlink:type="arc" xlink:arcrole="http://www.xbrl.org/2003/arcrole/parent-child" xlink:from="CounterpartyDefaultRiskTrustPlansDetailsLineItems" xlink:to="CounterpartyDefaultRiskTrustPlansUnderlyingAssetsName" xlink:title="presentation: CounterpartyDefaultRiskTrustPlansDetailsLineItems to CounterpartyDefaultRiskTrustPlansUnderlyingAssetsName" use="optional" order="20.0" preferredLabel="http://www.xbrl.org/2003/role/terseLabel"/>
    <link:loc xlink:type="locator" xlink:href="../../c-ross_core_2015-12-31.xsd#c-ross_CounterpartyDefaultRiskTrustPlansUnderlyingAssetsCode" xlink:label="CounterpartyDefaultRiskTrustPlansUnderlyingAssetCode" xlink:title="CounterpartyDefaultRiskTrustPlansUnderlyingAssetCode"/>
    <link:presentationArc xlink:type="arc" xlink:arcrole="http://www.xbrl.org/2003/arcrole/parent-child" xlink:from="CounterpartyDefaultRiskTrustPlansDetailsLineItems" xlink:to="CounterpartyDefaultRiskTrustPlansUnderlyingAssetCode" xlink:title="presentation: CounterpartyDefaultRiskTrustPlansDetailsLineItems to CounterpartyDefaultRiskTrustPlansUnderlyingAssetCode" use="optional" order="30.0" preferredLabel="http://www.xbrl.org/2003/role/terseLabel"/>
    <link:loc xlink:type="locator" xlink:href="../../c-ross_core_2015-12-31.xsd#c-ross_CounterpartyDefaultRiskTrustPlansResidualYearsOfUnderlyingAssets" xlink:label="CounterpartyDefaultRiskTrustPlansResidualYearsOfUnderlyingAssets" xlink:title="CounterpartyDefaultRiskTrustPlansResidualYearsOfUnderlyingAssets"/>
    <link:presentationArc xlink:type="arc" xlink:arcrole="http://www.xbrl.org/2003/arcrole/parent-child" xlink:from="CounterpartyDefaultRiskTrustPlansDetailsLineItems" xlink:to="CounterpartyDefaultRiskTrustPlansResidualYearsOfUnderlyingAssets" xlink:title="presentation: CounterpartyDefaultRiskTrustPlansDetailsLineItems to CounterpartyDefaultRiskTrustPlansResidualYearsOfUnderlyingAssets" use="optional" order="40.0" preferredLabel="http://www.xbrl.org/2003/role/terseLabel"/>
    <link:loc xlink:type="locator" xlink:href="../../c-ross_core_2015-12-31.xsd#c-ross_CounterpartyDefaultRiskTrustPlansAdmittedValue" xlink:label="CounterpartyDefaultRiskTrustPlansAdmittedValue" xlink:title="CounterpartyDefaultRiskTrustPlansAdmittedValue"/>
    <link:presentationArc xlink:type="arc" xlink:arcrole="http://www.xbrl.org/2003/arcrole/parent-child" xlink:from="CounterpartyDefaultRiskTrustPlansDetailsLineItems" xlink:to="CounterpartyDefaultRiskTrustPlansAdmittedValue" xlink:title="presentation: CounterpartyDefaultRiskTrustPlansDetailsLineItems to CounterpartyDefaultRiskTrustPlansAdmittedValue" use="optional" order="60.0" preferredLabel="http://www.xbrl.org/2003/role/terseLabel"/>
    <link:loc xlink:type="locator" xlink:href="../../c-ross_core_2015-12-31.xsd#c-ross_CounterpartyDefaultRiskTrustPlansBaseRiskFactor" xlink:label="CounterpartyDefaultRiskTrustPlansBaseRiskFactor" xlink:title="CounterpartyDefaultRiskTrustPlansBaseRiskFactor"/>
    <link:presentationArc xlink:type="arc" xlink:arcrole="http://www.xbrl.org/2003/arcrole/parent-child" xlink:from="CounterpartyDefaultRiskTrustPlansDetailsLineItems" xlink:to="CounterpartyDefaultRiskTrustPlansBaseRiskFactor" xlink:title="presentation: CounterpartyDefaultRiskTrustPlansDetailsLineItems to CounterpartyDefaultRiskTrustPlansBaseRiskFactor" use="optional" order="130.0" preferredLabel="http://www.xbrl.org/2003/role/verboseLabel"/>
    <link:loc xlink:type="locator" xlink:href="../../c-ross_core_2015-12-31.xsd#c-ross_CounterpartyDefaultRiskTrustPlansBaseRiskFactorOfUnderlyingAssets" xlink:label="CounterpartyDefaultRiskTrustPlansRiskFactorsOfUnderlyingAssets" xlink:title="CounterpartyDefaultRiskTrustPlansRiskFactorsOfUnderlyingAssets"/>
    <link:presentationArc xlink:type="arc" xlink:arcrole="http://www.xbrl.org/2003/arcrole/parent-child" xlink:from="CounterpartyDefaultRiskTrustPlansDetailsLineItems" xlink:to="CounterpartyDefaultRiskTrustPlansRiskFactorsOfUnderlyingAssets" xlink:title="presentation: CounterpartyDefaultRiskTrustPlansDetailsLineItems to CounterpartyDefaultRiskTrustPlansRiskFactorsOfUnderlyingAssets" use="optional" order="80.0" preferredLabel="http://www.xbrl.org/2003/role/terseLabel"/>
    <link:loc xlink:type="locator" xlink:href="../../c-ross_core_2015-12-31.xsd#c-ross_CounterpartyDefaultRiskTrustPlansProductName" xlink:label="CounterpartyDefaultRiskTrustPlansAssetName" xlink:title="CounterpartyDefaultRiskTrustPlansAssetName"/>
    <link:presentationArc xlink:type="arc" xlink:arcrole="http://www.xbrl.org/2003/arcrole/parent-child" xlink:from="CounterpartyDefaultRiskTrustPlansDetailsLineItems" xlink:to="CounterpartyDefaultRiskTrustPlansAssetName" xlink:title="presentation: CounterpartyDefaultRiskTrustPlansDetailsLineItems to CounterpartyDefaultRiskTrustPlansAssetName" use="optional" order="10.0" preferredLabel="http://www.xbrl.org/2003/role/terseLabel"/>
    <link:loc xlink:type="locator" xlink:href="../../c-ross_core_2015-12-31.xsd#c-ross_CounterpartyDefaultRiskTrustPlansMinimumCapitalOfUnderlyingAssets" xlink:label="CounterpartyDefaultRiskTrustPlansRatioOfUnderlyingAssetsToAdmittedValueOfTrustPlans" xlink:title="CounterpartyDefaultRiskTrustPlansRatioOfUnderlyingAssetsToAdmittedValueOfTrustPlans"/>
    <link:presentationArc xlink:type="arc" xlink:arcrole="http://www.xbrl.org/2003/arcrole/parent-child" xlink:from="CounterpartyDefaultRiskTrustPlansDetailsLineItems" xlink:to="CounterpartyDefaultRiskTrustPlansRatioOfUnderlyingAssetsToAdmittedValueOfTrustPlans" xlink:title="presentation: CounterpartyDefaultRiskTrustPlansDetailsLineItems to CounterpartyDefaultRiskTrustPlansRatioOfUnderlyingAssetsToAdmittedValueOfTrustPlans" order="120.0" preferredLabel="http://www.xbrl.org/2003/role/terseLabel"/>
    <link:loc xlink:type="locator" xlink:href="../../c-ross_core_2015-12-31.xsd#c-ross_CounterpartyDefaultRiskTrustPlansCreditRatingsForUnderlyingAssets" xlink:label="CounterpartyDefaultRiskTrustPlansCreditRatingsForUnderlyingAssets" xlink:title="CounterpartyDefaultRiskTrustPlansCreditRatingsForUnderlyingAssets"/>
    <link:presentationArc xlink:type="arc" xlink:arcrole="http://www.xbrl.org/2003/arcrole/parent-child" xlink:from="CounterpartyDefaultRiskTrustPlansDetailsLineItems" xlink:to="CounterpartyDefaultRiskTrustPlansCreditRatingsForUnderlyingAssets" xlink:title="presentation: CounterpartyDefaultRiskTrustPlansDetailsLineItems to CounterpartyDefaultRiskTrustPlansCreditRatingsForUnderlyingAssets" order="50.0" preferredLabel="http://www.xbrl.org/2003/role/terseLabel"/>
    <link:loc xlink:type="locator" xlink:href="../../c-ross_core_2015-12-31.xsd#c-ross_CounterpartyDefaultRiskTrustPlansInterestReceivable" xlink:label="CounterpartyDefaultRiskTrustPlansInterestReceivable" xlink:title="CounterpartyDefaultRiskTrustPlansInterestReceivable"/>
    <link:presentationArc xlink:type="arc" xlink:arcrole="http://www.xbrl.org/2003/arcrole/parent-child" xlink:from="CounterpartyDefaultRiskTrustPlansDetailsLineItems" xlink:to="CounterpartyDefaultRiskTrustPlansInterestReceivable" xlink:title="presentation: CounterpartyDefaultRiskTrustPlansDetailsLineItems to CounterpartyDefaultRiskTrustPlansInterestReceivable" use="optional" order="70.0" preferredLabel="http://www.xbrl.org/2003/role/terseLabel"/>
    <link:loc xlink:type="locator" xlink:href="../../c-ross_core_2015-12-31.xsd#c-ross_CounterpartyDefaultRiskTrustPlansRiskFactorOneOfUnderlyingAssets" xlink:label="newItem2" xlink:title="newItem2"/>
    <link:presentationArc xlink:type="arc" xlink:arcrole="http://www.xbrl.org/2003/arcrole/parent-child" xlink:from="CounterpartyDefaultRiskTrustPlansDetailsLineItems" xlink:to="newItem2" xlink:title="presentation: CounterpartyDefaultRiskTrustPlansDetailsLineItems to newItem2" order="90.0" preferredLabel="http://www.xbrl.org/2003/role/terseLabel"/>
    <link:loc xlink:type="locator" xlink:href="../../c-ross_core_2015-12-31.xsd#c-ross_CounterpartyDefaultRiskTrustPlansRiskFactorTwoOfUnderlyingAssets" xlink:label="newItem3" xlink:title="newItem3"/>
    <link:presentationArc xlink:type="arc" xlink:arcrole="http://www.xbrl.org/2003/arcrole/parent-child" xlink:from="CounterpartyDefaultRiskTrustPlansDetailsLineItems" xlink:to="newItem3" xlink:title="presentation: CounterpartyDefaultRiskTrustPlansDetailsLineItems to newItem3" order="100.0" preferredLabel="http://www.xbrl.org/2003/role/terseLabel"/>
    <link:loc xlink:type="locator" xlink:href="../../c-ross_core_2015-12-31.xsd#c-ross_CounterpartyDefaultRiskTrustPlansRiskFactorThreeOfUnderlyingAssets" xlink:label="newItem4" xlink:title="newItem4"/>
    <link:presentationArc xlink:type="arc" xlink:arcrole="http://www.xbrl.org/2003/arcrole/parent-child" xlink:from="CounterpartyDefaultRiskTrustPlansDetailsLineItems" xlink:to="newItem4" xlink:title="presentation: CounterpartyDefaultRiskTrustPlansDetailsLineItems to newItem4" order="110.0" preferredLabel="http://www.xbrl.org/2003/role/terseLabel"/>
  </link:presentationLink>
  <link:presentationLink xlink:type="extended" xlink:role="http://xbrl.circ.gov.cn/role/c-ross_2015-12-31_role-3170900b">
    <link:loc xlink:type="locator" xlink:href="../../c-ross_core_2015-12-31.xsd#c-ross_WhetherOrNotCanTrustPlansBeLookedThroughAxis" xlink:label="WhetherOrNotCanTrustPlansBeLookedThroughAxis" xlink:title="WhetherOrNotCanTrustPlansBeLookedThroughAxis"/>
    <link:loc xlink:type="locator" xlink:href="../../c-ross_core_2015-12-31.xsd#c-ross_WhetherOrNotCanTrustPlansBeLookedThroughMember" xlink:label="WhetherOrNotCanTrustPlansBeLookedThroughMember" xlink:title="WhetherOrNotCanTrustPlansBeLookedThroughMember"/>
    <link:presentationArc xlink:type="arc" xlink:arcrole="http://www.xbrl.org/2003/arcrole/parent-child" xlink:from="WhetherOrNotCanTrustPlansBeLookedThroughAxis" xlink:to="WhetherOrNotCanTrustPlansBeLookedThroughMember" xlink:title="presentation: WhetherOrNotCanTrustPlansBeLookedThroughAxis to WhetherOrNotCanTrustPlansBeLookedThroughMember" use="optional" order="10.0" preferredLabel="http://www.xbrl.org/2003/role/label"/>
    <link:loc xlink:type="locator" xlink:href="../../c-ross_core_2015-12-31.xsd#c-ross_AbleToBeLookedThroughMember" xlink:label="AbleToBeLookedThroughMember" xlink:title="AbleToBeLookedThroughMember"/>
    <link:presentationArc xlink:type="arc" xlink:arcrole="http://www.xbrl.org/2003/arcrole/parent-child" xlink:from="WhetherOrNotCanTrustPlansBeLookedThroughMember" xlink:to="AbleToBeLookedThroughMember" xlink:title="presentation: WhetherOrNotCanTrustPlansBeLookedThroughMember to AbleToBeLookedThroughMember" use="optional" order="10.0" preferredLabel="http://www.xbrl.org/2003/role/label"/>
    <link:loc xlink:type="locator" xlink:href="../../c-ross_core_2015-12-31.xsd#c-ross_CounterpartyDefaultRiskTrustPlansThatCanBeLookedThroughDetailsTable" xlink:label="CounterpartyDefaultRiskTrustPlansDetailsTable" xlink:title="CounterpartyDefaultRiskTrustPlansDetailsTable"/>
    <link:presentationArc xlink:type="arc" xlink:arcrole="http://www.xbrl.org/2003/arcrole/parent-child" xlink:from="CounterpartyDefaultRiskTrustPlansDetailsTable" xlink:to="WhetherOrNotCanTrustPlansBeLookedThroughAxis" xlink:title="presentation: CounterpartyDefaultRiskTrustPlansDetailsTable to WhetherOrNotCanTrustPlansBeLookedThroughAxis" use="optional" order="10.0" preferredLabel="http://www.xbrl.org/2003/role/label"/>
    <link:loc xlink:type="locator" xlink:href="../../c-ross_core_2015-12-31.xsd#c-ross_CounterpartyDefaultRiskTrustPlansThatCanBeLookedThroughLineNumberAxis" xlink:label="CounterpartyDefaultRiskTrustPlansThatCanBeLookedThroughLineNumberAxis" xlink:title="CounterpartyDefaultRiskTrustPlansThatCanBeLookedThroughLineNumberAxis"/>
    <link:presentationArc xlink:type="arc" xlink:arcrole="http://www.xbrl.org/2003/arcrole/parent-child" xlink:from="CounterpartyDefaultRiskTrustPlansDetailsTable" xlink:to="CounterpartyDefaultRiskTrustPlansThatCanBeLookedThroughLineNumberAxis" xlink:title="presentation: CounterpartyDefaultRiskTrustPlansDetailsTable to CounterpartyDefaultRiskTrustPlansThatCanBeLookedThroughLineNumberAxis" use="optional" order="20.0" preferredLabel="http://www.xbrl.org/2003/role/terseLabel"/>
    <link:loc xlink:type="locator" xlink:href="../../c-ross_core_2015-12-31.xsd#c-ross_CounterpartyDefaultRiskTrustPlansThatCanBeLookedThroughUnderlyingAssetsLineNumberAxis" xlink:label="CounterpartyDefaultRiskTrustPlansThatCanBeLookedThroughUnderlyingAssetsLineNumberAxis" xlink:title="CounterpartyDefaultRiskTrustPlansThatCanBeLookedThroughUnderlyingAssetsLineNumberAxis"/>
    <link:presentationArc xlink:type="arc" xlink:arcrole="http://www.xbrl.org/2003/arcrole/parent-child" xlink:from="CounterpartyDefaultRiskTrustPlansDetailsTable" xlink:to="CounterpartyDefaultRiskTrustPlansThatCanBeLookedThroughUnderlyingAssetsLineNumberAxis" xlink:title="presentation: CounterpartyDefaultRiskTrustPlansDetailsTable to CounterpartyDefaultRiskTrustPlansThatCanBeLookedThroughUnderlyingAssetsLineNumberAxis" use="optional" order="30.0" preferredLabel="http://www.xbrl.org/2003/role/terseLabel"/>
    <link:loc xlink:type="locator" xlink:href="../../c-ross_core_2015-12-31.xsd#c-ross_CounterpartyDefaultRiskTrustPlansThatCanBeLookedThroughDetailsLineItems" xlink:label="CounterpartyDefaultRiskTrustPlansDetailsLineItems" xlink:title="CounterpartyDefaultRiskTrustPlansDetailsLineItems"/>
    <link:loc xlink:type="locator" xlink:href="../../c-ross_core_2015-12-31.xsd#c-ross_CounterpartyDefaultRiskTrustPlansUnderlyingAssetsName" xlink:label="CounterpartyDefaultRiskTrustPlansUnderlyingAssetsName" xlink:title="CounterpartyDefaultRiskTrustPlansUnderlyingAssetsName"/>
    <link:presentationArc xlink:type="arc" xlink:arcrole="http://www.xbrl.org/2003/arcrole/parent-child" xlink:from="CounterpartyDefaultRiskTrustPlansDetailsLineItems" xlink:to="CounterpartyDefaultRiskTrustPlansUnderlyingAssetsName" xlink:title="presentation: CounterpartyDefaultRiskTrustPlansDetailsLineItems to CounterpartyDefaultRiskTrustPlansUnderlyingAssetsName" use="optional" order="20.0" preferredLabel="http://www.xbrl.org/2003/role/terseLabel"/>
    <link:loc xlink:type="locator" xlink:href="../../c-ross_core_2015-12-31.xsd#c-ross_CounterpartyDefaultRiskTrustPlansUnderlyingAssetsCode" xlink:label="CounterpartyDefaultRiskTrustPlansUnderlyingAssetCode" xlink:title="CounterpartyDefaultRiskTrustPlansUnderlyingAssetCode"/>
    <link:presentationArc xlink:type="arc" xlink:arcrole="http://www.xbrl.org/2003/arcrole/parent-child" xlink:from="CounterpartyDefaultRiskTrustPlansDetailsLineItems" xlink:to="CounterpartyDefaultRiskTrustPlansUnderlyingAssetCode" xlink:title="presentation: CounterpartyDefaultRiskTrustPlansDetailsLineItems to CounterpartyDefaultRiskTrustPlansUnderlyingAssetCode" use="optional" order="30.0" preferredLabel="http://www.xbrl.org/2003/role/terseLabel"/>
    <link:loc xlink:type="locator" xlink:href="../../c-ross_core_2015-12-31.xsd#c-ross_CounterpartyDefaultRiskTrustPlansResidualYearsOfUnderlyingAssets" xlink:label="CounterpartyDefaultRiskTrustPlansResidualYearsOfUnderlyingAssets" xlink:title="CounterpartyDefaultRiskTrustPlansResidualYearsOfUnderlyingAssets"/>
    <link:presentationArc xlink:type="arc" xlink:arcrole="http://www.xbrl.org/2003/arcrole/parent-child" xlink:from="CounterpartyDefaultRiskTrustPlansDetailsLineItems" xlink:to="CounterpartyDefaultRiskTrustPlansResidualYearsOfUnderlyingAssets" xlink:title="presentation: CounterpartyDefaultRiskTrustPlansDetailsLineItems to CounterpartyDefaultRiskTrustPlansResidualYearsOfUnderlyingAssets" use="optional" order="40.0" preferredLabel="http://www.xbrl.org/2003/role/terseLabel"/>
    <link:loc xlink:type="locator" xlink:href="../../c-ross_core_2015-12-31.xsd#c-ross_CounterpartyDefaultRiskTrustPlansAdmittedValue" xlink:label="CounterpartyDefaultRiskTrustPlansAdmittedValue" xlink:title="CounterpartyDefaultRiskTrustPlansAdmittedValue"/>
    <link:presentationArc xlink:type="arc" xlink:arcrole="http://www.xbrl.org/2003/arcrole/parent-child" xlink:from="CounterpartyDefaultRiskTrustPlansDetailsLineItems" xlink:to="CounterpartyDefaultRiskTrustPlansAdmittedValue" xlink:title="presentation: CounterpartyDefaultRiskTrustPlansDetailsLineItems to CounterpartyDefaultRiskTrustPlansAdmittedValue" use="optional" order="60.0" preferredLabel="http://www.xbrl.org/2003/role/terseLabel"/>
    <link:loc xlink:type="locator" xlink:href="../../c-ross_core_2015-12-31.xsd#c-ross_CounterpartyDefaultRiskTrustPlansBaseRiskFactor" xlink:label="CounterpartyDefaultRiskTrustPlansBaseRiskFactor" xlink:title="CounterpartyDefaultRiskTrustPlansBaseRiskFactor"/>
    <link:presentationArc xlink:type="arc" xlink:arcrole="http://www.xbrl.org/2003/arcrole/parent-child" xlink:from="CounterpartyDefaultRiskTrustPlansDetailsLineItems" xlink:to="CounterpartyDefaultRiskTrustPlansBaseRiskFactor" xlink:title="presentation: CounterpartyDefaultRiskTrustPlansDetailsLineItems to CounterpartyDefaultRiskTrustPlansBaseRiskFactor" use="optional" order="130.0" preferredLabel="http://www.xbrl.org/2003/role/verboseLabel"/>
    <link:loc xlink:type="locator" xlink:href="../../c-ross_core_2015-12-31.xsd#c-ross_CounterpartyDefaultRiskTrustPlansBaseRiskFactorOfUnderlyingAssets" xlink:label="CounterpartyDefaultRiskTrustPlansBaseRiskFactorOfUnderlyingAssets" xlink:title="CounterpartyDefaultRiskTrustPlansRiskFactorsOfUnderlyingAssets"/>
    <link:presentationArc xlink:type="arc" xlink:arcrole="http://www.xbrl.org/2003/arcrole/parent-child" xlink:from="CounterpartyDefaultRiskTrustPlansDetailsLineItems" xlink:to="CounterpartyDefaultRiskTrustPlansBaseRiskFactorOfUnderlyingAssets" xlink:title="presentation: CounterpartyDefaultRiskTrustPlansDetailsLineItems to CounterpartyDefaultRiskTrustPlansBaseRiskFactorOfUnderlyingAssets" use="optional" order="80.0" preferredLabel="http://www.xbrl.org/2003/role/terseLabel"/>
    <link:loc xlink:type="locator" xlink:href="../../c-ross_core_2015-12-31.xsd#c-ross_CounterpartyDefaultRiskTrustPlansProductName" xlink:label="CounterpartyDefaultRiskTrustPlansAssetName" xlink:title="CounterpartyDefaultRiskTrustPlansAssetName"/>
    <link:presentationArc xlink:type="arc" xlink:arcrole="http://www.xbrl.org/2003/arcrole/parent-child" xlink:from="CounterpartyDefaultRiskTrustPlansDetailsLineItems" xlink:to="CounterpartyDefaultRiskTrustPlansAssetName" xlink:title="presentation: CounterpartyDefaultRiskTrustPlansDetailsLineItems to CounterpartyDefaultRiskTrustPlansAssetName" use="optional" order="10.0" preferredLabel="http://www.xbrl.org/2003/role/terseLabel"/>
    <link:loc xlink:type="locator" xlink:href="../../c-ross_core_2015-12-31.xsd#c-ross_CounterpartyDefaultRiskTrustPlansMinimumCapitalOfUnderlyingAssets" xlink:label="CounterpartyDefaultRiskTrustPlansRatioOfUnderlyingAssetsToAdmittedValueOfTrustPlans" xlink:title="CounterpartyDefaultRiskTrustPlansRatioOfUnderlyingAssetsToAdmittedValueOfTrustPlans"/>
    <link:presentationArc xlink:type="arc" xlink:arcrole="http://www.xbrl.org/2003/arcrole/parent-child" xlink:from="CounterpartyDefaultRiskTrustPlansDetailsLineItems" xlink:to="CounterpartyDefaultRiskTrustPlansRatioOfUnderlyingAssetsToAdmittedValueOfTrustPlans" xlink:title="presentation: CounterpartyDefaultRiskTrustPlansDetailsLineItems to CounterpartyDefaultRiskTrustPlansRatioOfUnderlyingAssetsToAdmittedValueOfTrustPlans" order="120.0" preferredLabel="http://www.xbrl.org/2003/role/terseLabel"/>
    <link:loc xlink:type="locator" xlink:href="../../c-ross_core_2015-12-31.xsd#c-ross_CounterpartyDefaultRiskTrustPlansCreditRatingsForUnderlyingAssets" xlink:label="CounterpartyDefaultRiskTrustPlansCreditRatingsForUnderlyingAssets" xlink:title="CounterpartyDefaultRiskTrustPlansCreditRatingsForUnderlyingAssets"/>
    <link:presentationArc xlink:type="arc" xlink:arcrole="http://www.xbrl.org/2003/arcrole/parent-child" xlink:from="CounterpartyDefaultRiskTrustPlansDetailsLineItems" xlink:to="CounterpartyDefaultRiskTrustPlansCreditRatingsForUnderlyingAssets" xlink:title="presentation: CounterpartyDefaultRiskTrustPlansDetailsLineItems to CounterpartyDefaultRiskTrustPlansCreditRatingsForUnderlyingAssets" order="50.0" preferredLabel="http://www.xbrl.org/2003/role/terseLabel"/>
    <link:loc xlink:type="locator" xlink:href="../../c-ross_core_2015-12-31.xsd#c-ross_CounterpartyDefaultRiskTrustPlansInterestReceivable" xlink:label="CounterpartyDefaultRiskTrustPlansInterestReceivable" xlink:title="CounterpartyDefaultRiskTrustPlansInterestReceivable"/>
    <link:presentationArc xlink:type="arc" xlink:arcrole="http://www.xbrl.org/2003/arcrole/parent-child" xlink:from="CounterpartyDefaultRiskTrustPlansDetailsLineItems" xlink:to="CounterpartyDefaultRiskTrustPlansInterestReceivable" xlink:title="presentation: CounterpartyDefaultRiskTrustPlansDetailsLineItems to CounterpartyDefaultRiskTrustPlansInterestReceivable" use="optional" order="70.0" preferredLabel="http://www.xbrl.org/2003/role/terseLabel"/>
    <link:loc xlink:type="locator" xlink:href="../../c-ross_core_2015-12-31.xsd#c-ross_CounterpartyDefaultRiskTrustPlansRiskFactorOneOfUnderlyingAssets" xlink:label="CounterpartyDefaultRiskTrustPlansRiskFactorOneOfUnderlyingAssets" xlink:title="newItem2"/>
    <link:presentationArc xlink:type="arc" xlink:arcrole="http://www.xbrl.org/2003/arcrole/parent-child" xlink:from="CounterpartyDefaultRiskTrustPlansDetailsLineItems" xlink:to="CounterpartyDefaultRiskTrustPlansRiskFactorOneOfUnderlyingAssets" xlink:title="presentation: CounterpartyDefaultRiskTrustPlansDetailsLineItems to CounterpartyDefaultRiskTrustPlansRiskFactorOneOfUnderlyingAssets" order="90.0" preferredLabel="http://www.xbrl.org/2003/role/terseLabel"/>
    <link:loc xlink:type="locator" xlink:href="../../c-ross_core_2015-12-31.xsd#c-ross_CounterpartyDefaultRiskTrustPlansRiskFactorTwoOfUnderlyingAssets" xlink:label="CounterpartyDefaultRiskTrustPlansRiskFactorTwoOfUnderlyingAssets" xlink:title="newItem3"/>
    <link:presentationArc xlink:type="arc" xlink:arcrole="http://www.xbrl.org/2003/arcrole/parent-child" xlink:from="CounterpartyDefaultRiskTrustPlansDetailsLineItems" xlink:to="CounterpartyDefaultRiskTrustPlansRiskFactorTwoOfUnderlyingAssets" xlink:title="presentation: CounterpartyDefaultRiskTrustPlansDetailsLineItems to CounterpartyDefaultRiskTrustPlansRiskFactorTwoOfUnderlyingAssets" order="100.0" preferredLabel="http://www.xbrl.org/2003/role/terseLabel"/>
    <link:loc xlink:type="locator" xlink:href="../../c-ross_core_2015-12-31.xsd#c-ross_CounterpartyDefaultRiskTrustPlansRiskFactorThreeOfUnderlyingAssets" xlink:label="CounterpartyDefaultRiskTrustPlansRiskFactorThreeOfUnderlyingAssets" xlink:title="newItem4"/>
    <link:presentationArc xlink:type="arc" xlink:arcrole="http://www.xbrl.org/2003/arcrole/parent-child" xlink:from="CounterpartyDefaultRiskTrustPlansDetailsLineItems" xlink:to="CounterpartyDefaultRiskTrustPlansRiskFactorThreeOfUnderlyingAssets" xlink:title="presentation: CounterpartyDefaultRiskTrustPlansDetailsLineItems to CounterpartyDefaultRiskTrustPlansRiskFactorThreeOfUnderlyingAssets" order="110.0" preferredLabel="http://www.xbrl.org/2003/role/terseLabel"/>
    <link:loc xlink:type="locator" xlink:href="../../c-ross_core_2015-12-31.xsd#c-ross_CounterpartyDefaultRiskTrustPlansThatCanBeLookedThroughUnderlyingAssetsDetailsAbstract" xlink:label="CounterpartyDefaultRiskTrustPlansThatCanBeLookedThroughUnderlyingAssetsDetailsAbstract" xlink:title="CounterpartyDefaultRiskTrustPlansThatCanBeLookedThroughUnderlyingAssetsDetailsAbstract"/>
    <link:presentationArc xlink:type="arc" xlink:arcrole="http://www.xbrl.org/2003/arcrole/parent-child" xlink:from="CounterpartyDefaultRiskTrustPlansThatCanBeLookedThroughUnderlyingAssetsDetailsAbstract" xlink:to="CounterpartyDefaultRiskTrustPlansDetailsTable" xlink:title="presentation: CounterpartyDefaultRiskTrustPlansThatCanBeLookedThroughUnderlyingAssetsDetailsAbstract to CounterpartyDefaultRiskTrustPlansDetailsTable" use="optional" order="10.0" preferredLabel="http://www.xbrl.org/2003/role/label"/>
    <link:presentationArc xlink:type="arc" xlink:arcrole="http://www.xbrl.org/2003/arcrole/parent-child" xlink:from="CounterpartyDefaultRiskTrustPlansThatCanBeLookedThroughUnderlyingAssetsDetailsAbstract" xlink:to="CounterpartyDefaultRiskTrustPlansDetailsLineItems" xlink:title="presentation: CounterpartyDefaultRiskTrustPlansThatCanBeLookedThroughUnderlyingAssetsDetailsAbstract to CounterpartyDefaultRiskTrustPlansDetailsLineItems" use="optional" order="20.0" preferredLabel="http://www.xbrl.org/2003/role/label"/>
  </link:presentationLink>
  <link:presentationLink xlink:type="extended" xlink:role="http://xbrl.circ.gov.cn/role/c-ross_2015-12-31_role-3170900a">
    <link:loc xlink:type="locator" xlink:href="../../c-ross_core_2015-12-31.xsd#c-ross_WhetherOrNotCanTrustPlansBeLookedThroughAxis" xlink:label="WhetherOrNotCanTrustPlansBeLookedThroughAxis" xlink:title="WhetherOrNotCanTrustPlansBeLookedThroughAxis"/>
    <link:loc xlink:type="locator" xlink:href="../../c-ross_core_2015-12-31.xsd#c-ross_WhetherOrNotCanTrustPlansBeLookedThroughMember" xlink:label="WhetherOrNotCanTrustPlansBeLookedThroughMember" xlink:title="WhetherOrNotCanTrustPlansBeLookedThroughMember"/>
    <link:presentationArc xlink:type="arc" xlink:arcrole="http://www.xbrl.org/2003/arcrole/parent-child" xlink:from="WhetherOrNotCanTrustPlansBeLookedThroughAxis" xlink:to="WhetherOrNotCanTrustPlansBeLookedThroughMember" xlink:title="presentation: WhetherOrNotCanTrustPlansBeLookedThroughAxis to WhetherOrNotCanTrustPlansBeLookedThroughMember" use="optional" order="10.0" preferredLabel="http://www.xbrl.org/2003/role/label"/>
    <link:loc xlink:type="locator" xlink:href="../../c-ross_core_2015-12-31.xsd#c-ross_AbleToBeLookedThroughMember" xlink:label="AbleToBeLookedThroughMember" xlink:title="AbleToBeLookedThroughMember"/>
    <link:presentationArc xlink:type="arc" xlink:arcrole="http://www.xbrl.org/2003/arcrole/parent-child" xlink:from="WhetherOrNotCanTrustPlansBeLookedThroughMember" xlink:to="AbleToBeLookedThroughMember" xlink:title="presentation: WhetherOrNotCanTrustPlansBeLookedThroughMember to AbleToBeLookedThroughMember" use="optional" order="10.0" preferredLabel="http://www.xbrl.org/2003/role/label"/>
    <link:loc xlink:type="locator" xlink:href="../../c-ross_core_2015-12-31.xsd#c-ross_CounterpartyDefaultRiskTrustPlansThatCanBeLookedThroughDetailsTable" xlink:label="CounterpartyDefaultRiskTrustPlansDetailsTable" xlink:title="CounterpartyDefaultRiskTrustPlansDetailsTable"/>
    <link:presentationArc xlink:type="arc" xlink:arcrole="http://www.xbrl.org/2003/arcrole/parent-child" xlink:from="CounterpartyDefaultRiskTrustPlansDetailsTable" xlink:to="WhetherOrNotCanTrustPlansBeLookedThroughAxis" xlink:title="presentation: CounterpartyDefaultRiskTrustPlansDetailsTable to WhetherOrNotCanTrustPlansBeLookedThroughAxis" use="optional" order="10.0" preferredLabel="http://www.xbrl.org/2003/role/label"/>
    <link:loc xlink:type="locator" xlink:href="../../c-ross_core_2015-12-31.xsd#c-ross_CounterpartyDefaultRiskTrustPlansThatCanBeLookedThroughLineNumberAxis" xlink:label="CounterpartyDefaultRiskTrustPlansThatCanBeLookedThroughLineNumberAxis" xlink:title="CounterpartyDefaultRiskTrustPlansThatCanBeLookedThroughLineNumberAxis"/>
    <link:presentationArc xlink:type="arc" xlink:arcrole="http://www.xbrl.org/2003/arcrole/parent-child" xlink:from="CounterpartyDefaultRiskTrustPlansDetailsTable" xlink:to="CounterpartyDefaultRiskTrustPlansThatCanBeLookedThroughLineNumberAxis" xlink:title="presentation: CounterpartyDefaultRiskTrustPlansDetailsTable to CounterpartyDefaultRiskTrustPlansThatCanBeLookedThroughLineNumberAxis" use="optional" order="20.0" preferredLabel="http://www.xbrl.org/2003/role/terseLabel"/>
    <link:loc xlink:type="locator" xlink:href="../../c-ross_core_2015-12-31.xsd#c-ross_CounterpartyDefaultRiskTrustPlansThatCanBeLookedThroughDetailsLineItems" xlink:label="CounterpartyDefaultRiskTrustPlansDetailsLineItems" xlink:title="CounterpartyDefaultRiskTrustPlansDetailsLineItems"/>
    <link:loc xlink:type="locator" xlink:href="../../c-ross_core_2015-12-31.xsd#c-ross_CounterpartyDefaultRiskTrustPlansUnderlyingAssetsName" xlink:label="CounterpartyDefaultRiskTrustPlansUnderlyingAssetsName" xlink:title="CounterpartyDefaultRiskTrustPlansUnderlyingAssetsName"/>
    <link:presentationArc xlink:type="arc" xlink:arcrole="http://www.xbrl.org/2003/arcrole/parent-child" xlink:from="CounterpartyDefaultRiskTrustPlansDetailsLineItems" xlink:to="CounterpartyDefaultRiskTrustPlansUnderlyingAssetsName" xlink:title="presentation: CounterpartyDefaultRiskTrustPlansDetailsLineItems to CounterpartyDefaultRiskTrustPlansUnderlyingAssetsName" use="optional" order="20.0" preferredLabel="http://www.xbrl.org/2003/role/terseLabel"/>
    <link:loc xlink:type="locator" xlink:href="../../c-ross_core_2015-12-31.xsd#c-ross_CounterpartyDefaultRiskTrustPlansUnderlyingAssetsCode" xlink:label="CounterpartyDefaultRiskTrustPlansUnderlyingAssetCode" xlink:title="CounterpartyDefaultRiskTrustPlansUnderlyingAssetCode"/>
    <link:presentationArc xlink:type="arc" xlink:arcrole="http://www.xbrl.org/2003/arcrole/parent-child" xlink:from="CounterpartyDefaultRiskTrustPlansDetailsLineItems" xlink:to="CounterpartyDefaultRiskTrustPlansUnderlyingAssetCode" xlink:title="presentation: CounterpartyDefaultRiskTrustPlansDetailsLineItems to CounterpartyDefaultRiskTrustPlansUnderlyingAssetCode" use="optional" order="30.0" preferredLabel="http://www.xbrl.org/2003/role/terseLabel"/>
    <link:loc xlink:type="locator" xlink:href="../../c-ross_core_2015-12-31.xsd#c-ross_CounterpartyDefaultRiskTrustPlansResidualYearsOfUnderlyingAssets" xlink:label="CounterpartyDefaultRiskTrustPlansResidualYearsOfUnderlyingAssets" xlink:title="CounterpartyDefaultRiskTrustPlansResidualYearsOfUnderlyingAssets"/>
    <link:presentationArc xlink:type="arc" xlink:arcrole="http://www.xbrl.org/2003/arcrole/parent-child" xlink:from="CounterpartyDefaultRiskTrustPlansDetailsLineItems" xlink:to="CounterpartyDefaultRiskTrustPlansResidualYearsOfUnderlyingAssets" xlink:title="presentation: CounterpartyDefaultRiskTrustPlansDetailsLineItems to CounterpartyDefaultRiskTrustPlansResidualYearsOfUnderlyingAssets" use="optional" order="40.0" preferredLabel="http://www.xbrl.org/2003/role/terseLabel"/>
    <link:loc xlink:type="locator" xlink:href="../../c-ross_core_2015-12-31.xsd#c-ross_CounterpartyDefaultRiskTrustPlansAdmittedValue" xlink:label="CounterpartyDefaultRiskTrustPlansAdmittedValue" xlink:title="CounterpartyDefaultRiskTrustPlansAdmittedValue"/>
    <link:presentationArc xlink:type="arc" xlink:arcrole="http://www.xbrl.org/2003/arcrole/parent-child" xlink:from="CounterpartyDefaultRiskTrustPlansDetailsLineItems" xlink:to="CounterpartyDefaultRiskTrustPlansAdmittedValue" xlink:title="presentation: CounterpartyDefaultRiskTrustPlansDetailsLineItems to CounterpartyDefaultRiskTrustPlansAdmittedValue" use="optional" order="60.0" preferredLabel="http://www.xbrl.org/2003/role/terseLabel"/>
    <link:loc xlink:type="locator" xlink:href="../../c-ross_core_2015-12-31.xsd#c-ross_CounterpartyDefaultRiskTrustPlansBaseRiskFactor" xlink:label="CounterpartyDefaultRiskTrustPlansBaseRiskFactor" xlink:title="CounterpartyDefaultRiskTrustPlansBaseRiskFactor"/>
    <link:presentationArc xlink:type="arc" xlink:arcrole="http://www.xbrl.org/2003/arcrole/parent-child" xlink:from="CounterpartyDefaultRiskTrustPlansDetailsLineItems" xlink:to="CounterpartyDefaultRiskTrustPlansBaseRiskFactor" xlink:title="presentation: CounterpartyDefaultRiskTrustPlansDetailsLineItems to CounterpartyDefaultRiskTrustPlansBaseRiskFactor" use="optional" order="130.0" preferredLabel="http://www.xbrl.org/2003/role/verboseLabel"/>
    <link:loc xlink:type="locator" xlink:href="../../c-ross_core_2015-12-31.xsd#c-ross_CounterpartyDefaultRiskTrustPlansBaseRiskFactorOfUnderlyingAssets" xlink:label="CounterpartyDefaultRiskTrustPlansBaseRiskFactorOfUnderlyingAssets" xlink:title="CounterpartyDefaultRiskTrustPlansRiskFactorsOfUnderlyingAssets"/>
    <link:presentationArc xlink:type="arc" xlink:arcrole="http://www.xbrl.org/2003/arcrole/parent-child" xlink:from="CounterpartyDefaultRiskTrustPlansDetailsLineItems" xlink:to="CounterpartyDefaultRiskTrustPlansBaseRiskFactorOfUnderlyingAssets" xlink:title="presentation: CounterpartyDefaultRiskTrustPlansDetailsLineItems to CounterpartyDefaultRiskTrustPlansBaseRiskFactorOfUnderlyingAssets" use="optional" order="80.0" preferredLabel="http://www.xbrl.org/2003/role/terseLabel"/>
    <link:loc xlink:type="locator" xlink:href="../../c-ross_core_2015-12-31.xsd#c-ross_CounterpartyDefaultRiskTrustPlansProductName" xlink:label="CounterpartyDefaultRiskTrustPlansAssetName" xlink:title="CounterpartyDefaultRiskTrustPlansAssetName"/>
    <link:presentationArc xlink:type="arc" xlink:arcrole="http://www.xbrl.org/2003/arcrole/parent-child" xlink:from="CounterpartyDefaultRiskTrustPlansDetailsLineItems" xlink:to="CounterpartyDefaultRiskTrustPlansAssetName" xlink:title="presentation: CounterpartyDefaultRiskTrustPlansDetailsLineItems to CounterpartyDefaultRiskTrustPlansAssetName" use="optional" order="10.0" preferredLabel="http://www.xbrl.org/2003/role/terseLabel"/>
    <link:loc xlink:type="locator" xlink:href="../../c-ross_core_2015-12-31.xsd#c-ross_CounterpartyDefaultRiskTrustPlansMinimumCapitalOfUnderlyingAssets" xlink:label="CounterpartyDefaultRiskTrustPlansRatioOfUnderlyingAssetsToAdmittedValueOfTrustPlans" xlink:title="CounterpartyDefaultRiskTrustPlansRatioOfUnderlyingAssetsToAdmittedValueOfTrustPlans"/>
    <link:presentationArc xlink:type="arc" xlink:arcrole="http://www.xbrl.org/2003/arcrole/parent-child" xlink:from="CounterpartyDefaultRiskTrustPlansDetailsLineItems" xlink:to="CounterpartyDefaultRiskTrustPlansRatioOfUnderlyingAssetsToAdmittedValueOfTrustPlans" xlink:title="presentation: CounterpartyDefaultRiskTrustPlansDetailsLineItems to CounterpartyDefaultRiskTrustPlansRatioOfUnderlyingAssetsToAdmittedValueOfTrustPlans" order="120.0" preferredLabel="http://www.xbrl.org/2003/role/terseLabel"/>
    <link:loc xlink:type="locator" xlink:href="../../c-ross_core_2015-12-31.xsd#c-ross_CounterpartyDefaultRiskTrustPlansCreditRatingsForUnderlyingAssets" xlink:label="CounterpartyDefaultRiskTrustPlansCreditRatingsForUnderlyingAssets" xlink:title="CounterpartyDefaultRiskTrustPlansCreditRatingsForUnderlyingAssets"/>
    <link:presentationArc xlink:type="arc" xlink:arcrole="http://www.xbrl.org/2003/arcrole/parent-child" xlink:from="CounterpartyDefaultRiskTrustPlansDetailsLineItems" xlink:to="CounterpartyDefaultRiskTrustPlansCreditRatingsForUnderlyingAssets" xlink:title="presentation: CounterpartyDefaultRiskTrustPlansDetailsLineItems to CounterpartyDefaultRiskTrustPlansCreditRatingsForUnderlyingAssets" order="50.0" preferredLabel="http://www.xbrl.org/2003/role/terseLabel"/>
    <link:loc xlink:type="locator" xlink:href="../../c-ross_core_2015-12-31.xsd#c-ross_CounterpartyDefaultRiskTrustPlansInterestReceivable" xlink:label="CounterpartyDefaultRiskTrustPlansInterestReceivable" xlink:title="CounterpartyDefaultRiskTrustPlansInterestReceivable"/>
    <link:presentationArc xlink:type="arc" xlink:arcrole="http://www.xbrl.org/2003/arcrole/parent-child" xlink:from="CounterpartyDefaultRiskTrustPlansDetailsLineItems" xlink:to="CounterpartyDefaultRiskTrustPlansInterestReceivable" xlink:title="presentation: CounterpartyDefaultRiskTrustPlansDetailsLineItems to CounterpartyDefaultRiskTrustPlansInterestReceivable" use="optional" order="70.0" preferredLabel="http://www.xbrl.org/2003/role/terseLabel"/>
    <link:loc xlink:type="locator" xlink:href="../../c-ross_core_2015-12-31.xsd#c-ross_CounterpartyDefaultRiskTrustPlansRiskFactorOneOfUnderlyingAssets" xlink:label="CounterpartyDefaultRiskTrustPlansRiskFactorOneOfUnderlyingAssets" xlink:title="newItem2"/>
    <link:presentationArc xlink:type="arc" xlink:arcrole="http://www.xbrl.org/2003/arcrole/parent-child" xlink:from="CounterpartyDefaultRiskTrustPlansDetailsLineItems" xlink:to="CounterpartyDefaultRiskTrustPlansRiskFactorOneOfUnderlyingAssets" xlink:title="presentation: CounterpartyDefaultRiskTrustPlansDetailsLineItems to CounterpartyDefaultRiskTrustPlansRiskFactorOneOfUnderlyingAssets" order="90.0" preferredLabel="http://www.xbrl.org/2003/role/terseLabel"/>
    <link:loc xlink:type="locator" xlink:href="../../c-ross_core_2015-12-31.xsd#c-ross_CounterpartyDefaultRiskTrustPlansRiskFactorTwoOfUnderlyingAssets" xlink:label="CounterpartyDefaultRiskTrustPlansRiskFactorTwoOfUnderlyingAssets" xlink:title="newItem3"/>
    <link:presentationArc xlink:type="arc" xlink:arcrole="http://www.xbrl.org/2003/arcrole/parent-child" xlink:from="CounterpartyDefaultRiskTrustPlansDetailsLineItems" xlink:to="CounterpartyDefaultRiskTrustPlansRiskFactorTwoOfUnderlyingAssets" xlink:title="presentation: CounterpartyDefaultRiskTrustPlansDetailsLineItems to CounterpartyDefaultRiskTrustPlansRiskFactorTwoOfUnderlyingAssets" order="100.0" preferredLabel="http://www.xbrl.org/2003/role/terseLabel"/>
    <link:loc xlink:type="locator" xlink:href="../../c-ross_core_2015-12-31.xsd#c-ross_CounterpartyDefaultRiskTrustPlansRiskFactorThreeOfUnderlyingAssets" xlink:label="CounterpartyDefaultRiskTrustPlansRiskFactorThreeOfUnderlyingAssets" xlink:title="newItem4"/>
    <link:presentationArc xlink:type="arc" xlink:arcrole="http://www.xbrl.org/2003/arcrole/parent-child" xlink:from="CounterpartyDefaultRiskTrustPlansDetailsLineItems" xlink:to="CounterpartyDefaultRiskTrustPlansRiskFactorThreeOfUnderlyingAssets" xlink:title="presentation: CounterpartyDefaultRiskTrustPlansDetailsLineItems to CounterpartyDefaultRiskTrustPlansRiskFactorThreeOfUnderlyingAssets" order="110.0" preferredLabel="http://www.xbrl.org/2003/role/terseLabel"/>
    <link:loc xlink:type="locator" xlink:href="../../c-ross_core_2015-12-31.xsd#c-ross_CounterpartyDefaultRiskTrustPlansThatCanBeLookedThroughTrustPlansDetailsAbstract" xlink:label="CounterpartyDefaultRiskTrustPlansThatCanBeLookedThroughDetailsAbstract" xlink:title="CounterpartyDefaultRiskTrustPlansThatCanBeLookedThroughDetailsAbstract"/>
    <link:presentationArc xlink:type="arc" xlink:arcrole="http://www.xbrl.org/2003/arcrole/parent-child" xlink:from="CounterpartyDefaultRiskTrustPlansThatCanBeLookedThroughDetailsAbstract" xlink:to="CounterpartyDefaultRiskTrustPlansDetailsTable" xlink:title="presentation: CounterpartyDefaultRiskTrustPlansThatCanBeLookedThroughDetailsAbstract to CounterpartyDefaultRiskTrustPlansDetailsTable" use="optional" order="10.0" preferredLabel="http://www.xbrl.org/2003/role/label"/>
    <link:presentationArc xlink:type="arc" xlink:arcrole="http://www.xbrl.org/2003/arcrole/parent-child" xlink:from="CounterpartyDefaultRiskTrustPlansThatCanBeLookedThroughDetailsAbstract" xlink:to="CounterpartyDefaultRiskTrustPlansDetailsLineItems" xlink:title="presentation: CounterpartyDefaultRiskTrustPlansThatCanBeLookedThroughDetailsAbstract to CounterpartyDefaultRiskTrustPlansDetailsLineItems" use="optional" order="20.0" preferredLabel="http://www.xbrl.org/2003/role/label"/>
  </link:presentationLink>
</link:linkbase>
