<?xml version="1.0" encoding="UTF-8"?>

<!--
	Taxonomy: 2015-12-31 (Final)
	**********************
	Copyright © 2015 China Insurance Regulatory Commission.
	All rights reserved.  No part of this publication may be translated, reprinted or reproduced
	or utilised in any form either in whole or in part without prior permission in writing from China Insurance Regulatory Commission.
	  **********************
	-->
<link:linkbase xmlns:xsi="http://www.w3.org/2001/XMLSchema-instance" xsi:schemaLocation="http://www.xbrl.org/2003/linkbase http://www.xbrl.org/2003/xbrl-linkbase-2003-12-31.xsd" xmlns:c-ross="http://xbrl.circ.gov.cn/taxonomy/2015-12-31/c-ross" xmlns:link="http://www.xbrl.org/2003/linkbase" xmlns:q_s_pc_entry_point="http://xbrl.circ.gov.cn/taxonomy/2015-12-31/c-ross/q_s_pc_entry_point" xmlns:xlink="http://www.w3.org/1999/xlink" xmlns:xbrli="http://www.xbrl.org/2003/instance">
  <link:roleRef roleURI="http://www.xbrl.org/2009/role/netLabel" xlink:type="simple" xlink:href="http://www.xbrl.org/lrr/role/net-2009-12-16.xsd#netLabel"/>
  <link:roleRef roleURI="http://xbrl.circ.gov.cn/role/c-ross_2015-12-31_role-3171400" xlink:type="simple" xlink:href="rol_c-ross_8_2015-12-31.xsd#c-ross_2015-12-31-3171400"/>
  <link:roleRef roleURI="http://xbrl.circ.gov.cn/role/c-ross_2015-12-31_role-3171400a" xlink:type="simple" xlink:href="rol_c-ross_8_2015-12-31.xsd#c-ross_2015-12-31-3171400a"/>
  <link:roleRef roleURI="http://xbrl.circ.gov.cn/role/c-ross_2015-12-31_role-3171400b" xlink:type="simple" xlink:href="rol_c-ross_8_2015-12-31.xsd#c-ross_2015-12-31-3171400b"/>
  <link:presentationLink xlink:type="extended" xlink:role="http://xbrl.circ.gov.cn/role/c-ross_2015-12-31_role-3171400">
    <link:loc xlink:type="locator" xlink:href="../../c-ross_core_2015-12-31.xsd#c-ross_CounterpartyDefaultRiskForwardForeignExchangeContractsAndInterestRateSwapsForPurposeOfHedgingAbstract" xlink:label="CounterpartyDefaultRiskForwardForeignExchangeContractsAndInterestRateSwapsForPurposeOfHedgingAbstract" xlink:title="CounterpartyDefaultRiskForwardForeignExchangeContractsAndInterestRateSwapsForPurposeOfHedgingAbstract"/>
    <link:loc xlink:type="locator" xlink:href="../../c-ross_core_2015-12-31.xsd#c-ross_CounterpartyDefaultRiskForwardForeignExchangeContractsAndInterestRateSwapsForPurposeOfHedgingTable" xlink:label="CounterpartyDefaultRiskForwardForeignExchangeContractsAndInterestRateSwapsForPurposeOfHedgingTable" xlink:title="CounterpartyDefaultRiskForwardForeignExchangeContractsAndInterestRateSwapsForPurposeOfHedgingTable"/>
    <link:presentationArc xlink:type="arc" xlink:arcrole="http://www.xbrl.org/2003/arcrole/parent-child" xlink:from="CounterpartyDefaultRiskForwardForeignExchangeContractsAndInterestRateSwapsForPurposeOfHedgingAbstract" xlink:to="CounterpartyDefaultRiskForwardForeignExchangeContractsAndInterestRateSwapsForPurposeOfHedgingTable" xlink:title="presentation: CounterpartyDefaultRiskForwardForeignExchangeContractsAndInterestRateSwapsForPurposeOfHedgingAbstract to CounterpartyDefaultRiskForwardForeignExchangeContractsAndInterestRateSwapsForPurposeOfHedgingTable" use="optional" order="10.0" preferredLabel="http://www.xbrl.org/2003/role/label"/>
    <link:loc xlink:type="locator" xlink:href="../../c-ross_core_2015-12-31.xsd#c-ross_CounterpartyDefaultRiskForwardForeignExchangeContractsAndInterestRateSwapsForPurposeOfHedgingHedgingInstrumentsAxis" xlink:label="CounterpartyDefaultRiskForwardForeignExchangeContractsAndInterestRateSwapsForPurposeOfHedgingHedgingInstrumentsAxis" xlink:title="CounterpartyDefaultRiskForwardForeignExchangeContractsAndInterestRateSwapsForPurposeOfHedgingHedgingInstrumentsAxis"/>
    <link:presentationArc xlink:type="arc" xlink:arcrole="http://www.xbrl.org/2003/arcrole/parent-child" xlink:from="CounterpartyDefaultRiskForwardForeignExchangeContractsAndInterestRateSwapsForPurposeOfHedgingTable" xlink:to="CounterpartyDefaultRiskForwardForeignExchangeContractsAndInterestRateSwapsForPurposeOfHedgingHedgingInstrumentsAxis" xlink:title="presentation: CounterpartyDefaultRiskForwardForeignExchangeContractsAndInterestRateSwapsForPurposeOfHedgingTable to CounterpartyDefaultRiskForwardForeignExchangeContractsAndInterestRateSwapsForPurposeOfHedgingHedgingInstrumentsAxis" use="optional" order="10.0" preferredLabel="http://www.xbrl.org/2003/role/label"/>
    <link:loc xlink:type="locator" xlink:href="../../c-ross_core_2015-12-31.xsd#c-ross_HedgingInstrumentsMember" xlink:label="HedgingInstrumentsMember" xlink:title="HedgingInstrumentsMember"/>
    <link:presentationArc xlink:type="arc" xlink:arcrole="http://www.xbrl.org/2003/arcrole/parent-child" xlink:from="CounterpartyDefaultRiskForwardForeignExchangeContractsAndInterestRateSwapsForPurposeOfHedgingHedgingInstrumentsAxis" xlink:to="HedgingInstrumentsMember" xlink:title="presentation: CounterpartyDefaultRiskForwardForeignExchangeContractsAndInterestRateSwapsForPurposeOfHedgingHedgingInstrumentsAxis to HedgingInstrumentsMember" use="optional" order="10.0" preferredLabel="http://www.xbrl.org/2003/role/label"/>
    <link:loc xlink:type="locator" xlink:href="../../c-ross_core_2015-12-31.xsd#c-ross_ForwardForeignExchangeContractsMember" xlink:label="ForwardForeignExchangeContractsMember" xlink:title="ForwardForeignExchangeContractsMember"/>
    <link:presentationArc xlink:type="arc" xlink:arcrole="http://www.xbrl.org/2003/arcrole/parent-child" xlink:from="HedgingInstrumentsMember" xlink:to="ForwardForeignExchangeContractsMember" xlink:title="presentation: HedgingInstrumentsMember to ForwardForeignExchangeContractsMember" use="optional" order="10.0" preferredLabel="http://www.xbrl.org/2003/role/label"/>
    <link:loc xlink:type="locator" xlink:href="../../c-ross_core_2015-12-31.xsd#c-ross_InterestRateSwapsMember" xlink:label="InterestRateSwapsMember" xlink:title="InterestRateSwapsMember"/>
    <link:presentationArc xlink:type="arc" xlink:arcrole="http://www.xbrl.org/2003/arcrole/parent-child" xlink:from="HedgingInstrumentsMember" xlink:to="InterestRateSwapsMember" xlink:title="presentation: HedgingInstrumentsMember to InterestRateSwapsMember" use="optional" order="20.0" preferredLabel="http://www.xbrl.org/2003/role/label"/>
    <link:loc xlink:type="locator" xlink:href="../../c-ross_core_2015-12-31.xsd#c-ross_CounterpartyDefaultRiskForwardForeignExchangeContractsAndInterestRateSwapsForPurposeOfHedgingLineItems" xlink:label="CounterpartyDefaultRiskForwardForeignExchangeContractsAndInterestRateSwapsForPurposeOfHedgingLineItems" xlink:title="CounterpartyDefaultRiskForwardForeignExchangeContractsAndInterestRateSwapsForPurposeOfHedgingLineItems"/>
    <link:presentationArc xlink:type="arc" xlink:arcrole="http://www.xbrl.org/2003/arcrole/parent-child" xlink:from="CounterpartyDefaultRiskForwardForeignExchangeContractsAndInterestRateSwapsForPurposeOfHedgingAbstract" xlink:to="CounterpartyDefaultRiskForwardForeignExchangeContractsAndInterestRateSwapsForPurposeOfHedgingLineItems" xlink:title="presentation: CounterpartyDefaultRiskForwardForeignExchangeContractsAndInterestRateSwapsForPurposeOfHedgingAbstract to CounterpartyDefaultRiskForwardForeignExchangeContractsAndInterestRateSwapsForPurposeOfHedgingLineItems" use="optional" order="20.0" preferredLabel="http://www.xbrl.org/2003/role/label"/>
    <link:loc xlink:type="locator" xlink:href="../../c-ross_core_2015-12-31.xsd#c-ross_CounterpartyDefaultRiskForwardForeignExchangeContractsAndInterestRateSwapsForPurposeOfHedgingContractName" xlink:label="CounterpartyDefaultRiskForwardForeignExchangeContractsAndInterestRateSwapsForPurposeOfHedgingContractName" xlink:title="CounterpartyDefaultRiskForwardForeignExchangeContractsAndInterestRateSwapsForPurposeOfHedgingContractName"/>
    <link:presentationArc xlink:type="arc" xlink:arcrole="http://www.xbrl.org/2003/arcrole/parent-child" xlink:from="CounterpartyDefaultRiskForwardForeignExchangeContractsAndInterestRateSwapsForPurposeOfHedgingLineItems" xlink:to="CounterpartyDefaultRiskForwardForeignExchangeContractsAndInterestRateSwapsForPurposeOfHedgingContractName" xlink:title="presentation: CounterpartyDefaultRiskForwardForeignExchangeContractsAndInterestRateSwapsForPurposeOfHedgingLineItems to CounterpartyDefaultRiskForwardForeignExchangeContractsAndInterestRateSwapsForPurposeOfHedgingContractName" use="optional" order="10.0" preferredLabel="http://www.xbrl.org/2003/role/terseLabel"/>
    <link:loc xlink:type="locator" xlink:href="../../c-ross_core_2015-12-31.xsd#c-ross_CounterpartyDefaultRiskForwardForeignExchangeContractsAndInterestRateSwapsForPurposeOfHedgingIssuer" xlink:label="CounterpartyDefaultRiskForwardForeignExchangeContractsAndInterestRateSwapsForPurposeOfHedgingIssuer" xlink:title="CounterpartyDefaultRiskForwardForeignExchangeContractsAndInterestRateSwapsForPurposeOfHedgingIssuer"/>
    <link:presentationArc xlink:type="arc" xlink:arcrole="http://www.xbrl.org/2003/arcrole/parent-child" xlink:from="CounterpartyDefaultRiskForwardForeignExchangeContractsAndInterestRateSwapsForPurposeOfHedgingLineItems" xlink:to="CounterpartyDefaultRiskForwardForeignExchangeContractsAndInterestRateSwapsForPurposeOfHedgingIssuer" xlink:title="presentation: CounterpartyDefaultRiskForwardForeignExchangeContractsAndInterestRateSwapsForPurposeOfHedgingLineItems to CounterpartyDefaultRiskForwardForeignExchangeContractsAndInterestRateSwapsForPurposeOfHedgingIssuer" use="optional" order="20.0" preferredLabel="http://www.xbrl.org/2003/role/terseLabel"/>
    <link:loc xlink:type="locator" xlink:href="../../c-ross_core_2015-12-31.xsd#c-ross_CounterpartyDefaultRiskForwardForeignExchangeContractsAndInterestRateSwapsForPurposeOfHedgingCreditRatingsForAssets" xlink:label="CounterpartyDefaultRiskForwardForeignExchangeContractsAndInterestRateSwapsForPurposeOfHedgingCreditRatingsForAssets" xlink:title="CounterpartyDefaultRiskForwardForeignExchangeContractsAndInterestRateSwapsForPurposeOfHedgingCreditRatingsForAssets"/>
    <link:presentationArc xlink:type="arc" xlink:arcrole="http://www.xbrl.org/2003/arcrole/parent-child" xlink:from="CounterpartyDefaultRiskForwardForeignExchangeContractsAndInterestRateSwapsForPurposeOfHedgingLineItems" xlink:to="CounterpartyDefaultRiskForwardForeignExchangeContractsAndInterestRateSwapsForPurposeOfHedgingCreditRatingsForAssets" xlink:title="presentation: CounterpartyDefaultRiskForwardForeignExchangeContractsAndInterestRateSwapsForPurposeOfHedgingLineItems to CounterpartyDefaultRiskForwardForeignExchangeContractsAndInterestRateSwapsForPurposeOfHedgingCreditRatingsForAssets" use="optional" order="30.0" preferredLabel="http://www.xbrl.org/2003/role/terseLabel"/>
    <link:loc xlink:type="locator" xlink:href="../../c-ross_core_2015-12-31.xsd#c-ross_CounterpartyDefaultRiskForwardForeignExchangeContractsAndInterestRateSwapsForPurposeOfHedgingNetValue" xlink:label="CounterpartyDefaultRiskForwardForeignExchangeContractsAndInterestRateSwapsForPurposeOfHedgingNetValue" xlink:title="CounterpartyDefaultRiskForwardForeignExchangeContractsAndInterestRateSwapsForPurposeOfHedgingNetValue"/>
    <link:presentationArc xlink:type="arc" xlink:arcrole="http://www.xbrl.org/2003/arcrole/parent-child" xlink:from="CounterpartyDefaultRiskForwardForeignExchangeContractsAndInterestRateSwapsForPurposeOfHedgingLineItems" xlink:to="CounterpartyDefaultRiskForwardForeignExchangeContractsAndInterestRateSwapsForPurposeOfHedgingNetValue" xlink:title="presentation: CounterpartyDefaultRiskForwardForeignExchangeContractsAndInterestRateSwapsForPurposeOfHedgingLineItems to CounterpartyDefaultRiskForwardForeignExchangeContractsAndInterestRateSwapsForPurposeOfHedgingNetValue" use="optional" order="40.0" preferredLabel="http://www.xbrl.org/2003/role/terseLabel"/>
    <link:loc xlink:type="locator" xlink:href="../../c-ross_core_2015-12-31.xsd#c-ross_CounterpartyDefaultRiskForwardForeignExchangeContractsAndInterestRateSwapsForPurposeOfHedgingRiskExposure" xlink:label="CounterpartyDefaultRiskForwardForeignExchangeContractsAndInterestRateSwapsForPurposeOfHedgingRiskExposure" xlink:title="CounterpartyDefaultRiskForwardForeignExchangeContractsAndInterestRateSwapsForPurposeOfHedgingRiskExposure"/>
    <link:presentationArc xlink:type="arc" xlink:arcrole="http://www.xbrl.org/2003/arcrole/parent-child" xlink:from="CounterpartyDefaultRiskForwardForeignExchangeContractsAndInterestRateSwapsForPurposeOfHedgingLineItems" xlink:to="CounterpartyDefaultRiskForwardForeignExchangeContractsAndInterestRateSwapsForPurposeOfHedgingRiskExposure" xlink:title="presentation: CounterpartyDefaultRiskForwardForeignExchangeContractsAndInterestRateSwapsForPurposeOfHedgingLineItems to CounterpartyDefaultRiskForwardForeignExchangeContractsAndInterestRateSwapsForPurposeOfHedgingRiskExposure" use="optional" order="50.0" preferredLabel="http://www.xbrl.org/2003/role/terseLabel"/>
    <link:loc xlink:type="locator" xlink:href="../../c-ross_core_2015-12-31.xsd#c-ross_CounterpartyDefaultRiskForwardForeignExchangeContractsAndInterestRateSwapsForPurposeOfHedgingBaseRiskFactor" xlink:label="CounterpartyDefaultRiskForwardForeignExchangeContractsAndInterestRateSwapsForPurposeOfHedgingBaseRiskFactor" xlink:title="CounterpartyDefaultRiskForwardForeignExchangeContractsAndInterestRateSwapsForPurposeOfHedgingBaseRiskFactor"/>
    <link:presentationArc xlink:type="arc" xlink:arcrole="http://www.xbrl.org/2003/arcrole/parent-child" xlink:from="CounterpartyDefaultRiskForwardForeignExchangeContractsAndInterestRateSwapsForPurposeOfHedgingLineItems" xlink:to="CounterpartyDefaultRiskForwardForeignExchangeContractsAndInterestRateSwapsForPurposeOfHedgingBaseRiskFactor" xlink:title="presentation: CounterpartyDefaultRiskForwardForeignExchangeContractsAndInterestRateSwapsForPurposeOfHedgingLineItems to CounterpartyDefaultRiskForwardForeignExchangeContractsAndInterestRateSwapsForPurposeOfHedgingBaseRiskFactor" use="optional" order="60.0" preferredLabel="http://www.xbrl.org/2003/role/terseLabel"/>
    <link:loc xlink:type="locator" xlink:href="../../c-ross_core_2015-12-31.xsd#c-ross_CounterpartyDefaultRiskForwardForeignExchangeContractsAndInterestRateSwapsForPurposeOfHedgingMinimumCapital" xlink:label="CounterpartyDefaultRiskForwardForeignExchangeContractsAndInterestRateSwapsForPurposeOfHedgingMinimumCapital" xlink:title="CounterpartyDefaultRiskForwardForeignExchangeContractsAndInterestRateSwapsForPurposeOfHedgingMinimumCapital"/>
    <link:presentationArc xlink:type="arc" xlink:arcrole="http://www.xbrl.org/2003/arcrole/parent-child" xlink:from="CounterpartyDefaultRiskForwardForeignExchangeContractsAndInterestRateSwapsForPurposeOfHedgingLineItems" xlink:to="CounterpartyDefaultRiskForwardForeignExchangeContractsAndInterestRateSwapsForPurposeOfHedgingMinimumCapital" xlink:title="presentation: CounterpartyDefaultRiskForwardForeignExchangeContractsAndInterestRateSwapsForPurposeOfHedgingLineItems to CounterpartyDefaultRiskForwardForeignExchangeContractsAndInterestRateSwapsForPurposeOfHedgingMinimumCapital" use="optional" order="70.0" preferredLabel="http://www.xbrl.org/2003/role/terseLabel"/>
  </link:presentationLink>
  <link:presentationLink xlink:type="extended" xlink:role="http://xbrl.circ.gov.cn/role/c-ross_2015-12-31_role-3171400a">
    <link:loc xlink:type="locator" xlink:href="../../c-ross_core_2015-12-31.xsd#c-ross_CounterpartyDefaultRiskForwardForeignExchangeContractsAndInterestRateSwapsForPurposeOfHedgingTable" xlink:label="CounterpartyDefaultRiskForwardForeignExchangeContractsAndInterestRateSwapsForPurposeOfHedgingTable" xlink:title="CounterpartyDefaultRiskForwardForeignExchangeContractsAndInterestRateSwapsForPurposeOfHedgingTable"/>
    <link:loc xlink:type="locator" xlink:href="../../c-ross_core_2015-12-31.xsd#c-ross_CounterpartyDefaultRiskForwardForeignExchangeContractsAndInterestRateSwapsForPurposeOfHedgingHedgingInstrumentsAxis" xlink:label="CounterpartyDefaultRiskForwardForeignExchangeContractsAndInterestRateSwapsForPurposeOfHedgingHedgingInstrumentsAxis" xlink:title="CounterpartyDefaultRiskForwardForeignExchangeContractsAndInterestRateSwapsForPurposeOfHedgingHedgingInstrumentsAxis"/>
    <link:presentationArc xlink:type="arc" xlink:arcrole="http://www.xbrl.org/2003/arcrole/parent-child" xlink:from="CounterpartyDefaultRiskForwardForeignExchangeContractsAndInterestRateSwapsForPurposeOfHedgingTable" xlink:to="CounterpartyDefaultRiskForwardForeignExchangeContractsAndInterestRateSwapsForPurposeOfHedgingHedgingInstrumentsAxis" xlink:title="presentation: CounterpartyDefaultRiskForwardForeignExchangeContractsAndInterestRateSwapsForPurposeOfHedgingTable to CounterpartyDefaultRiskForwardForeignExchangeContractsAndInterestRateSwapsForPurposeOfHedgingHedgingInstrumentsAxis" use="optional" order="10.0" preferredLabel="http://www.xbrl.org/2003/role/label"/>
    <link:loc xlink:type="locator" xlink:href="../../c-ross_core_2015-12-31.xsd#c-ross_HedgingInstrumentsMember" xlink:label="HedgingInstrumentsMember" xlink:title="HedgingInstrumentsMember"/>
    <link:presentationArc xlink:type="arc" xlink:arcrole="http://www.xbrl.org/2003/arcrole/parent-child" xlink:from="CounterpartyDefaultRiskForwardForeignExchangeContractsAndInterestRateSwapsForPurposeOfHedgingHedgingInstrumentsAxis" xlink:to="HedgingInstrumentsMember" xlink:title="presentation: CounterpartyDefaultRiskForwardForeignExchangeContractsAndInterestRateSwapsForPurposeOfHedgingHedgingInstrumentsAxis to HedgingInstrumentsMember" use="optional" order="10.0" preferredLabel="http://www.xbrl.org/2003/role/label"/>
    <link:loc xlink:type="locator" xlink:href="../../c-ross_core_2015-12-31.xsd#c-ross_ForwardForeignExchangeContractsMember" xlink:label="ForwardForeignExchangeContractsMember" xlink:title="ForwardForeignExchangeContractsMember"/>
    <link:presentationArc xlink:type="arc" xlink:arcrole="http://www.xbrl.org/2003/arcrole/parent-child" xlink:from="HedgingInstrumentsMember" xlink:to="ForwardForeignExchangeContractsMember" xlink:title="presentation: HedgingInstrumentsMember to ForwardForeignExchangeContractsMember" use="optional" order="10.0" preferredLabel="http://www.xbrl.org/2003/role/label"/>
    <link:loc xlink:type="locator" xlink:href="../../c-ross_core_2015-12-31.xsd#c-ross_CounterpartyDefaultRiskForwardForeignExchangeContractsAndInterestRateSwapsForPurposeOfHedgingForwardForeignExchangeContractsLineNumberAxis" xlink:label="CounterpartyDefaultRiskForwardForeignExchangeContractsAndInterestRateSwapsForPurposeOfHedgingForwardForeignExchangeContractsLineNumberAxis" xlink:title="CounterpartyDefaultRiskForwardForeignExchangeContractsAndInterestRateSwapsForPurposeOfHedgingForwardForeignExchangeContractsLineNumberAxis"/>
    <link:presentationArc xlink:type="arc" xlink:arcrole="http://www.xbrl.org/2003/arcrole/parent-child" xlink:from="CounterpartyDefaultRiskForwardForeignExchangeContractsAndInterestRateSwapsForPurposeOfHedgingTable" xlink:to="CounterpartyDefaultRiskForwardForeignExchangeContractsAndInterestRateSwapsForPurposeOfHedgingForwardForeignExchangeContractsLineNumberAxis" xlink:title="presentation: CounterpartyDefaultRiskForwardForeignExchangeContractsAndInterestRateSwapsForPurposeOfHedgingTable to CounterpartyDefaultRiskForwardForeignExchangeContractsAndInterestRateSwapsForPurposeOfHedgingForwardForeignExchangeContractsLineNumberAxis" use="optional" order="20.0" preferredLabel="http://www.xbrl.org/2003/role/terseLabel"/>
    <link:loc xlink:type="locator" xlink:href="../../c-ross_core_2015-12-31.xsd#c-ross_CounterpartyDefaultRiskForwardForeignExchangeContractsAndInterestRateSwapsForPurposeOfHedgingLineItems" xlink:label="CounterpartyDefaultRiskForwardForeignExchangeContractsAndInterestRateSwapsForPurposeOfHedgingLineItems" xlink:title="CounterpartyDefaultRiskForwardForeignExchangeContractsAndInterestRateSwapsForPurposeOfHedgingLineItems"/>
    <link:loc xlink:type="locator" xlink:href="../../c-ross_core_2015-12-31.xsd#c-ross_CounterpartyDefaultRiskForwardForeignExchangeContractsAndInterestRateSwapsForPurposeOfHedgingContractName" xlink:label="CounterpartyDefaultRiskForwardForeignExchangeContractsAndInterestRateSwapsForPurposeOfHedgingContractName" xlink:title="CounterpartyDefaultRiskForwardForeignExchangeContractsAndInterestRateSwapsForPurposeOfHedgingContractName"/>
    <link:presentationArc xlink:type="arc" xlink:arcrole="http://www.xbrl.org/2003/arcrole/parent-child" xlink:from="CounterpartyDefaultRiskForwardForeignExchangeContractsAndInterestRateSwapsForPurposeOfHedgingLineItems" xlink:to="CounterpartyDefaultRiskForwardForeignExchangeContractsAndInterestRateSwapsForPurposeOfHedgingContractName" xlink:title="presentation: CounterpartyDefaultRiskForwardForeignExchangeContractsAndInterestRateSwapsForPurposeOfHedgingLineItems to CounterpartyDefaultRiskForwardForeignExchangeContractsAndInterestRateSwapsForPurposeOfHedgingContractName" use="optional" order="10.0" preferredLabel="http://www.xbrl.org/2003/role/terseLabel"/>
    <link:loc xlink:type="locator" xlink:href="../../c-ross_core_2015-12-31.xsd#c-ross_CounterpartyDefaultRiskForwardForeignExchangeContractsAndInterestRateSwapsForPurposeOfHedgingIssuer" xlink:label="CounterpartyDefaultRiskForwardForeignExchangeContractsAndInterestRateSwapsForPurposeOfHedgingIssuer" xlink:title="CounterpartyDefaultRiskForwardForeignExchangeContractsAndInterestRateSwapsForPurposeOfHedgingIssuer"/>
    <link:presentationArc xlink:type="arc" xlink:arcrole="http://www.xbrl.org/2003/arcrole/parent-child" xlink:from="CounterpartyDefaultRiskForwardForeignExchangeContractsAndInterestRateSwapsForPurposeOfHedgingLineItems" xlink:to="CounterpartyDefaultRiskForwardForeignExchangeContractsAndInterestRateSwapsForPurposeOfHedgingIssuer" xlink:title="presentation: CounterpartyDefaultRiskForwardForeignExchangeContractsAndInterestRateSwapsForPurposeOfHedgingLineItems to CounterpartyDefaultRiskForwardForeignExchangeContractsAndInterestRateSwapsForPurposeOfHedgingIssuer" use="optional" order="20.0" preferredLabel="http://www.xbrl.org/2003/role/terseLabel"/>
    <link:loc xlink:type="locator" xlink:href="../../c-ross_core_2015-12-31.xsd#c-ross_CounterpartyDefaultRiskForwardForeignExchangeContractsAndInterestRateSwapsForPurposeOfHedgingCreditRatingsForAssets" xlink:label="CounterpartyDefaultRiskForwardForeignExchangeContractsAndInterestRateSwapsForPurposeOfHedgingCreditRatingsForAssets" xlink:title="CounterpartyDefaultRiskForwardForeignExchangeContractsAndInterestRateSwapsForPurposeOfHedgingCreditRatingsForAssets"/>
    <link:presentationArc xlink:type="arc" xlink:arcrole="http://www.xbrl.org/2003/arcrole/parent-child" xlink:from="CounterpartyDefaultRiskForwardForeignExchangeContractsAndInterestRateSwapsForPurposeOfHedgingLineItems" xlink:to="CounterpartyDefaultRiskForwardForeignExchangeContractsAndInterestRateSwapsForPurposeOfHedgingCreditRatingsForAssets" xlink:title="presentation: CounterpartyDefaultRiskForwardForeignExchangeContractsAndInterestRateSwapsForPurposeOfHedgingLineItems to CounterpartyDefaultRiskForwardForeignExchangeContractsAndInterestRateSwapsForPurposeOfHedgingCreditRatingsForAssets" use="optional" order="30.0" preferredLabel="http://www.xbrl.org/2003/role/terseLabel"/>
    <link:loc xlink:type="locator" xlink:href="../../c-ross_core_2015-12-31.xsd#c-ross_CounterpartyDefaultRiskForwardForeignExchangeContractsAndInterestRateSwapsForPurposeOfHedgingNetValue" xlink:label="CounterpartyDefaultRiskForwardForeignExchangeContractsAndInterestRateSwapsForPurposeOfHedgingNetValue" xlink:title="CounterpartyDefaultRiskForwardForeignExchangeContractsAndInterestRateSwapsForPurposeOfHedgingNetValue"/>
    <link:presentationArc xlink:type="arc" xlink:arcrole="http://www.xbrl.org/2003/arcrole/parent-child" xlink:from="CounterpartyDefaultRiskForwardForeignExchangeContractsAndInterestRateSwapsForPurposeOfHedgingLineItems" xlink:to="CounterpartyDefaultRiskForwardForeignExchangeContractsAndInterestRateSwapsForPurposeOfHedgingNetValue" xlink:title="presentation: CounterpartyDefaultRiskForwardForeignExchangeContractsAndInterestRateSwapsForPurposeOfHedgingLineItems to CounterpartyDefaultRiskForwardForeignExchangeContractsAndInterestRateSwapsForPurposeOfHedgingNetValue" use="optional" order="40.0" preferredLabel="http://www.xbrl.org/2003/role/terseLabel"/>
    <link:loc xlink:type="locator" xlink:href="../../c-ross_core_2015-12-31.xsd#c-ross_CounterpartyDefaultRiskForwardForeignExchangeContractsAndInterestRateSwapsForPurposeOfHedgingRiskExposure" xlink:label="CounterpartyDefaultRiskForwardForeignExchangeContractsAndInterestRateSwapsForPurposeOfHedgingRiskExposure" xlink:title="CounterpartyDefaultRiskForwardForeignExchangeContractsAndInterestRateSwapsForPurposeOfHedgingRiskExposure"/>
    <link:presentationArc xlink:type="arc" xlink:arcrole="http://www.xbrl.org/2003/arcrole/parent-child" xlink:from="CounterpartyDefaultRiskForwardForeignExchangeContractsAndInterestRateSwapsForPurposeOfHedgingLineItems" xlink:to="CounterpartyDefaultRiskForwardForeignExchangeContractsAndInterestRateSwapsForPurposeOfHedgingRiskExposure" xlink:title="presentation: CounterpartyDefaultRiskForwardForeignExchangeContractsAndInterestRateSwapsForPurposeOfHedgingLineItems to CounterpartyDefaultRiskForwardForeignExchangeContractsAndInterestRateSwapsForPurposeOfHedgingRiskExposure" use="optional" order="50.0" preferredLabel="http://www.xbrl.org/2003/role/terseLabel"/>
    <link:loc xlink:type="locator" xlink:href="../../c-ross_core_2015-12-31.xsd#c-ross_CounterpartyDefaultRiskForwardForeignExchangeContractsAndInterestRateSwapsForPurposeOfHedgingBaseRiskFactor" xlink:label="CounterpartyDefaultRiskForwardForeignExchangeContractsAndInterestRateSwapsForPurposeOfHedgingBaseRiskFactor" xlink:title="CounterpartyDefaultRiskForwardForeignExchangeContractsAndInterestRateSwapsForPurposeOfHedgingBaseRiskFactor"/>
    <link:presentationArc xlink:type="arc" xlink:arcrole="http://www.xbrl.org/2003/arcrole/parent-child" xlink:from="CounterpartyDefaultRiskForwardForeignExchangeContractsAndInterestRateSwapsForPurposeOfHedgingLineItems" xlink:to="CounterpartyDefaultRiskForwardForeignExchangeContractsAndInterestRateSwapsForPurposeOfHedgingBaseRiskFactor" xlink:title="presentation: CounterpartyDefaultRiskForwardForeignExchangeContractsAndInterestRateSwapsForPurposeOfHedgingLineItems to CounterpartyDefaultRiskForwardForeignExchangeContractsAndInterestRateSwapsForPurposeOfHedgingBaseRiskFactor" use="optional" order="60.0" preferredLabel="http://www.xbrl.org/2003/role/terseLabel"/>
    <link:loc xlink:type="locator" xlink:href="../../c-ross_core_2015-12-31.xsd#c-ross_CounterpartyDefaultRiskForwardForeignExchangeContractsAndInterestRateSwapsForPurposeOfHedgingMinimumCapital" xlink:label="CounterpartyDefaultRiskForwardForeignExchangeContractsAndInterestRateSwapsForPurposeOfHedgingMinimumCapital" xlink:title="CounterpartyDefaultRiskForwardForeignExchangeContractsAndInterestRateSwapsForPurposeOfHedgingMinimumCapital"/>
    <link:presentationArc xlink:type="arc" xlink:arcrole="http://www.xbrl.org/2003/arcrole/parent-child" xlink:from="CounterpartyDefaultRiskForwardForeignExchangeContractsAndInterestRateSwapsForPurposeOfHedgingLineItems" xlink:to="CounterpartyDefaultRiskForwardForeignExchangeContractsAndInterestRateSwapsForPurposeOfHedgingMinimumCapital" xlink:title="presentation: CounterpartyDefaultRiskForwardForeignExchangeContractsAndInterestRateSwapsForPurposeOfHedgingLineItems to CounterpartyDefaultRiskForwardForeignExchangeContractsAndInterestRateSwapsForPurposeOfHedgingMinimumCapital" use="optional" order="70.0" preferredLabel="http://www.xbrl.org/2003/role/terseLabel"/>
    <link:loc xlink:type="locator" xlink:href="../../c-ross_core_2015-12-31.xsd#c-ross_CounterpartyDefaultRiskForwardForeignExchangeContractsAndInterestRateSwapsForPurposeOfHedgingForwardForeignExchangeContractsAbstract" xlink:label="CounterpartyDefaultRiskForwardForeignExchangeContractsAndInterestRateSwapsForPurposeOfHedgingForwardForeignExchangeContractsAbstract" xlink:title="CounterpartyDefaultRiskForwardForeignExchangeContractsAndInterestRateSwapsForPurposeOfHedgingForwardForeignExchangeContractsAbstract"/>
    <link:presentationArc xlink:type="arc" xlink:arcrole="http://www.xbrl.org/2003/arcrole/parent-child" xlink:from="CounterpartyDefaultRiskForwardForeignExchangeContractsAndInterestRateSwapsForPurposeOfHedgingForwardForeignExchangeContractsAbstract" xlink:to="CounterpartyDefaultRiskForwardForeignExchangeContractsAndInterestRateSwapsForPurposeOfHedgingTable" xlink:title="presentation: CounterpartyDefaultRiskForwardForeignExchangeContractsAndInterestRateSwapsForPurposeOfHedgingForwardForeignExchangeContractsAbstract to CounterpartyDefaultRiskForwardForeignExchangeContractsAndInterestRateSwapsForPurposeOfHedgingTable" use="optional" order="10.0" preferredLabel="http://www.xbrl.org/2003/role/label"/>
    <link:presentationArc xlink:type="arc" xlink:arcrole="http://www.xbrl.org/2003/arcrole/parent-child" xlink:from="CounterpartyDefaultRiskForwardForeignExchangeContractsAndInterestRateSwapsForPurposeOfHedgingForwardForeignExchangeContractsAbstract" xlink:to="CounterpartyDefaultRiskForwardForeignExchangeContractsAndInterestRateSwapsForPurposeOfHedgingLineItems" xlink:title="presentation: CounterpartyDefaultRiskForwardForeignExchangeContractsAndInterestRateSwapsForPurposeOfHedgingForwardForeignExchangeContractsAbstract to CounterpartyDefaultRiskForwardForeignExchangeContractsAndInterestRateSwapsForPurposeOfHedgingLineItems" use="optional" order="20.0" preferredLabel="http://www.xbrl.org/2003/role/label"/>
  </link:presentationLink>
  <link:presentationLink xlink:type="extended" xlink:role="http://xbrl.circ.gov.cn/role/c-ross_2015-12-31_role-3171400b">
    <link:loc xlink:type="locator" xlink:href="../../c-ross_core_2015-12-31.xsd#c-ross_CounterpartyDefaultRiskForwardForeignExchangeContractsAndInterestRateSwapsForPurposeOfHedgingTable" xlink:label="CounterpartyDefaultRiskForwardForeignExchangeContractsAndInterestRateSwapsForPurposeOfHedgingTable" xlink:title="CounterpartyDefaultRiskForwardForeignExchangeContractsAndInterestRateSwapsForPurposeOfHedgingTable"/>
    <link:loc xlink:type="locator" xlink:href="../../c-ross_core_2015-12-31.xsd#c-ross_CounterpartyDefaultRiskForwardForeignExchangeContractsAndInterestRateSwapsForPurposeOfHedgingHedgingInstrumentsAxis" xlink:label="CounterpartyDefaultRiskForwardForeignExchangeContractsAndInterestRateSwapsForPurposeOfHedgingHedgingInstrumentsAxis" xlink:title="CounterpartyDefaultRiskForwardForeignExchangeContractsAndInterestRateSwapsForPurposeOfHedgingHedgingInstrumentsAxis"/>
    <link:presentationArc xlink:type="arc" xlink:arcrole="http://www.xbrl.org/2003/arcrole/parent-child" xlink:from="CounterpartyDefaultRiskForwardForeignExchangeContractsAndInterestRateSwapsForPurposeOfHedgingTable" xlink:to="CounterpartyDefaultRiskForwardForeignExchangeContractsAndInterestRateSwapsForPurposeOfHedgingHedgingInstrumentsAxis" xlink:title="presentation: CounterpartyDefaultRiskForwardForeignExchangeContractsAndInterestRateSwapsForPurposeOfHedgingTable to CounterpartyDefaultRiskForwardForeignExchangeContractsAndInterestRateSwapsForPurposeOfHedgingHedgingInstrumentsAxis" use="optional" order="10.0" preferredLabel="http://www.xbrl.org/2003/role/label"/>
    <link:loc xlink:type="locator" xlink:href="../../c-ross_core_2015-12-31.xsd#c-ross_HedgingInstrumentsMember" xlink:label="HedgingInstrumentsMember" xlink:title="HedgingInstrumentsMember"/>
    <link:presentationArc xlink:type="arc" xlink:arcrole="http://www.xbrl.org/2003/arcrole/parent-child" xlink:from="CounterpartyDefaultRiskForwardForeignExchangeContractsAndInterestRateSwapsForPurposeOfHedgingHedgingInstrumentsAxis" xlink:to="HedgingInstrumentsMember" xlink:title="presentation: CounterpartyDefaultRiskForwardForeignExchangeContractsAndInterestRateSwapsForPurposeOfHedgingHedgingInstrumentsAxis to HedgingInstrumentsMember" use="optional" order="10.0" preferredLabel="http://www.xbrl.org/2003/role/label"/>
    <link:loc xlink:type="locator" xlink:href="../../c-ross_core_2015-12-31.xsd#c-ross_InterestRateSwapsMember" xlink:label="InterestRateSwapsMember" xlink:title="InterestRateSwapsMember"/>
    <link:presentationArc xlink:type="arc" xlink:arcrole="http://www.xbrl.org/2003/arcrole/parent-child" xlink:from="HedgingInstrumentsMember" xlink:to="InterestRateSwapsMember" xlink:title="presentation: HedgingInstrumentsMember to InterestRateSwapsMember" use="optional" order="10.0" preferredLabel="http://www.xbrl.org/2003/role/label"/>
    <link:loc xlink:type="locator" xlink:href="../../c-ross_core_2015-12-31.xsd#c-ross_CounterpartyDefaultRiskForwardForeignExchangeContractsAndInterestRateSwapsForPurposeOfHedgingInterestRateSwapsLineNumberAxis" xlink:label="CounterpartyDefaultRiskForwardForeignExchangeContractsAndInterestRateSwapsForPurposeOfHedgingInterestRateSwapsForPurposeOfHedgingLineNumberAxis" xlink:title="CounterpartyDefaultRiskForwardForeignExchangeContractsAndInterestRateSwapsForPurposeOfHedgingInterestRateSwapsForPurposeOfHedgingLineNumberAxis"/>
    <link:presentationArc xlink:type="arc" xlink:arcrole="http://www.xbrl.org/2003/arcrole/parent-child" xlink:from="CounterpartyDefaultRiskForwardForeignExchangeContractsAndInterestRateSwapsForPurposeOfHedgingTable" xlink:to="CounterpartyDefaultRiskForwardForeignExchangeContractsAndInterestRateSwapsForPurposeOfHedgingInterestRateSwapsForPurposeOfHedgingLineNumberAxis" xlink:title="presentation: CounterpartyDefaultRiskForwardForeignExchangeContractsAndInterestRateSwapsForPurposeOfHedgingTable to CounterpartyDefaultRiskForwardForeignExchangeContractsAndInterestRateSwapsForPurposeOfHedgingInterestRateSwapsForPurposeOfHedgingLineNumberAxis" use="optional" order="20.0" preferredLabel="http://www.xbrl.org/2003/role/terseLabel"/>
    <link:loc xlink:type="locator" xlink:href="../../c-ross_core_2015-12-31.xsd#c-ross_CounterpartyDefaultRiskForwardForeignExchangeContractsAndInterestRateSwapsForPurposeOfHedgingLineItems" xlink:label="CounterpartyDefaultRiskForwardForeignExchangeContractsAndInterestRateSwapsForPurposeOfHedgingLineItems" xlink:title="CounterpartyDefaultRiskForwardForeignExchangeContractsAndInterestRateSwapsForPurposeOfHedgingLineItems"/>
    <link:loc xlink:type="locator" xlink:href="../../c-ross_core_2015-12-31.xsd#c-ross_CounterpartyDefaultRiskForwardForeignExchangeContractsAndInterestRateSwapsForPurposeOfHedgingContractName" xlink:label="CounterpartyDefaultRiskForwardForeignExchangeContractsAndInterestRateSwapsForPurposeOfHedgingContractName" xlink:title="CounterpartyDefaultRiskForwardForeignExchangeContractsAndInterestRateSwapsForPurposeOfHedgingContractName"/>
    <link:presentationArc xlink:type="arc" xlink:arcrole="http://www.xbrl.org/2003/arcrole/parent-child" xlink:from="CounterpartyDefaultRiskForwardForeignExchangeContractsAndInterestRateSwapsForPurposeOfHedgingLineItems" xlink:to="CounterpartyDefaultRiskForwardForeignExchangeContractsAndInterestRateSwapsForPurposeOfHedgingContractName" xlink:title="presentation: CounterpartyDefaultRiskForwardForeignExchangeContractsAndInterestRateSwapsForPurposeOfHedgingLineItems to CounterpartyDefaultRiskForwardForeignExchangeContractsAndInterestRateSwapsForPurposeOfHedgingContractName" use="optional" order="10.0" preferredLabel="http://www.xbrl.org/2003/role/terseLabel"/>
    <link:loc xlink:type="locator" xlink:href="../../c-ross_core_2015-12-31.xsd#c-ross_CounterpartyDefaultRiskForwardForeignExchangeContractsAndInterestRateSwapsForPurposeOfHedgingIssuer" xlink:label="CounterpartyDefaultRiskForwardForeignExchangeContractsAndInterestRateSwapsForPurposeOfHedgingIssuer" xlink:title="CounterpartyDefaultRiskForwardForeignExchangeContractsAndInterestRateSwapsForPurposeOfHedgingIssuer"/>
    <link:presentationArc xlink:type="arc" xlink:arcrole="http://www.xbrl.org/2003/arcrole/parent-child" xlink:from="CounterpartyDefaultRiskForwardForeignExchangeContractsAndInterestRateSwapsForPurposeOfHedgingLineItems" xlink:to="CounterpartyDefaultRiskForwardForeignExchangeContractsAndInterestRateSwapsForPurposeOfHedgingIssuer" xlink:title="presentation: CounterpartyDefaultRiskForwardForeignExchangeContractsAndInterestRateSwapsForPurposeOfHedgingLineItems to CounterpartyDefaultRiskForwardForeignExchangeContractsAndInterestRateSwapsForPurposeOfHedgingIssuer" use="optional" order="20.0" preferredLabel="http://www.xbrl.org/2003/role/terseLabel"/>
    <link:loc xlink:type="locator" xlink:href="../../c-ross_core_2015-12-31.xsd#c-ross_CounterpartyDefaultRiskForwardForeignExchangeContractsAndInterestRateSwapsForPurposeOfHedgingCreditRatingsForAssets" xlink:label="CounterpartyDefaultRiskForwardForeignExchangeContractsAndInterestRateSwapsForPurposeOfHedgingCreditRatingsForAssets" xlink:title="CounterpartyDefaultRiskForwardForeignExchangeContractsAndInterestRateSwapsForPurposeOfHedgingCreditRatingsForAssets"/>
    <link:presentationArc xlink:type="arc" xlink:arcrole="http://www.xbrl.org/2003/arcrole/parent-child" xlink:from="CounterpartyDefaultRiskForwardForeignExchangeContractsAndInterestRateSwapsForPurposeOfHedgingLineItems" xlink:to="CounterpartyDefaultRiskForwardForeignExchangeContractsAndInterestRateSwapsForPurposeOfHedgingCreditRatingsForAssets" xlink:title="presentation: CounterpartyDefaultRiskForwardForeignExchangeContractsAndInterestRateSwapsForPurposeOfHedgingLineItems to CounterpartyDefaultRiskForwardForeignExchangeContractsAndInterestRateSwapsForPurposeOfHedgingCreditRatingsForAssets" use="optional" order="30.0" preferredLabel="http://www.xbrl.org/2003/role/terseLabel"/>
    <link:loc xlink:type="locator" xlink:href="../../c-ross_core_2015-12-31.xsd#c-ross_CounterpartyDefaultRiskForwardForeignExchangeContractsAndInterestRateSwapsForPurposeOfHedgingNetValue" xlink:label="CounterpartyDefaultRiskForwardForeignExchangeContractsAndInterestRateSwapsForPurposeOfHedgingNetValue" xlink:title="CounterpartyDefaultRiskForwardForeignExchangeContractsAndInterestRateSwapsForPurposeOfHedgingNetValue"/>
    <link:presentationArc xlink:type="arc" xlink:arcrole="http://www.xbrl.org/2003/arcrole/parent-child" xlink:from="CounterpartyDefaultRiskForwardForeignExchangeContractsAndInterestRateSwapsForPurposeOfHedgingLineItems" xlink:to="CounterpartyDefaultRiskForwardForeignExchangeContractsAndInterestRateSwapsForPurposeOfHedgingNetValue" xlink:title="presentation: CounterpartyDefaultRiskForwardForeignExchangeContractsAndInterestRateSwapsForPurposeOfHedgingLineItems to CounterpartyDefaultRiskForwardForeignExchangeContractsAndInterestRateSwapsForPurposeOfHedgingNetValue" use="optional" order="40.0" preferredLabel="http://www.xbrl.org/2003/role/terseLabel"/>
    <link:loc xlink:type="locator" xlink:href="../../c-ross_core_2015-12-31.xsd#c-ross_CounterpartyDefaultRiskForwardForeignExchangeContractsAndInterestRateSwapsForPurposeOfHedgingRiskExposure" xlink:label="CounterpartyDefaultRiskForwardForeignExchangeContractsAndInterestRateSwapsForPurposeOfHedgingRiskExposure" xlink:title="CounterpartyDefaultRiskForwardForeignExchangeContractsAndInterestRateSwapsForPurposeOfHedgingRiskExposure"/>
    <link:presentationArc xlink:type="arc" xlink:arcrole="http://www.xbrl.org/2003/arcrole/parent-child" xlink:from="CounterpartyDefaultRiskForwardForeignExchangeContractsAndInterestRateSwapsForPurposeOfHedgingLineItems" xlink:to="CounterpartyDefaultRiskForwardForeignExchangeContractsAndInterestRateSwapsForPurposeOfHedgingRiskExposure" xlink:title="presentation: CounterpartyDefaultRiskForwardForeignExchangeContractsAndInterestRateSwapsForPurposeOfHedgingLineItems to CounterpartyDefaultRiskForwardForeignExchangeContractsAndInterestRateSwapsForPurposeOfHedgingRiskExposure" use="optional" order="50.0" preferredLabel="http://www.xbrl.org/2003/role/terseLabel"/>
    <link:loc xlink:type="locator" xlink:href="../../c-ross_core_2015-12-31.xsd#c-ross_CounterpartyDefaultRiskForwardForeignExchangeContractsAndInterestRateSwapsForPurposeOfHedgingBaseRiskFactor" xlink:label="CounterpartyDefaultRiskForwardForeignExchangeContractsAndInterestRateSwapsForPurposeOfHedgingBaseRiskFactor" xlink:title="CounterpartyDefaultRiskForwardForeignExchangeContractsAndInterestRateSwapsForPurposeOfHedgingBaseRiskFactor"/>
    <link:presentationArc xlink:type="arc" xlink:arcrole="http://www.xbrl.org/2003/arcrole/parent-child" xlink:from="CounterpartyDefaultRiskForwardForeignExchangeContractsAndInterestRateSwapsForPurposeOfHedgingLineItems" xlink:to="CounterpartyDefaultRiskForwardForeignExchangeContractsAndInterestRateSwapsForPurposeOfHedgingBaseRiskFactor" xlink:title="presentation: CounterpartyDefaultRiskForwardForeignExchangeContractsAndInterestRateSwapsForPurposeOfHedgingLineItems to CounterpartyDefaultRiskForwardForeignExchangeContractsAndInterestRateSwapsForPurposeOfHedgingBaseRiskFactor" use="optional" order="60.0" preferredLabel="http://www.xbrl.org/2003/role/terseLabel"/>
    <link:loc xlink:type="locator" xlink:href="../../c-ross_core_2015-12-31.xsd#c-ross_CounterpartyDefaultRiskForwardForeignExchangeContractsAndInterestRateSwapsForPurposeOfHedgingMinimumCapital" xlink:label="CounterpartyDefaultRiskForwardForeignExchangeContractsAndInterestRateSwapsForPurposeOfHedgingMinimumCapital" xlink:title="CounterpartyDefaultRiskForwardForeignExchangeContractsAndInterestRateSwapsForPurposeOfHedgingMinimumCapital"/>
    <link:presentationArc xlink:type="arc" xlink:arcrole="http://www.xbrl.org/2003/arcrole/parent-child" xlink:from="CounterpartyDefaultRiskForwardForeignExchangeContractsAndInterestRateSwapsForPurposeOfHedgingLineItems" xlink:to="CounterpartyDefaultRiskForwardForeignExchangeContractsAndInterestRateSwapsForPurposeOfHedgingMinimumCapital" xlink:title="presentation: CounterpartyDefaultRiskForwardForeignExchangeContractsAndInterestRateSwapsForPurposeOfHedgingLineItems to CounterpartyDefaultRiskForwardForeignExchangeContractsAndInterestRateSwapsForPurposeOfHedgingMinimumCapital" use="optional" order="70.0" preferredLabel="http://www.xbrl.org/2003/role/terseLabel"/>
    <link:loc xlink:type="locator" xlink:href="../../c-ross_core_2015-12-31.xsd#c-ross_CounterpartyDefaultRiskForwardForeignExchangeContractsAndInterestRateSwapsForPurposeOfHedgingInterestRateSwapsAbstract" xlink:label="CounterpartyDefaultRiskForwardForeignExchangeContractsAndInterestRateSwapsForPurposeOfHedgingInterestRateSwapsAbstract" xlink:title="CounterpartyDefaultRiskForwardForeignExchangeContractsAndInterestRateSwapsForPurposeOfHedgingInterestRateSwapsAbstract"/>
    <link:presentationArc xlink:type="arc" xlink:arcrole="http://www.xbrl.org/2003/arcrole/parent-child" xlink:from="CounterpartyDefaultRiskForwardForeignExchangeContractsAndInterestRateSwapsForPurposeOfHedgingInterestRateSwapsAbstract" xlink:to="CounterpartyDefaultRiskForwardForeignExchangeContractsAndInterestRateSwapsForPurposeOfHedgingTable" xlink:title="presentation: CounterpartyDefaultRiskForwardForeignExchangeContractsAndInterestRateSwapsForPurposeOfHedgingInterestRateSwapsAbstract to CounterpartyDefaultRiskForwardForeignExchangeContractsAndInterestRateSwapsForPurposeOfHedgingTable" use="optional" order="10.0" preferredLabel="http://www.xbrl.org/2003/role/label"/>
    <link:presentationArc xlink:type="arc" xlink:arcrole="http://www.xbrl.org/2003/arcrole/parent-child" xlink:from="CounterpartyDefaultRiskForwardForeignExchangeContractsAndInterestRateSwapsForPurposeOfHedgingInterestRateSwapsAbstract" xlink:to="CounterpartyDefaultRiskForwardForeignExchangeContractsAndInterestRateSwapsForPurposeOfHedgingLineItems" xlink:title="presentation: CounterpartyDefaultRiskForwardForeignExchangeContractsAndInterestRateSwapsForPurposeOfHedgingInterestRateSwapsAbstract to CounterpartyDefaultRiskForwardForeignExchangeContractsAndInterestRateSwapsForPurposeOfHedgingLineItems" use="optional" order="20.0" preferredLabel="http://www.xbrl.org/2003/role/label"/>
  </link:presentationLink>
</link:linkbase>
