<?xml version="1.0" encoding="UTF-8"?>

<!--
	Taxonomy: 2015-12-31 (Final)
	**********************
	Copyright © 2015 China Insurance Regulatory Commission.
	All rights reserved.  No part of this publication may be translated, reprinted or reproduced
	or utilised in any form either in whole or in part without prior permission in writing from China Insurance Regulatory Commission.
	  **********************
	-->
<link:linkbase xmlns:xsi="http://www.w3.org/2001/XMLSchema-instance" xsi:schemaLocation="http://www.xbrl.org/2003/linkbase http://www.xbrl.org/2003/xbrl-linkbase-2003-12-31.xsd" xmlns:c-ross="http://xbrl.circ.gov.cn/taxonomy/2015-12-31/c-ross" xmlns:link="http://www.xbrl.org/2003/linkbase" xmlns:q_s_pc_entry_point="http://xbrl.circ.gov.cn/taxonomy/2015-12-31/c-ross/q_s_pc_entry_point" xmlns:xlink="http://www.w3.org/1999/xlink" xmlns:xbrli="http://www.xbrl.org/2003/instance">
  <link:roleRef roleURI="http://www.xbrl.org/2009/role/netLabel" xlink:type="simple" xlink:href="http://www.xbrl.org/lrr/role/net-2009-12-16.xsd#netLabel"/>
  <link:roleRef roleURI="http://xbrl.circ.gov.cn/role/c-ross_2015-12-31_role-3171100" xlink:type="simple" xlink:href="rol_c-ross_8_2015-12-31.xsd#c-ross_2015-12-31-3171100"/>
  <link:roleRef roleURI="http://xbrl.circ.gov.cn/role/c-ross_2015-12-31_role-3171100a" xlink:type="simple" xlink:href="rol_c-ross_8_2015-12-31.xsd#c-ross_2015-12-31-3171100a"/>
  <link:roleRef roleURI="http://xbrl.circ.gov.cn/role/c-ross_2015-12-31_role-3171100b" xlink:type="simple" xlink:href="rol_c-ross_8_2015-12-31.xsd#c-ross_2015-12-31-3171100b"/>
  <link:presentationLink xlink:type="extended" xlink:role="http://xbrl.circ.gov.cn/role/c-ross_2015-12-31_role-3171100">
    <link:loc xlink:type="locator" xlink:href="../../c-ross_core_2015-12-31.xsd#c-ross_CounterpartyDefaultRiskInfrastructureDebtInvestmentPlansAbstract" xlink:label="CounterpartyDefaultRiskInfrastructureDebtInvestmentPlansAbstract" xlink:title="CounterpartyDefaultRiskInfrastructureDebtInvestmentPlansAbstract"/>
    <link:loc xlink:type="locator" xlink:href="../../c-ross_core_2015-12-31.xsd#c-ross_CounterpartyDefaultRiskInfrastructureDebtInvestmentPlansTable" xlink:label="CounterpartyDefaultRiskInfrastructureDebtInvestmentPlansTable" xlink:title="CounterpartyDefaultRiskInfrastructureDebtInvestmentPlansTable"/>
    <link:presentationArc xlink:type="arc" xlink:arcrole="http://www.xbrl.org/2003/arcrole/parent-child" xlink:from="CounterpartyDefaultRiskInfrastructureDebtInvestmentPlansAbstract" xlink:to="CounterpartyDefaultRiskInfrastructureDebtInvestmentPlansTable" xlink:title="presentation: CounterpartyDefaultRiskInfrastructureDebtInvestmentPlansAbstract to CounterpartyDefaultRiskInfrastructureDebtInvestmentPlansTable" use="optional" order="10.0" preferredLabel="http://www.xbrl.org/2003/role/label"/>
    <link:loc xlink:type="locator" xlink:href="../../c-ross_core_2015-12-31.xsd#c-ross_TypesOfInfrastructureInvestmentPlansAxis" xlink:label="TypesOfInfrastructureInvestmentPlansAxis" xlink:title="TypesOfInfrastructureInvestmentPlansAxis"/>
    <link:presentationArc xlink:type="arc" xlink:arcrole="http://www.xbrl.org/2003/arcrole/parent-child" xlink:from="CounterpartyDefaultRiskInfrastructureDebtInvestmentPlansTable" xlink:to="TypesOfInfrastructureInvestmentPlansAxis" xlink:title="presentation: CounterpartyDefaultRiskInfrastructureDebtInvestmentPlansTable to TypesOfInfrastructureInvestmentPlansAxis" use="optional" order="10.0" preferredLabel="http://www.xbrl.org/2003/role/label"/>
    <link:loc xlink:type="locator" xlink:href="../../c-ross_core_2015-12-31.xsd#c-ross_TypesOfInfrastructureInvestmentPlansMember" xlink:label="TypesOfInfrastructureInvestmentPlansMember" xlink:title="TypesOfInfrastructureInvestmentPlansMember"/>
    <link:presentationArc xlink:type="arc" xlink:arcrole="http://www.xbrl.org/2003/arcrole/parent-child" xlink:from="TypesOfInfrastructureInvestmentPlansAxis" xlink:to="TypesOfInfrastructureInvestmentPlansMember" xlink:title="presentation: TypesOfInfrastructureInvestmentPlansAxis to TypesOfInfrastructureInvestmentPlansMember" use="optional" order="10.0" preferredLabel="http://www.xbrl.org/2003/role/label"/>
    <link:loc xlink:type="locator" xlink:href="../../c-ross_core_2015-12-31.xsd#c-ross_InfrastructureDebtInvestmentPlansMember" xlink:label="InfrastructureDebtInvestmentPlansMember" xlink:title="InfrastructureDebtInvestmentPlansMember"/>
    <link:presentationArc xlink:type="arc" xlink:arcrole="http://www.xbrl.org/2003/arcrole/parent-child" xlink:from="TypesOfInfrastructureInvestmentPlansMember" xlink:to="InfrastructureDebtInvestmentPlansMember" xlink:title="presentation: TypesOfInfrastructureInvestmentPlansMember to InfrastructureDebtInvestmentPlansMember" use="optional" order="10.0" preferredLabel="http://www.xbrl.org/2003/role/label"/>
    <link:loc xlink:type="locator" xlink:href="../../c-ross_core_2015-12-31.xsd#c-ross_InfrastructureEquityInvestmentPlansWithGuaranteeClausesMember" xlink:label="InfrastructureEquityInvestmentPlansWithGuaranteeClausesMember" xlink:title="InfrastructureEquityInvestmentPlansWithGuaranteeClausesMember"/>
    <link:presentationArc xlink:type="arc" xlink:arcrole="http://www.xbrl.org/2003/arcrole/parent-child" xlink:from="TypesOfInfrastructureInvestmentPlansMember" xlink:to="InfrastructureEquityInvestmentPlansWithGuaranteeClausesMember" xlink:title="presentation: TypesOfInfrastructureInvestmentPlansMember to InfrastructureEquityInvestmentPlansWithGuaranteeClausesMember" use="optional" order="20.0" preferredLabel="http://www.xbrl.org/2003/role/label"/>
    <link:loc xlink:type="locator" xlink:href="../../c-ross_core_2015-12-31.xsd#c-ross_CounterpartyDefaultRiskInfrastructureDebtInvestmentPlansLineItems" xlink:label="CounterpartyDefaultRiskInfrastructureDebtInvestmentPlansLineItems" xlink:title="CounterpartyDefaultRiskInfrastructureDebtInvestmentPlansLineItems"/>
    <link:presentationArc xlink:type="arc" xlink:arcrole="http://www.xbrl.org/2003/arcrole/parent-child" xlink:from="CounterpartyDefaultRiskInfrastructureDebtInvestmentPlansAbstract" xlink:to="CounterpartyDefaultRiskInfrastructureDebtInvestmentPlansLineItems" xlink:title="presentation: CounterpartyDefaultRiskInfrastructureDebtInvestmentPlansAbstract to CounterpartyDefaultRiskInfrastructureDebtInvestmentPlansLineItems" use="optional" order="20.0" preferredLabel="http://www.xbrl.org/2003/role/label"/>
    <link:loc xlink:type="locator" xlink:href="../../c-ross_core_2015-12-31.xsd#c-ross_CounterpartyDefaultRiskInfrastructureDebtInvestmentPlansProductName" xlink:label="CounterpartyDefaultRiskInfrastructureDebtInvestmentPlansName" xlink:title="CounterpartyDefaultRiskInfrastructureDebtInvestmentPlansName"/>
    <link:presentationArc xlink:type="arc" xlink:arcrole="http://www.xbrl.org/2003/arcrole/parent-child" xlink:from="CounterpartyDefaultRiskInfrastructureDebtInvestmentPlansLineItems" xlink:to="CounterpartyDefaultRiskInfrastructureDebtInvestmentPlansName" xlink:title="presentation: CounterpartyDefaultRiskInfrastructureDebtInvestmentPlansLineItems to CounterpartyDefaultRiskInfrastructureDebtInvestmentPlansName" use="optional" order="10.0" preferredLabel="http://www.xbrl.org/2003/role/terseLabel"/>
    <link:loc xlink:type="locator" xlink:href="../../c-ross_core_2015-12-31.xsd#c-ross_CounterpartyDefaultRiskInfrastructureDebtInvestmentPlansCreditRatingsForAssets" xlink:label="CounterpartyDefaultRiskInfrastructureDebtInvestmentPlansCreditRatingsForAssets" xlink:title="CounterpartyDefaultRiskInfrastructureDebtInvestmentPlansCreditRatingsForAssets"/>
    <link:presentationArc xlink:type="arc" xlink:arcrole="http://www.xbrl.org/2003/arcrole/parent-child" xlink:from="CounterpartyDefaultRiskInfrastructureDebtInvestmentPlansLineItems" xlink:to="CounterpartyDefaultRiskInfrastructureDebtInvestmentPlansCreditRatingsForAssets" xlink:title="presentation: CounterpartyDefaultRiskInfrastructureDebtInvestmentPlansLineItems to CounterpartyDefaultRiskInfrastructureDebtInvestmentPlansCreditRatingsForAssets" use="optional" order="20.0" preferredLabel="http://www.xbrl.org/2003/role/terseLabel"/>
    <link:loc xlink:type="locator" xlink:href="../../c-ross_core_2015-12-31.xsd#c-ross_CounterpartyDefaultRiskInfrastructureDebtInvestmentPlansIssuer" xlink:label="CounterpartyDefaultRiskInfrastructureDebtInvestmentPlansIssuer" xlink:title="CounterpartyDefaultRiskInfrastructureDebtInvestmentPlansIssuer"/>
    <link:presentationArc xlink:type="arc" xlink:arcrole="http://www.xbrl.org/2003/arcrole/parent-child" xlink:from="CounterpartyDefaultRiskInfrastructureDebtInvestmentPlansLineItems" xlink:to="CounterpartyDefaultRiskInfrastructureDebtInvestmentPlansIssuer" xlink:title="presentation: CounterpartyDefaultRiskInfrastructureDebtInvestmentPlansLineItems to CounterpartyDefaultRiskInfrastructureDebtInvestmentPlansIssuer" use="optional" order="30.0" preferredLabel="http://www.xbrl.org/2003/role/terseLabel"/>
    <link:loc xlink:type="locator" xlink:href="../../c-ross_core_2015-12-31.xsd#c-ross_CounterpartyDefaultRiskInfrastructureDebtInvestmentPlansAdmittedValue" xlink:label="CounterpartyDefaultRiskInfrastructureDebtInvestmentPlansAdmittedValue" xlink:title="CounterpartyDefaultRiskInfrastructureDebtInvestmentPlansAdmittedValue"/>
    <link:presentationArc xlink:type="arc" xlink:arcrole="http://www.xbrl.org/2003/arcrole/parent-child" xlink:from="CounterpartyDefaultRiskInfrastructureDebtInvestmentPlansLineItems" xlink:to="CounterpartyDefaultRiskInfrastructureDebtInvestmentPlansAdmittedValue" xlink:title="presentation: CounterpartyDefaultRiskInfrastructureDebtInvestmentPlansLineItems to CounterpartyDefaultRiskInfrastructureDebtInvestmentPlansAdmittedValue" use="optional" order="50.0" preferredLabel="http://www.xbrl.org/2003/role/terseLabel"/>
    <link:loc xlink:type="locator" xlink:href="../../c-ross_core_2015-12-31.xsd#c-ross_CounterpartyDefaultRiskInfrastructureDebtInvestmentPlansInterestReceivable" xlink:label="CounterpartyDefaultRiskInfrastructureDebtInvestmentPlansInterestReceivable" xlink:title="CounterpartyDefaultRiskInfrastructureDebtInvestmentPlansInterestReceivable"/>
    <link:presentationArc xlink:type="arc" xlink:arcrole="http://www.xbrl.org/2003/arcrole/parent-child" xlink:from="CounterpartyDefaultRiskInfrastructureDebtInvestmentPlansLineItems" xlink:to="CounterpartyDefaultRiskInfrastructureDebtInvestmentPlansInterestReceivable" xlink:title="presentation: CounterpartyDefaultRiskInfrastructureDebtInvestmentPlansLineItems to CounterpartyDefaultRiskInfrastructureDebtInvestmentPlansInterestReceivable" use="optional" order="60.0" preferredLabel="http://www.xbrl.org/2003/role/terseLabel"/>
    <link:loc xlink:type="locator" xlink:href="../../c-ross_core_2015-12-31.xsd#c-ross_CounterpartyDefaultRiskInfrastructureDebtInvestmentPlansRiskExposure" xlink:label="CounterpartyDefaultRiskInfrastructureDebtInvestmentPlansRiskExposure" xlink:title="CounterpartyDefaultRiskInfrastructureDebtInvestmentPlansRiskExposure"/>
    <link:presentationArc xlink:type="arc" xlink:arcrole="http://www.xbrl.org/2003/arcrole/parent-child" xlink:from="CounterpartyDefaultRiskInfrastructureDebtInvestmentPlansLineItems" xlink:to="CounterpartyDefaultRiskInfrastructureDebtInvestmentPlansRiskExposure" xlink:title="presentation: CounterpartyDefaultRiskInfrastructureDebtInvestmentPlansLineItems to CounterpartyDefaultRiskInfrastructureDebtInvestmentPlansRiskExposure" use="optional" order="70.0" preferredLabel="http://www.xbrl.org/2003/role/terseLabel"/>
    <link:loc xlink:type="locator" xlink:href="../../c-ross_core_2015-12-31.xsd#c-ross_CounterpartyDefaultRiskInfrastructureDebtInvestmentPlansBaseRiskFactor" xlink:label="CounterpartyDefaultRiskInfrastructureDebtInvestmentPlansBaseRiskFactor" xlink:title="CounterpartyDefaultRiskInfrastructureDebtInvestmentPlansBaseRiskFactor"/>
    <link:presentationArc xlink:type="arc" xlink:arcrole="http://www.xbrl.org/2003/arcrole/parent-child" xlink:from="CounterpartyDefaultRiskInfrastructureDebtInvestmentPlansLineItems" xlink:to="CounterpartyDefaultRiskInfrastructureDebtInvestmentPlansBaseRiskFactor" xlink:title="presentation: CounterpartyDefaultRiskInfrastructureDebtInvestmentPlansLineItems to CounterpartyDefaultRiskInfrastructureDebtInvestmentPlansBaseRiskFactor" use="optional" order="80.0" preferredLabel="http://www.xbrl.org/2003/role/terseLabel"/>
    <link:loc xlink:type="locator" xlink:href="../../c-ross_core_2015-12-31.xsd#c-ross_CounterpartyDefaultRiskInfrastructureDebtInvestmentPlansMinimumCapital" xlink:label="CounterpartyDefaultRiskInfrastructureDebtInvestmentPlansMinimumCapital" xlink:title="CounterpartyDefaultRiskInfrastructureDebtInvestmentPlansMinimumCapital"/>
    <link:presentationArc xlink:type="arc" xlink:arcrole="http://www.xbrl.org/2003/arcrole/parent-child" xlink:from="CounterpartyDefaultRiskInfrastructureDebtInvestmentPlansLineItems" xlink:to="CounterpartyDefaultRiskInfrastructureDebtInvestmentPlansMinimumCapital" xlink:title="presentation: CounterpartyDefaultRiskInfrastructureDebtInvestmentPlansLineItems to CounterpartyDefaultRiskInfrastructureDebtInvestmentPlansMinimumCapital" use="optional" order="90.0" preferredLabel="http://www.xbrl.org/2003/role/terseLabel"/>
    <link:loc xlink:type="locator" xlink:href="../../c-ross_core_2015-12-31.xsd#c-ross_CounterpartyDefaultRiskInfrastructureDebtInvestmentPlansFinancingBody" xlink:label="newItem3" xlink:title="newItem3"/>
    <link:presentationArc xlink:type="arc" xlink:arcrole="http://www.xbrl.org/2003/arcrole/parent-child" xlink:from="CounterpartyDefaultRiskInfrastructureDebtInvestmentPlansLineItems" xlink:to="newItem3" xlink:title="presentation: CounterpartyDefaultRiskInfrastructureDebtInvestmentPlansLineItems to newItem3" order="40.0" preferredLabel="http://www.xbrl.org/2003/role/terseLabel"/>
  </link:presentationLink>
  <link:presentationLink xlink:type="extended" xlink:role="http://xbrl.circ.gov.cn/role/c-ross_2015-12-31_role-3171100a">
    <link:loc xlink:type="locator" xlink:href="../../c-ross_core_2015-12-31.xsd#c-ross_CounterpartyDefaultRiskInfrastructureDebtInvestmentPlansTable" xlink:label="CounterpartyDefaultRiskInfrastructureDebtInvestmentPlansTable" xlink:title="CounterpartyDefaultRiskInfrastructureDebtInvestmentPlansTable"/>
    <link:loc xlink:type="locator" xlink:href="../../c-ross_core_2015-12-31.xsd#c-ross_TypesOfInfrastructureInvestmentPlansAxis" xlink:label="TypesOfInfrastructureInvestmentPlansAxis" xlink:title="TypesOfInfrastructureInvestmentPlansAxis"/>
    <link:presentationArc xlink:type="arc" xlink:arcrole="http://www.xbrl.org/2003/arcrole/parent-child" xlink:from="CounterpartyDefaultRiskInfrastructureDebtInvestmentPlansTable" xlink:to="TypesOfInfrastructureInvestmentPlansAxis" xlink:title="presentation: CounterpartyDefaultRiskInfrastructureDebtInvestmentPlansTable to TypesOfInfrastructureInvestmentPlansAxis" use="optional" order="10.0" preferredLabel="http://www.xbrl.org/2003/role/label"/>
    <link:loc xlink:type="locator" xlink:href="../../c-ross_core_2015-12-31.xsd#c-ross_TypesOfInfrastructureInvestmentPlansMember" xlink:label="TypesOfInfrastructureInvestmentPlansMember" xlink:title="TypesOfInfrastructureInvestmentPlansMember"/>
    <link:presentationArc xlink:type="arc" xlink:arcrole="http://www.xbrl.org/2003/arcrole/parent-child" xlink:from="TypesOfInfrastructureInvestmentPlansAxis" xlink:to="TypesOfInfrastructureInvestmentPlansMember" xlink:title="presentation: TypesOfInfrastructureInvestmentPlansAxis to TypesOfInfrastructureInvestmentPlansMember" use="optional" order="10.0" preferredLabel="http://www.xbrl.org/2003/role/label"/>
    <link:loc xlink:type="locator" xlink:href="../../c-ross_core_2015-12-31.xsd#c-ross_InfrastructureDebtInvestmentPlansMember" xlink:label="InfrastructureDebtInvestmentPlansMember" xlink:title="InfrastructureDebtInvestmentPlansMember"/>
    <link:presentationArc xlink:type="arc" xlink:arcrole="http://www.xbrl.org/2003/arcrole/parent-child" xlink:from="TypesOfInfrastructureInvestmentPlansMember" xlink:to="InfrastructureDebtInvestmentPlansMember" xlink:title="presentation: TypesOfInfrastructureInvestmentPlansMember to InfrastructureDebtInvestmentPlansMember" use="optional" order="10.0" preferredLabel="http://www.xbrl.org/2003/role/label"/>
    <link:loc xlink:type="locator" xlink:href="../../c-ross_core_2015-12-31.xsd#c-ross_CounterpartyDefaultRiskInfrastructureDebtInvestmentPlansLineNumberAxis" xlink:label="CounterpartyDefaultRiskInfrastructureDebtInvestmentPlansLineNumberAxis" xlink:title="CounterpartyDefaultRiskInfrastructureDebtInvestmentPlansLineNumberAxis"/>
    <link:presentationArc xlink:type="arc" xlink:arcrole="http://www.xbrl.org/2003/arcrole/parent-child" xlink:from="CounterpartyDefaultRiskInfrastructureDebtInvestmentPlansTable" xlink:to="CounterpartyDefaultRiskInfrastructureDebtInvestmentPlansLineNumberAxis" xlink:title="presentation: CounterpartyDefaultRiskInfrastructureDebtInvestmentPlansTable to CounterpartyDefaultRiskInfrastructureDebtInvestmentPlansLineNumberAxis" use="optional" order="20.0" preferredLabel="http://www.xbrl.org/2003/role/terseLabel"/>
    <link:loc xlink:type="locator" xlink:href="../../c-ross_core_2015-12-31.xsd#c-ross_CounterpartyDefaultRiskInfrastructureDebtInvestmentPlansLineItems" xlink:label="CounterpartyDefaultRiskInfrastructureDebtInvestmentPlansLineItems" xlink:title="CounterpartyDefaultRiskInfrastructureDebtInvestmentPlansLineItems"/>
    <link:loc xlink:type="locator" xlink:href="../../c-ross_core_2015-12-31.xsd#c-ross_CounterpartyDefaultRiskInfrastructureDebtInvestmentPlansProductName" xlink:label="CounterpartyDefaultRiskInfrastructureDebtInvestmentPlansName" xlink:title="CounterpartyDefaultRiskInfrastructureDebtInvestmentPlansName"/>
    <link:presentationArc xlink:type="arc" xlink:arcrole="http://www.xbrl.org/2003/arcrole/parent-child" xlink:from="CounterpartyDefaultRiskInfrastructureDebtInvestmentPlansLineItems" xlink:to="CounterpartyDefaultRiskInfrastructureDebtInvestmentPlansName" xlink:title="presentation: CounterpartyDefaultRiskInfrastructureDebtInvestmentPlansLineItems to CounterpartyDefaultRiskInfrastructureDebtInvestmentPlansName" use="optional" order="10.0" preferredLabel="http://www.xbrl.org/2003/role/terseLabel"/>
    <link:loc xlink:type="locator" xlink:href="../../c-ross_core_2015-12-31.xsd#c-ross_CounterpartyDefaultRiskInfrastructureDebtInvestmentPlansCreditRatingsForAssets" xlink:label="CounterpartyDefaultRiskInfrastructureDebtInvestmentPlansCreditRatingsForAssets" xlink:title="CounterpartyDefaultRiskInfrastructureDebtInvestmentPlansCreditRatingsForAssets"/>
    <link:presentationArc xlink:type="arc" xlink:arcrole="http://www.xbrl.org/2003/arcrole/parent-child" xlink:from="CounterpartyDefaultRiskInfrastructureDebtInvestmentPlansLineItems" xlink:to="CounterpartyDefaultRiskInfrastructureDebtInvestmentPlansCreditRatingsForAssets" xlink:title="presentation: CounterpartyDefaultRiskInfrastructureDebtInvestmentPlansLineItems to CounterpartyDefaultRiskInfrastructureDebtInvestmentPlansCreditRatingsForAssets" use="optional" order="20.0" preferredLabel="http://www.xbrl.org/2003/role/terseLabel"/>
    <link:loc xlink:type="locator" xlink:href="../../c-ross_core_2015-12-31.xsd#c-ross_CounterpartyDefaultRiskInfrastructureDebtInvestmentPlansIssuer" xlink:label="CounterpartyDefaultRiskInfrastructureDebtInvestmentPlansIssuer" xlink:title="CounterpartyDefaultRiskInfrastructureDebtInvestmentPlansIssuer"/>
    <link:presentationArc xlink:type="arc" xlink:arcrole="http://www.xbrl.org/2003/arcrole/parent-child" xlink:from="CounterpartyDefaultRiskInfrastructureDebtInvestmentPlansLineItems" xlink:to="CounterpartyDefaultRiskInfrastructureDebtInvestmentPlansIssuer" xlink:title="presentation: CounterpartyDefaultRiskInfrastructureDebtInvestmentPlansLineItems to CounterpartyDefaultRiskInfrastructureDebtInvestmentPlansIssuer" use="optional" order="30.0" preferredLabel="http://www.xbrl.org/2003/role/terseLabel"/>
    <link:loc xlink:type="locator" xlink:href="../../c-ross_core_2015-12-31.xsd#c-ross_CounterpartyDefaultRiskInfrastructureDebtInvestmentPlansAdmittedValue" xlink:label="CounterpartyDefaultRiskInfrastructureDebtInvestmentPlansAdmittedValue" xlink:title="CounterpartyDefaultRiskInfrastructureDebtInvestmentPlansAdmittedValue"/>
    <link:presentationArc xlink:type="arc" xlink:arcrole="http://www.xbrl.org/2003/arcrole/parent-child" xlink:from="CounterpartyDefaultRiskInfrastructureDebtInvestmentPlansLineItems" xlink:to="CounterpartyDefaultRiskInfrastructureDebtInvestmentPlansAdmittedValue" xlink:title="presentation: CounterpartyDefaultRiskInfrastructureDebtInvestmentPlansLineItems to CounterpartyDefaultRiskInfrastructureDebtInvestmentPlansAdmittedValue" use="optional" order="50.0" preferredLabel="http://www.xbrl.org/2003/role/terseLabel"/>
    <link:loc xlink:type="locator" xlink:href="../../c-ross_core_2015-12-31.xsd#c-ross_CounterpartyDefaultRiskInfrastructureDebtInvestmentPlansInterestReceivable" xlink:label="CounterpartyDefaultRiskInfrastructureDebtInvestmentPlansInterestReceivable" xlink:title="CounterpartyDefaultRiskInfrastructureDebtInvestmentPlansInterestReceivable"/>
    <link:presentationArc xlink:type="arc" xlink:arcrole="http://www.xbrl.org/2003/arcrole/parent-child" xlink:from="CounterpartyDefaultRiskInfrastructureDebtInvestmentPlansLineItems" xlink:to="CounterpartyDefaultRiskInfrastructureDebtInvestmentPlansInterestReceivable" xlink:title="presentation: CounterpartyDefaultRiskInfrastructureDebtInvestmentPlansLineItems to CounterpartyDefaultRiskInfrastructureDebtInvestmentPlansInterestReceivable" use="optional" order="60.0" preferredLabel="http://www.xbrl.org/2003/role/terseLabel"/>
    <link:loc xlink:type="locator" xlink:href="../../c-ross_core_2015-12-31.xsd#c-ross_CounterpartyDefaultRiskInfrastructureDebtInvestmentPlansRiskExposure" xlink:label="CounterpartyDefaultRiskInfrastructureDebtInvestmentPlansRiskExposure" xlink:title="CounterpartyDefaultRiskInfrastructureDebtInvestmentPlansRiskExposure"/>
    <link:presentationArc xlink:type="arc" xlink:arcrole="http://www.xbrl.org/2003/arcrole/parent-child" xlink:from="CounterpartyDefaultRiskInfrastructureDebtInvestmentPlansLineItems" xlink:to="CounterpartyDefaultRiskInfrastructureDebtInvestmentPlansRiskExposure" xlink:title="presentation: CounterpartyDefaultRiskInfrastructureDebtInvestmentPlansLineItems to CounterpartyDefaultRiskInfrastructureDebtInvestmentPlansRiskExposure" use="optional" order="70.0" preferredLabel="http://www.xbrl.org/2003/role/terseLabel"/>
    <link:loc xlink:type="locator" xlink:href="../../c-ross_core_2015-12-31.xsd#c-ross_CounterpartyDefaultRiskInfrastructureDebtInvestmentPlansBaseRiskFactor" xlink:label="CounterpartyDefaultRiskInfrastructureDebtInvestmentPlansBaseRiskFactor" xlink:title="CounterpartyDefaultRiskInfrastructureDebtInvestmentPlansBaseRiskFactor"/>
    <link:presentationArc xlink:type="arc" xlink:arcrole="http://www.xbrl.org/2003/arcrole/parent-child" xlink:from="CounterpartyDefaultRiskInfrastructureDebtInvestmentPlansLineItems" xlink:to="CounterpartyDefaultRiskInfrastructureDebtInvestmentPlansBaseRiskFactor" xlink:title="presentation: CounterpartyDefaultRiskInfrastructureDebtInvestmentPlansLineItems to CounterpartyDefaultRiskInfrastructureDebtInvestmentPlansBaseRiskFactor" use="optional" order="80.0" preferredLabel="http://www.xbrl.org/2003/role/terseLabel"/>
    <link:loc xlink:type="locator" xlink:href="../../c-ross_core_2015-12-31.xsd#c-ross_CounterpartyDefaultRiskInfrastructureDebtInvestmentPlansMinimumCapital" xlink:label="CounterpartyDefaultRiskInfrastructureDebtInvestmentPlansMinimumCapital" xlink:title="CounterpartyDefaultRiskInfrastructureDebtInvestmentPlansMinimumCapital"/>
    <link:presentationArc xlink:type="arc" xlink:arcrole="http://www.xbrl.org/2003/arcrole/parent-child" xlink:from="CounterpartyDefaultRiskInfrastructureDebtInvestmentPlansLineItems" xlink:to="CounterpartyDefaultRiskInfrastructureDebtInvestmentPlansMinimumCapital" xlink:title="presentation: CounterpartyDefaultRiskInfrastructureDebtInvestmentPlansLineItems to CounterpartyDefaultRiskInfrastructureDebtInvestmentPlansMinimumCapital" use="optional" order="90.0" preferredLabel="http://www.xbrl.org/2003/role/terseLabel"/>
    <link:loc xlink:type="locator" xlink:href="../../c-ross_core_2015-12-31.xsd#c-ross_CounterpartyDefaultRiskInfrastructureDebtInvestmentPlansFinancingBody" xlink:label="CounterpartyDefaultRiskInfrastructureDebtInvestmentPlansFinancingBody" xlink:title="newItem3"/>
    <link:presentationArc xlink:type="arc" xlink:arcrole="http://www.xbrl.org/2003/arcrole/parent-child" xlink:from="CounterpartyDefaultRiskInfrastructureDebtInvestmentPlansLineItems" xlink:to="CounterpartyDefaultRiskInfrastructureDebtInvestmentPlansFinancingBody" xlink:title="presentation: CounterpartyDefaultRiskInfrastructureDebtInvestmentPlansLineItems to CounterpartyDefaultRiskInfrastructureDebtInvestmentPlansFinancingBody" order="40.0" preferredLabel="http://www.xbrl.org/2003/role/terseLabel"/>
    <link:loc xlink:type="locator" xlink:href="../../c-ross_core_2015-12-31.xsd#c-ross_CounterpartyDefaultRiskInfrastructureDebtInvestmentPlansDetailsAbstract" xlink:label="CounterpartyDefaultRiskInfrastructureDebtInvestmentPlansDetailsAbstract" xlink:title="CounterpartyDefaultRiskInfrastructureDebtInvestmentPlansDetailsAbstract"/>
    <link:presentationArc xlink:type="arc" xlink:arcrole="http://www.xbrl.org/2003/arcrole/parent-child" xlink:from="CounterpartyDefaultRiskInfrastructureDebtInvestmentPlansDetailsAbstract" xlink:to="CounterpartyDefaultRiskInfrastructureDebtInvestmentPlansTable" xlink:title="presentation: CounterpartyDefaultRiskInfrastructureDebtInvestmentPlansDetailsAbstract to CounterpartyDefaultRiskInfrastructureDebtInvestmentPlansTable" use="optional" order="10.0" preferredLabel="http://www.xbrl.org/2003/role/label"/>
    <link:presentationArc xlink:type="arc" xlink:arcrole="http://www.xbrl.org/2003/arcrole/parent-child" xlink:from="CounterpartyDefaultRiskInfrastructureDebtInvestmentPlansDetailsAbstract" xlink:to="CounterpartyDefaultRiskInfrastructureDebtInvestmentPlansLineItems" xlink:title="presentation: CounterpartyDefaultRiskInfrastructureDebtInvestmentPlansDetailsAbstract to CounterpartyDefaultRiskInfrastructureDebtInvestmentPlansLineItems" use="optional" order="20.0" preferredLabel="http://www.xbrl.org/2003/role/label"/>
  </link:presentationLink>
  <link:presentationLink xlink:type="extended" xlink:role="http://xbrl.circ.gov.cn/role/c-ross_2015-12-31_role-3171100b">
    <link:loc xlink:type="locator" xlink:href="../../c-ross_core_2015-12-31.xsd#c-ross_CounterpartyDefaultRiskInfrastructureDebtInvestmentPlansTable" xlink:label="CounterpartyDefaultRiskInfrastructureDebtInvestmentPlansTable" xlink:title="CounterpartyDefaultRiskInfrastructureDebtInvestmentPlansTable"/>
    <link:loc xlink:type="locator" xlink:href="../../c-ross_core_2015-12-31.xsd#c-ross_TypesOfInfrastructureInvestmentPlansAxis" xlink:label="TypesOfInfrastructureInvestmentPlansAxis" xlink:title="TypesOfInfrastructureInvestmentPlansAxis"/>
    <link:presentationArc xlink:type="arc" xlink:arcrole="http://www.xbrl.org/2003/arcrole/parent-child" xlink:from="CounterpartyDefaultRiskInfrastructureDebtInvestmentPlansTable" xlink:to="TypesOfInfrastructureInvestmentPlansAxis" xlink:title="presentation: CounterpartyDefaultRiskInfrastructureDebtInvestmentPlansTable to TypesOfInfrastructureInvestmentPlansAxis" use="optional" order="10.0" preferredLabel="http://www.xbrl.org/2003/role/label"/>
    <link:loc xlink:type="locator" xlink:href="../../c-ross_core_2015-12-31.xsd#c-ross_TypesOfInfrastructureInvestmentPlansMember" xlink:label="TypesOfInfrastructureInvestmentPlansMember" xlink:title="TypesOfInfrastructureInvestmentPlansMember"/>
    <link:presentationArc xlink:type="arc" xlink:arcrole="http://www.xbrl.org/2003/arcrole/parent-child" xlink:from="TypesOfInfrastructureInvestmentPlansAxis" xlink:to="TypesOfInfrastructureInvestmentPlansMember" xlink:title="presentation: TypesOfInfrastructureInvestmentPlansAxis to TypesOfInfrastructureInvestmentPlansMember" use="optional" order="10.0" preferredLabel="http://www.xbrl.org/2003/role/label"/>
    <link:loc xlink:type="locator" xlink:href="../../c-ross_core_2015-12-31.xsd#c-ross_InfrastructureEquityInvestmentPlansWithGuaranteeClausesMember" xlink:label="InfrastructureEquityInvestmentPlansWithGuaranteeClausesMember" xlink:title="InfrastructureEquityInvestmentPlansWithGuaranteeClausesMember"/>
    <link:presentationArc xlink:type="arc" xlink:arcrole="http://www.xbrl.org/2003/arcrole/parent-child" xlink:from="TypesOfInfrastructureInvestmentPlansMember" xlink:to="InfrastructureEquityInvestmentPlansWithGuaranteeClausesMember" xlink:title="presentation: TypesOfInfrastructureInvestmentPlansMember to InfrastructureEquityInvestmentPlansWithGuaranteeClausesMember" use="optional" order="10.0" preferredLabel="http://www.xbrl.org/2003/role/label"/>
    <link:loc xlink:type="locator" xlink:href="../../c-ross_core_2015-12-31.xsd#c-ross_CounterpartyDefaultRiskInfrastructureEquityInvestmentPlansWithGuaranteeClausesLineNumberAxis" xlink:label="CounterpartyDefaultRiskInfrastructureEquityInvestmentPlansWithGuaranteeClausesLineNumberAxis" xlink:title="CounterpartyDefaultRiskInfrastructureEquityInvestmentPlansWithGuaranteeClausesLineNumberAxis"/>
    <link:presentationArc xlink:type="arc" xlink:arcrole="http://www.xbrl.org/2003/arcrole/parent-child" xlink:from="CounterpartyDefaultRiskInfrastructureDebtInvestmentPlansTable" xlink:to="CounterpartyDefaultRiskInfrastructureEquityInvestmentPlansWithGuaranteeClausesLineNumberAxis" xlink:title="presentation: CounterpartyDefaultRiskInfrastructureDebtInvestmentPlansTable to CounterpartyDefaultRiskInfrastructureEquityInvestmentPlansWithGuaranteeClausesLineNumberAxis" use="optional" order="20.0" preferredLabel="http://www.xbrl.org/2003/role/terseLabel"/>
    <link:loc xlink:type="locator" xlink:href="../../c-ross_core_2015-12-31.xsd#c-ross_CounterpartyDefaultRiskInfrastructureDebtInvestmentPlansLineItems" xlink:label="CounterpartyDefaultRiskInfrastructureDebtInvestmentPlansLineItems" xlink:title="CounterpartyDefaultRiskInfrastructureDebtInvestmentPlansLineItems"/>
    <link:loc xlink:type="locator" xlink:href="../../c-ross_core_2015-12-31.xsd#c-ross_CounterpartyDefaultRiskInfrastructureDebtInvestmentPlansProductName" xlink:label="CounterpartyDefaultRiskInfrastructureDebtInvestmentPlansName" xlink:title="CounterpartyDefaultRiskInfrastructureDebtInvestmentPlansName"/>
    <link:presentationArc xlink:type="arc" xlink:arcrole="http://www.xbrl.org/2003/arcrole/parent-child" xlink:from="CounterpartyDefaultRiskInfrastructureDebtInvestmentPlansLineItems" xlink:to="CounterpartyDefaultRiskInfrastructureDebtInvestmentPlansName" xlink:title="presentation: CounterpartyDefaultRiskInfrastructureDebtInvestmentPlansLineItems to CounterpartyDefaultRiskInfrastructureDebtInvestmentPlansName" use="optional" order="10.0" preferredLabel="http://www.xbrl.org/2003/role/terseLabel"/>
    <link:loc xlink:type="locator" xlink:href="../../c-ross_core_2015-12-31.xsd#c-ross_CounterpartyDefaultRiskInfrastructureDebtInvestmentPlansCreditRatingsForAssets" xlink:label="CounterpartyDefaultRiskInfrastructureDebtInvestmentPlansCreditRatingsForAssets" xlink:title="CounterpartyDefaultRiskInfrastructureDebtInvestmentPlansCreditRatingsForAssets"/>
    <link:presentationArc xlink:type="arc" xlink:arcrole="http://www.xbrl.org/2003/arcrole/parent-child" xlink:from="CounterpartyDefaultRiskInfrastructureDebtInvestmentPlansLineItems" xlink:to="CounterpartyDefaultRiskInfrastructureDebtInvestmentPlansCreditRatingsForAssets" xlink:title="presentation: CounterpartyDefaultRiskInfrastructureDebtInvestmentPlansLineItems to CounterpartyDefaultRiskInfrastructureDebtInvestmentPlansCreditRatingsForAssets" use="optional" order="20.0" preferredLabel="http://www.xbrl.org/2003/role/terseLabel"/>
    <link:loc xlink:type="locator" xlink:href="../../c-ross_core_2015-12-31.xsd#c-ross_CounterpartyDefaultRiskInfrastructureDebtInvestmentPlansIssuer" xlink:label="CounterpartyDefaultRiskInfrastructureDebtInvestmentPlansIssuer" xlink:title="CounterpartyDefaultRiskInfrastructureDebtInvestmentPlansIssuer"/>
    <link:presentationArc xlink:type="arc" xlink:arcrole="http://www.xbrl.org/2003/arcrole/parent-child" xlink:from="CounterpartyDefaultRiskInfrastructureDebtInvestmentPlansLineItems" xlink:to="CounterpartyDefaultRiskInfrastructureDebtInvestmentPlansIssuer" xlink:title="presentation: CounterpartyDefaultRiskInfrastructureDebtInvestmentPlansLineItems to CounterpartyDefaultRiskInfrastructureDebtInvestmentPlansIssuer" use="optional" order="30.0" preferredLabel="http://www.xbrl.org/2003/role/terseLabel"/>
    <link:loc xlink:type="locator" xlink:href="../../c-ross_core_2015-12-31.xsd#c-ross_CounterpartyDefaultRiskInfrastructureDebtInvestmentPlansAdmittedValue" xlink:label="CounterpartyDefaultRiskInfrastructureDebtInvestmentPlansAdmittedValue" xlink:title="CounterpartyDefaultRiskInfrastructureDebtInvestmentPlansAdmittedValue"/>
    <link:presentationArc xlink:type="arc" xlink:arcrole="http://www.xbrl.org/2003/arcrole/parent-child" xlink:from="CounterpartyDefaultRiskInfrastructureDebtInvestmentPlansLineItems" xlink:to="CounterpartyDefaultRiskInfrastructureDebtInvestmentPlansAdmittedValue" xlink:title="presentation: CounterpartyDefaultRiskInfrastructureDebtInvestmentPlansLineItems to CounterpartyDefaultRiskInfrastructureDebtInvestmentPlansAdmittedValue" use="optional" order="50.0" preferredLabel="http://www.xbrl.org/2003/role/terseLabel"/>
    <link:loc xlink:type="locator" xlink:href="../../c-ross_core_2015-12-31.xsd#c-ross_CounterpartyDefaultRiskInfrastructureDebtInvestmentPlansInterestReceivable" xlink:label="CounterpartyDefaultRiskInfrastructureDebtInvestmentPlansInterestReceivable" xlink:title="CounterpartyDefaultRiskInfrastructureDebtInvestmentPlansInterestReceivable"/>
    <link:presentationArc xlink:type="arc" xlink:arcrole="http://www.xbrl.org/2003/arcrole/parent-child" xlink:from="CounterpartyDefaultRiskInfrastructureDebtInvestmentPlansLineItems" xlink:to="CounterpartyDefaultRiskInfrastructureDebtInvestmentPlansInterestReceivable" xlink:title="presentation: CounterpartyDefaultRiskInfrastructureDebtInvestmentPlansLineItems to CounterpartyDefaultRiskInfrastructureDebtInvestmentPlansInterestReceivable" use="optional" order="60.0" preferredLabel="http://www.xbrl.org/2003/role/terseLabel"/>
    <link:loc xlink:type="locator" xlink:href="../../c-ross_core_2015-12-31.xsd#c-ross_CounterpartyDefaultRiskInfrastructureDebtInvestmentPlansRiskExposure" xlink:label="CounterpartyDefaultRiskInfrastructureDebtInvestmentPlansRiskExposure" xlink:title="CounterpartyDefaultRiskInfrastructureDebtInvestmentPlansRiskExposure"/>
    <link:presentationArc xlink:type="arc" xlink:arcrole="http://www.xbrl.org/2003/arcrole/parent-child" xlink:from="CounterpartyDefaultRiskInfrastructureDebtInvestmentPlansLineItems" xlink:to="CounterpartyDefaultRiskInfrastructureDebtInvestmentPlansRiskExposure" xlink:title="presentation: CounterpartyDefaultRiskInfrastructureDebtInvestmentPlansLineItems to CounterpartyDefaultRiskInfrastructureDebtInvestmentPlansRiskExposure" use="optional" order="70.0" preferredLabel="http://www.xbrl.org/2003/role/terseLabel"/>
    <link:loc xlink:type="locator" xlink:href="../../c-ross_core_2015-12-31.xsd#c-ross_CounterpartyDefaultRiskInfrastructureDebtInvestmentPlansBaseRiskFactor" xlink:label="CounterpartyDefaultRiskInfrastructureDebtInvestmentPlansBaseRiskFactor" xlink:title="CounterpartyDefaultRiskInfrastructureDebtInvestmentPlansBaseRiskFactor"/>
    <link:presentationArc xlink:type="arc" xlink:arcrole="http://www.xbrl.org/2003/arcrole/parent-child" xlink:from="CounterpartyDefaultRiskInfrastructureDebtInvestmentPlansLineItems" xlink:to="CounterpartyDefaultRiskInfrastructureDebtInvestmentPlansBaseRiskFactor" xlink:title="presentation: CounterpartyDefaultRiskInfrastructureDebtInvestmentPlansLineItems to CounterpartyDefaultRiskInfrastructureDebtInvestmentPlansBaseRiskFactor" use="optional" order="80.0" preferredLabel="http://www.xbrl.org/2003/role/terseLabel"/>
    <link:loc xlink:type="locator" xlink:href="../../c-ross_core_2015-12-31.xsd#c-ross_CounterpartyDefaultRiskInfrastructureDebtInvestmentPlansMinimumCapital" xlink:label="CounterpartyDefaultRiskInfrastructureDebtInvestmentPlansMinimumCapital" xlink:title="CounterpartyDefaultRiskInfrastructureDebtInvestmentPlansMinimumCapital"/>
    <link:presentationArc xlink:type="arc" xlink:arcrole="http://www.xbrl.org/2003/arcrole/parent-child" xlink:from="CounterpartyDefaultRiskInfrastructureDebtInvestmentPlansLineItems" xlink:to="CounterpartyDefaultRiskInfrastructureDebtInvestmentPlansMinimumCapital" xlink:title="presentation: CounterpartyDefaultRiskInfrastructureDebtInvestmentPlansLineItems to CounterpartyDefaultRiskInfrastructureDebtInvestmentPlansMinimumCapital" use="optional" order="90.0" preferredLabel="http://www.xbrl.org/2003/role/terseLabel"/>
    <link:loc xlink:type="locator" xlink:href="../../c-ross_core_2015-12-31.xsd#c-ross_CounterpartyDefaultRiskInfrastructureDebtInvestmentPlansFinancingBody" xlink:label="CounterpartyDefaultRiskInfrastructureDebtInvestmentPlansFinancingBody" xlink:title="newItem3"/>
    <link:presentationArc xlink:type="arc" xlink:arcrole="http://www.xbrl.org/2003/arcrole/parent-child" xlink:from="CounterpartyDefaultRiskInfrastructureDebtInvestmentPlansLineItems" xlink:to="CounterpartyDefaultRiskInfrastructureDebtInvestmentPlansFinancingBody" xlink:title="presentation: CounterpartyDefaultRiskInfrastructureDebtInvestmentPlansLineItems to CounterpartyDefaultRiskInfrastructureDebtInvestmentPlansFinancingBody" order="40.0" preferredLabel="http://www.xbrl.org/2003/role/terseLabel"/>
    <link:loc xlink:type="locator" xlink:href="../../c-ross_core_2015-12-31.xsd#c-ross_CounterpartyDefaultRiskInfrastructureEquityInvestmentPlansWithGuaranteeClausesAbstract" xlink:label="CounterpartyDefaultRiskInfrastructureEquityInvestmentPlansWithGuaranteeClausesAbstract" xlink:title="CounterpartyDefaultRiskInfrastructureEquityInvestmentPlansWithGuaranteeClausesAbstract"/>
    <link:presentationArc xlink:type="arc" xlink:arcrole="http://www.xbrl.org/2003/arcrole/parent-child" xlink:from="CounterpartyDefaultRiskInfrastructureEquityInvestmentPlansWithGuaranteeClausesAbstract" xlink:to="CounterpartyDefaultRiskInfrastructureDebtInvestmentPlansTable" xlink:title="presentation: CounterpartyDefaultRiskInfrastructureEquityInvestmentPlansWithGuaranteeClausesAbstract to CounterpartyDefaultRiskInfrastructureDebtInvestmentPlansTable" use="optional" order="10.0" preferredLabel="http://www.xbrl.org/2003/role/label"/>
    <link:presentationArc xlink:type="arc" xlink:arcrole="http://www.xbrl.org/2003/arcrole/parent-child" xlink:from="CounterpartyDefaultRiskInfrastructureEquityInvestmentPlansWithGuaranteeClausesAbstract" xlink:to="CounterpartyDefaultRiskInfrastructureDebtInvestmentPlansLineItems" xlink:title="presentation: CounterpartyDefaultRiskInfrastructureEquityInvestmentPlansWithGuaranteeClausesAbstract to CounterpartyDefaultRiskInfrastructureDebtInvestmentPlansLineItems" use="optional" order="20.0" preferredLabel="http://www.xbrl.org/2003/role/label"/>
  </link:presentationLink>
</link:linkbase>
