<?xml version="1.0" encoding="UTF-8"?>

<!--
	Taxonomy: 2015-12-31 (Final)
	**********************
	Copyright © 2015 China Insurance Regulatory Commission.
	All rights reserved.  No part of this publication may be translated, reprinted or reproduced
	or utilised in any form either in whole or in part without prior permission in writing from China Insurance Regulatory Commission.
	  **********************
	-->
<link:linkbase xmlns:xsi="http://www.w3.org/2001/XMLSchema-instance" xsi:schemaLocation="http://www.xbrl.org/2003/linkbase http://www.xbrl.org/2003/xbrl-linkbase-2003-12-31.xsd" xmlns:c-ross="http://xbrl.circ.gov.cn/taxonomy/2015-12-31/c-ross" xmlns:link="http://www.xbrl.org/2003/linkbase" xmlns:q_s_pc_entry_point="http://xbrl.circ.gov.cn/taxonomy/2015-12-31/c-ross/q_s_pc_entry_point" xmlns:xlink="http://www.w3.org/1999/xlink" xmlns:xbrli="http://www.xbrl.org/2003/instance">
  <link:roleRef roleURI="http://www.xbrl.org/2009/role/netLabel" xlink:type="simple" xlink:href="http://www.xbrl.org/lrr/role/net-2009-12-16.xsd#netLabel"/>
  <link:roleRef roleURI="http://xbrl.circ.gov.cn/role/c-ross_2015-12-31_role-3172000" xlink:type="simple" xlink:href="rol_c-ross_8_2015-12-31.xsd#c-ross_2015-12-31-3172000"/>
  <link:presentationLink xlink:type="extended" xlink:role="http://xbrl.circ.gov.cn/role/c-ross_2015-12-31_role-3172000">
    <link:loc xlink:type="locator" xlink:href="../../c-ross_core_2015-12-31.xsd#c-ross_CounterpartyDefaultRiskDebtGuaranteeAbstract" xlink:label="CounterpartyDefaultRiskDebtGuaranteeAbstract" xlink:title="CounterpartyDefaultRiskDebtGuaranteeAbstract"/>
    <link:loc xlink:type="locator" xlink:href="../../c-ross_core_2015-12-31.xsd#c-ross_CounterpartyDefaultRiskDebtGuaranteeTable" xlink:label="CounterpartyDefaultRiskDebtGuaranteeTable" xlink:title="CounterpartyDefaultRiskDebtGuaranteeTable"/>
    <link:presentationArc xlink:type="arc" xlink:arcrole="http://www.xbrl.org/2003/arcrole/parent-child" xlink:from="CounterpartyDefaultRiskDebtGuaranteeAbstract" xlink:to="CounterpartyDefaultRiskDebtGuaranteeTable" xlink:title="presentation: CounterpartyDefaultRiskDebtGuaranteeAbstract to CounterpartyDefaultRiskDebtGuaranteeTable" order="10.0" preferredLabel="http://www.xbrl.org/2003/role/label"/>
    <link:loc xlink:type="locator" xlink:href="../../c-ross_core_2015-12-31.xsd#c-ross_DebtGuaranteeTopTenCounterpartiesAndOthersAxis" xlink:label="newItem15" xlink:title="newItem15"/>
    <link:presentationArc xlink:type="arc" xlink:arcrole="http://www.xbrl.org/2003/arcrole/parent-child" xlink:from="CounterpartyDefaultRiskDebtGuaranteeTable" xlink:to="newItem15" xlink:title="presentation: CounterpartyDefaultRiskDebtGuaranteeTable to newItem15" order="10.0" preferredLabel="http://www.xbrl.org/2003/role/label"/>
    <link:loc xlink:type="locator" xlink:href="../../c-ross_core_2015-12-31.xsd#c-ross_DebtGuaranteeTopTenCounterpartiesAndOthersMember" xlink:label="newItem16" xlink:title="newItem16"/>
    <link:presentationArc xlink:type="arc" xlink:arcrole="http://www.xbrl.org/2003/arcrole/parent-child" xlink:from="newItem15" xlink:to="newItem16" xlink:title="presentation: newItem15 to newItem16" order="10.0" preferredLabel="http://www.xbrl.org/2003/role/label"/>
    <link:loc xlink:type="locator" xlink:href="../../c-ross_core_2015-12-31.xsd#c-ross_CounterpartyOneMember" xlink:label="newItem3" xlink:title="newItem3"/>
    <link:presentationArc xlink:type="arc" xlink:arcrole="http://www.xbrl.org/2003/arcrole/parent-child" xlink:from="newItem16" xlink:to="newItem3" xlink:title="presentation: newItem16 to newItem3" order="10.0" preferredLabel="http://www.xbrl.org/2003/role/label"/>
    <link:loc xlink:type="locator" xlink:href="../../c-ross_core_2015-12-31.xsd#c-ross_CounterpartyTwoMember" xlink:label="newItem6" xlink:title="newItem6"/>
    <link:presentationArc xlink:type="arc" xlink:arcrole="http://www.xbrl.org/2003/arcrole/parent-child" xlink:from="newItem16" xlink:to="newItem6" xlink:title="presentation: newItem16 to newItem6" order="20.0" preferredLabel="http://www.xbrl.org/2003/role/label"/>
    <link:loc xlink:type="locator" xlink:href="../../c-ross_core_2015-12-31.xsd#c-ross_CounterpartyThreeMember" xlink:label="newItem7" xlink:title="newItem7"/>
    <link:presentationArc xlink:type="arc" xlink:arcrole="http://www.xbrl.org/2003/arcrole/parent-child" xlink:from="newItem16" xlink:to="newItem7" xlink:title="presentation: newItem16 to newItem7" order="30.0" preferredLabel="http://www.xbrl.org/2003/role/label"/>
    <link:loc xlink:type="locator" xlink:href="../../c-ross_core_2015-12-31.xsd#c-ross_CounterpartyFourMember" xlink:label="newItem8" xlink:title="newItem8"/>
    <link:presentationArc xlink:type="arc" xlink:arcrole="http://www.xbrl.org/2003/arcrole/parent-child" xlink:from="newItem16" xlink:to="newItem8" xlink:title="presentation: newItem16 to newItem8" order="40.0" preferredLabel="http://www.xbrl.org/2003/role/label"/>
    <link:loc xlink:type="locator" xlink:href="../../c-ross_core_2015-12-31.xsd#c-ross_CounterpartyFiveMember" xlink:label="newItem9" xlink:title="newItem9"/>
    <link:presentationArc xlink:type="arc" xlink:arcrole="http://www.xbrl.org/2003/arcrole/parent-child" xlink:from="newItem16" xlink:to="newItem9" xlink:title="presentation: newItem16 to newItem9" order="50.0" preferredLabel="http://www.xbrl.org/2003/role/label"/>
    <link:loc xlink:type="locator" xlink:href="../../c-ross_core_2015-12-31.xsd#c-ross_CounterpartySixMember" xlink:label="newItem10" xlink:title="newItem10"/>
    <link:presentationArc xlink:type="arc" xlink:arcrole="http://www.xbrl.org/2003/arcrole/parent-child" xlink:from="newItem16" xlink:to="newItem10" xlink:title="presentation: newItem16 to newItem10" order="60.0" preferredLabel="http://www.xbrl.org/2003/role/label"/>
    <link:loc xlink:type="locator" xlink:href="../../c-ross_core_2015-12-31.xsd#c-ross_CounterpartySevenMember" xlink:label="newItem11" xlink:title="newItem11"/>
    <link:presentationArc xlink:type="arc" xlink:arcrole="http://www.xbrl.org/2003/arcrole/parent-child" xlink:from="newItem16" xlink:to="newItem11" xlink:title="presentation: newItem16 to newItem11" order="70.0" preferredLabel="http://www.xbrl.org/2003/role/label"/>
    <link:loc xlink:type="locator" xlink:href="../../c-ross_core_2015-12-31.xsd#c-ross_CounterpartyEightMember" xlink:label="newItem12" xlink:title="newItem12"/>
    <link:presentationArc xlink:type="arc" xlink:arcrole="http://www.xbrl.org/2003/arcrole/parent-child" xlink:from="newItem16" xlink:to="newItem12" xlink:title="presentation: newItem16 to newItem12" order="80.0" preferredLabel="http://www.xbrl.org/2003/role/label"/>
    <link:loc xlink:type="locator" xlink:href="../../c-ross_core_2015-12-31.xsd#c-ross_CounterpartyNineMember" xlink:label="newItem5" xlink:title="newItem5"/>
    <link:presentationArc xlink:type="arc" xlink:arcrole="http://www.xbrl.org/2003/arcrole/parent-child" xlink:from="newItem16" xlink:to="newItem5" xlink:title="presentation: newItem16 to newItem5" order="90.0" preferredLabel="http://www.xbrl.org/2003/role/label"/>
    <link:loc xlink:type="locator" xlink:href="../../c-ross_core_2015-12-31.xsd#c-ross_CounterpartyTenMember" xlink:label="newItem13" xlink:title="newItem13"/>
    <link:presentationArc xlink:type="arc" xlink:arcrole="http://www.xbrl.org/2003/arcrole/parent-child" xlink:from="newItem16" xlink:to="newItem13" xlink:title="presentation: newItem16 to newItem13" order="100.0" preferredLabel="http://www.xbrl.org/2003/role/label"/>
    <link:loc xlink:type="locator" xlink:href="../../c-ross_core_2015-12-31.xsd#c-ross_OtherCounterpartiesMember" xlink:label="newItem14" xlink:title="newItem14"/>
    <link:presentationArc xlink:type="arc" xlink:arcrole="http://www.xbrl.org/2003/arcrole/parent-child" xlink:from="newItem16" xlink:to="newItem14" xlink:title="presentation: newItem16 to newItem14" order="110.0" preferredLabel="http://www.xbrl.org/2003/role/label"/>
    <link:loc xlink:type="locator" xlink:href="../../c-ross_core_2015-12-31.xsd#c-ross_CounterpartyDefaultRiskDebtGuaranteeLineItems" xlink:label="CounterpartyDefaultRiskDebtGuaranteeLineItems" xlink:title="CounterpartyDefaultRiskDebtGuaranteeLineItems"/>
    <link:presentationArc xlink:type="arc" xlink:arcrole="http://www.xbrl.org/2003/arcrole/parent-child" xlink:from="CounterpartyDefaultRiskDebtGuaranteeAbstract" xlink:to="CounterpartyDefaultRiskDebtGuaranteeLineItems" xlink:title="presentation: CounterpartyDefaultRiskDebtGuaranteeAbstract to CounterpartyDefaultRiskDebtGuaranteeLineItems" use="optional" order="20.0" preferredLabel="http://www.xbrl.org/2003/role/label"/>
    <link:loc xlink:type="locator" xlink:href="../../c-ross_core_2015-12-31.xsd#c-ross_CounterpartyDefaultRiskDebtGuaranteeGuaranteedPartyName" xlink:label="CounterpartyDefaultRiskDebtGuaranteeGuaranteedParty" xlink:title="CounterpartyDefaultRiskDebtGuaranteeGuaranteedParty"/>
    <link:presentationArc xlink:type="arc" xlink:arcrole="http://www.xbrl.org/2003/arcrole/parent-child" xlink:from="CounterpartyDefaultRiskDebtGuaranteeLineItems" xlink:to="CounterpartyDefaultRiskDebtGuaranteeGuaranteedParty" xlink:title="presentation: CounterpartyDefaultRiskDebtGuaranteeLineItems to CounterpartyDefaultRiskDebtGuaranteeGuaranteedParty" use="optional" order="10.0" preferredLabel="http://www.xbrl.org/2003/role/terseLabel"/>
    <link:loc xlink:type="locator" xlink:href="../../c-ross_core_2015-12-31.xsd#c-ross_CounterpartyDefaultRiskDebtGuaranteeAmountOfGuarantee" xlink:label="CounterpartyDefaultRiskDebtGuaranteeAmountOfGuarantee" xlink:title="CounterpartyDefaultRiskDebtGuaranteeAmountOfGuarantee"/>
    <link:presentationArc xlink:type="arc" xlink:arcrole="http://www.xbrl.org/2003/arcrole/parent-child" xlink:from="CounterpartyDefaultRiskDebtGuaranteeLineItems" xlink:to="CounterpartyDefaultRiskDebtGuaranteeAmountOfGuarantee" xlink:title="presentation: CounterpartyDefaultRiskDebtGuaranteeLineItems to CounterpartyDefaultRiskDebtGuaranteeAmountOfGuarantee" use="optional" order="20.0" preferredLabel="http://www.xbrl.org/2003/role/terseLabel"/>
    <link:loc xlink:type="locator" xlink:href="../../c-ross_core_2015-12-31.xsd#c-ross_CounterpartyDefaultRiskDebtGuaranteeRiskExposure" xlink:label="CounterpartyDefaultRiskDebtGuaranteeRiskExposure" xlink:title="CounterpartyDefaultRiskDebtGuaranteeRiskExposure"/>
    <link:presentationArc xlink:type="arc" xlink:arcrole="http://www.xbrl.org/2003/arcrole/parent-child" xlink:from="CounterpartyDefaultRiskDebtGuaranteeLineItems" xlink:to="CounterpartyDefaultRiskDebtGuaranteeRiskExposure" xlink:title="presentation: CounterpartyDefaultRiskDebtGuaranteeLineItems to CounterpartyDefaultRiskDebtGuaranteeRiskExposure" use="optional" order="30.0" preferredLabel="http://www.xbrl.org/2003/role/terseLabel"/>
    <link:loc xlink:type="locator" xlink:href="../../c-ross_core_2015-12-31.xsd#c-ross_CounterpartyDefaultRiskDebtGuaranteeBaseRiskFactor" xlink:label="CounterpartyDefaultRiskDebtGuaranteeBaseRiskFactor" xlink:title="CounterpartyDefaultRiskDebtGuaranteeBaseRiskFactor"/>
    <link:presentationArc xlink:type="arc" xlink:arcrole="http://www.xbrl.org/2003/arcrole/parent-child" xlink:from="CounterpartyDefaultRiskDebtGuaranteeLineItems" xlink:to="CounterpartyDefaultRiskDebtGuaranteeBaseRiskFactor" xlink:title="presentation: CounterpartyDefaultRiskDebtGuaranteeLineItems to CounterpartyDefaultRiskDebtGuaranteeBaseRiskFactor" use="optional" order="40.0" preferredLabel="http://www.xbrl.org/2003/role/terseLabel"/>
    <link:loc xlink:type="locator" xlink:href="../../c-ross_core_2015-12-31.xsd#c-ross_CounterpartyDefaultRiskDebtGuaranteeMinimumCapital" xlink:label="CounterpartyDefaultRiskDebtGuaranteeMinimumCapital" xlink:title="CounterpartyDefaultRiskDebtGuaranteeMinimumCapital"/>
    <link:presentationArc xlink:type="arc" xlink:arcrole="http://www.xbrl.org/2003/arcrole/parent-child" xlink:from="CounterpartyDefaultRiskDebtGuaranteeLineItems" xlink:to="CounterpartyDefaultRiskDebtGuaranteeMinimumCapital" xlink:title="presentation: CounterpartyDefaultRiskDebtGuaranteeLineItems to CounterpartyDefaultRiskDebtGuaranteeMinimumCapital" use="optional" order="50.0" preferredLabel="http://www.xbrl.org/2003/role/terseLabel"/>
  </link:presentationLink>
</link:linkbase>
