<?xml version="1.0" encoding="UTF-8"?>

<!--
	Taxonomy: 2015-12-31 (Final)
	**********************
	Copyright © 2015 China Insurance Regulatory Commission.
	All rights reserved.  No part of this publication may be translated, reprinted or reproduced
	or utilised in any form either in whole or in part without prior permission in writing from China Insurance Regulatory Commission.
	  **********************
	-->
<link:linkbase xmlns:xsi="http://www.w3.org/2001/XMLSchema-instance" xsi:schemaLocation="http://www.xbrl.org/2003/linkbase http://www.xbrl.org/2003/xbrl-linkbase-2003-12-31.xsd" xmlns:c-ross="http://xbrl.circ.gov.cn/taxonomy/2015-12-31/c-ross" xmlns:link="http://www.xbrl.org/2003/linkbase" xmlns:xlink="http://www.w3.org/1999/xlink" xmlns:xbrli="http://www.xbrl.org/2003/instance">
  <link:roleRef roleURI="http://www.xbrl.org/2009/role/netLabel" xlink:type="simple" xlink:href="http://www.xbrl.org/lrr/role/net-2009-12-16.xsd#netLabel"/>
  <link:roleRef roleURI="http://xbrl.circ.gov.cn/role/c-ross_2015-12-31_role-3150502" xlink:type="simple" xlink:href="rol_c-ross_5_2015-12-31.xsd#c-ross_2015-12-31-3150502"/>
  <link:presentationLink xlink:type="extended" xlink:role="http://xbrl.circ.gov.cn/role/c-ross_2015-12-31_role-3150502">
    <link:loc xlink:type="locator" xlink:href="../../c-ross_core_2015-12-31.xsd#c-ross_InsuranceRiskOfLifeInsuranceBusinessMinimumCapitalForIncidenceRisk" xlink:label="InsuranceRiskOfLifeInsuranceBusinessMinimumCapitalForIncidenceRisk" xlink:title="InsuranceRiskOfLifeInsuranceBusinessMinimumCapitalForIncidenceRisk"/>
    <link:loc xlink:type="locator" xlink:href="../../c-ross_core_2015-12-31.xsd#c-ross_InsuranceRiskOfLifeInsuranceBusinessMinimumCapitalForIncidenceRiskMortalityRisk" xlink:label="InsuranceRiskOfLifeInsuranceBusinessMinimumCapitalForIncidenceRiskMortalityRisk" xlink:title="InsuranceRiskOfLifeInsuranceBusinessMinimumCapitalForIncidenceRiskMortalityRisk"/>
    <link:presentationArc xlink:type="arc" xlink:arcrole="http://www.xbrl.org/2003/arcrole/parent-child" xlink:from="InsuranceRiskOfLifeInsuranceBusinessMinimumCapitalForIncidenceRisk" xlink:to="InsuranceRiskOfLifeInsuranceBusinessMinimumCapitalForIncidenceRiskMortalityRisk" xlink:title="presentation: InsuranceRiskOfLifeInsuranceBusinessMinimumCapitalForIncidenceRisk to InsuranceRiskOfLifeInsuranceBusinessMinimumCapitalForIncidenceRiskMortalityRisk" use="optional" order="10.0" preferredLabel="http://www.xbrl.org/2003/role/terseLabel"/>
    <link:loc xlink:type="locator" xlink:href="../../c-ross_core_2015-12-31.xsd#c-ross_InsuranceRiskOfLifeInsuranceBusinessMinimumCapitalForIncidenceRiskDeathCatastropheRisk" xlink:label="InsuranceRiskOfLifeInsuranceBusinessMinimumCapitalForIncidenceRiskDeathCatastropheRisk" xlink:title="InsuranceRiskOfLifeInsuranceBusinessMinimumCapitalForIncidenceRiskDeathCatastropheRisk"/>
    <link:presentationArc xlink:type="arc" xlink:arcrole="http://www.xbrl.org/2003/arcrole/parent-child" xlink:from="InsuranceRiskOfLifeInsuranceBusinessMinimumCapitalForIncidenceRisk" xlink:to="InsuranceRiskOfLifeInsuranceBusinessMinimumCapitalForIncidenceRiskDeathCatastropheRisk" xlink:title="presentation: InsuranceRiskOfLifeInsuranceBusinessMinimumCapitalForIncidenceRisk to InsuranceRiskOfLifeInsuranceBusinessMinimumCapitalForIncidenceRiskDeathCatastropheRisk" use="optional" order="20.0" preferredLabel="http://www.xbrl.org/2003/role/terseLabel"/>
    <link:loc xlink:type="locator" xlink:href="../../c-ross_core_2015-12-31.xsd#c-ross_InsuranceRiskOfLifeInsuranceBusinessMinimumCapitalForIncidenceRiskLongevityRisk" xlink:label="InsuranceRiskOfLifeInsuranceBusinessMinimumCapitalForIncidenceRiskLongevityRisk" xlink:title="InsuranceRiskOfLifeInsuranceBusinessMinimumCapitalForIncidenceRiskLongevityRisk"/>
    <link:presentationArc xlink:type="arc" xlink:arcrole="http://www.xbrl.org/2003/arcrole/parent-child" xlink:from="InsuranceRiskOfLifeInsuranceBusinessMinimumCapitalForIncidenceRisk" xlink:to="InsuranceRiskOfLifeInsuranceBusinessMinimumCapitalForIncidenceRiskLongevityRisk" xlink:title="presentation: InsuranceRiskOfLifeInsuranceBusinessMinimumCapitalForIncidenceRisk to InsuranceRiskOfLifeInsuranceBusinessMinimumCapitalForIncidenceRiskLongevityRisk" use="optional" order="30.0" preferredLabel="http://www.xbrl.org/2003/role/terseLabel"/>
    <link:loc xlink:type="locator" xlink:href="../../c-ross_core_2015-12-31.xsd#c-ross_InsuranceRiskOfLifeInsuranceBusinessMinimumCapitalForIncidenceRiskMorbidityRisk" xlink:label="InsuranceRiskOfLifeInsuranceBusinessMinimumCapitalForIncidenceRiskMorbidityRisk" xlink:title="InsuranceRiskOfLifeInsuranceBusinessMinimumCapitalForIncidenceRiskMorbidityRisk"/>
    <link:presentationArc xlink:type="arc" xlink:arcrole="http://www.xbrl.org/2003/arcrole/parent-child" xlink:from="InsuranceRiskOfLifeInsuranceBusinessMinimumCapitalForIncidenceRisk" xlink:to="InsuranceRiskOfLifeInsuranceBusinessMinimumCapitalForIncidenceRiskMorbidityRisk" xlink:title="presentation: InsuranceRiskOfLifeInsuranceBusinessMinimumCapitalForIncidenceRisk to InsuranceRiskOfLifeInsuranceBusinessMinimumCapitalForIncidenceRiskMorbidityRisk" use="optional" order="40.0" preferredLabel="http://www.xbrl.org/2003/role/terseLabel"/>
    <link:loc xlink:type="locator" xlink:href="../../c-ross_core_2015-12-31.xsd#c-ross_InsuranceRiskOfLifeInsuranceBusinessMinimumCapitalForIncidenceRiskMedicalAndHealthLossIncidenceRisk" xlink:label="InsuranceRiskOfLifeInsuranceBusinessMinimumCapitalForIncidenceRiskMedicalAndHealthLossIncidenceRisk" xlink:title="InsuranceRiskOfLifeInsuranceBusinessMinimumCapitalForIncidenceRiskMedicalAndHealthLossIncidenceRisk"/>
    <link:presentationArc xlink:type="arc" xlink:arcrole="http://www.xbrl.org/2003/arcrole/parent-child" xlink:from="InsuranceRiskOfLifeInsuranceBusinessMinimumCapitalForIncidenceRisk" xlink:to="InsuranceRiskOfLifeInsuranceBusinessMinimumCapitalForIncidenceRiskMedicalAndHealthLossIncidenceRisk" xlink:title="presentation: InsuranceRiskOfLifeInsuranceBusinessMinimumCapitalForIncidenceRisk to InsuranceRiskOfLifeInsuranceBusinessMinimumCapitalForIncidenceRiskMedicalAndHealthLossIncidenceRisk" use="optional" order="50.0" preferredLabel="http://www.xbrl.org/2003/role/terseLabel"/>
    <link:loc xlink:type="locator" xlink:href="../../c-ross_core_2015-12-31.xsd#c-ross_InsuranceRiskOfLifeInsuranceBusinessMinimumCapitalForIncidenceRiskOtherIncidenceRisk" xlink:label="InsuranceRiskOfLifeInsuranceBusinessMinimumCapitalForIncidenceRiskOtherIncidenceRisk" xlink:title="InsuranceRiskOfLifeInsuranceBusinessMinimumCapitalForIncidenceRiskOtherIncidenceRisk"/>
    <link:presentationArc xlink:type="arc" xlink:arcrole="http://www.xbrl.org/2003/arcrole/parent-child" xlink:from="InsuranceRiskOfLifeInsuranceBusinessMinimumCapitalForIncidenceRisk" xlink:to="InsuranceRiskOfLifeInsuranceBusinessMinimumCapitalForIncidenceRiskOtherIncidenceRisk" xlink:title="presentation: InsuranceRiskOfLifeInsuranceBusinessMinimumCapitalForIncidenceRisk to InsuranceRiskOfLifeInsuranceBusinessMinimumCapitalForIncidenceRiskOtherIncidenceRisk" use="optional" order="60.0" preferredLabel="http://www.xbrl.org/2003/role/terseLabel"/>
    <link:loc xlink:type="locator" xlink:href="../../c-ross_core_2015-12-31.xsd#c-ross_InsuranceRiskOfLifeInsuranceBusinessMinimumCapitalForIncidenceRiskRiskDiversificationEffect" xlink:label="InsuranceRiskOfLifeInsuranceBusinessMinimumCapitalForIncidenceRiskRiskDiversificationEffect" xlink:title="InsuranceRiskOfLifeInsuranceBusinessMinimumCapitalForIncidenceRiskRiskDiversificationEffect"/>
    <link:presentationArc xlink:type="arc" xlink:arcrole="http://www.xbrl.org/2003/arcrole/parent-child" xlink:from="InsuranceRiskOfLifeInsuranceBusinessMinimumCapitalForIncidenceRisk" xlink:to="InsuranceRiskOfLifeInsuranceBusinessMinimumCapitalForIncidenceRiskRiskDiversificationEffect" xlink:title="presentation: InsuranceRiskOfLifeInsuranceBusinessMinimumCapitalForIncidenceRisk to InsuranceRiskOfLifeInsuranceBusinessMinimumCapitalForIncidenceRiskRiskDiversificationEffect" use="optional" order="70.0" preferredLabel="http://www.xbrl.org/2003/role/terseLabel"/>
    <link:loc xlink:type="locator" xlink:href="../../c-ross_core_2015-12-31.xsd#c-ross_InsuranceRiskOfLifeInsuranceBusinessMinimumCapitalForSurrenderRisk" xlink:label="InsuranceRiskOfLifeInsuranceBusinessMinimumCapitalForSurrenderRisk" xlink:title="InsuranceRiskOfLifeInsuranceBusinessMinimumCapitalForSurrenderRisk"/>
    <link:loc xlink:type="locator" xlink:href="../../c-ross_core_2015-12-31.xsd#c-ross_InsuranceRiskOfLifeInsuranceBusinessMinimumCapitalForSurrenderRiskMassLapseRisk" xlink:label="InsuranceRiskOfLifeInsuranceBusinessMinimumCapitalForSurrenderRiskMassLapseRisk" xlink:title="InsuranceRiskOfLifeInsuranceBusinessMinimumCapitalForSurrenderRiskMassLapseRisk"/>
    <link:presentationArc xlink:type="arc" xlink:arcrole="http://www.xbrl.org/2003/arcrole/parent-child" xlink:from="InsuranceRiskOfLifeInsuranceBusinessMinimumCapitalForSurrenderRisk" xlink:to="InsuranceRiskOfLifeInsuranceBusinessMinimumCapitalForSurrenderRiskMassLapseRisk" xlink:title="presentation: InsuranceRiskOfLifeInsuranceBusinessMinimumCapitalForSurrenderRisk to InsuranceRiskOfLifeInsuranceBusinessMinimumCapitalForSurrenderRiskMassLapseRisk" order="20.0" preferredLabel="http://www.xbrl.org/2003/role/terseLabel"/>
    <link:loc xlink:type="locator" xlink:href="../../c-ross_core_2015-12-31.xsd#c-ross_InsuranceRiskOfLifeInsuranceBusinessMinimumCapitalForSurrenderRiskSurrenderRateRisk" xlink:label="InsuranceRiskOfLifeInsuranceBusinessMinimumCapitalForSurrenderRiskSurrenderRateRisk" xlink:title="InsuranceRiskOfLifeInsuranceBusinessMinimumCapitalForSurrenderRiskSurrenderRateRisk"/>
    <link:presentationArc xlink:type="arc" xlink:arcrole="http://www.xbrl.org/2003/arcrole/parent-child" xlink:from="InsuranceRiskOfLifeInsuranceBusinessMinimumCapitalForSurrenderRisk" xlink:to="InsuranceRiskOfLifeInsuranceBusinessMinimumCapitalForSurrenderRiskSurrenderRateRisk" xlink:title="presentation: InsuranceRiskOfLifeInsuranceBusinessMinimumCapitalForSurrenderRisk to InsuranceRiskOfLifeInsuranceBusinessMinimumCapitalForSurrenderRiskSurrenderRateRisk" order="10.0" preferredLabel="http://www.xbrl.org/2003/role/terseLabel"/>
    <link:loc xlink:type="locator" xlink:href="../../c-ross_core_2015-12-31.xsd#c-ross_InsuranceRiskOfLifeInsuranceBusinessAbstract" xlink:label="InsuranceRiskOfLifeInsuranceBusinessOfInsuranceAndReinsuranceCompanyAbstract" xlink:title="InsuranceRiskOfLifeInsuranceBusinessOfInsuranceAndReinsuranceCompanyAbstract"/>
    <link:loc xlink:type="locator" xlink:href="../../c-ross_core_2015-12-31.xsd#c-ross_MinimumCapitalForInsuranceRiskOfLifeInsuranceBusiness" xlink:label="MinimumCapitalForInsuranceRiskOfLifeInsuranceBusiness" xlink:title="MinimumCapitalForInsuranceRiskOfLifeInsuranceBusiness"/>
    <link:presentationArc xlink:type="arc" xlink:arcrole="http://www.xbrl.org/2003/arcrole/parent-child" xlink:from="InsuranceRiskOfLifeInsuranceBusinessOfInsuranceAndReinsuranceCompanyAbstract" xlink:to="MinimumCapitalForInsuranceRiskOfLifeInsuranceBusiness" xlink:title="presentation: InsuranceRiskOfLifeInsuranceBusinessOfInsuranceAndReinsuranceCompanyAbstract to MinimumCapitalForInsuranceRiskOfLifeInsuranceBusiness" use="optional" order="50.0" preferredLabel="http://www.xbrl.org/2003/role/totalLabel"/>
    <link:presentationArc xlink:type="arc" xlink:arcrole="http://www.xbrl.org/2003/arcrole/parent-child" xlink:from="InsuranceRiskOfLifeInsuranceBusinessOfInsuranceAndReinsuranceCompanyAbstract" xlink:to="InsuranceRiskOfLifeInsuranceBusinessMinimumCapitalForSurrenderRisk" xlink:title="presentation: InsuranceRiskOfLifeInsuranceBusinessOfInsuranceAndReinsuranceCompanyAbstract to InsuranceRiskOfLifeInsuranceBusinessMinimumCapitalForSurrenderRisk" order="20.0" preferredLabel="http://www.xbrl.org/2003/role/terseLabel"/>
    <link:loc xlink:type="locator" xlink:href="../../c-ross_core_2015-12-31.xsd#c-ross_InsuranceRiskOfLifeInsuranceBusinessMinimumCapitalForExpenseRisk" xlink:label="InsuranceRiskOfLifeInsuranceBusinessMinimumCapitalForExpenseRisk" xlink:title="InsuranceRiskOfLifeInsuranceBusinessMinimumCapitalForExpenseRisk"/>
    <link:presentationArc xlink:type="arc" xlink:arcrole="http://www.xbrl.org/2003/arcrole/parent-child" xlink:from="InsuranceRiskOfLifeInsuranceBusinessOfInsuranceAndReinsuranceCompanyAbstract" xlink:to="InsuranceRiskOfLifeInsuranceBusinessMinimumCapitalForExpenseRisk" xlink:title="presentation: InsuranceRiskOfLifeInsuranceBusinessOfInsuranceAndReinsuranceCompanyAbstract to InsuranceRiskOfLifeInsuranceBusinessMinimumCapitalForExpenseRisk" order="30.0" preferredLabel="http://www.xbrl.org/2003/role/terseLabel"/>
    <link:presentationArc xlink:type="arc" xlink:arcrole="http://www.xbrl.org/2003/arcrole/parent-child" xlink:from="InsuranceRiskOfLifeInsuranceBusinessOfInsuranceAndReinsuranceCompanyAbstract" xlink:to="InsuranceRiskOfLifeInsuranceBusinessMinimumCapitalForIncidenceRisk" xlink:title="presentation: InsuranceRiskOfLifeInsuranceBusinessOfInsuranceAndReinsuranceCompanyAbstract to InsuranceRiskOfLifeInsuranceBusinessMinimumCapitalForIncidenceRisk" order="10.0" preferredLabel="http://www.xbrl.org/2003/role/terseLabel"/>
    <link:loc xlink:type="locator" xlink:href="../../c-ross_core_2015-12-31.xsd#c-ross_InsuranceRiskOfLifeInsuranceBusinessRiskDiversificationEffect" xlink:label="InsuranceRiskOfLifeInsuranceBusinessRiskDiversificationEffect" xlink:title="InsuranceRiskOfLifeInsuranceBusinessRiskDiversificationEffect"/>
    <link:presentationArc xlink:type="arc" xlink:arcrole="http://www.xbrl.org/2003/arcrole/parent-child" xlink:from="InsuranceRiskOfLifeInsuranceBusinessOfInsuranceAndReinsuranceCompanyAbstract" xlink:to="InsuranceRiskOfLifeInsuranceBusinessRiskDiversificationEffect" xlink:title="presentation: InsuranceRiskOfLifeInsuranceBusinessOfInsuranceAndReinsuranceCompanyAbstract to InsuranceRiskOfLifeInsuranceBusinessRiskDiversificationEffect" use="optional" order="40.0" preferredLabel="http://www.xbrl.org/2003/role/terseLabel"/>
  </link:presentationLink>
</link:linkbase>
