<?xml version="1.0" encoding="UTF-8"?>

<!--
	Taxonomy: 2015-12-31 (Final)
	**********************
	Copyright © 2015 China Insurance Regulatory Commission.
	All rights reserved.  No part of this publication may be translated, reprinted or reproduced
	or utilised in any form either in whole or in part without prior permission in writing from China Insurance Regulatory Commission.
	  **********************
	-->
<link:linkbase xmlns:xsi="http://www.w3.org/2001/XMLSchema-instance" xsi:schemaLocation="http://www.xbrl.org/2003/linkbase http://www.xbrl.org/2003/xbrl-linkbase-2003-12-31.xsd" xmlns:c-ross="http://xbrl.circ.gov.cn/taxonomy/2015-12-31/c-ross" xmlns:link="http://www.xbrl.org/2003/linkbase" xmlns:q_s_pc_entry_point="http://xbrl.circ.gov.cn/taxonomy/2015-12-31/c-ross/q_s_pc_entry_point" xmlns:xlink="http://www.w3.org/1999/xlink" xmlns:xbrli="http://www.xbrl.org/2003/instance">
  <link:roleRef roleURI="http://xbrl.circ.gov.cn/role/c-ross_2015-12-31_role-3180121" xlink:type="simple" xlink:href="rol_c-ross_12_2015-12-31.xsd#c-ross_2015-12-31-3180121"/>
  <link:calculationLink xlink:type="extended" xlink:role="http://xbrl.circ.gov.cn/role/c-ross_2015-12-31_role-3180121">
    <link:loc xlink:type="locator" xlink:href="../../c-ross_core_2015-12-31.xsd#c-ross_LiquidityRiskProjectOnCashFlowsNetCashFlows" xlink:label="LiquidityRiskProjectOnCashFlowsNetCashFlows" xlink:title="LiquidityRiskProjectOnCashFlowsNetCashFlows"/>
    <link:loc xlink:type="locator" xlink:href="../../c-ross_core_2015-12-31.xsd#c-ross_LiquidityRiskProjectOnCashFlowsNetCashFlowsFromOperatingActivities" xlink:label="LiquidityRiskProjectOnCashFlowsNetCashFlowsFromOperatingActivities" xlink:title="LiquidityRiskProjectOnCashFlowsNetCashFlowsFromOperatingActivities"/>
    <link:calculationArc xlink:type="arc" xlink:arcrole="http://www.xbrl.org/2003/arcrole/summation-item" xlink:from="LiquidityRiskProjectOnCashFlowsNetCashFlows" xlink:to="LiquidityRiskProjectOnCashFlowsNetCashFlowsFromOperatingActivities" xlink:title="calculation: LiquidityRiskProjectOnCashFlowsNetCashFlows to LiquidityRiskProjectOnCashFlowsNetCashFlowsFromOperatingActivities" use="optional" order="10.0" weight="1.0"/>
    <link:loc xlink:type="locator" xlink:href="../../c-ross_core_2015-12-31.xsd#c-ross_LiquidityRiskProjectOnCashFlowsCashFlowsFromOperatingActivities" xlink:label="LiquidityRiskProjectOnCashFlowsCashFlowsFromOperatingActivities" xlink:title="LiquidityRiskProjectOnCashFlowsCashFlowsFromOperatingActivities"/>
    <link:calculationArc xlink:type="arc" xlink:arcrole="http://www.xbrl.org/2003/arcrole/summation-item" xlink:from="LiquidityRiskProjectOnCashFlowsNetCashFlowsFromOperatingActivities" xlink:to="LiquidityRiskProjectOnCashFlowsCashFlowsFromOperatingActivities" xlink:title="calculation: LiquidityRiskProjectOnCashFlowsNetCashFlowsFromOperatingActivities to LiquidityRiskProjectOnCashFlowsCashFlowsFromOperatingActivities" use="optional" order="10.0" weight="1.0"/>
    <link:loc xlink:type="locator" xlink:href="../../c-ross_core_2015-12-31.xsd#c-ross_LiquidityRiskProjectOnCashFlowsCashReceivedFromInsurancePremium" xlink:label="LiquidityRiskProjectOnCashFlowsCashReceivedFromInsurancePremium" xlink:title="LiquidityRiskProjectOnCashFlowsCashReceivedFromInsurancePremium"/>
    <link:calculationArc xlink:type="arc" xlink:arcrole="http://www.xbrl.org/2003/arcrole/summation-item" xlink:from="LiquidityRiskProjectOnCashFlowsCashFlowsFromOperatingActivities" xlink:to="LiquidityRiskProjectOnCashFlowsCashReceivedFromInsurancePremium" xlink:title="calculation: LiquidityRiskProjectOnCashFlowsCashFlowsFromOperatingActivities to LiquidityRiskProjectOnCashFlowsCashReceivedFromInsurancePremium" use="optional" order="10.0" weight="1.0"/>
    <link:loc xlink:type="locator" xlink:href="../../c-ross_core_2015-12-31.xsd#c-ross_LiquidityRiskProjectOnCashFlowsNetCashReceivedFromReinsuranceBusiness" xlink:label="LiquidityRiskProjectOnCashFlowsNetCashReceivedFromReinsuranceBusiness" xlink:title="LiquidityRiskProjectOnCashFlowsNetCashReceivedFromReinsuranceBusiness"/>
    <link:calculationArc xlink:type="arc" xlink:arcrole="http://www.xbrl.org/2003/arcrole/summation-item" xlink:from="LiquidityRiskProjectOnCashFlowsCashFlowsFromOperatingActivities" xlink:to="LiquidityRiskProjectOnCashFlowsNetCashReceivedFromReinsuranceBusiness" xlink:title="calculation: LiquidityRiskProjectOnCashFlowsCashFlowsFromOperatingActivities to LiquidityRiskProjectOnCashFlowsNetCashReceivedFromReinsuranceBusiness" use="optional" order="20.0" weight="1.0"/>
    <link:loc xlink:type="locator" xlink:href="../../c-ross_core_2015-12-31.xsd#c-ross_LiquidityRiskProjectOnCashFlowsNetIncreaseInDepositsAndInvestmentsOfPolicyholders" xlink:label="LiquidityRiskProjectOnCashFlowsNetIncreaseInDepositsAndInvestmentsOfPolicyholders" xlink:title="LiquidityRiskProjectOnCashFlowsNetIncreaseInDepositsAndInvestmentsOfPolicyholders"/>
    <link:calculationArc xlink:type="arc" xlink:arcrole="http://www.xbrl.org/2003/arcrole/summation-item" xlink:from="LiquidityRiskProjectOnCashFlowsCashFlowsFromOperatingActivities" xlink:to="LiquidityRiskProjectOnCashFlowsNetIncreaseInDepositsAndInvestmentsOfPolicyholders" xlink:title="calculation: LiquidityRiskProjectOnCashFlowsCashFlowsFromOperatingActivities to LiquidityRiskProjectOnCashFlowsNetIncreaseInDepositsAndInvestmentsOfPolicyholders" use="optional" order="30.0" weight="1.0"/>
    <link:loc xlink:type="locator" xlink:href="../../c-ross_core_2015-12-31.xsd#c-ross_LiquidityRiskProjectOnCashFlowsOtherCashInflowsRelatingToOperatingActivities" xlink:label="LiquidityRiskProjectOnCashFlowsOtherCashInflowsRelatingToOperatingActivities" xlink:title="LiquidityRiskProjectOnCashFlowsOtherCashInflowsRelatingToOperatingActivities"/>
    <link:calculationArc xlink:type="arc" xlink:arcrole="http://www.xbrl.org/2003/arcrole/summation-item" xlink:from="LiquidityRiskProjectOnCashFlowsCashFlowsFromOperatingActivities" xlink:to="LiquidityRiskProjectOnCashFlowsOtherCashInflowsRelatingToOperatingActivities" xlink:title="calculation: LiquidityRiskProjectOnCashFlowsCashFlowsFromOperatingActivities to LiquidityRiskProjectOnCashFlowsOtherCashInflowsRelatingToOperatingActivities" use="optional" order="40.0" weight="1.0"/>
    <link:loc xlink:type="locator" xlink:href="../../c-ross_core_2015-12-31.xsd#c-ross_LiquidityRiskProjectOnCashFlowsCashOutflowsFromOperatingActivities" xlink:label="LiquidityRiskProjectOnCashFlowsCashOutflowsFromOperatingActivities" xlink:title="LiquidityRiskProjectOnCashFlowsCashOutflowsFromOperatingActivities"/>
    <link:calculationArc xlink:type="arc" xlink:arcrole="http://www.xbrl.org/2003/arcrole/summation-item" xlink:from="LiquidityRiskProjectOnCashFlowsNetCashFlowsFromOperatingActivities" xlink:to="LiquidityRiskProjectOnCashFlowsCashOutflowsFromOperatingActivities" xlink:title="calculation: LiquidityRiskProjectOnCashFlowsNetCashFlowsFromOperatingActivities to LiquidityRiskProjectOnCashFlowsCashOutflowsFromOperatingActivities" use="optional" order="20.0" weight="-1.0"/>
    <link:loc xlink:type="locator" xlink:href="../../c-ross_core_2015-12-31.xsd#c-ross_LiquidityRiskProjectOnCashFlowsCashPaymentOfBenefits" xlink:label="LiquidityRiskProjectOnCashFlowsCashPaymentOfBenefits" xlink:title="LiquidityRiskProjectOnCashFlowsCashPaymentOfBenefits"/>
    <link:calculationArc xlink:type="arc" xlink:arcrole="http://www.xbrl.org/2003/arcrole/summation-item" xlink:from="LiquidityRiskProjectOnCashFlowsCashOutflowsFromOperatingActivities" xlink:to="LiquidityRiskProjectOnCashFlowsCashPaymentOfBenefits" xlink:title="calculation: LiquidityRiskProjectOnCashFlowsCashOutflowsFromOperatingActivities to LiquidityRiskProjectOnCashFlowsCashPaymentOfBenefits" use="optional" order="10.0" weight="1.0"/>
    <link:loc xlink:type="locator" xlink:href="../../c-ross_core_2015-12-31.xsd#c-ross_LiquidityRiskProjectOnCashFlowsCommissionsPaid" xlink:label="LiquidityRiskProjectOnCashFlowsCommissionsPaid" xlink:title="LiquidityRiskProjectOnCashFlowsCommissionsPaid"/>
    <link:calculationArc xlink:type="arc" xlink:arcrole="http://www.xbrl.org/2003/arcrole/summation-item" xlink:from="LiquidityRiskProjectOnCashFlowsCashOutflowsFromOperatingActivities" xlink:to="LiquidityRiskProjectOnCashFlowsCommissionsPaid" xlink:title="calculation: LiquidityRiskProjectOnCashFlowsCashOutflowsFromOperatingActivities to LiquidityRiskProjectOnCashFlowsCommissionsPaid" use="optional" order="20.0" weight="1.0"/>
    <link:loc xlink:type="locator" xlink:href="../../c-ross_core_2015-12-31.xsd#c-ross_LiquidityRiskProjectOnCashFlowsCashPaidToAndOnBehalfOfEmployees" xlink:label="LiquidityRiskProjectOnCashFlowsCashPaidToAndOnBehalfOfEmployees" xlink:title="LiquidityRiskProjectOnCashFlowsCashPaidToAndOnBehalfOfEmployees"/>
    <link:calculationArc xlink:type="arc" xlink:arcrole="http://www.xbrl.org/2003/arcrole/summation-item" xlink:from="LiquidityRiskProjectOnCashFlowsCashOutflowsFromOperatingActivities" xlink:to="LiquidityRiskProjectOnCashFlowsCashPaidToAndOnBehalfOfEmployees" xlink:title="calculation: LiquidityRiskProjectOnCashFlowsCashOutflowsFromOperatingActivities to LiquidityRiskProjectOnCashFlowsCashPaidToAndOnBehalfOfEmployees" use="optional" order="30.0" weight="1.0"/>
    <link:loc xlink:type="locator" xlink:href="../../c-ross_core_2015-12-31.xsd#c-ross_LiquidityRiskProjectOnCashFlowsTaxesAndSurchargesPaid" xlink:label="LiquidityRiskProjectOnCashFlowsTaxesAndSurchargesPaid" xlink:title="LiquidityRiskProjectOnCashFlowsTaxesAndSurchargesPaid"/>
    <link:calculationArc xlink:type="arc" xlink:arcrole="http://www.xbrl.org/2003/arcrole/summation-item" xlink:from="LiquidityRiskProjectOnCashFlowsCashOutflowsFromOperatingActivities" xlink:to="LiquidityRiskProjectOnCashFlowsTaxesAndSurchargesPaid" xlink:title="calculation: LiquidityRiskProjectOnCashFlowsCashOutflowsFromOperatingActivities to LiquidityRiskProjectOnCashFlowsTaxesAndSurchargesPaid" use="optional" order="40.0" weight="1.0"/>
    <link:loc xlink:type="locator" xlink:href="../../c-ross_core_2015-12-31.xsd#c-ross_LiquidityRiskProjectOnCashFlowsOtherCashPaymentRelatingToOperatingActivities" xlink:label="LiquidityRiskProjectOnCashFlowsOtherCashPaymentRelatingToOperatingActivities" xlink:title="LiquidityRiskProjectOnCashFlowsOtherCashPaymentRelatingToOperatingActivities"/>
    <link:calculationArc xlink:type="arc" xlink:arcrole="http://www.xbrl.org/2003/arcrole/summation-item" xlink:from="LiquidityRiskProjectOnCashFlowsCashOutflowsFromOperatingActivities" xlink:to="LiquidityRiskProjectOnCashFlowsOtherCashPaymentRelatingToOperatingActivities" xlink:title="calculation: LiquidityRiskProjectOnCashFlowsCashOutflowsFromOperatingActivities to LiquidityRiskProjectOnCashFlowsOtherCashPaymentRelatingToOperatingActivities" use="optional" order="50.0" weight="1.0"/>
    <link:loc xlink:type="locator" xlink:href="../../c-ross_core_2015-12-31.xsd#c-ross_LiquidityRiskProjectOnCashFlowsNetCashFlowsFromInvestingActivities" xlink:label="LiquidityRiskProjectOnCashFlowsNetCashFlowsFromInvestingActivities" xlink:title="LiquidityRiskProjectOnCashFlowsNetCashFlowsFromInvestingActivities"/>
    <link:calculationArc xlink:type="arc" xlink:arcrole="http://www.xbrl.org/2003/arcrole/summation-item" xlink:from="LiquidityRiskProjectOnCashFlowsNetCashFlows" xlink:to="LiquidityRiskProjectOnCashFlowsNetCashFlowsFromInvestingActivities" xlink:title="calculation: LiquidityRiskProjectOnCashFlowsNetCashFlows to LiquidityRiskProjectOnCashFlowsNetCashFlowsFromInvestingActivities" use="optional" order="20.0" weight="1.0"/>
    <link:loc xlink:type="locator" xlink:href="../../c-ross_core_2015-12-31.xsd#c-ross_LiquidityRiskProjectOnCashFlowsCashInflowsFromInvestingActivities" xlink:label="LiquidityRiskProjectOnCashFlowsCashInflowsFromInvestingActivities" xlink:title="LiquidityRiskProjectOnCashFlowsCashInflowsFromInvestingActivities"/>
    <link:calculationArc xlink:type="arc" xlink:arcrole="http://www.xbrl.org/2003/arcrole/summation-item" xlink:from="LiquidityRiskProjectOnCashFlowsNetCashFlowsFromInvestingActivities" xlink:to="LiquidityRiskProjectOnCashFlowsCashInflowsFromInvestingActivities" xlink:title="calculation: LiquidityRiskProjectOnCashFlowsNetCashFlowsFromInvestingActivities to LiquidityRiskProjectOnCashFlowsCashInflowsFromInvestingActivities" use="optional" order="10.0" weight="1.0"/>
    <link:loc xlink:type="locator" xlink:href="../../c-ross_core_2015-12-31.xsd#c-ross_LiquidityRiskProjectOnCashFlowsCashReceivedFromInvestmentPrincipals" xlink:label="LiquidityRiskProjectOnCashFlowsCashReceivedFromInvestmentPrincipals" xlink:title="LiquidityRiskProjectOnCashFlowsCashReceivedFromInvestmentPrincipals"/>
    <link:calculationArc xlink:type="arc" xlink:arcrole="http://www.xbrl.org/2003/arcrole/summation-item" xlink:from="LiquidityRiskProjectOnCashFlowsCashInflowsFromInvestingActivities" xlink:to="LiquidityRiskProjectOnCashFlowsCashReceivedFromInvestmentPrincipals" xlink:title="calculation: LiquidityRiskProjectOnCashFlowsCashInflowsFromInvestingActivities to LiquidityRiskProjectOnCashFlowsCashReceivedFromInvestmentPrincipals" use="optional" order="10.0" weight="1.0"/>
    <link:loc xlink:type="locator" xlink:href="../../c-ross_core_2015-12-31.xsd#c-ross_LiquidityRiskProjectOnCashFlowsCashReceivedAsInvestmentIncome" xlink:label="LiquidityRiskProjectOnCashFlowsCashReceivedAsInvestmentIncome" xlink:title="LiquidityRiskProjectOnCashFlowsCashReceivedAsInvestmentIncome"/>
    <link:calculationArc xlink:type="arc" xlink:arcrole="http://www.xbrl.org/2003/arcrole/summation-item" xlink:from="LiquidityRiskProjectOnCashFlowsCashInflowsFromInvestingActivities" xlink:to="LiquidityRiskProjectOnCashFlowsCashReceivedAsInvestmentIncome" xlink:title="calculation: LiquidityRiskProjectOnCashFlowsCashInflowsFromInvestingActivities to LiquidityRiskProjectOnCashFlowsCashReceivedAsInvestmentIncome" use="optional" order="20.0" weight="1.0"/>
    <link:loc xlink:type="locator" xlink:href="../../c-ross_core_2015-12-31.xsd#c-ross_LiquidityRiskProjectOnCashFlowsOtherCashInflowsRelatingToInvestingActivities" xlink:label="LiquidityRiskProjectOnCashFlowsOtherCashInflowsRelatingToInvestingActivities" xlink:title="LiquidityRiskProjectOnCashFlowsOtherCashInflowsRelatingToInvestingActivities"/>
    <link:calculationArc xlink:type="arc" xlink:arcrole="http://www.xbrl.org/2003/arcrole/summation-item" xlink:from="LiquidityRiskProjectOnCashFlowsCashInflowsFromInvestingActivities" xlink:to="LiquidityRiskProjectOnCashFlowsOtherCashInflowsRelatingToInvestingActivities" xlink:title="calculation: LiquidityRiskProjectOnCashFlowsCashInflowsFromInvestingActivities to LiquidityRiskProjectOnCashFlowsOtherCashInflowsRelatingToInvestingActivities" use="optional" order="30.0" weight="1.0"/>
    <link:loc xlink:type="locator" xlink:href="../../c-ross_core_2015-12-31.xsd#c-ross_LiquidityRiskProjectOnCashFlowsCashOutflowsFromInvestingActivities" xlink:label="LiquidityRiskProjectOnCashFlowsCashOutflowsFromInvestingActivities" xlink:title="LiquidityRiskProjectOnCashFlowsCashOutflowsFromInvestingActivities"/>
    <link:calculationArc xlink:type="arc" xlink:arcrole="http://www.xbrl.org/2003/arcrole/summation-item" xlink:from="LiquidityRiskProjectOnCashFlowsNetCashFlowsFromInvestingActivities" xlink:to="LiquidityRiskProjectOnCashFlowsCashOutflowsFromInvestingActivities" xlink:title="calculation: LiquidityRiskProjectOnCashFlowsNetCashFlowsFromInvestingActivities to LiquidityRiskProjectOnCashFlowsCashOutflowsFromInvestingActivities" use="optional" order="20.0" weight="-1.0"/>
    <link:loc xlink:type="locator" xlink:href="../../c-ross_core_2015-12-31.xsd#c-ross_LiquidityRiskProjectOnCashFlowsCashPaidForInvestment" xlink:label="LiquidityRiskProjectOnCashFlowsCashPaidForInvestment" xlink:title="LiquidityRiskProjectOnCashFlowsCashPaidForInvestment"/>
    <link:calculationArc xlink:type="arc" xlink:arcrole="http://www.xbrl.org/2003/arcrole/summation-item" xlink:from="LiquidityRiskProjectOnCashFlowsCashOutflowsFromInvestingActivities" xlink:to="LiquidityRiskProjectOnCashFlowsCashPaidForInvestment" xlink:title="calculation: LiquidityRiskProjectOnCashFlowsCashOutflowsFromInvestingActivities to LiquidityRiskProjectOnCashFlowsCashPaidForInvestment" use="optional" order="10.0" weight="1.0"/>
    <link:loc xlink:type="locator" xlink:href="../../c-ross_core_2015-12-31.xsd#c-ross_LiquidityRiskProjectOnCashFlowsCashPaidForPurchaseAndConstructionOfFixedAssetsIntangibleAssetsAndOtherLongTermAssets" xlink:label="LiquidityRiskProjectOnCashFlowsCashPaidForPurchaseAndConstructionOfFixedAssetsIntangibleAssetsAndOtherLongTermAssets" xlink:title="LiquidityRiskProjectOnCashFlowsCashPaidForPurchaseAndConstructionOfFixedAssetsIntangibleAssetsAndOtherLongTermAssets"/>
    <link:calculationArc xlink:type="arc" xlink:arcrole="http://www.xbrl.org/2003/arcrole/summation-item" xlink:from="LiquidityRiskProjectOnCashFlowsCashOutflowsFromInvestingActivities" xlink:to="LiquidityRiskProjectOnCashFlowsCashPaidForPurchaseAndConstructionOfFixedAssetsIntangibleAssetsAndOtherLongTermAssets" xlink:title="calculation: LiquidityRiskProjectOnCashFlowsCashOutflowsFromInvestingActivities to LiquidityRiskProjectOnCashFlowsCashPaidForPurchaseAndConstructionOfFixedAssetsIntangibleAssetsAndOtherLongTermAssets" use="optional" order="20.0" weight="1.0"/>
    <link:loc xlink:type="locator" xlink:href="../../c-ross_core_2015-12-31.xsd#c-ross_LiquidityRiskProjectOnCashFlowsOtherCashPaymentRelatingToInvestingActivities" xlink:label="LiquidityRiskProjectOnCashFlowsOtherCashPaymentRelatingToInvestingActivities" xlink:title="LiquidityRiskProjectOnCashFlowsOtherCashPaymentRelatingToInvestingActivities"/>
    <link:calculationArc xlink:type="arc" xlink:arcrole="http://www.xbrl.org/2003/arcrole/summation-item" xlink:from="LiquidityRiskProjectOnCashFlowsCashOutflowsFromInvestingActivities" xlink:to="LiquidityRiskProjectOnCashFlowsOtherCashPaymentRelatingToInvestingActivities" xlink:title="calculation: LiquidityRiskProjectOnCashFlowsCashOutflowsFromInvestingActivities to LiquidityRiskProjectOnCashFlowsOtherCashPaymentRelatingToInvestingActivities" use="optional" order="30.0" weight="1.0"/>
    <link:loc xlink:type="locator" xlink:href="../../c-ross_core_2015-12-31.xsd#c-ross_LiquidityRiskProjectOnCashFlowsNetCashFlowsFromFinancingActivities" xlink:label="LiquidityRiskProjectOnCashFlowsNetCashFlowsFromFinancingActivities" xlink:title="LiquidityRiskProjectOnCashFlowsNetCashFlowsFromFinancingActivities"/>
    <link:calculationArc xlink:type="arc" xlink:arcrole="http://www.xbrl.org/2003/arcrole/summation-item" xlink:from="LiquidityRiskProjectOnCashFlowsNetCashFlows" xlink:to="LiquidityRiskProjectOnCashFlowsNetCashFlowsFromFinancingActivities" xlink:title="calculation: LiquidityRiskProjectOnCashFlowsNetCashFlows to LiquidityRiskProjectOnCashFlowsNetCashFlowsFromFinancingActivities" use="optional" order="30.0" weight="1.0"/>
    <link:loc xlink:type="locator" xlink:href="../../c-ross_core_2015-12-31.xsd#c-ross_LiquidityRiskProjectOnCashFlowsCashInflowsFromFinancingActivities" xlink:label="LiquidityRiskProjectOnCashFlowsCashInflowsFromFinancingActivities" xlink:title="LiquidityRiskProjectOnCashFlowsCashInflowsFromFinancingActivities"/>
    <link:calculationArc xlink:type="arc" xlink:arcrole="http://www.xbrl.org/2003/arcrole/summation-item" xlink:from="LiquidityRiskProjectOnCashFlowsNetCashFlowsFromFinancingActivities" xlink:to="LiquidityRiskProjectOnCashFlowsCashInflowsFromFinancingActivities" xlink:title="calculation: LiquidityRiskProjectOnCashFlowsNetCashFlowsFromFinancingActivities to LiquidityRiskProjectOnCashFlowsCashInflowsFromFinancingActivities" use="optional" order="10.0" weight="1.0"/>
    <link:loc xlink:type="locator" xlink:href="../../c-ross_core_2015-12-31.xsd#c-ross_LiquidityRiskProjectOnCashFlowsCashReceivedFromInvestors" xlink:label="LiquidityRiskProjectOnCashFlowsCashReceivedFromInvestors" xlink:title="LiquidityRiskProjectOnCashFlowsCashReceivedFromInvestors"/>
    <link:calculationArc xlink:type="arc" xlink:arcrole="http://www.xbrl.org/2003/arcrole/summation-item" xlink:from="LiquidityRiskProjectOnCashFlowsCashInflowsFromFinancingActivities" xlink:to="LiquidityRiskProjectOnCashFlowsCashReceivedFromInvestors" xlink:title="calculation: LiquidityRiskProjectOnCashFlowsCashInflowsFromFinancingActivities to LiquidityRiskProjectOnCashFlowsCashReceivedFromInvestors" use="optional" order="10.0" weight="1.0"/>
    <link:loc xlink:type="locator" xlink:href="../../c-ross_core_2015-12-31.xsd#c-ross_LiquidityRiskProjectOnCashFlowsCashReceivedFromIssueOfBonds" xlink:label="LiquidityRiskProjectOnCashFlowsCashReceivedFromIssueOfBonds" xlink:title="LiquidityRiskProjectOnCashFlowsCashReceivedFromIssueOfBonds"/>
    <link:calculationArc xlink:type="arc" xlink:arcrole="http://www.xbrl.org/2003/arcrole/summation-item" xlink:from="LiquidityRiskProjectOnCashFlowsCashInflowsFromFinancingActivities" xlink:to="LiquidityRiskProjectOnCashFlowsCashReceivedFromIssueOfBonds" xlink:title="calculation: LiquidityRiskProjectOnCashFlowsCashInflowsFromFinancingActivities to LiquidityRiskProjectOnCashFlowsCashReceivedFromIssueOfBonds" use="optional" order="20.0" weight="1.0"/>
    <link:loc xlink:type="locator" xlink:href="../../c-ross_core_2015-12-31.xsd#c-ross_LiquidityRiskProjectOnCashFlowsOtherCashInflowsRelatingToFinancingActivities" xlink:label="LiquidityRiskProjectOnCashFlowsOtherCashInflowsRelatingToFinancingActivities" xlink:title="LiquidityRiskProjectOnCashFlowsOtherCashInflowsRelatingToFinancingActivities"/>
    <link:calculationArc xlink:type="arc" xlink:arcrole="http://www.xbrl.org/2003/arcrole/summation-item" xlink:from="LiquidityRiskProjectOnCashFlowsCashInflowsFromFinancingActivities" xlink:to="LiquidityRiskProjectOnCashFlowsOtherCashInflowsRelatingToFinancingActivities" xlink:title="calculation: LiquidityRiskProjectOnCashFlowsCashInflowsFromFinancingActivities to LiquidityRiskProjectOnCashFlowsOtherCashInflowsRelatingToFinancingActivities" use="optional" order="30.0" weight="1.0"/>
    <link:loc xlink:type="locator" xlink:href="../../c-ross_core_2015-12-31.xsd#c-ross_LiquidityRiskProjectOnCashFlowsCashOutflowsFromFinancingActivities" xlink:label="LiquidityRiskProjectOnCashFlowsCashOutflowsFromFinancingActivities" xlink:title="LiquidityRiskProjectOnCashFlowsCashOutflowsFromFinancingActivities"/>
    <link:calculationArc xlink:type="arc" xlink:arcrole="http://www.xbrl.org/2003/arcrole/summation-item" xlink:from="LiquidityRiskProjectOnCashFlowsNetCashFlowsFromFinancingActivities" xlink:to="LiquidityRiskProjectOnCashFlowsCashOutflowsFromFinancingActivities" xlink:title="calculation: LiquidityRiskProjectOnCashFlowsNetCashFlowsFromFinancingActivities to LiquidityRiskProjectOnCashFlowsCashOutflowsFromFinancingActivities" use="optional" order="20.0" weight="-1.0"/>
    <link:loc xlink:type="locator" xlink:href="../../c-ross_core_2015-12-31.xsd#c-ross_LiquidityRiskProjectOnCashFlowsCashPaidForRepaymentOfDebts" xlink:label="LiquidityRiskProjectOnCashFlowsCashPaidForRepaymentOfDebts" xlink:title="LiquidityRiskProjectOnCashFlowsCashPaidForRepaymentOfDebts"/>
    <link:calculationArc xlink:type="arc" xlink:arcrole="http://www.xbrl.org/2003/arcrole/summation-item" xlink:from="LiquidityRiskProjectOnCashFlowsCashOutflowsFromFinancingActivities" xlink:to="LiquidityRiskProjectOnCashFlowsCashPaidForRepaymentOfDebts" xlink:title="calculation: LiquidityRiskProjectOnCashFlowsCashOutflowsFromFinancingActivities to LiquidityRiskProjectOnCashFlowsCashPaidForRepaymentOfDebts" use="optional" order="10.0" weight="1.0"/>
    <link:loc xlink:type="locator" xlink:href="../../c-ross_core_2015-12-31.xsd#c-ross_LiquidityRiskProjectOnCashFlowsCashPaidForDividendAndProfitDistributionOrInterestPayment" xlink:label="LiquidityRiskProjectOnCashFlowsCashPaidForDividendAndProfitDistributionOrInterestPayment" xlink:title="LiquidityRiskProjectOnCashFlowsCashPaidForDividendAndProfitDistributionOrInterestPayment"/>
    <link:calculationArc xlink:type="arc" xlink:arcrole="http://www.xbrl.org/2003/arcrole/summation-item" xlink:from="LiquidityRiskProjectOnCashFlowsCashOutflowsFromFinancingActivities" xlink:to="LiquidityRiskProjectOnCashFlowsCashPaidForDividendAndProfitDistributionOrInterestPayment" xlink:title="calculation: LiquidityRiskProjectOnCashFlowsCashOutflowsFromFinancingActivities to LiquidityRiskProjectOnCashFlowsCashPaidForDividendAndProfitDistributionOrInterestPayment" use="optional" order="20.0" weight="1.0"/>
    <link:loc xlink:type="locator" xlink:href="../../c-ross_core_2015-12-31.xsd#c-ross_LiquidityRiskProjectOnCashFlowsOtherCashPaymentRelatingToFinancingActivities" xlink:label="LiquidityRiskProjectOnCashFlowsOtherCashPaymentRelatingToFinancingActivities" xlink:title="LiquidityRiskProjectOnCashFlowsOtherCashPaymentRelatingToFinancingActivities"/>
    <link:calculationArc xlink:type="arc" xlink:arcrole="http://www.xbrl.org/2003/arcrole/summation-item" xlink:from="LiquidityRiskProjectOnCashFlowsCashOutflowsFromFinancingActivities" xlink:to="LiquidityRiskProjectOnCashFlowsOtherCashPaymentRelatingToFinancingActivities" xlink:title="calculation: LiquidityRiskProjectOnCashFlowsCashOutflowsFromFinancingActivities to LiquidityRiskProjectOnCashFlowsOtherCashPaymentRelatingToFinancingActivities" use="optional" order="30.0" weight="1.0"/>
  </link:calculationLink>
</link:linkbase>
