<?xml version="1.0" encoding="UTF-8"?>

<!--
	Taxonomy: 2015-12-31 (Final)
	**********************
	Copyright © 2015 China Insurance Regulatory Commission.
	All rights reserved.  No part of this publication may be translated, reprinted or reproduced
	or utilised in any form either in whole or in part without prior permission in writing from China Insurance Regulatory Commission.
	  **********************
	-->
<link:linkbase xmlns:xsi="http://www.w3.org/2001/XMLSchema-instance" xsi:schemaLocation="http://www.xbrl.org/2003/linkbase http://www.xbrl.org/2003/xbrl-linkbase-2003-12-31.xsd" xmlns:c-ross="http://xbrl.circ.gov.cn/taxonomy/2015-12-31/c-ross" xmlns:link="http://www.xbrl.org/2003/linkbase" xmlns:xbrldt="http://xbrl.org/2005/xbrldt" xmlns:xbrli="http://www.xbrl.org/2003/instance" xmlns:xlink="http://www.w3.org/1999/xlink">
  <link:roleRef roleURI="http://xbrl.circ.gov.cn/role/c-ross_2015-12-31_role-3180412" xlink:type="simple" xlink:href="rol_c-ross_12_2015-12-31.xsd#c-ross_2015-12-31-3180412"/>
  <link:arcroleRef arcroleURI="http://xbrl.org/int/dim/arcrole/all" xlink:type="simple" xlink:href="http://www.xbrl.org/2005/xbrldt-2005.xsd#all"/>
  <link:arcroleRef arcroleURI="http://xbrl.org/int/dim/arcrole/dimension-default" xlink:type="simple" xlink:href="http://www.xbrl.org/2005/xbrldt-2005.xsd#dimension-default"/>
  <link:arcroleRef arcroleURI="http://xbrl.org/int/dim/arcrole/dimension-domain" xlink:type="simple" xlink:href="http://www.xbrl.org/2005/xbrldt-2005.xsd#dimension-domain"/>
  <link:arcroleRef arcroleURI="http://xbrl.org/int/dim/arcrole/domain-member" xlink:type="simple" xlink:href="http://www.xbrl.org/2005/xbrldt-2005.xsd#domain-member"/>
  <link:arcroleRef arcroleURI="http://xbrl.org/int/dim/arcrole/hypercube-dimension" xlink:type="simple" xlink:href="http://www.xbrl.org/2005/xbrldt-2005.xsd#hypercube-dimension"/>
  <link:definitionLink xlink:type="extended" xlink:role="http://xbrl.circ.gov.cn/role/c-ross_2015-12-31_role-3180412">
    <link:loc xlink:type="locator" xlink:href="../../c-ross_core_2015-12-31.xsd#c-ross_StressScenarioForCompulsoryTestMember" xlink:label="StressScenarioForCompulsoryTestMember" xlink:title="StressScenarioForCompulsoryTestMember"/>
    <link:loc xlink:type="locator" xlink:href="../../c-ross_core_2015-12-31.xsd#c-ross_StressScenarioForCompulsoryTestOneMember" xlink:label="StressScenarioForCompulsoryTestOneMember" xlink:title="StressScenarioForCompulsoryTestOneMember"/>
    <link:definitionArc xlink:type="arc" xlink:arcrole="http://xbrl.org/int/dim/arcrole/domain-member" xlink:from="StressScenarioForCompulsoryTestMember" xlink:to="StressScenarioForCompulsoryTestOneMember" xlink:title="definition: StressScenarioForCompulsoryTestMember to StressScenarioForCompulsoryTestOneMember" use="optional" order="10.0"/>
    <link:loc xlink:type="locator" xlink:href="../../c-ross_core_2015-12-31.xsd#c-ross_StressScenarioForCompulsoryTestTwoMember" xlink:label="StressScenarioForCompulsoryTestTwoMember" xlink:title="StressScenarioForCompulsoryTestTwoMember"/>
    <link:definitionArc xlink:type="arc" xlink:arcrole="http://xbrl.org/int/dim/arcrole/domain-member" xlink:from="StressScenarioForCompulsoryTestMember" xlink:to="StressScenarioForCompulsoryTestTwoMember" xlink:title="definition: StressScenarioForCompulsoryTestMember to StressScenarioForCompulsoryTestTwoMember" use="optional" order="20.0"/>
    <link:loc xlink:type="locator" xlink:href="../../c-ross_core_2015-12-31.xsd#c-ross_CashFlowTestScenarioAxis" xlink:label="CashFlowTestScenarioAxis" xlink:title="CashFlowTestScenarioAxis"/>
    <link:loc xlink:type="locator" xlink:href="../../c-ross_core_2015-12-31.xsd#c-ross_CashFlowTestScenarioMember" xlink:label="CashFlowTestScenarioMember" xlink:title="CashFlowTestScenarioMember"/>
    <link:definitionArc xlink:type="arc" xlink:arcrole="http://xbrl.org/int/dim/arcrole/dimension-domain" xlink:from="CashFlowTestScenarioAxis" xlink:to="CashFlowTestScenarioMember" xlink:title="definition: CashFlowTestScenarioAxis to CashFlowTestScenarioMember" use="optional" order="10.0"/>
    <link:loc xlink:type="locator" xlink:href="../../c-ross_core_2015-12-31.xsd#c-ross_CashFlowTestScenarioMember" xlink:label="CashFlowTestScenarioMember_2" xlink:title="CashFlowTestScenarioMember"/>
    <link:definitionArc xlink:type="arc" xlink:arcrole="http://xbrl.org/int/dim/arcrole/dimension-default" xlink:from="CashFlowTestScenarioAxis" xlink:to="CashFlowTestScenarioMember_2" xlink:title="definition: CashFlowTestScenarioAxis to CashFlowTestScenarioMember" use="optional" order="20.0"/>
    <link:loc xlink:type="locator" xlink:href="../../c-ross_core_2015-12-31.xsd#c-ross_BaseScenarioMember" xlink:label="BaseScenarioMember" xlink:title="BaseScenarioMember"/>
    <link:definitionArc xlink:type="arc" xlink:arcrole="http://xbrl.org/int/dim/arcrole/domain-member" xlink:from="CashFlowTestScenarioMember" xlink:to="BaseScenarioMember" xlink:title="definition: CashFlowTestScenarioMember to BaseScenarioMember" order="10.0"/>
    <link:loc xlink:type="locator" xlink:href="../../c-ross_core_2015-12-31.xsd#c-ross_StressScenarioMember" xlink:label="StressScenarioMember" xlink:title="StressScenarioMember"/>
    <link:definitionArc xlink:type="arc" xlink:arcrole="http://xbrl.org/int/dim/arcrole/domain-member" xlink:from="CashFlowTestScenarioMember" xlink:to="StressScenarioMember" xlink:title="definition: CashFlowTestScenarioMember to StressScenarioMember" use="optional" order="20.0"/>
    <link:definitionArc xlink:type="arc" xlink:arcrole="http://xbrl.org/int/dim/arcrole/domain-member" xlink:from="StressScenarioMember" xlink:to="StressScenarioForCompulsoryTestMember" xlink:title="definition: StressScenarioMember to StressScenarioForCompulsoryTestMember" use="optional" order="10.0"/>
    <link:loc xlink:type="locator" xlink:href="../../c-ross_core_2015-12-31.xsd#c-ross_StressScenarioForSelfTestMember" xlink:label="StressScenarioForSelfTestMember" xlink:title="StressScenarioForSelfTestMember"/>
    <link:definitionArc xlink:type="arc" xlink:arcrole="http://xbrl.org/int/dim/arcrole/domain-member" xlink:from="StressScenarioMember" xlink:to="StressScenarioForSelfTestMember" xlink:title="definition: StressScenarioMember to StressScenarioForSelfTestMember" use="optional" order="20.0"/>
    <link:loc xlink:type="locator" xlink:href="../../c-ross_core_2015-12-31.xsd#c-ross_StressScenarioForSelfTestOneMember" xlink:label="StressScenarioForSelfTestOneMember" xlink:title="StressScenarioForSelfTestOneMember"/>
    <link:definitionArc xlink:type="arc" xlink:arcrole="http://xbrl.org/int/dim/arcrole/domain-member" xlink:from="StressScenarioForSelfTestMember" xlink:to="StressScenarioForSelfTestOneMember" xlink:title="definition: StressScenarioForSelfTestMember to StressScenarioForSelfTestOneMember" use="optional" order="10.0"/>
    <link:loc xlink:type="locator" xlink:href="../../c-ross_core_2015-12-31.xsd#c-ross_StressScenarioForSelfTestTwoMember" xlink:label="StressScenarioForSelfTestTwoMember" xlink:title="StressScenarioForSelfTestTwoMember"/>
    <link:definitionArc xlink:type="arc" xlink:arcrole="http://xbrl.org/int/dim/arcrole/domain-member" xlink:from="StressScenarioForSelfTestMember" xlink:to="StressScenarioForSelfTestTwoMember" xlink:title="definition: StressScenarioForSelfTestMember to StressScenarioForSelfTestTwoMember" use="optional" order="20.0"/>
    <link:loc xlink:type="locator" xlink:href="../../c-ross_core_2015-12-31.xsd#c-ross_CashFlowTestScopeAxis" xlink:label="CashFlowTestScopeAxis" xlink:title="CashFlowTestScopeAxis"/>
    <link:loc xlink:type="locator" xlink:href="../../c-ross_core_2015-12-31.xsd#c-ross_CashFlowTestScopeMember" xlink:label="CashFlowTestScopeMember" xlink:title="CashFlowTestScopeMember"/>
    <link:definitionArc xlink:type="arc" xlink:arcrole="http://xbrl.org/int/dim/arcrole/dimension-domain" xlink:from="CashFlowTestScopeAxis" xlink:to="CashFlowTestScopeMember" xlink:title="definition: CashFlowTestScopeAxis to CashFlowTestScopeMember" use="optional" order="10.0"/>
    <link:loc xlink:type="locator" xlink:href="../../c-ross_core_2015-12-31.xsd#c-ross_CashFlowTestScopeMember" xlink:label="CashFlowTestScopeMember_2" xlink:title="CashFlowTestScopeMember"/>
    <link:definitionArc xlink:type="arc" xlink:arcrole="http://xbrl.org/int/dim/arcrole/dimension-default" xlink:from="CashFlowTestScopeAxis" xlink:to="CashFlowTestScopeMember_2" xlink:title="definition: CashFlowTestScopeAxis to CashFlowTestScopeMember" use="optional" order="20.0"/>
    <link:loc xlink:type="locator" xlink:href="../../c-ross_core_2015-12-31.xsd#c-ross_OverallBusinessMember" xlink:label="OverallBusinessMember" xlink:title="OverallBusinessMember"/>
    <link:definitionArc xlink:type="arc" xlink:arcrole="http://xbrl.org/int/dim/arcrole/domain-member" xlink:from="CashFlowTestScopeMember" xlink:to="OverallBusinessMember" xlink:title="definition: CashFlowTestScopeMember to OverallBusinessMember" use="optional" order="10.0"/>
    <link:loc xlink:type="locator" xlink:href="../../c-ross_core_2015-12-31.xsd#c-ross_TraditionalInsuranceBusinessMember" xlink:label="TraditionalInsuranceBusinessMember" xlink:title="TraditionalInsuranceBusinessMember"/>
    <link:definitionArc xlink:type="arc" xlink:arcrole="http://xbrl.org/int/dim/arcrole/domain-member" xlink:from="CashFlowTestScopeMember" xlink:to="TraditionalInsuranceBusinessMember" xlink:title="definition: CashFlowTestScopeMember to TraditionalInsuranceBusinessMember" use="optional" order="20.0"/>
    <link:loc xlink:type="locator" xlink:href="../../c-ross_core_2015-12-31.xsd#c-ross_ParticipatingInsuranceBusinessMember" xlink:label="ParticipatingInsuranceBusinessMember" xlink:title="ParticipatingInsuranceBusinessMember"/>
    <link:definitionArc xlink:type="arc" xlink:arcrole="http://xbrl.org/int/dim/arcrole/domain-member" xlink:from="CashFlowTestScopeMember" xlink:to="ParticipatingInsuranceBusinessMember" xlink:title="definition: CashFlowTestScopeMember to ParticipatingInsuranceBusinessMember" use="optional" order="30.0"/>
    <link:loc xlink:type="locator" xlink:href="../../c-ross_core_2015-12-31.xsd#c-ross_UniversalInsuranceBusinessMember" xlink:label="UniversalInsuranceBusinessMember" xlink:title="UniversalInsuranceBusinessMember"/>
    <link:definitionArc xlink:type="arc" xlink:arcrole="http://xbrl.org/int/dim/arcrole/domain-member" xlink:from="CashFlowTestScopeMember" xlink:to="UniversalInsuranceBusinessMember" xlink:title="definition: CashFlowTestScopeMember to UniversalInsuranceBusinessMember" use="optional" order="40.0"/>
    <link:loc xlink:type="locator" xlink:href="../../c-ross_core_2015-12-31.xsd#c-ross_UnitLinkedInsuranceBusinessMember" xlink:label="UnitLinkedInsuranceBusinessMember" xlink:title="UnitLinkedInsuranceBusinessMember"/>
    <link:definitionArc xlink:type="arc" xlink:arcrole="http://xbrl.org/int/dim/arcrole/domain-member" xlink:from="CashFlowTestScopeMember" xlink:to="UnitLinkedInsuranceBusinessMember" xlink:title="definition: CashFlowTestScopeMember to UnitLinkedInsuranceBusinessMember" use="optional" order="50.0"/>
    <link:loc xlink:type="locator" xlink:href="../../c-ross_core_2015-12-31.xsd#c-ross_CashFlowTestPeriodAxis" xlink:label="CashFlowTestPeriodAxis" xlink:title="CashFlowTestPeriodAxis"/>
    <link:loc xlink:type="locator" xlink:href="../../c-ross_core_2015-12-31.xsd#c-ross_CashFlowTestPeriodMember" xlink:label="CashFlowTestPeriodMember" xlink:title="CashFlowTestPeriodMember"/>
    <link:definitionArc xlink:type="arc" xlink:arcrole="http://xbrl.org/int/dim/arcrole/dimension-domain" xlink:from="CashFlowTestPeriodAxis" xlink:to="CashFlowTestPeriodMember" xlink:title="definition: CashFlowTestPeriodAxis to CashFlowTestPeriodMember" use="optional" order="10.0"/>
    <link:loc xlink:type="locator" xlink:href="../../c-ross_core_2015-12-31.xsd#c-ross_CashFlowTestPeriodMember" xlink:label="CashFlowTestPeriodMember_2" xlink:title="CashFlowTestPeriodMember"/>
    <link:definitionArc xlink:type="arc" xlink:arcrole="http://xbrl.org/int/dim/arcrole/dimension-default" xlink:from="CashFlowTestPeriodAxis" xlink:to="CashFlowTestPeriodMember_2" xlink:title="definition: CashFlowTestPeriodAxis to CashFlowTestPeriodMember" use="optional" order="20.0"/>
    <link:loc xlink:type="locator" xlink:href="../../c-ross_core_2015-12-31.xsd#c-ross_FirstYearAfterReportingDateMember" xlink:label="FirstYearAfterReportingDateMember" xlink:title="FirstYearAfterReportingDateMember"/>
    <link:definitionArc xlink:type="arc" xlink:arcrole="http://xbrl.org/int/dim/arcrole/domain-member" xlink:from="CashFlowTestPeriodMember" xlink:to="FirstYearAfterReportingDateMember" xlink:title="definition: CashFlowTestPeriodMember to FirstYearAfterReportingDateMember" use="optional" order="10.0"/>
    <link:loc xlink:type="locator" xlink:href="../../c-ross_core_2015-12-31.xsd#c-ross_FirstQuarterAfterReportingDateMember" xlink:label="FirstQuarterAfterReportingDateMember" xlink:title="FirstQuarterAfterReportingDateMember"/>
    <link:definitionArc xlink:type="arc" xlink:arcrole="http://xbrl.org/int/dim/arcrole/domain-member" xlink:from="FirstYearAfterReportingDateMember" xlink:to="FirstQuarterAfterReportingDateMember" xlink:title="definition: FirstYearAfterReportingDateMember to FirstQuarterAfterReportingDateMember" use="optional" order="10.0"/>
    <link:loc xlink:type="locator" xlink:href="../../c-ross_core_2015-12-31.xsd#c-ross_SecondQuarterAfterReportingDateMember" xlink:label="SecondQuarterAfterReportingDateMember" xlink:title="SecondQuarterAfterReportingDateMember"/>
    <link:definitionArc xlink:type="arc" xlink:arcrole="http://xbrl.org/int/dim/arcrole/domain-member" xlink:from="FirstYearAfterReportingDateMember" xlink:to="SecondQuarterAfterReportingDateMember" xlink:title="definition: FirstYearAfterReportingDateMember to SecondQuarterAfterReportingDateMember" use="optional" order="20.0"/>
    <link:loc xlink:type="locator" xlink:href="../../c-ross_core_2015-12-31.xsd#c-ross_ThirdQuarterAfterReportingDateMember" xlink:label="ThirdQuarterAfterReportingDateMember" xlink:title="ThirdQuarterAfterReportingDateMember"/>
    <link:definitionArc xlink:type="arc" xlink:arcrole="http://xbrl.org/int/dim/arcrole/domain-member" xlink:from="FirstYearAfterReportingDateMember" xlink:to="ThirdQuarterAfterReportingDateMember" xlink:title="definition: FirstYearAfterReportingDateMember to ThirdQuarterAfterReportingDateMember" use="optional" order="30.0"/>
    <link:loc xlink:type="locator" xlink:href="../../c-ross_core_2015-12-31.xsd#c-ross_ForthQuarterAfterReportingDateMember" xlink:label="ForthQuarterAfterReportingDateMember" xlink:title="ForthQuarterAfterReportingDateMember"/>
    <link:definitionArc xlink:type="arc" xlink:arcrole="http://xbrl.org/int/dim/arcrole/domain-member" xlink:from="FirstYearAfterReportingDateMember" xlink:to="ForthQuarterAfterReportingDateMember" xlink:title="definition: FirstYearAfterReportingDateMember to ForthQuarterAfterReportingDateMember" use="optional" order="40.0"/>
    <link:loc xlink:type="locator" xlink:href="../../c-ross_core_2015-12-31.xsd#c-ross_SecondYearAfterReportingDateMember" xlink:label="SecondYearAfterReportingDateMember" xlink:title="SecondYearAfterReportingDateMember"/>
    <link:definitionArc xlink:type="arc" xlink:arcrole="http://xbrl.org/int/dim/arcrole/domain-member" xlink:from="CashFlowTestPeriodMember" xlink:to="SecondYearAfterReportingDateMember" xlink:title="definition: CashFlowTestPeriodMember to SecondYearAfterReportingDateMember" use="optional" order="20.0"/>
    <link:loc xlink:type="locator" xlink:href="../../c-ross_core_2015-12-31.xsd#c-ross_ThirdYearAfterReportingDateMember" xlink:label="ThirdYearAfterReportingDateMember" xlink:title="ThirdYearAfterReportingDateMember"/>
    <link:definitionArc xlink:type="arc" xlink:arcrole="http://xbrl.org/int/dim/arcrole/domain-member" xlink:from="CashFlowTestPeriodMember" xlink:to="ThirdYearAfterReportingDateMember" xlink:title="definition: CashFlowTestPeriodMember to ThirdYearAfterReportingDateMember" use="optional" order="30.0"/>
    <link:loc xlink:type="locator" xlink:href="../../c-ross_core_2015-12-31.xsd#c-ross_LiquidityRiskProjectOnCashFlowsCashOutflowsFromFinancingActivities" xlink:label="LiquidityRiskProjectOnCashFlowsCashOutflowsFromFinancingActivities" xlink:title="LiquidityRiskProjectOnCashFlowsCashOutflowsFromFinancingActivities"/>
    <link:loc xlink:type="locator" xlink:href="../../c-ross_core_2015-12-31.xsd#c-ross_LiquidityRiskProjectOnCashFlowsRepurchaseOfFinancialAssets" xlink:label="LiquidityRiskProjectOnCashFlowsRepurchaseOfFinancialAssets" xlink:title="LiquidityRiskProjectOnCashFlowsRepurchaseOfFinancialAssets"/>
    <link:definitionArc xlink:type="arc" xlink:arcrole="http://xbrl.org/int/dim/arcrole/domain-member" xlink:from="LiquidityRiskProjectOnCashFlowsCashOutflowsFromFinancingActivities" xlink:to="LiquidityRiskProjectOnCashFlowsRepurchaseOfFinancialAssets" xlink:title="definition: LiquidityRiskProjectOnCashFlowsCashOutflowsFromFinancingActivities to LiquidityRiskProjectOnCashFlowsRepurchaseOfFinancialAssets" use="optional" order="10.0"/>
    <link:loc xlink:type="locator" xlink:href="../../c-ross_core_2015-12-31.xsd#c-ross_LiquidityRiskProjectOnCashFlowsPaymentOfInterestOnBorrowingsAndBonds" xlink:label="LiquidityRiskProjectOnCashFlowsPaymentOfInterestOnBorrowingsAndBonds" xlink:title="LiquidityRiskProjectOnCashFlowsPaymentOfInterestOnBorrowingsAndBonds"/>
    <link:definitionArc xlink:type="arc" xlink:arcrole="http://xbrl.org/int/dim/arcrole/domain-member" xlink:from="LiquidityRiskProjectOnCashFlowsCashOutflowsFromFinancingActivities" xlink:to="LiquidityRiskProjectOnCashFlowsPaymentOfInterestOnBorrowingsAndBonds" xlink:title="definition: LiquidityRiskProjectOnCashFlowsCashOutflowsFromFinancingActivities to LiquidityRiskProjectOnCashFlowsPaymentOfInterestOnBorrowingsAndBonds" use="optional" order="20.0"/>
    <link:loc xlink:type="locator" xlink:href="../../c-ross_core_2015-12-31.xsd#c-ross_LiquidityRiskProjectOnCashFlowsCashFlowsFromBusiness" xlink:label="LiquidityRiskProjectOnCashFlowsCashFlowsFromBusiness" xlink:title="LiquidityRiskProjectOnCashFlowsCashFlowsFromBusiness"/>
    <link:loc xlink:type="locator" xlink:href="../../c-ross_core_2015-12-31.xsd#c-ross_LiquidityRiskProjectOnCashFlowsCashFlowsFromInForceBusinessOnReportingDate" xlink:label="LiquidityRiskProjectOnCashFlowsCashFlowsFromInForceBusinessOnReportingDate" xlink:title="LiquidityRiskProjectOnCashFlowsCashFlowsFromInForceBusinessOnReportingDate"/>
    <link:definitionArc xlink:type="arc" xlink:arcrole="http://xbrl.org/int/dim/arcrole/domain-member" xlink:from="LiquidityRiskProjectOnCashFlowsCashFlowsFromBusiness" xlink:to="LiquidityRiskProjectOnCashFlowsCashFlowsFromInForceBusinessOnReportingDate" xlink:title="definition: LiquidityRiskProjectOnCashFlowsCashFlowsFromBusiness to LiquidityRiskProjectOnCashFlowsCashFlowsFromInForceBusinessOnReportingDate" use="optional" order="10.0"/>
    <link:loc xlink:type="locator" xlink:href="../../c-ross_core_2015-12-31.xsd#c-ross_LiquidityRiskProjectOnCashFlowsCashFlowsFromInForceBusinessOnReportingDatePremiumIncome" xlink:label="LiquidityRiskProjectOnCashFlowsCashFlowsFromInForceBusinessOnReportingDatePremiumIncome" xlink:title="LiquidityRiskProjectOnCashFlowsCashFlowsFromInForceBusinessOnReportingDatePremiumIncome"/>
    <link:definitionArc xlink:type="arc" xlink:arcrole="http://xbrl.org/int/dim/arcrole/domain-member" xlink:from="LiquidityRiskProjectOnCashFlowsCashFlowsFromInForceBusinessOnReportingDate" xlink:to="LiquidityRiskProjectOnCashFlowsCashFlowsFromInForceBusinessOnReportingDatePremiumIncome" xlink:title="definition: LiquidityRiskProjectOnCashFlowsCashFlowsFromInForceBusinessOnReportingDate to LiquidityRiskProjectOnCashFlowsCashFlowsFromInForceBusinessOnReportingDatePremiumIncome" use="optional" order="10.0"/>
    <link:loc xlink:type="locator" xlink:href="../../c-ross_core_2015-12-31.xsd#c-ross_LiquidityRiskProjectOnCashFlowsCashFlowsFromInForceBusinessOnReportingDateBenefitPayments" xlink:label="LiquidityRiskProjectOnCashFlowsCashFlowsFromInForceBusinessOnReportingDateBenefitPayments" xlink:title="LiquidityRiskProjectOnCashFlowsCashFlowsFromInForceBusinessOnReportingDateBenefitPayments"/>
    <link:definitionArc xlink:type="arc" xlink:arcrole="http://xbrl.org/int/dim/arcrole/domain-member" xlink:from="LiquidityRiskProjectOnCashFlowsCashFlowsFromInForceBusinessOnReportingDate" xlink:to="LiquidityRiskProjectOnCashFlowsCashFlowsFromInForceBusinessOnReportingDateBenefitPayments" xlink:title="definition: LiquidityRiskProjectOnCashFlowsCashFlowsFromInForceBusinessOnReportingDate to LiquidityRiskProjectOnCashFlowsCashFlowsFromInForceBusinessOnReportingDateBenefitPayments" use="optional" order="20.0"/>
    <link:loc xlink:type="locator" xlink:href="../../c-ross_core_2015-12-31.xsd#c-ross_LiquidityRiskProjectOnCashFlowsCashFlowsFromInForceBusinessOnReportingDateMaturityBenefitPayment" xlink:label="LiquidityRiskProjectOnCashFlowsCashFlowsFromInForceBusinessOnReportingDateMaturityBenefitPayment" xlink:title="LiquidityRiskProjectOnCashFlowsCashFlowsFromInForceBusinessOnReportingDateMaturityBenefitPayment"/>
    <link:definitionArc xlink:type="arc" xlink:arcrole="http://xbrl.org/int/dim/arcrole/domain-member" xlink:from="LiquidityRiskProjectOnCashFlowsCashFlowsFromInForceBusinessOnReportingDateBenefitPayments" xlink:to="LiquidityRiskProjectOnCashFlowsCashFlowsFromInForceBusinessOnReportingDateMaturityBenefitPayment" xlink:title="definition: LiquidityRiskProjectOnCashFlowsCashFlowsFromInForceBusinessOnReportingDateBenefitPayments to LiquidityRiskProjectOnCashFlowsCashFlowsFromInForceBusinessOnReportingDateMaturityBenefitPayment" use="optional" order="10.0"/>
    <link:loc xlink:type="locator" xlink:href="../../c-ross_core_2015-12-31.xsd#c-ross_LiquidityRiskProjectOnCashFlowsCashFlowsFromInForceBusinessOnReportingDateSurrenderPayment" xlink:label="LiquidityRiskProjectOnCashFlowsCashFlowsFromInForceBusinessOnReportingDateSurrenderPayment" xlink:title="LiquidityRiskProjectOnCashFlowsCashFlowsFromInForceBusinessOnReportingDateSurrenderPayment"/>
    <link:definitionArc xlink:type="arc" xlink:arcrole="http://xbrl.org/int/dim/arcrole/domain-member" xlink:from="LiquidityRiskProjectOnCashFlowsCashFlowsFromInForceBusinessOnReportingDate" xlink:to="LiquidityRiskProjectOnCashFlowsCashFlowsFromInForceBusinessOnReportingDateSurrenderPayment" xlink:title="definition: LiquidityRiskProjectOnCashFlowsCashFlowsFromInForceBusinessOnReportingDate to LiquidityRiskProjectOnCashFlowsCashFlowsFromInForceBusinessOnReportingDateSurrenderPayment" use="optional" order="30.0"/>
    <link:loc xlink:type="locator" xlink:href="../../c-ross_core_2015-12-31.xsd#c-ross_LiquidityRiskProjectOnCashFlowsCashFlowsFromInForceBusinessOnReportingDateBonusesPayment" xlink:label="LiquidityRiskProjectOnCashFlowsCashFlowsFromInForceBusinessOnReportingDateBonusesPayment" xlink:title="LiquidityRiskProjectOnCashFlowsCashFlowsFromInForceBusinessOnReportingDateBonusesPayment"/>
    <link:definitionArc xlink:type="arc" xlink:arcrole="http://xbrl.org/int/dim/arcrole/domain-member" xlink:from="LiquidityRiskProjectOnCashFlowsCashFlowsFromInForceBusinessOnReportingDate" xlink:to="LiquidityRiskProjectOnCashFlowsCashFlowsFromInForceBusinessOnReportingDateBonusesPayment" xlink:title="definition: LiquidityRiskProjectOnCashFlowsCashFlowsFromInForceBusinessOnReportingDate to LiquidityRiskProjectOnCashFlowsCashFlowsFromInForceBusinessOnReportingDateBonusesPayment" use="optional" order="40.0"/>
    <link:loc xlink:type="locator" xlink:href="../../c-ross_core_2015-12-31.xsd#c-ross_LiquidityRiskProjectOnCashFlowsCashFlowsFromInForceBusinessOnReportingDateDividendsPayment" xlink:label="LiquidityRiskProjectOnCashFlowsCashFlowsFromInForceBusinessOnReportingDateDividendsPayment" xlink:title="LiquidityRiskProjectOnCashFlowsCashFlowsFromInForceBusinessOnReportingDateDividendsPayment"/>
    <link:definitionArc xlink:type="arc" xlink:arcrole="http://xbrl.org/int/dim/arcrole/domain-member" xlink:from="LiquidityRiskProjectOnCashFlowsCashFlowsFromInForceBusinessOnReportingDate" xlink:to="LiquidityRiskProjectOnCashFlowsCashFlowsFromInForceBusinessOnReportingDateDividendsPayment" xlink:title="definition: LiquidityRiskProjectOnCashFlowsCashFlowsFromInForceBusinessOnReportingDate to LiquidityRiskProjectOnCashFlowsCashFlowsFromInForceBusinessOnReportingDateDividendsPayment" use="optional" order="50.0"/>
    <link:loc xlink:type="locator" xlink:href="../../c-ross_core_2015-12-31.xsd#c-ross_LiquidityRiskProjectOnCashFlowsCashFlowsFromInForceBusinessOnReportingDateExpenses" xlink:label="LiquidityRiskProjectOnCashFlowsCashFlowsFromInForceBusinessOnReportingDateExpenses" xlink:title="LiquidityRiskProjectOnCashFlowsCashFlowsFromInForceBusinessOnReportingDateExpenses"/>
    <link:definitionArc xlink:type="arc" xlink:arcrole="http://xbrl.org/int/dim/arcrole/domain-member" xlink:from="LiquidityRiskProjectOnCashFlowsCashFlowsFromInForceBusinessOnReportingDate" xlink:to="LiquidityRiskProjectOnCashFlowsCashFlowsFromInForceBusinessOnReportingDateExpenses" xlink:title="definition: LiquidityRiskProjectOnCashFlowsCashFlowsFromInForceBusinessOnReportingDate to LiquidityRiskProjectOnCashFlowsCashFlowsFromInForceBusinessOnReportingDateExpenses" use="optional" order="60.0"/>
    <link:loc xlink:type="locator" xlink:href="../../c-ross_core_2015-12-31.xsd#c-ross_LiquidityRiskProjectOnCashFlowsCashFlowsFromInForceBusinessOnReportingDateBusinessAndAdministrativeExpenses" xlink:label="LiquidityRiskProjectOnCashFlowsCashFlowsFromInForceBusinessOnReportingDateBusinessAndAdministrativeExpenses" xlink:title="LiquidityRiskProjectOnCashFlowsCashFlowsFromInForceBusinessOnReportingDateBusinessAndAdministrativeExpenses"/>
    <link:definitionArc xlink:type="arc" xlink:arcrole="http://xbrl.org/int/dim/arcrole/domain-member" xlink:from="LiquidityRiskProjectOnCashFlowsCashFlowsFromInForceBusinessOnReportingDateExpenses" xlink:to="LiquidityRiskProjectOnCashFlowsCashFlowsFromInForceBusinessOnReportingDateBusinessAndAdministrativeExpenses" xlink:title="definition: LiquidityRiskProjectOnCashFlowsCashFlowsFromInForceBusinessOnReportingDateExpenses to LiquidityRiskProjectOnCashFlowsCashFlowsFromInForceBusinessOnReportingDateBusinessAndAdministrativeExpenses" use="optional" order="10.0"/>
    <link:loc xlink:type="locator" xlink:href="../../c-ross_core_2015-12-31.xsd#c-ross_LiquidityRiskProjectOnCashFlowsCashFlowsFromInForceBusinessOnReportingDateCommissions" xlink:label="LiquidityRiskProjectOnCashFlowsCashFlowsFromInForceBusinessOnReportingDateCommissions" xlink:title="LiquidityRiskProjectOnCashFlowsCashFlowsFromInForceBusinessOnReportingDateCommissions"/>
    <link:definitionArc xlink:type="arc" xlink:arcrole="http://xbrl.org/int/dim/arcrole/domain-member" xlink:from="LiquidityRiskProjectOnCashFlowsCashFlowsFromInForceBusinessOnReportingDateExpenses" xlink:to="LiquidityRiskProjectOnCashFlowsCashFlowsFromInForceBusinessOnReportingDateCommissions" xlink:title="definition: LiquidityRiskProjectOnCashFlowsCashFlowsFromInForceBusinessOnReportingDateExpenses to LiquidityRiskProjectOnCashFlowsCashFlowsFromInForceBusinessOnReportingDateCommissions" use="optional" order="20.0"/>
    <link:loc xlink:type="locator" xlink:href="../../c-ross_core_2015-12-31.xsd#c-ross_LiquidityRiskProjectOnCashFlowsCashFlowsFromInForceBusinessOnReportingDateReinsuranceNetExpensesPayments" xlink:label="LiquidityRiskProjectOnCashFlowsCashFlowsFromInForceBusinessOnReportingDateReinsuranceNetExpensesPayments" xlink:title="LiquidityRiskProjectOnCashFlowsCashFlowsFromInForceBusinessOnReportingDateReinsuranceNetExpensesPayments"/>
    <link:definitionArc xlink:type="arc" xlink:arcrole="http://xbrl.org/int/dim/arcrole/domain-member" xlink:from="LiquidityRiskProjectOnCashFlowsCashFlowsFromInForceBusinessOnReportingDate" xlink:to="LiquidityRiskProjectOnCashFlowsCashFlowsFromInForceBusinessOnReportingDateReinsuranceNetExpensesPayments" xlink:title="definition: LiquidityRiskProjectOnCashFlowsCashFlowsFromInForceBusinessOnReportingDate to LiquidityRiskProjectOnCashFlowsCashFlowsFromInForceBusinessOnReportingDateReinsuranceNetExpensesPayments" use="optional" order="70.0"/>
    <link:loc xlink:type="locator" xlink:href="../../c-ross_core_2015-12-31.xsd#c-ross_LiquidityRiskProjectOnCashFlowsCashFlowsFromNewBusinessDuringTestPeriod" xlink:label="LiquidityRiskProjectOnCashFlowsCashFlowsFromNewBusinessDuringTestPeriod" xlink:title="LiquidityRiskProjectOnCashFlowsCashFlowsFromNewBusinessDuringTestPeriod"/>
    <link:definitionArc xlink:type="arc" xlink:arcrole="http://xbrl.org/int/dim/arcrole/domain-member" xlink:from="LiquidityRiskProjectOnCashFlowsCashFlowsFromBusiness" xlink:to="LiquidityRiskProjectOnCashFlowsCashFlowsFromNewBusinessDuringTestPeriod" xlink:title="definition: LiquidityRiskProjectOnCashFlowsCashFlowsFromBusiness to LiquidityRiskProjectOnCashFlowsCashFlowsFromNewBusinessDuringTestPeriod" use="optional" order="20.0"/>
    <link:loc xlink:type="locator" xlink:href="../../c-ross_core_2015-12-31.xsd#c-ross_LiquidityRiskProjectOnCashFlowsCashFlowsFromNewBusinessDuringTestPeriodPremiumIncome" xlink:label="LiquidityRiskProjectOnCashFlowsCashFlowsFromNewBusinessDuringTestPeriodPremiumIncome" xlink:title="LiquidityRiskProjectOnCashFlowsCashFlowsFromNewBusinessDuringTestPeriodPremiumIncome"/>
    <link:definitionArc xlink:type="arc" xlink:arcrole="http://xbrl.org/int/dim/arcrole/domain-member" xlink:from="LiquidityRiskProjectOnCashFlowsCashFlowsFromNewBusinessDuringTestPeriod" xlink:to="LiquidityRiskProjectOnCashFlowsCashFlowsFromNewBusinessDuringTestPeriodPremiumIncome" xlink:title="definition: LiquidityRiskProjectOnCashFlowsCashFlowsFromNewBusinessDuringTestPeriod to LiquidityRiskProjectOnCashFlowsCashFlowsFromNewBusinessDuringTestPeriodPremiumIncome" use="optional" order="10.0"/>
    <link:loc xlink:type="locator" xlink:href="../../c-ross_core_2015-12-31.xsd#c-ross_LiquidityRiskProjectOnCashFlowsCashFlowsFromNewBusinessDuringTestPeriodBenefitPayments" xlink:label="LiquidityRiskProjectOnCashFlowsCashFlowsFromNewBusinessDuringTestPeriodBenefitPayments" xlink:title="LiquidityRiskProjectOnCashFlowsCashFlowsFromNewBusinessDuringTestPeriodBenefitPayments"/>
    <link:definitionArc xlink:type="arc" xlink:arcrole="http://xbrl.org/int/dim/arcrole/domain-member" xlink:from="LiquidityRiskProjectOnCashFlowsCashFlowsFromNewBusinessDuringTestPeriod" xlink:to="LiquidityRiskProjectOnCashFlowsCashFlowsFromNewBusinessDuringTestPeriodBenefitPayments" xlink:title="definition: LiquidityRiskProjectOnCashFlowsCashFlowsFromNewBusinessDuringTestPeriod to LiquidityRiskProjectOnCashFlowsCashFlowsFromNewBusinessDuringTestPeriodBenefitPayments" use="optional" order="20.0"/>
    <link:loc xlink:type="locator" xlink:href="../../c-ross_core_2015-12-31.xsd#c-ross_LiquidityRiskProjectOnCashFlowsCashFlowsFromNewBusinessDuringTestPeriodMaturityBenefitPayment" xlink:label="LiquidityRiskProjectOnCashFlowsCashFlowsFromNewBusinessDuringTestPeriodMaturityBenefitPayment" xlink:title="LiquidityRiskProjectOnCashFlowsCashFlowsFromNewBusinessDuringTestPeriodMaturityBenefitPayment"/>
    <link:definitionArc xlink:type="arc" xlink:arcrole="http://xbrl.org/int/dim/arcrole/domain-member" xlink:from="LiquidityRiskProjectOnCashFlowsCashFlowsFromNewBusinessDuringTestPeriodBenefitPayments" xlink:to="LiquidityRiskProjectOnCashFlowsCashFlowsFromNewBusinessDuringTestPeriodMaturityBenefitPayment" xlink:title="definition: LiquidityRiskProjectOnCashFlowsCashFlowsFromNewBusinessDuringTestPeriodBenefitPayments to LiquidityRiskProjectOnCashFlowsCashFlowsFromNewBusinessDuringTestPeriodMaturityBenefitPayment" use="optional" order="10.0"/>
    <link:loc xlink:type="locator" xlink:href="../../c-ross_core_2015-12-31.xsd#c-ross_LiquidityRiskProjectOnCashFlowsCashFlowsFromNewBusinessDuringTestPeriodSurrenderPayment" xlink:label="LiquidityRiskProjectOnCashFlowsCashFlowsFromNewBusinessDuringTestPeriodSurrenderPayment" xlink:title="LiquidityRiskProjectOnCashFlowsCashFlowsFromNewBusinessDuringTestPeriodSurrenderPayment"/>
    <link:definitionArc xlink:type="arc" xlink:arcrole="http://xbrl.org/int/dim/arcrole/domain-member" xlink:from="LiquidityRiskProjectOnCashFlowsCashFlowsFromNewBusinessDuringTestPeriod" xlink:to="LiquidityRiskProjectOnCashFlowsCashFlowsFromNewBusinessDuringTestPeriodSurrenderPayment" xlink:title="definition: LiquidityRiskProjectOnCashFlowsCashFlowsFromNewBusinessDuringTestPeriod to LiquidityRiskProjectOnCashFlowsCashFlowsFromNewBusinessDuringTestPeriodSurrenderPayment" use="optional" order="30.0"/>
    <link:loc xlink:type="locator" xlink:href="../../c-ross_core_2015-12-31.xsd#c-ross_LiquidityRiskProjectOnCashFlowsCashFlowsFromNewBusinessDuringTestPeriodBonusesPayment" xlink:label="LiquidityRiskProjectOnCashFlowsCashFlowsFromNewBusinessDuringTestPeriodBonusesPayment" xlink:title="LiquidityRiskProjectOnCashFlowsCashFlowsFromNewBusinessDuringTestPeriodBonusesPayment"/>
    <link:definitionArc xlink:type="arc" xlink:arcrole="http://xbrl.org/int/dim/arcrole/domain-member" xlink:from="LiquidityRiskProjectOnCashFlowsCashFlowsFromNewBusinessDuringTestPeriod" xlink:to="LiquidityRiskProjectOnCashFlowsCashFlowsFromNewBusinessDuringTestPeriodBonusesPayment" xlink:title="definition: LiquidityRiskProjectOnCashFlowsCashFlowsFromNewBusinessDuringTestPeriod to LiquidityRiskProjectOnCashFlowsCashFlowsFromNewBusinessDuringTestPeriodBonusesPayment" use="optional" order="40.0"/>
    <link:loc xlink:type="locator" xlink:href="../../c-ross_core_2015-12-31.xsd#c-ross_LiquidityRiskProjectOnCashFlowsCashFlowsFromNewBusinessDuringTestPeriodDividendsPayment" xlink:label="LiquidityRiskProjectOnCashFlowsCashFlowsFromNewBusinessDuringTestPeriodDividendsPayment" xlink:title="LiquidityRiskProjectOnCashFlowsCashFlowsFromNewBusinessDuringTestPeriodDividendsPayment"/>
    <link:definitionArc xlink:type="arc" xlink:arcrole="http://xbrl.org/int/dim/arcrole/domain-member" xlink:from="LiquidityRiskProjectOnCashFlowsCashFlowsFromNewBusinessDuringTestPeriod" xlink:to="LiquidityRiskProjectOnCashFlowsCashFlowsFromNewBusinessDuringTestPeriodDividendsPayment" xlink:title="definition: LiquidityRiskProjectOnCashFlowsCashFlowsFromNewBusinessDuringTestPeriod to LiquidityRiskProjectOnCashFlowsCashFlowsFromNewBusinessDuringTestPeriodDividendsPayment" use="optional" order="50.0"/>
    <link:loc xlink:type="locator" xlink:href="../../c-ross_core_2015-12-31.xsd#c-ross_LiquidityRiskProjectOnCashFlowsCashFlowsFromNewBusinessDuringTestPeriodExpenses" xlink:label="LiquidityRiskProjectOnCashFlowsCashFlowsFromNewBusinessDuringTestPeriodExpenses" xlink:title="LiquidityRiskProjectOnCashFlowsCashFlowsFromNewBusinessDuringTestPeriodExpenses"/>
    <link:definitionArc xlink:type="arc" xlink:arcrole="http://xbrl.org/int/dim/arcrole/domain-member" xlink:from="LiquidityRiskProjectOnCashFlowsCashFlowsFromNewBusinessDuringTestPeriod" xlink:to="LiquidityRiskProjectOnCashFlowsCashFlowsFromNewBusinessDuringTestPeriodExpenses" xlink:title="definition: LiquidityRiskProjectOnCashFlowsCashFlowsFromNewBusinessDuringTestPeriod to LiquidityRiskProjectOnCashFlowsCashFlowsFromNewBusinessDuringTestPeriodExpenses" use="optional" order="60.0"/>
    <link:loc xlink:type="locator" xlink:href="../../c-ross_core_2015-12-31.xsd#c-ross_LiquidityRiskProjectOnCashFlowsCashFlowsFromNewBusinessDuringTestPeriodBusinessAndAdministrativeExpenses" xlink:label="LiquidityRiskProjectOnCashFlowsCashFlowsFromNewBusinessDuringTestPeriodBusinessAndAdministrativeExpenses" xlink:title="LiquidityRiskProjectOnCashFlowsCashFlowsFromNewBusinessDuringTestPeriodBusinessAndAdministrativeExpenses"/>
    <link:definitionArc xlink:type="arc" xlink:arcrole="http://xbrl.org/int/dim/arcrole/domain-member" xlink:from="LiquidityRiskProjectOnCashFlowsCashFlowsFromNewBusinessDuringTestPeriodExpenses" xlink:to="LiquidityRiskProjectOnCashFlowsCashFlowsFromNewBusinessDuringTestPeriodBusinessAndAdministrativeExpenses" xlink:title="definition: LiquidityRiskProjectOnCashFlowsCashFlowsFromNewBusinessDuringTestPeriodExpenses to LiquidityRiskProjectOnCashFlowsCashFlowsFromNewBusinessDuringTestPeriodBusinessAndAdministrativeExpenses" use="optional" order="10.0"/>
    <link:loc xlink:type="locator" xlink:href="../../c-ross_core_2015-12-31.xsd#c-ross_LiquidityRiskProjectOnCashFlowsCashFlowsFromNewBusinessDuringTestPeriodCommissions" xlink:label="LiquidityRiskProjectOnCashFlowsCashFlowsFromNewBusinessDuringTestPeriodCommissions" xlink:title="LiquidityRiskProjectOnCashFlowsCashFlowsFromNewBusinessDuringTestPeriodCommissions"/>
    <link:definitionArc xlink:type="arc" xlink:arcrole="http://xbrl.org/int/dim/arcrole/domain-member" xlink:from="LiquidityRiskProjectOnCashFlowsCashFlowsFromNewBusinessDuringTestPeriodExpenses" xlink:to="LiquidityRiskProjectOnCashFlowsCashFlowsFromNewBusinessDuringTestPeriodCommissions" xlink:title="definition: LiquidityRiskProjectOnCashFlowsCashFlowsFromNewBusinessDuringTestPeriodExpenses to LiquidityRiskProjectOnCashFlowsCashFlowsFromNewBusinessDuringTestPeriodCommissions" use="optional" order="20.0"/>
    <link:loc xlink:type="locator" xlink:href="../../c-ross_core_2015-12-31.xsd#c-ross_LiquidityRiskProjectOnCashFlowsCashFlowsFromNewBusinessDuringTestPeriodReinsuranceNetExpensesPayments" xlink:label="LiquidityRiskProjectOnCashFlowsCashFlowsFromNewBusinessDuringTestPeriodReinsuranceNetExpensesPayments" xlink:title="LiquidityRiskProjectOnCashFlowsCashFlowsFromNewBusinessDuringTestPeriodReinsuranceNetExpensesPayments"/>
    <link:definitionArc xlink:type="arc" xlink:arcrole="http://xbrl.org/int/dim/arcrole/domain-member" xlink:from="LiquidityRiskProjectOnCashFlowsCashFlowsFromNewBusinessDuringTestPeriod" xlink:to="LiquidityRiskProjectOnCashFlowsCashFlowsFromNewBusinessDuringTestPeriodReinsuranceNetExpensesPayments" xlink:title="definition: LiquidityRiskProjectOnCashFlowsCashFlowsFromNewBusinessDuringTestPeriod to LiquidityRiskProjectOnCashFlowsCashFlowsFromNewBusinessDuringTestPeriodReinsuranceNetExpensesPayments" use="optional" order="70.0"/>
    <link:loc xlink:type="locator" xlink:href="../../c-ross_core_2015-12-31.xsd#c-ross_LiquidityRiskProjectOnCashFlowsOtherCashFlowsFromBusiness" xlink:label="LiquidityRiskProjectOnCashFlowsOtherCashFlowsFromBusiness" xlink:title="LiquidityRiskProjectOnCashFlowsOtherCashFlowsFromBusiness"/>
    <link:definitionArc xlink:type="arc" xlink:arcrole="http://xbrl.org/int/dim/arcrole/domain-member" xlink:from="LiquidityRiskProjectOnCashFlowsCashFlowsFromBusiness" xlink:to="LiquidityRiskProjectOnCashFlowsOtherCashFlowsFromBusiness" xlink:title="definition: LiquidityRiskProjectOnCashFlowsCashFlowsFromBusiness to LiquidityRiskProjectOnCashFlowsOtherCashFlowsFromBusiness" use="optional" order="30.0"/>
    <link:loc xlink:type="locator" xlink:href="../../c-ross_core_2015-12-31.xsd#c-ross_LiquidityRiskProjectOnCashFlowsCashFlowsFromAssets" xlink:label="LiquidityRiskProjectOnCashFlowsCashFlowsFromAssets" xlink:title="LiquidityRiskProjectOnCashFlowsCashFlowsFromAssets"/>
    <link:loc xlink:type="locator" xlink:href="../../c-ross_core_2015-12-31.xsd#c-ross_LiquidityRiskProjectOnCashFlowsInterestIncome" xlink:label="LiquidityRiskProjectOnCashFlowsInterestIncome" xlink:title="LiquidityRiskProjectOnCashFlowsInterestIncome"/>
    <link:definitionArc xlink:type="arc" xlink:arcrole="http://xbrl.org/int/dim/arcrole/domain-member" xlink:from="LiquidityRiskProjectOnCashFlowsCashFlowsFromAssets" xlink:to="LiquidityRiskProjectOnCashFlowsInterestIncome" xlink:title="definition: LiquidityRiskProjectOnCashFlowsCashFlowsFromAssets to LiquidityRiskProjectOnCashFlowsInterestIncome" use="optional" order="10.0"/>
    <link:loc xlink:type="locator" xlink:href="../../c-ross_core_2015-12-31.xsd#c-ross_LiquidityRiskProjectOnCashFlowsBonusIncome" xlink:label="LiquidityRiskProjectOnCashFlowsBonusIncome" xlink:title="LiquidityRiskProjectOnCashFlowsBonusIncome"/>
    <link:definitionArc xlink:type="arc" xlink:arcrole="http://xbrl.org/int/dim/arcrole/domain-member" xlink:from="LiquidityRiskProjectOnCashFlowsCashFlowsFromAssets" xlink:to="LiquidityRiskProjectOnCashFlowsBonusIncome" xlink:title="definition: LiquidityRiskProjectOnCashFlowsCashFlowsFromAssets to LiquidityRiskProjectOnCashFlowsBonusIncome" use="optional" order="20.0"/>
    <link:loc xlink:type="locator" xlink:href="../../c-ross_core_2015-12-31.xsd#c-ross_LiquidityRiskProjectOnCashFlowsAssetsMaturity" xlink:label="LiquidityRiskProjectOnCashFlowsAssetsMaturity" xlink:title="LiquidityRiskProjectOnCashFlowsAssetsMaturity"/>
    <link:definitionArc xlink:type="arc" xlink:arcrole="http://xbrl.org/int/dim/arcrole/domain-member" xlink:from="LiquidityRiskProjectOnCashFlowsCashFlowsFromAssets" xlink:to="LiquidityRiskProjectOnCashFlowsAssetsMaturity" xlink:title="definition: LiquidityRiskProjectOnCashFlowsCashFlowsFromAssets to LiquidityRiskProjectOnCashFlowsAssetsMaturity" use="optional" order="30.0"/>
    <link:loc xlink:type="locator" xlink:href="../../c-ross_core_2015-12-31.xsd#c-ross_LiquidityRiskProjectOnCashFlowsSoldAssets" xlink:label="LiquidityRiskProjectOnCashFlowsSoldAssets" xlink:title="LiquidityRiskProjectOnCashFlowsSoldAssets"/>
    <link:definitionArc xlink:type="arc" xlink:arcrole="http://xbrl.org/int/dim/arcrole/domain-member" xlink:from="LiquidityRiskProjectOnCashFlowsCashFlowsFromAssets" xlink:to="LiquidityRiskProjectOnCashFlowsSoldAssets" xlink:title="definition: LiquidityRiskProjectOnCashFlowsCashFlowsFromAssets to LiquidityRiskProjectOnCashFlowsSoldAssets" use="optional" order="40.0"/>
    <link:loc xlink:type="locator" xlink:href="../../c-ross_core_2015-12-31.xsd#c-ross_LiquidityRiskProjectOnCashFlowsOtherCashFlowsFromAssets" xlink:label="LiquidityRiskProjectOnCashFlowsOtherCashFlowsFromAssets" xlink:title="LiquidityRiskProjectOnCashFlowsOtherCashFlowsFromAssets"/>
    <link:definitionArc xlink:type="arc" xlink:arcrole="http://xbrl.org/int/dim/arcrole/domain-member" xlink:from="LiquidityRiskProjectOnCashFlowsCashFlowsFromAssets" xlink:to="LiquidityRiskProjectOnCashFlowsOtherCashFlowsFromAssets" xlink:title="definition: LiquidityRiskProjectOnCashFlowsCashFlowsFromAssets to LiquidityRiskProjectOnCashFlowsOtherCashFlowsFromAssets" use="optional" order="50.0"/>
    <link:loc xlink:type="locator" xlink:href="../../c-ross_core_2015-12-31.xsd#c-ross_LiquidityRiskProjectOnCashFlowsCashFlowsFromFinancing" xlink:label="LiquidityRiskProjectOnCashFlowsCashFlowsFromFinancing" xlink:title="LiquidityRiskProjectOnCashFlowsCashFlowsFromFinancing"/>
    <link:loc xlink:type="locator" xlink:href="../../c-ross_core_2015-12-31.xsd#c-ross_LiquidityRiskProjectOnCashFlowsCashInflowsFromFinancing" xlink:label="LiquidityRiskProjectOnCashFlowsCashInflowsFromFinancing" xlink:title="LiquidityRiskProjectOnCashFlowsCashInflowsFromFinancing"/>
    <link:definitionArc xlink:type="arc" xlink:arcrole="http://xbrl.org/int/dim/arcrole/domain-member" xlink:from="LiquidityRiskProjectOnCashFlowsCashFlowsFromFinancing" xlink:to="LiquidityRiskProjectOnCashFlowsCashInflowsFromFinancing" xlink:title="definition: LiquidityRiskProjectOnCashFlowsCashFlowsFromFinancing to LiquidityRiskProjectOnCashFlowsCashInflowsFromFinancing" use="optional" order="10.0"/>
    <link:loc xlink:type="locator" xlink:href="../../c-ross_core_2015-12-31.xsd#c-ross_LiquidityRiskProjectOnCashFlowsShareholdersCapitalIncrease" xlink:label="LiquidityRiskProjectOnCashFlowsShareholdersCapitalIncrease" xlink:title="LiquidityRiskProjectOnCashFlowsShareholdersCapitalIncrease"/>
    <link:definitionArc xlink:type="arc" xlink:arcrole="http://xbrl.org/int/dim/arcrole/domain-member" xlink:from="LiquidityRiskProjectOnCashFlowsCashInflowsFromFinancing" xlink:to="LiquidityRiskProjectOnCashFlowsShareholdersCapitalIncrease" xlink:title="definition: LiquidityRiskProjectOnCashFlowsCashInflowsFromFinancing to LiquidityRiskProjectOnCashFlowsShareholdersCapitalIncrease" use="optional" order="10.0"/>
    <link:loc xlink:type="locator" xlink:href="../../c-ross_core_2015-12-31.xsd#c-ross_LiquidityRiskProjectOnCashFlowsSubordinatedDebts" xlink:label="LiquidityRiskProjectOnCashFlowsSubordinatedDebts" xlink:title="LiquidityRiskProjectOnCashFlowsSubordinatedDebts"/>
    <link:definitionArc xlink:type="arc" xlink:arcrole="http://xbrl.org/int/dim/arcrole/domain-member" xlink:from="LiquidityRiskProjectOnCashFlowsCashInflowsFromFinancing" xlink:to="LiquidityRiskProjectOnCashFlowsSubordinatedDebts" xlink:title="definition: LiquidityRiskProjectOnCashFlowsCashInflowsFromFinancing to LiquidityRiskProjectOnCashFlowsSubordinatedDebts" use="optional" order="20.0"/>
    <link:loc xlink:type="locator" xlink:href="../../c-ross_core_2015-12-31.xsd#c-ross_LiquidityRiskProjectOnCashFlowsFinancialAssetsRepurchase" xlink:label="LiquidityRiskProjectOnCashFlowsFinancialAssetsRepurchase" xlink:title="LiquidityRiskProjectOnCashFlowsFinancialAssetsRepurchase"/>
    <link:definitionArc xlink:type="arc" xlink:arcrole="http://xbrl.org/int/dim/arcrole/domain-member" xlink:from="LiquidityRiskProjectOnCashFlowsCashInflowsFromFinancing" xlink:to="LiquidityRiskProjectOnCashFlowsFinancialAssetsRepurchase" xlink:title="definition: LiquidityRiskProjectOnCashFlowsCashInflowsFromFinancing to LiquidityRiskProjectOnCashFlowsFinancialAssetsRepurchase" use="optional" order="30.0"/>
    <link:definitionArc xlink:type="arc" xlink:arcrole="http://xbrl.org/int/dim/arcrole/domain-member" xlink:from="LiquidityRiskProjectOnCashFlowsCashFlowsFromFinancing" xlink:to="LiquidityRiskProjectOnCashFlowsCashOutflowsFromFinancingActivities" xlink:title="definition: LiquidityRiskProjectOnCashFlowsCashFlowsFromFinancing to LiquidityRiskProjectOnCashFlowsCashOutflowsFromFinancingActivities" use="optional" order="20.0"/>
    <link:loc xlink:type="locator" xlink:href="../../c-ross_core_2015-12-31.xsd#c-ross_CashFlowTestUnderStressScenariosForLifeInsuranceCompaniesAbstract" xlink:label="CashFlowTestUnderStressScenariosForLifeInsuranceCompaniesAbstract" xlink:title="CashFlowTestUnderStressScenariosForLifeInsuranceCompaniesAbstract"/>
    <link:loc xlink:type="locator" xlink:href="../../c-ross_core_2015-12-31.xsd#c-ross_CashFlowTestUnderStressScenariosForLifeInsuranceCompaniesTable" xlink:label="CashFlowTestUnderStressScenariosForLifeInsuranceCompaniesTable" xlink:title="CashFlowTestUnderStressScenariosForLifeInsuranceCompaniesTable"/>
    <link:definitionArc xlink:type="arc" xlink:arcrole="http://xbrl.org/int/dim/arcrole/all" xlink:from="CashFlowTestUnderStressScenariosForLifeInsuranceCompaniesAbstract" xlink:to="CashFlowTestUnderStressScenariosForLifeInsuranceCompaniesTable" xlink:title="definition: CashFlowTestUnderStressScenariosForLifeInsuranceCompaniesAbstract to CashFlowTestUnderStressScenariosForLifeInsuranceCompaniesTable" use="optional" order="10.0" xbrldt:contextElement="scenario" xbrldt:closed="true"/>
    <link:definitionArc xlink:type="arc" xlink:arcrole="http://xbrl.org/int/dim/arcrole/hypercube-dimension" xlink:from="CashFlowTestUnderStressScenariosForLifeInsuranceCompaniesTable" xlink:to="CashFlowTestScenarioAxis" xlink:title="definition: CashFlowTestUnderStressScenariosForLifeInsuranceCompaniesTable to CashFlowTestScenarioAxis" use="optional" order="10.0"/>
    <link:definitionArc xlink:type="arc" xlink:arcrole="http://xbrl.org/int/dim/arcrole/hypercube-dimension" xlink:from="CashFlowTestUnderStressScenariosForLifeInsuranceCompaniesTable" xlink:to="CashFlowTestScopeAxis" xlink:title="definition: CashFlowTestUnderStressScenariosForLifeInsuranceCompaniesTable to CashFlowTestScopeAxis" use="optional" order="20.0"/>
    <link:definitionArc xlink:type="arc" xlink:arcrole="http://xbrl.org/int/dim/arcrole/hypercube-dimension" xlink:from="CashFlowTestUnderStressScenariosForLifeInsuranceCompaniesTable" xlink:to="CashFlowTestPeriodAxis" xlink:title="definition: CashFlowTestUnderStressScenariosForLifeInsuranceCompaniesTable to CashFlowTestPeriodAxis" use="optional" order="30.0"/>
    <link:loc xlink:type="locator" xlink:href="../../c-ross_core_2015-12-31.xsd#c-ross_CashFlowTestUnderStressScenariosForLifeInsuranceCompaniesLineItems" xlink:label="CashFlowTestUnderStressScenariosForLifeInsuranceCompaniesLineItems" xlink:title="CashFlowTestUnderStressScenariosForLifeInsuranceCompaniesLineItems"/>
    <link:definitionArc xlink:type="arc" xlink:arcrole="http://xbrl.org/int/dim/arcrole/domain-member" xlink:from="CashFlowTestUnderStressScenariosForLifeInsuranceCompaniesAbstract" xlink:to="CashFlowTestUnderStressScenariosForLifeInsuranceCompaniesLineItems" xlink:title="definition: CashFlowTestUnderStressScenariosForLifeInsuranceCompaniesAbstract to CashFlowTestUnderStressScenariosForLifeInsuranceCompaniesLineItems" use="optional" order="20.0"/>
    <link:definitionArc xlink:type="arc" xlink:arcrole="http://xbrl.org/int/dim/arcrole/domain-member" xlink:from="CashFlowTestUnderStressScenariosForLifeInsuranceCompaniesLineItems" xlink:to="LiquidityRiskProjectOnCashFlowsCashFlowsFromBusiness" xlink:title="definition: CashFlowTestUnderStressScenariosForLifeInsuranceCompaniesLineItems to LiquidityRiskProjectOnCashFlowsCashFlowsFromBusiness" use="optional" order="20.0"/>
    <link:definitionArc xlink:type="arc" xlink:arcrole="http://xbrl.org/int/dim/arcrole/domain-member" xlink:from="CashFlowTestUnderStressScenariosForLifeInsuranceCompaniesLineItems" xlink:to="LiquidityRiskProjectOnCashFlowsCashFlowsFromAssets" xlink:title="definition: CashFlowTestUnderStressScenariosForLifeInsuranceCompaniesLineItems to LiquidityRiskProjectOnCashFlowsCashFlowsFromAssets" use="optional" order="30.0"/>
    <link:definitionArc xlink:type="arc" xlink:arcrole="http://xbrl.org/int/dim/arcrole/domain-member" xlink:from="CashFlowTestUnderStressScenariosForLifeInsuranceCompaniesLineItems" xlink:to="LiquidityRiskProjectOnCashFlowsCashFlowsFromFinancing" xlink:title="definition: CashFlowTestUnderStressScenariosForLifeInsuranceCompaniesLineItems to LiquidityRiskProjectOnCashFlowsCashFlowsFromFinancing" use="optional" order="40.0"/>
    <link:loc xlink:type="locator" xlink:href="../../c-ross_core_2015-12-31.xsd#c-ross_LiquidityRiskProjectOnCashFlowsNetCashFlows" xlink:label="LiquidityRiskProjectOnCashFlowsNetCashFlows" xlink:title="LiquidityRiskProjectOnCashFlowsNetCashFlows"/>
    <link:definitionArc xlink:type="arc" xlink:arcrole="http://xbrl.org/int/dim/arcrole/domain-member" xlink:from="CashFlowTestUnderStressScenariosForLifeInsuranceCompaniesLineItems" xlink:to="LiquidityRiskProjectOnCashFlowsNetCashFlows" xlink:title="definition: CashFlowTestUnderStressScenariosForLifeInsuranceCompaniesLineItems to LiquidityRiskProjectOnCashFlowsNetCashFlows" use="optional" order="50.0"/>
    <link:loc xlink:type="locator" xlink:href="../../c-ross_core_2015-12-31.xsd#c-ross_DescriptionOfStressScenarioForSelfTest" xlink:label="DescriptionOfStressScenarioForSelfTest" xlink:title="DescriptionOfStressScenarioForSelfTest"/>
    <link:definitionArc xlink:type="arc" xlink:arcrole="http://xbrl.org/int/dim/arcrole/domain-member" xlink:from="CashFlowTestUnderStressScenariosForLifeInsuranceCompaniesLineItems" xlink:to="DescriptionOfStressScenarioForSelfTest" xlink:title="definition: CashFlowTestUnderStressScenariosForLifeInsuranceCompaniesLineItems to DescriptionOfStressScenarioForSelfTest" order="10.0"/>
  </link:definitionLink>
</link:linkbase>
