<?xml version="1.0" encoding="UTF-8"?>

<!--
	Taxonomy: 2015-12-31 (Final)
	**********************
	Copyright © 2015 China Insurance Regulatory Commission.
	All rights reserved.  No part of this publication may be translated, reprinted or reproduced
	or utilised in any form either in whole or in part without prior permission in writing from China Insurance Regulatory Commission.
	  **********************
	-->
<link:linkbase xmlns:xsi="http://www.w3.org/2001/XMLSchema-instance" xsi:schemaLocation="http://www.xbrl.org/2003/linkbase http://www.xbrl.org/2003/xbrl-linkbase-2003-12-31.xsd" xmlns:c-ross="http://xbrl.circ.gov.cn/taxonomy/2015-12-31/c-ross" xmlns:link="http://www.xbrl.org/2003/linkbase" xmlns:xbrldt="http://xbrl.org/2005/xbrldt" xmlns:xbrli="http://www.xbrl.org/2003/instance" xmlns:xlink="http://www.w3.org/1999/xlink">
  <link:roleRef roleURI="http://xbrl.circ.gov.cn/role/c-ross_2015-12-31_role-3180612a" xlink:type="simple" xlink:href="rol_c-ross_12_2015-12-31.xsd#c-ross_2015-12-31-3180612a"/>
  <link:roleRef roleURI="http://xbrl.circ.gov.cn/role/c-ross_2015-12-31_role-3180612" xlink:type="simple" xlink:href="rol_c-ross_12_2015-12-31.xsd#c-ross_2015-12-31-3180612"/>
  <link:arcroleRef arcroleURI="http://xbrl.org/int/dim/arcrole/all" xlink:type="simple" xlink:href="http://www.xbrl.org/2005/xbrldt-2005.xsd#all"/>
  <link:arcroleRef arcroleURI="http://xbrl.org/int/dim/arcrole/dimension-default" xlink:type="simple" xlink:href="http://www.xbrl.org/2005/xbrldt-2005.xsd#dimension-default"/>
  <link:arcroleRef arcroleURI="http://xbrl.org/int/dim/arcrole/dimension-domain" xlink:type="simple" xlink:href="http://www.xbrl.org/2005/xbrldt-2005.xsd#dimension-domain"/>
  <link:arcroleRef arcroleURI="http://xbrl.org/int/dim/arcrole/domain-member" xlink:type="simple" xlink:href="http://www.xbrl.org/2005/xbrldt-2005.xsd#domain-member"/>
  <link:arcroleRef arcroleURI="http://xbrl.org/int/dim/arcrole/hypercube-dimension" xlink:type="simple" xlink:href="http://www.xbrl.org/2005/xbrldt-2005.xsd#hypercube-dimension"/>
  <link:arcroleRef arcroleURI="http://xbrl.org/int/dim/arcrole/notAll" xlink:type="simple" xlink:href="http://www.xbrl.org/2005/xbrldt-2005.xsd#notAll"/>
  <link:definitionLink xlink:type="extended" xlink:role="http://xbrl.circ.gov.cn/role/c-ross_2015-12-31_role-3180612">
    <link:loc xlink:type="locator" xlink:href="../../c-ross_core_2015-12-31.xsd#c-ross_TypeOfCashFlowAxis" xlink:label="TypeOfCashFlowAxis" xlink:title="TypeOfCashFlowAxis"/>
    <link:loc xlink:type="locator" xlink:href="../../c-ross_core_2015-12-31.xsd#c-ross_TypeOfCashFlowMember" xlink:label="TypeOfCashFlowMember" xlink:title="TypeOfCashFlowMember"/>
    <link:definitionArc xlink:type="arc" xlink:arcrole="http://xbrl.org/int/dim/arcrole/dimension-domain" xlink:from="TypeOfCashFlowAxis" xlink:to="TypeOfCashFlowMember" xlink:title="definition: TypeOfCashFlowAxis to TypeOfCashFlowMember" use="optional" order="10.0"/>
    <link:loc xlink:type="locator" xlink:href="../../c-ross_core_2015-12-31.xsd#c-ross_TypeOfCashFlowMember" xlink:label="TypeOfCashFlowMember_2" xlink:title="TypeOfCashFlowMember"/>
    <link:definitionArc xlink:type="arc" xlink:arcrole="http://xbrl.org/int/dim/arcrole/dimension-default" xlink:from="TypeOfCashFlowAxis" xlink:to="TypeOfCashFlowMember_2" xlink:title="definition: TypeOfCashFlowAxis to TypeOfCashFlowMember" use="optional" order="20.0"/>
    <link:loc xlink:type="locator" xlink:href="../../c-ross_core_2015-12-31.xsd#c-ross_TradingCashFlowsMember" xlink:label="TradingCashFlowsMember" xlink:title="TradingCashFlowsMember"/>
    <link:definitionArc xlink:type="arc" xlink:arcrole="http://xbrl.org/int/dim/arcrole/domain-member" xlink:from="TypeOfCashFlowMember" xlink:to="TradingCashFlowsMember" xlink:title="definition: TypeOfCashFlowMember to TradingCashFlowsMember" use="optional" order="10.0"/>
    <link:loc xlink:type="locator" xlink:href="../../c-ross_core_2015-12-31.xsd#c-ross_CashFlowsWithoutIndicatingMaturityDateMember" xlink:label="CashFlowsWithoutIndicatingMaturityDateMember" xlink:title="CashFlowsWithoutIndicatingMaturityDateMember"/>
    <link:definitionArc xlink:type="arc" xlink:arcrole="http://xbrl.org/int/dim/arcrole/domain-member" xlink:from="TypeOfCashFlowMember" xlink:to="CashFlowsWithoutIndicatingMaturityDateMember" xlink:title="definition: TypeOfCashFlowMember to CashFlowsWithoutIndicatingMaturityDateMember" use="optional" order="20.0"/>
    <link:loc xlink:type="locator" xlink:href="../../c-ross_core_2015-12-31.xsd#c-ross_EstimatedCashInflowsOrOutflowsNonDiscountedMember" xlink:label="EstimatedCashInflowsOrOutflowsNonDiscountedMember" xlink:title="EstimatedCashInflowsOrOutflowsNonDiscountedMember"/>
    <link:definitionArc xlink:type="arc" xlink:arcrole="http://xbrl.org/int/dim/arcrole/domain-member" xlink:from="TypeOfCashFlowMember" xlink:to="EstimatedCashInflowsOrOutflowsNonDiscountedMember" xlink:title="definition: TypeOfCashFlowMember to EstimatedCashInflowsOrOutflowsNonDiscountedMember" use="optional" order="30.0"/>
    <link:loc xlink:type="locator" xlink:href="../../c-ross_core_2015-12-31.xsd#c-ross_EstimatedCashInflowsOrOutflowsNonDiscountedInThreeMonthsMember" xlink:label="EstimatedCashInflowsOrOutflowsNonDiscountedInThreeMonthsMember" xlink:title="EstimatedCashInflowsOrOutflowsNonDiscountedInThreeMonthsMember"/>
    <link:definitionArc xlink:type="arc" xlink:arcrole="http://xbrl.org/int/dim/arcrole/domain-member" xlink:from="EstimatedCashInflowsOrOutflowsNonDiscountedMember" xlink:to="EstimatedCashInflowsOrOutflowsNonDiscountedInThreeMonthsMember" xlink:title="definition: EstimatedCashInflowsOrOutflowsNonDiscountedMember to EstimatedCashInflowsOrOutflowsNonDiscountedInThreeMonthsMember" use="optional" order="10.0"/>
    <link:loc xlink:type="locator" xlink:href="../../c-ross_core_2015-12-31.xsd#c-ross_EstimatedCashInflowsOrOutflowsNonDiscountedInOneYearMember" xlink:label="EstimatedCashInflowsOrOutflowsNonDiscountedInOneYearMember" xlink:title="EstimatedCashInflowsOrOutflowsNonDiscountedInOneYearMember"/>
    <link:definitionArc xlink:type="arc" xlink:arcrole="http://xbrl.org/int/dim/arcrole/domain-member" xlink:from="EstimatedCashInflowsOrOutflowsNonDiscountedMember" xlink:to="EstimatedCashInflowsOrOutflowsNonDiscountedInOneYearMember" xlink:title="definition: EstimatedCashInflowsOrOutflowsNonDiscountedMember to EstimatedCashInflowsOrOutflowsNonDiscountedInOneYearMember" use="optional" order="20.0"/>
    <link:loc xlink:type="locator" xlink:href="../../c-ross_core_2015-12-31.xsd#c-ross_EstimatedCashInflowsOrOutflowsNonDiscountedOneYearAboveMember" xlink:label="EstimatedCashInflowsOrOutflowsNonDiscountedOneYearAboveMember" xlink:title="EstimatedCashInflowsOrOutflowsNonDiscountedOneYearAboveMember"/>
    <link:definitionArc xlink:type="arc" xlink:arcrole="http://xbrl.org/int/dim/arcrole/domain-member" xlink:from="EstimatedCashInflowsOrOutflowsNonDiscountedMember" xlink:to="EstimatedCashInflowsOrOutflowsNonDiscountedOneYearAboveMember" xlink:title="definition: EstimatedCashInflowsOrOutflowsNonDiscountedMember to EstimatedCashInflowsOrOutflowsNonDiscountedOneYearAboveMember" use="optional" order="30.0"/>
    <link:loc xlink:type="locator" xlink:href="../../c-ross_core_2015-12-31.xsd#c-ross_EstimatedCashInflowsOrOutflowsNonDiscountedInThreeToFiveYearsMember" xlink:label="EstimatedCashInflowsOrOutflowsNonDiscountedInThreeToFiveYearsMember" xlink:title="EstimatedCashInflowsOrOutflowsNonDiscountedInThreeToFiveYearsMember"/>
    <link:definitionArc xlink:type="arc" xlink:arcrole="http://xbrl.org/int/dim/arcrole/domain-member" xlink:from="EstimatedCashInflowsOrOutflowsNonDiscountedMember" xlink:to="EstimatedCashInflowsOrOutflowsNonDiscountedInThreeToFiveYearsMember" xlink:title="definition: EstimatedCashInflowsOrOutflowsNonDiscountedMember to EstimatedCashInflowsOrOutflowsNonDiscountedInThreeToFiveYearsMember" use="optional" order="40.0"/>
    <link:loc xlink:type="locator" xlink:href="../../c-ross_core_2015-12-31.xsd#c-ross_EstimatedCashInflowsOrOutflowsNonDiscountedFiveYearsAboveMember" xlink:label="EstimatedCashInflowsOrOutflowsNonDiscountedFiveYearsAboveMember" xlink:title="EstimatedCashInflowsOrOutflowsNonDiscountedFiveYearsAboveMember"/>
    <link:definitionArc xlink:type="arc" xlink:arcrole="http://xbrl.org/int/dim/arcrole/domain-member" xlink:from="EstimatedCashInflowsOrOutflowsNonDiscountedMember" xlink:to="EstimatedCashInflowsOrOutflowsNonDiscountedFiveYearsAboveMember" xlink:title="definition: EstimatedCashInflowsOrOutflowsNonDiscountedMember to EstimatedCashInflowsOrOutflowsNonDiscountedFiveYearsAboveMember" use="optional" order="50.0"/>
    <link:loc xlink:type="locator" xlink:href="../../c-ross_core_2015-12-31.xsd#c-ross_LiquidityRiskContractualUndiscountedCashFlowsOfInvestmentAssets" xlink:label="LiquidityRiskContractualUndiscountedCashFlowsOfInvestmentAssets" xlink:title="LiquidityRiskContractualUndiscountedCashFlowsOfInvestmentAssets"/>
    <link:loc xlink:type="locator" xlink:href="../../c-ross_core_2015-12-31.xsd#c-ross_LiquidityRiskContractualUndiscountedCashFlowsOfTermDepositsAndNegotiatedDeposits" xlink:label="LiquidityRiskContractualUndiscountedCashFlowsOfTermDepositsAndNegotiatedDeposits" xlink:title="LiquidityRiskContractualUndiscountedCashFlowsOfTermDepositsAndNegotiatedDeposits"/>
    <link:definitionArc xlink:type="arc" xlink:arcrole="http://xbrl.org/int/dim/arcrole/domain-member" xlink:from="LiquidityRiskContractualUndiscountedCashFlowsOfInvestmentAssets" xlink:to="LiquidityRiskContractualUndiscountedCashFlowsOfTermDepositsAndNegotiatedDeposits" xlink:title="definition: LiquidityRiskContractualUndiscountedCashFlowsOfInvestmentAssets to LiquidityRiskContractualUndiscountedCashFlowsOfTermDepositsAndNegotiatedDeposits" use="optional" order="10.0"/>
    <link:loc xlink:type="locator" xlink:href="../../c-ross_core_2015-12-31.xsd#c-ross_LiquidityRiskContractualUndiscountedCashFlowsOfTreasuryBonds" xlink:label="LiquidityRiskContractualUndiscountedCashFlowsOfTreasuryBonds" xlink:title="LiquidityRiskContractualUndiscountedCashFlowsOfTreasuryBonds"/>
    <link:definitionArc xlink:type="arc" xlink:arcrole="http://xbrl.org/int/dim/arcrole/domain-member" xlink:from="LiquidityRiskContractualUndiscountedCashFlowsOfInvestmentAssets" xlink:to="LiquidityRiskContractualUndiscountedCashFlowsOfTreasuryBonds" xlink:title="definition: LiquidityRiskContractualUndiscountedCashFlowsOfInvestmentAssets to LiquidityRiskContractualUndiscountedCashFlowsOfTreasuryBonds" use="optional" order="20.0"/>
    <link:loc xlink:type="locator" xlink:href="../../c-ross_core_2015-12-31.xsd#c-ross_LiquidityRiskContractualUndiscountedCashFlowsOfFinancialBonds" xlink:label="LiquidityRiskContractualUndiscountedCashFlowsOfFinancialBonds" xlink:title="LiquidityRiskContractualUndiscountedCashFlowsOfFinancialBonds"/>
    <link:definitionArc xlink:type="arc" xlink:arcrole="http://xbrl.org/int/dim/arcrole/domain-member" xlink:from="LiquidityRiskContractualUndiscountedCashFlowsOfInvestmentAssets" xlink:to="LiquidityRiskContractualUndiscountedCashFlowsOfFinancialBonds" xlink:title="definition: LiquidityRiskContractualUndiscountedCashFlowsOfInvestmentAssets to LiquidityRiskContractualUndiscountedCashFlowsOfFinancialBonds" use="optional" order="30.0"/>
    <link:loc xlink:type="locator" xlink:href="../../c-ross_core_2015-12-31.xsd#c-ross_LiquidityRiskContractualUndiscountedCashFlowsOfCorporateBonds" xlink:label="LiquidityRiskContractualUndiscountedCashFlowsOfCorporateBonds" xlink:title="LiquidityRiskContractualUndiscountedCashFlowsOfCorporateBonds"/>
    <link:definitionArc xlink:type="arc" xlink:arcrole="http://xbrl.org/int/dim/arcrole/domain-member" xlink:from="LiquidityRiskContractualUndiscountedCashFlowsOfInvestmentAssets" xlink:to="LiquidityRiskContractualUndiscountedCashFlowsOfCorporateBonds" xlink:title="definition: LiquidityRiskContractualUndiscountedCashFlowsOfInvestmentAssets to LiquidityRiskContractualUndiscountedCashFlowsOfCorporateBonds" use="optional" order="40.0"/>
    <link:loc xlink:type="locator" xlink:href="../../c-ross_core_2015-12-31.xsd#c-ross_LiquidityRiskContractualUndiscountedCashFlowsOfAssetSecuritizationProducts" xlink:label="LiquidityRiskContractualUndiscountedCashFlowsOfAssetSecuritizationProducts" xlink:title="LiquidityRiskContractualUndiscountedCashFlowsOfAssetSecuritizationProducts"/>
    <link:definitionArc xlink:type="arc" xlink:arcrole="http://xbrl.org/int/dim/arcrole/domain-member" xlink:from="LiquidityRiskContractualUndiscountedCashFlowsOfInvestmentAssets" xlink:to="LiquidityRiskContractualUndiscountedCashFlowsOfAssetSecuritizationProducts" xlink:title="definition: LiquidityRiskContractualUndiscountedCashFlowsOfInvestmentAssets to LiquidityRiskContractualUndiscountedCashFlowsOfAssetSecuritizationProducts" use="optional" order="50.0"/>
    <link:loc xlink:type="locator" xlink:href="../../c-ross_core_2015-12-31.xsd#c-ross_LiquidityRiskContractualUndiscountedCashFlowsOfTrustAssets" xlink:label="LiquidityRiskContractualUndiscountedCashFlowsOfTrustAssets" xlink:title="LiquidityRiskContractualUndiscountedCashFlowsOfTrustAssets"/>
    <link:definitionArc xlink:type="arc" xlink:arcrole="http://xbrl.org/int/dim/arcrole/domain-member" xlink:from="LiquidityRiskContractualUndiscountedCashFlowsOfInvestmentAssets" xlink:to="LiquidityRiskContractualUndiscountedCashFlowsOfTrustAssets" xlink:title="definition: LiquidityRiskContractualUndiscountedCashFlowsOfInvestmentAssets to LiquidityRiskContractualUndiscountedCashFlowsOfTrustAssets" use="optional" order="60.0"/>
    <link:loc xlink:type="locator" xlink:href="../../c-ross_core_2015-12-31.xsd#c-ross_LiquidityRiskContractualUndiscountedCashFlowsOfInvestmentInInfrastructures" xlink:label="LiquidityRiskContractualUndiscountedCashFlowsOfInvestmentInInfrastructures" xlink:title="LiquidityRiskContractualUndiscountedCashFlowsOfInvestmentInInfrastructures"/>
    <link:definitionArc xlink:type="arc" xlink:arcrole="http://xbrl.org/int/dim/arcrole/domain-member" xlink:from="LiquidityRiskContractualUndiscountedCashFlowsOfInvestmentAssets" xlink:to="LiquidityRiskContractualUndiscountedCashFlowsOfInvestmentInInfrastructures" xlink:title="definition: LiquidityRiskContractualUndiscountedCashFlowsOfInvestmentAssets to LiquidityRiskContractualUndiscountedCashFlowsOfInvestmentInInfrastructures" use="optional" order="70.0"/>
    <link:loc xlink:type="locator" xlink:href="../../c-ross_core_2015-12-31.xsd#c-ross_LiquidityRiskContractualUndiscountedCashFlowsOfInsuranceAssetManagementProducts" xlink:label="LiquidityRiskContractualUndiscountedCashFlowsOfInsuranceAssetManagementProducts" xlink:title="LiquidityRiskContractualUndiscountedCashFlowsOfInsuranceAssetManagementProducts"/>
    <link:definitionArc xlink:type="arc" xlink:arcrole="http://xbrl.org/int/dim/arcrole/domain-member" xlink:from="LiquidityRiskContractualUndiscountedCashFlowsOfInvestmentAssets" xlink:to="LiquidityRiskContractualUndiscountedCashFlowsOfInsuranceAssetManagementProducts" xlink:title="definition: LiquidityRiskContractualUndiscountedCashFlowsOfInvestmentAssets to LiquidityRiskContractualUndiscountedCashFlowsOfInsuranceAssetManagementProducts" use="optional" order="80.0"/>
    <link:loc xlink:type="locator" xlink:href="../../c-ross_core_2015-12-31.xsd#c-ross_LiquidityRiskContractualUndiscountedCashFlowsOfEquityInvestment" xlink:label="LiquidityRiskContractualUndiscountedCashFlowsOfEquityInvestment" xlink:title="LiquidityRiskContractualUndiscountedCashFlowsOfEquityInvestment"/>
    <link:definitionArc xlink:type="arc" xlink:arcrole="http://xbrl.org/int/dim/arcrole/domain-member" xlink:from="LiquidityRiskContractualUndiscountedCashFlowsOfInvestmentAssets" xlink:to="LiquidityRiskContractualUndiscountedCashFlowsOfEquityInvestment" xlink:title="definition: LiquidityRiskContractualUndiscountedCashFlowsOfInvestmentAssets to LiquidityRiskContractualUndiscountedCashFlowsOfEquityInvestment" use="optional" order="90.0"/>
    <link:loc xlink:type="locator" xlink:href="../../c-ross_core_2015-12-31.xsd#c-ross_LiquidityRiskContractualUndiscountedCashFlowsOfLoans" xlink:label="LiquidityRiskContractualUndiscountedCashFlowsOfLoans" xlink:title="LiquidityRiskContractualUndiscountedCashFlowsOfLoans"/>
    <link:definitionArc xlink:type="arc" xlink:arcrole="http://xbrl.org/int/dim/arcrole/domain-member" xlink:from="LiquidityRiskContractualUndiscountedCashFlowsOfInvestmentAssets" xlink:to="LiquidityRiskContractualUndiscountedCashFlowsOfLoans" xlink:title="definition: LiquidityRiskContractualUndiscountedCashFlowsOfInvestmentAssets to LiquidityRiskContractualUndiscountedCashFlowsOfLoans" use="optional" order="100.0"/>
    <link:loc xlink:type="locator" xlink:href="../../c-ross_core_2015-12-31.xsd#c-ross_LiquidityRiskContractualUndiscountedCashFlowsOfInvestmentProperty" xlink:label="LiquidityRiskContractualUndiscountedCashFlowsOfInvestmentProperty" xlink:title="LiquidityRiskContractualUndiscountedCashFlowsOfInvestmentProperty"/>
    <link:definitionArc xlink:type="arc" xlink:arcrole="http://xbrl.org/int/dim/arcrole/domain-member" xlink:from="LiquidityRiskContractualUndiscountedCashFlowsOfInvestmentAssets" xlink:to="LiquidityRiskContractualUndiscountedCashFlowsOfInvestmentProperty" xlink:title="definition: LiquidityRiskContractualUndiscountedCashFlowsOfInvestmentAssets to LiquidityRiskContractualUndiscountedCashFlowsOfInvestmentProperty" use="optional" order="110.0"/>
    <link:loc xlink:type="locator" xlink:href="../../c-ross_core_2015-12-31.xsd#c-ross_LiquidityRiskContractualUndiscountedCashFlowsOfDerivativeFinancialInstruments" xlink:label="LiquidityRiskContractualUndiscountedCashFlowsOfDerivativeFinancialInstruments" xlink:title="LiquidityRiskContractualUndiscountedCashFlowsOfDerivativeFinancialInstruments"/>
    <link:definitionArc xlink:type="arc" xlink:arcrole="http://xbrl.org/int/dim/arcrole/domain-member" xlink:from="LiquidityRiskContractualUndiscountedCashFlowsOfInvestmentAssets" xlink:to="LiquidityRiskContractualUndiscountedCashFlowsOfDerivativeFinancialInstruments" xlink:title="definition: LiquidityRiskContractualUndiscountedCashFlowsOfInvestmentAssets to LiquidityRiskContractualUndiscountedCashFlowsOfDerivativeFinancialInstruments" use="optional" order="120.0"/>
    <link:loc xlink:type="locator" xlink:href="../../c-ross_core_2015-12-31.xsd#c-ross_LiquidityRiskContractualUndiscountedCashFlowsOfOtherInvestmentAssets" xlink:label="LiquidityRiskContractualUndiscountedCashFlowsOfOtherInvestmentAssets" xlink:title="LiquidityRiskContractualUndiscountedCashFlowsOfOtherInvestmentAssets"/>
    <link:definitionArc xlink:type="arc" xlink:arcrole="http://xbrl.org/int/dim/arcrole/domain-member" xlink:from="LiquidityRiskContractualUndiscountedCashFlowsOfInvestmentAssets" xlink:to="LiquidityRiskContractualUndiscountedCashFlowsOfOtherInvestmentAssets" xlink:title="definition: LiquidityRiskContractualUndiscountedCashFlowsOfInvestmentAssets to LiquidityRiskContractualUndiscountedCashFlowsOfOtherInvestmentAssets" use="optional" order="130.0"/>
    <link:loc xlink:type="locator" xlink:href="../../c-ross_core_2015-12-31.xsd#c-ross_LiquidityRiskIntegratedCurrentRatio" xlink:label="LiquidityRiskIntegratedCurrentRatio" xlink:title="LiquidityRiskIntegratedCurrentRatio"/>
    <link:loc xlink:type="locator" xlink:href="../../c-ross_core_2015-12-31.xsd#c-ross_ExcludedTable" xlink:label="Excluded" xlink:title="Excluded"/>
    <link:definitionArc xlink:type="arc" xlink:arcrole="http://xbrl.org/int/dim/arcrole/notAll" xlink:from="LiquidityRiskIntegratedCurrentRatio" xlink:to="Excluded" xlink:title="definition: LiquidityRiskIntegratedCurrentRatio to Excluded" order="10.0" xbrldt:contextElement="scenario" xbrldt:targetRole="http://xbrl.circ.gov.cn/role/c-ross_2015-12-31_role-3180612a"/>
    <link:loc xlink:type="locator" xlink:href="../../c-ross_core_2015-12-31.xsd#c-ross_LiquidityRiskCashFlowsOfAssetsAndLiabilitiesAbstract" xlink:label="LiquidityRiskCashFlowsOfAssetsAndLiabilitiesAbstract" xlink:title="LiquidityRiskCashFlowsOfAssetsAndLiabilitiesAbstract"/>
    <link:loc xlink:type="locator" xlink:href="../../c-ross_core_2015-12-31.xsd#c-ross_IntegratedLiquidityRatioForLifeInsuranceCompaniesCashFlowsOfAssetsAndLiabilitiesTable" xlink:label="IntegratedLiquidityRatioForLifeInsuranceCompaniesTable" xlink:title="IntegratedLiquidityRatioForLifeInsuranceCompaniesTable"/>
    <link:definitionArc xlink:type="arc" xlink:arcrole="http://xbrl.org/int/dim/arcrole/all" xlink:from="LiquidityRiskCashFlowsOfAssetsAndLiabilitiesAbstract" xlink:to="IntegratedLiquidityRatioForLifeInsuranceCompaniesTable" xlink:title="definition: LiquidityRiskCashFlowsOfAssetsAndLiabilitiesAbstract to IntegratedLiquidityRatioForLifeInsuranceCompaniesTable" use="optional" order="10.0" xbrldt:contextElement="scenario" xbrldt:closed="true"/>
    <link:definitionArc xlink:type="arc" xlink:arcrole="http://xbrl.org/int/dim/arcrole/hypercube-dimension" xlink:from="IntegratedLiquidityRatioForLifeInsuranceCompaniesTable" xlink:to="TypeOfCashFlowAxis" xlink:title="definition: IntegratedLiquidityRatioForLifeInsuranceCompaniesTable to TypeOfCashFlowAxis" use="optional" order="10.0"/>
    <link:loc xlink:type="locator" xlink:href="../../c-ross_core_2015-12-31.xsd#c-ross_IntegratedLiquidityRatioForLifeInsuranceCompaniesCashFlowsOfAssetsAndLiabilitiesLineItems" xlink:label="IntegratedLiquidityRatioForLifeInsuranceCompaniesLineItems" xlink:title="IntegratedLiquidityRatioForLifeInsuranceCompaniesLineItems"/>
    <link:definitionArc xlink:type="arc" xlink:arcrole="http://xbrl.org/int/dim/arcrole/domain-member" xlink:from="LiquidityRiskCashFlowsOfAssetsAndLiabilitiesAbstract" xlink:to="IntegratedLiquidityRatioForLifeInsuranceCompaniesLineItems" xlink:title="definition: LiquidityRiskCashFlowsOfAssetsAndLiabilitiesAbstract to IntegratedLiquidityRatioForLifeInsuranceCompaniesLineItems" use="optional" order="20.0"/>
    <link:loc xlink:type="locator" xlink:href="../../c-ross_core_2015-12-31.xsd#c-ross_LiquidityRiskContractualUndiscountedCashFlowsOfCashAndCashEquivalents" xlink:label="LiquidityRiskContractualUndiscountedCashFlowsOfCashAndCashEquivalents" xlink:title="LiquidityRiskContractualUndiscountedCashFlowsOfCashAndCashEquivalents"/>
    <link:definitionArc xlink:type="arc" xlink:arcrole="http://xbrl.org/int/dim/arcrole/domain-member" xlink:from="IntegratedLiquidityRatioForLifeInsuranceCompaniesLineItems" xlink:to="LiquidityRiskContractualUndiscountedCashFlowsOfCashAndCashEquivalents" xlink:title="definition: IntegratedLiquidityRatioForLifeInsuranceCompaniesLineItems to LiquidityRiskContractualUndiscountedCashFlowsOfCashAndCashEquivalents" use="optional" order="10.0"/>
    <link:definitionArc xlink:type="arc" xlink:arcrole="http://xbrl.org/int/dim/arcrole/domain-member" xlink:from="IntegratedLiquidityRatioForLifeInsuranceCompaniesLineItems" xlink:to="LiquidityRiskContractualUndiscountedCashFlowsOfInvestmentAssets" xlink:title="definition: IntegratedLiquidityRatioForLifeInsuranceCompaniesLineItems to LiquidityRiskContractualUndiscountedCashFlowsOfInvestmentAssets" use="optional" order="20.0"/>
    <link:loc xlink:type="locator" xlink:href="../../c-ross_core_2015-12-31.xsd#c-ross_LiquidityRiskContractualUndiscountedCashFlowsOfReceivables" xlink:label="LiquidityRiskContractualUndiscountedCashFlowsOfReceivables" xlink:title="LiquidityRiskContractualUndiscountedCashFlowsOfReceivables"/>
    <link:definitionArc xlink:type="arc" xlink:arcrole="http://xbrl.org/int/dim/arcrole/domain-member" xlink:from="IntegratedLiquidityRatioForLifeInsuranceCompaniesLineItems" xlink:to="LiquidityRiskContractualUndiscountedCashFlowsOfReceivables" xlink:title="definition: IntegratedLiquidityRatioForLifeInsuranceCompaniesLineItems to LiquidityRiskContractualUndiscountedCashFlowsOfReceivables" use="optional" order="30.0"/>
    <link:loc xlink:type="locator" xlink:href="../../c-ross_core_2015-12-31.xsd#c-ross_LiquidityRiskContractualUndiscountedCashFlowsOfOtherAssets" xlink:label="LiquidityRiskContractualUndiscountedCashFlowsOfOtherAssets" xlink:title="LiquidityRiskContractualUndiscountedCashFlowsOfOtherAssets"/>
    <link:definitionArc xlink:type="arc" xlink:arcrole="http://xbrl.org/int/dim/arcrole/domain-member" xlink:from="IntegratedLiquidityRatioForLifeInsuranceCompaniesLineItems" xlink:to="LiquidityRiskContractualUndiscountedCashFlowsOfOtherAssets" xlink:title="definition: IntegratedLiquidityRatioForLifeInsuranceCompaniesLineItems to LiquidityRiskContractualUndiscountedCashFlowsOfOtherAssets" use="optional" order="40.0"/>
    <link:loc xlink:type="locator" xlink:href="../../c-ross_core_2015-12-31.xsd#c-ross_LiquidityRiskContractualUndiscountedCashFlowsOfSeparateAccountAssets" xlink:label="LiquidityRiskContractualUndiscountedCashFlowsOfSeparateAccountAssets" xlink:title="LiquidityRiskContractualUndiscountedCashFlowsOfSeparateAccountAssets"/>
    <link:definitionArc xlink:type="arc" xlink:arcrole="http://xbrl.org/int/dim/arcrole/domain-member" xlink:from="IntegratedLiquidityRatioForLifeInsuranceCompaniesLineItems" xlink:to="LiquidityRiskContractualUndiscountedCashFlowsOfSeparateAccountAssets" xlink:title="definition: IntegratedLiquidityRatioForLifeInsuranceCompaniesLineItems to LiquidityRiskContractualUndiscountedCashFlowsOfSeparateAccountAssets" use="optional" order="50.0"/>
    <link:loc xlink:type="locator" xlink:href="../../c-ross_core_2015-12-31.xsd#c-ross_LiquidityRiskContractualUndiscountedCashFlowsOfAssets" xlink:label="LiquidityRiskContractualUndiscountedCashFlowsOfAssets" xlink:title="LiquidityRiskContractualUndiscountedCashFlowsOfAssets"/>
    <link:definitionArc xlink:type="arc" xlink:arcrole="http://xbrl.org/int/dim/arcrole/domain-member" xlink:from="IntegratedLiquidityRatioForLifeInsuranceCompaniesLineItems" xlink:to="LiquidityRiskContractualUndiscountedCashFlowsOfAssets" xlink:title="definition: IntegratedLiquidityRatioForLifeInsuranceCompaniesLineItems to LiquidityRiskContractualUndiscountedCashFlowsOfAssets" use="optional" order="60.0"/>
    <link:loc xlink:type="locator" xlink:href="../../c-ross_core_2015-12-31.xsd#c-ross_LiquidityRiskContractualUndiscountedCashFlowsOfUnearnedPremiumReserve" xlink:label="LiquidityRiskContractualUndiscountedCashFlowsOfUnearnedPremiumReserve" xlink:title="LiquidityRiskContractualUndiscountedCashFlowsOfUnearnedPremiumReserve"/>
    <link:definitionArc xlink:type="arc" xlink:arcrole="http://xbrl.org/int/dim/arcrole/domain-member" xlink:from="IntegratedLiquidityRatioForLifeInsuranceCompaniesLineItems" xlink:to="LiquidityRiskContractualUndiscountedCashFlowsOfUnearnedPremiumReserve" xlink:title="definition: IntegratedLiquidityRatioForLifeInsuranceCompaniesLineItems to LiquidityRiskContractualUndiscountedCashFlowsOfUnearnedPremiumReserve" use="optional" order="70.0"/>
    <link:loc xlink:type="locator" xlink:href="../../c-ross_core_2015-12-31.xsd#c-ross_LiquidityRiskContractualUndiscountedCashFlowsOfLifeInsurancePremiumReserve" xlink:label="LiquidityRiskContractualUndiscountedCashFlowsOfLifeInsurancePremiumReserve" xlink:title="LiquidityRiskContractualUndiscountedCashFlowsOfLifeInsurancePremiumReserve"/>
    <link:definitionArc xlink:type="arc" xlink:arcrole="http://xbrl.org/int/dim/arcrole/domain-member" xlink:from="IntegratedLiquidityRatioForLifeInsuranceCompaniesLineItems" xlink:to="LiquidityRiskContractualUndiscountedCashFlowsOfLifeInsurancePremiumReserve" xlink:title="definition: IntegratedLiquidityRatioForLifeInsuranceCompaniesLineItems to LiquidityRiskContractualUndiscountedCashFlowsOfLifeInsurancePremiumReserve" use="optional" order="80.0"/>
    <link:loc xlink:type="locator" xlink:href="../../c-ross_core_2015-12-31.xsd#c-ross_LiquidityRiskContractualUndiscountedCashFlowsOfLongTermHealthInsurancePremiumReserve" xlink:label="LiquidityRiskContractualUndiscountedCashFlowsOfLongTermHealthInsurancePremiumReserve" xlink:title="LiquidityRiskContractualUndiscountedCashFlowsOfLongTermHealthInsurancePremiumReserve"/>
    <link:definitionArc xlink:type="arc" xlink:arcrole="http://xbrl.org/int/dim/arcrole/domain-member" xlink:from="IntegratedLiquidityRatioForLifeInsuranceCompaniesLineItems" xlink:to="LiquidityRiskContractualUndiscountedCashFlowsOfLongTermHealthInsurancePremiumReserve" xlink:title="definition: IntegratedLiquidityRatioForLifeInsuranceCompaniesLineItems to LiquidityRiskContractualUndiscountedCashFlowsOfLongTermHealthInsurancePremiumReserve" use="optional" order="90.0"/>
    <link:loc xlink:type="locator" xlink:href="../../c-ross_core_2015-12-31.xsd#c-ross_LiquidityRiskContractualUndiscountedCashFlowsOfOutstandingLossReserve" xlink:label="LiquidityRiskContractualUndiscountedCashFlowsOfOutstandingLossReserve" xlink:title="LiquidityRiskContractualUndiscountedCashFlowsOfOutstandingLossReserve"/>
    <link:definitionArc xlink:type="arc" xlink:arcrole="http://xbrl.org/int/dim/arcrole/domain-member" xlink:from="IntegratedLiquidityRatioForLifeInsuranceCompaniesLineItems" xlink:to="LiquidityRiskContractualUndiscountedCashFlowsOfOutstandingLossReserve" xlink:title="definition: IntegratedLiquidityRatioForLifeInsuranceCompaniesLineItems to LiquidityRiskContractualUndiscountedCashFlowsOfOutstandingLossReserve" use="optional" order="100.0"/>
    <link:loc xlink:type="locator" xlink:href="../../c-ross_core_2015-12-31.xsd#c-ross_LiquidityRiskContractualUndiscountedCashFlowsOfPolicyholderDepositsAndInvestments" xlink:label="LiquidityRiskContractualUndiscountedCashFlowsOfPolicyholderDepositsAndInvestments" xlink:title="LiquidityRiskContractualUndiscountedCashFlowsOfPolicyholderDepositsAndInvestments"/>
    <link:definitionArc xlink:type="arc" xlink:arcrole="http://xbrl.org/int/dim/arcrole/domain-member" xlink:from="IntegratedLiquidityRatioForLifeInsuranceCompaniesLineItems" xlink:to="LiquidityRiskContractualUndiscountedCashFlowsOfPolicyholderDepositsAndInvestments" xlink:title="definition: IntegratedLiquidityRatioForLifeInsuranceCompaniesLineItems to LiquidityRiskContractualUndiscountedCashFlowsOfPolicyholderDepositsAndInvestments" use="optional" order="110.0"/>
    <link:loc xlink:type="locator" xlink:href="../../c-ross_core_2015-12-31.xsd#c-ross_LiquidityRiskContractualUndiscountedCashFlowsOfPolicyholderBonusesPayable" xlink:label="LiquidityRiskContractualUndiscountedCashFlowsOfPolicyholderBonusesPayable" xlink:title="LiquidityRiskContractualUndiscountedCashFlowsOfPolicyholderBonusesPayable"/>
    <link:definitionArc xlink:type="arc" xlink:arcrole="http://xbrl.org/int/dim/arcrole/domain-member" xlink:from="IntegratedLiquidityRatioForLifeInsuranceCompaniesLineItems" xlink:to="LiquidityRiskContractualUndiscountedCashFlowsOfPolicyholderBonusesPayable" xlink:title="definition: IntegratedLiquidityRatioForLifeInsuranceCompaniesLineItems to LiquidityRiskContractualUndiscountedCashFlowsOfPolicyholderBonusesPayable" use="optional" order="120.0"/>
    <link:loc xlink:type="locator" xlink:href="../../c-ross_core_2015-12-31.xsd#c-ross_LiquidityRiskContractualUndiscountedCashFlowsOfCommissionsPayable" xlink:label="LiquidityRiskContractualUndiscountedCashFlowsOfCommissionsPayable" xlink:title="LiquidityRiskContractualUndiscountedCashFlowsOfCommissionsPayable"/>
    <link:definitionArc xlink:type="arc" xlink:arcrole="http://xbrl.org/int/dim/arcrole/domain-member" xlink:from="IntegratedLiquidityRatioForLifeInsuranceCompaniesLineItems" xlink:to="LiquidityRiskContractualUndiscountedCashFlowsOfCommissionsPayable" xlink:title="definition: IntegratedLiquidityRatioForLifeInsuranceCompaniesLineItems to LiquidityRiskContractualUndiscountedCashFlowsOfCommissionsPayable" use="optional" order="130.0"/>
    <link:loc xlink:type="locator" xlink:href="../../c-ross_core_2015-12-31.xsd#c-ross_LiquidityRiskContractualUndiscountedCashFlowsOfPayables" xlink:label="LiquidityRiskContractualUndiscountedCashFlowsOfPayables" xlink:title="LiquidityRiskContractualUndiscountedCashFlowsOfPayables"/>
    <link:definitionArc xlink:type="arc" xlink:arcrole="http://xbrl.org/int/dim/arcrole/domain-member" xlink:from="IntegratedLiquidityRatioForLifeInsuranceCompaniesLineItems" xlink:to="LiquidityRiskContractualUndiscountedCashFlowsOfPayables" xlink:title="definition: IntegratedLiquidityRatioForLifeInsuranceCompaniesLineItems to LiquidityRiskContractualUndiscountedCashFlowsOfPayables" use="optional" order="140.0"/>
    <link:loc xlink:type="locator" xlink:href="../../c-ross_core_2015-12-31.xsd#c-ross_LiquidityRiskContractualUndiscountedCashFlowsOfSecuritiesSoldUnderRepurchaseAgreements" xlink:label="LiquidityRiskContractualUndiscountedCashFlowsOfSecuritiesSoldUnderRepurchaseAgreements" xlink:title="LiquidityRiskContractualUndiscountedCashFlowsOfSecuritiesSoldUnderRepurchaseAgreements"/>
    <link:definitionArc xlink:type="arc" xlink:arcrole="http://xbrl.org/int/dim/arcrole/domain-member" xlink:from="IntegratedLiquidityRatioForLifeInsuranceCompaniesLineItems" xlink:to="LiquidityRiskContractualUndiscountedCashFlowsOfSecuritiesSoldUnderRepurchaseAgreements" xlink:title="definition: IntegratedLiquidityRatioForLifeInsuranceCompaniesLineItems to LiquidityRiskContractualUndiscountedCashFlowsOfSecuritiesSoldUnderRepurchaseAgreements" use="optional" order="150.0"/>
    <link:loc xlink:type="locator" xlink:href="../../c-ross_core_2015-12-31.xsd#c-ross_LiquidityRiskContractualUndiscountedCashFlowsOfSecuritiesPayableUnderResaleAgreements" xlink:label="LiquidityRiskContractualUndiscountedCashFlowsOfSecuritiesPayableUnderResaleAgreements" xlink:title="LiquidityRiskContractualUndiscountedCashFlowsOfSecuritiesPayableUnderResaleAgreements"/>
    <link:definitionArc xlink:type="arc" xlink:arcrole="http://xbrl.org/int/dim/arcrole/domain-member" xlink:from="IntegratedLiquidityRatioForLifeInsuranceCompaniesLineItems" xlink:to="LiquidityRiskContractualUndiscountedCashFlowsOfSecuritiesPayableUnderResaleAgreements" xlink:title="definition: IntegratedLiquidityRatioForLifeInsuranceCompaniesLineItems to LiquidityRiskContractualUndiscountedCashFlowsOfSecuritiesPayableUnderResaleAgreements" use="optional" order="160.0"/>
    <link:loc xlink:type="locator" xlink:href="../../c-ross_core_2015-12-31.xsd#c-ross_LiquidityRiskContractualUndiscountedCashFlowsOfBondsPayable" xlink:label="LiquidityRiskContractualUndiscountedCashFlowsOfBondsPayable" xlink:title="LiquidityRiskContractualUndiscountedCashFlowsOfBondsPayable"/>
    <link:definitionArc xlink:type="arc" xlink:arcrole="http://xbrl.org/int/dim/arcrole/domain-member" xlink:from="IntegratedLiquidityRatioForLifeInsuranceCompaniesLineItems" xlink:to="LiquidityRiskContractualUndiscountedCashFlowsOfBondsPayable" xlink:title="definition: IntegratedLiquidityRatioForLifeInsuranceCompaniesLineItems to LiquidityRiskContractualUndiscountedCashFlowsOfBondsPayable" use="optional" order="170.0"/>
    <link:loc xlink:type="locator" xlink:href="../../c-ross_core_2015-12-31.xsd#c-ross_LiquidityRiskContractualUndiscountedCashFlowsOfEstimatedLiabilities" xlink:label="LiquidityRiskContractualUndiscountedCashFlowsOfEstimatedLiabilities" xlink:title="LiquidityRiskContractualUndiscountedCashFlowsOfEstimatedLiabilities"/>
    <link:definitionArc xlink:type="arc" xlink:arcrole="http://xbrl.org/int/dim/arcrole/domain-member" xlink:from="IntegratedLiquidityRatioForLifeInsuranceCompaniesLineItems" xlink:to="LiquidityRiskContractualUndiscountedCashFlowsOfEstimatedLiabilities" xlink:title="definition: IntegratedLiquidityRatioForLifeInsuranceCompaniesLineItems to LiquidityRiskContractualUndiscountedCashFlowsOfEstimatedLiabilities" use="optional" order="180.0"/>
    <link:loc xlink:type="locator" xlink:href="../../c-ross_core_2015-12-31.xsd#c-ross_LiquidityRiskContractualUndiscountedCashFlowsOfOtherLiabilities" xlink:label="LiquidityRiskContractualUndiscountedCashFlowsOfOtherLiabilities" xlink:title="LiquidityRiskContractualUndiscountedCashFlowsOfOtherLiabilities"/>
    <link:definitionArc xlink:type="arc" xlink:arcrole="http://xbrl.org/int/dim/arcrole/domain-member" xlink:from="IntegratedLiquidityRatioForLifeInsuranceCompaniesLineItems" xlink:to="LiquidityRiskContractualUndiscountedCashFlowsOfOtherLiabilities" xlink:title="definition: IntegratedLiquidityRatioForLifeInsuranceCompaniesLineItems to LiquidityRiskContractualUndiscountedCashFlowsOfOtherLiabilities" use="optional" order="190.0"/>
    <link:loc xlink:type="locator" xlink:href="../../c-ross_core_2015-12-31.xsd#c-ross_LiquidityRiskContractualUndiscountedCashFlowsOfSeparateAccountLiabilities" xlink:label="LiquidityRiskContractualUndiscountedCashFlowsOfSeparateAccountLiabilities" xlink:title="LiquidityRiskContractualUndiscountedCashFlowsOfSeparateAccountLiabilities"/>
    <link:definitionArc xlink:type="arc" xlink:arcrole="http://xbrl.org/int/dim/arcrole/domain-member" xlink:from="IntegratedLiquidityRatioForLifeInsuranceCompaniesLineItems" xlink:to="LiquidityRiskContractualUndiscountedCashFlowsOfSeparateAccountLiabilities" xlink:title="definition: IntegratedLiquidityRatioForLifeInsuranceCompaniesLineItems to LiquidityRiskContractualUndiscountedCashFlowsOfSeparateAccountLiabilities" use="optional" order="200.0"/>
    <link:loc xlink:type="locator" xlink:href="../../c-ross_core_2015-12-31.xsd#c-ross_LiquidityRiskContractualUndiscountedCashFlowsOfLiabilities" xlink:label="LiquidityRiskContractualUndiscountedCashFlowsOfLiabilities" xlink:title="LiquidityRiskContractualUndiscountedCashFlowsOfLiabilities"/>
    <link:definitionArc xlink:type="arc" xlink:arcrole="http://xbrl.org/int/dim/arcrole/domain-member" xlink:from="IntegratedLiquidityRatioForLifeInsuranceCompaniesLineItems" xlink:to="LiquidityRiskContractualUndiscountedCashFlowsOfLiabilities" xlink:title="definition: IntegratedLiquidityRatioForLifeInsuranceCompaniesLineItems to LiquidityRiskContractualUndiscountedCashFlowsOfLiabilities" use="optional" order="210.0"/>
    <link:loc xlink:type="locator" xlink:href="../../c-ross_core_2015-12-31.xsd#c-ross_LiquidityRiskEstimatedNetCashInflowsOfAssetsAndLiabilities" xlink:label="LiquidityRiskEstimatedNetCashInflowsOfAssetsAndLiabilities" xlink:title="LiquidityRiskEstimatedNetCashInflowsOfAssetsAndLiabilities"/>
    <link:definitionArc xlink:type="arc" xlink:arcrole="http://xbrl.org/int/dim/arcrole/domain-member" xlink:from="IntegratedLiquidityRatioForLifeInsuranceCompaniesLineItems" xlink:to="LiquidityRiskEstimatedNetCashInflowsOfAssetsAndLiabilities" xlink:title="definition: IntegratedLiquidityRatioForLifeInsuranceCompaniesLineItems to LiquidityRiskEstimatedNetCashInflowsOfAssetsAndLiabilities" use="optional" order="220.0"/>
    <link:definitionArc xlink:type="arc" xlink:arcrole="http://xbrl.org/int/dim/arcrole/domain-member" xlink:from="IntegratedLiquidityRatioForLifeInsuranceCompaniesLineItems" xlink:to="LiquidityRiskIntegratedCurrentRatio" xlink:title="definition: IntegratedLiquidityRatioForLifeInsuranceCompaniesLineItems to LiquidityRiskIntegratedCurrentRatio" use="optional" order="230.0"/>
  </link:definitionLink>
  <link:definitionLink xlink:type="extended" xlink:role="http://xbrl.circ.gov.cn/role/c-ross_2015-12-31_role-3180612a">
    <link:loc xlink:type="locator" xlink:href="../../c-ross_core_2015-12-31.xsd#c-ross_ExcludedTable" xlink:label="Excluded" xlink:title="Excluded"/>
    <link:loc xlink:type="locator" xlink:href="../../c-ross_core_2015-12-31.xsd#c-ross_TypeOfCashFlowAxis" xlink:label="TypeOfCashFlowAxis" xlink:title="TypeOfCashFlowAxis"/>
    <link:definitionArc xlink:type="arc" xlink:arcrole="http://xbrl.org/int/dim/arcrole/hypercube-dimension" xlink:from="Excluded" xlink:to="TypeOfCashFlowAxis" xlink:title="definition: Excluded to TypeOfCashFlowAxis" use="optional" order="10.0"/>
    <link:loc xlink:type="locator" xlink:href="../../c-ross_core_2015-12-31.xsd#c-ross_TradingCashFlowsMember" xlink:label="TradingCashFlowsMember" xlink:title="TradingCashFlowsMember"/>
    <link:definitionArc xlink:type="arc" xlink:arcrole="http://xbrl.org/int/dim/arcrole/dimension-domain" xlink:from="TypeOfCashFlowAxis" xlink:to="TradingCashFlowsMember" xlink:title="definition: TypeOfCashFlowAxis to TradingCashFlowsMember" use="optional" order="10.0"/>
    <link:loc xlink:type="locator" xlink:href="../../c-ross_core_2015-12-31.xsd#c-ross_CashFlowsWithoutIndicatingMaturityDateMember" xlink:label="CashFlowsWithoutIndicatingMaturityDateMember" xlink:title="CashFlowsWithoutIndicatingMaturityDateMember"/>
    <link:definitionArc xlink:type="arc" xlink:arcrole="http://xbrl.org/int/dim/arcrole/dimension-domain" xlink:from="TypeOfCashFlowAxis" xlink:to="CashFlowsWithoutIndicatingMaturityDateMember" xlink:title="definition: TypeOfCashFlowAxis to CashFlowsWithoutIndicatingMaturityDateMember" use="optional" order="20.0"/>
  </link:definitionLink>
</link:linkbase>
