<?xml version="1.0" encoding="UTF-8"?>

<!--
	Taxonomy: 2015-12-31 (Final)
	**********************
	Copyright © 2015 China Insurance Regulatory Commission.
	All rights reserved.  No part of this publication may be translated, reprinted or reproduced
	or utilised in any form either in whole or in part without prior permission in writing from China Insurance Regulatory Commission.
	  **********************
	-->
<link:linkbase xmlns:xsi="http://www.w3.org/2001/XMLSchema-instance" xsi:schemaLocation="http://www.xbrl.org/2003/linkbase http://www.xbrl.org/2003/xbrl-linkbase-2003-12-31.xsd" xmlns:c-ross="http://xbrl.circ.gov.cn/taxonomy/2015-12-31/c-ross" xmlns:link="http://www.xbrl.org/2003/linkbase" xmlns:xbrldt="http://xbrl.org/2005/xbrldt" xmlns:xbrli="http://www.xbrl.org/2003/instance" xmlns:xlink="http://www.w3.org/1999/xlink">
  <link:roleRef roleURI="http://xbrl.circ.gov.cn/role/c-ross_2015-12-31_role-3180312a" xlink:type="simple" xlink:href="rol_c-ross_12_2015-12-31.xsd#c-ross_2015-12-31-3180312a"/>
  <link:roleRef roleURI="http://xbrl.circ.gov.cn/role/c-ross_2015-12-31_role-3180312" xlink:type="simple" xlink:href="rol_c-ross_12_2015-12-31.xsd#c-ross_2015-12-31-3180312"/>
  <link:arcroleRef arcroleURI="http://xbrl.org/int/dim/arcrole/all" xlink:type="simple" xlink:href="http://www.xbrl.org/2005/xbrldt-2005.xsd#all"/>
  <link:arcroleRef arcroleURI="http://xbrl.org/int/dim/arcrole/dimension-default" xlink:type="simple" xlink:href="http://www.xbrl.org/2005/xbrldt-2005.xsd#dimension-default"/>
  <link:arcroleRef arcroleURI="http://xbrl.org/int/dim/arcrole/dimension-domain" xlink:type="simple" xlink:href="http://www.xbrl.org/2005/xbrldt-2005.xsd#dimension-domain"/>
  <link:arcroleRef arcroleURI="http://xbrl.org/int/dim/arcrole/domain-member" xlink:type="simple" xlink:href="http://www.xbrl.org/2005/xbrldt-2005.xsd#domain-member"/>
  <link:arcroleRef arcroleURI="http://xbrl.org/int/dim/arcrole/hypercube-dimension" xlink:type="simple" xlink:href="http://www.xbrl.org/2005/xbrldt-2005.xsd#hypercube-dimension"/>
  <link:definitionLink xlink:type="extended" xlink:role="http://xbrl.circ.gov.cn/role/c-ross_2015-12-31_role-3180312a">
    <link:loc xlink:type="locator" xlink:href="../../c-ross_core_2015-12-31.xsd#c-ross_CashFlowTestScenarioAxis" xlink:label="CashFlowTestScenarioAxis" xlink:title="CashFlowTestScenarioAxis"/>
    <link:loc xlink:type="locator" xlink:href="../../c-ross_core_2015-12-31.xsd#c-ross_CashFlowTestScenarioMember" xlink:label="CashFlowTestScenarioMember" xlink:title="CashFlowTestScenarioMember"/>
    <link:definitionArc xlink:type="arc" xlink:arcrole="http://xbrl.org/int/dim/arcrole/dimension-domain" xlink:from="CashFlowTestScenarioAxis" xlink:to="CashFlowTestScenarioMember" xlink:title="definition: CashFlowTestScenarioAxis to CashFlowTestScenarioMember" use="optional" order="10.0"/>
    <link:loc xlink:type="locator" xlink:href="../../c-ross_core_2015-12-31.xsd#c-ross_CashFlowTestScenarioMember" xlink:label="CashFlowTestScenarioMember_2" xlink:title="CashFlowTestScenarioMember"/>
    <link:definitionArc xlink:type="arc" xlink:arcrole="http://xbrl.org/int/dim/arcrole/dimension-default" xlink:from="CashFlowTestScenarioAxis" xlink:to="CashFlowTestScenarioMember_2" xlink:title="definition: CashFlowTestScenarioAxis to CashFlowTestScenarioMember" use="optional" order="20.0"/>
    <link:loc xlink:type="locator" xlink:href="../../c-ross_core_2015-12-31.xsd#c-ross_BaseScenarioMember" xlink:label="BaseScenarioMember" xlink:title="BaseScenarioMember"/>
    <link:definitionArc xlink:type="arc" xlink:arcrole="http://xbrl.org/int/dim/arcrole/domain-member" xlink:from="CashFlowTestScenarioMember" xlink:to="BaseScenarioMember" xlink:title="definition: CashFlowTestScenarioMember to BaseScenarioMember" use="optional" order="10.0"/>
    <link:loc xlink:type="locator" xlink:href="../../c-ross_core_2015-12-31.xsd#c-ross_CashFlowTestScopeAxis" xlink:label="CashFlowTestScopeAxis" xlink:title="CashFlowTestScopeAxis"/>
    <link:loc xlink:type="locator" xlink:href="../../c-ross_core_2015-12-31.xsd#c-ross_CashFlowTestScopeMember" xlink:label="CashFlowTestScopeMember" xlink:title="CashFlowTestScopeMember"/>
    <link:definitionArc xlink:type="arc" xlink:arcrole="http://xbrl.org/int/dim/arcrole/dimension-domain" xlink:from="CashFlowTestScopeAxis" xlink:to="CashFlowTestScopeMember" xlink:title="definition: CashFlowTestScopeAxis to CashFlowTestScopeMember" use="optional" order="10.0"/>
    <link:loc xlink:type="locator" xlink:href="../../c-ross_core_2015-12-31.xsd#c-ross_CashFlowTestScopeMember" xlink:label="CashFlowTestScopeMember_2" xlink:title="CashFlowTestScopeMember"/>
    <link:definitionArc xlink:type="arc" xlink:arcrole="http://xbrl.org/int/dim/arcrole/dimension-default" xlink:from="CashFlowTestScopeAxis" xlink:to="CashFlowTestScopeMember_2" xlink:title="definition: CashFlowTestScopeAxis to CashFlowTestScopeMember" use="optional" order="20.0"/>
    <link:loc xlink:type="locator" xlink:href="../../c-ross_core_2015-12-31.xsd#c-ross_OverallBusinessMember" xlink:label="OverallBusinessMember" xlink:title="OverallBusinessMember"/>
    <link:definitionArc xlink:type="arc" xlink:arcrole="http://xbrl.org/int/dim/arcrole/domain-member" xlink:from="CashFlowTestScopeMember" xlink:to="OverallBusinessMember" xlink:title="definition: CashFlowTestScopeMember to OverallBusinessMember" use="optional" order="10.0"/>
    <link:loc xlink:type="locator" xlink:href="../../c-ross_core_2015-12-31.xsd#c-ross_TraditionalInsuranceBusinessMember" xlink:label="TraditionalInsuranceBusinessMember" xlink:title="TraditionalInsuranceBusinessMember"/>
    <link:definitionArc xlink:type="arc" xlink:arcrole="http://xbrl.org/int/dim/arcrole/domain-member" xlink:from="CashFlowTestScopeMember" xlink:to="TraditionalInsuranceBusinessMember" xlink:title="definition: CashFlowTestScopeMember to TraditionalInsuranceBusinessMember" use="optional" order="20.0"/>
    <link:loc xlink:type="locator" xlink:href="../../c-ross_core_2015-12-31.xsd#c-ross_ParticipatingInsuranceBusinessMember" xlink:label="ParticipatingInsuranceBusinessMember" xlink:title="ParticipatingInsuranceBusinessMember"/>
    <link:definitionArc xlink:type="arc" xlink:arcrole="http://xbrl.org/int/dim/arcrole/domain-member" xlink:from="CashFlowTestScopeMember" xlink:to="ParticipatingInsuranceBusinessMember" xlink:title="definition: CashFlowTestScopeMember to ParticipatingInsuranceBusinessMember" use="optional" order="30.0"/>
    <link:loc xlink:type="locator" xlink:href="../../c-ross_core_2015-12-31.xsd#c-ross_UniversalInsuranceBusinessMember" xlink:label="UniversalInsuranceBusinessMember" xlink:title="UniversalInsuranceBusinessMember"/>
    <link:definitionArc xlink:type="arc" xlink:arcrole="http://xbrl.org/int/dim/arcrole/domain-member" xlink:from="CashFlowTestScopeMember" xlink:to="UniversalInsuranceBusinessMember" xlink:title="definition: CashFlowTestScopeMember to UniversalInsuranceBusinessMember" use="optional" order="40.0"/>
    <link:loc xlink:type="locator" xlink:href="../../c-ross_core_2015-12-31.xsd#c-ross_UnitLinkedInsuranceBusinessMember" xlink:label="UnitLinkedInsuranceBusinessMember" xlink:title="UnitLinkedInsuranceBusinessMember"/>
    <link:definitionArc xlink:type="arc" xlink:arcrole="http://xbrl.org/int/dim/arcrole/domain-member" xlink:from="CashFlowTestScopeMember" xlink:to="UnitLinkedInsuranceBusinessMember" xlink:title="definition: CashFlowTestScopeMember to UnitLinkedInsuranceBusinessMember" use="optional" order="50.0"/>
    <link:loc xlink:type="locator" xlink:href="../../c-ross_core_2015-12-31.xsd#c-ross_CashFlowTestPeriodAxis" xlink:label="CashFlowTestPeriodAxis" xlink:title="CashFlowTestPeriodAxis"/>
    <link:loc xlink:type="locator" xlink:href="../../c-ross_core_2015-12-31.xsd#c-ross_CashFlowTestPeriodMember" xlink:label="CashFlowTestPeriodMember" xlink:title="CashFlowTestPeriodMember"/>
    <link:definitionArc xlink:type="arc" xlink:arcrole="http://xbrl.org/int/dim/arcrole/dimension-domain" xlink:from="CashFlowTestPeriodAxis" xlink:to="CashFlowTestPeriodMember" xlink:title="definition: CashFlowTestPeriodAxis to CashFlowTestPeriodMember" use="optional" order="10.0"/>
    <link:loc xlink:type="locator" xlink:href="../../c-ross_core_2015-12-31.xsd#c-ross_CashFlowTestPeriodMember" xlink:label="CashFlowTestPeriodMember_2" xlink:title="CashFlowTestPeriodMember"/>
    <link:definitionArc xlink:type="arc" xlink:arcrole="http://xbrl.org/int/dim/arcrole/dimension-default" xlink:from="CashFlowTestPeriodAxis" xlink:to="CashFlowTestPeriodMember_2" xlink:title="definition: CashFlowTestPeriodAxis to CashFlowTestPeriodMember" use="optional" order="20.0"/>
    <link:loc xlink:type="locator" xlink:href="../../c-ross_core_2015-12-31.xsd#c-ross_FirstYearAfterReportingDateMember" xlink:label="FirstYearAfterReportingDateMember" xlink:title="FirstYearAfterReportingDateMember"/>
    <link:definitionArc xlink:type="arc" xlink:arcrole="http://xbrl.org/int/dim/arcrole/domain-member" xlink:from="CashFlowTestPeriodMember" xlink:to="FirstYearAfterReportingDateMember" xlink:title="definition: CashFlowTestPeriodMember to FirstYearAfterReportingDateMember" use="optional" order="10.0"/>
    <link:loc xlink:type="locator" xlink:href="../../c-ross_core_2015-12-31.xsd#c-ross_FirstQuarterAfterReportingDateMember" xlink:label="FirstQuarterAfterReportingDateMember" xlink:title="FirstQuarterAfterReportingDateMember"/>
    <link:definitionArc xlink:type="arc" xlink:arcrole="http://xbrl.org/int/dim/arcrole/domain-member" xlink:from="FirstYearAfterReportingDateMember" xlink:to="FirstQuarterAfterReportingDateMember" xlink:title="definition: FirstYearAfterReportingDateMember to FirstQuarterAfterReportingDateMember" use="optional" order="10.0"/>
    <link:loc xlink:type="locator" xlink:href="../../c-ross_core_2015-12-31.xsd#c-ross_SecondQuarterAfterReportingDateMember" xlink:label="SecondQuarterAfterReportingDateMember" xlink:title="SecondQuarterAfterReportingDateMember"/>
    <link:definitionArc xlink:type="arc" xlink:arcrole="http://xbrl.org/int/dim/arcrole/domain-member" xlink:from="FirstYearAfterReportingDateMember" xlink:to="SecondQuarterAfterReportingDateMember" xlink:title="definition: FirstYearAfterReportingDateMember to SecondQuarterAfterReportingDateMember" use="optional" order="20.0"/>
    <link:loc xlink:type="locator" xlink:href="../../c-ross_core_2015-12-31.xsd#c-ross_ThirdQuarterAfterReportingDateMember" xlink:label="ThirdQuarterAfterReportingDateMember" xlink:title="ThirdQuarterAfterReportingDateMember"/>
    <link:definitionArc xlink:type="arc" xlink:arcrole="http://xbrl.org/int/dim/arcrole/domain-member" xlink:from="FirstYearAfterReportingDateMember" xlink:to="ThirdQuarterAfterReportingDateMember" xlink:title="definition: FirstYearAfterReportingDateMember to ThirdQuarterAfterReportingDateMember" use="optional" order="30.0"/>
    <link:loc xlink:type="locator" xlink:href="../../c-ross_core_2015-12-31.xsd#c-ross_ForthQuarterAfterReportingDateMember" xlink:label="ForthQuarterAfterReportingDateMember" xlink:title="ForthQuarterAfterReportingDateMember"/>
    <link:definitionArc xlink:type="arc" xlink:arcrole="http://xbrl.org/int/dim/arcrole/domain-member" xlink:from="FirstYearAfterReportingDateMember" xlink:to="ForthQuarterAfterReportingDateMember" xlink:title="definition: FirstYearAfterReportingDateMember to ForthQuarterAfterReportingDateMember" use="optional" order="40.0"/>
    <link:loc xlink:type="locator" xlink:href="../../c-ross_core_2015-12-31.xsd#c-ross_SecondYearAfterReportingDateMember" xlink:label="SecondYearAfterReportingDateMember" xlink:title="SecondYearAfterReportingDateMember"/>
    <link:definitionArc xlink:type="arc" xlink:arcrole="http://xbrl.org/int/dim/arcrole/domain-member" xlink:from="CashFlowTestPeriodMember" xlink:to="SecondYearAfterReportingDateMember" xlink:title="definition: CashFlowTestPeriodMember to SecondYearAfterReportingDateMember" use="optional" order="20.0"/>
    <link:loc xlink:type="locator" xlink:href="../../c-ross_core_2015-12-31.xsd#c-ross_ThirdYearAfterReportingDateMember" xlink:label="ThirdYearAfterReportingDateMember" xlink:title="ThirdYearAfterReportingDateMember"/>
    <link:definitionArc xlink:type="arc" xlink:arcrole="http://xbrl.org/int/dim/arcrole/domain-member" xlink:from="CashFlowTestPeriodMember" xlink:to="ThirdYearAfterReportingDateMember" xlink:title="definition: CashFlowTestPeriodMember to ThirdYearAfterReportingDateMember" use="optional" order="30.0"/>
    <link:loc xlink:type="locator" xlink:href="../../c-ross_core_2015-12-31.xsd#c-ross_LiquidityRiskProjectOnCashFlowsCashOutflowsFromFinancingActivities" xlink:label="LiquidityRiskProjectOnCashFlowsCashOutflowsFromFinancingActivities" xlink:title="LiquidityRiskProjectOnCashFlowsCashOutflowsFromFinancingActivities"/>
    <link:loc xlink:type="locator" xlink:href="../../c-ross_core_2015-12-31.xsd#c-ross_LiquidityRiskProjectOnCashFlowsRepurchaseOfFinancialAssets" xlink:label="LiquidityRiskProjectOnCashFlowsRepurchaseOfFinancialAssets" xlink:title="LiquidityRiskProjectOnCashFlowsRepurchaseOfFinancialAssets"/>
    <link:definitionArc xlink:type="arc" xlink:arcrole="http://xbrl.org/int/dim/arcrole/domain-member" xlink:from="LiquidityRiskProjectOnCashFlowsCashOutflowsFromFinancingActivities" xlink:to="LiquidityRiskProjectOnCashFlowsRepurchaseOfFinancialAssets" xlink:title="definition: LiquidityRiskProjectOnCashFlowsCashOutflowsFromFinancingActivities to LiquidityRiskProjectOnCashFlowsRepurchaseOfFinancialAssets" use="optional" order="10.0"/>
    <link:loc xlink:type="locator" xlink:href="../../c-ross_core_2015-12-31.xsd#c-ross_LiquidityRiskProjectOnCashFlowsPaymentOfInterestOnBorrowingsAndBonds" xlink:label="LiquidityRiskProjectOnCashFlowsPaymentOfInterestOnBorrowingsAndBonds" xlink:title="LiquidityRiskProjectOnCashFlowsPaymentOfInterestOnBorrowingsAndBonds"/>
    <link:definitionArc xlink:type="arc" xlink:arcrole="http://xbrl.org/int/dim/arcrole/domain-member" xlink:from="LiquidityRiskProjectOnCashFlowsCashOutflowsFromFinancingActivities" xlink:to="LiquidityRiskProjectOnCashFlowsPaymentOfInterestOnBorrowingsAndBonds" xlink:title="definition: LiquidityRiskProjectOnCashFlowsCashOutflowsFromFinancingActivities to LiquidityRiskProjectOnCashFlowsPaymentOfInterestOnBorrowingsAndBonds" use="optional" order="20.0"/>
    <link:loc xlink:type="locator" xlink:href="../../c-ross_core_2015-12-31.xsd#c-ross_CashFlowTestUnderBaseScenarioForLifeInsuranceCompaniesProjectOnCashFlowsAbstract" xlink:label="CashFlowTestUnderBaseScenarioForLifeInsuranceCompaniesProjectOnCashFlowsAbstract" xlink:title="CashFlowTestUnderBaseScenarioForLifeInsuranceCompaniesProjectOnCashFlowsAbstract"/>
    <link:loc xlink:type="locator" xlink:href="../../c-ross_core_2015-12-31.xsd#c-ross_CashFlowTestUnderBaseScenarioForLifeInsuranceCompaniesTable" xlink:label="CashFlowTestUnderBaseScenarioForLifeInsuranceCompaniesTable" xlink:title="CashFlowTestUnderBaseScenarioForLifeInsuranceCompaniesTable"/>
    <link:definitionArc xlink:type="arc" xlink:arcrole="http://xbrl.org/int/dim/arcrole/all" xlink:from="CashFlowTestUnderBaseScenarioForLifeInsuranceCompaniesProjectOnCashFlowsAbstract" xlink:to="CashFlowTestUnderBaseScenarioForLifeInsuranceCompaniesTable" xlink:title="definition: CashFlowTestUnderBaseScenarioForLifeInsuranceCompaniesProjectOnCashFlowsAbstract to CashFlowTestUnderBaseScenarioForLifeInsuranceCompaniesTable" use="optional" order="10.0" xbrldt:contextElement="scenario" xbrldt:closed="true"/>
    <link:definitionArc xlink:type="arc" xlink:arcrole="http://xbrl.org/int/dim/arcrole/hypercube-dimension" xlink:from="CashFlowTestUnderBaseScenarioForLifeInsuranceCompaniesTable" xlink:to="CashFlowTestScenarioAxis" xlink:title="definition: CashFlowTestUnderBaseScenarioForLifeInsuranceCompaniesTable to CashFlowTestScenarioAxis" use="optional" order="10.0"/>
    <link:definitionArc xlink:type="arc" xlink:arcrole="http://xbrl.org/int/dim/arcrole/hypercube-dimension" xlink:from="CashFlowTestUnderBaseScenarioForLifeInsuranceCompaniesTable" xlink:to="CashFlowTestScopeAxis" xlink:title="definition: CashFlowTestUnderBaseScenarioForLifeInsuranceCompaniesTable to CashFlowTestScopeAxis" use="optional" order="20.0"/>
    <link:definitionArc xlink:type="arc" xlink:arcrole="http://xbrl.org/int/dim/arcrole/hypercube-dimension" xlink:from="CashFlowTestUnderBaseScenarioForLifeInsuranceCompaniesTable" xlink:to="CashFlowTestPeriodAxis" xlink:title="definition: CashFlowTestUnderBaseScenarioForLifeInsuranceCompaniesTable to CashFlowTestPeriodAxis" use="optional" order="30.0"/>
    <link:loc xlink:type="locator" xlink:href="../../c-ross_core_2015-12-31.xsd#c-ross_CashFlowTestUnderBaseScenarioForLifeInsuranceCompaniesLineItems" xlink:label="CashFlowTestUnderBaseScenarioForLifeInsuranceCompaniesLineItems" xlink:title="CashFlowTestUnderBaseScenarioForLifeInsuranceCompaniesLineItems"/>
    <link:definitionArc xlink:type="arc" xlink:arcrole="http://xbrl.org/int/dim/arcrole/domain-member" xlink:from="CashFlowTestUnderBaseScenarioForLifeInsuranceCompaniesProjectOnCashFlowsAbstract" xlink:to="CashFlowTestUnderBaseScenarioForLifeInsuranceCompaniesLineItems" xlink:title="definition: CashFlowTestUnderBaseScenarioForLifeInsuranceCompaniesProjectOnCashFlowsAbstract to CashFlowTestUnderBaseScenarioForLifeInsuranceCompaniesLineItems" use="optional" order="20.0"/>
    <link:loc xlink:type="locator" xlink:href="../../c-ross_core_2015-12-31.xsd#c-ross_LiquidityRiskProjectOnCashFlowsCashFlowsFromBusiness" xlink:label="LiquidityRiskProjectOnCashFlowsCashFlowsFromBusiness" xlink:title="LiquidityRiskProjectOnCashFlowsCashFlowsFromBusiness"/>
    <link:definitionArc xlink:type="arc" xlink:arcrole="http://xbrl.org/int/dim/arcrole/domain-member" xlink:from="CashFlowTestUnderBaseScenarioForLifeInsuranceCompaniesLineItems" xlink:to="LiquidityRiskProjectOnCashFlowsCashFlowsFromBusiness" xlink:title="definition: CashFlowTestUnderBaseScenarioForLifeInsuranceCompaniesLineItems to LiquidityRiskProjectOnCashFlowsCashFlowsFromBusiness" use="optional" order="10.0"/>
    <link:loc xlink:type="locator" xlink:href="../../c-ross_core_2015-12-31.xsd#c-ross_LiquidityRiskProjectOnCashFlowsCashFlowsFromInForceBusinessOnReportingDate" xlink:label="LiquidityRiskProjectOnCashFlowsCashFlowsFromInForceBusinessOnReportingDate" xlink:title="LiquidityRiskProjectOnCashFlowsCashFlowsFromInForceBusinessOnReportingDate"/>
    <link:definitionArc xlink:type="arc" xlink:arcrole="http://xbrl.org/int/dim/arcrole/domain-member" xlink:from="LiquidityRiskProjectOnCashFlowsCashFlowsFromBusiness" xlink:to="LiquidityRiskProjectOnCashFlowsCashFlowsFromInForceBusinessOnReportingDate" xlink:title="definition: LiquidityRiskProjectOnCashFlowsCashFlowsFromBusiness to LiquidityRiskProjectOnCashFlowsCashFlowsFromInForceBusinessOnReportingDate" use="optional" order="10.0"/>
    <link:loc xlink:type="locator" xlink:href="../../c-ross_core_2015-12-31.xsd#c-ross_LiquidityRiskProjectOnCashFlowsCashFlowsFromInForceBusinessOnReportingDatePremiumIncome" xlink:label="LiquidityRiskProjectOnCashFlowsCashFlowsFromInForceBusinessOnReportingDatePremiumIncome" xlink:title="LiquidityRiskProjectOnCashFlowsCashFlowsFromInForceBusinessOnReportingDatePremiumIncome"/>
    <link:definitionArc xlink:type="arc" xlink:arcrole="http://xbrl.org/int/dim/arcrole/domain-member" xlink:from="LiquidityRiskProjectOnCashFlowsCashFlowsFromInForceBusinessOnReportingDate" xlink:to="LiquidityRiskProjectOnCashFlowsCashFlowsFromInForceBusinessOnReportingDatePremiumIncome" xlink:title="definition: LiquidityRiskProjectOnCashFlowsCashFlowsFromInForceBusinessOnReportingDate to LiquidityRiskProjectOnCashFlowsCashFlowsFromInForceBusinessOnReportingDatePremiumIncome" use="optional" order="10.0"/>
    <link:loc xlink:type="locator" xlink:href="../../c-ross_core_2015-12-31.xsd#c-ross_LiquidityRiskProjectOnCashFlowsCashFlowsFromInForceBusinessOnReportingDateBenefitPayments" xlink:label="LiquidityRiskProjectOnCashFlowsCashFlowsFromInForceBusinessOnReportingDateBenefitPayments" xlink:title="LiquidityRiskProjectOnCashFlowsCashFlowsFromInForceBusinessOnReportingDateBenefitPayments"/>
    <link:definitionArc xlink:type="arc" xlink:arcrole="http://xbrl.org/int/dim/arcrole/domain-member" xlink:from="LiquidityRiskProjectOnCashFlowsCashFlowsFromInForceBusinessOnReportingDate" xlink:to="LiquidityRiskProjectOnCashFlowsCashFlowsFromInForceBusinessOnReportingDateBenefitPayments" xlink:title="definition: LiquidityRiskProjectOnCashFlowsCashFlowsFromInForceBusinessOnReportingDate to LiquidityRiskProjectOnCashFlowsCashFlowsFromInForceBusinessOnReportingDateBenefitPayments" use="optional" order="20.0"/>
    <link:loc xlink:type="locator" xlink:href="../../c-ross_core_2015-12-31.xsd#c-ross_LiquidityRiskProjectOnCashFlowsCashFlowsFromInForceBusinessOnReportingDateMaturityBenefitPayment" xlink:label="LiquidityRiskProjectOnCashFlowsCashFlowsFromInForceBusinessOnReportingDateMaturityBenefitPayment" xlink:title="LiquidityRiskProjectOnCashFlowsCashFlowsFromInForceBusinessOnReportingDateMaturityBenefitPayment"/>
    <link:definitionArc xlink:type="arc" xlink:arcrole="http://xbrl.org/int/dim/arcrole/domain-member" xlink:from="LiquidityRiskProjectOnCashFlowsCashFlowsFromInForceBusinessOnReportingDateBenefitPayments" xlink:to="LiquidityRiskProjectOnCashFlowsCashFlowsFromInForceBusinessOnReportingDateMaturityBenefitPayment" xlink:title="definition: LiquidityRiskProjectOnCashFlowsCashFlowsFromInForceBusinessOnReportingDateBenefitPayments to LiquidityRiskProjectOnCashFlowsCashFlowsFromInForceBusinessOnReportingDateMaturityBenefitPayment" use="optional" order="10.0"/>
    <link:loc xlink:type="locator" xlink:href="../../c-ross_core_2015-12-31.xsd#c-ross_LiquidityRiskProjectOnCashFlowsCashFlowsFromInForceBusinessOnReportingDateSurrenderPayment" xlink:label="LiquidityRiskProjectOnCashFlowsCashFlowsFromInForceBusinessOnReportingDateSurrenderPayment" xlink:title="LiquidityRiskProjectOnCashFlowsCashFlowsFromInForceBusinessOnReportingDateSurrenderPayment"/>
    <link:definitionArc xlink:type="arc" xlink:arcrole="http://xbrl.org/int/dim/arcrole/domain-member" xlink:from="LiquidityRiskProjectOnCashFlowsCashFlowsFromInForceBusinessOnReportingDate" xlink:to="LiquidityRiskProjectOnCashFlowsCashFlowsFromInForceBusinessOnReportingDateSurrenderPayment" xlink:title="definition: LiquidityRiskProjectOnCashFlowsCashFlowsFromInForceBusinessOnReportingDate to LiquidityRiskProjectOnCashFlowsCashFlowsFromInForceBusinessOnReportingDateSurrenderPayment" use="optional" order="30.0"/>
    <link:loc xlink:type="locator" xlink:href="../../c-ross_core_2015-12-31.xsd#c-ross_LiquidityRiskProjectOnCashFlowsCashFlowsFromInForceBusinessOnReportingDateBonusesPayment" xlink:label="LiquidityRiskProjectOnCashFlowsCashFlowsFromInForceBusinessOnReportingDateBonusesPayment" xlink:title="LiquidityRiskProjectOnCashFlowsCashFlowsFromInForceBusinessOnReportingDateBonusesPayment"/>
    <link:definitionArc xlink:type="arc" xlink:arcrole="http://xbrl.org/int/dim/arcrole/domain-member" xlink:from="LiquidityRiskProjectOnCashFlowsCashFlowsFromInForceBusinessOnReportingDate" xlink:to="LiquidityRiskProjectOnCashFlowsCashFlowsFromInForceBusinessOnReportingDateBonusesPayment" xlink:title="definition: LiquidityRiskProjectOnCashFlowsCashFlowsFromInForceBusinessOnReportingDate to LiquidityRiskProjectOnCashFlowsCashFlowsFromInForceBusinessOnReportingDateBonusesPayment" use="optional" order="40.0"/>
    <link:loc xlink:type="locator" xlink:href="../../c-ross_core_2015-12-31.xsd#c-ross_LiquidityRiskProjectOnCashFlowsCashFlowsFromInForceBusinessOnReportingDateDividendsPayment" xlink:label="LiquidityRiskProjectOnCashFlowsCashFlowsFromInForceBusinessOnReportingDateDividendsPayment" xlink:title="LiquidityRiskProjectOnCashFlowsCashFlowsFromInForceBusinessOnReportingDateDividendsPayment"/>
    <link:definitionArc xlink:type="arc" xlink:arcrole="http://xbrl.org/int/dim/arcrole/domain-member" xlink:from="LiquidityRiskProjectOnCashFlowsCashFlowsFromInForceBusinessOnReportingDate" xlink:to="LiquidityRiskProjectOnCashFlowsCashFlowsFromInForceBusinessOnReportingDateDividendsPayment" xlink:title="definition: LiquidityRiskProjectOnCashFlowsCashFlowsFromInForceBusinessOnReportingDate to LiquidityRiskProjectOnCashFlowsCashFlowsFromInForceBusinessOnReportingDateDividendsPayment" use="optional" order="50.0"/>
    <link:loc xlink:type="locator" xlink:href="../../c-ross_core_2015-12-31.xsd#c-ross_LiquidityRiskProjectOnCashFlowsCashFlowsFromInForceBusinessOnReportingDateExpenses" xlink:label="LiquidityRiskProjectOnCashFlowsCashFlowsFromInForceBusinessOnReportingDateExpenses" xlink:title="LiquidityRiskProjectOnCashFlowsCashFlowsFromInForceBusinessOnReportingDateExpenses"/>
    <link:definitionArc xlink:type="arc" xlink:arcrole="http://xbrl.org/int/dim/arcrole/domain-member" xlink:from="LiquidityRiskProjectOnCashFlowsCashFlowsFromInForceBusinessOnReportingDate" xlink:to="LiquidityRiskProjectOnCashFlowsCashFlowsFromInForceBusinessOnReportingDateExpenses" xlink:title="definition: LiquidityRiskProjectOnCashFlowsCashFlowsFromInForceBusinessOnReportingDate to LiquidityRiskProjectOnCashFlowsCashFlowsFromInForceBusinessOnReportingDateExpenses" use="optional" order="60.0"/>
    <link:loc xlink:type="locator" xlink:href="../../c-ross_core_2015-12-31.xsd#c-ross_LiquidityRiskProjectOnCashFlowsCashFlowsFromInForceBusinessOnReportingDateBusinessAndAdministrativeExpenses" xlink:label="LiquidityRiskProjectOnCashFlowsCashFlowsFromInForceBusinessOnReportingDateBusinessAndAdministrativeExpenses" xlink:title="LiquidityRiskProjectOnCashFlowsCashFlowsFromInForceBusinessOnReportingDateBusinessAndAdministrativeExpenses"/>
    <link:definitionArc xlink:type="arc" xlink:arcrole="http://xbrl.org/int/dim/arcrole/domain-member" xlink:from="LiquidityRiskProjectOnCashFlowsCashFlowsFromInForceBusinessOnReportingDateExpenses" xlink:to="LiquidityRiskProjectOnCashFlowsCashFlowsFromInForceBusinessOnReportingDateBusinessAndAdministrativeExpenses" xlink:title="definition: LiquidityRiskProjectOnCashFlowsCashFlowsFromInForceBusinessOnReportingDateExpenses to LiquidityRiskProjectOnCashFlowsCashFlowsFromInForceBusinessOnReportingDateBusinessAndAdministrativeExpenses" use="optional" order="10.0"/>
    <link:loc xlink:type="locator" xlink:href="../../c-ross_core_2015-12-31.xsd#c-ross_LiquidityRiskProjectOnCashFlowsCashFlowsFromInForceBusinessOnReportingDateCommissions" xlink:label="LiquidityRiskProjectOnCashFlowsCashFlowsFromInForceBusinessOnReportingDateCommissions" xlink:title="LiquidityRiskProjectOnCashFlowsCashFlowsFromInForceBusinessOnReportingDateCommissions"/>
    <link:definitionArc xlink:type="arc" xlink:arcrole="http://xbrl.org/int/dim/arcrole/domain-member" xlink:from="LiquidityRiskProjectOnCashFlowsCashFlowsFromInForceBusinessOnReportingDateExpenses" xlink:to="LiquidityRiskProjectOnCashFlowsCashFlowsFromInForceBusinessOnReportingDateCommissions" xlink:title="definition: LiquidityRiskProjectOnCashFlowsCashFlowsFromInForceBusinessOnReportingDateExpenses to LiquidityRiskProjectOnCashFlowsCashFlowsFromInForceBusinessOnReportingDateCommissions" use="optional" order="20.0"/>
    <link:loc xlink:type="locator" xlink:href="../../c-ross_core_2015-12-31.xsd#c-ross_LiquidityRiskProjectOnCashFlowsCashFlowsFromInForceBusinessOnReportingDateReinsuranceNetExpensesPayments" xlink:label="LiquidityRiskProjectOnCashFlowsCashFlowsFromInForceBusinessOnReportingDateReinsuranceNetExpensesPayments" xlink:title="LiquidityRiskProjectOnCashFlowsCashFlowsFromInForceBusinessOnReportingDateReinsuranceNetExpensesPayments"/>
    <link:definitionArc xlink:type="arc" xlink:arcrole="http://xbrl.org/int/dim/arcrole/domain-member" xlink:from="LiquidityRiskProjectOnCashFlowsCashFlowsFromInForceBusinessOnReportingDate" xlink:to="LiquidityRiskProjectOnCashFlowsCashFlowsFromInForceBusinessOnReportingDateReinsuranceNetExpensesPayments" xlink:title="definition: LiquidityRiskProjectOnCashFlowsCashFlowsFromInForceBusinessOnReportingDate to LiquidityRiskProjectOnCashFlowsCashFlowsFromInForceBusinessOnReportingDateReinsuranceNetExpensesPayments" use="optional" order="70.0"/>
    <link:loc xlink:type="locator" xlink:href="../../c-ross_core_2015-12-31.xsd#c-ross_LiquidityRiskProjectOnCashFlowsCashFlowsFromNewBusinessDuringTestPeriod" xlink:label="LiquidityRiskProjectOnCashFlowsCashFlowsFromNewBusinessDuringTestPeriod" xlink:title="LiquidityRiskProjectOnCashFlowsCashFlowsFromNewBusinessDuringTestPeriod"/>
    <link:definitionArc xlink:type="arc" xlink:arcrole="http://xbrl.org/int/dim/arcrole/domain-member" xlink:from="LiquidityRiskProjectOnCashFlowsCashFlowsFromBusiness" xlink:to="LiquidityRiskProjectOnCashFlowsCashFlowsFromNewBusinessDuringTestPeriod" xlink:title="definition: LiquidityRiskProjectOnCashFlowsCashFlowsFromBusiness to LiquidityRiskProjectOnCashFlowsCashFlowsFromNewBusinessDuringTestPeriod" use="optional" order="20.0"/>
    <link:loc xlink:type="locator" xlink:href="../../c-ross_core_2015-12-31.xsd#c-ross_LiquidityRiskProjectOnCashFlowsCashFlowsFromNewBusinessDuringTestPeriodPremiumIncome" xlink:label="LiquidityRiskProjectOnCashFlowsCashFlowsFromNewBusinessDuringTestPeriodPremiumIncome" xlink:title="LiquidityRiskProjectOnCashFlowsCashFlowsFromNewBusinessDuringTestPeriodPremiumIncome"/>
    <link:definitionArc xlink:type="arc" xlink:arcrole="http://xbrl.org/int/dim/arcrole/domain-member" xlink:from="LiquidityRiskProjectOnCashFlowsCashFlowsFromNewBusinessDuringTestPeriod" xlink:to="LiquidityRiskProjectOnCashFlowsCashFlowsFromNewBusinessDuringTestPeriodPremiumIncome" xlink:title="definition: LiquidityRiskProjectOnCashFlowsCashFlowsFromNewBusinessDuringTestPeriod to LiquidityRiskProjectOnCashFlowsCashFlowsFromNewBusinessDuringTestPeriodPremiumIncome" use="optional" order="10.0"/>
    <link:loc xlink:type="locator" xlink:href="../../c-ross_core_2015-12-31.xsd#c-ross_LiquidityRiskProjectOnCashFlowsCashFlowsFromNewBusinessDuringTestPeriodBenefitPayments" xlink:label="LiquidityRiskProjectOnCashFlowsCashFlowsFromNewBusinessDuringTestPeriodBenefitPayments" xlink:title="LiquidityRiskProjectOnCashFlowsCashFlowsFromNewBusinessDuringTestPeriodBenefitPayments"/>
    <link:definitionArc xlink:type="arc" xlink:arcrole="http://xbrl.org/int/dim/arcrole/domain-member" xlink:from="LiquidityRiskProjectOnCashFlowsCashFlowsFromNewBusinessDuringTestPeriod" xlink:to="LiquidityRiskProjectOnCashFlowsCashFlowsFromNewBusinessDuringTestPeriodBenefitPayments" xlink:title="definition: LiquidityRiskProjectOnCashFlowsCashFlowsFromNewBusinessDuringTestPeriod to LiquidityRiskProjectOnCashFlowsCashFlowsFromNewBusinessDuringTestPeriodBenefitPayments" use="optional" order="20.0"/>
    <link:loc xlink:type="locator" xlink:href="../../c-ross_core_2015-12-31.xsd#c-ross_LiquidityRiskProjectOnCashFlowsCashFlowsFromNewBusinessDuringTestPeriodMaturityBenefitPayment" xlink:label="LiquidityRiskProjectOnCashFlowsCashFlowsFromNewBusinessDuringTestPeriodMaturityBenefitPayment" xlink:title="LiquidityRiskProjectOnCashFlowsCashFlowsFromNewBusinessDuringTestPeriodMaturityBenefitPayment"/>
    <link:definitionArc xlink:type="arc" xlink:arcrole="http://xbrl.org/int/dim/arcrole/domain-member" xlink:from="LiquidityRiskProjectOnCashFlowsCashFlowsFromNewBusinessDuringTestPeriodBenefitPayments" xlink:to="LiquidityRiskProjectOnCashFlowsCashFlowsFromNewBusinessDuringTestPeriodMaturityBenefitPayment" xlink:title="definition: LiquidityRiskProjectOnCashFlowsCashFlowsFromNewBusinessDuringTestPeriodBenefitPayments to LiquidityRiskProjectOnCashFlowsCashFlowsFromNewBusinessDuringTestPeriodMaturityBenefitPayment" use="optional" order="10.0"/>
    <link:loc xlink:type="locator" xlink:href="../../c-ross_core_2015-12-31.xsd#c-ross_LiquidityRiskProjectOnCashFlowsCashFlowsFromNewBusinessDuringTestPeriodSurrenderPayment" xlink:label="LiquidityRiskProjectOnCashFlowsCashFlowsFromNewBusinessDuringTestPeriodSurrenderPayment" xlink:title="LiquidityRiskProjectOnCashFlowsCashFlowsFromNewBusinessDuringTestPeriodSurrenderPayment"/>
    <link:definitionArc xlink:type="arc" xlink:arcrole="http://xbrl.org/int/dim/arcrole/domain-member" xlink:from="LiquidityRiskProjectOnCashFlowsCashFlowsFromNewBusinessDuringTestPeriod" xlink:to="LiquidityRiskProjectOnCashFlowsCashFlowsFromNewBusinessDuringTestPeriodSurrenderPayment" xlink:title="definition: LiquidityRiskProjectOnCashFlowsCashFlowsFromNewBusinessDuringTestPeriod to LiquidityRiskProjectOnCashFlowsCashFlowsFromNewBusinessDuringTestPeriodSurrenderPayment" use="optional" order="30.0"/>
    <link:loc xlink:type="locator" xlink:href="../../c-ross_core_2015-12-31.xsd#c-ross_LiquidityRiskProjectOnCashFlowsCashFlowsFromNewBusinessDuringTestPeriodBonusesPayment" xlink:label="LiquidityRiskProjectOnCashFlowsCashFlowsFromNewBusinessDuringTestPeriodBonusesPayment" xlink:title="LiquidityRiskProjectOnCashFlowsCashFlowsFromNewBusinessDuringTestPeriodBonusesPayment"/>
    <link:definitionArc xlink:type="arc" xlink:arcrole="http://xbrl.org/int/dim/arcrole/domain-member" xlink:from="LiquidityRiskProjectOnCashFlowsCashFlowsFromNewBusinessDuringTestPeriod" xlink:to="LiquidityRiskProjectOnCashFlowsCashFlowsFromNewBusinessDuringTestPeriodBonusesPayment" xlink:title="definition: LiquidityRiskProjectOnCashFlowsCashFlowsFromNewBusinessDuringTestPeriod to LiquidityRiskProjectOnCashFlowsCashFlowsFromNewBusinessDuringTestPeriodBonusesPayment" use="optional" order="40.0"/>
    <link:loc xlink:type="locator" xlink:href="../../c-ross_core_2015-12-31.xsd#c-ross_LiquidityRiskProjectOnCashFlowsCashFlowsFromNewBusinessDuringTestPeriodDividendsPayment" xlink:label="LiquidityRiskProjectOnCashFlowsCashFlowsFromNewBusinessDuringTestPeriodDividendsPayment" xlink:title="LiquidityRiskProjectOnCashFlowsCashFlowsFromNewBusinessDuringTestPeriodDividendsPayment"/>
    <link:definitionArc xlink:type="arc" xlink:arcrole="http://xbrl.org/int/dim/arcrole/domain-member" xlink:from="LiquidityRiskProjectOnCashFlowsCashFlowsFromNewBusinessDuringTestPeriod" xlink:to="LiquidityRiskProjectOnCashFlowsCashFlowsFromNewBusinessDuringTestPeriodDividendsPayment" xlink:title="definition: LiquidityRiskProjectOnCashFlowsCashFlowsFromNewBusinessDuringTestPeriod to LiquidityRiskProjectOnCashFlowsCashFlowsFromNewBusinessDuringTestPeriodDividendsPayment" use="optional" order="50.0"/>
    <link:loc xlink:type="locator" xlink:href="../../c-ross_core_2015-12-31.xsd#c-ross_LiquidityRiskProjectOnCashFlowsCashFlowsFromNewBusinessDuringTestPeriodExpenses" xlink:label="LiquidityRiskProjectOnCashFlowsCashFlowsFromNewBusinessDuringTestPeriodExpenses" xlink:title="LiquidityRiskProjectOnCashFlowsCashFlowsFromNewBusinessDuringTestPeriodExpenses"/>
    <link:definitionArc xlink:type="arc" xlink:arcrole="http://xbrl.org/int/dim/arcrole/domain-member" xlink:from="LiquidityRiskProjectOnCashFlowsCashFlowsFromNewBusinessDuringTestPeriod" xlink:to="LiquidityRiskProjectOnCashFlowsCashFlowsFromNewBusinessDuringTestPeriodExpenses" xlink:title="definition: LiquidityRiskProjectOnCashFlowsCashFlowsFromNewBusinessDuringTestPeriod to LiquidityRiskProjectOnCashFlowsCashFlowsFromNewBusinessDuringTestPeriodExpenses" use="optional" order="60.0"/>
    <link:loc xlink:type="locator" xlink:href="../../c-ross_core_2015-12-31.xsd#c-ross_LiquidityRiskProjectOnCashFlowsCashFlowsFromNewBusinessDuringTestPeriodBusinessAndAdministrativeExpenses" xlink:label="LiquidityRiskProjectOnCashFlowsCashFlowsFromNewBusinessDuringTestPeriodBusinessAndAdministrativeExpenses" xlink:title="LiquidityRiskProjectOnCashFlowsCashFlowsFromNewBusinessDuringTestPeriodBusinessAndAdministrativeExpenses"/>
    <link:definitionArc xlink:type="arc" xlink:arcrole="http://xbrl.org/int/dim/arcrole/domain-member" xlink:from="LiquidityRiskProjectOnCashFlowsCashFlowsFromNewBusinessDuringTestPeriodExpenses" xlink:to="LiquidityRiskProjectOnCashFlowsCashFlowsFromNewBusinessDuringTestPeriodBusinessAndAdministrativeExpenses" xlink:title="definition: LiquidityRiskProjectOnCashFlowsCashFlowsFromNewBusinessDuringTestPeriodExpenses to LiquidityRiskProjectOnCashFlowsCashFlowsFromNewBusinessDuringTestPeriodBusinessAndAdministrativeExpenses" use="optional" order="10.0"/>
    <link:loc xlink:type="locator" xlink:href="../../c-ross_core_2015-12-31.xsd#c-ross_LiquidityRiskProjectOnCashFlowsCashFlowsFromNewBusinessDuringTestPeriodCommissions" xlink:label="LiquidityRiskProjectOnCashFlowsCashFlowsFromNewBusinessDuringTestPeriodCommissions" xlink:title="LiquidityRiskProjectOnCashFlowsCashFlowsFromNewBusinessDuringTestPeriodCommissions"/>
    <link:definitionArc xlink:type="arc" xlink:arcrole="http://xbrl.org/int/dim/arcrole/domain-member" xlink:from="LiquidityRiskProjectOnCashFlowsCashFlowsFromNewBusinessDuringTestPeriodExpenses" xlink:to="LiquidityRiskProjectOnCashFlowsCashFlowsFromNewBusinessDuringTestPeriodCommissions" xlink:title="definition: LiquidityRiskProjectOnCashFlowsCashFlowsFromNewBusinessDuringTestPeriodExpenses to LiquidityRiskProjectOnCashFlowsCashFlowsFromNewBusinessDuringTestPeriodCommissions" use="optional" order="20.0"/>
    <link:loc xlink:type="locator" xlink:href="../../c-ross_core_2015-12-31.xsd#c-ross_LiquidityRiskProjectOnCashFlowsCashFlowsFromNewBusinessDuringTestPeriodReinsuranceNetExpensesPayments" xlink:label="LiquidityRiskProjectOnCashFlowsCashFlowsFromNewBusinessDuringTestPeriodReinsuranceNetExpensesPayments" xlink:title="LiquidityRiskProjectOnCashFlowsCashFlowsFromNewBusinessDuringTestPeriodReinsuranceNetExpensesPayments"/>
    <link:definitionArc xlink:type="arc" xlink:arcrole="http://xbrl.org/int/dim/arcrole/domain-member" xlink:from="LiquidityRiskProjectOnCashFlowsCashFlowsFromNewBusinessDuringTestPeriod" xlink:to="LiquidityRiskProjectOnCashFlowsCashFlowsFromNewBusinessDuringTestPeriodReinsuranceNetExpensesPayments" xlink:title="definition: LiquidityRiskProjectOnCashFlowsCashFlowsFromNewBusinessDuringTestPeriod to LiquidityRiskProjectOnCashFlowsCashFlowsFromNewBusinessDuringTestPeriodReinsuranceNetExpensesPayments" use="optional" order="70.0"/>
    <link:loc xlink:type="locator" xlink:href="../../c-ross_core_2015-12-31.xsd#c-ross_LiquidityRiskProjectOnCashFlowsOtherCashFlowsFromBusiness" xlink:label="LiquidityRiskProjectOnCashFlowsOtherCashFlowsFromBusiness" xlink:title="LiquidityRiskProjectOnCashFlowsOtherCashFlowsFromBusiness"/>
    <link:definitionArc xlink:type="arc" xlink:arcrole="http://xbrl.org/int/dim/arcrole/domain-member" xlink:from="LiquidityRiskProjectOnCashFlowsCashFlowsFromBusiness" xlink:to="LiquidityRiskProjectOnCashFlowsOtherCashFlowsFromBusiness" xlink:title="definition: LiquidityRiskProjectOnCashFlowsCashFlowsFromBusiness to LiquidityRiskProjectOnCashFlowsOtherCashFlowsFromBusiness" use="optional" order="30.0"/>
    <link:loc xlink:type="locator" xlink:href="../../c-ross_core_2015-12-31.xsd#c-ross_LiquidityRiskProjectOnCashFlowsCashFlowsFromAssets" xlink:label="LiquidityRiskProjectOnCashFlowsCashFlowsFromAssets" xlink:title="LiquidityRiskProjectOnCashFlowsCashFlowsFromAssets"/>
    <link:definitionArc xlink:type="arc" xlink:arcrole="http://xbrl.org/int/dim/arcrole/domain-member" xlink:from="CashFlowTestUnderBaseScenarioForLifeInsuranceCompaniesLineItems" xlink:to="LiquidityRiskProjectOnCashFlowsCashFlowsFromAssets" xlink:title="definition: CashFlowTestUnderBaseScenarioForLifeInsuranceCompaniesLineItems to LiquidityRiskProjectOnCashFlowsCashFlowsFromAssets" use="optional" order="20.0"/>
    <link:loc xlink:type="locator" xlink:href="../../c-ross_core_2015-12-31.xsd#c-ross_LiquidityRiskProjectOnCashFlowsInterestIncome" xlink:label="LiquidityRiskProjectOnCashFlowsInterestIncome" xlink:title="LiquidityRiskProjectOnCashFlowsInterestIncome"/>
    <link:definitionArc xlink:type="arc" xlink:arcrole="http://xbrl.org/int/dim/arcrole/domain-member" xlink:from="LiquidityRiskProjectOnCashFlowsCashFlowsFromAssets" xlink:to="LiquidityRiskProjectOnCashFlowsInterestIncome" xlink:title="definition: LiquidityRiskProjectOnCashFlowsCashFlowsFromAssets to LiquidityRiskProjectOnCashFlowsInterestIncome" use="optional" order="10.0"/>
    <link:loc xlink:type="locator" xlink:href="../../c-ross_core_2015-12-31.xsd#c-ross_LiquidityRiskProjectOnCashFlowsBonusIncome" xlink:label="LiquidityRiskProjectOnCashFlowsBonusIncome" xlink:title="LiquidityRiskProjectOnCashFlowsBonusIncome"/>
    <link:definitionArc xlink:type="arc" xlink:arcrole="http://xbrl.org/int/dim/arcrole/domain-member" xlink:from="LiquidityRiskProjectOnCashFlowsCashFlowsFromAssets" xlink:to="LiquidityRiskProjectOnCashFlowsBonusIncome" xlink:title="definition: LiquidityRiskProjectOnCashFlowsCashFlowsFromAssets to LiquidityRiskProjectOnCashFlowsBonusIncome" use="optional" order="20.0"/>
    <link:loc xlink:type="locator" xlink:href="../../c-ross_core_2015-12-31.xsd#c-ross_LiquidityRiskProjectOnCashFlowsAssetsMaturity" xlink:label="LiquidityRiskProjectOnCashFlowsAssetsMaturity" xlink:title="LiquidityRiskProjectOnCashFlowsAssetsMaturity"/>
    <link:definitionArc xlink:type="arc" xlink:arcrole="http://xbrl.org/int/dim/arcrole/domain-member" xlink:from="LiquidityRiskProjectOnCashFlowsCashFlowsFromAssets" xlink:to="LiquidityRiskProjectOnCashFlowsAssetsMaturity" xlink:title="definition: LiquidityRiskProjectOnCashFlowsCashFlowsFromAssets to LiquidityRiskProjectOnCashFlowsAssetsMaturity" use="optional" order="30.0"/>
    <link:loc xlink:type="locator" xlink:href="../../c-ross_core_2015-12-31.xsd#c-ross_LiquidityRiskProjectOnCashFlowsSoldAssets" xlink:label="LiquidityRiskProjectOnCashFlowsSoldAssets" xlink:title="LiquidityRiskProjectOnCashFlowsSoldAssets"/>
    <link:definitionArc xlink:type="arc" xlink:arcrole="http://xbrl.org/int/dim/arcrole/domain-member" xlink:from="LiquidityRiskProjectOnCashFlowsCashFlowsFromAssets" xlink:to="LiquidityRiskProjectOnCashFlowsSoldAssets" xlink:title="definition: LiquidityRiskProjectOnCashFlowsCashFlowsFromAssets to LiquidityRiskProjectOnCashFlowsSoldAssets" use="optional" order="40.0"/>
    <link:loc xlink:type="locator" xlink:href="../../c-ross_core_2015-12-31.xsd#c-ross_LiquidityRiskProjectOnCashFlowsOtherCashFlowsFromAssets" xlink:label="LiquidityRiskProjectOnCashFlowsOtherCashFlowsFromAssets" xlink:title="LiquidityRiskProjectOnCashFlowsOtherCashFlowsFromAssets"/>
    <link:definitionArc xlink:type="arc" xlink:arcrole="http://xbrl.org/int/dim/arcrole/domain-member" xlink:from="LiquidityRiskProjectOnCashFlowsCashFlowsFromAssets" xlink:to="LiquidityRiskProjectOnCashFlowsOtherCashFlowsFromAssets" xlink:title="definition: LiquidityRiskProjectOnCashFlowsCashFlowsFromAssets to LiquidityRiskProjectOnCashFlowsOtherCashFlowsFromAssets" use="optional" order="50.0"/>
    <link:loc xlink:type="locator" xlink:href="../../c-ross_core_2015-12-31.xsd#c-ross_LiquidityRiskProjectOnCashFlowsCashFlowsFromFinancing" xlink:label="LiquidityRiskProjectOnCashFlowsCashFlowsFromFinancing" xlink:title="LiquidityRiskProjectOnCashFlowsCashFlowsFromFinancing"/>
    <link:definitionArc xlink:type="arc" xlink:arcrole="http://xbrl.org/int/dim/arcrole/domain-member" xlink:from="CashFlowTestUnderBaseScenarioForLifeInsuranceCompaniesLineItems" xlink:to="LiquidityRiskProjectOnCashFlowsCashFlowsFromFinancing" xlink:title="definition: CashFlowTestUnderBaseScenarioForLifeInsuranceCompaniesLineItems to LiquidityRiskProjectOnCashFlowsCashFlowsFromFinancing" use="optional" order="30.0"/>
    <link:loc xlink:type="locator" xlink:href="../../c-ross_core_2015-12-31.xsd#c-ross_LiquidityRiskProjectOnCashFlowsCashInflowsFromFinancing" xlink:label="LiquidityRiskProjectOnCashFlowsCashInflowsFromFinancing" xlink:title="LiquidityRiskProjectOnCashFlowsCashInflowsFromFinancing"/>
    <link:definitionArc xlink:type="arc" xlink:arcrole="http://xbrl.org/int/dim/arcrole/domain-member" xlink:from="LiquidityRiskProjectOnCashFlowsCashFlowsFromFinancing" xlink:to="LiquidityRiskProjectOnCashFlowsCashInflowsFromFinancing" xlink:title="definition: LiquidityRiskProjectOnCashFlowsCashFlowsFromFinancing to LiquidityRiskProjectOnCashFlowsCashInflowsFromFinancing" use="optional" order="10.0"/>
    <link:loc xlink:type="locator" xlink:href="../../c-ross_core_2015-12-31.xsd#c-ross_LiquidityRiskProjectOnCashFlowsShareholdersCapitalIncrease" xlink:label="LiquidityRiskProjectOnCashFlowsShareholdersCapitalIncrease" xlink:title="LiquidityRiskProjectOnCashFlowsShareholdersCapitalIncrease"/>
    <link:definitionArc xlink:type="arc" xlink:arcrole="http://xbrl.org/int/dim/arcrole/domain-member" xlink:from="LiquidityRiskProjectOnCashFlowsCashInflowsFromFinancing" xlink:to="LiquidityRiskProjectOnCashFlowsShareholdersCapitalIncrease" xlink:title="definition: LiquidityRiskProjectOnCashFlowsCashInflowsFromFinancing to LiquidityRiskProjectOnCashFlowsShareholdersCapitalIncrease" use="optional" order="10.0"/>
    <link:loc xlink:type="locator" xlink:href="../../c-ross_core_2015-12-31.xsd#c-ross_LiquidityRiskProjectOnCashFlowsSubordinatedDebts" xlink:label="LiquidityRiskProjectOnCashFlowsSubordinatedDebts" xlink:title="LiquidityRiskProjectOnCashFlowsSubordinatedDebts"/>
    <link:definitionArc xlink:type="arc" xlink:arcrole="http://xbrl.org/int/dim/arcrole/domain-member" xlink:from="LiquidityRiskProjectOnCashFlowsCashInflowsFromFinancing" xlink:to="LiquidityRiskProjectOnCashFlowsSubordinatedDebts" xlink:title="definition: LiquidityRiskProjectOnCashFlowsCashInflowsFromFinancing to LiquidityRiskProjectOnCashFlowsSubordinatedDebts" use="optional" order="20.0"/>
    <link:loc xlink:type="locator" xlink:href="../../c-ross_core_2015-12-31.xsd#c-ross_LiquidityRiskProjectOnCashFlowsFinancialAssetsRepurchase" xlink:label="LiquidityRiskProjectOnCashFlowsFinancialAssetsRepurchase" xlink:title="LiquidityRiskProjectOnCashFlowsFinancialAssetsRepurchase"/>
    <link:definitionArc xlink:type="arc" xlink:arcrole="http://xbrl.org/int/dim/arcrole/domain-member" xlink:from="LiquidityRiskProjectOnCashFlowsCashInflowsFromFinancing" xlink:to="LiquidityRiskProjectOnCashFlowsFinancialAssetsRepurchase" xlink:title="definition: LiquidityRiskProjectOnCashFlowsCashInflowsFromFinancing to LiquidityRiskProjectOnCashFlowsFinancialAssetsRepurchase" use="optional" order="30.0"/>
    <link:definitionArc xlink:type="arc" xlink:arcrole="http://xbrl.org/int/dim/arcrole/domain-member" xlink:from="LiquidityRiskProjectOnCashFlowsCashFlowsFromFinancing" xlink:to="LiquidityRiskProjectOnCashFlowsCashOutflowsFromFinancingActivities" xlink:title="definition: LiquidityRiskProjectOnCashFlowsCashFlowsFromFinancing to LiquidityRiskProjectOnCashFlowsCashOutflowsFromFinancingActivities" use="optional" order="20.0"/>
    <link:loc xlink:type="locator" xlink:href="../../c-ross_core_2015-12-31.xsd#c-ross_LiquidityRiskProjectOnCashFlowsNetCashFlows" xlink:label="LiquidityRiskProjectOnCashFlowsNetCashFlows" xlink:title="LiquidityRiskProjectOnCashFlowsNetCashFlows"/>
    <link:definitionArc xlink:type="arc" xlink:arcrole="http://xbrl.org/int/dim/arcrole/domain-member" xlink:from="CashFlowTestUnderBaseScenarioForLifeInsuranceCompaniesLineItems" xlink:to="LiquidityRiskProjectOnCashFlowsNetCashFlows" xlink:title="definition: CashFlowTestUnderBaseScenarioForLifeInsuranceCompaniesLineItems to LiquidityRiskProjectOnCashFlowsNetCashFlows" use="optional" order="40.0"/>
  </link:definitionLink>
  <link:definitionLink xlink:type="extended" xlink:role="http://xbrl.circ.gov.cn/role/c-ross_2015-12-31_role-3180312">
    <link:loc xlink:type="locator" xlink:href="../../c-ross_core_2015-12-31.xsd#c-ross_CashFlowTestScopeAxis" xlink:label="CashFlowTestScopeAxis" xlink:title="CashFlowTestScopeAxis"/>
    <link:loc xlink:type="locator" xlink:href="../../c-ross_core_2015-12-31.xsd#c-ross_CashFlowTestScopeMember" xlink:label="CashFlowTestScopeMember" xlink:title="CashFlowTestScopeMember"/>
    <link:definitionArc xlink:type="arc" xlink:arcrole="http://xbrl.org/int/dim/arcrole/dimension-domain" xlink:from="CashFlowTestScopeAxis" xlink:to="CashFlowTestScopeMember" xlink:title="definition: CashFlowTestScopeAxis to CashFlowTestScopeMember" use="optional" priority="0" order="10.0"/>
    <link:loc xlink:type="locator" xlink:href="../../c-ross_core_2015-12-31.xsd#c-ross_CashFlowTestScopeMember" xlink:label="CashFlowTestScopeMember_2" xlink:title="CashFlowTestScopeMember"/>
    <link:definitionArc xlink:type="arc" xlink:arcrole="http://xbrl.org/int/dim/arcrole/dimension-default" xlink:from="CashFlowTestScopeAxis" xlink:to="CashFlowTestScopeMember_2" xlink:title="definition: CashFlowTestScopeAxis to CashFlowTestScopeMember" use="optional" priority="1" order="20.0"/>
    <link:loc xlink:type="locator" xlink:href="../../c-ross_core_2015-12-31.xsd#c-ross_OverallBusinessMember" xlink:label="OverallBusinessMember" xlink:title="OverallBusinessMember"/>
    <link:definitionArc xlink:type="arc" xlink:arcrole="http://xbrl.org/int/dim/arcrole/domain-member" xlink:from="CashFlowTestScopeMember" xlink:to="OverallBusinessMember" xlink:title="definition: CashFlowTestScopeMember to OverallBusinessMember" use="optional" priority="0" order="10.0"/>
    <link:loc xlink:type="locator" xlink:href="../../c-ross_core_2015-12-31.xsd#c-ross_TraditionalInsuranceBusinessMember" xlink:label="TraditionalInsuranceBusinessMember" xlink:title="TraditionalInsuranceBusinessMember"/>
    <link:definitionArc xlink:type="arc" xlink:arcrole="http://xbrl.org/int/dim/arcrole/domain-member" xlink:from="CashFlowTestScopeMember" xlink:to="TraditionalInsuranceBusinessMember" xlink:title="definition: CashFlowTestScopeMember to TraditionalInsuranceBusinessMember" use="optional" priority="0" order="20.0"/>
    <link:loc xlink:type="locator" xlink:href="../../c-ross_core_2015-12-31.xsd#c-ross_ParticipatingInsuranceBusinessMember" xlink:label="ParticipatingInsuranceBusinessMember" xlink:title="ParticipatingInsuranceBusinessMember"/>
    <link:definitionArc xlink:type="arc" xlink:arcrole="http://xbrl.org/int/dim/arcrole/domain-member" xlink:from="CashFlowTestScopeMember" xlink:to="ParticipatingInsuranceBusinessMember" xlink:title="definition: CashFlowTestScopeMember to ParticipatingInsuranceBusinessMember" use="optional" priority="0" order="30.0"/>
    <link:loc xlink:type="locator" xlink:href="../../c-ross_core_2015-12-31.xsd#c-ross_UniversalInsuranceBusinessMember" xlink:label="UniversalInsuranceBusinessMember" xlink:title="UniversalInsuranceBusinessMember"/>
    <link:definitionArc xlink:type="arc" xlink:arcrole="http://xbrl.org/int/dim/arcrole/domain-member" xlink:from="CashFlowTestScopeMember" xlink:to="UniversalInsuranceBusinessMember" xlink:title="definition: CashFlowTestScopeMember to UniversalInsuranceBusinessMember" use="optional" priority="0" order="40.0"/>
    <link:loc xlink:type="locator" xlink:href="../../c-ross_core_2015-12-31.xsd#c-ross_UnitLinkedInsuranceBusinessMember" xlink:label="UnitLinkedInsuranceBusinessMember" xlink:title="UnitLinkedInsuranceBusinessMember"/>
    <link:definitionArc xlink:type="arc" xlink:arcrole="http://xbrl.org/int/dim/arcrole/domain-member" xlink:from="CashFlowTestScopeMember" xlink:to="UnitLinkedInsuranceBusinessMember" xlink:title="definition: CashFlowTestScopeMember to UnitLinkedInsuranceBusinessMember" use="optional" priority="0" order="50.0"/>
    <link:loc xlink:type="locator" xlink:href="../../c-ross_core_2015-12-31.xsd#c-ross_CashFlowTestUnderBaseScenarioForLifeInsuranceCompaniesTable" xlink:label="CashFlowTestUnderBaseScenarioForLifeInsuranceCompaniesTable" xlink:title="CashFlowTestUnderBaseScenarioForLifeInsuranceCompaniesTable"/>
    <link:definitionArc xlink:type="arc" xlink:arcrole="http://xbrl.org/int/dim/arcrole/hypercube-dimension" xlink:from="CashFlowTestUnderBaseScenarioForLifeInsuranceCompaniesTable" xlink:to="CashFlowTestScopeAxis" xlink:title="definition: CashFlowTestUnderBaseScenarioForLifeInsuranceCompaniesTable to CashFlowTestScopeAxis" use="optional" priority="0" order="10.0"/>
    <link:loc xlink:type="locator" xlink:href="../../c-ross_core_2015-12-31.xsd#c-ross_CashFlowTestUnderBaseScenarioForLifeInsuranceCompaniesLineItems" xlink:label="CashFlowTestUnderBaseScenarioForLifeInsuranceCompaniesLineItems" xlink:title="CashFlowTestUnderBaseScenarioForLifeInsuranceCompaniesLineItems"/>
    <link:loc xlink:type="locator" xlink:href="../../c-ross_core_2015-12-31.xsd#c-ross_LiquidityRiskActualCashFlowsCashFlowsFromBusiness" xlink:label="LiquidityRiskActualCashFlowsCashFlowsFromBusiness" xlink:title="LiquidityRiskActualCashFlowsCashFlowsFromBusiness"/>
    <link:definitionArc xlink:type="arc" xlink:arcrole="http://xbrl.org/int/dim/arcrole/domain-member" xlink:from="CashFlowTestUnderBaseScenarioForLifeInsuranceCompaniesLineItems" xlink:to="LiquidityRiskActualCashFlowsCashFlowsFromBusiness" xlink:title="definition: CashFlowTestUnderBaseScenarioForLifeInsuranceCompaniesLineItems to LiquidityRiskActualCashFlowsCashFlowsFromBusiness" use="optional" priority="0" order="10.0"/>
    <link:loc xlink:type="locator" xlink:href="../../c-ross_core_2015-12-31.xsd#c-ross_LiquidityRiskActualCashFlowsCashFlowsFromInForceBusinessOnReportingDate" xlink:label="LiquidityRiskActualCashFlowsCashFlowsFromInForceBusinessOnReportingDate" xlink:title="LiquidityRiskActualCashFlowsCashFlowsFromInForceBusinessOnReportingDate"/>
    <link:definitionArc xlink:type="arc" xlink:arcrole="http://xbrl.org/int/dim/arcrole/domain-member" xlink:from="LiquidityRiskActualCashFlowsCashFlowsFromBusiness" xlink:to="LiquidityRiskActualCashFlowsCashFlowsFromInForceBusinessOnReportingDate" xlink:title="definition: LiquidityRiskActualCashFlowsCashFlowsFromBusiness to LiquidityRiskActualCashFlowsCashFlowsFromInForceBusinessOnReportingDate" use="optional" priority="0" order="10.0"/>
    <link:loc xlink:type="locator" xlink:href="../../c-ross_core_2015-12-31.xsd#c-ross_LiquidityRiskActualCashFlowsCashFlowsFromInForceBusinessOnReportingDatePremiumIncome" xlink:label="LiquidityRiskActualCashFlowsCashFlowsFromInForceBusinessOnReportingDatePremiumIncome" xlink:title="LiquidityRiskActualCashFlowsCashFlowsFromInForceBusinessOnReportingDatePremiumIncome"/>
    <link:definitionArc xlink:type="arc" xlink:arcrole="http://xbrl.org/int/dim/arcrole/domain-member" xlink:from="LiquidityRiskActualCashFlowsCashFlowsFromInForceBusinessOnReportingDate" xlink:to="LiquidityRiskActualCashFlowsCashFlowsFromInForceBusinessOnReportingDatePremiumIncome" xlink:title="definition: LiquidityRiskActualCashFlowsCashFlowsFromInForceBusinessOnReportingDate to LiquidityRiskActualCashFlowsCashFlowsFromInForceBusinessOnReportingDatePremiumIncome" use="optional" priority="0" order="10.0"/>
    <link:loc xlink:type="locator" xlink:href="../../c-ross_core_2015-12-31.xsd#c-ross_LiquidityRiskActualCashFlowsCashFlowsFromInForceBusinessOnReportingDateBenefitPayments" xlink:label="LiquidityRiskActualCashFlowsCashFlowsFromInForceBusinessOnReportingDateBenefitPayments" xlink:title="LiquidityRiskActualCashFlowsCashFlowsFromInForceBusinessOnReportingDateBenefitPayments"/>
    <link:definitionArc xlink:type="arc" xlink:arcrole="http://xbrl.org/int/dim/arcrole/domain-member" xlink:from="LiquidityRiskActualCashFlowsCashFlowsFromInForceBusinessOnReportingDate" xlink:to="LiquidityRiskActualCashFlowsCashFlowsFromInForceBusinessOnReportingDateBenefitPayments" xlink:title="definition: LiquidityRiskActualCashFlowsCashFlowsFromInForceBusinessOnReportingDate to LiquidityRiskActualCashFlowsCashFlowsFromInForceBusinessOnReportingDateBenefitPayments" use="optional" priority="0" order="20.0"/>
    <link:loc xlink:type="locator" xlink:href="../../c-ross_core_2015-12-31.xsd#c-ross_LiquidityRiskActualCashFlowsCashFlowsFromInForceBusinessOnReportingDateMaturityBenefitPayment" xlink:label="LiquidityRiskActualCashFlowsCashFlowsFromInForceBusinessOnReportingDateMaturityBenefitPayment" xlink:title="LiquidityRiskActualCashFlowsCashFlowsFromInForceBusinessOnReportingDateMaturityBenefitPayment"/>
    <link:definitionArc xlink:type="arc" xlink:arcrole="http://xbrl.org/int/dim/arcrole/domain-member" xlink:from="LiquidityRiskActualCashFlowsCashFlowsFromInForceBusinessOnReportingDateBenefitPayments" xlink:to="LiquidityRiskActualCashFlowsCashFlowsFromInForceBusinessOnReportingDateMaturityBenefitPayment" xlink:title="definition: LiquidityRiskActualCashFlowsCashFlowsFromInForceBusinessOnReportingDateBenefitPayments to LiquidityRiskActualCashFlowsCashFlowsFromInForceBusinessOnReportingDateMaturityBenefitPayment" use="optional" priority="0" order="10.0"/>
    <link:loc xlink:type="locator" xlink:href="../../c-ross_core_2015-12-31.xsd#c-ross_LiquidityRiskActualCashFlowsCashFlowsFromInForceBusinessOnReportingDateSurrenderPayment" xlink:label="LiquidityRiskActualCashFlowsCashFlowsFromInForceBusinessOnReportingDateSurrenderPayment" xlink:title="LiquidityRiskActualCashFlowsCashFlowsFromInForceBusinessOnReportingDateSurrenderPayment"/>
    <link:definitionArc xlink:type="arc" xlink:arcrole="http://xbrl.org/int/dim/arcrole/domain-member" xlink:from="LiquidityRiskActualCashFlowsCashFlowsFromInForceBusinessOnReportingDate" xlink:to="LiquidityRiskActualCashFlowsCashFlowsFromInForceBusinessOnReportingDateSurrenderPayment" xlink:title="definition: LiquidityRiskActualCashFlowsCashFlowsFromInForceBusinessOnReportingDate to LiquidityRiskActualCashFlowsCashFlowsFromInForceBusinessOnReportingDateSurrenderPayment" use="optional" priority="0" order="30.0"/>
    <link:loc xlink:type="locator" xlink:href="../../c-ross_core_2015-12-31.xsd#c-ross_LiquidityRiskActualCashFlowsCashFlowsFromInForceBusinessOnReportingDateBonusesPayment" xlink:label="LiquidityRiskActualCashFlowsCashFlowsFromInForceBusinessOnReportingDateBonusesPayment" xlink:title="LiquidityRiskActualCashFlowsCashFlowsFromInForceBusinessOnReportingDateBonusesPayment"/>
    <link:definitionArc xlink:type="arc" xlink:arcrole="http://xbrl.org/int/dim/arcrole/domain-member" xlink:from="LiquidityRiskActualCashFlowsCashFlowsFromInForceBusinessOnReportingDate" xlink:to="LiquidityRiskActualCashFlowsCashFlowsFromInForceBusinessOnReportingDateBonusesPayment" xlink:title="definition: LiquidityRiskActualCashFlowsCashFlowsFromInForceBusinessOnReportingDate to LiquidityRiskActualCashFlowsCashFlowsFromInForceBusinessOnReportingDateBonusesPayment" use="optional" priority="0" order="40.0"/>
    <link:loc xlink:type="locator" xlink:href="../../c-ross_core_2015-12-31.xsd#c-ross_LiquidityRiskActualCashFlowsCashFlowsFromInForceBusinessOnReportingDateDividendsPayment" xlink:label="LiquidityRiskActualCashFlowsCashFlowsFromInForceBusinessOnReportingDateDividendsPayment" xlink:title="LiquidityRiskActualCashFlowsCashFlowsFromInForceBusinessOnReportingDateDividendsPayment"/>
    <link:definitionArc xlink:type="arc" xlink:arcrole="http://xbrl.org/int/dim/arcrole/domain-member" xlink:from="LiquidityRiskActualCashFlowsCashFlowsFromInForceBusinessOnReportingDate" xlink:to="LiquidityRiskActualCashFlowsCashFlowsFromInForceBusinessOnReportingDateDividendsPayment" xlink:title="definition: LiquidityRiskActualCashFlowsCashFlowsFromInForceBusinessOnReportingDate to LiquidityRiskActualCashFlowsCashFlowsFromInForceBusinessOnReportingDateDividendsPayment" use="optional" priority="0" order="50.0"/>
    <link:loc xlink:type="locator" xlink:href="../../c-ross_core_2015-12-31.xsd#c-ross_LiquidityRiskActualCashFlowsCashFlowsFromInForceBusinessOnReportingDateExpenses" xlink:label="LiquidityRiskActualCashFlowsCashFlowsFromInForceBusinessOnReportingDateExpenses" xlink:title="LiquidityRiskActualCashFlowsCashFlowsFromInForceBusinessOnReportingDateExpenses"/>
    <link:definitionArc xlink:type="arc" xlink:arcrole="http://xbrl.org/int/dim/arcrole/domain-member" xlink:from="LiquidityRiskActualCashFlowsCashFlowsFromInForceBusinessOnReportingDate" xlink:to="LiquidityRiskActualCashFlowsCashFlowsFromInForceBusinessOnReportingDateExpenses" xlink:title="definition: LiquidityRiskActualCashFlowsCashFlowsFromInForceBusinessOnReportingDate to LiquidityRiskActualCashFlowsCashFlowsFromInForceBusinessOnReportingDateExpenses" use="optional" priority="0" order="60.0"/>
    <link:loc xlink:type="locator" xlink:href="../../c-ross_core_2015-12-31.xsd#c-ross_LiquidityRiskActualCashFlowsCashFlowsFromInForceBusinessOnReportingDateBusinessAndAdministrativeExpenses" xlink:label="LiquidityRiskActualCashFlowsCashFlowsFromInForceBusinessOnReportingDateBusinessAndAdministrativeExpenses" xlink:title="LiquidityRiskActualCashFlowsCashFlowsFromInForceBusinessOnReportingDateBusinessAndAdministrativeExpenses"/>
    <link:definitionArc xlink:type="arc" xlink:arcrole="http://xbrl.org/int/dim/arcrole/domain-member" xlink:from="LiquidityRiskActualCashFlowsCashFlowsFromInForceBusinessOnReportingDateExpenses" xlink:to="LiquidityRiskActualCashFlowsCashFlowsFromInForceBusinessOnReportingDateBusinessAndAdministrativeExpenses" xlink:title="definition: LiquidityRiskActualCashFlowsCashFlowsFromInForceBusinessOnReportingDateExpenses to LiquidityRiskActualCashFlowsCashFlowsFromInForceBusinessOnReportingDateBusinessAndAdministrativeExpenses" use="optional" priority="0" order="10.0"/>
    <link:loc xlink:type="locator" xlink:href="../../c-ross_core_2015-12-31.xsd#c-ross_LiquidityRiskActualCashFlowsCashFlowsFromInForceBusinessOnReportingDateCommissions" xlink:label="LiquidityRiskActualCashFlowsCashFlowsFromInForceBusinessOnReportingDateCommissions" xlink:title="LiquidityRiskActualCashFlowsCashFlowsFromInForceBusinessOnReportingDateCommissions"/>
    <link:definitionArc xlink:type="arc" xlink:arcrole="http://xbrl.org/int/dim/arcrole/domain-member" xlink:from="LiquidityRiskActualCashFlowsCashFlowsFromInForceBusinessOnReportingDateExpenses" xlink:to="LiquidityRiskActualCashFlowsCashFlowsFromInForceBusinessOnReportingDateCommissions" xlink:title="definition: LiquidityRiskActualCashFlowsCashFlowsFromInForceBusinessOnReportingDateExpenses to LiquidityRiskActualCashFlowsCashFlowsFromInForceBusinessOnReportingDateCommissions" use="optional" priority="0" order="20.0"/>
    <link:loc xlink:type="locator" xlink:href="../../c-ross_core_2015-12-31.xsd#c-ross_LiquidityRiskActualCashFlowsCashFlowsFromInForceBusinessOnReportingDateReinsuranceNetExpensesPayments" xlink:label="LiquidityRiskActualCashFlowsCashFlowsFromInForceBusinessOnReportingDateReinsuranceNetExpensesPayments" xlink:title="LiquidityRiskActualCashFlowsCashFlowsFromInForceBusinessOnReportingDateReinsuranceNetExpensesPayments"/>
    <link:definitionArc xlink:type="arc" xlink:arcrole="http://xbrl.org/int/dim/arcrole/domain-member" xlink:from="LiquidityRiskActualCashFlowsCashFlowsFromInForceBusinessOnReportingDate" xlink:to="LiquidityRiskActualCashFlowsCashFlowsFromInForceBusinessOnReportingDateReinsuranceNetExpensesPayments" xlink:title="definition: LiquidityRiskActualCashFlowsCashFlowsFromInForceBusinessOnReportingDate to LiquidityRiskActualCashFlowsCashFlowsFromInForceBusinessOnReportingDateReinsuranceNetExpensesPayments" use="optional" priority="0" order="70.0"/>
    <link:loc xlink:type="locator" xlink:href="../../c-ross_core_2015-12-31.xsd#c-ross_LiquidityRiskActualCashFlowsCashFlowsFromNewBusinessDuringTestPeriod" xlink:label="LiquidityRiskActualCashFlowsCashFlowsFromNewBusinessDuringTestPeriod" xlink:title="LiquidityRiskActualCashFlowsCashFlowsFromNewBusinessDuringTestPeriod"/>
    <link:definitionArc xlink:type="arc" xlink:arcrole="http://xbrl.org/int/dim/arcrole/domain-member" xlink:from="LiquidityRiskActualCashFlowsCashFlowsFromBusiness" xlink:to="LiquidityRiskActualCashFlowsCashFlowsFromNewBusinessDuringTestPeriod" xlink:title="definition: LiquidityRiskActualCashFlowsCashFlowsFromBusiness to LiquidityRiskActualCashFlowsCashFlowsFromNewBusinessDuringTestPeriod" use="optional" priority="0" order="20.0"/>
    <link:loc xlink:type="locator" xlink:href="../../c-ross_core_2015-12-31.xsd#c-ross_LiquidityRiskActualCashFlowsCashFlowsFromNewBusinessDuringTestPeriodPremiumIncome" xlink:label="LiquidityRiskActualCashFlowsCashFlowsFromNewBusinessDuringTestPeriodPremiumIncome" xlink:title="LiquidityRiskActualCashFlowsCashFlowsFromNewBusinessDuringTestPeriodPremiumIncome"/>
    <link:definitionArc xlink:type="arc" xlink:arcrole="http://xbrl.org/int/dim/arcrole/domain-member" xlink:from="LiquidityRiskActualCashFlowsCashFlowsFromNewBusinessDuringTestPeriod" xlink:to="LiquidityRiskActualCashFlowsCashFlowsFromNewBusinessDuringTestPeriodPremiumIncome" xlink:title="definition: LiquidityRiskActualCashFlowsCashFlowsFromNewBusinessDuringTestPeriod to LiquidityRiskActualCashFlowsCashFlowsFromNewBusinessDuringTestPeriodPremiumIncome" use="optional" priority="0" order="10.0"/>
    <link:loc xlink:type="locator" xlink:href="../../c-ross_core_2015-12-31.xsd#c-ross_LiquidityRiskActualCashFlowsCashFlowsFromNewBusinessDuringTestPeriodBenefitPayments" xlink:label="LiquidityRiskActualCashFlowsCashFlowsFromNewBusinessDuringTestPeriodBenefitPayments" xlink:title="LiquidityRiskActualCashFlowsCashFlowsFromNewBusinessDuringTestPeriodBenefitPayments"/>
    <link:definitionArc xlink:type="arc" xlink:arcrole="http://xbrl.org/int/dim/arcrole/domain-member" xlink:from="LiquidityRiskActualCashFlowsCashFlowsFromNewBusinessDuringTestPeriod" xlink:to="LiquidityRiskActualCashFlowsCashFlowsFromNewBusinessDuringTestPeriodBenefitPayments" xlink:title="definition: LiquidityRiskActualCashFlowsCashFlowsFromNewBusinessDuringTestPeriod to LiquidityRiskActualCashFlowsCashFlowsFromNewBusinessDuringTestPeriodBenefitPayments" use="optional" priority="0" order="20.0"/>
    <link:loc xlink:type="locator" xlink:href="../../c-ross_core_2015-12-31.xsd#c-ross_LiquidityRiskActualCashFlowsCashFlowsFromNewBusinessDuringTestPeriodMaturityBenefitPayment" xlink:label="LiquidityRiskActualCashFlowsCashFlowsFromNewBusinessDuringTestPeriodMaturityBenefitPayment" xlink:title="LiquidityRiskActualCashFlowsCashFlowsFromNewBusinessDuringTestPeriodMaturityBenefitPayment"/>
    <link:definitionArc xlink:type="arc" xlink:arcrole="http://xbrl.org/int/dim/arcrole/domain-member" xlink:from="LiquidityRiskActualCashFlowsCashFlowsFromNewBusinessDuringTestPeriodBenefitPayments" xlink:to="LiquidityRiskActualCashFlowsCashFlowsFromNewBusinessDuringTestPeriodMaturityBenefitPayment" xlink:title="definition: LiquidityRiskActualCashFlowsCashFlowsFromNewBusinessDuringTestPeriodBenefitPayments to LiquidityRiskActualCashFlowsCashFlowsFromNewBusinessDuringTestPeriodMaturityBenefitPayment" use="optional" priority="0" order="10.0"/>
    <link:loc xlink:type="locator" xlink:href="../../c-ross_core_2015-12-31.xsd#c-ross_LiquidityRiskActualCashFlowsCashFlowsFromNewBusinessDuringTestPeriodSurrenderPayment" xlink:label="LiquidityRiskActualCashFlowsCashFlowsFromNewBusinessDuringTestPeriodSurrenderPayment" xlink:title="LiquidityRiskActualCashFlowsCashFlowsFromNewBusinessDuringTestPeriodSurrenderPayment"/>
    <link:definitionArc xlink:type="arc" xlink:arcrole="http://xbrl.org/int/dim/arcrole/domain-member" xlink:from="LiquidityRiskActualCashFlowsCashFlowsFromNewBusinessDuringTestPeriod" xlink:to="LiquidityRiskActualCashFlowsCashFlowsFromNewBusinessDuringTestPeriodSurrenderPayment" xlink:title="definition: LiquidityRiskActualCashFlowsCashFlowsFromNewBusinessDuringTestPeriod to LiquidityRiskActualCashFlowsCashFlowsFromNewBusinessDuringTestPeriodSurrenderPayment" use="optional" priority="0" order="30.0"/>
    <link:loc xlink:type="locator" xlink:href="../../c-ross_core_2015-12-31.xsd#c-ross_LiquidityRiskActualCashFlowsCashFlowsFromNewBusinessDuringTestPeriodBonusesPayment" xlink:label="LiquidityRiskActualCashFlowsCashFlowsFromNewBusinessDuringTestPeriodBonusesPayment" xlink:title="LiquidityRiskActualCashFlowsCashFlowsFromNewBusinessDuringTestPeriodBonusesPayment"/>
    <link:definitionArc xlink:type="arc" xlink:arcrole="http://xbrl.org/int/dim/arcrole/domain-member" xlink:from="LiquidityRiskActualCashFlowsCashFlowsFromNewBusinessDuringTestPeriod" xlink:to="LiquidityRiskActualCashFlowsCashFlowsFromNewBusinessDuringTestPeriodBonusesPayment" xlink:title="definition: LiquidityRiskActualCashFlowsCashFlowsFromNewBusinessDuringTestPeriod to LiquidityRiskActualCashFlowsCashFlowsFromNewBusinessDuringTestPeriodBonusesPayment" use="optional" priority="0" order="40.0"/>
    <link:loc xlink:type="locator" xlink:href="../../c-ross_core_2015-12-31.xsd#c-ross_LiquidityRiskActualCashFlowsCashFlowsFromNewBusinessDuringTestPeriodDividendsPayment" xlink:label="LiquidityRiskActualCashFlowsCashFlowsFromNewBusinessDuringTestPeriodDividendsPayment" xlink:title="LiquidityRiskActualCashFlowsCashFlowsFromNewBusinessDuringTestPeriodDividendsPayment"/>
    <link:definitionArc xlink:type="arc" xlink:arcrole="http://xbrl.org/int/dim/arcrole/domain-member" xlink:from="LiquidityRiskActualCashFlowsCashFlowsFromNewBusinessDuringTestPeriod" xlink:to="LiquidityRiskActualCashFlowsCashFlowsFromNewBusinessDuringTestPeriodDividendsPayment" xlink:title="definition: LiquidityRiskActualCashFlowsCashFlowsFromNewBusinessDuringTestPeriod to LiquidityRiskActualCashFlowsCashFlowsFromNewBusinessDuringTestPeriodDividendsPayment" use="optional" priority="0" order="50.0"/>
    <link:loc xlink:type="locator" xlink:href="../../c-ross_core_2015-12-31.xsd#c-ross_LiquidityRiskActualCashFlowsCashFlowsFromNewBusinessDuringTestPeriodExpenses" xlink:label="LiquidityRiskActualCashFlowsCashFlowsFromNewBusinessDuringTestPeriodExpenses" xlink:title="LiquidityRiskActualCashFlowsCashFlowsFromNewBusinessDuringTestPeriodExpenses"/>
    <link:definitionArc xlink:type="arc" xlink:arcrole="http://xbrl.org/int/dim/arcrole/domain-member" xlink:from="LiquidityRiskActualCashFlowsCashFlowsFromNewBusinessDuringTestPeriod" xlink:to="LiquidityRiskActualCashFlowsCashFlowsFromNewBusinessDuringTestPeriodExpenses" xlink:title="definition: LiquidityRiskActualCashFlowsCashFlowsFromNewBusinessDuringTestPeriod to LiquidityRiskActualCashFlowsCashFlowsFromNewBusinessDuringTestPeriodExpenses" use="optional" priority="0" order="60.0"/>
    <link:loc xlink:type="locator" xlink:href="../../c-ross_core_2015-12-31.xsd#c-ross_LiquidityRiskActualCashFlowsCashFlowsFromNewBusinessDuringTestPeriodBusinessAndAdministrativeExpenses" xlink:label="LiquidityRiskActualCashFlowsCashFlowsFromNewBusinessDuringTestPeriodBusinessAndAdministrativeExpenses" xlink:title="LiquidityRiskActualCashFlowsCashFlowsFromNewBusinessDuringTestPeriodBusinessAndAdministrativeExpenses"/>
    <link:definitionArc xlink:type="arc" xlink:arcrole="http://xbrl.org/int/dim/arcrole/domain-member" xlink:from="LiquidityRiskActualCashFlowsCashFlowsFromNewBusinessDuringTestPeriodExpenses" xlink:to="LiquidityRiskActualCashFlowsCashFlowsFromNewBusinessDuringTestPeriodBusinessAndAdministrativeExpenses" xlink:title="definition: LiquidityRiskActualCashFlowsCashFlowsFromNewBusinessDuringTestPeriodExpenses to LiquidityRiskActualCashFlowsCashFlowsFromNewBusinessDuringTestPeriodBusinessAndAdministrativeExpenses" use="optional" priority="0" order="10.0"/>
    <link:loc xlink:type="locator" xlink:href="../../c-ross_core_2015-12-31.xsd#c-ross_LiquidityRiskActualCashFlowsCashFlowsFromNewBusinessDuringTestPeriodCommissions" xlink:label="LiquidityRiskActualCashFlowsCashFlowsFromNewBusinessDuringTestPeriodCommissions" xlink:title="LiquidityRiskActualCashFlowsCashFlowsFromNewBusinessDuringTestPeriodCommissions"/>
    <link:definitionArc xlink:type="arc" xlink:arcrole="http://xbrl.org/int/dim/arcrole/domain-member" xlink:from="LiquidityRiskActualCashFlowsCashFlowsFromNewBusinessDuringTestPeriodExpenses" xlink:to="LiquidityRiskActualCashFlowsCashFlowsFromNewBusinessDuringTestPeriodCommissions" xlink:title="definition: LiquidityRiskActualCashFlowsCashFlowsFromNewBusinessDuringTestPeriodExpenses to LiquidityRiskActualCashFlowsCashFlowsFromNewBusinessDuringTestPeriodCommissions" use="optional" priority="0" order="20.0"/>
    <link:loc xlink:type="locator" xlink:href="../../c-ross_core_2015-12-31.xsd#c-ross_LiquidityRiskActualCashFlowsCashFlowsFromNewBusinessDuringTestPeriodReinsuranceNetExpensesPayments" xlink:label="LiquidityRiskActualCashFlowsCashFlowsFromNewBusinessDuringTestPeriodReinsuranceNetExpensesPayments" xlink:title="LiquidityRiskActualCashFlowsCashFlowsFromNewBusinessDuringTestPeriodReinsuranceNetExpensesPayments"/>
    <link:definitionArc xlink:type="arc" xlink:arcrole="http://xbrl.org/int/dim/arcrole/domain-member" xlink:from="LiquidityRiskActualCashFlowsCashFlowsFromNewBusinessDuringTestPeriod" xlink:to="LiquidityRiskActualCashFlowsCashFlowsFromNewBusinessDuringTestPeriodReinsuranceNetExpensesPayments" xlink:title="definition: LiquidityRiskActualCashFlowsCashFlowsFromNewBusinessDuringTestPeriod to LiquidityRiskActualCashFlowsCashFlowsFromNewBusinessDuringTestPeriodReinsuranceNetExpensesPayments" use="optional" priority="0" order="70.0"/>
    <link:loc xlink:type="locator" xlink:href="../../c-ross_core_2015-12-31.xsd#c-ross_LiquidityRiskActualCashFlowsOtherCashFlowsFromBusiness" xlink:label="LiquidityRiskActualCashFlowsOtherCashFlowsFromBusiness" xlink:title="LiquidityRiskActualCashFlowsOtherCashFlowsFromBusiness"/>
    <link:definitionArc xlink:type="arc" xlink:arcrole="http://xbrl.org/int/dim/arcrole/domain-member" xlink:from="LiquidityRiskActualCashFlowsCashFlowsFromBusiness" xlink:to="LiquidityRiskActualCashFlowsOtherCashFlowsFromBusiness" xlink:title="definition: LiquidityRiskActualCashFlowsCashFlowsFromBusiness to LiquidityRiskActualCashFlowsOtherCashFlowsFromBusiness" use="optional" priority="0" order="30.0"/>
    <link:loc xlink:type="locator" xlink:href="../../c-ross_core_2015-12-31.xsd#c-ross_LiquidityRiskActualCashFlowsCashFlowsFromAssets" xlink:label="LiquidityRiskActualCashFlowsCashFlowsFromAssets" xlink:title="LiquidityRiskActualCashFlowsCashFlowsFromAssets"/>
    <link:definitionArc xlink:type="arc" xlink:arcrole="http://xbrl.org/int/dim/arcrole/domain-member" xlink:from="CashFlowTestUnderBaseScenarioForLifeInsuranceCompaniesLineItems" xlink:to="LiquidityRiskActualCashFlowsCashFlowsFromAssets" xlink:title="definition: CashFlowTestUnderBaseScenarioForLifeInsuranceCompaniesLineItems to LiquidityRiskActualCashFlowsCashFlowsFromAssets" use="optional" priority="0" order="20.0"/>
    <link:loc xlink:type="locator" xlink:href="../../c-ross_core_2015-12-31.xsd#c-ross_LiquidityRiskActualCashFlowsInterestIncome" xlink:label="LiquidityRiskActualCashFlowsInterestIncome" xlink:title="LiquidityRiskActualCashFlowsInterestIncome"/>
    <link:definitionArc xlink:type="arc" xlink:arcrole="http://xbrl.org/int/dim/arcrole/domain-member" xlink:from="LiquidityRiskActualCashFlowsCashFlowsFromAssets" xlink:to="LiquidityRiskActualCashFlowsInterestIncome" xlink:title="definition: LiquidityRiskActualCashFlowsCashFlowsFromAssets to LiquidityRiskActualCashFlowsInterestIncome" use="optional" priority="0" order="10.0"/>
    <link:loc xlink:type="locator" xlink:href="../../c-ross_core_2015-12-31.xsd#c-ross_LiquidityRiskActualCashFlowsBonusIncome" xlink:label="LiquidityRiskActualCashFlowsBonusIncome" xlink:title="LiquidityRiskActualCashFlowsBonusIncome"/>
    <link:definitionArc xlink:type="arc" xlink:arcrole="http://xbrl.org/int/dim/arcrole/domain-member" xlink:from="LiquidityRiskActualCashFlowsCashFlowsFromAssets" xlink:to="LiquidityRiskActualCashFlowsBonusIncome" xlink:title="definition: LiquidityRiskActualCashFlowsCashFlowsFromAssets to LiquidityRiskActualCashFlowsBonusIncome" use="optional" priority="0" order="20.0"/>
    <link:loc xlink:type="locator" xlink:href="../../c-ross_core_2015-12-31.xsd#c-ross_LiquidityRiskActualCashFlowsAssetsMaturity" xlink:label="LiquidityRiskActualCashFlowsAssetsMaturity" xlink:title="LiquidityRiskActualCashFlowsAssetsMaturity"/>
    <link:definitionArc xlink:type="arc" xlink:arcrole="http://xbrl.org/int/dim/arcrole/domain-member" xlink:from="LiquidityRiskActualCashFlowsCashFlowsFromAssets" xlink:to="LiquidityRiskActualCashFlowsAssetsMaturity" xlink:title="definition: LiquidityRiskActualCashFlowsCashFlowsFromAssets to LiquidityRiskActualCashFlowsAssetsMaturity" use="optional" priority="0" order="30.0"/>
    <link:loc xlink:type="locator" xlink:href="../../c-ross_core_2015-12-31.xsd#c-ross_LiquidityRiskActualCashFlowsSoldAssets" xlink:label="LiquidityRiskActualCashFlowsSoldAssets" xlink:title="LiquidityRiskActualCashFlowsSoldAssets"/>
    <link:definitionArc xlink:type="arc" xlink:arcrole="http://xbrl.org/int/dim/arcrole/domain-member" xlink:from="LiquidityRiskActualCashFlowsCashFlowsFromAssets" xlink:to="LiquidityRiskActualCashFlowsSoldAssets" xlink:title="definition: LiquidityRiskActualCashFlowsCashFlowsFromAssets to LiquidityRiskActualCashFlowsSoldAssets" use="optional" priority="0" order="40.0"/>
    <link:loc xlink:type="locator" xlink:href="../../c-ross_core_2015-12-31.xsd#c-ross_LiquidityRiskActualCashFlowsOtherCashFlowsFromAssets" xlink:label="LiquidityRiskActualCashFlowsOtherCashFlowsFromAssets" xlink:title="LiquidityRiskActualCashFlowsOtherCashFlowsFromAssets"/>
    <link:definitionArc xlink:type="arc" xlink:arcrole="http://xbrl.org/int/dim/arcrole/domain-member" xlink:from="LiquidityRiskActualCashFlowsCashFlowsFromAssets" xlink:to="LiquidityRiskActualCashFlowsOtherCashFlowsFromAssets" xlink:title="definition: LiquidityRiskActualCashFlowsCashFlowsFromAssets to LiquidityRiskActualCashFlowsOtherCashFlowsFromAssets" use="optional" priority="0" order="50.0"/>
    <link:loc xlink:type="locator" xlink:href="../../c-ross_core_2015-12-31.xsd#c-ross_LiquidityRiskActualCashFlowsCashFlowsFromFinancing" xlink:label="LiquidityRiskActualCashFlowsCashFlowsFromFinancing" xlink:title="LiquidityRiskActualCashFlowsCashFlowsFromFinancing"/>
    <link:definitionArc xlink:type="arc" xlink:arcrole="http://xbrl.org/int/dim/arcrole/domain-member" xlink:from="CashFlowTestUnderBaseScenarioForLifeInsuranceCompaniesLineItems" xlink:to="LiquidityRiskActualCashFlowsCashFlowsFromFinancing" xlink:title="definition: CashFlowTestUnderBaseScenarioForLifeInsuranceCompaniesLineItems to LiquidityRiskActualCashFlowsCashFlowsFromFinancing" use="optional" priority="0" order="30.0"/>
    <link:loc xlink:type="locator" xlink:href="../../c-ross_core_2015-12-31.xsd#c-ross_LiquidityRiskActualCashFlowsCashInflowsFromFinancing" xlink:label="LiquidityRiskActualCashFlowsCashInflowsFromFinancing" xlink:title="LiquidityRiskActualCashFlowsCashInflowsFromFinancing"/>
    <link:definitionArc xlink:type="arc" xlink:arcrole="http://xbrl.org/int/dim/arcrole/domain-member" xlink:from="LiquidityRiskActualCashFlowsCashFlowsFromFinancing" xlink:to="LiquidityRiskActualCashFlowsCashInflowsFromFinancing" xlink:title="definition: LiquidityRiskActualCashFlowsCashFlowsFromFinancing to LiquidityRiskActualCashFlowsCashInflowsFromFinancing" use="optional" priority="0" order="10.0"/>
    <link:loc xlink:type="locator" xlink:href="../../c-ross_core_2015-12-31.xsd#c-ross_LiquidityRiskActualCashFlowsShareholdersCapitalIncrease" xlink:label="LiquidityRiskActualCashFlowsShareholdersCapitalIncrease" xlink:title="LiquidityRiskActualCashFlowsShareholdersCapitalIncrease"/>
    <link:definitionArc xlink:type="arc" xlink:arcrole="http://xbrl.org/int/dim/arcrole/domain-member" xlink:from="LiquidityRiskActualCashFlowsCashInflowsFromFinancing" xlink:to="LiquidityRiskActualCashFlowsShareholdersCapitalIncrease" xlink:title="definition: LiquidityRiskActualCashFlowsCashInflowsFromFinancing to LiquidityRiskActualCashFlowsShareholdersCapitalIncrease" use="optional" priority="0" order="10.0"/>
    <link:loc xlink:type="locator" xlink:href="../../c-ross_core_2015-12-31.xsd#c-ross_LiquidityRiskActualCashFlowsSubordinatedDebts" xlink:label="LiquidityRiskActualCashFlowsSubordinatedDebts" xlink:title="LiquidityRiskActualCashFlowsSubordinatedDebts"/>
    <link:definitionArc xlink:type="arc" xlink:arcrole="http://xbrl.org/int/dim/arcrole/domain-member" xlink:from="LiquidityRiskActualCashFlowsCashInflowsFromFinancing" xlink:to="LiquidityRiskActualCashFlowsSubordinatedDebts" xlink:title="definition: LiquidityRiskActualCashFlowsCashInflowsFromFinancing to LiquidityRiskActualCashFlowsSubordinatedDebts" use="optional" priority="0" order="20.0"/>
    <link:loc xlink:type="locator" xlink:href="../../c-ross_core_2015-12-31.xsd#c-ross_LiquidityRiskActualCashFlowsFinancialAssetsRepurchase" xlink:label="LiquidityRiskActualCashFlowsFinancialAssetsRepurchase" xlink:title="LiquidityRiskActualCashFlowsFinancialAssetsRepurchase"/>
    <link:definitionArc xlink:type="arc" xlink:arcrole="http://xbrl.org/int/dim/arcrole/domain-member" xlink:from="LiquidityRiskActualCashFlowsCashInflowsFromFinancing" xlink:to="LiquidityRiskActualCashFlowsFinancialAssetsRepurchase" xlink:title="definition: LiquidityRiskActualCashFlowsCashInflowsFromFinancing to LiquidityRiskActualCashFlowsFinancialAssetsRepurchase" use="optional" priority="0" order="30.0"/>
    <link:loc xlink:type="locator" xlink:href="../../c-ross_core_2015-12-31.xsd#c-ross_LiquidityRiskActualCashFlowsCashOutflowsFromFinancingActivities" xlink:label="LiquidityRiskActualCashFlowsCashOutflowsFromFinancingActivities" xlink:title="LiquidityRiskActualCashFlowsCashOutflowsFromFinancingActivities"/>
    <link:definitionArc xlink:type="arc" xlink:arcrole="http://xbrl.org/int/dim/arcrole/domain-member" xlink:from="LiquidityRiskActualCashFlowsCashFlowsFromFinancing" xlink:to="LiquidityRiskActualCashFlowsCashOutflowsFromFinancingActivities" xlink:title="definition: LiquidityRiskActualCashFlowsCashFlowsFromFinancing to LiquidityRiskActualCashFlowsCashOutflowsFromFinancingActivities" use="optional" priority="0" order="20.0"/>
    <link:loc xlink:type="locator" xlink:href="../../c-ross_core_2015-12-31.xsd#c-ross_LiquidityRiskActualCashFlowsRepurchaseOfFinancialAssets" xlink:label="LiquidityRiskActualCashFlowsRepurchaseOfFinancialAssets" xlink:title="LiquidityRiskActualCashFlowsRepurchaseOfFinancialAssets"/>
    <link:definitionArc xlink:type="arc" xlink:arcrole="http://xbrl.org/int/dim/arcrole/domain-member" xlink:from="LiquidityRiskActualCashFlowsCashOutflowsFromFinancingActivities" xlink:to="LiquidityRiskActualCashFlowsRepurchaseOfFinancialAssets" xlink:title="definition: LiquidityRiskActualCashFlowsCashOutflowsFromFinancingActivities to LiquidityRiskActualCashFlowsRepurchaseOfFinancialAssets" use="optional" priority="0" order="10.0"/>
    <link:loc xlink:type="locator" xlink:href="../../c-ross_core_2015-12-31.xsd#c-ross_LiquidityRiskActualCashFlowsPaymentOfInterestOnBorrowingsAndBonds" xlink:label="LiquidityRiskActualCashFlowsPaymentOfInterestOnBorrowingsAndBonds" xlink:title="LiquidityRiskActualCashFlowsPaymentOfInterestOnBorrowingsAndBonds"/>
    <link:definitionArc xlink:type="arc" xlink:arcrole="http://xbrl.org/int/dim/arcrole/domain-member" xlink:from="LiquidityRiskActualCashFlowsCashOutflowsFromFinancingActivities" xlink:to="LiquidityRiskActualCashFlowsPaymentOfInterestOnBorrowingsAndBonds" xlink:title="definition: LiquidityRiskActualCashFlowsCashOutflowsFromFinancingActivities to LiquidityRiskActualCashFlowsPaymentOfInterestOnBorrowingsAndBonds" use="optional" priority="0" order="20.0"/>
    <link:loc xlink:type="locator" xlink:href="../../c-ross_core_2015-12-31.xsd#c-ross_LiquidityRiskActualCashFlowsNetCashFlows" xlink:label="LiquidityRiskActualCashFlowsNetCashFlows" xlink:title="LiquidityRiskActualCashFlowsNetCashFlows"/>
    <link:definitionArc xlink:type="arc" xlink:arcrole="http://xbrl.org/int/dim/arcrole/domain-member" xlink:from="CashFlowTestUnderBaseScenarioForLifeInsuranceCompaniesLineItems" xlink:to="LiquidityRiskActualCashFlowsNetCashFlows" xlink:title="definition: CashFlowTestUnderBaseScenarioForLifeInsuranceCompaniesLineItems to LiquidityRiskActualCashFlowsNetCashFlows" use="optional" priority="0" order="40.0"/>
    <link:loc xlink:type="locator" xlink:href="../../c-ross_core_2015-12-31.xsd#c-ross_CashFlowTestUnderBaseScenarioForLifeInsuranceCompaniesActualCashFlowsAbstract" xlink:label="CashFlowTestUnderBaseScenarioForLifeInsuranceCompaniesActualCashFlowsAbstract" xlink:title="CashFlowTestUnderBaseScenarioForLifeInsuranceCompaniesActualCashFlowsAbstract"/>
    <link:definitionArc xlink:type="arc" xlink:arcrole="http://xbrl.org/int/dim/arcrole/all" xlink:from="CashFlowTestUnderBaseScenarioForLifeInsuranceCompaniesActualCashFlowsAbstract" xlink:to="CashFlowTestUnderBaseScenarioForLifeInsuranceCompaniesTable" xlink:title="definition: CashFlowTestUnderBaseScenarioForLifeInsuranceCompaniesActualCashFlowsAbstract to CashFlowTestUnderBaseScenarioForLifeInsuranceCompaniesTable" use="optional" order="10.0" xbrldt:contextElement="scenario" xbrldt:closed="true"/>
    <link:definitionArc xlink:type="arc" xlink:arcrole="http://xbrl.org/int/dim/arcrole/domain-member" xlink:from="CashFlowTestUnderBaseScenarioForLifeInsuranceCompaniesActualCashFlowsAbstract" xlink:to="CashFlowTestUnderBaseScenarioForLifeInsuranceCompaniesLineItems" xlink:title="definition: CashFlowTestUnderBaseScenarioForLifeInsuranceCompaniesActualCashFlowsAbstract to CashFlowTestUnderBaseScenarioForLifeInsuranceCompaniesLineItems" use="optional" order="20.0"/>
  </link:definitionLink>
</link:linkbase>
