<?xml version="1.0" encoding="UTF-8"?>

<!--
	Taxonomy: 2015-12-31 (Final)
	**********************
	Copyright © 2015 China Insurance Regulatory Commission.
	All rights reserved.  No part of this publication may be translated, reprinted or reproduced
	or utilised in any form either in whole or in part without prior permission in writing from China Insurance Regulatory Commission.
	  **********************
	-->
<link:linkbase xmlns:xsi="http://www.w3.org/2001/XMLSchema-instance" xsi:schemaLocation="http://www.xbrl.org/2003/linkbase http://www.xbrl.org/2003/xbrl-linkbase-2003-12-31.xsd" xmlns:c-ross="http://xbrl.circ.gov.cn/taxonomy/2015-12-31/c-ross" xmlns:link="http://www.xbrl.org/2003/linkbase" xmlns:q_s_pc_entry_point="http://xbrl.circ.gov.cn/taxonomy/2015-12-31/c-ross/q_s_pc_entry_point" xmlns:xbrli="http://www.xbrl.org/2003/instance" xmlns:xlink="http://www.w3.org/1999/xlink">
  <link:roleRef roleURI="http://www.xbrl.org/2009/role/netLabel" xlink:type="simple" xlink:href="http://www.xbrl.org/lrr/role/net-2009-12-16.xsd#netLabel"/>
  <link:roleRef roleURI="http://xbrl.circ.gov.cn/role/c-ross_2015-12-31_role-3180521" xlink:type="simple" xlink:href="rol_c-ross_12_2015-12-31.xsd#c-ross_2015-12-31-3180521"/>
  <link:presentationLink xlink:type="extended" xlink:role="http://xbrl.circ.gov.cn/role/c-ross_2015-12-31_role-3180521">
    <link:loc xlink:type="locator" xlink:href="../../c-ross_core_2015-12-31.xsd#c-ross_IntegratedCurrentRatioForPropertyAndCasualtyInsuranceCompaniesAndReinsuranceCompaniesAbstract" xlink:label="IntegratedCurrentRatioForPropertyAndCasualtyInsuranceCompaniesAndReinsuranceCompaniesAbstract" xlink:title="IntegratedCurrentRatioForPropertyAndCasualtyInsuranceCompaniesAndReinsuranceCompaniesAbstract"/>
    <link:loc xlink:type="locator" xlink:href="../../c-ross_core_2015-12-31.xsd#c-ross_LiquidityRiskBookValueOfAssetsAndLiabilitiesAbstract" xlink:label="LiquidityRiskBookValueOfAssetsAndLiabilitiesAbstract" xlink:title="LiquidityRiskBookValueOfAssetsAndLiabilitiesAbstract"/>
    <link:presentationArc xlink:type="arc" xlink:arcrole="http://www.xbrl.org/2003/arcrole/parent-child" xlink:from="IntegratedCurrentRatioForPropertyAndCasualtyInsuranceCompaniesAndReinsuranceCompaniesAbstract" xlink:to="LiquidityRiskBookValueOfAssetsAndLiabilitiesAbstract" xlink:title="presentation: IntegratedCurrentRatioForPropertyAndCasualtyInsuranceCompaniesAndReinsuranceCompaniesAbstract to LiquidityRiskBookValueOfAssetsAndLiabilitiesAbstract" use="optional" order="10.0" preferredLabel="http://www.xbrl.org/2003/role/terseLabel"/>
    <link:loc xlink:type="locator" xlink:href="../../c-ross_core_2015-12-31.xsd#c-ross_LiquidityRiskBookValueOfCashAndCashEquivalents" xlink:label="LiquidityRiskBookValueOfCashAndCashEquivalents" xlink:title="LiquidityRiskBookValueOfCashAndCashEquivalents"/>
    <link:presentationArc xlink:type="arc" xlink:arcrole="http://www.xbrl.org/2003/arcrole/parent-child" xlink:from="LiquidityRiskBookValueOfAssetsAndLiabilitiesAbstract" xlink:to="LiquidityRiskBookValueOfCashAndCashEquivalents" xlink:title="presentation: LiquidityRiskBookValueOfAssetsAndLiabilitiesAbstract to LiquidityRiskBookValueOfCashAndCashEquivalents" use="optional" order="10.0" preferredLabel="http://www.xbrl.org/2003/role/terseLabel"/>
    <link:loc xlink:type="locator" xlink:href="../../c-ross_core_2015-12-31.xsd#c-ross_LiquidityRiskBookValueOfInvestmentAssets" xlink:label="LiquidityRiskBookValueOfInvestmentAssets" xlink:title="LiquidityRiskBookValueOfInvestmentAssets"/>
    <link:presentationArc xlink:type="arc" xlink:arcrole="http://www.xbrl.org/2003/arcrole/parent-child" xlink:from="LiquidityRiskBookValueOfAssetsAndLiabilitiesAbstract" xlink:to="LiquidityRiskBookValueOfInvestmentAssets" xlink:title="presentation: LiquidityRiskBookValueOfAssetsAndLiabilitiesAbstract to LiquidityRiskBookValueOfInvestmentAssets" use="optional" order="20.0" preferredLabel="http://www.xbrl.org/2003/role/terseLabel"/>
    <link:loc xlink:type="locator" xlink:href="../../c-ross_core_2015-12-31.xsd#c-ross_LiquidityRiskBookValueOfTermDepositsAndNegotiatedDeposits" xlink:label="LiquidityRiskBookValueOfTermDepositsAndNegotiatedDeposits" xlink:title="LiquidityRiskBookValueOfTermDepositsAndNegotiatedDeposits"/>
    <link:presentationArc xlink:type="arc" xlink:arcrole="http://www.xbrl.org/2003/arcrole/parent-child" xlink:from="LiquidityRiskBookValueOfInvestmentAssets" xlink:to="LiquidityRiskBookValueOfTermDepositsAndNegotiatedDeposits" xlink:title="presentation: LiquidityRiskBookValueOfInvestmentAssets to LiquidityRiskBookValueOfTermDepositsAndNegotiatedDeposits" use="optional" order="10.0" preferredLabel="http://www.xbrl.org/2003/role/terseLabel"/>
    <link:loc xlink:type="locator" xlink:href="../../c-ross_core_2015-12-31.xsd#c-ross_LiquidityRiskBookValueOfTreasuryBonds" xlink:label="LiquidityRiskBookValueOfTreasuryBonds" xlink:title="LiquidityRiskBookValueOfTreasuryBonds"/>
    <link:presentationArc xlink:type="arc" xlink:arcrole="http://www.xbrl.org/2003/arcrole/parent-child" xlink:from="LiquidityRiskBookValueOfInvestmentAssets" xlink:to="LiquidityRiskBookValueOfTreasuryBonds" xlink:title="presentation: LiquidityRiskBookValueOfInvestmentAssets to LiquidityRiskBookValueOfTreasuryBonds" use="optional" order="20.0" preferredLabel="http://www.xbrl.org/2003/role/terseLabel"/>
    <link:loc xlink:type="locator" xlink:href="../../c-ross_core_2015-12-31.xsd#c-ross_LiquidityRiskBookValueOfFinancialBonds" xlink:label="LiquidityRiskBookValueOfFinancialBonds" xlink:title="LiquidityRiskBookValueOfFinancialBonds"/>
    <link:presentationArc xlink:type="arc" xlink:arcrole="http://www.xbrl.org/2003/arcrole/parent-child" xlink:from="LiquidityRiskBookValueOfInvestmentAssets" xlink:to="LiquidityRiskBookValueOfFinancialBonds" xlink:title="presentation: LiquidityRiskBookValueOfInvestmentAssets to LiquidityRiskBookValueOfFinancialBonds" use="optional" order="30.0" preferredLabel="http://www.xbrl.org/2003/role/terseLabel"/>
    <link:loc xlink:type="locator" xlink:href="../../c-ross_core_2015-12-31.xsd#c-ross_LiquidityRiskBookValueOfCorporateBonds" xlink:label="LiquidityRiskBookValueOfCorporateBonds" xlink:title="LiquidityRiskBookValueOfCorporateBonds"/>
    <link:presentationArc xlink:type="arc" xlink:arcrole="http://www.xbrl.org/2003/arcrole/parent-child" xlink:from="LiquidityRiskBookValueOfInvestmentAssets" xlink:to="LiquidityRiskBookValueOfCorporateBonds" xlink:title="presentation: LiquidityRiskBookValueOfInvestmentAssets to LiquidityRiskBookValueOfCorporateBonds" use="optional" order="40.0" preferredLabel="http://www.xbrl.org/2003/role/terseLabel"/>
    <link:loc xlink:type="locator" xlink:href="../../c-ross_core_2015-12-31.xsd#c-ross_LiquidityRiskBookValueOfAssetSecuritizationProducts" xlink:label="LiquidityRiskBookValueOfAssetSecuritizationProducts" xlink:title="LiquidityRiskBookValueOfAssetSecuritizationProducts"/>
    <link:presentationArc xlink:type="arc" xlink:arcrole="http://www.xbrl.org/2003/arcrole/parent-child" xlink:from="LiquidityRiskBookValueOfInvestmentAssets" xlink:to="LiquidityRiskBookValueOfAssetSecuritizationProducts" xlink:title="presentation: LiquidityRiskBookValueOfInvestmentAssets to LiquidityRiskBookValueOfAssetSecuritizationProducts" use="optional" order="50.0" preferredLabel="http://www.xbrl.org/2003/role/terseLabel"/>
    <link:loc xlink:type="locator" xlink:href="../../c-ross_core_2015-12-31.xsd#c-ross_LiquidityRiskBookValueOfTrustAssets" xlink:label="LiquidityRiskBookValueOfTrustAssets" xlink:title="LiquidityRiskBookValueOfTrustAssets"/>
    <link:presentationArc xlink:type="arc" xlink:arcrole="http://www.xbrl.org/2003/arcrole/parent-child" xlink:from="LiquidityRiskBookValueOfInvestmentAssets" xlink:to="LiquidityRiskBookValueOfTrustAssets" xlink:title="presentation: LiquidityRiskBookValueOfInvestmentAssets to LiquidityRiskBookValueOfTrustAssets" use="optional" order="60.0" preferredLabel="http://www.xbrl.org/2003/role/terseLabel"/>
    <link:loc xlink:type="locator" xlink:href="../../c-ross_core_2015-12-31.xsd#c-ross_LiquidityRiskBookValueOfInvestmentInInfrastructures" xlink:label="LiquidityRiskBookValueOfInvestmentInInfrastructures" xlink:title="LiquidityRiskBookValueOfInvestmentInInfrastructures"/>
    <link:presentationArc xlink:type="arc" xlink:arcrole="http://www.xbrl.org/2003/arcrole/parent-child" xlink:from="LiquidityRiskBookValueOfInvestmentAssets" xlink:to="LiquidityRiskBookValueOfInvestmentInInfrastructures" xlink:title="presentation: LiquidityRiskBookValueOfInvestmentAssets to LiquidityRiskBookValueOfInvestmentInInfrastructures" use="optional" order="70.0" preferredLabel="http://www.xbrl.org/2003/role/terseLabel"/>
    <link:loc xlink:type="locator" xlink:href="../../c-ross_core_2015-12-31.xsd#c-ross_LiquidityRiskBookValueOfInsuranceAssetManagementProducts" xlink:label="LiquidityRiskBookValueOfInsuranceAssetManagementProducts" xlink:title="LiquidityRiskBookValueOfInsuranceAssetManagementProducts"/>
    <link:presentationArc xlink:type="arc" xlink:arcrole="http://www.xbrl.org/2003/arcrole/parent-child" xlink:from="LiquidityRiskBookValueOfInvestmentAssets" xlink:to="LiquidityRiskBookValueOfInsuranceAssetManagementProducts" xlink:title="presentation: LiquidityRiskBookValueOfInvestmentAssets to LiquidityRiskBookValueOfInsuranceAssetManagementProducts" use="optional" order="80.0" preferredLabel="http://www.xbrl.org/2003/role/terseLabel"/>
    <link:loc xlink:type="locator" xlink:href="../../c-ross_core_2015-12-31.xsd#c-ross_LiquidityRiskBookValueOfEquityInvestment" xlink:label="LiquidityRiskBookValueOfEquityInvestment" xlink:title="LiquidityRiskBookValueOfEquityInvestment"/>
    <link:presentationArc xlink:type="arc" xlink:arcrole="http://www.xbrl.org/2003/arcrole/parent-child" xlink:from="LiquidityRiskBookValueOfInvestmentAssets" xlink:to="LiquidityRiskBookValueOfEquityInvestment" xlink:title="presentation: LiquidityRiskBookValueOfInvestmentAssets to LiquidityRiskBookValueOfEquityInvestment" use="optional" order="90.0" preferredLabel="http://www.xbrl.org/2003/role/terseLabel"/>
    <link:loc xlink:type="locator" xlink:href="../../c-ross_core_2015-12-31.xsd#c-ross_LiquidityRiskBookValueOfLoans" xlink:label="LiquidityRiskBookValueOfLoans" xlink:title="LiquidityRiskBookValueOfLoans"/>
    <link:presentationArc xlink:type="arc" xlink:arcrole="http://www.xbrl.org/2003/arcrole/parent-child" xlink:from="LiquidityRiskBookValueOfInvestmentAssets" xlink:to="LiquidityRiskBookValueOfLoans" xlink:title="presentation: LiquidityRiskBookValueOfInvestmentAssets to LiquidityRiskBookValueOfLoans" use="optional" order="100.0" preferredLabel="http://www.xbrl.org/2003/role/terseLabel"/>
    <link:loc xlink:type="locator" xlink:href="../../c-ross_core_2015-12-31.xsd#c-ross_LiquidityRiskBookValueOfInvestmentProperty" xlink:label="LiquidityRiskBookValueOfInvestmentProperty" xlink:title="LiquidityRiskBookValueOfInvestmentProperty"/>
    <link:presentationArc xlink:type="arc" xlink:arcrole="http://www.xbrl.org/2003/arcrole/parent-child" xlink:from="LiquidityRiskBookValueOfInvestmentAssets" xlink:to="LiquidityRiskBookValueOfInvestmentProperty" xlink:title="presentation: LiquidityRiskBookValueOfInvestmentAssets to LiquidityRiskBookValueOfInvestmentProperty" use="optional" order="110.0" preferredLabel="http://www.xbrl.org/2003/role/terseLabel"/>
    <link:loc xlink:type="locator" xlink:href="../../c-ross_core_2015-12-31.xsd#c-ross_LiquidityRiskBookValueOfDerivativeFinancialInstruments" xlink:label="LiquidityRiskBookValueOfDerivativeFinancialInstruments" xlink:title="LiquidityRiskBookValueOfDerivativeFinancialInstruments"/>
    <link:presentationArc xlink:type="arc" xlink:arcrole="http://www.xbrl.org/2003/arcrole/parent-child" xlink:from="LiquidityRiskBookValueOfInvestmentAssets" xlink:to="LiquidityRiskBookValueOfDerivativeFinancialInstruments" xlink:title="presentation: LiquidityRiskBookValueOfInvestmentAssets to LiquidityRiskBookValueOfDerivativeFinancialInstruments" use="optional" order="120.0" preferredLabel="http://www.xbrl.org/2003/role/terseLabel"/>
    <link:loc xlink:type="locator" xlink:href="../../c-ross_core_2015-12-31.xsd#c-ross_LiquidityRiskBookValueOfOtherInvestmentAssets" xlink:label="LiquidityRiskBookValueOfOtherInvestmentAssets" xlink:title="LiquidityRiskBookValueOfOtherInvestmentAssets"/>
    <link:presentationArc xlink:type="arc" xlink:arcrole="http://www.xbrl.org/2003/arcrole/parent-child" xlink:from="LiquidityRiskBookValueOfInvestmentAssets" xlink:to="LiquidityRiskBookValueOfOtherInvestmentAssets" xlink:title="presentation: LiquidityRiskBookValueOfInvestmentAssets to LiquidityRiskBookValueOfOtherInvestmentAssets" use="optional" order="130.0" preferredLabel="http://www.xbrl.org/2003/role/terseLabel"/>
    <link:loc xlink:type="locator" xlink:href="../../c-ross_core_2015-12-31.xsd#c-ross_LiquidityRiskBookValueOfReceivables" xlink:label="LiquidityRiskBookValueOfReceivables" xlink:title="LiquidityRiskBookValueOfReceivables"/>
    <link:presentationArc xlink:type="arc" xlink:arcrole="http://www.xbrl.org/2003/arcrole/parent-child" xlink:from="LiquidityRiskBookValueOfAssetsAndLiabilitiesAbstract" xlink:to="LiquidityRiskBookValueOfReceivables" xlink:title="presentation: LiquidityRiskBookValueOfAssetsAndLiabilitiesAbstract to LiquidityRiskBookValueOfReceivables" use="optional" order="30.0" preferredLabel="http://www.xbrl.org/2003/role/terseLabel"/>
    <link:loc xlink:type="locator" xlink:href="../../c-ross_core_2015-12-31.xsd#c-ross_LiquidityRiskBookValueOfOtherAssets" xlink:label="LiquidityRiskBookValueOfOtherAssets" xlink:title="LiquidityRiskBookValueOfOtherAssets"/>
    <link:presentationArc xlink:type="arc" xlink:arcrole="http://www.xbrl.org/2003/arcrole/parent-child" xlink:from="LiquidityRiskBookValueOfAssetsAndLiabilitiesAbstract" xlink:to="LiquidityRiskBookValueOfOtherAssets" xlink:title="presentation: LiquidityRiskBookValueOfAssetsAndLiabilitiesAbstract to LiquidityRiskBookValueOfOtherAssets" use="optional" order="40.0" preferredLabel="http://www.xbrl.org/2003/role/terseLabel"/>
    <link:loc xlink:type="locator" xlink:href="../../c-ross_core_2015-12-31.xsd#c-ross_LiquidityRiskBookValueOfSeparateAccountAssets" xlink:label="LiquidityRiskBookValueOfSeparateAccountAssets" xlink:title="LiquidityRiskBookValueOfSeparateAccountAssets"/>
    <link:presentationArc xlink:type="arc" xlink:arcrole="http://www.xbrl.org/2003/arcrole/parent-child" xlink:from="LiquidityRiskBookValueOfAssetsAndLiabilitiesAbstract" xlink:to="LiquidityRiskBookValueOfSeparateAccountAssets" xlink:title="presentation: LiquidityRiskBookValueOfAssetsAndLiabilitiesAbstract to LiquidityRiskBookValueOfSeparateAccountAssets" use="optional" order="50.0" preferredLabel="http://www.xbrl.org/2003/role/terseLabel"/>
    <link:loc xlink:type="locator" xlink:href="../../c-ross_core_2015-12-31.xsd#c-ross_LiquidityRiskBookValueOfAssets" xlink:label="LiquidityRiskBookValueOfAssets" xlink:title="LiquidityRiskBookValueOfAssets"/>
    <link:presentationArc xlink:type="arc" xlink:arcrole="http://www.xbrl.org/2003/arcrole/parent-child" xlink:from="LiquidityRiskBookValueOfAssetsAndLiabilitiesAbstract" xlink:to="LiquidityRiskBookValueOfAssets" xlink:title="presentation: LiquidityRiskBookValueOfAssetsAndLiabilitiesAbstract to LiquidityRiskBookValueOfAssets" use="optional" order="60.0" preferredLabel="http://www.xbrl.org/2003/role/totalLabel"/>
    <link:loc xlink:type="locator" xlink:href="../../c-ross_core_2015-12-31.xsd#c-ross_LiquidityRiskBookValueOfUnearnedPremiumReserve" xlink:label="LiquidityRiskBookValueOfUnearnedPremiumReserve" xlink:title="LiquidityRiskBookValueOfUnearnedPremiumReserve"/>
    <link:presentationArc xlink:type="arc" xlink:arcrole="http://www.xbrl.org/2003/arcrole/parent-child" xlink:from="LiquidityRiskBookValueOfAssetsAndLiabilitiesAbstract" xlink:to="LiquidityRiskBookValueOfUnearnedPremiumReserve" xlink:title="presentation: LiquidityRiskBookValueOfAssetsAndLiabilitiesAbstract to LiquidityRiskBookValueOfUnearnedPremiumReserve" use="optional" order="70.0" preferredLabel="http://www.xbrl.org/2003/role/terseLabel"/>
    <link:loc xlink:type="locator" xlink:href="../../c-ross_core_2015-12-31.xsd#c-ross_LiquidityRiskBookValueOfLifeInsurancePremiumReserve" xlink:label="LiquidityRiskBookValueOfLifeInsurancePremiumReserve" xlink:title="LiquidityRiskBookValueOfLifeInsurancePremiumReserve"/>
    <link:presentationArc xlink:type="arc" xlink:arcrole="http://www.xbrl.org/2003/arcrole/parent-child" xlink:from="LiquidityRiskBookValueOfAssetsAndLiabilitiesAbstract" xlink:to="LiquidityRiskBookValueOfLifeInsurancePremiumReserve" xlink:title="presentation: LiquidityRiskBookValueOfAssetsAndLiabilitiesAbstract to LiquidityRiskBookValueOfLifeInsurancePremiumReserve" use="optional" order="80.0" preferredLabel="http://www.xbrl.org/2003/role/terseLabel"/>
    <link:loc xlink:type="locator" xlink:href="../../c-ross_core_2015-12-31.xsd#c-ross_LiquidityRiskBookValueOfLongTermHealthInsurancePremiumReserve" xlink:label="LiquidityRiskBookValueOfLongTermHealthInsurancePremiumReserve" xlink:title="LiquidityRiskBookValueOfLongTermHealthInsurancePremiumReserve"/>
    <link:presentationArc xlink:type="arc" xlink:arcrole="http://www.xbrl.org/2003/arcrole/parent-child" xlink:from="LiquidityRiskBookValueOfAssetsAndLiabilitiesAbstract" xlink:to="LiquidityRiskBookValueOfLongTermHealthInsurancePremiumReserve" xlink:title="presentation: LiquidityRiskBookValueOfAssetsAndLiabilitiesAbstract to LiquidityRiskBookValueOfLongTermHealthInsurancePremiumReserve" use="optional" order="90.0" preferredLabel="http://www.xbrl.org/2003/role/terseLabel"/>
    <link:loc xlink:type="locator" xlink:href="../../c-ross_core_2015-12-31.xsd#c-ross_LiquidityRiskBookValueOfOutstandingLossReserve" xlink:label="LiquidityRiskBookValueOfOutstandingLossReserve" xlink:title="LiquidityRiskBookValueOfOutstandingLossReserve"/>
    <link:presentationArc xlink:type="arc" xlink:arcrole="http://www.xbrl.org/2003/arcrole/parent-child" xlink:from="LiquidityRiskBookValueOfAssetsAndLiabilitiesAbstract" xlink:to="LiquidityRiskBookValueOfOutstandingLossReserve" xlink:title="presentation: LiquidityRiskBookValueOfAssetsAndLiabilitiesAbstract to LiquidityRiskBookValueOfOutstandingLossReserve" use="optional" order="100.0" preferredLabel="http://www.xbrl.org/2003/role/terseLabel"/>
    <link:loc xlink:type="locator" xlink:href="../../c-ross_core_2015-12-31.xsd#c-ross_LiquidityRiskBookValueOfPolicyholderDepositsAndInvestments" xlink:label="LiquidityRiskBookValueOfPolicyholderDepositsAndInvestments" xlink:title="LiquidityRiskBookValueOfPolicyholderDepositsAndInvestments"/>
    <link:presentationArc xlink:type="arc" xlink:arcrole="http://www.xbrl.org/2003/arcrole/parent-child" xlink:from="LiquidityRiskBookValueOfAssetsAndLiabilitiesAbstract" xlink:to="LiquidityRiskBookValueOfPolicyholderDepositsAndInvestments" xlink:title="presentation: LiquidityRiskBookValueOfAssetsAndLiabilitiesAbstract to LiquidityRiskBookValueOfPolicyholderDepositsAndInvestments" use="optional" order="110.0" preferredLabel="http://www.xbrl.org/2003/role/terseLabel"/>
    <link:loc xlink:type="locator" xlink:href="../../c-ross_core_2015-12-31.xsd#c-ross_LiquidityRiskBookValueOfPolicyholderBonusesPayable" xlink:label="LiquidityRiskBookValueOfPolicyholderBonusesPayable" xlink:title="LiquidityRiskBookValueOfPolicyholderBonusesPayable"/>
    <link:presentationArc xlink:type="arc" xlink:arcrole="http://www.xbrl.org/2003/arcrole/parent-child" xlink:from="LiquidityRiskBookValueOfAssetsAndLiabilitiesAbstract" xlink:to="LiquidityRiskBookValueOfPolicyholderBonusesPayable" xlink:title="presentation: LiquidityRiskBookValueOfAssetsAndLiabilitiesAbstract to LiquidityRiskBookValueOfPolicyholderBonusesPayable" use="optional" order="120.0" preferredLabel="http://www.xbrl.org/2003/role/terseLabel"/>
    <link:loc xlink:type="locator" xlink:href="../../c-ross_core_2015-12-31.xsd#c-ross_LiquidityRiskBookValueOfCommissionsPayable" xlink:label="LiquidityRiskBookValueOfCommissionsPayable" xlink:title="LiquidityRiskBookValueOfCommissionsPayable"/>
    <link:presentationArc xlink:type="arc" xlink:arcrole="http://www.xbrl.org/2003/arcrole/parent-child" xlink:from="LiquidityRiskBookValueOfAssetsAndLiabilitiesAbstract" xlink:to="LiquidityRiskBookValueOfCommissionsPayable" xlink:title="presentation: LiquidityRiskBookValueOfAssetsAndLiabilitiesAbstract to LiquidityRiskBookValueOfCommissionsPayable" use="optional" order="130.0" preferredLabel="http://www.xbrl.org/2003/role/terseLabel"/>
    <link:loc xlink:type="locator" xlink:href="../../c-ross_core_2015-12-31.xsd#c-ross_LiquidityRiskBookValueOfPayables" xlink:label="LiquidityRiskBookValueOfPayables" xlink:title="LiquidityRiskBookValueOfPayables"/>
    <link:presentationArc xlink:type="arc" xlink:arcrole="http://www.xbrl.org/2003/arcrole/parent-child" xlink:from="LiquidityRiskBookValueOfAssetsAndLiabilitiesAbstract" xlink:to="LiquidityRiskBookValueOfPayables" xlink:title="presentation: LiquidityRiskBookValueOfAssetsAndLiabilitiesAbstract to LiquidityRiskBookValueOfPayables" use="optional" order="140.0" preferredLabel="http://www.xbrl.org/2003/role/terseLabel"/>
    <link:loc xlink:type="locator" xlink:href="../../c-ross_core_2015-12-31.xsd#c-ross_LiquidityRiskBookValueOfSecuritiesSoldUnderRepurchaseAgreements" xlink:label="LiquidityRiskBookValueOfSecuritiesSoldUnderRepurchaseAgreements" xlink:title="LiquidityRiskBookValueOfSecuritiesSoldUnderRepurchaseAgreements"/>
    <link:presentationArc xlink:type="arc" xlink:arcrole="http://www.xbrl.org/2003/arcrole/parent-child" xlink:from="LiquidityRiskBookValueOfAssetsAndLiabilitiesAbstract" xlink:to="LiquidityRiskBookValueOfSecuritiesSoldUnderRepurchaseAgreements" xlink:title="presentation: LiquidityRiskBookValueOfAssetsAndLiabilitiesAbstract to LiquidityRiskBookValueOfSecuritiesSoldUnderRepurchaseAgreements" use="optional" order="150.0" preferredLabel="http://www.xbrl.org/2003/role/terseLabel"/>
    <link:loc xlink:type="locator" xlink:href="../../c-ross_core_2015-12-31.xsd#c-ross_LiquidityRiskBookValueOfSecuritiesPayableUnderResaleAgreements" xlink:label="LiquidityRiskBookValueOfSecuritiesPayableUnderResaleAgreements" xlink:title="LiquidityRiskBookValueOfSecuritiesPayableUnderResaleAgreements"/>
    <link:presentationArc xlink:type="arc" xlink:arcrole="http://www.xbrl.org/2003/arcrole/parent-child" xlink:from="LiquidityRiskBookValueOfAssetsAndLiabilitiesAbstract" xlink:to="LiquidityRiskBookValueOfSecuritiesPayableUnderResaleAgreements" xlink:title="presentation: LiquidityRiskBookValueOfAssetsAndLiabilitiesAbstract to LiquidityRiskBookValueOfSecuritiesPayableUnderResaleAgreements" use="optional" order="160.0" preferredLabel="http://www.xbrl.org/2003/role/terseLabel"/>
    <link:loc xlink:type="locator" xlink:href="../../c-ross_core_2015-12-31.xsd#c-ross_LiquidityRiskBookValueOfBondsPayable" xlink:label="LiquidityRiskBookValueOfBondsPayable" xlink:title="LiquidityRiskBookValueOfBondsPayable"/>
    <link:presentationArc xlink:type="arc" xlink:arcrole="http://www.xbrl.org/2003/arcrole/parent-child" xlink:from="LiquidityRiskBookValueOfAssetsAndLiabilitiesAbstract" xlink:to="LiquidityRiskBookValueOfBondsPayable" xlink:title="presentation: LiquidityRiskBookValueOfAssetsAndLiabilitiesAbstract to LiquidityRiskBookValueOfBondsPayable" use="optional" order="170.0" preferredLabel="http://www.xbrl.org/2003/role/terseLabel"/>
    <link:loc xlink:type="locator" xlink:href="../../c-ross_core_2015-12-31.xsd#c-ross_LiquidityRiskBookValueOfEstimatedLiabilities" xlink:label="LiquidityRiskBookValueOfEstimatedLiabilities" xlink:title="LiquidityRiskBookValueOfEstimatedLiabilities"/>
    <link:presentationArc xlink:type="arc" xlink:arcrole="http://www.xbrl.org/2003/arcrole/parent-child" xlink:from="LiquidityRiskBookValueOfAssetsAndLiabilitiesAbstract" xlink:to="LiquidityRiskBookValueOfEstimatedLiabilities" xlink:title="presentation: LiquidityRiskBookValueOfAssetsAndLiabilitiesAbstract to LiquidityRiskBookValueOfEstimatedLiabilities" use="optional" order="180.0" preferredLabel="http://www.xbrl.org/2003/role/terseLabel"/>
    <link:loc xlink:type="locator" xlink:href="../../c-ross_core_2015-12-31.xsd#c-ross_LiquidityRiskBookValueOfOtherLiabilities" xlink:label="LiquidityRiskBookValueOfOtherLiabilities" xlink:title="LiquidityRiskBookValueOfOtherLiabilities"/>
    <link:presentationArc xlink:type="arc" xlink:arcrole="http://www.xbrl.org/2003/arcrole/parent-child" xlink:from="LiquidityRiskBookValueOfAssetsAndLiabilitiesAbstract" xlink:to="LiquidityRiskBookValueOfOtherLiabilities" xlink:title="presentation: LiquidityRiskBookValueOfAssetsAndLiabilitiesAbstract to LiquidityRiskBookValueOfOtherLiabilities" use="optional" order="190.0" preferredLabel="http://www.xbrl.org/2003/role/terseLabel"/>
    <link:loc xlink:type="locator" xlink:href="../../c-ross_core_2015-12-31.xsd#c-ross_LiquidityRiskBookValueOfSeparateAccountLiabilities" xlink:label="LiquidityRiskBookValueOfSeparateAccountLiabilities" xlink:title="LiquidityRiskBookValueOfSeparateAccountLiabilities"/>
    <link:presentationArc xlink:type="arc" xlink:arcrole="http://www.xbrl.org/2003/arcrole/parent-child" xlink:from="LiquidityRiskBookValueOfAssetsAndLiabilitiesAbstract" xlink:to="LiquidityRiskBookValueOfSeparateAccountLiabilities" xlink:title="presentation: LiquidityRiskBookValueOfAssetsAndLiabilitiesAbstract to LiquidityRiskBookValueOfSeparateAccountLiabilities" use="optional" order="200.0" preferredLabel="http://www.xbrl.org/2003/role/terseLabel"/>
    <link:loc xlink:type="locator" xlink:href="../../c-ross_core_2015-12-31.xsd#c-ross_LiquidityRiskBookValueOfLiabilities" xlink:label="LiquidityRiskBookValueOfLiabilities" xlink:title="LiquidityRiskBookValueOfLiabilities"/>
    <link:presentationArc xlink:type="arc" xlink:arcrole="http://www.xbrl.org/2003/arcrole/parent-child" xlink:from="LiquidityRiskBookValueOfAssetsAndLiabilitiesAbstract" xlink:to="LiquidityRiskBookValueOfLiabilities" xlink:title="presentation: LiquidityRiskBookValueOfAssetsAndLiabilitiesAbstract to LiquidityRiskBookValueOfLiabilities" use="optional" order="210.0" preferredLabel="http://www.xbrl.org/2003/role/totalLabel"/>
    <link:loc xlink:type="locator" xlink:href="../../c-ross_core_2015-12-31.xsd#c-ross_LiquidityRiskCashFlowsOfAssetsAndLiabilitiesAbstract" xlink:label="LiquidityRiskCashFlowsOfAssetsAndLiabilitiesAbstract" xlink:title="LiquidityRiskCashFlowsOfAssetsAndLiabilitiesAbstract"/>
    <link:presentationArc xlink:type="arc" xlink:arcrole="http://www.xbrl.org/2003/arcrole/parent-child" xlink:from="IntegratedCurrentRatioForPropertyAndCasualtyInsuranceCompaniesAndReinsuranceCompaniesAbstract" xlink:to="LiquidityRiskCashFlowsOfAssetsAndLiabilitiesAbstract" xlink:title="presentation: IntegratedCurrentRatioForPropertyAndCasualtyInsuranceCompaniesAndReinsuranceCompaniesAbstract to LiquidityRiskCashFlowsOfAssetsAndLiabilitiesAbstract" order="20.0" preferredLabel="http://www.xbrl.org/2003/role/terseLabel"/>
    <link:loc xlink:type="locator" xlink:href="../../c-ross_core_2015-12-31.xsd#c-ross_IntegratedCurrentRatioForPropertyAndCasualtyInsuranceCompaniesAndReinsuranceCompaniesCashFlowsOfAssetsAndLiabilitiesTable" xlink:label="IntegratedCurrentRatioForPropertyAndCasualtyInsuranceCompaniesAndReinsuranceCompaniesTable" xlink:title="IntegratedCurrentRatioForPropertyAndCasualtyInsuranceCompaniesAndReinsuranceCompaniesTable"/>
    <link:presentationArc xlink:type="arc" xlink:arcrole="http://www.xbrl.org/2003/arcrole/parent-child" xlink:from="LiquidityRiskCashFlowsOfAssetsAndLiabilitiesAbstract" xlink:to="IntegratedCurrentRatioForPropertyAndCasualtyInsuranceCompaniesAndReinsuranceCompaniesTable" xlink:title="presentation: LiquidityRiskCashFlowsOfAssetsAndLiabilitiesAbstract to IntegratedCurrentRatioForPropertyAndCasualtyInsuranceCompaniesAndReinsuranceCompaniesTable" use="optional" order="10.0" preferredLabel="http://www.xbrl.org/2003/role/terseLabel"/>
    <link:loc xlink:type="locator" xlink:href="../../c-ross_core_2015-12-31.xsd#c-ross_TypeOfCashFlowAxis" xlink:label="TypeOfCashFlowAxis" xlink:title="TypeOfCashFlowAxis"/>
    <link:presentationArc xlink:type="arc" xlink:arcrole="http://www.xbrl.org/2003/arcrole/parent-child" xlink:from="IntegratedCurrentRatioForPropertyAndCasualtyInsuranceCompaniesAndReinsuranceCompaniesTable" xlink:to="TypeOfCashFlowAxis" xlink:title="presentation: IntegratedCurrentRatioForPropertyAndCasualtyInsuranceCompaniesAndReinsuranceCompaniesTable to TypeOfCashFlowAxis" order="10.0" preferredLabel="http://www.xbrl.org/2003/role/label"/>
    <link:loc xlink:type="locator" xlink:href="../../c-ross_core_2015-12-31.xsd#c-ross_TypeOfCashFlowMember" xlink:label="TypeOfCashFlowMember" xlink:title="TypeOfCashFlowMember"/>
    <link:presentationArc xlink:type="arc" xlink:arcrole="http://www.xbrl.org/2003/arcrole/parent-child" xlink:from="TypeOfCashFlowAxis" xlink:to="TypeOfCashFlowMember" xlink:title="presentation: TypeOfCashFlowAxis to TypeOfCashFlowMember" use="optional" order="10.0" preferredLabel="http://www.xbrl.org/2003/role/label"/>
    <link:loc xlink:type="locator" xlink:href="../../c-ross_core_2015-12-31.xsd#c-ross_TradingCashFlowsMember" xlink:label="TradingCashFlowsMember" xlink:title="TradingCashFlowsMember"/>
    <link:presentationArc xlink:type="arc" xlink:arcrole="http://www.xbrl.org/2003/arcrole/parent-child" xlink:from="TypeOfCashFlowMember" xlink:to="TradingCashFlowsMember" xlink:title="presentation: TypeOfCashFlowMember to TradingCashFlowsMember" use="optional" order="10.0" preferredLabel="http://www.xbrl.org/2003/role/label"/>
    <link:loc xlink:type="locator" xlink:href="../../c-ross_core_2015-12-31.xsd#c-ross_CashFlowsWithoutIndicatingMaturityDateMember" xlink:label="CashFlowsWithoutIndicatingMaturityDateMember" xlink:title="CashFlowsWithoutIndicatingMaturityDateMember"/>
    <link:presentationArc xlink:type="arc" xlink:arcrole="http://www.xbrl.org/2003/arcrole/parent-child" xlink:from="TypeOfCashFlowMember" xlink:to="CashFlowsWithoutIndicatingMaturityDateMember" xlink:title="presentation: TypeOfCashFlowMember to CashFlowsWithoutIndicatingMaturityDateMember" use="optional" order="20.0" preferredLabel="http://www.xbrl.org/2003/role/label"/>
    <link:loc xlink:type="locator" xlink:href="../../c-ross_core_2015-12-31.xsd#c-ross_EstimatedCashInflowsOrOutflowsNonDiscountedMember" xlink:label="EstimatedCashInflowsOrOutflowsNonDiscountedMember" xlink:title="EstimatedCashInflowsOrOutflowsNonDiscountedMember"/>
    <link:presentationArc xlink:type="arc" xlink:arcrole="http://www.xbrl.org/2003/arcrole/parent-child" xlink:from="TypeOfCashFlowMember" xlink:to="EstimatedCashInflowsOrOutflowsNonDiscountedMember" xlink:title="presentation: TypeOfCashFlowMember to EstimatedCashInflowsOrOutflowsNonDiscountedMember" use="optional" order="30.0" preferredLabel="http://www.xbrl.org/2003/role/label"/>
    <link:loc xlink:type="locator" xlink:href="../../c-ross_core_2015-12-31.xsd#c-ross_EstimatedCashInflowsOrOutflowsNonDiscountedInThreeMonthsMember" xlink:label="EstimatedCashInflowsOrOutflowsNonDiscountedInThreeMonthsMember" xlink:title="EstimatedCashInflowsOrOutflowsNonDiscountedInThreeMonthsMember"/>
    <link:presentationArc xlink:type="arc" xlink:arcrole="http://www.xbrl.org/2003/arcrole/parent-child" xlink:from="EstimatedCashInflowsOrOutflowsNonDiscountedMember" xlink:to="EstimatedCashInflowsOrOutflowsNonDiscountedInThreeMonthsMember" xlink:title="presentation: EstimatedCashInflowsOrOutflowsNonDiscountedMember to EstimatedCashInflowsOrOutflowsNonDiscountedInThreeMonthsMember" use="optional" order="10.0" preferredLabel="http://www.xbrl.org/2003/role/terseLabel"/>
    <link:loc xlink:type="locator" xlink:href="../../c-ross_core_2015-12-31.xsd#c-ross_EstimatedCashInflowsOrOutflowsNonDiscountedInOneYearMember" xlink:label="EstimatedCashInflowsOrOutflowsNonDiscountedInOneYearMember" xlink:title="EstimatedCashInflowsOrOutflowsNonDiscountedInOneYearMember"/>
    <link:presentationArc xlink:type="arc" xlink:arcrole="http://www.xbrl.org/2003/arcrole/parent-child" xlink:from="EstimatedCashInflowsOrOutflowsNonDiscountedMember" xlink:to="EstimatedCashInflowsOrOutflowsNonDiscountedInOneYearMember" xlink:title="presentation: EstimatedCashInflowsOrOutflowsNonDiscountedMember to EstimatedCashInflowsOrOutflowsNonDiscountedInOneYearMember" use="optional" order="20.0" preferredLabel="http://www.xbrl.org/2003/role/terseLabel"/>
    <link:loc xlink:type="locator" xlink:href="../../c-ross_core_2015-12-31.xsd#c-ross_EstimatedCashInflowsOrOutflowsNonDiscountedOneYearAboveMember" xlink:label="EstimatedCashInflowsOrOutflowsNonDiscountedOneYearAboveMember" xlink:title="EstimatedCashInflowsOrOutflowsNonDiscountedOneYearAboveMember"/>
    <link:presentationArc xlink:type="arc" xlink:arcrole="http://www.xbrl.org/2003/arcrole/parent-child" xlink:from="EstimatedCashInflowsOrOutflowsNonDiscountedMember" xlink:to="EstimatedCashInflowsOrOutflowsNonDiscountedOneYearAboveMember" xlink:title="presentation: EstimatedCashInflowsOrOutflowsNonDiscountedMember to EstimatedCashInflowsOrOutflowsNonDiscountedOneYearAboveMember" use="optional" order="30.0" preferredLabel="http://www.xbrl.org/2003/role/terseLabel"/>
    <link:loc xlink:type="locator" xlink:href="../../c-ross_core_2015-12-31.xsd#c-ross_IntegratedCurrentRatioForPropertyAndCasualtyInsuranceCompaniesAndReinsuranceCompaniesCashFlowsOfAssetsAndLiabilitiesLineItems" xlink:label="IntegratedCurrentRatioForPropertyAndCasualtyInsuranceCompaniesAndReinsuranceCompaniesLineItems" xlink:title="IntegratedCurrentRatioForPropertyAndCasualtyInsuranceCompaniesAndReinsuranceCompaniesLineItems"/>
    <link:presentationArc xlink:type="arc" xlink:arcrole="http://www.xbrl.org/2003/arcrole/parent-child" xlink:from="LiquidityRiskCashFlowsOfAssetsAndLiabilitiesAbstract" xlink:to="IntegratedCurrentRatioForPropertyAndCasualtyInsuranceCompaniesAndReinsuranceCompaniesLineItems" xlink:title="presentation: LiquidityRiskCashFlowsOfAssetsAndLiabilitiesAbstract to IntegratedCurrentRatioForPropertyAndCasualtyInsuranceCompaniesAndReinsuranceCompaniesLineItems" use="optional" order="20.0" preferredLabel="http://www.xbrl.org/2003/role/terseLabel"/>
    <link:loc xlink:type="locator" xlink:href="../../c-ross_core_2015-12-31.xsd#c-ross_LiquidityRiskContractualUndiscountedCashFlowsOfCashAndCashEquivalents" xlink:label="LiquidityRiskContractualUndiscountedCashFlowsOfCashAndCashEquivalents" xlink:title="LiquidityRiskContractualUndiscountedCashFlowsOfCashAndCashEquivalents"/>
    <link:presentationArc xlink:type="arc" xlink:arcrole="http://www.xbrl.org/2003/arcrole/parent-child" xlink:from="IntegratedCurrentRatioForPropertyAndCasualtyInsuranceCompaniesAndReinsuranceCompaniesLineItems" xlink:to="LiquidityRiskContractualUndiscountedCashFlowsOfCashAndCashEquivalents" xlink:title="presentation: IntegratedCurrentRatioForPropertyAndCasualtyInsuranceCompaniesAndReinsuranceCompaniesLineItems to LiquidityRiskContractualUndiscountedCashFlowsOfCashAndCashEquivalents" use="optional" order="10.0" preferredLabel="http://www.xbrl.org/2003/role/terseLabel"/>
    <link:loc xlink:type="locator" xlink:href="../../c-ross_core_2015-12-31.xsd#c-ross_LiquidityRiskContractualUndiscountedCashFlowsOfInvestmentAssets" xlink:label="LiquidityRiskContractualUndiscountedCashFlowsOfInvestmentAssets" xlink:title="LiquidityRiskContractualUndiscountedCashFlowsOfInvestmentAssets"/>
    <link:presentationArc xlink:type="arc" xlink:arcrole="http://www.xbrl.org/2003/arcrole/parent-child" xlink:from="IntegratedCurrentRatioForPropertyAndCasualtyInsuranceCompaniesAndReinsuranceCompaniesLineItems" xlink:to="LiquidityRiskContractualUndiscountedCashFlowsOfInvestmentAssets" xlink:title="presentation: IntegratedCurrentRatioForPropertyAndCasualtyInsuranceCompaniesAndReinsuranceCompaniesLineItems to LiquidityRiskContractualUndiscountedCashFlowsOfInvestmentAssets" use="optional" order="20.0" preferredLabel="http://www.xbrl.org/2003/role/terseLabel"/>
    <link:loc xlink:type="locator" xlink:href="../../c-ross_core_2015-12-31.xsd#c-ross_LiquidityRiskContractualUndiscountedCashFlowsOfTermDepositsAndNegotiatedDeposits" xlink:label="LiquidityRiskContractualUndiscountedCashFlowsOfTermDepositsAndNegotiatedDeposits" xlink:title="LiquidityRiskContractualUndiscountedCashFlowsOfTermDepositsAndNegotiatedDeposits"/>
    <link:presentationArc xlink:type="arc" xlink:arcrole="http://www.xbrl.org/2003/arcrole/parent-child" xlink:from="LiquidityRiskContractualUndiscountedCashFlowsOfInvestmentAssets" xlink:to="LiquidityRiskContractualUndiscountedCashFlowsOfTermDepositsAndNegotiatedDeposits" xlink:title="presentation: LiquidityRiskContractualUndiscountedCashFlowsOfInvestmentAssets to LiquidityRiskContractualUndiscountedCashFlowsOfTermDepositsAndNegotiatedDeposits" use="optional" order="10.0" preferredLabel="http://www.xbrl.org/2003/role/terseLabel"/>
    <link:loc xlink:type="locator" xlink:href="../../c-ross_core_2015-12-31.xsd#c-ross_LiquidityRiskContractualUndiscountedCashFlowsOfTreasuryBonds" xlink:label="LiquidityRiskContractualUndiscountedCashFlowsOfTreasuryBonds" xlink:title="LiquidityRiskContractualUndiscountedCashFlowsOfTreasuryBonds"/>
    <link:presentationArc xlink:type="arc" xlink:arcrole="http://www.xbrl.org/2003/arcrole/parent-child" xlink:from="LiquidityRiskContractualUndiscountedCashFlowsOfInvestmentAssets" xlink:to="LiquidityRiskContractualUndiscountedCashFlowsOfTreasuryBonds" xlink:title="presentation: LiquidityRiskContractualUndiscountedCashFlowsOfInvestmentAssets to LiquidityRiskContractualUndiscountedCashFlowsOfTreasuryBonds" use="optional" order="20.0" preferredLabel="http://www.xbrl.org/2003/role/terseLabel"/>
    <link:loc xlink:type="locator" xlink:href="../../c-ross_core_2015-12-31.xsd#c-ross_LiquidityRiskContractualUndiscountedCashFlowsOfFinancialBonds" xlink:label="LiquidityRiskContractualUndiscountedCashFlowsOfFinancialBonds" xlink:title="LiquidityRiskContractualUndiscountedCashFlowsOfFinancialBonds"/>
    <link:presentationArc xlink:type="arc" xlink:arcrole="http://www.xbrl.org/2003/arcrole/parent-child" xlink:from="LiquidityRiskContractualUndiscountedCashFlowsOfInvestmentAssets" xlink:to="LiquidityRiskContractualUndiscountedCashFlowsOfFinancialBonds" xlink:title="presentation: LiquidityRiskContractualUndiscountedCashFlowsOfInvestmentAssets to LiquidityRiskContractualUndiscountedCashFlowsOfFinancialBonds" use="optional" order="30.0" preferredLabel="http://www.xbrl.org/2003/role/terseLabel"/>
    <link:loc xlink:type="locator" xlink:href="../../c-ross_core_2015-12-31.xsd#c-ross_LiquidityRiskContractualUndiscountedCashFlowsOfCorporateBonds" xlink:label="LiquidityRiskContractualUndiscountedCashFlowsOfCorporateBonds" xlink:title="LiquidityRiskContractualUndiscountedCashFlowsOfCorporateBonds"/>
    <link:presentationArc xlink:type="arc" xlink:arcrole="http://www.xbrl.org/2003/arcrole/parent-child" xlink:from="LiquidityRiskContractualUndiscountedCashFlowsOfInvestmentAssets" xlink:to="LiquidityRiskContractualUndiscountedCashFlowsOfCorporateBonds" xlink:title="presentation: LiquidityRiskContractualUndiscountedCashFlowsOfInvestmentAssets to LiquidityRiskContractualUndiscountedCashFlowsOfCorporateBonds" use="optional" order="40.0" preferredLabel="http://www.xbrl.org/2003/role/terseLabel"/>
    <link:loc xlink:type="locator" xlink:href="../../c-ross_core_2015-12-31.xsd#c-ross_LiquidityRiskContractualUndiscountedCashFlowsOfAssetSecuritizationProducts" xlink:label="LiquidityRiskContractualUndiscountedCashFlowsOfAssetSecuritizationProducts" xlink:title="LiquidityRiskContractualUndiscountedCashFlowsOfAssetSecuritizationProducts"/>
    <link:presentationArc xlink:type="arc" xlink:arcrole="http://www.xbrl.org/2003/arcrole/parent-child" xlink:from="LiquidityRiskContractualUndiscountedCashFlowsOfInvestmentAssets" xlink:to="LiquidityRiskContractualUndiscountedCashFlowsOfAssetSecuritizationProducts" xlink:title="presentation: LiquidityRiskContractualUndiscountedCashFlowsOfInvestmentAssets to LiquidityRiskContractualUndiscountedCashFlowsOfAssetSecuritizationProducts" use="optional" order="50.0" preferredLabel="http://www.xbrl.org/2003/role/terseLabel"/>
    <link:loc xlink:type="locator" xlink:href="../../c-ross_core_2015-12-31.xsd#c-ross_LiquidityRiskContractualUndiscountedCashFlowsOfTrustAssets" xlink:label="LiquidityRiskContractualUndiscountedCashFlowsOfTrustAssets" xlink:title="LiquidityRiskContractualUndiscountedCashFlowsOfTrustAssets"/>
    <link:presentationArc xlink:type="arc" xlink:arcrole="http://www.xbrl.org/2003/arcrole/parent-child" xlink:from="LiquidityRiskContractualUndiscountedCashFlowsOfInvestmentAssets" xlink:to="LiquidityRiskContractualUndiscountedCashFlowsOfTrustAssets" xlink:title="presentation: LiquidityRiskContractualUndiscountedCashFlowsOfInvestmentAssets to LiquidityRiskContractualUndiscountedCashFlowsOfTrustAssets" use="optional" order="60.0" preferredLabel="http://www.xbrl.org/2003/role/terseLabel"/>
    <link:loc xlink:type="locator" xlink:href="../../c-ross_core_2015-12-31.xsd#c-ross_LiquidityRiskContractualUndiscountedCashFlowsOfInvestmentInInfrastructures" xlink:label="LiquidityRiskContractualUndiscountedCashFlowsOfInvestmentInInfrastructures" xlink:title="LiquidityRiskContractualUndiscountedCashFlowsOfInvestmentInInfrastructures"/>
    <link:presentationArc xlink:type="arc" xlink:arcrole="http://www.xbrl.org/2003/arcrole/parent-child" xlink:from="LiquidityRiskContractualUndiscountedCashFlowsOfInvestmentAssets" xlink:to="LiquidityRiskContractualUndiscountedCashFlowsOfInvestmentInInfrastructures" xlink:title="presentation: LiquidityRiskContractualUndiscountedCashFlowsOfInvestmentAssets to LiquidityRiskContractualUndiscountedCashFlowsOfInvestmentInInfrastructures" use="optional" order="70.0" preferredLabel="http://www.xbrl.org/2003/role/terseLabel"/>
    <link:loc xlink:type="locator" xlink:href="../../c-ross_core_2015-12-31.xsd#c-ross_LiquidityRiskContractualUndiscountedCashFlowsOfInsuranceAssetManagementProducts" xlink:label="LiquidityRiskContractualUndiscountedCashFlowsOfInsuranceAssetManagementProducts" xlink:title="LiquidityRiskContractualUndiscountedCashFlowsOfInsuranceAssetManagementProducts"/>
    <link:presentationArc xlink:type="arc" xlink:arcrole="http://www.xbrl.org/2003/arcrole/parent-child" xlink:from="LiquidityRiskContractualUndiscountedCashFlowsOfInvestmentAssets" xlink:to="LiquidityRiskContractualUndiscountedCashFlowsOfInsuranceAssetManagementProducts" xlink:title="presentation: LiquidityRiskContractualUndiscountedCashFlowsOfInvestmentAssets to LiquidityRiskContractualUndiscountedCashFlowsOfInsuranceAssetManagementProducts" use="optional" order="80.0" preferredLabel="http://www.xbrl.org/2003/role/terseLabel"/>
    <link:loc xlink:type="locator" xlink:href="../../c-ross_core_2015-12-31.xsd#c-ross_LiquidityRiskContractualUndiscountedCashFlowsOfEquityInvestment" xlink:label="LiquidityRiskContractualUndiscountedCashFlowsOfEquityInvestment" xlink:title="LiquidityRiskContractualUndiscountedCashFlowsOfEquityInvestment"/>
    <link:presentationArc xlink:type="arc" xlink:arcrole="http://www.xbrl.org/2003/arcrole/parent-child" xlink:from="LiquidityRiskContractualUndiscountedCashFlowsOfInvestmentAssets" xlink:to="LiquidityRiskContractualUndiscountedCashFlowsOfEquityInvestment" xlink:title="presentation: LiquidityRiskContractualUndiscountedCashFlowsOfInvestmentAssets to LiquidityRiskContractualUndiscountedCashFlowsOfEquityInvestment" use="optional" order="90.0" preferredLabel="http://www.xbrl.org/2003/role/terseLabel"/>
    <link:loc xlink:type="locator" xlink:href="../../c-ross_core_2015-12-31.xsd#c-ross_LiquidityRiskContractualUndiscountedCashFlowsOfLoans" xlink:label="LiquidityRiskContractualUndiscountedCashFlowsOfLoans" xlink:title="LiquidityRiskContractualUndiscountedCashFlowsOfLoans"/>
    <link:presentationArc xlink:type="arc" xlink:arcrole="http://www.xbrl.org/2003/arcrole/parent-child" xlink:from="LiquidityRiskContractualUndiscountedCashFlowsOfInvestmentAssets" xlink:to="LiquidityRiskContractualUndiscountedCashFlowsOfLoans" xlink:title="presentation: LiquidityRiskContractualUndiscountedCashFlowsOfInvestmentAssets to LiquidityRiskContractualUndiscountedCashFlowsOfLoans" use="optional" order="100.0" preferredLabel="http://www.xbrl.org/2003/role/terseLabel"/>
    <link:loc xlink:type="locator" xlink:href="../../c-ross_core_2015-12-31.xsd#c-ross_LiquidityRiskContractualUndiscountedCashFlowsOfInvestmentProperty" xlink:label="LiquidityRiskContractualUndiscountedCashFlowsOfInvestmentProperty" xlink:title="LiquidityRiskContractualUndiscountedCashFlowsOfInvestmentProperty"/>
    <link:presentationArc xlink:type="arc" xlink:arcrole="http://www.xbrl.org/2003/arcrole/parent-child" xlink:from="LiquidityRiskContractualUndiscountedCashFlowsOfInvestmentAssets" xlink:to="LiquidityRiskContractualUndiscountedCashFlowsOfInvestmentProperty" xlink:title="presentation: LiquidityRiskContractualUndiscountedCashFlowsOfInvestmentAssets to LiquidityRiskContractualUndiscountedCashFlowsOfInvestmentProperty" use="optional" order="110.0" preferredLabel="http://www.xbrl.org/2003/role/terseLabel"/>
    <link:loc xlink:type="locator" xlink:href="../../c-ross_core_2015-12-31.xsd#c-ross_LiquidityRiskContractualUndiscountedCashFlowsOfDerivativeFinancialInstruments" xlink:label="LiquidityRiskContractualUndiscountedCashFlowsOfDerivativeFinancialInstruments" xlink:title="LiquidityRiskContractualUndiscountedCashFlowsOfDerivativeFinancialInstruments"/>
    <link:presentationArc xlink:type="arc" xlink:arcrole="http://www.xbrl.org/2003/arcrole/parent-child" xlink:from="LiquidityRiskContractualUndiscountedCashFlowsOfInvestmentAssets" xlink:to="LiquidityRiskContractualUndiscountedCashFlowsOfDerivativeFinancialInstruments" xlink:title="presentation: LiquidityRiskContractualUndiscountedCashFlowsOfInvestmentAssets to LiquidityRiskContractualUndiscountedCashFlowsOfDerivativeFinancialInstruments" use="optional" order="120.0" preferredLabel="http://www.xbrl.org/2003/role/terseLabel"/>
    <link:loc xlink:type="locator" xlink:href="../../c-ross_core_2015-12-31.xsd#c-ross_LiquidityRiskContractualUndiscountedCashFlowsOfOtherInvestmentAssets" xlink:label="LiquidityRiskContractualUndiscountedCashFlowsOfOtherInvestmentAssets" xlink:title="LiquidityRiskContractualUndiscountedCashFlowsOfOtherInvestmentAssets"/>
    <link:presentationArc xlink:type="arc" xlink:arcrole="http://www.xbrl.org/2003/arcrole/parent-child" xlink:from="LiquidityRiskContractualUndiscountedCashFlowsOfInvestmentAssets" xlink:to="LiquidityRiskContractualUndiscountedCashFlowsOfOtherInvestmentAssets" xlink:title="presentation: LiquidityRiskContractualUndiscountedCashFlowsOfInvestmentAssets to LiquidityRiskContractualUndiscountedCashFlowsOfOtherInvestmentAssets" use="optional" order="130.0" preferredLabel="http://www.xbrl.org/2003/role/terseLabel"/>
    <link:loc xlink:type="locator" xlink:href="../../c-ross_core_2015-12-31.xsd#c-ross_LiquidityRiskContractualUndiscountedCashFlowsOfReceivables" xlink:label="LiquidityRiskContractualUndiscountedCashFlowsOfReceivables" xlink:title="LiquidityRiskContractualUndiscountedCashFlowsOfReceivables"/>
    <link:presentationArc xlink:type="arc" xlink:arcrole="http://www.xbrl.org/2003/arcrole/parent-child" xlink:from="IntegratedCurrentRatioForPropertyAndCasualtyInsuranceCompaniesAndReinsuranceCompaniesLineItems" xlink:to="LiquidityRiskContractualUndiscountedCashFlowsOfReceivables" xlink:title="presentation: IntegratedCurrentRatioForPropertyAndCasualtyInsuranceCompaniesAndReinsuranceCompaniesLineItems to LiquidityRiskContractualUndiscountedCashFlowsOfReceivables" use="optional" order="30.0" preferredLabel="http://www.xbrl.org/2003/role/terseLabel"/>
    <link:loc xlink:type="locator" xlink:href="../../c-ross_core_2015-12-31.xsd#c-ross_LiquidityRiskContractualUndiscountedCashFlowsOfOtherAssets" xlink:label="LiquidityRiskContractualUndiscountedCashFlowsOfOtherAssets" xlink:title="LiquidityRiskContractualUndiscountedCashFlowsOfOtherAssets"/>
    <link:presentationArc xlink:type="arc" xlink:arcrole="http://www.xbrl.org/2003/arcrole/parent-child" xlink:from="IntegratedCurrentRatioForPropertyAndCasualtyInsuranceCompaniesAndReinsuranceCompaniesLineItems" xlink:to="LiquidityRiskContractualUndiscountedCashFlowsOfOtherAssets" xlink:title="presentation: IntegratedCurrentRatioForPropertyAndCasualtyInsuranceCompaniesAndReinsuranceCompaniesLineItems to LiquidityRiskContractualUndiscountedCashFlowsOfOtherAssets" use="optional" order="40.0" preferredLabel="http://www.xbrl.org/2003/role/terseLabel"/>
    <link:loc xlink:type="locator" xlink:href="../../c-ross_core_2015-12-31.xsd#c-ross_LiquidityRiskContractualUndiscountedCashFlowsOfSeparateAccountAssets" xlink:label="LiquidityRiskContractualUndiscountedCashFlowsOfSeparateAccountAssets" xlink:title="LiquidityRiskContractualUndiscountedCashFlowsOfSeparateAccountAssets"/>
    <link:presentationArc xlink:type="arc" xlink:arcrole="http://www.xbrl.org/2003/arcrole/parent-child" xlink:from="IntegratedCurrentRatioForPropertyAndCasualtyInsuranceCompaniesAndReinsuranceCompaniesLineItems" xlink:to="LiquidityRiskContractualUndiscountedCashFlowsOfSeparateAccountAssets" xlink:title="presentation: IntegratedCurrentRatioForPropertyAndCasualtyInsuranceCompaniesAndReinsuranceCompaniesLineItems to LiquidityRiskContractualUndiscountedCashFlowsOfSeparateAccountAssets" use="optional" order="50.0" preferredLabel="http://www.xbrl.org/2003/role/terseLabel"/>
    <link:loc xlink:type="locator" xlink:href="../../c-ross_core_2015-12-31.xsd#c-ross_LiquidityRiskContractualUndiscountedCashFlowsOfAssets" xlink:label="LiquidityRiskContractualUndiscountedCashFlowsOfAssets" xlink:title="LiquidityRiskContractualUndiscountedCashFlowsOfAssets"/>
    <link:presentationArc xlink:type="arc" xlink:arcrole="http://www.xbrl.org/2003/arcrole/parent-child" xlink:from="IntegratedCurrentRatioForPropertyAndCasualtyInsuranceCompaniesAndReinsuranceCompaniesLineItems" xlink:to="LiquidityRiskContractualUndiscountedCashFlowsOfAssets" xlink:title="presentation: IntegratedCurrentRatioForPropertyAndCasualtyInsuranceCompaniesAndReinsuranceCompaniesLineItems to LiquidityRiskContractualUndiscountedCashFlowsOfAssets" use="optional" order="60.0" preferredLabel="http://www.xbrl.org/2003/role/totalLabel"/>
    <link:loc xlink:type="locator" xlink:href="../../c-ross_core_2015-12-31.xsd#c-ross_LiquidityRiskContractualUndiscountedCashFlowsOfUnearnedPremiumReserve" xlink:label="LiquidityRiskContractualUndiscountedCashFlowsOfUnearnedPremiumReserve" xlink:title="LiquidityRiskContractualUndiscountedCashFlowsOfUnearnedPremiumReserve"/>
    <link:presentationArc xlink:type="arc" xlink:arcrole="http://www.xbrl.org/2003/arcrole/parent-child" xlink:from="IntegratedCurrentRatioForPropertyAndCasualtyInsuranceCompaniesAndReinsuranceCompaniesLineItems" xlink:to="LiquidityRiskContractualUndiscountedCashFlowsOfUnearnedPremiumReserve" xlink:title="presentation: IntegratedCurrentRatioForPropertyAndCasualtyInsuranceCompaniesAndReinsuranceCompaniesLineItems to LiquidityRiskContractualUndiscountedCashFlowsOfUnearnedPremiumReserve" use="optional" order="70.0" preferredLabel="http://www.xbrl.org/2003/role/terseLabel"/>
    <link:loc xlink:type="locator" xlink:href="../../c-ross_core_2015-12-31.xsd#c-ross_LiquidityRiskContractualUndiscountedCashFlowsOfLifeInsurancePremiumReserve" xlink:label="LiquidityRiskContractualUndiscountedCashFlowsOfLifeInsurancePremiumReserve" xlink:title="LiquidityRiskContractualUndiscountedCashFlowsOfLifeInsurancePremiumReserve"/>
    <link:presentationArc xlink:type="arc" xlink:arcrole="http://www.xbrl.org/2003/arcrole/parent-child" xlink:from="IntegratedCurrentRatioForPropertyAndCasualtyInsuranceCompaniesAndReinsuranceCompaniesLineItems" xlink:to="LiquidityRiskContractualUndiscountedCashFlowsOfLifeInsurancePremiumReserve" xlink:title="presentation: IntegratedCurrentRatioForPropertyAndCasualtyInsuranceCompaniesAndReinsuranceCompaniesLineItems to LiquidityRiskContractualUndiscountedCashFlowsOfLifeInsurancePremiumReserve" use="optional" order="80.0" preferredLabel="http://www.xbrl.org/2003/role/terseLabel"/>
    <link:loc xlink:type="locator" xlink:href="../../c-ross_core_2015-12-31.xsd#c-ross_LiquidityRiskContractualUndiscountedCashFlowsOfLongTermHealthInsurancePremiumReserve" xlink:label="LiquidityRiskContractualUndiscountedCashFlowsOfLongTermHealthInsurancePremiumReserve" xlink:title="LiquidityRiskContractualUndiscountedCashFlowsOfLongTermHealthInsurancePremiumReserve"/>
    <link:presentationArc xlink:type="arc" xlink:arcrole="http://www.xbrl.org/2003/arcrole/parent-child" xlink:from="IntegratedCurrentRatioForPropertyAndCasualtyInsuranceCompaniesAndReinsuranceCompaniesLineItems" xlink:to="LiquidityRiskContractualUndiscountedCashFlowsOfLongTermHealthInsurancePremiumReserve" xlink:title="presentation: IntegratedCurrentRatioForPropertyAndCasualtyInsuranceCompaniesAndReinsuranceCompaniesLineItems to LiquidityRiskContractualUndiscountedCashFlowsOfLongTermHealthInsurancePremiumReserve" use="optional" order="90.0" preferredLabel="http://www.xbrl.org/2003/role/terseLabel"/>
    <link:loc xlink:type="locator" xlink:href="../../c-ross_core_2015-12-31.xsd#c-ross_LiquidityRiskContractualUndiscountedCashFlowsOfOutstandingLossReserve" xlink:label="LiquidityRiskContractualUndiscountedCashFlowsOfOutstandingLossReserve" xlink:title="LiquidityRiskContractualUndiscountedCashFlowsOfOutstandingLossReserve"/>
    <link:presentationArc xlink:type="arc" xlink:arcrole="http://www.xbrl.org/2003/arcrole/parent-child" xlink:from="IntegratedCurrentRatioForPropertyAndCasualtyInsuranceCompaniesAndReinsuranceCompaniesLineItems" xlink:to="LiquidityRiskContractualUndiscountedCashFlowsOfOutstandingLossReserve" xlink:title="presentation: IntegratedCurrentRatioForPropertyAndCasualtyInsuranceCompaniesAndReinsuranceCompaniesLineItems to LiquidityRiskContractualUndiscountedCashFlowsOfOutstandingLossReserve" use="optional" order="100.0" preferredLabel="http://www.xbrl.org/2003/role/terseLabel"/>
    <link:loc xlink:type="locator" xlink:href="../../c-ross_core_2015-12-31.xsd#c-ross_LiquidityRiskContractualUndiscountedCashFlowsOfPolicyholderDepositsAndInvestments" xlink:label="LiquidityRiskContractualUndiscountedCashFlowsOfPolicyholderDepositsAndInvestments" xlink:title="LiquidityRiskContractualUndiscountedCashFlowsOfPolicyholderDepositsAndInvestments"/>
    <link:presentationArc xlink:type="arc" xlink:arcrole="http://www.xbrl.org/2003/arcrole/parent-child" xlink:from="IntegratedCurrentRatioForPropertyAndCasualtyInsuranceCompaniesAndReinsuranceCompaniesLineItems" xlink:to="LiquidityRiskContractualUndiscountedCashFlowsOfPolicyholderDepositsAndInvestments" xlink:title="presentation: IntegratedCurrentRatioForPropertyAndCasualtyInsuranceCompaniesAndReinsuranceCompaniesLineItems to LiquidityRiskContractualUndiscountedCashFlowsOfPolicyholderDepositsAndInvestments" use="optional" order="110.0" preferredLabel="http://www.xbrl.org/2003/role/terseLabel"/>
    <link:loc xlink:type="locator" xlink:href="../../c-ross_core_2015-12-31.xsd#c-ross_LiquidityRiskContractualUndiscountedCashFlowsOfPolicyholderBonusesPayable" xlink:label="LiquidityRiskContractualUndiscountedCashFlowsOfPolicyholderBonusesPayable" xlink:title="LiquidityRiskContractualUndiscountedCashFlowsOfPolicyholderBonusesPayable"/>
    <link:presentationArc xlink:type="arc" xlink:arcrole="http://www.xbrl.org/2003/arcrole/parent-child" xlink:from="IntegratedCurrentRatioForPropertyAndCasualtyInsuranceCompaniesAndReinsuranceCompaniesLineItems" xlink:to="LiquidityRiskContractualUndiscountedCashFlowsOfPolicyholderBonusesPayable" xlink:title="presentation: IntegratedCurrentRatioForPropertyAndCasualtyInsuranceCompaniesAndReinsuranceCompaniesLineItems to LiquidityRiskContractualUndiscountedCashFlowsOfPolicyholderBonusesPayable" use="optional" order="120.0" preferredLabel="http://www.xbrl.org/2003/role/terseLabel"/>
    <link:loc xlink:type="locator" xlink:href="../../c-ross_core_2015-12-31.xsd#c-ross_LiquidityRiskContractualUndiscountedCashFlowsOfCommissionsPayable" xlink:label="LiquidityRiskContractualUndiscountedCashFlowsOfCommissionsPayable" xlink:title="LiquidityRiskContractualUndiscountedCashFlowsOfCommissionsPayable"/>
    <link:presentationArc xlink:type="arc" xlink:arcrole="http://www.xbrl.org/2003/arcrole/parent-child" xlink:from="IntegratedCurrentRatioForPropertyAndCasualtyInsuranceCompaniesAndReinsuranceCompaniesLineItems" xlink:to="LiquidityRiskContractualUndiscountedCashFlowsOfCommissionsPayable" xlink:title="presentation: IntegratedCurrentRatioForPropertyAndCasualtyInsuranceCompaniesAndReinsuranceCompaniesLineItems to LiquidityRiskContractualUndiscountedCashFlowsOfCommissionsPayable" use="optional" order="130.0" preferredLabel="http://www.xbrl.org/2003/role/terseLabel"/>
    <link:loc xlink:type="locator" xlink:href="../../c-ross_core_2015-12-31.xsd#c-ross_LiquidityRiskContractualUndiscountedCashFlowsOfPayables" xlink:label="LiquidityRiskContractualUndiscountedCashFlowsOfPayables" xlink:title="LiquidityRiskContractualUndiscountedCashFlowsOfPayables"/>
    <link:presentationArc xlink:type="arc" xlink:arcrole="http://www.xbrl.org/2003/arcrole/parent-child" xlink:from="IntegratedCurrentRatioForPropertyAndCasualtyInsuranceCompaniesAndReinsuranceCompaniesLineItems" xlink:to="LiquidityRiskContractualUndiscountedCashFlowsOfPayables" xlink:title="presentation: IntegratedCurrentRatioForPropertyAndCasualtyInsuranceCompaniesAndReinsuranceCompaniesLineItems to LiquidityRiskContractualUndiscountedCashFlowsOfPayables" use="optional" order="140.0" preferredLabel="http://www.xbrl.org/2003/role/terseLabel"/>
    <link:loc xlink:type="locator" xlink:href="../../c-ross_core_2015-12-31.xsd#c-ross_LiquidityRiskContractualUndiscountedCashFlowsOfSecuritiesSoldUnderRepurchaseAgreements" xlink:label="LiquidityRiskContractualUndiscountedCashFlowsOfSecuritiesSoldUnderRepurchaseAgreements" xlink:title="LiquidityRiskContractualUndiscountedCashFlowsOfSecuritiesSoldUnderRepurchaseAgreements"/>
    <link:presentationArc xlink:type="arc" xlink:arcrole="http://www.xbrl.org/2003/arcrole/parent-child" xlink:from="IntegratedCurrentRatioForPropertyAndCasualtyInsuranceCompaniesAndReinsuranceCompaniesLineItems" xlink:to="LiquidityRiskContractualUndiscountedCashFlowsOfSecuritiesSoldUnderRepurchaseAgreements" xlink:title="presentation: IntegratedCurrentRatioForPropertyAndCasualtyInsuranceCompaniesAndReinsuranceCompaniesLineItems to LiquidityRiskContractualUndiscountedCashFlowsOfSecuritiesSoldUnderRepurchaseAgreements" use="optional" order="150.0" preferredLabel="http://www.xbrl.org/2003/role/terseLabel"/>
    <link:loc xlink:type="locator" xlink:href="../../c-ross_core_2015-12-31.xsd#c-ross_LiquidityRiskContractualUndiscountedCashFlowsOfSecuritiesPayableUnderResaleAgreements" xlink:label="LiquidityRiskContractualUndiscountedCashFlowsOfSecuritiesPayableUnderResaleAgreements" xlink:title="LiquidityRiskContractualUndiscountedCashFlowsOfSecuritiesPayableUnderResaleAgreements"/>
    <link:presentationArc xlink:type="arc" xlink:arcrole="http://www.xbrl.org/2003/arcrole/parent-child" xlink:from="IntegratedCurrentRatioForPropertyAndCasualtyInsuranceCompaniesAndReinsuranceCompaniesLineItems" xlink:to="LiquidityRiskContractualUndiscountedCashFlowsOfSecuritiesPayableUnderResaleAgreements" xlink:title="presentation: IntegratedCurrentRatioForPropertyAndCasualtyInsuranceCompaniesAndReinsuranceCompaniesLineItems to LiquidityRiskContractualUndiscountedCashFlowsOfSecuritiesPayableUnderResaleAgreements" use="optional" order="160.0" preferredLabel="http://www.xbrl.org/2003/role/terseLabel"/>
    <link:loc xlink:type="locator" xlink:href="../../c-ross_core_2015-12-31.xsd#c-ross_LiquidityRiskContractualUndiscountedCashFlowsOfBondsPayable" xlink:label="LiquidityRiskContractualUndiscountedCashFlowsOfBondsPayable" xlink:title="LiquidityRiskContractualUndiscountedCashFlowsOfBondsPayable"/>
    <link:presentationArc xlink:type="arc" xlink:arcrole="http://www.xbrl.org/2003/arcrole/parent-child" xlink:from="IntegratedCurrentRatioForPropertyAndCasualtyInsuranceCompaniesAndReinsuranceCompaniesLineItems" xlink:to="LiquidityRiskContractualUndiscountedCashFlowsOfBondsPayable" xlink:title="presentation: IntegratedCurrentRatioForPropertyAndCasualtyInsuranceCompaniesAndReinsuranceCompaniesLineItems to LiquidityRiskContractualUndiscountedCashFlowsOfBondsPayable" use="optional" order="170.0" preferredLabel="http://www.xbrl.org/2003/role/terseLabel"/>
    <link:loc xlink:type="locator" xlink:href="../../c-ross_core_2015-12-31.xsd#c-ross_LiquidityRiskContractualUndiscountedCashFlowsOfEstimatedLiabilities" xlink:label="LiquidityRiskContractualUndiscountedCashFlowsOfEstimatedLiabilities" xlink:title="LiquidityRiskContractualUndiscountedCashFlowsOfEstimatedLiabilities"/>
    <link:presentationArc xlink:type="arc" xlink:arcrole="http://www.xbrl.org/2003/arcrole/parent-child" xlink:from="IntegratedCurrentRatioForPropertyAndCasualtyInsuranceCompaniesAndReinsuranceCompaniesLineItems" xlink:to="LiquidityRiskContractualUndiscountedCashFlowsOfEstimatedLiabilities" xlink:title="presentation: IntegratedCurrentRatioForPropertyAndCasualtyInsuranceCompaniesAndReinsuranceCompaniesLineItems to LiquidityRiskContractualUndiscountedCashFlowsOfEstimatedLiabilities" use="optional" order="180.0" preferredLabel="http://www.xbrl.org/2003/role/terseLabel"/>
    <link:loc xlink:type="locator" xlink:href="../../c-ross_core_2015-12-31.xsd#c-ross_LiquidityRiskContractualUndiscountedCashFlowsOfOtherLiabilities" xlink:label="LiquidityRiskContractualUndiscountedCashFlowsOfOtherLiabilities" xlink:title="LiquidityRiskContractualUndiscountedCashFlowsOfOtherLiabilities"/>
    <link:presentationArc xlink:type="arc" xlink:arcrole="http://www.xbrl.org/2003/arcrole/parent-child" xlink:from="IntegratedCurrentRatioForPropertyAndCasualtyInsuranceCompaniesAndReinsuranceCompaniesLineItems" xlink:to="LiquidityRiskContractualUndiscountedCashFlowsOfOtherLiabilities" xlink:title="presentation: IntegratedCurrentRatioForPropertyAndCasualtyInsuranceCompaniesAndReinsuranceCompaniesLineItems to LiquidityRiskContractualUndiscountedCashFlowsOfOtherLiabilities" use="optional" order="190.0" preferredLabel="http://www.xbrl.org/2003/role/terseLabel"/>
    <link:loc xlink:type="locator" xlink:href="../../c-ross_core_2015-12-31.xsd#c-ross_LiquidityRiskContractualUndiscountedCashFlowsOfSeparateAccountLiabilities" xlink:label="LiquidityRiskContractualUndiscountedCashFlowsOfSeparateAccountLiabilities" xlink:title="LiquidityRiskContractualUndiscountedCashFlowsOfSeparateAccountLiabilities"/>
    <link:presentationArc xlink:type="arc" xlink:arcrole="http://www.xbrl.org/2003/arcrole/parent-child" xlink:from="IntegratedCurrentRatioForPropertyAndCasualtyInsuranceCompaniesAndReinsuranceCompaniesLineItems" xlink:to="LiquidityRiskContractualUndiscountedCashFlowsOfSeparateAccountLiabilities" xlink:title="presentation: IntegratedCurrentRatioForPropertyAndCasualtyInsuranceCompaniesAndReinsuranceCompaniesLineItems to LiquidityRiskContractualUndiscountedCashFlowsOfSeparateAccountLiabilities" use="optional" order="200.0" preferredLabel="http://www.xbrl.org/2003/role/terseLabel"/>
    <link:loc xlink:type="locator" xlink:href="../../c-ross_core_2015-12-31.xsd#c-ross_LiquidityRiskContractualUndiscountedCashFlowsOfLiabilities" xlink:label="LiquidityRiskContractualUndiscountedCashFlowsOfLiabilities" xlink:title="LiquidityRiskContractualUndiscountedCashFlowsOfLiabilities"/>
    <link:presentationArc xlink:type="arc" xlink:arcrole="http://www.xbrl.org/2003/arcrole/parent-child" xlink:from="IntegratedCurrentRatioForPropertyAndCasualtyInsuranceCompaniesAndReinsuranceCompaniesLineItems" xlink:to="LiquidityRiskContractualUndiscountedCashFlowsOfLiabilities" xlink:title="presentation: IntegratedCurrentRatioForPropertyAndCasualtyInsuranceCompaniesAndReinsuranceCompaniesLineItems to LiquidityRiskContractualUndiscountedCashFlowsOfLiabilities" use="optional" order="210.0" preferredLabel="http://www.xbrl.org/2003/role/totalLabel"/>
    <link:loc xlink:type="locator" xlink:href="../../c-ross_core_2015-12-31.xsd#c-ross_LiquidityRiskEstimatedNetCashInflowsOfAssetsAndLiabilities" xlink:label="LiquidityRiskEstimatedNetCashInflowsOfAssetsAndLiabilities" xlink:title="LiquidityRiskEstimatedNetCashInflowsOfAssetsAndLiabilities"/>
    <link:presentationArc xlink:type="arc" xlink:arcrole="http://www.xbrl.org/2003/arcrole/parent-child" xlink:from="IntegratedCurrentRatioForPropertyAndCasualtyInsuranceCompaniesAndReinsuranceCompaniesLineItems" xlink:to="LiquidityRiskEstimatedNetCashInflowsOfAssetsAndLiabilities" xlink:title="presentation: IntegratedCurrentRatioForPropertyAndCasualtyInsuranceCompaniesAndReinsuranceCompaniesLineItems to LiquidityRiskEstimatedNetCashInflowsOfAssetsAndLiabilities" use="optional" order="220.0" preferredLabel="http://www.xbrl.org/2009/role/netLabel"/>
    <link:loc xlink:type="locator" xlink:href="../../c-ross_core_2015-12-31.xsd#c-ross_LiquidityRiskIntegratedCurrentRatio" xlink:label="LiquidityRiskIntegratedCurrentRatio" xlink:title="LiquidityRiskIntegratedCurrentRatio"/>
    <link:presentationArc xlink:type="arc" xlink:arcrole="http://www.xbrl.org/2003/arcrole/parent-child" xlink:from="IntegratedCurrentRatioForPropertyAndCasualtyInsuranceCompaniesAndReinsuranceCompaniesLineItems" xlink:to="LiquidityRiskIntegratedCurrentRatio" xlink:title="presentation: IntegratedCurrentRatioForPropertyAndCasualtyInsuranceCompaniesAndReinsuranceCompaniesLineItems to LiquidityRiskIntegratedCurrentRatio" use="optional" order="230.0" preferredLabel="http://www.xbrl.org/2003/role/terseLabel"/>
  </link:presentationLink>
</link:linkbase>
