<?xml version="1.0" encoding="UTF-8"?>

<!--
	Taxonomy: 2015-12-31 (Final)
	**********************
	Copyright © 2015 China Insurance Regulatory Commission.
	All rights reserved.  No part of this publication may be translated, reprinted or reproduced
	or utilised in any form either in whole or in part without prior permission in writing from China Insurance Regulatory Commission.
	  **********************
	-->
<link:linkbase xmlns:xsi="http://www.w3.org/2001/XMLSchema-instance" xsi:schemaLocation="http://www.xbrl.org/2003/linkbase http://www.xbrl.org/2003/xbrl-linkbase-2003-12-31.xsd" xmlns:c-ross="http://xbrl.circ.gov.cn/taxonomy/2015-12-31/c-ross" xmlns:link="http://www.xbrl.org/2003/linkbase" xmlns:xbrli="http://www.xbrl.org/2003/instance" xmlns:xlink="http://www.w3.org/1999/xlink">
  <link:roleRef roleURI="http://www.xbrl.org/2009/role/netLabel" xlink:type="simple" xlink:href="http://www.xbrl.org/lrr/role/net-2009-12-16.xsd#netLabel"/>
  <link:roleRef roleURI="http://xbrl.circ.gov.cn/role/c-ross_2015-12-31_role-3180412" xlink:type="simple" xlink:href="rol_c-ross_12_2015-12-31.xsd#c-ross_2015-12-31-3180412"/>
  <link:presentationLink xlink:type="extended" xlink:role="http://xbrl.circ.gov.cn/role/c-ross_2015-12-31_role-3180412">
    <link:loc xlink:type="locator" xlink:href="../../c-ross_core_2015-12-31.xsd#c-ross_CashFlowTestScenarioAxis" xlink:label="CashFlowTestScenarioAxis" xlink:title="CashFlowTestScenarioAxis"/>
    <link:loc xlink:type="locator" xlink:href="../../c-ross_core_2015-12-31.xsd#c-ross_CashFlowTestScenarioMember" xlink:label="CashFlowTestScenarioMember" xlink:title="CashFlowTestScenarioMember"/>
    <link:presentationArc xlink:type="arc" xlink:arcrole="http://www.xbrl.org/2003/arcrole/parent-child" xlink:from="CashFlowTestScenarioAxis" xlink:to="CashFlowTestScenarioMember" xlink:title="presentation: CashFlowTestScenarioAxis to CashFlowTestScenarioMember" use="optional" order="10.0" preferredLabel="http://www.xbrl.org/2003/role/label"/>
    <link:loc xlink:type="locator" xlink:href="../../c-ross_core_2015-12-31.xsd#c-ross_BaseScenarioMember" xlink:label="BaseScenarioMember" xlink:title="BaseScenarioMember"/>
    <link:presentationArc xlink:type="arc" xlink:arcrole="http://www.xbrl.org/2003/arcrole/parent-child" xlink:from="CashFlowTestScenarioMember" xlink:to="BaseScenarioMember" xlink:title="presentation: CashFlowTestScenarioMember to BaseScenarioMember" order="10.0" preferredLabel="http://www.xbrl.org/2003/role/label"/>
    <link:loc xlink:type="locator" xlink:href="../../c-ross_core_2015-12-31.xsd#c-ross_StressScenarioMember" xlink:label="StressScenarioMember" xlink:title="StressScenarioMember"/>
    <link:presentationArc xlink:type="arc" xlink:arcrole="http://www.xbrl.org/2003/arcrole/parent-child" xlink:from="CashFlowTestScenarioMember" xlink:to="StressScenarioMember" xlink:title="presentation: CashFlowTestScenarioMember to StressScenarioMember" order="20.0" preferredLabel="http://www.xbrl.org/2003/role/label"/>
    <link:loc xlink:type="locator" xlink:href="../../c-ross_core_2015-12-31.xsd#c-ross_StressScenarioForCompulsoryTestMember" xlink:label="StressScenarioForCompulsoryTestMember" xlink:title="StressScenarioForCompulsoryTestMember"/>
    <link:presentationArc xlink:type="arc" xlink:arcrole="http://www.xbrl.org/2003/arcrole/parent-child" xlink:from="StressScenarioMember" xlink:to="StressScenarioForCompulsoryTestMember" xlink:title="presentation: StressScenarioMember to StressScenarioForCompulsoryTestMember" use="optional" order="10.0" preferredLabel="http://www.xbrl.org/2003/role/label"/>
    <link:loc xlink:type="locator" xlink:href="../../c-ross_core_2015-12-31.xsd#c-ross_StressScenarioForCompulsoryTestOneMember" xlink:label="StressScenarioForCompulsoryTestOneMember" xlink:title="StressScenarioForCompulsoryTestOneMember"/>
    <link:presentationArc xlink:type="arc" xlink:arcrole="http://www.xbrl.org/2003/arcrole/parent-child" xlink:from="StressScenarioForCompulsoryTestMember" xlink:to="StressScenarioForCompulsoryTestOneMember" xlink:title="presentation: StressScenarioForCompulsoryTestMember to StressScenarioForCompulsoryTestOneMember" use="optional" order="10.0" preferredLabel="http://www.xbrl.org/2003/role/terseLabel"/>
    <link:loc xlink:type="locator" xlink:href="../../c-ross_core_2015-12-31.xsd#c-ross_StressScenarioForCompulsoryTestTwoMember" xlink:label="StressScenarioForCompulsoryTestTwoMember" xlink:title="StressScenarioForCompulsoryTestTwoMember"/>
    <link:presentationArc xlink:type="arc" xlink:arcrole="http://www.xbrl.org/2003/arcrole/parent-child" xlink:from="StressScenarioForCompulsoryTestMember" xlink:to="StressScenarioForCompulsoryTestTwoMember" xlink:title="presentation: StressScenarioForCompulsoryTestMember to StressScenarioForCompulsoryTestTwoMember" use="optional" order="20.0" preferredLabel="http://www.xbrl.org/2003/role/terseLabel"/>
    <link:loc xlink:type="locator" xlink:href="../../c-ross_core_2015-12-31.xsd#c-ross_StressScenarioForSelfTestMember" xlink:label="StressScenarioForSelfTestMember" xlink:title="StressScenarioForSelfTestMember"/>
    <link:presentationArc xlink:type="arc" xlink:arcrole="http://www.xbrl.org/2003/arcrole/parent-child" xlink:from="StressScenarioMember" xlink:to="StressScenarioForSelfTestMember" xlink:title="presentation: StressScenarioMember to StressScenarioForSelfTestMember" use="optional" order="20.0" preferredLabel="http://www.xbrl.org/2003/role/label"/>
    <link:loc xlink:type="locator" xlink:href="../../c-ross_core_2015-12-31.xsd#c-ross_StressScenarioForSelfTestOneMember" xlink:label="StressScenarioForSelfTestOneMember" xlink:title="StressScenarioForSelfTestOneMember"/>
    <link:presentationArc xlink:type="arc" xlink:arcrole="http://www.xbrl.org/2003/arcrole/parent-child" xlink:from="StressScenarioForSelfTestMember" xlink:to="StressScenarioForSelfTestOneMember" xlink:title="presentation: StressScenarioForSelfTestMember to StressScenarioForSelfTestOneMember" use="optional" order="10.0" preferredLabel="http://www.xbrl.org/2003/role/terseLabel"/>
    <link:loc xlink:type="locator" xlink:href="../../c-ross_core_2015-12-31.xsd#c-ross_StressScenarioForSelfTestTwoMember" xlink:label="StressScenarioForSelfTestTwoMember" xlink:title="StressScenarioForSelfTestTwoMember"/>
    <link:presentationArc xlink:type="arc" xlink:arcrole="http://www.xbrl.org/2003/arcrole/parent-child" xlink:from="StressScenarioForSelfTestMember" xlink:to="StressScenarioForSelfTestTwoMember" xlink:title="presentation: StressScenarioForSelfTestMember to StressScenarioForSelfTestTwoMember" use="optional" order="20.0" preferredLabel="http://www.xbrl.org/2003/role/terseLabel"/>
    <link:loc xlink:type="locator" xlink:href="../../c-ross_core_2015-12-31.xsd#c-ross_CashFlowTestScopeAxis" xlink:label="CashFlowTestScopeAxis" xlink:title="CashFlowTestScopeAxis"/>
    <link:loc xlink:type="locator" xlink:href="../../c-ross_core_2015-12-31.xsd#c-ross_CashFlowTestScopeMember" xlink:label="CashFlowTestScopeMember" xlink:title="CashFlowTestScopeMember"/>
    <link:presentationArc xlink:type="arc" xlink:arcrole="http://www.xbrl.org/2003/arcrole/parent-child" xlink:from="CashFlowTestScopeAxis" xlink:to="CashFlowTestScopeMember" xlink:title="presentation: CashFlowTestScopeAxis to CashFlowTestScopeMember" use="optional" order="10.0" preferredLabel="http://www.xbrl.org/2003/role/label"/>
    <link:loc xlink:type="locator" xlink:href="../../c-ross_core_2015-12-31.xsd#c-ross_OverallBusinessMember" xlink:label="OverallBusinessMember" xlink:title="OverallBusinessMember"/>
    <link:presentationArc xlink:type="arc" xlink:arcrole="http://www.xbrl.org/2003/arcrole/parent-child" xlink:from="CashFlowTestScopeMember" xlink:to="OverallBusinessMember" xlink:title="presentation: CashFlowTestScopeMember to OverallBusinessMember" use="optional" order="10.0" preferredLabel="http://www.xbrl.org/2003/role/label"/>
    <link:loc xlink:type="locator" xlink:href="../../c-ross_core_2015-12-31.xsd#c-ross_TraditionalInsuranceBusinessMember" xlink:label="TraditionalInsuranceBusinessMember" xlink:title="TraditionalInsuranceBusinessMember"/>
    <link:presentationArc xlink:type="arc" xlink:arcrole="http://www.xbrl.org/2003/arcrole/parent-child" xlink:from="CashFlowTestScopeMember" xlink:to="TraditionalInsuranceBusinessMember" xlink:title="presentation: CashFlowTestScopeMember to TraditionalInsuranceBusinessMember" use="optional" order="20.0" preferredLabel="http://www.xbrl.org/2003/role/label"/>
    <link:loc xlink:type="locator" xlink:href="../../c-ross_core_2015-12-31.xsd#c-ross_ParticipatingInsuranceBusinessMember" xlink:label="ParticipatingInsuranceBusinessMember" xlink:title="ParticipatingInsuranceBusinessMember"/>
    <link:presentationArc xlink:type="arc" xlink:arcrole="http://www.xbrl.org/2003/arcrole/parent-child" xlink:from="CashFlowTestScopeMember" xlink:to="ParticipatingInsuranceBusinessMember" xlink:title="presentation: CashFlowTestScopeMember to ParticipatingInsuranceBusinessMember" use="optional" order="30.0" preferredLabel="http://www.xbrl.org/2003/role/label"/>
    <link:loc xlink:type="locator" xlink:href="../../c-ross_core_2015-12-31.xsd#c-ross_UniversalInsuranceBusinessMember" xlink:label="UniversalInsuranceBusinessMember" xlink:title="UniversalInsuranceBusinessMember"/>
    <link:presentationArc xlink:type="arc" xlink:arcrole="http://www.xbrl.org/2003/arcrole/parent-child" xlink:from="CashFlowTestScopeMember" xlink:to="UniversalInsuranceBusinessMember" xlink:title="presentation: CashFlowTestScopeMember to UniversalInsuranceBusinessMember" use="optional" order="40.0" preferredLabel="http://www.xbrl.org/2003/role/label"/>
    <link:loc xlink:type="locator" xlink:href="../../c-ross_core_2015-12-31.xsd#c-ross_UnitLinkedInsuranceBusinessMember" xlink:label="UnitLinkedInsuranceBusinessMember" xlink:title="UnitLinkedInsuranceBusinessMember"/>
    <link:presentationArc xlink:type="arc" xlink:arcrole="http://www.xbrl.org/2003/arcrole/parent-child" xlink:from="CashFlowTestScopeMember" xlink:to="UnitLinkedInsuranceBusinessMember" xlink:title="presentation: CashFlowTestScopeMember to UnitLinkedInsuranceBusinessMember" use="optional" order="50.0" preferredLabel="http://www.xbrl.org/2003/role/label"/>
    <link:loc xlink:type="locator" xlink:href="../../c-ross_core_2015-12-31.xsd#c-ross_CashFlowTestPeriodAxis" xlink:label="CashFlowTestPeriodAxis" xlink:title="CashFlowTestPeriodAxis"/>
    <link:loc xlink:type="locator" xlink:href="../../c-ross_core_2015-12-31.xsd#c-ross_CashFlowTestPeriodMember" xlink:label="CashFlowTestPeriodMember" xlink:title="CashFlowTestPeriodMember"/>
    <link:presentationArc xlink:type="arc" xlink:arcrole="http://www.xbrl.org/2003/arcrole/parent-child" xlink:from="CashFlowTestPeriodAxis" xlink:to="CashFlowTestPeriodMember" xlink:title="presentation: CashFlowTestPeriodAxis to CashFlowTestPeriodMember" use="optional" order="10.0" preferredLabel="http://www.xbrl.org/2003/role/label"/>
    <link:loc xlink:type="locator" xlink:href="../../c-ross_core_2015-12-31.xsd#c-ross_FirstYearAfterReportingDateMember" xlink:label="FirstYearAfterReportingDateMember" xlink:title="FirstYearAfterReportingDateMember"/>
    <link:presentationArc xlink:type="arc" xlink:arcrole="http://www.xbrl.org/2003/arcrole/parent-child" xlink:from="CashFlowTestPeriodMember" xlink:to="FirstYearAfterReportingDateMember" xlink:title="presentation: CashFlowTestPeriodMember to FirstYearAfterReportingDateMember" use="optional" order="10.0" preferredLabel="http://www.xbrl.org/2003/role/terseLabel"/>
    <link:loc xlink:type="locator" xlink:href="../../c-ross_core_2015-12-31.xsd#c-ross_FirstQuarterAfterReportingDateMember" xlink:label="FirstQuarterAfterReportingDateMember" xlink:title="FirstQuarterAfterReportingDateMember"/>
    <link:presentationArc xlink:type="arc" xlink:arcrole="http://www.xbrl.org/2003/arcrole/parent-child" xlink:from="FirstYearAfterReportingDateMember" xlink:to="FirstQuarterAfterReportingDateMember" xlink:title="presentation: FirstYearAfterReportingDateMember to FirstQuarterAfterReportingDateMember" use="optional" order="10.0" preferredLabel="http://www.xbrl.org/2003/role/terseLabel"/>
    <link:loc xlink:type="locator" xlink:href="../../c-ross_core_2015-12-31.xsd#c-ross_SecondQuarterAfterReportingDateMember" xlink:label="SecondQuarterAfterReportingDateMember" xlink:title="SecondQuarterAfterReportingDateMember"/>
    <link:presentationArc xlink:type="arc" xlink:arcrole="http://www.xbrl.org/2003/arcrole/parent-child" xlink:from="FirstYearAfterReportingDateMember" xlink:to="SecondQuarterAfterReportingDateMember" xlink:title="presentation: FirstYearAfterReportingDateMember to SecondQuarterAfterReportingDateMember" use="optional" order="20.0" preferredLabel="http://www.xbrl.org/2003/role/terseLabel"/>
    <link:loc xlink:type="locator" xlink:href="../../c-ross_core_2015-12-31.xsd#c-ross_ThirdQuarterAfterReportingDateMember" xlink:label="ThirdQuarterAfterReportingDateMember" xlink:title="ThirdQuarterAfterReportingDateMember"/>
    <link:presentationArc xlink:type="arc" xlink:arcrole="http://www.xbrl.org/2003/arcrole/parent-child" xlink:from="FirstYearAfterReportingDateMember" xlink:to="ThirdQuarterAfterReportingDateMember" xlink:title="presentation: FirstYearAfterReportingDateMember to ThirdQuarterAfterReportingDateMember" use="optional" order="30.0" preferredLabel="http://www.xbrl.org/2003/role/terseLabel"/>
    <link:loc xlink:type="locator" xlink:href="../../c-ross_core_2015-12-31.xsd#c-ross_ForthQuarterAfterReportingDateMember" xlink:label="ForthQuarterAfterReportingDateMember" xlink:title="ForthQuarterAfterReportingDateMember"/>
    <link:presentationArc xlink:type="arc" xlink:arcrole="http://www.xbrl.org/2003/arcrole/parent-child" xlink:from="FirstYearAfterReportingDateMember" xlink:to="ForthQuarterAfterReportingDateMember" xlink:title="presentation: FirstYearAfterReportingDateMember to ForthQuarterAfterReportingDateMember" use="optional" order="40.0" preferredLabel="http://www.xbrl.org/2003/role/terseLabel"/>
    <link:loc xlink:type="locator" xlink:href="../../c-ross_core_2015-12-31.xsd#c-ross_SecondYearAfterReportingDateMember" xlink:label="SecondYearAfterReportingDateMember" xlink:title="SecondYearAfterReportingDateMember"/>
    <link:presentationArc xlink:type="arc" xlink:arcrole="http://www.xbrl.org/2003/arcrole/parent-child" xlink:from="CashFlowTestPeriodMember" xlink:to="SecondYearAfterReportingDateMember" xlink:title="presentation: CashFlowTestPeriodMember to SecondYearAfterReportingDateMember" use="optional" order="20.0" preferredLabel="http://www.xbrl.org/2003/role/terseLabel"/>
    <link:loc xlink:type="locator" xlink:href="../../c-ross_core_2015-12-31.xsd#c-ross_ThirdYearAfterReportingDateMember" xlink:label="ThirdYearAfterReportingDateMember" xlink:title="ThirdYearAfterReportingDateMember"/>
    <link:presentationArc xlink:type="arc" xlink:arcrole="http://www.xbrl.org/2003/arcrole/parent-child" xlink:from="CashFlowTestPeriodMember" xlink:to="ThirdYearAfterReportingDateMember" xlink:title="presentation: CashFlowTestPeriodMember to ThirdYearAfterReportingDateMember" use="optional" order="30.0" preferredLabel="http://www.xbrl.org/2003/role/terseLabel"/>
    <link:loc xlink:type="locator" xlink:href="../../c-ross_core_2015-12-31.xsd#c-ross_LiquidityRiskProjectOnCashFlowsCashOutflowsFromFinancingActivities" xlink:label="LiquidityRiskProjectOnCashFlowsCashOutflowsFromFinancingActivities" xlink:title="LiquidityRiskProjectOnCashFlowsCashOutflowsFromFinancingActivities"/>
    <link:loc xlink:type="locator" xlink:href="../../c-ross_core_2015-12-31.xsd#c-ross_LiquidityRiskProjectOnCashFlowsRepurchaseOfFinancialAssets" xlink:label="LiquidityRiskProjectOnCashFlowsRepurchaseOfFinancialAssets" xlink:title="LiquidityRiskProjectOnCashFlowsRepurchaseOfFinancialAssets"/>
    <link:presentationArc xlink:type="arc" xlink:arcrole="http://www.xbrl.org/2003/arcrole/parent-child" xlink:from="LiquidityRiskProjectOnCashFlowsCashOutflowsFromFinancingActivities" xlink:to="LiquidityRiskProjectOnCashFlowsRepurchaseOfFinancialAssets" xlink:title="presentation: LiquidityRiskProjectOnCashFlowsCashOutflowsFromFinancingActivities to LiquidityRiskProjectOnCashFlowsRepurchaseOfFinancialAssets" use="optional" order="10.0" preferredLabel="http://www.xbrl.org/2003/role/terseLabel"/>
    <link:loc xlink:type="locator" xlink:href="../../c-ross_core_2015-12-31.xsd#c-ross_LiquidityRiskProjectOnCashFlowsPaymentOfInterestOnBorrowingsAndBonds" xlink:label="LiquidityRiskProjectOnCashFlowsPaymentOfInterestOnBorrowingsAndBonds" xlink:title="LiquidityRiskProjectOnCashFlowsPaymentOfInterestOnBorrowingsAndBonds"/>
    <link:presentationArc xlink:type="arc" xlink:arcrole="http://www.xbrl.org/2003/arcrole/parent-child" xlink:from="LiquidityRiskProjectOnCashFlowsCashOutflowsFromFinancingActivities" xlink:to="LiquidityRiskProjectOnCashFlowsPaymentOfInterestOnBorrowingsAndBonds" xlink:title="presentation: LiquidityRiskProjectOnCashFlowsCashOutflowsFromFinancingActivities to LiquidityRiskProjectOnCashFlowsPaymentOfInterestOnBorrowingsAndBonds" use="optional" order="20.0" preferredLabel="http://www.xbrl.org/2003/role/terseLabel"/>
    <link:loc xlink:type="locator" xlink:href="../../c-ross_core_2015-12-31.xsd#c-ross_LiquidityRiskProjectOnCashFlowsCashFlowsFromBusiness" xlink:label="LiquidityRiskProjectOnCashFlowsCashFlowsFromBusiness" xlink:title="LiquidityRiskProjectOnCashFlowsCashFlowsFromBusiness"/>
    <link:loc xlink:type="locator" xlink:href="../../c-ross_core_2015-12-31.xsd#c-ross_LiquidityRiskProjectOnCashFlowsCashFlowsFromInForceBusinessOnReportingDate" xlink:label="LiquidityRiskProjectOnCashFlowsCashFlowsFromInForceBusinessOnReportingDate" xlink:title="LiquidityRiskProjectOnCashFlowsCashFlowsFromInForceBusinessOnReportingDate"/>
    <link:presentationArc xlink:type="arc" xlink:arcrole="http://www.xbrl.org/2003/arcrole/parent-child" xlink:from="LiquidityRiskProjectOnCashFlowsCashFlowsFromBusiness" xlink:to="LiquidityRiskProjectOnCashFlowsCashFlowsFromInForceBusinessOnReportingDate" xlink:title="presentation: LiquidityRiskProjectOnCashFlowsCashFlowsFromBusiness to LiquidityRiskProjectOnCashFlowsCashFlowsFromInForceBusinessOnReportingDate" use="optional" order="10.0" preferredLabel="http://www.xbrl.org/2003/role/terseLabel"/>
    <link:loc xlink:type="locator" xlink:href="../../c-ross_core_2015-12-31.xsd#c-ross_LiquidityRiskProjectOnCashFlowsCashFlowsFromInForceBusinessOnReportingDatePremiumIncome" xlink:label="LiquidityRiskProjectOnCashFlowsCashFlowsFromInForceBusinessOnReportingDatePremiumIncome" xlink:title="LiquidityRiskProjectOnCashFlowsCashFlowsFromInForceBusinessOnReportingDatePremiumIncome"/>
    <link:presentationArc xlink:type="arc" xlink:arcrole="http://www.xbrl.org/2003/arcrole/parent-child" xlink:from="LiquidityRiskProjectOnCashFlowsCashFlowsFromInForceBusinessOnReportingDate" xlink:to="LiquidityRiskProjectOnCashFlowsCashFlowsFromInForceBusinessOnReportingDatePremiumIncome" xlink:title="presentation: LiquidityRiskProjectOnCashFlowsCashFlowsFromInForceBusinessOnReportingDate to LiquidityRiskProjectOnCashFlowsCashFlowsFromInForceBusinessOnReportingDatePremiumIncome" use="optional" order="10.0" preferredLabel="http://www.xbrl.org/2003/role/terseLabel"/>
    <link:loc xlink:type="locator" xlink:href="../../c-ross_core_2015-12-31.xsd#c-ross_LiquidityRiskProjectOnCashFlowsCashFlowsFromInForceBusinessOnReportingDateBenefitPayments" xlink:label="LiquidityRiskProjectOnCashFlowsCashFlowsFromInForceBusinessOnReportingDateBenefitPayments" xlink:title="LiquidityRiskProjectOnCashFlowsCashFlowsFromInForceBusinessOnReportingDateBenefitPayments"/>
    <link:presentationArc xlink:type="arc" xlink:arcrole="http://www.xbrl.org/2003/arcrole/parent-child" xlink:from="LiquidityRiskProjectOnCashFlowsCashFlowsFromInForceBusinessOnReportingDate" xlink:to="LiquidityRiskProjectOnCashFlowsCashFlowsFromInForceBusinessOnReportingDateBenefitPayments" xlink:title="presentation: LiquidityRiskProjectOnCashFlowsCashFlowsFromInForceBusinessOnReportingDate to LiquidityRiskProjectOnCashFlowsCashFlowsFromInForceBusinessOnReportingDateBenefitPayments" use="optional" order="20.0" preferredLabel="http://www.xbrl.org/2003/role/terseLabel"/>
    <link:loc xlink:type="locator" xlink:href="../../c-ross_core_2015-12-31.xsd#c-ross_LiquidityRiskProjectOnCashFlowsCashFlowsFromInForceBusinessOnReportingDateMaturityBenefitPayment" xlink:label="LiquidityRiskProjectOnCashFlowsCashFlowsFromInForceBusinessOnReportingDateMaturityBenefitPayment" xlink:title="LiquidityRiskProjectOnCashFlowsCashFlowsFromInForceBusinessOnReportingDateMaturityBenefitPayment"/>
    <link:presentationArc xlink:type="arc" xlink:arcrole="http://www.xbrl.org/2003/arcrole/parent-child" xlink:from="LiquidityRiskProjectOnCashFlowsCashFlowsFromInForceBusinessOnReportingDateBenefitPayments" xlink:to="LiquidityRiskProjectOnCashFlowsCashFlowsFromInForceBusinessOnReportingDateMaturityBenefitPayment" xlink:title="presentation: LiquidityRiskProjectOnCashFlowsCashFlowsFromInForceBusinessOnReportingDateBenefitPayments to LiquidityRiskProjectOnCashFlowsCashFlowsFromInForceBusinessOnReportingDateMaturityBenefitPayment" use="optional" order="10.0" preferredLabel="http://www.xbrl.org/2003/role/terseLabel"/>
    <link:loc xlink:type="locator" xlink:href="../../c-ross_core_2015-12-31.xsd#c-ross_LiquidityRiskProjectOnCashFlowsCashFlowsFromInForceBusinessOnReportingDateSurrenderPayment" xlink:label="LiquidityRiskProjectOnCashFlowsCashFlowsFromInForceBusinessOnReportingDateSurrenderPayment" xlink:title="LiquidityRiskProjectOnCashFlowsCashFlowsFromInForceBusinessOnReportingDateSurrenderPayment"/>
    <link:presentationArc xlink:type="arc" xlink:arcrole="http://www.xbrl.org/2003/arcrole/parent-child" xlink:from="LiquidityRiskProjectOnCashFlowsCashFlowsFromInForceBusinessOnReportingDate" xlink:to="LiquidityRiskProjectOnCashFlowsCashFlowsFromInForceBusinessOnReportingDateSurrenderPayment" xlink:title="presentation: LiquidityRiskProjectOnCashFlowsCashFlowsFromInForceBusinessOnReportingDate to LiquidityRiskProjectOnCashFlowsCashFlowsFromInForceBusinessOnReportingDateSurrenderPayment" use="optional" order="30.0" preferredLabel="http://www.xbrl.org/2003/role/terseLabel"/>
    <link:loc xlink:type="locator" xlink:href="../../c-ross_core_2015-12-31.xsd#c-ross_LiquidityRiskProjectOnCashFlowsCashFlowsFromInForceBusinessOnReportingDateBonusesPayment" xlink:label="LiquidityRiskProjectOnCashFlowsCashFlowsFromInForceBusinessOnReportingDateBonusesPayment" xlink:title="LiquidityRiskProjectOnCashFlowsCashFlowsFromInForceBusinessOnReportingDateBonusesPayment"/>
    <link:presentationArc xlink:type="arc" xlink:arcrole="http://www.xbrl.org/2003/arcrole/parent-child" xlink:from="LiquidityRiskProjectOnCashFlowsCashFlowsFromInForceBusinessOnReportingDate" xlink:to="LiquidityRiskProjectOnCashFlowsCashFlowsFromInForceBusinessOnReportingDateBonusesPayment" xlink:title="presentation: LiquidityRiskProjectOnCashFlowsCashFlowsFromInForceBusinessOnReportingDate to LiquidityRiskProjectOnCashFlowsCashFlowsFromInForceBusinessOnReportingDateBonusesPayment" use="optional" order="40.0" preferredLabel="http://www.xbrl.org/2003/role/terseLabel"/>
    <link:loc xlink:type="locator" xlink:href="../../c-ross_core_2015-12-31.xsd#c-ross_LiquidityRiskProjectOnCashFlowsCashFlowsFromInForceBusinessOnReportingDateDividendsPayment" xlink:label="LiquidityRiskProjectOnCashFlowsCashFlowsFromInForceBusinessOnReportingDateDividendsPayment" xlink:title="LiquidityRiskProjectOnCashFlowsCashFlowsFromInForceBusinessOnReportingDateDividendsPayment"/>
    <link:presentationArc xlink:type="arc" xlink:arcrole="http://www.xbrl.org/2003/arcrole/parent-child" xlink:from="LiquidityRiskProjectOnCashFlowsCashFlowsFromInForceBusinessOnReportingDate" xlink:to="LiquidityRiskProjectOnCashFlowsCashFlowsFromInForceBusinessOnReportingDateDividendsPayment" xlink:title="presentation: LiquidityRiskProjectOnCashFlowsCashFlowsFromInForceBusinessOnReportingDate to LiquidityRiskProjectOnCashFlowsCashFlowsFromInForceBusinessOnReportingDateDividendsPayment" use="optional" order="50.0" preferredLabel="http://www.xbrl.org/2003/role/terseLabel"/>
    <link:loc xlink:type="locator" xlink:href="../../c-ross_core_2015-12-31.xsd#c-ross_LiquidityRiskProjectOnCashFlowsCashFlowsFromInForceBusinessOnReportingDateExpenses" xlink:label="LiquidityRiskProjectOnCashFlowsCashFlowsFromInForceBusinessOnReportingDateExpenses" xlink:title="LiquidityRiskProjectOnCashFlowsCashFlowsFromInForceBusinessOnReportingDateExpenses"/>
    <link:presentationArc xlink:type="arc" xlink:arcrole="http://www.xbrl.org/2003/arcrole/parent-child" xlink:from="LiquidityRiskProjectOnCashFlowsCashFlowsFromInForceBusinessOnReportingDate" xlink:to="LiquidityRiskProjectOnCashFlowsCashFlowsFromInForceBusinessOnReportingDateExpenses" xlink:title="presentation: LiquidityRiskProjectOnCashFlowsCashFlowsFromInForceBusinessOnReportingDate to LiquidityRiskProjectOnCashFlowsCashFlowsFromInForceBusinessOnReportingDateExpenses" use="optional" order="60.0" preferredLabel="http://www.xbrl.org/2003/role/terseLabel"/>
    <link:loc xlink:type="locator" xlink:href="../../c-ross_core_2015-12-31.xsd#c-ross_LiquidityRiskProjectOnCashFlowsCashFlowsFromInForceBusinessOnReportingDateBusinessAndAdministrativeExpenses" xlink:label="LiquidityRiskProjectOnCashFlowsCashFlowsFromInForceBusinessOnReportingDateBusinessAndAdministrativeExpenses" xlink:title="LiquidityRiskProjectOnCashFlowsCashFlowsFromInForceBusinessOnReportingDateBusinessAndAdministrativeExpenses"/>
    <link:presentationArc xlink:type="arc" xlink:arcrole="http://www.xbrl.org/2003/arcrole/parent-child" xlink:from="LiquidityRiskProjectOnCashFlowsCashFlowsFromInForceBusinessOnReportingDateExpenses" xlink:to="LiquidityRiskProjectOnCashFlowsCashFlowsFromInForceBusinessOnReportingDateBusinessAndAdministrativeExpenses" xlink:title="presentation: LiquidityRiskProjectOnCashFlowsCashFlowsFromInForceBusinessOnReportingDateExpenses to LiquidityRiskProjectOnCashFlowsCashFlowsFromInForceBusinessOnReportingDateBusinessAndAdministrativeExpenses" use="optional" order="10.0" preferredLabel="http://www.xbrl.org/2003/role/terseLabel"/>
    <link:loc xlink:type="locator" xlink:href="../../c-ross_core_2015-12-31.xsd#c-ross_LiquidityRiskProjectOnCashFlowsCashFlowsFromInForceBusinessOnReportingDateCommissions" xlink:label="LiquidityRiskProjectOnCashFlowsCashFlowsFromInForceBusinessOnReportingDateCommissions" xlink:title="LiquidityRiskProjectOnCashFlowsCashFlowsFromInForceBusinessOnReportingDateCommissions"/>
    <link:presentationArc xlink:type="arc" xlink:arcrole="http://www.xbrl.org/2003/arcrole/parent-child" xlink:from="LiquidityRiskProjectOnCashFlowsCashFlowsFromInForceBusinessOnReportingDateExpenses" xlink:to="LiquidityRiskProjectOnCashFlowsCashFlowsFromInForceBusinessOnReportingDateCommissions" xlink:title="presentation: LiquidityRiskProjectOnCashFlowsCashFlowsFromInForceBusinessOnReportingDateExpenses to LiquidityRiskProjectOnCashFlowsCashFlowsFromInForceBusinessOnReportingDateCommissions" use="optional" order="20.0" preferredLabel="http://www.xbrl.org/2003/role/terseLabel"/>
    <link:loc xlink:type="locator" xlink:href="../../c-ross_core_2015-12-31.xsd#c-ross_LiquidityRiskProjectOnCashFlowsCashFlowsFromInForceBusinessOnReportingDateReinsuranceNetExpensesPayments" xlink:label="LiquidityRiskProjectOnCashFlowsCashFlowsFromInForceBusinessOnReportingDateReinsuranceNetExpensesPayments" xlink:title="LiquidityRiskProjectOnCashFlowsCashFlowsFromInForceBusinessOnReportingDateReinsuranceNetExpensesPayments"/>
    <link:presentationArc xlink:type="arc" xlink:arcrole="http://www.xbrl.org/2003/arcrole/parent-child" xlink:from="LiquidityRiskProjectOnCashFlowsCashFlowsFromInForceBusinessOnReportingDate" xlink:to="LiquidityRiskProjectOnCashFlowsCashFlowsFromInForceBusinessOnReportingDateReinsuranceNetExpensesPayments" xlink:title="presentation: LiquidityRiskProjectOnCashFlowsCashFlowsFromInForceBusinessOnReportingDate to LiquidityRiskProjectOnCashFlowsCashFlowsFromInForceBusinessOnReportingDateReinsuranceNetExpensesPayments" use="optional" order="70.0" preferredLabel="http://www.xbrl.org/2003/role/terseLabel"/>
    <link:loc xlink:type="locator" xlink:href="../../c-ross_core_2015-12-31.xsd#c-ross_LiquidityRiskProjectOnCashFlowsCashFlowsFromNewBusinessDuringTestPeriod" xlink:label="LiquidityRiskProjectOnCashFlowsCashFlowsFromNewBusinessDuringTestPeriod" xlink:title="LiquidityRiskProjectOnCashFlowsCashFlowsFromNewBusinessDuringTestPeriod"/>
    <link:presentationArc xlink:type="arc" xlink:arcrole="http://www.xbrl.org/2003/arcrole/parent-child" xlink:from="LiquidityRiskProjectOnCashFlowsCashFlowsFromBusiness" xlink:to="LiquidityRiskProjectOnCashFlowsCashFlowsFromNewBusinessDuringTestPeriod" xlink:title="presentation: LiquidityRiskProjectOnCashFlowsCashFlowsFromBusiness to LiquidityRiskProjectOnCashFlowsCashFlowsFromNewBusinessDuringTestPeriod" use="optional" order="20.0" preferredLabel="http://www.xbrl.org/2003/role/terseLabel"/>
    <link:loc xlink:type="locator" xlink:href="../../c-ross_core_2015-12-31.xsd#c-ross_LiquidityRiskProjectOnCashFlowsCashFlowsFromNewBusinessDuringTestPeriodPremiumIncome" xlink:label="LiquidityRiskProjectOnCashFlowsCashFlowsFromNewBusinessDuringTestPeriodPremiumIncome" xlink:title="LiquidityRiskProjectOnCashFlowsCashFlowsFromNewBusinessDuringTestPeriodPremiumIncome"/>
    <link:presentationArc xlink:type="arc" xlink:arcrole="http://www.xbrl.org/2003/arcrole/parent-child" xlink:from="LiquidityRiskProjectOnCashFlowsCashFlowsFromNewBusinessDuringTestPeriod" xlink:to="LiquidityRiskProjectOnCashFlowsCashFlowsFromNewBusinessDuringTestPeriodPremiumIncome" xlink:title="presentation: LiquidityRiskProjectOnCashFlowsCashFlowsFromNewBusinessDuringTestPeriod to LiquidityRiskProjectOnCashFlowsCashFlowsFromNewBusinessDuringTestPeriodPremiumIncome" use="optional" order="10.0" preferredLabel="http://www.xbrl.org/2003/role/terseLabel"/>
    <link:loc xlink:type="locator" xlink:href="../../c-ross_core_2015-12-31.xsd#c-ross_LiquidityRiskProjectOnCashFlowsCashFlowsFromNewBusinessDuringTestPeriodBenefitPayments" xlink:label="LiquidityRiskProjectOnCashFlowsCashFlowsFromNewBusinessDuringTestPeriodBenefitPayments" xlink:title="LiquidityRiskProjectOnCashFlowsCashFlowsFromNewBusinessDuringTestPeriodBenefitPayments"/>
    <link:presentationArc xlink:type="arc" xlink:arcrole="http://www.xbrl.org/2003/arcrole/parent-child" xlink:from="LiquidityRiskProjectOnCashFlowsCashFlowsFromNewBusinessDuringTestPeriod" xlink:to="LiquidityRiskProjectOnCashFlowsCashFlowsFromNewBusinessDuringTestPeriodBenefitPayments" xlink:title="presentation: LiquidityRiskProjectOnCashFlowsCashFlowsFromNewBusinessDuringTestPeriod to LiquidityRiskProjectOnCashFlowsCashFlowsFromNewBusinessDuringTestPeriodBenefitPayments" use="optional" order="20.0" preferredLabel="http://www.xbrl.org/2003/role/terseLabel"/>
    <link:loc xlink:type="locator" xlink:href="../../c-ross_core_2015-12-31.xsd#c-ross_LiquidityRiskProjectOnCashFlowsCashFlowsFromNewBusinessDuringTestPeriodMaturityBenefitPayment" xlink:label="LiquidityRiskProjectOnCashFlowsCashFlowsFromNewBusinessDuringTestPeriodMaturityBenefitPayment" xlink:title="LiquidityRiskProjectOnCashFlowsCashFlowsFromNewBusinessDuringTestPeriodMaturityBenefitPayment"/>
    <link:presentationArc xlink:type="arc" xlink:arcrole="http://www.xbrl.org/2003/arcrole/parent-child" xlink:from="LiquidityRiskProjectOnCashFlowsCashFlowsFromNewBusinessDuringTestPeriodBenefitPayments" xlink:to="LiquidityRiskProjectOnCashFlowsCashFlowsFromNewBusinessDuringTestPeriodMaturityBenefitPayment" xlink:title="presentation: LiquidityRiskProjectOnCashFlowsCashFlowsFromNewBusinessDuringTestPeriodBenefitPayments to LiquidityRiskProjectOnCashFlowsCashFlowsFromNewBusinessDuringTestPeriodMaturityBenefitPayment" use="optional" order="10.0" preferredLabel="http://www.xbrl.org/2003/role/terseLabel"/>
    <link:loc xlink:type="locator" xlink:href="../../c-ross_core_2015-12-31.xsd#c-ross_LiquidityRiskProjectOnCashFlowsCashFlowsFromNewBusinessDuringTestPeriodSurrenderPayment" xlink:label="LiquidityRiskProjectOnCashFlowsCashFlowsFromNewBusinessDuringTestPeriodSurrenderPayment" xlink:title="LiquidityRiskProjectOnCashFlowsCashFlowsFromNewBusinessDuringTestPeriodSurrenderPayment"/>
    <link:presentationArc xlink:type="arc" xlink:arcrole="http://www.xbrl.org/2003/arcrole/parent-child" xlink:from="LiquidityRiskProjectOnCashFlowsCashFlowsFromNewBusinessDuringTestPeriod" xlink:to="LiquidityRiskProjectOnCashFlowsCashFlowsFromNewBusinessDuringTestPeriodSurrenderPayment" xlink:title="presentation: LiquidityRiskProjectOnCashFlowsCashFlowsFromNewBusinessDuringTestPeriod to LiquidityRiskProjectOnCashFlowsCashFlowsFromNewBusinessDuringTestPeriodSurrenderPayment" use="optional" order="30.0" preferredLabel="http://www.xbrl.org/2003/role/terseLabel"/>
    <link:loc xlink:type="locator" xlink:href="../../c-ross_core_2015-12-31.xsd#c-ross_LiquidityRiskProjectOnCashFlowsCashFlowsFromNewBusinessDuringTestPeriodBonusesPayment" xlink:label="LiquidityRiskProjectOnCashFlowsCashFlowsFromNewBusinessDuringTestPeriodBonusesPayment" xlink:title="LiquidityRiskProjectOnCashFlowsCashFlowsFromNewBusinessDuringTestPeriodBonusesPayment"/>
    <link:presentationArc xlink:type="arc" xlink:arcrole="http://www.xbrl.org/2003/arcrole/parent-child" xlink:from="LiquidityRiskProjectOnCashFlowsCashFlowsFromNewBusinessDuringTestPeriod" xlink:to="LiquidityRiskProjectOnCashFlowsCashFlowsFromNewBusinessDuringTestPeriodBonusesPayment" xlink:title="presentation: LiquidityRiskProjectOnCashFlowsCashFlowsFromNewBusinessDuringTestPeriod to LiquidityRiskProjectOnCashFlowsCashFlowsFromNewBusinessDuringTestPeriodBonusesPayment" use="optional" order="40.0" preferredLabel="http://www.xbrl.org/2003/role/terseLabel"/>
    <link:loc xlink:type="locator" xlink:href="../../c-ross_core_2015-12-31.xsd#c-ross_LiquidityRiskProjectOnCashFlowsCashFlowsFromNewBusinessDuringTestPeriodDividendsPayment" xlink:label="LiquidityRiskProjectOnCashFlowsCashFlowsFromNewBusinessDuringTestPeriodDividendsPayment" xlink:title="LiquidityRiskProjectOnCashFlowsCashFlowsFromNewBusinessDuringTestPeriodDividendsPayment"/>
    <link:presentationArc xlink:type="arc" xlink:arcrole="http://www.xbrl.org/2003/arcrole/parent-child" xlink:from="LiquidityRiskProjectOnCashFlowsCashFlowsFromNewBusinessDuringTestPeriod" xlink:to="LiquidityRiskProjectOnCashFlowsCashFlowsFromNewBusinessDuringTestPeriodDividendsPayment" xlink:title="presentation: LiquidityRiskProjectOnCashFlowsCashFlowsFromNewBusinessDuringTestPeriod to LiquidityRiskProjectOnCashFlowsCashFlowsFromNewBusinessDuringTestPeriodDividendsPayment" use="optional" order="50.0" preferredLabel="http://www.xbrl.org/2003/role/terseLabel"/>
    <link:loc xlink:type="locator" xlink:href="../../c-ross_core_2015-12-31.xsd#c-ross_LiquidityRiskProjectOnCashFlowsCashFlowsFromNewBusinessDuringTestPeriodExpenses" xlink:label="LiquidityRiskProjectOnCashFlowsCashFlowsFromNewBusinessDuringTestPeriodExpenses" xlink:title="LiquidityRiskProjectOnCashFlowsCashFlowsFromNewBusinessDuringTestPeriodExpenses"/>
    <link:presentationArc xlink:type="arc" xlink:arcrole="http://www.xbrl.org/2003/arcrole/parent-child" xlink:from="LiquidityRiskProjectOnCashFlowsCashFlowsFromNewBusinessDuringTestPeriod" xlink:to="LiquidityRiskProjectOnCashFlowsCashFlowsFromNewBusinessDuringTestPeriodExpenses" xlink:title="presentation: LiquidityRiskProjectOnCashFlowsCashFlowsFromNewBusinessDuringTestPeriod to LiquidityRiskProjectOnCashFlowsCashFlowsFromNewBusinessDuringTestPeriodExpenses" use="optional" order="60.0" preferredLabel="http://www.xbrl.org/2003/role/terseLabel"/>
    <link:loc xlink:type="locator" xlink:href="../../c-ross_core_2015-12-31.xsd#c-ross_LiquidityRiskProjectOnCashFlowsCashFlowsFromNewBusinessDuringTestPeriodBusinessAndAdministrativeExpenses" xlink:label="LiquidityRiskProjectOnCashFlowsCashFlowsFromNewBusinessDuringTestPeriodBusinessAndAdministrativeExpenses" xlink:title="LiquidityRiskProjectOnCashFlowsCashFlowsFromNewBusinessDuringTestPeriodBusinessAndAdministrativeExpenses"/>
    <link:presentationArc xlink:type="arc" xlink:arcrole="http://www.xbrl.org/2003/arcrole/parent-child" xlink:from="LiquidityRiskProjectOnCashFlowsCashFlowsFromNewBusinessDuringTestPeriodExpenses" xlink:to="LiquidityRiskProjectOnCashFlowsCashFlowsFromNewBusinessDuringTestPeriodBusinessAndAdministrativeExpenses" xlink:title="presentation: LiquidityRiskProjectOnCashFlowsCashFlowsFromNewBusinessDuringTestPeriodExpenses to LiquidityRiskProjectOnCashFlowsCashFlowsFromNewBusinessDuringTestPeriodBusinessAndAdministrativeExpenses" use="optional" order="10.0" preferredLabel="http://www.xbrl.org/2003/role/terseLabel"/>
    <link:loc xlink:type="locator" xlink:href="../../c-ross_core_2015-12-31.xsd#c-ross_LiquidityRiskProjectOnCashFlowsCashFlowsFromNewBusinessDuringTestPeriodCommissions" xlink:label="LiquidityRiskProjectOnCashFlowsCashFlowsFromNewBusinessDuringTestPeriodCommissions" xlink:title="LiquidityRiskProjectOnCashFlowsCashFlowsFromNewBusinessDuringTestPeriodCommissions"/>
    <link:presentationArc xlink:type="arc" xlink:arcrole="http://www.xbrl.org/2003/arcrole/parent-child" xlink:from="LiquidityRiskProjectOnCashFlowsCashFlowsFromNewBusinessDuringTestPeriodExpenses" xlink:to="LiquidityRiskProjectOnCashFlowsCashFlowsFromNewBusinessDuringTestPeriodCommissions" xlink:title="presentation: LiquidityRiskProjectOnCashFlowsCashFlowsFromNewBusinessDuringTestPeriodExpenses to LiquidityRiskProjectOnCashFlowsCashFlowsFromNewBusinessDuringTestPeriodCommissions" use="optional" order="20.0" preferredLabel="http://www.xbrl.org/2003/role/terseLabel"/>
    <link:loc xlink:type="locator" xlink:href="../../c-ross_core_2015-12-31.xsd#c-ross_LiquidityRiskProjectOnCashFlowsCashFlowsFromNewBusinessDuringTestPeriodReinsuranceNetExpensesPayments" xlink:label="LiquidityRiskProjectOnCashFlowsCashFlowsFromNewBusinessDuringTestPeriodReinsuranceNetExpensesPayments" xlink:title="LiquidityRiskProjectOnCashFlowsCashFlowsFromNewBusinessDuringTestPeriodReinsuranceNetExpensesPayments"/>
    <link:presentationArc xlink:type="arc" xlink:arcrole="http://www.xbrl.org/2003/arcrole/parent-child" xlink:from="LiquidityRiskProjectOnCashFlowsCashFlowsFromNewBusinessDuringTestPeriod" xlink:to="LiquidityRiskProjectOnCashFlowsCashFlowsFromNewBusinessDuringTestPeriodReinsuranceNetExpensesPayments" xlink:title="presentation: LiquidityRiskProjectOnCashFlowsCashFlowsFromNewBusinessDuringTestPeriod to LiquidityRiskProjectOnCashFlowsCashFlowsFromNewBusinessDuringTestPeriodReinsuranceNetExpensesPayments" use="optional" order="70.0" preferredLabel="http://www.xbrl.org/2003/role/terseLabel"/>
    <link:loc xlink:type="locator" xlink:href="../../c-ross_core_2015-12-31.xsd#c-ross_LiquidityRiskProjectOnCashFlowsOtherCashFlowsFromBusiness" xlink:label="LiquidityRiskProjectOnCashFlowsOtherCashFlowsFromBusiness" xlink:title="LiquidityRiskProjectOnCashFlowsOtherCashFlowsFromBusiness"/>
    <link:presentationArc xlink:type="arc" xlink:arcrole="http://www.xbrl.org/2003/arcrole/parent-child" xlink:from="LiquidityRiskProjectOnCashFlowsCashFlowsFromBusiness" xlink:to="LiquidityRiskProjectOnCashFlowsOtherCashFlowsFromBusiness" xlink:title="presentation: LiquidityRiskProjectOnCashFlowsCashFlowsFromBusiness to LiquidityRiskProjectOnCashFlowsOtherCashFlowsFromBusiness" use="optional" order="30.0" preferredLabel="http://www.xbrl.org/2003/role/terseLabel"/>
    <link:loc xlink:type="locator" xlink:href="../../c-ross_core_2015-12-31.xsd#c-ross_LiquidityRiskProjectOnCashFlowsCashFlowsFromAssets" xlink:label="LiquidityRiskProjectOnCashFlowsCashFlowsFromAssets" xlink:title="LiquidityRiskProjectOnCashFlowsCashFlowsFromAssets"/>
    <link:loc xlink:type="locator" xlink:href="../../c-ross_core_2015-12-31.xsd#c-ross_LiquidityRiskProjectOnCashFlowsInterestIncome" xlink:label="LiquidityRiskProjectOnCashFlowsInterestIncome" xlink:title="LiquidityRiskProjectOnCashFlowsInterestIncome"/>
    <link:presentationArc xlink:type="arc" xlink:arcrole="http://www.xbrl.org/2003/arcrole/parent-child" xlink:from="LiquidityRiskProjectOnCashFlowsCashFlowsFromAssets" xlink:to="LiquidityRiskProjectOnCashFlowsInterestIncome" xlink:title="presentation: LiquidityRiskProjectOnCashFlowsCashFlowsFromAssets to LiquidityRiskProjectOnCashFlowsInterestIncome" use="optional" order="10.0" preferredLabel="http://www.xbrl.org/2003/role/terseLabel"/>
    <link:loc xlink:type="locator" xlink:href="../../c-ross_core_2015-12-31.xsd#c-ross_LiquidityRiskProjectOnCashFlowsBonusIncome" xlink:label="LiquidityRiskProjectOnCashFlowsBonusIncome" xlink:title="LiquidityRiskProjectOnCashFlowsBonusIncome"/>
    <link:presentationArc xlink:type="arc" xlink:arcrole="http://www.xbrl.org/2003/arcrole/parent-child" xlink:from="LiquidityRiskProjectOnCashFlowsCashFlowsFromAssets" xlink:to="LiquidityRiskProjectOnCashFlowsBonusIncome" xlink:title="presentation: LiquidityRiskProjectOnCashFlowsCashFlowsFromAssets to LiquidityRiskProjectOnCashFlowsBonusIncome" use="optional" order="20.0" preferredLabel="http://www.xbrl.org/2003/role/terseLabel"/>
    <link:loc xlink:type="locator" xlink:href="../../c-ross_core_2015-12-31.xsd#c-ross_LiquidityRiskProjectOnCashFlowsAssetsMaturity" xlink:label="LiquidityRiskProjectOnCashFlowsAssetsMaturity" xlink:title="LiquidityRiskProjectOnCashFlowsAssetsMaturity"/>
    <link:presentationArc xlink:type="arc" xlink:arcrole="http://www.xbrl.org/2003/arcrole/parent-child" xlink:from="LiquidityRiskProjectOnCashFlowsCashFlowsFromAssets" xlink:to="LiquidityRiskProjectOnCashFlowsAssetsMaturity" xlink:title="presentation: LiquidityRiskProjectOnCashFlowsCashFlowsFromAssets to LiquidityRiskProjectOnCashFlowsAssetsMaturity" use="optional" order="30.0" preferredLabel="http://www.xbrl.org/2003/role/terseLabel"/>
    <link:loc xlink:type="locator" xlink:href="../../c-ross_core_2015-12-31.xsd#c-ross_LiquidityRiskProjectOnCashFlowsSoldAssets" xlink:label="LiquidityRiskProjectOnCashFlowsSoldAssets" xlink:title="LiquidityRiskProjectOnCashFlowsSoldAssets"/>
    <link:presentationArc xlink:type="arc" xlink:arcrole="http://www.xbrl.org/2003/arcrole/parent-child" xlink:from="LiquidityRiskProjectOnCashFlowsCashFlowsFromAssets" xlink:to="LiquidityRiskProjectOnCashFlowsSoldAssets" xlink:title="presentation: LiquidityRiskProjectOnCashFlowsCashFlowsFromAssets to LiquidityRiskProjectOnCashFlowsSoldAssets" use="optional" order="40.0" preferredLabel="http://www.xbrl.org/2003/role/terseLabel"/>
    <link:loc xlink:type="locator" xlink:href="../../c-ross_core_2015-12-31.xsd#c-ross_LiquidityRiskProjectOnCashFlowsOtherCashFlowsFromAssets" xlink:label="LiquidityRiskProjectOnCashFlowsOtherCashFlowsFromAssets" xlink:title="LiquidityRiskProjectOnCashFlowsOtherCashFlowsFromAssets"/>
    <link:presentationArc xlink:type="arc" xlink:arcrole="http://www.xbrl.org/2003/arcrole/parent-child" xlink:from="LiquidityRiskProjectOnCashFlowsCashFlowsFromAssets" xlink:to="LiquidityRiskProjectOnCashFlowsOtherCashFlowsFromAssets" xlink:title="presentation: LiquidityRiskProjectOnCashFlowsCashFlowsFromAssets to LiquidityRiskProjectOnCashFlowsOtherCashFlowsFromAssets" use="optional" order="50.0" preferredLabel="http://www.xbrl.org/2003/role/terseLabel"/>
    <link:loc xlink:type="locator" xlink:href="../../c-ross_core_2015-12-31.xsd#c-ross_LiquidityRiskProjectOnCashFlowsCashFlowsFromFinancing" xlink:label="LiquidityRiskProjectOnCashFlowsCashFlowsFromFinancing" xlink:title="LiquidityRiskProjectOnCashFlowsCashFlowsFromFinancing"/>
    <link:loc xlink:type="locator" xlink:href="../../c-ross_core_2015-12-31.xsd#c-ross_LiquidityRiskProjectOnCashFlowsCashInflowsFromFinancing" xlink:label="LiquidityRiskProjectOnCashFlowsCashInflowsFromFinancing" xlink:title="LiquidityRiskProjectOnCashFlowsCashInflowsFromFinancing"/>
    <link:presentationArc xlink:type="arc" xlink:arcrole="http://www.xbrl.org/2003/arcrole/parent-child" xlink:from="LiquidityRiskProjectOnCashFlowsCashFlowsFromFinancing" xlink:to="LiquidityRiskProjectOnCashFlowsCashInflowsFromFinancing" xlink:title="presentation: LiquidityRiskProjectOnCashFlowsCashFlowsFromFinancing to LiquidityRiskProjectOnCashFlowsCashInflowsFromFinancing" use="optional" order="10.0" preferredLabel="http://www.xbrl.org/2003/role/terseLabel"/>
    <link:loc xlink:type="locator" xlink:href="../../c-ross_core_2015-12-31.xsd#c-ross_LiquidityRiskProjectOnCashFlowsShareholdersCapitalIncrease" xlink:label="LiquidityRiskProjectOnCashFlowsShareholdersCapitalIncrease" xlink:title="LiquidityRiskProjectOnCashFlowsShareholdersCapitalIncrease"/>
    <link:presentationArc xlink:type="arc" xlink:arcrole="http://www.xbrl.org/2003/arcrole/parent-child" xlink:from="LiquidityRiskProjectOnCashFlowsCashInflowsFromFinancing" xlink:to="LiquidityRiskProjectOnCashFlowsShareholdersCapitalIncrease" xlink:title="presentation: LiquidityRiskProjectOnCashFlowsCashInflowsFromFinancing to LiquidityRiskProjectOnCashFlowsShareholdersCapitalIncrease" use="optional" order="10.0" preferredLabel="http://www.xbrl.org/2003/role/terseLabel"/>
    <link:loc xlink:type="locator" xlink:href="../../c-ross_core_2015-12-31.xsd#c-ross_LiquidityRiskProjectOnCashFlowsSubordinatedDebts" xlink:label="LiquidityRiskProjectOnCashFlowsSubordinatedDebts" xlink:title="LiquidityRiskProjectOnCashFlowsSubordinatedDebts"/>
    <link:presentationArc xlink:type="arc" xlink:arcrole="http://www.xbrl.org/2003/arcrole/parent-child" xlink:from="LiquidityRiskProjectOnCashFlowsCashInflowsFromFinancing" xlink:to="LiquidityRiskProjectOnCashFlowsSubordinatedDebts" xlink:title="presentation: LiquidityRiskProjectOnCashFlowsCashInflowsFromFinancing to LiquidityRiskProjectOnCashFlowsSubordinatedDebts" use="optional" order="20.0" preferredLabel="http://www.xbrl.org/2003/role/terseLabel"/>
    <link:loc xlink:type="locator" xlink:href="../../c-ross_core_2015-12-31.xsd#c-ross_LiquidityRiskProjectOnCashFlowsFinancialAssetsRepurchase" xlink:label="LiquidityRiskProjectOnCashFlowsFinancialAssetsRepurchase" xlink:title="LiquidityRiskProjectOnCashFlowsFinancialAssetsRepurchase"/>
    <link:presentationArc xlink:type="arc" xlink:arcrole="http://www.xbrl.org/2003/arcrole/parent-child" xlink:from="LiquidityRiskProjectOnCashFlowsCashInflowsFromFinancing" xlink:to="LiquidityRiskProjectOnCashFlowsFinancialAssetsRepurchase" xlink:title="presentation: LiquidityRiskProjectOnCashFlowsCashInflowsFromFinancing to LiquidityRiskProjectOnCashFlowsFinancialAssetsRepurchase" use="optional" order="30.0" preferredLabel="http://www.xbrl.org/2003/role/terseLabel"/>
    <link:presentationArc xlink:type="arc" xlink:arcrole="http://www.xbrl.org/2003/arcrole/parent-child" xlink:from="LiquidityRiskProjectOnCashFlowsCashFlowsFromFinancing" xlink:to="LiquidityRiskProjectOnCashFlowsCashOutflowsFromFinancingActivities" xlink:title="presentation: LiquidityRiskProjectOnCashFlowsCashFlowsFromFinancing to LiquidityRiskProjectOnCashFlowsCashOutflowsFromFinancingActivities" use="optional" order="20.0" preferredLabel="http://www.xbrl.org/2003/role/terseLabel"/>
    <link:loc xlink:type="locator" xlink:href="../../c-ross_core_2015-12-31.xsd#c-ross_CashFlowTestUnderStressScenariosForLifeInsuranceCompaniesAbstract" xlink:label="CashFlowTestUnderStressScenariosForLifeInsuranceCompaniesAbstract" xlink:title="CashFlowTestUnderStressScenariosForLifeInsuranceCompaniesAbstract"/>
    <link:loc xlink:type="locator" xlink:href="../../c-ross_core_2015-12-31.xsd#c-ross_CashFlowTestUnderStressScenariosForLifeInsuranceCompaniesTable" xlink:label="CashFlowTestUnderStressScenariosForLifeInsuranceCompaniesTable" xlink:title="CashFlowTestUnderStressScenariosForLifeInsuranceCompaniesTable"/>
    <link:presentationArc xlink:type="arc" xlink:arcrole="http://www.xbrl.org/2003/arcrole/parent-child" xlink:from="CashFlowTestUnderStressScenariosForLifeInsuranceCompaniesAbstract" xlink:to="CashFlowTestUnderStressScenariosForLifeInsuranceCompaniesTable" xlink:title="presentation: CashFlowTestUnderStressScenariosForLifeInsuranceCompaniesAbstract to CashFlowTestUnderStressScenariosForLifeInsuranceCompaniesTable" order="10.0" preferredLabel="http://www.xbrl.org/2003/role/label"/>
    <link:presentationArc xlink:type="arc" xlink:arcrole="http://www.xbrl.org/2003/arcrole/parent-child" xlink:from="CashFlowTestUnderStressScenariosForLifeInsuranceCompaniesTable" xlink:to="CashFlowTestScenarioAxis" xlink:title="presentation: CashFlowTestUnderStressScenariosForLifeInsuranceCompaniesTable to CashFlowTestScenarioAxis" use="optional" order="10.0" preferredLabel="http://www.xbrl.org/2003/role/label"/>
    <link:presentationArc xlink:type="arc" xlink:arcrole="http://www.xbrl.org/2003/arcrole/parent-child" xlink:from="CashFlowTestUnderStressScenariosForLifeInsuranceCompaniesTable" xlink:to="CashFlowTestScopeAxis" xlink:title="presentation: CashFlowTestUnderStressScenariosForLifeInsuranceCompaniesTable to CashFlowTestScopeAxis" use="optional" order="20.0" preferredLabel="http://www.xbrl.org/2003/role/label"/>
    <link:presentationArc xlink:type="arc" xlink:arcrole="http://www.xbrl.org/2003/arcrole/parent-child" xlink:from="CashFlowTestUnderStressScenariosForLifeInsuranceCompaniesTable" xlink:to="CashFlowTestPeriodAxis" xlink:title="presentation: CashFlowTestUnderStressScenariosForLifeInsuranceCompaniesTable to CashFlowTestPeriodAxis" use="optional" order="30.0" preferredLabel="http://www.xbrl.org/2003/role/label"/>
    <link:loc xlink:type="locator" xlink:href="../../c-ross_core_2015-12-31.xsd#c-ross_CashFlowTestUnderStressScenariosForLifeInsuranceCompaniesLineItems" xlink:label="CashFlowTestUnderStressScenariosForLifeInsuranceCompaniesLineItems" xlink:title="CashFlowTestUnderStressScenariosForLifeInsuranceCompaniesLineItems"/>
    <link:presentationArc xlink:type="arc" xlink:arcrole="http://www.xbrl.org/2003/arcrole/parent-child" xlink:from="CashFlowTestUnderStressScenariosForLifeInsuranceCompaniesAbstract" xlink:to="CashFlowTestUnderStressScenariosForLifeInsuranceCompaniesLineItems" xlink:title="presentation: CashFlowTestUnderStressScenariosForLifeInsuranceCompaniesAbstract to CashFlowTestUnderStressScenariosForLifeInsuranceCompaniesLineItems" order="20.0" preferredLabel="http://www.xbrl.org/2003/role/label"/>
    <link:presentationArc xlink:type="arc" xlink:arcrole="http://www.xbrl.org/2003/arcrole/parent-child" xlink:from="CashFlowTestUnderStressScenariosForLifeInsuranceCompaniesLineItems" xlink:to="LiquidityRiskProjectOnCashFlowsCashFlowsFromBusiness" xlink:title="presentation: CashFlowTestUnderStressScenariosForLifeInsuranceCompaniesLineItems to LiquidityRiskProjectOnCashFlowsCashFlowsFromBusiness" use="optional" order="20.0" preferredLabel="http://www.xbrl.org/2003/role/terseLabel"/>
    <link:presentationArc xlink:type="arc" xlink:arcrole="http://www.xbrl.org/2003/arcrole/parent-child" xlink:from="CashFlowTestUnderStressScenariosForLifeInsuranceCompaniesLineItems" xlink:to="LiquidityRiskProjectOnCashFlowsCashFlowsFromAssets" xlink:title="presentation: CashFlowTestUnderStressScenariosForLifeInsuranceCompaniesLineItems to LiquidityRiskProjectOnCashFlowsCashFlowsFromAssets" use="optional" order="30.0" preferredLabel="http://www.xbrl.org/2003/role/terseLabel"/>
    <link:presentationArc xlink:type="arc" xlink:arcrole="http://www.xbrl.org/2003/arcrole/parent-child" xlink:from="CashFlowTestUnderStressScenariosForLifeInsuranceCompaniesLineItems" xlink:to="LiquidityRiskProjectOnCashFlowsCashFlowsFromFinancing" xlink:title="presentation: CashFlowTestUnderStressScenariosForLifeInsuranceCompaniesLineItems to LiquidityRiskProjectOnCashFlowsCashFlowsFromFinancing" use="optional" order="40.0" preferredLabel="http://www.xbrl.org/2003/role/terseLabel"/>
    <link:loc xlink:type="locator" xlink:href="../../c-ross_core_2015-12-31.xsd#c-ross_LiquidityRiskProjectOnCashFlowsNetCashFlows" xlink:label="LiquidityRiskProjectOnCashFlowsNetCashFlows" xlink:title="LiquidityRiskProjectOnCashFlowsNetCashFlows"/>
    <link:presentationArc xlink:type="arc" xlink:arcrole="http://www.xbrl.org/2003/arcrole/parent-child" xlink:from="CashFlowTestUnderStressScenariosForLifeInsuranceCompaniesLineItems" xlink:to="LiquidityRiskProjectOnCashFlowsNetCashFlows" xlink:title="presentation: CashFlowTestUnderStressScenariosForLifeInsuranceCompaniesLineItems to LiquidityRiskProjectOnCashFlowsNetCashFlows" use="optional" order="50.0" preferredLabel="http://www.xbrl.org/2009/role/netLabel"/>
    <link:loc xlink:type="locator" xlink:href="../../c-ross_core_2015-12-31.xsd#c-ross_DescriptionOfStressScenarioForSelfTest" xlink:label="DescriptionOfStressScenarioForSelfTest" xlink:title="DescriptionOfStressScenarioForSelfTest"/>
    <link:presentationArc xlink:type="arc" xlink:arcrole="http://www.xbrl.org/2003/arcrole/parent-child" xlink:from="CashFlowTestUnderStressScenariosForLifeInsuranceCompaniesLineItems" xlink:to="DescriptionOfStressScenarioForSelfTest" xlink:title="presentation: CashFlowTestUnderStressScenariosForLifeInsuranceCompaniesLineItems to DescriptionOfStressScenarioForSelfTest" order="10.0" preferredLabel="http://www.xbrl.org/2003/role/label"/>
  </link:presentationLink>
</link:linkbase>
