<?xml version="1.0" encoding="UTF-8"?>

<!--
	Taxonomy: 2015-12-31 (Final)
	**********************
	Copyright © 2015 China Insurance Regulatory Commission.
	All rights reserved.  No part of this publication may be translated, reprinted or reproduced
	or utilised in any form either in whole or in part without prior permission in writing from China Insurance Regulatory Commission.
	  **********************
	-->
<link:linkbase xmlns:xsi="http://www.w3.org/2001/XMLSchema-instance" xsi:schemaLocation="http://www.xbrl.org/2003/linkbase http://www.xbrl.org/2003/xbrl-linkbase-2003-12-31.xsd" xmlns:c-ross="http://xbrl.circ.gov.cn/taxonomy/2015-12-31/c-ross" xmlns:link="http://www.xbrl.org/2003/linkbase" xmlns:xbrli="http://www.xbrl.org/2003/instance" xmlns:xlink="http://www.w3.org/1999/xlink">
  <link:roleRef roleURI="http://www.xbrl.org/2009/role/netLabel" xlink:type="simple" xlink:href="http://www.xbrl.org/lrr/role/net-2009-12-16.xsd#netLabel"/>
  <link:roleRef roleURI="http://xbrl.circ.gov.cn/role/c-ross_2015-12-31_role-3180312a" xlink:type="simple" xlink:href="rol_c-ross_12_2015-12-31.xsd#c-ross_2015-12-31-3180312a"/>
  <link:roleRef roleURI="http://xbrl.circ.gov.cn/role/c-ross_2015-12-31_role-3180312" xlink:type="simple" xlink:href="rol_c-ross_12_2015-12-31.xsd#c-ross_2015-12-31-3180312"/>
  <link:presentationLink xlink:type="extended" xlink:role="http://xbrl.circ.gov.cn/role/c-ross_2015-12-31_role-3180312">
    <link:loc xlink:type="locator" xlink:href="../../c-ross_core_2015-12-31.xsd#c-ross_CashFlowTestScopeAxis" xlink:label="CashFlowTestScopeAxis" xlink:title="CashFlowTestScopeAxis"/>
    <link:loc xlink:type="locator" xlink:href="../../c-ross_core_2015-12-31.xsd#c-ross_CashFlowTestScopeMember" xlink:label="CashFlowTestScopeMember" xlink:title="CashFlowTestScopeMember"/>
    <link:presentationArc xlink:type="arc" xlink:arcrole="http://www.xbrl.org/2003/arcrole/parent-child" xlink:from="CashFlowTestScopeAxis" xlink:to="CashFlowTestScopeMember" xlink:title="presentation: CashFlowTestScopeAxis to CashFlowTestScopeMember" use="optional" order="10.0" preferredLabel="http://www.xbrl.org/2003/role/label"/>
    <link:loc xlink:type="locator" xlink:href="../../c-ross_core_2015-12-31.xsd#c-ross_OverallBusinessMember" xlink:label="OverallBusinessMember" xlink:title="OverallBusinessMember"/>
    <link:presentationArc xlink:type="arc" xlink:arcrole="http://www.xbrl.org/2003/arcrole/parent-child" xlink:from="CashFlowTestScopeMember" xlink:to="OverallBusinessMember" xlink:title="presentation: CashFlowTestScopeMember to OverallBusinessMember" use="optional" order="10.0" preferredLabel="http://www.xbrl.org/2003/role/label"/>
    <link:loc xlink:type="locator" xlink:href="../../c-ross_core_2015-12-31.xsd#c-ross_TraditionalInsuranceBusinessMember" xlink:label="TraditionalInsuranceBusinessMember" xlink:title="TraditionalInsuranceBusinessMember"/>
    <link:presentationArc xlink:type="arc" xlink:arcrole="http://www.xbrl.org/2003/arcrole/parent-child" xlink:from="CashFlowTestScopeMember" xlink:to="TraditionalInsuranceBusinessMember" xlink:title="presentation: CashFlowTestScopeMember to TraditionalInsuranceBusinessMember" use="optional" order="20.0" preferredLabel="http://www.xbrl.org/2003/role/label"/>
    <link:loc xlink:type="locator" xlink:href="../../c-ross_core_2015-12-31.xsd#c-ross_ParticipatingInsuranceBusinessMember" xlink:label="ParticipatingInsuranceBusinessMember" xlink:title="ParticipatingInsuranceBusinessMember"/>
    <link:presentationArc xlink:type="arc" xlink:arcrole="http://www.xbrl.org/2003/arcrole/parent-child" xlink:from="CashFlowTestScopeMember" xlink:to="ParticipatingInsuranceBusinessMember" xlink:title="presentation: CashFlowTestScopeMember to ParticipatingInsuranceBusinessMember" use="optional" order="30.0" preferredLabel="http://www.xbrl.org/2003/role/label"/>
    <link:loc xlink:type="locator" xlink:href="../../c-ross_core_2015-12-31.xsd#c-ross_UniversalInsuranceBusinessMember" xlink:label="UniversalInsuranceBusinessMember" xlink:title="UniversalInsuranceBusinessMember"/>
    <link:presentationArc xlink:type="arc" xlink:arcrole="http://www.xbrl.org/2003/arcrole/parent-child" xlink:from="CashFlowTestScopeMember" xlink:to="UniversalInsuranceBusinessMember" xlink:title="presentation: CashFlowTestScopeMember to UniversalInsuranceBusinessMember" use="optional" order="40.0" preferredLabel="http://www.xbrl.org/2003/role/label"/>
    <link:loc xlink:type="locator" xlink:href="../../c-ross_core_2015-12-31.xsd#c-ross_UnitLinkedInsuranceBusinessMember" xlink:label="UnitLinkedInsuranceBusinessMember" xlink:title="UnitLinkedInsuranceBusinessMember"/>
    <link:presentationArc xlink:type="arc" xlink:arcrole="http://www.xbrl.org/2003/arcrole/parent-child" xlink:from="CashFlowTestScopeMember" xlink:to="UnitLinkedInsuranceBusinessMember" xlink:title="presentation: CashFlowTestScopeMember to UnitLinkedInsuranceBusinessMember" use="optional" order="50.0" preferredLabel="http://www.xbrl.org/2003/role/label"/>
    <link:loc xlink:type="locator" xlink:href="../../c-ross_core_2015-12-31.xsd#c-ross_CashFlowTestUnderBaseScenarioForLifeInsuranceCompaniesActualCashFlowsAbstract" xlink:label="CashFlowTestUnderBaseScenarioForLifeInsuranceCompaniesActualCashFlowsAbstract" xlink:title="CashFlowTestUnderBaseScenarioForLifeInsuranceCompaniesActualCashFlowsAbstract"/>
    <link:loc xlink:type="locator" xlink:href="../../c-ross_core_2015-12-31.xsd#c-ross_CashFlowTestUnderBaseScenarioForLifeInsuranceCompaniesTable" xlink:label="CashFlowTestUnderBaseScenarioForLifeInsuranceCompaniesTable" xlink:title="CashFlowTestUnderBaseScenarioForLifeInsuranceCompaniesTable"/>
    <link:presentationArc xlink:type="arc" xlink:arcrole="http://www.xbrl.org/2003/arcrole/parent-child" xlink:from="CashFlowTestUnderBaseScenarioForLifeInsuranceCompaniesActualCashFlowsAbstract" xlink:to="CashFlowTestUnderBaseScenarioForLifeInsuranceCompaniesTable" xlink:title="presentation: CashFlowTestUnderBaseScenarioForLifeInsuranceCompaniesActualCashFlowsAbstract to CashFlowTestUnderBaseScenarioForLifeInsuranceCompaniesTable" use="optional" order="10.0" preferredLabel="http://www.xbrl.org/2003/role/label"/>
    <link:presentationArc xlink:type="arc" xlink:arcrole="http://www.xbrl.org/2003/arcrole/parent-child" xlink:from="CashFlowTestUnderBaseScenarioForLifeInsuranceCompaniesTable" xlink:to="CashFlowTestScopeAxis" xlink:title="presentation: CashFlowTestUnderBaseScenarioForLifeInsuranceCompaniesTable to CashFlowTestScopeAxis" use="optional" order="10.0" preferredLabel="http://www.xbrl.org/2003/role/label"/>
    <link:loc xlink:type="locator" xlink:href="../../c-ross_core_2015-12-31.xsd#c-ross_CashFlowTestUnderBaseScenarioForLifeInsuranceCompaniesLineItems" xlink:label="CashFlowTestUnderBaseScenarioForLifeInsuranceCompaniesLineItems" xlink:title="CashFlowTestUnderBaseScenarioForLifeInsuranceCompaniesLineItems"/>
    <link:presentationArc xlink:type="arc" xlink:arcrole="http://www.xbrl.org/2003/arcrole/parent-child" xlink:from="CashFlowTestUnderBaseScenarioForLifeInsuranceCompaniesActualCashFlowsAbstract" xlink:to="CashFlowTestUnderBaseScenarioForLifeInsuranceCompaniesLineItems" xlink:title="presentation: CashFlowTestUnderBaseScenarioForLifeInsuranceCompaniesActualCashFlowsAbstract to CashFlowTestUnderBaseScenarioForLifeInsuranceCompaniesLineItems" use="optional" order="20.0" preferredLabel="http://www.xbrl.org/2003/role/label"/>
    <link:loc xlink:type="locator" xlink:href="../../c-ross_core_2015-12-31.xsd#c-ross_LiquidityRiskActualCashFlowsCashFlowsFromBusiness" xlink:label="LiquidityRiskActualCashFlowsCashFlowsFromBusiness" xlink:title="LiquidityRiskActualCashFlowsCashFlowsFromBusiness"/>
    <link:presentationArc xlink:type="arc" xlink:arcrole="http://www.xbrl.org/2003/arcrole/parent-child" xlink:from="CashFlowTestUnderBaseScenarioForLifeInsuranceCompaniesLineItems" xlink:to="LiquidityRiskActualCashFlowsCashFlowsFromBusiness" xlink:title="presentation: CashFlowTestUnderBaseScenarioForLifeInsuranceCompaniesLineItems to LiquidityRiskActualCashFlowsCashFlowsFromBusiness" order="10.0" preferredLabel="http://www.xbrl.org/2003/role/terseLabel"/>
    <link:loc xlink:type="locator" xlink:href="../../c-ross_core_2015-12-31.xsd#c-ross_LiquidityRiskActualCashFlowsCashFlowsFromInForceBusinessOnReportingDate" xlink:label="LiquidityRiskActualCashFlowsCashFlowsFromInForceBusinessOnReportingDate" xlink:title="LiquidityRiskActualCashFlowsCashFlowsFromInForceBusinessOnReportingDate"/>
    <link:presentationArc xlink:type="arc" xlink:arcrole="http://www.xbrl.org/2003/arcrole/parent-child" xlink:from="LiquidityRiskActualCashFlowsCashFlowsFromBusiness" xlink:to="LiquidityRiskActualCashFlowsCashFlowsFromInForceBusinessOnReportingDate" xlink:title="presentation: LiquidityRiskActualCashFlowsCashFlowsFromBusiness to LiquidityRiskActualCashFlowsCashFlowsFromInForceBusinessOnReportingDate" use="optional" order="10.0" preferredLabel="http://www.xbrl.org/2003/role/terseLabel"/>
    <link:loc xlink:type="locator" xlink:href="../../c-ross_core_2015-12-31.xsd#c-ross_LiquidityRiskActualCashFlowsCashFlowsFromInForceBusinessOnReportingDatePremiumIncome" xlink:label="LiquidityRiskActualCashFlowsCashFlowsFromInForceBusinessOnReportingDatePremiumIncome" xlink:title="LiquidityRiskActualCashFlowsCashFlowsFromInForceBusinessOnReportingDatePremiumIncome"/>
    <link:presentationArc xlink:type="arc" xlink:arcrole="http://www.xbrl.org/2003/arcrole/parent-child" xlink:from="LiquidityRiskActualCashFlowsCashFlowsFromInForceBusinessOnReportingDate" xlink:to="LiquidityRiskActualCashFlowsCashFlowsFromInForceBusinessOnReportingDatePremiumIncome" xlink:title="presentation: LiquidityRiskActualCashFlowsCashFlowsFromInForceBusinessOnReportingDate to LiquidityRiskActualCashFlowsCashFlowsFromInForceBusinessOnReportingDatePremiumIncome" use="optional" order="10.0" preferredLabel="http://www.xbrl.org/2003/role/terseLabel"/>
    <link:loc xlink:type="locator" xlink:href="../../c-ross_core_2015-12-31.xsd#c-ross_LiquidityRiskActualCashFlowsCashFlowsFromInForceBusinessOnReportingDateBenefitPayments" xlink:label="LiquidityRiskActualCashFlowsCashFlowsFromInForceBusinessOnReportingDateBenefitPayments" xlink:title="LiquidityRiskActualCashFlowsCashFlowsFromInForceBusinessOnReportingDateBenefitPayments"/>
    <link:presentationArc xlink:type="arc" xlink:arcrole="http://www.xbrl.org/2003/arcrole/parent-child" xlink:from="LiquidityRiskActualCashFlowsCashFlowsFromInForceBusinessOnReportingDate" xlink:to="LiquidityRiskActualCashFlowsCashFlowsFromInForceBusinessOnReportingDateBenefitPayments" xlink:title="presentation: LiquidityRiskActualCashFlowsCashFlowsFromInForceBusinessOnReportingDate to LiquidityRiskActualCashFlowsCashFlowsFromInForceBusinessOnReportingDateBenefitPayments" use="optional" order="20.0" preferredLabel="http://www.xbrl.org/2003/role/terseLabel"/>
    <link:loc xlink:type="locator" xlink:href="../../c-ross_core_2015-12-31.xsd#c-ross_LiquidityRiskActualCashFlowsCashFlowsFromInForceBusinessOnReportingDateMaturityBenefitPayment" xlink:label="LiquidityRiskActualCashFlowsCashFlowsFromInForceBusinessOnReportingDateMaturityBenefitPayment" xlink:title="LiquidityRiskActualCashFlowsCashFlowsFromInForceBusinessOnReportingDateMaturityBenefitPayment"/>
    <link:presentationArc xlink:type="arc" xlink:arcrole="http://www.xbrl.org/2003/arcrole/parent-child" xlink:from="LiquidityRiskActualCashFlowsCashFlowsFromInForceBusinessOnReportingDateBenefitPayments" xlink:to="LiquidityRiskActualCashFlowsCashFlowsFromInForceBusinessOnReportingDateMaturityBenefitPayment" xlink:title="presentation: LiquidityRiskActualCashFlowsCashFlowsFromInForceBusinessOnReportingDateBenefitPayments to LiquidityRiskActualCashFlowsCashFlowsFromInForceBusinessOnReportingDateMaturityBenefitPayment" use="optional" order="10.0" preferredLabel="http://www.xbrl.org/2003/role/terseLabel"/>
    <link:loc xlink:type="locator" xlink:href="../../c-ross_core_2015-12-31.xsd#c-ross_LiquidityRiskActualCashFlowsCashFlowsFromInForceBusinessOnReportingDateSurrenderPayment" xlink:label="LiquidityRiskActualCashFlowsCashFlowsFromInForceBusinessOnReportingDateSurrenderPayment" xlink:title="LiquidityRiskActualCashFlowsCashFlowsFromInForceBusinessOnReportingDateSurrenderPayment"/>
    <link:presentationArc xlink:type="arc" xlink:arcrole="http://www.xbrl.org/2003/arcrole/parent-child" xlink:from="LiquidityRiskActualCashFlowsCashFlowsFromInForceBusinessOnReportingDate" xlink:to="LiquidityRiskActualCashFlowsCashFlowsFromInForceBusinessOnReportingDateSurrenderPayment" xlink:title="presentation: LiquidityRiskActualCashFlowsCashFlowsFromInForceBusinessOnReportingDate to LiquidityRiskActualCashFlowsCashFlowsFromInForceBusinessOnReportingDateSurrenderPayment" use="optional" order="30.0" preferredLabel="http://www.xbrl.org/2003/role/terseLabel"/>
    <link:loc xlink:type="locator" xlink:href="../../c-ross_core_2015-12-31.xsd#c-ross_LiquidityRiskActualCashFlowsCashFlowsFromInForceBusinessOnReportingDateBonusesPayment" xlink:label="LiquidityRiskActualCashFlowsCashFlowsFromInForceBusinessOnReportingDateBonusesPayment" xlink:title="LiquidityRiskActualCashFlowsCashFlowsFromInForceBusinessOnReportingDateBonusesPayment"/>
    <link:presentationArc xlink:type="arc" xlink:arcrole="http://www.xbrl.org/2003/arcrole/parent-child" xlink:from="LiquidityRiskActualCashFlowsCashFlowsFromInForceBusinessOnReportingDate" xlink:to="LiquidityRiskActualCashFlowsCashFlowsFromInForceBusinessOnReportingDateBonusesPayment" xlink:title="presentation: LiquidityRiskActualCashFlowsCashFlowsFromInForceBusinessOnReportingDate to LiquidityRiskActualCashFlowsCashFlowsFromInForceBusinessOnReportingDateBonusesPayment" use="optional" order="40.0" preferredLabel="http://www.xbrl.org/2003/role/terseLabel"/>
    <link:loc xlink:type="locator" xlink:href="../../c-ross_core_2015-12-31.xsd#c-ross_LiquidityRiskActualCashFlowsCashFlowsFromInForceBusinessOnReportingDateDividendsPayment" xlink:label="LiquidityRiskActualCashFlowsCashFlowsFromInForceBusinessOnReportingDateDividendsPayment" xlink:title="LiquidityRiskActualCashFlowsCashFlowsFromInForceBusinessOnReportingDateDividendsPayment"/>
    <link:presentationArc xlink:type="arc" xlink:arcrole="http://www.xbrl.org/2003/arcrole/parent-child" xlink:from="LiquidityRiskActualCashFlowsCashFlowsFromInForceBusinessOnReportingDate" xlink:to="LiquidityRiskActualCashFlowsCashFlowsFromInForceBusinessOnReportingDateDividendsPayment" xlink:title="presentation: LiquidityRiskActualCashFlowsCashFlowsFromInForceBusinessOnReportingDate to LiquidityRiskActualCashFlowsCashFlowsFromInForceBusinessOnReportingDateDividendsPayment" use="optional" order="50.0" preferredLabel="http://www.xbrl.org/2003/role/terseLabel"/>
    <link:loc xlink:type="locator" xlink:href="../../c-ross_core_2015-12-31.xsd#c-ross_LiquidityRiskActualCashFlowsCashFlowsFromInForceBusinessOnReportingDateExpenses" xlink:label="LiquidityRiskActualCashFlowsCashFlowsFromInForceBusinessOnReportingDateExpenses" xlink:title="LiquidityRiskActualCashFlowsCashFlowsFromInForceBusinessOnReportingDateExpenses"/>
    <link:presentationArc xlink:type="arc" xlink:arcrole="http://www.xbrl.org/2003/arcrole/parent-child" xlink:from="LiquidityRiskActualCashFlowsCashFlowsFromInForceBusinessOnReportingDate" xlink:to="LiquidityRiskActualCashFlowsCashFlowsFromInForceBusinessOnReportingDateExpenses" xlink:title="presentation: LiquidityRiskActualCashFlowsCashFlowsFromInForceBusinessOnReportingDate to LiquidityRiskActualCashFlowsCashFlowsFromInForceBusinessOnReportingDateExpenses" use="optional" order="60.0" preferredLabel="http://www.xbrl.org/2003/role/terseLabel"/>
    <link:loc xlink:type="locator" xlink:href="../../c-ross_core_2015-12-31.xsd#c-ross_LiquidityRiskActualCashFlowsCashFlowsFromInForceBusinessOnReportingDateBusinessAndAdministrativeExpenses" xlink:label="LiquidityRiskActualCashFlowsCashFlowsFromInForceBusinessOnReportingDateBusinessAndAdministrativeExpenses" xlink:title="LiquidityRiskActualCashFlowsCashFlowsFromInForceBusinessOnReportingDateBusinessAndAdministrativeExpenses"/>
    <link:presentationArc xlink:type="arc" xlink:arcrole="http://www.xbrl.org/2003/arcrole/parent-child" xlink:from="LiquidityRiskActualCashFlowsCashFlowsFromInForceBusinessOnReportingDateExpenses" xlink:to="LiquidityRiskActualCashFlowsCashFlowsFromInForceBusinessOnReportingDateBusinessAndAdministrativeExpenses" xlink:title="presentation: LiquidityRiskActualCashFlowsCashFlowsFromInForceBusinessOnReportingDateExpenses to LiquidityRiskActualCashFlowsCashFlowsFromInForceBusinessOnReportingDateBusinessAndAdministrativeExpenses" use="optional" order="10.0" preferredLabel="http://www.xbrl.org/2003/role/terseLabel"/>
    <link:loc xlink:type="locator" xlink:href="../../c-ross_core_2015-12-31.xsd#c-ross_LiquidityRiskActualCashFlowsCashFlowsFromInForceBusinessOnReportingDateCommissions" xlink:label="LiquidityRiskActualCashFlowsCashFlowsFromInForceBusinessOnReportingDateCommissions" xlink:title="LiquidityRiskActualCashFlowsCashFlowsFromInForceBusinessOnReportingDateCommissions"/>
    <link:presentationArc xlink:type="arc" xlink:arcrole="http://www.xbrl.org/2003/arcrole/parent-child" xlink:from="LiquidityRiskActualCashFlowsCashFlowsFromInForceBusinessOnReportingDateExpenses" xlink:to="LiquidityRiskActualCashFlowsCashFlowsFromInForceBusinessOnReportingDateCommissions" xlink:title="presentation: LiquidityRiskActualCashFlowsCashFlowsFromInForceBusinessOnReportingDateExpenses to LiquidityRiskActualCashFlowsCashFlowsFromInForceBusinessOnReportingDateCommissions" use="optional" order="20.0" preferredLabel="http://www.xbrl.org/2003/role/terseLabel"/>
    <link:loc xlink:type="locator" xlink:href="../../c-ross_core_2015-12-31.xsd#c-ross_LiquidityRiskActualCashFlowsCashFlowsFromInForceBusinessOnReportingDateReinsuranceNetExpensesPayments" xlink:label="LiquidityRiskActualCashFlowsCashFlowsFromInForceBusinessOnReportingDateReinsuranceNetExpensesPayments" xlink:title="LiquidityRiskActualCashFlowsCashFlowsFromInForceBusinessOnReportingDateReinsuranceNetExpensesPayments"/>
    <link:presentationArc xlink:type="arc" xlink:arcrole="http://www.xbrl.org/2003/arcrole/parent-child" xlink:from="LiquidityRiskActualCashFlowsCashFlowsFromInForceBusinessOnReportingDate" xlink:to="LiquidityRiskActualCashFlowsCashFlowsFromInForceBusinessOnReportingDateReinsuranceNetExpensesPayments" xlink:title="presentation: LiquidityRiskActualCashFlowsCashFlowsFromInForceBusinessOnReportingDate to LiquidityRiskActualCashFlowsCashFlowsFromInForceBusinessOnReportingDateReinsuranceNetExpensesPayments" use="optional" order="70.0" preferredLabel="http://www.xbrl.org/2003/role/terseLabel"/>
    <link:loc xlink:type="locator" xlink:href="../../c-ross_core_2015-12-31.xsd#c-ross_LiquidityRiskActualCashFlowsCashFlowsFromNewBusinessDuringTestPeriod" xlink:label="LiquidityRiskActualCashFlowsCashFlowsFromNewBusinessDuringTestPeriod" xlink:title="LiquidityRiskActualCashFlowsCashFlowsFromNewBusinessDuringTestPeriod"/>
    <link:presentationArc xlink:type="arc" xlink:arcrole="http://www.xbrl.org/2003/arcrole/parent-child" xlink:from="LiquidityRiskActualCashFlowsCashFlowsFromBusiness" xlink:to="LiquidityRiskActualCashFlowsCashFlowsFromNewBusinessDuringTestPeriod" xlink:title="presentation: LiquidityRiskActualCashFlowsCashFlowsFromBusiness to LiquidityRiskActualCashFlowsCashFlowsFromNewBusinessDuringTestPeriod" use="optional" order="20.0" preferredLabel="http://www.xbrl.org/2003/role/terseLabel"/>
    <link:loc xlink:type="locator" xlink:href="../../c-ross_core_2015-12-31.xsd#c-ross_LiquidityRiskActualCashFlowsCashFlowsFromNewBusinessDuringTestPeriodPremiumIncome" xlink:label="LiquidityRiskActualCashFlowsCashFlowsFromNewBusinessDuringTestPeriodPremiumIncome" xlink:title="LiquidityRiskActualCashFlowsCashFlowsFromNewBusinessDuringTestPeriodPremiumIncome"/>
    <link:presentationArc xlink:type="arc" xlink:arcrole="http://www.xbrl.org/2003/arcrole/parent-child" xlink:from="LiquidityRiskActualCashFlowsCashFlowsFromNewBusinessDuringTestPeriod" xlink:to="LiquidityRiskActualCashFlowsCashFlowsFromNewBusinessDuringTestPeriodPremiumIncome" xlink:title="presentation: LiquidityRiskActualCashFlowsCashFlowsFromNewBusinessDuringTestPeriod to LiquidityRiskActualCashFlowsCashFlowsFromNewBusinessDuringTestPeriodPremiumIncome" use="optional" order="10.0" preferredLabel="http://www.xbrl.org/2003/role/terseLabel"/>
    <link:loc xlink:type="locator" xlink:href="../../c-ross_core_2015-12-31.xsd#c-ross_LiquidityRiskActualCashFlowsCashFlowsFromNewBusinessDuringTestPeriodBenefitPayments" xlink:label="LiquidityRiskActualCashFlowsCashFlowsFromNewBusinessDuringTestPeriodBenefitPayments" xlink:title="LiquidityRiskActualCashFlowsCashFlowsFromNewBusinessDuringTestPeriodBenefitPayments"/>
    <link:presentationArc xlink:type="arc" xlink:arcrole="http://www.xbrl.org/2003/arcrole/parent-child" xlink:from="LiquidityRiskActualCashFlowsCashFlowsFromNewBusinessDuringTestPeriod" xlink:to="LiquidityRiskActualCashFlowsCashFlowsFromNewBusinessDuringTestPeriodBenefitPayments" xlink:title="presentation: LiquidityRiskActualCashFlowsCashFlowsFromNewBusinessDuringTestPeriod to LiquidityRiskActualCashFlowsCashFlowsFromNewBusinessDuringTestPeriodBenefitPayments" use="optional" order="20.0" preferredLabel="http://www.xbrl.org/2003/role/terseLabel"/>
    <link:loc xlink:type="locator" xlink:href="../../c-ross_core_2015-12-31.xsd#c-ross_LiquidityRiskActualCashFlowsCashFlowsFromNewBusinessDuringTestPeriodMaturityBenefitPayment" xlink:label="LiquidityRiskActualCashFlowsCashFlowsFromNewBusinessDuringTestPeriodMaturityBenefitPayment" xlink:title="LiquidityRiskActualCashFlowsCashFlowsFromNewBusinessDuringTestPeriodMaturityBenefitPayment"/>
    <link:presentationArc xlink:type="arc" xlink:arcrole="http://www.xbrl.org/2003/arcrole/parent-child" xlink:from="LiquidityRiskActualCashFlowsCashFlowsFromNewBusinessDuringTestPeriodBenefitPayments" xlink:to="LiquidityRiskActualCashFlowsCashFlowsFromNewBusinessDuringTestPeriodMaturityBenefitPayment" xlink:title="presentation: LiquidityRiskActualCashFlowsCashFlowsFromNewBusinessDuringTestPeriodBenefitPayments to LiquidityRiskActualCashFlowsCashFlowsFromNewBusinessDuringTestPeriodMaturityBenefitPayment" use="optional" order="10.0" preferredLabel="http://www.xbrl.org/2003/role/terseLabel"/>
    <link:loc xlink:type="locator" xlink:href="../../c-ross_core_2015-12-31.xsd#c-ross_LiquidityRiskActualCashFlowsCashFlowsFromNewBusinessDuringTestPeriodSurrenderPayment" xlink:label="LiquidityRiskActualCashFlowsCashFlowsFromNewBusinessDuringTestPeriodSurrenderPayment" xlink:title="LiquidityRiskActualCashFlowsCashFlowsFromNewBusinessDuringTestPeriodSurrenderPayment"/>
    <link:presentationArc xlink:type="arc" xlink:arcrole="http://www.xbrl.org/2003/arcrole/parent-child" xlink:from="LiquidityRiskActualCashFlowsCashFlowsFromNewBusinessDuringTestPeriod" xlink:to="LiquidityRiskActualCashFlowsCashFlowsFromNewBusinessDuringTestPeriodSurrenderPayment" xlink:title="presentation: LiquidityRiskActualCashFlowsCashFlowsFromNewBusinessDuringTestPeriod to LiquidityRiskActualCashFlowsCashFlowsFromNewBusinessDuringTestPeriodSurrenderPayment" use="optional" order="30.0" preferredLabel="http://www.xbrl.org/2003/role/terseLabel"/>
    <link:loc xlink:type="locator" xlink:href="../../c-ross_core_2015-12-31.xsd#c-ross_LiquidityRiskActualCashFlowsCashFlowsFromNewBusinessDuringTestPeriodBonusesPayment" xlink:label="LiquidityRiskActualCashFlowsCashFlowsFromNewBusinessDuringTestPeriodBonusesPayment" xlink:title="LiquidityRiskActualCashFlowsCashFlowsFromNewBusinessDuringTestPeriodBonusesPayment"/>
    <link:presentationArc xlink:type="arc" xlink:arcrole="http://www.xbrl.org/2003/arcrole/parent-child" xlink:from="LiquidityRiskActualCashFlowsCashFlowsFromNewBusinessDuringTestPeriod" xlink:to="LiquidityRiskActualCashFlowsCashFlowsFromNewBusinessDuringTestPeriodBonusesPayment" xlink:title="presentation: LiquidityRiskActualCashFlowsCashFlowsFromNewBusinessDuringTestPeriod to LiquidityRiskActualCashFlowsCashFlowsFromNewBusinessDuringTestPeriodBonusesPayment" use="optional" order="40.0" preferredLabel="http://www.xbrl.org/2003/role/terseLabel"/>
    <link:loc xlink:type="locator" xlink:href="../../c-ross_core_2015-12-31.xsd#c-ross_LiquidityRiskActualCashFlowsCashFlowsFromNewBusinessDuringTestPeriodDividendsPayment" xlink:label="LiquidityRiskActualCashFlowsCashFlowsFromNewBusinessDuringTestPeriodDividendsPayment" xlink:title="LiquidityRiskActualCashFlowsCashFlowsFromNewBusinessDuringTestPeriodDividendsPayment"/>
    <link:presentationArc xlink:type="arc" xlink:arcrole="http://www.xbrl.org/2003/arcrole/parent-child" xlink:from="LiquidityRiskActualCashFlowsCashFlowsFromNewBusinessDuringTestPeriod" xlink:to="LiquidityRiskActualCashFlowsCashFlowsFromNewBusinessDuringTestPeriodDividendsPayment" xlink:title="presentation: LiquidityRiskActualCashFlowsCashFlowsFromNewBusinessDuringTestPeriod to LiquidityRiskActualCashFlowsCashFlowsFromNewBusinessDuringTestPeriodDividendsPayment" use="optional" order="50.0" preferredLabel="http://www.xbrl.org/2003/role/terseLabel"/>
    <link:loc xlink:type="locator" xlink:href="../../c-ross_core_2015-12-31.xsd#c-ross_LiquidityRiskActualCashFlowsCashFlowsFromNewBusinessDuringTestPeriodExpenses" xlink:label="LiquidityRiskActualCashFlowsCashFlowsFromNewBusinessDuringTestPeriodExpenses" xlink:title="LiquidityRiskActualCashFlowsCashFlowsFromNewBusinessDuringTestPeriodExpenses"/>
    <link:presentationArc xlink:type="arc" xlink:arcrole="http://www.xbrl.org/2003/arcrole/parent-child" xlink:from="LiquidityRiskActualCashFlowsCashFlowsFromNewBusinessDuringTestPeriod" xlink:to="LiquidityRiskActualCashFlowsCashFlowsFromNewBusinessDuringTestPeriodExpenses" xlink:title="presentation: LiquidityRiskActualCashFlowsCashFlowsFromNewBusinessDuringTestPeriod to LiquidityRiskActualCashFlowsCashFlowsFromNewBusinessDuringTestPeriodExpenses" use="optional" order="60.0" preferredLabel="http://www.xbrl.org/2003/role/terseLabel"/>
    <link:loc xlink:type="locator" xlink:href="../../c-ross_core_2015-12-31.xsd#c-ross_LiquidityRiskActualCashFlowsCashFlowsFromNewBusinessDuringTestPeriodBusinessAndAdministrativeExpenses" xlink:label="LiquidityRiskActualCashFlowsCashFlowsFromNewBusinessDuringTestPeriodBusinessAndAdministrativeExpenses" xlink:title="LiquidityRiskActualCashFlowsCashFlowsFromNewBusinessDuringTestPeriodBusinessAndAdministrativeExpenses"/>
    <link:presentationArc xlink:type="arc" xlink:arcrole="http://www.xbrl.org/2003/arcrole/parent-child" xlink:from="LiquidityRiskActualCashFlowsCashFlowsFromNewBusinessDuringTestPeriodExpenses" xlink:to="LiquidityRiskActualCashFlowsCashFlowsFromNewBusinessDuringTestPeriodBusinessAndAdministrativeExpenses" xlink:title="presentation: LiquidityRiskActualCashFlowsCashFlowsFromNewBusinessDuringTestPeriodExpenses to LiquidityRiskActualCashFlowsCashFlowsFromNewBusinessDuringTestPeriodBusinessAndAdministrativeExpenses" use="optional" order="10.0" preferredLabel="http://www.xbrl.org/2003/role/terseLabel"/>
    <link:loc xlink:type="locator" xlink:href="../../c-ross_core_2015-12-31.xsd#c-ross_LiquidityRiskActualCashFlowsCashFlowsFromNewBusinessDuringTestPeriodCommissions" xlink:label="LiquidityRiskActualCashFlowsCashFlowsFromNewBusinessDuringTestPeriodCommissions" xlink:title="LiquidityRiskActualCashFlowsCashFlowsFromNewBusinessDuringTestPeriodCommissions"/>
    <link:presentationArc xlink:type="arc" xlink:arcrole="http://www.xbrl.org/2003/arcrole/parent-child" xlink:from="LiquidityRiskActualCashFlowsCashFlowsFromNewBusinessDuringTestPeriodExpenses" xlink:to="LiquidityRiskActualCashFlowsCashFlowsFromNewBusinessDuringTestPeriodCommissions" xlink:title="presentation: LiquidityRiskActualCashFlowsCashFlowsFromNewBusinessDuringTestPeriodExpenses to LiquidityRiskActualCashFlowsCashFlowsFromNewBusinessDuringTestPeriodCommissions" use="optional" order="20.0" preferredLabel="http://www.xbrl.org/2003/role/terseLabel"/>
    <link:loc xlink:type="locator" xlink:href="../../c-ross_core_2015-12-31.xsd#c-ross_LiquidityRiskActualCashFlowsCashFlowsFromNewBusinessDuringTestPeriodReinsuranceNetExpensesPayments" xlink:label="LiquidityRiskActualCashFlowsCashFlowsFromNewBusinessDuringTestPeriodReinsuranceNetExpensesPayments" xlink:title="LiquidityRiskActualCashFlowsCashFlowsFromNewBusinessDuringTestPeriodReinsuranceNetExpensesPayments"/>
    <link:presentationArc xlink:type="arc" xlink:arcrole="http://www.xbrl.org/2003/arcrole/parent-child" xlink:from="LiquidityRiskActualCashFlowsCashFlowsFromNewBusinessDuringTestPeriod" xlink:to="LiquidityRiskActualCashFlowsCashFlowsFromNewBusinessDuringTestPeriodReinsuranceNetExpensesPayments" xlink:title="presentation: LiquidityRiskActualCashFlowsCashFlowsFromNewBusinessDuringTestPeriod to LiquidityRiskActualCashFlowsCashFlowsFromNewBusinessDuringTestPeriodReinsuranceNetExpensesPayments" use="optional" order="70.0" preferredLabel="http://www.xbrl.org/2003/role/terseLabel"/>
    <link:loc xlink:type="locator" xlink:href="../../c-ross_core_2015-12-31.xsd#c-ross_LiquidityRiskActualCashFlowsOtherCashFlowsFromBusiness" xlink:label="LiquidityRiskActualCashFlowsOtherCashFlowsFromBusiness" xlink:title="LiquidityRiskActualCashFlowsOtherCashFlowsFromBusiness"/>
    <link:presentationArc xlink:type="arc" xlink:arcrole="http://www.xbrl.org/2003/arcrole/parent-child" xlink:from="LiquidityRiskActualCashFlowsCashFlowsFromBusiness" xlink:to="LiquidityRiskActualCashFlowsOtherCashFlowsFromBusiness" xlink:title="presentation: LiquidityRiskActualCashFlowsCashFlowsFromBusiness to LiquidityRiskActualCashFlowsOtherCashFlowsFromBusiness" use="optional" order="30.0" preferredLabel="http://www.xbrl.org/2003/role/terseLabel"/>
    <link:loc xlink:type="locator" xlink:href="../../c-ross_core_2015-12-31.xsd#c-ross_LiquidityRiskActualCashFlowsCashFlowsFromAssets" xlink:label="LiquidityRiskActualCashFlowsCashFlowsFromAssets" xlink:title="LiquidityRiskActualCashFlowsCashFlowsFromAssets"/>
    <link:presentationArc xlink:type="arc" xlink:arcrole="http://www.xbrl.org/2003/arcrole/parent-child" xlink:from="CashFlowTestUnderBaseScenarioForLifeInsuranceCompaniesLineItems" xlink:to="LiquidityRiskActualCashFlowsCashFlowsFromAssets" xlink:title="presentation: CashFlowTestUnderBaseScenarioForLifeInsuranceCompaniesLineItems to LiquidityRiskActualCashFlowsCashFlowsFromAssets" order="20.0" preferredLabel="http://www.xbrl.org/2003/role/terseLabel"/>
    <link:loc xlink:type="locator" xlink:href="../../c-ross_core_2015-12-31.xsd#c-ross_LiquidityRiskActualCashFlowsInterestIncome" xlink:label="LiquidityRiskActualCashFlowsInterestIncome" xlink:title="LiquidityRiskActualCashFlowsInterestIncome"/>
    <link:presentationArc xlink:type="arc" xlink:arcrole="http://www.xbrl.org/2003/arcrole/parent-child" xlink:from="LiquidityRiskActualCashFlowsCashFlowsFromAssets" xlink:to="LiquidityRiskActualCashFlowsInterestIncome" xlink:title="presentation: LiquidityRiskActualCashFlowsCashFlowsFromAssets to LiquidityRiskActualCashFlowsInterestIncome" use="optional" order="10.0" preferredLabel="http://www.xbrl.org/2003/role/terseLabel"/>
    <link:loc xlink:type="locator" xlink:href="../../c-ross_core_2015-12-31.xsd#c-ross_LiquidityRiskActualCashFlowsBonusIncome" xlink:label="LiquidityRiskActualCashFlowsBonusIncome" xlink:title="LiquidityRiskActualCashFlowsBonusIncome"/>
    <link:presentationArc xlink:type="arc" xlink:arcrole="http://www.xbrl.org/2003/arcrole/parent-child" xlink:from="LiquidityRiskActualCashFlowsCashFlowsFromAssets" xlink:to="LiquidityRiskActualCashFlowsBonusIncome" xlink:title="presentation: LiquidityRiskActualCashFlowsCashFlowsFromAssets to LiquidityRiskActualCashFlowsBonusIncome" use="optional" order="20.0" preferredLabel="http://www.xbrl.org/2003/role/terseLabel"/>
    <link:loc xlink:type="locator" xlink:href="../../c-ross_core_2015-12-31.xsd#c-ross_LiquidityRiskActualCashFlowsAssetsMaturity" xlink:label="LiquidityRiskActualCashFlowsAssetsMaturity" xlink:title="LiquidityRiskActualCashFlowsAssetsMaturity"/>
    <link:presentationArc xlink:type="arc" xlink:arcrole="http://www.xbrl.org/2003/arcrole/parent-child" xlink:from="LiquidityRiskActualCashFlowsCashFlowsFromAssets" xlink:to="LiquidityRiskActualCashFlowsAssetsMaturity" xlink:title="presentation: LiquidityRiskActualCashFlowsCashFlowsFromAssets to LiquidityRiskActualCashFlowsAssetsMaturity" use="optional" order="30.0" preferredLabel="http://www.xbrl.org/2003/role/terseLabel"/>
    <link:loc xlink:type="locator" xlink:href="../../c-ross_core_2015-12-31.xsd#c-ross_LiquidityRiskActualCashFlowsSoldAssets" xlink:label="LiquidityRiskActualCashFlowsSoldAssets" xlink:title="LiquidityRiskActualCashFlowsSoldAssets"/>
    <link:presentationArc xlink:type="arc" xlink:arcrole="http://www.xbrl.org/2003/arcrole/parent-child" xlink:from="LiquidityRiskActualCashFlowsCashFlowsFromAssets" xlink:to="LiquidityRiskActualCashFlowsSoldAssets" xlink:title="presentation: LiquidityRiskActualCashFlowsCashFlowsFromAssets to LiquidityRiskActualCashFlowsSoldAssets" use="optional" order="40.0" preferredLabel="http://www.xbrl.org/2003/role/terseLabel"/>
    <link:loc xlink:type="locator" xlink:href="../../c-ross_core_2015-12-31.xsd#c-ross_LiquidityRiskActualCashFlowsOtherCashFlowsFromAssets" xlink:label="LiquidityRiskActualCashFlowsOtherCashFlowsFromAssets" xlink:title="LiquidityRiskActualCashFlowsOtherCashFlowsFromAssets"/>
    <link:presentationArc xlink:type="arc" xlink:arcrole="http://www.xbrl.org/2003/arcrole/parent-child" xlink:from="LiquidityRiskActualCashFlowsCashFlowsFromAssets" xlink:to="LiquidityRiskActualCashFlowsOtherCashFlowsFromAssets" xlink:title="presentation: LiquidityRiskActualCashFlowsCashFlowsFromAssets to LiquidityRiskActualCashFlowsOtherCashFlowsFromAssets" use="optional" order="50.0" preferredLabel="http://www.xbrl.org/2003/role/terseLabel"/>
    <link:loc xlink:type="locator" xlink:href="../../c-ross_core_2015-12-31.xsd#c-ross_LiquidityRiskActualCashFlowsCashFlowsFromFinancing" xlink:label="LiquidityRiskActualCashFlowsCashFlowsFromFinancing" xlink:title="LiquidityRiskActualCashFlowsCashFlowsFromFinancing"/>
    <link:presentationArc xlink:type="arc" xlink:arcrole="http://www.xbrl.org/2003/arcrole/parent-child" xlink:from="CashFlowTestUnderBaseScenarioForLifeInsuranceCompaniesLineItems" xlink:to="LiquidityRiskActualCashFlowsCashFlowsFromFinancing" xlink:title="presentation: CashFlowTestUnderBaseScenarioForLifeInsuranceCompaniesLineItems to LiquidityRiskActualCashFlowsCashFlowsFromFinancing" order="30.0" preferredLabel="http://www.xbrl.org/2003/role/terseLabel"/>
    <link:loc xlink:type="locator" xlink:href="../../c-ross_core_2015-12-31.xsd#c-ross_LiquidityRiskActualCashFlowsCashInflowsFromFinancing" xlink:label="LiquidityRiskActualCashFlowsCashInflowsFromFinancing" xlink:title="LiquidityRiskActualCashFlowsCashInflowsFromFinancing"/>
    <link:presentationArc xlink:type="arc" xlink:arcrole="http://www.xbrl.org/2003/arcrole/parent-child" xlink:from="LiquidityRiskActualCashFlowsCashFlowsFromFinancing" xlink:to="LiquidityRiskActualCashFlowsCashInflowsFromFinancing" xlink:title="presentation: LiquidityRiskActualCashFlowsCashFlowsFromFinancing to LiquidityRiskActualCashFlowsCashInflowsFromFinancing" use="optional" order="10.0" preferredLabel="http://www.xbrl.org/2003/role/terseLabel"/>
    <link:loc xlink:type="locator" xlink:href="../../c-ross_core_2015-12-31.xsd#c-ross_LiquidityRiskActualCashFlowsShareholdersCapitalIncrease" xlink:label="LiquidityRiskActualCashFlowsShareholdersCapitalIncrease" xlink:title="LiquidityRiskActualCashFlowsShareholdersCapitalIncrease"/>
    <link:presentationArc xlink:type="arc" xlink:arcrole="http://www.xbrl.org/2003/arcrole/parent-child" xlink:from="LiquidityRiskActualCashFlowsCashInflowsFromFinancing" xlink:to="LiquidityRiskActualCashFlowsShareholdersCapitalIncrease" xlink:title="presentation: LiquidityRiskActualCashFlowsCashInflowsFromFinancing to LiquidityRiskActualCashFlowsShareholdersCapitalIncrease" use="optional" order="10.0" preferredLabel="http://www.xbrl.org/2003/role/terseLabel"/>
    <link:loc xlink:type="locator" xlink:href="../../c-ross_core_2015-12-31.xsd#c-ross_LiquidityRiskActualCashFlowsSubordinatedDebts" xlink:label="LiquidityRiskActualCashFlowsSubordinatedDebts" xlink:title="LiquidityRiskActualCashFlowsSubordinatedDebts"/>
    <link:presentationArc xlink:type="arc" xlink:arcrole="http://www.xbrl.org/2003/arcrole/parent-child" xlink:from="LiquidityRiskActualCashFlowsCashInflowsFromFinancing" xlink:to="LiquidityRiskActualCashFlowsSubordinatedDebts" xlink:title="presentation: LiquidityRiskActualCashFlowsCashInflowsFromFinancing to LiquidityRiskActualCashFlowsSubordinatedDebts" use="optional" order="20.0" preferredLabel="http://www.xbrl.org/2003/role/terseLabel"/>
    <link:loc xlink:type="locator" xlink:href="../../c-ross_core_2015-12-31.xsd#c-ross_LiquidityRiskActualCashFlowsFinancialAssetsRepurchase" xlink:label="LiquidityRiskActualCashFlowsFinancialAssetsRepurchase" xlink:title="LiquidityRiskActualCashFlowsFinancialAssetsRepurchase"/>
    <link:presentationArc xlink:type="arc" xlink:arcrole="http://www.xbrl.org/2003/arcrole/parent-child" xlink:from="LiquidityRiskActualCashFlowsCashInflowsFromFinancing" xlink:to="LiquidityRiskActualCashFlowsFinancialAssetsRepurchase" xlink:title="presentation: LiquidityRiskActualCashFlowsCashInflowsFromFinancing to LiquidityRiskActualCashFlowsFinancialAssetsRepurchase" use="optional" order="30.0" preferredLabel="http://www.xbrl.org/2003/role/terseLabel"/>
    <link:loc xlink:type="locator" xlink:href="../../c-ross_core_2015-12-31.xsd#c-ross_LiquidityRiskActualCashFlowsCashOutflowsFromFinancingActivities" xlink:label="LiquidityRiskActualCashFlowsCashOutflowsFromFinancingActivities" xlink:title="LiquidityRiskActualCashFlowsCashOutflowsFromFinancingActivities"/>
    <link:presentationArc xlink:type="arc" xlink:arcrole="http://www.xbrl.org/2003/arcrole/parent-child" xlink:from="LiquidityRiskActualCashFlowsCashFlowsFromFinancing" xlink:to="LiquidityRiskActualCashFlowsCashOutflowsFromFinancingActivities" xlink:title="presentation: LiquidityRiskActualCashFlowsCashFlowsFromFinancing to LiquidityRiskActualCashFlowsCashOutflowsFromFinancingActivities" order="20.0" preferredLabel="http://www.xbrl.org/2003/role/terseLabel"/>
    <link:loc xlink:type="locator" xlink:href="../../c-ross_core_2015-12-31.xsd#c-ross_LiquidityRiskActualCashFlowsRepurchaseOfFinancialAssets" xlink:label="LiquidityRiskActualCashFlowsRepurchaseOfFinancialAssets" xlink:title="LiquidityRiskActualCashFlowsRepurchaseOfFinancialAssets"/>
    <link:presentationArc xlink:type="arc" xlink:arcrole="http://www.xbrl.org/2003/arcrole/parent-child" xlink:from="LiquidityRiskActualCashFlowsCashOutflowsFromFinancingActivities" xlink:to="LiquidityRiskActualCashFlowsRepurchaseOfFinancialAssets" xlink:title="presentation: LiquidityRiskActualCashFlowsCashOutflowsFromFinancingActivities to LiquidityRiskActualCashFlowsRepurchaseOfFinancialAssets" use="optional" order="10.0" preferredLabel="http://www.xbrl.org/2003/role/terseLabel"/>
    <link:loc xlink:type="locator" xlink:href="../../c-ross_core_2015-12-31.xsd#c-ross_LiquidityRiskActualCashFlowsPaymentOfInterestOnBorrowingsAndBonds" xlink:label="LiquidityRiskActualCashFlowsPaymentOfInterestOnBorrowingsAndBonds" xlink:title="LiquidityRiskActualCashFlowsPaymentOfInterestOnBorrowingsAndBonds"/>
    <link:presentationArc xlink:type="arc" xlink:arcrole="http://www.xbrl.org/2003/arcrole/parent-child" xlink:from="LiquidityRiskActualCashFlowsCashOutflowsFromFinancingActivities" xlink:to="LiquidityRiskActualCashFlowsPaymentOfInterestOnBorrowingsAndBonds" xlink:title="presentation: LiquidityRiskActualCashFlowsCashOutflowsFromFinancingActivities to LiquidityRiskActualCashFlowsPaymentOfInterestOnBorrowingsAndBonds" use="optional" order="20.0" preferredLabel="http://www.xbrl.org/2003/role/terseLabel"/>
    <link:loc xlink:type="locator" xlink:href="../../c-ross_core_2015-12-31.xsd#c-ross_LiquidityRiskActualCashFlowsNetCashFlows" xlink:label="LiquidityRiskActualCashFlowsNetCashFlows" xlink:title="LiquidityRiskActualCashFlowsNetCashFlows"/>
    <link:presentationArc xlink:type="arc" xlink:arcrole="http://www.xbrl.org/2003/arcrole/parent-child" xlink:from="CashFlowTestUnderBaseScenarioForLifeInsuranceCompaniesLineItems" xlink:to="LiquidityRiskActualCashFlowsNetCashFlows" xlink:title="presentation: CashFlowTestUnderBaseScenarioForLifeInsuranceCompaniesLineItems to LiquidityRiskActualCashFlowsNetCashFlows" order="40.0" preferredLabel="http://www.xbrl.org/2009/role/netLabel"/>
  </link:presentationLink>
  <link:presentationLink xlink:type="extended" xlink:role="http://xbrl.circ.gov.cn/role/c-ross_2015-12-31_role-3180312a">
    <link:loc xlink:type="locator" xlink:href="../../c-ross_core_2015-12-31.xsd#c-ross_CashFlowTestScenarioAxis" xlink:label="CashFlowTestScenarioAxis" xlink:title="CashFlowTestScenarioAxis"/>
    <link:loc xlink:type="locator" xlink:href="../../c-ross_core_2015-12-31.xsd#c-ross_CashFlowTestScenarioMember" xlink:label="CashFlowTestScenarioMember" xlink:title="CashFlowTestScenarioMember"/>
    <link:presentationArc xlink:type="arc" xlink:arcrole="http://www.xbrl.org/2003/arcrole/parent-child" xlink:from="CashFlowTestScenarioAxis" xlink:to="CashFlowTestScenarioMember" xlink:title="presentation: CashFlowTestScenarioAxis to CashFlowTestScenarioMember" use="optional" order="10.0" preferredLabel="http://www.xbrl.org/2003/role/label"/>
    <link:loc xlink:type="locator" xlink:href="../../c-ross_core_2015-12-31.xsd#c-ross_BaseScenarioMember" xlink:label="BaseScenarioMember" xlink:title="BaseScenarioMember"/>
    <link:presentationArc xlink:type="arc" xlink:arcrole="http://www.xbrl.org/2003/arcrole/parent-child" xlink:from="CashFlowTestScenarioMember" xlink:to="BaseScenarioMember" xlink:title="presentation: CashFlowTestScenarioMember to BaseScenarioMember" use="optional" order="10.0" preferredLabel="http://www.xbrl.org/2003/role/label"/>
    <link:loc xlink:type="locator" xlink:href="../../c-ross_core_2015-12-31.xsd#c-ross_CashFlowTestScopeAxis" xlink:label="CashFlowTestScopeAxis" xlink:title="CashFlowTestScopeAxis"/>
    <link:loc xlink:type="locator" xlink:href="../../c-ross_core_2015-12-31.xsd#c-ross_CashFlowTestScopeMember" xlink:label="CashFlowTestScopeMember" xlink:title="CashFlowTestScopeMember"/>
    <link:presentationArc xlink:type="arc" xlink:arcrole="http://www.xbrl.org/2003/arcrole/parent-child" xlink:from="CashFlowTestScopeAxis" xlink:to="CashFlowTestScopeMember" xlink:title="presentation: CashFlowTestScopeAxis to CashFlowTestScopeMember" use="optional" order="10.0" preferredLabel="http://www.xbrl.org/2003/role/label"/>
    <link:loc xlink:type="locator" xlink:href="../../c-ross_core_2015-12-31.xsd#c-ross_OverallBusinessMember" xlink:label="OverallBusinessMember" xlink:title="OverallBusinessMember"/>
    <link:presentationArc xlink:type="arc" xlink:arcrole="http://www.xbrl.org/2003/arcrole/parent-child" xlink:from="CashFlowTestScopeMember" xlink:to="OverallBusinessMember" xlink:title="presentation: CashFlowTestScopeMember to OverallBusinessMember" use="optional" order="10.0" preferredLabel="http://www.xbrl.org/2003/role/label"/>
    <link:loc xlink:type="locator" xlink:href="../../c-ross_core_2015-12-31.xsd#c-ross_TraditionalInsuranceBusinessMember" xlink:label="TraditionalInsuranceBusinessMember" xlink:title="TraditionalInsuranceBusinessMember"/>
    <link:presentationArc xlink:type="arc" xlink:arcrole="http://www.xbrl.org/2003/arcrole/parent-child" xlink:from="CashFlowTestScopeMember" xlink:to="TraditionalInsuranceBusinessMember" xlink:title="presentation: CashFlowTestScopeMember to TraditionalInsuranceBusinessMember" order="20.0" preferredLabel="http://www.xbrl.org/2003/role/label"/>
    <link:loc xlink:type="locator" xlink:href="../../c-ross_core_2015-12-31.xsd#c-ross_ParticipatingInsuranceBusinessMember" xlink:label="ParticipatingInsuranceBusinessMember" xlink:title="ParticipatingInsuranceBusinessMember"/>
    <link:presentationArc xlink:type="arc" xlink:arcrole="http://www.xbrl.org/2003/arcrole/parent-child" xlink:from="CashFlowTestScopeMember" xlink:to="ParticipatingInsuranceBusinessMember" xlink:title="presentation: CashFlowTestScopeMember to ParticipatingInsuranceBusinessMember" order="30.0" preferredLabel="http://www.xbrl.org/2003/role/label"/>
    <link:loc xlink:type="locator" xlink:href="../../c-ross_core_2015-12-31.xsd#c-ross_UniversalInsuranceBusinessMember" xlink:label="UniversalInsuranceBusinessMember" xlink:title="UniversalInsuranceBusinessMember"/>
    <link:presentationArc xlink:type="arc" xlink:arcrole="http://www.xbrl.org/2003/arcrole/parent-child" xlink:from="CashFlowTestScopeMember" xlink:to="UniversalInsuranceBusinessMember" xlink:title="presentation: CashFlowTestScopeMember to UniversalInsuranceBusinessMember" order="40.0" preferredLabel="http://www.xbrl.org/2003/role/label"/>
    <link:loc xlink:type="locator" xlink:href="../../c-ross_core_2015-12-31.xsd#c-ross_UnitLinkedInsuranceBusinessMember" xlink:label="UnitLinkedInsuranceBusinessMember" xlink:title="UnitLinkedInsuranceBusinessMember"/>
    <link:presentationArc xlink:type="arc" xlink:arcrole="http://www.xbrl.org/2003/arcrole/parent-child" xlink:from="CashFlowTestScopeMember" xlink:to="UnitLinkedInsuranceBusinessMember" xlink:title="presentation: CashFlowTestScopeMember to UnitLinkedInsuranceBusinessMember" order="50.0" preferredLabel="http://www.xbrl.org/2003/role/label"/>
    <link:loc xlink:type="locator" xlink:href="../../c-ross_core_2015-12-31.xsd#c-ross_CashFlowTestPeriodAxis" xlink:label="CashFlowTestPeriodAxis" xlink:title="CashFlowTestPeriodAxis"/>
    <link:loc xlink:type="locator" xlink:href="../../c-ross_core_2015-12-31.xsd#c-ross_CashFlowTestPeriodMember" xlink:label="CashFlowTestPeriodMember" xlink:title="CashFlowTestPeriodMember"/>
    <link:presentationArc xlink:type="arc" xlink:arcrole="http://www.xbrl.org/2003/arcrole/parent-child" xlink:from="CashFlowTestPeriodAxis" xlink:to="CashFlowTestPeriodMember" xlink:title="presentation: CashFlowTestPeriodAxis to CashFlowTestPeriodMember" use="optional" order="10.0" preferredLabel="http://www.xbrl.org/2003/role/label"/>
    <link:loc xlink:type="locator" xlink:href="../../c-ross_core_2015-12-31.xsd#c-ross_FirstYearAfterReportingDateMember" xlink:label="FirstYearAfterReportingDateMember" xlink:title="FirstYearAfterReportingDateMember"/>
    <link:presentationArc xlink:type="arc" xlink:arcrole="http://www.xbrl.org/2003/arcrole/parent-child" xlink:from="CashFlowTestPeriodMember" xlink:to="FirstYearAfterReportingDateMember" xlink:title="presentation: CashFlowTestPeriodMember to FirstYearAfterReportingDateMember" order="10.0" preferredLabel="http://www.xbrl.org/2003/role/terseLabel"/>
    <link:loc xlink:type="locator" xlink:href="../../c-ross_core_2015-12-31.xsd#c-ross_FirstQuarterAfterReportingDateMember" xlink:label="FirstQuarterAfterReportingDateMember" xlink:title="FirstQuarterAfterReportingDateMember"/>
    <link:presentationArc xlink:type="arc" xlink:arcrole="http://www.xbrl.org/2003/arcrole/parent-child" xlink:from="FirstYearAfterReportingDateMember" xlink:to="FirstQuarterAfterReportingDateMember" xlink:title="presentation: FirstYearAfterReportingDateMember to FirstQuarterAfterReportingDateMember" use="optional" order="10.0" preferredLabel="http://www.xbrl.org/2003/role/terseLabel"/>
    <link:loc xlink:type="locator" xlink:href="../../c-ross_core_2015-12-31.xsd#c-ross_SecondQuarterAfterReportingDateMember" xlink:label="SecondQuarterAfterReportingDateMember" xlink:title="SecondQuarterAfterReportingDateMember"/>
    <link:presentationArc xlink:type="arc" xlink:arcrole="http://www.xbrl.org/2003/arcrole/parent-child" xlink:from="FirstYearAfterReportingDateMember" xlink:to="SecondQuarterAfterReportingDateMember" xlink:title="presentation: FirstYearAfterReportingDateMember to SecondQuarterAfterReportingDateMember" use="optional" order="20.0" preferredLabel="http://www.xbrl.org/2003/role/terseLabel"/>
    <link:loc xlink:type="locator" xlink:href="../../c-ross_core_2015-12-31.xsd#c-ross_ThirdQuarterAfterReportingDateMember" xlink:label="ThirdQuarterAfterReportingDateMember" xlink:title="ThirdQuarterAfterReportingDateMember"/>
    <link:presentationArc xlink:type="arc" xlink:arcrole="http://www.xbrl.org/2003/arcrole/parent-child" xlink:from="FirstYearAfterReportingDateMember" xlink:to="ThirdQuarterAfterReportingDateMember" xlink:title="presentation: FirstYearAfterReportingDateMember to ThirdQuarterAfterReportingDateMember" use="optional" order="30.0" preferredLabel="http://www.xbrl.org/2003/role/terseLabel"/>
    <link:loc xlink:type="locator" xlink:href="../../c-ross_core_2015-12-31.xsd#c-ross_ForthQuarterAfterReportingDateMember" xlink:label="ForthQuarterAfterReportingDateMember" xlink:title="ForthQuarterAfterReportingDateMember"/>
    <link:presentationArc xlink:type="arc" xlink:arcrole="http://www.xbrl.org/2003/arcrole/parent-child" xlink:from="FirstYearAfterReportingDateMember" xlink:to="ForthQuarterAfterReportingDateMember" xlink:title="presentation: FirstYearAfterReportingDateMember to ForthQuarterAfterReportingDateMember" use="optional" order="40.0" preferredLabel="http://www.xbrl.org/2003/role/terseLabel"/>
    <link:loc xlink:type="locator" xlink:href="../../c-ross_core_2015-12-31.xsd#c-ross_SecondYearAfterReportingDateMember" xlink:label="SecondYearAfterReportingDateMember" xlink:title="SecondYearAfterReportingDateMember"/>
    <link:presentationArc xlink:type="arc" xlink:arcrole="http://www.xbrl.org/2003/arcrole/parent-child" xlink:from="CashFlowTestPeriodMember" xlink:to="SecondYearAfterReportingDateMember" xlink:title="presentation: CashFlowTestPeriodMember to SecondYearAfterReportingDateMember" order="20.0" preferredLabel="http://www.xbrl.org/2003/role/terseLabel"/>
    <link:loc xlink:type="locator" xlink:href="../../c-ross_core_2015-12-31.xsd#c-ross_ThirdYearAfterReportingDateMember" xlink:label="ThirdYearAfterReportingDateMember" xlink:title="ThirdYearAfterReportingDateMember"/>
    <link:presentationArc xlink:type="arc" xlink:arcrole="http://www.xbrl.org/2003/arcrole/parent-child" xlink:from="CashFlowTestPeriodMember" xlink:to="ThirdYearAfterReportingDateMember" xlink:title="presentation: CashFlowTestPeriodMember to ThirdYearAfterReportingDateMember" order="30.0" preferredLabel="http://www.xbrl.org/2003/role/terseLabel"/>
    <link:loc xlink:type="locator" xlink:href="../../c-ross_core_2015-12-31.xsd#c-ross_LiquidityRiskProjectOnCashFlowsCashOutflowsFromFinancingActivities" xlink:label="LiquidityRiskProjectOnCashFlowsCashOutflowsFromFinancingActivities" xlink:title="LiquidityRiskProjectOnCashFlowsCashOutflowsFromFinancingActivities"/>
    <link:loc xlink:type="locator" xlink:href="../../c-ross_core_2015-12-31.xsd#c-ross_LiquidityRiskProjectOnCashFlowsRepurchaseOfFinancialAssets" xlink:label="LiquidityRiskProjectOnCashFlowsRepurchaseOfFinancialAssets" xlink:title="LiquidityRiskProjectOnCashFlowsRepurchaseOfFinancialAssets"/>
    <link:presentationArc xlink:type="arc" xlink:arcrole="http://www.xbrl.org/2003/arcrole/parent-child" xlink:from="LiquidityRiskProjectOnCashFlowsCashOutflowsFromFinancingActivities" xlink:to="LiquidityRiskProjectOnCashFlowsRepurchaseOfFinancialAssets" xlink:title="presentation: LiquidityRiskProjectOnCashFlowsCashOutflowsFromFinancingActivities to LiquidityRiskProjectOnCashFlowsRepurchaseOfFinancialAssets" use="optional" order="10.0" preferredLabel="http://www.xbrl.org/2003/role/terseLabel"/>
    <link:loc xlink:type="locator" xlink:href="../../c-ross_core_2015-12-31.xsd#c-ross_LiquidityRiskProjectOnCashFlowsPaymentOfInterestOnBorrowingsAndBonds" xlink:label="LiquidityRiskProjectOnCashFlowsPaymentOfInterestOnBorrowingsAndBonds" xlink:title="LiquidityRiskProjectOnCashFlowsPaymentOfInterestOnBorrowingsAndBonds"/>
    <link:presentationArc xlink:type="arc" xlink:arcrole="http://www.xbrl.org/2003/arcrole/parent-child" xlink:from="LiquidityRiskProjectOnCashFlowsCashOutflowsFromFinancingActivities" xlink:to="LiquidityRiskProjectOnCashFlowsPaymentOfInterestOnBorrowingsAndBonds" xlink:title="presentation: LiquidityRiskProjectOnCashFlowsCashOutflowsFromFinancingActivities to LiquidityRiskProjectOnCashFlowsPaymentOfInterestOnBorrowingsAndBonds" use="optional" order="20.0" preferredLabel="http://www.xbrl.org/2003/role/terseLabel"/>
    <link:loc xlink:type="locator" xlink:href="../../c-ross_core_2015-12-31.xsd#c-ross_CashFlowTestUnderBaseScenarioForLifeInsuranceCompaniesTable" xlink:label="CashFlowTestUnderBaseScenarioForLifeInsuranceCompaniesTable" xlink:title="CashFlowTestUnderBaseScenarioForLifeInsuranceCompaniesTable"/>
    <link:presentationArc xlink:type="arc" xlink:arcrole="http://www.xbrl.org/2003/arcrole/parent-child" xlink:from="CashFlowTestUnderBaseScenarioForLifeInsuranceCompaniesTable" xlink:to="CashFlowTestScenarioAxis" xlink:title="presentation: CashFlowTestUnderBaseScenarioForLifeInsuranceCompaniesTable to CashFlowTestScenarioAxis" use="optional" order="10.0" preferredLabel="http://www.xbrl.org/2003/role/label"/>
    <link:presentationArc xlink:type="arc" xlink:arcrole="http://www.xbrl.org/2003/arcrole/parent-child" xlink:from="CashFlowTestUnderBaseScenarioForLifeInsuranceCompaniesTable" xlink:to="CashFlowTestScopeAxis" xlink:title="presentation: CashFlowTestUnderBaseScenarioForLifeInsuranceCompaniesTable to CashFlowTestScopeAxis" use="optional" order="20.0" preferredLabel="http://www.xbrl.org/2003/role/label"/>
    <link:presentationArc xlink:type="arc" xlink:arcrole="http://www.xbrl.org/2003/arcrole/parent-child" xlink:from="CashFlowTestUnderBaseScenarioForLifeInsuranceCompaniesTable" xlink:to="CashFlowTestPeriodAxis" xlink:title="presentation: CashFlowTestUnderBaseScenarioForLifeInsuranceCompaniesTable to CashFlowTestPeriodAxis" use="optional" order="30.0" preferredLabel="http://www.xbrl.org/2003/role/label"/>
    <link:loc xlink:type="locator" xlink:href="../../c-ross_core_2015-12-31.xsd#c-ross_CashFlowTestUnderBaseScenarioForLifeInsuranceCompaniesLineItems" xlink:label="CashFlowTestUnderBaseScenarioForLifeInsuranceCompaniesLineItems" xlink:title="CashFlowTestUnderBaseScenarioForLifeInsuranceCompaniesLineItems"/>
    <link:loc xlink:type="locator" xlink:href="../../c-ross_core_2015-12-31.xsd#c-ross_LiquidityRiskProjectOnCashFlowsCashFlowsFromBusiness" xlink:label="LiquidityRiskProjectOnCashFlowsCashFlowsFromBusiness" xlink:title="LiquidityRiskProjectOnCashFlowsCashFlowsFromBusiness"/>
    <link:presentationArc xlink:type="arc" xlink:arcrole="http://www.xbrl.org/2003/arcrole/parent-child" xlink:from="CashFlowTestUnderBaseScenarioForLifeInsuranceCompaniesLineItems" xlink:to="LiquidityRiskProjectOnCashFlowsCashFlowsFromBusiness" xlink:title="presentation: CashFlowTestUnderBaseScenarioForLifeInsuranceCompaniesLineItems to LiquidityRiskProjectOnCashFlowsCashFlowsFromBusiness" order="10.0" preferredLabel="http://www.xbrl.org/2003/role/terseLabel"/>
    <link:loc xlink:type="locator" xlink:href="../../c-ross_core_2015-12-31.xsd#c-ross_LiquidityRiskProjectOnCashFlowsCashFlowsFromInForceBusinessOnReportingDate" xlink:label="LiquidityRiskProjectOnCashFlowsCashFlowsFromInForceBusinessOnReportingDate" xlink:title="LiquidityRiskProjectOnCashFlowsCashFlowsFromInForceBusinessOnReportingDate"/>
    <link:presentationArc xlink:type="arc" xlink:arcrole="http://www.xbrl.org/2003/arcrole/parent-child" xlink:from="LiquidityRiskProjectOnCashFlowsCashFlowsFromBusiness" xlink:to="LiquidityRiskProjectOnCashFlowsCashFlowsFromInForceBusinessOnReportingDate" xlink:title="presentation: LiquidityRiskProjectOnCashFlowsCashFlowsFromBusiness to LiquidityRiskProjectOnCashFlowsCashFlowsFromInForceBusinessOnReportingDate" use="optional" order="10.0" preferredLabel="http://www.xbrl.org/2003/role/terseLabel"/>
    <link:loc xlink:type="locator" xlink:href="../../c-ross_core_2015-12-31.xsd#c-ross_LiquidityRiskProjectOnCashFlowsCashFlowsFromInForceBusinessOnReportingDatePremiumIncome" xlink:label="LiquidityRiskProjectOnCashFlowsCashFlowsFromInForceBusinessOnReportingDatePremiumIncome" xlink:title="LiquidityRiskProjectOnCashFlowsCashFlowsFromInForceBusinessOnReportingDatePremiumIncome"/>
    <link:presentationArc xlink:type="arc" xlink:arcrole="http://www.xbrl.org/2003/arcrole/parent-child" xlink:from="LiquidityRiskProjectOnCashFlowsCashFlowsFromInForceBusinessOnReportingDate" xlink:to="LiquidityRiskProjectOnCashFlowsCashFlowsFromInForceBusinessOnReportingDatePremiumIncome" xlink:title="presentation: LiquidityRiskProjectOnCashFlowsCashFlowsFromInForceBusinessOnReportingDate to LiquidityRiskProjectOnCashFlowsCashFlowsFromInForceBusinessOnReportingDatePremiumIncome" use="optional" order="10.0" preferredLabel="http://www.xbrl.org/2003/role/terseLabel"/>
    <link:loc xlink:type="locator" xlink:href="../../c-ross_core_2015-12-31.xsd#c-ross_LiquidityRiskProjectOnCashFlowsCashFlowsFromInForceBusinessOnReportingDateBenefitPayments" xlink:label="LiquidityRiskProjectOnCashFlowsCashFlowsFromInForceBusinessOnReportingDateBenefitPayments" xlink:title="LiquidityRiskProjectOnCashFlowsCashFlowsFromInForceBusinessOnReportingDateBenefitPayments"/>
    <link:presentationArc xlink:type="arc" xlink:arcrole="http://www.xbrl.org/2003/arcrole/parent-child" xlink:from="LiquidityRiskProjectOnCashFlowsCashFlowsFromInForceBusinessOnReportingDate" xlink:to="LiquidityRiskProjectOnCashFlowsCashFlowsFromInForceBusinessOnReportingDateBenefitPayments" xlink:title="presentation: LiquidityRiskProjectOnCashFlowsCashFlowsFromInForceBusinessOnReportingDate to LiquidityRiskProjectOnCashFlowsCashFlowsFromInForceBusinessOnReportingDateBenefitPayments" use="optional" order="20.0" preferredLabel="http://www.xbrl.org/2003/role/terseLabel"/>
    <link:loc xlink:type="locator" xlink:href="../../c-ross_core_2015-12-31.xsd#c-ross_LiquidityRiskProjectOnCashFlowsCashFlowsFromInForceBusinessOnReportingDateMaturityBenefitPayment" xlink:label="LiquidityRiskProjectOnCashFlowsCashFlowsFromInForceBusinessOnReportingDateMaturityBenefitPayment" xlink:title="LiquidityRiskProjectOnCashFlowsCashFlowsFromInForceBusinessOnReportingDateMaturityBenefitPayment"/>
    <link:presentationArc xlink:type="arc" xlink:arcrole="http://www.xbrl.org/2003/arcrole/parent-child" xlink:from="LiquidityRiskProjectOnCashFlowsCashFlowsFromInForceBusinessOnReportingDateBenefitPayments" xlink:to="LiquidityRiskProjectOnCashFlowsCashFlowsFromInForceBusinessOnReportingDateMaturityBenefitPayment" xlink:title="presentation: LiquidityRiskProjectOnCashFlowsCashFlowsFromInForceBusinessOnReportingDateBenefitPayments to LiquidityRiskProjectOnCashFlowsCashFlowsFromInForceBusinessOnReportingDateMaturityBenefitPayment" use="optional" order="10.0" preferredLabel="http://www.xbrl.org/2003/role/terseLabel"/>
    <link:loc xlink:type="locator" xlink:href="../../c-ross_core_2015-12-31.xsd#c-ross_LiquidityRiskProjectOnCashFlowsCashFlowsFromInForceBusinessOnReportingDateSurrenderPayment" xlink:label="LiquidityRiskProjectOnCashFlowsCashFlowsFromInForceBusinessOnReportingDateSurrenderPayment" xlink:title="LiquidityRiskProjectOnCashFlowsCashFlowsFromInForceBusinessOnReportingDateSurrenderPayment"/>
    <link:presentationArc xlink:type="arc" xlink:arcrole="http://www.xbrl.org/2003/arcrole/parent-child" xlink:from="LiquidityRiskProjectOnCashFlowsCashFlowsFromInForceBusinessOnReportingDate" xlink:to="LiquidityRiskProjectOnCashFlowsCashFlowsFromInForceBusinessOnReportingDateSurrenderPayment" xlink:title="presentation: LiquidityRiskProjectOnCashFlowsCashFlowsFromInForceBusinessOnReportingDate to LiquidityRiskProjectOnCashFlowsCashFlowsFromInForceBusinessOnReportingDateSurrenderPayment" use="optional" order="30.0" preferredLabel="http://www.xbrl.org/2003/role/terseLabel"/>
    <link:loc xlink:type="locator" xlink:href="../../c-ross_core_2015-12-31.xsd#c-ross_LiquidityRiskProjectOnCashFlowsCashFlowsFromInForceBusinessOnReportingDateBonusesPayment" xlink:label="LiquidityRiskProjectOnCashFlowsCashFlowsFromInForceBusinessOnReportingDateBonusesPayment" xlink:title="LiquidityRiskProjectOnCashFlowsCashFlowsFromInForceBusinessOnReportingDateBonusesPayment"/>
    <link:presentationArc xlink:type="arc" xlink:arcrole="http://www.xbrl.org/2003/arcrole/parent-child" xlink:from="LiquidityRiskProjectOnCashFlowsCashFlowsFromInForceBusinessOnReportingDate" xlink:to="LiquidityRiskProjectOnCashFlowsCashFlowsFromInForceBusinessOnReportingDateBonusesPayment" xlink:title="presentation: LiquidityRiskProjectOnCashFlowsCashFlowsFromInForceBusinessOnReportingDate to LiquidityRiskProjectOnCashFlowsCashFlowsFromInForceBusinessOnReportingDateBonusesPayment" use="optional" order="40.0" preferredLabel="http://www.xbrl.org/2003/role/terseLabel"/>
    <link:loc xlink:type="locator" xlink:href="../../c-ross_core_2015-12-31.xsd#c-ross_LiquidityRiskProjectOnCashFlowsCashFlowsFromInForceBusinessOnReportingDateDividendsPayment" xlink:label="LiquidityRiskProjectOnCashFlowsCashFlowsFromInForceBusinessOnReportingDateDividendsPayment" xlink:title="LiquidityRiskProjectOnCashFlowsCashFlowsFromInForceBusinessOnReportingDateDividendsPayment"/>
    <link:presentationArc xlink:type="arc" xlink:arcrole="http://www.xbrl.org/2003/arcrole/parent-child" xlink:from="LiquidityRiskProjectOnCashFlowsCashFlowsFromInForceBusinessOnReportingDate" xlink:to="LiquidityRiskProjectOnCashFlowsCashFlowsFromInForceBusinessOnReportingDateDividendsPayment" xlink:title="presentation: LiquidityRiskProjectOnCashFlowsCashFlowsFromInForceBusinessOnReportingDate to LiquidityRiskProjectOnCashFlowsCashFlowsFromInForceBusinessOnReportingDateDividendsPayment" use="optional" order="50.0" preferredLabel="http://www.xbrl.org/2003/role/terseLabel"/>
    <link:loc xlink:type="locator" xlink:href="../../c-ross_core_2015-12-31.xsd#c-ross_LiquidityRiskProjectOnCashFlowsCashFlowsFromInForceBusinessOnReportingDateExpenses" xlink:label="LiquidityRiskProjectOnCashFlowsCashFlowsFromInForceBusinessOnReportingDateExpenses" xlink:title="LiquidityRiskProjectOnCashFlowsCashFlowsFromInForceBusinessOnReportingDateExpenses"/>
    <link:presentationArc xlink:type="arc" xlink:arcrole="http://www.xbrl.org/2003/arcrole/parent-child" xlink:from="LiquidityRiskProjectOnCashFlowsCashFlowsFromInForceBusinessOnReportingDate" xlink:to="LiquidityRiskProjectOnCashFlowsCashFlowsFromInForceBusinessOnReportingDateExpenses" xlink:title="presentation: LiquidityRiskProjectOnCashFlowsCashFlowsFromInForceBusinessOnReportingDate to LiquidityRiskProjectOnCashFlowsCashFlowsFromInForceBusinessOnReportingDateExpenses" use="optional" order="60.0" preferredLabel="http://www.xbrl.org/2003/role/terseLabel"/>
    <link:loc xlink:type="locator" xlink:href="../../c-ross_core_2015-12-31.xsd#c-ross_LiquidityRiskProjectOnCashFlowsCashFlowsFromInForceBusinessOnReportingDateBusinessAndAdministrativeExpenses" xlink:label="LiquidityRiskProjectOnCashFlowsCashFlowsFromInForceBusinessOnReportingDateBusinessAndAdministrativeExpenses" xlink:title="LiquidityRiskProjectOnCashFlowsCashFlowsFromInForceBusinessOnReportingDateBusinessAndAdministrativeExpenses"/>
    <link:presentationArc xlink:type="arc" xlink:arcrole="http://www.xbrl.org/2003/arcrole/parent-child" xlink:from="LiquidityRiskProjectOnCashFlowsCashFlowsFromInForceBusinessOnReportingDateExpenses" xlink:to="LiquidityRiskProjectOnCashFlowsCashFlowsFromInForceBusinessOnReportingDateBusinessAndAdministrativeExpenses" xlink:title="presentation: LiquidityRiskProjectOnCashFlowsCashFlowsFromInForceBusinessOnReportingDateExpenses to LiquidityRiskProjectOnCashFlowsCashFlowsFromInForceBusinessOnReportingDateBusinessAndAdministrativeExpenses" use="optional" order="10.0" preferredLabel="http://www.xbrl.org/2003/role/terseLabel"/>
    <link:loc xlink:type="locator" xlink:href="../../c-ross_core_2015-12-31.xsd#c-ross_LiquidityRiskProjectOnCashFlowsCashFlowsFromInForceBusinessOnReportingDateCommissions" xlink:label="LiquidityRiskProjectOnCashFlowsCashFlowsFromInForceBusinessOnReportingDateCommissions" xlink:title="LiquidityRiskProjectOnCashFlowsCashFlowsFromInForceBusinessOnReportingDateCommissions"/>
    <link:presentationArc xlink:type="arc" xlink:arcrole="http://www.xbrl.org/2003/arcrole/parent-child" xlink:from="LiquidityRiskProjectOnCashFlowsCashFlowsFromInForceBusinessOnReportingDateExpenses" xlink:to="LiquidityRiskProjectOnCashFlowsCashFlowsFromInForceBusinessOnReportingDateCommissions" xlink:title="presentation: LiquidityRiskProjectOnCashFlowsCashFlowsFromInForceBusinessOnReportingDateExpenses to LiquidityRiskProjectOnCashFlowsCashFlowsFromInForceBusinessOnReportingDateCommissions" use="optional" order="20.0" preferredLabel="http://www.xbrl.org/2003/role/terseLabel"/>
    <link:loc xlink:type="locator" xlink:href="../../c-ross_core_2015-12-31.xsd#c-ross_LiquidityRiskProjectOnCashFlowsCashFlowsFromInForceBusinessOnReportingDateReinsuranceNetExpensesPayments" xlink:label="LiquidityRiskProjectOnCashFlowsCashFlowsFromInForceBusinessOnReportingDateReinsuranceNetExpensesPayments" xlink:title="LiquidityRiskProjectOnCashFlowsCashFlowsFromInForceBusinessOnReportingDateReinsuranceNetExpensesPayments"/>
    <link:presentationArc xlink:type="arc" xlink:arcrole="http://www.xbrl.org/2003/arcrole/parent-child" xlink:from="LiquidityRiskProjectOnCashFlowsCashFlowsFromInForceBusinessOnReportingDate" xlink:to="LiquidityRiskProjectOnCashFlowsCashFlowsFromInForceBusinessOnReportingDateReinsuranceNetExpensesPayments" xlink:title="presentation: LiquidityRiskProjectOnCashFlowsCashFlowsFromInForceBusinessOnReportingDate to LiquidityRiskProjectOnCashFlowsCashFlowsFromInForceBusinessOnReportingDateReinsuranceNetExpensesPayments" use="optional" order="70.0" preferredLabel="http://www.xbrl.org/2003/role/terseLabel"/>
    <link:loc xlink:type="locator" xlink:href="../../c-ross_core_2015-12-31.xsd#c-ross_LiquidityRiskProjectOnCashFlowsCashFlowsFromNewBusinessDuringTestPeriod" xlink:label="LiquidityRiskProjectOnCashFlowsCashFlowsFromNewBusinessDuringTestPeriod" xlink:title="LiquidityRiskProjectOnCashFlowsCashFlowsFromNewBusinessDuringTestPeriod"/>
    <link:presentationArc xlink:type="arc" xlink:arcrole="http://www.xbrl.org/2003/arcrole/parent-child" xlink:from="LiquidityRiskProjectOnCashFlowsCashFlowsFromBusiness" xlink:to="LiquidityRiskProjectOnCashFlowsCashFlowsFromNewBusinessDuringTestPeriod" xlink:title="presentation: LiquidityRiskProjectOnCashFlowsCashFlowsFromBusiness to LiquidityRiskProjectOnCashFlowsCashFlowsFromNewBusinessDuringTestPeriod" use="optional" order="20.0" preferredLabel="http://www.xbrl.org/2003/role/terseLabel"/>
    <link:loc xlink:type="locator" xlink:href="../../c-ross_core_2015-12-31.xsd#c-ross_LiquidityRiskProjectOnCashFlowsCashFlowsFromNewBusinessDuringTestPeriodPremiumIncome" xlink:label="LiquidityRiskProjectOnCashFlowsCashFlowsFromNewBusinessDuringTestPeriodPremiumIncome" xlink:title="LiquidityRiskProjectOnCashFlowsCashFlowsFromNewBusinessDuringTestPeriodPremiumIncome"/>
    <link:presentationArc xlink:type="arc" xlink:arcrole="http://www.xbrl.org/2003/arcrole/parent-child" xlink:from="LiquidityRiskProjectOnCashFlowsCashFlowsFromNewBusinessDuringTestPeriod" xlink:to="LiquidityRiskProjectOnCashFlowsCashFlowsFromNewBusinessDuringTestPeriodPremiumIncome" xlink:title="presentation: LiquidityRiskProjectOnCashFlowsCashFlowsFromNewBusinessDuringTestPeriod to LiquidityRiskProjectOnCashFlowsCashFlowsFromNewBusinessDuringTestPeriodPremiumIncome" use="optional" order="10.0" preferredLabel="http://www.xbrl.org/2003/role/terseLabel"/>
    <link:loc xlink:type="locator" xlink:href="../../c-ross_core_2015-12-31.xsd#c-ross_LiquidityRiskProjectOnCashFlowsCashFlowsFromNewBusinessDuringTestPeriodBenefitPayments" xlink:label="LiquidityRiskProjectOnCashFlowsCashFlowsFromNewBusinessDuringTestPeriodBenefitPayments" xlink:title="LiquidityRiskProjectOnCashFlowsCashFlowsFromNewBusinessDuringTestPeriodBenefitPayments"/>
    <link:presentationArc xlink:type="arc" xlink:arcrole="http://www.xbrl.org/2003/arcrole/parent-child" xlink:from="LiquidityRiskProjectOnCashFlowsCashFlowsFromNewBusinessDuringTestPeriod" xlink:to="LiquidityRiskProjectOnCashFlowsCashFlowsFromNewBusinessDuringTestPeriodBenefitPayments" xlink:title="presentation: LiquidityRiskProjectOnCashFlowsCashFlowsFromNewBusinessDuringTestPeriod to LiquidityRiskProjectOnCashFlowsCashFlowsFromNewBusinessDuringTestPeriodBenefitPayments" use="optional" order="20.0" preferredLabel="http://www.xbrl.org/2003/role/terseLabel"/>
    <link:loc xlink:type="locator" xlink:href="../../c-ross_core_2015-12-31.xsd#c-ross_LiquidityRiskProjectOnCashFlowsCashFlowsFromNewBusinessDuringTestPeriodMaturityBenefitPayment" xlink:label="LiquidityRiskProjectOnCashFlowsCashFlowsFromNewBusinessDuringTestPeriodMaturityBenefitPayment" xlink:title="LiquidityRiskProjectOnCashFlowsCashFlowsFromNewBusinessDuringTestPeriodMaturityBenefitPayment"/>
    <link:presentationArc xlink:type="arc" xlink:arcrole="http://www.xbrl.org/2003/arcrole/parent-child" xlink:from="LiquidityRiskProjectOnCashFlowsCashFlowsFromNewBusinessDuringTestPeriodBenefitPayments" xlink:to="LiquidityRiskProjectOnCashFlowsCashFlowsFromNewBusinessDuringTestPeriodMaturityBenefitPayment" xlink:title="presentation: LiquidityRiskProjectOnCashFlowsCashFlowsFromNewBusinessDuringTestPeriodBenefitPayments to LiquidityRiskProjectOnCashFlowsCashFlowsFromNewBusinessDuringTestPeriodMaturityBenefitPayment" use="optional" order="10.0" preferredLabel="http://www.xbrl.org/2003/role/terseLabel"/>
    <link:loc xlink:type="locator" xlink:href="../../c-ross_core_2015-12-31.xsd#c-ross_LiquidityRiskProjectOnCashFlowsCashFlowsFromNewBusinessDuringTestPeriodSurrenderPayment" xlink:label="LiquidityRiskProjectOnCashFlowsCashFlowsFromNewBusinessDuringTestPeriodSurrenderPayment" xlink:title="LiquidityRiskProjectOnCashFlowsCashFlowsFromNewBusinessDuringTestPeriodSurrenderPayment"/>
    <link:presentationArc xlink:type="arc" xlink:arcrole="http://www.xbrl.org/2003/arcrole/parent-child" xlink:from="LiquidityRiskProjectOnCashFlowsCashFlowsFromNewBusinessDuringTestPeriod" xlink:to="LiquidityRiskProjectOnCashFlowsCashFlowsFromNewBusinessDuringTestPeriodSurrenderPayment" xlink:title="presentation: LiquidityRiskProjectOnCashFlowsCashFlowsFromNewBusinessDuringTestPeriod to LiquidityRiskProjectOnCashFlowsCashFlowsFromNewBusinessDuringTestPeriodSurrenderPayment" use="optional" order="30.0" preferredLabel="http://www.xbrl.org/2003/role/terseLabel"/>
    <link:loc xlink:type="locator" xlink:href="../../c-ross_core_2015-12-31.xsd#c-ross_LiquidityRiskProjectOnCashFlowsCashFlowsFromNewBusinessDuringTestPeriodBonusesPayment" xlink:label="LiquidityRiskProjectOnCashFlowsCashFlowsFromNewBusinessDuringTestPeriodBonusesPayment" xlink:title="LiquidityRiskProjectOnCashFlowsCashFlowsFromNewBusinessDuringTestPeriodBonusesPayment"/>
    <link:presentationArc xlink:type="arc" xlink:arcrole="http://www.xbrl.org/2003/arcrole/parent-child" xlink:from="LiquidityRiskProjectOnCashFlowsCashFlowsFromNewBusinessDuringTestPeriod" xlink:to="LiquidityRiskProjectOnCashFlowsCashFlowsFromNewBusinessDuringTestPeriodBonusesPayment" xlink:title="presentation: LiquidityRiskProjectOnCashFlowsCashFlowsFromNewBusinessDuringTestPeriod to LiquidityRiskProjectOnCashFlowsCashFlowsFromNewBusinessDuringTestPeriodBonusesPayment" use="optional" order="40.0" preferredLabel="http://www.xbrl.org/2003/role/terseLabel"/>
    <link:loc xlink:type="locator" xlink:href="../../c-ross_core_2015-12-31.xsd#c-ross_LiquidityRiskProjectOnCashFlowsCashFlowsFromNewBusinessDuringTestPeriodDividendsPayment" xlink:label="LiquidityRiskProjectOnCashFlowsCashFlowsFromNewBusinessDuringTestPeriodDividendsPayment" xlink:title="LiquidityRiskProjectOnCashFlowsCashFlowsFromNewBusinessDuringTestPeriodDividendsPayment"/>
    <link:presentationArc xlink:type="arc" xlink:arcrole="http://www.xbrl.org/2003/arcrole/parent-child" xlink:from="LiquidityRiskProjectOnCashFlowsCashFlowsFromNewBusinessDuringTestPeriod" xlink:to="LiquidityRiskProjectOnCashFlowsCashFlowsFromNewBusinessDuringTestPeriodDividendsPayment" xlink:title="presentation: LiquidityRiskProjectOnCashFlowsCashFlowsFromNewBusinessDuringTestPeriod to LiquidityRiskProjectOnCashFlowsCashFlowsFromNewBusinessDuringTestPeriodDividendsPayment" use="optional" order="50.0" preferredLabel="http://www.xbrl.org/2003/role/terseLabel"/>
    <link:loc xlink:type="locator" xlink:href="../../c-ross_core_2015-12-31.xsd#c-ross_LiquidityRiskProjectOnCashFlowsCashFlowsFromNewBusinessDuringTestPeriodExpenses" xlink:label="LiquidityRiskProjectOnCashFlowsCashFlowsFromNewBusinessDuringTestPeriodExpenses" xlink:title="LiquidityRiskProjectOnCashFlowsCashFlowsFromNewBusinessDuringTestPeriodExpenses"/>
    <link:presentationArc xlink:type="arc" xlink:arcrole="http://www.xbrl.org/2003/arcrole/parent-child" xlink:from="LiquidityRiskProjectOnCashFlowsCashFlowsFromNewBusinessDuringTestPeriod" xlink:to="LiquidityRiskProjectOnCashFlowsCashFlowsFromNewBusinessDuringTestPeriodExpenses" xlink:title="presentation: LiquidityRiskProjectOnCashFlowsCashFlowsFromNewBusinessDuringTestPeriod to LiquidityRiskProjectOnCashFlowsCashFlowsFromNewBusinessDuringTestPeriodExpenses" use="optional" order="60.0" preferredLabel="http://www.xbrl.org/2003/role/terseLabel"/>
    <link:loc xlink:type="locator" xlink:href="../../c-ross_core_2015-12-31.xsd#c-ross_LiquidityRiskProjectOnCashFlowsCashFlowsFromNewBusinessDuringTestPeriodBusinessAndAdministrativeExpenses" xlink:label="LiquidityRiskProjectOnCashFlowsCashFlowsFromNewBusinessDuringTestPeriodBusinessAndAdministrativeExpenses" xlink:title="LiquidityRiskProjectOnCashFlowsCashFlowsFromNewBusinessDuringTestPeriodBusinessAndAdministrativeExpenses"/>
    <link:presentationArc xlink:type="arc" xlink:arcrole="http://www.xbrl.org/2003/arcrole/parent-child" xlink:from="LiquidityRiskProjectOnCashFlowsCashFlowsFromNewBusinessDuringTestPeriodExpenses" xlink:to="LiquidityRiskProjectOnCashFlowsCashFlowsFromNewBusinessDuringTestPeriodBusinessAndAdministrativeExpenses" xlink:title="presentation: LiquidityRiskProjectOnCashFlowsCashFlowsFromNewBusinessDuringTestPeriodExpenses to LiquidityRiskProjectOnCashFlowsCashFlowsFromNewBusinessDuringTestPeriodBusinessAndAdministrativeExpenses" use="optional" order="10.0" preferredLabel="http://www.xbrl.org/2003/role/terseLabel"/>
    <link:loc xlink:type="locator" xlink:href="../../c-ross_core_2015-12-31.xsd#c-ross_LiquidityRiskProjectOnCashFlowsCashFlowsFromNewBusinessDuringTestPeriodCommissions" xlink:label="LiquidityRiskProjectOnCashFlowsCashFlowsFromNewBusinessDuringTestPeriodCommissions" xlink:title="LiquidityRiskProjectOnCashFlowsCashFlowsFromNewBusinessDuringTestPeriodCommissions"/>
    <link:presentationArc xlink:type="arc" xlink:arcrole="http://www.xbrl.org/2003/arcrole/parent-child" xlink:from="LiquidityRiskProjectOnCashFlowsCashFlowsFromNewBusinessDuringTestPeriodExpenses" xlink:to="LiquidityRiskProjectOnCashFlowsCashFlowsFromNewBusinessDuringTestPeriodCommissions" xlink:title="presentation: LiquidityRiskProjectOnCashFlowsCashFlowsFromNewBusinessDuringTestPeriodExpenses to LiquidityRiskProjectOnCashFlowsCashFlowsFromNewBusinessDuringTestPeriodCommissions" use="optional" order="20.0" preferredLabel="http://www.xbrl.org/2003/role/terseLabel"/>
    <link:loc xlink:type="locator" xlink:href="../../c-ross_core_2015-12-31.xsd#c-ross_LiquidityRiskProjectOnCashFlowsCashFlowsFromNewBusinessDuringTestPeriodReinsuranceNetExpensesPayments" xlink:label="LiquidityRiskProjectOnCashFlowsCashFlowsFromNewBusinessDuringTestPeriodReinsuranceNetExpensesPayments" xlink:title="LiquidityRiskProjectOnCashFlowsCashFlowsFromNewBusinessDuringTestPeriodReinsuranceNetExpensesPayments"/>
    <link:presentationArc xlink:type="arc" xlink:arcrole="http://www.xbrl.org/2003/arcrole/parent-child" xlink:from="LiquidityRiskProjectOnCashFlowsCashFlowsFromNewBusinessDuringTestPeriod" xlink:to="LiquidityRiskProjectOnCashFlowsCashFlowsFromNewBusinessDuringTestPeriodReinsuranceNetExpensesPayments" xlink:title="presentation: LiquidityRiskProjectOnCashFlowsCashFlowsFromNewBusinessDuringTestPeriod to LiquidityRiskProjectOnCashFlowsCashFlowsFromNewBusinessDuringTestPeriodReinsuranceNetExpensesPayments" use="optional" order="70.0" preferredLabel="http://www.xbrl.org/2003/role/terseLabel"/>
    <link:loc xlink:type="locator" xlink:href="../../c-ross_core_2015-12-31.xsd#c-ross_LiquidityRiskProjectOnCashFlowsOtherCashFlowsFromBusiness" xlink:label="LiquidityRiskProjectOnCashFlowsOtherCashFlowsFromBusiness" xlink:title="LiquidityRiskProjectOnCashFlowsOtherCashFlowsFromBusiness"/>
    <link:presentationArc xlink:type="arc" xlink:arcrole="http://www.xbrl.org/2003/arcrole/parent-child" xlink:from="LiquidityRiskProjectOnCashFlowsCashFlowsFromBusiness" xlink:to="LiquidityRiskProjectOnCashFlowsOtherCashFlowsFromBusiness" xlink:title="presentation: LiquidityRiskProjectOnCashFlowsCashFlowsFromBusiness to LiquidityRiskProjectOnCashFlowsOtherCashFlowsFromBusiness" use="optional" order="30.0" preferredLabel="http://www.xbrl.org/2003/role/terseLabel"/>
    <link:loc xlink:type="locator" xlink:href="../../c-ross_core_2015-12-31.xsd#c-ross_LiquidityRiskProjectOnCashFlowsCashFlowsFromAssets" xlink:label="LiquidityRiskProjectOnCashFlowsCashFlowsFromAssets" xlink:title="LiquidityRiskProjectOnCashFlowsCashFlowsFromAssets"/>
    <link:presentationArc xlink:type="arc" xlink:arcrole="http://www.xbrl.org/2003/arcrole/parent-child" xlink:from="CashFlowTestUnderBaseScenarioForLifeInsuranceCompaniesLineItems" xlink:to="LiquidityRiskProjectOnCashFlowsCashFlowsFromAssets" xlink:title="presentation: CashFlowTestUnderBaseScenarioForLifeInsuranceCompaniesLineItems to LiquidityRiskProjectOnCashFlowsCashFlowsFromAssets" order="20.0" preferredLabel="http://www.xbrl.org/2003/role/terseLabel"/>
    <link:loc xlink:type="locator" xlink:href="../../c-ross_core_2015-12-31.xsd#c-ross_LiquidityRiskProjectOnCashFlowsInterestIncome" xlink:label="LiquidityRiskProjectOnCashFlowsInterestIncome" xlink:title="LiquidityRiskProjectOnCashFlowsInterestIncome"/>
    <link:presentationArc xlink:type="arc" xlink:arcrole="http://www.xbrl.org/2003/arcrole/parent-child" xlink:from="LiquidityRiskProjectOnCashFlowsCashFlowsFromAssets" xlink:to="LiquidityRiskProjectOnCashFlowsInterestIncome" xlink:title="presentation: LiquidityRiskProjectOnCashFlowsCashFlowsFromAssets to LiquidityRiskProjectOnCashFlowsInterestIncome" use="optional" order="10.0" preferredLabel="http://www.xbrl.org/2003/role/terseLabel"/>
    <link:loc xlink:type="locator" xlink:href="../../c-ross_core_2015-12-31.xsd#c-ross_LiquidityRiskProjectOnCashFlowsBonusIncome" xlink:label="LiquidityRiskProjectOnCashFlowsBonusIncome" xlink:title="LiquidityRiskProjectOnCashFlowsBonusIncome"/>
    <link:presentationArc xlink:type="arc" xlink:arcrole="http://www.xbrl.org/2003/arcrole/parent-child" xlink:from="LiquidityRiskProjectOnCashFlowsCashFlowsFromAssets" xlink:to="LiquidityRiskProjectOnCashFlowsBonusIncome" xlink:title="presentation: LiquidityRiskProjectOnCashFlowsCashFlowsFromAssets to LiquidityRiskProjectOnCashFlowsBonusIncome" use="optional" order="20.0" preferredLabel="http://www.xbrl.org/2003/role/terseLabel"/>
    <link:loc xlink:type="locator" xlink:href="../../c-ross_core_2015-12-31.xsd#c-ross_LiquidityRiskProjectOnCashFlowsAssetsMaturity" xlink:label="LiquidityRiskProjectOnCashFlowsAssetsMaturity" xlink:title="LiquidityRiskProjectOnCashFlowsAssetsMaturity"/>
    <link:presentationArc xlink:type="arc" xlink:arcrole="http://www.xbrl.org/2003/arcrole/parent-child" xlink:from="LiquidityRiskProjectOnCashFlowsCashFlowsFromAssets" xlink:to="LiquidityRiskProjectOnCashFlowsAssetsMaturity" xlink:title="presentation: LiquidityRiskProjectOnCashFlowsCashFlowsFromAssets to LiquidityRiskProjectOnCashFlowsAssetsMaturity" use="optional" order="30.0" preferredLabel="http://www.xbrl.org/2003/role/terseLabel"/>
    <link:loc xlink:type="locator" xlink:href="../../c-ross_core_2015-12-31.xsd#c-ross_LiquidityRiskProjectOnCashFlowsSoldAssets" xlink:label="LiquidityRiskProjectOnCashFlowsSoldAssets" xlink:title="LiquidityRiskProjectOnCashFlowsSoldAssets"/>
    <link:presentationArc xlink:type="arc" xlink:arcrole="http://www.xbrl.org/2003/arcrole/parent-child" xlink:from="LiquidityRiskProjectOnCashFlowsCashFlowsFromAssets" xlink:to="LiquidityRiskProjectOnCashFlowsSoldAssets" xlink:title="presentation: LiquidityRiskProjectOnCashFlowsCashFlowsFromAssets to LiquidityRiskProjectOnCashFlowsSoldAssets" use="optional" order="40.0" preferredLabel="http://www.xbrl.org/2003/role/terseLabel"/>
    <link:loc xlink:type="locator" xlink:href="../../c-ross_core_2015-12-31.xsd#c-ross_LiquidityRiskProjectOnCashFlowsOtherCashFlowsFromAssets" xlink:label="LiquidityRiskProjectOnCashFlowsOtherCashFlowsFromAssets" xlink:title="LiquidityRiskProjectOnCashFlowsOtherCashFlowsFromAssets"/>
    <link:presentationArc xlink:type="arc" xlink:arcrole="http://www.xbrl.org/2003/arcrole/parent-child" xlink:from="LiquidityRiskProjectOnCashFlowsCashFlowsFromAssets" xlink:to="LiquidityRiskProjectOnCashFlowsOtherCashFlowsFromAssets" xlink:title="presentation: LiquidityRiskProjectOnCashFlowsCashFlowsFromAssets to LiquidityRiskProjectOnCashFlowsOtherCashFlowsFromAssets" use="optional" order="50.0" preferredLabel="http://www.xbrl.org/2003/role/terseLabel"/>
    <link:loc xlink:type="locator" xlink:href="../../c-ross_core_2015-12-31.xsd#c-ross_LiquidityRiskProjectOnCashFlowsCashFlowsFromFinancing" xlink:label="LiquidityRiskProjectOnCashFlowsCashFlowsFromFinancing" xlink:title="LiquidityRiskProjectOnCashFlowsCashFlowsFromFinancing"/>
    <link:presentationArc xlink:type="arc" xlink:arcrole="http://www.xbrl.org/2003/arcrole/parent-child" xlink:from="CashFlowTestUnderBaseScenarioForLifeInsuranceCompaniesLineItems" xlink:to="LiquidityRiskProjectOnCashFlowsCashFlowsFromFinancing" xlink:title="presentation: CashFlowTestUnderBaseScenarioForLifeInsuranceCompaniesLineItems to LiquidityRiskProjectOnCashFlowsCashFlowsFromFinancing" order="30.0" preferredLabel="http://www.xbrl.org/2003/role/terseLabel"/>
    <link:loc xlink:type="locator" xlink:href="../../c-ross_core_2015-12-31.xsd#c-ross_LiquidityRiskProjectOnCashFlowsCashInflowsFromFinancing" xlink:label="LiquidityRiskProjectOnCashFlowsCashInflowsFromFinancing" xlink:title="LiquidityRiskProjectOnCashFlowsCashInflowsFromFinancing"/>
    <link:presentationArc xlink:type="arc" xlink:arcrole="http://www.xbrl.org/2003/arcrole/parent-child" xlink:from="LiquidityRiskProjectOnCashFlowsCashFlowsFromFinancing" xlink:to="LiquidityRiskProjectOnCashFlowsCashInflowsFromFinancing" xlink:title="presentation: LiquidityRiskProjectOnCashFlowsCashFlowsFromFinancing to LiquidityRiskProjectOnCashFlowsCashInflowsFromFinancing" use="optional" order="10.0" preferredLabel="http://www.xbrl.org/2003/role/terseLabel"/>
    <link:loc xlink:type="locator" xlink:href="../../c-ross_core_2015-12-31.xsd#c-ross_LiquidityRiskProjectOnCashFlowsShareholdersCapitalIncrease" xlink:label="LiquidityRiskProjectOnCashFlowsShareholdersCapitalIncrease" xlink:title="LiquidityRiskProjectOnCashFlowsShareholdersCapitalIncrease"/>
    <link:presentationArc xlink:type="arc" xlink:arcrole="http://www.xbrl.org/2003/arcrole/parent-child" xlink:from="LiquidityRiskProjectOnCashFlowsCashInflowsFromFinancing" xlink:to="LiquidityRiskProjectOnCashFlowsShareholdersCapitalIncrease" xlink:title="presentation: LiquidityRiskProjectOnCashFlowsCashInflowsFromFinancing to LiquidityRiskProjectOnCashFlowsShareholdersCapitalIncrease" use="optional" order="10.0" preferredLabel="http://www.xbrl.org/2003/role/terseLabel"/>
    <link:loc xlink:type="locator" xlink:href="../../c-ross_core_2015-12-31.xsd#c-ross_LiquidityRiskProjectOnCashFlowsSubordinatedDebts" xlink:label="LiquidityRiskProjectOnCashFlowsSubordinatedDebts" xlink:title="LiquidityRiskProjectOnCashFlowsSubordinatedDebts"/>
    <link:presentationArc xlink:type="arc" xlink:arcrole="http://www.xbrl.org/2003/arcrole/parent-child" xlink:from="LiquidityRiskProjectOnCashFlowsCashInflowsFromFinancing" xlink:to="LiquidityRiskProjectOnCashFlowsSubordinatedDebts" xlink:title="presentation: LiquidityRiskProjectOnCashFlowsCashInflowsFromFinancing to LiquidityRiskProjectOnCashFlowsSubordinatedDebts" use="optional" order="20.0" preferredLabel="http://www.xbrl.org/2003/role/terseLabel"/>
    <link:loc xlink:type="locator" xlink:href="../../c-ross_core_2015-12-31.xsd#c-ross_LiquidityRiskProjectOnCashFlowsFinancialAssetsRepurchase" xlink:label="LiquidityRiskProjectOnCashFlowsFinancialAssetsRepurchase" xlink:title="LiquidityRiskProjectOnCashFlowsFinancialAssetsRepurchase"/>
    <link:presentationArc xlink:type="arc" xlink:arcrole="http://www.xbrl.org/2003/arcrole/parent-child" xlink:from="LiquidityRiskProjectOnCashFlowsCashInflowsFromFinancing" xlink:to="LiquidityRiskProjectOnCashFlowsFinancialAssetsRepurchase" xlink:title="presentation: LiquidityRiskProjectOnCashFlowsCashInflowsFromFinancing to LiquidityRiskProjectOnCashFlowsFinancialAssetsRepurchase" use="optional" order="30.0" preferredLabel="http://www.xbrl.org/2003/role/terseLabel"/>
    <link:presentationArc xlink:type="arc" xlink:arcrole="http://www.xbrl.org/2003/arcrole/parent-child" xlink:from="LiquidityRiskProjectOnCashFlowsCashFlowsFromFinancing" xlink:to="LiquidityRiskProjectOnCashFlowsCashOutflowsFromFinancingActivities" xlink:title="presentation: LiquidityRiskProjectOnCashFlowsCashFlowsFromFinancing to LiquidityRiskProjectOnCashFlowsCashOutflowsFromFinancingActivities" order="20.0" preferredLabel="http://www.xbrl.org/2003/role/terseLabel"/>
    <link:loc xlink:type="locator" xlink:href="../../c-ross_core_2015-12-31.xsd#c-ross_LiquidityRiskProjectOnCashFlowsNetCashFlows" xlink:label="LiquidityRiskProjectOnCashFlowsNetCashFlows" xlink:title="LiquidityRiskProjectOnCashFlowsNetCashFlows"/>
    <link:presentationArc xlink:type="arc" xlink:arcrole="http://www.xbrl.org/2003/arcrole/parent-child" xlink:from="CashFlowTestUnderBaseScenarioForLifeInsuranceCompaniesLineItems" xlink:to="LiquidityRiskProjectOnCashFlowsNetCashFlows" xlink:title="presentation: CashFlowTestUnderBaseScenarioForLifeInsuranceCompaniesLineItems to LiquidityRiskProjectOnCashFlowsNetCashFlows" use="optional" order="40.0" preferredLabel="http://www.xbrl.org/2009/role/netLabel"/>
    <link:loc xlink:type="locator" xlink:href="../../c-ross_core_2015-12-31.xsd#c-ross_CashFlowTestUnderBaseScenarioForLifeInsuranceCompaniesProjectOnCashFlowsAbstract" xlink:label="CashFlowTestUnderBaseScenarioForLifeInsuranceCompaniesProjectOnCashFlowsAbstract" xlink:title="CashFlowTestUnderBaseScenarioForLifeInsuranceCompaniesProjectOnCashFlowsAbstract"/>
    <link:presentationArc xlink:type="arc" xlink:arcrole="http://www.xbrl.org/2003/arcrole/parent-child" xlink:from="CashFlowTestUnderBaseScenarioForLifeInsuranceCompaniesProjectOnCashFlowsAbstract" xlink:to="CashFlowTestUnderBaseScenarioForLifeInsuranceCompaniesTable" xlink:title="presentation: CashFlowTestUnderBaseScenarioForLifeInsuranceCompaniesProjectOnCashFlowsAbstract to CashFlowTestUnderBaseScenarioForLifeInsuranceCompaniesTable" order="10.0" preferredLabel="http://www.xbrl.org/2003/role/label"/>
    <link:presentationArc xlink:type="arc" xlink:arcrole="http://www.xbrl.org/2003/arcrole/parent-child" xlink:from="CashFlowTestUnderBaseScenarioForLifeInsuranceCompaniesProjectOnCashFlowsAbstract" xlink:to="CashFlowTestUnderBaseScenarioForLifeInsuranceCompaniesLineItems" xlink:title="presentation: CashFlowTestUnderBaseScenarioForLifeInsuranceCompaniesProjectOnCashFlowsAbstract to CashFlowTestUnderBaseScenarioForLifeInsuranceCompaniesLineItems" order="20.0" preferredLabel="http://www.xbrl.org/2003/role/label"/>
  </link:presentationLink>
</link:linkbase>
