<?xml version="1.0" encoding="UTF-8"?>

<!--
	Taxonomy: 2015-12-31 (Final)
	**********************
	Copyright © 2015 China Insurance Regulatory Commission.
	All rights reserved.  No part of this publication may be translated, reprinted or reproduced
	or utilised in any form either in whole or in part without prior permission in writing from China Insurance Regulatory Commission.
	  **********************
	-->
<link:linkbase xmlns:xsi="http://www.w3.org/2001/XMLSchema-instance" xsi:schemaLocation="http://www.xbrl.org/2003/linkbase http://www.xbrl.org/2003/xbrl-linkbase-2003-12-31.xsd" xmlns:c-ross="http://xbrl.circ.gov.cn/taxonomy/2015-12-31/c-ross" xmlns:link="http://www.xbrl.org/2003/linkbase" xmlns:q_s_pc_entry_point="http://xbrl.circ.gov.cn/taxonomy/2015-12-31/c-ross/q_s_pc_entry_point" xmlns:xlink="http://www.w3.org/1999/xlink" xmlns:xbrli="http://www.xbrl.org/2003/instance">
  <link:roleRef roleURI="http://www.xbrl.org/2009/role/netLabel" xlink:type="simple" xlink:href="http://www.xbrl.org/lrr/role/net-2009-12-16.xsd#netLabel"/>
  <link:roleRef roleURI="http://xbrl.circ.gov.cn/role/c-ross_2015-12-31_role-3180700" xlink:type="simple" xlink:href="rol_c-ross_12_2015-12-31.xsd#c-ross_2015-12-31-3180700"/>
  <link:presentationLink xlink:type="extended" xlink:role="http://xbrl.circ.gov.cn/role/c-ross_2015-12-31_role-3180700">
    <link:loc xlink:type="locator" xlink:href="../../c-ross_core_2015-12-31.xsd#c-ross_StressScenarioForCompulsoryTestMember" xlink:label="StressScenarioForCompulsoryTestMember" xlink:title="StressScenarioForCompulsoryTestMember"/>
    <link:loc xlink:type="locator" xlink:href="../../c-ross_core_2015-12-31.xsd#c-ross_StressScenarioForCompulsoryTestOneMember" xlink:label="StressScenarioForCompulsoryTestOneMember" xlink:title="StressScenarioForCompulsoryTestOneMember"/>
    <link:presentationArc xlink:type="arc" xlink:arcrole="http://www.xbrl.org/2003/arcrole/parent-child" xlink:from="StressScenarioForCompulsoryTestMember" xlink:to="StressScenarioForCompulsoryTestOneMember" xlink:title="presentation: StressScenarioForCompulsoryTestMember to StressScenarioForCompulsoryTestOneMember" use="optional" order="10.0" preferredLabel="http://www.xbrl.org/2003/role/terseLabel"/>
    <link:loc xlink:type="locator" xlink:href="../../c-ross_core_2015-12-31.xsd#c-ross_StressScenarioForCompulsoryTestTwoMember" xlink:label="StressScenarioForCompulsoryTestTwoMember" xlink:title="StressScenarioForCompulsoryTestTwoMember"/>
    <link:presentationArc xlink:type="arc" xlink:arcrole="http://www.xbrl.org/2003/arcrole/parent-child" xlink:from="StressScenarioForCompulsoryTestMember" xlink:to="StressScenarioForCompulsoryTestTwoMember" xlink:title="presentation: StressScenarioForCompulsoryTestMember to StressScenarioForCompulsoryTestTwoMember" use="optional" order="20.0" preferredLabel="http://www.xbrl.org/2003/role/terseLabel"/>
    <link:loc xlink:type="locator" xlink:href="../../c-ross_core_2015-12-31.xsd#c-ross_LiquidityCoverageRatioAbstract" xlink:label="LiquidityCoverageRatioAbstract" xlink:title="LiquidityCoverageRatioAbstract"/>
    <link:loc xlink:type="locator" xlink:href="../../c-ross_core_2015-12-31.xsd#c-ross_LiquidityCoverageRatioTable" xlink:label="LiquidityCoverageRatioTable" xlink:title="LiquidityCoverageRatioTable"/>
    <link:presentationArc xlink:type="arc" xlink:arcrole="http://www.xbrl.org/2003/arcrole/parent-child" xlink:from="LiquidityCoverageRatioAbstract" xlink:to="LiquidityCoverageRatioTable" xlink:title="presentation: LiquidityCoverageRatioAbstract to LiquidityCoverageRatioTable" use="optional" order="10.0" preferredLabel="http://www.xbrl.org/2003/role/label"/>
    <link:loc xlink:type="locator" xlink:href="../../c-ross_core_2015-12-31.xsd#c-ross_LiquidityCoverageRatioTestScenarioAxis" xlink:label="LiquidityCoverageRatioTestScenarioAxis" xlink:title="LiquidityCoverageRatioTestScenarioAxis"/>
    <link:presentationArc xlink:type="arc" xlink:arcrole="http://www.xbrl.org/2003/arcrole/parent-child" xlink:from="LiquidityCoverageRatioTable" xlink:to="LiquidityCoverageRatioTestScenarioAxis" xlink:title="presentation: LiquidityCoverageRatioTable to LiquidityCoverageRatioTestScenarioAxis" use="optional" order="10.0" preferredLabel="http://www.xbrl.org/2003/role/label"/>
    <link:loc xlink:type="locator" xlink:href="../../c-ross_core_2015-12-31.xsd#c-ross_LiquidityCoverageRatioTestScenarioMember" xlink:label="LiquidityCoverageRatioTestScenarioMember" xlink:title="LiquidityCoverageRatioTestScenarioMember"/>
    <link:presentationArc xlink:type="arc" xlink:arcrole="http://www.xbrl.org/2003/arcrole/parent-child" xlink:from="LiquidityCoverageRatioTestScenarioAxis" xlink:to="LiquidityCoverageRatioTestScenarioMember" xlink:title="presentation: LiquidityCoverageRatioTestScenarioAxis to LiquidityCoverageRatioTestScenarioMember" use="optional" order="10.0" preferredLabel="http://www.xbrl.org/2003/role/label"/>
    <link:presentationArc xlink:type="arc" xlink:arcrole="http://www.xbrl.org/2003/arcrole/parent-child" xlink:from="LiquidityCoverageRatioTestScenarioMember" xlink:to="StressScenarioForCompulsoryTestMember" xlink:title="presentation: LiquidityCoverageRatioTestScenarioMember to StressScenarioForCompulsoryTestMember" use="optional" order="10.0" preferredLabel="http://www.xbrl.org/2003/role/label"/>
    <link:loc xlink:type="locator" xlink:href="../../c-ross_core_2015-12-31.xsd#c-ross_LiquidityCoverageRatioTestScopeAxis" xlink:label="LiquidityCoverageRatioTestScopeAxis" xlink:title="LiquidityCoverageRatioTestScopeAxis"/>
    <link:presentationArc xlink:type="arc" xlink:arcrole="http://www.xbrl.org/2003/arcrole/parent-child" xlink:from="LiquidityCoverageRatioTable" xlink:to="LiquidityCoverageRatioTestScopeAxis" xlink:title="presentation: LiquidityCoverageRatioTable to LiquidityCoverageRatioTestScopeAxis" order="20.0" preferredLabel="http://www.xbrl.org/2003/role/label"/>
    <link:loc xlink:type="locator" xlink:href="../../c-ross_core_2015-12-31.xsd#c-ross_LiquidityCoverageRatioTestScopeMember" xlink:label="LiquidityCoverageRatioTestScopeMember" xlink:title="LiquidityCoverageRatioTestScopeMember"/>
    <link:presentationArc xlink:type="arc" xlink:arcrole="http://www.xbrl.org/2003/arcrole/parent-child" xlink:from="LiquidityCoverageRatioTestScopeAxis" xlink:to="LiquidityCoverageRatioTestScopeMember" xlink:title="presentation: LiquidityCoverageRatioTestScopeAxis to LiquidityCoverageRatioTestScopeMember" use="optional" order="10.0" preferredLabel="http://www.xbrl.org/2003/role/label"/>
    <link:loc xlink:type="locator" xlink:href="../../c-ross_core_2015-12-31.xsd#c-ross_OverallBusinessMember" xlink:label="OverallBusinessMember" xlink:title="OverallBusinessMember"/>
    <link:presentationArc xlink:type="arc" xlink:arcrole="http://www.xbrl.org/2003/arcrole/parent-child" xlink:from="LiquidityCoverageRatioTestScopeMember" xlink:to="OverallBusinessMember" xlink:title="presentation: LiquidityCoverageRatioTestScopeMember to OverallBusinessMember" order="10.0" preferredLabel="http://www.xbrl.org/2003/role/label"/>
    <link:loc xlink:type="locator" xlink:href="../../c-ross_core_2015-12-31.xsd#c-ross_SeparateAccountMember" xlink:label="SeparateAccountMember" xlink:title="SeparateAccountMember"/>
    <link:presentationArc xlink:type="arc" xlink:arcrole="http://www.xbrl.org/2003/arcrole/parent-child" xlink:from="LiquidityCoverageRatioTestScopeMember" xlink:to="SeparateAccountMember" xlink:title="presentation: LiquidityCoverageRatioTestScopeMember to SeparateAccountMember" use="optional" order="20.0" preferredLabel="http://www.xbrl.org/2003/role/label"/>
    <link:loc xlink:type="locator" xlink:href="../../c-ross_core_2015-12-31.xsd#c-ross_LiquidityCoverageRatioLineItems" xlink:label="LiquidityCoverageRatioLineItems" xlink:title="LiquidityCoverageRatioLineItems"/>
    <link:presentationArc xlink:type="arc" xlink:arcrole="http://www.xbrl.org/2003/arcrole/parent-child" xlink:from="LiquidityCoverageRatioAbstract" xlink:to="LiquidityCoverageRatioLineItems" xlink:title="presentation: LiquidityCoverageRatioAbstract to LiquidityCoverageRatioLineItems" use="optional" order="20.0" preferredLabel="http://www.xbrl.org/2003/role/label"/>
    <link:loc xlink:type="locator" xlink:href="../../c-ross_core_2015-12-31.xsd#c-ross_LiquidityRiskProjectOnNetCashFlowsInNextQuarter" xlink:label="LiquidityRiskProjectOnCashFlowsNetCashFlowsInNextQuarter" xlink:title="LiquidityRiskProjectOnCashFlowsNetCashFlowsInNextQuarter"/>
    <link:presentationArc xlink:type="arc" xlink:arcrole="http://www.xbrl.org/2003/arcrole/parent-child" xlink:from="LiquidityCoverageRatioLineItems" xlink:to="LiquidityRiskProjectOnCashFlowsNetCashFlowsInNextQuarter" xlink:title="presentation: LiquidityCoverageRatioLineItems to LiquidityRiskProjectOnCashFlowsNetCashFlowsInNextQuarter" order="40.0" preferredLabel="http://www.xbrl.org/2003/role/terseLabel"/>
    <link:loc xlink:type="locator" xlink:href="../../c-ross_core_2015-12-31.xsd#c-ross_LiquidityRiskProjectOnCashOutflowsInNextQuarter" xlink:label="LiquidityRiskProjectOnCashFlowsCashOutflowsInNextQuarter" xlink:title="LiquidityRiskProjectOnCashFlowsCashOutflowsInNextQuarter"/>
    <link:presentationArc xlink:type="arc" xlink:arcrole="http://www.xbrl.org/2003/arcrole/parent-child" xlink:from="LiquidityRiskProjectOnCashFlowsNetCashFlowsInNextQuarter" xlink:to="LiquidityRiskProjectOnCashFlowsCashOutflowsInNextQuarter" xlink:title="presentation: LiquidityRiskProjectOnCashFlowsNetCashFlowsInNextQuarter to LiquidityRiskProjectOnCashFlowsCashOutflowsInNextQuarter" use="optional" order="10.0" preferredLabel="http://www.xbrl.org/2003/role/terseLabel"/>
    <link:loc xlink:type="locator" xlink:href="../../c-ross_core_2015-12-31.xsd#c-ross_LiquidityRiskProjectOnCashOutflowsFromOperatingActivitiesBusinessInNextQuarter" xlink:label="LiquidityRiskProjectOnCashFlowsCashOutflowsFromOperatingActivitiesBusinessInNextQuarter" xlink:title="LiquidityRiskProjectOnCashFlowsCashOutflowsFromOperatingActivitiesBusinessInNextQuarter"/>
    <link:presentationArc xlink:type="arc" xlink:arcrole="http://www.xbrl.org/2003/arcrole/parent-child" xlink:from="LiquidityRiskProjectOnCashFlowsCashOutflowsInNextQuarter" xlink:to="LiquidityRiskProjectOnCashFlowsCashOutflowsFromOperatingActivitiesBusinessInNextQuarter" xlink:title="presentation: LiquidityRiskProjectOnCashFlowsCashOutflowsInNextQuarter to LiquidityRiskProjectOnCashFlowsCashOutflowsFromOperatingActivitiesBusinessInNextQuarter" use="optional" order="10.0" preferredLabel="http://www.xbrl.org/2003/role/terseLabel"/>
    <link:loc xlink:type="locator" xlink:href="../../c-ross_core_2015-12-31.xsd#c-ross_LiquidityRiskProjectOnCashOutflowsFromInvestingActivitiesAssetsInNextQuarter" xlink:label="LiquidityRiskProjectOnCashFlowsCashOutflowsFromInvestingActivitiesAssetsInNextQuarter" xlink:title="LiquidityRiskProjectOnCashFlowsCashOutflowsFromInvestingActivitiesAssetsInNextQuarter"/>
    <link:presentationArc xlink:type="arc" xlink:arcrole="http://www.xbrl.org/2003/arcrole/parent-child" xlink:from="LiquidityRiskProjectOnCashFlowsCashOutflowsInNextQuarter" xlink:to="LiquidityRiskProjectOnCashFlowsCashOutflowsFromInvestingActivitiesAssetsInNextQuarter" xlink:title="presentation: LiquidityRiskProjectOnCashFlowsCashOutflowsInNextQuarter to LiquidityRiskProjectOnCashFlowsCashOutflowsFromInvestingActivitiesAssetsInNextQuarter" use="optional" order="20.0" preferredLabel="http://www.xbrl.org/2003/role/terseLabel"/>
    <link:loc xlink:type="locator" xlink:href="../../c-ross_core_2015-12-31.xsd#c-ross_LiquidityRiskProjectOnCashOutflowsFromFinancingActivitiesInNextQuarter" xlink:label="LiquidityRiskProjectOnCashFlowsCashOutflowsFromFinancingActivitiesInNextQuarter" xlink:title="LiquidityRiskProjectOnCashFlowsCashOutflowsFromFinancingActivitiesInNextQuarter"/>
    <link:presentationArc xlink:type="arc" xlink:arcrole="http://www.xbrl.org/2003/arcrole/parent-child" xlink:from="LiquidityRiskProjectOnCashFlowsCashOutflowsInNextQuarter" xlink:to="LiquidityRiskProjectOnCashFlowsCashOutflowsFromFinancingActivitiesInNextQuarter" xlink:title="presentation: LiquidityRiskProjectOnCashFlowsCashOutflowsInNextQuarter to LiquidityRiskProjectOnCashFlowsCashOutflowsFromFinancingActivitiesInNextQuarter" use="optional" order="30.0" preferredLabel="http://www.xbrl.org/2003/role/terseLabel"/>
    <link:loc xlink:type="locator" xlink:href="../../c-ross_core_2015-12-31.xsd#c-ross_LiquidityRiskTotalEstimatedCashInflowsInNextQuarter" xlink:label="LiquidityRiskTotalEstimatedCashInflowsInNextQuarter" xlink:title="LiquidityRiskTotalEstimatedCashInflowsInNextQuarter"/>
    <link:presentationArc xlink:type="arc" xlink:arcrole="http://www.xbrl.org/2003/arcrole/parent-child" xlink:from="LiquidityRiskProjectOnCashFlowsNetCashFlowsInNextQuarter" xlink:to="LiquidityRiskTotalEstimatedCashInflowsInNextQuarter" xlink:title="presentation: LiquidityRiskProjectOnCashFlowsNetCashFlowsInNextQuarter to LiquidityRiskTotalEstimatedCashInflowsInNextQuarter" use="optional" order="20.0" preferredLabel="http://www.xbrl.org/2003/role/terseLabel"/>
    <link:loc xlink:type="locator" xlink:href="../../c-ross_core_2015-12-31.xsd#c-ross_LiquidityRiskProjectOnCashInflowsFromOperatingActivitiesBusinessInNextQuarter" xlink:label="LiquidityRiskProjectOnCashFlowsCashInflowsFromOperatingActivitiesBusinessInNextQuarter" xlink:title="LiquidityRiskProjectOnCashFlowsCashInflowsFromOperatingActivitiesBusinessInNextQuarter"/>
    <link:presentationArc xlink:type="arc" xlink:arcrole="http://www.xbrl.org/2003/arcrole/parent-child" xlink:from="LiquidityRiskTotalEstimatedCashInflowsInNextQuarter" xlink:to="LiquidityRiskProjectOnCashFlowsCashInflowsFromOperatingActivitiesBusinessInNextQuarter" xlink:title="presentation: LiquidityRiskTotalEstimatedCashInflowsInNextQuarter to LiquidityRiskProjectOnCashFlowsCashInflowsFromOperatingActivitiesBusinessInNextQuarter" use="optional" order="10.0" preferredLabel="http://www.xbrl.org/2003/role/terseLabel"/>
    <link:loc xlink:type="locator" xlink:href="../../c-ross_core_2015-12-31.xsd#c-ross_LiquidityRiskProjectOnCashInflowsFromInvestingActivitiesAssetsInNextQuarter" xlink:label="LiquidityRiskProjectOnCashFlowsCashInflowsFromInvestingActivitiesAssetsInNextQuarter" xlink:title="LiquidityRiskProjectOnCashFlowsCashInflowsFromInvestingActivitiesAssetsInNextQuarter"/>
    <link:presentationArc xlink:type="arc" xlink:arcrole="http://www.xbrl.org/2003/arcrole/parent-child" xlink:from="LiquidityRiskTotalEstimatedCashInflowsInNextQuarter" xlink:to="LiquidityRiskProjectOnCashFlowsCashInflowsFromInvestingActivitiesAssetsInNextQuarter" xlink:title="presentation: LiquidityRiskTotalEstimatedCashInflowsInNextQuarter to LiquidityRiskProjectOnCashFlowsCashInflowsFromInvestingActivitiesAssetsInNextQuarter" use="optional" order="20.0" preferredLabel="http://www.xbrl.org/2003/role/terseLabel"/>
    <link:loc xlink:type="locator" xlink:href="../../c-ross_core_2015-12-31.xsd#c-ross_LiquidityRiskProjectOnCashInflowsFromFinancingActivitiesInNextQuarter" xlink:label="LiquidityRiskProjectOnCashFlowsCashInflowsFromFinancingActivitiesInNextQuarter" xlink:title="LiquidityRiskProjectOnCashFlowsCashInflowsFromFinancingActivitiesInNextQuarter"/>
    <link:presentationArc xlink:type="arc" xlink:arcrole="http://www.xbrl.org/2003/arcrole/parent-child" xlink:from="LiquidityRiskTotalEstimatedCashInflowsInNextQuarter" xlink:to="LiquidityRiskProjectOnCashFlowsCashInflowsFromFinancingActivitiesInNextQuarter" xlink:title="presentation: LiquidityRiskTotalEstimatedCashInflowsInNextQuarter to LiquidityRiskProjectOnCashFlowsCashInflowsFromFinancingActivitiesInNextQuarter" use="optional" order="30.0" preferredLabel="http://www.xbrl.org/2003/role/terseLabel"/>
    <link:loc xlink:type="locator" xlink:href="../../c-ross_core_2015-12-31.xsd#c-ross_LiquidityRiskProjectOnCashInflowsInNextQuarter" xlink:label="LiquidityRiskProjectOnCashFlowsCashInflows" xlink:title="LiquidityRiskProjectOnCashFlowsCashInflows"/>
    <link:presentationArc xlink:type="arc" xlink:arcrole="http://www.xbrl.org/2003/arcrole/parent-child" xlink:from="LiquidityRiskProjectOnCashFlowsNetCashFlowsInNextQuarter" xlink:to="LiquidityRiskProjectOnCashFlowsCashInflows" xlink:title="presentation: LiquidityRiskProjectOnCashFlowsNetCashFlowsInNextQuarter to LiquidityRiskProjectOnCashFlowsCashInflows" use="optional" order="30.0" preferredLabel="http://www.xbrl.org/2003/role/terseLabel"/>
    <link:loc xlink:type="locator" xlink:href="../../c-ross_core_2015-12-31.xsd#c-ross_LiquidityRiskProjectOnNetCashFlowsInNextQuarterAmountAfterConversion" xlink:label="LiquidityRiskProjectOnCashFlowsNetCashFlowsInNextQuarterAmountAfterConversion" xlink:title="LiquidityRiskProjectOnCashFlowsNetCashFlowsInNextQuarterAmountAfterConversion"/>
    <link:presentationArc xlink:type="arc" xlink:arcrole="http://www.xbrl.org/2003/arcrole/parent-child" xlink:from="LiquidityCoverageRatioLineItems" xlink:to="LiquidityRiskProjectOnCashFlowsNetCashFlowsInNextQuarterAmountAfterConversion" xlink:title="presentation: LiquidityCoverageRatioLineItems to LiquidityRiskProjectOnCashFlowsNetCashFlowsInNextQuarterAmountAfterConversion" order="60.0" preferredLabel="http://www.xbrl.org/2003/role/terseLabel"/>
    <link:loc xlink:type="locator" xlink:href="../../c-ross_core_2015-12-31.xsd#c-ross_LiquidityRiskProjectOnCashOutflowsInNextQuarterAmountAfterConversion" xlink:label="LiquidityRiskProjectOnCashFlowsCashOutflowsInNextQuarterAmountAfterConversion" xlink:title="LiquidityRiskProjectOnCashFlowsCashOutflowsInNextQuarterAmountAfterConversion"/>
    <link:presentationArc xlink:type="arc" xlink:arcrole="http://www.xbrl.org/2003/arcrole/parent-child" xlink:from="LiquidityRiskProjectOnCashFlowsNetCashFlowsInNextQuarterAmountAfterConversion" xlink:to="LiquidityRiskProjectOnCashFlowsCashOutflowsInNextQuarterAmountAfterConversion" xlink:title="presentation: LiquidityRiskProjectOnCashFlowsNetCashFlowsInNextQuarterAmountAfterConversion to LiquidityRiskProjectOnCashFlowsCashOutflowsInNextQuarterAmountAfterConversion" use="optional" order="10.0" preferredLabel="http://www.xbrl.org/2003/role/terseLabel"/>
    <link:loc xlink:type="locator" xlink:href="../../c-ross_core_2015-12-31.xsd#c-ross_LiquidityRiskProjectOnCashOutflowsFromOperatingActivitiesBusinessInNextQuarterAmountAfterConversion" xlink:label="LiquidityRiskProjectOnCashFlowsCashOutflowsFromOperatingActivitiesBusinessInNextQuarterAmountAfterConversion" xlink:title="LiquidityRiskProjectOnCashFlowsCashOutflowsFromOperatingActivitiesBusinessInNextQuarterAmountAfterConversion"/>
    <link:presentationArc xlink:type="arc" xlink:arcrole="http://www.xbrl.org/2003/arcrole/parent-child" xlink:from="LiquidityRiskProjectOnCashFlowsCashOutflowsInNextQuarterAmountAfterConversion" xlink:to="LiquidityRiskProjectOnCashFlowsCashOutflowsFromOperatingActivitiesBusinessInNextQuarterAmountAfterConversion" xlink:title="presentation: LiquidityRiskProjectOnCashFlowsCashOutflowsInNextQuarterAmountAfterConversion to LiquidityRiskProjectOnCashFlowsCashOutflowsFromOperatingActivitiesBusinessInNextQuarterAmountAfterConversion" use="optional" order="10.0" preferredLabel="http://www.xbrl.org/2003/role/terseLabel"/>
    <link:loc xlink:type="locator" xlink:href="../../c-ross_core_2015-12-31.xsd#c-ross_LiquidityRiskProjectOnCashOutflowsFromInvestingActivitiesAssetsInNextQuarterAmountAfterConversion" xlink:label="LiquidityRiskProjectOnCashFlowsCashOutflowsFromInvestingActivitiesAssetsInNextQuarterAmountAfterConversion" xlink:title="LiquidityRiskProjectOnCashFlowsCashOutflowsFromInvestingActivitiesAssetsInNextQuarterAmountAfterConversion"/>
    <link:presentationArc xlink:type="arc" xlink:arcrole="http://www.xbrl.org/2003/arcrole/parent-child" xlink:from="LiquidityRiskProjectOnCashFlowsCashOutflowsInNextQuarterAmountAfterConversion" xlink:to="LiquidityRiskProjectOnCashFlowsCashOutflowsFromInvestingActivitiesAssetsInNextQuarterAmountAfterConversion" xlink:title="presentation: LiquidityRiskProjectOnCashFlowsCashOutflowsInNextQuarterAmountAfterConversion to LiquidityRiskProjectOnCashFlowsCashOutflowsFromInvestingActivitiesAssetsInNextQuarterAmountAfterConversion" use="optional" order="20.0" preferredLabel="http://www.xbrl.org/2003/role/terseLabel"/>
    <link:loc xlink:type="locator" xlink:href="../../c-ross_core_2015-12-31.xsd#c-ross_LiquidityRiskProjectOnCashOutflowsFromFinancingActivitiesInNextQuarterAmountAfterConversion" xlink:label="LiquidityRiskProjectOnCashFlowsCashOutflowsFromFinancingActivitiesInNextQuarterAmountAfterConversion" xlink:title="LiquidityRiskProjectOnCashFlowsCashOutflowsFromFinancingActivitiesInNextQuarterAmountAfterConversion"/>
    <link:presentationArc xlink:type="arc" xlink:arcrole="http://www.xbrl.org/2003/arcrole/parent-child" xlink:from="LiquidityRiskProjectOnCashFlowsCashOutflowsInNextQuarterAmountAfterConversion" xlink:to="LiquidityRiskProjectOnCashFlowsCashOutflowsFromFinancingActivitiesInNextQuarterAmountAfterConversion" xlink:title="presentation: LiquidityRiskProjectOnCashFlowsCashOutflowsInNextQuarterAmountAfterConversion to LiquidityRiskProjectOnCashFlowsCashOutflowsFromFinancingActivitiesInNextQuarterAmountAfterConversion" use="optional" order="30.0" preferredLabel="http://www.xbrl.org/2003/role/terseLabel"/>
    <link:loc xlink:type="locator" xlink:href="../../c-ross_core_2015-12-31.xsd#c-ross_LiquidityRiskTotalEstimatedCashInflowsAmountAfterConversion" xlink:label="LiquidityRiskTotalEstimatedCashInflowsAmountAfterConversion" xlink:title="LiquidityRiskTotalEstimatedCashInflowsAmountAfterConversion"/>
    <link:presentationArc xlink:type="arc" xlink:arcrole="http://www.xbrl.org/2003/arcrole/parent-child" xlink:from="LiquidityRiskProjectOnCashFlowsNetCashFlowsInNextQuarterAmountAfterConversion" xlink:to="LiquidityRiskTotalEstimatedCashInflowsAmountAfterConversion" xlink:title="presentation: LiquidityRiskProjectOnCashFlowsNetCashFlowsInNextQuarterAmountAfterConversion to LiquidityRiskTotalEstimatedCashInflowsAmountAfterConversion" use="optional" order="20.0" preferredLabel="http://www.xbrl.org/2003/role/terseLabel"/>
    <link:loc xlink:type="locator" xlink:href="../../c-ross_core_2015-12-31.xsd#c-ross_LiquidityRiskProjectOnCashInflowsFromOperatingActivitiesBusinessInNextQuarterAmountAfterConversion" xlink:label="LiquidityRiskProjectOnCashFlowsCashInflowsFromOperatingActivitiesBusinessInNextQuarterAmountAfterConversion" xlink:title="LiquidityRiskProjectOnCashFlowsCashInflowsFromOperatingActivitiesBusinessInNextQuarterAmountAfterConversion"/>
    <link:presentationArc xlink:type="arc" xlink:arcrole="http://www.xbrl.org/2003/arcrole/parent-child" xlink:from="LiquidityRiskTotalEstimatedCashInflowsAmountAfterConversion" xlink:to="LiquidityRiskProjectOnCashFlowsCashInflowsFromOperatingActivitiesBusinessInNextQuarterAmountAfterConversion" xlink:title="presentation: LiquidityRiskTotalEstimatedCashInflowsAmountAfterConversion to LiquidityRiskProjectOnCashFlowsCashInflowsFromOperatingActivitiesBusinessInNextQuarterAmountAfterConversion" use="optional" order="10.0" preferredLabel="http://www.xbrl.org/2003/role/terseLabel"/>
    <link:loc xlink:type="locator" xlink:href="../../c-ross_core_2015-12-31.xsd#c-ross_LiquidityRiskProjectOnCashInflowsFromInvestingActivitiesAssetsInNextQuarterAmountAfterConversion" xlink:label="LiquidityRiskProjectOnCashFlowsCashInflowsFromInvestingActivitiesAssetsInNextQuarterAmountAfterConversion" xlink:title="LiquidityRiskProjectOnCashFlowsCashInflowsFromInvestingActivitiesAssetsInNextQuarterAmountAfterConversion"/>
    <link:presentationArc xlink:type="arc" xlink:arcrole="http://www.xbrl.org/2003/arcrole/parent-child" xlink:from="LiquidityRiskTotalEstimatedCashInflowsAmountAfterConversion" xlink:to="LiquidityRiskProjectOnCashFlowsCashInflowsFromInvestingActivitiesAssetsInNextQuarterAmountAfterConversion" xlink:title="presentation: LiquidityRiskTotalEstimatedCashInflowsAmountAfterConversion to LiquidityRiskProjectOnCashFlowsCashInflowsFromInvestingActivitiesAssetsInNextQuarterAmountAfterConversion" use="optional" order="20.0" preferredLabel="http://www.xbrl.org/2003/role/terseLabel"/>
    <link:loc xlink:type="locator" xlink:href="../../c-ross_core_2015-12-31.xsd#c-ross_LiquidityRiskProjectOnCashInflowsFromFinancingActivitiesInNextQuarterAmountAfterConversion" xlink:label="LiquidityRiskProjectOnCashFlowsCashInflowsFromFinancingActivitiesInNextQuarterAmountAfterConversion" xlink:title="LiquidityRiskProjectOnCashFlowsCashInflowsFromFinancingActivitiesInNextQuarterAmountAfterConversion"/>
    <link:presentationArc xlink:type="arc" xlink:arcrole="http://www.xbrl.org/2003/arcrole/parent-child" xlink:from="LiquidityRiskTotalEstimatedCashInflowsAmountAfterConversion" xlink:to="LiquidityRiskProjectOnCashFlowsCashInflowsFromFinancingActivitiesInNextQuarterAmountAfterConversion" xlink:title="presentation: LiquidityRiskTotalEstimatedCashInflowsAmountAfterConversion to LiquidityRiskProjectOnCashFlowsCashInflowsFromFinancingActivitiesInNextQuarterAmountAfterConversion" use="optional" order="30.0" preferredLabel="http://www.xbrl.org/2003/role/terseLabel"/>
    <link:loc xlink:type="locator" xlink:href="../../c-ross_core_2015-12-31.xsd#c-ross_LiquidityRiskProjectOnCashInflowsInNextQuarterAmountAfterConversion" xlink:label="LiquidityRiskProjectOnCashFlowsCashInflowsInNextQuarterAmountAfterConversion" xlink:title="LiquidityRiskProjectOnCashFlowsCashInflowsInNextQuarterAmountAfterConversion"/>
    <link:presentationArc xlink:type="arc" xlink:arcrole="http://www.xbrl.org/2003/arcrole/parent-child" xlink:from="LiquidityRiskProjectOnCashFlowsNetCashFlowsInNextQuarterAmountAfterConversion" xlink:to="LiquidityRiskProjectOnCashFlowsCashInflowsInNextQuarterAmountAfterConversion" xlink:title="presentation: LiquidityRiskProjectOnCashFlowsNetCashFlowsInNextQuarterAmountAfterConversion to LiquidityRiskProjectOnCashFlowsCashInflowsInNextQuarterAmountAfterConversion" use="optional" order="30.0" preferredLabel="http://www.xbrl.org/2003/role/terseLabel"/>
    <link:loc xlink:type="locator" xlink:href="../../c-ross_core_2015-12-31.xsd#c-ross_LiquidityRiskLiquidityCoverageRatio" xlink:label="LiquidityRiskLiquidityCoverageRatio" xlink:title="LiquidityRiskLiquidityCoverageRatio"/>
    <link:presentationArc xlink:type="arc" xlink:arcrole="http://www.xbrl.org/2003/arcrole/parent-child" xlink:from="LiquidityCoverageRatioLineItems" xlink:to="LiquidityRiskLiquidityCoverageRatio" xlink:title="presentation: LiquidityCoverageRatioLineItems to LiquidityRiskLiquidityCoverageRatio" order="70.0" preferredLabel="http://www.xbrl.org/2003/role/terseLabel"/>
    <link:loc xlink:type="locator" xlink:href="../../c-ross_core_2015-12-31.xsd#c-ross_LiquidityRiskHighQualityLiquidAssets" xlink:label="LiquidityRiskHighQualityLiquidAssets" xlink:title="LiquidityRiskHighQualityLiquidAssets"/>
    <link:presentationArc xlink:type="arc" xlink:arcrole="http://www.xbrl.org/2003/arcrole/parent-child" xlink:from="LiquidityCoverageRatioLineItems" xlink:to="LiquidityRiskHighQualityLiquidAssets" xlink:title="presentation: LiquidityCoverageRatioLineItems to LiquidityRiskHighQualityLiquidAssets" use="optional" order="10.0" preferredLabel="http://www.xbrl.org/2003/role/terseLabel"/>
    <link:loc xlink:type="locator" xlink:href="../../c-ross_core_2015-12-31.xsd#c-ross_LiquidityRiskCash" xlink:label="LiquidityRiskCash" xlink:title="LiquidityRiskCash"/>
    <link:presentationArc xlink:type="arc" xlink:arcrole="http://www.xbrl.org/2003/arcrole/parent-child" xlink:from="LiquidityRiskHighQualityLiquidAssets" xlink:to="LiquidityRiskCash" xlink:title="presentation: LiquidityRiskHighQualityLiquidAssets to LiquidityRiskCash" use="optional" order="10.0" preferredLabel="http://www.xbrl.org/2003/role/terseLabel"/>
    <link:loc xlink:type="locator" xlink:href="../../c-ross_core_2015-12-31.xsd#c-ross_LiquidityRiskGovernmentBonds" xlink:label="LiquidityRiskGovernmentBonds" xlink:title="LiquidityRiskGovernmentBonds"/>
    <link:presentationArc xlink:type="arc" xlink:arcrole="http://www.xbrl.org/2003/arcrole/parent-child" xlink:from="LiquidityRiskHighQualityLiquidAssets" xlink:to="LiquidityRiskGovernmentBonds" xlink:title="presentation: LiquidityRiskHighQualityLiquidAssets to LiquidityRiskGovernmentBonds" use="optional" order="20.0" preferredLabel="http://www.xbrl.org/2003/role/terseLabel"/>
    <link:loc xlink:type="locator" xlink:href="../../c-ross_core_2015-12-31.xsd#c-ross_LiquidityRiskBondsAndBillsIssuedOrGuaranteedByCentralBank" xlink:label="LiquidityRiskBondsAndBillsIssuedOrGuaranteedByCentralBank" xlink:title="LiquidityRiskBondsAndBillsIssuedOrGuaranteedByCentralBank"/>
    <link:presentationArc xlink:type="arc" xlink:arcrole="http://www.xbrl.org/2003/arcrole/parent-child" xlink:from="LiquidityRiskHighQualityLiquidAssets" xlink:to="LiquidityRiskBondsAndBillsIssuedOrGuaranteedByCentralBank" xlink:title="presentation: LiquidityRiskHighQualityLiquidAssets to LiquidityRiskBondsAndBillsIssuedOrGuaranteedByCentralBank" use="optional" order="30.0" preferredLabel="http://www.xbrl.org/2003/role/terseLabel"/>
    <link:loc xlink:type="locator" xlink:href="../../c-ross_core_2015-12-31.xsd#c-ross_LiquidityRiskTermDepositsAvailableForEarlyWithdrawal" xlink:label="LiquidityRiskTermDepositsAvailableForEarlyWithdrawal" xlink:title="LiquidityRiskTermDepositsAvailableForEarlyWithdrawal"/>
    <link:presentationArc xlink:type="arc" xlink:arcrole="http://www.xbrl.org/2003/arcrole/parent-child" xlink:from="LiquidityRiskHighQualityLiquidAssets" xlink:to="LiquidityRiskTermDepositsAvailableForEarlyWithdrawal" xlink:title="presentation: LiquidityRiskHighQualityLiquidAssets to LiquidityRiskTermDepositsAvailableForEarlyWithdrawal" use="optional" order="40.0" preferredLabel="http://www.xbrl.org/2003/role/terseLabel"/>
    <link:loc xlink:type="locator" xlink:href="../../c-ross_core_2015-12-31.xsd#c-ross_LiquidityRiskNegotiatedDepositsAvailableForEarlyWithdrawal" xlink:label="LiquidityRiskNegotiatedDepositsAvailableForEarlyWithdrawal" xlink:title="LiquidityRiskNegotiatedDepositsAvailableForEarlyWithdrawal"/>
    <link:presentationArc xlink:type="arc" xlink:arcrole="http://www.xbrl.org/2003/arcrole/parent-child" xlink:from="LiquidityRiskHighQualityLiquidAssets" xlink:to="LiquidityRiskNegotiatedDepositsAvailableForEarlyWithdrawal" xlink:title="presentation: LiquidityRiskHighQualityLiquidAssets to LiquidityRiskNegotiatedDepositsAvailableForEarlyWithdrawal" use="optional" order="50.0" preferredLabel="http://www.xbrl.org/2003/role/terseLabel"/>
    <link:loc xlink:type="locator" xlink:href="../../c-ross_core_2015-12-31.xsd#c-ross_LiquidityRiskAaaFinancialBondsIssuedByPolicyBanks" xlink:label="LiquidityRiskAaaFinancialBondsIssuedByPolicyBanks" xlink:title="LiquidityRiskAaaFinancialBondsIssuedByPolicyBanks"/>
    <link:presentationArc xlink:type="arc" xlink:arcrole="http://www.xbrl.org/2003/arcrole/parent-child" xlink:from="LiquidityRiskHighQualityLiquidAssets" xlink:to="LiquidityRiskAaaFinancialBondsIssuedByPolicyBanks" xlink:title="presentation: LiquidityRiskHighQualityLiquidAssets to LiquidityRiskAaaFinancialBondsIssuedByPolicyBanks" use="optional" order="60.0" preferredLabel="http://www.xbrl.org/2003/role/terseLabel"/>
    <link:loc xlink:type="locator" xlink:href="../../c-ross_core_2015-12-31.xsd#c-ross_LiquidityRiskAaaFinancialBondsIssuedByCommercialBanks" xlink:label="LiquidityRiskAaaFinancialBondsIssuedByCommercialBanks" xlink:title="LiquidityRiskAaaFinancialBondsIssuedByCommercialBanks"/>
    <link:presentationArc xlink:type="arc" xlink:arcrole="http://www.xbrl.org/2003/arcrole/parent-child" xlink:from="LiquidityRiskHighQualityLiquidAssets" xlink:to="LiquidityRiskAaaFinancialBondsIssuedByCommercialBanks" xlink:title="presentation: LiquidityRiskHighQualityLiquidAssets to LiquidityRiskAaaFinancialBondsIssuedByCommercialBanks" use="optional" order="70.0" preferredLabel="http://www.xbrl.org/2003/role/terseLabel"/>
    <link:loc xlink:type="locator" xlink:href="../../c-ross_core_2015-12-31.xsd#c-ross_LiquidityRiskAaaCorporateBonds" xlink:label="LiquidityRiskAaaCorporateBonds" xlink:title="LiquidityRiskAaaCorporateBonds"/>
    <link:presentationArc xlink:type="arc" xlink:arcrole="http://www.xbrl.org/2003/arcrole/parent-child" xlink:from="LiquidityRiskHighQualityLiquidAssets" xlink:to="LiquidityRiskAaaCorporateBonds" xlink:title="presentation: LiquidityRiskHighQualityLiquidAssets to LiquidityRiskAaaCorporateBonds" use="optional" order="80.0" preferredLabel="http://www.xbrl.org/2003/role/terseLabel"/>
    <link:loc xlink:type="locator" xlink:href="../../c-ross_core_2015-12-31.xsd#c-ross_LiquidityRiskAaaEnterpriseBonds" xlink:label="LiquidityRiskAaaEnterpriseBonds" xlink:title="LiquidityRiskAaaEnterpriseBonds"/>
    <link:presentationArc xlink:type="arc" xlink:arcrole="http://www.xbrl.org/2003/arcrole/parent-child" xlink:from="LiquidityRiskHighQualityLiquidAssets" xlink:to="LiquidityRiskAaaEnterpriseBonds" xlink:title="presentation: LiquidityRiskHighQualityLiquidAssets to LiquidityRiskAaaEnterpriseBonds" use="optional" order="90.0" preferredLabel="http://www.xbrl.org/2003/role/terseLabel"/>
    <link:loc xlink:type="locator" xlink:href="../../c-ross_core_2015-12-31.xsd#c-ross_LiquidityRiskListedStocks" xlink:label="LiquidityRiskListedStocks" xlink:title="LiquidityRiskListedStocks"/>
    <link:presentationArc xlink:type="arc" xlink:arcrole="http://www.xbrl.org/2003/arcrole/parent-child" xlink:from="LiquidityRiskHighQualityLiquidAssets" xlink:to="LiquidityRiskListedStocks" xlink:title="presentation: LiquidityRiskHighQualityLiquidAssets to LiquidityRiskListedStocks" use="optional" order="100.0" preferredLabel="http://www.xbrl.org/2003/role/terseLabel"/>
    <link:loc xlink:type="locator" xlink:href="../../c-ross_core_2015-12-31.xsd#c-ross_LiquidityRiskHighQualityLiquidAssetsAmountAfterConversion" xlink:label="LiquidityRiskHighQualityLiquidAssetsAmountAfterConversion" xlink:title="LiquidityRiskHighQualityLiquidAssetsAmountAfterConversion"/>
    <link:presentationArc xlink:type="arc" xlink:arcrole="http://www.xbrl.org/2003/arcrole/parent-child" xlink:from="LiquidityCoverageRatioLineItems" xlink:to="LiquidityRiskHighQualityLiquidAssetsAmountAfterConversion" xlink:title="presentation: LiquidityCoverageRatioLineItems to LiquidityRiskHighQualityLiquidAssetsAmountAfterConversion" use="optional" order="30.0" preferredLabel="http://www.xbrl.org/2003/role/terseLabel"/>
    <link:loc xlink:type="locator" xlink:href="../../c-ross_core_2015-12-31.xsd#c-ross_LiquidityRiskCashAmountAfterConversion" xlink:label="LiquidityRiskCashAmountAfterConversion" xlink:title="LiquidityRiskCashAmountAfterConversion"/>
    <link:presentationArc xlink:type="arc" xlink:arcrole="http://www.xbrl.org/2003/arcrole/parent-child" xlink:from="LiquidityRiskHighQualityLiquidAssetsAmountAfterConversion" xlink:to="LiquidityRiskCashAmountAfterConversion" xlink:title="presentation: LiquidityRiskHighQualityLiquidAssetsAmountAfterConversion to LiquidityRiskCashAmountAfterConversion" use="optional" order="10.0" preferredLabel="http://www.xbrl.org/2003/role/terseLabel"/>
    <link:loc xlink:type="locator" xlink:href="../../c-ross_core_2015-12-31.xsd#c-ross_LiquidityRiskGovernmentBondsAmountAfterConversion" xlink:label="LiquidityRiskGovernmentBondsAmountAfterConversion" xlink:title="LiquidityRiskGovernmentBondsAmountAfterConversion"/>
    <link:presentationArc xlink:type="arc" xlink:arcrole="http://www.xbrl.org/2003/arcrole/parent-child" xlink:from="LiquidityRiskHighQualityLiquidAssetsAmountAfterConversion" xlink:to="LiquidityRiskGovernmentBondsAmountAfterConversion" xlink:title="presentation: LiquidityRiskHighQualityLiquidAssetsAmountAfterConversion to LiquidityRiskGovernmentBondsAmountAfterConversion" use="optional" order="20.0" preferredLabel="http://www.xbrl.org/2003/role/terseLabel"/>
    <link:loc xlink:type="locator" xlink:href="../../c-ross_core_2015-12-31.xsd#c-ross_LiquidityRiskBondsAndBillsIssuedOrGuaranteedByCentralBankAmountAfterConversion" xlink:label="LiquidityRiskBondsAndBillsIssuedOrGuaranteedByCentralBankAmountAfterConversion" xlink:title="LiquidityRiskBondsAndBillsIssuedOrGuaranteedByCentralBankAmountAfterConversion"/>
    <link:presentationArc xlink:type="arc" xlink:arcrole="http://www.xbrl.org/2003/arcrole/parent-child" xlink:from="LiquidityRiskHighQualityLiquidAssetsAmountAfterConversion" xlink:to="LiquidityRiskBondsAndBillsIssuedOrGuaranteedByCentralBankAmountAfterConversion" xlink:title="presentation: LiquidityRiskHighQualityLiquidAssetsAmountAfterConversion to LiquidityRiskBondsAndBillsIssuedOrGuaranteedByCentralBankAmountAfterConversion" use="optional" order="30.0" preferredLabel="http://www.xbrl.org/2003/role/terseLabel"/>
    <link:loc xlink:type="locator" xlink:href="../../c-ross_core_2015-12-31.xsd#c-ross_LiquidityRiskTermDepositsAvailableForEarlyWithdrawalAmountAfterConversion" xlink:label="LiquidityRiskTermDepositsAvailableForEarlyWithdrawalAmountAfterConversion" xlink:title="LiquidityRiskTermDepositsAvailableForEarlyWithdrawalAmountAfterConversion"/>
    <link:presentationArc xlink:type="arc" xlink:arcrole="http://www.xbrl.org/2003/arcrole/parent-child" xlink:from="LiquidityRiskHighQualityLiquidAssetsAmountAfterConversion" xlink:to="LiquidityRiskTermDepositsAvailableForEarlyWithdrawalAmountAfterConversion" xlink:title="presentation: LiquidityRiskHighQualityLiquidAssetsAmountAfterConversion to LiquidityRiskTermDepositsAvailableForEarlyWithdrawalAmountAfterConversion" use="optional" order="40.0" preferredLabel="http://www.xbrl.org/2003/role/terseLabel"/>
    <link:loc xlink:type="locator" xlink:href="../../c-ross_core_2015-12-31.xsd#c-ross_LiquidityRiskNegotiatedDepositsAvailableForEarlyWithdrawalAmountAfterConversion" xlink:label="LiquidityRiskNegotiatedDepositsAvailableForEarlyWithdrawalAmountAfterConversion" xlink:title="LiquidityRiskNegotiatedDepositsAvailableForEarlyWithdrawalAmountAfterConversion"/>
    <link:presentationArc xlink:type="arc" xlink:arcrole="http://www.xbrl.org/2003/arcrole/parent-child" xlink:from="LiquidityRiskHighQualityLiquidAssetsAmountAfterConversion" xlink:to="LiquidityRiskNegotiatedDepositsAvailableForEarlyWithdrawalAmountAfterConversion" xlink:title="presentation: LiquidityRiskHighQualityLiquidAssetsAmountAfterConversion to LiquidityRiskNegotiatedDepositsAvailableForEarlyWithdrawalAmountAfterConversion" use="optional" order="50.0" preferredLabel="http://www.xbrl.org/2003/role/terseLabel"/>
    <link:loc xlink:type="locator" xlink:href="../../c-ross_core_2015-12-31.xsd#c-ross_LiquidityRiskAaaFinancialBondsIssuedByPolicyBanksAmountAfterConversion" xlink:label="LiquidityRiskAaaFinancialBondsIssuedByPolicyBanksAmountAfterConversion" xlink:title="LiquidityRiskAaaFinancialBondsIssuedByPolicyBanksAmountAfterConversion"/>
    <link:presentationArc xlink:type="arc" xlink:arcrole="http://www.xbrl.org/2003/arcrole/parent-child" xlink:from="LiquidityRiskHighQualityLiquidAssetsAmountAfterConversion" xlink:to="LiquidityRiskAaaFinancialBondsIssuedByPolicyBanksAmountAfterConversion" xlink:title="presentation: LiquidityRiskHighQualityLiquidAssetsAmountAfterConversion to LiquidityRiskAaaFinancialBondsIssuedByPolicyBanksAmountAfterConversion" use="optional" order="60.0" preferredLabel="http://www.xbrl.org/2003/role/terseLabel"/>
    <link:loc xlink:type="locator" xlink:href="../../c-ross_core_2015-12-31.xsd#c-ross_LiquidityRiskAaaFinancialBondsIssuedByCommercialBanksAmountAfterConversion" xlink:label="LiquidityRiskAaaFinancialBondsIssuedByCommercialBanksAmountAfterConversion" xlink:title="LiquidityRiskAaaFinancialBondsIssuedByCommercialBanksAmountAfterConversion"/>
    <link:presentationArc xlink:type="arc" xlink:arcrole="http://www.xbrl.org/2003/arcrole/parent-child" xlink:from="LiquidityRiskHighQualityLiquidAssetsAmountAfterConversion" xlink:to="LiquidityRiskAaaFinancialBondsIssuedByCommercialBanksAmountAfterConversion" xlink:title="presentation: LiquidityRiskHighQualityLiquidAssetsAmountAfterConversion to LiquidityRiskAaaFinancialBondsIssuedByCommercialBanksAmountAfterConversion" use="optional" order="70.0" preferredLabel="http://www.xbrl.org/2003/role/terseLabel"/>
    <link:loc xlink:type="locator" xlink:href="../../c-ross_core_2015-12-31.xsd#c-ross_LiquidityRiskAaaCorporateBondsAmountAfterConversion" xlink:label="LiquidityRiskAaaCorporateBondsAmountAfterConversion" xlink:title="LiquidityRiskAaaCorporateBondsAmountAfterConversion"/>
    <link:presentationArc xlink:type="arc" xlink:arcrole="http://www.xbrl.org/2003/arcrole/parent-child" xlink:from="LiquidityRiskHighQualityLiquidAssetsAmountAfterConversion" xlink:to="LiquidityRiskAaaCorporateBondsAmountAfterConversion" xlink:title="presentation: LiquidityRiskHighQualityLiquidAssetsAmountAfterConversion to LiquidityRiskAaaCorporateBondsAmountAfterConversion" use="optional" order="80.0" preferredLabel="http://www.xbrl.org/2003/role/terseLabel"/>
    <link:loc xlink:type="locator" xlink:href="../../c-ross_core_2015-12-31.xsd#c-ross_LiquidityRiskAaaEnterpriseBondsAmountAfterConversion" xlink:label="LiquidityRiskAaaEnterpriseBondsAmountAfterConversion" xlink:title="LiquidityRiskAaaEnterpriseBondsAmountAfterConversion"/>
    <link:presentationArc xlink:type="arc" xlink:arcrole="http://www.xbrl.org/2003/arcrole/parent-child" xlink:from="LiquidityRiskHighQualityLiquidAssetsAmountAfterConversion" xlink:to="LiquidityRiskAaaEnterpriseBondsAmountAfterConversion" xlink:title="presentation: LiquidityRiskHighQualityLiquidAssetsAmountAfterConversion to LiquidityRiskAaaEnterpriseBondsAmountAfterConversion" use="optional" order="90.0" preferredLabel="http://www.xbrl.org/2003/role/terseLabel"/>
    <link:loc xlink:type="locator" xlink:href="../../c-ross_core_2015-12-31.xsd#c-ross_LiquidityRiskListedStocksAmountAfterConversion" xlink:label="LiquidityRiskListedStocksAmountAfterConversion" xlink:title="LiquidityRiskListedStocksAmountAfterConversion"/>
    <link:presentationArc xlink:type="arc" xlink:arcrole="http://www.xbrl.org/2003/arcrole/parent-child" xlink:from="LiquidityRiskHighQualityLiquidAssetsAmountAfterConversion" xlink:to="LiquidityRiskListedStocksAmountAfterConversion" xlink:title="presentation: LiquidityRiskHighQualityLiquidAssetsAmountAfterConversion to LiquidityRiskListedStocksAmountAfterConversion" use="optional" order="100.0" preferredLabel="http://www.xbrl.org/2003/role/terseLabel"/>
    <link:loc xlink:type="locator" xlink:href="../../c-ross_core_2015-12-31.xsd#c-ross_LiquidityRiskHighQualityLiquidAssetsConversionCoefficientAbstract" xlink:label="LiquidityRiskHighQualityLiquidAssetsConversionCoefficientAbstract" xlink:title="LiquidityRiskHighQualityLiquidAssetsConversionCoefficientAbstract"/>
    <link:presentationArc xlink:type="arc" xlink:arcrole="http://www.xbrl.org/2003/arcrole/parent-child" xlink:from="LiquidityCoverageRatioLineItems" xlink:to="LiquidityRiskHighQualityLiquidAssetsConversionCoefficientAbstract" xlink:title="presentation: LiquidityCoverageRatioLineItems to LiquidityRiskHighQualityLiquidAssetsConversionCoefficientAbstract" order="20.0" preferredLabel="http://www.xbrl.org/2003/role/terseLabel"/>
    <link:loc xlink:type="locator" xlink:href="../../c-ross_core_2015-12-31.xsd#c-ross_LiquidityRiskCashConversionCoefficient" xlink:label="LiquidityRiskCashConversionCoefficient" xlink:title="LiquidityRiskCashConversionCoefficient"/>
    <link:presentationArc xlink:type="arc" xlink:arcrole="http://www.xbrl.org/2003/arcrole/parent-child" xlink:from="LiquidityRiskHighQualityLiquidAssetsConversionCoefficientAbstract" xlink:to="LiquidityRiskCashConversionCoefficient" xlink:title="presentation: LiquidityRiskHighQualityLiquidAssetsConversionCoefficientAbstract to LiquidityRiskCashConversionCoefficient" use="optional" order="10.0" preferredLabel="http://www.xbrl.org/2003/role/terseLabel"/>
    <link:loc xlink:type="locator" xlink:href="../../c-ross_core_2015-12-31.xsd#c-ross_LiquidityRiskGovernmentBondsConversionCoefficient" xlink:label="LiquidityRiskGovernmentBondsConversionCoefficient" xlink:title="LiquidityRiskGovernmentBondsConversionCoefficient"/>
    <link:presentationArc xlink:type="arc" xlink:arcrole="http://www.xbrl.org/2003/arcrole/parent-child" xlink:from="LiquidityRiskHighQualityLiquidAssetsConversionCoefficientAbstract" xlink:to="LiquidityRiskGovernmentBondsConversionCoefficient" xlink:title="presentation: LiquidityRiskHighQualityLiquidAssetsConversionCoefficientAbstract to LiquidityRiskGovernmentBondsConversionCoefficient" use="optional" order="20.0" preferredLabel="http://www.xbrl.org/2003/role/terseLabel"/>
    <link:loc xlink:type="locator" xlink:href="../../c-ross_core_2015-12-31.xsd#c-ross_LiquidityRiskBondsAndBillsIssuedOrGuaranteedByCentralBankConversionCoefficient" xlink:label="LiquidityRiskBondsAndBillsIssuedOrGuaranteedByCentralBankConversionCoefficient" xlink:title="LiquidityRiskBondsAndBillsIssuedOrGuaranteedByCentralBankConversionCoefficient"/>
    <link:presentationArc xlink:type="arc" xlink:arcrole="http://www.xbrl.org/2003/arcrole/parent-child" xlink:from="LiquidityRiskHighQualityLiquidAssetsConversionCoefficientAbstract" xlink:to="LiquidityRiskBondsAndBillsIssuedOrGuaranteedByCentralBankConversionCoefficient" xlink:title="presentation: LiquidityRiskHighQualityLiquidAssetsConversionCoefficientAbstract to LiquidityRiskBondsAndBillsIssuedOrGuaranteedByCentralBankConversionCoefficient" use="optional" order="30.0" preferredLabel="http://www.xbrl.org/2003/role/terseLabel"/>
    <link:loc xlink:type="locator" xlink:href="../../c-ross_core_2015-12-31.xsd#c-ross_LiquidityRiskTermDepositsAvailableForEarlyWithdrawalConversionCoefficient" xlink:label="LiquidityRiskTermDepositsAvailableForEarlyWithdrawalConversionCoefficient" xlink:title="LiquidityRiskTermDepositsAvailableForEarlyWithdrawalConversionCoefficient"/>
    <link:presentationArc xlink:type="arc" xlink:arcrole="http://www.xbrl.org/2003/arcrole/parent-child" xlink:from="LiquidityRiskHighQualityLiquidAssetsConversionCoefficientAbstract" xlink:to="LiquidityRiskTermDepositsAvailableForEarlyWithdrawalConversionCoefficient" xlink:title="presentation: LiquidityRiskHighQualityLiquidAssetsConversionCoefficientAbstract to LiquidityRiskTermDepositsAvailableForEarlyWithdrawalConversionCoefficient" use="optional" order="40.0" preferredLabel="http://www.xbrl.org/2003/role/terseLabel"/>
    <link:loc xlink:type="locator" xlink:href="../../c-ross_core_2015-12-31.xsd#c-ross_LiquidityRiskNegotiatedDepositsAvailableForEarlyWithdrawalConversionCoefficient" xlink:label="LiquidityRiskNegotiatedDepositsAvailableForEarlyWithdrawalConversionCoefficient" xlink:title="LiquidityRiskNegotiatedDepositsAvailableForEarlyWithdrawalConversionCoefficient"/>
    <link:presentationArc xlink:type="arc" xlink:arcrole="http://www.xbrl.org/2003/arcrole/parent-child" xlink:from="LiquidityRiskHighQualityLiquidAssetsConversionCoefficientAbstract" xlink:to="LiquidityRiskNegotiatedDepositsAvailableForEarlyWithdrawalConversionCoefficient" xlink:title="presentation: LiquidityRiskHighQualityLiquidAssetsConversionCoefficientAbstract to LiquidityRiskNegotiatedDepositsAvailableForEarlyWithdrawalConversionCoefficient" use="optional" order="50.0" preferredLabel="http://www.xbrl.org/2003/role/terseLabel"/>
    <link:loc xlink:type="locator" xlink:href="../../c-ross_core_2015-12-31.xsd#c-ross_LiquidityRiskAaaFinancialBondsIssuedByPolicyBanksConversionCoefficient" xlink:label="LiquidityRiskAaaFinancialBondsIssuedByPolicyBanksConversionCoefficient" xlink:title="LiquidityRiskAaaFinancialBondsIssuedByPolicyBanksConversionCoefficient"/>
    <link:presentationArc xlink:type="arc" xlink:arcrole="http://www.xbrl.org/2003/arcrole/parent-child" xlink:from="LiquidityRiskHighQualityLiquidAssetsConversionCoefficientAbstract" xlink:to="LiquidityRiskAaaFinancialBondsIssuedByPolicyBanksConversionCoefficient" xlink:title="presentation: LiquidityRiskHighQualityLiquidAssetsConversionCoefficientAbstract to LiquidityRiskAaaFinancialBondsIssuedByPolicyBanksConversionCoefficient" use="optional" order="60.0" preferredLabel="http://www.xbrl.org/2003/role/terseLabel"/>
    <link:loc xlink:type="locator" xlink:href="../../c-ross_core_2015-12-31.xsd#c-ross_LiquidityRiskAaaFinancialBondsIssuedByCommercialBanksConversionCoefficient" xlink:label="LiquidityRiskAaaFinancialBondsIssuedByCommercialBanksConversionCoefficient" xlink:title="LiquidityRiskAaaFinancialBondsIssuedByCommercialBanksConversionCoefficient"/>
    <link:presentationArc xlink:type="arc" xlink:arcrole="http://www.xbrl.org/2003/arcrole/parent-child" xlink:from="LiquidityRiskHighQualityLiquidAssetsConversionCoefficientAbstract" xlink:to="LiquidityRiskAaaFinancialBondsIssuedByCommercialBanksConversionCoefficient" xlink:title="presentation: LiquidityRiskHighQualityLiquidAssetsConversionCoefficientAbstract to LiquidityRiskAaaFinancialBondsIssuedByCommercialBanksConversionCoefficient" use="optional" order="70.0" preferredLabel="http://www.xbrl.org/2003/role/terseLabel"/>
    <link:loc xlink:type="locator" xlink:href="../../c-ross_core_2015-12-31.xsd#c-ross_LiquidityRiskAaaCorporateBondsConversionCoefficient" xlink:label="LiquidityRiskAaaCorporateBondsConversionCoefficient" xlink:title="LiquidityRiskAaaCorporateBondsConversionCoefficient"/>
    <link:presentationArc xlink:type="arc" xlink:arcrole="http://www.xbrl.org/2003/arcrole/parent-child" xlink:from="LiquidityRiskHighQualityLiquidAssetsConversionCoefficientAbstract" xlink:to="LiquidityRiskAaaCorporateBondsConversionCoefficient" xlink:title="presentation: LiquidityRiskHighQualityLiquidAssetsConversionCoefficientAbstract to LiquidityRiskAaaCorporateBondsConversionCoefficient" use="optional" order="80.0" preferredLabel="http://www.xbrl.org/2003/role/terseLabel"/>
    <link:loc xlink:type="locator" xlink:href="../../c-ross_core_2015-12-31.xsd#c-ross_LiquidityRiskAaaEnterpriseBondsConversionCoefficient" xlink:label="LiquidityRiskAaaEnterpriseBondsConversionCoefficient" xlink:title="LiquidityRiskAaaEnterpriseBondsConversionCoefficient"/>
    <link:presentationArc xlink:type="arc" xlink:arcrole="http://www.xbrl.org/2003/arcrole/parent-child" xlink:from="LiquidityRiskHighQualityLiquidAssetsConversionCoefficientAbstract" xlink:to="LiquidityRiskAaaEnterpriseBondsConversionCoefficient" xlink:title="presentation: LiquidityRiskHighQualityLiquidAssetsConversionCoefficientAbstract to LiquidityRiskAaaEnterpriseBondsConversionCoefficient" use="optional" order="90.0" preferredLabel="http://www.xbrl.org/2003/role/terseLabel"/>
    <link:loc xlink:type="locator" xlink:href="../../c-ross_core_2015-12-31.xsd#c-ross_LiquidityRiskListedStocksConversionCoefficient" xlink:label="LiquidityRiskListedStocksConversionCoefficient" xlink:title="LiquidityRiskListedStocksConversionCoefficient"/>
    <link:presentationArc xlink:type="arc" xlink:arcrole="http://www.xbrl.org/2003/arcrole/parent-child" xlink:from="LiquidityRiskHighQualityLiquidAssetsConversionCoefficientAbstract" xlink:to="LiquidityRiskListedStocksConversionCoefficient" xlink:title="presentation: LiquidityRiskHighQualityLiquidAssetsConversionCoefficientAbstract to LiquidityRiskListedStocksConversionCoefficient" use="optional" order="100.0" preferredLabel="http://www.xbrl.org/2003/role/terseLabel"/>
    <link:loc xlink:type="locator" xlink:href="../../c-ross_core_2015-12-31.xsd#c-ross_LiquidityRiskProjectOnNetCashFlowsInNextQuarterConversionCoefficientAbstract" xlink:label="LiquidityRiskProjectOnNetCashFlowsInNextQuarterConversionCoefficientAbstract" xlink:title="LiquidityRiskProjectOnNetCashFlowsInNextQuarterConversionCoefficientAbstract"/>
    <link:presentationArc xlink:type="arc" xlink:arcrole="http://www.xbrl.org/2003/arcrole/parent-child" xlink:from="LiquidityCoverageRatioLineItems" xlink:to="LiquidityRiskProjectOnNetCashFlowsInNextQuarterConversionCoefficientAbstract" xlink:title="presentation: LiquidityCoverageRatioLineItems to LiquidityRiskProjectOnNetCashFlowsInNextQuarterConversionCoefficientAbstract" order="50.0" preferredLabel="http://www.xbrl.org/2003/role/terseLabel"/>
    <link:loc xlink:type="locator" xlink:href="../../c-ross_core_2015-12-31.xsd#c-ross_LiquidityRiskProjectOnCashOutflowsInNextQuarterConversionCoefficient" xlink:label="LiquidityRiskProjectOnCashFlowsCashOutflowsInNextQuarterConversionCoefficient" xlink:title="LiquidityRiskProjectOnCashFlowsCashOutflowsInNextQuarterConversionCoefficient"/>
    <link:presentationArc xlink:type="arc" xlink:arcrole="http://www.xbrl.org/2003/arcrole/parent-child" xlink:from="LiquidityRiskProjectOnNetCashFlowsInNextQuarterConversionCoefficientAbstract" xlink:to="LiquidityRiskProjectOnCashFlowsCashOutflowsInNextQuarterConversionCoefficient" xlink:title="presentation: LiquidityRiskProjectOnNetCashFlowsInNextQuarterConversionCoefficientAbstract to LiquidityRiskProjectOnCashOutflowsInNextQuarterConversionCoefficient" use="optional" order="10.0" preferredLabel="http://www.xbrl.org/2003/role/terseLabel"/>
    <link:loc xlink:type="locator" xlink:href="../../c-ross_core_2015-12-31.xsd#c-ross_LiquidityRiskProjectOnCashOutflowsFromOperatingActivitiesBusinessInNextQuarterConversionCoefficient" xlink:label="LiquidityRiskProjectOnCashFlowsCashOutflowsFromOperatingActivitiesBusinessInNextQuarterConversionCoefficient" xlink:title="LiquidityRiskProjectOnCashFlowsCashOutflowsFromOperatingActivitiesBusinessInNextQuarterConversionCoefficient"/>
    <link:presentationArc xlink:type="arc" xlink:arcrole="http://www.xbrl.org/2003/arcrole/parent-child" xlink:from="LiquidityRiskProjectOnCashFlowsCashOutflowsInNextQuarterConversionCoefficient" xlink:to="LiquidityRiskProjectOnCashFlowsCashOutflowsFromOperatingActivitiesBusinessInNextQuarterConversionCoefficient" xlink:title="presentation: LiquidityRiskProjectOnCashFlowsCashOutflowsInNextQuarterConversionCoefficient to LiquidityRiskProjectOnCashFlowsCashOutflowsFromOperatingActivitiesBusinessInNextQuarterConversionCoefficient" use="optional" order="10.0" preferredLabel="http://www.xbrl.org/2003/role/terseLabel"/>
    <link:loc xlink:type="locator" xlink:href="../../c-ross_core_2015-12-31.xsd#c-ross_LiquidityRiskProjectOnCashOutflowsFromInvestingActivitiesAssetsInNextQuarterConversionCoefficient" xlink:label="LiquidityRiskProjectOnCashFlowsCashOutflowsFromInvestingActivitiesAssetsInNextQuarterConversionCoefficient" xlink:title="LiquidityRiskProjectOnCashFlowsCashOutflowsFromInvestingActivitiesAssetsInNextQuarterConversionCoefficient"/>
    <link:presentationArc xlink:type="arc" xlink:arcrole="http://www.xbrl.org/2003/arcrole/parent-child" xlink:from="LiquidityRiskProjectOnCashFlowsCashOutflowsInNextQuarterConversionCoefficient" xlink:to="LiquidityRiskProjectOnCashFlowsCashOutflowsFromInvestingActivitiesAssetsInNextQuarterConversionCoefficient" xlink:title="presentation: LiquidityRiskProjectOnCashFlowsCashOutflowsInNextQuarterConversionCoefficient to LiquidityRiskProjectOnCashFlowsCashOutflowsFromInvestingActivitiesAssetsInNextQuarterConversionCoefficient" use="optional" order="20.0" preferredLabel="http://www.xbrl.org/2003/role/terseLabel"/>
    <link:loc xlink:type="locator" xlink:href="../../c-ross_core_2015-12-31.xsd#c-ross_LiquidityRiskProjectOnCashOutflowsFromFinancingActivitiesInNextQuarterConversionCoefficient" xlink:label="LiquidityRiskProjectOnCashFlowsCashOutflowsFromFinancingActivitiesInNextQuarterConversionCoefficient" xlink:title="LiquidityRiskProjectOnCashFlowsCashOutflowsFromFinancingActivitiesInNextQuarterConversionCoefficient"/>
    <link:presentationArc xlink:type="arc" xlink:arcrole="http://www.xbrl.org/2003/arcrole/parent-child" xlink:from="LiquidityRiskProjectOnCashFlowsCashOutflowsInNextQuarterConversionCoefficient" xlink:to="LiquidityRiskProjectOnCashFlowsCashOutflowsFromFinancingActivitiesInNextQuarterConversionCoefficient" xlink:title="presentation: LiquidityRiskProjectOnCashFlowsCashOutflowsInNextQuarterConversionCoefficient to LiquidityRiskProjectOnCashFlowsCashOutflowsFromFinancingActivitiesInNextQuarterConversionCoefficient" use="optional" order="30.0" preferredLabel="http://www.xbrl.org/2003/role/terseLabel"/>
    <link:loc xlink:type="locator" xlink:href="../../c-ross_core_2015-12-31.xsd#c-ross_LiquidityRiskTotalEstimatedCashInflowsInNextQuarterConversionCoefficient" xlink:label="LiquidityRiskTotalEstimatedCashInflowsInNextQuarterConversionCoefficient" xlink:title="LiquidityRiskTotalEstimatedCashInflowsInNextQuarterConversionCoefficient"/>
    <link:presentationArc xlink:type="arc" xlink:arcrole="http://www.xbrl.org/2003/arcrole/parent-child" xlink:from="LiquidityRiskProjectOnNetCashFlowsInNextQuarterConversionCoefficientAbstract" xlink:to="LiquidityRiskTotalEstimatedCashInflowsInNextQuarterConversionCoefficient" xlink:title="presentation: LiquidityRiskProjectOnNetCashFlowsInNextQuarterConversionCoefficientAbstract to LiquidityRiskTotalEstimatedCashInflowsInNextQuarterConversionCoefficient" use="optional" order="20.0" preferredLabel="http://www.xbrl.org/2003/role/terseLabel"/>
    <link:loc xlink:type="locator" xlink:href="../../c-ross_core_2015-12-31.xsd#c-ross_LiquidityRiskProjectOnCashInflowsFromOperatingActivitiesBusinessInNextQuarterConversionCoefficient" xlink:label="LiquidityRiskProjectOnCashFlowsCashInflowsFromOperatingActivitiesBusinessInNextQuarterConversionCoefficient" xlink:title="LiquidityRiskProjectOnCashFlowsCashInflowsFromOperatingActivitiesBusinessInNextQuarterConversionCoefficient"/>
    <link:presentationArc xlink:type="arc" xlink:arcrole="http://www.xbrl.org/2003/arcrole/parent-child" xlink:from="LiquidityRiskTotalEstimatedCashInflowsInNextQuarterConversionCoefficient" xlink:to="LiquidityRiskProjectOnCashFlowsCashInflowsFromOperatingActivitiesBusinessInNextQuarterConversionCoefficient" xlink:title="presentation: LiquidityRiskTotalEstimatedCashInflowsInNextQuarterConversionCoefficient to LiquidityRiskProjectOnCashFlowsCashInflowsFromOperatingActivitiesBusinessInNextQuarterConversionCoefficient" use="optional" order="10.0" preferredLabel="http://www.xbrl.org/2003/role/terseLabel"/>
    <link:loc xlink:type="locator" xlink:href="../../c-ross_core_2015-12-31.xsd#c-ross_LiquidityRiskProjectOnCashInflowsFromInvestingActivitiesAssetsInNextQuarterConversionCoefficient" xlink:label="LiquidityRiskProjectOnCashFlowsCashInflowsFromInvestingActivitiesAssetsInNextQuarterConversionCoefficient" xlink:title="LiquidityRiskProjectOnCashFlowsCashInflowsFromInvestingActivitiesAssetsInNextQuarterConversionCoefficient"/>
    <link:presentationArc xlink:type="arc" xlink:arcrole="http://www.xbrl.org/2003/arcrole/parent-child" xlink:from="LiquidityRiskTotalEstimatedCashInflowsInNextQuarterConversionCoefficient" xlink:to="LiquidityRiskProjectOnCashFlowsCashInflowsFromInvestingActivitiesAssetsInNextQuarterConversionCoefficient" xlink:title="presentation: LiquidityRiskTotalEstimatedCashInflowsInNextQuarterConversionCoefficient to LiquidityRiskProjectOnCashFlowsCashInflowsFromInvestingActivitiesAssetsInNextQuarterConversionCoefficient" use="optional" order="20.0" preferredLabel="http://www.xbrl.org/2003/role/terseLabel"/>
    <link:loc xlink:type="locator" xlink:href="../../c-ross_core_2015-12-31.xsd#c-ross_LiquidityRiskProjectOnCashInflowsFromFinancingActivitiesInNextQuarterConversionCoefficient" xlink:label="LiquidityRiskProjectOnCashFlowsCashInflowsFromFinancingActivitiesInNextQuarterConversionCoefficient" xlink:title="LiquidityRiskProjectOnCashFlowsCashInflowsFromFinancingActivitiesInNextQuarterConversionCoefficient"/>
    <link:presentationArc xlink:type="arc" xlink:arcrole="http://www.xbrl.org/2003/arcrole/parent-child" xlink:from="LiquidityRiskTotalEstimatedCashInflowsInNextQuarterConversionCoefficient" xlink:to="LiquidityRiskProjectOnCashFlowsCashInflowsFromFinancingActivitiesInNextQuarterConversionCoefficient" xlink:title="presentation: LiquidityRiskTotalEstimatedCashInflowsInNextQuarterConversionCoefficient to LiquidityRiskProjectOnCashFlowsCashInflowsFromFinancingActivitiesInNextQuarterConversionCoefficient" use="optional" order="30.0" preferredLabel="http://www.xbrl.org/2003/role/terseLabel"/>
    <link:loc xlink:type="locator" xlink:href="../../c-ross_core_2015-12-31.xsd#c-ross_LiquidityRiskProjectOnCashInflowsInNextQuarterConversionCoefficient" xlink:label="LiquidityRiskProjectOnCashInflowsInNextQuarterConversionCoefficient" xlink:title="LiquidityRiskProjectOnCashFlowsCashInflowsInNextQuarterConversionCoefficient"/>
    <link:presentationArc xlink:type="arc" xlink:arcrole="http://www.xbrl.org/2003/arcrole/parent-child" xlink:from="LiquidityRiskProjectOnNetCashFlowsInNextQuarterConversionCoefficientAbstract" xlink:to="LiquidityRiskProjectOnCashInflowsInNextQuarterConversionCoefficient" xlink:title="presentation: LiquidityRiskProjectOnNetCashFlowsInNextQuarterConversionCoefficientAbstract to LiquidityRiskProjectOnCashInflowsInNextQuarterConversionCoefficient" use="optional" order="30.0" preferredLabel="http://www.xbrl.org/2003/role/terseLabel"/>
  </link:presentationLink>
</link:linkbase>
