<?xml version="1.0" encoding="UTF-8"?>

<!--
	Taxonomy: 2015-12-31 (Final)
	**********************
	Copyright © 2015 China Insurance Regulatory Commission.
	All rights reserved.  No part of this publication may be translated, reprinted or reproduced
	or utilised in any form either in whole or in part without prior permission in writing from China Insurance Regulatory Commission.
	  **********************
	-->
<link:linkbase xmlns:xsi="http://www.w3.org/2001/XMLSchema-instance" xsi:schemaLocation="http://www.xbrl.org/2003/linkbase http://www.xbrl.org/2003/xbrl-linkbase-2003-12-31.xsd http://xbrl.org/2008/label http://www.xbrl.org/2008/generic-label.xsd http://xbrl.org/2008/generic http://www.xbrl.org/2008/generic-link.xsd http://www.w3.org/1999/xlink http://www.xbrl.org/2003/xlink-2003-12-31.xsd" xmlns:c-ross="http://xbrl.circ.gov.cn/taxonomy/2015-12-31/c-ross" xmlns:gen="http://xbrl.org/2008/generic" xmlns:link="http://www.xbrl.org/2003/linkbase" xmlns:q_s_pc_entry_point="http://xbrl.circ.gov.cn/taxonomy/2015-12-31/c-ross/q_s_pc_entry_point" xmlns:label="http://xbrl.org/2008/label" xmlns:xlink="http://www.w3.org/1999/xlink">
  <link:roleRef roleURI="http://www.xbrl.org/2008/role/label" xlink:type="simple" xlink:href="http://www.xbrl.org/2008/generic-label.xsd#standard-label"/>
  <link:roleRef roleURI="http://www.xbrl.org/2008/role/link" xlink:type="simple" xlink:href="http://www.xbrl.org/2008/generic-link.xsd#standard-link-role"/>
  <link:arcroleRef arcroleURI="http://xbrl.org/arcrole/2008/element-label" xlink:type="simple" xlink:href="http://www.xbrl.org/2008/generic-label.xsd#element-label"/>
  <gen:link xlink:type="extended" xlink:role="http://www.xbrl.org/2008/role/link">
    <link:loc xlink:type="locator" xlink:href="rol_c-ross_16_2015-12-31.xsd#c-ross_2015-12-31-3100000" xlink:label="roleType1" xlink:title="roleType1"/>
    <label:label xlink:type="resource" xlink:label="label1" xlink:role="http://www.xbrl.org/2008/role/label" xlink:title="label1" xml:lang="zh">封面信息</label:label>
    <gen:arc xlink:type="arc" xlink:arcrole="http://xbrl.org/arcrole/2008/element-label" xlink:from="roleType1" xlink:to="label1" xlink:title="gen: roleType1 to label1" order="10.0"/>
    <link:loc xlink:type="locator" xlink:href="rol_c-ross_16_2015-12-31.xsd#c-ross_2015-12-31-3110100" xlink:label="roleType2" xlink:title="roleType2"/>
    <label:label xlink:type="resource" xlink:label="label2" xlink:role="http://www.xbrl.org/2008/role/label" xlink:title="label2" xml:lang="zh">公司信息</label:label>
    <gen:arc xlink:type="arc" xlink:arcrole="http://xbrl.org/arcrole/2008/element-label" xlink:from="roleType2" xlink:to="label2" xlink:title="gen: roleType2 to label2" order="10.0"/>
    <link:loc xlink:type="locator" xlink:href="rol_c-ross_16_2015-12-31.xsd#c-ross_2015-12-31-3110200" xlink:label="roleType3" xlink:title="roleType3"/>
    <label:label xlink:type="resource" xlink:label="label3" xlink:role="http://www.xbrl.org/2008/role/label" xlink:title="label3" xml:lang="zh">董事会和管理层声明</label:label>
    <gen:arc xlink:type="arc" xlink:arcrole="http://xbrl.org/arcrole/2008/element-label" xlink:from="roleType3" xlink:to="label3" xlink:title="gen: roleType3 to label3" order="10.0"/>
    <link:loc xlink:type="locator" xlink:href="rol_c-ross_16_2015-12-31.xsd#c-ross_2015-12-31-3110300" xlink:label="roleType4" xlink:title="roleType4"/>
    <label:label xlink:type="resource" xlink:label="label4" xlink:role="http://www.xbrl.org/2008/role/label" xlink:title="label4" xml:lang="zh">基本情况</label:label>
    <gen:arc xlink:type="arc" xlink:arcrole="http://xbrl.org/arcrole/2008/element-label" xlink:from="roleType4" xlink:to="label4" xlink:title="gen: roleType4 to label4" order="10.0"/>
    <link:loc xlink:type="locator" xlink:href="rol_c-ross_16_2015-12-31.xsd#c-ross_2015-12-31-3110411" xlink:label="roleType5" xlink:title="roleType5"/>
    <label:label xlink:type="resource" xlink:label="label5" xlink:role="http://www.xbrl.org/2008/role/label" xlink:title="label5" xml:lang="zh">财产保险公司主要指标</label:label>
    <gen:arc xlink:type="arc" xlink:arcrole="http://xbrl.org/arcrole/2008/element-label" xlink:from="roleType5" xlink:to="label5" xlink:title="gen: roleType5 to label5" order="10.0"/>
    <link:loc xlink:type="locator" xlink:href="rol_c-ross_16_2015-12-31.xsd#c-ross_2015-12-31-3110412" xlink:label="roleType6" xlink:title="roleType6"/>
    <label:label xlink:type="resource" xlink:label="label6" xlink:role="http://www.xbrl.org/2008/role/label" xlink:title="label6" xml:lang="zh">人身保险公司主要指标</label:label>
    <gen:arc xlink:type="arc" xlink:arcrole="http://xbrl.org/arcrole/2008/element-label" xlink:from="roleType6" xlink:to="label6" xlink:title="gen: roleType6 to label6" order="10.0"/>
    <link:loc xlink:type="locator" xlink:href="rol_c-ross_16_2015-12-31.xsd#c-ross_2015-12-31-3110420" xlink:label="roleType7" xlink:title="roleType7"/>
    <label:label xlink:type="resource" xlink:label="label7" xlink:role="http://www.xbrl.org/2008/role/label" xlink:title="label7" xml:lang="zh">再保险公司主要指标</label:label>
    <gen:arc xlink:type="arc" xlink:arcrole="http://xbrl.org/arcrole/2008/element-label" xlink:from="roleType7" xlink:to="label7" xlink:title="gen: roleType7 to label7" order="10.0"/>
    <link:loc xlink:type="locator" xlink:href="rol_c-ross_16_2015-12-31.xsd#c-ross_2015-12-31-3110500" xlink:label="roleType8" xlink:title="roleType8"/>
    <label:label xlink:type="resource" xlink:label="label8" xlink:role="http://www.xbrl.org/2008/role/label" xlink:title="label8" xml:lang="zh">风险管理能力</label:label>
    <gen:arc xlink:type="arc" xlink:arcrole="http://xbrl.org/arcrole/2008/element-label" xlink:from="roleType8" xlink:to="label8" xlink:title="gen: roleType8 to label8" order="10.0"/>
    <link:loc xlink:type="locator" xlink:href="rol_c-ross_16_2015-12-31.xsd#c-ross_2015-12-31-3110600" xlink:label="roleType9" xlink:title="roleType9"/>
    <label:label xlink:type="resource" xlink:label="label9" xlink:role="http://www.xbrl.org/2008/role/label" xlink:title="label9" xml:lang="zh">风险综合评级（分类监管）</label:label>
    <gen:arc xlink:type="arc" xlink:arcrole="http://xbrl.org/arcrole/2008/element-label" xlink:from="roleType9" xlink:to="label9" xlink:title="gen: roleType9 to label9" order="10.0"/>
    <link:loc xlink:type="locator" xlink:href="rol_c-ross_16_2015-12-31.xsd#c-ross_2015-12-31-3110700" xlink:label="roleType10" xlink:title="roleType10"/>
    <label:label xlink:type="resource" xlink:label="label10" xlink:role="http://www.xbrl.org/2008/role/label" xlink:title="label10" xml:lang="zh">重大事项</label:label>
    <gen:arc xlink:type="arc" xlink:arcrole="http://xbrl.org/arcrole/2008/element-label" xlink:from="roleType10" xlink:to="label10" xlink:title="gen: roleType10 to label10" order="10.0"/>
    <link:loc xlink:type="locator" xlink:href="rol_c-ross_16_2015-12-31.xsd#c-ross_2015-12-31-3110800" xlink:label="roleType11" xlink:title="roleType11"/>
    <label:label xlink:type="resource" xlink:label="label11" xlink:role="http://www.xbrl.org/2008/role/label" xlink:title="label11" xml:lang="zh">管理层分析与讨论</label:label>
    <gen:arc xlink:type="arc" xlink:arcrole="http://xbrl.org/arcrole/2008/element-label" xlink:from="roleType11" xlink:to="label11" xlink:title="gen: roleType11 to label11" order="10.0"/>
    <link:loc xlink:type="locator" xlink:href="rol_c-ross_16_2015-12-31.xsd#c-ross_2015-12-31-3110900" xlink:label="roleType12" xlink:title="roleType12"/>
    <label:label xlink:type="resource" xlink:label="label12" xlink:role="http://www.xbrl.org/2008/role/label" xlink:title="label12" xml:lang="zh">外部机构意见</label:label>
    <gen:arc xlink:type="arc" xlink:arcrole="http://xbrl.org/arcrole/2008/element-label" xlink:from="roleType12" xlink:to="label12" xlink:title="gen: roleType12 to label12" order="10.0"/>
    <link:loc xlink:type="locator" xlink:href="rol_c-ross_16_2015-12-31.xsd#c-ross_2015-12-31-3111000" xlink:label="roleType13" xlink:title="roleType13"/>
    <label:label xlink:type="resource" xlink:label="label13" xlink:role="http://www.xbrl.org/2008/role/label" xlink:title="label13" xml:lang="zh">实际资本</label:label>
    <gen:arc xlink:type="arc" xlink:arcrole="http://xbrl.org/arcrole/2008/element-label" xlink:from="roleType13" xlink:to="label13" xlink:title="gen: roleType13 to label13" order="10.0"/>
    <link:loc xlink:type="locator" xlink:href="rol_c-ross_16_2015-12-31.xsd#c-ross_2015-12-31-3111100" xlink:label="roleType14" xlink:title="roleType14"/>
    <label:label xlink:type="resource" xlink:label="label14" xlink:role="http://www.xbrl.org/2008/role/label" xlink:title="label14" xml:lang="zh">现金流压力测试</label:label>
    <gen:arc xlink:type="arc" xlink:arcrole="http://xbrl.org/arcrole/2008/element-label" xlink:from="roleType14" xlink:to="label14" xlink:title="gen: roleType14 to label14" order="10.0"/>
    <link:loc xlink:type="locator" xlink:href="rol_c-ross_16_2015-12-31.xsd#c-ross_2015-12-31-3120100" xlink:label="roleType15" xlink:title="roleType15"/>
    <label:label xlink:type="resource" xlink:label="label15" xlink:role="http://www.xbrl.org/2008/role/label" xlink:title="label15" xml:lang="zh">S01-偿付能力状况表</label:label>
    <gen:arc xlink:type="arc" xlink:arcrole="http://xbrl.org/arcrole/2008/element-label" xlink:from="roleType15" xlink:to="label15" xlink:title="gen: roleType15 to label15" order="10.0"/>
    <link:loc xlink:type="locator" xlink:href="rol_c-ross_16_2015-12-31.xsd#c-ross_2015-12-31-3210000" xlink:label="roleType17" xlink:title="roleType17"/>
    <label:label xlink:type="resource" xlink:label="label17" xlink:role="http://www.xbrl.org/2008/role/label" xlink:title="label17" xml:lang="zh">公司信息-季度快报</label:label>
    <gen:arc xlink:type="arc" xlink:arcrole="http://xbrl.org/arcrole/2008/element-label" xlink:from="roleType17" xlink:to="label17" xlink:title="gen: roleType17 to label17" order="10.0"/>
    <link:loc xlink:type="locator" xlink:href="rol_c-ross_16_2015-12-31.xsd#c-ross_2015-12-31-3220000" xlink:label="roleType18" xlink:title="roleType18"/>
    <label:label xlink:type="resource" xlink:label="label18" xlink:role="http://www.xbrl.org/2008/role/label" xlink:title="label18" xml:lang="zh">主要指标-季度快报</label:label>
    <gen:arc xlink:type="arc" xlink:arcrole="http://xbrl.org/arcrole/2008/element-label" xlink:from="roleType18" xlink:to="label18" xlink:title="gen: roleType18 to label18" order="10.0"/>
  </gen:link>
</link:linkbase>
