<?xml version="1.0" encoding="UTF-8"?>

<!--
	Taxonomy: 2015-12-31 (Final)
	**********************
	Copyright © 2015 China Insurance Regulatory Commission.
	All rights reserved.  No part of this publication may be translated, reprinted or reproduced
	or utilised in any form either in whole or in part without prior permission in writing from China Insurance Regulatory Commission.
	  **********************
	-->
<link:linkbase xmlns:xsi="http://www.w3.org/2001/XMLSchema-instance" xsi:schemaLocation="http://www.xbrl.org/2003/linkbase http://www.xbrl.org/2003/xbrl-linkbase-2003-12-31.xsd" xmlns:c-ross="http://xbrl.circ.gov.cn/taxonomy/2015-12-31/c-ross" xmlns:link="http://www.xbrl.org/2003/linkbase" xmlns:q_s_pc_entry_point="http://xbrl.circ.gov.cn/taxonomy/2015-12-31/c-ross/q_s_pc_entry_point" xmlns:xlink="http://www.w3.org/1999/xlink" xmlns:xbrli="http://www.xbrl.org/2003/instance">
  <link:roleRef roleURI="http://www.xbrl.org/2009/role/netLabel" xlink:type="simple" xlink:href="http://www.xbrl.org/lrr/role/net-2009-12-16.xsd#netLabel"/>
  <link:roleRef roleURI="http://xbrl.circ.gov.cn/role/c-ross_2015-12-31_role-3110300" xlink:type="simple" xlink:href="rol_c-ross_16_2015-12-31.xsd#c-ross_2015-12-31-3110300"/>
  <link:presentationLink xlink:type="extended" xlink:role="http://xbrl.circ.gov.cn/role/c-ross_2015-12-31_role-3110300">
    <link:loc xlink:type="locator" xlink:href="../../c-ross_core_2015-12-31.xsd#c-ross_BasicInformationAbstract" xlink:label="BasicInformationAbstract" xlink:title="BasicInformationAbstract"/>
    <link:loc xlink:type="locator" xlink:href="../../c-ross_core_2015-12-31.xsd#c-ross_OwnershipStructureAndShareholdersAsWellAsAnyChangesDuringReportingPeriodAbstract" xlink:label="OwnershipStructureAndShareholdersAsWellAsAnyChangesDuringReportingPeriodAbstract" xlink:title="OwnershipStructureAndShareholdersAsWellAsAnyChangesDuringReportingPeriodAbstract"/>
    <link:presentationArc xlink:type="arc" xlink:arcrole="http://www.xbrl.org/2003/arcrole/parent-child" xlink:from="BasicInformationAbstract" xlink:to="OwnershipStructureAndShareholdersAsWellAsAnyChangesDuringReportingPeriodAbstract" xlink:title="presentation: BasicInformationAbstract to OwnershipStructureAndShareholdersAsWellAsAnyChangesDuringReportingPeriodAbstract" use="optional" order="10.0" preferredLabel="http://www.xbrl.org/2003/role/label"/>
    <link:loc xlink:type="locator" xlink:href="../../c-ross_core_2015-12-31.xsd#c-ross_OwnershipStructureAndItsChangesExplanatory" xlink:label="OwnershipStructureAndItsChangesExplanatory" xlink:title="OwnershipStructureAndItsChangesExplanatory"/>
    <link:presentationArc xlink:type="arc" xlink:arcrole="http://www.xbrl.org/2003/arcrole/parent-child" xlink:from="OwnershipStructureAndShareholdersAsWellAsAnyChangesDuringReportingPeriodAbstract" xlink:to="OwnershipStructureAndItsChangesExplanatory" xlink:title="presentation: OwnershipStructureAndShareholdersAsWellAsAnyChangesDuringReportingPeriodAbstract to OwnershipStructureAndItsChangesExplanatory" use="optional" order="10.0" preferredLabel="http://www.xbrl.org/2003/role/label"/>
    <link:loc xlink:type="locator" xlink:href="../../c-ross_core_2015-12-31.xsd#c-ross_DeFactoControllerExplanatory" xlink:label="DeFactoControllerExplanatory" xlink:title="DeFactoControllerExplanatory"/>
    <link:presentationArc xlink:type="arc" xlink:arcrole="http://www.xbrl.org/2003/arcrole/parent-child" xlink:from="OwnershipStructureAndShareholdersAsWellAsAnyChangesDuringReportingPeriodAbstract" xlink:to="DeFactoControllerExplanatory" xlink:title="presentation: OwnershipStructureAndShareholdersAsWellAsAnyChangesDuringReportingPeriodAbstract to DeFactoControllerExplanatory" use="optional" order="20.0" preferredLabel="http://www.xbrl.org/2003/role/label"/>
    <link:loc xlink:type="locator" xlink:href="../../c-ross_core_2015-12-31.xsd#c-ross_InformationAboutSharesHeldByAllShareholdersAndTheirRelatedPartiesAtEndOfReportingPeriodExplanatory" xlink:label="InformationAboutSharesHeldByAllShareholderAndTheirRelatedPartiesAtEndOfReportingPeriodExplanatory" xlink:title="InformationAboutSharesHeldByAllShareholderAndTheirRelatedPartiesAtEndOfReportingPeriodExplanatory"/>
    <link:presentationArc xlink:type="arc" xlink:arcrole="http://www.xbrl.org/2003/arcrole/parent-child" xlink:from="OwnershipStructureAndShareholdersAsWellAsAnyChangesDuringReportingPeriodAbstract" xlink:to="InformationAboutSharesHeldByAllShareholderAndTheirRelatedPartiesAtEndOfReportingPeriodExplanatory" xlink:title="presentation: OwnershipStructureAndShareholdersAsWellAsAnyChangesDuringReportingPeriodAbstract to InformationAboutSharesHeldByAllShareholderAndTheirRelatedPartiesAtEndOfReportingPeriodExplanatory" use="optional" order="30.0" preferredLabel="http://www.xbrl.org/2003/role/label"/>
    <link:loc xlink:type="locator" xlink:href="../../c-ross_core_2015-12-31.xsd#c-ross_SharesHeldByDirectorsSupervisorsAndSeniorManagementMembersExplanatory" xlink:label="SharesHeldByDirectorsSupervisorsAndSeniorManagementMembersExplanatory" xlink:title="SharesHeldByDirectorsSupervisorsAndSeniorManagementMembersExplanatory"/>
    <link:presentationArc xlink:type="arc" xlink:arcrole="http://www.xbrl.org/2003/arcrole/parent-child" xlink:from="OwnershipStructureAndShareholdersAsWellAsAnyChangesDuringReportingPeriodAbstract" xlink:to="SharesHeldByDirectorsSupervisorsAndSeniorManagementMembersExplanatory" xlink:title="presentation: OwnershipStructureAndShareholdersAsWellAsAnyChangesDuringReportingPeriodAbstract to SharesHeldByDirectorsSupervisorsAndSeniorManagementMembersExplanatory" use="optional" order="40.0" preferredLabel="http://www.xbrl.org/2003/role/label"/>
    <link:loc xlink:type="locator" xlink:href="../../c-ross_core_2015-12-31.xsd#c-ross_TransferOfSharesDuringReportingPeriodExplanatory" xlink:label="TransferOfSharesDuringReportingPeriodExplanatory" xlink:title="TransferOfSharesDuringReportingPeriodExplanatory"/>
    <link:presentationArc xlink:type="arc" xlink:arcrole="http://www.xbrl.org/2003/arcrole/parent-child" xlink:from="OwnershipStructureAndShareholdersAsWellAsAnyChangesDuringReportingPeriodAbstract" xlink:to="TransferOfSharesDuringReportingPeriodExplanatory" xlink:title="presentation: OwnershipStructureAndShareholdersAsWellAsAnyChangesDuringReportingPeriodAbstract to TransferOfSharesDuringReportingPeriodExplanatory" use="optional" order="50.0" preferredLabel="http://www.xbrl.org/2003/role/label"/>
    <link:loc xlink:type="locator" xlink:href="../../c-ross_core_2015-12-31.xsd#c-ross_DirectorsSupervisorsAndSeniorManagementMembersAbstract" xlink:label="DirectorsSupervisorsAndSeniorManagementMembersAbstract" xlink:title="DirectorsSupervisorsAndSeniorManagementMembersAbstract"/>
    <link:presentationArc xlink:type="arc" xlink:arcrole="http://www.xbrl.org/2003/arcrole/parent-child" xlink:from="BasicInformationAbstract" xlink:to="DirectorsSupervisorsAndSeniorManagementMembersAbstract" xlink:title="presentation: BasicInformationAbstract to DirectorsSupervisorsAndSeniorManagementMembersAbstract" use="optional" order="20.0" preferredLabel="http://www.xbrl.org/2003/role/label"/>
    <link:loc xlink:type="locator" xlink:href="../../c-ross_core_2015-12-31.xsd#c-ross_BasicInformationAboutDirectorsSupervisorsAndSeniorManagementMembersOfHeadOfficeExplanatory" xlink:label="BasicInformationAboutDirectorsSupervisorsAndSeniorManagementMembersOfHeadOfficeExplanatory" xlink:title="BasicInformationAboutDirectorsSupervisorsAndSeniorManagementMembersOfHeadOfficeExplanatory"/>
    <link:presentationArc xlink:type="arc" xlink:arcrole="http://www.xbrl.org/2003/arcrole/parent-child" xlink:from="DirectorsSupervisorsAndSeniorManagementMembersAbstract" xlink:to="BasicInformationAboutDirectorsSupervisorsAndSeniorManagementMembersOfHeadOfficeExplanatory" xlink:title="presentation: DirectorsSupervisorsAndSeniorManagementMembersAbstract to BasicInformationAboutDirectorsSupervisorsAndSeniorManagementMembersOfHeadOfficeExplanatory" use="optional" order="10.0" preferredLabel="http://www.xbrl.org/2003/role/label"/>
    <link:loc xlink:type="locator" xlink:href="../../c-ross_core_2015-12-31.xsd#c-ross_ChangesOfDirectorsSupervisorsAndSeniorManagementMembersOfHeadOfficeExplanatory" xlink:label="ChangesOfDirectorsSupervisorsAndSeniorManagementMembersOfHeadOfficeExplanatory" xlink:title="ChangesOfDirectorsSupervisorsAndSeniorManagementMembersOfHeadOfficeExplanatory"/>
    <link:presentationArc xlink:type="arc" xlink:arcrole="http://www.xbrl.org/2003/arcrole/parent-child" xlink:from="DirectorsSupervisorsAndSeniorManagementMembersAbstract" xlink:to="ChangesOfDirectorsSupervisorsAndSeniorManagementMembersOfHeadOfficeExplanatory" xlink:title="presentation: DirectorsSupervisorsAndSeniorManagementMembersAbstract to ChangesOfDirectorsSupervisorsAndSeniorManagementMembersOfHeadOfficeExplanatory" use="optional" order="20.0" preferredLabel="http://www.xbrl.org/2003/role/label"/>
    <link:loc xlink:type="locator" xlink:href="../../c-ross_core_2015-12-31.xsd#c-ross_RemunerationOfDirectorsSupervisorsAndSeniorManagementMembersOfHeadOfficeExplanatory" xlink:label="RemunerationOfDirectorsSupervisorsAndSeniorManagementMembersOfHeadOfficeExplanatory" xlink:title="RemunerationOfDirectorsSupervisorsAndSeniorManagementMembersOfHeadOfficeExplanatory"/>
    <link:presentationArc xlink:type="arc" xlink:arcrole="http://www.xbrl.org/2003/arcrole/parent-child" xlink:from="DirectorsSupervisorsAndSeniorManagementMembersAbstract" xlink:to="RemunerationOfDirectorsSupervisorsAndSeniorManagementMembersOfHeadOfficeExplanatory" xlink:title="presentation: DirectorsSupervisorsAndSeniorManagementMembersAbstract to RemunerationOfDirectorsSupervisorsAndSeniorManagementMembersOfHeadOfficeExplanatory" use="optional" order="30.0" preferredLabel="http://www.xbrl.org/2003/role/label"/>
    <link:loc xlink:type="locator" xlink:href="../../c-ross_core_2015-12-31.xsd#c-ross_ViolationsAndPenaltiesReceivedDuringReportingPeriodAbstract" xlink:label="ViolationsAndPenaltiesDuringReportingPeriodAbstract" xlink:title="ViolationsAndPenaltiesDuringReportingPeriodAbstract"/>
    <link:presentationArc xlink:type="arc" xlink:arcrole="http://www.xbrl.org/2003/arcrole/parent-child" xlink:from="BasicInformationAbstract" xlink:to="ViolationsAndPenaltiesDuringReportingPeriodAbstract" xlink:title="presentation: BasicInformationAbstract to ViolationsAndPenaltiesDuringReportingPeriodAbstract" use="optional" order="40.0" preferredLabel="http://www.xbrl.org/2003/role/label"/>
    <link:loc xlink:type="locator" xlink:href="../../c-ross_core_2015-12-31.xsd#c-ross_AdministrativePenaltiesImposedOnInsuranceCompanyOrItsDirectorsSupervisorsOrSeniorManagementMembersOfHeadOfficeByFinancialRegulatoryAuthoritiesAndOtherGovernmentDepartmentsExplanatory" xlink:label="AdministrativePenaltiesImposedOnInsuranceCompanyOrItsDirectorsSupervisorsOrSeniorManagementMembersOfHeadOfficeByFinancialRegulatoryAuthoritiesExplanatory" xlink:title="AdministrativePenaltiesImposedOnInsuranceCompanyOrItsDirectorsSupervisorsOrSeniorManagementMembersOfHeadOfficeByFinancialRegulatoryAuthoritiesExplanatory"/>
    <link:presentationArc xlink:type="arc" xlink:arcrole="http://www.xbrl.org/2003/arcrole/parent-child" xlink:from="ViolationsAndPenaltiesDuringReportingPeriodAbstract" xlink:to="AdministrativePenaltiesImposedOnInsuranceCompanyOrItsDirectorsSupervisorsOrSeniorManagementMembersOfHeadOfficeByFinancialRegulatoryAuthoritiesExplanatory" xlink:title="presentation: ViolationsAndPenaltiesDuringReportingPeriodAbstract to AdministrativePenaltiesImposedOnInsuranceCompanyOrItsDirectorsSupervisorsOrSeniorManagementMembersOfHeadOfficeByFinancialRegulatoryAuthoritiesExplanatory" use="optional" order="10.0" preferredLabel="http://www.xbrl.org/2003/role/label"/>
    <link:loc xlink:type="locator" xlink:href="../../c-ross_core_2015-12-31.xsd#c-ross_ViolationsOfDirectorsSupervisorsAndManagementPersonnelAtDepartmentLevelOrAboveInHeadOfficeOfInsuranceCompanyAsWellAsSeniorManagementMembersOfProvincialBranchesExplanatory" xlink:label="ViolationsOfDirectorsSupervisorsAndManagementPersonnelAtDepartmentLevelOrAboveInHeadOfficeOfInsuranceCompanyAsWellAsSeniorManagementMembersOfProvincialBranchesExplanatory" xlink:title="ViolationsOfDirectorsSupervisorsAndManagementPersonnelAtDepartmentLevelOrAboveInHeadOfficeOfInsuranceCompanyAsWellAsSeniorManagementMembersOfProvincialBranchesExplanatory"/>
    <link:presentationArc xlink:type="arc" xlink:arcrole="http://www.xbrl.org/2003/arcrole/parent-child" xlink:from="ViolationsAndPenaltiesDuringReportingPeriodAbstract" xlink:to="ViolationsOfDirectorsSupervisorsAndManagementPersonnelAtDepartmentLevelOrAboveInHeadOfficeOfInsuranceCompanyAsWellAsSeniorManagementMembersOfProvincialBranchesExplanatory" xlink:title="presentation: ViolationsAndPenaltiesDuringReportingPeriodAbstract to ViolationsOfDirectorsSupervisorsAndManagementPersonnelAtDepartmentLevelOrAboveInHeadOfficeOfInsuranceCompanyAsWellAsSeniorManagementMembersOfProvincialBranchesExplanatory" use="optional" order="20.0" preferredLabel="http://www.xbrl.org/2003/role/label"/>
    <link:loc xlink:type="locator" xlink:href="../../c-ross_core_2015-12-31.xsd#c-ross_RegulatoryActionsTakenByCircExplanatory" xlink:label="RegulatoryActionsTakenByCircExplanatory" xlink:title="RegulatoryActionsTakenByCircExplanatory"/>
    <link:presentationArc xlink:type="arc" xlink:arcrole="http://www.xbrl.org/2003/arcrole/parent-child" xlink:from="ViolationsAndPenaltiesDuringReportingPeriodAbstract" xlink:to="RegulatoryActionsTakenByCircExplanatory" xlink:title="presentation: ViolationsAndPenaltiesDuringReportingPeriodAbstract to RegulatoryActionsTakenByCircExplanatory" use="optional" order="30.0" preferredLabel="http://www.xbrl.org/2003/role/label"/>
    <link:loc xlink:type="locator" xlink:href="../../c-ross_core_2015-12-31.xsd#c-ross_SubsidiariesJointVentureAndAssociatedCompaniesExplanatory" xlink:label="SubsidiariesJointVentureAndAssociatedCompaniesExplanatory" xlink:title="SubsidiariesJointVentureAndAssociatedCompaniesExplanatory"/>
    <link:presentationArc xlink:type="arc" xlink:arcrole="http://www.xbrl.org/2003/arcrole/parent-child" xlink:from="BasicInformationAbstract" xlink:to="SubsidiariesJointVentureAndAssociatedCompaniesExplanatory" xlink:title="presentation: BasicInformationAbstract to SubsidiariesJointVentureAndAssociatedCompaniesExplanatory" use="optional" order="30.0" preferredLabel="http://www.xbrl.org/2003/role/label"/>
  </link:presentationLink>
</link:linkbase>
