<?xml version="1.0" encoding="UTF-8"?>

<!--
	Taxonomy: 2015-12-31 (Final)
	**********************
	Copyright © 2015 China Insurance Regulatory Commission.
	All rights reserved.  No part of this publication may be translated, reprinted or reproduced
	or utilised in any form either in whole or in part without prior permission in writing from China Insurance Regulatory Commission.
	  **********************
	-->
<link:linkbase xmlns:xsi="http://www.w3.org/2001/XMLSchema-instance" xsi:schemaLocation="http://www.xbrl.org/2003/linkbase http://www.xbrl.org/2003/xbrl-linkbase-2003-12-31.xsd" xmlns:c-ross="http://xbrl.circ.gov.cn/taxonomy/2015-12-31/c-ross" xmlns:link="http://www.xbrl.org/2003/linkbase" xmlns:q_s_pc_entry_point="http://xbrl.circ.gov.cn/taxonomy/2015-12-31/c-ross/q_s_pc_entry_point" xmlns:xlink="http://www.w3.org/1999/xlink" xmlns:xbrli="http://www.xbrl.org/2003/instance">
  <link:roleRef roleURI="http://www.xbrl.org/2009/role/netLabel" xlink:type="simple" xlink:href="http://www.xbrl.org/lrr/role/net-2009-12-16.xsd#netLabel"/>
  <link:roleRef roleURI="http://xbrl.circ.gov.cn/role/c-ross_2015-12-31_role-3110100" xlink:type="simple" xlink:href="rol_c-ross_16_2015-12-31.xsd#c-ross_2015-12-31-3110100"/>
  <link:presentationLink xlink:type="extended" xlink:role="http://xbrl.circ.gov.cn/role/c-ross_2015-12-31_role-3110100">
    <link:loc xlink:type="locator" xlink:href="../../c-ross_core_2015-12-31.xsd#c-ross_CorporateInformationAbstract" xlink:label="CorporateInformationAbstract" xlink:title="CorporateInformationAbstract"/>
    <link:loc xlink:type="locator" xlink:href="../../c-ross_core_2015-12-31.xsd#c-ross_CompanysChineseName" xlink:label="CompanysChineseName" xlink:title="CompanysChineseName"/>
    <link:presentationArc xlink:type="arc" xlink:arcrole="http://www.xbrl.org/2003/arcrole/parent-child" xlink:from="CorporateInformationAbstract" xlink:to="CompanysChineseName" xlink:title="presentation: CorporateInformationAbstract to CompanysChineseName" use="optional" order="10.0" preferredLabel="http://www.xbrl.org/2003/role/label"/>
    <link:loc xlink:type="locator" xlink:href="../../c-ross_core_2015-12-31.xsd#c-ross_CompanysEnglishName" xlink:label="CompanysEnglishName" xlink:title="CompanysEnglishName"/>
    <link:presentationArc xlink:type="arc" xlink:arcrole="http://www.xbrl.org/2003/arcrole/parent-child" xlink:from="CorporateInformationAbstract" xlink:to="CompanysEnglishName" xlink:title="presentation: CorporateInformationAbstract to CompanysEnglishName" use="optional" order="20.0" preferredLabel="http://www.xbrl.org/2003/role/label"/>
    <link:loc xlink:type="locator" xlink:href="../../c-ross_core_2015-12-31.xsd#c-ross_LegalRepresentative" xlink:label="LegalRepresentative" xlink:title="LegalRepresentative"/>
    <link:presentationArc xlink:type="arc" xlink:arcrole="http://www.xbrl.org/2003/arcrole/parent-child" xlink:from="CorporateInformationAbstract" xlink:to="LegalRepresentative" xlink:title="presentation: CorporateInformationAbstract to LegalRepresentative" use="optional" order="40.0" preferredLabel="http://www.xbrl.org/2003/role/label"/>
    <link:loc xlink:type="locator" xlink:href="../../c-ross_core_2015-12-31.xsd#c-ross_RegisteredAddress" xlink:label="RegisteredAddress" xlink:title="RegisteredAddress"/>
    <link:presentationArc xlink:type="arc" xlink:arcrole="http://www.xbrl.org/2003/arcrole/parent-child" xlink:from="CorporateInformationAbstract" xlink:to="RegisteredAddress" xlink:title="presentation: CorporateInformationAbstract to RegisteredAddress" use="optional" order="50.0" preferredLabel="http://www.xbrl.org/2003/role/label"/>
    <link:loc xlink:type="locator" xlink:href="../../c-ross_core_2015-12-31.xsd#c-ross_RegisteredCapitalWorkingCapital" xlink:label="RegisteredCapitalWorkingCapital" xlink:title="RegisteredCapitalWorkingCapital"/>
    <link:presentationArc xlink:type="arc" xlink:arcrole="http://www.xbrl.org/2003/arcrole/parent-child" xlink:from="CorporateInformationAbstract" xlink:to="RegisteredCapitalWorkingCapital" xlink:title="presentation: CorporateInformationAbstract to RegisteredCapitalWorkingCapital" use="optional" order="60.0" preferredLabel="http://www.xbrl.org/2003/role/label"/>
    <link:loc xlink:type="locator" xlink:href="../../c-ross_core_2015-12-31.xsd#c-ross_InsuranceBusinessLicenseNoInsuranceBusinessOperationLicense" xlink:label="InsuranceBusinessLicenseNoInsuranceBusinessOperationLicense" xlink:title="InsuranceBusinessLicenseNoInsuranceBusinessOperationLicense"/>
    <link:presentationArc xlink:type="arc" xlink:arcrole="http://www.xbrl.org/2003/arcrole/parent-child" xlink:from="CorporateInformationAbstract" xlink:to="InsuranceBusinessLicenseNoInsuranceBusinessOperationLicense" xlink:title="presentation: CorporateInformationAbstract to InsuranceBusinessLicenseNoInsuranceBusinessOperationLicense" use="optional" order="70.0" preferredLabel="http://www.xbrl.org/2003/role/label"/>
    <link:loc xlink:type="locator" xlink:href="../../c-ross_core_2015-12-31.xsd#c-ross_BusinessCommencementDate" xlink:label="BusinessCommerceDate" xlink:title="BusinessCommerceDate"/>
    <link:presentationArc xlink:type="arc" xlink:arcrole="http://www.xbrl.org/2003/arcrole/parent-child" xlink:from="CorporateInformationAbstract" xlink:to="BusinessCommerceDate" xlink:title="presentation: CorporateInformationAbstract to BusinessCommerceDate" use="optional" order="80.0" preferredLabel="http://www.xbrl.org/2003/role/label"/>
    <link:loc xlink:type="locator" xlink:href="../../c-ross_core_2015-12-31.xsd#c-ross_ScopeOfBusiness" xlink:label="ScopeOfBusiness" xlink:title="ScopeOfBusiness"/>
    <link:presentationArc xlink:type="arc" xlink:arcrole="http://www.xbrl.org/2003/arcrole/parent-child" xlink:from="CorporateInformationAbstract" xlink:to="ScopeOfBusiness" xlink:title="presentation: CorporateInformationAbstract to ScopeOfBusiness" use="optional" order="90.0" preferredLabel="http://www.xbrl.org/2003/role/label"/>
    <link:loc xlink:type="locator" xlink:href="../../c-ross_core_2015-12-31.xsd#c-ross_OperatingAreas" xlink:label="OperatingAreas" xlink:title="OperatingAreas"/>
    <link:presentationArc xlink:type="arc" xlink:arcrole="http://www.xbrl.org/2003/arcrole/parent-child" xlink:from="CorporateInformationAbstract" xlink:to="OperatingAreas" xlink:title="presentation: CorporateInformationAbstract to OperatingAreas" use="optional" order="100.0" preferredLabel="http://www.xbrl.org/2003/role/label"/>
    <link:loc xlink:type="locator" xlink:href="../../c-ross_core_2015-12-31.xsd#c-ross_SolvencyReportContactPersonsName" xlink:label="SolvencyReportContactPersonsName" xlink:title="SolvencyReportContactPersonsName"/>
    <link:presentationArc xlink:type="arc" xlink:arcrole="http://www.xbrl.org/2003/arcrole/parent-child" xlink:from="CorporateInformationAbstract" xlink:to="SolvencyReportContactPersonsName" xlink:title="presentation: CorporateInformationAbstract to SolvencyReportContactPersonsName" use="optional" order="110.0" preferredLabel="http://www.xbrl.org/2003/role/terseLabel"/>
    <link:loc xlink:type="locator" xlink:href="../../c-ross_core_2015-12-31.xsd#c-ross_SolvencyReportContactPersonsOfficeTelephoneNumber" xlink:label="SolvencyReportContactPersonsOfficeTelephoneNumber" xlink:title="SolvencyReportContactPersonsOfficeTelephoneNumber"/>
    <link:presentationArc xlink:type="arc" xlink:arcrole="http://www.xbrl.org/2003/arcrole/parent-child" xlink:from="CorporateInformationAbstract" xlink:to="SolvencyReportContactPersonsOfficeTelephoneNumber" xlink:title="presentation: CorporateInformationAbstract to SolvencyReportContactPersonsOfficeTelephoneNumber" use="optional" order="120.0" preferredLabel="http://www.xbrl.org/2003/role/terseLabel"/>
    <link:loc xlink:type="locator" xlink:href="../../c-ross_core_2015-12-31.xsd#c-ross_SolvencyReportContactPersonsMobilePhoneNumber" xlink:label="SolvencyReportContactPersonsMobilePhoneNumber" xlink:title="SolvencyReportContactPersonsMobilePhoneNumber"/>
    <link:presentationArc xlink:type="arc" xlink:arcrole="http://www.xbrl.org/2003/arcrole/parent-child" xlink:from="CorporateInformationAbstract" xlink:to="SolvencyReportContactPersonsMobilePhoneNumber" xlink:title="presentation: CorporateInformationAbstract to SolvencyReportContactPersonsMobilePhoneNumber" use="optional" order="130.0" preferredLabel="http://www.xbrl.org/2003/role/terseLabel"/>
    <link:loc xlink:type="locator" xlink:href="../../c-ross_core_2015-12-31.xsd#c-ross_SolvencyReportContactPersonsEmail" xlink:label="SolvencyReportContactPersonsEmail" xlink:title="SolvencyReportContactPersonsEmail"/>
    <link:presentationArc xlink:type="arc" xlink:arcrole="http://www.xbrl.org/2003/arcrole/parent-child" xlink:from="CorporateInformationAbstract" xlink:to="SolvencyReportContactPersonsEmail" xlink:title="presentation: CorporateInformationAbstract to SolvencyReportContactPersonsEmail" use="optional" order="150.0" preferredLabel="http://www.xbrl.org/2003/role/terseLabel"/>
    <link:loc xlink:type="locator" xlink:href="../../c-ross_core_2015-12-31.xsd#c-ross_TypeOfCompany" xlink:label="TypeOfCompany" xlink:title="TypeOfCompany"/>
    <link:presentationArc xlink:type="arc" xlink:arcrole="http://www.xbrl.org/2003/arcrole/parent-child" xlink:from="CorporateInformationAbstract" xlink:to="TypeOfCompany" xlink:title="presentation: CorporateInformationAbstract to TypeOfCompany" order="30.0" preferredLabel="http://www.xbrl.org/2003/role/label"/>
    <link:loc xlink:type="locator" xlink:href="../../c-ross_core_2015-12-31.xsd#c-ross_SolvencyReportContactPersonsFaxNumber" xlink:label="SolvencyReportContactPersonsFaxNumber" xlink:title="SolvencyReportContactPersonsFaxNumber"/>
    <link:presentationArc xlink:type="arc" xlink:arcrole="http://www.xbrl.org/2003/arcrole/parent-child" xlink:from="CorporateInformationAbstract" xlink:to="SolvencyReportContactPersonsFaxNumber" xlink:title="presentation: CorporateInformationAbstract to SolvencyReportContactPersonsFaxNumber" order="140.0" preferredLabel="http://www.xbrl.org/2003/role/terseLabel"/>
    <link:loc xlink:type="locator" xlink:href="../../c-ross_core_2015-12-31.xsd#c-ross_Chairman" xlink:label="Chairman" xlink:title="Chairman"/>
    <link:presentationArc xlink:type="arc" xlink:arcrole="http://www.xbrl.org/2003/arcrole/parent-child" xlink:from="CorporateInformationAbstract" xlink:to="Chairman" xlink:title="presentation: CorporateInformationAbstract to Chairman" order="160.0" preferredLabel="http://www.xbrl.org/2003/role/label"/>
    <link:loc xlink:type="locator" xlink:href="../../c-ross_core_2015-12-31.xsd#c-ross_GeneralManager" xlink:label="GeneralManager" xlink:title="GeneralManager"/>
    <link:presentationArc xlink:type="arc" xlink:arcrole="http://www.xbrl.org/2003/arcrole/parent-child" xlink:from="CorporateInformationAbstract" xlink:to="GeneralManager" xlink:title="presentation: CorporateInformationAbstract to GeneralManager" order="170.0" preferredLabel="http://www.xbrl.org/2003/role/label"/>
    <link:loc xlink:type="locator" xlink:href="../../c-ross_core_2015-12-31.xsd#c-ross_ChiefFinanceOfficer" xlink:label="ChiefFinanceOfficer" xlink:title="ChiefFinanceOfficer"/>
    <link:presentationArc xlink:type="arc" xlink:arcrole="http://www.xbrl.org/2003/arcrole/parent-child" xlink:from="CorporateInformationAbstract" xlink:to="ChiefFinanceOfficer" xlink:title="presentation: CorporateInformationAbstract to ChiefFinanceOfficer" order="180.0" preferredLabel="http://www.xbrl.org/2003/role/label"/>
    <link:loc xlink:type="locator" xlink:href="../../c-ross_core_2015-12-31.xsd#c-ross_ChiefActuary" xlink:label="ChiefActuary" xlink:title="ChiefActuary"/>
    <link:presentationArc xlink:type="arc" xlink:arcrole="http://www.xbrl.org/2003/arcrole/parent-child" xlink:from="CorporateInformationAbstract" xlink:to="ChiefActuary" xlink:title="presentation: CorporateInformationAbstract to ChiefActuary" order="190.0" preferredLabel="http://www.xbrl.org/2003/role/label"/>
    <link:loc xlink:type="locator" xlink:href="../../c-ross_core_2015-12-31.xsd#c-ross_ChiefInvestmentOfficer" xlink:label="ChiefInvestmentOfficer" xlink:title="ChiefInvestmentOfficer"/>
    <link:presentationArc xlink:type="arc" xlink:arcrole="http://www.xbrl.org/2003/arcrole/parent-child" xlink:from="CorporateInformationAbstract" xlink:to="ChiefInvestmentOfficer" xlink:title="presentation: CorporateInformationAbstract to ChiefInvestmentOfficer" order="200.0" preferredLabel="http://www.xbrl.org/2003/role/label"/>
    <link:loc xlink:type="locator" xlink:href="../../c-ross_core_2015-12-31.xsd#c-ross_ChiefRiskOfficer" xlink:label="ChiefRiskOfficer" xlink:title="ChiefRiskOfficer"/>
    <link:presentationArc xlink:type="arc" xlink:arcrole="http://www.xbrl.org/2003/arcrole/parent-child" xlink:from="CorporateInformationAbstract" xlink:to="ChiefRiskOfficer" xlink:title="presentation: CorporateInformationAbstract to ChiefRiskOfficer" order="210.0" preferredLabel="http://www.xbrl.org/2003/role/label"/>
    <link:loc xlink:type="locator" xlink:href="../../c-ross_core_2015-12-31.xsd#c-ross_HeadOfCompliance" xlink:label="HeadOfCompliance" xlink:title="HeadOfCompliance"/>
    <link:presentationArc xlink:type="arc" xlink:arcrole="http://www.xbrl.org/2003/arcrole/parent-child" xlink:from="CorporateInformationAbstract" xlink:to="HeadOfCompliance" xlink:title="presentation: CorporateInformationAbstract to HeadOfCompliance" order="220.0" preferredLabel="http://www.xbrl.org/2003/role/label"/>
  </link:presentationLink>
</link:linkbase>
