<?xml version="1.0" encoding="UTF-8"?>

<!--
	Taxonomy: 2015-12-31 (Final)
	**********************
	Copyright © 2015 China Insurance Regulatory Commission.
	All rights reserved.  No part of this publication may be translated, reprinted or reproduced
	or utilised in any form either in whole or in part without prior permission in writing from China Insurance Regulatory Commission.
	  **********************
	-->
<link:linkbase xmlns:xsi="http://www.w3.org/2001/XMLSchema-instance" xsi:schemaLocation="http://www.xbrl.org/2003/linkbase http://www.xbrl.org/2003/xbrl-linkbase-2003-12-31.xsd" xmlns:c-ross="http://xbrl.circ.gov.cn/taxonomy/2015-12-31/c-ross" xmlns:link="http://www.xbrl.org/2003/linkbase" xmlns:xbrli="http://www.xbrl.org/2003/instance" xmlns:xlink="http://www.w3.org/1999/xlink">
  <link:roleRef roleURI="http://www.xbrl.org/2009/role/netLabel" xlink:type="simple" xlink:href="http://www.xbrl.org/lrr/role/net-2009-12-16.xsd#netLabel"/>
  <link:roleRef roleURI="http://xbrl.circ.gov.cn/role/c-ross_2015-12-31_role-3220000" xlink:type="simple" xlink:href="rol_c-ross_16_2015-12-31.xsd#c-ross_2015-12-31-3220000"/>
  <link:presentationLink xlink:type="extended" xlink:role="http://xbrl.circ.gov.cn/role/c-ross_2015-12-31_role-3220000">
    <link:loc xlink:type="locator" xlink:href="../../c-ross_core_2015-12-31.xsd#c-ross_MainIndicatorsQuarterlyBriefingAbstract" xlink:label="MainIndicatorsQuarterlyBriefingAbstract" xlink:title="MainIndicatorsQuarterlyBriefingAbstract"/>
    <link:loc xlink:type="locator" xlink:href="../../c-ross_core_2015-12-31.xsd#c-ross_AdmittedAssetsQuarterlyBriefing" xlink:label="AdmittedAssetsQuarterlyBriefing" xlink:title="AdmittedAssetsQuarterlyBriefing"/>
    <link:presentationArc xlink:type="arc" xlink:arcrole="http://www.xbrl.org/2003/arcrole/parent-child" xlink:from="MainIndicatorsQuarterlyBriefingAbstract" xlink:to="AdmittedAssetsQuarterlyBriefing" xlink:title="presentation: MainIndicatorsQuarterlyBriefingAbstract to AdmittedAssetsQuarterlyBriefing" order="10.0" preferredLabel="http://www.xbrl.org/2003/role/terseLabel"/>
    <link:loc xlink:type="locator" xlink:href="../../c-ross_core_2015-12-31.xsd#c-ross_AdmittedLiabilitiesQuarterlyBriefing" xlink:label="AdmittedLiabilitiesQuarterlyBriefing" xlink:title="AdmittedLiabilitiesQuarterlyBriefing"/>
    <link:presentationArc xlink:type="arc" xlink:arcrole="http://www.xbrl.org/2003/arcrole/parent-child" xlink:from="MainIndicatorsQuarterlyBriefingAbstract" xlink:to="AdmittedLiabilitiesQuarterlyBriefing" xlink:title="presentation: MainIndicatorsQuarterlyBriefingAbstract to AdmittedLiabilitiesQuarterlyBriefing" order="20.0" preferredLabel="http://www.xbrl.org/2003/role/terseLabel"/>
    <link:loc xlink:type="locator" xlink:href="../../c-ross_core_2015-12-31.xsd#c-ross_AvailableCapitalQuarterlyBriefing" xlink:label="AvailableCapitalQuarterlyBriefing" xlink:title="AvailableCapitalQuarterlyBriefing"/>
    <link:presentationArc xlink:type="arc" xlink:arcrole="http://www.xbrl.org/2003/arcrole/parent-child" xlink:from="MainIndicatorsQuarterlyBriefingAbstract" xlink:to="AvailableCapitalQuarterlyBriefing" xlink:title="presentation: MainIndicatorsQuarterlyBriefingAbstract to AvailableCapitalQuarterlyBriefing" order="30.0" preferredLabel="http://www.xbrl.org/2003/role/terseLabel"/>
    <link:loc xlink:type="locator" xlink:href="../../c-ross_core_2015-12-31.xsd#c-ross_CoreTierOneCapitalQuarterlyBriefing" xlink:label="CoreTierOneCapitalQuarterlyBriefing" xlink:title="CoreTierOneCapitalQuarterlyBriefing"/>
    <link:presentationArc xlink:type="arc" xlink:arcrole="http://www.xbrl.org/2003/arcrole/parent-child" xlink:from="AvailableCapitalQuarterlyBriefing" xlink:to="CoreTierOneCapitalQuarterlyBriefing" xlink:title="presentation: AvailableCapitalQuarterlyBriefing to CoreTierOneCapitalQuarterlyBriefing" order="10.0" preferredLabel="http://www.xbrl.org/2003/role/terseLabel"/>
    <link:loc xlink:type="locator" xlink:href="../../c-ross_core_2015-12-31.xsd#c-ross_CoreTierTwoCapitalQuarterlyBriefing" xlink:label="CoreTierTwoCapitalQuarterlyBriefing" xlink:title="CoreTierTwoCapitalQuarterlyBriefing"/>
    <link:presentationArc xlink:type="arc" xlink:arcrole="http://www.xbrl.org/2003/arcrole/parent-child" xlink:from="AvailableCapitalQuarterlyBriefing" xlink:to="CoreTierTwoCapitalQuarterlyBriefing" xlink:title="presentation: AvailableCapitalQuarterlyBriefing to CoreTierTwoCapitalQuarterlyBriefing" order="20.0" preferredLabel="http://www.xbrl.org/2003/role/terseLabel"/>
    <link:loc xlink:type="locator" xlink:href="../../c-ross_core_2015-12-31.xsd#c-ross_SupplementaryTierOneCapitalQuarterlyBriefing" xlink:label="SupplementaryTierOneCapitalQuarterlyBriefing" xlink:title="SupplementaryTierOneCapitalQuarterlyBriefing"/>
    <link:presentationArc xlink:type="arc" xlink:arcrole="http://www.xbrl.org/2003/arcrole/parent-child" xlink:from="AvailableCapitalQuarterlyBriefing" xlink:to="SupplementaryTierOneCapitalQuarterlyBriefing" xlink:title="presentation: AvailableCapitalQuarterlyBriefing to SupplementaryTierOneCapitalQuarterlyBriefing" order="30.0" preferredLabel="http://www.xbrl.org/2003/role/terseLabel"/>
    <link:loc xlink:type="locator" xlink:href="../../c-ross_core_2015-12-31.xsd#c-ross_SupplementaryTierTwoCapitalQuarterlyBriefing" xlink:label="SupplementaryTierTwoCapitalQuarterlyBriefing" xlink:title="SupplementaryTierTwoCapitalQuarterlyBriefing"/>
    <link:presentationArc xlink:type="arc" xlink:arcrole="http://www.xbrl.org/2003/arcrole/parent-child" xlink:from="AvailableCapitalQuarterlyBriefing" xlink:to="SupplementaryTierTwoCapitalQuarterlyBriefing" xlink:title="presentation: AvailableCapitalQuarterlyBriefing to SupplementaryTierTwoCapitalQuarterlyBriefing" order="40.0" preferredLabel="http://www.xbrl.org/2003/role/terseLabel"/>
    <link:loc xlink:type="locator" xlink:href="../../c-ross_core_2015-12-31.xsd#c-ross_MinimumCapitalQuarterlyBriefing" xlink:label="MinimumCapitalQuarterlyBriefing" xlink:title="MinimumCapitalQuarterlyBriefing"/>
    <link:presentationArc xlink:type="arc" xlink:arcrole="http://www.xbrl.org/2003/arcrole/parent-child" xlink:from="MainIndicatorsQuarterlyBriefingAbstract" xlink:to="MinimumCapitalQuarterlyBriefing" xlink:title="presentation: MainIndicatorsQuarterlyBriefingAbstract to MinimumCapitalQuarterlyBriefing" order="40.0" preferredLabel="http://www.xbrl.org/2003/role/terseLabel"/>
    <link:loc xlink:type="locator" xlink:href="../../c-ross_core_2015-12-31.xsd#c-ross_MinimumCapitalForQuantifiableRiskQuarterlyBriefing" xlink:label="MinimumCapitalForQuantifiableRiskQuarterlyBriefing" xlink:title="MinimumCapitalForQuantifiableRiskQuarterlyBriefing"/>
    <link:presentationArc xlink:type="arc" xlink:arcrole="http://www.xbrl.org/2003/arcrole/parent-child" xlink:from="MinimumCapitalQuarterlyBriefing" xlink:to="MinimumCapitalForQuantifiableRiskQuarterlyBriefing" xlink:title="presentation: MinimumCapitalQuarterlyBriefing to MinimumCapitalForQuantifiableRiskQuarterlyBriefing" order="10.0" preferredLabel="http://www.xbrl.org/2003/role/terseLabel"/>
    <link:loc xlink:type="locator" xlink:href="../../c-ross_core_2015-12-31.xsd#c-ross_MinimumCapitalForInsuranceRiskOfLifeInsuranceBusinessQuarterlyBriefing" xlink:label="MinimumCapitalForInsuranceRiskOfLifeInsuranceBusinessQuarterlyBriefing" xlink:title="MinimumCapitalForInsuranceRiskOfLifeInsuranceBusinessQuarterlyBriefing"/>
    <link:presentationArc xlink:type="arc" xlink:arcrole="http://www.xbrl.org/2003/arcrole/parent-child" xlink:from="MinimumCapitalForQuantifiableRiskQuarterlyBriefing" xlink:to="MinimumCapitalForInsuranceRiskOfLifeInsuranceBusinessQuarterlyBriefing" xlink:title="presentation: MinimumCapitalForQuantifiableRiskQuarterlyBriefing to MinimumCapitalForInsuranceRiskOfLifeInsuranceBusinessQuarterlyBriefing" use="optional" order="10.0" preferredLabel="http://www.xbrl.org/2003/role/terseLabel"/>
    <link:loc xlink:type="locator" xlink:href="../../c-ross_core_2015-12-31.xsd#c-ross_MinimumCapitalForInsuranceRiskOfNonLifeInsuranceBusinessQuarterlyBriefing" xlink:label="MinimumCapitalForInsuranceRiskOfNonLifeInsuranceBusinessQuarterlyBriefing" xlink:title="MinimumCapitalForInsuranceRiskOfNonLifeInsuranceBusinessQuarterlyBriefing"/>
    <link:presentationArc xlink:type="arc" xlink:arcrole="http://www.xbrl.org/2003/arcrole/parent-child" xlink:from="MinimumCapitalForQuantifiableRiskQuarterlyBriefing" xlink:to="MinimumCapitalForInsuranceRiskOfNonLifeInsuranceBusinessQuarterlyBriefing" xlink:title="presentation: MinimumCapitalForQuantifiableRiskQuarterlyBriefing to MinimumCapitalForInsuranceRiskOfNonLifeInsuranceBusinessQuarterlyBriefing" use="optional" order="20.0" preferredLabel="http://www.xbrl.org/2003/role/terseLabel"/>
    <link:loc xlink:type="locator" xlink:href="../../c-ross_core_2015-12-31.xsd#c-ross_MinimumCapitalForMarketRiskQuarterlyBriefing" xlink:label="MinimumCapitalForMarketRiskQuarterlyBriefing" xlink:title="MinimumCapitalForMarketRiskQuarterlyBriefing"/>
    <link:presentationArc xlink:type="arc" xlink:arcrole="http://www.xbrl.org/2003/arcrole/parent-child" xlink:from="MinimumCapitalForQuantifiableRiskQuarterlyBriefing" xlink:to="MinimumCapitalForMarketRiskQuarterlyBriefing" xlink:title="presentation: MinimumCapitalForQuantifiableRiskQuarterlyBriefing to MinimumCapitalForMarketRiskQuarterlyBriefing" use="optional" order="30.0" preferredLabel="http://www.xbrl.org/2003/role/terseLabel"/>
    <link:loc xlink:type="locator" xlink:href="../../c-ross_core_2015-12-31.xsd#c-ross_MinimumCapitalForCreditRiskQuarterlyBriefing" xlink:label="MinimumCapitalForCreditRiskQuarterlyBriefing" xlink:title="MinimumCapitalForCreditRiskQuarterlyBriefing"/>
    <link:presentationArc xlink:type="arc" xlink:arcrole="http://www.xbrl.org/2003/arcrole/parent-child" xlink:from="MinimumCapitalForQuantifiableRiskQuarterlyBriefing" xlink:to="MinimumCapitalForCreditRiskQuarterlyBriefing" xlink:title="presentation: MinimumCapitalForQuantifiableRiskQuarterlyBriefing to MinimumCapitalForCreditRiskQuarterlyBriefing" order="40.0" preferredLabel="http://www.xbrl.org/2003/role/terseLabel"/>
    <link:loc xlink:type="locator" xlink:href="../../c-ross_core_2015-12-31.xsd#c-ross_QuantifiableRiskDiversificationEffectQuarterlyBriefing" xlink:label="QuantifiableRiskDiversificationEffectQuarterlyBriefing" xlink:title="QuantifiableRiskDiversificationEffectQuarterlyBriefing"/>
    <link:presentationArc xlink:type="arc" xlink:arcrole="http://www.xbrl.org/2003/arcrole/parent-child" xlink:from="MinimumCapitalForQuantifiableRiskQuarterlyBriefing" xlink:to="QuantifiableRiskDiversificationEffectQuarterlyBriefing" xlink:title="presentation: MinimumCapitalForQuantifiableRiskQuarterlyBriefing to QuantifiableRiskDiversificationEffectQuarterlyBriefing" order="50.0" preferredLabel="http://www.xbrl.org/2003/role/terseLabel"/>
    <link:loc xlink:type="locator" xlink:href="../../c-ross_core_2015-12-31.xsd#c-ross_LossAbsorptionOfSpecificInsuranceContractQuarterlyBriefing" xlink:label="LossAbsorptionOfSpecificInsuranceContractQuarterlyBriefing" xlink:title="LossAbsorptionOfSpecificInsuranceContractQuarterlyBriefing"/>
    <link:presentationArc xlink:type="arc" xlink:arcrole="http://www.xbrl.org/2003/arcrole/parent-child" xlink:from="MinimumCapitalForQuantifiableRiskQuarterlyBriefing" xlink:to="LossAbsorptionOfSpecificInsuranceContractQuarterlyBriefing" xlink:title="presentation: MinimumCapitalForQuantifiableRiskQuarterlyBriefing to LossAbsorptionOfSpecificInsuranceContractQuarterlyBriefing" order="60.0" preferredLabel="http://www.xbrl.org/2003/role/terseLabel"/>
    <link:loc xlink:type="locator" xlink:href="../../c-ross_core_2015-12-31.xsd#c-ross_MinimumCapitalForControlRiskQuarterlyBriefing" xlink:label="MinimumCapitalForControlRiskQuarterlyBriefing" xlink:title="MinimumCapitalForControlRiskQuarterlyBriefing"/>
    <link:presentationArc xlink:type="arc" xlink:arcrole="http://www.xbrl.org/2003/arcrole/parent-child" xlink:from="MinimumCapitalQuarterlyBriefing" xlink:to="MinimumCapitalForControlRiskQuarterlyBriefing" xlink:title="presentation: MinimumCapitalQuarterlyBriefing to MinimumCapitalForControlRiskQuarterlyBriefing" order="20.0" preferredLabel="http://www.xbrl.org/2003/role/terseLabel"/>
    <link:loc xlink:type="locator" xlink:href="../../c-ross_core_2015-12-31.xsd#c-ross_AdditionalCapitalQuarterlyBriefing" xlink:label="AdditionalCapitalQuarterlyBriefing" xlink:title="AdditionalCapitalQuarterlyBriefing"/>
    <link:presentationArc xlink:type="arc" xlink:arcrole="http://www.xbrl.org/2003/arcrole/parent-child" xlink:from="MinimumCapitalQuarterlyBriefing" xlink:to="AdditionalCapitalQuarterlyBriefing" xlink:title="presentation: MinimumCapitalQuarterlyBriefing to AdditionalCapitalQuarterlyBriefing" order="30.0" preferredLabel="http://www.xbrl.org/2003/role/terseLabel"/>
    <link:loc xlink:type="locator" xlink:href="../../c-ross_core_2015-12-31.xsd#c-ross_CoreSolvencySurplusQuarterlyBriefing" xlink:label="CoreSolvencySurplusQuarterlyBriefing" xlink:title="CoreSolvencySurplusQuarterlyBriefing"/>
    <link:presentationArc xlink:type="arc" xlink:arcrole="http://www.xbrl.org/2003/arcrole/parent-child" xlink:from="MainIndicatorsQuarterlyBriefingAbstract" xlink:to="CoreSolvencySurplusQuarterlyBriefing" xlink:title="presentation: MainIndicatorsQuarterlyBriefingAbstract to CoreSolvencySurplusQuarterlyBriefing" order="50.0" preferredLabel="http://www.xbrl.org/2003/role/terseLabel"/>
    <link:loc xlink:type="locator" xlink:href="../../c-ross_core_2015-12-31.xsd#c-ross_CoreSolvencyAdequacyRatioQuarterlyBriefing" xlink:label="CoreSolvencyAdequacyRatioQuarterlyBriefing" xlink:title="CoreSolvencyAdequacyRatioQuarterlyBriefing"/>
    <link:presentationArc xlink:type="arc" xlink:arcrole="http://www.xbrl.org/2003/arcrole/parent-child" xlink:from="MainIndicatorsQuarterlyBriefingAbstract" xlink:to="CoreSolvencyAdequacyRatioQuarterlyBriefing" xlink:title="presentation: MainIndicatorsQuarterlyBriefingAbstract to CoreSolvencyAdequacyRatioQuarterlyBriefing" order="60.0" preferredLabel="http://www.xbrl.org/2003/role/terseLabel"/>
    <link:loc xlink:type="locator" xlink:href="../../c-ross_core_2015-12-31.xsd#c-ross_ComprehensiveSolvencySurplusQuarterlyBriefing" xlink:label="ComprehensiveSolvencySurplusQuarterlyBriefing" xlink:title="ComprehensiveSolvencySurplusQuarterlyBriefing"/>
    <link:presentationArc xlink:type="arc" xlink:arcrole="http://www.xbrl.org/2003/arcrole/parent-child" xlink:from="MainIndicatorsQuarterlyBriefingAbstract" xlink:to="ComprehensiveSolvencySurplusQuarterlyBriefing" xlink:title="presentation: MainIndicatorsQuarterlyBriefingAbstract to ComprehensiveSolvencySurplusQuarterlyBriefing" order="70.0" preferredLabel="http://www.xbrl.org/2003/role/terseLabel"/>
    <link:loc xlink:type="locator" xlink:href="../../c-ross_core_2015-12-31.xsd#c-ross_ComprehensiveSolvencyAdequacyRatioQuarterlyBriefing" xlink:label="ComprehensiveSolvencyAdequacyRatioQuarterlyBriefing" xlink:title="ComprehensiveSolvencyAdequacyRatioQuarterlyBriefing"/>
    <link:presentationArc xlink:type="arc" xlink:arcrole="http://www.xbrl.org/2003/arcrole/parent-child" xlink:from="MainIndicatorsQuarterlyBriefingAbstract" xlink:to="ComprehensiveSolvencyAdequacyRatioQuarterlyBriefing" xlink:title="presentation: MainIndicatorsQuarterlyBriefingAbstract to ComprehensiveSolvencyAdequacyRatioQuarterlyBriefing" order="80.0" preferredLabel="http://www.xbrl.org/2003/role/terseLabel"/>
  </link:presentationLink>
</link:linkbase>
