<?xml version="1.0" encoding="UTF-8"?>

<!--
	Taxonomy: 2015-12-31 (Final)
	**********************
	Copyright © 2015 China Insurance Regulatory Commission.
	All rights reserved.  No part of this publication may be translated, reprinted or reproduced
	or utilised in any form either in whole or in part without prior permission in writing from China Insurance Regulatory Commission.
	  **********************
	-->
<link:linkbase xmlns:xsi="http://www.w3.org/2001/XMLSchema-instance" xsi:schemaLocation="http://www.xbrl.org/2003/linkbase http://www.xbrl.org/2003/xbrl-linkbase-2003-12-31.xsd" xmlns:c-ross="http://xbrl.circ.gov.cn/taxonomy/2015-12-31/c-ross" xmlns:link="http://www.xbrl.org/2003/linkbase" xmlns:xbrli="http://www.xbrl.org/2003/instance" xmlns:xlink="http://www.w3.org/1999/xlink">
  <link:roleRef roleURI="http://www.xbrl.org/2009/role/netLabel" xlink:type="simple" xlink:href="http://www.xbrl.org/lrr/role/net-2009-12-16.xsd#netLabel"/>
  <link:roleRef roleURI="http://xbrl.circ.gov.cn/role/c-ross_2015-12-31_role-3210000" xlink:type="simple" xlink:href="rol_c-ross_16_2015-12-31.xsd#c-ross_2015-12-31-3210000"/>
  <link:presentationLink xlink:type="extended" xlink:role="http://xbrl.circ.gov.cn/role/c-ross_2015-12-31_role-3210000">
    <link:loc xlink:type="locator" xlink:href="../../c-ross_core_2015-12-31.xsd#c-ross_CorporateInformationQuarterlyBriefingAbstract" xlink:label="CorporateInformationQuarterlyBriefingAbstract" xlink:title="CorporateInformationQuarterlyBriefingAbstract"/>
    <link:loc xlink:type="locator" xlink:href="../../c-ross_core_2015-12-31.xsd#c-ross_CompanysChineseNameQuarterlyBriefing" xlink:label="CompanysChineseNameQuarterlyBriefing" xlink:title="CompanysChineseNameQuarterlyBriefing"/>
    <link:presentationArc xlink:type="arc" xlink:arcrole="http://www.xbrl.org/2003/arcrole/parent-child" xlink:from="CorporateInformationQuarterlyBriefingAbstract" xlink:to="CompanysChineseNameQuarterlyBriefing" xlink:title="presentation: CorporateInformationQuarterlyBriefingAbstract to CompanysChineseNameQuarterlyBriefing" order="10.0" preferredLabel="http://www.xbrl.org/2003/role/terseLabel"/>
    <link:loc xlink:type="locator" xlink:href="../../c-ross_core_2015-12-31.xsd#c-ross_CompanysEnglishNameQuarterlyBriefing" xlink:label="CompanysEnglishNameQuarterlyBriefing" xlink:title="CompanysEnglishNameQuarterlyBriefing"/>
    <link:presentationArc xlink:type="arc" xlink:arcrole="http://www.xbrl.org/2003/arcrole/parent-child" xlink:from="CorporateInformationQuarterlyBriefingAbstract" xlink:to="CompanysEnglishNameQuarterlyBriefing" xlink:title="presentation: CorporateInformationQuarterlyBriefingAbstract to CompanysEnglishNameQuarterlyBriefing" order="20.0" preferredLabel="http://www.xbrl.org/2003/role/terseLabel"/>
    <link:loc xlink:type="locator" xlink:href="../../c-ross_core_2015-12-31.xsd#c-ross_ContactPersonsNameQuarterlyBriefing" xlink:label="NameOfContactPersonQuarterlyBriefing" xlink:title="NameOfContactPersonQuarterlyBriefing"/>
    <link:presentationArc xlink:type="arc" xlink:arcrole="http://www.xbrl.org/2003/arcrole/parent-child" xlink:from="CorporateInformationQuarterlyBriefingAbstract" xlink:to="NameOfContactPersonQuarterlyBriefing" xlink:title="presentation: CorporateInformationQuarterlyBriefingAbstract to NameOfContactPersonQuarterlyBriefing" order="30.0" preferredLabel="http://www.xbrl.org/2003/role/terseLabel"/>
    <link:loc xlink:type="locator" xlink:href="../../c-ross_core_2015-12-31.xsd#c-ross_ContactPersonsOfficeTelephoneNumberQuarterlyBriefing" xlink:label="ContactPersonsOfficeTelephoneNumberQuarterlyBriefing" xlink:title="ContactPersonsOfficeTelephoneNumberQuarterlyBriefing"/>
    <link:presentationArc xlink:type="arc" xlink:arcrole="http://www.xbrl.org/2003/arcrole/parent-child" xlink:from="CorporateInformationQuarterlyBriefingAbstract" xlink:to="ContactPersonsOfficeTelephoneNumberQuarterlyBriefing" xlink:title="presentation: CorporateInformationQuarterlyBriefingAbstract to ContactPersonsOfficeTelephoneNumberQuarterlyBriefing" order="40.0" preferredLabel="http://www.xbrl.org/2003/role/terseLabel"/>
    <link:loc xlink:type="locator" xlink:href="../../c-ross_core_2015-12-31.xsd#c-ross_ContactPersonsMobilePhoneNumberQuarterlyBriefing" xlink:label="ContactPersonsOfficeMobilePhoneNumberQuarterlyBriefing" xlink:title="ContactPersonsOfficeMobilePhoneNumberQuarterlyBriefing"/>
    <link:presentationArc xlink:type="arc" xlink:arcrole="http://www.xbrl.org/2003/arcrole/parent-child" xlink:from="CorporateInformationQuarterlyBriefingAbstract" xlink:to="ContactPersonsOfficeMobilePhoneNumberQuarterlyBriefing" xlink:title="presentation: CorporateInformationQuarterlyBriefingAbstract to ContactPersonsOfficeMobilePhoneNumberQuarterlyBriefing" order="50.0" preferredLabel="http://www.xbrl.org/2003/role/terseLabel"/>
    <link:loc xlink:type="locator" xlink:href="../../c-ross_core_2015-12-31.xsd#c-ross_ContactPersonsEmailQuarterlyBriefing" xlink:label="ContactPersonsEmailQuarterlyBriefing" xlink:title="ContactPersonsEmailQuarterlyBriefing"/>
    <link:presentationArc xlink:type="arc" xlink:arcrole="http://www.xbrl.org/2003/arcrole/parent-child" xlink:from="CorporateInformationQuarterlyBriefingAbstract" xlink:to="ContactPersonsEmailQuarterlyBriefing" xlink:title="presentation: CorporateInformationQuarterlyBriefingAbstract to ContactPersonsEmailQuarterlyBriefing" order="60.0" preferredLabel="http://www.xbrl.org/2003/role/terseLabel"/>
  </link:presentationLink>
</link:linkbase>
