<?xml version="1.0" encoding="UTF-8"?>

<!--
	Taxonomy: 2015-12-31 (Final)
	**********************
	Copyright © 2015 China Insurance Regulatory Commission.
	All rights reserved.  No part of this publication may be translated, reprinted or reproduced
	or utilised in any form either in whole or in part without prior permission in writing from China Insurance Regulatory Commission.
	  **********************
	-->
<link:linkbase xmlns:xsi="http://www.w3.org/2001/XMLSchema-instance" xsi:schemaLocation="http://www.xbrl.org/2003/linkbase http://www.xbrl.org/2003/xbrl-linkbase-2003-12-31.xsd" xmlns:c-ross="http://xbrl.circ.gov.cn/taxonomy/2015-12-31/c-ross" xmlns:link="http://www.xbrl.org/2003/linkbase" xmlns:q_s_pc_entry_point="http://xbrl.circ.gov.cn/taxonomy/2015-12-31/c-ross/q_s_pc_entry_point" xmlns:xlink="http://www.w3.org/1999/xlink" xmlns:xbrli="http://www.xbrl.org/2003/instance" xmlns:xbrldt="http://xbrl.org/2005/xbrldt">
  <link:roleRef roleURI="http://xbrl.circ.gov.cn/role/c-ross_2015-12-31_role-3161400" xlink:type="simple" xlink:href="rol_c-ross_7_2015-12-31.xsd#c-ross_2015-12-31-3161400"/>
  <link:roleRef roleURI="http://xbrl.circ.gov.cn/role/c-ross_2015-12-31_role-3161400a" xlink:type="simple" xlink:href="rol_c-ross_7_2015-12-31.xsd#c-ross_2015-12-31-3161400a"/>
  <link:roleRef roleURI="http://xbrl.circ.gov.cn/role/c-ross_2015-12-31_role-3161400b" xlink:type="simple" xlink:href="rol_c-ross_7_2015-12-31.xsd#c-ross_2015-12-31-3161400b"/>
  <link:arcroleRef arcroleURI="http://xbrl.org/int/dim/arcrole/all" xlink:type="simple" xlink:href="http://www.xbrl.org/2005/xbrldt-2005.xsd#all"/>
  <link:arcroleRef arcroleURI="http://xbrl.org/int/dim/arcrole/dimension-default" xlink:type="simple" xlink:href="http://www.xbrl.org/2005/xbrldt-2005.xsd#dimension-default"/>
  <link:arcroleRef arcroleURI="http://xbrl.org/int/dim/arcrole/dimension-domain" xlink:type="simple" xlink:href="http://www.xbrl.org/2005/xbrldt-2005.xsd#dimension-domain"/>
  <link:arcroleRef arcroleURI="http://xbrl.org/int/dim/arcrole/domain-member" xlink:type="simple" xlink:href="http://www.xbrl.org/2005/xbrldt-2005.xsd#domain-member"/>
  <link:arcroleRef arcroleURI="http://xbrl.org/int/dim/arcrole/hypercube-dimension" xlink:type="simple" xlink:href="http://www.xbrl.org/2005/xbrldt-2005.xsd#hypercube-dimension"/>
  <link:arcroleRef arcroleURI="http://xbrl.org/int/dim/arcrole/notAll" xlink:type="simple" xlink:href="http://www.xbrl.org/2005/xbrldt-2005.xsd#notAll"/>
  <link:definitionLink xlink:type="extended" xlink:role="http://xbrl.circ.gov.cn/role/c-ross_2015-12-31_role-3161400">
    <link:loc xlink:type="locator" xlink:href="../../c-ross_core_2015-12-31.xsd#c-ross_TypesOfAssetsHeldMember" xlink:label="TypesOfAssetsHeldMember" xlink:title="TypesOfAssetsHeldMember"/>
    <link:loc xlink:type="locator" xlink:href="../../c-ross_core_2015-12-31.xsd#c-ross_HeldByCompanyDirectlyMember" xlink:label="HeldByCompanyDirectlyMember" xlink:title="HeldByCompanyDirectlyMember"/>
    <link:definitionArc xlink:type="arc" xlink:arcrole="http://xbrl.org/int/dim/arcrole/domain-member" xlink:from="TypesOfAssetsHeldMember" xlink:to="HeldByCompanyDirectlyMember" xlink:title="definition: TypesOfAssetsHeldMember to HeldByCompanyDirectlyMember" use="optional" order="10.0"/>
    <link:loc xlink:type="locator" xlink:href="../../c-ross_core_2015-12-31.xsd#c-ross_HeldByLookThroughMethodMember" xlink:label="HeldByLookThroughMethodMember" xlink:title="HeldByLookThroughMethodMember"/>
    <link:definitionArc xlink:type="arc" xlink:arcrole="http://xbrl.org/int/dim/arcrole/domain-member" xlink:from="TypesOfAssetsHeldMember" xlink:to="HeldByLookThroughMethodMember" xlink:title="definition: TypesOfAssetsHeldMember to HeldByLookThroughMethodMember" use="optional" order="20.0"/>
    <link:loc xlink:type="locator" xlink:href="../../c-ross_core_2015-12-31.xsd#c-ross_ExcludedTable" xlink:label="Excluded" xlink:title="Excluded"/>
    <link:loc xlink:type="locator" xlink:href="../../c-ross_core_2015-12-31.xsd#c-ross_EquityPriceRiskConvertibleBondTypesOfAssetsHeldAxis" xlink:label="EquityPriceRiskConvertibleBondTypesOfAssetsHeldAxis" xlink:title="EquityPriceRiskConvertibleBondTypesOfAssetsHeldAxis"/>
    <link:definitionArc xlink:type="arc" xlink:arcrole="http://xbrl.org/int/dim/arcrole/hypercube-dimension" xlink:from="Excluded" xlink:to="EquityPriceRiskConvertibleBondTypesOfAssetsHeldAxis" xlink:title="definition: Excluded to EquityPriceRiskConvertibleBondTypesOfAssetsHeldAxis" use="optional" order="10.0"/>
    <link:definitionArc xlink:type="arc" xlink:arcrole="http://xbrl.org/int/dim/arcrole/dimension-domain" xlink:from="EquityPriceRiskConvertibleBondTypesOfAssetsHeldAxis" xlink:to="TypesOfAssetsHeldMember" xlink:title="definition: EquityPriceRiskConvertibleBondTypesOfAssetsHeldAxis to TypesOfAssetsHeldMember" use="optional" order="10.0"/>
    <link:loc xlink:type="locator" xlink:href="../../c-ross_core_2015-12-31.xsd#c-ross_TypesOfAssetsHeldMember" xlink:label="TypesOfAssetsHeldMember_2" xlink:title="TypesOfAssetsHeldMember"/>
    <link:definitionArc xlink:type="arc" xlink:arcrole="http://xbrl.org/int/dim/arcrole/dimension-default" xlink:from="EquityPriceRiskConvertibleBondTypesOfAssetsHeldAxis" xlink:to="TypesOfAssetsHeldMember_2" xlink:title="definition: EquityPriceRiskConvertibleBondTypesOfAssetsHeldAxis to TypesOfAssetsHeldMember" use="optional" order="20.0"/>
    <link:loc xlink:type="locator" xlink:href="../../c-ross_core_2015-12-31.xsd#c-ross_EquityPriceRiskConvertibleBondAbstract" xlink:label="EquityPriceRiskConvertibleBondAbstract" xlink:title="EquityPriceRiskConvertibleBondAbstract"/>
    <link:loc xlink:type="locator" xlink:href="../../c-ross_core_2015-12-31.xsd#c-ross_EquityPriceRiskConvertibleBondTable" xlink:label="EquityPriceRiskConvertibleBondTable" xlink:title="EquityPriceRiskConvertibleBondTable"/>
    <link:definitionArc xlink:type="arc" xlink:arcrole="http://xbrl.org/int/dim/arcrole/all" xlink:from="EquityPriceRiskConvertibleBondAbstract" xlink:to="EquityPriceRiskConvertibleBondTable" xlink:title="definition: EquityPriceRiskConvertibleBondAbstract to EquityPriceRiskConvertibleBondTable" use="optional" order="10.0" xbrldt:closed="true" xbrldt:contextElement="scenario"/>
    <link:definitionArc xlink:type="arc" xlink:arcrole="http://xbrl.org/int/dim/arcrole/hypercube-dimension" xlink:from="EquityPriceRiskConvertibleBondTable" xlink:to="EquityPriceRiskConvertibleBondTypesOfAssetsHeldAxis" xlink:title="definition: EquityPriceRiskConvertibleBondTable to EquityPriceRiskConvertibleBondTypesOfAssetsHeldAxis" use="optional" order="10.0"/>
    <link:loc xlink:type="locator" xlink:href="../../c-ross_core_2015-12-31.xsd#c-ross_EquityPriceRiskConvertibleBondLineItems" xlink:label="EquityPriceRiskConvertibleBondLineItems" xlink:title="EquityPriceRiskConvertibleBondLineItems"/>
    <link:definitionArc xlink:type="arc" xlink:arcrole="http://xbrl.org/int/dim/arcrole/domain-member" xlink:from="EquityPriceRiskConvertibleBondAbstract" xlink:to="EquityPriceRiskConvertibleBondLineItems" xlink:title="definition: EquityPriceRiskConvertibleBondAbstract to EquityPriceRiskConvertibleBondLineItems" use="optional" order="20.0"/>
    <link:loc xlink:type="locator" xlink:href="../../c-ross_core_2015-12-31.xsd#c-ross_EquityPriceRiskConvertibleBondSecurityName" xlink:label="EquityPriceRiskConvertibleBondBondName" xlink:title="EquityPriceRiskConvertibleBondBondName"/>
    <link:definitionArc xlink:type="arc" xlink:arcrole="http://xbrl.org/int/dim/arcrole/domain-member" xlink:from="EquityPriceRiskConvertibleBondLineItems" xlink:to="EquityPriceRiskConvertibleBondBondName" xlink:title="definition: EquityPriceRiskConvertibleBondLineItems to EquityPriceRiskConvertibleBondBondName" use="optional" order="10.0"/>
    <link:definitionArc xlink:type="arc" xlink:arcrole="http://xbrl.org/int/dim/arcrole/notAll" xlink:from="EquityPriceRiskConvertibleBondBondName" xlink:to="Excluded" xlink:title="definition: EquityPriceRiskConvertibleBondBondName to Excluded" use="optional" order="10.0" xbrldt:contextElement="scenario"/>
    <link:loc xlink:type="locator" xlink:href="../../c-ross_core_2015-12-31.xsd#c-ross_EquityPriceRiskConvertibleBondSecurityCode" xlink:label="EquityPriceRiskConvertibleBondMarketCode" xlink:title="EquityPriceRiskConvertibleBondMarketCode"/>
    <link:definitionArc xlink:type="arc" xlink:arcrole="http://xbrl.org/int/dim/arcrole/domain-member" xlink:from="EquityPriceRiskConvertibleBondLineItems" xlink:to="EquityPriceRiskConvertibleBondMarketCode" xlink:title="definition: EquityPriceRiskConvertibleBondLineItems to EquityPriceRiskConvertibleBondMarketCode" use="optional" order="20.0"/>
    <link:definitionArc xlink:type="arc" xlink:arcrole="http://xbrl.org/int/dim/arcrole/notAll" xlink:from="EquityPriceRiskConvertibleBondMarketCode" xlink:to="Excluded" xlink:title="definition: EquityPriceRiskConvertibleBondMarketCode to Excluded" order="10.0" xbrldt:contextElement="scenario"/>
    <link:loc xlink:type="locator" xlink:href="../../c-ross_core_2015-12-31.xsd#c-ross_EquityPriceRiskConvertibleBondPurchaseCost" xlink:label="EquityPriceRiskConvertibleBondHoldingCost" xlink:title="EquityPriceRiskConvertibleBondHoldingCost"/>
    <link:definitionArc xlink:type="arc" xlink:arcrole="http://xbrl.org/int/dim/arcrole/domain-member" xlink:from="EquityPriceRiskConvertibleBondLineItems" xlink:to="EquityPriceRiskConvertibleBondHoldingCost" xlink:title="definition: EquityPriceRiskConvertibleBondLineItems to EquityPriceRiskConvertibleBondHoldingCost" use="optional" order="30.0"/>
    <link:loc xlink:type="locator" xlink:href="../../c-ross_core_2015-12-31.xsd#c-ross_EquityPriceRiskConvertibleBondAdmittedValue" xlink:label="EquityPriceRiskConvertibleBondAdmittedValue" xlink:title="EquityPriceRiskConvertibleBondAdmittedValue"/>
    <link:definitionArc xlink:type="arc" xlink:arcrole="http://xbrl.org/int/dim/arcrole/domain-member" xlink:from="EquityPriceRiskConvertibleBondLineItems" xlink:to="EquityPriceRiskConvertibleBondAdmittedValue" xlink:title="definition: EquityPriceRiskConvertibleBondLineItems to EquityPriceRiskConvertibleBondAdmittedValue" use="optional" order="40.0"/>
    <link:loc xlink:type="locator" xlink:href="../../c-ross_core_2015-12-31.xsd#c-ross_EquityPriceRiskConvertibleBondRiskExposure" xlink:label="EquityPriceRiskConvertibleBondRiskExposure" xlink:title="EquityPriceRiskConvertibleBondRiskExposure"/>
    <link:definitionArc xlink:type="arc" xlink:arcrole="http://xbrl.org/int/dim/arcrole/domain-member" xlink:from="EquityPriceRiskConvertibleBondLineItems" xlink:to="EquityPriceRiskConvertibleBondRiskExposure" xlink:title="definition: EquityPriceRiskConvertibleBondLineItems to EquityPriceRiskConvertibleBondRiskExposure" use="optional" order="50.0"/>
    <link:loc xlink:type="locator" xlink:href="../../c-ross_core_2015-12-31.xsd#c-ross_EquityPriceRiskConvertibleBondBaseRiskFactor" xlink:label="EquityPriceRiskConvertibleBondBaseRiskFactor" xlink:title="EquityPriceRiskConvertibleBondBaseRiskFactor"/>
    <link:definitionArc xlink:type="arc" xlink:arcrole="http://xbrl.org/int/dim/arcrole/domain-member" xlink:from="EquityPriceRiskConvertibleBondLineItems" xlink:to="EquityPriceRiskConvertibleBondBaseRiskFactor" xlink:title="definition: EquityPriceRiskConvertibleBondLineItems to EquityPriceRiskConvertibleBondBaseRiskFactor" use="optional" order="60.0"/>
    <link:definitionArc xlink:type="arc" xlink:arcrole="http://xbrl.org/int/dim/arcrole/notAll" xlink:from="EquityPriceRiskConvertibleBondBaseRiskFactor" xlink:to="Excluded" xlink:title="definition: EquityPriceRiskConvertibleBondBaseRiskFactor to Excluded" use="optional" order="10.0" xbrldt:contextElement="scenario"/>
    <link:loc xlink:type="locator" xlink:href="../../c-ross_core_2015-12-31.xsd#c-ross_EquityPriceRiskConvertibleBondMinimumCapital" xlink:label="EquityPriceRiskConvertibleBondMinimumCapital" xlink:title="EquityPriceRiskConvertibleBondMinimumCapital"/>
    <link:definitionArc xlink:type="arc" xlink:arcrole="http://xbrl.org/int/dim/arcrole/domain-member" xlink:from="EquityPriceRiskConvertibleBondLineItems" xlink:to="EquityPriceRiskConvertibleBondMinimumCapital" xlink:title="definition: EquityPriceRiskConvertibleBondLineItems to EquityPriceRiskConvertibleBondMinimumCapital" use="optional" order="70.0"/>
  </link:definitionLink>
  <link:definitionLink xlink:type="extended" xlink:role="http://xbrl.circ.gov.cn/role/c-ross_2015-12-31_role-3161400a">
    <link:loc xlink:type="locator" xlink:href="../../c-ross_core_2015-12-31.xsd#c-ross_TypesOfAssetsHeldMember" xlink:label="TypesOfAssetsHeldMember" xlink:title="TypesOfAssetsHeldMember"/>
    <link:loc xlink:type="locator" xlink:href="../../c-ross_core_2015-12-31.xsd#c-ross_HeldByCompanyDirectlyMember" xlink:label="HeldByCompanyDirectlyMember" xlink:title="HeldByCompanyDirectlyMember"/>
    <link:definitionArc xlink:type="arc" xlink:arcrole="http://xbrl.org/int/dim/arcrole/domain-member" xlink:from="TypesOfAssetsHeldMember" xlink:to="HeldByCompanyDirectlyMember" xlink:title="definition: TypesOfAssetsHeldMember to HeldByCompanyDirectlyMember" use="optional" order="10.0"/>
    <link:loc xlink:type="locator" xlink:href="../../c-ross_core_2015-12-31.xsd#c-ross_EquityPriceRiskConvertibleBondTypesOfAssetsHeldAxis" xlink:label="EquityPriceRiskConvertibleBondTypesOfAssetsHeldAxis" xlink:title="EquityPriceRiskConvertibleBondTypesOfAssetsHeldAxis"/>
    <link:definitionArc xlink:type="arc" xlink:arcrole="http://xbrl.org/int/dim/arcrole/dimension-domain" xlink:from="EquityPriceRiskConvertibleBondTypesOfAssetsHeldAxis" xlink:to="TypesOfAssetsHeldMember" xlink:title="definition: EquityPriceRiskConvertibleBondTypesOfAssetsHeldAxis to TypesOfAssetsHeldMember" use="optional" order="10.0"/>
    <link:loc xlink:type="locator" xlink:href="../../c-ross_core_2015-12-31.xsd#c-ross_EquityPriceRiskConvertibleBondTable" xlink:label="EquityPriceRiskConvertibleBondTable" xlink:title="EquityPriceRiskConvertibleBondTable"/>
    <link:definitionArc xlink:type="arc" xlink:arcrole="http://xbrl.org/int/dim/arcrole/hypercube-dimension" xlink:from="EquityPriceRiskConvertibleBondTable" xlink:to="EquityPriceRiskConvertibleBondTypesOfAssetsHeldAxis" xlink:title="definition: EquityPriceRiskConvertibleBondTable to EquityPriceRiskConvertibleBondTypesOfAssetsHeldAxis" use="optional" order="10.0"/>
    <link:loc xlink:type="locator" xlink:href="../../c-ross_core_2015-12-31.xsd#c-ross_EquityPriceRiskConvertibleBondHeldByCompanyDirectlyLineNumberAxis" xlink:label="EquityPriceRiskConvertibleBondHeldByCompanyDirectlyLineNumberAxis" xlink:title="EquityPriceRiskConvertibleBondHeldByCompanyDirectlyLineNumberAxis"/>
    <link:definitionArc xlink:type="arc" xlink:arcrole="http://xbrl.org/int/dim/arcrole/hypercube-dimension" xlink:from="EquityPriceRiskConvertibleBondTable" xlink:to="EquityPriceRiskConvertibleBondHeldByCompanyDirectlyLineNumberAxis" xlink:title="definition: EquityPriceRiskConvertibleBondTable to EquityPriceRiskConvertibleBondHeldByCompanyDirectlyLineNumberAxis" use="optional" order="20.0"/>
    <link:loc xlink:type="locator" xlink:href="../../c-ross_core_2015-12-31.xsd#c-ross_EquityPriceRiskConvertibleBondLineItems" xlink:label="EquityPriceRiskConvertibleBondLineItems" xlink:title="EquityPriceRiskConvertibleBondLineItems"/>
    <link:loc xlink:type="locator" xlink:href="../../c-ross_core_2015-12-31.xsd#c-ross_EquityPriceRiskConvertibleBondSecurityName" xlink:label="EquityPriceRiskConvertibleBondBondName" xlink:title="EquityPriceRiskConvertibleBondBondName"/>
    <link:definitionArc xlink:type="arc" xlink:arcrole="http://xbrl.org/int/dim/arcrole/domain-member" xlink:from="EquityPriceRiskConvertibleBondLineItems" xlink:to="EquityPriceRiskConvertibleBondBondName" xlink:title="definition: EquityPriceRiskConvertibleBondLineItems to EquityPriceRiskConvertibleBondBondName" use="optional" order="10.0"/>
    <link:loc xlink:type="locator" xlink:href="../../c-ross_core_2015-12-31.xsd#c-ross_EquityPriceRiskConvertibleBondSecurityCode" xlink:label="EquityPriceRiskConvertibleBondMarketCode" xlink:title="EquityPriceRiskConvertibleBondMarketCode"/>
    <link:definitionArc xlink:type="arc" xlink:arcrole="http://xbrl.org/int/dim/arcrole/domain-member" xlink:from="EquityPriceRiskConvertibleBondLineItems" xlink:to="EquityPriceRiskConvertibleBondMarketCode" xlink:title="definition: EquityPriceRiskConvertibleBondLineItems to EquityPriceRiskConvertibleBondMarketCode" use="optional" order="20.0"/>
    <link:loc xlink:type="locator" xlink:href="../../c-ross_core_2015-12-31.xsd#c-ross_EquityPriceRiskConvertibleBondPurchaseCost" xlink:label="EquityPriceRiskConvertibleBondHoldingCost" xlink:title="EquityPriceRiskConvertibleBondHoldingCost"/>
    <link:definitionArc xlink:type="arc" xlink:arcrole="http://xbrl.org/int/dim/arcrole/domain-member" xlink:from="EquityPriceRiskConvertibleBondLineItems" xlink:to="EquityPriceRiskConvertibleBondHoldingCost" xlink:title="definition: EquityPriceRiskConvertibleBondLineItems to EquityPriceRiskConvertibleBondHoldingCost" use="optional" order="30.0"/>
    <link:loc xlink:type="locator" xlink:href="../../c-ross_core_2015-12-31.xsd#c-ross_EquityPriceRiskConvertibleBondAdmittedValue" xlink:label="EquityPriceRiskConvertibleBondAdmittedValue" xlink:title="EquityPriceRiskConvertibleBondAdmittedValue"/>
    <link:definitionArc xlink:type="arc" xlink:arcrole="http://xbrl.org/int/dim/arcrole/domain-member" xlink:from="EquityPriceRiskConvertibleBondLineItems" xlink:to="EquityPriceRiskConvertibleBondAdmittedValue" xlink:title="definition: EquityPriceRiskConvertibleBondLineItems to EquityPriceRiskConvertibleBondAdmittedValue" use="optional" order="40.0"/>
    <link:loc xlink:type="locator" xlink:href="../../c-ross_core_2015-12-31.xsd#c-ross_EquityPriceRiskConvertibleBondRiskExposure" xlink:label="EquityPriceRiskConvertibleBondRiskExposure" xlink:title="EquityPriceRiskConvertibleBondRiskExposure"/>
    <link:definitionArc xlink:type="arc" xlink:arcrole="http://xbrl.org/int/dim/arcrole/domain-member" xlink:from="EquityPriceRiskConvertibleBondLineItems" xlink:to="EquityPriceRiskConvertibleBondRiskExposure" xlink:title="definition: EquityPriceRiskConvertibleBondLineItems to EquityPriceRiskConvertibleBondRiskExposure" use="optional" order="50.0"/>
    <link:loc xlink:type="locator" xlink:href="../../c-ross_core_2015-12-31.xsd#c-ross_EquityPriceRiskConvertibleBondBaseRiskFactor" xlink:label="EquityPriceRiskConvertibleBondBaseRiskFactor" xlink:title="EquityPriceRiskConvertibleBondBaseRiskFactor"/>
    <link:definitionArc xlink:type="arc" xlink:arcrole="http://xbrl.org/int/dim/arcrole/domain-member" xlink:from="EquityPriceRiskConvertibleBondLineItems" xlink:to="EquityPriceRiskConvertibleBondBaseRiskFactor" xlink:title="definition: EquityPriceRiskConvertibleBondLineItems to EquityPriceRiskConvertibleBondBaseRiskFactor" use="optional" order="60.0"/>
    <link:loc xlink:type="locator" xlink:href="../../c-ross_core_2015-12-31.xsd#c-ross_EquityPriceRiskConvertibleBondMinimumCapital" xlink:label="EquityPriceRiskConvertibleBondMinimumCapital" xlink:title="EquityPriceRiskConvertibleBondMinimumCapital"/>
    <link:definitionArc xlink:type="arc" xlink:arcrole="http://xbrl.org/int/dim/arcrole/domain-member" xlink:from="EquityPriceRiskConvertibleBondLineItems" xlink:to="EquityPriceRiskConvertibleBondMinimumCapital" xlink:title="definition: EquityPriceRiskConvertibleBondLineItems to EquityPriceRiskConvertibleBondMinimumCapital" use="optional" order="70.0"/>
    <link:loc xlink:type="locator" xlink:href="../../c-ross_core_2015-12-31.xsd#c-ross_EquityPriceRiskConvertibleBondHeldByCompanyDirectlyAbstract" xlink:label="EquityPriceRiskConvertibleBondHeldByCompanyDirectlyAbstract" xlink:title="EquityPriceRiskConvertibleBondHeldByCompanyDirectlyAbstract"/>
    <link:definitionArc xlink:type="arc" xlink:arcrole="http://xbrl.org/int/dim/arcrole/all" xlink:from="EquityPriceRiskConvertibleBondHeldByCompanyDirectlyAbstract" xlink:to="EquityPriceRiskConvertibleBondTable" xlink:title="definition: EquityPriceRiskConvertibleBondHeldByCompanyDirectlyAbstract to EquityPriceRiskConvertibleBondTable" use="optional" order="10.0" xbrldt:closed="true" xbrldt:contextElement="scenario"/>
    <link:definitionArc xlink:type="arc" xlink:arcrole="http://xbrl.org/int/dim/arcrole/domain-member" xlink:from="EquityPriceRiskConvertibleBondHeldByCompanyDirectlyAbstract" xlink:to="EquityPriceRiskConvertibleBondLineItems" xlink:title="definition: EquityPriceRiskConvertibleBondHeldByCompanyDirectlyAbstract to EquityPriceRiskConvertibleBondLineItems" use="optional" order="20.0"/>
  </link:definitionLink>
  <link:definitionLink xlink:type="extended" xlink:role="http://xbrl.circ.gov.cn/role/c-ross_2015-12-31_role-3161400b">
    <link:loc xlink:type="locator" xlink:href="../../c-ross_core_2015-12-31.xsd#c-ross_TypesOfAssetsHeldMember" xlink:label="TypesOfAssetsHeldMember" xlink:title="TypesOfAssetsHeldMember"/>
    <link:loc xlink:type="locator" xlink:href="../../c-ross_core_2015-12-31.xsd#c-ross_HeldByLookThroughMethodMember" xlink:label="HeldByLookThroughMethodMember" xlink:title="HeldByLookThroughMethodMember"/>
    <link:definitionArc xlink:type="arc" xlink:arcrole="http://xbrl.org/int/dim/arcrole/domain-member" xlink:from="TypesOfAssetsHeldMember" xlink:to="HeldByLookThroughMethodMember" xlink:title="definition: TypesOfAssetsHeldMember to HeldByLookThroughMethodMember" use="optional" order="10.0"/>
    <link:loc xlink:type="locator" xlink:href="../../c-ross_core_2015-12-31.xsd#c-ross_EquityPriceRiskConvertibleBondTypesOfAssetsHeldAxis" xlink:label="EquityPriceRiskConvertibleBondTypesOfAssetsHeldAxis" xlink:title="EquityPriceRiskConvertibleBondTypesOfAssetsHeldAxis"/>
    <link:definitionArc xlink:type="arc" xlink:arcrole="http://xbrl.org/int/dim/arcrole/dimension-domain" xlink:from="EquityPriceRiskConvertibleBondTypesOfAssetsHeldAxis" xlink:to="TypesOfAssetsHeldMember" xlink:title="definition: EquityPriceRiskConvertibleBondTypesOfAssetsHeldAxis to TypesOfAssetsHeldMember" use="optional" order="10.0"/>
    <link:loc xlink:type="locator" xlink:href="../../c-ross_core_2015-12-31.xsd#c-ross_EquityPriceRiskConvertibleBondTable" xlink:label="EquityPriceRiskConvertibleBondTable" xlink:title="EquityPriceRiskConvertibleBondTable"/>
    <link:definitionArc xlink:type="arc" xlink:arcrole="http://xbrl.org/int/dim/arcrole/hypercube-dimension" xlink:from="EquityPriceRiskConvertibleBondTable" xlink:to="EquityPriceRiskConvertibleBondTypesOfAssetsHeldAxis" xlink:title="definition: EquityPriceRiskConvertibleBondTable to EquityPriceRiskConvertibleBondTypesOfAssetsHeldAxis" use="optional" order="10.0"/>
    <link:loc xlink:type="locator" xlink:href="../../c-ross_core_2015-12-31.xsd#c-ross_EquityPriceRiskConvertibleBondHeldByLookThroughMethodLineNumberAxis" xlink:label="EquityPriceRiskConvertibleBondHeldByLookThroughMethodLineNumberAxis" xlink:title="EquityPriceRiskConvertibleBondHeldByLookThroughMethodLineNumberAxis"/>
    <link:definitionArc xlink:type="arc" xlink:arcrole="http://xbrl.org/int/dim/arcrole/hypercube-dimension" xlink:from="EquityPriceRiskConvertibleBondTable" xlink:to="EquityPriceRiskConvertibleBondHeldByLookThroughMethodLineNumberAxis" xlink:title="definition: EquityPriceRiskConvertibleBondTable to EquityPriceRiskConvertibleBondHeldByLookThroughMethodLineNumberAxis" use="optional" order="20.0"/>
    <link:loc xlink:type="locator" xlink:href="../../c-ross_core_2015-12-31.xsd#c-ross_EquityPriceRiskConvertibleBondLineItems" xlink:label="EquityPriceRiskConvertibleBondLineItems" xlink:title="EquityPriceRiskConvertibleBondLineItems"/>
    <link:loc xlink:type="locator" xlink:href="../../c-ross_core_2015-12-31.xsd#c-ross_EquityPriceRiskConvertibleBondSecurityName" xlink:label="EquityPriceRiskConvertibleBondBondName" xlink:title="EquityPriceRiskConvertibleBondBondName"/>
    <link:definitionArc xlink:type="arc" xlink:arcrole="http://xbrl.org/int/dim/arcrole/domain-member" xlink:from="EquityPriceRiskConvertibleBondLineItems" xlink:to="EquityPriceRiskConvertibleBondBondName" xlink:title="definition: EquityPriceRiskConvertibleBondLineItems to EquityPriceRiskConvertibleBondBondName" use="optional" order="10.0"/>
    <link:loc xlink:type="locator" xlink:href="../../c-ross_core_2015-12-31.xsd#c-ross_EquityPriceRiskConvertibleBondSecurityCode" xlink:label="EquityPriceRiskConvertibleBondMarketCode" xlink:title="EquityPriceRiskConvertibleBondMarketCode"/>
    <link:definitionArc xlink:type="arc" xlink:arcrole="http://xbrl.org/int/dim/arcrole/domain-member" xlink:from="EquityPriceRiskConvertibleBondLineItems" xlink:to="EquityPriceRiskConvertibleBondMarketCode" xlink:title="definition: EquityPriceRiskConvertibleBondLineItems to EquityPriceRiskConvertibleBondMarketCode" use="optional" order="20.0"/>
    <link:loc xlink:type="locator" xlink:href="../../c-ross_core_2015-12-31.xsd#c-ross_EquityPriceRiskConvertibleBondPurchaseCost" xlink:label="EquityPriceRiskConvertibleBondHoldingCost" xlink:title="EquityPriceRiskConvertibleBondHoldingCost"/>
    <link:definitionArc xlink:type="arc" xlink:arcrole="http://xbrl.org/int/dim/arcrole/domain-member" xlink:from="EquityPriceRiskConvertibleBondLineItems" xlink:to="EquityPriceRiskConvertibleBondHoldingCost" xlink:title="definition: EquityPriceRiskConvertibleBondLineItems to EquityPriceRiskConvertibleBondHoldingCost" use="optional" order="30.0"/>
    <link:loc xlink:type="locator" xlink:href="../../c-ross_core_2015-12-31.xsd#c-ross_EquityPriceRiskConvertibleBondAdmittedValue" xlink:label="EquityPriceRiskConvertibleBondAdmittedValue" xlink:title="EquityPriceRiskConvertibleBondAdmittedValue"/>
    <link:definitionArc xlink:type="arc" xlink:arcrole="http://xbrl.org/int/dim/arcrole/domain-member" xlink:from="EquityPriceRiskConvertibleBondLineItems" xlink:to="EquityPriceRiskConvertibleBondAdmittedValue" xlink:title="definition: EquityPriceRiskConvertibleBondLineItems to EquityPriceRiskConvertibleBondAdmittedValue" use="optional" order="40.0"/>
    <link:loc xlink:type="locator" xlink:href="../../c-ross_core_2015-12-31.xsd#c-ross_EquityPriceRiskConvertibleBondRiskExposure" xlink:label="EquityPriceRiskConvertibleBondRiskExposure" xlink:title="EquityPriceRiskConvertibleBondRiskExposure"/>
    <link:definitionArc xlink:type="arc" xlink:arcrole="http://xbrl.org/int/dim/arcrole/domain-member" xlink:from="EquityPriceRiskConvertibleBondLineItems" xlink:to="EquityPriceRiskConvertibleBondRiskExposure" xlink:title="definition: EquityPriceRiskConvertibleBondLineItems to EquityPriceRiskConvertibleBondRiskExposure" use="optional" order="50.0"/>
    <link:loc xlink:type="locator" xlink:href="../../c-ross_core_2015-12-31.xsd#c-ross_EquityPriceRiskConvertibleBondBaseRiskFactor" xlink:label="EquityPriceRiskConvertibleBondBaseRiskFactor" xlink:title="EquityPriceRiskConvertibleBondBaseRiskFactor"/>
    <link:definitionArc xlink:type="arc" xlink:arcrole="http://xbrl.org/int/dim/arcrole/domain-member" xlink:from="EquityPriceRiskConvertibleBondLineItems" xlink:to="EquityPriceRiskConvertibleBondBaseRiskFactor" xlink:title="definition: EquityPriceRiskConvertibleBondLineItems to EquityPriceRiskConvertibleBondBaseRiskFactor" use="optional" order="60.0"/>
    <link:loc xlink:type="locator" xlink:href="../../c-ross_core_2015-12-31.xsd#c-ross_EquityPriceRiskConvertibleBondMinimumCapital" xlink:label="EquityPriceRiskConvertibleBondMinimumCapital" xlink:title="EquityPriceRiskConvertibleBondMinimumCapital"/>
    <link:definitionArc xlink:type="arc" xlink:arcrole="http://xbrl.org/int/dim/arcrole/domain-member" xlink:from="EquityPriceRiskConvertibleBondLineItems" xlink:to="EquityPriceRiskConvertibleBondMinimumCapital" xlink:title="definition: EquityPriceRiskConvertibleBondLineItems to EquityPriceRiskConvertibleBondMinimumCapital" use="optional" order="70.0"/>
    <link:loc xlink:type="locator" xlink:href="../../c-ross_core_2015-12-31.xsd#c-ross_EquityPriceRiskConvertibleBondHeldByLookThroughMethodAbstract" xlink:label="EquityPriceRiskConvertibleBondHeldByLookThroughMethodAbstract" xlink:title="EquityPriceRiskConvertibleBondHeldByLookThroughMethodAbstract"/>
    <link:definitionArc xlink:type="arc" xlink:arcrole="http://xbrl.org/int/dim/arcrole/all" xlink:from="EquityPriceRiskConvertibleBondHeldByLookThroughMethodAbstract" xlink:to="EquityPriceRiskConvertibleBondTable" xlink:title="definition: EquityPriceRiskConvertibleBondHeldByLookThroughMethodAbstract to EquityPriceRiskConvertibleBondTable" use="optional" order="10.0" xbrldt:closed="true" xbrldt:contextElement="scenario"/>
    <link:definitionArc xlink:type="arc" xlink:arcrole="http://xbrl.org/int/dim/arcrole/domain-member" xlink:from="EquityPriceRiskConvertibleBondHeldByLookThroughMethodAbstract" xlink:to="EquityPriceRiskConvertibleBondLineItems" xlink:title="definition: EquityPriceRiskConvertibleBondHeldByLookThroughMethodAbstract to EquityPriceRiskConvertibleBondLineItems" use="optional" order="20.0"/>
  </link:definitionLink>
</link:linkbase>
