<?xml version="1.0" encoding="UTF-8"?>

<!--
	Taxonomy: 2015-12-31 (Final)
	**********************
	Copyright © 2015 China Insurance Regulatory Commission.
	All rights reserved.  No part of this publication may be translated, reprinted or reproduced
	or utilised in any form either in whole or in part without prior permission in writing from China Insurance Regulatory Commission.
	  **********************
	-->
<link:linkbase xmlns:xsi="http://www.w3.org/2001/XMLSchema-instance" xsi:schemaLocation="http://www.xbrl.org/2003/linkbase http://www.xbrl.org/2003/xbrl-linkbase-2003-12-31.xsd" xmlns:c-ross="http://xbrl.circ.gov.cn/taxonomy/2015-12-31/c-ross" xmlns:link="http://www.xbrl.org/2003/linkbase" xmlns:q_s_pc_entry_point="http://xbrl.circ.gov.cn/taxonomy/2015-12-31/c-ross/q_s_pc_entry_point" xmlns:xlink="http://www.w3.org/1999/xlink" xmlns:xbrli="http://www.xbrl.org/2003/instance" xmlns:xbrldt="http://xbrl.org/2005/xbrldt">
  <link:roleRef roleURI="http://xbrl.circ.gov.cn/role/c-ross_2015-12-31_role-3162200" xlink:type="simple" xlink:href="rol_c-ross_7_2015-12-31.xsd#c-ross_2015-12-31-3162200"/>
  <link:roleRef roleURI="http://xbrl.circ.gov.cn/role/c-ross_2015-12-31_role-3162200a" xlink:type="simple" xlink:href="rol_c-ross_7_2015-12-31.xsd#c-ross_2015-12-31-3162200a"/>
  <link:roleRef roleURI="http://xbrl.circ.gov.cn/role/c-ross_2015-12-31_role-3162200b" xlink:type="simple" xlink:href="rol_c-ross_7_2015-12-31.xsd#c-ross_2015-12-31-3162200b"/>
  <link:roleRef roleURI="http://xbrl.circ.gov.cn/role/c-ross_2015-12-31_role-3162200c" xlink:type="simple" xlink:href="rol_c-ross_7_2015-12-31.xsd#c-ross_2015-12-31-3162200c"/>
  <link:roleRef roleURI="http://xbrl.circ.gov.cn/role/c-ross_2015-12-31_role-3162200d" xlink:type="simple" xlink:href="rol_c-ross_7_2015-12-31.xsd#c-ross_2015-12-31-3162200d"/>
  <link:arcroleRef arcroleURI="http://xbrl.org/int/dim/arcrole/all" xlink:type="simple" xlink:href="http://www.xbrl.org/2005/xbrldt-2005.xsd#all"/>
  <link:arcroleRef arcroleURI="http://xbrl.org/int/dim/arcrole/dimension-default" xlink:type="simple" xlink:href="http://www.xbrl.org/2005/xbrldt-2005.xsd#dimension-default"/>
  <link:arcroleRef arcroleURI="http://xbrl.org/int/dim/arcrole/dimension-domain" xlink:type="simple" xlink:href="http://www.xbrl.org/2005/xbrldt-2005.xsd#dimension-domain"/>
  <link:arcroleRef arcroleURI="http://xbrl.org/int/dim/arcrole/domain-member" xlink:type="simple" xlink:href="http://www.xbrl.org/2005/xbrldt-2005.xsd#domain-member"/>
  <link:arcroleRef arcroleURI="http://xbrl.org/int/dim/arcrole/hypercube-dimension" xlink:type="simple" xlink:href="http://www.xbrl.org/2005/xbrldt-2005.xsd#hypercube-dimension"/>
  <link:arcroleRef arcroleURI="http://xbrl.org/int/dim/arcrole/notAll" xlink:type="simple" xlink:href="http://www.xbrl.org/2005/xbrldt-2005.xsd#notAll"/>
  <link:definitionLink xlink:type="extended" xlink:role="http://xbrl.circ.gov.cn/role/c-ross_2015-12-31_role-3162200">
    <link:loc xlink:type="locator" xlink:href="../../c-ross_core_2015-12-31.xsd#c-ross_TypesOfAssetsHeldMember" xlink:label="TypesOfAssetsHeldMember" xlink:title="TypesOfAssetsHeldMember"/>
    <link:loc xlink:type="locator" xlink:href="../../c-ross_core_2015-12-31.xsd#c-ross_HeldByCompanyDirectlyMember" xlink:label="HeldByCompanyDirectlyMember" xlink:title="HeldByCompanyDirectlyMember"/>
    <link:definitionArc xlink:type="arc" xlink:arcrole="http://xbrl.org/int/dim/arcrole/domain-member" xlink:from="TypesOfAssetsHeldMember" xlink:to="HeldByCompanyDirectlyMember" xlink:title="definition: TypesOfAssetsHeldMember to HeldByCompanyDirectlyMember" use="optional" order="10.0"/>
    <link:loc xlink:type="locator" xlink:href="../../c-ross_core_2015-12-31.xsd#c-ross_HeldByLookThroughMethodMember" xlink:label="HeldByLookThroughMethodMember" xlink:title="HeldByLookThroughMethodMember"/>
    <link:definitionArc xlink:type="arc" xlink:arcrole="http://xbrl.org/int/dim/arcrole/domain-member" xlink:from="TypesOfAssetsHeldMember" xlink:to="HeldByLookThroughMethodMember" xlink:title="definition: TypesOfAssetsHeldMember to HeldByLookThroughMethodMember" use="optional" order="20.0"/>
    <link:loc xlink:type="locator" xlink:href="../../c-ross_core_2015-12-31.xsd#c-ross_ExcludedTable" xlink:label="Excluded" xlink:title="Excluded"/>
    <link:loc xlink:type="locator" xlink:href="../../c-ross_core_2015-12-31.xsd#c-ross_EquityPriceRiskLongTermEquityInvestmentsInSubsidiariesJointVenturesAndAssociatedCompaniesTypeOfLongTermEquityInvestmentsAxis" xlink:label="InvesteeAxis" xlink:title="InvesteeAxis"/>
    <link:definitionArc xlink:type="arc" xlink:arcrole="http://xbrl.org/int/dim/arcrole/hypercube-dimension" xlink:from="Excluded" xlink:to="InvesteeAxis" xlink:title="definition: Excluded to InvesteeAxis" use="optional" order="10.0"/>
    <link:loc xlink:type="locator" xlink:href="../../c-ross_core_2015-12-31.xsd#c-ross_TypeOfLongTermEquityInvestmentsMember" xlink:label="InvesteeMember" xlink:title="InvesteeMember"/>
    <link:definitionArc xlink:type="arc" xlink:arcrole="http://xbrl.org/int/dim/arcrole/dimension-domain" xlink:from="InvesteeAxis" xlink:to="InvesteeMember" xlink:title="definition: InvesteeAxis to InvesteeMember" use="optional" order="10.0"/>
    <link:loc xlink:type="locator" xlink:href="../../c-ross_core_2015-12-31.xsd#c-ross_TypeOfLongTermEquityInvestmentsMember" xlink:label="InvesteeMember_2" xlink:title="InvesteeMember"/>
    <link:definitionArc xlink:type="arc" xlink:arcrole="http://xbrl.org/int/dim/arcrole/dimension-default" xlink:from="InvesteeAxis" xlink:to="InvesteeMember_2" xlink:title="definition: InvesteeAxis to InvesteeMember" use="optional" order="20.0"/>
    <link:loc xlink:type="locator" xlink:href="../../c-ross_core_2015-12-31.xsd#c-ross_LongTermEquityInvestmentsInSubsidiariesMember" xlink:label="SubsidiariesMember" xlink:title="SubsidiariesMember"/>
    <link:definitionArc xlink:type="arc" xlink:arcrole="http://xbrl.org/int/dim/arcrole/domain-member" xlink:from="InvesteeMember" xlink:to="SubsidiariesMember" xlink:title="definition: InvesteeMember to SubsidiariesMember" use="optional" order="10.0"/>
    <link:loc xlink:type="locator" xlink:href="../../c-ross_core_2015-12-31.xsd#c-ross_LongTermEquityInvestmentsInJointVenturesAndAssociatedCompaniesMember" xlink:label="JointVenturesAndAssociatedCompaniesMember" xlink:title="JointVenturesAndAssociatedCompaniesMember"/>
    <link:definitionArc xlink:type="arc" xlink:arcrole="http://xbrl.org/int/dim/arcrole/domain-member" xlink:from="InvesteeMember" xlink:to="JointVenturesAndAssociatedCompaniesMember" xlink:title="definition: InvesteeMember to JointVenturesAndAssociatedCompaniesMember" use="optional" order="20.0"/>
    <link:loc xlink:type="locator" xlink:href="../../c-ross_core_2015-12-31.xsd#c-ross_EquityPriceRiskLongTermEquityInvestmentsInSubsidiariesJointVenturesAndAssociatedCompaniesAbstract" xlink:label="EquityPriceRiskLongTermEquityInvestmentsInSubsidiariesJointVenturesAndAssociatedCompaniesAbstract" xlink:title="EquityPriceRiskLongTermEquityInvestmentsInSubsidiariesJointVenturesAndAssociatedCompaniesAbstract"/>
    <link:loc xlink:type="locator" xlink:href="../../c-ross_core_2015-12-31.xsd#c-ross_EquityPriceRiskLongTermEquityInvestmentsInSubsidiariesJointVenturesAndAssociatedCompaniesTable" xlink:label="EquityPriceRiskLongTermEquityInvestmentsInSubsidiariesJointVenturesAndAssociatedCompaniesTable" xlink:title="EquityPriceRiskLongTermEquityInvestmentsInSubsidiariesJointVenturesAndAssociatedCompaniesTable"/>
    <link:definitionArc xlink:type="arc" xlink:arcrole="http://xbrl.org/int/dim/arcrole/all" xlink:from="EquityPriceRiskLongTermEquityInvestmentsInSubsidiariesJointVenturesAndAssociatedCompaniesAbstract" xlink:to="EquityPriceRiskLongTermEquityInvestmentsInSubsidiariesJointVenturesAndAssociatedCompaniesTable" xlink:title="definition: EquityPriceRiskLongTermEquityInvestmentsInSubsidiariesJointVenturesAndAssociatedCompaniesAbstract to EquityPriceRiskLongTermEquityInvestmentsInSubsidiariesJointVenturesAndAssociatedCompaniesTable" use="optional" order="10.0" xbrldt:closed="true" xbrldt:contextElement="scenario"/>
    <link:loc xlink:type="locator" xlink:href="../../c-ross_core_2015-12-31.xsd#c-ross_EquityPriceRiskTypesOfLongTermEquityInvestmentsHeldInSubsidiariesJointVenturesAndAssociatedCompaniesAxis" xlink:label="EquityPriceRiskTypesOfLongTermEquityInvestmentsHeldInSubsidiariesJointVenturesAndAssociatedCompaniesAxis" xlink:title="EquityPriceRiskTypesOfLongTermEquityInvestmentsHeldInSubsidiariesJointVenturesAndAssociatedCompaniesAxis"/>
    <link:definitionArc xlink:type="arc" xlink:arcrole="http://xbrl.org/int/dim/arcrole/hypercube-dimension" xlink:from="EquityPriceRiskLongTermEquityInvestmentsInSubsidiariesJointVenturesAndAssociatedCompaniesTable" xlink:to="EquityPriceRiskTypesOfLongTermEquityInvestmentsHeldInSubsidiariesJointVenturesAndAssociatedCompaniesAxis" xlink:title="definition: EquityPriceRiskLongTermEquityInvestmentsInSubsidiariesJointVenturesAndAssociatedCompaniesTable to EquityPriceRiskTypesOfLongTermEquityInvestmentsHeldInSubsidiariesJointVenturesAndAssociatedCompaniesAxis" use="optional" order="10.0"/>
    <link:definitionArc xlink:type="arc" xlink:arcrole="http://xbrl.org/int/dim/arcrole/dimension-domain" xlink:from="EquityPriceRiskTypesOfLongTermEquityInvestmentsHeldInSubsidiariesJointVenturesAndAssociatedCompaniesAxis" xlink:to="TypesOfAssetsHeldMember" xlink:title="definition: EquityPriceRiskTypesOfLongTermEquityInvestmentsHeldInSubsidiariesJointVenturesAndAssociatedCompaniesAxis to TypesOfAssetsHeldMember" use="optional" order="10.0"/>
    <link:loc xlink:type="locator" xlink:href="../../c-ross_core_2015-12-31.xsd#c-ross_TypesOfAssetsHeldMember" xlink:label="TypesOfAssetsHeldMember_2" xlink:title="TypesOfAssetsHeldMember"/>
    <link:definitionArc xlink:type="arc" xlink:arcrole="http://xbrl.org/int/dim/arcrole/dimension-default" xlink:from="EquityPriceRiskTypesOfLongTermEquityInvestmentsHeldInSubsidiariesJointVenturesAndAssociatedCompaniesAxis" xlink:to="TypesOfAssetsHeldMember_2" xlink:title="definition: EquityPriceRiskTypesOfLongTermEquityInvestmentsHeldInSubsidiariesJointVenturesAndAssociatedCompaniesAxis to TypesOfAssetsHeldMember" use="optional" order="20.0"/>
    <link:definitionArc xlink:type="arc" xlink:arcrole="http://xbrl.org/int/dim/arcrole/hypercube-dimension" xlink:from="EquityPriceRiskLongTermEquityInvestmentsInSubsidiariesJointVenturesAndAssociatedCompaniesTable" xlink:to="InvesteeAxis" xlink:title="definition: EquityPriceRiskLongTermEquityInvestmentsInSubsidiariesJointVenturesAndAssociatedCompaniesTable to InvesteeAxis" use="optional" order="20.0"/>
    <link:loc xlink:type="locator" xlink:href="../../c-ross_core_2015-12-31.xsd#c-ross_EquityPriceRiskLongTermEquityInvestmentsInSubsidiariesJointVenturesAndAssociatedCompaniesLineItems" xlink:label="EquityPriceRiskLongTermEquityInvestmentsInSubsidiariesJointVenturesAndAssociatedCompaniesLineItems" xlink:title="EquityPriceRiskLongTermEquityInvestmentsInSubsidiariesJointVenturesAndAssociatedCompaniesLineItems"/>
    <link:definitionArc xlink:type="arc" xlink:arcrole="http://xbrl.org/int/dim/arcrole/domain-member" xlink:from="EquityPriceRiskLongTermEquityInvestmentsInSubsidiariesJointVenturesAndAssociatedCompaniesAbstract" xlink:to="EquityPriceRiskLongTermEquityInvestmentsInSubsidiariesJointVenturesAndAssociatedCompaniesLineItems" xlink:title="definition: EquityPriceRiskLongTermEquityInvestmentsInSubsidiariesJointVenturesAndAssociatedCompaniesAbstract to EquityPriceRiskLongTermEquityInvestmentsInSubsidiariesJointVenturesAndAssociatedCompaniesLineItems" use="optional" order="20.0"/>
    <link:loc xlink:type="locator" xlink:href="../../c-ross_core_2015-12-31.xsd#c-ross_EquityPriceRiskLongTermEquityInvestmentsInSubsidiariesJointVenturesAndAssociatedCompaniesCompanyName" xlink:label="EquityPriceRiskLongTermEquityInvestmentsInSubsidiariesJointVenturesAndAssociatedCompaniesCompanyName" xlink:title="EquityPriceRiskLongTermEquityInvestmentsInSubsidiariesJointVenturesAndAssociatedCompaniesCompanyName"/>
    <link:definitionArc xlink:type="arc" xlink:arcrole="http://xbrl.org/int/dim/arcrole/domain-member" xlink:from="EquityPriceRiskLongTermEquityInvestmentsInSubsidiariesJointVenturesAndAssociatedCompaniesLineItems" xlink:to="EquityPriceRiskLongTermEquityInvestmentsInSubsidiariesJointVenturesAndAssociatedCompaniesCompanyName" xlink:title="definition: EquityPriceRiskLongTermEquityInvestmentsInSubsidiariesJointVenturesAndAssociatedCompaniesLineItems to EquityPriceRiskLongTermEquityInvestmentsInSubsidiariesJointVenturesAndAssociatedCompaniesCompanyName" use="optional" order="10.0"/>
    <link:definitionArc xlink:type="arc" xlink:arcrole="http://xbrl.org/int/dim/arcrole/notAll" xlink:from="EquityPriceRiskLongTermEquityInvestmentsInSubsidiariesJointVenturesAndAssociatedCompaniesCompanyName" xlink:to="Excluded" xlink:title="definition: EquityPriceRiskLongTermEquityInvestmentsInSubsidiariesJointVenturesAndAssociatedCompaniesCompanyName to Excluded" use="optional" order="10.0" xbrldt:contextElement="scenario"/>
    <link:loc xlink:type="locator" xlink:href="../../c-ross_core_2015-12-31.xsd#c-ross_EquityPriceRiskLongTermEquityInvestmentsInSubsidiariesJointVenturesAndAssociatedCompaniesProportionOfOwnershipInterests" xlink:label="EquityPriceRiskLongTermEquityInvestmentsInSubsidiariesJointVenturesAndAssociatedCompaniesHoldingStockNumber" xlink:title="EquityPriceRiskLongTermEquityInvestmentsInSubsidiariesJointVenturesAndAssociatedCompaniesHoldingStockNumber"/>
    <link:definitionArc xlink:type="arc" xlink:arcrole="http://xbrl.org/int/dim/arcrole/domain-member" xlink:from="EquityPriceRiskLongTermEquityInvestmentsInSubsidiariesJointVenturesAndAssociatedCompaniesLineItems" xlink:to="EquityPriceRiskLongTermEquityInvestmentsInSubsidiariesJointVenturesAndAssociatedCompaniesHoldingStockNumber" xlink:title="definition: EquityPriceRiskLongTermEquityInvestmentsInSubsidiariesJointVenturesAndAssociatedCompaniesLineItems to EquityPriceRiskLongTermEquityInvestmentsInSubsidiariesJointVenturesAndAssociatedCompaniesHoldingStockNumber" use="optional" order="30.0"/>
    <link:definitionArc xlink:type="arc" xlink:arcrole="http://xbrl.org/int/dim/arcrole/notAll" xlink:from="EquityPriceRiskLongTermEquityInvestmentsInSubsidiariesJointVenturesAndAssociatedCompaniesHoldingStockNumber" xlink:to="Excluded" xlink:title="definition: EquityPriceRiskLongTermEquityInvestmentsInSubsidiariesJointVenturesAndAssociatedCompaniesHoldingStockNumber to Excluded" order="10.0" xbrldt:contextElement="scenario"/>
    <link:loc xlink:type="locator" xlink:href="../../c-ross_core_2015-12-31.xsd#c-ross_EquityPriceRiskLongTermEquityInvestmentsInSubsidiariesJointVenturesAndAssociatedCompaniesEquityHoldingCost" xlink:label="EquityPriceRiskLongTermEquityInvestmentsInSubsidiariesJointVenturesAndAssociatedCompaniesHoldingCost" xlink:title="EquityPriceRiskLongTermEquityInvestmentsInSubsidiariesJointVenturesAndAssociatedCompaniesHoldingCost"/>
    <link:definitionArc xlink:type="arc" xlink:arcrole="http://xbrl.org/int/dim/arcrole/domain-member" xlink:from="EquityPriceRiskLongTermEquityInvestmentsInSubsidiariesJointVenturesAndAssociatedCompaniesLineItems" xlink:to="EquityPriceRiskLongTermEquityInvestmentsInSubsidiariesJointVenturesAndAssociatedCompaniesHoldingCost" xlink:title="definition: EquityPriceRiskLongTermEquityInvestmentsInSubsidiariesJointVenturesAndAssociatedCompaniesLineItems to EquityPriceRiskLongTermEquityInvestmentsInSubsidiariesJointVenturesAndAssociatedCompaniesHoldingCost" use="optional" order="40.0"/>
    <link:loc xlink:type="locator" xlink:href="../../c-ross_core_2015-12-31.xsd#c-ross_EquityPriceRiskLongTermEquityInvestmentsInSubsidiariesJointVenturesAndAssociatedCompaniesNatureOfInvestee" xlink:label="EquityPriceRiskLongTermEquityInvestmentsInSubsidiariesJointVenturesAndAssociatedCompaniesNatureOfInvestee" xlink:title="EquityPriceRiskLongTermEquityInvestmentsInSubsidiariesJointVenturesAndAssociatedCompaniesNatureOfInvestee"/>
    <link:definitionArc xlink:type="arc" xlink:arcrole="http://xbrl.org/int/dim/arcrole/domain-member" xlink:from="EquityPriceRiskLongTermEquityInvestmentsInSubsidiariesJointVenturesAndAssociatedCompaniesLineItems" xlink:to="EquityPriceRiskLongTermEquityInvestmentsInSubsidiariesJointVenturesAndAssociatedCompaniesNatureOfInvestee" xlink:title="definition: EquityPriceRiskLongTermEquityInvestmentsInSubsidiariesJointVenturesAndAssociatedCompaniesLineItems to EquityPriceRiskLongTermEquityInvestmentsInSubsidiariesJointVenturesAndAssociatedCompaniesNatureOfInvestee" use="optional" order="50.0"/>
    <link:definitionArc xlink:type="arc" xlink:arcrole="http://xbrl.org/int/dim/arcrole/notAll" xlink:from="EquityPriceRiskLongTermEquityInvestmentsInSubsidiariesJointVenturesAndAssociatedCompaniesNatureOfInvestee" xlink:to="Excluded" xlink:title="definition: EquityPriceRiskLongTermEquityInvestmentsInSubsidiariesJointVenturesAndAssociatedCompaniesNatureOfInvestee to Excluded" use="optional" order="10.0" xbrldt:contextElement="scenario"/>
    <link:loc xlink:type="locator" xlink:href="../../c-ross_core_2015-12-31.xsd#c-ross_EquityPriceRiskLongTermEquityInvestmentsInSubsidiariesJointVenturesAndAssociatedCompaniesAdmittedValue" xlink:label="EquityPriceRiskLongTermEquityInvestmentsInSubsidiariesJointVenturesAndAssociatedCompaniesAdmittedValue" xlink:title="EquityPriceRiskLongTermEquityInvestmentsInSubsidiariesJointVenturesAndAssociatedCompaniesAdmittedValue"/>
    <link:definitionArc xlink:type="arc" xlink:arcrole="http://xbrl.org/int/dim/arcrole/domain-member" xlink:from="EquityPriceRiskLongTermEquityInvestmentsInSubsidiariesJointVenturesAndAssociatedCompaniesLineItems" xlink:to="EquityPriceRiskLongTermEquityInvestmentsInSubsidiariesJointVenturesAndAssociatedCompaniesAdmittedValue" xlink:title="definition: EquityPriceRiskLongTermEquityInvestmentsInSubsidiariesJointVenturesAndAssociatedCompaniesLineItems to EquityPriceRiskLongTermEquityInvestmentsInSubsidiariesJointVenturesAndAssociatedCompaniesAdmittedValue" use="optional" order="60.0"/>
    <link:loc xlink:type="locator" xlink:href="../../c-ross_core_2015-12-31.xsd#c-ross_EquityPriceRiskLongTermEquityInvestmentsInSubsidiariesJointVenturesAndAssociatedCompaniesRiskExposure" xlink:label="EquityPriceRiskLongTermEquityInvestmentsInSubsidiariesJointVenturesAndAssociatedCompaniesRiskExposure" xlink:title="EquityPriceRiskLongTermEquityInvestmentsInSubsidiariesJointVenturesAndAssociatedCompaniesRiskExposure"/>
    <link:definitionArc xlink:type="arc" xlink:arcrole="http://xbrl.org/int/dim/arcrole/domain-member" xlink:from="EquityPriceRiskLongTermEquityInvestmentsInSubsidiariesJointVenturesAndAssociatedCompaniesLineItems" xlink:to="EquityPriceRiskLongTermEquityInvestmentsInSubsidiariesJointVenturesAndAssociatedCompaniesRiskExposure" xlink:title="definition: EquityPriceRiskLongTermEquityInvestmentsInSubsidiariesJointVenturesAndAssociatedCompaniesLineItems to EquityPriceRiskLongTermEquityInvestmentsInSubsidiariesJointVenturesAndAssociatedCompaniesRiskExposure" use="optional" order="70.0"/>
    <link:loc xlink:type="locator" xlink:href="../../c-ross_core_2015-12-31.xsd#c-ross_EquityPriceRiskLongTermEquityInvestmentsInSubsidiariesJointVenturesAndAssociatedCompaniesBaseRiskFactor" xlink:label="EquityPriceRiskLongTermEquityInvestmentsInSubsidiariesJointVenturesAndAssociatedCompaniesBaseRiskFactor" xlink:title="EquityPriceRiskLongTermEquityInvestmentsInSubsidiariesJointVenturesAndAssociatedCompaniesBaseRiskFactor"/>
    <link:definitionArc xlink:type="arc" xlink:arcrole="http://xbrl.org/int/dim/arcrole/domain-member" xlink:from="EquityPriceRiskLongTermEquityInvestmentsInSubsidiariesJointVenturesAndAssociatedCompaniesLineItems" xlink:to="EquityPriceRiskLongTermEquityInvestmentsInSubsidiariesJointVenturesAndAssociatedCompaniesBaseRiskFactor" xlink:title="definition: EquityPriceRiskLongTermEquityInvestmentsInSubsidiariesJointVenturesAndAssociatedCompaniesLineItems to EquityPriceRiskLongTermEquityInvestmentsInSubsidiariesJointVenturesAndAssociatedCompaniesBaseRiskFactor" use="optional" order="80.0"/>
    <link:definitionArc xlink:type="arc" xlink:arcrole="http://xbrl.org/int/dim/arcrole/notAll" xlink:from="EquityPriceRiskLongTermEquityInvestmentsInSubsidiariesJointVenturesAndAssociatedCompaniesBaseRiskFactor" xlink:to="Excluded" xlink:title="definition: EquityPriceRiskLongTermEquityInvestmentsInSubsidiariesJointVenturesAndAssociatedCompaniesBaseRiskFactor to Excluded" use="optional" order="10.0" xbrldt:contextElement="scenario"/>
    <link:loc xlink:type="locator" xlink:href="../../c-ross_core_2015-12-31.xsd#c-ross_EquityPriceRiskLongTermEquityInvestmentsInSubsidiariesJointVenturesAndAssociatedCompaniesRiskFactorOne" xlink:label="EquityPriceRiskLongTermEquityInvestmentsInSubsidiariesJointVenturesAndAssociatedCompaniesRiskFactorOne" xlink:title="EquityPriceRiskLongTermEquityInvestmentsInSubsidiariesJointVenturesAndAssociatedCompaniesRiskFactorOne"/>
    <link:definitionArc xlink:type="arc" xlink:arcrole="http://xbrl.org/int/dim/arcrole/domain-member" xlink:from="EquityPriceRiskLongTermEquityInvestmentsInSubsidiariesJointVenturesAndAssociatedCompaniesLineItems" xlink:to="EquityPriceRiskLongTermEquityInvestmentsInSubsidiariesJointVenturesAndAssociatedCompaniesRiskFactorOne" xlink:title="definition: EquityPriceRiskLongTermEquityInvestmentsInSubsidiariesJointVenturesAndAssociatedCompaniesLineItems to EquityPriceRiskLongTermEquityInvestmentsInSubsidiariesJointVenturesAndAssociatedCompaniesRiskFactorOne" use="optional" order="90.0"/>
    <link:definitionArc xlink:type="arc" xlink:arcrole="http://xbrl.org/int/dim/arcrole/notAll" xlink:from="EquityPriceRiskLongTermEquityInvestmentsInSubsidiariesJointVenturesAndAssociatedCompaniesRiskFactorOne" xlink:to="Excluded" xlink:title="definition: EquityPriceRiskLongTermEquityInvestmentsInSubsidiariesJointVenturesAndAssociatedCompaniesRiskFactorOne to Excluded" use="optional" order="10.0" xbrldt:contextElement="scenario"/>
    <link:loc xlink:type="locator" xlink:href="../../c-ross_core_2015-12-31.xsd#c-ross_EquityPriceRiskLongTermEquityInvestmentsInSubsidiariesJointVenturesAndAssociatedCompaniesMinimumCapital" xlink:label="EquityPriceRiskLongTermEquityInvestmentsInSubsidiariesJointVenturesAndAssociatedCompaniesMinimumCapital" xlink:title="EquityPriceRiskLongTermEquityInvestmentsInSubsidiariesJointVenturesAndAssociatedCompaniesMinimumCapital"/>
    <link:definitionArc xlink:type="arc" xlink:arcrole="http://xbrl.org/int/dim/arcrole/domain-member" xlink:from="EquityPriceRiskLongTermEquityInvestmentsInSubsidiariesJointVenturesAndAssociatedCompaniesLineItems" xlink:to="EquityPriceRiskLongTermEquityInvestmentsInSubsidiariesJointVenturesAndAssociatedCompaniesMinimumCapital" xlink:title="definition: EquityPriceRiskLongTermEquityInvestmentsInSubsidiariesJointVenturesAndAssociatedCompaniesLineItems to EquityPriceRiskLongTermEquityInvestmentsInSubsidiariesJointVenturesAndAssociatedCompaniesMinimumCapital" use="optional" order="100.0"/>
    <link:loc xlink:type="locator" xlink:href="../../c-ross_core_2015-12-31.xsd#c-ross_EquityPriceRiskLongTermEquityInvestmentsInSubsidiariesJointVenturesAndAssociatedCompaniesHoldingStockNumber" xlink:label="newItem" xlink:title="newItem"/>
    <link:definitionArc xlink:type="arc" xlink:arcrole="http://xbrl.org/int/dim/arcrole/domain-member" xlink:from="EquityPriceRiskLongTermEquityInvestmentsInSubsidiariesJointVenturesAndAssociatedCompaniesLineItems" xlink:to="newItem" xlink:title="definition: EquityPriceRiskLongTermEquityInvestmentsInSubsidiariesJointVenturesAndAssociatedCompaniesLineItems to newItem" use="optional" order="20.0"/>
    <link:definitionArc xlink:type="arc" xlink:arcrole="http://xbrl.org/int/dim/arcrole/notAll" xlink:from="newItem" xlink:to="Excluded" xlink:title="definition: newItem to Excluded" use="optional" order="10.0" xbrldt:contextElement="scenario"/>
  </link:definitionLink>
  <link:definitionLink xlink:type="extended" xlink:role="http://xbrl.circ.gov.cn/role/c-ross_2015-12-31_role-3162200a">
    <link:loc xlink:type="locator" xlink:href="../../c-ross_core_2015-12-31.xsd#c-ross_TypesOfAssetsHeldMember" xlink:label="TypesOfAssetsHeldMember" xlink:title="TypesOfAssetsHeldMember"/>
    <link:loc xlink:type="locator" xlink:href="../../c-ross_core_2015-12-31.xsd#c-ross_HeldByCompanyDirectlyMember" xlink:label="HeldByCompanyDirectlyMember" xlink:title="HeldByCompanyDirectlyMember"/>
    <link:definitionArc xlink:type="arc" xlink:arcrole="http://xbrl.org/int/dim/arcrole/domain-member" xlink:from="TypesOfAssetsHeldMember" xlink:to="HeldByCompanyDirectlyMember" xlink:title="definition: TypesOfAssetsHeldMember to HeldByCompanyDirectlyMember" use="optional" order="10.0"/>
    <link:loc xlink:type="locator" xlink:href="../../c-ross_core_2015-12-31.xsd#c-ross_EquityPriceRiskLongTermEquityInvestmentsInSubsidiariesJointVenturesAndAssociatedCompaniesTypeOfLongTermEquityInvestmentsAxis" xlink:label="InvesteeAxis" xlink:title="InvesteeAxis"/>
    <link:loc xlink:type="locator" xlink:href="../../c-ross_core_2015-12-31.xsd#c-ross_TypeOfLongTermEquityInvestmentsMember" xlink:label="InvesteeMember" xlink:title="InvesteeMember"/>
    <link:definitionArc xlink:type="arc" xlink:arcrole="http://xbrl.org/int/dim/arcrole/dimension-domain" xlink:from="InvesteeAxis" xlink:to="InvesteeMember" xlink:title="definition: InvesteeAxis to InvesteeMember" use="optional" order="10.0"/>
    <link:loc xlink:type="locator" xlink:href="../../c-ross_core_2015-12-31.xsd#c-ross_LongTermEquityInvestmentsInSubsidiariesMember" xlink:label="SubsidiariesMember" xlink:title="SubsidiariesMember"/>
    <link:definitionArc xlink:type="arc" xlink:arcrole="http://xbrl.org/int/dim/arcrole/domain-member" xlink:from="InvesteeMember" xlink:to="SubsidiariesMember" xlink:title="definition: InvesteeMember to SubsidiariesMember" use="optional" order="10.0"/>
    <link:loc xlink:type="locator" xlink:href="../../c-ross_core_2015-12-31.xsd#c-ross_EquityPriceRiskLongTermEquityInvestmentsInSubsidiariesJointVenturesAndAssociatedCompaniesTable" xlink:label="EquityPriceRiskLongTermEquityInvestmentsInSubsidiariesJointVenturesAndAssociatedCompaniesTable" xlink:title="EquityPriceRiskLongTermEquityInvestmentsInSubsidiariesJointVenturesAndAssociatedCompaniesTable"/>
    <link:loc xlink:type="locator" xlink:href="../../c-ross_core_2015-12-31.xsd#c-ross_EquityPriceRiskTypesOfLongTermEquityInvestmentsHeldInSubsidiariesJointVenturesAndAssociatedCompaniesAxis" xlink:label="EquityPriceRiskTypesOfLongTermEquityInvestmentsHeldInSubsidiariesJointVenturesAndAssociatedCompaniesAxis" xlink:title="EquityPriceRiskTypesOfLongTermEquityInvestmentsHeldInSubsidiariesJointVenturesAndAssociatedCompaniesAxis"/>
    <link:definitionArc xlink:type="arc" xlink:arcrole="http://xbrl.org/int/dim/arcrole/hypercube-dimension" xlink:from="EquityPriceRiskLongTermEquityInvestmentsInSubsidiariesJointVenturesAndAssociatedCompaniesTable" xlink:to="EquityPriceRiskTypesOfLongTermEquityInvestmentsHeldInSubsidiariesJointVenturesAndAssociatedCompaniesAxis" xlink:title="definition: EquityPriceRiskLongTermEquityInvestmentsInSubsidiariesJointVenturesAndAssociatedCompaniesTable to EquityPriceRiskTypesOfLongTermEquityInvestmentsHeldInSubsidiariesJointVenturesAndAssociatedCompaniesAxis" use="optional" order="10.0"/>
    <link:definitionArc xlink:type="arc" xlink:arcrole="http://xbrl.org/int/dim/arcrole/dimension-domain" xlink:from="EquityPriceRiskTypesOfLongTermEquityInvestmentsHeldInSubsidiariesJointVenturesAndAssociatedCompaniesAxis" xlink:to="TypesOfAssetsHeldMember" xlink:title="definition: EquityPriceRiskTypesOfLongTermEquityInvestmentsHeldInSubsidiariesJointVenturesAndAssociatedCompaniesAxis to TypesOfAssetsHeldMember" use="optional" order="10.0"/>
    <link:definitionArc xlink:type="arc" xlink:arcrole="http://xbrl.org/int/dim/arcrole/hypercube-dimension" xlink:from="EquityPriceRiskLongTermEquityInvestmentsInSubsidiariesJointVenturesAndAssociatedCompaniesTable" xlink:to="InvesteeAxis" xlink:title="definition: EquityPriceRiskLongTermEquityInvestmentsInSubsidiariesJointVenturesAndAssociatedCompaniesTable to InvesteeAxis" use="optional" order="20.0"/>
    <link:loc xlink:type="locator" xlink:href="../../c-ross_core_2015-12-31.xsd#c-ross_EquityPriceRiskLongTermEquityInvestmentsInSubsidiariesHeldByCompanyDirectlyLineNumberAxis" xlink:label="EquityPriceRiskLongTermEquityInvestmentsInSubsidiariesHeldByCompanyDirectlyLineNumberAxis" xlink:title="EquityPriceRiskLongTermEquityInvestmentsInSubsidiariesHeldByCompanyDirectlyLineNumberAxis"/>
    <link:definitionArc xlink:type="arc" xlink:arcrole="http://xbrl.org/int/dim/arcrole/hypercube-dimension" xlink:from="EquityPriceRiskLongTermEquityInvestmentsInSubsidiariesJointVenturesAndAssociatedCompaniesTable" xlink:to="EquityPriceRiskLongTermEquityInvestmentsInSubsidiariesHeldByCompanyDirectlyLineNumberAxis" xlink:title="definition: EquityPriceRiskLongTermEquityInvestmentsInSubsidiariesJointVenturesAndAssociatedCompaniesTable to EquityPriceRiskLongTermEquityInvestmentsInSubsidiariesHeldByCompanyDirectlyLineNumberAxis" use="optional" order="30.0"/>
    <link:loc xlink:type="locator" xlink:href="../../c-ross_core_2015-12-31.xsd#c-ross_EquityPriceRiskLongTermEquityInvestmentsInSubsidiariesJointVenturesAndAssociatedCompaniesLineItems" xlink:label="EquityPriceRiskLongTermEquityInvestmentsInSubsidiariesJointVenturesAndAssociatedCompaniesLineItems" xlink:title="EquityPriceRiskLongTermEquityInvestmentsInSubsidiariesJointVenturesAndAssociatedCompaniesLineItems"/>
    <link:loc xlink:type="locator" xlink:href="../../c-ross_core_2015-12-31.xsd#c-ross_EquityPriceRiskLongTermEquityInvestmentsInSubsidiariesJointVenturesAndAssociatedCompaniesCompanyName" xlink:label="EquityPriceRiskLongTermEquityInvestmentsInSubsidiariesJointVenturesAndAssociatedCompaniesCompanyName" xlink:title="EquityPriceRiskLongTermEquityInvestmentsInSubsidiariesJointVenturesAndAssociatedCompaniesCompanyName"/>
    <link:definitionArc xlink:type="arc" xlink:arcrole="http://xbrl.org/int/dim/arcrole/domain-member" xlink:from="EquityPriceRiskLongTermEquityInvestmentsInSubsidiariesJointVenturesAndAssociatedCompaniesLineItems" xlink:to="EquityPriceRiskLongTermEquityInvestmentsInSubsidiariesJointVenturesAndAssociatedCompaniesCompanyName" xlink:title="definition: EquityPriceRiskLongTermEquityInvestmentsInSubsidiariesJointVenturesAndAssociatedCompaniesLineItems to EquityPriceRiskLongTermEquityInvestmentsInSubsidiariesJointVenturesAndAssociatedCompaniesCompanyName" use="optional" order="10.0"/>
    <link:loc xlink:type="locator" xlink:href="../../c-ross_core_2015-12-31.xsd#c-ross_EquityPriceRiskLongTermEquityInvestmentsInSubsidiariesJointVenturesAndAssociatedCompaniesProportionOfOwnershipInterests" xlink:label="EquityPriceRiskLongTermEquityInvestmentsInSubsidiariesJointVenturesAndAssociatedCompaniesHoldingStockNumber" xlink:title="EquityPriceRiskLongTermEquityInvestmentsInSubsidiariesJointVenturesAndAssociatedCompaniesHoldingStockNumber"/>
    <link:definitionArc xlink:type="arc" xlink:arcrole="http://xbrl.org/int/dim/arcrole/domain-member" xlink:from="EquityPriceRiskLongTermEquityInvestmentsInSubsidiariesJointVenturesAndAssociatedCompaniesLineItems" xlink:to="EquityPriceRiskLongTermEquityInvestmentsInSubsidiariesJointVenturesAndAssociatedCompaniesHoldingStockNumber" xlink:title="definition: EquityPriceRiskLongTermEquityInvestmentsInSubsidiariesJointVenturesAndAssociatedCompaniesLineItems to EquityPriceRiskLongTermEquityInvestmentsInSubsidiariesJointVenturesAndAssociatedCompaniesHoldingStockNumber" use="optional" order="30.0"/>
    <link:loc xlink:type="locator" xlink:href="../../c-ross_core_2015-12-31.xsd#c-ross_EquityPriceRiskLongTermEquityInvestmentsInSubsidiariesJointVenturesAndAssociatedCompaniesEquityHoldingCost" xlink:label="EquityPriceRiskLongTermEquityInvestmentsInSubsidiariesJointVenturesAndAssociatedCompaniesHoldingCost" xlink:title="EquityPriceRiskLongTermEquityInvestmentsInSubsidiariesJointVenturesAndAssociatedCompaniesHoldingCost"/>
    <link:definitionArc xlink:type="arc" xlink:arcrole="http://xbrl.org/int/dim/arcrole/domain-member" xlink:from="EquityPriceRiskLongTermEquityInvestmentsInSubsidiariesJointVenturesAndAssociatedCompaniesLineItems" xlink:to="EquityPriceRiskLongTermEquityInvestmentsInSubsidiariesJointVenturesAndAssociatedCompaniesHoldingCost" xlink:title="definition: EquityPriceRiskLongTermEquityInvestmentsInSubsidiariesJointVenturesAndAssociatedCompaniesLineItems to EquityPriceRiskLongTermEquityInvestmentsInSubsidiariesJointVenturesAndAssociatedCompaniesHoldingCost" use="optional" order="40.0"/>
    <link:loc xlink:type="locator" xlink:href="../../c-ross_core_2015-12-31.xsd#c-ross_EquityPriceRiskLongTermEquityInvestmentsInSubsidiariesJointVenturesAndAssociatedCompaniesNatureOfInvestee" xlink:label="EquityPriceRiskLongTermEquityInvestmentsInSubsidiariesJointVenturesAndAssociatedCompaniesNatureOfInvestee" xlink:title="EquityPriceRiskLongTermEquityInvestmentsInSubsidiariesJointVenturesAndAssociatedCompaniesNatureOfInvestee"/>
    <link:definitionArc xlink:type="arc" xlink:arcrole="http://xbrl.org/int/dim/arcrole/domain-member" xlink:from="EquityPriceRiskLongTermEquityInvestmentsInSubsidiariesJointVenturesAndAssociatedCompaniesLineItems" xlink:to="EquityPriceRiskLongTermEquityInvestmentsInSubsidiariesJointVenturesAndAssociatedCompaniesNatureOfInvestee" xlink:title="definition: EquityPriceRiskLongTermEquityInvestmentsInSubsidiariesJointVenturesAndAssociatedCompaniesLineItems to EquityPriceRiskLongTermEquityInvestmentsInSubsidiariesJointVenturesAndAssociatedCompaniesNatureOfInvestee" use="optional" order="50.0"/>
    <link:loc xlink:type="locator" xlink:href="../../c-ross_core_2015-12-31.xsd#c-ross_EquityPriceRiskLongTermEquityInvestmentsInSubsidiariesJointVenturesAndAssociatedCompaniesAdmittedValue" xlink:label="EquityPriceRiskLongTermEquityInvestmentsInSubsidiariesJointVenturesAndAssociatedCompaniesAdmittedValue" xlink:title="EquityPriceRiskLongTermEquityInvestmentsInSubsidiariesJointVenturesAndAssociatedCompaniesAdmittedValue"/>
    <link:definitionArc xlink:type="arc" xlink:arcrole="http://xbrl.org/int/dim/arcrole/domain-member" xlink:from="EquityPriceRiskLongTermEquityInvestmentsInSubsidiariesJointVenturesAndAssociatedCompaniesLineItems" xlink:to="EquityPriceRiskLongTermEquityInvestmentsInSubsidiariesJointVenturesAndAssociatedCompaniesAdmittedValue" xlink:title="definition: EquityPriceRiskLongTermEquityInvestmentsInSubsidiariesJointVenturesAndAssociatedCompaniesLineItems to EquityPriceRiskLongTermEquityInvestmentsInSubsidiariesJointVenturesAndAssociatedCompaniesAdmittedValue" use="optional" order="60.0"/>
    <link:loc xlink:type="locator" xlink:href="../../c-ross_core_2015-12-31.xsd#c-ross_EquityPriceRiskLongTermEquityInvestmentsInSubsidiariesJointVenturesAndAssociatedCompaniesRiskExposure" xlink:label="EquityPriceRiskLongTermEquityInvestmentsInSubsidiariesJointVenturesAndAssociatedCompaniesRiskExposure" xlink:title="EquityPriceRiskLongTermEquityInvestmentsInSubsidiariesJointVenturesAndAssociatedCompaniesRiskExposure"/>
    <link:definitionArc xlink:type="arc" xlink:arcrole="http://xbrl.org/int/dim/arcrole/domain-member" xlink:from="EquityPriceRiskLongTermEquityInvestmentsInSubsidiariesJointVenturesAndAssociatedCompaniesLineItems" xlink:to="EquityPriceRiskLongTermEquityInvestmentsInSubsidiariesJointVenturesAndAssociatedCompaniesRiskExposure" xlink:title="definition: EquityPriceRiskLongTermEquityInvestmentsInSubsidiariesJointVenturesAndAssociatedCompaniesLineItems to EquityPriceRiskLongTermEquityInvestmentsInSubsidiariesJointVenturesAndAssociatedCompaniesRiskExposure" use="optional" order="70.0"/>
    <link:loc xlink:type="locator" xlink:href="../../c-ross_core_2015-12-31.xsd#c-ross_EquityPriceRiskLongTermEquityInvestmentsInSubsidiariesJointVenturesAndAssociatedCompaniesBaseRiskFactor" xlink:label="EquityPriceRiskLongTermEquityInvestmentsInSubsidiariesJointVenturesAndAssociatedCompaniesBaseRiskFactor" xlink:title="EquityPriceRiskLongTermEquityInvestmentsInSubsidiariesJointVenturesAndAssociatedCompaniesBaseRiskFactor"/>
    <link:definitionArc xlink:type="arc" xlink:arcrole="http://xbrl.org/int/dim/arcrole/domain-member" xlink:from="EquityPriceRiskLongTermEquityInvestmentsInSubsidiariesJointVenturesAndAssociatedCompaniesLineItems" xlink:to="EquityPriceRiskLongTermEquityInvestmentsInSubsidiariesJointVenturesAndAssociatedCompaniesBaseRiskFactor" xlink:title="definition: EquityPriceRiskLongTermEquityInvestmentsInSubsidiariesJointVenturesAndAssociatedCompaniesLineItems to EquityPriceRiskLongTermEquityInvestmentsInSubsidiariesJointVenturesAndAssociatedCompaniesBaseRiskFactor" use="optional" order="80.0"/>
    <link:loc xlink:type="locator" xlink:href="../../c-ross_core_2015-12-31.xsd#c-ross_EquityPriceRiskLongTermEquityInvestmentsInSubsidiariesJointVenturesAndAssociatedCompaniesRiskFactorOne" xlink:label="EquityPriceRiskLongTermEquityInvestmentsInSubsidiariesJointVenturesAndAssociatedCompaniesRiskFactorOne" xlink:title="EquityPriceRiskLongTermEquityInvestmentsInSubsidiariesJointVenturesAndAssociatedCompaniesRiskFactorOne"/>
    <link:definitionArc xlink:type="arc" xlink:arcrole="http://xbrl.org/int/dim/arcrole/domain-member" xlink:from="EquityPriceRiskLongTermEquityInvestmentsInSubsidiariesJointVenturesAndAssociatedCompaniesLineItems" xlink:to="EquityPriceRiskLongTermEquityInvestmentsInSubsidiariesJointVenturesAndAssociatedCompaniesRiskFactorOne" xlink:title="definition: EquityPriceRiskLongTermEquityInvestmentsInSubsidiariesJointVenturesAndAssociatedCompaniesLineItems to EquityPriceRiskLongTermEquityInvestmentsInSubsidiariesJointVenturesAndAssociatedCompaniesRiskFactorOne" use="optional" order="90.0"/>
    <link:loc xlink:type="locator" xlink:href="../../c-ross_core_2015-12-31.xsd#c-ross_EquityPriceRiskLongTermEquityInvestmentsInSubsidiariesJointVenturesAndAssociatedCompaniesMinimumCapital" xlink:label="EquityPriceRiskLongTermEquityInvestmentsInSubsidiariesJointVenturesAndAssociatedCompaniesMinimumCapital" xlink:title="EquityPriceRiskLongTermEquityInvestmentsInSubsidiariesJointVenturesAndAssociatedCompaniesMinimumCapital"/>
    <link:definitionArc xlink:type="arc" xlink:arcrole="http://xbrl.org/int/dim/arcrole/domain-member" xlink:from="EquityPriceRiskLongTermEquityInvestmentsInSubsidiariesJointVenturesAndAssociatedCompaniesLineItems" xlink:to="EquityPriceRiskLongTermEquityInvestmentsInSubsidiariesJointVenturesAndAssociatedCompaniesMinimumCapital" xlink:title="definition: EquityPriceRiskLongTermEquityInvestmentsInSubsidiariesJointVenturesAndAssociatedCompaniesLineItems to EquityPriceRiskLongTermEquityInvestmentsInSubsidiariesJointVenturesAndAssociatedCompaniesMinimumCapital" use="optional" order="100.0"/>
    <link:loc xlink:type="locator" xlink:href="../../c-ross_core_2015-12-31.xsd#c-ross_EquityPriceRiskLongTermEquityInvestmentsInSubsidiariesJointVenturesAndAssociatedCompaniesHoldingStockNumber" xlink:label="newItem" xlink:title="newItem"/>
    <link:definitionArc xlink:type="arc" xlink:arcrole="http://xbrl.org/int/dim/arcrole/domain-member" xlink:from="EquityPriceRiskLongTermEquityInvestmentsInSubsidiariesJointVenturesAndAssociatedCompaniesLineItems" xlink:to="newItem" xlink:title="definition: EquityPriceRiskLongTermEquityInvestmentsInSubsidiariesJointVenturesAndAssociatedCompaniesLineItems to newItem" order="20.0"/>
    <link:loc xlink:type="locator" xlink:href="../../c-ross_core_2015-12-31.xsd#c-ross_EquityPriceRiskLongTermEquityInvestmentsInSubsidiariesHeldByCompanyDirectlyAbstract" xlink:label="EquityPriceRiskLongTermEquityInvestmentsInSubsidiariesHeldByCompanyDirectlyAbstract" xlink:title="EquityPriceRiskLongTermEquityInvestmentsInSubsidiariesHeldByCompanyDirectlyAbstract"/>
    <link:definitionArc xlink:type="arc" xlink:arcrole="http://xbrl.org/int/dim/arcrole/all" xlink:from="EquityPriceRiskLongTermEquityInvestmentsInSubsidiariesHeldByCompanyDirectlyAbstract" xlink:to="EquityPriceRiskLongTermEquityInvestmentsInSubsidiariesJointVenturesAndAssociatedCompaniesTable" xlink:title="definition: EquityPriceRiskLongTermEquityInvestmentsInSubsidiariesHeldByCompanyDirectlyAbstract to EquityPriceRiskLongTermEquityInvestmentsInSubsidiariesJointVenturesAndAssociatedCompaniesTable" use="optional" order="10.0" xbrldt:closed="true" xbrldt:contextElement="scenario"/>
    <link:definitionArc xlink:type="arc" xlink:arcrole="http://xbrl.org/int/dim/arcrole/domain-member" xlink:from="EquityPriceRiskLongTermEquityInvestmentsInSubsidiariesHeldByCompanyDirectlyAbstract" xlink:to="EquityPriceRiskLongTermEquityInvestmentsInSubsidiariesJointVenturesAndAssociatedCompaniesLineItems" xlink:title="definition: EquityPriceRiskLongTermEquityInvestmentsInSubsidiariesHeldByCompanyDirectlyAbstract to EquityPriceRiskLongTermEquityInvestmentsInSubsidiariesJointVenturesAndAssociatedCompaniesLineItems" use="optional" order="20.0"/>
  </link:definitionLink>
  <link:definitionLink xlink:type="extended" xlink:role="http://xbrl.circ.gov.cn/role/c-ross_2015-12-31_role-3162200b">
    <link:loc xlink:type="locator" xlink:href="../../c-ross_core_2015-12-31.xsd#c-ross_TypesOfAssetsHeldMember" xlink:label="TypesOfAssetsHeldMember" xlink:title="TypesOfAssetsHeldMember"/>
    <link:loc xlink:type="locator" xlink:href="../../c-ross_core_2015-12-31.xsd#c-ross_HeldByCompanyDirectlyMember" xlink:label="HeldByCompanyDirectlyMember" xlink:title="HeldByCompanyDirectlyMember"/>
    <link:definitionArc xlink:type="arc" xlink:arcrole="http://xbrl.org/int/dim/arcrole/domain-member" xlink:from="TypesOfAssetsHeldMember" xlink:to="HeldByCompanyDirectlyMember" xlink:title="definition: TypesOfAssetsHeldMember to HeldByCompanyDirectlyMember" use="optional" order="10.0"/>
    <link:loc xlink:type="locator" xlink:href="../../c-ross_core_2015-12-31.xsd#c-ross_EquityPriceRiskLongTermEquityInvestmentsInSubsidiariesJointVenturesAndAssociatedCompaniesTypeOfLongTermEquityInvestmentsAxis" xlink:label="InvesteeAxis" xlink:title="InvesteeAxis"/>
    <link:loc xlink:type="locator" xlink:href="../../c-ross_core_2015-12-31.xsd#c-ross_TypeOfLongTermEquityInvestmentsMember" xlink:label="InvesteeMember" xlink:title="InvesteeMember"/>
    <link:definitionArc xlink:type="arc" xlink:arcrole="http://xbrl.org/int/dim/arcrole/dimension-domain" xlink:from="InvesteeAxis" xlink:to="InvesteeMember" xlink:title="definition: InvesteeAxis to InvesteeMember" use="optional" order="10.0"/>
    <link:loc xlink:type="locator" xlink:href="../../c-ross_core_2015-12-31.xsd#c-ross_LongTermEquityInvestmentsInJointVenturesAndAssociatedCompaniesMember" xlink:label="JointVenturesAndAssociatedCompaniesMember" xlink:title="JointVenturesAndAssociatedCompaniesMember"/>
    <link:definitionArc xlink:type="arc" xlink:arcrole="http://xbrl.org/int/dim/arcrole/domain-member" xlink:from="InvesteeMember" xlink:to="JointVenturesAndAssociatedCompaniesMember" xlink:title="definition: InvesteeMember to JointVenturesAndAssociatedCompaniesMember" use="optional" order="10.0"/>
    <link:loc xlink:type="locator" xlink:href="../../c-ross_core_2015-12-31.xsd#c-ross_EquityPriceRiskLongTermEquityInvestmentsInSubsidiariesJointVenturesAndAssociatedCompaniesTable" xlink:label="EquityPriceRiskLongTermEquityInvestmentsInSubsidiariesJointVenturesAndAssociatedCompaniesTable" xlink:title="EquityPriceRiskLongTermEquityInvestmentsInSubsidiariesJointVenturesAndAssociatedCompaniesTable"/>
    <link:loc xlink:type="locator" xlink:href="../../c-ross_core_2015-12-31.xsd#c-ross_EquityPriceRiskTypesOfLongTermEquityInvestmentsHeldInSubsidiariesJointVenturesAndAssociatedCompaniesAxis" xlink:label="EquityPriceRiskTypesOfLongTermEquityInvestmentsHeldInSubsidiariesJointVenturesAndAssociatedCompaniesAxis" xlink:title="EquityPriceRiskTypesOfLongTermEquityInvestmentsHeldInSubsidiariesJointVenturesAndAssociatedCompaniesAxis"/>
    <link:definitionArc xlink:type="arc" xlink:arcrole="http://xbrl.org/int/dim/arcrole/hypercube-dimension" xlink:from="EquityPriceRiskLongTermEquityInvestmentsInSubsidiariesJointVenturesAndAssociatedCompaniesTable" xlink:to="EquityPriceRiskTypesOfLongTermEquityInvestmentsHeldInSubsidiariesJointVenturesAndAssociatedCompaniesAxis" xlink:title="definition: EquityPriceRiskLongTermEquityInvestmentsInSubsidiariesJointVenturesAndAssociatedCompaniesTable to EquityPriceRiskTypesOfLongTermEquityInvestmentsHeldInSubsidiariesJointVenturesAndAssociatedCompaniesAxis" use="optional" order="10.0"/>
    <link:definitionArc xlink:type="arc" xlink:arcrole="http://xbrl.org/int/dim/arcrole/dimension-domain" xlink:from="EquityPriceRiskTypesOfLongTermEquityInvestmentsHeldInSubsidiariesJointVenturesAndAssociatedCompaniesAxis" xlink:to="TypesOfAssetsHeldMember" xlink:title="definition: EquityPriceRiskTypesOfLongTermEquityInvestmentsHeldInSubsidiariesJointVenturesAndAssociatedCompaniesAxis to TypesOfAssetsHeldMember" use="optional" order="10.0"/>
    <link:definitionArc xlink:type="arc" xlink:arcrole="http://xbrl.org/int/dim/arcrole/hypercube-dimension" xlink:from="EquityPriceRiskLongTermEquityInvestmentsInSubsidiariesJointVenturesAndAssociatedCompaniesTable" xlink:to="InvesteeAxis" xlink:title="definition: EquityPriceRiskLongTermEquityInvestmentsInSubsidiariesJointVenturesAndAssociatedCompaniesTable to InvesteeAxis" use="optional" order="20.0"/>
    <link:loc xlink:type="locator" xlink:href="../../c-ross_core_2015-12-31.xsd#c-ross_EquityPriceRiskLongTermEquityInvestmentsInJointVenturesAndAssociatedCompaniesHeldByCompanyDirectlyLineNumberAxis" xlink:label="EquityPriceRiskLongTermEquityInvestmentsInJointVenturesAndAssociatedCompaniesHeldByCompanyDirectlyLineNumberAxis" xlink:title="EquityPriceRiskLongTermEquityInvestmentsInJointVenturesAndAssociatedCompaniesHeldByCompanyDirectlyLineNumberAxis"/>
    <link:definitionArc xlink:type="arc" xlink:arcrole="http://xbrl.org/int/dim/arcrole/hypercube-dimension" xlink:from="EquityPriceRiskLongTermEquityInvestmentsInSubsidiariesJointVenturesAndAssociatedCompaniesTable" xlink:to="EquityPriceRiskLongTermEquityInvestmentsInJointVenturesAndAssociatedCompaniesHeldByCompanyDirectlyLineNumberAxis" xlink:title="definition: EquityPriceRiskLongTermEquityInvestmentsInSubsidiariesJointVenturesAndAssociatedCompaniesTable to EquityPriceRiskLongTermEquityInvestmentsInJointVenturesAndAssociatedCompaniesHeldByCompanyDirectlyLineNumberAxis" use="optional" order="30.0"/>
    <link:loc xlink:type="locator" xlink:href="../../c-ross_core_2015-12-31.xsd#c-ross_EquityPriceRiskLongTermEquityInvestmentsInSubsidiariesJointVenturesAndAssociatedCompaniesLineItems" xlink:label="EquityPriceRiskLongTermEquityInvestmentsInSubsidiariesJointVenturesAndAssociatedCompaniesLineItems" xlink:title="EquityPriceRiskLongTermEquityInvestmentsInSubsidiariesJointVenturesAndAssociatedCompaniesLineItems"/>
    <link:loc xlink:type="locator" xlink:href="../../c-ross_core_2015-12-31.xsd#c-ross_EquityPriceRiskLongTermEquityInvestmentsInSubsidiariesJointVenturesAndAssociatedCompaniesCompanyName" xlink:label="EquityPriceRiskLongTermEquityInvestmentsInSubsidiariesJointVenturesAndAssociatedCompaniesCompanyName" xlink:title="EquityPriceRiskLongTermEquityInvestmentsInSubsidiariesJointVenturesAndAssociatedCompaniesCompanyName"/>
    <link:definitionArc xlink:type="arc" xlink:arcrole="http://xbrl.org/int/dim/arcrole/domain-member" xlink:from="EquityPriceRiskLongTermEquityInvestmentsInSubsidiariesJointVenturesAndAssociatedCompaniesLineItems" xlink:to="EquityPriceRiskLongTermEquityInvestmentsInSubsidiariesJointVenturesAndAssociatedCompaniesCompanyName" xlink:title="definition: EquityPriceRiskLongTermEquityInvestmentsInSubsidiariesJointVenturesAndAssociatedCompaniesLineItems to EquityPriceRiskLongTermEquityInvestmentsInSubsidiariesJointVenturesAndAssociatedCompaniesCompanyName" use="optional" order="10.0"/>
    <link:loc xlink:type="locator" xlink:href="../../c-ross_core_2015-12-31.xsd#c-ross_EquityPriceRiskLongTermEquityInvestmentsInSubsidiariesJointVenturesAndAssociatedCompaniesProportionOfOwnershipInterests" xlink:label="EquityPriceRiskLongTermEquityInvestmentsInSubsidiariesJointVenturesAndAssociatedCompaniesHoldingStockNumber" xlink:title="EquityPriceRiskLongTermEquityInvestmentsInSubsidiariesJointVenturesAndAssociatedCompaniesHoldingStockNumber"/>
    <link:definitionArc xlink:type="arc" xlink:arcrole="http://xbrl.org/int/dim/arcrole/domain-member" xlink:from="EquityPriceRiskLongTermEquityInvestmentsInSubsidiariesJointVenturesAndAssociatedCompaniesLineItems" xlink:to="EquityPriceRiskLongTermEquityInvestmentsInSubsidiariesJointVenturesAndAssociatedCompaniesHoldingStockNumber" xlink:title="definition: EquityPriceRiskLongTermEquityInvestmentsInSubsidiariesJointVenturesAndAssociatedCompaniesLineItems to EquityPriceRiskLongTermEquityInvestmentsInSubsidiariesJointVenturesAndAssociatedCompaniesHoldingStockNumber" use="optional" order="30.0"/>
    <link:loc xlink:type="locator" xlink:href="../../c-ross_core_2015-12-31.xsd#c-ross_EquityPriceRiskLongTermEquityInvestmentsInSubsidiariesJointVenturesAndAssociatedCompaniesEquityHoldingCost" xlink:label="EquityPriceRiskLongTermEquityInvestmentsInSubsidiariesJointVenturesAndAssociatedCompaniesHoldingCost" xlink:title="EquityPriceRiskLongTermEquityInvestmentsInSubsidiariesJointVenturesAndAssociatedCompaniesHoldingCost"/>
    <link:definitionArc xlink:type="arc" xlink:arcrole="http://xbrl.org/int/dim/arcrole/domain-member" xlink:from="EquityPriceRiskLongTermEquityInvestmentsInSubsidiariesJointVenturesAndAssociatedCompaniesLineItems" xlink:to="EquityPriceRiskLongTermEquityInvestmentsInSubsidiariesJointVenturesAndAssociatedCompaniesHoldingCost" xlink:title="definition: EquityPriceRiskLongTermEquityInvestmentsInSubsidiariesJointVenturesAndAssociatedCompaniesLineItems to EquityPriceRiskLongTermEquityInvestmentsInSubsidiariesJointVenturesAndAssociatedCompaniesHoldingCost" use="optional" order="40.0"/>
    <link:loc xlink:type="locator" xlink:href="../../c-ross_core_2015-12-31.xsd#c-ross_EquityPriceRiskLongTermEquityInvestmentsInSubsidiariesJointVenturesAndAssociatedCompaniesNatureOfInvestee" xlink:label="EquityPriceRiskLongTermEquityInvestmentsInSubsidiariesJointVenturesAndAssociatedCompaniesNatureOfInvestee" xlink:title="EquityPriceRiskLongTermEquityInvestmentsInSubsidiariesJointVenturesAndAssociatedCompaniesNatureOfInvestee"/>
    <link:definitionArc xlink:type="arc" xlink:arcrole="http://xbrl.org/int/dim/arcrole/domain-member" xlink:from="EquityPriceRiskLongTermEquityInvestmentsInSubsidiariesJointVenturesAndAssociatedCompaniesLineItems" xlink:to="EquityPriceRiskLongTermEquityInvestmentsInSubsidiariesJointVenturesAndAssociatedCompaniesNatureOfInvestee" xlink:title="definition: EquityPriceRiskLongTermEquityInvestmentsInSubsidiariesJointVenturesAndAssociatedCompaniesLineItems to EquityPriceRiskLongTermEquityInvestmentsInSubsidiariesJointVenturesAndAssociatedCompaniesNatureOfInvestee" use="optional" order="50.0"/>
    <link:loc xlink:type="locator" xlink:href="../../c-ross_core_2015-12-31.xsd#c-ross_EquityPriceRiskLongTermEquityInvestmentsInSubsidiariesJointVenturesAndAssociatedCompaniesAdmittedValue" xlink:label="EquityPriceRiskLongTermEquityInvestmentsInSubsidiariesJointVenturesAndAssociatedCompaniesAdmittedValue" xlink:title="EquityPriceRiskLongTermEquityInvestmentsInSubsidiariesJointVenturesAndAssociatedCompaniesAdmittedValue"/>
    <link:definitionArc xlink:type="arc" xlink:arcrole="http://xbrl.org/int/dim/arcrole/domain-member" xlink:from="EquityPriceRiskLongTermEquityInvestmentsInSubsidiariesJointVenturesAndAssociatedCompaniesLineItems" xlink:to="EquityPriceRiskLongTermEquityInvestmentsInSubsidiariesJointVenturesAndAssociatedCompaniesAdmittedValue" xlink:title="definition: EquityPriceRiskLongTermEquityInvestmentsInSubsidiariesJointVenturesAndAssociatedCompaniesLineItems to EquityPriceRiskLongTermEquityInvestmentsInSubsidiariesJointVenturesAndAssociatedCompaniesAdmittedValue" use="optional" order="60.0"/>
    <link:loc xlink:type="locator" xlink:href="../../c-ross_core_2015-12-31.xsd#c-ross_EquityPriceRiskLongTermEquityInvestmentsInSubsidiariesJointVenturesAndAssociatedCompaniesRiskExposure" xlink:label="EquityPriceRiskLongTermEquityInvestmentsInSubsidiariesJointVenturesAndAssociatedCompaniesRiskExposure" xlink:title="EquityPriceRiskLongTermEquityInvestmentsInSubsidiariesJointVenturesAndAssociatedCompaniesRiskExposure"/>
    <link:definitionArc xlink:type="arc" xlink:arcrole="http://xbrl.org/int/dim/arcrole/domain-member" xlink:from="EquityPriceRiskLongTermEquityInvestmentsInSubsidiariesJointVenturesAndAssociatedCompaniesLineItems" xlink:to="EquityPriceRiskLongTermEquityInvestmentsInSubsidiariesJointVenturesAndAssociatedCompaniesRiskExposure" xlink:title="definition: EquityPriceRiskLongTermEquityInvestmentsInSubsidiariesJointVenturesAndAssociatedCompaniesLineItems to EquityPriceRiskLongTermEquityInvestmentsInSubsidiariesJointVenturesAndAssociatedCompaniesRiskExposure" use="optional" order="70.0"/>
    <link:loc xlink:type="locator" xlink:href="../../c-ross_core_2015-12-31.xsd#c-ross_EquityPriceRiskLongTermEquityInvestmentsInSubsidiariesJointVenturesAndAssociatedCompaniesBaseRiskFactor" xlink:label="EquityPriceRiskLongTermEquityInvestmentsInSubsidiariesJointVenturesAndAssociatedCompaniesBaseRiskFactor" xlink:title="EquityPriceRiskLongTermEquityInvestmentsInSubsidiariesJointVenturesAndAssociatedCompaniesBaseRiskFactor"/>
    <link:definitionArc xlink:type="arc" xlink:arcrole="http://xbrl.org/int/dim/arcrole/domain-member" xlink:from="EquityPriceRiskLongTermEquityInvestmentsInSubsidiariesJointVenturesAndAssociatedCompaniesLineItems" xlink:to="EquityPriceRiskLongTermEquityInvestmentsInSubsidiariesJointVenturesAndAssociatedCompaniesBaseRiskFactor" xlink:title="definition: EquityPriceRiskLongTermEquityInvestmentsInSubsidiariesJointVenturesAndAssociatedCompaniesLineItems to EquityPriceRiskLongTermEquityInvestmentsInSubsidiariesJointVenturesAndAssociatedCompaniesBaseRiskFactor" use="optional" order="80.0"/>
    <link:loc xlink:type="locator" xlink:href="../../c-ross_core_2015-12-31.xsd#c-ross_EquityPriceRiskLongTermEquityInvestmentsInSubsidiariesJointVenturesAndAssociatedCompaniesRiskFactorOne" xlink:label="EquityPriceRiskLongTermEquityInvestmentsInSubsidiariesJointVenturesAndAssociatedCompaniesRiskFactorOne" xlink:title="EquityPriceRiskLongTermEquityInvestmentsInSubsidiariesJointVenturesAndAssociatedCompaniesRiskFactorOne"/>
    <link:definitionArc xlink:type="arc" xlink:arcrole="http://xbrl.org/int/dim/arcrole/domain-member" xlink:from="EquityPriceRiskLongTermEquityInvestmentsInSubsidiariesJointVenturesAndAssociatedCompaniesLineItems" xlink:to="EquityPriceRiskLongTermEquityInvestmentsInSubsidiariesJointVenturesAndAssociatedCompaniesRiskFactorOne" xlink:title="definition: EquityPriceRiskLongTermEquityInvestmentsInSubsidiariesJointVenturesAndAssociatedCompaniesLineItems to EquityPriceRiskLongTermEquityInvestmentsInSubsidiariesJointVenturesAndAssociatedCompaniesRiskFactorOne" use="optional" order="90.0"/>
    <link:loc xlink:type="locator" xlink:href="../../c-ross_core_2015-12-31.xsd#c-ross_EquityPriceRiskLongTermEquityInvestmentsInSubsidiariesJointVenturesAndAssociatedCompaniesMinimumCapital" xlink:label="EquityPriceRiskLongTermEquityInvestmentsInSubsidiariesJointVenturesAndAssociatedCompaniesMinimumCapital" xlink:title="EquityPriceRiskLongTermEquityInvestmentsInSubsidiariesJointVenturesAndAssociatedCompaniesMinimumCapital"/>
    <link:definitionArc xlink:type="arc" xlink:arcrole="http://xbrl.org/int/dim/arcrole/domain-member" xlink:from="EquityPriceRiskLongTermEquityInvestmentsInSubsidiariesJointVenturesAndAssociatedCompaniesLineItems" xlink:to="EquityPriceRiskLongTermEquityInvestmentsInSubsidiariesJointVenturesAndAssociatedCompaniesMinimumCapital" xlink:title="definition: EquityPriceRiskLongTermEquityInvestmentsInSubsidiariesJointVenturesAndAssociatedCompaniesLineItems to EquityPriceRiskLongTermEquityInvestmentsInSubsidiariesJointVenturesAndAssociatedCompaniesMinimumCapital" use="optional" order="100.0"/>
    <link:loc xlink:type="locator" xlink:href="../../c-ross_core_2015-12-31.xsd#c-ross_EquityPriceRiskLongTermEquityInvestmentsInSubsidiariesJointVenturesAndAssociatedCompaniesHoldingStockNumber" xlink:label="newItem" xlink:title="newItem"/>
    <link:definitionArc xlink:type="arc" xlink:arcrole="http://xbrl.org/int/dim/arcrole/domain-member" xlink:from="EquityPriceRiskLongTermEquityInvestmentsInSubsidiariesJointVenturesAndAssociatedCompaniesLineItems" xlink:to="newItem" xlink:title="definition: EquityPriceRiskLongTermEquityInvestmentsInSubsidiariesJointVenturesAndAssociatedCompaniesLineItems to newItem" order="20.0"/>
    <link:loc xlink:type="locator" xlink:href="../../c-ross_core_2015-12-31.xsd#c-ross_EquityPriceRiskLongTermEquityInvestmentsInJointVenturesAndAssociatedCompaniesHeldByCompanyDirectlyAbstract" xlink:label="EquityPriceRiskLongTermEquityInvestmentsInJointVenturesAndAssociatedCompaniesHeldByCompanyDirectlyAbstract" xlink:title="EquityPriceRiskLongTermEquityInvestmentsInJointVenturesAndAssociatedCompaniesHeldByCompanyDirectlyAbstract"/>
    <link:definitionArc xlink:type="arc" xlink:arcrole="http://xbrl.org/int/dim/arcrole/all" xlink:from="EquityPriceRiskLongTermEquityInvestmentsInJointVenturesAndAssociatedCompaniesHeldByCompanyDirectlyAbstract" xlink:to="EquityPriceRiskLongTermEquityInvestmentsInSubsidiariesJointVenturesAndAssociatedCompaniesTable" xlink:title="definition: EquityPriceRiskLongTermEquityInvestmentsInJointVenturesAndAssociatedCompaniesHeldByCompanyDirectlyAbstract to EquityPriceRiskLongTermEquityInvestmentsInSubsidiariesJointVenturesAndAssociatedCompaniesTable" use="optional" order="10.0" xbrldt:closed="true" xbrldt:contextElement="scenario"/>
    <link:definitionArc xlink:type="arc" xlink:arcrole="http://xbrl.org/int/dim/arcrole/domain-member" xlink:from="EquityPriceRiskLongTermEquityInvestmentsInJointVenturesAndAssociatedCompaniesHeldByCompanyDirectlyAbstract" xlink:to="EquityPriceRiskLongTermEquityInvestmentsInSubsidiariesJointVenturesAndAssociatedCompaniesLineItems" xlink:title="definition: EquityPriceRiskLongTermEquityInvestmentsInJointVenturesAndAssociatedCompaniesHeldByCompanyDirectlyAbstract to EquityPriceRiskLongTermEquityInvestmentsInSubsidiariesJointVenturesAndAssociatedCompaniesLineItems" use="optional" order="20.0"/>
  </link:definitionLink>
  <link:definitionLink xlink:type="extended" xlink:role="http://xbrl.circ.gov.cn/role/c-ross_2015-12-31_role-3162200c">
    <link:loc xlink:type="locator" xlink:href="../../c-ross_core_2015-12-31.xsd#c-ross_TypesOfAssetsHeldMember" xlink:label="TypesOfAssetsHeldMember" xlink:title="TypesOfAssetsHeldMember"/>
    <link:loc xlink:type="locator" xlink:href="../../c-ross_core_2015-12-31.xsd#c-ross_HeldByLookThroughMethodMember" xlink:label="HeldByLookThroughMethodMember" xlink:title="HeldByLookThroughMethodMember"/>
    <link:definitionArc xlink:type="arc" xlink:arcrole="http://xbrl.org/int/dim/arcrole/domain-member" xlink:from="TypesOfAssetsHeldMember" xlink:to="HeldByLookThroughMethodMember" xlink:title="definition: TypesOfAssetsHeldMember to HeldByLookThroughMethodMember" use="optional" order="10.0"/>
    <link:loc xlink:type="locator" xlink:href="../../c-ross_core_2015-12-31.xsd#c-ross_EquityPriceRiskLongTermEquityInvestmentsInSubsidiariesJointVenturesAndAssociatedCompaniesTypeOfLongTermEquityInvestmentsAxis" xlink:label="InvesteeAxis" xlink:title="InvesteeAxis"/>
    <link:loc xlink:type="locator" xlink:href="../../c-ross_core_2015-12-31.xsd#c-ross_TypeOfLongTermEquityInvestmentsMember" xlink:label="InvesteeMember" xlink:title="InvesteeMember"/>
    <link:definitionArc xlink:type="arc" xlink:arcrole="http://xbrl.org/int/dim/arcrole/dimension-domain" xlink:from="InvesteeAxis" xlink:to="InvesteeMember" xlink:title="definition: InvesteeAxis to InvesteeMember" use="optional" order="10.0"/>
    <link:loc xlink:type="locator" xlink:href="../../c-ross_core_2015-12-31.xsd#c-ross_LongTermEquityInvestmentsInSubsidiariesMember" xlink:label="SubsidiariesMember" xlink:title="SubsidiariesMember"/>
    <link:definitionArc xlink:type="arc" xlink:arcrole="http://xbrl.org/int/dim/arcrole/domain-member" xlink:from="InvesteeMember" xlink:to="SubsidiariesMember" xlink:title="definition: InvesteeMember to SubsidiariesMember" use="optional" order="10.0"/>
    <link:loc xlink:type="locator" xlink:href="../../c-ross_core_2015-12-31.xsd#c-ross_EquityPriceRiskLongTermEquityInvestmentsInSubsidiariesJointVenturesAndAssociatedCompaniesTable" xlink:label="EquityPriceRiskLongTermEquityInvestmentsInSubsidiariesJointVenturesAndAssociatedCompaniesTable" xlink:title="EquityPriceRiskLongTermEquityInvestmentsInSubsidiariesJointVenturesAndAssociatedCompaniesTable"/>
    <link:loc xlink:type="locator" xlink:href="../../c-ross_core_2015-12-31.xsd#c-ross_EquityPriceRiskTypesOfLongTermEquityInvestmentsHeldInSubsidiariesJointVenturesAndAssociatedCompaniesAxis" xlink:label="EquityPriceRiskTypesOfLongTermEquityInvestmentsHeldInSubsidiariesJointVenturesAndAssociatedCompaniesAxis" xlink:title="EquityPriceRiskTypesOfLongTermEquityInvestmentsHeldInSubsidiariesJointVenturesAndAssociatedCompaniesAxis"/>
    <link:definitionArc xlink:type="arc" xlink:arcrole="http://xbrl.org/int/dim/arcrole/hypercube-dimension" xlink:from="EquityPriceRiskLongTermEquityInvestmentsInSubsidiariesJointVenturesAndAssociatedCompaniesTable" xlink:to="EquityPriceRiskTypesOfLongTermEquityInvestmentsHeldInSubsidiariesJointVenturesAndAssociatedCompaniesAxis" xlink:title="definition: EquityPriceRiskLongTermEquityInvestmentsInSubsidiariesJointVenturesAndAssociatedCompaniesTable to EquityPriceRiskTypesOfLongTermEquityInvestmentsHeldInSubsidiariesJointVenturesAndAssociatedCompaniesAxis" use="optional" order="10.0"/>
    <link:definitionArc xlink:type="arc" xlink:arcrole="http://xbrl.org/int/dim/arcrole/dimension-domain" xlink:from="EquityPriceRiskTypesOfLongTermEquityInvestmentsHeldInSubsidiariesJointVenturesAndAssociatedCompaniesAxis" xlink:to="TypesOfAssetsHeldMember" xlink:title="definition: EquityPriceRiskTypesOfLongTermEquityInvestmentsHeldInSubsidiariesJointVenturesAndAssociatedCompaniesAxis to TypesOfAssetsHeldMember" use="optional" order="10.0"/>
    <link:definitionArc xlink:type="arc" xlink:arcrole="http://xbrl.org/int/dim/arcrole/hypercube-dimension" xlink:from="EquityPriceRiskLongTermEquityInvestmentsInSubsidiariesJointVenturesAndAssociatedCompaniesTable" xlink:to="InvesteeAxis" xlink:title="definition: EquityPriceRiskLongTermEquityInvestmentsInSubsidiariesJointVenturesAndAssociatedCompaniesTable to InvesteeAxis" use="optional" order="20.0"/>
    <link:loc xlink:type="locator" xlink:href="../../c-ross_core_2015-12-31.xsd#c-ross_EquityPriceRiskLongTermEquityInvestmentsInSubsidiariesHeldByLookThroughMethodLineNumberAxis" xlink:label="EquityPriceRiskLongTermEquityInvestmentsInSubsidiariesHeldByLookThroughMethodLineNumberAxis" xlink:title="EquityPriceRiskLongTermEquityInvestmentsInSubsidiariesHeldByLookThroughMethodLineNumberAxis"/>
    <link:definitionArc xlink:type="arc" xlink:arcrole="http://xbrl.org/int/dim/arcrole/hypercube-dimension" xlink:from="EquityPriceRiskLongTermEquityInvestmentsInSubsidiariesJointVenturesAndAssociatedCompaniesTable" xlink:to="EquityPriceRiskLongTermEquityInvestmentsInSubsidiariesHeldByLookThroughMethodLineNumberAxis" xlink:title="definition: EquityPriceRiskLongTermEquityInvestmentsInSubsidiariesJointVenturesAndAssociatedCompaniesTable to EquityPriceRiskLongTermEquityInvestmentsInSubsidiariesHeldByLookThroughMethodLineNumberAxis" use="optional" order="30.0"/>
    <link:loc xlink:type="locator" xlink:href="../../c-ross_core_2015-12-31.xsd#c-ross_EquityPriceRiskLongTermEquityInvestmentsInSubsidiariesJointVenturesAndAssociatedCompaniesLineItems" xlink:label="EquityPriceRiskLongTermEquityInvestmentsInSubsidiariesJointVenturesAndAssociatedCompaniesLineItems" xlink:title="EquityPriceRiskLongTermEquityInvestmentsInSubsidiariesJointVenturesAndAssociatedCompaniesLineItems"/>
    <link:loc xlink:type="locator" xlink:href="../../c-ross_core_2015-12-31.xsd#c-ross_EquityPriceRiskLongTermEquityInvestmentsInSubsidiariesJointVenturesAndAssociatedCompaniesCompanyName" xlink:label="EquityPriceRiskLongTermEquityInvestmentsInSubsidiariesJointVenturesAndAssociatedCompaniesCompanyName" xlink:title="EquityPriceRiskLongTermEquityInvestmentsInSubsidiariesJointVenturesAndAssociatedCompaniesCompanyName"/>
    <link:definitionArc xlink:type="arc" xlink:arcrole="http://xbrl.org/int/dim/arcrole/domain-member" xlink:from="EquityPriceRiskLongTermEquityInvestmentsInSubsidiariesJointVenturesAndAssociatedCompaniesLineItems" xlink:to="EquityPriceRiskLongTermEquityInvestmentsInSubsidiariesJointVenturesAndAssociatedCompaniesCompanyName" xlink:title="definition: EquityPriceRiskLongTermEquityInvestmentsInSubsidiariesJointVenturesAndAssociatedCompaniesLineItems to EquityPriceRiskLongTermEquityInvestmentsInSubsidiariesJointVenturesAndAssociatedCompaniesCompanyName" use="optional" order="10.0"/>
    <link:loc xlink:type="locator" xlink:href="../../c-ross_core_2015-12-31.xsd#c-ross_EquityPriceRiskLongTermEquityInvestmentsInSubsidiariesJointVenturesAndAssociatedCompaniesProportionOfOwnershipInterests" xlink:label="EquityPriceRiskLongTermEquityInvestmentsInSubsidiariesJointVenturesAndAssociatedCompaniesHoldingStockNumber" xlink:title="EquityPriceRiskLongTermEquityInvestmentsInSubsidiariesJointVenturesAndAssociatedCompaniesHoldingStockNumber"/>
    <link:definitionArc xlink:type="arc" xlink:arcrole="http://xbrl.org/int/dim/arcrole/domain-member" xlink:from="EquityPriceRiskLongTermEquityInvestmentsInSubsidiariesJointVenturesAndAssociatedCompaniesLineItems" xlink:to="EquityPriceRiskLongTermEquityInvestmentsInSubsidiariesJointVenturesAndAssociatedCompaniesHoldingStockNumber" xlink:title="definition: EquityPriceRiskLongTermEquityInvestmentsInSubsidiariesJointVenturesAndAssociatedCompaniesLineItems to EquityPriceRiskLongTermEquityInvestmentsInSubsidiariesJointVenturesAndAssociatedCompaniesHoldingStockNumber" use="optional" order="30.0"/>
    <link:loc xlink:type="locator" xlink:href="../../c-ross_core_2015-12-31.xsd#c-ross_EquityPriceRiskLongTermEquityInvestmentsInSubsidiariesJointVenturesAndAssociatedCompaniesEquityHoldingCost" xlink:label="EquityPriceRiskLongTermEquityInvestmentsInSubsidiariesJointVenturesAndAssociatedCompaniesHoldingCost" xlink:title="EquityPriceRiskLongTermEquityInvestmentsInSubsidiariesJointVenturesAndAssociatedCompaniesHoldingCost"/>
    <link:definitionArc xlink:type="arc" xlink:arcrole="http://xbrl.org/int/dim/arcrole/domain-member" xlink:from="EquityPriceRiskLongTermEquityInvestmentsInSubsidiariesJointVenturesAndAssociatedCompaniesLineItems" xlink:to="EquityPriceRiskLongTermEquityInvestmentsInSubsidiariesJointVenturesAndAssociatedCompaniesHoldingCost" xlink:title="definition: EquityPriceRiskLongTermEquityInvestmentsInSubsidiariesJointVenturesAndAssociatedCompaniesLineItems to EquityPriceRiskLongTermEquityInvestmentsInSubsidiariesJointVenturesAndAssociatedCompaniesHoldingCost" use="optional" order="40.0"/>
    <link:loc xlink:type="locator" xlink:href="../../c-ross_core_2015-12-31.xsd#c-ross_EquityPriceRiskLongTermEquityInvestmentsInSubsidiariesJointVenturesAndAssociatedCompaniesNatureOfInvestee" xlink:label="EquityPriceRiskLongTermEquityInvestmentsInSubsidiariesJointVenturesAndAssociatedCompaniesNatureOfInvestee" xlink:title="EquityPriceRiskLongTermEquityInvestmentsInSubsidiariesJointVenturesAndAssociatedCompaniesNatureOfInvestee"/>
    <link:definitionArc xlink:type="arc" xlink:arcrole="http://xbrl.org/int/dim/arcrole/domain-member" xlink:from="EquityPriceRiskLongTermEquityInvestmentsInSubsidiariesJointVenturesAndAssociatedCompaniesLineItems" xlink:to="EquityPriceRiskLongTermEquityInvestmentsInSubsidiariesJointVenturesAndAssociatedCompaniesNatureOfInvestee" xlink:title="definition: EquityPriceRiskLongTermEquityInvestmentsInSubsidiariesJointVenturesAndAssociatedCompaniesLineItems to EquityPriceRiskLongTermEquityInvestmentsInSubsidiariesJointVenturesAndAssociatedCompaniesNatureOfInvestee" use="optional" order="50.0"/>
    <link:loc xlink:type="locator" xlink:href="../../c-ross_core_2015-12-31.xsd#c-ross_EquityPriceRiskLongTermEquityInvestmentsInSubsidiariesJointVenturesAndAssociatedCompaniesAdmittedValue" xlink:label="EquityPriceRiskLongTermEquityInvestmentsInSubsidiariesJointVenturesAndAssociatedCompaniesAdmittedValue" xlink:title="EquityPriceRiskLongTermEquityInvestmentsInSubsidiariesJointVenturesAndAssociatedCompaniesAdmittedValue"/>
    <link:definitionArc xlink:type="arc" xlink:arcrole="http://xbrl.org/int/dim/arcrole/domain-member" xlink:from="EquityPriceRiskLongTermEquityInvestmentsInSubsidiariesJointVenturesAndAssociatedCompaniesLineItems" xlink:to="EquityPriceRiskLongTermEquityInvestmentsInSubsidiariesJointVenturesAndAssociatedCompaniesAdmittedValue" xlink:title="definition: EquityPriceRiskLongTermEquityInvestmentsInSubsidiariesJointVenturesAndAssociatedCompaniesLineItems to EquityPriceRiskLongTermEquityInvestmentsInSubsidiariesJointVenturesAndAssociatedCompaniesAdmittedValue" use="optional" order="60.0"/>
    <link:loc xlink:type="locator" xlink:href="../../c-ross_core_2015-12-31.xsd#c-ross_EquityPriceRiskLongTermEquityInvestmentsInSubsidiariesJointVenturesAndAssociatedCompaniesRiskExposure" xlink:label="EquityPriceRiskLongTermEquityInvestmentsInSubsidiariesJointVenturesAndAssociatedCompaniesRiskExposure" xlink:title="EquityPriceRiskLongTermEquityInvestmentsInSubsidiariesJointVenturesAndAssociatedCompaniesRiskExposure"/>
    <link:definitionArc xlink:type="arc" xlink:arcrole="http://xbrl.org/int/dim/arcrole/domain-member" xlink:from="EquityPriceRiskLongTermEquityInvestmentsInSubsidiariesJointVenturesAndAssociatedCompaniesLineItems" xlink:to="EquityPriceRiskLongTermEquityInvestmentsInSubsidiariesJointVenturesAndAssociatedCompaniesRiskExposure" xlink:title="definition: EquityPriceRiskLongTermEquityInvestmentsInSubsidiariesJointVenturesAndAssociatedCompaniesLineItems to EquityPriceRiskLongTermEquityInvestmentsInSubsidiariesJointVenturesAndAssociatedCompaniesRiskExposure" use="optional" order="70.0"/>
    <link:loc xlink:type="locator" xlink:href="../../c-ross_core_2015-12-31.xsd#c-ross_EquityPriceRiskLongTermEquityInvestmentsInSubsidiariesJointVenturesAndAssociatedCompaniesBaseRiskFactor" xlink:label="EquityPriceRiskLongTermEquityInvestmentsInSubsidiariesJointVenturesAndAssociatedCompaniesBaseRiskFactor" xlink:title="EquityPriceRiskLongTermEquityInvestmentsInSubsidiariesJointVenturesAndAssociatedCompaniesBaseRiskFactor"/>
    <link:definitionArc xlink:type="arc" xlink:arcrole="http://xbrl.org/int/dim/arcrole/domain-member" xlink:from="EquityPriceRiskLongTermEquityInvestmentsInSubsidiariesJointVenturesAndAssociatedCompaniesLineItems" xlink:to="EquityPriceRiskLongTermEquityInvestmentsInSubsidiariesJointVenturesAndAssociatedCompaniesBaseRiskFactor" xlink:title="definition: EquityPriceRiskLongTermEquityInvestmentsInSubsidiariesJointVenturesAndAssociatedCompaniesLineItems to EquityPriceRiskLongTermEquityInvestmentsInSubsidiariesJointVenturesAndAssociatedCompaniesBaseRiskFactor" use="optional" order="80.0"/>
    <link:loc xlink:type="locator" xlink:href="../../c-ross_core_2015-12-31.xsd#c-ross_EquityPriceRiskLongTermEquityInvestmentsInSubsidiariesJointVenturesAndAssociatedCompaniesRiskFactorOne" xlink:label="EquityPriceRiskLongTermEquityInvestmentsInSubsidiariesJointVenturesAndAssociatedCompaniesRiskFactorOne" xlink:title="EquityPriceRiskLongTermEquityInvestmentsInSubsidiariesJointVenturesAndAssociatedCompaniesRiskFactorOne"/>
    <link:definitionArc xlink:type="arc" xlink:arcrole="http://xbrl.org/int/dim/arcrole/domain-member" xlink:from="EquityPriceRiskLongTermEquityInvestmentsInSubsidiariesJointVenturesAndAssociatedCompaniesLineItems" xlink:to="EquityPriceRiskLongTermEquityInvestmentsInSubsidiariesJointVenturesAndAssociatedCompaniesRiskFactorOne" xlink:title="definition: EquityPriceRiskLongTermEquityInvestmentsInSubsidiariesJointVenturesAndAssociatedCompaniesLineItems to EquityPriceRiskLongTermEquityInvestmentsInSubsidiariesJointVenturesAndAssociatedCompaniesRiskFactorOne" use="optional" order="90.0"/>
    <link:loc xlink:type="locator" xlink:href="../../c-ross_core_2015-12-31.xsd#c-ross_EquityPriceRiskLongTermEquityInvestmentsInSubsidiariesJointVenturesAndAssociatedCompaniesMinimumCapital" xlink:label="EquityPriceRiskLongTermEquityInvestmentsInSubsidiariesJointVenturesAndAssociatedCompaniesMinimumCapital" xlink:title="EquityPriceRiskLongTermEquityInvestmentsInSubsidiariesJointVenturesAndAssociatedCompaniesMinimumCapital"/>
    <link:definitionArc xlink:type="arc" xlink:arcrole="http://xbrl.org/int/dim/arcrole/domain-member" xlink:from="EquityPriceRiskLongTermEquityInvestmentsInSubsidiariesJointVenturesAndAssociatedCompaniesLineItems" xlink:to="EquityPriceRiskLongTermEquityInvestmentsInSubsidiariesJointVenturesAndAssociatedCompaniesMinimumCapital" xlink:title="definition: EquityPriceRiskLongTermEquityInvestmentsInSubsidiariesJointVenturesAndAssociatedCompaniesLineItems to EquityPriceRiskLongTermEquityInvestmentsInSubsidiariesJointVenturesAndAssociatedCompaniesMinimumCapital" use="optional" order="100.0"/>
    <link:loc xlink:type="locator" xlink:href="../../c-ross_core_2015-12-31.xsd#c-ross_EquityPriceRiskLongTermEquityInvestmentsInSubsidiariesJointVenturesAndAssociatedCompaniesHoldingStockNumber" xlink:label="newItem" xlink:title="newItem"/>
    <link:definitionArc xlink:type="arc" xlink:arcrole="http://xbrl.org/int/dim/arcrole/domain-member" xlink:from="EquityPriceRiskLongTermEquityInvestmentsInSubsidiariesJointVenturesAndAssociatedCompaniesLineItems" xlink:to="newItem" xlink:title="definition: EquityPriceRiskLongTermEquityInvestmentsInSubsidiariesJointVenturesAndAssociatedCompaniesLineItems to newItem" order="20.0"/>
    <link:loc xlink:type="locator" xlink:href="../../c-ross_core_2015-12-31.xsd#c-ross_EquityPriceRiskLongTermEquityInvestmentsInSubsidiariesHeldByLookThroughMethodAbstract" xlink:label="EquityPriceRiskLongTermEquityInvestmentsInSubsidiariesHeldByLookThroughMethodAbstract" xlink:title="EquityPriceRiskLongTermEquityInvestmentsInSubsidiariesHeldByLookThroughMethodAbstract"/>
    <link:definitionArc xlink:type="arc" xlink:arcrole="http://xbrl.org/int/dim/arcrole/all" xlink:from="EquityPriceRiskLongTermEquityInvestmentsInSubsidiariesHeldByLookThroughMethodAbstract" xlink:to="EquityPriceRiskLongTermEquityInvestmentsInSubsidiariesJointVenturesAndAssociatedCompaniesTable" xlink:title="definition: EquityPriceRiskLongTermEquityInvestmentsInSubsidiariesHeldByLookThroughMethodAbstract to EquityPriceRiskLongTermEquityInvestmentsInSubsidiariesJointVenturesAndAssociatedCompaniesTable" use="optional" order="10.0" xbrldt:closed="true" xbrldt:contextElement="scenario"/>
    <link:definitionArc xlink:type="arc" xlink:arcrole="http://xbrl.org/int/dim/arcrole/domain-member" xlink:from="EquityPriceRiskLongTermEquityInvestmentsInSubsidiariesHeldByLookThroughMethodAbstract" xlink:to="EquityPriceRiskLongTermEquityInvestmentsInSubsidiariesJointVenturesAndAssociatedCompaniesLineItems" xlink:title="definition: EquityPriceRiskLongTermEquityInvestmentsInSubsidiariesHeldByLookThroughMethodAbstract to EquityPriceRiskLongTermEquityInvestmentsInSubsidiariesJointVenturesAndAssociatedCompaniesLineItems" use="optional" order="20.0"/>
  </link:definitionLink>
  <link:definitionLink xlink:type="extended" xlink:role="http://xbrl.circ.gov.cn/role/c-ross_2015-12-31_role-3162200d">
    <link:loc xlink:type="locator" xlink:href="../../c-ross_core_2015-12-31.xsd#c-ross_TypesOfAssetsHeldMember" xlink:label="TypesOfAssetsHeldMember" xlink:title="TypesOfAssetsHeldMember"/>
    <link:loc xlink:type="locator" xlink:href="../../c-ross_core_2015-12-31.xsd#c-ross_HeldByLookThroughMethodMember" xlink:label="HeldByLookThroughMethodMember" xlink:title="HeldByLookThroughMethodMember"/>
    <link:definitionArc xlink:type="arc" xlink:arcrole="http://xbrl.org/int/dim/arcrole/domain-member" xlink:from="TypesOfAssetsHeldMember" xlink:to="HeldByLookThroughMethodMember" xlink:title="definition: TypesOfAssetsHeldMember to HeldByLookThroughMethodMember" use="optional" order="10.0"/>
    <link:loc xlink:type="locator" xlink:href="../../c-ross_core_2015-12-31.xsd#c-ross_EquityPriceRiskLongTermEquityInvestmentsInSubsidiariesJointVenturesAndAssociatedCompaniesTypeOfLongTermEquityInvestmentsAxis" xlink:label="InvesteeAxis" xlink:title="InvesteeAxis"/>
    <link:loc xlink:type="locator" xlink:href="../../c-ross_core_2015-12-31.xsd#c-ross_TypeOfLongTermEquityInvestmentsMember" xlink:label="InvesteeMember" xlink:title="InvesteeMember"/>
    <link:definitionArc xlink:type="arc" xlink:arcrole="http://xbrl.org/int/dim/arcrole/dimension-domain" xlink:from="InvesteeAxis" xlink:to="InvesteeMember" xlink:title="definition: InvesteeAxis to InvesteeMember" use="optional" order="10.0"/>
    <link:loc xlink:type="locator" xlink:href="../../c-ross_core_2015-12-31.xsd#c-ross_LongTermEquityInvestmentsInJointVenturesAndAssociatedCompaniesMember" xlink:label="JointVenturesAndAssociatedCompaniesMember" xlink:title="JointVenturesAndAssociatedCompaniesMember"/>
    <link:definitionArc xlink:type="arc" xlink:arcrole="http://xbrl.org/int/dim/arcrole/domain-member" xlink:from="InvesteeMember" xlink:to="JointVenturesAndAssociatedCompaniesMember" xlink:title="definition: InvesteeMember to JointVenturesAndAssociatedCompaniesMember" use="optional" order="10.0"/>
    <link:loc xlink:type="locator" xlink:href="../../c-ross_core_2015-12-31.xsd#c-ross_EquityPriceRiskLongTermEquityInvestmentsInSubsidiariesJointVenturesAndAssociatedCompaniesTable" xlink:label="EquityPriceRiskLongTermEquityInvestmentsInSubsidiariesJointVenturesAndAssociatedCompaniesTable" xlink:title="EquityPriceRiskLongTermEquityInvestmentsInSubsidiariesJointVenturesAndAssociatedCompaniesTable"/>
    <link:loc xlink:type="locator" xlink:href="../../c-ross_core_2015-12-31.xsd#c-ross_EquityPriceRiskTypesOfLongTermEquityInvestmentsHeldInSubsidiariesJointVenturesAndAssociatedCompaniesAxis" xlink:label="EquityPriceRiskTypesOfLongTermEquityInvestmentsHeldInSubsidiariesJointVenturesAndAssociatedCompaniesAxis" xlink:title="EquityPriceRiskTypesOfLongTermEquityInvestmentsHeldInSubsidiariesJointVenturesAndAssociatedCompaniesAxis"/>
    <link:definitionArc xlink:type="arc" xlink:arcrole="http://xbrl.org/int/dim/arcrole/hypercube-dimension" xlink:from="EquityPriceRiskLongTermEquityInvestmentsInSubsidiariesJointVenturesAndAssociatedCompaniesTable" xlink:to="EquityPriceRiskTypesOfLongTermEquityInvestmentsHeldInSubsidiariesJointVenturesAndAssociatedCompaniesAxis" xlink:title="definition: EquityPriceRiskLongTermEquityInvestmentsInSubsidiariesJointVenturesAndAssociatedCompaniesTable to EquityPriceRiskTypesOfLongTermEquityInvestmentsHeldInSubsidiariesJointVenturesAndAssociatedCompaniesAxis" use="optional" order="10.0"/>
    <link:definitionArc xlink:type="arc" xlink:arcrole="http://xbrl.org/int/dim/arcrole/dimension-domain" xlink:from="EquityPriceRiskTypesOfLongTermEquityInvestmentsHeldInSubsidiariesJointVenturesAndAssociatedCompaniesAxis" xlink:to="TypesOfAssetsHeldMember" xlink:title="definition: EquityPriceRiskTypesOfLongTermEquityInvestmentsHeldInSubsidiariesJointVenturesAndAssociatedCompaniesAxis to TypesOfAssetsHeldMember" use="optional" order="10.0"/>
    <link:definitionArc xlink:type="arc" xlink:arcrole="http://xbrl.org/int/dim/arcrole/hypercube-dimension" xlink:from="EquityPriceRiskLongTermEquityInvestmentsInSubsidiariesJointVenturesAndAssociatedCompaniesTable" xlink:to="InvesteeAxis" xlink:title="definition: EquityPriceRiskLongTermEquityInvestmentsInSubsidiariesJointVenturesAndAssociatedCompaniesTable to InvesteeAxis" use="optional" order="20.0"/>
    <link:loc xlink:type="locator" xlink:href="../../c-ross_core_2015-12-31.xsd#c-ross_EquityPriceRiskLongTermEquityInvestmentsInJointVenturesAndAssociatedCompaniesHeldByLookThroughMethodLineNumberAxis" xlink:label="EquityPriceRiskLongTermEquityInvestmentsInJointVenturesAndAssociatedCompaniesHeldByLookThroughMethodLineNumberAxis" xlink:title="EquityPriceRiskLongTermEquityInvestmentsInJointVenturesAndAssociatedCompaniesHeldByLookThroughMethodLineNumberAxis"/>
    <link:definitionArc xlink:type="arc" xlink:arcrole="http://xbrl.org/int/dim/arcrole/hypercube-dimension" xlink:from="EquityPriceRiskLongTermEquityInvestmentsInSubsidiariesJointVenturesAndAssociatedCompaniesTable" xlink:to="EquityPriceRiskLongTermEquityInvestmentsInJointVenturesAndAssociatedCompaniesHeldByLookThroughMethodLineNumberAxis" xlink:title="definition: EquityPriceRiskLongTermEquityInvestmentsInSubsidiariesJointVenturesAndAssociatedCompaniesTable to EquityPriceRiskLongTermEquityInvestmentsInJointVenturesAndAssociatedCompaniesHeldByLookThroughMethodLineNumberAxis" use="optional" order="30.0"/>
    <link:loc xlink:type="locator" xlink:href="../../c-ross_core_2015-12-31.xsd#c-ross_EquityPriceRiskLongTermEquityInvestmentsInSubsidiariesJointVenturesAndAssociatedCompaniesLineItems" xlink:label="EquityPriceRiskLongTermEquityInvestmentsInSubsidiariesJointVenturesAndAssociatedCompaniesLineItems" xlink:title="EquityPriceRiskLongTermEquityInvestmentsInSubsidiariesJointVenturesAndAssociatedCompaniesLineItems"/>
    <link:loc xlink:type="locator" xlink:href="../../c-ross_core_2015-12-31.xsd#c-ross_EquityPriceRiskLongTermEquityInvestmentsInSubsidiariesJointVenturesAndAssociatedCompaniesCompanyName" xlink:label="EquityPriceRiskLongTermEquityInvestmentsInSubsidiariesJointVenturesAndAssociatedCompaniesCompanyName" xlink:title="EquityPriceRiskLongTermEquityInvestmentsInSubsidiariesJointVenturesAndAssociatedCompaniesCompanyName"/>
    <link:definitionArc xlink:type="arc" xlink:arcrole="http://xbrl.org/int/dim/arcrole/domain-member" xlink:from="EquityPriceRiskLongTermEquityInvestmentsInSubsidiariesJointVenturesAndAssociatedCompaniesLineItems" xlink:to="EquityPriceRiskLongTermEquityInvestmentsInSubsidiariesJointVenturesAndAssociatedCompaniesCompanyName" xlink:title="definition: EquityPriceRiskLongTermEquityInvestmentsInSubsidiariesJointVenturesAndAssociatedCompaniesLineItems to EquityPriceRiskLongTermEquityInvestmentsInSubsidiariesJointVenturesAndAssociatedCompaniesCompanyName" use="optional" order="10.0"/>
    <link:loc xlink:type="locator" xlink:href="../../c-ross_core_2015-12-31.xsd#c-ross_EquityPriceRiskLongTermEquityInvestmentsInSubsidiariesJointVenturesAndAssociatedCompaniesProportionOfOwnershipInterests" xlink:label="EquityPriceRiskLongTermEquityInvestmentsInSubsidiariesJointVenturesAndAssociatedCompaniesHoldingStockNumber" xlink:title="EquityPriceRiskLongTermEquityInvestmentsInSubsidiariesJointVenturesAndAssociatedCompaniesHoldingStockNumber"/>
    <link:definitionArc xlink:type="arc" xlink:arcrole="http://xbrl.org/int/dim/arcrole/domain-member" xlink:from="EquityPriceRiskLongTermEquityInvestmentsInSubsidiariesJointVenturesAndAssociatedCompaniesLineItems" xlink:to="EquityPriceRiskLongTermEquityInvestmentsInSubsidiariesJointVenturesAndAssociatedCompaniesHoldingStockNumber" xlink:title="definition: EquityPriceRiskLongTermEquityInvestmentsInSubsidiariesJointVenturesAndAssociatedCompaniesLineItems to EquityPriceRiskLongTermEquityInvestmentsInSubsidiariesJointVenturesAndAssociatedCompaniesHoldingStockNumber" use="optional" order="30.0"/>
    <link:loc xlink:type="locator" xlink:href="../../c-ross_core_2015-12-31.xsd#c-ross_EquityPriceRiskLongTermEquityInvestmentsInSubsidiariesJointVenturesAndAssociatedCompaniesEquityHoldingCost" xlink:label="EquityPriceRiskLongTermEquityInvestmentsInSubsidiariesJointVenturesAndAssociatedCompaniesHoldingCost" xlink:title="EquityPriceRiskLongTermEquityInvestmentsInSubsidiariesJointVenturesAndAssociatedCompaniesHoldingCost"/>
    <link:definitionArc xlink:type="arc" xlink:arcrole="http://xbrl.org/int/dim/arcrole/domain-member" xlink:from="EquityPriceRiskLongTermEquityInvestmentsInSubsidiariesJointVenturesAndAssociatedCompaniesLineItems" xlink:to="EquityPriceRiskLongTermEquityInvestmentsInSubsidiariesJointVenturesAndAssociatedCompaniesHoldingCost" xlink:title="definition: EquityPriceRiskLongTermEquityInvestmentsInSubsidiariesJointVenturesAndAssociatedCompaniesLineItems to EquityPriceRiskLongTermEquityInvestmentsInSubsidiariesJointVenturesAndAssociatedCompaniesHoldingCost" use="optional" order="40.0"/>
    <link:loc xlink:type="locator" xlink:href="../../c-ross_core_2015-12-31.xsd#c-ross_EquityPriceRiskLongTermEquityInvestmentsInSubsidiariesJointVenturesAndAssociatedCompaniesNatureOfInvestee" xlink:label="EquityPriceRiskLongTermEquityInvestmentsInSubsidiariesJointVenturesAndAssociatedCompaniesNatureOfInvestee" xlink:title="EquityPriceRiskLongTermEquityInvestmentsInSubsidiariesJointVenturesAndAssociatedCompaniesNatureOfInvestee"/>
    <link:definitionArc xlink:type="arc" xlink:arcrole="http://xbrl.org/int/dim/arcrole/domain-member" xlink:from="EquityPriceRiskLongTermEquityInvestmentsInSubsidiariesJointVenturesAndAssociatedCompaniesLineItems" xlink:to="EquityPriceRiskLongTermEquityInvestmentsInSubsidiariesJointVenturesAndAssociatedCompaniesNatureOfInvestee" xlink:title="definition: EquityPriceRiskLongTermEquityInvestmentsInSubsidiariesJointVenturesAndAssociatedCompaniesLineItems to EquityPriceRiskLongTermEquityInvestmentsInSubsidiariesJointVenturesAndAssociatedCompaniesNatureOfInvestee" use="optional" order="50.0"/>
    <link:loc xlink:type="locator" xlink:href="../../c-ross_core_2015-12-31.xsd#c-ross_EquityPriceRiskLongTermEquityInvestmentsInSubsidiariesJointVenturesAndAssociatedCompaniesAdmittedValue" xlink:label="EquityPriceRiskLongTermEquityInvestmentsInSubsidiariesJointVenturesAndAssociatedCompaniesAdmittedValue" xlink:title="EquityPriceRiskLongTermEquityInvestmentsInSubsidiariesJointVenturesAndAssociatedCompaniesAdmittedValue"/>
    <link:definitionArc xlink:type="arc" xlink:arcrole="http://xbrl.org/int/dim/arcrole/domain-member" xlink:from="EquityPriceRiskLongTermEquityInvestmentsInSubsidiariesJointVenturesAndAssociatedCompaniesLineItems" xlink:to="EquityPriceRiskLongTermEquityInvestmentsInSubsidiariesJointVenturesAndAssociatedCompaniesAdmittedValue" xlink:title="definition: EquityPriceRiskLongTermEquityInvestmentsInSubsidiariesJointVenturesAndAssociatedCompaniesLineItems to EquityPriceRiskLongTermEquityInvestmentsInSubsidiariesJointVenturesAndAssociatedCompaniesAdmittedValue" use="optional" order="60.0"/>
    <link:loc xlink:type="locator" xlink:href="../../c-ross_core_2015-12-31.xsd#c-ross_EquityPriceRiskLongTermEquityInvestmentsInSubsidiariesJointVenturesAndAssociatedCompaniesRiskExposure" xlink:label="EquityPriceRiskLongTermEquityInvestmentsInSubsidiariesJointVenturesAndAssociatedCompaniesRiskExposure" xlink:title="EquityPriceRiskLongTermEquityInvestmentsInSubsidiariesJointVenturesAndAssociatedCompaniesRiskExposure"/>
    <link:definitionArc xlink:type="arc" xlink:arcrole="http://xbrl.org/int/dim/arcrole/domain-member" xlink:from="EquityPriceRiskLongTermEquityInvestmentsInSubsidiariesJointVenturesAndAssociatedCompaniesLineItems" xlink:to="EquityPriceRiskLongTermEquityInvestmentsInSubsidiariesJointVenturesAndAssociatedCompaniesRiskExposure" xlink:title="definition: EquityPriceRiskLongTermEquityInvestmentsInSubsidiariesJointVenturesAndAssociatedCompaniesLineItems to EquityPriceRiskLongTermEquityInvestmentsInSubsidiariesJointVenturesAndAssociatedCompaniesRiskExposure" use="optional" order="70.0"/>
    <link:loc xlink:type="locator" xlink:href="../../c-ross_core_2015-12-31.xsd#c-ross_EquityPriceRiskLongTermEquityInvestmentsInSubsidiariesJointVenturesAndAssociatedCompaniesBaseRiskFactor" xlink:label="EquityPriceRiskLongTermEquityInvestmentsInSubsidiariesJointVenturesAndAssociatedCompaniesBaseRiskFactor" xlink:title="EquityPriceRiskLongTermEquityInvestmentsInSubsidiariesJointVenturesAndAssociatedCompaniesBaseRiskFactor"/>
    <link:definitionArc xlink:type="arc" xlink:arcrole="http://xbrl.org/int/dim/arcrole/domain-member" xlink:from="EquityPriceRiskLongTermEquityInvestmentsInSubsidiariesJointVenturesAndAssociatedCompaniesLineItems" xlink:to="EquityPriceRiskLongTermEquityInvestmentsInSubsidiariesJointVenturesAndAssociatedCompaniesBaseRiskFactor" xlink:title="definition: EquityPriceRiskLongTermEquityInvestmentsInSubsidiariesJointVenturesAndAssociatedCompaniesLineItems to EquityPriceRiskLongTermEquityInvestmentsInSubsidiariesJointVenturesAndAssociatedCompaniesBaseRiskFactor" use="optional" order="80.0"/>
    <link:loc xlink:type="locator" xlink:href="../../c-ross_core_2015-12-31.xsd#c-ross_EquityPriceRiskLongTermEquityInvestmentsInSubsidiariesJointVenturesAndAssociatedCompaniesRiskFactorOne" xlink:label="EquityPriceRiskLongTermEquityInvestmentsInSubsidiariesJointVenturesAndAssociatedCompaniesRiskFactorOne" xlink:title="EquityPriceRiskLongTermEquityInvestmentsInSubsidiariesJointVenturesAndAssociatedCompaniesRiskFactorOne"/>
    <link:definitionArc xlink:type="arc" xlink:arcrole="http://xbrl.org/int/dim/arcrole/domain-member" xlink:from="EquityPriceRiskLongTermEquityInvestmentsInSubsidiariesJointVenturesAndAssociatedCompaniesLineItems" xlink:to="EquityPriceRiskLongTermEquityInvestmentsInSubsidiariesJointVenturesAndAssociatedCompaniesRiskFactorOne" xlink:title="definition: EquityPriceRiskLongTermEquityInvestmentsInSubsidiariesJointVenturesAndAssociatedCompaniesLineItems to EquityPriceRiskLongTermEquityInvestmentsInSubsidiariesJointVenturesAndAssociatedCompaniesRiskFactorOne" use="optional" order="90.0"/>
    <link:loc xlink:type="locator" xlink:href="../../c-ross_core_2015-12-31.xsd#c-ross_EquityPriceRiskLongTermEquityInvestmentsInSubsidiariesJointVenturesAndAssociatedCompaniesMinimumCapital" xlink:label="EquityPriceRiskLongTermEquityInvestmentsInSubsidiariesJointVenturesAndAssociatedCompaniesMinimumCapital" xlink:title="EquityPriceRiskLongTermEquityInvestmentsInSubsidiariesJointVenturesAndAssociatedCompaniesMinimumCapital"/>
    <link:definitionArc xlink:type="arc" xlink:arcrole="http://xbrl.org/int/dim/arcrole/domain-member" xlink:from="EquityPriceRiskLongTermEquityInvestmentsInSubsidiariesJointVenturesAndAssociatedCompaniesLineItems" xlink:to="EquityPriceRiskLongTermEquityInvestmentsInSubsidiariesJointVenturesAndAssociatedCompaniesMinimumCapital" xlink:title="definition: EquityPriceRiskLongTermEquityInvestmentsInSubsidiariesJointVenturesAndAssociatedCompaniesLineItems to EquityPriceRiskLongTermEquityInvestmentsInSubsidiariesJointVenturesAndAssociatedCompaniesMinimumCapital" use="optional" order="100.0"/>
    <link:loc xlink:type="locator" xlink:href="../../c-ross_core_2015-12-31.xsd#c-ross_EquityPriceRiskLongTermEquityInvestmentsInSubsidiariesJointVenturesAndAssociatedCompaniesHoldingStockNumber" xlink:label="newItem" xlink:title="newItem"/>
    <link:definitionArc xlink:type="arc" xlink:arcrole="http://xbrl.org/int/dim/arcrole/domain-member" xlink:from="EquityPriceRiskLongTermEquityInvestmentsInSubsidiariesJointVenturesAndAssociatedCompaniesLineItems" xlink:to="newItem" xlink:title="definition: EquityPriceRiskLongTermEquityInvestmentsInSubsidiariesJointVenturesAndAssociatedCompaniesLineItems to newItem" order="20.0"/>
    <link:loc xlink:type="locator" xlink:href="../../c-ross_core_2015-12-31.xsd#c-ross_EquityPriceRiskLongTermEquityInvestmentsInJointVenturesAndAssociatedCompaniesHeldByLookThroughMethodAbstract" xlink:label="EquityPriceRiskLongTermEquityInvestmentsInJointVenturesAndAssociatedCompaniesHeldByLookThroughMethodAbstract" xlink:title="EquityPriceRiskLongTermEquityInvestmentsInJointVenturesAndAssociatedCompaniesHeldByLookThroughMethodAbstract"/>
    <link:definitionArc xlink:type="arc" xlink:arcrole="http://xbrl.org/int/dim/arcrole/all" xlink:from="EquityPriceRiskLongTermEquityInvestmentsInJointVenturesAndAssociatedCompaniesHeldByLookThroughMethodAbstract" xlink:to="EquityPriceRiskLongTermEquityInvestmentsInSubsidiariesJointVenturesAndAssociatedCompaniesTable" xlink:title="definition: EquityPriceRiskLongTermEquityInvestmentsInJointVenturesAndAssociatedCompaniesHeldByLookThroughMethodAbstract to EquityPriceRiskLongTermEquityInvestmentsInSubsidiariesJointVenturesAndAssociatedCompaniesTable" use="optional" order="10.0" xbrldt:closed="true" xbrldt:contextElement="scenario"/>
    <link:definitionArc xlink:type="arc" xlink:arcrole="http://xbrl.org/int/dim/arcrole/domain-member" xlink:from="EquityPriceRiskLongTermEquityInvestmentsInJointVenturesAndAssociatedCompaniesHeldByLookThroughMethodAbstract" xlink:to="EquityPriceRiskLongTermEquityInvestmentsInSubsidiariesJointVenturesAndAssociatedCompaniesLineItems" xlink:title="definition: EquityPriceRiskLongTermEquityInvestmentsInJointVenturesAndAssociatedCompaniesHeldByLookThroughMethodAbstract to EquityPriceRiskLongTermEquityInvestmentsInSubsidiariesJointVenturesAndAssociatedCompaniesLineItems" use="optional" order="20.0"/>
  </link:definitionLink>
</link:linkbase>
