<?xml version="1.0" encoding="UTF-8"?>

<!--
	Taxonomy: 2015-12-31 (Final)
	**********************
	Copyright © 2015 China Insurance Regulatory Commission.
	All rights reserved.  No part of this publication may be translated, reprinted or reproduced
	or utilised in any form either in whole or in part without prior permission in writing from China Insurance Regulatory Commission.
	  **********************
	-->
<link:linkbase xmlns:xsi="http://www.w3.org/2001/XMLSchema-instance" xsi:schemaLocation="http://www.xbrl.org/2003/linkbase http://www.xbrl.org/2003/xbrl-linkbase-2003-12-31.xsd" xmlns:c-ross="http://xbrl.circ.gov.cn/taxonomy/2015-12-31/c-ross" xmlns:link="http://www.xbrl.org/2003/linkbase" xmlns:q_s_pc_entry_point="http://xbrl.circ.gov.cn/taxonomy/2015-12-31/c-ross/q_s_pc_entry_point" xmlns:xlink="http://www.w3.org/1999/xlink" xmlns:xbrli="http://www.xbrl.org/2003/instance" xmlns:xbrldt="http://xbrl.org/2005/xbrldt">
  <link:roleRef roleURI="http://xbrl.circ.gov.cn/role/c-ross_2015-12-31_role-3162700" xlink:type="simple" xlink:href="rol_c-ross_7_2015-12-31.xsd#c-ross_2015-12-31-3162700"/>
  <link:roleRef roleURI="http://xbrl.circ.gov.cn/role/c-ross_2015-12-31_role-3162700a" xlink:type="simple" xlink:href="rol_c-ross_7_2015-12-31.xsd#c-ross_2015-12-31-3162700a"/>
  <link:roleRef roleURI="http://xbrl.circ.gov.cn/role/c-ross_2015-12-31_role-3162700b" xlink:type="simple" xlink:href="rol_c-ross_7_2015-12-31.xsd#c-ross_2015-12-31-3162700b"/>
  <link:roleRef roleURI="http://xbrl.circ.gov.cn/role/c-ross_2015-12-31_role-3162700c" xlink:type="simple" xlink:href="rol_c-ross_7_2015-12-31.xsd#c-ross_2015-12-31-3162700c"/>
  <link:roleRef roleURI="http://xbrl.circ.gov.cn/role/c-ross_2015-12-31_role-3162700d" xlink:type="simple" xlink:href="rol_c-ross_7_2015-12-31.xsd#c-ross_2015-12-31-3162700d"/>
  <link:arcroleRef arcroleURI="http://xbrl.org/int/dim/arcrole/all" xlink:type="simple" xlink:href="http://www.xbrl.org/2005/xbrldt-2005.xsd#all"/>
  <link:arcroleRef arcroleURI="http://xbrl.org/int/dim/arcrole/dimension-default" xlink:type="simple" xlink:href="http://www.xbrl.org/2005/xbrldt-2005.xsd#dimension-default"/>
  <link:arcroleRef arcroleURI="http://xbrl.org/int/dim/arcrole/dimension-domain" xlink:type="simple" xlink:href="http://www.xbrl.org/2005/xbrldt-2005.xsd#dimension-domain"/>
  <link:arcroleRef arcroleURI="http://xbrl.org/int/dim/arcrole/domain-member" xlink:type="simple" xlink:href="http://www.xbrl.org/2005/xbrldt-2005.xsd#domain-member"/>
  <link:arcroleRef arcroleURI="http://xbrl.org/int/dim/arcrole/hypercube-dimension" xlink:type="simple" xlink:href="http://www.xbrl.org/2005/xbrldt-2005.xsd#hypercube-dimension"/>
  <link:arcroleRef arcroleURI="http://xbrl.org/int/dim/arcrole/notAll" xlink:type="simple" xlink:href="http://www.xbrl.org/2005/xbrldt-2005.xsd#notAll"/>
  <link:definitionLink xlink:type="extended" xlink:role="http://xbrl.circ.gov.cn/role/c-ross_2015-12-31_role-3162700a">
    <link:loc xlink:type="locator" xlink:href="../../c-ross_core_2015-12-31.xsd#c-ross_TypesOfAssetsHeldMember" xlink:label="TypesOfAssetsHeldMember" xlink:title="TypesOfAssetsHeldMember"/>
    <link:loc xlink:type="locator" xlink:href="../../c-ross_core_2015-12-31.xsd#c-ross_HeldByCompanyDirectlyMember" xlink:label="HeldByCompanyDirectlyMember" xlink:title="HeldByCompanyDirectlyMember"/>
    <link:definitionArc xlink:type="arc" xlink:arcrole="http://xbrl.org/int/dim/arcrole/domain-member" xlink:from="TypesOfAssetsHeldMember" xlink:to="HeldByCompanyDirectlyMember" xlink:title="definition: TypesOfAssetsHeldMember to HeldByCompanyDirectlyMember" use="optional" order="10.0"/>
    <link:loc xlink:type="locator" xlink:href="../../c-ross_core_2015-12-31.xsd#c-ross_ExchangeRateRiskForeignCurrencyDenominatedAssetsLiabilitiesUnhedgedOrIneffectivelyHedgedTypesOfCurrenciesAxis" xlink:label="ExchangeRateRiskForeignCurrencyDenominatedAssetsLiabilitiesUnhedgedOrIneffectivelyHedgedTypesOfCurrenciesAxis" xlink:title="ExchangeRateRiskForeignCurrencyDenominatedAssetsLiabilitiesUnhedgedOrIneffectivelyHedgedTypesOfCurrenciesAxis"/>
    <link:loc xlink:type="locator" xlink:href="../../c-ross_core_2015-12-31.xsd#c-ross_TypesOfCurrenciesMember" xlink:label="CurrenciesMember" xlink:title="CurrenciesMember"/>
    <link:definitionArc xlink:type="arc" xlink:arcrole="http://xbrl.org/int/dim/arcrole/dimension-domain" xlink:from="ExchangeRateRiskForeignCurrencyDenominatedAssetsLiabilitiesUnhedgedOrIneffectivelyHedgedTypesOfCurrenciesAxis" xlink:to="CurrenciesMember" xlink:title="definition: ExchangeRateRiskForeignCurrencyDenominatedAssetsLiabilitiesUnhedgedOrIneffectivelyHedgedTypesOfCurrenciesAxis to CurrenciesMember" use="optional" order="10.0"/>
    <link:loc xlink:type="locator" xlink:href="../../c-ross_core_2015-12-31.xsd#c-ross_ForeignCurrencyItemsDenominatedInOtherForeignCurrenciesMember" xlink:label="OtherForeignCurrenciesItemsMember" xlink:title="OtherForeignCurrenciesItemsMember"/>
    <link:definitionArc xlink:type="arc" xlink:arcrole="http://xbrl.org/int/dim/arcrole/domain-member" xlink:from="CurrenciesMember" xlink:to="OtherForeignCurrenciesItemsMember" xlink:title="definition: CurrenciesMember to OtherForeignCurrenciesItemsMember" use="optional" order="10.0"/>
    <link:loc xlink:type="locator" xlink:href="../../c-ross_core_2015-12-31.xsd#c-ross_ExchangeRateRiskTypesOfForeignCurrencyDenominatedAssetsLiabilitiesUnhedgedOrIneffectivelyHedgedHeldAxis" xlink:label="ExchangeRateRiskTypesOfForeignCurrencyDenominatedAssetsLiabilitiesUnhedgedOrIneffectivelyHedgedHeldAxis" xlink:title="ExchangeRateRiskTypesOfForeignCurrencyDenominatedAssetsLiabilitiesUnhedgedOrIneffectivelyHedgedHeldAxis"/>
    <link:definitionArc xlink:type="arc" xlink:arcrole="http://xbrl.org/int/dim/arcrole/dimension-domain" xlink:from="ExchangeRateRiskTypesOfForeignCurrencyDenominatedAssetsLiabilitiesUnhedgedOrIneffectivelyHedgedHeldAxis" xlink:to="TypesOfAssetsHeldMember" xlink:title="definition: ExchangeRateRiskTypesOfForeignCurrencyDenominatedAssetsLiabilitiesUnhedgedOrIneffectivelyHedgedHeldAxis to TypesOfAssetsHeldMember" use="optional" order="10.0"/>
    <link:loc xlink:type="locator" xlink:href="../../c-ross_core_2015-12-31.xsd#c-ross_ExchangeRateRiskOfProjectsForeignCurrencyDenominatedAssetsLiabilitiesUnhedgedOrIneffectivelyHedgedForeignCurrencyItemsDenominatedInOtherForeignCurrenciesHeldByCompanyDirectlyDetailsAbstract" xlink:label="ExchangeRateRiskOfProjectsForeignCurrencyDenominatedAssetsLiabilitiesUnhedgedOrIneffectivelyHedgedProjectDenominatedInOtherCurrenciesHeldByCompanyDirectlyDetailsAbstract" xlink:title="ExchangeRateRiskOfProjectsForeignCurrencyDenominatedAssetsLiabilitiesUnhedgedOrIneffectivelyHedgedProjectDenominatedInOtherCurrenciesHeldByCompanyDirectlyDetailsAbstract"/>
    <link:loc xlink:type="locator" xlink:href="../../c-ross_core_2015-12-31.xsd#c-ross_ExchangeRateRiskOfProjectsForeignCurrencyDenominatedAssetsLiabilitiesUnhedgedOrIneffectivelyHedgedDetailsTable" xlink:label="ExchangeRateRiskOfProjectsForeignCurrencyDenominatedAssetsLiabilitiesUnhedgedOrIneffectivelyHedgedDetailsTable" xlink:title="ExchangeRateRiskOfProjectsForeignCurrencyDenominatedAssetsLiabilitiesUnhedgedOrIneffectivelyHedgedDetailsTable"/>
    <link:definitionArc xlink:type="arc" xlink:arcrole="http://xbrl.org/int/dim/arcrole/all" xlink:from="ExchangeRateRiskOfProjectsForeignCurrencyDenominatedAssetsLiabilitiesUnhedgedOrIneffectivelyHedgedProjectDenominatedInOtherCurrenciesHeldByCompanyDirectlyDetailsAbstract" xlink:to="ExchangeRateRiskOfProjectsForeignCurrencyDenominatedAssetsLiabilitiesUnhedgedOrIneffectivelyHedgedDetailsTable" xlink:title="definition: ExchangeRateRiskOfProjectsForeignCurrencyDenominatedAssetsLiabilitiesUnhedgedOrIneffectivelyHedgedProjectDenominatedInOtherCurrenciesHeldByCompanyDirectlyDetailsAbstract to ExchangeRateRiskOfProjectsForeignCurrencyDenominatedAssetsLiabilitiesUnhedgedOrIneffectivelyHedgedDetailsTable" use="optional" order="10.0" xbrldt:closed="true" xbrldt:contextElement="scenario"/>
    <link:definitionArc xlink:type="arc" xlink:arcrole="http://xbrl.org/int/dim/arcrole/hypercube-dimension" xlink:from="ExchangeRateRiskOfProjectsForeignCurrencyDenominatedAssetsLiabilitiesUnhedgedOrIneffectivelyHedgedDetailsTable" xlink:to="ExchangeRateRiskTypesOfForeignCurrencyDenominatedAssetsLiabilitiesUnhedgedOrIneffectivelyHedgedHeldAxis" xlink:title="definition: ExchangeRateRiskOfProjectsForeignCurrencyDenominatedAssetsLiabilitiesUnhedgedOrIneffectivelyHedgedDetailsTable to ExchangeRateRiskTypesOfForeignCurrencyDenominatedAssetsLiabilitiesUnhedgedOrIneffectivelyHedgedHeldAxis" use="optional" order="10.0"/>
    <link:definitionArc xlink:type="arc" xlink:arcrole="http://xbrl.org/int/dim/arcrole/hypercube-dimension" xlink:from="ExchangeRateRiskOfProjectsForeignCurrencyDenominatedAssetsLiabilitiesUnhedgedOrIneffectivelyHedgedDetailsTable" xlink:to="ExchangeRateRiskForeignCurrencyDenominatedAssetsLiabilitiesUnhedgedOrIneffectivelyHedgedTypesOfCurrenciesAxis" xlink:title="definition: ExchangeRateRiskOfProjectsForeignCurrencyDenominatedAssetsLiabilitiesUnhedgedOrIneffectivelyHedgedDetailsTable to ExchangeRateRiskForeignCurrencyDenominatedAssetsLiabilitiesUnhedgedOrIneffectivelyHedgedTypesOfCurrenciesAxis" use="optional" order="20.0"/>
    <link:loc xlink:type="locator" xlink:href="../../c-ross_core_2015-12-31.xsd#c-ross_ExchangeRateRiskForeignCurrencyDenominatedAssetsLiabilitiesUnhedgedOrIneffectivelyHedgedForeignCurrencyItemsDenominatedInOtherForeignCurrenciesHeldByCompanyDirectlyLineNumberAxis" xlink:label="ExchangeRateRiskForeignCurrencyDenominatedAssetsLiabilitiesUnhedgedOrIneffectivelyHedgedProjectDenominatedInOtherCurrenciesHeldByCompanyDirectlyLineNumberAxis" xlink:title="ExchangeRateRiskForeignCurrencyDenominatedAssetsLiabilitiesUnhedgedOrIneffectivelyHedgedProjectDenominatedInOtherCurrenciesHeldByCompanyDirectlyLineNumberAxis"/>
    <link:definitionArc xlink:type="arc" xlink:arcrole="http://xbrl.org/int/dim/arcrole/hypercube-dimension" xlink:from="ExchangeRateRiskOfProjectsForeignCurrencyDenominatedAssetsLiabilitiesUnhedgedOrIneffectivelyHedgedDetailsTable" xlink:to="ExchangeRateRiskForeignCurrencyDenominatedAssetsLiabilitiesUnhedgedOrIneffectivelyHedgedProjectDenominatedInOtherCurrenciesHeldByCompanyDirectlyLineNumberAxis" xlink:title="definition: ExchangeRateRiskOfProjectsForeignCurrencyDenominatedAssetsLiabilitiesUnhedgedOrIneffectivelyHedgedDetailsTable to ExchangeRateRiskForeignCurrencyDenominatedAssetsLiabilitiesUnhedgedOrIneffectivelyHedgedProjectDenominatedInOtherCurrenciesHeldByCompanyDirectlyLineNumberAxis" use="optional" order="30.0"/>
    <link:loc xlink:type="locator" xlink:href="../../c-ross_core_2015-12-31.xsd#c-ross_ExchangeRateRiskOfProjectsForeignCurrencyDenominatedAssetsLiabilitiesUnhedgedOrIneffectivelyHedgedDetailsLineItems" xlink:label="ExchangeRateRiskOfProjectsForeignCurrencyDenominatedAssetsLiabilitiesUnhedgedOrIneffectivelyHedgedDetailsLineItems" xlink:title="ExchangeRateRiskOfProjectsForeignCurrencyDenominatedAssetsLiabilitiesUnhedgedOrIneffectivelyHedgedDetailsLineItems"/>
    <link:definitionArc xlink:type="arc" xlink:arcrole="http://xbrl.org/int/dim/arcrole/domain-member" xlink:from="ExchangeRateRiskOfProjectsForeignCurrencyDenominatedAssetsLiabilitiesUnhedgedOrIneffectivelyHedgedProjectDenominatedInOtherCurrenciesHeldByCompanyDirectlyDetailsAbstract" xlink:to="ExchangeRateRiskOfProjectsForeignCurrencyDenominatedAssetsLiabilitiesUnhedgedOrIneffectivelyHedgedDetailsLineItems" xlink:title="definition: ExchangeRateRiskOfProjectsForeignCurrencyDenominatedAssetsLiabilitiesUnhedgedOrIneffectivelyHedgedProjectDenominatedInOtherCurrenciesHeldByCompanyDirectlyDetailsAbstract to ExchangeRateRiskOfProjectsForeignCurrencyDenominatedAssetsLiabilitiesUnhedgedOrIneffectivelyHedgedDetailsLineItems" use="optional" order="20.0"/>
    <link:loc xlink:type="locator" xlink:href="../../c-ross_core_2015-12-31.xsd#c-ross_ExchangeRateRiskForeignCurrencyDenominatedAssetsLiabilitiesUnhedgedOrIneffectivelyHedgedForeignCurrencyDenominatedProjects" xlink:label="ExchangeRateRiskForeignCurrencyDenominatedAssetsLiabilitiesUnhedgedOrIneffectivelyHedgedForeignCurrencyDenominatedProjects" xlink:title="ExchangeRateRiskForeignCurrencyDenominatedAssetsLiabilitiesUnhedgedOrIneffectivelyHedgedForeignCurrencyDenominatedProjects"/>
    <link:definitionArc xlink:type="arc" xlink:arcrole="http://xbrl.org/int/dim/arcrole/domain-member" xlink:from="ExchangeRateRiskOfProjectsForeignCurrencyDenominatedAssetsLiabilitiesUnhedgedOrIneffectivelyHedgedDetailsLineItems" xlink:to="ExchangeRateRiskForeignCurrencyDenominatedAssetsLiabilitiesUnhedgedOrIneffectivelyHedgedForeignCurrencyDenominatedProjects" xlink:title="definition: ExchangeRateRiskOfProjectsForeignCurrencyDenominatedAssetsLiabilitiesUnhedgedOrIneffectivelyHedgedDetailsLineItems to ExchangeRateRiskForeignCurrencyDenominatedAssetsLiabilitiesUnhedgedOrIneffectivelyHedgedForeignCurrencyDenominatedProjects" use="optional" order="10.0"/>
    <link:loc xlink:type="locator" xlink:href="../../c-ross_core_2015-12-31.xsd#c-ross_ExchangeRateRiskForeignCurrencyDenominatedAssetsLiabilitiesUnhedgedOrIneffectivelyHedgedForeignCurrencyDenominatedLiquidityManagementInstruments" xlink:label="ExchangeRateRiskForeignCurrencyDenominatedAssetsLiabilitiesUnhedgedOrIneffectivelyHedgedForeignCurrencyDenominatedLiquidityManagementInstruments" xlink:title="ExchangeRateRiskForeignCurrencyDenominatedAssetsLiabilitiesUnhedgedOrIneffectivelyHedgedForeignCurrencyDenominatedLiquidityManagementInstruments"/>
    <link:definitionArc xlink:type="arc" xlink:arcrole="http://xbrl.org/int/dim/arcrole/domain-member" xlink:from="ExchangeRateRiskOfProjectsForeignCurrencyDenominatedAssetsLiabilitiesUnhedgedOrIneffectivelyHedgedDetailsLineItems" xlink:to="ExchangeRateRiskForeignCurrencyDenominatedAssetsLiabilitiesUnhedgedOrIneffectivelyHedgedForeignCurrencyDenominatedLiquidityManagementInstruments" xlink:title="definition: ExchangeRateRiskOfProjectsForeignCurrencyDenominatedAssetsLiabilitiesUnhedgedOrIneffectivelyHedgedDetailsLineItems to ExchangeRateRiskForeignCurrencyDenominatedAssetsLiabilitiesUnhedgedOrIneffectivelyHedgedForeignCurrencyDenominatedLiquidityManagementInstruments" use="optional" order="20.0"/>
    <link:loc xlink:type="locator" xlink:href="../../c-ross_core_2015-12-31.xsd#c-ross_ExchangeRateRiskForeignCurrencyDenominatedAssetsLiabilitiesUnhedgedOrIneffectivelyHedgedForeignCurrencyDenominatedFixedIncomeInvestmentAssets" xlink:label="ExchangeRateRiskForeignCurrencyDenominatedAssetsLiabilitiesUnhedgedOrIneffectivelyHedgedForeignCurrencyDenominatedFixedIncomeInvestmentAssets" xlink:title="ExchangeRateRiskForeignCurrencyDenominatedAssetsLiabilitiesUnhedgedOrIneffectivelyHedgedForeignCurrencyDenominatedFixedIncomeInvestmentAssets"/>
    <link:definitionArc xlink:type="arc" xlink:arcrole="http://xbrl.org/int/dim/arcrole/domain-member" xlink:from="ExchangeRateRiskOfProjectsForeignCurrencyDenominatedAssetsLiabilitiesUnhedgedOrIneffectivelyHedgedDetailsLineItems" xlink:to="ExchangeRateRiskForeignCurrencyDenominatedAssetsLiabilitiesUnhedgedOrIneffectivelyHedgedForeignCurrencyDenominatedFixedIncomeInvestmentAssets" xlink:title="definition: ExchangeRateRiskOfProjectsForeignCurrencyDenominatedAssetsLiabilitiesUnhedgedOrIneffectivelyHedgedDetailsLineItems to ExchangeRateRiskForeignCurrencyDenominatedAssetsLiabilitiesUnhedgedOrIneffectivelyHedgedForeignCurrencyDenominatedFixedIncomeInvestmentAssets" use="optional" order="30.0"/>
    <link:loc xlink:type="locator" xlink:href="../../c-ross_core_2015-12-31.xsd#c-ross_ExchangeRateRiskForeignCurrencyDenominatedAssetsLiabilitiesUnhedgedOrIneffectivelyHedgedForeignCurrencyDenominatedEquityInvestmentAssets" xlink:label="ExchangeRateRiskForeignCurrencyDenominatedAssetsLiabilitiesUnhedgedOrIneffectivelyHedgedForeignCurrencyDenominatedEquityInvestmentAssets" xlink:title="ExchangeRateRiskForeignCurrencyDenominatedAssetsLiabilitiesUnhedgedOrIneffectivelyHedgedForeignCurrencyDenominatedEquityInvestmentAssets"/>
    <link:definitionArc xlink:type="arc" xlink:arcrole="http://xbrl.org/int/dim/arcrole/domain-member" xlink:from="ExchangeRateRiskOfProjectsForeignCurrencyDenominatedAssetsLiabilitiesUnhedgedOrIneffectivelyHedgedDetailsLineItems" xlink:to="ExchangeRateRiskForeignCurrencyDenominatedAssetsLiabilitiesUnhedgedOrIneffectivelyHedgedForeignCurrencyDenominatedEquityInvestmentAssets" xlink:title="definition: ExchangeRateRiskOfProjectsForeignCurrencyDenominatedAssetsLiabilitiesUnhedgedOrIneffectivelyHedgedDetailsLineItems to ExchangeRateRiskForeignCurrencyDenominatedAssetsLiabilitiesUnhedgedOrIneffectivelyHedgedForeignCurrencyDenominatedEquityInvestmentAssets" use="optional" order="40.0"/>
    <link:loc xlink:type="locator" xlink:href="../../c-ross_core_2015-12-31.xsd#c-ross_ExchangeRateRiskForeignCurrencyDenominatedAssetsLiabilitiesUnhedgedOrIneffectivelyHedgedForeignCurrencyDenominatedDerivatives" xlink:label="ExchangeRateRiskForeignCurrencyDenominatedAssetsLiabilitiesUnhedgedOrIneffectivelyHedgedForeignCurrencyDenominatedDerivatives" xlink:title="ExchangeRateRiskForeignCurrencyDenominatedAssetsLiabilitiesUnhedgedOrIneffectivelyHedgedForeignCurrencyDenominatedDerivatives"/>
    <link:definitionArc xlink:type="arc" xlink:arcrole="http://xbrl.org/int/dim/arcrole/domain-member" xlink:from="ExchangeRateRiskOfProjectsForeignCurrencyDenominatedAssetsLiabilitiesUnhedgedOrIneffectivelyHedgedDetailsLineItems" xlink:to="ExchangeRateRiskForeignCurrencyDenominatedAssetsLiabilitiesUnhedgedOrIneffectivelyHedgedForeignCurrencyDenominatedDerivatives" xlink:title="definition: ExchangeRateRiskOfProjectsForeignCurrencyDenominatedAssetsLiabilitiesUnhedgedOrIneffectivelyHedgedDetailsLineItems to ExchangeRateRiskForeignCurrencyDenominatedAssetsLiabilitiesUnhedgedOrIneffectivelyHedgedForeignCurrencyDenominatedDerivatives" use="optional" order="50.0"/>
    <link:loc xlink:type="locator" xlink:href="../../c-ross_core_2015-12-31.xsd#c-ross_ExchangeRateRiskForeignCurrencyDenominatedAssetsLiabilitiesUnhedgedOrIneffectivelyHedgedForeignCurrencyDenominatedProperties" xlink:label="ExchangeRateRiskForeignCurrencyDenominatedAssetsLiabilitiesUnhedgedOrIneffectivelyHedgedForeignCurrencyDenominatedProperties" xlink:title="ExchangeRateRiskForeignCurrencyDenominatedAssetsLiabilitiesUnhedgedOrIneffectivelyHedgedForeignCurrencyDenominatedProperties"/>
    <link:definitionArc xlink:type="arc" xlink:arcrole="http://xbrl.org/int/dim/arcrole/domain-member" xlink:from="ExchangeRateRiskOfProjectsForeignCurrencyDenominatedAssetsLiabilitiesUnhedgedOrIneffectivelyHedgedDetailsLineItems" xlink:to="ExchangeRateRiskForeignCurrencyDenominatedAssetsLiabilitiesUnhedgedOrIneffectivelyHedgedForeignCurrencyDenominatedProperties" xlink:title="definition: ExchangeRateRiskOfProjectsForeignCurrencyDenominatedAssetsLiabilitiesUnhedgedOrIneffectivelyHedgedDetailsLineItems to ExchangeRateRiskForeignCurrencyDenominatedAssetsLiabilitiesUnhedgedOrIneffectivelyHedgedForeignCurrencyDenominatedProperties" use="optional" order="60.0"/>
    <link:loc xlink:type="locator" xlink:href="../../c-ross_core_2015-12-31.xsd#c-ross_ExchangeRateRiskForeignCurrencyDenominatedAssetsLiabilitiesUnhedgedOrIneffectivelyHedgedOtherForeignCurrencyDenominatedAssets" xlink:label="ExchangeRateRiskForeignCurrencyDenominatedAssetsLiabilitiesUnhedgedOrIneffectivelyHedgedOtherForeignCurrencyDenominatedAssets" xlink:title="ExchangeRateRiskForeignCurrencyDenominatedAssetsLiabilitiesUnhedgedOrIneffectivelyHedgedOtherForeignCurrencyDenominatedAssets"/>
    <link:definitionArc xlink:type="arc" xlink:arcrole="http://xbrl.org/int/dim/arcrole/domain-member" xlink:from="ExchangeRateRiskOfProjectsForeignCurrencyDenominatedAssetsLiabilitiesUnhedgedOrIneffectivelyHedgedDetailsLineItems" xlink:to="ExchangeRateRiskForeignCurrencyDenominatedAssetsLiabilitiesUnhedgedOrIneffectivelyHedgedOtherForeignCurrencyDenominatedAssets" xlink:title="definition: ExchangeRateRiskOfProjectsForeignCurrencyDenominatedAssetsLiabilitiesUnhedgedOrIneffectivelyHedgedDetailsLineItems to ExchangeRateRiskForeignCurrencyDenominatedAssetsLiabilitiesUnhedgedOrIneffectivelyHedgedOtherForeignCurrencyDenominatedAssets" use="optional" order="70.0"/>
    <link:loc xlink:type="locator" xlink:href="../../c-ross_core_2015-12-31.xsd#c-ross_ExchangeRateRiskForeignCurrencyDenominatedAssetsLiabilitiesUnhedgedOrIneffectivelyHedgedForeignCurrencyDenominatedLiabilities" xlink:label="ExchangeRateRiskForeignCurrencyDenominatedAssetsLiabilitiesUnhedgedOrIneffectivelyHedgedForeignCurrencyDenominatedLiabilities" xlink:title="ExchangeRateRiskForeignCurrencyDenominatedAssetsLiabilitiesUnhedgedOrIneffectivelyHedgedForeignCurrencyDenominatedLiabilities"/>
    <link:definitionArc xlink:type="arc" xlink:arcrole="http://xbrl.org/int/dim/arcrole/domain-member" xlink:from="ExchangeRateRiskOfProjectsForeignCurrencyDenominatedAssetsLiabilitiesUnhedgedOrIneffectivelyHedgedDetailsLineItems" xlink:to="ExchangeRateRiskForeignCurrencyDenominatedAssetsLiabilitiesUnhedgedOrIneffectivelyHedgedForeignCurrencyDenominatedLiabilities" xlink:title="definition: ExchangeRateRiskOfProjectsForeignCurrencyDenominatedAssetsLiabilitiesUnhedgedOrIneffectivelyHedgedDetailsLineItems to ExchangeRateRiskForeignCurrencyDenominatedAssetsLiabilitiesUnhedgedOrIneffectivelyHedgedForeignCurrencyDenominatedLiabilities" use="optional" order="80.0"/>
    <link:loc xlink:type="locator" xlink:href="../../c-ross_core_2015-12-31.xsd#c-ross_ExchangeRateRiskForeignCurrencyDenominatedAssetsLiabilitiesUnhedgedOrIneffectivelyHedgedNetAbsoluteValue" xlink:label="ExchangeRateRiskForeignCurrencyDenominatedAssetsLiabilitiesUnhedgedOrIneffectivelyHedgedNetAbsoluteValue" xlink:title="ExchangeRateRiskForeignCurrencyDenominatedAssetsLiabilitiesUnhedgedOrIneffectivelyHedgedNetAbsoluteValue"/>
    <link:definitionArc xlink:type="arc" xlink:arcrole="http://xbrl.org/int/dim/arcrole/domain-member" xlink:from="ExchangeRateRiskOfProjectsForeignCurrencyDenominatedAssetsLiabilitiesUnhedgedOrIneffectivelyHedgedDetailsLineItems" xlink:to="ExchangeRateRiskForeignCurrencyDenominatedAssetsLiabilitiesUnhedgedOrIneffectivelyHedgedNetAbsoluteValue" xlink:title="definition: ExchangeRateRiskOfProjectsForeignCurrencyDenominatedAssetsLiabilitiesUnhedgedOrIneffectivelyHedgedDetailsLineItems to ExchangeRateRiskForeignCurrencyDenominatedAssetsLiabilitiesUnhedgedOrIneffectivelyHedgedNetAbsoluteValue" use="optional" order="90.0"/>
    <link:loc xlink:type="locator" xlink:href="../../c-ross_core_2015-12-31.xsd#c-ross_ExchangeRateRiskForeignCurrencyDenominatedAssetsLiabilitiesUnhedgedOrIneffectivelyHedgedRiskExposure" xlink:label="ExchangeRateRiskForeignCurrencyDenominatedAssetsLiabilitiesUnhedgedOrIneffectivelyHedgedRiskExposure" xlink:title="ExchangeRateRiskForeignCurrencyDenominatedAssetsLiabilitiesUnhedgedOrIneffectivelyHedgedRiskExposure"/>
    <link:definitionArc xlink:type="arc" xlink:arcrole="http://xbrl.org/int/dim/arcrole/domain-member" xlink:from="ExchangeRateRiskOfProjectsForeignCurrencyDenominatedAssetsLiabilitiesUnhedgedOrIneffectivelyHedgedDetailsLineItems" xlink:to="ExchangeRateRiskForeignCurrencyDenominatedAssetsLiabilitiesUnhedgedOrIneffectivelyHedgedRiskExposure" xlink:title="definition: ExchangeRateRiskOfProjectsForeignCurrencyDenominatedAssetsLiabilitiesUnhedgedOrIneffectivelyHedgedDetailsLineItems to ExchangeRateRiskForeignCurrencyDenominatedAssetsLiabilitiesUnhedgedOrIneffectivelyHedgedRiskExposure" use="optional" order="100.0"/>
    <link:loc xlink:type="locator" xlink:href="../../c-ross_core_2015-12-31.xsd#c-ross_ExchangeRateRiskForeignCurrencyDenominatedAssetsLiabilitiesUnhedgedOrIneffectivelyHedgedBaseRiskFactor" xlink:label="ExchangeRateRiskForeignCurrencyDenominatedAssetsLiabilitiesUnhedgedOrIneffectivelyHedgedBaseRiskFactor" xlink:title="ExchangeRateRiskForeignCurrencyDenominatedAssetsLiabilitiesUnhedgedOrIneffectivelyHedgedBaseRiskFactor"/>
    <link:definitionArc xlink:type="arc" xlink:arcrole="http://xbrl.org/int/dim/arcrole/domain-member" xlink:from="ExchangeRateRiskOfProjectsForeignCurrencyDenominatedAssetsLiabilitiesUnhedgedOrIneffectivelyHedgedDetailsLineItems" xlink:to="ExchangeRateRiskForeignCurrencyDenominatedAssetsLiabilitiesUnhedgedOrIneffectivelyHedgedBaseRiskFactor" xlink:title="definition: ExchangeRateRiskOfProjectsForeignCurrencyDenominatedAssetsLiabilitiesUnhedgedOrIneffectivelyHedgedDetailsLineItems to ExchangeRateRiskForeignCurrencyDenominatedAssetsLiabilitiesUnhedgedOrIneffectivelyHedgedBaseRiskFactor" use="optional" order="110.0"/>
    <link:loc xlink:type="locator" xlink:href="../../c-ross_core_2015-12-31.xsd#c-ross_ExchangeRateRiskForeignCurrencyDenominatedAssetsLiabilitiesUnhedgedOrIneffectivelyHedgedRiskFactorOne" xlink:label="ExchangeRateRiskForeignCurrencyDenominatedAssetsLiabilitiesUnhedgedOrIneffectivelyHedgedRiskFactorOne" xlink:title="ExchangeRateRiskForeignCurrencyDenominatedAssetsLiabilitiesUnhedgedOrIneffectivelyHedgedRiskFactorOne"/>
    <link:definitionArc xlink:type="arc" xlink:arcrole="http://xbrl.org/int/dim/arcrole/domain-member" xlink:from="ExchangeRateRiskOfProjectsForeignCurrencyDenominatedAssetsLiabilitiesUnhedgedOrIneffectivelyHedgedDetailsLineItems" xlink:to="ExchangeRateRiskForeignCurrencyDenominatedAssetsLiabilitiesUnhedgedOrIneffectivelyHedgedRiskFactorOne" xlink:title="definition: ExchangeRateRiskOfProjectsForeignCurrencyDenominatedAssetsLiabilitiesUnhedgedOrIneffectivelyHedgedDetailsLineItems to ExchangeRateRiskForeignCurrencyDenominatedAssetsLiabilitiesUnhedgedOrIneffectivelyHedgedRiskFactorOne" use="optional" order="120.0"/>
    <link:loc xlink:type="locator" xlink:href="../../c-ross_core_2015-12-31.xsd#c-ross_ExchangeRateRiskForeignCurrencyDenominatedAssetsLiabilitiesUnhedgedOrIneffectivelyHedgedMinimumCapital" xlink:label="ExchangeRateRiskForeignCurrencyDenominatedAssetsLiabilitiesUnhedgedOrIneffectivelyHedgedMinimumCapital" xlink:title="ExchangeRateRiskForeignCurrencyDenominatedAssetsLiabilitiesUnhedgedOrIneffectivelyHedgedMinimumCapital"/>
    <link:definitionArc xlink:type="arc" xlink:arcrole="http://xbrl.org/int/dim/arcrole/domain-member" xlink:from="ExchangeRateRiskOfProjectsForeignCurrencyDenominatedAssetsLiabilitiesUnhedgedOrIneffectivelyHedgedDetailsLineItems" xlink:to="ExchangeRateRiskForeignCurrencyDenominatedAssetsLiabilitiesUnhedgedOrIneffectivelyHedgedMinimumCapital" xlink:title="definition: ExchangeRateRiskOfProjectsForeignCurrencyDenominatedAssetsLiabilitiesUnhedgedOrIneffectivelyHedgedDetailsLineItems to ExchangeRateRiskForeignCurrencyDenominatedAssetsLiabilitiesUnhedgedOrIneffectivelyHedgedMinimumCapital" use="optional" order="130.0"/>
  </link:definitionLink>
  <link:definitionLink xlink:type="extended" xlink:role="http://xbrl.circ.gov.cn/role/c-ross_2015-12-31_role-3162700b">
    <link:loc xlink:type="locator" xlink:href="../../c-ross_core_2015-12-31.xsd#c-ross_TypesOfAssetsHeldMember" xlink:label="TypesOfAssetsHeldMember" xlink:title="TypesOfAssetsHeldMember"/>
    <link:loc xlink:type="locator" xlink:href="../../c-ross_core_2015-12-31.xsd#c-ross_HeldByLookThroughMethodMember" xlink:label="HeldByLookThroughMethodMember" xlink:title="HeldByLookThroughMethodMember"/>
    <link:definitionArc xlink:type="arc" xlink:arcrole="http://xbrl.org/int/dim/arcrole/domain-member" xlink:from="TypesOfAssetsHeldMember" xlink:to="HeldByLookThroughMethodMember" xlink:title="definition: TypesOfAssetsHeldMember to HeldByLookThroughMethodMember" use="optional" order="10.0"/>
    <link:loc xlink:type="locator" xlink:href="../../c-ross_core_2015-12-31.xsd#c-ross_ExchangeRateRiskForeignCurrencyDenominatedAssetsLiabilitiesUnhedgedOrIneffectivelyHedgedTypesOfCurrenciesAxis" xlink:label="ExchangeRateRiskForeignCurrencyDenominatedAssetsLiabilitiesUnhedgedOrIneffectivelyHedgedTypesOfCurrenciesAxis" xlink:title="ExchangeRateRiskForeignCurrencyDenominatedAssetsLiabilitiesUnhedgedOrIneffectivelyHedgedTypesOfCurrenciesAxis"/>
    <link:loc xlink:type="locator" xlink:href="../../c-ross_core_2015-12-31.xsd#c-ross_TypesOfCurrenciesMember" xlink:label="CurrenciesMember" xlink:title="CurrenciesMember"/>
    <link:definitionArc xlink:type="arc" xlink:arcrole="http://xbrl.org/int/dim/arcrole/dimension-domain" xlink:from="ExchangeRateRiskForeignCurrencyDenominatedAssetsLiabilitiesUnhedgedOrIneffectivelyHedgedTypesOfCurrenciesAxis" xlink:to="CurrenciesMember" xlink:title="definition: ExchangeRateRiskForeignCurrencyDenominatedAssetsLiabilitiesUnhedgedOrIneffectivelyHedgedTypesOfCurrenciesAxis to CurrenciesMember" use="optional" order="10.0"/>
    <link:loc xlink:type="locator" xlink:href="../../c-ross_core_2015-12-31.xsd#c-ross_ForeignCurrencyItemsDenominatedInOtherForeignCurrenciesMember" xlink:label="OtherForeignCurrenciesItemsMember" xlink:title="OtherForeignCurrenciesItemsMember"/>
    <link:definitionArc xlink:type="arc" xlink:arcrole="http://xbrl.org/int/dim/arcrole/domain-member" xlink:from="CurrenciesMember" xlink:to="OtherForeignCurrenciesItemsMember" xlink:title="definition: CurrenciesMember to OtherForeignCurrenciesItemsMember" use="optional" order="10.0"/>
    <link:loc xlink:type="locator" xlink:href="../../c-ross_core_2015-12-31.xsd#c-ross_ExchangeRateRiskTypesOfForeignCurrencyDenominatedAssetsLiabilitiesUnhedgedOrIneffectivelyHedgedHeldAxis" xlink:label="ExchangeRateRiskTypesOfForeignCurrencyDenominatedAssetsLiabilitiesUnhedgedOrIneffectivelyHedgedHeldAxis" xlink:title="ExchangeRateRiskTypesOfForeignCurrencyDenominatedAssetsLiabilitiesUnhedgedOrIneffectivelyHedgedHeldAxis"/>
    <link:definitionArc xlink:type="arc" xlink:arcrole="http://xbrl.org/int/dim/arcrole/dimension-domain" xlink:from="ExchangeRateRiskTypesOfForeignCurrencyDenominatedAssetsLiabilitiesUnhedgedOrIneffectivelyHedgedHeldAxis" xlink:to="TypesOfAssetsHeldMember" xlink:title="definition: ExchangeRateRiskTypesOfForeignCurrencyDenominatedAssetsLiabilitiesUnhedgedOrIneffectivelyHedgedHeldAxis to TypesOfAssetsHeldMember" use="optional" order="10.0"/>
    <link:loc xlink:type="locator" xlink:href="../../c-ross_core_2015-12-31.xsd#c-ross_ExchangeRateRiskOfProjectsForeignCurrencyDenominatedAssetsLiabilitiesUnhedgedOrIneffectivelyHedgedDetailsTable" xlink:label="ExchangeRateRiskOfProjectsForeignCurrencyDenominatedAssetsLiabilitiesUnhedgedOrIneffectivelyHedgedDetailsTable" xlink:title="ExchangeRateRiskOfProjectsForeignCurrencyDenominatedAssetsLiabilitiesUnhedgedOrIneffectivelyHedgedDetailsTable"/>
    <link:definitionArc xlink:type="arc" xlink:arcrole="http://xbrl.org/int/dim/arcrole/hypercube-dimension" xlink:from="ExchangeRateRiskOfProjectsForeignCurrencyDenominatedAssetsLiabilitiesUnhedgedOrIneffectivelyHedgedDetailsTable" xlink:to="ExchangeRateRiskTypesOfForeignCurrencyDenominatedAssetsLiabilitiesUnhedgedOrIneffectivelyHedgedHeldAxis" xlink:title="definition: ExchangeRateRiskOfProjectsForeignCurrencyDenominatedAssetsLiabilitiesUnhedgedOrIneffectivelyHedgedDetailsTable to ExchangeRateRiskTypesOfForeignCurrencyDenominatedAssetsLiabilitiesUnhedgedOrIneffectivelyHedgedHeldAxis" use="optional" order="10.0"/>
    <link:definitionArc xlink:type="arc" xlink:arcrole="http://xbrl.org/int/dim/arcrole/hypercube-dimension" xlink:from="ExchangeRateRiskOfProjectsForeignCurrencyDenominatedAssetsLiabilitiesUnhedgedOrIneffectivelyHedgedDetailsTable" xlink:to="ExchangeRateRiskForeignCurrencyDenominatedAssetsLiabilitiesUnhedgedOrIneffectivelyHedgedTypesOfCurrenciesAxis" xlink:title="definition: ExchangeRateRiskOfProjectsForeignCurrencyDenominatedAssetsLiabilitiesUnhedgedOrIneffectivelyHedgedDetailsTable to ExchangeRateRiskForeignCurrencyDenominatedAssetsLiabilitiesUnhedgedOrIneffectivelyHedgedTypesOfCurrenciesAxis" use="optional" order="20.0"/>
    <link:loc xlink:type="locator" xlink:href="../../c-ross_core_2015-12-31.xsd#c-ross_ExchangeRateRiskForeignCurrencyDenominatedAssetsLiabilitiesUnhedgedOrIneffectivelyHedgedForeignCurrencyItemsDenominatedInOtherForeignCurrenciesHeldByLookThroughMethodLineNumberAxis" xlink:label="ExchangeRateRiskForeignCurrencyDenominatedAssetsLiabilitiesUnhedgedOrIneffectivelyHedgedProjectHeldByLookThroughMethodDenominatedInOtherCurrenciesLineNumberAxis" xlink:title="ExchangeRateRiskForeignCurrencyDenominatedAssetsLiabilitiesUnhedgedOrIneffectivelyHedgedProjectHeldByLookThroughMethodDenominatedInOtherCurrenciesLineNumberAxis"/>
    <link:definitionArc xlink:type="arc" xlink:arcrole="http://xbrl.org/int/dim/arcrole/hypercube-dimension" xlink:from="ExchangeRateRiskOfProjectsForeignCurrencyDenominatedAssetsLiabilitiesUnhedgedOrIneffectivelyHedgedDetailsTable" xlink:to="ExchangeRateRiskForeignCurrencyDenominatedAssetsLiabilitiesUnhedgedOrIneffectivelyHedgedProjectHeldByLookThroughMethodDenominatedInOtherCurrenciesLineNumberAxis" xlink:title="definition: ExchangeRateRiskOfProjectsForeignCurrencyDenominatedAssetsLiabilitiesUnhedgedOrIneffectivelyHedgedDetailsTable to ExchangeRateRiskForeignCurrencyDenominatedAssetsLiabilitiesUnhedgedOrIneffectivelyHedgedProjectHeldByLookThroughMethodDenominatedInOtherCurrenciesLineNumberAxis" use="optional" order="30.0"/>
    <link:loc xlink:type="locator" xlink:href="../../c-ross_core_2015-12-31.xsd#c-ross_ExchangeRateRiskOfProjectsForeignCurrencyDenominatedAssetsLiabilitiesUnhedgedOrIneffectivelyHedgedDetailsLineItems" xlink:label="ExchangeRateRiskOfProjectsForeignCurrencyDenominatedAssetsLiabilitiesUnhedgedOrIneffectivelyHedgedDetailsLineItems" xlink:title="ExchangeRateRiskOfProjectsForeignCurrencyDenominatedAssetsLiabilitiesUnhedgedOrIneffectivelyHedgedDetailsLineItems"/>
    <link:loc xlink:type="locator" xlink:href="../../c-ross_core_2015-12-31.xsd#c-ross_ExchangeRateRiskForeignCurrencyDenominatedAssetsLiabilitiesUnhedgedOrIneffectivelyHedgedForeignCurrencyDenominatedProjects" xlink:label="ExchangeRateRiskForeignCurrencyDenominatedAssetsLiabilitiesUnhedgedOrIneffectivelyHedgedForeignCurrencyDenominatedProjects" xlink:title="ExchangeRateRiskForeignCurrencyDenominatedAssetsLiabilitiesUnhedgedOrIneffectivelyHedgedForeignCurrencyDenominatedProjects"/>
    <link:definitionArc xlink:type="arc" xlink:arcrole="http://xbrl.org/int/dim/arcrole/domain-member" xlink:from="ExchangeRateRiskOfProjectsForeignCurrencyDenominatedAssetsLiabilitiesUnhedgedOrIneffectivelyHedgedDetailsLineItems" xlink:to="ExchangeRateRiskForeignCurrencyDenominatedAssetsLiabilitiesUnhedgedOrIneffectivelyHedgedForeignCurrencyDenominatedProjects" xlink:title="definition: ExchangeRateRiskOfProjectsForeignCurrencyDenominatedAssetsLiabilitiesUnhedgedOrIneffectivelyHedgedDetailsLineItems to ExchangeRateRiskForeignCurrencyDenominatedAssetsLiabilitiesUnhedgedOrIneffectivelyHedgedForeignCurrencyDenominatedProjects" use="optional" order="10.0"/>
    <link:loc xlink:type="locator" xlink:href="../../c-ross_core_2015-12-31.xsd#c-ross_ExchangeRateRiskForeignCurrencyDenominatedAssetsLiabilitiesUnhedgedOrIneffectivelyHedgedForeignCurrencyDenominatedLiquidityManagementInstruments" xlink:label="ExchangeRateRiskForeignCurrencyDenominatedAssetsLiabilitiesUnhedgedOrIneffectivelyHedgedForeignCurrencyDenominatedLiquidityManagementInstruments" xlink:title="ExchangeRateRiskForeignCurrencyDenominatedAssetsLiabilitiesUnhedgedOrIneffectivelyHedgedForeignCurrencyDenominatedLiquidityManagementInstruments"/>
    <link:definitionArc xlink:type="arc" xlink:arcrole="http://xbrl.org/int/dim/arcrole/domain-member" xlink:from="ExchangeRateRiskOfProjectsForeignCurrencyDenominatedAssetsLiabilitiesUnhedgedOrIneffectivelyHedgedDetailsLineItems" xlink:to="ExchangeRateRiskForeignCurrencyDenominatedAssetsLiabilitiesUnhedgedOrIneffectivelyHedgedForeignCurrencyDenominatedLiquidityManagementInstruments" xlink:title="definition: ExchangeRateRiskOfProjectsForeignCurrencyDenominatedAssetsLiabilitiesUnhedgedOrIneffectivelyHedgedDetailsLineItems to ExchangeRateRiskForeignCurrencyDenominatedAssetsLiabilitiesUnhedgedOrIneffectivelyHedgedForeignCurrencyDenominatedLiquidityManagementInstruments" use="optional" order="20.0"/>
    <link:loc xlink:type="locator" xlink:href="../../c-ross_core_2015-12-31.xsd#c-ross_ExchangeRateRiskForeignCurrencyDenominatedAssetsLiabilitiesUnhedgedOrIneffectivelyHedgedForeignCurrencyDenominatedFixedIncomeInvestmentAssets" xlink:label="ExchangeRateRiskForeignCurrencyDenominatedAssetsLiabilitiesUnhedgedOrIneffectivelyHedgedForeignCurrencyDenominatedFixedIncomeInvestmentAssets" xlink:title="ExchangeRateRiskForeignCurrencyDenominatedAssetsLiabilitiesUnhedgedOrIneffectivelyHedgedForeignCurrencyDenominatedFixedIncomeInvestmentAssets"/>
    <link:definitionArc xlink:type="arc" xlink:arcrole="http://xbrl.org/int/dim/arcrole/domain-member" xlink:from="ExchangeRateRiskOfProjectsForeignCurrencyDenominatedAssetsLiabilitiesUnhedgedOrIneffectivelyHedgedDetailsLineItems" xlink:to="ExchangeRateRiskForeignCurrencyDenominatedAssetsLiabilitiesUnhedgedOrIneffectivelyHedgedForeignCurrencyDenominatedFixedIncomeInvestmentAssets" xlink:title="definition: ExchangeRateRiskOfProjectsForeignCurrencyDenominatedAssetsLiabilitiesUnhedgedOrIneffectivelyHedgedDetailsLineItems to ExchangeRateRiskForeignCurrencyDenominatedAssetsLiabilitiesUnhedgedOrIneffectivelyHedgedForeignCurrencyDenominatedFixedIncomeInvestmentAssets" use="optional" order="30.0"/>
    <link:loc xlink:type="locator" xlink:href="../../c-ross_core_2015-12-31.xsd#c-ross_ExchangeRateRiskForeignCurrencyDenominatedAssetsLiabilitiesUnhedgedOrIneffectivelyHedgedForeignCurrencyDenominatedEquityInvestmentAssets" xlink:label="ExchangeRateRiskForeignCurrencyDenominatedAssetsLiabilitiesUnhedgedOrIneffectivelyHedgedForeignCurrencyDenominatedEquityInvestmentAssets" xlink:title="ExchangeRateRiskForeignCurrencyDenominatedAssetsLiabilitiesUnhedgedOrIneffectivelyHedgedForeignCurrencyDenominatedEquityInvestmentAssets"/>
    <link:definitionArc xlink:type="arc" xlink:arcrole="http://xbrl.org/int/dim/arcrole/domain-member" xlink:from="ExchangeRateRiskOfProjectsForeignCurrencyDenominatedAssetsLiabilitiesUnhedgedOrIneffectivelyHedgedDetailsLineItems" xlink:to="ExchangeRateRiskForeignCurrencyDenominatedAssetsLiabilitiesUnhedgedOrIneffectivelyHedgedForeignCurrencyDenominatedEquityInvestmentAssets" xlink:title="definition: ExchangeRateRiskOfProjectsForeignCurrencyDenominatedAssetsLiabilitiesUnhedgedOrIneffectivelyHedgedDetailsLineItems to ExchangeRateRiskForeignCurrencyDenominatedAssetsLiabilitiesUnhedgedOrIneffectivelyHedgedForeignCurrencyDenominatedEquityInvestmentAssets" use="optional" order="40.0"/>
    <link:loc xlink:type="locator" xlink:href="../../c-ross_core_2015-12-31.xsd#c-ross_ExchangeRateRiskForeignCurrencyDenominatedAssetsLiabilitiesUnhedgedOrIneffectivelyHedgedForeignCurrencyDenominatedDerivatives" xlink:label="ExchangeRateRiskForeignCurrencyDenominatedAssetsLiabilitiesUnhedgedOrIneffectivelyHedgedForeignCurrencyDenominatedDerivatives" xlink:title="ExchangeRateRiskForeignCurrencyDenominatedAssetsLiabilitiesUnhedgedOrIneffectivelyHedgedForeignCurrencyDenominatedDerivatives"/>
    <link:definitionArc xlink:type="arc" xlink:arcrole="http://xbrl.org/int/dim/arcrole/domain-member" xlink:from="ExchangeRateRiskOfProjectsForeignCurrencyDenominatedAssetsLiabilitiesUnhedgedOrIneffectivelyHedgedDetailsLineItems" xlink:to="ExchangeRateRiskForeignCurrencyDenominatedAssetsLiabilitiesUnhedgedOrIneffectivelyHedgedForeignCurrencyDenominatedDerivatives" xlink:title="definition: ExchangeRateRiskOfProjectsForeignCurrencyDenominatedAssetsLiabilitiesUnhedgedOrIneffectivelyHedgedDetailsLineItems to ExchangeRateRiskForeignCurrencyDenominatedAssetsLiabilitiesUnhedgedOrIneffectivelyHedgedForeignCurrencyDenominatedDerivatives" use="optional" order="50.0"/>
    <link:loc xlink:type="locator" xlink:href="../../c-ross_core_2015-12-31.xsd#c-ross_ExchangeRateRiskForeignCurrencyDenominatedAssetsLiabilitiesUnhedgedOrIneffectivelyHedgedForeignCurrencyDenominatedProperties" xlink:label="ExchangeRateRiskForeignCurrencyDenominatedAssetsLiabilitiesUnhedgedOrIneffectivelyHedgedForeignCurrencyDenominatedProperties" xlink:title="ExchangeRateRiskForeignCurrencyDenominatedAssetsLiabilitiesUnhedgedOrIneffectivelyHedgedForeignCurrencyDenominatedProperties"/>
    <link:definitionArc xlink:type="arc" xlink:arcrole="http://xbrl.org/int/dim/arcrole/domain-member" xlink:from="ExchangeRateRiskOfProjectsForeignCurrencyDenominatedAssetsLiabilitiesUnhedgedOrIneffectivelyHedgedDetailsLineItems" xlink:to="ExchangeRateRiskForeignCurrencyDenominatedAssetsLiabilitiesUnhedgedOrIneffectivelyHedgedForeignCurrencyDenominatedProperties" xlink:title="definition: ExchangeRateRiskOfProjectsForeignCurrencyDenominatedAssetsLiabilitiesUnhedgedOrIneffectivelyHedgedDetailsLineItems to ExchangeRateRiskForeignCurrencyDenominatedAssetsLiabilitiesUnhedgedOrIneffectivelyHedgedForeignCurrencyDenominatedProperties" use="optional" order="60.0"/>
    <link:loc xlink:type="locator" xlink:href="../../c-ross_core_2015-12-31.xsd#c-ross_ExchangeRateRiskForeignCurrencyDenominatedAssetsLiabilitiesUnhedgedOrIneffectivelyHedgedOtherForeignCurrencyDenominatedAssets" xlink:label="ExchangeRateRiskForeignCurrencyDenominatedAssetsLiabilitiesUnhedgedOrIneffectivelyHedgedOtherForeignCurrencyDenominatedAssets" xlink:title="ExchangeRateRiskForeignCurrencyDenominatedAssetsLiabilitiesUnhedgedOrIneffectivelyHedgedOtherForeignCurrencyDenominatedAssets"/>
    <link:definitionArc xlink:type="arc" xlink:arcrole="http://xbrl.org/int/dim/arcrole/domain-member" xlink:from="ExchangeRateRiskOfProjectsForeignCurrencyDenominatedAssetsLiabilitiesUnhedgedOrIneffectivelyHedgedDetailsLineItems" xlink:to="ExchangeRateRiskForeignCurrencyDenominatedAssetsLiabilitiesUnhedgedOrIneffectivelyHedgedOtherForeignCurrencyDenominatedAssets" xlink:title="definition: ExchangeRateRiskOfProjectsForeignCurrencyDenominatedAssetsLiabilitiesUnhedgedOrIneffectivelyHedgedDetailsLineItems to ExchangeRateRiskForeignCurrencyDenominatedAssetsLiabilitiesUnhedgedOrIneffectivelyHedgedOtherForeignCurrencyDenominatedAssets" use="optional" order="70.0"/>
    <link:loc xlink:type="locator" xlink:href="../../c-ross_core_2015-12-31.xsd#c-ross_ExchangeRateRiskForeignCurrencyDenominatedAssetsLiabilitiesUnhedgedOrIneffectivelyHedgedForeignCurrencyDenominatedLiabilities" xlink:label="ExchangeRateRiskForeignCurrencyDenominatedAssetsLiabilitiesUnhedgedOrIneffectivelyHedgedForeignCurrencyDenominatedLiabilities" xlink:title="ExchangeRateRiskForeignCurrencyDenominatedAssetsLiabilitiesUnhedgedOrIneffectivelyHedgedForeignCurrencyDenominatedLiabilities"/>
    <link:definitionArc xlink:type="arc" xlink:arcrole="http://xbrl.org/int/dim/arcrole/domain-member" xlink:from="ExchangeRateRiskOfProjectsForeignCurrencyDenominatedAssetsLiabilitiesUnhedgedOrIneffectivelyHedgedDetailsLineItems" xlink:to="ExchangeRateRiskForeignCurrencyDenominatedAssetsLiabilitiesUnhedgedOrIneffectivelyHedgedForeignCurrencyDenominatedLiabilities" xlink:title="definition: ExchangeRateRiskOfProjectsForeignCurrencyDenominatedAssetsLiabilitiesUnhedgedOrIneffectivelyHedgedDetailsLineItems to ExchangeRateRiskForeignCurrencyDenominatedAssetsLiabilitiesUnhedgedOrIneffectivelyHedgedForeignCurrencyDenominatedLiabilities" use="optional" order="80.0"/>
    <link:loc xlink:type="locator" xlink:href="../../c-ross_core_2015-12-31.xsd#c-ross_ExchangeRateRiskForeignCurrencyDenominatedAssetsLiabilitiesUnhedgedOrIneffectivelyHedgedNetAbsoluteValue" xlink:label="ExchangeRateRiskForeignCurrencyDenominatedAssetsLiabilitiesUnhedgedOrIneffectivelyHedgedNetAbsoluteValue" xlink:title="ExchangeRateRiskForeignCurrencyDenominatedAssetsLiabilitiesUnhedgedOrIneffectivelyHedgedNetAbsoluteValue"/>
    <link:definitionArc xlink:type="arc" xlink:arcrole="http://xbrl.org/int/dim/arcrole/domain-member" xlink:from="ExchangeRateRiskOfProjectsForeignCurrencyDenominatedAssetsLiabilitiesUnhedgedOrIneffectivelyHedgedDetailsLineItems" xlink:to="ExchangeRateRiskForeignCurrencyDenominatedAssetsLiabilitiesUnhedgedOrIneffectivelyHedgedNetAbsoluteValue" xlink:title="definition: ExchangeRateRiskOfProjectsForeignCurrencyDenominatedAssetsLiabilitiesUnhedgedOrIneffectivelyHedgedDetailsLineItems to ExchangeRateRiskForeignCurrencyDenominatedAssetsLiabilitiesUnhedgedOrIneffectivelyHedgedNetAbsoluteValue" use="optional" order="90.0"/>
    <link:loc xlink:type="locator" xlink:href="../../c-ross_core_2015-12-31.xsd#c-ross_ExchangeRateRiskForeignCurrencyDenominatedAssetsLiabilitiesUnhedgedOrIneffectivelyHedgedRiskExposure" xlink:label="ExchangeRateRiskForeignCurrencyDenominatedAssetsLiabilitiesUnhedgedOrIneffectivelyHedgedRiskExposure" xlink:title="ExchangeRateRiskForeignCurrencyDenominatedAssetsLiabilitiesUnhedgedOrIneffectivelyHedgedRiskExposure"/>
    <link:definitionArc xlink:type="arc" xlink:arcrole="http://xbrl.org/int/dim/arcrole/domain-member" xlink:from="ExchangeRateRiskOfProjectsForeignCurrencyDenominatedAssetsLiabilitiesUnhedgedOrIneffectivelyHedgedDetailsLineItems" xlink:to="ExchangeRateRiskForeignCurrencyDenominatedAssetsLiabilitiesUnhedgedOrIneffectivelyHedgedRiskExposure" xlink:title="definition: ExchangeRateRiskOfProjectsForeignCurrencyDenominatedAssetsLiabilitiesUnhedgedOrIneffectivelyHedgedDetailsLineItems to ExchangeRateRiskForeignCurrencyDenominatedAssetsLiabilitiesUnhedgedOrIneffectivelyHedgedRiskExposure" use="optional" order="100.0"/>
    <link:loc xlink:type="locator" xlink:href="../../c-ross_core_2015-12-31.xsd#c-ross_ExchangeRateRiskForeignCurrencyDenominatedAssetsLiabilitiesUnhedgedOrIneffectivelyHedgedBaseRiskFactor" xlink:label="ExchangeRateRiskForeignCurrencyDenominatedAssetsLiabilitiesUnhedgedOrIneffectivelyHedgedBaseRiskFactor" xlink:title="ExchangeRateRiskForeignCurrencyDenominatedAssetsLiabilitiesUnhedgedOrIneffectivelyHedgedBaseRiskFactor"/>
    <link:definitionArc xlink:type="arc" xlink:arcrole="http://xbrl.org/int/dim/arcrole/domain-member" xlink:from="ExchangeRateRiskOfProjectsForeignCurrencyDenominatedAssetsLiabilitiesUnhedgedOrIneffectivelyHedgedDetailsLineItems" xlink:to="ExchangeRateRiskForeignCurrencyDenominatedAssetsLiabilitiesUnhedgedOrIneffectivelyHedgedBaseRiskFactor" xlink:title="definition: ExchangeRateRiskOfProjectsForeignCurrencyDenominatedAssetsLiabilitiesUnhedgedOrIneffectivelyHedgedDetailsLineItems to ExchangeRateRiskForeignCurrencyDenominatedAssetsLiabilitiesUnhedgedOrIneffectivelyHedgedBaseRiskFactor" use="optional" order="110.0"/>
    <link:loc xlink:type="locator" xlink:href="../../c-ross_core_2015-12-31.xsd#c-ross_ExchangeRateRiskForeignCurrencyDenominatedAssetsLiabilitiesUnhedgedOrIneffectivelyHedgedRiskFactorOne" xlink:label="ExchangeRateRiskForeignCurrencyDenominatedAssetsLiabilitiesUnhedgedOrIneffectivelyHedgedRiskFactorOne" xlink:title="ExchangeRateRiskForeignCurrencyDenominatedAssetsLiabilitiesUnhedgedOrIneffectivelyHedgedRiskFactorOne"/>
    <link:definitionArc xlink:type="arc" xlink:arcrole="http://xbrl.org/int/dim/arcrole/domain-member" xlink:from="ExchangeRateRiskOfProjectsForeignCurrencyDenominatedAssetsLiabilitiesUnhedgedOrIneffectivelyHedgedDetailsLineItems" xlink:to="ExchangeRateRiskForeignCurrencyDenominatedAssetsLiabilitiesUnhedgedOrIneffectivelyHedgedRiskFactorOne" xlink:title="definition: ExchangeRateRiskOfProjectsForeignCurrencyDenominatedAssetsLiabilitiesUnhedgedOrIneffectivelyHedgedDetailsLineItems to ExchangeRateRiskForeignCurrencyDenominatedAssetsLiabilitiesUnhedgedOrIneffectivelyHedgedRiskFactorOne" use="optional" order="120.0"/>
    <link:loc xlink:type="locator" xlink:href="../../c-ross_core_2015-12-31.xsd#c-ross_ExchangeRateRiskForeignCurrencyDenominatedAssetsLiabilitiesUnhedgedOrIneffectivelyHedgedMinimumCapital" xlink:label="ExchangeRateRiskForeignCurrencyDenominatedAssetsLiabilitiesUnhedgedOrIneffectivelyHedgedMinimumCapital" xlink:title="ExchangeRateRiskForeignCurrencyDenominatedAssetsLiabilitiesUnhedgedOrIneffectivelyHedgedMinimumCapital"/>
    <link:definitionArc xlink:type="arc" xlink:arcrole="http://xbrl.org/int/dim/arcrole/domain-member" xlink:from="ExchangeRateRiskOfProjectsForeignCurrencyDenominatedAssetsLiabilitiesUnhedgedOrIneffectivelyHedgedDetailsLineItems" xlink:to="ExchangeRateRiskForeignCurrencyDenominatedAssetsLiabilitiesUnhedgedOrIneffectivelyHedgedMinimumCapital" xlink:title="definition: ExchangeRateRiskOfProjectsForeignCurrencyDenominatedAssetsLiabilitiesUnhedgedOrIneffectivelyHedgedDetailsLineItems to ExchangeRateRiskForeignCurrencyDenominatedAssetsLiabilitiesUnhedgedOrIneffectivelyHedgedMinimumCapital" use="optional" order="130.0"/>
    <link:loc xlink:type="locator" xlink:href="../../c-ross_core_2015-12-31.xsd#c-ross_ExchangeRateRiskOfProjectsForeignCurrencyDenominatedAssetsLiabilitiesUnhedgedOrIneffectivelyHedgedForeignCurrencyItemsDenominatedInOtherForeignCurrenciesHeldByLookThroughMethodDetailsAbstract" xlink:label="ExchangeRateRiskOfProjectsForeignCurrencyDenominatedAssetsLiabilitiesUnhedgedOrIneffectivelyHedgedProjectHeldByLookThroughMethodDenominatedInOtherCurrenciesDetailsAbstract" xlink:title="ExchangeRateRiskOfProjectsForeignCurrencyDenominatedAssetsLiabilitiesUnhedgedOrIneffectivelyHedgedProjectHeldByLookThroughMethodDenominatedInOtherCurrenciesDetailsAbstract"/>
    <link:definitionArc xlink:type="arc" xlink:arcrole="http://xbrl.org/int/dim/arcrole/all" xlink:from="ExchangeRateRiskOfProjectsForeignCurrencyDenominatedAssetsLiabilitiesUnhedgedOrIneffectivelyHedgedProjectHeldByLookThroughMethodDenominatedInOtherCurrenciesDetailsAbstract" xlink:to="ExchangeRateRiskOfProjectsForeignCurrencyDenominatedAssetsLiabilitiesUnhedgedOrIneffectivelyHedgedDetailsTable" xlink:title="definition: ExchangeRateRiskOfProjectsForeignCurrencyDenominatedAssetsLiabilitiesUnhedgedOrIneffectivelyHedgedProjectHeldByLookThroughMethodDenominatedInOtherCurrenciesDetailsAbstract to ExchangeRateRiskOfProjectsForeignCurrencyDenominatedAssetsLiabilitiesUnhedgedOrIneffectivelyHedgedDetailsTable" use="optional" order="10.0" xbrldt:closed="true" xbrldt:contextElement="scenario"/>
    <link:definitionArc xlink:type="arc" xlink:arcrole="http://xbrl.org/int/dim/arcrole/domain-member" xlink:from="ExchangeRateRiskOfProjectsForeignCurrencyDenominatedAssetsLiabilitiesUnhedgedOrIneffectivelyHedgedProjectHeldByLookThroughMethodDenominatedInOtherCurrenciesDetailsAbstract" xlink:to="ExchangeRateRiskOfProjectsForeignCurrencyDenominatedAssetsLiabilitiesUnhedgedOrIneffectivelyHedgedDetailsLineItems" xlink:title="definition: ExchangeRateRiskOfProjectsForeignCurrencyDenominatedAssetsLiabilitiesUnhedgedOrIneffectivelyHedgedProjectHeldByLookThroughMethodDenominatedInOtherCurrenciesDetailsAbstract to ExchangeRateRiskOfProjectsForeignCurrencyDenominatedAssetsLiabilitiesUnhedgedOrIneffectivelyHedgedDetailsLineItems" use="optional" order="20.0"/>
  </link:definitionLink>
  <link:definitionLink xlink:type="extended" xlink:role="http://xbrl.circ.gov.cn/role/c-ross_2015-12-31_role-3162700c">
    <link:loc xlink:type="locator" xlink:href="../../c-ross_core_2015-12-31.xsd#c-ross_TypesOfAssetsHeldMember" xlink:label="TypesOfAssetsHeldMember" xlink:title="TypesOfAssetsHeldMember"/>
    <link:loc xlink:type="locator" xlink:href="../../c-ross_core_2015-12-31.xsd#c-ross_HeldByCompanyDirectlyMember" xlink:label="HeldByCompanyDirectlyMember" xlink:title="HeldByCompanyDirectlyMember"/>
    <link:definitionArc xlink:type="arc" xlink:arcrole="http://xbrl.org/int/dim/arcrole/domain-member" xlink:from="TypesOfAssetsHeldMember" xlink:to="HeldByCompanyDirectlyMember" xlink:title="definition: TypesOfAssetsHeldMember to HeldByCompanyDirectlyMember" use="optional" order="10.0"/>
    <link:loc xlink:type="locator" xlink:href="../../c-ross_core_2015-12-31.xsd#c-ross_HeldByLookThroughMethodMember" xlink:label="HeldByLookThroughMethodMember" xlink:title="HeldByLookThroughMethodMember"/>
    <link:definitionArc xlink:type="arc" xlink:arcrole="http://xbrl.org/int/dim/arcrole/domain-member" xlink:from="TypesOfAssetsHeldMember" xlink:to="HeldByLookThroughMethodMember" xlink:title="definition: TypesOfAssetsHeldMember to HeldByLookThroughMethodMember" use="optional" order="20.0"/>
    <link:loc xlink:type="locator" xlink:href="../../c-ross_core_2015-12-31.xsd#c-ross_ExcludedTable" xlink:label="Excluded" xlink:title="Excluded"/>
    <link:loc xlink:type="locator" xlink:href="../../c-ross_core_2015-12-31.xsd#c-ross_ExchangeRateRiskForeignCurrencyDenominatedAssetsLiabilitiesUnhedgedOrIneffectivelyHedgedTypesOfCurrenciesAxis" xlink:label="ExchangeRateRiskForeignCurrencyDenominatedAssetsLiabilitiesUnhedgedOrIneffectivelyHedgedTypesOfCurrenciesAxis" xlink:title="ExchangeRateRiskForeignCurrencyDenominatedAssetsLiabilitiesUnhedgedOrIneffectivelyHedgedTypesOfCurrenciesAxis"/>
    <link:definitionArc xlink:type="arc" xlink:arcrole="http://xbrl.org/int/dim/arcrole/hypercube-dimension" xlink:from="Excluded" xlink:to="ExchangeRateRiskForeignCurrencyDenominatedAssetsLiabilitiesUnhedgedOrIneffectivelyHedgedTypesOfCurrenciesAxis" xlink:title="definition: Excluded to ExchangeRateRiskForeignCurrencyDenominatedAssetsLiabilitiesUnhedgedOrIneffectivelyHedgedTypesOfCurrenciesAxis" use="optional" order="20.0"/>
    <link:loc xlink:type="locator" xlink:href="../../c-ross_core_2015-12-31.xsd#c-ross_TypesOfCurrenciesMember" xlink:label="CurrenciesMember" xlink:title="CurrenciesMember"/>
    <link:definitionArc xlink:type="arc" xlink:arcrole="http://xbrl.org/int/dim/arcrole/dimension-domain" xlink:from="ExchangeRateRiskForeignCurrencyDenominatedAssetsLiabilitiesUnhedgedOrIneffectivelyHedgedTypesOfCurrenciesAxis" xlink:to="CurrenciesMember" xlink:title="definition: ExchangeRateRiskForeignCurrencyDenominatedAssetsLiabilitiesUnhedgedOrIneffectivelyHedgedTypesOfCurrenciesAxis to CurrenciesMember" use="optional" order="10.0"/>
    <link:loc xlink:type="locator" xlink:href="../../c-ross_core_2015-12-31.xsd#c-ross_ForeignCurrencyItemsDenominatedInOtherForeignCurrenciesMember" xlink:label="OtherForeignCurrenciesItemsMember" xlink:title="OtherForeignCurrenciesItemsMember"/>
    <link:definitionArc xlink:type="arc" xlink:arcrole="http://xbrl.org/int/dim/arcrole/domain-member" xlink:from="CurrenciesMember" xlink:to="OtherForeignCurrenciesItemsMember" xlink:title="definition: CurrenciesMember to OtherForeignCurrenciesItemsMember" use="optional" order="40.0"/>
    <link:loc xlink:type="locator" xlink:href="../../c-ross_core_2015-12-31.xsd#c-ross_ForeignCurrencyItemsDenominatedInUsdAndCurrenciesDirectlyLinkedToUsdMember" xlink:label="UsdAndCurrenciesDirectlyLinkedToUsdMember" xlink:title="UsdAndCurrenciesDirectlyLinkedToUsdMember"/>
    <link:definitionArc xlink:type="arc" xlink:arcrole="http://xbrl.org/int/dim/arcrole/domain-member" xlink:from="CurrenciesMember" xlink:to="UsdAndCurrenciesDirectlyLinkedToUsdMember" xlink:title="definition: CurrenciesMember to UsdAndCurrenciesDirectlyLinkedToUsdMember" use="optional" order="10.0"/>
    <link:loc xlink:type="locator" xlink:href="../../c-ross_core_2015-12-31.xsd#c-ross_ForeignCurrencyItemsDenominatedInEurMember" xlink:label="EurGbpMember" xlink:title="EurGbpMember"/>
    <link:definitionArc xlink:type="arc" xlink:arcrole="http://xbrl.org/int/dim/arcrole/domain-member" xlink:from="CurrenciesMember" xlink:to="EurGbpMember" xlink:title="definition: CurrenciesMember to EurGbpMember" use="optional" order="20.0"/>
    <link:loc xlink:type="locator" xlink:href="../../c-ross_core_2015-12-31.xsd#c-ross_ForeignCurrencyItemsDenominatedInGbpMember" xlink:label="ForeignCurrencyItemsDenominatedInGbpMember" xlink:title="ForeignCurrencyItemsDenominatedInGbpMember"/>
    <link:definitionArc xlink:type="arc" xlink:arcrole="http://xbrl.org/int/dim/arcrole/domain-member" xlink:from="CurrenciesMember" xlink:to="ForeignCurrencyItemsDenominatedInGbpMember" xlink:title="definition: TypesOfCurrenciesMember to ForeignCurrencyItemsDenominatedInGbpMember" use="optional" order="30.0"/>
    <link:loc xlink:type="locator" xlink:href="../../c-ross_core_2015-12-31.xsd#c-ross_ExchangeRateRiskTypesOfForeignCurrencyDenominatedAssetsLiabilitiesUnhedgedOrIneffectivelyHedgedHeldAxis" xlink:label="ExchangeRateRiskTypesOfForeignCurrencyDenominatedAssetsLiabilitiesUnhedgedOrIneffectivelyHedgedHeldAxis" xlink:title="ExchangeRateRiskTypesOfForeignCurrencyDenominatedAssetsLiabilitiesUnhedgedOrIneffectivelyHedgedHeldAxis"/>
    <link:definitionArc xlink:type="arc" xlink:arcrole="http://xbrl.org/int/dim/arcrole/hypercube-dimension" xlink:from="Excluded" xlink:to="ExchangeRateRiskTypesOfForeignCurrencyDenominatedAssetsLiabilitiesUnhedgedOrIneffectivelyHedgedHeldAxis" xlink:title="definition: Excluded to ExchangeRateRiskTypesOfForeignCurrencyDenominatedAssetsLiabilitiesUnhedgedOrIneffectivelyHedgedHeldAxis" use="optional" order="10.0"/>
    <link:definitionArc xlink:type="arc" xlink:arcrole="http://xbrl.org/int/dim/arcrole/dimension-domain" xlink:from="ExchangeRateRiskTypesOfForeignCurrencyDenominatedAssetsLiabilitiesUnhedgedOrIneffectivelyHedgedHeldAxis" xlink:to="TypesOfAssetsHeldMember" xlink:title="definition: ExchangeRateRiskTypesOfForeignCurrencyDenominatedAssetsLiabilitiesUnhedgedOrIneffectivelyHedgedHeldAxis to TypesOfAssetsHeldMember" use="optional" order="10.0"/>
  </link:definitionLink>
  <link:definitionLink xlink:type="extended" xlink:role="http://xbrl.circ.gov.cn/role/c-ross_2015-12-31_role-3162700d">
    <link:loc xlink:type="locator" xlink:href="../../c-ross_core_2015-12-31.xsd#c-ross_TypesOfAssetsHeldMember" xlink:label="TypesOfAssetsHeldMember" xlink:title="TypesOfAssetsHeldMember"/>
    <link:loc xlink:type="locator" xlink:href="../../c-ross_core_2015-12-31.xsd#c-ross_HeldByCompanyDirectlyMember" xlink:label="HeldByCompanyDirectlyMember" xlink:title="HeldByCompanyDirectlyMember"/>
    <link:definitionArc xlink:type="arc" xlink:arcrole="http://xbrl.org/int/dim/arcrole/domain-member" xlink:from="TypesOfAssetsHeldMember" xlink:to="HeldByCompanyDirectlyMember" xlink:title="definition: TypesOfAssetsHeldMember to HeldByCompanyDirectlyMember" use="optional" order="10.0"/>
    <link:loc xlink:type="locator" xlink:href="../../c-ross_core_2015-12-31.xsd#c-ross_HeldByLookThroughMethodMember" xlink:label="HeldByLookThroughMethodMember" xlink:title="HeldByLookThroughMethodMember"/>
    <link:definitionArc xlink:type="arc" xlink:arcrole="http://xbrl.org/int/dim/arcrole/domain-member" xlink:from="TypesOfAssetsHeldMember" xlink:to="HeldByLookThroughMethodMember" xlink:title="definition: TypesOfAssetsHeldMember to HeldByLookThroughMethodMember" use="optional" order="20.0"/>
    <link:loc xlink:type="locator" xlink:href="../../c-ross_core_2015-12-31.xsd#c-ross_ExcludedTable" xlink:label="Excluded" xlink:title="Excluded"/>
    <link:loc xlink:type="locator" xlink:href="../../c-ross_core_2015-12-31.xsd#c-ross_ExchangeRateRiskForeignCurrencyDenominatedAssetsLiabilitiesUnhedgedOrIneffectivelyHedgedTypesOfCurrenciesAxis" xlink:label="ExchangeRateRiskForeignCurrencyDenominatedAssetsLiabilitiesUnhedgedOrIneffectivelyHedgedTypesOfCurrenciesAxis" xlink:title="ExchangeRateRiskForeignCurrencyDenominatedAssetsLiabilitiesUnhedgedOrIneffectivelyHedgedTypesOfCurrenciesAxis"/>
    <link:definitionArc xlink:type="arc" xlink:arcrole="http://xbrl.org/int/dim/arcrole/hypercube-dimension" xlink:from="Excluded" xlink:to="ExchangeRateRiskForeignCurrencyDenominatedAssetsLiabilitiesUnhedgedOrIneffectivelyHedgedTypesOfCurrenciesAxis" xlink:title="definition: Excluded to ExchangeRateRiskForeignCurrencyDenominatedAssetsLiabilitiesUnhedgedOrIneffectivelyHedgedTypesOfCurrenciesAxis" use="optional" order="20.0"/>
    <link:loc xlink:type="locator" xlink:href="../../c-ross_core_2015-12-31.xsd#c-ross_TypesOfCurrenciesMember" xlink:label="CurrenciesMember" xlink:title="CurrenciesMember"/>
    <link:definitionArc xlink:type="arc" xlink:arcrole="http://xbrl.org/int/dim/arcrole/dimension-domain" xlink:from="ExchangeRateRiskForeignCurrencyDenominatedAssetsLiabilitiesUnhedgedOrIneffectivelyHedgedTypesOfCurrenciesAxis" xlink:to="CurrenciesMember" xlink:title="definition: ExchangeRateRiskForeignCurrencyDenominatedAssetsLiabilitiesUnhedgedOrIneffectivelyHedgedTypesOfCurrenciesAxis to CurrenciesMember" use="optional" order="10.0"/>
    <link:loc xlink:type="locator" xlink:href="../../c-ross_core_2015-12-31.xsd#c-ross_ForeignCurrencyItemsDenominatedInOtherForeignCurrenciesMember" xlink:label="OtherForeignCurrenciesMember" xlink:title="OtherForeignCurrenciesItemsMember"/>
    <link:definitionArc xlink:type="arc" xlink:arcrole="http://xbrl.org/int/dim/arcrole/domain-member" xlink:from="CurrenciesMember" xlink:to="OtherForeignCurrenciesMember" xlink:title="definition: TypesOfCurrenciesMember to OtherForeignCurrenciesMember" use="optional" order="10.0"/>
    <link:loc xlink:type="locator" xlink:href="../../c-ross_core_2015-12-31.xsd#c-ross_ExchangeRateRiskTypesOfForeignCurrencyDenominatedAssetsLiabilitiesUnhedgedOrIneffectivelyHedgedHeldAxis" xlink:label="ExchangeRateRiskTypesOfForeignCurrencyDenominatedAssetsLiabilitiesUnhedgedOrIneffectivelyHedgedHeldAxis" xlink:title="ExchangeRateRiskTypesOfForeignCurrencyDenominatedAssetsLiabilitiesUnhedgedOrIneffectivelyHedgedHeldAxis"/>
    <link:definitionArc xlink:type="arc" xlink:arcrole="http://xbrl.org/int/dim/arcrole/hypercube-dimension" xlink:from="Excluded" xlink:to="ExchangeRateRiskTypesOfForeignCurrencyDenominatedAssetsLiabilitiesUnhedgedOrIneffectivelyHedgedHeldAxis" xlink:title="definition: Excluded to ExchangeRateRiskTypesOfForeignCurrencyDenominatedAssetsLiabilitiesUnhedgedOrIneffectivelyHedgedHeldAxis" use="optional" order="10.0"/>
    <link:definitionArc xlink:type="arc" xlink:arcrole="http://xbrl.org/int/dim/arcrole/dimension-domain" xlink:from="ExchangeRateRiskTypesOfForeignCurrencyDenominatedAssetsLiabilitiesUnhedgedOrIneffectivelyHedgedHeldAxis" xlink:to="TypesOfAssetsHeldMember" xlink:title="definition: ExchangeRateRiskTypesOfForeignCurrencyDenominatedAssetsLiabilitiesUnhedgedOrIneffectivelyHedgedHeldAxis to TypesOfAssetsHeldMember" use="optional" order="10.0"/>
  </link:definitionLink>
  <link:definitionLink xlink:type="extended" xlink:role="http://xbrl.circ.gov.cn/role/c-ross_2015-12-31_role-3162700">
    <link:loc xlink:type="locator" xlink:href="../../c-ross_core_2015-12-31.xsd#c-ross_TypesOfAssetsHeldMember" xlink:label="TypesOfAssetsHeldMember" xlink:title="TypesOfAssetsHeldMember"/>
    <link:loc xlink:type="locator" xlink:href="../../c-ross_core_2015-12-31.xsd#c-ross_HeldByCompanyDirectlyMember" xlink:label="HeldByCompanyDirectlyMember" xlink:title="HeldByCompanyDirectlyMember"/>
    <link:definitionArc xlink:type="arc" xlink:arcrole="http://xbrl.org/int/dim/arcrole/domain-member" xlink:from="TypesOfAssetsHeldMember" xlink:to="HeldByCompanyDirectlyMember" xlink:title="definition: TypesOfAssetsHeldMember to HeldByCompanyDirectlyMember" use="optional" order="10.0"/>
    <link:loc xlink:type="locator" xlink:href="../../c-ross_core_2015-12-31.xsd#c-ross_HeldByLookThroughMethodMember" xlink:label="HeldByLookThroughMethodMember" xlink:title="HeldByLookThroughMethodMember"/>
    <link:definitionArc xlink:type="arc" xlink:arcrole="http://xbrl.org/int/dim/arcrole/domain-member" xlink:from="TypesOfAssetsHeldMember" xlink:to="HeldByLookThroughMethodMember" xlink:title="definition: TypesOfAssetsHeldMember to HeldByLookThroughMethodMember" use="optional" order="20.0"/>
    <link:loc xlink:type="locator" xlink:href="../../c-ross_core_2015-12-31.xsd#c-ross_ExchangeRateRiskForeignCurrencyDenominatedAssetsLiabilitiesUnhedgedOrIneffectivelyHedgedTypesOfCurrenciesAxis" xlink:label="ExchangeRateRiskForeignCurrencyDenominatedAssetsLiabilitiesUnhedgedOrIneffectivelyHedgedTypesOfCurrenciesAxis" xlink:title="ExchangeRateRiskForeignCurrencyDenominatedAssetsLiabilitiesUnhedgedOrIneffectivelyHedgedTypesOfCurrenciesAxis"/>
    <link:loc xlink:type="locator" xlink:href="../../c-ross_core_2015-12-31.xsd#c-ross_TypesOfCurrenciesMember" xlink:label="CurrenciesMember" xlink:title="CurrenciesMember"/>
    <link:definitionArc xlink:type="arc" xlink:arcrole="http://xbrl.org/int/dim/arcrole/dimension-domain" xlink:from="ExchangeRateRiskForeignCurrencyDenominatedAssetsLiabilitiesUnhedgedOrIneffectivelyHedgedTypesOfCurrenciesAxis" xlink:to="CurrenciesMember" xlink:title="definition: ExchangeRateRiskForeignCurrencyDenominatedAssetsLiabilitiesUnhedgedOrIneffectivelyHedgedTypesOfCurrenciesAxis to CurrenciesMember" use="optional" order="10.0"/>
    <link:loc xlink:type="locator" xlink:href="../../c-ross_core_2015-12-31.xsd#c-ross_TypesOfCurrenciesMember" xlink:label="CurrenciesMember_2" xlink:title="CurrenciesMember"/>
    <link:definitionArc xlink:type="arc" xlink:arcrole="http://xbrl.org/int/dim/arcrole/dimension-default" xlink:from="ExchangeRateRiskForeignCurrencyDenominatedAssetsLiabilitiesUnhedgedOrIneffectivelyHedgedTypesOfCurrenciesAxis" xlink:to="CurrenciesMember_2" xlink:title="definition: ExchangeRateRiskForeignCurrencyDenominatedAssetsLiabilitiesUnhedgedOrIneffectivelyHedgedTypesOfCurrenciesAxis to CurrenciesMember" use="optional" order="20.0"/>
    <link:loc xlink:type="locator" xlink:href="../../c-ross_core_2015-12-31.xsd#c-ross_ForeignCurrencyItemsDenominatedInOtherForeignCurrenciesMember" xlink:label="OtherForeignCurrenciesItemsMember" xlink:title="OtherForeignCurrenciesItemsMember"/>
    <link:definitionArc xlink:type="arc" xlink:arcrole="http://xbrl.org/int/dim/arcrole/domain-member" xlink:from="CurrenciesMember" xlink:to="OtherForeignCurrenciesItemsMember" xlink:title="definition: CurrenciesMember to OtherForeignCurrenciesItemsMember" use="optional" order="40.0"/>
    <link:loc xlink:type="locator" xlink:href="../../c-ross_core_2015-12-31.xsd#c-ross_ForeignCurrencyItemsDenominatedInUsdAndCurrenciesDirectlyLinkedToUsdMember" xlink:label="UsdAndCurrenciesDirectlyLinkedToUsdMember" xlink:title="UsdAndCurrenciesDirectlyLinkedToUsdMember"/>
    <link:definitionArc xlink:type="arc" xlink:arcrole="http://xbrl.org/int/dim/arcrole/domain-member" xlink:from="CurrenciesMember" xlink:to="UsdAndCurrenciesDirectlyLinkedToUsdMember" xlink:title="definition: CurrenciesMember to UsdAndCurrenciesDirectlyLinkedToUsdMember" use="optional" order="10.0"/>
    <link:loc xlink:type="locator" xlink:href="../../c-ross_core_2015-12-31.xsd#c-ross_ForeignCurrencyItemsDenominatedInEurMember" xlink:label="EurGbpMember" xlink:title="EurGbpMember"/>
    <link:definitionArc xlink:type="arc" xlink:arcrole="http://xbrl.org/int/dim/arcrole/domain-member" xlink:from="CurrenciesMember" xlink:to="EurGbpMember" xlink:title="definition: CurrenciesMember to EurGbpMember" use="optional" order="20.0"/>
    <link:loc xlink:type="locator" xlink:href="../../c-ross_core_2015-12-31.xsd#c-ross_ForeignCurrencyItemsDenominatedInGbpMember" xlink:label="ForeignCurrencyItemsDenominatedInGbpMember" xlink:title="ForeignCurrencyItemsDenominatedInGbpMember"/>
    <link:definitionArc xlink:type="arc" xlink:arcrole="http://xbrl.org/int/dim/arcrole/domain-member" xlink:from="CurrenciesMember" xlink:to="ForeignCurrencyItemsDenominatedInGbpMember" xlink:title="definition: TypesOfCurrenciesMember to ForeignCurrencyItemsDenominatedInGbpMember" use="optional" order="30.0"/>
    <link:loc xlink:type="locator" xlink:href="../../c-ross_core_2015-12-31.xsd#c-ross_ExchangeRateRiskTypesOfForeignCurrencyDenominatedAssetsLiabilitiesUnhedgedOrIneffectivelyHedgedHeldAxis" xlink:label="ExchangeRateRiskTypesOfForeignCurrencyDenominatedAssetsLiabilitiesUnhedgedOrIneffectivelyHedgedHeldAxis" xlink:title="ExchangeRateRiskTypesOfForeignCurrencyDenominatedAssetsLiabilitiesUnhedgedOrIneffectivelyHedgedHeldAxis"/>
    <link:definitionArc xlink:type="arc" xlink:arcrole="http://xbrl.org/int/dim/arcrole/dimension-domain" xlink:from="ExchangeRateRiskTypesOfForeignCurrencyDenominatedAssetsLiabilitiesUnhedgedOrIneffectivelyHedgedHeldAxis" xlink:to="TypesOfAssetsHeldMember" xlink:title="definition: ExchangeRateRiskTypesOfForeignCurrencyDenominatedAssetsLiabilitiesUnhedgedOrIneffectivelyHedgedHeldAxis to TypesOfAssetsHeldMember" use="optional" order="10.0"/>
    <link:loc xlink:type="locator" xlink:href="../../c-ross_core_2015-12-31.xsd#c-ross_TypesOfAssetsHeldMember" xlink:label="TypesOfAssetsHeldMember_2" xlink:title="TypesOfAssetsHeldMember"/>
    <link:definitionArc xlink:type="arc" xlink:arcrole="http://xbrl.org/int/dim/arcrole/dimension-default" xlink:from="ExchangeRateRiskTypesOfForeignCurrencyDenominatedAssetsLiabilitiesUnhedgedOrIneffectivelyHedgedHeldAxis" xlink:to="TypesOfAssetsHeldMember_2" xlink:title="definition: ExchangeRateRiskTypesOfForeignCurrencyDenominatedAssetsLiabilitiesUnhedgedOrIneffectivelyHedgedHeldAxis to TypesOfAssetsHeldMember" use="optional" order="20.0"/>
    <link:loc xlink:type="locator" xlink:href="../../c-ross_core_2015-12-31.xsd#c-ross_ExchangeRateRiskOfProjectsForeignCurrencyDenominatedAssetsLiabilitiesUnhedgedOrIneffectivelyHedgedDetailsTable" xlink:label="ExchangeRateRiskOfProjectsForeignCurrencyDenominatedAssetsLiabilitiesUnhedgedOrIneffectivelyHedgedDetailsTable" xlink:title="ExchangeRateRiskOfProjectsForeignCurrencyDenominatedAssetsLiabilitiesUnhedgedOrIneffectivelyHedgedDetailsTable"/>
    <link:definitionArc xlink:type="arc" xlink:arcrole="http://xbrl.org/int/dim/arcrole/hypercube-dimension" xlink:from="ExchangeRateRiskOfProjectsForeignCurrencyDenominatedAssetsLiabilitiesUnhedgedOrIneffectivelyHedgedDetailsTable" xlink:to="ExchangeRateRiskTypesOfForeignCurrencyDenominatedAssetsLiabilitiesUnhedgedOrIneffectivelyHedgedHeldAxis" xlink:title="definition: ExchangeRateRiskOfProjectsForeignCurrencyDenominatedAssetsLiabilitiesUnhedgedOrIneffectivelyHedgedDetailsTable to ExchangeRateRiskTypesOfForeignCurrencyDenominatedAssetsLiabilitiesUnhedgedOrIneffectivelyHedgedHeldAxis" use="optional" order="10.0"/>
    <link:definitionArc xlink:type="arc" xlink:arcrole="http://xbrl.org/int/dim/arcrole/hypercube-dimension" xlink:from="ExchangeRateRiskOfProjectsForeignCurrencyDenominatedAssetsLiabilitiesUnhedgedOrIneffectivelyHedgedDetailsTable" xlink:to="ExchangeRateRiskForeignCurrencyDenominatedAssetsLiabilitiesUnhedgedOrIneffectivelyHedgedTypesOfCurrenciesAxis" xlink:title="definition: ExchangeRateRiskOfProjectsForeignCurrencyDenominatedAssetsLiabilitiesUnhedgedOrIneffectivelyHedgedDetailsTable to ExchangeRateRiskForeignCurrencyDenominatedAssetsLiabilitiesUnhedgedOrIneffectivelyHedgedTypesOfCurrenciesAxis" use="optional" order="20.0"/>
    <link:loc xlink:type="locator" xlink:href="../../c-ross_core_2015-12-31.xsd#c-ross_ExchangeRateRiskOfProjectsForeignCurrencyDenominatedAssetsLiabilitiesUnhedgedOrIneffectivelyHedgedDetailsLineItems" xlink:label="ExchangeRateRiskOfProjectsForeignCurrencyDenominatedAssetsLiabilitiesUnhedgedOrIneffectivelyHedgedDetailsLineItems" xlink:title="ExchangeRateRiskOfProjectsForeignCurrencyDenominatedAssetsLiabilitiesUnhedgedOrIneffectivelyHedgedDetailsLineItems"/>
    <link:loc xlink:type="locator" xlink:href="../../c-ross_core_2015-12-31.xsd#c-ross_ExchangeRateRiskForeignCurrencyDenominatedAssetsLiabilitiesUnhedgedOrIneffectivelyHedgedForeignCurrencyDenominatedProjects" xlink:label="ExchangeRateRiskForeignCurrencyDenominatedAssetsLiabilitiesUnhedgedOrIneffectivelyHedgedForeignCurrencyDenominatedProjects" xlink:title="ExchangeRateRiskForeignCurrencyDenominatedAssetsLiabilitiesUnhedgedOrIneffectivelyHedgedForeignCurrencyDenominatedProjects"/>
    <link:definitionArc xlink:type="arc" xlink:arcrole="http://xbrl.org/int/dim/arcrole/domain-member" xlink:from="ExchangeRateRiskOfProjectsForeignCurrencyDenominatedAssetsLiabilitiesUnhedgedOrIneffectivelyHedgedDetailsLineItems" xlink:to="ExchangeRateRiskForeignCurrencyDenominatedAssetsLiabilitiesUnhedgedOrIneffectivelyHedgedForeignCurrencyDenominatedProjects" xlink:title="definition: ExchangeRateRiskOfProjectsForeignCurrencyDenominatedAssetsLiabilitiesUnhedgedOrIneffectivelyHedgedDetailsLineItems to ExchangeRateRiskForeignCurrencyDenominatedAssetsLiabilitiesUnhedgedOrIneffectivelyHedgedForeignCurrencyDenominatedProjects" use="optional" order="10.0"/>
    <link:loc xlink:type="locator" xlink:href="../../c-ross_core_2015-12-31.xsd#c-ross_ExcludedTable" xlink:label="Excluded" xlink:title="Excluded"/>
    <link:definitionArc xlink:type="arc" xlink:arcrole="http://xbrl.org/int/dim/arcrole/notAll" xlink:from="ExchangeRateRiskForeignCurrencyDenominatedAssetsLiabilitiesUnhedgedOrIneffectivelyHedgedForeignCurrencyDenominatedProjects" xlink:to="Excluded" xlink:title="definition: ExchangeRateRiskForeignCurrencyDenominatedAssetsLiabilitiesUnhedgedOrIneffectivelyHedgedForeignCurrencyDenominatedProjects to Excluded" use="optional" order="10.0" xbrldt:contextElement="scenario" xbrldt:targetRole="http://xbrl.circ.gov.cn/role/c-ross_2015-12-31_role-3162700c"/>
    <link:loc xlink:type="locator" xlink:href="../../c-ross_core_2015-12-31.xsd#c-ross_ExchangeRateRiskForeignCurrencyDenominatedAssetsLiabilitiesUnhedgedOrIneffectivelyHedgedForeignCurrencyDenominatedLiquidityManagementInstruments" xlink:label="ExchangeRateRiskForeignCurrencyDenominatedAssetsLiabilitiesUnhedgedOrIneffectivelyHedgedForeignCurrencyDenominatedLiquidityManagementInstruments" xlink:title="ExchangeRateRiskForeignCurrencyDenominatedAssetsLiabilitiesUnhedgedOrIneffectivelyHedgedForeignCurrencyDenominatedLiquidityManagementInstruments"/>
    <link:definitionArc xlink:type="arc" xlink:arcrole="http://xbrl.org/int/dim/arcrole/domain-member" xlink:from="ExchangeRateRiskOfProjectsForeignCurrencyDenominatedAssetsLiabilitiesUnhedgedOrIneffectivelyHedgedDetailsLineItems" xlink:to="ExchangeRateRiskForeignCurrencyDenominatedAssetsLiabilitiesUnhedgedOrIneffectivelyHedgedForeignCurrencyDenominatedLiquidityManagementInstruments" xlink:title="definition: ExchangeRateRiskOfProjectsForeignCurrencyDenominatedAssetsLiabilitiesUnhedgedOrIneffectivelyHedgedDetailsLineItems to ExchangeRateRiskForeignCurrencyDenominatedAssetsLiabilitiesUnhedgedOrIneffectivelyHedgedForeignCurrencyDenominatedLiquidityManagementInstruments" use="optional" order="20.0"/>
    <link:loc xlink:type="locator" xlink:href="../../c-ross_core_2015-12-31.xsd#c-ross_ExchangeRateRiskForeignCurrencyDenominatedAssetsLiabilitiesUnhedgedOrIneffectivelyHedgedForeignCurrencyDenominatedFixedIncomeInvestmentAssets" xlink:label="ExchangeRateRiskForeignCurrencyDenominatedAssetsLiabilitiesUnhedgedOrIneffectivelyHedgedForeignCurrencyDenominatedFixedIncomeInvestmentAssets" xlink:title="ExchangeRateRiskForeignCurrencyDenominatedAssetsLiabilitiesUnhedgedOrIneffectivelyHedgedForeignCurrencyDenominatedFixedIncomeInvestmentAssets"/>
    <link:definitionArc xlink:type="arc" xlink:arcrole="http://xbrl.org/int/dim/arcrole/domain-member" xlink:from="ExchangeRateRiskOfProjectsForeignCurrencyDenominatedAssetsLiabilitiesUnhedgedOrIneffectivelyHedgedDetailsLineItems" xlink:to="ExchangeRateRiskForeignCurrencyDenominatedAssetsLiabilitiesUnhedgedOrIneffectivelyHedgedForeignCurrencyDenominatedFixedIncomeInvestmentAssets" xlink:title="definition: ExchangeRateRiskOfProjectsForeignCurrencyDenominatedAssetsLiabilitiesUnhedgedOrIneffectivelyHedgedDetailsLineItems to ExchangeRateRiskForeignCurrencyDenominatedAssetsLiabilitiesUnhedgedOrIneffectivelyHedgedForeignCurrencyDenominatedFixedIncomeInvestmentAssets" use="optional" order="30.0"/>
    <link:loc xlink:type="locator" xlink:href="../../c-ross_core_2015-12-31.xsd#c-ross_ExchangeRateRiskForeignCurrencyDenominatedAssetsLiabilitiesUnhedgedOrIneffectivelyHedgedForeignCurrencyDenominatedEquityInvestmentAssets" xlink:label="ExchangeRateRiskForeignCurrencyDenominatedAssetsLiabilitiesUnhedgedOrIneffectivelyHedgedForeignCurrencyDenominatedEquityInvestmentAssets" xlink:title="ExchangeRateRiskForeignCurrencyDenominatedAssetsLiabilitiesUnhedgedOrIneffectivelyHedgedForeignCurrencyDenominatedEquityInvestmentAssets"/>
    <link:definitionArc xlink:type="arc" xlink:arcrole="http://xbrl.org/int/dim/arcrole/domain-member" xlink:from="ExchangeRateRiskOfProjectsForeignCurrencyDenominatedAssetsLiabilitiesUnhedgedOrIneffectivelyHedgedDetailsLineItems" xlink:to="ExchangeRateRiskForeignCurrencyDenominatedAssetsLiabilitiesUnhedgedOrIneffectivelyHedgedForeignCurrencyDenominatedEquityInvestmentAssets" xlink:title="definition: ExchangeRateRiskOfProjectsForeignCurrencyDenominatedAssetsLiabilitiesUnhedgedOrIneffectivelyHedgedDetailsLineItems to ExchangeRateRiskForeignCurrencyDenominatedAssetsLiabilitiesUnhedgedOrIneffectivelyHedgedForeignCurrencyDenominatedEquityInvestmentAssets" use="optional" order="40.0"/>
    <link:loc xlink:type="locator" xlink:href="../../c-ross_core_2015-12-31.xsd#c-ross_ExchangeRateRiskForeignCurrencyDenominatedAssetsLiabilitiesUnhedgedOrIneffectivelyHedgedForeignCurrencyDenominatedDerivatives" xlink:label="ExchangeRateRiskForeignCurrencyDenominatedAssetsLiabilitiesUnhedgedOrIneffectivelyHedgedForeignCurrencyDenominatedDerivatives" xlink:title="ExchangeRateRiskForeignCurrencyDenominatedAssetsLiabilitiesUnhedgedOrIneffectivelyHedgedForeignCurrencyDenominatedDerivatives"/>
    <link:definitionArc xlink:type="arc" xlink:arcrole="http://xbrl.org/int/dim/arcrole/domain-member" xlink:from="ExchangeRateRiskOfProjectsForeignCurrencyDenominatedAssetsLiabilitiesUnhedgedOrIneffectivelyHedgedDetailsLineItems" xlink:to="ExchangeRateRiskForeignCurrencyDenominatedAssetsLiabilitiesUnhedgedOrIneffectivelyHedgedForeignCurrencyDenominatedDerivatives" xlink:title="definition: ExchangeRateRiskOfProjectsForeignCurrencyDenominatedAssetsLiabilitiesUnhedgedOrIneffectivelyHedgedDetailsLineItems to ExchangeRateRiskForeignCurrencyDenominatedAssetsLiabilitiesUnhedgedOrIneffectivelyHedgedForeignCurrencyDenominatedDerivatives" use="optional" order="50.0"/>
    <link:loc xlink:type="locator" xlink:href="../../c-ross_core_2015-12-31.xsd#c-ross_ExchangeRateRiskForeignCurrencyDenominatedAssetsLiabilitiesUnhedgedOrIneffectivelyHedgedForeignCurrencyDenominatedProperties" xlink:label="ExchangeRateRiskForeignCurrencyDenominatedAssetsLiabilitiesUnhedgedOrIneffectivelyHedgedForeignCurrencyDenominatedProperties" xlink:title="ExchangeRateRiskForeignCurrencyDenominatedAssetsLiabilitiesUnhedgedOrIneffectivelyHedgedForeignCurrencyDenominatedProperties"/>
    <link:definitionArc xlink:type="arc" xlink:arcrole="http://xbrl.org/int/dim/arcrole/domain-member" xlink:from="ExchangeRateRiskOfProjectsForeignCurrencyDenominatedAssetsLiabilitiesUnhedgedOrIneffectivelyHedgedDetailsLineItems" xlink:to="ExchangeRateRiskForeignCurrencyDenominatedAssetsLiabilitiesUnhedgedOrIneffectivelyHedgedForeignCurrencyDenominatedProperties" xlink:title="definition: ExchangeRateRiskOfProjectsForeignCurrencyDenominatedAssetsLiabilitiesUnhedgedOrIneffectivelyHedgedDetailsLineItems to ExchangeRateRiskForeignCurrencyDenominatedAssetsLiabilitiesUnhedgedOrIneffectivelyHedgedForeignCurrencyDenominatedProperties" use="optional" order="60.0"/>
    <link:loc xlink:type="locator" xlink:href="../../c-ross_core_2015-12-31.xsd#c-ross_ExchangeRateRiskForeignCurrencyDenominatedAssetsLiabilitiesUnhedgedOrIneffectivelyHedgedOtherForeignCurrencyDenominatedAssets" xlink:label="ExchangeRateRiskForeignCurrencyDenominatedAssetsLiabilitiesUnhedgedOrIneffectivelyHedgedOtherForeignCurrencyDenominatedAssets" xlink:title="ExchangeRateRiskForeignCurrencyDenominatedAssetsLiabilitiesUnhedgedOrIneffectivelyHedgedOtherForeignCurrencyDenominatedAssets"/>
    <link:definitionArc xlink:type="arc" xlink:arcrole="http://xbrl.org/int/dim/arcrole/domain-member" xlink:from="ExchangeRateRiskOfProjectsForeignCurrencyDenominatedAssetsLiabilitiesUnhedgedOrIneffectivelyHedgedDetailsLineItems" xlink:to="ExchangeRateRiskForeignCurrencyDenominatedAssetsLiabilitiesUnhedgedOrIneffectivelyHedgedOtherForeignCurrencyDenominatedAssets" xlink:title="definition: ExchangeRateRiskOfProjectsForeignCurrencyDenominatedAssetsLiabilitiesUnhedgedOrIneffectivelyHedgedDetailsLineItems to ExchangeRateRiskForeignCurrencyDenominatedAssetsLiabilitiesUnhedgedOrIneffectivelyHedgedOtherForeignCurrencyDenominatedAssets" use="optional" order="70.0"/>
    <link:loc xlink:type="locator" xlink:href="../../c-ross_core_2015-12-31.xsd#c-ross_ExchangeRateRiskForeignCurrencyDenominatedAssetsLiabilitiesUnhedgedOrIneffectivelyHedgedForeignCurrencyDenominatedLiabilities" xlink:label="ExchangeRateRiskForeignCurrencyDenominatedAssetsLiabilitiesUnhedgedOrIneffectivelyHedgedForeignCurrencyDenominatedLiabilities" xlink:title="ExchangeRateRiskForeignCurrencyDenominatedAssetsLiabilitiesUnhedgedOrIneffectivelyHedgedForeignCurrencyDenominatedLiabilities"/>
    <link:definitionArc xlink:type="arc" xlink:arcrole="http://xbrl.org/int/dim/arcrole/domain-member" xlink:from="ExchangeRateRiskOfProjectsForeignCurrencyDenominatedAssetsLiabilitiesUnhedgedOrIneffectivelyHedgedDetailsLineItems" xlink:to="ExchangeRateRiskForeignCurrencyDenominatedAssetsLiabilitiesUnhedgedOrIneffectivelyHedgedForeignCurrencyDenominatedLiabilities" xlink:title="definition: ExchangeRateRiskOfProjectsForeignCurrencyDenominatedAssetsLiabilitiesUnhedgedOrIneffectivelyHedgedDetailsLineItems to ExchangeRateRiskForeignCurrencyDenominatedAssetsLiabilitiesUnhedgedOrIneffectivelyHedgedForeignCurrencyDenominatedLiabilities" use="optional" order="80.0"/>
    <link:loc xlink:type="locator" xlink:href="../../c-ross_core_2015-12-31.xsd#c-ross_ExchangeRateRiskForeignCurrencyDenominatedAssetsLiabilitiesUnhedgedOrIneffectivelyHedgedNetAbsoluteValue" xlink:label="ExchangeRateRiskForeignCurrencyDenominatedAssetsLiabilitiesUnhedgedOrIneffectivelyHedgedNetAbsoluteValue" xlink:title="ExchangeRateRiskForeignCurrencyDenominatedAssetsLiabilitiesUnhedgedOrIneffectivelyHedgedNetAbsoluteValue"/>
    <link:definitionArc xlink:type="arc" xlink:arcrole="http://xbrl.org/int/dim/arcrole/domain-member" xlink:from="ExchangeRateRiskOfProjectsForeignCurrencyDenominatedAssetsLiabilitiesUnhedgedOrIneffectivelyHedgedDetailsLineItems" xlink:to="ExchangeRateRiskForeignCurrencyDenominatedAssetsLiabilitiesUnhedgedOrIneffectivelyHedgedNetAbsoluteValue" xlink:title="definition: ExchangeRateRiskOfProjectsForeignCurrencyDenominatedAssetsLiabilitiesUnhedgedOrIneffectivelyHedgedDetailsLineItems to ExchangeRateRiskForeignCurrencyDenominatedAssetsLiabilitiesUnhedgedOrIneffectivelyHedgedNetAbsoluteValue" use="optional" order="90.0"/>
    <link:loc xlink:type="locator" xlink:href="../../c-ross_core_2015-12-31.xsd#c-ross_ExchangeRateRiskForeignCurrencyDenominatedAssetsLiabilitiesUnhedgedOrIneffectivelyHedgedRiskExposure" xlink:label="ExchangeRateRiskForeignCurrencyDenominatedAssetsLiabilitiesUnhedgedOrIneffectivelyHedgedRiskExposure" xlink:title="ExchangeRateRiskForeignCurrencyDenominatedAssetsLiabilitiesUnhedgedOrIneffectivelyHedgedRiskExposure"/>
    <link:definitionArc xlink:type="arc" xlink:arcrole="http://xbrl.org/int/dim/arcrole/domain-member" xlink:from="ExchangeRateRiskOfProjectsForeignCurrencyDenominatedAssetsLiabilitiesUnhedgedOrIneffectivelyHedgedDetailsLineItems" xlink:to="ExchangeRateRiskForeignCurrencyDenominatedAssetsLiabilitiesUnhedgedOrIneffectivelyHedgedRiskExposure" xlink:title="definition: ExchangeRateRiskOfProjectsForeignCurrencyDenominatedAssetsLiabilitiesUnhedgedOrIneffectivelyHedgedDetailsLineItems to ExchangeRateRiskForeignCurrencyDenominatedAssetsLiabilitiesUnhedgedOrIneffectivelyHedgedRiskExposure" use="optional" order="100.0"/>
    <link:loc xlink:type="locator" xlink:href="../../c-ross_core_2015-12-31.xsd#c-ross_ExchangeRateRiskForeignCurrencyDenominatedAssetsLiabilitiesUnhedgedOrIneffectivelyHedgedBaseRiskFactor" xlink:label="ExchangeRateRiskForeignCurrencyDenominatedAssetsLiabilitiesUnhedgedOrIneffectivelyHedgedBaseRiskFactor" xlink:title="ExchangeRateRiskForeignCurrencyDenominatedAssetsLiabilitiesUnhedgedOrIneffectivelyHedgedBaseRiskFactor"/>
    <link:definitionArc xlink:type="arc" xlink:arcrole="http://xbrl.org/int/dim/arcrole/domain-member" xlink:from="ExchangeRateRiskOfProjectsForeignCurrencyDenominatedAssetsLiabilitiesUnhedgedOrIneffectivelyHedgedDetailsLineItems" xlink:to="ExchangeRateRiskForeignCurrencyDenominatedAssetsLiabilitiesUnhedgedOrIneffectivelyHedgedBaseRiskFactor" xlink:title="definition: ExchangeRateRiskOfProjectsForeignCurrencyDenominatedAssetsLiabilitiesUnhedgedOrIneffectivelyHedgedDetailsLineItems to ExchangeRateRiskForeignCurrencyDenominatedAssetsLiabilitiesUnhedgedOrIneffectivelyHedgedBaseRiskFactor" use="optional" order="110.0"/>
    <link:definitionArc xlink:type="arc" xlink:arcrole="http://xbrl.org/int/dim/arcrole/notAll" xlink:from="ExchangeRateRiskForeignCurrencyDenominatedAssetsLiabilitiesUnhedgedOrIneffectivelyHedgedBaseRiskFactor" xlink:to="Excluded" xlink:title="definition: ExchangeRateRiskForeignCurrencyDenominatedAssetsLiabilitiesUnhedgedOrIneffectivelyHedgedBaseRiskFactor to Excluded" use="optional" order="10.0" xbrldt:contextElement="scenario" xbrldt:targetRole="http://xbrl.circ.gov.cn/role/c-ross_2015-12-31_role-3162700d"/>
    <link:loc xlink:type="locator" xlink:href="../../c-ross_core_2015-12-31.xsd#c-ross_ExchangeRateRiskForeignCurrencyDenominatedAssetsLiabilitiesUnhedgedOrIneffectivelyHedgedRiskFactorOne" xlink:label="ExchangeRateRiskForeignCurrencyDenominatedAssetsLiabilitiesUnhedgedOrIneffectivelyHedgedRiskFactorOne" xlink:title="ExchangeRateRiskForeignCurrencyDenominatedAssetsLiabilitiesUnhedgedOrIneffectivelyHedgedRiskFactorOne"/>
    <link:definitionArc xlink:type="arc" xlink:arcrole="http://xbrl.org/int/dim/arcrole/domain-member" xlink:from="ExchangeRateRiskOfProjectsForeignCurrencyDenominatedAssetsLiabilitiesUnhedgedOrIneffectivelyHedgedDetailsLineItems" xlink:to="ExchangeRateRiskForeignCurrencyDenominatedAssetsLiabilitiesUnhedgedOrIneffectivelyHedgedRiskFactorOne" xlink:title="definition: ExchangeRateRiskOfProjectsForeignCurrencyDenominatedAssetsLiabilitiesUnhedgedOrIneffectivelyHedgedDetailsLineItems to ExchangeRateRiskForeignCurrencyDenominatedAssetsLiabilitiesUnhedgedOrIneffectivelyHedgedRiskFactorOne" use="optional" order="120.0"/>
    <link:definitionArc xlink:type="arc" xlink:arcrole="http://xbrl.org/int/dim/arcrole/notAll" xlink:from="ExchangeRateRiskForeignCurrencyDenominatedAssetsLiabilitiesUnhedgedOrIneffectivelyHedgedRiskFactorOne" xlink:to="Excluded" xlink:title="definition: ExchangeRateRiskForeignCurrencyDenominatedAssetsLiabilitiesUnhedgedOrIneffectivelyHedgedRiskFactorOne to Excluded" use="optional" order="10.0" xbrldt:contextElement="scenario" xbrldt:targetRole="http://xbrl.circ.gov.cn/role/c-ross_2015-12-31_role-3162700d"/>
    <link:loc xlink:type="locator" xlink:href="../../c-ross_core_2015-12-31.xsd#c-ross_ExchangeRateRiskForeignCurrencyDenominatedAssetsLiabilitiesUnhedgedOrIneffectivelyHedgedMinimumCapital" xlink:label="ExchangeRateRiskForeignCurrencyDenominatedAssetsLiabilitiesUnhedgedOrIneffectivelyHedgedMinimumCapital" xlink:title="ExchangeRateRiskForeignCurrencyDenominatedAssetsLiabilitiesUnhedgedOrIneffectivelyHedgedMinimumCapital"/>
    <link:definitionArc xlink:type="arc" xlink:arcrole="http://xbrl.org/int/dim/arcrole/domain-member" xlink:from="ExchangeRateRiskOfProjectsForeignCurrencyDenominatedAssetsLiabilitiesUnhedgedOrIneffectivelyHedgedDetailsLineItems" xlink:to="ExchangeRateRiskForeignCurrencyDenominatedAssetsLiabilitiesUnhedgedOrIneffectivelyHedgedMinimumCapital" xlink:title="definition: ExchangeRateRiskOfProjectsForeignCurrencyDenominatedAssetsLiabilitiesUnhedgedOrIneffectivelyHedgedDetailsLineItems to ExchangeRateRiskForeignCurrencyDenominatedAssetsLiabilitiesUnhedgedOrIneffectivelyHedgedMinimumCapital" use="optional" order="130.0"/>
    <link:loc xlink:type="locator" xlink:href="../../c-ross_core_2015-12-31.xsd#c-ross_ExchangeRateRiskOfProjectsForeignCurrencyDenominatedAssetsLiabilitiesUnhedgedOrIneffectivelyHedgedDetailsAbstract" xlink:label="ExchangeRateRiskOfProjectsForeignCurrencyDenominatedAssetsLiabilitiesUnhedgedOrIneffectivelyHedgedDetailsAbstract" xlink:title="ExchangeRateRiskOfProjectsForeignCurrencyDenominatedAssetsLiabilitiesUnhedgedOrIneffectivelyHedgedDetailsAbstract"/>
    <link:definitionArc xlink:type="arc" xlink:arcrole="http://xbrl.org/int/dim/arcrole/all" xlink:from="ExchangeRateRiskOfProjectsForeignCurrencyDenominatedAssetsLiabilitiesUnhedgedOrIneffectivelyHedgedDetailsAbstract" xlink:to="ExchangeRateRiskOfProjectsForeignCurrencyDenominatedAssetsLiabilitiesUnhedgedOrIneffectivelyHedgedDetailsTable" xlink:title="definition: ExchangeRateRiskOfProjectsForeignCurrencyDenominatedAssetsLiabilitiesUnhedgedOrIneffectivelyHedgedDetailsAbstract to ExchangeRateRiskOfProjectsForeignCurrencyDenominatedAssetsLiabilitiesUnhedgedOrIneffectivelyHedgedDetailsTable" use="optional" order="10.0" xbrldt:closed="true" xbrldt:contextElement="scenario"/>
    <link:definitionArc xlink:type="arc" xlink:arcrole="http://xbrl.org/int/dim/arcrole/domain-member" xlink:from="ExchangeRateRiskOfProjectsForeignCurrencyDenominatedAssetsLiabilitiesUnhedgedOrIneffectivelyHedgedDetailsAbstract" xlink:to="ExchangeRateRiskOfProjectsForeignCurrencyDenominatedAssetsLiabilitiesUnhedgedOrIneffectivelyHedgedDetailsLineItems" xlink:title="definition: ExchangeRateRiskOfProjectsForeignCurrencyDenominatedAssetsLiabilitiesUnhedgedOrIneffectivelyHedgedDetailsAbstract to ExchangeRateRiskOfProjectsForeignCurrencyDenominatedAssetsLiabilitiesUnhedgedOrIneffectivelyHedgedDetailsLineItems" use="optional" order="20.0"/>
  </link:definitionLink>
</link:linkbase>
