<?xml version="1.0" encoding="UTF-8"?>

<!--
	Taxonomy: 2015-12-31 (Final)
	**********************
	Copyright © 2015 China Insurance Regulatory Commission.
	All rights reserved.  No part of this publication may be translated, reprinted or reproduced
	or utilised in any form either in whole or in part without prior permission in writing from China Insurance Regulatory Commission.
	  **********************
	-->
<link:linkbase xmlns:xsi="http://www.w3.org/2001/XMLSchema-instance" xsi:schemaLocation="http://www.xbrl.org/2003/linkbase http://www.xbrl.org/2003/xbrl-linkbase-2003-12-31.xsd" xmlns:c-ross="http://xbrl.circ.gov.cn/taxonomy/2015-12-31/c-ross" xmlns:link="http://www.xbrl.org/2003/linkbase" xmlns:q_s_pc_entry_point="http://xbrl.circ.gov.cn/taxonomy/2015-12-31/c-ross/q_s_pc_entry_point" xmlns:xlink="http://www.w3.org/1999/xlink" xmlns:xbrli="http://www.xbrl.org/2003/instance" xmlns:xbrldt="http://xbrl.org/2005/xbrldt">
  <link:roleRef roleURI="http://xbrl.circ.gov.cn/role/c-ross_2015-12-31_role-3160700a" xlink:type="simple" xlink:href="rol_c-ross_7_2015-12-31.xsd#c-ross_2015-12-31-3160700a"/>
  <link:arcroleRef arcroleURI="http://xbrl.org/int/dim/arcrole/all" xlink:type="simple" xlink:href="http://www.xbrl.org/2005/xbrldt-2005.xsd#all"/>
  <link:arcroleRef arcroleURI="http://xbrl.org/int/dim/arcrole/domain-member" xlink:type="simple" xlink:href="http://www.xbrl.org/2005/xbrldt-2005.xsd#domain-member"/>
  <link:arcroleRef arcroleURI="http://xbrl.org/int/dim/arcrole/hypercube-dimension" xlink:type="simple" xlink:href="http://www.xbrl.org/2005/xbrldt-2005.xsd#hypercube-dimension"/>
  <link:definitionLink xlink:type="extended" xlink:role="http://xbrl.circ.gov.cn/role/c-ross_2015-12-31_role-3160700a">
    <link:loc xlink:type="locator" xlink:href="../../c-ross_core_2015-12-31.xsd#c-ross_InterestRateRiskInterestRateDerivativesGovernmentBondFuturesUnqualifiedHedgingDetailsAbstract" xlink:label="InterestRateRiskInterestRateDerivativesGovernmentBondFuturesUnqualifiedHedgingDetailsAbstract" xlink:title="InterestRateRiskInterestRateDerivativesGovernmentBondFuturesUnqualifiedHedgingDetailsAbstract"/>
    <link:loc xlink:type="locator" xlink:href="../../c-ross_core_2015-12-31.xsd#c-ross_InterestRateRiskInterestRateDerivativesGovernmentBondFuturesUnqualifiedHedgingTable" xlink:label="InterestRateRiskInterestRateDerivativesGovernmentBondFuturesUnqualifiedHedgingTable" xlink:title="InterestRateRiskInterestRateDerivativesGovernmentBondFuturesUnqualifiedHedgingTable"/>
    <link:definitionArc xlink:type="arc" xlink:arcrole="http://xbrl.org/int/dim/arcrole/all" xlink:from="InterestRateRiskInterestRateDerivativesGovernmentBondFuturesUnqualifiedHedgingDetailsAbstract" xlink:to="InterestRateRiskInterestRateDerivativesGovernmentBondFuturesUnqualifiedHedgingTable" xlink:title="definition: InterestRateRiskInterestRateDerivativesGovernmentBondFuturesUnqualifiedHedgingDetailsAbstract to InterestRateRiskInterestRateDerivativesGovernmentBondFuturesUnqualifiedHedgingTable" use="optional" order="10.0" xbrldt:closed="true" xbrldt:contextElement="scenario"/>
    <link:loc xlink:type="locator" xlink:href="../../c-ross_core_2015-12-31.xsd#c-ross_InterestRateRiskInterestRateDerivativesGovernmentBondFuturesUnqualifiedHedgingLineNumberAxis" xlink:label="InterestRateRiskInterestRateDerivativesGovernmentBondFuturesUnqualifiedHedgingLineNumberAxis" xlink:title="InterestRateRiskInterestRateDerivativesGovernmentBondFuturesUnqualifiedHedgingLineNumberAxis"/>
    <link:definitionArc xlink:type="arc" xlink:arcrole="http://xbrl.org/int/dim/arcrole/hypercube-dimension" xlink:from="InterestRateRiskInterestRateDerivativesGovernmentBondFuturesUnqualifiedHedgingTable" xlink:to="InterestRateRiskInterestRateDerivativesGovernmentBondFuturesUnqualifiedHedgingLineNumberAxis" xlink:title="definition: InterestRateRiskInterestRateDerivativesGovernmentBondFuturesUnqualifiedHedgingTable to InterestRateRiskInterestRateDerivativesGovernmentBondFuturesUnqualifiedHedgingLineNumberAxis" use="optional" order="10.0"/>
    <link:loc xlink:type="locator" xlink:href="../../c-ross_core_2015-12-31.xsd#c-ross_InterestRateRiskInterestRateDerivativesGovernmentBondFuturesUnqualifiedHedgingLineItems" xlink:label="InterestRateRiskInterestRateDerivativesGovernmentBondFuturesUnqualifiedHedgingLineItems" xlink:title="InterestRateRiskInterestRateDerivativesGovernmentBondFuturesUnqualifiedHedgingLineItems"/>
    <link:definitionArc xlink:type="arc" xlink:arcrole="http://xbrl.org/int/dim/arcrole/domain-member" xlink:from="InterestRateRiskInterestRateDerivativesGovernmentBondFuturesUnqualifiedHedgingDetailsAbstract" xlink:to="InterestRateRiskInterestRateDerivativesGovernmentBondFuturesUnqualifiedHedgingLineItems" xlink:title="definition: InterestRateRiskInterestRateDerivativesGovernmentBondFuturesUnqualifiedHedgingDetailsAbstract to InterestRateRiskInterestRateDerivativesGovernmentBondFuturesUnqualifiedHedgingLineItems" use="optional" order="20.0"/>
    <link:loc xlink:type="locator" xlink:href="../../c-ross_core_2015-12-31.xsd#c-ross_InterestRateRiskInterestRateDerivativesGovernmentBondFuturesUnqualifiedHedgingAssetName" xlink:label="InterestRateRiskInterestRateDerivativesGovernmentBondFuturesUnqualifiedHedgingAssetName" xlink:title="InterestRateRiskInterestRateDerivativesGovernmentBondFuturesUnqualifiedHedgingAssetName"/>
    <link:definitionArc xlink:type="arc" xlink:arcrole="http://xbrl.org/int/dim/arcrole/domain-member" xlink:from="InterestRateRiskInterestRateDerivativesGovernmentBondFuturesUnqualifiedHedgingLineItems" xlink:to="InterestRateRiskInterestRateDerivativesGovernmentBondFuturesUnqualifiedHedgingAssetName" xlink:title="definition: InterestRateRiskInterestRateDerivativesGovernmentBondFuturesUnqualifiedHedgingLineItems to InterestRateRiskInterestRateDerivativesGovernmentBondFuturesUnqualifiedHedgingAssetName" use="optional" order="10.0"/>
    <link:loc xlink:type="locator" xlink:href="../../c-ross_core_2015-12-31.xsd#c-ross_InterestRateRiskInterestRateDerivativesGovernmentBondFuturesUnqualifiedHedgingContractualValueOfShortPositionOfGovernmentBondFutures" xlink:label="InterestRateRiskInterestRateDerivativesGovernmentBondFuturesUnqualifiedHedgingContractualValueOfShortPositionOfGovernmentBondFutures" xlink:title="InterestRateRiskInterestRateDerivativesGovernmentBondFuturesUnqualifiedHedgingContractualValueOfShortPositionOfGovernmentBondFutures"/>
    <link:definitionArc xlink:type="arc" xlink:arcrole="http://xbrl.org/int/dim/arcrole/domain-member" xlink:from="InterestRateRiskInterestRateDerivativesGovernmentBondFuturesUnqualifiedHedgingLineItems" xlink:to="InterestRateRiskInterestRateDerivativesGovernmentBondFuturesUnqualifiedHedgingContractualValueOfShortPositionOfGovernmentBondFutures" xlink:title="definition: InterestRateRiskInterestRateDerivativesGovernmentBondFuturesUnqualifiedHedgingLineItems to InterestRateRiskInterestRateDerivativesGovernmentBondFuturesUnqualifiedHedgingContractualValueOfShortPositionOfGovernmentBondFutures" use="optional" order="20.0"/>
    <link:loc xlink:type="locator" xlink:href="../../c-ross_core_2015-12-31.xsd#c-ross_InterestRateRiskInterestRateDerivativesGovernmentBondFuturesUnqualifiedHedgingModifiedDuration" xlink:label="InterestRateRiskInterestRateDerivativesGovernmentBondFuturesUnqualifiedHedgingModifiedDuration" xlink:title="InterestRateRiskInterestRateDerivativesGovernmentBondFuturesUnqualifiedHedgingModifiedDuration"/>
    <link:definitionArc xlink:type="arc" xlink:arcrole="http://xbrl.org/int/dim/arcrole/domain-member" xlink:from="InterestRateRiskInterestRateDerivativesGovernmentBondFuturesUnqualifiedHedgingLineItems" xlink:to="InterestRateRiskInterestRateDerivativesGovernmentBondFuturesUnqualifiedHedgingModifiedDuration" xlink:title="definition: InterestRateRiskInterestRateDerivativesGovernmentBondFuturesUnqualifiedHedgingLineItems to InterestRateRiskInterestRateDerivativesGovernmentBondFuturesUnqualifiedHedgingModifiedDuration" use="optional" order="30.0"/>
    <link:loc xlink:type="locator" xlink:href="../../c-ross_core_2015-12-31.xsd#c-ross_InterestRateRiskInterestRateDerivativesGovernmentBondFuturesUnqualifiedHedgingRiskFactor" xlink:label="InterestRateRiskInterestRateDerivativesGovernmentBondFuturesUnqualifiedHedgingRiskFactor" xlink:title="InterestRateRiskInterestRateDerivativesGovernmentBondFuturesUnqualifiedHedgingRiskFactor"/>
    <link:definitionArc xlink:type="arc" xlink:arcrole="http://xbrl.org/int/dim/arcrole/domain-member" xlink:from="InterestRateRiskInterestRateDerivativesGovernmentBondFuturesUnqualifiedHedgingLineItems" xlink:to="InterestRateRiskInterestRateDerivativesGovernmentBondFuturesUnqualifiedHedgingRiskFactor" xlink:title="definition: InterestRateRiskInterestRateDerivativesGovernmentBondFuturesUnqualifiedHedgingLineItems to InterestRateRiskInterestRateDerivativesGovernmentBondFuturesUnqualifiedHedgingRiskFactor" use="optional" order="40.0"/>
    <link:loc xlink:type="locator" xlink:href="../../c-ross_core_2015-12-31.xsd#c-ross_InterestRateRiskInterestRateDerivativesGovernmentBondFuturesUnqualifiedHedgingMinimumCapital" xlink:label="InterestRateRiskInterestRateDerivativesGovernmentBondFuturesUnqualifiedHedgingMinimumCapital" xlink:title="InterestRateRiskInterestRateDerivativesGovernmentBondFuturesUnqualifiedHedgingMinimumCapital"/>
    <link:definitionArc xlink:type="arc" xlink:arcrole="http://xbrl.org/int/dim/arcrole/domain-member" xlink:from="InterestRateRiskInterestRateDerivativesGovernmentBondFuturesUnqualifiedHedgingLineItems" xlink:to="InterestRateRiskInterestRateDerivativesGovernmentBondFuturesUnqualifiedHedgingMinimumCapital" xlink:title="definition: InterestRateRiskInterestRateDerivativesGovernmentBondFuturesUnqualifiedHedgingLineItems to InterestRateRiskInterestRateDerivativesGovernmentBondFuturesUnqualifiedHedgingMinimumCapital" use="optional" order="50.0"/>
  </link:definitionLink>
</link:linkbase>
