<?xml version="1.0" encoding="UTF-8"?>

<!--
	Taxonomy: 2015-12-31 (Final)
	**********************
	Copyright © 2015 China Insurance Regulatory Commission.
	All rights reserved.  No part of this publication may be translated, reprinted or reproduced
	or utilised in any form either in whole or in part without prior permission in writing from China Insurance Regulatory Commission.
	  **********************
	-->
<link:linkbase xmlns:xsi="http://www.w3.org/2001/XMLSchema-instance" xsi:schemaLocation="http://www.xbrl.org/2003/linkbase http://www.xbrl.org/2003/xbrl-linkbase-2003-12-31.xsd" xmlns:c-ross="http://xbrl.circ.gov.cn/taxonomy/2015-12-31/c-ross" xmlns:link="http://www.xbrl.org/2003/linkbase" xmlns:q_s_pc_entry_point="http://xbrl.circ.gov.cn/taxonomy/2015-12-31/c-ross/q_s_pc_entry_point" xmlns:xlink="http://www.w3.org/1999/xlink" xmlns:xbrli="http://www.xbrl.org/2003/instance" xmlns:xbrldt="http://xbrl.org/2005/xbrldt">
  <link:roleRef roleURI="http://xbrl.circ.gov.cn/role/c-ross_2015-12-31_role-3162400" xlink:type="simple" xlink:href="rol_c-ross_7_2015-12-31.xsd#c-ross_2015-12-31-3162400"/>
  <link:roleRef roleURI="http://xbrl.circ.gov.cn/role/c-ross_2015-12-31_role-3162400a" xlink:type="simple" xlink:href="rol_c-ross_7_2015-12-31.xsd#c-ross_2015-12-31-3162400a"/>
  <link:roleRef roleURI="http://xbrl.circ.gov.cn/role/c-ross_2015-12-31_role-3162400b" xlink:type="simple" xlink:href="rol_c-ross_7_2015-12-31.xsd#c-ross_2015-12-31-3162400b"/>
  <link:roleRef roleURI="http://xbrl.circ.gov.cn/role/c-ross_2015-12-31_role-3162400c" xlink:type="simple" xlink:href="rol_c-ross_7_2015-12-31.xsd#c-ross_2015-12-31-3162400c"/>
  <link:roleRef roleURI="http://xbrl.circ.gov.cn/role/c-ross_2015-12-31_role-3162400d" xlink:type="simple" xlink:href="rol_c-ross_7_2015-12-31.xsd#c-ross_2015-12-31-3162400d"/>
  <link:arcroleRef arcroleURI="http://xbrl.org/int/dim/arcrole/all" xlink:type="simple" xlink:href="http://www.xbrl.org/2005/xbrldt-2005.xsd#all"/>
  <link:arcroleRef arcroleURI="http://xbrl.org/int/dim/arcrole/dimension-default" xlink:type="simple" xlink:href="http://www.xbrl.org/2005/xbrldt-2005.xsd#dimension-default"/>
  <link:arcroleRef arcroleURI="http://xbrl.org/int/dim/arcrole/dimension-domain" xlink:type="simple" xlink:href="http://www.xbrl.org/2005/xbrldt-2005.xsd#dimension-domain"/>
  <link:arcroleRef arcroleURI="http://xbrl.org/int/dim/arcrole/domain-member" xlink:type="simple" xlink:href="http://www.xbrl.org/2005/xbrldt-2005.xsd#domain-member"/>
  <link:arcroleRef arcroleURI="http://xbrl.org/int/dim/arcrole/hypercube-dimension" xlink:type="simple" xlink:href="http://www.xbrl.org/2005/xbrldt-2005.xsd#hypercube-dimension"/>
  <link:arcroleRef arcroleURI="http://xbrl.org/int/dim/arcrole/notAll" xlink:type="simple" xlink:href="http://www.xbrl.org/2005/xbrldt-2005.xsd#notAll"/>
  <link:definitionLink xlink:type="extended" xlink:role="http://xbrl.circ.gov.cn/role/c-ross_2015-12-31_role-3162400">
    <link:loc xlink:type="locator" xlink:href="../../c-ross_core_2015-12-31.xsd#c-ross_TypesOfAssetsHeldMember" xlink:label="TypesOfAssetsHeldMember" xlink:title="TypesOfAssetsHeldMember"/>
    <link:loc xlink:type="locator" xlink:href="../../c-ross_core_2015-12-31.xsd#c-ross_HeldByLookThroughMethodMember" xlink:label="HeldByLookThroughMethodMember" xlink:title="HeldByLookThroughMethodMember"/>
    <link:definitionArc xlink:type="arc" xlink:arcrole="http://xbrl.org/int/dim/arcrole/domain-member" xlink:from="TypesOfAssetsHeldMember" xlink:to="HeldByLookThroughMethodMember" xlink:title="definition: TypesOfAssetsHeldMember to HeldByLookThroughMethodMember" order="10.0"/>
    <link:loc xlink:type="locator" xlink:href="../../c-ross_core_2015-12-31.xsd#c-ross_ExcludedTable" xlink:label="Excluded" xlink:title="Excluded"/>
    <link:loc xlink:type="locator" xlink:href="../../c-ross_core_2015-12-31.xsd#c-ross_FormsOfInvestmentPropertyHeldAxis" xlink:label="FormsOfInvestmentPropertyHeldAxis" xlink:title="FormsOfInvestmentPropertyHeldAxis"/>
    <link:definitionArc xlink:type="arc" xlink:arcrole="http://xbrl.org/int/dim/arcrole/hypercube-dimension" xlink:from="Excluded" xlink:to="FormsOfInvestmentPropertyHeldAxis" xlink:title="definition: Excluded to FormsOfInvestmentPropertyHeldAxis" use="optional" order="10.0"/>
    <link:loc xlink:type="locator" xlink:href="../../c-ross_core_2015-12-31.xsd#c-ross_FormsOfInvestmentPropertyHeldMember" xlink:label="FormsOfInvestmentPropertyHeldMember_2" xlink:title="FormsOfInvestmentPropertyHeldMember"/>
    <link:definitionArc xlink:type="arc" xlink:arcrole="http://xbrl.org/int/dim/arcrole/dimension-default" xlink:from="FormsOfInvestmentPropertyHeldAxis" xlink:to="FormsOfInvestmentPropertyHeldMember_2" xlink:title="definition: FormsOfInvestmentPropertyHeldAxis to FormsOfInvestmentPropertyHeldMember" use="optional" order="20.0"/>
    <link:loc xlink:type="locator" xlink:href="../../c-ross_core_2015-12-31.xsd#c-ross_FormsOfInvestmentPropertyHeldMember" xlink:label="FormsOfInvestmentPropertyHeldMember" xlink:title="FormsOfInvestmentPropertyHeldMember"/>
    <link:definitionArc xlink:type="arc" xlink:arcrole="http://xbrl.org/int/dim/arcrole/dimension-domain" xlink:from="FormsOfInvestmentPropertyHeldAxis" xlink:to="FormsOfInvestmentPropertyHeldMember" xlink:title="definition: FormsOfInvestmentPropertyHeldAxis to FormsOfInvestmentPropertyHeldMember" use="optional" order="10.0"/>
    <link:loc xlink:type="locator" xlink:href="../../c-ross_core_2015-12-31.xsd#c-ross_InvestmentPropertyHeldAsRealPropertyMember" xlink:label="InvestmentPropertyHeldAsRealPropertyMember" xlink:title="InvestmentPropertyHeldAsRealPropertyMember"/>
    <link:definitionArc xlink:type="arc" xlink:arcrole="http://xbrl.org/int/dim/arcrole/domain-member" xlink:from="FormsOfInvestmentPropertyHeldMember" xlink:to="InvestmentPropertyHeldAsRealPropertyMember" xlink:title="definition: FormsOfInvestmentPropertyHeldMember to InvestmentPropertyHeldAsRealPropertyMember" use="optional" order="10.0"/>
    <link:loc xlink:type="locator" xlink:href="../../c-ross_core_2015-12-31.xsd#c-ross_InvestmentPropertyHeldThroughProjectCompanyMember" xlink:label="InvestmentPropertyHeldThroughProjectCompanyMember" xlink:title="InvestmentPropertyHeldThroughProjectCompanyMember"/>
    <link:definitionArc xlink:type="arc" xlink:arcrole="http://xbrl.org/int/dim/arcrole/domain-member" xlink:from="FormsOfInvestmentPropertyHeldMember" xlink:to="InvestmentPropertyHeldThroughProjectCompanyMember" xlink:title="definition: FormsOfInvestmentPropertyHeldMember to InvestmentPropertyHeldThroughProjectCompanyMember" use="optional" order="20.0"/>
    <link:loc xlink:type="locator" xlink:href="../../c-ross_core_2015-12-31.xsd#c-ross_PropertyPriceRiskInvestmentPropertyTable" xlink:label="AssetRiskOfPropertyPriceRiskDetailsTable" xlink:title="AssetRiskOfPropertyPriceRiskDetailsTable"/>
    <link:loc xlink:type="locator" xlink:href="../../c-ross_core_2015-12-31.xsd#c-ross_TypesOfInvestmentPropertyHeldAxis" xlink:label="TypesOfInvestmentPropertyHeldAxis" xlink:title="TypesOfInvestmentPropertyHeldAxis"/>
    <link:definitionArc xlink:type="arc" xlink:arcrole="http://xbrl.org/int/dim/arcrole/hypercube-dimension" xlink:from="AssetRiskOfPropertyPriceRiskDetailsTable" xlink:to="TypesOfInvestmentPropertyHeldAxis" xlink:title="definition: AssetRiskOfPropertyPriceRiskDetailsTable to TypesOfInvestmentPropertyHeldAxis" use="optional" order="10.0"/>
    <link:definitionArc xlink:type="arc" xlink:arcrole="http://xbrl.org/int/dim/arcrole/dimension-domain" xlink:from="TypesOfInvestmentPropertyHeldAxis" xlink:to="TypesOfAssetsHeldMember" xlink:title="definition: TypesOfInvestmentPropertyHeldAxis to TypesOfAssetsHeldMember" use="optional" order="10.0"/>
    <link:loc xlink:type="locator" xlink:href="../../c-ross_core_2015-12-31.xsd#c-ross_TypesOfAssetsHeldMember" xlink:label="TypesOfAssetsHeldMember_2" xlink:title="TypesOfAssetsHeldMember"/>
    <link:definitionArc xlink:type="arc" xlink:arcrole="http://xbrl.org/int/dim/arcrole/dimension-default" xlink:from="TypesOfInvestmentPropertyHeldAxis" xlink:to="TypesOfAssetsHeldMember_2" xlink:title="definition: TypesOfInvestmentPropertyHeldAxis to TypesOfAssetsHeldMember" use="optional" order="20.0"/>
    <link:definitionArc xlink:type="arc" xlink:arcrole="http://xbrl.org/int/dim/arcrole/hypercube-dimension" xlink:from="AssetRiskOfPropertyPriceRiskDetailsTable" xlink:to="FormsOfInvestmentPropertyHeldAxis" xlink:title="definition: AssetRiskOfPropertyPriceRiskDetailsTable to FormsOfInvestmentPropertyHeldAxis" use="optional" order="20.0"/>
    <link:loc xlink:type="locator" xlink:href="../../c-ross_core_2015-12-31.xsd#c-ross_AccountingMethodOfInvestmentPropertyAxis" xlink:label="AccountingMethodOfInvestmentPropertyAxis" xlink:title="AccountingMethodOfInvestmentPropertyAxis"/>
    <link:definitionArc xlink:type="arc" xlink:arcrole="http://xbrl.org/int/dim/arcrole/hypercube-dimension" xlink:from="AssetRiskOfPropertyPriceRiskDetailsTable" xlink:to="AccountingMethodOfInvestmentPropertyAxis" xlink:title="definition: AssetRiskOfPropertyPriceRiskDetailsTable to AccountingMethodOfInvestmentPropertyAxis" use="optional" order="30.0"/>
    <link:loc xlink:type="locator" xlink:href="../../c-ross_core_2015-12-31.xsd#c-ross_AccountingMethodOfInvestmentPropertyMember" xlink:label="AccountingMethodOfInvestmentPropertyMember" xlink:title="AccountingMethodOfInvestmentPropertyMember"/>
    <link:definitionArc xlink:type="arc" xlink:arcrole="http://xbrl.org/int/dim/arcrole/dimension-domain" xlink:from="AccountingMethodOfInvestmentPropertyAxis" xlink:to="AccountingMethodOfInvestmentPropertyMember" xlink:title="definition: AccountingMethodOfInvestmentPropertyAxis to AccountingMethodOfInvestmentPropertyMember" order="10.0"/>
    <link:loc xlink:type="locator" xlink:href="../../c-ross_core_2015-12-31.xsd#c-ross_AccountingMethodOfInvestmentPropertyMember" xlink:label="AccountingMethodOfInvestmentPropertyMember_2" xlink:title="AccountingMethodOfInvestmentPropertyMember"/>
    <link:definitionArc xlink:type="arc" xlink:arcrole="http://xbrl.org/int/dim/arcrole/dimension-default" xlink:from="AccountingMethodOfInvestmentPropertyAxis" xlink:to="AccountingMethodOfInvestmentPropertyMember_2" xlink:title="definition: AccountingMethodOfInvestmentPropertyAxis to AccountingMethodOfInvestmentPropertyMember" use="optional" order="20.0"/>
    <link:loc xlink:type="locator" xlink:href="../../c-ross_core_2015-12-31.xsd#c-ross_CostMethodMember" xlink:label="CostMethodMember" xlink:title="CostMethodMember"/>
    <link:definitionArc xlink:type="arc" xlink:arcrole="http://xbrl.org/int/dim/arcrole/domain-member" xlink:from="AccountingMethodOfInvestmentPropertyMember" xlink:to="CostMethodMember" xlink:title="definition: AccountingMethodOfInvestmentPropertyMember to CostMethodMember" use="optional" order="10.0"/>
    <link:loc xlink:type="locator" xlink:href="../../c-ross_core_2015-12-31.xsd#c-ross_FairValueMethodMember" xlink:label="FairValueMethodMember" xlink:title="FairValueMethodMember"/>
    <link:definitionArc xlink:type="arc" xlink:arcrole="http://xbrl.org/int/dim/arcrole/domain-member" xlink:from="AccountingMethodOfInvestmentPropertyMember" xlink:to="FairValueMethodMember" xlink:title="definition: AccountingMethodOfInvestmentPropertyMember to FairValueMethodMember" use="optional" order="20.0"/>
    <link:loc xlink:type="locator" xlink:href="../../c-ross_core_2015-12-31.xsd#c-ross_PropertyPriceRiskInvestmentPropertyLineItems" xlink:label="AssetRiskOfPropertyPriceRiskDetailsLineItems" xlink:title="AssetRiskOfPropertyPriceRiskDetailsLineItems"/>
    <link:loc xlink:type="locator" xlink:href="../../c-ross_core_2015-12-31.xsd#c-ross_PropertyPriceRiskInvestmentPropertyAssetDetails" xlink:label="PriceRiskInvestmentPropertyAssetDetails" xlink:title="PriceRiskInvestmentPropertyAssetDetails"/>
    <link:definitionArc xlink:type="arc" xlink:arcrole="http://xbrl.org/int/dim/arcrole/domain-member" xlink:from="AssetRiskOfPropertyPriceRiskDetailsLineItems" xlink:to="PriceRiskInvestmentPropertyAssetDetails" xlink:title="definition: AssetRiskOfPropertyPriceRiskDetailsLineItems to PriceRiskInvestmentPropertyAssetDetails" use="optional" order="10.0"/>
    <link:definitionArc xlink:type="arc" xlink:arcrole="http://xbrl.org/int/dim/arcrole/notAll" xlink:from="PriceRiskInvestmentPropertyAssetDetails" xlink:to="Excluded" xlink:title="definition: PriceRiskInvestmentPropertyAssetDetails to Excluded" use="optional" order="10.0" xbrldt:contextElement="scenario"/>
    <link:loc xlink:type="locator" xlink:href="../../c-ross_core_2015-12-31.xsd#c-ross_PropertyPriceRiskInvestmentPropertyPurchaseCost" xlink:label="PriceRiskInvestmentPropertyPurchaseCost" xlink:title="PriceRiskInvestmentPropertyPurchaseCost"/>
    <link:definitionArc xlink:type="arc" xlink:arcrole="http://xbrl.org/int/dim/arcrole/domain-member" xlink:from="AssetRiskOfPropertyPriceRiskDetailsLineItems" xlink:to="PriceRiskInvestmentPropertyPurchaseCost" xlink:title="definition: AssetRiskOfPropertyPriceRiskDetailsLineItems to PriceRiskInvestmentPropertyPurchaseCost" use="optional" order="20.0"/>
    <link:loc xlink:type="locator" xlink:href="../../c-ross_core_2015-12-31.xsd#c-ross_PropertyPriceRiskInvestmentPropertyLocation" xlink:label="PriceRiskInvestmentPropertyLocation" xlink:title="PriceRiskInvestmentPropertyLocation"/>
    <link:definitionArc xlink:type="arc" xlink:arcrole="http://xbrl.org/int/dim/arcrole/domain-member" xlink:from="AssetRiskOfPropertyPriceRiskDetailsLineItems" xlink:to="PriceRiskInvestmentPropertyLocation" xlink:title="definition: AssetRiskOfPropertyPriceRiskDetailsLineItems to PriceRiskInvestmentPropertyLocation" use="optional" order="30.0"/>
    <link:definitionArc xlink:type="arc" xlink:arcrole="http://xbrl.org/int/dim/arcrole/notAll" xlink:from="PriceRiskInvestmentPropertyLocation" xlink:to="Excluded" xlink:title="definition: PriceRiskInvestmentPropertyLocation to Excluded" order="10.0" xbrldt:contextElement="scenario"/>
    <link:loc xlink:type="locator" xlink:href="../../c-ross_core_2015-12-31.xsd#c-ross_PropertyPriceRiskInvestmentPropertyAdmittedValue" xlink:label="PriceRiskInvestmentPropertyAdmittedValue" xlink:title="PriceRiskInvestmentPropertyAdmittedValue"/>
    <link:definitionArc xlink:type="arc" xlink:arcrole="http://xbrl.org/int/dim/arcrole/domain-member" xlink:from="AssetRiskOfPropertyPriceRiskDetailsLineItems" xlink:to="PriceRiskInvestmentPropertyAdmittedValue" xlink:title="definition: AssetRiskOfPropertyPriceRiskDetailsLineItems to PriceRiskInvestmentPropertyAdmittedValue" use="optional" order="40.0"/>
    <link:loc xlink:type="locator" xlink:href="../../c-ross_core_2015-12-31.xsd#c-ross_PropertyPriceRiskInvestmentPropertyRiskExposure" xlink:label="PriceRiskInvestmentPropertyRiskExposure" xlink:title="PriceRiskInvestmentPropertyRiskExposure"/>
    <link:definitionArc xlink:type="arc" xlink:arcrole="http://xbrl.org/int/dim/arcrole/domain-member" xlink:from="AssetRiskOfPropertyPriceRiskDetailsLineItems" xlink:to="PriceRiskInvestmentPropertyRiskExposure" xlink:title="definition: AssetRiskOfPropertyPriceRiskDetailsLineItems to PriceRiskInvestmentPropertyRiskExposure" use="optional" order="50.0"/>
    <link:loc xlink:type="locator" xlink:href="../../c-ross_core_2015-12-31.xsd#c-ross_PropertyPriceRiskInvestmentPropertyBaseRiskFactor" xlink:label="PriceRiskInvestmentPropertyBaseRiskFactor" xlink:title="PriceRiskInvestmentPropertyBaseRiskFactor"/>
    <link:definitionArc xlink:type="arc" xlink:arcrole="http://xbrl.org/int/dim/arcrole/domain-member" xlink:from="AssetRiskOfPropertyPriceRiskDetailsLineItems" xlink:to="PriceRiskInvestmentPropertyBaseRiskFactor" xlink:title="definition: AssetRiskOfPropertyPriceRiskDetailsLineItems to PriceRiskInvestmentPropertyBaseRiskFactor" use="optional" order="60.0"/>
    <link:definitionArc xlink:type="arc" xlink:arcrole="http://xbrl.org/int/dim/arcrole/notAll" xlink:from="PriceRiskInvestmentPropertyBaseRiskFactor" xlink:to="Excluded" xlink:title="definition: PriceRiskInvestmentPropertyBaseRiskFactor to Excluded" use="optional" order="10.0" xbrldt:contextElement="scenario"/>
    <link:loc xlink:type="locator" xlink:href="../../c-ross_core_2015-12-31.xsd#c-ross_PropertyPriceRiskInvestmentPropertyRiskFactorOne" xlink:label="PriceRiskInvestmentPropertyRiskFactorOne" xlink:title="PriceRiskInvestmentPropertyRiskFactorOne"/>
    <link:definitionArc xlink:type="arc" xlink:arcrole="http://xbrl.org/int/dim/arcrole/domain-member" xlink:from="AssetRiskOfPropertyPriceRiskDetailsLineItems" xlink:to="PriceRiskInvestmentPropertyRiskFactorOne" xlink:title="definition: AssetRiskOfPropertyPriceRiskDetailsLineItems to PriceRiskInvestmentPropertyRiskFactorOne" use="optional" order="70.0"/>
    <link:definitionArc xlink:type="arc" xlink:arcrole="http://xbrl.org/int/dim/arcrole/notAll" xlink:from="PriceRiskInvestmentPropertyRiskFactorOne" xlink:to="Excluded" xlink:title="definition: PriceRiskInvestmentPropertyRiskFactorOne to Excluded" use="optional" order="10.0" xbrldt:contextElement="scenario"/>
    <link:loc xlink:type="locator" xlink:href="../../c-ross_core_2015-12-31.xsd#c-ross_PropertyPriceRiskInvestmentPropertyRiskFactorTwo" xlink:label="PriceRiskInvestmentPropertyRiskFactorTwo" xlink:title="PriceRiskInvestmentPropertyRiskFactorTwo"/>
    <link:definitionArc xlink:type="arc" xlink:arcrole="http://xbrl.org/int/dim/arcrole/domain-member" xlink:from="AssetRiskOfPropertyPriceRiskDetailsLineItems" xlink:to="PriceRiskInvestmentPropertyRiskFactorTwo" xlink:title="definition: AssetRiskOfPropertyPriceRiskDetailsLineItems to PriceRiskInvestmentPropertyRiskFactorTwo" use="optional" order="80.0"/>
    <link:definitionArc xlink:type="arc" xlink:arcrole="http://xbrl.org/int/dim/arcrole/notAll" xlink:from="PriceRiskInvestmentPropertyRiskFactorTwo" xlink:to="Excluded" xlink:title="definition: PriceRiskInvestmentPropertyRiskFactorTwo to Excluded" use="optional" order="10.0" xbrldt:contextElement="scenario"/>
    <link:loc xlink:type="locator" xlink:href="../../c-ross_core_2015-12-31.xsd#c-ross_PropertyPriceRiskInvestmentPropertyRiskFactorThree" xlink:label="PriceRiskInvestmentPropertyRiskFactorThree" xlink:title="PriceRiskInvestmentPropertyRiskFactorThree"/>
    <link:definitionArc xlink:type="arc" xlink:arcrole="http://xbrl.org/int/dim/arcrole/domain-member" xlink:from="AssetRiskOfPropertyPriceRiskDetailsLineItems" xlink:to="PriceRiskInvestmentPropertyRiskFactorThree" xlink:title="definition: AssetRiskOfPropertyPriceRiskDetailsLineItems to PriceRiskInvestmentPropertyRiskFactorThree" use="optional" order="90.0"/>
    <link:definitionArc xlink:type="arc" xlink:arcrole="http://xbrl.org/int/dim/arcrole/notAll" xlink:from="PriceRiskInvestmentPropertyRiskFactorThree" xlink:to="Excluded" xlink:title="definition: PriceRiskInvestmentPropertyRiskFactorThree to Excluded" use="optional" order="10.0" xbrldt:contextElement="scenario"/>
    <link:loc xlink:type="locator" xlink:href="../../c-ross_core_2015-12-31.xsd#c-ross_MarketRiskMinimumCapitalForPropertyPriceRisk" xlink:label="MarketRiskMinimumCapitalForPropertyPriceRisk" xlink:title="MarketRiskMinimumCapitalForPropertyPriceRisk"/>
    <link:definitionArc xlink:type="arc" xlink:arcrole="http://xbrl.org/int/dim/arcrole/domain-member" xlink:from="AssetRiskOfPropertyPriceRiskDetailsLineItems" xlink:to="MarketRiskMinimumCapitalForPropertyPriceRisk" xlink:title="definition: AssetRiskOfPropertyPriceRiskDetailsLineItems to MarketRiskMinimumCapitalForPropertyPriceRisk" use="optional" order="100.0"/>
    <link:loc xlink:type="locator" xlink:href="../../c-ross_core_2015-12-31.xsd#c-ross_PropertyPriceRiskInvestmentPropertyHeldByLookThroughMethodAbstract" xlink:label="AssetRiskOfPropertyPriceRiskHeldByLookThroughMethodDetailsAbstract" xlink:title="AssetRiskOfPropertyPriceRiskHeldByLookThroughMethodDetailsAbstract"/>
    <link:definitionArc xlink:type="arc" xlink:arcrole="http://xbrl.org/int/dim/arcrole/all" xlink:from="AssetRiskOfPropertyPriceRiskHeldByLookThroughMethodDetailsAbstract" xlink:to="AssetRiskOfPropertyPriceRiskDetailsTable" xlink:title="definition: AssetRiskOfPropertyPriceRiskHeldByLookThroughMethodDetailsAbstract to AssetRiskOfPropertyPriceRiskDetailsTable" use="optional" order="10.0" xbrldt:closed="true" xbrldt:contextElement="scenario"/>
    <link:definitionArc xlink:type="arc" xlink:arcrole="http://xbrl.org/int/dim/arcrole/domain-member" xlink:from="AssetRiskOfPropertyPriceRiskHeldByLookThroughMethodDetailsAbstract" xlink:to="AssetRiskOfPropertyPriceRiskDetailsLineItems" xlink:title="definition: AssetRiskOfPropertyPriceRiskHeldByLookThroughMethodDetailsAbstract to AssetRiskOfPropertyPriceRiskDetailsLineItems" use="optional" order="20.0"/>
  </link:definitionLink>
  <link:definitionLink xlink:type="extended" xlink:role="http://xbrl.circ.gov.cn/role/c-ross_2015-12-31_role-3162400a">
    <link:loc xlink:type="locator" xlink:href="../../c-ross_core_2015-12-31.xsd#c-ross_TypesOfAssetsHeldMember" xlink:label="TypesOfAssetsHeldMember" xlink:title="TypesOfAssetsHeldMember"/>
    <link:loc xlink:type="locator" xlink:href="../../c-ross_core_2015-12-31.xsd#c-ross_HeldByLookThroughMethodMember" xlink:label="HeldByLookThroughMethodMember" xlink:title="HeldByLookThroughMethodMember"/>
    <link:definitionArc xlink:type="arc" xlink:arcrole="http://xbrl.org/int/dim/arcrole/domain-member" xlink:from="TypesOfAssetsHeldMember" xlink:to="HeldByLookThroughMethodMember" xlink:title="definition: TypesOfAssetsHeldMember to HeldByLookThroughMethodMember" use="optional" order="10.0"/>
    <link:loc xlink:type="locator" xlink:href="../../c-ross_core_2015-12-31.xsd#c-ross_FormsOfInvestmentPropertyHeldAxis" xlink:label="FormsOfInvestmentPropertyHeldAxis" xlink:title="FormsOfInvestmentPropertyHeldAxis"/>
    <link:loc xlink:type="locator" xlink:href="../../c-ross_core_2015-12-31.xsd#c-ross_FormsOfInvestmentPropertyHeldMember" xlink:label="FormsOfInvestmentPropertyHeldMember" xlink:title="FormsOfInvestmentPropertyHeldMember"/>
    <link:definitionArc xlink:type="arc" xlink:arcrole="http://xbrl.org/int/dim/arcrole/dimension-domain" xlink:from="FormsOfInvestmentPropertyHeldAxis" xlink:to="FormsOfInvestmentPropertyHeldMember" xlink:title="definition: FormsOfInvestmentPropertyHeldAxis to FormsOfInvestmentPropertyHeldMember" use="optional" order="10.0"/>
    <link:loc xlink:type="locator" xlink:href="../../c-ross_core_2015-12-31.xsd#c-ross_InvestmentPropertyHeldAsRealPropertyMember" xlink:label="InvestmentPropertyHeldAsRealPropertyMember" xlink:title="InvestmentPropertyHeldAsRealPropertyMember"/>
    <link:definitionArc xlink:type="arc" xlink:arcrole="http://xbrl.org/int/dim/arcrole/domain-member" xlink:from="FormsOfInvestmentPropertyHeldMember" xlink:to="InvestmentPropertyHeldAsRealPropertyMember" xlink:title="definition: FormsOfInvestmentPropertyHeldMember to InvestmentPropertyHeldAsRealPropertyMember" use="optional" order="10.0"/>
    <link:loc xlink:type="locator" xlink:href="../../c-ross_core_2015-12-31.xsd#c-ross_ExcludedTable" xlink:label="Excluded" xlink:title="Excluded"/>
    <link:loc xlink:type="locator" xlink:href="../../c-ross_core_2015-12-31.xsd#c-ross_PropertyPriceRiskInvestmentPropertyHeldByLookThroughMethodInvestmentPropertyHeldAsRealPropertyByCostMethodLineNumberAxis" xlink:label="PriceRiskInvestmentPropertyHeldByLookThroughMethodInvestmentPropertyHeldAsRealPropertyByCostMethodLineNumberAxis" xlink:title="PriceRiskInvestmentPropertyHeldByLookThroughMethodInvestmentPropertyHeldAsRealPropertyByCostMethodLineNumberAxis"/>
    <link:definitionArc xlink:type="arc" xlink:arcrole="http://xbrl.org/int/dim/arcrole/hypercube-dimension" xlink:from="Excluded" xlink:to="PriceRiskInvestmentPropertyHeldByLookThroughMethodInvestmentPropertyHeldAsRealPropertyByCostMethodLineNumberAxis" xlink:title="definition: Excluded to PriceRiskInvestmentPropertyHeldByLookThroughMethodInvestmentPropertyHeldAsRealPropertyByCostMethodLineNumberAxis" use="optional" order="10.0"/>
    <link:loc xlink:type="locator" xlink:href="../../c-ross_core_2015-12-31.xsd#c-ross_PropertyPriceRiskInvestmentPropertyTable" xlink:label="AssetRiskOfPropertyPriceRiskDetailsTable" xlink:title="AssetRiskOfPropertyPriceRiskDetailsTable"/>
    <link:loc xlink:type="locator" xlink:href="../../c-ross_core_2015-12-31.xsd#c-ross_TypesOfInvestmentPropertyHeldAxis" xlink:label="TypesOfInvestmentPropertyHeldAxis" xlink:title="TypesOfInvestmentPropertyHeldAxis"/>
    <link:definitionArc xlink:type="arc" xlink:arcrole="http://xbrl.org/int/dim/arcrole/hypercube-dimension" xlink:from="AssetRiskOfPropertyPriceRiskDetailsTable" xlink:to="TypesOfInvestmentPropertyHeldAxis" xlink:title="definition: AssetRiskOfPropertyPriceRiskDetailsTable to TypesOfInvestmentPropertyHeldAxis" use="optional" order="10.0"/>
    <link:definitionArc xlink:type="arc" xlink:arcrole="http://xbrl.org/int/dim/arcrole/dimension-domain" xlink:from="TypesOfInvestmentPropertyHeldAxis" xlink:to="TypesOfAssetsHeldMember" xlink:title="definition: TypesOfInvestmentPropertyHeldAxis to TypesOfAssetsHeldMember" use="optional" order="10.0"/>
    <link:definitionArc xlink:type="arc" xlink:arcrole="http://xbrl.org/int/dim/arcrole/hypercube-dimension" xlink:from="AssetRiskOfPropertyPriceRiskDetailsTable" xlink:to="FormsOfInvestmentPropertyHeldAxis" xlink:title="definition: AssetRiskOfPropertyPriceRiskDetailsTable to FormsOfInvestmentPropertyHeldAxis" use="optional" order="20.0"/>
    <link:loc xlink:type="locator" xlink:href="../../c-ross_core_2015-12-31.xsd#c-ross_AccountingMethodOfInvestmentPropertyAxis" xlink:label="AccountingMethodOfInvestmentPropertyAxis" xlink:title="AccountingMethodOfInvestmentPropertyAxis"/>
    <link:definitionArc xlink:type="arc" xlink:arcrole="http://xbrl.org/int/dim/arcrole/hypercube-dimension" xlink:from="AssetRiskOfPropertyPriceRiskDetailsTable" xlink:to="AccountingMethodOfInvestmentPropertyAxis" xlink:title="definition: AssetRiskOfPropertyPriceRiskDetailsTable to AccountingMethodOfInvestmentPropertyAxis" use="optional" order="30.0"/>
    <link:loc xlink:type="locator" xlink:href="../../c-ross_core_2015-12-31.xsd#c-ross_AccountingMethodOfInvestmentPropertyMember" xlink:label="AccountingMethodOfInvestmentPropertyMember" xlink:title="AccountingMethodOfInvestmentPropertyMember"/>
    <link:definitionArc xlink:type="arc" xlink:arcrole="http://xbrl.org/int/dim/arcrole/dimension-domain" xlink:from="AccountingMethodOfInvestmentPropertyAxis" xlink:to="AccountingMethodOfInvestmentPropertyMember" xlink:title="definition: AccountingMethodOfInvestmentPropertyAxis to AccountingMethodOfInvestmentPropertyMember" use="optional" order="10.0"/>
    <link:loc xlink:type="locator" xlink:href="../../c-ross_core_2015-12-31.xsd#c-ross_CostMethodMember" xlink:label="CostMethodMember" xlink:title="CostMethodMember"/>
    <link:definitionArc xlink:type="arc" xlink:arcrole="http://xbrl.org/int/dim/arcrole/domain-member" xlink:from="AccountingMethodOfInvestmentPropertyMember" xlink:to="CostMethodMember" xlink:title="definition: AccountingMethodOfInvestmentPropertyMember to CostMethodMember" use="optional" order="10.0"/>
    <link:definitionArc xlink:type="arc" xlink:arcrole="http://xbrl.org/int/dim/arcrole/hypercube-dimension" xlink:from="AssetRiskOfPropertyPriceRiskDetailsTable" xlink:to="PriceRiskInvestmentPropertyHeldByLookThroughMethodInvestmentPropertyHeldAsRealPropertyByCostMethodLineNumberAxis" xlink:title="definition: AssetRiskOfPropertyPriceRiskDetailsTable to PriceRiskInvestmentPropertyHeldByLookThroughMethodInvestmentPropertyHeldAsRealPropertyByCostMethodLineNumberAxis" use="optional" order="40.0"/>
    <link:loc xlink:type="locator" xlink:href="../../c-ross_core_2015-12-31.xsd#c-ross_PropertyPriceRiskInvestmentPropertyLineItems" xlink:label="AssetRiskOfPropertyPriceRiskDetailsLineItems" xlink:title="AssetRiskOfPropertyPriceRiskDetailsLineItems"/>
    <link:loc xlink:type="locator" xlink:href="../../c-ross_core_2015-12-31.xsd#c-ross_PropertyPriceRiskInvestmentPropertyAssetDetails" xlink:label="PriceRiskInvestmentPropertyAssetDetails" xlink:title="PriceRiskInvestmentPropertyAssetDetails"/>
    <link:definitionArc xlink:type="arc" xlink:arcrole="http://xbrl.org/int/dim/arcrole/domain-member" xlink:from="AssetRiskOfPropertyPriceRiskDetailsLineItems" xlink:to="PriceRiskInvestmentPropertyAssetDetails" xlink:title="definition: AssetRiskOfPropertyPriceRiskDetailsLineItems to PriceRiskInvestmentPropertyAssetDetails" use="optional" order="10.0"/>
    <link:loc xlink:type="locator" xlink:href="../../c-ross_core_2015-12-31.xsd#c-ross_PropertyPriceRiskInvestmentPropertyPurchaseCost" xlink:label="PriceRiskInvestmentPropertyPurchaseCost" xlink:title="PriceRiskInvestmentPropertyPurchaseCost"/>
    <link:definitionArc xlink:type="arc" xlink:arcrole="http://xbrl.org/int/dim/arcrole/domain-member" xlink:from="AssetRiskOfPropertyPriceRiskDetailsLineItems" xlink:to="PriceRiskInvestmentPropertyPurchaseCost" xlink:title="definition: AssetRiskOfPropertyPriceRiskDetailsLineItems to PriceRiskInvestmentPropertyPurchaseCost" use="optional" order="20.0"/>
    <link:loc xlink:type="locator" xlink:href="../../c-ross_core_2015-12-31.xsd#c-ross_PropertyPriceRiskInvestmentPropertyLocation" xlink:label="PriceRiskInvestmentPropertyLocation" xlink:title="PriceRiskInvestmentPropertyLocation"/>
    <link:definitionArc xlink:type="arc" xlink:arcrole="http://xbrl.org/int/dim/arcrole/domain-member" xlink:from="AssetRiskOfPropertyPriceRiskDetailsLineItems" xlink:to="PriceRiskInvestmentPropertyLocation" xlink:title="definition: AssetRiskOfPropertyPriceRiskDetailsLineItems to PriceRiskInvestmentPropertyLocation" use="optional" order="30.0"/>
    <link:definitionArc xlink:type="arc" xlink:arcrole="http://xbrl.org/int/dim/arcrole/notAll" xlink:from="PriceRiskInvestmentPropertyLocation" xlink:to="Excluded" xlink:title="definition: PriceRiskInvestmentPropertyLocation to Excluded" order="10.0" xbrldt:contextElement="scenario"/>
    <link:loc xlink:type="locator" xlink:href="../../c-ross_core_2015-12-31.xsd#c-ross_PropertyPriceRiskInvestmentPropertyAdmittedValue" xlink:label="PriceRiskInvestmentPropertyAdmittedValue" xlink:title="PriceRiskInvestmentPropertyAdmittedValue"/>
    <link:definitionArc xlink:type="arc" xlink:arcrole="http://xbrl.org/int/dim/arcrole/domain-member" xlink:from="AssetRiskOfPropertyPriceRiskDetailsLineItems" xlink:to="PriceRiskInvestmentPropertyAdmittedValue" xlink:title="definition: AssetRiskOfPropertyPriceRiskDetailsLineItems to PriceRiskInvestmentPropertyAdmittedValue" use="optional" order="40.0"/>
    <link:loc xlink:type="locator" xlink:href="../../c-ross_core_2015-12-31.xsd#c-ross_PropertyPriceRiskInvestmentPropertyRiskExposure" xlink:label="PriceRiskInvestmentPropertyRiskExposure" xlink:title="PriceRiskInvestmentPropertyRiskExposure"/>
    <link:definitionArc xlink:type="arc" xlink:arcrole="http://xbrl.org/int/dim/arcrole/domain-member" xlink:from="AssetRiskOfPropertyPriceRiskDetailsLineItems" xlink:to="PriceRiskInvestmentPropertyRiskExposure" xlink:title="definition: AssetRiskOfPropertyPriceRiskDetailsLineItems to PriceRiskInvestmentPropertyRiskExposure" use="optional" order="50.0"/>
    <link:loc xlink:type="locator" xlink:href="../../c-ross_core_2015-12-31.xsd#c-ross_PropertyPriceRiskInvestmentPropertyBaseRiskFactor" xlink:label="PriceRiskInvestmentPropertyBaseRiskFactor" xlink:title="PriceRiskInvestmentPropertyBaseRiskFactor"/>
    <link:definitionArc xlink:type="arc" xlink:arcrole="http://xbrl.org/int/dim/arcrole/domain-member" xlink:from="AssetRiskOfPropertyPriceRiskDetailsLineItems" xlink:to="PriceRiskInvestmentPropertyBaseRiskFactor" xlink:title="definition: AssetRiskOfPropertyPriceRiskDetailsLineItems to PriceRiskInvestmentPropertyBaseRiskFactor" use="optional" order="60.0"/>
    <link:loc xlink:type="locator" xlink:href="../../c-ross_core_2015-12-31.xsd#c-ross_PropertyPriceRiskInvestmentPropertyRiskFactorOne" xlink:label="PriceRiskInvestmentPropertyRiskFactorOne" xlink:title="PriceRiskInvestmentPropertyRiskFactorOne"/>
    <link:definitionArc xlink:type="arc" xlink:arcrole="http://xbrl.org/int/dim/arcrole/domain-member" xlink:from="AssetRiskOfPropertyPriceRiskDetailsLineItems" xlink:to="PriceRiskInvestmentPropertyRiskFactorOne" xlink:title="definition: AssetRiskOfPropertyPriceRiskDetailsLineItems to PriceRiskInvestmentPropertyRiskFactorOne" use="optional" order="70.0"/>
    <link:definitionArc xlink:type="arc" xlink:arcrole="http://xbrl.org/int/dim/arcrole/notAll" xlink:from="PriceRiskInvestmentPropertyRiskFactorOne" xlink:to="Excluded" xlink:title="definition: PriceRiskInvestmentPropertyRiskFactorOne to Excluded" use="optional" order="10.0" xbrldt:contextElement="scenario"/>
    <link:loc xlink:type="locator" xlink:href="../../c-ross_core_2015-12-31.xsd#c-ross_PropertyPriceRiskInvestmentPropertyRiskFactorTwo" xlink:label="PriceRiskInvestmentPropertyRiskFactorTwo" xlink:title="PriceRiskInvestmentPropertyRiskFactorTwo"/>
    <link:definitionArc xlink:type="arc" xlink:arcrole="http://xbrl.org/int/dim/arcrole/domain-member" xlink:from="AssetRiskOfPropertyPriceRiskDetailsLineItems" xlink:to="PriceRiskInvestmentPropertyRiskFactorTwo" xlink:title="definition: AssetRiskOfPropertyPriceRiskDetailsLineItems to PriceRiskInvestmentPropertyRiskFactorTwo" use="optional" order="80.0"/>
    <link:definitionArc xlink:type="arc" xlink:arcrole="http://xbrl.org/int/dim/arcrole/notAll" xlink:from="PriceRiskInvestmentPropertyRiskFactorTwo" xlink:to="Excluded" xlink:title="definition: PriceRiskInvestmentPropertyRiskFactorTwo to Excluded" use="optional" order="10.0" xbrldt:contextElement="scenario"/>
    <link:loc xlink:type="locator" xlink:href="../../c-ross_core_2015-12-31.xsd#c-ross_PropertyPriceRiskInvestmentPropertyRiskFactorThree" xlink:label="PriceRiskInvestmentPropertyRiskFactorThree" xlink:title="PriceRiskInvestmentPropertyRiskFactorThree"/>
    <link:definitionArc xlink:type="arc" xlink:arcrole="http://xbrl.org/int/dim/arcrole/domain-member" xlink:from="AssetRiskOfPropertyPriceRiskDetailsLineItems" xlink:to="PriceRiskInvestmentPropertyRiskFactorThree" xlink:title="definition: AssetRiskOfPropertyPriceRiskDetailsLineItems to PriceRiskInvestmentPropertyRiskFactorThree" use="optional" order="90.0"/>
    <link:definitionArc xlink:type="arc" xlink:arcrole="http://xbrl.org/int/dim/arcrole/notAll" xlink:from="PriceRiskInvestmentPropertyRiskFactorThree" xlink:to="Excluded" xlink:title="definition: PriceRiskInvestmentPropertyRiskFactorThree to Excluded" use="optional" order="10.0" xbrldt:contextElement="scenario"/>
    <link:loc xlink:type="locator" xlink:href="../../c-ross_core_2015-12-31.xsd#c-ross_MarketRiskMinimumCapitalForPropertyPriceRisk" xlink:label="MarketRiskMinimumCapitalForPropertyPriceRisk" xlink:title="MarketRiskMinimumCapitalForPropertyPriceRisk"/>
    <link:definitionArc xlink:type="arc" xlink:arcrole="http://xbrl.org/int/dim/arcrole/domain-member" xlink:from="AssetRiskOfPropertyPriceRiskDetailsLineItems" xlink:to="MarketRiskMinimumCapitalForPropertyPriceRisk" xlink:title="definition: AssetRiskOfPropertyPriceRiskDetailsLineItems to MarketRiskMinimumCapitalForPropertyPriceRisk" use="optional" order="100.0"/>
    <link:loc xlink:type="locator" xlink:href="../../c-ross_core_2015-12-31.xsd#c-ross_PropertyPriceRiskInvestmentPropertyHeldByLookThroughMethodInvestmentPropertyHeldAsRealPropertyByCostMethodAbstract" xlink:label="AssetRiskOfPropertyPriceRiskHeldByLookThroughMethodInvestmentPropertyHeldAsRealPropertyByCostMethodDetailsAbstract" xlink:title="AssetRiskOfPropertyPriceRiskHeldByLookThroughMethodInvestmentPropertyHeldAsRealPropertyByCostMethodDetailsAbstract"/>
    <link:definitionArc xlink:type="arc" xlink:arcrole="http://xbrl.org/int/dim/arcrole/all" xlink:from="AssetRiskOfPropertyPriceRiskHeldByLookThroughMethodInvestmentPropertyHeldAsRealPropertyByCostMethodDetailsAbstract" xlink:to="AssetRiskOfPropertyPriceRiskDetailsTable" xlink:title="definition: AssetRiskOfPropertyPriceRiskHeldByLookThroughMethodInvestmentPropertyHeldAsRealPropertyByCostMethodDetailsAbstract to AssetRiskOfPropertyPriceRiskDetailsTable" use="optional" order="10.0" xbrldt:closed="true" xbrldt:contextElement="scenario"/>
    <link:definitionArc xlink:type="arc" xlink:arcrole="http://xbrl.org/int/dim/arcrole/domain-member" xlink:from="AssetRiskOfPropertyPriceRiskHeldByLookThroughMethodInvestmentPropertyHeldAsRealPropertyByCostMethodDetailsAbstract" xlink:to="AssetRiskOfPropertyPriceRiskDetailsLineItems" xlink:title="definition: AssetRiskOfPropertyPriceRiskHeldByLookThroughMethodInvestmentPropertyHeldAsRealPropertyByCostMethodDetailsAbstract to AssetRiskOfPropertyPriceRiskDetailsLineItems" use="optional" order="20.0"/>
  </link:definitionLink>
  <link:definitionLink xlink:type="extended" xlink:role="http://xbrl.circ.gov.cn/role/c-ross_2015-12-31_role-3162400c">
    <link:loc xlink:type="locator" xlink:href="../../c-ross_core_2015-12-31.xsd#c-ross_TypesOfAssetsHeldMember" xlink:label="TypesOfAssetsHeldMember" xlink:title="TypesOfAssetsHeldMember"/>
    <link:loc xlink:type="locator" xlink:href="../../c-ross_core_2015-12-31.xsd#c-ross_HeldByLookThroughMethodMember" xlink:label="HeldByLookThroughMethodMember" xlink:title="HeldByLookThroughMethodMember"/>
    <link:definitionArc xlink:type="arc" xlink:arcrole="http://xbrl.org/int/dim/arcrole/domain-member" xlink:from="TypesOfAssetsHeldMember" xlink:to="HeldByLookThroughMethodMember" xlink:title="definition: TypesOfAssetsHeldMember to HeldByLookThroughMethodMember" use="optional" order="10.0"/>
    <link:loc xlink:type="locator" xlink:href="../../c-ross_core_2015-12-31.xsd#c-ross_FormsOfInvestmentPropertyHeldAxis" xlink:label="FormsOfInvestmentPropertyHeldAxis" xlink:title="FormsOfInvestmentPropertyHeldAxis"/>
    <link:loc xlink:type="locator" xlink:href="../../c-ross_core_2015-12-31.xsd#c-ross_FormsOfInvestmentPropertyHeldMember" xlink:label="FormsOfInvestmentPropertyHeldMember" xlink:title="FormsOfInvestmentPropertyHeldMember"/>
    <link:definitionArc xlink:type="arc" xlink:arcrole="http://xbrl.org/int/dim/arcrole/dimension-domain" xlink:from="FormsOfInvestmentPropertyHeldAxis" xlink:to="FormsOfInvestmentPropertyHeldMember" xlink:title="definition: FormsOfInvestmentPropertyHeldAxis to FormsOfInvestmentPropertyHeldMember" use="optional" order="10.0"/>
    <link:loc xlink:type="locator" xlink:href="../../c-ross_core_2015-12-31.xsd#c-ross_InvestmentPropertyHeldThroughProjectCompanyMember" xlink:label="InvestmentPropertyHeldThroughProjectCompanyMember" xlink:title="InvestmentPropertyHeldThroughProjectCompanyMember"/>
    <link:definitionArc xlink:type="arc" xlink:arcrole="http://xbrl.org/int/dim/arcrole/domain-member" xlink:from="FormsOfInvestmentPropertyHeldMember" xlink:to="InvestmentPropertyHeldThroughProjectCompanyMember" xlink:title="definition: FormsOfInvestmentPropertyHeldMember to InvestmentPropertyHeldThroughProjectCompanyMember" use="optional" order="10.0"/>
    <link:loc xlink:type="locator" xlink:href="../../c-ross_core_2015-12-31.xsd#c-ross_ExcludedTable" xlink:label="Excluded" xlink:title="Excluded"/>
    <link:loc xlink:type="locator" xlink:href="../../c-ross_core_2015-12-31.xsd#c-ross_PropertyPriceRiskInvestmentPropertyHeldByLookThroughMethodInvestmentPropertyHeldThroughProjectCompanyByCostMethodLineNumberAxis" xlink:label="PriceRiskInvestmentPropertyHeldByLookThroughMethodInvestmentPropertyHeldThroughProjectCompanyByCostMethodLineNumberAxis" xlink:title="PriceRiskInvestmentPropertyHeldByLookThroughMethodInvestmentPropertyHeldThroughProjectCompanyByCostMethodLineNumberAxis"/>
    <link:definitionArc xlink:type="arc" xlink:arcrole="http://xbrl.org/int/dim/arcrole/hypercube-dimension" xlink:from="Excluded" xlink:to="PriceRiskInvestmentPropertyHeldByLookThroughMethodInvestmentPropertyHeldThroughProjectCompanyByCostMethodLineNumberAxis" xlink:title="definition: Excluded to PriceRiskInvestmentPropertyHeldByLookThroughMethodInvestmentPropertyHeldThroughProjectCompanyByCostMethodLineNumberAxis" use="optional" order="10.0"/>
    <link:loc xlink:type="locator" xlink:href="../../c-ross_core_2015-12-31.xsd#c-ross_PropertyPriceRiskInvestmentPropertyTable" xlink:label="AssetRiskOfPropertyPriceRiskDetailsTable" xlink:title="AssetRiskOfPropertyPriceRiskDetailsTable"/>
    <link:loc xlink:type="locator" xlink:href="../../c-ross_core_2015-12-31.xsd#c-ross_TypesOfInvestmentPropertyHeldAxis" xlink:label="TypesOfInvestmentPropertyHeldAxis" xlink:title="TypesOfInvestmentPropertyHeldAxis"/>
    <link:definitionArc xlink:type="arc" xlink:arcrole="http://xbrl.org/int/dim/arcrole/hypercube-dimension" xlink:from="AssetRiskOfPropertyPriceRiskDetailsTable" xlink:to="TypesOfInvestmentPropertyHeldAxis" xlink:title="definition: AssetRiskOfPropertyPriceRiskDetailsTable to TypesOfInvestmentPropertyHeldAxis" use="optional" order="10.0"/>
    <link:definitionArc xlink:type="arc" xlink:arcrole="http://xbrl.org/int/dim/arcrole/dimension-domain" xlink:from="TypesOfInvestmentPropertyHeldAxis" xlink:to="TypesOfAssetsHeldMember" xlink:title="definition: TypesOfInvestmentPropertyHeldAxis to TypesOfAssetsHeldMember" use="optional" order="10.0"/>
    <link:definitionArc xlink:type="arc" xlink:arcrole="http://xbrl.org/int/dim/arcrole/hypercube-dimension" xlink:from="AssetRiskOfPropertyPriceRiskDetailsTable" xlink:to="FormsOfInvestmentPropertyHeldAxis" xlink:title="definition: AssetRiskOfPropertyPriceRiskDetailsTable to FormsOfInvestmentPropertyHeldAxis" use="optional" order="20.0"/>
    <link:loc xlink:type="locator" xlink:href="../../c-ross_core_2015-12-31.xsd#c-ross_AccountingMethodOfInvestmentPropertyAxis" xlink:label="AccountingMethodOfInvestmentPropertyAxis" xlink:title="AccountingMethodOfInvestmentPropertyAxis"/>
    <link:definitionArc xlink:type="arc" xlink:arcrole="http://xbrl.org/int/dim/arcrole/hypercube-dimension" xlink:from="AssetRiskOfPropertyPriceRiskDetailsTable" xlink:to="AccountingMethodOfInvestmentPropertyAxis" xlink:title="definition: AssetRiskOfPropertyPriceRiskDetailsTable to AccountingMethodOfInvestmentPropertyAxis" use="optional" order="30.0"/>
    <link:loc xlink:type="locator" xlink:href="../../c-ross_core_2015-12-31.xsd#c-ross_AccountingMethodOfInvestmentPropertyMember" xlink:label="AccountingMethodOfInvestmentPropertyMember" xlink:title="AccountingMethodOfInvestmentPropertyMember"/>
    <link:definitionArc xlink:type="arc" xlink:arcrole="http://xbrl.org/int/dim/arcrole/dimension-domain" xlink:from="AccountingMethodOfInvestmentPropertyAxis" xlink:to="AccountingMethodOfInvestmentPropertyMember" xlink:title="definition: AccountingMethodOfInvestmentPropertyAxis to AccountingMethodOfInvestmentPropertyMember" use="optional" order="10.0"/>
    <link:loc xlink:type="locator" xlink:href="../../c-ross_core_2015-12-31.xsd#c-ross_CostMethodMember" xlink:label="CostMethodMember" xlink:title="CostMethodMember"/>
    <link:definitionArc xlink:type="arc" xlink:arcrole="http://xbrl.org/int/dim/arcrole/domain-member" xlink:from="AccountingMethodOfInvestmentPropertyMember" xlink:to="CostMethodMember" xlink:title="definition: AccountingMethodOfInvestmentPropertyMember to CostMethodMember" use="optional" order="10.0"/>
    <link:definitionArc xlink:type="arc" xlink:arcrole="http://xbrl.org/int/dim/arcrole/hypercube-dimension" xlink:from="AssetRiskOfPropertyPriceRiskDetailsTable" xlink:to="PriceRiskInvestmentPropertyHeldByLookThroughMethodInvestmentPropertyHeldThroughProjectCompanyByCostMethodLineNumberAxis" xlink:title="definition: AssetRiskOfPropertyPriceRiskDetailsTable to PriceRiskInvestmentPropertyHeldByLookThroughMethodInvestmentPropertyHeldThroughProjectCompanyByCostMethodLineNumberAxis" use="optional" order="40.0"/>
    <link:loc xlink:type="locator" xlink:href="../../c-ross_core_2015-12-31.xsd#c-ross_PropertyPriceRiskInvestmentPropertyLineItems" xlink:label="AssetRiskOfPropertyPriceRiskDetailsLineItems" xlink:title="AssetRiskOfPropertyPriceRiskDetailsLineItems"/>
    <link:loc xlink:type="locator" xlink:href="../../c-ross_core_2015-12-31.xsd#c-ross_PropertyPriceRiskInvestmentPropertyAssetDetails" xlink:label="PriceRiskInvestmentPropertyAssetDetails" xlink:title="PriceRiskInvestmentPropertyAssetDetails"/>
    <link:definitionArc xlink:type="arc" xlink:arcrole="http://xbrl.org/int/dim/arcrole/domain-member" xlink:from="AssetRiskOfPropertyPriceRiskDetailsLineItems" xlink:to="PriceRiskInvestmentPropertyAssetDetails" xlink:title="definition: AssetRiskOfPropertyPriceRiskDetailsLineItems to PriceRiskInvestmentPropertyAssetDetails" use="optional" order="10.0"/>
    <link:loc xlink:type="locator" xlink:href="../../c-ross_core_2015-12-31.xsd#c-ross_PropertyPriceRiskInvestmentPropertyPurchaseCost" xlink:label="PriceRiskInvestmentPropertyPurchaseCost" xlink:title="PriceRiskInvestmentPropertyPurchaseCost"/>
    <link:definitionArc xlink:type="arc" xlink:arcrole="http://xbrl.org/int/dim/arcrole/domain-member" xlink:from="AssetRiskOfPropertyPriceRiskDetailsLineItems" xlink:to="PriceRiskInvestmentPropertyPurchaseCost" xlink:title="definition: AssetRiskOfPropertyPriceRiskDetailsLineItems to PriceRiskInvestmentPropertyPurchaseCost" use="optional" order="20.0"/>
    <link:loc xlink:type="locator" xlink:href="../../c-ross_core_2015-12-31.xsd#c-ross_PropertyPriceRiskInvestmentPropertyLocation" xlink:label="PriceRiskInvestmentPropertyLocation" xlink:title="PriceRiskInvestmentPropertyLocation"/>
    <link:definitionArc xlink:type="arc" xlink:arcrole="http://xbrl.org/int/dim/arcrole/domain-member" xlink:from="AssetRiskOfPropertyPriceRiskDetailsLineItems" xlink:to="PriceRiskInvestmentPropertyLocation" xlink:title="definition: AssetRiskOfPropertyPriceRiskDetailsLineItems to PriceRiskInvestmentPropertyLocation" use="optional" order="30.0"/>
    <link:definitionArc xlink:type="arc" xlink:arcrole="http://xbrl.org/int/dim/arcrole/notAll" xlink:from="PriceRiskInvestmentPropertyLocation" xlink:to="Excluded" xlink:title="definition: PriceRiskInvestmentPropertyLocation to Excluded" order="10.0" xbrldt:contextElement="scenario"/>
    <link:loc xlink:type="locator" xlink:href="../../c-ross_core_2015-12-31.xsd#c-ross_PropertyPriceRiskInvestmentPropertyAdmittedValue" xlink:label="PriceRiskInvestmentPropertyAdmittedValue" xlink:title="PriceRiskInvestmentPropertyAdmittedValue"/>
    <link:definitionArc xlink:type="arc" xlink:arcrole="http://xbrl.org/int/dim/arcrole/domain-member" xlink:from="AssetRiskOfPropertyPriceRiskDetailsLineItems" xlink:to="PriceRiskInvestmentPropertyAdmittedValue" xlink:title="definition: AssetRiskOfPropertyPriceRiskDetailsLineItems to PriceRiskInvestmentPropertyAdmittedValue" use="optional" order="40.0"/>
    <link:loc xlink:type="locator" xlink:href="../../c-ross_core_2015-12-31.xsd#c-ross_PropertyPriceRiskInvestmentPropertyRiskExposure" xlink:label="PriceRiskInvestmentPropertyRiskExposure" xlink:title="PriceRiskInvestmentPropertyRiskExposure"/>
    <link:definitionArc xlink:type="arc" xlink:arcrole="http://xbrl.org/int/dim/arcrole/domain-member" xlink:from="AssetRiskOfPropertyPriceRiskDetailsLineItems" xlink:to="PriceRiskInvestmentPropertyRiskExposure" xlink:title="definition: AssetRiskOfPropertyPriceRiskDetailsLineItems to PriceRiskInvestmentPropertyRiskExposure" use="optional" order="50.0"/>
    <link:loc xlink:type="locator" xlink:href="../../c-ross_core_2015-12-31.xsd#c-ross_PropertyPriceRiskInvestmentPropertyBaseRiskFactor" xlink:label="PriceRiskInvestmentPropertyBaseRiskFactor" xlink:title="PriceRiskInvestmentPropertyBaseRiskFactor"/>
    <link:definitionArc xlink:type="arc" xlink:arcrole="http://xbrl.org/int/dim/arcrole/domain-member" xlink:from="AssetRiskOfPropertyPriceRiskDetailsLineItems" xlink:to="PriceRiskInvestmentPropertyBaseRiskFactor" xlink:title="definition: AssetRiskOfPropertyPriceRiskDetailsLineItems to PriceRiskInvestmentPropertyBaseRiskFactor" use="optional" order="60.0"/>
    <link:loc xlink:type="locator" xlink:href="../../c-ross_core_2015-12-31.xsd#c-ross_PropertyPriceRiskInvestmentPropertyRiskFactorOne" xlink:label="PriceRiskInvestmentPropertyRiskFactorOne" xlink:title="PriceRiskInvestmentPropertyRiskFactorOne"/>
    <link:definitionArc xlink:type="arc" xlink:arcrole="http://xbrl.org/int/dim/arcrole/domain-member" xlink:from="AssetRiskOfPropertyPriceRiskDetailsLineItems" xlink:to="PriceRiskInvestmentPropertyRiskFactorOne" xlink:title="definition: AssetRiskOfPropertyPriceRiskDetailsLineItems to PriceRiskInvestmentPropertyRiskFactorOne" use="optional" order="70.0"/>
    <link:definitionArc xlink:type="arc" xlink:arcrole="http://xbrl.org/int/dim/arcrole/notAll" xlink:from="PriceRiskInvestmentPropertyRiskFactorOne" xlink:to="Excluded" xlink:title="definition: PriceRiskInvestmentPropertyRiskFactorOne to Excluded" use="optional" order="10.0" xbrldt:contextElement="scenario"/>
    <link:loc xlink:type="locator" xlink:href="../../c-ross_core_2015-12-31.xsd#c-ross_PropertyPriceRiskInvestmentPropertyRiskFactorTwo" xlink:label="PriceRiskInvestmentPropertyRiskFactorTwo" xlink:title="PriceRiskInvestmentPropertyRiskFactorTwo"/>
    <link:definitionArc xlink:type="arc" xlink:arcrole="http://xbrl.org/int/dim/arcrole/domain-member" xlink:from="AssetRiskOfPropertyPriceRiskDetailsLineItems" xlink:to="PriceRiskInvestmentPropertyRiskFactorTwo" xlink:title="definition: AssetRiskOfPropertyPriceRiskDetailsLineItems to PriceRiskInvestmentPropertyRiskFactorTwo" use="optional" order="80.0"/>
    <link:definitionArc xlink:type="arc" xlink:arcrole="http://xbrl.org/int/dim/arcrole/notAll" xlink:from="PriceRiskInvestmentPropertyRiskFactorTwo" xlink:to="Excluded" xlink:title="definition: PriceRiskInvestmentPropertyRiskFactorTwo to Excluded" use="optional" order="10.0" xbrldt:contextElement="scenario"/>
    <link:loc xlink:type="locator" xlink:href="../../c-ross_core_2015-12-31.xsd#c-ross_PropertyPriceRiskInvestmentPropertyRiskFactorThree" xlink:label="PriceRiskInvestmentPropertyRiskFactorThree" xlink:title="PriceRiskInvestmentPropertyRiskFactorThree"/>
    <link:definitionArc xlink:type="arc" xlink:arcrole="http://xbrl.org/int/dim/arcrole/domain-member" xlink:from="AssetRiskOfPropertyPriceRiskDetailsLineItems" xlink:to="PriceRiskInvestmentPropertyRiskFactorThree" xlink:title="definition: AssetRiskOfPropertyPriceRiskDetailsLineItems to PriceRiskInvestmentPropertyRiskFactorThree" use="optional" order="90.0"/>
    <link:definitionArc xlink:type="arc" xlink:arcrole="http://xbrl.org/int/dim/arcrole/notAll" xlink:from="PriceRiskInvestmentPropertyRiskFactorThree" xlink:to="Excluded" xlink:title="definition: PriceRiskInvestmentPropertyRiskFactorThree to Excluded" use="optional" order="10.0" xbrldt:contextElement="scenario"/>
    <link:loc xlink:type="locator" xlink:href="../../c-ross_core_2015-12-31.xsd#c-ross_MarketRiskMinimumCapitalForPropertyPriceRisk" xlink:label="MarketRiskMinimumCapitalForPropertyPriceRisk" xlink:title="MarketRiskMinimumCapitalForPropertyPriceRisk"/>
    <link:definitionArc xlink:type="arc" xlink:arcrole="http://xbrl.org/int/dim/arcrole/domain-member" xlink:from="AssetRiskOfPropertyPriceRiskDetailsLineItems" xlink:to="MarketRiskMinimumCapitalForPropertyPriceRisk" xlink:title="definition: AssetRiskOfPropertyPriceRiskDetailsLineItems to MarketRiskMinimumCapitalForPropertyPriceRisk" use="optional" order="100.0"/>
    <link:loc xlink:type="locator" xlink:href="../../c-ross_core_2015-12-31.xsd#c-ross_PropertyPriceRiskInvestmentPropertyHeldByLookThroughMethodInvestmentPropertyHeldThroughProjectCompanyByCostMethodAbstract" xlink:label="AssetRiskOfPropertyPriceRiskHeldByLookThroughMethodInvestmentPropertyHeldThroughProjectCompanyByCostMethodDetailsAbstract" xlink:title="AssetRiskOfPropertyPriceRiskHeldByLookThroughMethodInvestmentPropertyHeldThroughProjectCompanyByCostMethodDetailsAbstract"/>
    <link:definitionArc xlink:type="arc" xlink:arcrole="http://xbrl.org/int/dim/arcrole/all" xlink:from="AssetRiskOfPropertyPriceRiskHeldByLookThroughMethodInvestmentPropertyHeldThroughProjectCompanyByCostMethodDetailsAbstract" xlink:to="AssetRiskOfPropertyPriceRiskDetailsTable" xlink:title="definition: AssetRiskOfPropertyPriceRiskHeldByLookThroughMethodInvestmentPropertyHeldThroughProjectCompanyByCostMethodDetailsAbstract to AssetRiskOfPropertyPriceRiskDetailsTable" use="optional" order="10.0" xbrldt:closed="true" xbrldt:contextElement="scenario"/>
    <link:definitionArc xlink:type="arc" xlink:arcrole="http://xbrl.org/int/dim/arcrole/domain-member" xlink:from="AssetRiskOfPropertyPriceRiskHeldByLookThroughMethodInvestmentPropertyHeldThroughProjectCompanyByCostMethodDetailsAbstract" xlink:to="AssetRiskOfPropertyPriceRiskDetailsLineItems" xlink:title="definition: AssetRiskOfPropertyPriceRiskHeldByLookThroughMethodInvestmentPropertyHeldThroughProjectCompanyByCostMethodDetailsAbstract to AssetRiskOfPropertyPriceRiskDetailsLineItems" use="optional" order="20.0"/>
  </link:definitionLink>
  <link:definitionLink xlink:type="extended" xlink:role="http://xbrl.circ.gov.cn/role/c-ross_2015-12-31_role-3162400b">
    <link:loc xlink:type="locator" xlink:href="../../c-ross_core_2015-12-31.xsd#c-ross_TypesOfAssetsHeldMember" xlink:label="TypesOfAssetsHeldMember" xlink:title="TypesOfAssetsHeldMember"/>
    <link:loc xlink:type="locator" xlink:href="../../c-ross_core_2015-12-31.xsd#c-ross_HeldByLookThroughMethodMember" xlink:label="HeldByLookThroughMethodMember" xlink:title="HeldByLookThroughMethodMember"/>
    <link:definitionArc xlink:type="arc" xlink:arcrole="http://xbrl.org/int/dim/arcrole/domain-member" xlink:from="TypesOfAssetsHeldMember" xlink:to="HeldByLookThroughMethodMember" xlink:title="definition: TypesOfAssetsHeldMember to HeldByLookThroughMethodMember" use="optional" order="10.0"/>
    <link:loc xlink:type="locator" xlink:href="../../c-ross_core_2015-12-31.xsd#c-ross_FormsOfInvestmentPropertyHeldAxis" xlink:label="FormsOfInvestmentPropertyHeldAxis" xlink:title="FormsOfInvestmentPropertyHeldAxis"/>
    <link:loc xlink:type="locator" xlink:href="../../c-ross_core_2015-12-31.xsd#c-ross_FormsOfInvestmentPropertyHeldMember" xlink:label="FormsOfInvestmentPropertyHeldMember" xlink:title="FormsOfInvestmentPropertyHeldMember"/>
    <link:definitionArc xlink:type="arc" xlink:arcrole="http://xbrl.org/int/dim/arcrole/dimension-domain" xlink:from="FormsOfInvestmentPropertyHeldAxis" xlink:to="FormsOfInvestmentPropertyHeldMember" xlink:title="definition: FormsOfInvestmentPropertyHeldAxis to FormsOfInvestmentPropertyHeldMember" use="optional" order="10.0"/>
    <link:loc xlink:type="locator" xlink:href="../../c-ross_core_2015-12-31.xsd#c-ross_InvestmentPropertyHeldAsRealPropertyMember" xlink:label="InvestmentPropertyHeldAsRealPropertyMember" xlink:title="InvestmentPropertyHeldAsRealPropertyMember"/>
    <link:definitionArc xlink:type="arc" xlink:arcrole="http://xbrl.org/int/dim/arcrole/domain-member" xlink:from="FormsOfInvestmentPropertyHeldMember" xlink:to="InvestmentPropertyHeldAsRealPropertyMember" xlink:title="definition: FormsOfInvestmentPropertyHeldMember to InvestmentPropertyHeldAsRealPropertyMember" use="optional" order="10.0"/>
    <link:loc xlink:type="locator" xlink:href="../../c-ross_core_2015-12-31.xsd#c-ross_PropertyPriceRiskInvestmentPropertyTable" xlink:label="AssetRiskOfPropertyPriceRiskDetailsTable" xlink:title="AssetRiskOfPropertyPriceRiskDetailsTable"/>
    <link:loc xlink:type="locator" xlink:href="../../c-ross_core_2015-12-31.xsd#c-ross_TypesOfInvestmentPropertyHeldAxis" xlink:label="TypesOfInvestmentPropertyHeldAxis" xlink:title="TypesOfInvestmentPropertyHeldAxis"/>
    <link:definitionArc xlink:type="arc" xlink:arcrole="http://xbrl.org/int/dim/arcrole/hypercube-dimension" xlink:from="AssetRiskOfPropertyPriceRiskDetailsTable" xlink:to="TypesOfInvestmentPropertyHeldAxis" xlink:title="definition: AssetRiskOfPropertyPriceRiskDetailsTable to TypesOfInvestmentPropertyHeldAxis" use="optional" order="10.0"/>
    <link:definitionArc xlink:type="arc" xlink:arcrole="http://xbrl.org/int/dim/arcrole/dimension-domain" xlink:from="TypesOfInvestmentPropertyHeldAxis" xlink:to="TypesOfAssetsHeldMember" xlink:title="definition: TypesOfInvestmentPropertyHeldAxis to TypesOfAssetsHeldMember" use="optional" order="10.0"/>
    <link:definitionArc xlink:type="arc" xlink:arcrole="http://xbrl.org/int/dim/arcrole/hypercube-dimension" xlink:from="AssetRiskOfPropertyPriceRiskDetailsTable" xlink:to="FormsOfInvestmentPropertyHeldAxis" xlink:title="definition: AssetRiskOfPropertyPriceRiskDetailsTable to FormsOfInvestmentPropertyHeldAxis" use="optional" order="20.0"/>
    <link:loc xlink:type="locator" xlink:href="../../c-ross_core_2015-12-31.xsd#c-ross_AccountingMethodOfInvestmentPropertyAxis" xlink:label="AccountingMethodOfInvestmentPropertyAxis" xlink:title="AccountingMethodOfInvestmentPropertyAxis"/>
    <link:definitionArc xlink:type="arc" xlink:arcrole="http://xbrl.org/int/dim/arcrole/hypercube-dimension" xlink:from="AssetRiskOfPropertyPriceRiskDetailsTable" xlink:to="AccountingMethodOfInvestmentPropertyAxis" xlink:title="definition: AssetRiskOfPropertyPriceRiskDetailsTable to AccountingMethodOfInvestmentPropertyAxis" use="optional" order="30.0"/>
    <link:loc xlink:type="locator" xlink:href="../../c-ross_core_2015-12-31.xsd#c-ross_AccountingMethodOfInvestmentPropertyMember" xlink:label="AccountingMethodOfInvestmentPropertyMember" xlink:title="AccountingMethodOfInvestmentPropertyMember"/>
    <link:definitionArc xlink:type="arc" xlink:arcrole="http://xbrl.org/int/dim/arcrole/dimension-domain" xlink:from="AccountingMethodOfInvestmentPropertyAxis" xlink:to="AccountingMethodOfInvestmentPropertyMember" xlink:title="definition: AccountingMethodOfInvestmentPropertyAxis to AccountingMethodOfInvestmentPropertyMember" use="optional" order="10.0"/>
    <link:loc xlink:type="locator" xlink:href="../../c-ross_core_2015-12-31.xsd#c-ross_FairValueMethodMember" xlink:label="FairValueMethodMember" xlink:title="FairValueMethodMember"/>
    <link:definitionArc xlink:type="arc" xlink:arcrole="http://xbrl.org/int/dim/arcrole/domain-member" xlink:from="AccountingMethodOfInvestmentPropertyMember" xlink:to="FairValueMethodMember" xlink:title="definition: AccountingMethodOfInvestmentPropertyMember to FairValueMethodMember" use="optional" order="10.0"/>
    <link:loc xlink:type="locator" xlink:href="../../c-ross_core_2015-12-31.xsd#c-ross_PropertyPriceRiskInvestmentPropertyHeldByLookThroughMethodInvestmentPropertyHeldAsRealPropertyByFairValueMethodLineNumberAxis" xlink:label="PriceRiskInvestmentPropertyHeldByLookThroughMethodInvestmentPropertyHeldAsRealPropertyByFairValueMethodLineNumberAxis" xlink:title="PriceRiskInvestmentPropertyHeldByLookThroughMethodInvestmentPropertyHeldAsRealPropertyByFairValueMethodLineNumberAxis"/>
    <link:definitionArc xlink:type="arc" xlink:arcrole="http://xbrl.org/int/dim/arcrole/hypercube-dimension" xlink:from="AssetRiskOfPropertyPriceRiskDetailsTable" xlink:to="PriceRiskInvestmentPropertyHeldByLookThroughMethodInvestmentPropertyHeldAsRealPropertyByFairValueMethodLineNumberAxis" xlink:title="definition: AssetRiskOfPropertyPriceRiskDetailsTable to PriceRiskInvestmentPropertyHeldByLookThroughMethodInvestmentPropertyHeldAsRealPropertyByFairValueMethodLineNumberAxis" use="optional" order="40.0"/>
    <link:loc xlink:type="locator" xlink:href="../../c-ross_core_2015-12-31.xsd#c-ross_PropertyPriceRiskInvestmentPropertyLineItems" xlink:label="AssetRiskOfPropertyPriceRiskDetailsLineItems" xlink:title="AssetRiskOfPropertyPriceRiskDetailsLineItems"/>
    <link:loc xlink:type="locator" xlink:href="../../c-ross_core_2015-12-31.xsd#c-ross_PropertyPriceRiskInvestmentPropertyAssetDetails" xlink:label="PriceRiskInvestmentPropertyAssetDetails" xlink:title="PriceRiskInvestmentPropertyAssetDetails"/>
    <link:definitionArc xlink:type="arc" xlink:arcrole="http://xbrl.org/int/dim/arcrole/domain-member" xlink:from="AssetRiskOfPropertyPriceRiskDetailsLineItems" xlink:to="PriceRiskInvestmentPropertyAssetDetails" xlink:title="definition: AssetRiskOfPropertyPriceRiskDetailsLineItems to PriceRiskInvestmentPropertyAssetDetails" use="optional" order="10.0"/>
    <link:loc xlink:type="locator" xlink:href="../../c-ross_core_2015-12-31.xsd#c-ross_PropertyPriceRiskInvestmentPropertyPurchaseCost" xlink:label="PriceRiskInvestmentPropertyPurchaseCost" xlink:title="PriceRiskInvestmentPropertyPurchaseCost"/>
    <link:definitionArc xlink:type="arc" xlink:arcrole="http://xbrl.org/int/dim/arcrole/domain-member" xlink:from="AssetRiskOfPropertyPriceRiskDetailsLineItems" xlink:to="PriceRiskInvestmentPropertyPurchaseCost" xlink:title="definition: AssetRiskOfPropertyPriceRiskDetailsLineItems to PriceRiskInvestmentPropertyPurchaseCost" use="optional" order="20.0"/>
    <link:loc xlink:type="locator" xlink:href="../../c-ross_core_2015-12-31.xsd#c-ross_PropertyPriceRiskInvestmentPropertyLocation" xlink:label="PriceRiskInvestmentPropertyLocation" xlink:title="PriceRiskInvestmentPropertyLocation"/>
    <link:definitionArc xlink:type="arc" xlink:arcrole="http://xbrl.org/int/dim/arcrole/domain-member" xlink:from="AssetRiskOfPropertyPriceRiskDetailsLineItems" xlink:to="PriceRiskInvestmentPropertyLocation" xlink:title="definition: AssetRiskOfPropertyPriceRiskDetailsLineItems to PriceRiskInvestmentPropertyLocation" use="optional" order="30.0"/>
    <link:loc xlink:type="locator" xlink:href="../../c-ross_core_2015-12-31.xsd#c-ross_PropertyPriceRiskInvestmentPropertyAdmittedValue" xlink:label="PriceRiskInvestmentPropertyAdmittedValue" xlink:title="PriceRiskInvestmentPropertyAdmittedValue"/>
    <link:definitionArc xlink:type="arc" xlink:arcrole="http://xbrl.org/int/dim/arcrole/domain-member" xlink:from="AssetRiskOfPropertyPriceRiskDetailsLineItems" xlink:to="PriceRiskInvestmentPropertyAdmittedValue" xlink:title="definition: AssetRiskOfPropertyPriceRiskDetailsLineItems to PriceRiskInvestmentPropertyAdmittedValue" use="optional" order="40.0"/>
    <link:loc xlink:type="locator" xlink:href="../../c-ross_core_2015-12-31.xsd#c-ross_PropertyPriceRiskInvestmentPropertyRiskExposure" xlink:label="PriceRiskInvestmentPropertyRiskExposure" xlink:title="PriceRiskInvestmentPropertyRiskExposure"/>
    <link:definitionArc xlink:type="arc" xlink:arcrole="http://xbrl.org/int/dim/arcrole/domain-member" xlink:from="AssetRiskOfPropertyPriceRiskDetailsLineItems" xlink:to="PriceRiskInvestmentPropertyRiskExposure" xlink:title="definition: AssetRiskOfPropertyPriceRiskDetailsLineItems to PriceRiskInvestmentPropertyRiskExposure" use="optional" order="50.0"/>
    <link:loc xlink:type="locator" xlink:href="../../c-ross_core_2015-12-31.xsd#c-ross_PropertyPriceRiskInvestmentPropertyBaseRiskFactor" xlink:label="PriceRiskInvestmentPropertyBaseRiskFactor" xlink:title="PriceRiskInvestmentPropertyBaseRiskFactor"/>
    <link:definitionArc xlink:type="arc" xlink:arcrole="http://xbrl.org/int/dim/arcrole/domain-member" xlink:from="AssetRiskOfPropertyPriceRiskDetailsLineItems" xlink:to="PriceRiskInvestmentPropertyBaseRiskFactor" xlink:title="definition: AssetRiskOfPropertyPriceRiskDetailsLineItems to PriceRiskInvestmentPropertyBaseRiskFactor" use="optional" order="60.0"/>
    <link:loc xlink:type="locator" xlink:href="../../c-ross_core_2015-12-31.xsd#c-ross_PropertyPriceRiskInvestmentPropertyRiskFactorOne" xlink:label="PriceRiskInvestmentPropertyRiskFactorOne" xlink:title="PriceRiskInvestmentPropertyRiskFactorOne"/>
    <link:definitionArc xlink:type="arc" xlink:arcrole="http://xbrl.org/int/dim/arcrole/domain-member" xlink:from="AssetRiskOfPropertyPriceRiskDetailsLineItems" xlink:to="PriceRiskInvestmentPropertyRiskFactorOne" xlink:title="definition: AssetRiskOfPropertyPriceRiskDetailsLineItems to PriceRiskInvestmentPropertyRiskFactorOne" use="optional" order="70.0"/>
    <link:loc xlink:type="locator" xlink:href="../../c-ross_core_2015-12-31.xsd#c-ross_PropertyPriceRiskInvestmentPropertyRiskFactorTwo" xlink:label="PriceRiskInvestmentPropertyRiskFactorTwo" xlink:title="PriceRiskInvestmentPropertyRiskFactorTwo"/>
    <link:definitionArc xlink:type="arc" xlink:arcrole="http://xbrl.org/int/dim/arcrole/domain-member" xlink:from="AssetRiskOfPropertyPriceRiskDetailsLineItems" xlink:to="PriceRiskInvestmentPropertyRiskFactorTwo" xlink:title="definition: AssetRiskOfPropertyPriceRiskDetailsLineItems to PriceRiskInvestmentPropertyRiskFactorTwo" use="optional" order="80.0"/>
    <link:loc xlink:type="locator" xlink:href="../../c-ross_core_2015-12-31.xsd#c-ross_PropertyPriceRiskInvestmentPropertyRiskFactorThree" xlink:label="PriceRiskInvestmentPropertyRiskFactorThree" xlink:title="PriceRiskInvestmentPropertyRiskFactorThree"/>
    <link:definitionArc xlink:type="arc" xlink:arcrole="http://xbrl.org/int/dim/arcrole/domain-member" xlink:from="AssetRiskOfPropertyPriceRiskDetailsLineItems" xlink:to="PriceRiskInvestmentPropertyRiskFactorThree" xlink:title="definition: AssetRiskOfPropertyPriceRiskDetailsLineItems to PriceRiskInvestmentPropertyRiskFactorThree" use="optional" order="90.0"/>
    <link:loc xlink:type="locator" xlink:href="../../c-ross_core_2015-12-31.xsd#c-ross_MarketRiskMinimumCapitalForPropertyPriceRisk" xlink:label="MarketRiskMinimumCapitalForPropertyPriceRisk" xlink:title="MarketRiskMinimumCapitalForPropertyPriceRisk"/>
    <link:definitionArc xlink:type="arc" xlink:arcrole="http://xbrl.org/int/dim/arcrole/domain-member" xlink:from="AssetRiskOfPropertyPriceRiskDetailsLineItems" xlink:to="MarketRiskMinimumCapitalForPropertyPriceRisk" xlink:title="definition: AssetRiskOfPropertyPriceRiskDetailsLineItems to MarketRiskMinimumCapitalForPropertyPriceRisk" use="optional" order="100.0"/>
    <link:loc xlink:type="locator" xlink:href="../../c-ross_core_2015-12-31.xsd#c-ross_PropertyPriceRiskInvestmentPropertyHeldByLookThroughMethodInvestmentPropertyHeldAsRealPropertyByFairValueMethodAbstract" xlink:label="AssetRiskOfPropertyPriceRiskHeldByLookThroughMethodInvestmentPropertyHeldAsRealPropertyByFairValueMethodDetailsAbstract" xlink:title="AssetRiskOfPropertyPriceRiskHeldByLookThroughMethodInvestmentPropertyHeldAsRealPropertyByFairValueMethodDetailsAbstract"/>
    <link:definitionArc xlink:type="arc" xlink:arcrole="http://xbrl.org/int/dim/arcrole/all" xlink:from="AssetRiskOfPropertyPriceRiskHeldByLookThroughMethodInvestmentPropertyHeldAsRealPropertyByFairValueMethodDetailsAbstract" xlink:to="AssetRiskOfPropertyPriceRiskDetailsTable" xlink:title="definition: AssetRiskOfPropertyPriceRiskHeldByLookThroughMethodInvestmentPropertyHeldAsRealPropertyByFairValueMethodDetailsAbstract to AssetRiskOfPropertyPriceRiskDetailsTable" use="optional" order="10.0" xbrldt:closed="true" xbrldt:contextElement="scenario"/>
    <link:definitionArc xlink:type="arc" xlink:arcrole="http://xbrl.org/int/dim/arcrole/domain-member" xlink:from="AssetRiskOfPropertyPriceRiskHeldByLookThroughMethodInvestmentPropertyHeldAsRealPropertyByFairValueMethodDetailsAbstract" xlink:to="AssetRiskOfPropertyPriceRiskDetailsLineItems" xlink:title="definition: AssetRiskOfPropertyPriceRiskHeldByLookThroughMethodInvestmentPropertyHeldAsRealPropertyByFairValueMethodDetailsAbstract to AssetRiskOfPropertyPriceRiskDetailsLineItems" use="optional" order="20.0"/>
  </link:definitionLink>
  <link:definitionLink xlink:type="extended" xlink:role="http://xbrl.circ.gov.cn/role/c-ross_2015-12-31_role-3162400d">
    <link:loc xlink:type="locator" xlink:href="../../c-ross_core_2015-12-31.xsd#c-ross_TypesOfAssetsHeldMember" xlink:label="TypesOfAssetsHeldMember" xlink:title="TypesOfAssetsHeldMember"/>
    <link:loc xlink:type="locator" xlink:href="../../c-ross_core_2015-12-31.xsd#c-ross_HeldByLookThroughMethodMember" xlink:label="HeldByLookThroughMethodMember" xlink:title="HeldByLookThroughMethodMember"/>
    <link:definitionArc xlink:type="arc" xlink:arcrole="http://xbrl.org/int/dim/arcrole/domain-member" xlink:from="TypesOfAssetsHeldMember" xlink:to="HeldByLookThroughMethodMember" xlink:title="definition: TypesOfAssetsHeldMember to HeldByLookThroughMethodMember" use="optional" order="10.0"/>
    <link:loc xlink:type="locator" xlink:href="../../c-ross_core_2015-12-31.xsd#c-ross_FormsOfInvestmentPropertyHeldAxis" xlink:label="FormsOfInvestmentPropertyHeldAxis" xlink:title="FormsOfInvestmentPropertyHeldAxis"/>
    <link:loc xlink:type="locator" xlink:href="../../c-ross_core_2015-12-31.xsd#c-ross_FormsOfInvestmentPropertyHeldMember" xlink:label="FormsOfInvestmentPropertyHeldMember" xlink:title="FormsOfInvestmentPropertyHeldMember"/>
    <link:definitionArc xlink:type="arc" xlink:arcrole="http://xbrl.org/int/dim/arcrole/dimension-domain" xlink:from="FormsOfInvestmentPropertyHeldAxis" xlink:to="FormsOfInvestmentPropertyHeldMember" xlink:title="definition: FormsOfInvestmentPropertyHeldAxis to FormsOfInvestmentPropertyHeldMember" use="optional" order="10.0"/>
    <link:loc xlink:type="locator" xlink:href="../../c-ross_core_2015-12-31.xsd#c-ross_InvestmentPropertyHeldThroughProjectCompanyMember" xlink:label="InvestmentPropertyHeldThroughProjectCompanyMember" xlink:title="InvestmentPropertyHeldThroughProjectCompanyMember"/>
    <link:definitionArc xlink:type="arc" xlink:arcrole="http://xbrl.org/int/dim/arcrole/domain-member" xlink:from="FormsOfInvestmentPropertyHeldMember" xlink:to="InvestmentPropertyHeldThroughProjectCompanyMember" xlink:title="definition: FormsOfInvestmentPropertyHeldMember to InvestmentPropertyHeldThroughProjectCompanyMember" use="optional" order="10.0"/>
    <link:loc xlink:type="locator" xlink:href="../../c-ross_core_2015-12-31.xsd#c-ross_PropertyPriceRiskInvestmentPropertyTable" xlink:label="AssetRiskOfPropertyPriceRiskDetailsTable" xlink:title="AssetRiskOfPropertyPriceRiskDetailsTable"/>
    <link:loc xlink:type="locator" xlink:href="../../c-ross_core_2015-12-31.xsd#c-ross_TypesOfInvestmentPropertyHeldAxis" xlink:label="TypesOfInvestmentPropertyHeldAxis" xlink:title="TypesOfInvestmentPropertyHeldAxis"/>
    <link:definitionArc xlink:type="arc" xlink:arcrole="http://xbrl.org/int/dim/arcrole/hypercube-dimension" xlink:from="AssetRiskOfPropertyPriceRiskDetailsTable" xlink:to="TypesOfInvestmentPropertyHeldAxis" xlink:title="definition: AssetRiskOfPropertyPriceRiskDetailsTable to TypesOfInvestmentPropertyHeldAxis" use="optional" order="10.0"/>
    <link:definitionArc xlink:type="arc" xlink:arcrole="http://xbrl.org/int/dim/arcrole/dimension-domain" xlink:from="TypesOfInvestmentPropertyHeldAxis" xlink:to="TypesOfAssetsHeldMember" xlink:title="definition: TypesOfInvestmentPropertyHeldAxis to TypesOfAssetsHeldMember" use="optional" order="10.0"/>
    <link:definitionArc xlink:type="arc" xlink:arcrole="http://xbrl.org/int/dim/arcrole/hypercube-dimension" xlink:from="AssetRiskOfPropertyPriceRiskDetailsTable" xlink:to="FormsOfInvestmentPropertyHeldAxis" xlink:title="definition: AssetRiskOfPropertyPriceRiskDetailsTable to FormsOfInvestmentPropertyHeldAxis" use="optional" order="20.0"/>
    <link:loc xlink:type="locator" xlink:href="../../c-ross_core_2015-12-31.xsd#c-ross_AccountingMethodOfInvestmentPropertyAxis" xlink:label="AccountingMethodOfInvestmentPropertyAxis" xlink:title="AccountingMethodOfInvestmentPropertyAxis"/>
    <link:definitionArc xlink:type="arc" xlink:arcrole="http://xbrl.org/int/dim/arcrole/hypercube-dimension" xlink:from="AssetRiskOfPropertyPriceRiskDetailsTable" xlink:to="AccountingMethodOfInvestmentPropertyAxis" xlink:title="definition: AssetRiskOfPropertyPriceRiskDetailsTable to AccountingMethodOfInvestmentPropertyAxis" use="optional" order="30.0"/>
    <link:loc xlink:type="locator" xlink:href="../../c-ross_core_2015-12-31.xsd#c-ross_AccountingMethodOfInvestmentPropertyMember" xlink:label="AccountingMethodOfInvestmentPropertyMember" xlink:title="AccountingMethodOfInvestmentPropertyMember"/>
    <link:definitionArc xlink:type="arc" xlink:arcrole="http://xbrl.org/int/dim/arcrole/dimension-domain" xlink:from="AccountingMethodOfInvestmentPropertyAxis" xlink:to="AccountingMethodOfInvestmentPropertyMember" xlink:title="definition: AccountingMethodOfInvestmentPropertyAxis to AccountingMethodOfInvestmentPropertyMember" use="optional" order="10.0"/>
    <link:loc xlink:type="locator" xlink:href="../../c-ross_core_2015-12-31.xsd#c-ross_FairValueMethodMember" xlink:label="FairValueMethodMember" xlink:title="FairValueMethodMember"/>
    <link:definitionArc xlink:type="arc" xlink:arcrole="http://xbrl.org/int/dim/arcrole/domain-member" xlink:from="AccountingMethodOfInvestmentPropertyMember" xlink:to="FairValueMethodMember" xlink:title="definition: AccountingMethodOfInvestmentPropertyMember to FairValueMethodMember" use="optional" order="10.0"/>
    <link:loc xlink:type="locator" xlink:href="../../c-ross_core_2015-12-31.xsd#c-ross_PropertyPriceRiskInvestmentPropertyHeldByLookThroughMethodInvestmentPropertyHeldThroughProjectCompanyByFairValueMethodLineNumberAxis" xlink:label="PriceRiskInvestmentPropertyHeldByLookThroughMethodInvestmentPropertyHeldThroughProjectCompanyByFairValueMethodLineNumberAxis" xlink:title="PriceRiskInvestmentPropertyHeldByLookThroughMethodInvestmentPropertyHeldThroughProjectCompanyByFairValueMethodLineNumberAxis"/>
    <link:definitionArc xlink:type="arc" xlink:arcrole="http://xbrl.org/int/dim/arcrole/hypercube-dimension" xlink:from="AssetRiskOfPropertyPriceRiskDetailsTable" xlink:to="PriceRiskInvestmentPropertyHeldByLookThroughMethodInvestmentPropertyHeldThroughProjectCompanyByFairValueMethodLineNumberAxis" xlink:title="definition: AssetRiskOfPropertyPriceRiskDetailsTable to PriceRiskInvestmentPropertyHeldByLookThroughMethodInvestmentPropertyHeldThroughProjectCompanyByFairValueMethodLineNumberAxis" use="optional" order="40.0"/>
    <link:loc xlink:type="locator" xlink:href="../../c-ross_core_2015-12-31.xsd#c-ross_PropertyPriceRiskInvestmentPropertyLineItems" xlink:label="AssetRiskOfPropertyPriceRiskDetailsLineItems" xlink:title="AssetRiskOfPropertyPriceRiskDetailsLineItems"/>
    <link:loc xlink:type="locator" xlink:href="../../c-ross_core_2015-12-31.xsd#c-ross_PropertyPriceRiskInvestmentPropertyAssetDetails" xlink:label="PriceRiskInvestmentPropertyAssetDetails" xlink:title="PriceRiskInvestmentPropertyAssetDetails"/>
    <link:definitionArc xlink:type="arc" xlink:arcrole="http://xbrl.org/int/dim/arcrole/domain-member" xlink:from="AssetRiskOfPropertyPriceRiskDetailsLineItems" xlink:to="PriceRiskInvestmentPropertyAssetDetails" xlink:title="definition: AssetRiskOfPropertyPriceRiskDetailsLineItems to PriceRiskInvestmentPropertyAssetDetails" use="optional" order="10.0"/>
    <link:loc xlink:type="locator" xlink:href="../../c-ross_core_2015-12-31.xsd#c-ross_PropertyPriceRiskInvestmentPropertyPurchaseCost" xlink:label="PriceRiskInvestmentPropertyPurchaseCost" xlink:title="PriceRiskInvestmentPropertyPurchaseCost"/>
    <link:definitionArc xlink:type="arc" xlink:arcrole="http://xbrl.org/int/dim/arcrole/domain-member" xlink:from="AssetRiskOfPropertyPriceRiskDetailsLineItems" xlink:to="PriceRiskInvestmentPropertyPurchaseCost" xlink:title="definition: AssetRiskOfPropertyPriceRiskDetailsLineItems to PriceRiskInvestmentPropertyPurchaseCost" use="optional" order="20.0"/>
    <link:loc xlink:type="locator" xlink:href="../../c-ross_core_2015-12-31.xsd#c-ross_PropertyPriceRiskInvestmentPropertyLocation" xlink:label="PriceRiskInvestmentPropertyLocation" xlink:title="PriceRiskInvestmentPropertyLocation"/>
    <link:definitionArc xlink:type="arc" xlink:arcrole="http://xbrl.org/int/dim/arcrole/domain-member" xlink:from="AssetRiskOfPropertyPriceRiskDetailsLineItems" xlink:to="PriceRiskInvestmentPropertyLocation" xlink:title="definition: AssetRiskOfPropertyPriceRiskDetailsLineItems to PriceRiskInvestmentPropertyLocation" use="optional" order="30.0"/>
    <link:loc xlink:type="locator" xlink:href="../../c-ross_core_2015-12-31.xsd#c-ross_PropertyPriceRiskInvestmentPropertyAdmittedValue" xlink:label="PriceRiskInvestmentPropertyAdmittedValue" xlink:title="PriceRiskInvestmentPropertyAdmittedValue"/>
    <link:definitionArc xlink:type="arc" xlink:arcrole="http://xbrl.org/int/dim/arcrole/domain-member" xlink:from="AssetRiskOfPropertyPriceRiskDetailsLineItems" xlink:to="PriceRiskInvestmentPropertyAdmittedValue" xlink:title="definition: AssetRiskOfPropertyPriceRiskDetailsLineItems to PriceRiskInvestmentPropertyAdmittedValue" use="optional" order="40.0"/>
    <link:loc xlink:type="locator" xlink:href="../../c-ross_core_2015-12-31.xsd#c-ross_PropertyPriceRiskInvestmentPropertyRiskExposure" xlink:label="PriceRiskInvestmentPropertyRiskExposure" xlink:title="PriceRiskInvestmentPropertyRiskExposure"/>
    <link:definitionArc xlink:type="arc" xlink:arcrole="http://xbrl.org/int/dim/arcrole/domain-member" xlink:from="AssetRiskOfPropertyPriceRiskDetailsLineItems" xlink:to="PriceRiskInvestmentPropertyRiskExposure" xlink:title="definition: AssetRiskOfPropertyPriceRiskDetailsLineItems to PriceRiskInvestmentPropertyRiskExposure" use="optional" order="50.0"/>
    <link:loc xlink:type="locator" xlink:href="../../c-ross_core_2015-12-31.xsd#c-ross_PropertyPriceRiskInvestmentPropertyBaseRiskFactor" xlink:label="PriceRiskInvestmentPropertyBaseRiskFactor" xlink:title="PriceRiskInvestmentPropertyBaseRiskFactor"/>
    <link:definitionArc xlink:type="arc" xlink:arcrole="http://xbrl.org/int/dim/arcrole/domain-member" xlink:from="AssetRiskOfPropertyPriceRiskDetailsLineItems" xlink:to="PriceRiskInvestmentPropertyBaseRiskFactor" xlink:title="definition: AssetRiskOfPropertyPriceRiskDetailsLineItems to PriceRiskInvestmentPropertyBaseRiskFactor" use="optional" order="60.0"/>
    <link:loc xlink:type="locator" xlink:href="../../c-ross_core_2015-12-31.xsd#c-ross_PropertyPriceRiskInvestmentPropertyRiskFactorOne" xlink:label="PriceRiskInvestmentPropertyRiskFactorOne" xlink:title="PriceRiskInvestmentPropertyRiskFactorOne"/>
    <link:definitionArc xlink:type="arc" xlink:arcrole="http://xbrl.org/int/dim/arcrole/domain-member" xlink:from="AssetRiskOfPropertyPriceRiskDetailsLineItems" xlink:to="PriceRiskInvestmentPropertyRiskFactorOne" xlink:title="definition: AssetRiskOfPropertyPriceRiskDetailsLineItems to PriceRiskInvestmentPropertyRiskFactorOne" use="optional" order="70.0"/>
    <link:loc xlink:type="locator" xlink:href="../../c-ross_core_2015-12-31.xsd#c-ross_PropertyPriceRiskInvestmentPropertyRiskFactorTwo" xlink:label="PriceRiskInvestmentPropertyRiskFactorTwo" xlink:title="PriceRiskInvestmentPropertyRiskFactorTwo"/>
    <link:definitionArc xlink:type="arc" xlink:arcrole="http://xbrl.org/int/dim/arcrole/domain-member" xlink:from="AssetRiskOfPropertyPriceRiskDetailsLineItems" xlink:to="PriceRiskInvestmentPropertyRiskFactorTwo" xlink:title="definition: AssetRiskOfPropertyPriceRiskDetailsLineItems to PriceRiskInvestmentPropertyRiskFactorTwo" use="optional" order="80.0"/>
    <link:loc xlink:type="locator" xlink:href="../../c-ross_core_2015-12-31.xsd#c-ross_PropertyPriceRiskInvestmentPropertyRiskFactorThree" xlink:label="PriceRiskInvestmentPropertyRiskFactorThree" xlink:title="PriceRiskInvestmentPropertyRiskFactorThree"/>
    <link:definitionArc xlink:type="arc" xlink:arcrole="http://xbrl.org/int/dim/arcrole/domain-member" xlink:from="AssetRiskOfPropertyPriceRiskDetailsLineItems" xlink:to="PriceRiskInvestmentPropertyRiskFactorThree" xlink:title="definition: AssetRiskOfPropertyPriceRiskDetailsLineItems to PriceRiskInvestmentPropertyRiskFactorThree" use="optional" order="90.0"/>
    <link:loc xlink:type="locator" xlink:href="../../c-ross_core_2015-12-31.xsd#c-ross_MarketRiskMinimumCapitalForPropertyPriceRisk" xlink:label="MarketRiskMinimumCapitalForPropertyPriceRisk" xlink:title="MarketRiskMinimumCapitalForPropertyPriceRisk"/>
    <link:definitionArc xlink:type="arc" xlink:arcrole="http://xbrl.org/int/dim/arcrole/domain-member" xlink:from="AssetRiskOfPropertyPriceRiskDetailsLineItems" xlink:to="MarketRiskMinimumCapitalForPropertyPriceRisk" xlink:title="definition: AssetRiskOfPropertyPriceRiskDetailsLineItems to MarketRiskMinimumCapitalForPropertyPriceRisk" use="optional" order="100.0"/>
    <link:loc xlink:type="locator" xlink:href="../../c-ross_core_2015-12-31.xsd#c-ross_PropertyPriceRiskInvestmentPropertyHeldByLookThroughMethodInvestmentPropertyHeldThroughProjectCompanyByFairValueMethodAbstract" xlink:label="AssetRiskOfPropertyPriceRiskHeldByLookThroughMethodInvestmentPropertyHeldThroughProjectCompanyByFairValueMethodDetailsAbstract" xlink:title="AssetRiskOfPropertyPriceRiskHeldByLookThroughMethodInvestmentPropertyHeldThroughProjectCompanyByFairValueMethodDetailsAbstract"/>
    <link:definitionArc xlink:type="arc" xlink:arcrole="http://xbrl.org/int/dim/arcrole/all" xlink:from="AssetRiskOfPropertyPriceRiskHeldByLookThroughMethodInvestmentPropertyHeldThroughProjectCompanyByFairValueMethodDetailsAbstract" xlink:to="AssetRiskOfPropertyPriceRiskDetailsTable" xlink:title="definition: AssetRiskOfPropertyPriceRiskHeldByLookThroughMethodInvestmentPropertyHeldThroughProjectCompanyByFairValueMethodDetailsAbstract to AssetRiskOfPropertyPriceRiskDetailsTable" use="optional" order="10.0" xbrldt:closed="true" xbrldt:contextElement="scenario"/>
    <link:definitionArc xlink:type="arc" xlink:arcrole="http://xbrl.org/int/dim/arcrole/domain-member" xlink:from="AssetRiskOfPropertyPriceRiskHeldByLookThroughMethodInvestmentPropertyHeldThroughProjectCompanyByFairValueMethodDetailsAbstract" xlink:to="AssetRiskOfPropertyPriceRiskDetailsLineItems" xlink:title="definition: AssetRiskOfPropertyPriceRiskHeldByLookThroughMethodInvestmentPropertyHeldThroughProjectCompanyByFairValueMethodDetailsAbstract to AssetRiskOfPropertyPriceRiskDetailsLineItems" use="optional" order="20.0"/>
  </link:definitionLink>
</link:linkbase>
