<?xml version="1.0" encoding="UTF-8"?>

<!--
	Taxonomy: 2015-12-31 (Final)
	**********************
	Copyright © 2015 China Insurance Regulatory Commission.
	All rights reserved.  No part of this publication may be translated, reprinted or reproduced
	or utilised in any form either in whole or in part without prior permission in writing from China Insurance Regulatory Commission.
	  **********************
	-->
<link:linkbase xmlns:xsi="http://www.w3.org/2001/XMLSchema-instance" xsi:schemaLocation="http://www.xbrl.org/2003/linkbase http://www.xbrl.org/2003/xbrl-linkbase-2003-12-31.xsd" xmlns:c-ross="http://xbrl.circ.gov.cn/taxonomy/2015-12-31/c-ross" xmlns:link="http://www.xbrl.org/2003/linkbase" xmlns:q_s_pc_entry_point="http://xbrl.circ.gov.cn/taxonomy/2015-12-31/c-ross/q_s_pc_entry_point" xmlns:xlink="http://www.w3.org/1999/xlink" xmlns:xbrli="http://www.xbrl.org/2003/instance" xmlns:xbrldt="http://xbrl.org/2005/xbrldt">
  <link:roleRef roleURI="http://xbrl.circ.gov.cn/role/c-ross_2015-12-31_role-3162800" xlink:type="simple" xlink:href="rol_c-ross_7_2015-12-31.xsd#c-ross_2015-12-31-3162800"/>
  <link:roleRef roleURI="http://xbrl.circ.gov.cn/role/c-ross_2015-12-31_role-3162800a" xlink:type="simple" xlink:href="rol_c-ross_7_2015-12-31.xsd#c-ross_2015-12-31-3162800a"/>
  <link:roleRef roleURI="http://xbrl.circ.gov.cn/role/c-ross_2015-12-31_role-3162800b" xlink:type="simple" xlink:href="rol_c-ross_7_2015-12-31.xsd#c-ross_2015-12-31-3162800b"/>
  <link:roleRef roleURI="http://xbrl.circ.gov.cn/role/c-ross_2015-12-31_role-3162800c" xlink:type="simple" xlink:href="rol_c-ross_7_2015-12-31.xsd#c-ross_2015-12-31-3162800c"/>
  <link:arcroleRef arcroleURI="http://xbrl.org/int/dim/arcrole/all" xlink:type="simple" xlink:href="http://www.xbrl.org/2005/xbrldt-2005.xsd#all"/>
  <link:arcroleRef arcroleURI="http://xbrl.org/int/dim/arcrole/dimension-default" xlink:type="simple" xlink:href="http://www.xbrl.org/2005/xbrldt-2005.xsd#dimension-default"/>
  <link:arcroleRef arcroleURI="http://xbrl.org/int/dim/arcrole/dimension-domain" xlink:type="simple" xlink:href="http://www.xbrl.org/2005/xbrldt-2005.xsd#dimension-domain"/>
  <link:arcroleRef arcroleURI="http://xbrl.org/int/dim/arcrole/domain-member" xlink:type="simple" xlink:href="http://www.xbrl.org/2005/xbrldt-2005.xsd#domain-member"/>
  <link:arcroleRef arcroleURI="http://xbrl.org/int/dim/arcrole/hypercube-dimension" xlink:type="simple" xlink:href="http://www.xbrl.org/2005/xbrldt-2005.xsd#hypercube-dimension"/>
  <link:arcroleRef arcroleURI="http://xbrl.org/int/dim/arcrole/notAll" xlink:type="simple" xlink:href="http://www.xbrl.org/2005/xbrldt-2005.xsd#notAll"/>
  <link:definitionLink xlink:type="extended" xlink:role="http://xbrl.circ.gov.cn/role/c-ross_2015-12-31_role-3162800">
    <link:loc xlink:type="locator" xlink:href="../../c-ross_core_2015-12-31.xsd#c-ross_TypesOfCurrenciesMember" xlink:label="TypesOfCurrenciesMember" xlink:title="CurrenciesMember"/>
    <link:loc xlink:type="locator" xlink:href="../../c-ross_core_2015-12-31.xsd#c-ross_ForeignCurrencyItemsDenominatedInOtherForeignCurrenciesMember" xlink:label="OtherForeignCurrenciesMember" xlink:title="OtherForeignCurrenciesItemsMember"/>
    <link:definitionArc xlink:type="arc" xlink:arcrole="http://xbrl.org/int/dim/arcrole/domain-member" xlink:from="TypesOfCurrenciesMember" xlink:to="OtherForeignCurrenciesMember" xlink:title="definition: TypesOfCurrenciesMember to OtherForeignCurrenciesMember" use="optional" order="40.0"/>
    <link:loc xlink:type="locator" xlink:href="../../c-ross_core_2015-12-31.xsd#c-ross_ForeignCurrencyItemsDenominatedInUsdAndCurrenciesDirectlyLinkedToUsdMember" xlink:label="UsdAndCurrenciesDirectlyLinkedToUsdMember" xlink:title="UsdAndCurrenciesDirectlyLinkedToUsdMember"/>
    <link:definitionArc xlink:type="arc" xlink:arcrole="http://xbrl.org/int/dim/arcrole/domain-member" xlink:from="TypesOfCurrenciesMember" xlink:to="UsdAndCurrenciesDirectlyLinkedToUsdMember" xlink:title="definition: TypesOfCurrenciesMember to UsdAndCurrenciesDirectlyLinkedToUsdMember" use="optional" order="10.0"/>
    <link:loc xlink:type="locator" xlink:href="../../c-ross_core_2015-12-31.xsd#c-ross_ForeignCurrencyItemsDenominatedInEurMember" xlink:label="EurGbpMember" xlink:title="EurGbpMember"/>
    <link:definitionArc xlink:type="arc" xlink:arcrole="http://xbrl.org/int/dim/arcrole/domain-member" xlink:from="TypesOfCurrenciesMember" xlink:to="EurGbpMember" xlink:title="definition: TypesOfCurrenciesMember to EurGbpMember" use="optional" order="20.0"/>
    <link:loc xlink:type="locator" xlink:href="../../c-ross_core_2015-12-31.xsd#c-ross_ForeignCurrencyItemsDenominatedInGbpMember" xlink:label="ForeignCurrencyItemsDenominatedInGbpMember" xlink:title="ForeignCurrencyItemsDenominatedInGbpMember"/>
    <link:definitionArc xlink:type="arc" xlink:arcrole="http://xbrl.org/int/dim/arcrole/domain-member" xlink:from="TypesOfCurrenciesMember" xlink:to="ForeignCurrencyItemsDenominatedInGbpMember" xlink:title="definition: TypesOfCurrenciesMember to ForeignCurrencyItemsDenominatedInGbpMember" use="optional" order="30.0"/>
    <link:loc xlink:type="locator" xlink:href="../../c-ross_core_2015-12-31.xsd#c-ross_ExchangeRateRiskForeignCurrencyDenominatedAssetsLiabilitiesEffectivelyHedgedTypesOfCurrenciesAxis" xlink:label="ExchangeRateRiskForeignCurrencyDenominatedAssetsLiabilitiesEffectivelyHedgedTypesOfCurrenciesAxis" xlink:title="ExchangeRateRiskForeignCurrencyDenominatedAssetsLiabilitiesEffectivelyHedgedTypesOfCurrenciesAxis"/>
    <link:definitionArc xlink:type="arc" xlink:arcrole="http://xbrl.org/int/dim/arcrole/dimension-domain" xlink:from="ExchangeRateRiskForeignCurrencyDenominatedAssetsLiabilitiesEffectivelyHedgedTypesOfCurrenciesAxis" xlink:to="TypesOfCurrenciesMember" xlink:title="definition: ExchangeRateRiskForeignCurrencyDenominatedAssetsLiabilitiesEffectivelyHedgedTypesOfCurrenciesAxis to TypesOfCurrenciesMember" use="optional" order="10.0"/>
    <link:loc xlink:type="locator" xlink:href="../../c-ross_core_2015-12-31.xsd#c-ross_TypesOfCurrenciesMember" xlink:label="TypesOfCurrenciesMember_2" xlink:title="CurrenciesMember"/>
    <link:definitionArc xlink:type="arc" xlink:arcrole="http://xbrl.org/int/dim/arcrole/dimension-default" xlink:from="ExchangeRateRiskForeignCurrencyDenominatedAssetsLiabilitiesEffectivelyHedgedTypesOfCurrenciesAxis" xlink:to="TypesOfCurrenciesMember_2" xlink:title="definition: ExchangeRateRiskForeignCurrencyDenominatedAssetsLiabilitiesEffectivelyHedgedTypesOfCurrenciesAxis to TypesOfCurrenciesMember" use="optional" order="20.0"/>
    <link:loc xlink:type="locator" xlink:href="../../c-ross_core_2015-12-31.xsd#c-ross_ExchangeRateRiskOfProjectsForeignCurrencyDenominatedAssetsLiabilitiesEffectivelyHedgedDetailsAbstract" xlink:label="ExchangeRateRiskOfProjectsForeignCurrencyDenominatedAssetsLiabilitiesEffectivelyHedgedDetailsAbstract" xlink:title="ExchangeRateRiskOfProjectsForeignCurrencyDenominatedAssetsLiabilitiesEffectivelyHedgedDetailsAbstract"/>
    <link:loc xlink:type="locator" xlink:href="../../c-ross_core_2015-12-31.xsd#c-ross_ExchangeRateRiskOfProjectsForeignCurrencyDenominatedAssetsLiabilitiesEffectivelyHedgedDetailsTable" xlink:label="ExchangeRateRiskOfProjectsForeignCurrencyDenominatedAssetsLiabilitiesEffectivelyHedgedDetailsTable" xlink:title="ExchangeRateRiskOfProjectsForeignCurrencyDenominatedAssetsLiabilitiesEffectivelyHedgedDetailsTable"/>
    <link:definitionArc xlink:type="arc" xlink:arcrole="http://xbrl.org/int/dim/arcrole/all" xlink:from="ExchangeRateRiskOfProjectsForeignCurrencyDenominatedAssetsLiabilitiesEffectivelyHedgedDetailsAbstract" xlink:to="ExchangeRateRiskOfProjectsForeignCurrencyDenominatedAssetsLiabilitiesEffectivelyHedgedDetailsTable" xlink:title="definition: ExchangeRateRiskOfProjectsForeignCurrencyDenominatedAssetsLiabilitiesEffectivelyHedgedDetailsAbstract to ExchangeRateRiskOfProjectsForeignCurrencyDenominatedAssetsLiabilitiesEffectivelyHedgedDetailsTable" use="optional" order="10.0" xbrldt:closed="true" xbrldt:contextElement="scenario"/>
    <link:definitionArc xlink:type="arc" xlink:arcrole="http://xbrl.org/int/dim/arcrole/hypercube-dimension" xlink:from="ExchangeRateRiskOfProjectsForeignCurrencyDenominatedAssetsLiabilitiesEffectivelyHedgedDetailsTable" xlink:to="ExchangeRateRiskForeignCurrencyDenominatedAssetsLiabilitiesEffectivelyHedgedTypesOfCurrenciesAxis" xlink:title="definition: ExchangeRateRiskOfProjectsForeignCurrencyDenominatedAssetsLiabilitiesEffectivelyHedgedDetailsTable to ExchangeRateRiskForeignCurrencyDenominatedAssetsLiabilitiesEffectivelyHedgedTypesOfCurrenciesAxis" use="optional" order="10.0"/>
    <link:loc xlink:type="locator" xlink:href="../../c-ross_core_2015-12-31.xsd#c-ross_ExchangeRateRiskOfProjectsForeignCurrencyDenominatedAssetsLiabilitiesEffectivelyHedgedDetailsLineItems" xlink:label="ExchangeRateRiskOfProjectsForeignCurrencyDenominatedAssetsLiabilitiesEffectivelyHedgedDetailsLineItems" xlink:title="ExchangeRateRiskOfProjectsForeignCurrencyDenominatedAssetsLiabilitiesEffectivelyHedgedDetailsLineItems"/>
    <link:definitionArc xlink:type="arc" xlink:arcrole="http://xbrl.org/int/dim/arcrole/domain-member" xlink:from="ExchangeRateRiskOfProjectsForeignCurrencyDenominatedAssetsLiabilitiesEffectivelyHedgedDetailsAbstract" xlink:to="ExchangeRateRiskOfProjectsForeignCurrencyDenominatedAssetsLiabilitiesEffectivelyHedgedDetailsLineItems" xlink:title="definition: ExchangeRateRiskOfProjectsForeignCurrencyDenominatedAssetsLiabilitiesEffectivelyHedgedDetailsAbstract to ExchangeRateRiskOfProjectsForeignCurrencyDenominatedAssetsLiabilitiesEffectivelyHedgedDetailsLineItems" use="optional" order="20.0"/>
    <link:loc xlink:type="locator" xlink:href="../../c-ross_core_2015-12-31.xsd#c-ross_ExchangeRateRiskForeignCurrencyDenominatedAssetsLiabilitiesHighlyEffectivelyHedgedForeignExchangeForwardContractName" xlink:label="ExchangeRateRiskForeignCurrencyDenominatedAssetsLiabilitiesHighlyEffectivelyHedgedCurrencyForwardContractName" xlink:title="ExchangeRateRiskForeignCurrencyDenominatedAssetsLiabilitiesHighlyEffectivelyHedgedCurrencyForwardContractName"/>
    <link:definitionArc xlink:type="arc" xlink:arcrole="http://xbrl.org/int/dim/arcrole/domain-member" xlink:from="ExchangeRateRiskOfProjectsForeignCurrencyDenominatedAssetsLiabilitiesEffectivelyHedgedDetailsLineItems" xlink:to="ExchangeRateRiskForeignCurrencyDenominatedAssetsLiabilitiesHighlyEffectivelyHedgedCurrencyForwardContractName" xlink:title="definition: ExchangeRateRiskOfProjectsForeignCurrencyDenominatedAssetsLiabilitiesEffectivelyHedgedDetailsLineItems to ExchangeRateRiskForeignCurrencyDenominatedAssetsLiabilitiesHighlyEffectivelyHedgedCurrencyForwardContractName" use="optional" order="10.0"/>
    <link:loc xlink:type="locator" xlink:href="../../c-ross_core_2015-12-31.xsd#c-ross_ExchangeRateRiskForeignCurrencyDenominatedAssetsLiabilitiesHighlyEffectivelyHedgedForeignCurrencyDenominatedLiquidityManagementInstruments" xlink:label="ExchangeRateRiskForeignCurrencyDenominatedAssetsLiabilitiesHighlyEffectivelyHedgedForeignCurrencyDenominatedLiquidityManagementInstruments" xlink:title="ExchangeRateRiskForeignCurrencyDenominatedAssetsLiabilitiesHighlyEffectivelyHedgedForeignCurrencyDenominatedLiquidityManagementInstruments"/>
    <link:definitionArc xlink:type="arc" xlink:arcrole="http://xbrl.org/int/dim/arcrole/domain-member" xlink:from="ExchangeRateRiskOfProjectsForeignCurrencyDenominatedAssetsLiabilitiesEffectivelyHedgedDetailsLineItems" xlink:to="ExchangeRateRiskForeignCurrencyDenominatedAssetsLiabilitiesHighlyEffectivelyHedgedForeignCurrencyDenominatedLiquidityManagementInstruments" xlink:title="definition: ExchangeRateRiskOfProjectsForeignCurrencyDenominatedAssetsLiabilitiesEffectivelyHedgedDetailsLineItems to ExchangeRateRiskForeignCurrencyDenominatedAssetsLiabilitiesHighlyEffectivelyHedgedForeignCurrencyDenominatedLiquidityManagementInstruments" use="optional" order="20.0"/>
    <link:loc xlink:type="locator" xlink:href="../../c-ross_core_2015-12-31.xsd#c-ross_ExchangeRateRiskForeignCurrencyDenominatedAssetsLiabilitiesHighlyEffectivelyHedgedForeignCurrencyDenominatedFixedIncomeInvestmentAssets" xlink:label="ExchangeRateRiskForeignCurrencyDenominatedAssetsLiabilitiesHighlyEffectivelyHedgedForeignCurrencyDenominatedFixedIncomeInvestmentAssets" xlink:title="ExchangeRateRiskForeignCurrencyDenominatedAssetsLiabilitiesHighlyEffectivelyHedgedForeignCurrencyDenominatedFixedIncomeInvestmentAssets"/>
    <link:definitionArc xlink:type="arc" xlink:arcrole="http://xbrl.org/int/dim/arcrole/domain-member" xlink:from="ExchangeRateRiskOfProjectsForeignCurrencyDenominatedAssetsLiabilitiesEffectivelyHedgedDetailsLineItems" xlink:to="ExchangeRateRiskForeignCurrencyDenominatedAssetsLiabilitiesHighlyEffectivelyHedgedForeignCurrencyDenominatedFixedIncomeInvestmentAssets" xlink:title="definition: ExchangeRateRiskOfProjectsForeignCurrencyDenominatedAssetsLiabilitiesEffectivelyHedgedDetailsLineItems to ExchangeRateRiskForeignCurrencyDenominatedAssetsLiabilitiesHighlyEffectivelyHedgedForeignCurrencyDenominatedFixedIncomeInvestmentAssets" use="optional" order="30.0"/>
    <link:loc xlink:type="locator" xlink:href="../../c-ross_core_2015-12-31.xsd#c-ross_ExchangeRateRiskForeignCurrencyDenominatedAssetsLiabilitiesHighlyEffectivelyHedgedForeignCurrencyDenominatedEquityInvestmentAssets" xlink:label="ExchangeRateRiskForeignCurrencyDenominatedAssetsLiabilitiesHighlyEffectivelyHedgedForeignCurrencyDenominatedEquityInvestmentAssets" xlink:title="ExchangeRateRiskForeignCurrencyDenominatedAssetsLiabilitiesHighlyEffectivelyHedgedForeignCurrencyDenominatedEquityInvestmentAssets"/>
    <link:definitionArc xlink:type="arc" xlink:arcrole="http://xbrl.org/int/dim/arcrole/domain-member" xlink:from="ExchangeRateRiskOfProjectsForeignCurrencyDenominatedAssetsLiabilitiesEffectivelyHedgedDetailsLineItems" xlink:to="ExchangeRateRiskForeignCurrencyDenominatedAssetsLiabilitiesHighlyEffectivelyHedgedForeignCurrencyDenominatedEquityInvestmentAssets" xlink:title="definition: ExchangeRateRiskOfProjectsForeignCurrencyDenominatedAssetsLiabilitiesEffectivelyHedgedDetailsLineItems to ExchangeRateRiskForeignCurrencyDenominatedAssetsLiabilitiesHighlyEffectivelyHedgedForeignCurrencyDenominatedEquityInvestmentAssets" use="optional" order="40.0"/>
    <link:loc xlink:type="locator" xlink:href="../../c-ross_core_2015-12-31.xsd#c-ross_ExchangeRateRiskForeignCurrencyDenominatedAssetsLiabilitiesHighlyEffectivelyHedgedForeignCurrencyDenominatedDerivatives" xlink:label="ExchangeRateRiskForeignCurrencyDenominatedAssetsLiabilitiesHighlyEffectivelyHedgedForeignCurrencyDenominatedDerivatives" xlink:title="ExchangeRateRiskForeignCurrencyDenominatedAssetsLiabilitiesHighlyEffectivelyHedgedForeignCurrencyDenominatedDerivatives"/>
    <link:definitionArc xlink:type="arc" xlink:arcrole="http://xbrl.org/int/dim/arcrole/domain-member" xlink:from="ExchangeRateRiskOfProjectsForeignCurrencyDenominatedAssetsLiabilitiesEffectivelyHedgedDetailsLineItems" xlink:to="ExchangeRateRiskForeignCurrencyDenominatedAssetsLiabilitiesHighlyEffectivelyHedgedForeignCurrencyDenominatedDerivatives" xlink:title="definition: ExchangeRateRiskOfProjectsForeignCurrencyDenominatedAssetsLiabilitiesEffectivelyHedgedDetailsLineItems to ExchangeRateRiskForeignCurrencyDenominatedAssetsLiabilitiesHighlyEffectivelyHedgedForeignCurrencyDenominatedDerivatives" use="optional" order="50.0"/>
    <link:loc xlink:type="locator" xlink:href="../../c-ross_core_2015-12-31.xsd#c-ross_ExchangeRateRiskForeignCurrencyDenominatedAssetsLiabilitiesHighlyEffectivelyHedgedForeignCurrencyDenominatedProperties" xlink:label="ExchangeRateRiskForeignCurrencyDenominatedAssetsLiabilitiesHighlyEffectivelyHedgedForeignCurrencyDenominatedProperties" xlink:title="ExchangeRateRiskForeignCurrencyDenominatedAssetsLiabilitiesHighlyEffectivelyHedgedForeignCurrencyDenominatedProperties"/>
    <link:definitionArc xlink:type="arc" xlink:arcrole="http://xbrl.org/int/dim/arcrole/domain-member" xlink:from="ExchangeRateRiskOfProjectsForeignCurrencyDenominatedAssetsLiabilitiesEffectivelyHedgedDetailsLineItems" xlink:to="ExchangeRateRiskForeignCurrencyDenominatedAssetsLiabilitiesHighlyEffectivelyHedgedForeignCurrencyDenominatedProperties" xlink:title="definition: ExchangeRateRiskOfProjectsForeignCurrencyDenominatedAssetsLiabilitiesEffectivelyHedgedDetailsLineItems to ExchangeRateRiskForeignCurrencyDenominatedAssetsLiabilitiesHighlyEffectivelyHedgedForeignCurrencyDenominatedProperties" use="optional" order="60.0"/>
    <link:loc xlink:type="locator" xlink:href="../../c-ross_core_2015-12-31.xsd#c-ross_ExchangeRateRiskForeignCurrencyDenominatedAssetsLiabilitiesHighlyEffectivelyHedgedOtherForeignCurrencyDenominatedAssets" xlink:label="ExchangeRateRiskForeignCurrencyDenominatedAssetsLiabilitiesHighlyEffectivelyHedgedOtherForeignCurrencyDenominatedAssets" xlink:title="ExchangeRateRiskForeignCurrencyDenominatedAssetsLiabilitiesHighlyEffectivelyHedgedOtherForeignCurrencyDenominatedAssets"/>
    <link:definitionArc xlink:type="arc" xlink:arcrole="http://xbrl.org/int/dim/arcrole/domain-member" xlink:from="ExchangeRateRiskOfProjectsForeignCurrencyDenominatedAssetsLiabilitiesEffectivelyHedgedDetailsLineItems" xlink:to="ExchangeRateRiskForeignCurrencyDenominatedAssetsLiabilitiesHighlyEffectivelyHedgedOtherForeignCurrencyDenominatedAssets" xlink:title="definition: ExchangeRateRiskOfProjectsForeignCurrencyDenominatedAssetsLiabilitiesEffectivelyHedgedDetailsLineItems to ExchangeRateRiskForeignCurrencyDenominatedAssetsLiabilitiesHighlyEffectivelyHedgedOtherForeignCurrencyDenominatedAssets" use="optional" order="70.0"/>
    <link:loc xlink:type="locator" xlink:href="../../c-ross_core_2015-12-31.xsd#c-ross_ExchangeRateRiskForeignCurrencyDenominatedAssetsLiabilitiesHighlyEffectivelyHedgedForeignCurrencyDenominatedLiabilities" xlink:label="ExchangeRateRiskForeignCurrencyDenominatedAssetsLiabilitiesHighlyEffectivelyHedgedForeignCurrencyDenominatedLiabilities" xlink:title="ExchangeRateRiskForeignCurrencyDenominatedAssetsLiabilitiesHighlyEffectivelyHedgedForeignCurrencyDenominatedLiabilities"/>
    <link:definitionArc xlink:type="arc" xlink:arcrole="http://xbrl.org/int/dim/arcrole/domain-member" xlink:from="ExchangeRateRiskOfProjectsForeignCurrencyDenominatedAssetsLiabilitiesEffectivelyHedgedDetailsLineItems" xlink:to="ExchangeRateRiskForeignCurrencyDenominatedAssetsLiabilitiesHighlyEffectivelyHedgedForeignCurrencyDenominatedLiabilities" xlink:title="definition: ExchangeRateRiskOfProjectsForeignCurrencyDenominatedAssetsLiabilitiesEffectivelyHedgedDetailsLineItems to ExchangeRateRiskForeignCurrencyDenominatedAssetsLiabilitiesHighlyEffectivelyHedgedForeignCurrencyDenominatedLiabilities" use="optional" order="80.0"/>
    <link:loc xlink:type="locator" xlink:href="../../c-ross_core_2015-12-31.xsd#c-ross_ExchangeRateRiskForeignCurrencyDenominatedAssetsLiabilitiesHighlyEffectivelyHedgedTotalSizeOfHedgedForeignCurrencyDenominatedAssetsLiabilities" xlink:label="ExchangeRateRiskForeignCurrencyDenominatedAssetsLiabilitiesHighlyEffectivelyHedgedTotalSizeOfHedgedForeignCurrencyDenominatedAssetsLiabilities" xlink:title="ExchangeRateRiskForeignCurrencyDenominatedAssetsLiabilitiesHighlyEffectivelyHedgedTotalSizeOfHedgedForeignCurrencyDenominatedAssetsLiabilities"/>
    <link:definitionArc xlink:type="arc" xlink:arcrole="http://xbrl.org/int/dim/arcrole/domain-member" xlink:from="ExchangeRateRiskOfProjectsForeignCurrencyDenominatedAssetsLiabilitiesEffectivelyHedgedDetailsLineItems" xlink:to="ExchangeRateRiskForeignCurrencyDenominatedAssetsLiabilitiesHighlyEffectivelyHedgedTotalSizeOfHedgedForeignCurrencyDenominatedAssetsLiabilities" xlink:title="definition: ExchangeRateRiskOfProjectsForeignCurrencyDenominatedAssetsLiabilitiesEffectivelyHedgedDetailsLineItems to ExchangeRateRiskForeignCurrencyDenominatedAssetsLiabilitiesHighlyEffectivelyHedgedTotalSizeOfHedgedForeignCurrencyDenominatedAssetsLiabilities" use="optional" order="90.0"/>
    <link:loc xlink:type="locator" xlink:href="../../c-ross_core_2015-12-31.xsd#c-ross_ExchangeRateRiskForeignCurrencyDenominatedAssetsLiabilitiesHighlyEffectivelyHedgedNominalPrincipalValueOfForeignExchangeForwardContracts" xlink:label="ExchangeRateRiskForeignCurrencyDenominatedAssetsLiabilitiesHighlyEffectivelyHedgedNominalPrincipalValueOfForeignExchangeForwardContracts" xlink:title="ExchangeRateRiskForeignCurrencyDenominatedAssetsLiabilitiesHighlyEffectivelyHedgedNominalPrincipalValueOfForeignExchangeForwardContracts"/>
    <link:definitionArc xlink:type="arc" xlink:arcrole="http://xbrl.org/int/dim/arcrole/domain-member" xlink:from="ExchangeRateRiskOfProjectsForeignCurrencyDenominatedAssetsLiabilitiesEffectivelyHedgedDetailsLineItems" xlink:to="ExchangeRateRiskForeignCurrencyDenominatedAssetsLiabilitiesHighlyEffectivelyHedgedNominalPrincipalValueOfForeignExchangeForwardContracts" xlink:title="definition: ExchangeRateRiskOfProjectsForeignCurrencyDenominatedAssetsLiabilitiesEffectivelyHedgedDetailsLineItems to ExchangeRateRiskForeignCurrencyDenominatedAssetsLiabilitiesHighlyEffectivelyHedgedNominalPrincipalValueOfForeignExchangeForwardContracts" use="optional" order="100.0"/>
    <link:loc xlink:type="locator" xlink:href="../../c-ross_core_2015-12-31.xsd#c-ross_ExchangeRateRiskForeignCurrencyDenominatedAssetsLiabilitiesHighlyEffectivelyHedgedHedgingEffectivenessOfForeignExchangeForwardContracts" xlink:label="ExchangeRateRiskForeignCurrencyDenominatedAssetsLiabilitiesHighlyEffectivelyHedgedHedgingEffectiveness" xlink:title="ExchangeRateRiskForeignCurrencyDenominatedAssetsLiabilitiesHighlyEffectivelyHedgedHedgingEffectiveness"/>
    <link:definitionArc xlink:type="arc" xlink:arcrole="http://xbrl.org/int/dim/arcrole/domain-member" xlink:from="ExchangeRateRiskOfProjectsForeignCurrencyDenominatedAssetsLiabilitiesEffectivelyHedgedDetailsLineItems" xlink:to="ExchangeRateRiskForeignCurrencyDenominatedAssetsLiabilitiesHighlyEffectivelyHedgedHedgingEffectiveness" xlink:title="definition: ExchangeRateRiskOfProjectsForeignCurrencyDenominatedAssetsLiabilitiesEffectivelyHedgedDetailsLineItems to ExchangeRateRiskForeignCurrencyDenominatedAssetsLiabilitiesHighlyEffectivelyHedgedHedgingEffectiveness" use="optional" order="110.0"/>
    <link:loc xlink:type="locator" xlink:href="../../c-ross_core_2015-12-31.xsd#c-ross_ExcludedTable" xlink:label="Excluded" xlink:title="Excluded"/>
    <link:definitionArc xlink:type="arc" xlink:arcrole="http://xbrl.org/int/dim/arcrole/notAll" xlink:from="ExchangeRateRiskForeignCurrencyDenominatedAssetsLiabilitiesHighlyEffectivelyHedgedHedgingEffectiveness" xlink:to="Excluded" xlink:title="definition: ExchangeRateRiskForeignCurrencyDenominatedAssetsLiabilitiesHighlyEffectivelyHedgedHedgingEffectiveness to Excluded" use="optional" order="10.0" xbrldt:contextElement="scenario" xbrldt:targetRole="http://xbrl.circ.gov.cn/role/c-ross_2015-12-31_role-3162800c"/>
    <link:loc xlink:type="locator" xlink:href="../../c-ross_core_2015-12-31.xsd#c-ross_ExchangeRateRiskForeignCurrencyDenominatedAssetsLiabilitiesHighlyEffectivelyHedgedMinimumCapitalOfHedgingPortfolio" xlink:label="ExchangeRateRiskForeignCurrencyDenominatedAssetsLiabilitiesHighlyEffectivelyHedgedMinimumCapitalOfHedgingPortfolio" xlink:title="ExchangeRateRiskForeignCurrencyDenominatedAssetsLiabilitiesHighlyEffectivelyHedgedMinimumCapitalOfHedgingPortfolio"/>
    <link:definitionArc xlink:type="arc" xlink:arcrole="http://xbrl.org/int/dim/arcrole/domain-member" xlink:from="ExchangeRateRiskOfProjectsForeignCurrencyDenominatedAssetsLiabilitiesEffectivelyHedgedDetailsLineItems" xlink:to="ExchangeRateRiskForeignCurrencyDenominatedAssetsLiabilitiesHighlyEffectivelyHedgedMinimumCapitalOfHedgingPortfolio" xlink:title="definition: ExchangeRateRiskOfProjectsForeignCurrencyDenominatedAssetsLiabilitiesEffectivelyHedgedDetailsLineItems to ExchangeRateRiskForeignCurrencyDenominatedAssetsLiabilitiesHighlyEffectivelyHedgedMinimumCapitalOfHedgingPortfolio" use="optional" order="150.0"/>
    <link:loc xlink:type="locator" xlink:href="../../c-ross_core_2015-12-31.xsd#c-ross_ExchangeRateRiskForeignCurrencyDenominatedAssetsLiabilitiesHighlyEffectivelyHedgedRiskExposure" xlink:label="ExchangeRateRiskForeignCurrencyDenominatedAssetsLiabilitiesHighlyEffectivelyHedgedRiskExposure" xlink:title="ExchangeRateRiskForeignCurrencyDenominatedAssetsLiabilitiesHighlyEffectivelyHedgedRiskExposure"/>
    <link:definitionArc xlink:type="arc" xlink:arcrole="http://xbrl.org/int/dim/arcrole/domain-member" xlink:from="ExchangeRateRiskOfProjectsForeignCurrencyDenominatedAssetsLiabilitiesEffectivelyHedgedDetailsLineItems" xlink:to="ExchangeRateRiskForeignCurrencyDenominatedAssetsLiabilitiesHighlyEffectivelyHedgedRiskExposure" xlink:title="definition: ExchangeRateRiskOfProjectsForeignCurrencyDenominatedAssetsLiabilitiesEffectivelyHedgedDetailsLineItems to ExchangeRateRiskForeignCurrencyDenominatedAssetsLiabilitiesHighlyEffectivelyHedgedRiskExposure" use="optional" order="120.0"/>
    <link:loc xlink:type="locator" xlink:href="../../c-ross_core_2015-12-31.xsd#c-ross_ExchangeRateRiskForeignCurrencyDenominatedAssetsLiabilitiesHighlyEffectivelyHedgedBaseRiskFactor" xlink:label="ExchangeRateRiskForeignCurrencyDenominatedAssetsLiabilitiesHighlyEffectivelyHedgedBaseRiskFactor" xlink:title="ExchangeRateRiskForeignCurrencyDenominatedAssetsLiabilitiesHighlyEffectivelyHedgedBaseRiskFactor"/>
    <link:definitionArc xlink:type="arc" xlink:arcrole="http://xbrl.org/int/dim/arcrole/domain-member" xlink:from="ExchangeRateRiskOfProjectsForeignCurrencyDenominatedAssetsLiabilitiesEffectivelyHedgedDetailsLineItems" xlink:to="ExchangeRateRiskForeignCurrencyDenominatedAssetsLiabilitiesHighlyEffectivelyHedgedBaseRiskFactor" xlink:title="definition: ExchangeRateRiskOfProjectsForeignCurrencyDenominatedAssetsLiabilitiesEffectivelyHedgedDetailsLineItems to ExchangeRateRiskForeignCurrencyDenominatedAssetsLiabilitiesHighlyEffectivelyHedgedBaseRiskFactor" use="optional" order="130.0"/>
    <link:definitionArc xlink:type="arc" xlink:arcrole="http://xbrl.org/int/dim/arcrole/notAll" xlink:from="ExchangeRateRiskForeignCurrencyDenominatedAssetsLiabilitiesHighlyEffectivelyHedgedBaseRiskFactor" xlink:to="Excluded" xlink:title="definition: ExchangeRateRiskForeignCurrencyDenominatedAssetsLiabilitiesHighlyEffectivelyHedgedBaseRiskFactor to Excluded" use="optional" order="10.0" xbrldt:contextElement="scenario" xbrldt:targetRole="http://xbrl.circ.gov.cn/role/c-ross_2015-12-31_role-3162800c"/>
    <link:loc xlink:type="locator" xlink:href="../../c-ross_core_2015-12-31.xsd#c-ross_ExchangeRateRiskForeignCurrencyDenominatedAssetsLiabilitiesHighlyEffectivelyHedgedRiskFactorOne" xlink:label="ExchangeRateRiskForeignCurrencyDenominatedAssetsLiabilitiesHighlyEffectivelyHedgedRiskFactorOne" xlink:title="ExchangeRateRiskForeignCurrencyDenominatedAssetsLiabilitiesHighlyEffectivelyHedgedRiskFactorOne"/>
    <link:definitionArc xlink:type="arc" xlink:arcrole="http://xbrl.org/int/dim/arcrole/domain-member" xlink:from="ExchangeRateRiskOfProjectsForeignCurrencyDenominatedAssetsLiabilitiesEffectivelyHedgedDetailsLineItems" xlink:to="ExchangeRateRiskForeignCurrencyDenominatedAssetsLiabilitiesHighlyEffectivelyHedgedRiskFactorOne" xlink:title="definition: ExchangeRateRiskOfProjectsForeignCurrencyDenominatedAssetsLiabilitiesEffectivelyHedgedDetailsLineItems to ExchangeRateRiskForeignCurrencyDenominatedAssetsLiabilitiesHighlyEffectivelyHedgedRiskFactorOne" use="optional" order="140.0"/>
    <link:definitionArc xlink:type="arc" xlink:arcrole="http://xbrl.org/int/dim/arcrole/notAll" xlink:from="ExchangeRateRiskForeignCurrencyDenominatedAssetsLiabilitiesHighlyEffectivelyHedgedRiskFactorOne" xlink:to="Excluded" xlink:title="definition: ExchangeRateRiskForeignCurrencyDenominatedAssetsLiabilitiesHighlyEffectivelyHedgedRiskFactorOne to Excluded" use="optional" order="10.0" xbrldt:contextElement="scenario" xbrldt:targetRole="http://xbrl.circ.gov.cn/role/c-ross_2015-12-31_role-3162800c"/>
  </link:definitionLink>
  <link:definitionLink xlink:type="extended" xlink:role="http://xbrl.circ.gov.cn/role/c-ross_2015-12-31_role-3162800a">
    <link:loc xlink:type="locator" xlink:href="../../c-ross_core_2015-12-31.xsd#c-ross_TypesOfCurrenciesMember" xlink:label="CurrenciesMember" xlink:title="CurrenciesMember"/>
    <link:loc xlink:type="locator" xlink:href="../../c-ross_core_2015-12-31.xsd#c-ross_ForeignCurrencyItemsDenominatedInOtherForeignCurrenciesMember" xlink:label="OtherForeignCurrenciesItemsMember" xlink:title="OtherForeignCurrenciesItemsMember"/>
    <link:definitionArc xlink:type="arc" xlink:arcrole="http://xbrl.org/int/dim/arcrole/domain-member" xlink:from="CurrenciesMember" xlink:to="OtherForeignCurrenciesItemsMember" xlink:title="definition: CurrenciesMember to OtherForeignCurrenciesItemsMember" use="optional" order="10.0"/>
    <link:loc xlink:type="locator" xlink:href="../../c-ross_core_2015-12-31.xsd#c-ross_ExchangeRateRiskForeignCurrencyDenominatedAssetsLiabilitiesEffectivelyHedgedTypesOfCurrenciesAxis" xlink:label="ExchangeRateRiskForeignCurrencyDenominatedAssetsLiabilitiesEffectivelyHedgedTypesOfCurrenciesAxis" xlink:title="ExchangeRateRiskForeignCurrencyDenominatedAssetsLiabilitiesEffectivelyHedgedTypesOfCurrenciesAxis"/>
    <link:definitionArc xlink:type="arc" xlink:arcrole="http://xbrl.org/int/dim/arcrole/dimension-domain" xlink:from="ExchangeRateRiskForeignCurrencyDenominatedAssetsLiabilitiesEffectivelyHedgedTypesOfCurrenciesAxis" xlink:to="CurrenciesMember" xlink:title="definition: ExchangeRateRiskForeignCurrencyDenominatedAssetsLiabilitiesEffectivelyHedgedTypesOfCurrenciesAxis to CurrenciesMember" use="optional" order="10.0"/>
    <link:loc xlink:type="locator" xlink:href="../../c-ross_core_2015-12-31.xsd#c-ross_ExchangeRateRiskOfProjectsForeignCurrencyDenominatedAssetsLiabilitiesEffectivelyHedgedDetailsTable" xlink:label="ExchangeRateRiskOfProjectsForeignCurrencyDenominatedAssetsLiabilitiesEffectivelyHedgedDetailsTable" xlink:title="ExchangeRateRiskOfProjectsForeignCurrencyDenominatedAssetsLiabilitiesEffectivelyHedgedDetailsTable"/>
    <link:definitionArc xlink:type="arc" xlink:arcrole="http://xbrl.org/int/dim/arcrole/hypercube-dimension" xlink:from="ExchangeRateRiskOfProjectsForeignCurrencyDenominatedAssetsLiabilitiesEffectivelyHedgedDetailsTable" xlink:to="ExchangeRateRiskForeignCurrencyDenominatedAssetsLiabilitiesEffectivelyHedgedTypesOfCurrenciesAxis" xlink:title="definition: ExchangeRateRiskOfProjectsForeignCurrencyDenominatedAssetsLiabilitiesEffectivelyHedgedDetailsTable to ExchangeRateRiskForeignCurrencyDenominatedAssetsLiabilitiesEffectivelyHedgedTypesOfCurrenciesAxis" use="optional" order="10.0"/>
    <link:loc xlink:type="locator" xlink:href="../../c-ross_core_2015-12-31.xsd#c-ross_ExchangeRateRiskForeignCurrencyDenominatedAssetsLiabilitiesHighlyEffectivelyHedgedForeignCurrencyItemsDenominatedInOtherForeignCurrenciesLineNumberAxis" xlink:label="ExchangeRateRiskForeignCurrencyDenominatedAssetsLiabilitiesHighlyEffectivelyHedgedOtherCurrenciesLineNumberAxis" xlink:title="ExchangeRateRiskForeignCurrencyDenominatedAssetsLiabilitiesHighlyEffectivelyHedgedOtherCurrenciesLineNumberAxis"/>
    <link:definitionArc xlink:type="arc" xlink:arcrole="http://xbrl.org/int/dim/arcrole/hypercube-dimension" xlink:from="ExchangeRateRiskOfProjectsForeignCurrencyDenominatedAssetsLiabilitiesEffectivelyHedgedDetailsTable" xlink:to="ExchangeRateRiskForeignCurrencyDenominatedAssetsLiabilitiesHighlyEffectivelyHedgedOtherCurrenciesLineNumberAxis" xlink:title="definition: ExchangeRateRiskOfProjectsForeignCurrencyDenominatedAssetsLiabilitiesEffectivelyHedgedDetailsTable to ExchangeRateRiskForeignCurrencyDenominatedAssetsLiabilitiesHighlyEffectivelyHedgedOtherCurrenciesLineNumberAxis" use="optional" order="20.0"/>
    <link:loc xlink:type="locator" xlink:href="../../c-ross_core_2015-12-31.xsd#c-ross_ExchangeRateRiskOfProjectsForeignCurrencyDenominatedAssetsLiabilitiesEffectivelyHedgedDetailsLineItems" xlink:label="ExchangeRateRiskOfProjectsForeignCurrencyDenominatedAssetsLiabilitiesEffectivelyHedgedDetailsLineItems" xlink:title="ExchangeRateRiskOfProjectsForeignCurrencyDenominatedAssetsLiabilitiesEffectivelyHedgedDetailsLineItems"/>
    <link:loc xlink:type="locator" xlink:href="../../c-ross_core_2015-12-31.xsd#c-ross_ExchangeRateRiskForeignCurrencyDenominatedAssetsLiabilitiesHighlyEffectivelyHedgedForeignExchangeForwardContractName" xlink:label="ExchangeRateRiskForeignCurrencyDenominatedAssetsLiabilitiesHighlyEffectivelyHedgedCurrencyForwardContractName" xlink:title="ExchangeRateRiskForeignCurrencyDenominatedAssetsLiabilitiesHighlyEffectivelyHedgedCurrencyForwardContractName"/>
    <link:definitionArc xlink:type="arc" xlink:arcrole="http://xbrl.org/int/dim/arcrole/domain-member" xlink:from="ExchangeRateRiskOfProjectsForeignCurrencyDenominatedAssetsLiabilitiesEffectivelyHedgedDetailsLineItems" xlink:to="ExchangeRateRiskForeignCurrencyDenominatedAssetsLiabilitiesHighlyEffectivelyHedgedCurrencyForwardContractName" xlink:title="definition: ExchangeRateRiskOfProjectsForeignCurrencyDenominatedAssetsLiabilitiesEffectivelyHedgedDetailsLineItems to ExchangeRateRiskForeignCurrencyDenominatedAssetsLiabilitiesHighlyEffectivelyHedgedCurrencyForwardContractName" use="optional" order="10.0"/>
    <link:loc xlink:type="locator" xlink:href="../../c-ross_core_2015-12-31.xsd#c-ross_ExchangeRateRiskForeignCurrencyDenominatedAssetsLiabilitiesHighlyEffectivelyHedgedForeignCurrencyDenominatedLiquidityManagementInstruments" xlink:label="ExchangeRateRiskForeignCurrencyDenominatedAssetsLiabilitiesHighlyEffectivelyHedgedForeignCurrencyDenominatedLiquidityManagementInstruments" xlink:title="ExchangeRateRiskForeignCurrencyDenominatedAssetsLiabilitiesHighlyEffectivelyHedgedForeignCurrencyDenominatedLiquidityManagementInstruments"/>
    <link:definitionArc xlink:type="arc" xlink:arcrole="http://xbrl.org/int/dim/arcrole/domain-member" xlink:from="ExchangeRateRiskOfProjectsForeignCurrencyDenominatedAssetsLiabilitiesEffectivelyHedgedDetailsLineItems" xlink:to="ExchangeRateRiskForeignCurrencyDenominatedAssetsLiabilitiesHighlyEffectivelyHedgedForeignCurrencyDenominatedLiquidityManagementInstruments" xlink:title="definition: ExchangeRateRiskOfProjectsForeignCurrencyDenominatedAssetsLiabilitiesEffectivelyHedgedDetailsLineItems to ExchangeRateRiskForeignCurrencyDenominatedAssetsLiabilitiesHighlyEffectivelyHedgedForeignCurrencyDenominatedLiquidityManagementInstruments" use="optional" order="20.0"/>
    <link:loc xlink:type="locator" xlink:href="../../c-ross_core_2015-12-31.xsd#c-ross_ExchangeRateRiskForeignCurrencyDenominatedAssetsLiabilitiesHighlyEffectivelyHedgedForeignCurrencyDenominatedFixedIncomeInvestmentAssets" xlink:label="ExchangeRateRiskForeignCurrencyDenominatedAssetsLiabilitiesHighlyEffectivelyHedgedForeignCurrencyDenominatedFixedIncomeInvestmentAssets" xlink:title="ExchangeRateRiskForeignCurrencyDenominatedAssetsLiabilitiesHighlyEffectivelyHedgedForeignCurrencyDenominatedFixedIncomeInvestmentAssets"/>
    <link:definitionArc xlink:type="arc" xlink:arcrole="http://xbrl.org/int/dim/arcrole/domain-member" xlink:from="ExchangeRateRiskOfProjectsForeignCurrencyDenominatedAssetsLiabilitiesEffectivelyHedgedDetailsLineItems" xlink:to="ExchangeRateRiskForeignCurrencyDenominatedAssetsLiabilitiesHighlyEffectivelyHedgedForeignCurrencyDenominatedFixedIncomeInvestmentAssets" xlink:title="definition: ExchangeRateRiskOfProjectsForeignCurrencyDenominatedAssetsLiabilitiesEffectivelyHedgedDetailsLineItems to ExchangeRateRiskForeignCurrencyDenominatedAssetsLiabilitiesHighlyEffectivelyHedgedForeignCurrencyDenominatedFixedIncomeInvestmentAssets" use="optional" order="30.0"/>
    <link:loc xlink:type="locator" xlink:href="../../c-ross_core_2015-12-31.xsd#c-ross_ExchangeRateRiskForeignCurrencyDenominatedAssetsLiabilitiesHighlyEffectivelyHedgedForeignCurrencyDenominatedEquityInvestmentAssets" xlink:label="ExchangeRateRiskForeignCurrencyDenominatedAssetsLiabilitiesHighlyEffectivelyHedgedForeignCurrencyDenominatedEquityInvestmentAssets" xlink:title="ExchangeRateRiskForeignCurrencyDenominatedAssetsLiabilitiesHighlyEffectivelyHedgedForeignCurrencyDenominatedEquityInvestmentAssets"/>
    <link:definitionArc xlink:type="arc" xlink:arcrole="http://xbrl.org/int/dim/arcrole/domain-member" xlink:from="ExchangeRateRiskOfProjectsForeignCurrencyDenominatedAssetsLiabilitiesEffectivelyHedgedDetailsLineItems" xlink:to="ExchangeRateRiskForeignCurrencyDenominatedAssetsLiabilitiesHighlyEffectivelyHedgedForeignCurrencyDenominatedEquityInvestmentAssets" xlink:title="definition: ExchangeRateRiskOfProjectsForeignCurrencyDenominatedAssetsLiabilitiesEffectivelyHedgedDetailsLineItems to ExchangeRateRiskForeignCurrencyDenominatedAssetsLiabilitiesHighlyEffectivelyHedgedForeignCurrencyDenominatedEquityInvestmentAssets" use="optional" order="40.0"/>
    <link:loc xlink:type="locator" xlink:href="../../c-ross_core_2015-12-31.xsd#c-ross_ExchangeRateRiskForeignCurrencyDenominatedAssetsLiabilitiesHighlyEffectivelyHedgedForeignCurrencyDenominatedDerivatives" xlink:label="ExchangeRateRiskForeignCurrencyDenominatedAssetsLiabilitiesHighlyEffectivelyHedgedForeignCurrencyDenominatedDerivatives" xlink:title="ExchangeRateRiskForeignCurrencyDenominatedAssetsLiabilitiesHighlyEffectivelyHedgedForeignCurrencyDenominatedDerivatives"/>
    <link:definitionArc xlink:type="arc" xlink:arcrole="http://xbrl.org/int/dim/arcrole/domain-member" xlink:from="ExchangeRateRiskOfProjectsForeignCurrencyDenominatedAssetsLiabilitiesEffectivelyHedgedDetailsLineItems" xlink:to="ExchangeRateRiskForeignCurrencyDenominatedAssetsLiabilitiesHighlyEffectivelyHedgedForeignCurrencyDenominatedDerivatives" xlink:title="definition: ExchangeRateRiskOfProjectsForeignCurrencyDenominatedAssetsLiabilitiesEffectivelyHedgedDetailsLineItems to ExchangeRateRiskForeignCurrencyDenominatedAssetsLiabilitiesHighlyEffectivelyHedgedForeignCurrencyDenominatedDerivatives" use="optional" order="50.0"/>
    <link:loc xlink:type="locator" xlink:href="../../c-ross_core_2015-12-31.xsd#c-ross_ExchangeRateRiskForeignCurrencyDenominatedAssetsLiabilitiesHighlyEffectivelyHedgedForeignCurrencyDenominatedProperties" xlink:label="ExchangeRateRiskForeignCurrencyDenominatedAssetsLiabilitiesHighlyEffectivelyHedgedForeignCurrencyDenominatedProperties" xlink:title="ExchangeRateRiskForeignCurrencyDenominatedAssetsLiabilitiesHighlyEffectivelyHedgedForeignCurrencyDenominatedProperties"/>
    <link:definitionArc xlink:type="arc" xlink:arcrole="http://xbrl.org/int/dim/arcrole/domain-member" xlink:from="ExchangeRateRiskOfProjectsForeignCurrencyDenominatedAssetsLiabilitiesEffectivelyHedgedDetailsLineItems" xlink:to="ExchangeRateRiskForeignCurrencyDenominatedAssetsLiabilitiesHighlyEffectivelyHedgedForeignCurrencyDenominatedProperties" xlink:title="definition: ExchangeRateRiskOfProjectsForeignCurrencyDenominatedAssetsLiabilitiesEffectivelyHedgedDetailsLineItems to ExchangeRateRiskForeignCurrencyDenominatedAssetsLiabilitiesHighlyEffectivelyHedgedForeignCurrencyDenominatedProperties" use="optional" order="60.0"/>
    <link:loc xlink:type="locator" xlink:href="../../c-ross_core_2015-12-31.xsd#c-ross_ExchangeRateRiskForeignCurrencyDenominatedAssetsLiabilitiesHighlyEffectivelyHedgedOtherForeignCurrencyDenominatedAssets" xlink:label="ExchangeRateRiskForeignCurrencyDenominatedAssetsLiabilitiesHighlyEffectivelyHedgedOtherForeignCurrencyDenominatedAssets" xlink:title="ExchangeRateRiskForeignCurrencyDenominatedAssetsLiabilitiesHighlyEffectivelyHedgedOtherForeignCurrencyDenominatedAssets"/>
    <link:definitionArc xlink:type="arc" xlink:arcrole="http://xbrl.org/int/dim/arcrole/domain-member" xlink:from="ExchangeRateRiskOfProjectsForeignCurrencyDenominatedAssetsLiabilitiesEffectivelyHedgedDetailsLineItems" xlink:to="ExchangeRateRiskForeignCurrencyDenominatedAssetsLiabilitiesHighlyEffectivelyHedgedOtherForeignCurrencyDenominatedAssets" xlink:title="definition: ExchangeRateRiskOfProjectsForeignCurrencyDenominatedAssetsLiabilitiesEffectivelyHedgedDetailsLineItems to ExchangeRateRiskForeignCurrencyDenominatedAssetsLiabilitiesHighlyEffectivelyHedgedOtherForeignCurrencyDenominatedAssets" use="optional" order="70.0"/>
    <link:loc xlink:type="locator" xlink:href="../../c-ross_core_2015-12-31.xsd#c-ross_ExchangeRateRiskForeignCurrencyDenominatedAssetsLiabilitiesHighlyEffectivelyHedgedForeignCurrencyDenominatedLiabilities" xlink:label="ExchangeRateRiskForeignCurrencyDenominatedAssetsLiabilitiesHighlyEffectivelyHedgedForeignCurrencyDenominatedLiabilities" xlink:title="ExchangeRateRiskForeignCurrencyDenominatedAssetsLiabilitiesHighlyEffectivelyHedgedForeignCurrencyDenominatedLiabilities"/>
    <link:definitionArc xlink:type="arc" xlink:arcrole="http://xbrl.org/int/dim/arcrole/domain-member" xlink:from="ExchangeRateRiskOfProjectsForeignCurrencyDenominatedAssetsLiabilitiesEffectivelyHedgedDetailsLineItems" xlink:to="ExchangeRateRiskForeignCurrencyDenominatedAssetsLiabilitiesHighlyEffectivelyHedgedForeignCurrencyDenominatedLiabilities" xlink:title="definition: ExchangeRateRiskOfProjectsForeignCurrencyDenominatedAssetsLiabilitiesEffectivelyHedgedDetailsLineItems to ExchangeRateRiskForeignCurrencyDenominatedAssetsLiabilitiesHighlyEffectivelyHedgedForeignCurrencyDenominatedLiabilities" use="optional" order="80.0"/>
    <link:loc xlink:type="locator" xlink:href="../../c-ross_core_2015-12-31.xsd#c-ross_ExchangeRateRiskForeignCurrencyDenominatedAssetsLiabilitiesHighlyEffectivelyHedgedTotalSizeOfHedgedForeignCurrencyDenominatedAssetsLiabilities" xlink:label="ExchangeRateRiskForeignCurrencyDenominatedAssetsLiabilitiesHighlyEffectivelyHedgedTotalSizeOfHedgedForeignCurrencyDenominatedAssetsLiabilities" xlink:title="ExchangeRateRiskForeignCurrencyDenominatedAssetsLiabilitiesHighlyEffectivelyHedgedTotalSizeOfHedgedForeignCurrencyDenominatedAssetsLiabilities"/>
    <link:definitionArc xlink:type="arc" xlink:arcrole="http://xbrl.org/int/dim/arcrole/domain-member" xlink:from="ExchangeRateRiskOfProjectsForeignCurrencyDenominatedAssetsLiabilitiesEffectivelyHedgedDetailsLineItems" xlink:to="ExchangeRateRiskForeignCurrencyDenominatedAssetsLiabilitiesHighlyEffectivelyHedgedTotalSizeOfHedgedForeignCurrencyDenominatedAssetsLiabilities" xlink:title="definition: ExchangeRateRiskOfProjectsForeignCurrencyDenominatedAssetsLiabilitiesEffectivelyHedgedDetailsLineItems to ExchangeRateRiskForeignCurrencyDenominatedAssetsLiabilitiesHighlyEffectivelyHedgedTotalSizeOfHedgedForeignCurrencyDenominatedAssetsLiabilities" use="optional" order="90.0"/>
    <link:loc xlink:type="locator" xlink:href="../../c-ross_core_2015-12-31.xsd#c-ross_ExchangeRateRiskForeignCurrencyDenominatedAssetsLiabilitiesHighlyEffectivelyHedgedNominalPrincipalValueOfForeignExchangeForwardContracts" xlink:label="ExchangeRateRiskForeignCurrencyDenominatedAssetsLiabilitiesHighlyEffectivelyHedgedNominalPrincipalValueOfForeignExchangeForwardContracts" xlink:title="ExchangeRateRiskForeignCurrencyDenominatedAssetsLiabilitiesHighlyEffectivelyHedgedNominalPrincipalValueOfForeignExchangeForwardContracts"/>
    <link:definitionArc xlink:type="arc" xlink:arcrole="http://xbrl.org/int/dim/arcrole/domain-member" xlink:from="ExchangeRateRiskOfProjectsForeignCurrencyDenominatedAssetsLiabilitiesEffectivelyHedgedDetailsLineItems" xlink:to="ExchangeRateRiskForeignCurrencyDenominatedAssetsLiabilitiesHighlyEffectivelyHedgedNominalPrincipalValueOfForeignExchangeForwardContracts" xlink:title="definition: ExchangeRateRiskOfProjectsForeignCurrencyDenominatedAssetsLiabilitiesEffectivelyHedgedDetailsLineItems to ExchangeRateRiskForeignCurrencyDenominatedAssetsLiabilitiesHighlyEffectivelyHedgedNominalPrincipalValueOfForeignExchangeForwardContracts" use="optional" order="100.0"/>
    <link:loc xlink:type="locator" xlink:href="../../c-ross_core_2015-12-31.xsd#c-ross_ExchangeRateRiskForeignCurrencyDenominatedAssetsLiabilitiesHighlyEffectivelyHedgedHedgingEffectivenessOfForeignExchangeForwardContracts" xlink:label="ExchangeRateRiskForeignCurrencyDenominatedAssetsLiabilitiesHighlyEffectivelyHedgedHedgingEffectiveness" xlink:title="ExchangeRateRiskForeignCurrencyDenominatedAssetsLiabilitiesHighlyEffectivelyHedgedHedgingEffectiveness"/>
    <link:definitionArc xlink:type="arc" xlink:arcrole="http://xbrl.org/int/dim/arcrole/domain-member" xlink:from="ExchangeRateRiskOfProjectsForeignCurrencyDenominatedAssetsLiabilitiesEffectivelyHedgedDetailsLineItems" xlink:to="ExchangeRateRiskForeignCurrencyDenominatedAssetsLiabilitiesHighlyEffectivelyHedgedHedgingEffectiveness" xlink:title="definition: ExchangeRateRiskOfProjectsForeignCurrencyDenominatedAssetsLiabilitiesEffectivelyHedgedDetailsLineItems to ExchangeRateRiskForeignCurrencyDenominatedAssetsLiabilitiesHighlyEffectivelyHedgedHedgingEffectiveness" use="optional" order="110.0"/>
    <link:loc xlink:type="locator" xlink:href="../../c-ross_core_2015-12-31.xsd#c-ross_ExchangeRateRiskForeignCurrencyDenominatedAssetsLiabilitiesHighlyEffectivelyHedgedMinimumCapitalOfHedgingPortfolio" xlink:label="ExchangeRateRiskForeignCurrencyDenominatedAssetsLiabilitiesHighlyEffectivelyHedgedMinimumCapitalOfHedgingPortfolio" xlink:title="ExchangeRateRiskForeignCurrencyDenominatedAssetsLiabilitiesHighlyEffectivelyHedgedMinimumCapitalOfHedgingPortfolio"/>
    <link:definitionArc xlink:type="arc" xlink:arcrole="http://xbrl.org/int/dim/arcrole/domain-member" xlink:from="ExchangeRateRiskOfProjectsForeignCurrencyDenominatedAssetsLiabilitiesEffectivelyHedgedDetailsLineItems" xlink:to="ExchangeRateRiskForeignCurrencyDenominatedAssetsLiabilitiesHighlyEffectivelyHedgedMinimumCapitalOfHedgingPortfolio" xlink:title="definition: ExchangeRateRiskOfProjectsForeignCurrencyDenominatedAssetsLiabilitiesEffectivelyHedgedDetailsLineItems to ExchangeRateRiskForeignCurrencyDenominatedAssetsLiabilitiesHighlyEffectivelyHedgedMinimumCapitalOfHedgingPortfolio" use="optional" order="150.0"/>
    <link:loc xlink:type="locator" xlink:href="../../c-ross_core_2015-12-31.xsd#c-ross_ExchangeRateRiskForeignCurrencyDenominatedAssetsLiabilitiesHighlyEffectivelyHedgedRiskExposure" xlink:label="ExchangeRateRiskForeignCurrencyDenominatedAssetsLiabilitiesHighlyEffectivelyHedgedRiskExposure" xlink:title="ExchangeRateRiskForeignCurrencyDenominatedAssetsLiabilitiesHighlyEffectivelyHedgedRiskExposure"/>
    <link:definitionArc xlink:type="arc" xlink:arcrole="http://xbrl.org/int/dim/arcrole/domain-member" xlink:from="ExchangeRateRiskOfProjectsForeignCurrencyDenominatedAssetsLiabilitiesEffectivelyHedgedDetailsLineItems" xlink:to="ExchangeRateRiskForeignCurrencyDenominatedAssetsLiabilitiesHighlyEffectivelyHedgedRiskExposure" xlink:title="definition: ExchangeRateRiskOfProjectsForeignCurrencyDenominatedAssetsLiabilitiesEffectivelyHedgedDetailsLineItems to ExchangeRateRiskForeignCurrencyDenominatedAssetsLiabilitiesHighlyEffectivelyHedgedRiskExposure" use="optional" order="120.0"/>
    <link:loc xlink:type="locator" xlink:href="../../c-ross_core_2015-12-31.xsd#c-ross_ExchangeRateRiskForeignCurrencyDenominatedAssetsLiabilitiesHighlyEffectivelyHedgedBaseRiskFactor" xlink:label="ExchangeRateRiskForeignCurrencyDenominatedAssetsLiabilitiesHighlyEffectivelyHedgedBaseRiskFactor" xlink:title="ExchangeRateRiskForeignCurrencyDenominatedAssetsLiabilitiesHighlyEffectivelyHedgedBaseRiskFactor"/>
    <link:definitionArc xlink:type="arc" xlink:arcrole="http://xbrl.org/int/dim/arcrole/domain-member" xlink:from="ExchangeRateRiskOfProjectsForeignCurrencyDenominatedAssetsLiabilitiesEffectivelyHedgedDetailsLineItems" xlink:to="ExchangeRateRiskForeignCurrencyDenominatedAssetsLiabilitiesHighlyEffectivelyHedgedBaseRiskFactor" xlink:title="definition: ExchangeRateRiskOfProjectsForeignCurrencyDenominatedAssetsLiabilitiesEffectivelyHedgedDetailsLineItems to ExchangeRateRiskForeignCurrencyDenominatedAssetsLiabilitiesHighlyEffectivelyHedgedBaseRiskFactor" use="optional" order="130.0"/>
    <link:loc xlink:type="locator" xlink:href="../../c-ross_core_2015-12-31.xsd#c-ross_ExchangeRateRiskForeignCurrencyDenominatedAssetsLiabilitiesHighlyEffectivelyHedgedRiskFactorOne" xlink:label="ExchangeRateRiskForeignCurrencyDenominatedAssetsLiabilitiesHighlyEffectivelyHedgedRiskFactorOne" xlink:title="ExchangeRateRiskForeignCurrencyDenominatedAssetsLiabilitiesHighlyEffectivelyHedgedRiskFactorOne"/>
    <link:definitionArc xlink:type="arc" xlink:arcrole="http://xbrl.org/int/dim/arcrole/domain-member" xlink:from="ExchangeRateRiskOfProjectsForeignCurrencyDenominatedAssetsLiabilitiesEffectivelyHedgedDetailsLineItems" xlink:to="ExchangeRateRiskForeignCurrencyDenominatedAssetsLiabilitiesHighlyEffectivelyHedgedRiskFactorOne" xlink:title="definition: ExchangeRateRiskOfProjectsForeignCurrencyDenominatedAssetsLiabilitiesEffectivelyHedgedDetailsLineItems to ExchangeRateRiskForeignCurrencyDenominatedAssetsLiabilitiesHighlyEffectivelyHedgedRiskFactorOne" use="optional" order="140.0"/>
    <link:loc xlink:type="locator" xlink:href="../../c-ross_core_2015-12-31.xsd#c-ross_ExchangeRateRiskOfProjectsForeignCurrencyDenominatedAssetsLiabilitiesEffectivelyHedgedForeignCurrencyItemsDenominatedInOtherForeignCurrenciesDetailsAbstract" xlink:label="ExchangeRateRiskOfProjectsForeignCurrencyDenominatedAssetsLiabilitiesEffectivelyHedgedOtherCurrenciesDetailsAbstract" xlink:title="ExchangeRateRiskOfProjectsForeignCurrencyDenominatedAssetsLiabilitiesEffectivelyHedgedOtherCurrenciesDetailsAbstract"/>
    <link:definitionArc xlink:type="arc" xlink:arcrole="http://xbrl.org/int/dim/arcrole/all" xlink:from="ExchangeRateRiskOfProjectsForeignCurrencyDenominatedAssetsLiabilitiesEffectivelyHedgedOtherCurrenciesDetailsAbstract" xlink:to="ExchangeRateRiskOfProjectsForeignCurrencyDenominatedAssetsLiabilitiesEffectivelyHedgedDetailsTable" xlink:title="definition: ExchangeRateRiskOfProjectsForeignCurrencyDenominatedAssetsLiabilitiesEffectivelyHedgedOtherCurrenciesDetailsAbstract to ExchangeRateRiskOfProjectsForeignCurrencyDenominatedAssetsLiabilitiesEffectivelyHedgedDetailsTable" use="optional" order="10.0" xbrldt:closed="true" xbrldt:contextElement="scenario"/>
    <link:definitionArc xlink:type="arc" xlink:arcrole="http://xbrl.org/int/dim/arcrole/domain-member" xlink:from="ExchangeRateRiskOfProjectsForeignCurrencyDenominatedAssetsLiabilitiesEffectivelyHedgedOtherCurrenciesDetailsAbstract" xlink:to="ExchangeRateRiskOfProjectsForeignCurrencyDenominatedAssetsLiabilitiesEffectivelyHedgedDetailsLineItems" xlink:title="definition: ExchangeRateRiskOfProjectsForeignCurrencyDenominatedAssetsLiabilitiesEffectivelyHedgedOtherCurrenciesDetailsAbstract to ExchangeRateRiskOfProjectsForeignCurrencyDenominatedAssetsLiabilitiesEffectivelyHedgedDetailsLineItems" use="optional" order="20.0"/>
  </link:definitionLink>
  <link:definitionLink xlink:type="extended" xlink:role="http://xbrl.circ.gov.cn/role/c-ross_2015-12-31_role-3162800b">
    <link:loc xlink:type="locator" xlink:href="../../c-ross_core_2015-12-31.xsd#c-ross_TypesOfCurrenciesMember" xlink:label="TypesOfCurrenciesMember" xlink:title="CurrenciesMember"/>
    <link:loc xlink:type="locator" xlink:href="../../c-ross_core_2015-12-31.xsd#c-ross_ForeignCurrencyItemsDenominatedInOtherForeignCurrenciesMember" xlink:label="OtherForeignCurrenciesMember" xlink:title="OtherForeignCurrenciesItemsMember"/>
    <link:definitionArc xlink:type="arc" xlink:arcrole="http://xbrl.org/int/dim/arcrole/domain-member" xlink:from="TypesOfCurrenciesMember" xlink:to="OtherForeignCurrenciesMember" xlink:title="definition: TypesOfCurrenciesMember to OtherForeignCurrenciesMember" use="optional" order="40.0"/>
    <link:loc xlink:type="locator" xlink:href="../../c-ross_core_2015-12-31.xsd#c-ross_ForeignCurrencyItemsDenominatedInUsdAndCurrenciesDirectlyLinkedToUsdMember" xlink:label="UsdAndCurrenciesDirectlyLinkedToUsdMember" xlink:title="UsdAndCurrenciesDirectlyLinkedToUsdMember"/>
    <link:definitionArc xlink:type="arc" xlink:arcrole="http://xbrl.org/int/dim/arcrole/domain-member" xlink:from="TypesOfCurrenciesMember" xlink:to="UsdAndCurrenciesDirectlyLinkedToUsdMember" xlink:title="definition: TypesOfCurrenciesMember to UsdAndCurrenciesDirectlyLinkedToUsdMember" use="optional" order="10.0"/>
    <link:loc xlink:type="locator" xlink:href="../../c-ross_core_2015-12-31.xsd#c-ross_ForeignCurrencyItemsDenominatedInEurMember" xlink:label="EurGbpMember" xlink:title="EurGbpMember"/>
    <link:definitionArc xlink:type="arc" xlink:arcrole="http://xbrl.org/int/dim/arcrole/domain-member" xlink:from="TypesOfCurrenciesMember" xlink:to="EurGbpMember" xlink:title="definition: TypesOfCurrenciesMember to EurGbpMember" use="optional" order="20.0"/>
    <link:loc xlink:type="locator" xlink:href="../../c-ross_core_2015-12-31.xsd#c-ross_ForeignCurrencyItemsDenominatedInGbpMember" xlink:label="ForeignCurrencyItemsDenominatedInGbpMember" xlink:title="ForeignCurrencyItemsDenominatedInGbpMember"/>
    <link:definitionArc xlink:type="arc" xlink:arcrole="http://xbrl.org/int/dim/arcrole/domain-member" xlink:from="TypesOfCurrenciesMember" xlink:to="ForeignCurrencyItemsDenominatedInGbpMember" xlink:title="definition: TypesOfCurrenciesMember to ForeignCurrencyItemsDenominatedInGbpMember" use="optional" order="30.0"/>
    <link:loc xlink:type="locator" xlink:href="../../c-ross_core_2015-12-31.xsd#c-ross_ExcludedTable" xlink:label="Excluded" xlink:title="Excluded"/>
    <link:loc xlink:type="locator" xlink:href="../../c-ross_core_2015-12-31.xsd#c-ross_ExchangeRateRiskForeignCurrencyDenominatedAssetsLiabilitiesEffectivelyHedgedTypesOfCurrenciesAxis" xlink:label="ExchangeRateRiskForeignCurrencyDenominatedAssetsLiabilitiesEffectivelyHedgedTypesOfCurrenciesAxis" xlink:title="ExchangeRateRiskForeignCurrencyDenominatedAssetsLiabilitiesEffectivelyHedgedTypesOfCurrenciesAxis"/>
    <link:definitionArc xlink:type="arc" xlink:arcrole="http://xbrl.org/int/dim/arcrole/hypercube-dimension" xlink:from="Excluded" xlink:to="ExchangeRateRiskForeignCurrencyDenominatedAssetsLiabilitiesEffectivelyHedgedTypesOfCurrenciesAxis" xlink:title="definition: Excluded to ExchangeRateRiskForeignCurrencyDenominatedAssetsLiabilitiesEffectivelyHedgedTypesOfCurrenciesAxis" use="optional" order="10.0"/>
    <link:definitionArc xlink:type="arc" xlink:arcrole="http://xbrl.org/int/dim/arcrole/dimension-domain" xlink:from="ExchangeRateRiskForeignCurrencyDenominatedAssetsLiabilitiesEffectivelyHedgedTypesOfCurrenciesAxis" xlink:to="TypesOfCurrenciesMember" xlink:title="definition: ExchangeRateRiskForeignCurrencyDenominatedAssetsLiabilitiesEffectivelyHedgedTypesOfCurrenciesAxis to TypesOfCurrenciesMember" use="optional" order="10.0"/>
  </link:definitionLink>
  <link:definitionLink xlink:type="extended" xlink:role="http://xbrl.circ.gov.cn/role/c-ross_2015-12-31_role-3162800c">
    <link:loc xlink:type="locator" xlink:href="../../c-ross_core_2015-12-31.xsd#c-ross_TypesOfCurrenciesMember" xlink:label="TypesOfCurrenciesMember" xlink:title="CurrenciesMember"/>
    <link:loc xlink:type="locator" xlink:href="../../c-ross_core_2015-12-31.xsd#c-ross_ForeignCurrencyItemsDenominatedInOtherForeignCurrenciesMember" xlink:label="OtherForeignCurrenciesMember" xlink:title="OtherForeignCurrenciesItemsMember"/>
    <link:definitionArc xlink:type="arc" xlink:arcrole="http://xbrl.org/int/dim/arcrole/domain-member" xlink:from="TypesOfCurrenciesMember" xlink:to="OtherForeignCurrenciesMember" xlink:title="definition: TypesOfCurrenciesMember to OtherForeignCurrenciesMember" use="optional" order="10.0"/>
    <link:loc xlink:type="locator" xlink:href="../../c-ross_core_2015-12-31.xsd#c-ross_ExcludedTable" xlink:label="Excluded" xlink:title="Excluded"/>
    <link:loc xlink:type="locator" xlink:href="../../c-ross_core_2015-12-31.xsd#c-ross_ExchangeRateRiskForeignCurrencyDenominatedAssetsLiabilitiesEffectivelyHedgedTypesOfCurrenciesAxis" xlink:label="ExchangeRateRiskForeignCurrencyDenominatedAssetsLiabilitiesEffectivelyHedgedTypesOfCurrenciesAxis" xlink:title="ExchangeRateRiskForeignCurrencyDenominatedAssetsLiabilitiesEffectivelyHedgedTypesOfCurrenciesAxis"/>
    <link:definitionArc xlink:type="arc" xlink:arcrole="http://xbrl.org/int/dim/arcrole/hypercube-dimension" xlink:from="Excluded" xlink:to="ExchangeRateRiskForeignCurrencyDenominatedAssetsLiabilitiesEffectivelyHedgedTypesOfCurrenciesAxis" xlink:title="definition: Excluded to ExchangeRateRiskForeignCurrencyDenominatedAssetsLiabilitiesEffectivelyHedgedTypesOfCurrenciesAxis" use="optional" order="10.0"/>
    <link:definitionArc xlink:type="arc" xlink:arcrole="http://xbrl.org/int/dim/arcrole/dimension-domain" xlink:from="ExchangeRateRiskForeignCurrencyDenominatedAssetsLiabilitiesEffectivelyHedgedTypesOfCurrenciesAxis" xlink:to="TypesOfCurrenciesMember" xlink:title="definition: ExchangeRateRiskForeignCurrencyDenominatedAssetsLiabilitiesEffectivelyHedgedTypesOfCurrenciesAxis to TypesOfCurrenciesMember" use="optional" order="10.0"/>
  </link:definitionLink>
</link:linkbase>
