<?xml version="1.0" encoding="UTF-8"?>

<!--
	Taxonomy: 2015-12-31 (Final)
	**********************
	Copyright © 2015 China Insurance Regulatory Commission.
	All rights reserved.  No part of this publication may be translated, reprinted or reproduced
	or utilised in any form either in whole or in part without prior permission in writing from China Insurance Regulatory Commission.
	  **********************
	-->
<link:linkbase xmlns:xsi="http://www.w3.org/2001/XMLSchema-instance" xsi:schemaLocation="http://www.xbrl.org/2003/linkbase http://www.xbrl.org/2003/xbrl-linkbase-2003-12-31.xsd http://xbrl.org/2008/label http://www.xbrl.org/2008/generic-label.xsd http://xbrl.org/2008/generic http://www.xbrl.org/2008/generic-link.xsd http://www.w3.org/1999/xlink http://www.xbrl.org/2003/xlink-2003-12-31.xsd" xmlns:c-ross="http://xbrl.circ.gov.cn/taxonomy/2015-12-31/c-ross" xmlns:gen="http://xbrl.org/2008/generic" xmlns:link="http://www.xbrl.org/2003/linkbase" xmlns:q_s_pc_entry_point="http://xbrl.circ.gov.cn/taxonomy/2015-12-31/c-ross/q_s_pc_entry_point" xmlns:label="http://xbrl.org/2008/label" xmlns:xlink="http://www.w3.org/1999/xlink">
  <link:roleRef roleURI="http://www.xbrl.org/2008/role/label" xlink:type="simple" xlink:href="http://www.xbrl.org/2008/generic-label.xsd#standard-label"/>
  <link:roleRef roleURI="http://www.xbrl.org/2008/role/link" xlink:type="simple" xlink:href="http://www.xbrl.org/2008/generic-link.xsd#standard-link-role"/>
  <link:arcroleRef arcroleURI="http://xbrl.org/arcrole/2008/element-label" xlink:type="simple" xlink:href="http://www.xbrl.org/2008/generic-label.xsd#element-label"/>
  <gen:link xlink:type="extended" xlink:role="http://www.xbrl.org/2008/role/link">
    <link:loc xlink:type="locator" xlink:href="rol_c-ross_7_2015-12-31.xsd#c-ross_2015-12-31-3160112" xlink:label="roleType1" xlink:title="roleType1"/>
    <label:label xlink:type="resource" xlink:label="label1" xlink:role="http://www.xbrl.org/2008/role/label" xlink:title="label1" xml:lang="en">MR01-Interest rate risk of life insurance company</label:label>
    <gen:arc xlink:type="arc" xlink:arcrole="http://xbrl.org/arcrole/2008/element-label" xlink:from="roleType1" xlink:to="label1" xlink:title="gen: roleType1 to label1" order="20.0"/>
    <link:loc xlink:type="locator" xlink:href="rol_c-ross_7_2015-12-31.xsd#c-ross_2015-12-31-3160112a" xlink:label="roleType2" xlink:title="roleType2"/>
    <label:label xlink:type="resource" xlink:label="label2" xlink:role="http://www.xbrl.org/2008/role/label" xlink:title="label2" xml:lang="en">MR01-Interest rate risk of life insurance company-excluded one</label:label>
    <gen:arc xlink:type="arc" xlink:arcrole="http://xbrl.org/arcrole/2008/element-label" xlink:from="roleType2" xlink:to="label2" xlink:title="gen: roleType2 to label2" order="20.0"/>
    <link:loc xlink:type="locator" xlink:href="rol_c-ross_7_2015-12-31.xsd#c-ross_2015-12-31-3160112b" xlink:label="roleType3" xlink:title="roleType3"/>
    <label:label xlink:type="resource" xlink:label="label3" xlink:role="http://www.xbrl.org/2008/role/label" xlink:title="label3" xml:lang="en">MR01-Interest rate risk of life insurance company-excluded two</label:label>
    <gen:arc xlink:type="arc" xlink:arcrole="http://xbrl.org/arcrole/2008/element-label" xlink:from="roleType3" xlink:to="label3" xlink:title="gen: roleType3 to label3" order="20.0"/>
    <link:loc xlink:type="locator" xlink:href="rol_c-ross_7_2015-12-31.xsd#c-ross_2015-12-31-3160220" xlink:label="roleType4" xlink:title="roleType4"/>
    <label:label xlink:type="resource" xlink:label="label4" xlink:role="http://www.xbrl.org/2008/role/label" xlink:title="label4" xml:lang="en">MR02-Interest rate risk of reinsurance company</label:label>
    <gen:arc xlink:type="arc" xlink:arcrole="http://xbrl.org/arcrole/2008/element-label" xlink:from="roleType4" xlink:to="label4" xlink:title="gen: roleType4 to label4" order="20.0"/>
    <link:loc xlink:type="locator" xlink:href="rol_c-ross_7_2015-12-31.xsd#c-ross_2015-12-31-3160220a" xlink:label="roleType5" xlink:title="roleType5"/>
    <label:label xlink:type="resource" xlink:label="label5" xlink:role="http://www.xbrl.org/2008/role/label" xlink:title="label5" xml:lang="en">MR02-Interest rate risk of reinsurance company-excluded one</label:label>
    <gen:arc xlink:type="arc" xlink:arcrole="http://xbrl.org/arcrole/2008/element-label" xlink:from="roleType5" xlink:to="label5" xlink:title="gen: roleType5 to label5" order="20.0"/>
    <link:loc xlink:type="locator" xlink:href="rol_c-ross_7_2015-12-31.xsd#c-ross_2015-12-31-3160220b" xlink:label="roleType6" xlink:title="roleType6"/>
    <label:label xlink:type="resource" xlink:label="label6" xlink:role="http://www.xbrl.org/2008/role/label" xlink:title="label6" xml:lang="en">MR02-Interest rate risk of reinsurance company-excluded two</label:label>
    <gen:arc xlink:type="arc" xlink:arcrole="http://xbrl.org/arcrole/2008/element-label" xlink:from="roleType6" xlink:to="label6" xlink:title="gen: roleType6 to label6" order="20.0"/>
    <link:loc xlink:type="locator" xlink:href="rol_c-ross_7_2015-12-31.xsd#c-ross_2015-12-31-3160300" xlink:label="roleType7" xlink:title="roleType7"/>
    <label:label xlink:type="resource" xlink:label="label7" xlink:role="http://www.xbrl.org/2008/role/label" xlink:title="label7" xml:lang="en">MR03-Interest rate risk-bond assets (no hedging and unqualified hedging)</label:label>
    <gen:arc xlink:type="arc" xlink:arcrole="http://xbrl.org/arcrole/2008/element-label" xlink:from="roleType7" xlink:to="label7" xlink:title="gen: roleType7 to label7" order="20.0"/>
    <link:loc xlink:type="locator" xlink:href="rol_c-ross_7_2015-12-31.xsd#c-ross_2015-12-31-3160300a" xlink:label="roleType8" xlink:title="roleType8"/>
    <label:label xlink:type="resource" xlink:label="label8" xlink:role="http://www.xbrl.org/2008/role/label" xlink:title="label8" xml:lang="en">MR03-Interest rate risk-bond assets (no hedging and unqualified hedging)-government bonds held by company directly</label:label>
    <gen:arc xlink:type="arc" xlink:arcrole="http://xbrl.org/arcrole/2008/element-label" xlink:from="roleType8" xlink:to="label8" xlink:title="gen: roleType8 to label8" order="20.0"/>
    <link:loc xlink:type="locator" xlink:href="rol_c-ross_7_2015-12-31.xsd#c-ross_2015-12-31-3160300b" xlink:label="roleType9" xlink:title="roleType9"/>
    <label:label xlink:type="resource" xlink:label="label9" xlink:role="http://www.xbrl.org/2008/role/label" xlink:title="label9" xml:lang="en">MR03-Interest rate risk-bond assets (no hedging and unqualified hedging)-quasi-government bonds held by company directly</label:label>
    <gen:arc xlink:type="arc" xlink:arcrole="http://xbrl.org/arcrole/2008/element-label" xlink:from="roleType9" xlink:to="label9" xlink:title="gen: roleType9 to label9" order="20.0"/>
    <link:loc xlink:type="locator" xlink:href="rol_c-ross_7_2015-12-31.xsd#c-ross_2015-12-31-3160300c" xlink:label="roleType10" xlink:title="roleType10"/>
    <label:label xlink:type="resource" xlink:label="label10" xlink:role="http://www.xbrl.org/2008/role/label" xlink:title="label10" xml:lang="en">MR03-Interest rate risk-bond assets (no hedging and unqualified hedging)-financial bonds held by company directly</label:label>
    <gen:arc xlink:type="arc" xlink:arcrole="http://xbrl.org/arcrole/2008/element-label" xlink:from="roleType10" xlink:to="label10" xlink:title="gen: roleType10 to label10" order="20.0"/>
    <link:loc xlink:type="locator" xlink:href="rol_c-ross_7_2015-12-31.xsd#c-ross_2015-12-31-3160300d" xlink:label="roleType11" xlink:title="roleType11"/>
    <label:label xlink:type="resource" xlink:label="label11" xlink:role="http://www.xbrl.org/2008/role/label" xlink:title="label11" xml:lang="en">MR03-Interest rate risk-bond assets (no hedging and unqualified hedging)-enterprise bonds (corporate bonds) held by company directly</label:label>
    <gen:arc xlink:type="arc" xlink:arcrole="http://xbrl.org/arcrole/2008/element-label" xlink:from="roleType11" xlink:to="label11" xlink:title="gen: roleType11 to label11" order="20.0"/>
    <link:loc xlink:type="locator" xlink:href="rol_c-ross_7_2015-12-31.xsd#c-ross_2015-12-31-3160300e" xlink:label="roleType12" xlink:title="roleType12"/>
    <label:label xlink:type="resource" xlink:label="label12" xlink:role="http://www.xbrl.org/2008/role/label" xlink:title="label12" xml:lang="en">MR03-Interest rate risk-bond assets (no hedging and unqualified hedging)-government bonds held by look through method</label:label>
    <gen:arc xlink:type="arc" xlink:arcrole="http://xbrl.org/arcrole/2008/element-label" xlink:from="roleType12" xlink:to="label12" xlink:title="gen: roleType12 to label12" order="20.0"/>
    <link:loc xlink:type="locator" xlink:href="rol_c-ross_7_2015-12-31.xsd#c-ross_2015-12-31-3160300f" xlink:label="roleType13" xlink:title="roleType13"/>
    <label:label xlink:type="resource" xlink:label="label13" xlink:role="http://www.xbrl.org/2008/role/label" xlink:title="label13" xml:lang="en">MR03-Interest rate risk-bond assets (no hedging and unqualified hedging)-quasi-government bonds held by look through method</label:label>
    <gen:arc xlink:type="arc" xlink:arcrole="http://xbrl.org/arcrole/2008/element-label" xlink:from="roleType13" xlink:to="label13" xlink:title="gen: roleType13 to label13" order="20.0"/>
    <link:loc xlink:type="locator" xlink:href="rol_c-ross_7_2015-12-31.xsd#c-ross_2015-12-31-3160300g" xlink:label="roleType14" xlink:title="roleType14"/>
    <label:label xlink:type="resource" xlink:label="label14" xlink:role="http://www.xbrl.org/2008/role/label" xlink:title="label14" xml:lang="en">MR03-Interest rate risk-bond assets (no hedging and unqualified hedging)-financial bonds held by look through method</label:label>
    <gen:arc xlink:type="arc" xlink:arcrole="http://xbrl.org/arcrole/2008/element-label" xlink:from="roleType14" xlink:to="label14" xlink:title="gen: roleType14 to label14" order="20.0"/>
    <link:loc xlink:type="locator" xlink:href="rol_c-ross_7_2015-12-31.xsd#c-ross_2015-12-31-3160300h" xlink:label="roleType15" xlink:title="roleType15"/>
    <label:label xlink:type="resource" xlink:label="label15" xlink:role="http://www.xbrl.org/2008/role/label" xlink:title="label15" xml:lang="en">MR03-Interest rate risk-bond assets (no hedging and unqualified hedging)-enterprise bonds (corporate bonds) held by look through method</label:label>
    <gen:arc xlink:type="arc" xlink:arcrole="http://xbrl.org/arcrole/2008/element-label" xlink:from="roleType15" xlink:to="label15" xlink:title="gen: roleType15 to label15" order="20.0"/>
    <link:loc xlink:type="locator" xlink:href="rol_c-ross_7_2015-12-31.xsd#c-ross_2015-12-31-3160400" xlink:label="roleType16" xlink:title="roleType16"/>
    <label:label xlink:type="resource" xlink:label="label16" xlink:role="http://www.xbrl.org/2008/role/label" xlink:title="label16" xml:lang="en">MR04-Interest rate risk-asset securitization products</label:label>
    <gen:arc xlink:type="arc" xlink:arcrole="http://xbrl.org/arcrole/2008/element-label" xlink:from="roleType16" xlink:to="label16" xlink:title="gen: roleType16 to label16" order="20.0"/>
    <link:loc xlink:type="locator" xlink:href="rol_c-ross_7_2015-12-31.xsd#c-ross_2015-12-31-3160400a" xlink:label="roleType17" xlink:title="roleType17"/>
    <label:label xlink:type="resource" xlink:label="label17" xlink:role="http://www.xbrl.org/2008/role/label" xlink:title="label17" xml:lang="en">MR04-Interest rate risk-asset securitization products-special asset management plans of securities company held by company directly</label:label>
    <gen:arc xlink:type="arc" xlink:arcrole="http://xbrl.org/arcrole/2008/element-label" xlink:from="roleType17" xlink:to="label17" xlink:title="gen: roleType17 to label17" order="20.0"/>
    <link:loc xlink:type="locator" xlink:href="rol_c-ross_7_2015-12-31.xsd#c-ross_2015-12-31-3160400b" xlink:label="roleType18" xlink:title="roleType18"/>
    <label:label xlink:type="resource" xlink:label="label18" xlink:role="http://www.xbrl.org/2008/role/label" xlink:title="label18" xml:lang="en">MR04-Interest rate risk-asset securitization products-credit asset-backed securities held by company directly</label:label>
    <gen:arc xlink:type="arc" xlink:arcrole="http://xbrl.org/arcrole/2008/element-label" xlink:from="roleType18" xlink:to="label18" xlink:title="gen: roleType18 to label18" order="20.0"/>
    <link:loc xlink:type="locator" xlink:href="rol_c-ross_7_2015-12-31.xsd#c-ross_2015-12-31-3160400c" xlink:label="roleType19" xlink:title="roleType19"/>
    <label:label xlink:type="resource" xlink:label="label19" xlink:role="http://www.xbrl.org/2008/role/label" xlink:title="label19" xml:lang="en">MR04-Interest rate risk-asset securitization products-special asset management plans of securities company held by look through method</label:label>
    <gen:arc xlink:type="arc" xlink:arcrole="http://xbrl.org/arcrole/2008/element-label" xlink:from="roleType19" xlink:to="label19" xlink:title="gen: roleType19 to label19" order="20.0"/>
    <link:loc xlink:type="locator" xlink:href="rol_c-ross_7_2015-12-31.xsd#c-ross_2015-12-31-3160400d" xlink:label="roleType20" xlink:title="roleType20"/>
    <label:label xlink:type="resource" xlink:label="label20" xlink:role="http://www.xbrl.org/2008/role/label" xlink:title="label20" xml:lang="en">MR04-Interest rate risk-asset securitization products-credit asset-backed securities held by look through method</label:label>
    <gen:arc xlink:type="arc" xlink:arcrole="http://xbrl.org/arcrole/2008/element-label" xlink:from="roleType20" xlink:to="label20" xlink:title="gen: roleType20 to label20" order="20.0"/>
    <link:loc xlink:type="locator" xlink:href="rol_c-ross_7_2015-12-31.xsd#c-ross_2015-12-31-3160500" xlink:label="roleType21" xlink:title="roleType21"/>
    <label:label xlink:type="resource" xlink:label="label21" xlink:role="http://www.xbrl.org/2008/role/label" xlink:title="label21" xml:lang="en">MR05-Interest rate risk-interest rate derivatives-interest rate swaps</label:label>
    <gen:arc xlink:type="arc" xlink:arcrole="http://xbrl.org/arcrole/2008/element-label" xlink:from="roleType21" xlink:to="label21" xlink:title="gen: roleType21 to label21" order="20.0"/>
    <link:loc xlink:type="locator" xlink:href="rol_c-ross_7_2015-12-31.xsd#c-ross_2015-12-31-3160500a" xlink:label="roleType22" xlink:title="roleType22"/>
    <label:label xlink:type="resource" xlink:label="label22" xlink:role="http://www.xbrl.org/2008/role/label" xlink:title="label22" xml:lang="en">MR05-Interest rate risk-interest rate derivatives-interest rate swaps held by company directly</label:label>
    <gen:arc xlink:type="arc" xlink:arcrole="http://xbrl.org/arcrole/2008/element-label" xlink:from="roleType22" xlink:to="label22" xlink:title="gen: roleType22 to label22" order="20.0"/>
    <link:loc xlink:type="locator" xlink:href="rol_c-ross_7_2015-12-31.xsd#c-ross_2015-12-31-3160500b" xlink:label="roleType23" xlink:title="roleType23"/>
    <label:label xlink:type="resource" xlink:label="label23" xlink:role="http://www.xbrl.org/2008/role/label" xlink:title="label23" xml:lang="en">MR05-Interest rate risk-interest rate derivatives-interest rate swaps held by look through method</label:label>
    <gen:arc xlink:type="arc" xlink:arcrole="http://xbrl.org/arcrole/2008/element-label" xlink:from="roleType23" xlink:to="label23" xlink:title="gen: roleType23 to label23" order="20.0"/>
    <link:loc xlink:type="locator" xlink:href="rol_c-ross_7_2015-12-31.xsd#c-ross_2015-12-31-3160600" xlink:label="roleType24" xlink:title="roleType24"/>
    <label:label xlink:type="resource" xlink:label="label24" xlink:role="http://www.xbrl.org/2008/role/label" xlink:title="label24" xml:lang="en">MR06-Interest rate risk-interest rate derivatives-government bond futures (qualified hedging)</label:label>
    <gen:arc xlink:type="arc" xlink:arcrole="http://xbrl.org/arcrole/2008/element-label" xlink:from="roleType24" xlink:to="label24" xlink:title="gen: roleType24 to label24" order="20.0"/>
    <link:loc xlink:type="locator" xlink:href="rol_c-ross_7_2015-12-31.xsd#c-ross_2015-12-31-3160600a" xlink:label="roleType25" xlink:title="roleType25"/>
    <label:label xlink:type="resource" xlink:label="label25" xlink:role="http://www.xbrl.org/2008/role/label" xlink:title="label25" xml:lang="en">MR06-Interest rate risk-interest rate derivatives-government bond futures (qualified hedging)-hedging portfolio</label:label>
    <gen:arc xlink:type="arc" xlink:arcrole="http://xbrl.org/arcrole/2008/element-label" xlink:from="roleType25" xlink:to="label25" xlink:title="gen: roleType25 to label25" order="20.0"/>
    <link:loc xlink:type="locator" xlink:href="rol_c-ross_7_2015-12-31.xsd#c-ross_2015-12-31-3160600b" xlink:label="roleType26" xlink:title="roleType26"/>
    <label:label xlink:type="resource" xlink:label="label26" xlink:role="http://www.xbrl.org/2008/role/label" xlink:title="label26" xml:lang="en">MR06-Interest rate risk-interest rate derivatives-government bond futures (qualified hedging)-hedged security</label:label>
    <gen:arc xlink:type="arc" xlink:arcrole="http://xbrl.org/arcrole/2008/element-label" xlink:from="roleType26" xlink:to="label26" xlink:title="gen: roleType26 to label26" order="20.0"/>
    <link:loc xlink:type="locator" xlink:href="rol_c-ross_7_2015-12-31.xsd#c-ross_2015-12-31-3160700" xlink:label="roleType27" xlink:title="roleType27"/>
    <label:label xlink:type="resource" xlink:label="label27" xlink:role="http://www.xbrl.org/2008/role/label" xlink:title="label27" xml:lang="en">MR07-Interest rate risk-interest rate derivatives-government bond futures (unqualified hedging)</label:label>
    <gen:arc xlink:type="arc" xlink:arcrole="http://xbrl.org/arcrole/2008/element-label" xlink:from="roleType27" xlink:to="label27" xlink:title="gen: roleType27 to label27" order="20.0"/>
    <link:loc xlink:type="locator" xlink:href="rol_c-ross_7_2015-12-31.xsd#c-ross_2015-12-31-3160700a" xlink:label="roleType28" xlink:title="roleType28"/>
    <label:label xlink:type="resource" xlink:label="label28" xlink:role="http://www.xbrl.org/2008/role/label" xlink:title="label28" xml:lang="en">MR07-Interest rate risk-interest rate derivatives-government bond futures (unqualified hedging)-details</label:label>
    <gen:arc xlink:type="arc" xlink:arcrole="http://xbrl.org/arcrole/2008/element-label" xlink:from="roleType28" xlink:to="label28" xlink:title="gen: roleType28 to label28" order="20.0"/>
    <link:loc xlink:type="locator" xlink:href="rol_c-ross_7_2015-12-31.xsd#c-ross_2015-12-31-3160800" xlink:label="roleType29" xlink:title="roleType29"/>
    <label:label xlink:type="resource" xlink:label="label29" xlink:role="http://www.xbrl.org/2008/role/label" xlink:title="label29" xml:lang="en">MR08-Interest rate risk-other fixed-income products</label:label>
    <gen:arc xlink:type="arc" xlink:arcrole="http://xbrl.org/arcrole/2008/element-label" xlink:from="roleType29" xlink:to="label29" xlink:title="gen: roleType29 to label29" order="20.0"/>
    <link:loc xlink:type="locator" xlink:href="rol_c-ross_7_2015-12-31.xsd#c-ross_2015-12-31-3160800a" xlink:label="roleType30" xlink:title="roleType30"/>
    <label:label xlink:type="resource" xlink:label="label30" xlink:role="http://www.xbrl.org/2008/role/label" xlink:title="label30" xml:lang="en">MR08-Interest rate risk-other fixed-income products-details</label:label>
    <gen:arc xlink:type="arc" xlink:arcrole="http://xbrl.org/arcrole/2008/element-label" xlink:from="roleType30" xlink:to="label30" xlink:title="gen: roleType30 to label30" order="20.0"/>
    <link:loc xlink:type="locator" xlink:href="rol_c-ross_7_2015-12-31.xsd#c-ross_2015-12-31-3160900" xlink:label="roleType31" xlink:title="roleType31"/>
    <label:label xlink:type="resource" xlink:label="label31" xlink:role="http://www.xbrl.org/2008/role/label" xlink:title="label31" xml:lang="en">MR09-Equity price risk-stock (no hedging and unqualified hedging)</label:label>
    <gen:arc xlink:type="arc" xlink:arcrole="http://xbrl.org/arcrole/2008/element-label" xlink:from="roleType31" xlink:to="label31" xlink:title="gen: roleType31 to label31" order="20.0"/>
    <link:loc xlink:type="locator" xlink:href="rol_c-ross_7_2015-12-31.xsd#c-ross_2015-12-31-3160900a" xlink:label="roleType32" xlink:title="roleType32"/>
    <label:label xlink:type="resource" xlink:label="label32" xlink:role="http://www.xbrl.org/2008/role/label" xlink:title="label32" xml:lang="en">MR09-Equity price risk-stock (no hedging and unqualified hedging) held by company directly</label:label>
    <gen:arc xlink:type="arc" xlink:arcrole="http://xbrl.org/arcrole/2008/element-label" xlink:from="roleType32" xlink:to="label32" xlink:title="gen: roleType32 to label32" order="20.0"/>
    <link:loc xlink:type="locator" xlink:href="rol_c-ross_7_2015-12-31.xsd#c-ross_2015-12-31-3160900b" xlink:label="roleType33" xlink:title="roleType33"/>
    <label:label xlink:type="resource" xlink:label="label33" xlink:role="http://www.xbrl.org/2008/role/label" xlink:title="label33" xml:lang="en">MR09-Equity price risk-stock (no hedging and unqualified hedging) held by look through method</label:label>
    <gen:arc xlink:type="arc" xlink:arcrole="http://xbrl.org/arcrole/2008/element-label" xlink:from="roleType33" xlink:to="label33" xlink:title="gen: roleType33 to label33" order="20.0"/>
    <link:loc xlink:type="locator" xlink:href="rol_c-ross_7_2015-12-31.xsd#c-ross_2015-12-31-3161000" xlink:label="roleType34" xlink:title="roleType34"/>
    <label:label xlink:type="resource" xlink:label="label34" xlink:role="http://www.xbrl.org/2008/role/label" xlink:title="label34" xml:lang="en">MR10-Equity price risk-stock (qualified hedging)</label:label>
    <gen:arc xlink:type="arc" xlink:arcrole="http://xbrl.org/arcrole/2008/element-label" xlink:from="roleType34" xlink:to="label34" xlink:title="gen: roleType34 to label34" order="20.0"/>
    <link:loc xlink:type="locator" xlink:href="rol_c-ross_7_2015-12-31.xsd#c-ross_2015-12-31-3161000a" xlink:label="roleType35" xlink:title="roleType35"/>
    <label:label xlink:type="resource" xlink:label="label35" xlink:role="http://www.xbrl.org/2008/role/label" xlink:title="label35" xml:lang="en">MR10-Equity price risk-stock (qualified hedging)-hedging portfolio</label:label>
    <gen:arc xlink:type="arc" xlink:arcrole="http://xbrl.org/arcrole/2008/element-label" xlink:from="roleType35" xlink:to="label35" xlink:title="gen: roleType35 to label35" order="20.0"/>
    <link:loc xlink:type="locator" xlink:href="rol_c-ross_7_2015-12-31.xsd#c-ross_2015-12-31-3161000b" xlink:label="roleType36" xlink:title="roleType36"/>
    <label:label xlink:type="resource" xlink:label="label36" xlink:role="http://www.xbrl.org/2008/role/label" xlink:title="label36" xml:lang="en">MR10-Equity price risk-stock (qualified hedging)-hedged stock</label:label>
    <gen:arc xlink:type="arc" xlink:arcrole="http://xbrl.org/arcrole/2008/element-label" xlink:from="roleType36" xlink:to="label36" xlink:title="gen: roleType36 to label36" order="20.0"/>
    <link:loc xlink:type="locator" xlink:href="rol_c-ross_7_2015-12-31.xsd#c-ross_2015-12-31-3161100" xlink:label="roleType37" xlink:title="roleType37"/>
    <label:label xlink:type="resource" xlink:label="label37" xlink:role="http://www.xbrl.org/2008/role/label" xlink:title="label37" xml:lang="en">MR11-Equity price risk-unlisted equities</label:label>
    <gen:arc xlink:type="arc" xlink:arcrole="http://xbrl.org/arcrole/2008/element-label" xlink:from="roleType37" xlink:to="label37" xlink:title="gen: roleType37 to label37" order="20.0"/>
    <link:loc xlink:type="locator" xlink:href="rol_c-ross_7_2015-12-31.xsd#c-ross_2015-12-31-3161100a" xlink:label="roleType38" xlink:title="roleType38"/>
    <label:label xlink:type="resource" xlink:label="label38" xlink:role="http://www.xbrl.org/2008/role/label" xlink:title="label38" xml:lang="en">MR11-Equity price risk-unlisted equities held by company directly</label:label>
    <gen:arc xlink:type="arc" xlink:arcrole="http://xbrl.org/arcrole/2008/element-label" xlink:from="roleType38" xlink:to="label38" xlink:title="gen: roleType38 to label38" order="20.0"/>
    <link:loc xlink:type="locator" xlink:href="rol_c-ross_7_2015-12-31.xsd#c-ross_2015-12-31-3161100b" xlink:label="roleType39" xlink:title="roleType39"/>
    <label:label xlink:type="resource" xlink:label="label39" xlink:role="http://www.xbrl.org/2008/role/label" xlink:title="label39" xml:lang="en">MR11-Equity price risk-unlisted equities held by look through method</label:label>
    <gen:arc xlink:type="arc" xlink:arcrole="http://xbrl.org/arcrole/2008/element-label" xlink:from="roleType39" xlink:to="label39" xlink:title="gen: roleType39 to label39" order="20.0"/>
    <link:loc xlink:type="locator" xlink:href="rol_c-ross_7_2015-12-31.xsd#c-ross_2015-12-31-3161200" xlink:label="roleType40" xlink:title="roleType40"/>
    <label:label xlink:type="resource" xlink:label="label40" xlink:role="http://www.xbrl.org/2008/role/label" xlink:title="label40" xml:lang="en">MR12-Equity price risk-securities investment fund held by company directly</label:label>
    <gen:arc xlink:type="arc" xlink:arcrole="http://xbrl.org/arcrole/2008/element-label" xlink:from="roleType40" xlink:to="label40" xlink:title="gen: roleType40 to label40" order="20.0"/>
    <link:loc xlink:type="locator" xlink:href="rol_c-ross_7_2015-12-31.xsd#c-ross_2015-12-31-3161200a" xlink:label="roleType41" xlink:title="roleType41"/>
    <label:label xlink:type="resource" xlink:label="label41" xlink:role="http://www.xbrl.org/2008/role/label" xlink:title="label41" xml:lang="en">MR12-Equity price risk-securities investment fund held by company directly-general bond fund</label:label>
    <gen:arc xlink:type="arc" xlink:arcrole="http://xbrl.org/arcrole/2008/element-label" xlink:from="roleType41" xlink:to="label41" xlink:title="gen: roleType41 to label41" order="20.0"/>
    <link:loc xlink:type="locator" xlink:href="rol_c-ross_7_2015-12-31.xsd#c-ross_2015-12-31-3161200b" xlink:label="roleType42" xlink:title="roleType42"/>
    <label:label xlink:type="resource" xlink:label="label42" xlink:role="http://www.xbrl.org/2008/role/label" xlink:title="label42" xml:lang="en">MR12-Equity price risk-securities investment fund held by company directly-hierarchical bond fund-preferred</label:label>
    <gen:arc xlink:type="arc" xlink:arcrole="http://xbrl.org/arcrole/2008/element-label" xlink:from="roleType42" xlink:to="label42" xlink:title="gen: roleType42 to label42" order="20.0"/>
    <link:loc xlink:type="locator" xlink:href="rol_c-ross_7_2015-12-31.xsd#c-ross_2015-12-31-3161200c" xlink:label="roleType43" xlink:title="roleType43"/>
    <label:label xlink:type="resource" xlink:label="label43" xlink:role="http://www.xbrl.org/2008/role/label" xlink:title="label43" xml:lang="en">MR12-Equity price risk-securities investment fund held by company directly-hierarchical bond fund-subordinated</label:label>
    <gen:arc xlink:type="arc" xlink:arcrole="http://xbrl.org/arcrole/2008/element-label" xlink:from="roleType43" xlink:to="label43" xlink:title="gen: roleType43 to label43" order="20.0"/>
    <link:loc xlink:type="locator" xlink:href="rol_c-ross_7_2015-12-31.xsd#c-ross_2015-12-31-3161200d" xlink:label="roleType44" xlink:title="roleType44"/>
    <label:label xlink:type="resource" xlink:label="label44" xlink:role="http://www.xbrl.org/2008/role/label" xlink:title="label44" xml:lang="en">MR12-Equity price risk-securities investment fund held by company directly-general stock fund</label:label>
    <gen:arc xlink:type="arc" xlink:arcrole="http://xbrl.org/arcrole/2008/element-label" xlink:from="roleType44" xlink:to="label44" xlink:title="gen: roleType44 to label44" order="20.0"/>
    <link:loc xlink:type="locator" xlink:href="rol_c-ross_7_2015-12-31.xsd#c-ross_2015-12-31-3161200e" xlink:label="roleType45" xlink:title="roleType45"/>
    <label:label xlink:type="resource" xlink:label="label45" xlink:role="http://www.xbrl.org/2008/role/label" xlink:title="label45" xml:lang="en">MR12-Equity price risk-securities investment fund held by company directly-hierarchical stock fund-preferred</label:label>
    <gen:arc xlink:type="arc" xlink:arcrole="http://xbrl.org/arcrole/2008/element-label" xlink:from="roleType45" xlink:to="label45" xlink:title="gen: roleType45 to label45" order="20.0"/>
    <link:loc xlink:type="locator" xlink:href="rol_c-ross_7_2015-12-31.xsd#c-ross_2015-12-31-3161200f" xlink:label="roleType46" xlink:title="roleType46"/>
    <label:label xlink:type="resource" xlink:label="label46" xlink:role="http://www.xbrl.org/2008/role/label" xlink:title="label46" xml:lang="en">MR12-Equity price risk-securities investment fund held by company directly-hierarchical stock fund-subordinated</label:label>
    <gen:arc xlink:type="arc" xlink:arcrole="http://xbrl.org/arcrole/2008/element-label" xlink:from="roleType46" xlink:to="label46" xlink:title="gen: roleType46 to label46" order="20.0"/>
    <link:loc xlink:type="locator" xlink:href="rol_c-ross_7_2015-12-31.xsd#c-ross_2015-12-31-3161200g" xlink:label="roleType47" xlink:title="roleType47"/>
    <label:label xlink:type="resource" xlink:label="label47" xlink:role="http://www.xbrl.org/2008/role/label" xlink:title="label47" xml:lang="en">MR12-Equity price risk-securities investment fund held by company directly-hybrid fund</label:label>
    <gen:arc xlink:type="arc" xlink:arcrole="http://xbrl.org/arcrole/2008/element-label" xlink:from="roleType47" xlink:to="label47" xlink:title="gen: roleType47 to label47" order="20.0"/>
    <link:loc xlink:type="locator" xlink:href="rol_c-ross_7_2015-12-31.xsd#c-ross_2015-12-31-3161200h" xlink:label="roleType48" xlink:title="roleType48"/>
    <label:label xlink:type="resource" xlink:label="label48" xlink:role="http://www.xbrl.org/2008/role/label" xlink:title="label48" xml:lang="en">MR12-Equity price risk-securities investment fund held by company directly-money market fund</label:label>
    <gen:arc xlink:type="arc" xlink:arcrole="http://xbrl.org/arcrole/2008/element-label" xlink:from="roleType48" xlink:to="label48" xlink:title="gen: roleType48 to label48" order="20.0"/>
    <link:loc xlink:type="locator" xlink:href="rol_c-ross_7_2015-12-31.xsd#c-ross_2015-12-31-3161300" xlink:label="roleType49" xlink:title="roleType49"/>
    <label:label xlink:type="resource" xlink:label="label49" xlink:role="http://www.xbrl.org/2008/role/label" xlink:title="label49" xml:lang="en">MR13-Equity price risk-securities investment fund held by look through method</label:label>
    <gen:arc xlink:type="arc" xlink:arcrole="http://xbrl.org/arcrole/2008/element-label" xlink:from="roleType49" xlink:to="label49" xlink:title="gen: roleType49 to label49" order="20.0"/>
    <link:loc xlink:type="locator" xlink:href="rol_c-ross_7_2015-12-31.xsd#c-ross_2015-12-31-3161300a" xlink:label="roleType50" xlink:title="roleType50"/>
    <label:label xlink:type="resource" xlink:label="label50" xlink:role="http://www.xbrl.org/2008/role/label" xlink:title="label50" xml:lang="en">MR13-Equity price risk-securities investment fund held by look through method-general bond fund</label:label>
    <gen:arc xlink:type="arc" xlink:arcrole="http://xbrl.org/arcrole/2008/element-label" xlink:from="roleType50" xlink:to="label50" xlink:title="gen: roleType50 to label50" order="20.0"/>
    <link:loc xlink:type="locator" xlink:href="rol_c-ross_7_2015-12-31.xsd#c-ross_2015-12-31-3161300b" xlink:label="roleType51" xlink:title="roleType51"/>
    <label:label xlink:type="resource" xlink:label="label51" xlink:role="http://www.xbrl.org/2008/role/label" xlink:title="label51" xml:lang="en">MR13-Equity price risk-securities investment fund held by look through method-hierarchical bond fund-preferred</label:label>
    <gen:arc xlink:type="arc" xlink:arcrole="http://xbrl.org/arcrole/2008/element-label" xlink:from="roleType51" xlink:to="label51" xlink:title="gen: roleType51 to label51" order="20.0"/>
    <link:loc xlink:type="locator" xlink:href="rol_c-ross_7_2015-12-31.xsd#c-ross_2015-12-31-3161300c" xlink:label="roleType52" xlink:title="roleType52"/>
    <label:label xlink:type="resource" xlink:label="label52" xlink:role="http://www.xbrl.org/2008/role/label" xlink:title="label52" xml:lang="en">MR13-Equity price risk-securities investment fund held by look through method-hierarchical bond fund-subordinated</label:label>
    <gen:arc xlink:type="arc" xlink:arcrole="http://xbrl.org/arcrole/2008/element-label" xlink:from="roleType52" xlink:to="label52" xlink:title="gen: roleType52 to label52" order="20.0"/>
    <link:loc xlink:type="locator" xlink:href="rol_c-ross_7_2015-12-31.xsd#c-ross_2015-12-31-3161300d" xlink:label="roleType53" xlink:title="roleType53"/>
    <label:label xlink:type="resource" xlink:label="label53" xlink:role="http://www.xbrl.org/2008/role/label" xlink:title="label53" xml:lang="en">MR13-Equity price risk-securities investment fund held by look through method-general stock fund</label:label>
    <gen:arc xlink:type="arc" xlink:arcrole="http://xbrl.org/arcrole/2008/element-label" xlink:from="roleType53" xlink:to="label53" xlink:title="gen: roleType53 to label53" order="20.0"/>
    <link:loc xlink:type="locator" xlink:href="rol_c-ross_7_2015-12-31.xsd#c-ross_2015-12-31-3161300e" xlink:label="roleType54" xlink:title="roleType54"/>
    <label:label xlink:type="resource" xlink:label="label54" xlink:role="http://www.xbrl.org/2008/role/label" xlink:title="label54" xml:lang="en">MR13-Equity price risk-securities investment fund held by look through method-hierarchical stock fund-preferred</label:label>
    <gen:arc xlink:type="arc" xlink:arcrole="http://xbrl.org/arcrole/2008/element-label" xlink:from="roleType54" xlink:to="label54" xlink:title="gen: roleType54 to label54" order="20.0"/>
    <link:loc xlink:type="locator" xlink:href="rol_c-ross_7_2015-12-31.xsd#c-ross_2015-12-31-3161300f" xlink:label="roleType55" xlink:title="roleType55"/>
    <label:label xlink:type="resource" xlink:label="label55" xlink:role="http://www.xbrl.org/2008/role/label" xlink:title="label55" xml:lang="en">MR13-Equity price risk-securities investment fund held by look through method-hierarchical stock fund-subordinated</label:label>
    <gen:arc xlink:type="arc" xlink:arcrole="http://xbrl.org/arcrole/2008/element-label" xlink:from="roleType55" xlink:to="label55" xlink:title="gen: roleType55 to label55" order="20.0"/>
    <link:loc xlink:type="locator" xlink:href="rol_c-ross_7_2015-12-31.xsd#c-ross_2015-12-31-3161300g" xlink:label="roleType56" xlink:title="roleType56"/>
    <label:label xlink:type="resource" xlink:label="label56" xlink:role="http://www.xbrl.org/2008/role/label" xlink:title="label56" xml:lang="en">MR13-Equity price risk-securities investment fund held by look through method-hybrid fund</label:label>
    <gen:arc xlink:type="arc" xlink:arcrole="http://xbrl.org/arcrole/2008/element-label" xlink:from="roleType56" xlink:to="label56" xlink:title="gen: roleType56 to label56" order="20.0"/>
    <link:loc xlink:type="locator" xlink:href="rol_c-ross_7_2015-12-31.xsd#c-ross_2015-12-31-3161300h" xlink:label="roleType57" xlink:title="roleType57"/>
    <label:label xlink:type="resource" xlink:label="label57" xlink:role="http://www.xbrl.org/2008/role/label" xlink:title="label57" xml:lang="en">MR13-Equity price risk-securities investment fund held by look through method-money market fund</label:label>
    <gen:arc xlink:type="arc" xlink:arcrole="http://xbrl.org/arcrole/2008/element-label" xlink:from="roleType57" xlink:to="label57" xlink:title="gen: roleType57 to label57" order="20.0"/>
    <link:loc xlink:type="locator" xlink:href="rol_c-ross_7_2015-12-31.xsd#c-ross_2015-12-31-3161400" xlink:label="roleType58" xlink:title="roleType58"/>
    <label:label xlink:type="resource" xlink:label="label58" xlink:role="http://www.xbrl.org/2008/role/label" xlink:title="label58" xml:lang="en">MR14-Equity price risk-convertible bond</label:label>
    <gen:arc xlink:type="arc" xlink:arcrole="http://xbrl.org/arcrole/2008/element-label" xlink:from="roleType58" xlink:to="label58" xlink:title="gen: roleType58 to label58" order="20.0"/>
    <link:loc xlink:type="locator" xlink:href="rol_c-ross_7_2015-12-31.xsd#c-ross_2015-12-31-3161400a" xlink:label="roleType59" xlink:title="roleType59"/>
    <label:label xlink:type="resource" xlink:label="label59" xlink:role="http://www.xbrl.org/2008/role/label" xlink:title="label59" xml:lang="en">MR14-Equity price risk-convertible bond held by company directly</label:label>
    <gen:arc xlink:type="arc" xlink:arcrole="http://xbrl.org/arcrole/2008/element-label" xlink:from="roleType59" xlink:to="label59" xlink:title="gen: roleType59 to label59" order="20.0"/>
    <link:loc xlink:type="locator" xlink:href="rol_c-ross_7_2015-12-31.xsd#c-ross_2015-12-31-3161400b" xlink:label="roleType60" xlink:title="roleType60"/>
    <label:label xlink:type="resource" xlink:label="label60" xlink:role="http://www.xbrl.org/2008/role/label" xlink:title="label60" xml:lang="en">MR14-Equity price risk-convertible bond held by look through method</label:label>
    <gen:arc xlink:type="arc" xlink:arcrole="http://xbrl.org/arcrole/2008/element-label" xlink:from="roleType60" xlink:to="label60" xlink:title="gen: roleType60 to label60" order="20.0"/>
    <link:loc xlink:type="locator" xlink:href="rol_c-ross_7_2015-12-31.xsd#c-ross_2015-12-31-3161500" xlink:label="roleType61" xlink:title="roleType61"/>
    <label:label xlink:type="resource" xlink:label="label61" xlink:role="http://www.xbrl.org/2008/role/label" xlink:title="label61" xml:lang="en">MR15-Equity price risk-infrastructure equity investment plans</label:label>
    <gen:arc xlink:type="arc" xlink:arcrole="http://xbrl.org/arcrole/2008/element-label" xlink:from="roleType61" xlink:to="label61" xlink:title="gen: roleType61 to label61" order="20.0"/>
    <link:loc xlink:type="locator" xlink:href="rol_c-ross_7_2015-12-31.xsd#c-ross_2015-12-31-3161500a" xlink:label="roleType62" xlink:title="roleType62"/>
    <label:label xlink:type="resource" xlink:label="label62" xlink:role="http://www.xbrl.org/2008/role/label" xlink:title="label62" xml:lang="en">MR15-Equity price risk-infrastructure equity investment plans including guarantees terms</label:label>
    <gen:arc xlink:type="arc" xlink:arcrole="http://xbrl.org/arcrole/2008/element-label" xlink:from="roleType62" xlink:to="label62" xlink:title="gen: roleType62 to label62" order="20.0"/>
    <link:loc xlink:type="locator" xlink:href="rol_c-ross_7_2015-12-31.xsd#c-ross_2015-12-31-3161500b" xlink:label="roleType63" xlink:title="roleType63"/>
    <label:label xlink:type="resource" xlink:label="label63" xlink:role="http://www.xbrl.org/2008/role/label" xlink:title="label63" xml:lang="en">MR15-Equity price risk-infrastructure equity investment plans excluding guarantees terms</label:label>
    <gen:arc xlink:type="arc" xlink:arcrole="http://xbrl.org/arcrole/2008/element-label" xlink:from="roleType63" xlink:to="label63" xlink:title="gen: roleType63 to label63" order="20.0"/>
    <link:loc xlink:type="locator" xlink:href="rol_c-ross_7_2015-12-31.xsd#c-ross_2015-12-31-3161500c" xlink:label="roleType64" xlink:title="roleType64"/>
    <label:label xlink:type="resource" xlink:label="label64" xlink:role="http://www.xbrl.org/2008/role/label" xlink:title="label64" xml:lang="en">MR15-Equity price risk-infrastructure equity investment plans-excluded one</label:label>
    <gen:arc xlink:type="arc" xlink:arcrole="http://xbrl.org/arcrole/2008/element-label" xlink:from="roleType64" xlink:to="label64" xlink:title="gen: roleType64 to label64" order="20.0"/>
    <link:loc xlink:type="locator" xlink:href="rol_c-ross_7_2015-12-31.xsd#c-ross_2015-12-31-3161500d" xlink:label="roleType65" xlink:title="roleType65"/>
    <label:label xlink:type="resource" xlink:label="label65" xlink:role="http://www.xbrl.org/2008/role/label" xlink:title="label65" xml:lang="en">MR15-Equity price risk-infrastructure equity investment plans-excluded two</label:label>
    <gen:arc xlink:type="arc" xlink:arcrole="http://xbrl.org/arcrole/2008/element-label" xlink:from="roleType65" xlink:to="label65" xlink:title="gen: roleType65 to label65" order="20.0"/>
    <link:loc xlink:type="locator" xlink:href="rol_c-ross_7_2015-12-31.xsd#c-ross_2015-12-31-3161600" xlink:label="roleType66" xlink:title="roleType66"/>
    <label:label xlink:type="resource" xlink:label="label66" xlink:role="http://www.xbrl.org/2008/role/label" xlink:title="label66" xml:lang="en">MR16-Equity price risk-asset management products</label:label>
    <gen:arc xlink:type="arc" xlink:arcrole="http://xbrl.org/arcrole/2008/element-label" xlink:from="roleType66" xlink:to="label66" xlink:title="gen: roleType66 to label66" order="20.0"/>
    <link:loc xlink:type="locator" xlink:href="rol_c-ross_7_2015-12-31.xsd#c-ross_2015-12-31-3161600a" xlink:label="roleType67" xlink:title="roleType67"/>
    <label:label xlink:type="resource" xlink:label="label67" xlink:role="http://www.xbrl.org/2008/role/label" xlink:title="label67" xml:lang="en">MR16-Equity price risk-equity asset management products cannot be looked through</label:label>
    <gen:arc xlink:type="arc" xlink:arcrole="http://xbrl.org/arcrole/2008/element-label" xlink:from="roleType67" xlink:to="label67" xlink:title="gen: roleType67 to label67" order="20.0"/>
    <link:loc xlink:type="locator" xlink:href="rol_c-ross_7_2015-12-31.xsd#c-ross_2015-12-31-3161600b" xlink:label="roleType68" xlink:title="roleType68"/>
    <label:label xlink:type="resource" xlink:label="label68" xlink:role="http://www.xbrl.org/2008/role/label" xlink:title="label68" xml:lang="en">MR16-Equity price risk-fixed-income asset management products cannot be looked through</label:label>
    <gen:arc xlink:type="arc" xlink:arcrole="http://xbrl.org/arcrole/2008/element-label" xlink:from="roleType68" xlink:to="label68" xlink:title="gen: roleType68 to label68" order="20.0"/>
    <link:loc xlink:type="locator" xlink:href="rol_c-ross_7_2015-12-31.xsd#c-ross_2015-12-31-3161600c" xlink:label="roleType69" xlink:title="roleType69"/>
    <label:label xlink:type="resource" xlink:label="label69" xlink:role="http://www.xbrl.org/2008/role/label" xlink:title="label69" xml:lang="en">MR16-Equity price risk-alternative asset management products cannot be looked through</label:label>
    <gen:arc xlink:type="arc" xlink:arcrole="http://xbrl.org/arcrole/2008/element-label" xlink:from="roleType69" xlink:to="label69" xlink:title="gen: roleType69 to label69" order="20.0"/>
    <link:loc xlink:type="locator" xlink:href="rol_c-ross_7_2015-12-31.xsd#c-ross_2015-12-31-3161600d" xlink:label="roleType70" xlink:title="roleType70"/>
    <label:label xlink:type="resource" xlink:label="label70" xlink:role="http://www.xbrl.org/2008/role/label" xlink:title="label70" xml:lang="en">MR16-Equity price risk-hybrid asset management products cannot be looked through</label:label>
    <gen:arc xlink:type="arc" xlink:arcrole="http://xbrl.org/arcrole/2008/element-label" xlink:from="roleType70" xlink:to="label70" xlink:title="gen: roleType70 to label70" order="20.0"/>
    <link:loc xlink:type="locator" xlink:href="rol_c-ross_7_2015-12-31.xsd#c-ross_2015-12-31-3161600e" xlink:label="roleType71" xlink:title="roleType71"/>
    <label:label xlink:type="resource" xlink:label="label71" xlink:role="http://www.xbrl.org/2008/role/label" xlink:title="label71" xml:lang="en">MR16-Equity price risk-equity asset management products can be looked through</label:label>
    <gen:arc xlink:type="arc" xlink:arcrole="http://xbrl.org/arcrole/2008/element-label" xlink:from="roleType71" xlink:to="label71" xlink:title="gen: roleType71 to label71" order="20.0"/>
    <link:loc xlink:type="locator" xlink:href="rol_c-ross_7_2015-12-31.xsd#c-ross_2015-12-31-3161600f" xlink:label="roleType72" xlink:title="roleType72"/>
    <label:label xlink:type="resource" xlink:label="label72" xlink:role="http://www.xbrl.org/2008/role/label" xlink:title="label72" xml:lang="en">MR16-Equity price risk-fixed-income asset management products can be looked through</label:label>
    <gen:arc xlink:type="arc" xlink:arcrole="http://xbrl.org/arcrole/2008/element-label" xlink:from="roleType72" xlink:to="label72" xlink:title="gen: roleType72 to label72" order="20.0"/>
    <link:loc xlink:type="locator" xlink:href="rol_c-ross_7_2015-12-31.xsd#c-ross_2015-12-31-3161600g" xlink:label="roleType73" xlink:title="roleType73"/>
    <label:label xlink:type="resource" xlink:label="label73" xlink:role="http://www.xbrl.org/2008/role/label" xlink:title="label73" xml:lang="en">MR16-Equity price risk-alternative asset management products can be looked through</label:label>
    <gen:arc xlink:type="arc" xlink:arcrole="http://xbrl.org/arcrole/2008/element-label" xlink:from="roleType73" xlink:to="label73" xlink:title="gen: roleType73 to label73" order="20.0"/>
    <link:loc xlink:type="locator" xlink:href="rol_c-ross_7_2015-12-31.xsd#c-ross_2015-12-31-3161600h" xlink:label="roleType74" xlink:title="roleType74"/>
    <label:label xlink:type="resource" xlink:label="label74" xlink:role="http://www.xbrl.org/2008/role/label" xlink:title="label74" xml:lang="en">MR16-Equity price risk-hybrid asset management products can be looked through</label:label>
    <gen:arc xlink:type="arc" xlink:arcrole="http://xbrl.org/arcrole/2008/element-label" xlink:from="roleType74" xlink:to="label74" xlink:title="gen: roleType74 to label74" order="20.0"/>
    <link:loc xlink:type="locator" xlink:href="rol_c-ross_7_2015-12-31.xsd#c-ross_2015-12-31-3161600i" xlink:label="roleType75" xlink:title="roleType75"/>
    <label:label xlink:type="resource" xlink:label="label75" xlink:role="http://www.xbrl.org/2008/role/label" xlink:title="label75" xml:lang="en">MR16-Equity price risk-asset management products-excluded one</label:label>
    <gen:arc xlink:type="arc" xlink:arcrole="http://xbrl.org/arcrole/2008/element-label" xlink:from="roleType75" xlink:to="label75" xlink:title="gen: roleType75 to label75" order="20.0"/>
    <link:loc xlink:type="locator" xlink:href="rol_c-ross_7_2015-12-31.xsd#c-ross_2015-12-31-3161600j" xlink:label="roleType76" xlink:title="roleType76"/>
    <label:label xlink:type="resource" xlink:label="label76" xlink:role="http://www.xbrl.org/2008/role/label" xlink:title="label76" xml:lang="en">MR16-Equity price risk-asset management products-excluded two</label:label>
    <gen:arc xlink:type="arc" xlink:arcrole="http://xbrl.org/arcrole/2008/element-label" xlink:from="roleType76" xlink:to="label76" xlink:title="gen: roleType76 to label76" order="20.0"/>
    <link:loc xlink:type="locator" xlink:href="rol_c-ross_7_2015-12-31.xsd#c-ross_2015-12-31-3161700" xlink:label="roleType77" xlink:title="roleType77"/>
    <label:label xlink:type="resource" xlink:label="label77" xlink:role="http://www.xbrl.org/2008/role/label" xlink:title="label77" xml:lang="en">MR17-Equity price risk-unlisted equity investment plans</label:label>
    <gen:arc xlink:type="arc" xlink:arcrole="http://xbrl.org/arcrole/2008/element-label" xlink:from="roleType77" xlink:to="label77" xlink:title="gen: roleType77 to label77" order="20.0"/>
    <link:loc xlink:type="locator" xlink:href="rol_c-ross_7_2015-12-31.xsd#c-ross_2015-12-31-3161700a" xlink:label="roleType78" xlink:title="roleType78"/>
    <label:label xlink:type="resource" xlink:label="label78" xlink:role="http://www.xbrl.org/2008/role/label" xlink:title="label78" xml:lang="en">MR17-Equity price risk-unlisted equity investment plans cannot be looked through</label:label>
    <gen:arc xlink:type="arc" xlink:arcrole="http://xbrl.org/arcrole/2008/element-label" xlink:from="roleType78" xlink:to="label78" xlink:title="gen: roleType78 to label78" order="20.0"/>
    <link:loc xlink:type="locator" xlink:href="rol_c-ross_7_2015-12-31.xsd#c-ross_2015-12-31-3161700b" xlink:label="roleType79" xlink:title="roleType79"/>
    <label:label xlink:type="resource" xlink:label="label79" xlink:role="http://www.xbrl.org/2008/role/label" xlink:title="label79" xml:lang="en">MR17-Equity price risk-unlisted equity investment plans can be looked through</label:label>
    <gen:arc xlink:type="arc" xlink:arcrole="http://xbrl.org/arcrole/2008/element-label" xlink:from="roleType79" xlink:to="label79" xlink:title="gen: roleType79 to label79" order="20.0"/>
    <link:loc xlink:type="locator" xlink:href="rol_c-ross_7_2015-12-31.xsd#c-ross_2015-12-31-3161700c" xlink:label="roleType80" xlink:title="roleType80"/>
    <label:label xlink:type="resource" xlink:label="label80" xlink:role="http://www.xbrl.org/2008/role/label" xlink:title="label80" xml:lang="en">MR17-Equity price risk-unlisted equity investment plans-excluded one</label:label>
    <gen:arc xlink:type="arc" xlink:arcrole="http://xbrl.org/arcrole/2008/element-label" xlink:from="roleType80" xlink:to="label80" xlink:title="gen: roleType80 to label80" order="20.0"/>
    <link:loc xlink:type="locator" xlink:href="rol_c-ross_7_2015-12-31.xsd#c-ross_2015-12-31-3161700d" xlink:label="roleType81" xlink:title="roleType81"/>
    <label:label xlink:type="resource" xlink:label="label81" xlink:role="http://www.xbrl.org/2008/role/label" xlink:title="label81" xml:lang="en">MR17-Equity price risk-unlisted equity investment plans-excluded two</label:label>
    <gen:arc xlink:type="arc" xlink:arcrole="http://xbrl.org/arcrole/2008/element-label" xlink:from="roleType81" xlink:to="label81" xlink:title="gen: roleType81 to label81" order="20.0"/>
    <link:loc xlink:type="locator" xlink:href="rol_c-ross_7_2015-12-31.xsd#c-ross_2015-12-31-3161800" xlink:label="roleType82" xlink:title="roleType82"/>
    <label:label xlink:type="resource" xlink:label="label82" xlink:role="http://www.xbrl.org/2008/role/label" xlink:title="label82" xml:lang="en">MR18-Equity price risk-equity trust plans</label:label>
    <gen:arc xlink:type="arc" xlink:arcrole="http://xbrl.org/arcrole/2008/element-label" xlink:from="roleType82" xlink:to="label82" xlink:title="gen: roleType82 to label82" order="20.0"/>
    <link:loc xlink:type="locator" xlink:href="rol_c-ross_7_2015-12-31.xsd#c-ross_2015-12-31-3161800a" xlink:label="roleType83" xlink:title="roleType83"/>
    <label:label xlink:type="resource" xlink:label="label83" xlink:role="http://www.xbrl.org/2008/role/label" xlink:title="label83" xml:lang="en">MR18-Equity price risk-equity trust plans cannot be looked through</label:label>
    <gen:arc xlink:type="arc" xlink:arcrole="http://xbrl.org/arcrole/2008/element-label" xlink:from="roleType83" xlink:to="label83" xlink:title="gen: roleType83 to label83" order="20.0"/>
    <link:loc xlink:type="locator" xlink:href="rol_c-ross_7_2015-12-31.xsd#c-ross_2015-12-31-3161800b" xlink:label="roleType84" xlink:title="roleType84"/>
    <label:label xlink:type="resource" xlink:label="label84" xlink:role="http://www.xbrl.org/2008/role/label" xlink:title="label84" xml:lang="en">MR18-Equity price risk-equity trust plans can be looked through</label:label>
    <gen:arc xlink:type="arc" xlink:arcrole="http://xbrl.org/arcrole/2008/element-label" xlink:from="roleType84" xlink:to="label84" xlink:title="gen: roleType84 to label84" order="20.0"/>
    <link:loc xlink:type="locator" xlink:href="rol_c-ross_7_2015-12-31.xsd#c-ross_2015-12-31-3161800c" xlink:label="roleType85" xlink:title="roleType85"/>
    <label:label xlink:type="resource" xlink:label="label85" xlink:role="http://www.xbrl.org/2008/role/label" xlink:title="label85" xml:lang="en">MR18-Equity price risk-equity trust plans-excluded one</label:label>
    <gen:arc xlink:type="arc" xlink:arcrole="http://xbrl.org/arcrole/2008/element-label" xlink:from="roleType85" xlink:to="label85" xlink:title="gen: roleType85 to label85" order="20.0"/>
    <link:loc xlink:type="locator" xlink:href="rol_c-ross_7_2015-12-31.xsd#c-ross_2015-12-31-3161800d" xlink:label="roleType86" xlink:title="roleType86"/>
    <label:label xlink:type="resource" xlink:label="label86" xlink:role="http://www.xbrl.org/2008/role/label" xlink:title="label86" xml:lang="en">MR18-Equity price risk-equity trust plans-excluded two</label:label>
    <gen:arc xlink:type="arc" xlink:arcrole="http://xbrl.org/arcrole/2008/element-label" xlink:from="roleType86" xlink:to="label86" xlink:title="gen: roleType86 to label86" order="20.0"/>
    <link:loc xlink:type="locator" xlink:href="rol_c-ross_7_2015-12-31.xsd#c-ross_2015-12-31-3161900" xlink:label="roleType87" xlink:title="roleType87"/>
    <label:label xlink:type="resource" xlink:label="label87" xlink:role="http://www.xbrl.org/2008/role/label" xlink:title="label87" xml:lang="en">MR19-Equity price risk-short position of stock index futures (out of effectiveness)</label:label>
    <gen:arc xlink:type="arc" xlink:arcrole="http://xbrl.org/arcrole/2008/element-label" xlink:from="roleType87" xlink:to="label87" xlink:title="gen: roleType87 to label87" order="20.0"/>
    <link:loc xlink:type="locator" xlink:href="rol_c-ross_7_2015-12-31.xsd#c-ross_2015-12-31-3161900a" xlink:label="roleType88" xlink:title="roleType88"/>
    <label:label xlink:type="resource" xlink:label="label88" xlink:role="http://www.xbrl.org/2008/role/label" xlink:title="label88" xml:lang="en">MR19-Equity price risk-short position of stock index futures (out of effectiveness)-details</label:label>
    <gen:arc xlink:type="arc" xlink:arcrole="http://xbrl.org/arcrole/2008/element-label" xlink:from="roleType88" xlink:to="label88" xlink:title="gen: roleType88 to label88" order="20.0"/>
    <link:loc xlink:type="locator" xlink:href="rol_c-ross_7_2015-12-31.xsd#c-ross_2015-12-31-3162000" xlink:label="roleType89" xlink:title="roleType89"/>
    <label:label xlink:type="resource" xlink:label="label89" xlink:role="http://www.xbrl.org/2008/role/label" xlink:title="label89" xml:lang="en">MR20-Equity price risk-preferred shares held by company directly</label:label>
    <gen:arc xlink:type="arc" xlink:arcrole="http://xbrl.org/arcrole/2008/element-label" xlink:from="roleType89" xlink:to="label89" xlink:title="gen: roleType89 to label89" order="20.0"/>
    <link:loc xlink:type="locator" xlink:href="rol_c-ross_7_2015-12-31.xsd#c-ross_2015-12-31-3162000a" xlink:label="roleType90" xlink:title="roleType90"/>
    <label:label xlink:type="resource" xlink:label="label90" xlink:role="http://www.xbrl.org/2008/role/label" xlink:title="label90" xml:lang="en">MR20-Equity price risk-held by company directly-preferred shares publicly issued by listed company</label:label>
    <gen:arc xlink:type="arc" xlink:arcrole="http://xbrl.org/arcrole/2008/element-label" xlink:from="roleType90" xlink:to="label90" xlink:title="gen: roleType90 to label90" order="20.0"/>
    <link:loc xlink:type="locator" xlink:href="rol_c-ross_7_2015-12-31.xsd#c-ross_2015-12-31-3162000b" xlink:label="roleType91" xlink:title="roleType91"/>
    <label:label xlink:type="resource" xlink:label="label91" xlink:role="http://www.xbrl.org/2008/role/label" xlink:title="label91" xml:lang="en">MR20-Equity price risk-held by company directly-preferred shares non-publicly issued by listed bank or insurance company-without terms on obligatory conversion to common stock-or issued by listed non-banking or non-insurance company</label:label>
    <gen:arc xlink:type="arc" xlink:arcrole="http://xbrl.org/arcrole/2008/element-label" xlink:from="roleType91" xlink:to="label91" xlink:title="gen: roleType91 to label91" order="20.0"/>
    <link:loc xlink:type="locator" xlink:href="rol_c-ross_7_2015-12-31.xsd#c-ross_2015-12-31-3162000c" xlink:label="roleType92" xlink:title="roleType92"/>
    <label:label xlink:type="resource" xlink:label="label92" xlink:role="http://www.xbrl.org/2008/role/label" xlink:title="label92" xml:lang="en">MR20-Equity price risk-held by company directly-preferred shares non-publicly issued by listed bank or insurance company with capital adequacy ratios at all tiers entirely meeting regulatory requirements-with terms on obligatory conversion to common stock</label:label>
    <gen:arc xlink:type="arc" xlink:arcrole="http://xbrl.org/arcrole/2008/element-label" xlink:from="roleType92" xlink:to="label92" xlink:title="gen: roleType92 to label92" order="20.0"/>
    <link:loc xlink:type="locator" xlink:href="rol_c-ross_7_2015-12-31.xsd#c-ross_2015-12-31-3162000d" xlink:label="roleType93" xlink:title="roleType93"/>
    <label:label xlink:type="resource" xlink:label="label93" xlink:role="http://www.xbrl.org/2008/role/label" xlink:title="label93" xml:lang="en">MR20-Equity price risk-held by company directly-preferred shares non-publicly issued by listed bank or insurance company with capital adequacy ratios at all tiers not entirely meeting regulatory requirements-with terms on obligatory conversion to common stock</label:label>
    <gen:arc xlink:type="arc" xlink:arcrole="http://xbrl.org/arcrole/2008/element-label" xlink:from="roleType93" xlink:to="label93" xlink:title="gen: roleType93 to label93" order="20.0"/>
    <link:loc xlink:type="locator" xlink:href="rol_c-ross_7_2015-12-31.xsd#c-ross_2015-12-31-3162000e" xlink:label="roleType94" xlink:title="roleType94"/>
    <label:label xlink:type="resource" xlink:label="label94" xlink:role="http://www.xbrl.org/2008/role/label" xlink:title="label94" xml:lang="en">MR20-Equity price risk-held by company directly-preferred shares issued by non-listed public bank or insurance company-without terms on obligatory conversion to common stock-or issued by non-listed public non-banking or non-insurance company</label:label>
    <gen:arc xlink:type="arc" xlink:arcrole="http://xbrl.org/arcrole/2008/element-label" xlink:from="roleType94" xlink:to="label94" xlink:title="gen: roleType94 to label94" order="20.0"/>
    <link:loc xlink:type="locator" xlink:href="rol_c-ross_7_2015-12-31.xsd#c-ross_2015-12-31-3162000f" xlink:label="roleType95" xlink:title="roleType95"/>
    <label:label xlink:type="resource" xlink:label="label95" xlink:role="http://www.xbrl.org/2008/role/label" xlink:title="label95" xml:lang="en">MR20-Equity price risk-held by company directly-preferred shares issued by non-listed public policy bank or state-owned commercial bank with capital adequacy ratios at all tiers entirely meeting regulatory requirements-with terms on obligatory conversion to common stock</label:label>
    <gen:arc xlink:type="arc" xlink:arcrole="http://xbrl.org/arcrole/2008/element-label" xlink:from="roleType95" xlink:to="label95" xlink:title="gen: roleType95 to label95" order="20.0"/>
    <link:loc xlink:type="locator" xlink:href="rol_c-ross_7_2015-12-31.xsd#c-ross_2015-12-31-3162000g" xlink:label="roleType96" xlink:title="roleType96"/>
    <label:label xlink:type="resource" xlink:label="label96" xlink:role="http://www.xbrl.org/2008/role/label" xlink:title="label96" xml:lang="en">MR20-Equity price risk-held by company directly-preferred shares issued by non-listed public joint-stock commercial bank or post savings bank with capital adequacy ratios at all tiers entirely meeting regulatory requirements-with terms on obligatory conversion to common stock</label:label>
    <gen:arc xlink:type="arc" xlink:arcrole="http://xbrl.org/arcrole/2008/element-label" xlink:from="roleType96" xlink:to="label96" xlink:title="gen: roleType96 to label96" order="20.0"/>
    <link:loc xlink:type="locator" xlink:href="rol_c-ross_7_2015-12-31.xsd#c-ross_2015-12-31-3162000h" xlink:label="roleType97" xlink:title="roleType97"/>
    <label:label xlink:type="resource" xlink:label="label97" xlink:role="http://www.xbrl.org/2008/role/label" xlink:title="label97" xml:lang="en">MR20-Equity price risk-held by company directly-preferred shares issued by non-listed public city commercial bank with capital adequacy ratios at all tiers entirely meeting regulatory requirements-with terms on obligatory conversion to common stock</label:label>
    <gen:arc xlink:type="arc" xlink:arcrole="http://xbrl.org/arcrole/2008/element-label" xlink:from="roleType97" xlink:to="label97" xlink:title="gen: roleType97 to label97" order="20.0"/>
    <link:loc xlink:type="locator" xlink:href="rol_c-ross_7_2015-12-31.xsd#c-ross_2015-12-31-3162000i" xlink:label="roleType98" xlink:title="roleType98"/>
    <label:label xlink:type="resource" xlink:label="label98" xlink:role="http://www.xbrl.org/2008/role/label" xlink:title="label98" xml:lang="en">MR20-Equity price risk-held by company directly-preferred shares issued by other non-listed public commercial bank with capital adequacy ratios at all tiers entirely meeting regulatory requirements-with terms on obligatory conversion to common stock</label:label>
    <gen:arc xlink:type="arc" xlink:arcrole="http://xbrl.org/arcrole/2008/element-label" xlink:from="roleType98" xlink:to="label98" xlink:title="gen: roleType98 to label98" order="20.0"/>
    <link:loc xlink:type="locator" xlink:href="rol_c-ross_7_2015-12-31.xsd#c-ross_2015-12-31-3162000j" xlink:label="roleType99" xlink:title="roleType99"/>
    <label:label xlink:type="resource" xlink:label="label99" xlink:role="http://www.xbrl.org/2008/role/label" xlink:title="label99" xml:lang="en">MR20-Equity price risk-held by company directly-preferred shares issued by non-listed public commercial bank with capital adequacy ratios at all tiers not entirely meeting regulatory requirements-with terms on obligatory conversion to common stock</label:label>
    <gen:arc xlink:type="arc" xlink:arcrole="http://xbrl.org/arcrole/2008/element-label" xlink:from="roleType99" xlink:to="label99" xlink:title="gen: roleType99 to label99" order="20.0"/>
    <link:loc xlink:type="locator" xlink:href="rol_c-ross_7_2015-12-31.xsd#c-ross_2015-12-31-3162000k" xlink:label="roleType100" xlink:title="roleType100"/>
    <label:label xlink:type="resource" xlink:label="label100" xlink:role="http://www.xbrl.org/2008/role/label" xlink:title="label100" xml:lang="en">MR20-Equity price risk-held by company directly-preferred shares issued by non-listed public insurance company with solvency adequacy ratios at all tiers entirely meeting regulatory requirements-with terms on obligatory conversion to common stock</label:label>
    <gen:arc xlink:type="arc" xlink:arcrole="http://xbrl.org/arcrole/2008/element-label" xlink:from="roleType100" xlink:to="label100" xlink:title="gen: roleType100 to label100" order="20.0"/>
    <link:loc xlink:type="locator" xlink:href="rol_c-ross_7_2015-12-31.xsd#c-ross_2015-12-31-3162000l" xlink:label="roleType101" xlink:title="roleType101"/>
    <label:label xlink:type="resource" xlink:label="label101" xlink:role="http://www.xbrl.org/2008/role/label" xlink:title="label101" xml:lang="en">MR20-Equity price risk-held by company directly-preferred shares issued by non-listed public insurance company with solvency adequacy ratios at all tiers not entirely meeting regulatory requirements-with terms on obligatory conversion to common stock</label:label>
    <gen:arc xlink:type="arc" xlink:arcrole="http://xbrl.org/arcrole/2008/element-label" xlink:from="roleType101" xlink:to="label101" xlink:title="gen: roleType101 to label101" order="20.0"/>
    <link:loc xlink:type="locator" xlink:href="rol_c-ross_7_2015-12-31.xsd#c-ross_2015-12-31-3162100" xlink:label="roleType102" xlink:title="roleType102"/>
    <label:label xlink:type="resource" xlink:label="label102" xlink:role="http://www.xbrl.org/2008/role/label" xlink:title="label102" xml:lang="en">MR21-Equity price risk-preferred shares held by look through method</label:label>
    <gen:arc xlink:type="arc" xlink:arcrole="http://xbrl.org/arcrole/2008/element-label" xlink:from="roleType102" xlink:to="label102" xlink:title="gen: roleType102 to label102" order="20.0"/>
    <link:loc xlink:type="locator" xlink:href="rol_c-ross_7_2015-12-31.xsd#c-ross_2015-12-31-3162100a" xlink:label="roleType103" xlink:title="roleType103"/>
    <label:label xlink:type="resource" xlink:label="label103" xlink:role="http://www.xbrl.org/2008/role/label" xlink:title="label103" xml:lang="en">MR21-Equity price risk-held by look through method-preferred shares publicly issued by listed company</label:label>
    <gen:arc xlink:type="arc" xlink:arcrole="http://xbrl.org/arcrole/2008/element-label" xlink:from="roleType103" xlink:to="label103" xlink:title="gen: roleType103 to label103" order="20.0"/>
    <link:loc xlink:type="locator" xlink:href="rol_c-ross_7_2015-12-31.xsd#c-ross_2015-12-31-3162100b" xlink:label="roleType104" xlink:title="roleType104"/>
    <label:label xlink:type="resource" xlink:label="label104" xlink:role="http://www.xbrl.org/2008/role/label" xlink:title="label104" xml:lang="en">MR21-Equity price risk-held by look through method-preferred shares non-publicly issued by listed bank or insurance company-without terms on obligatory conversion to common stock-or issued by listed non-banking or non-insurance company</label:label>
    <gen:arc xlink:type="arc" xlink:arcrole="http://xbrl.org/arcrole/2008/element-label" xlink:from="roleType104" xlink:to="label104" xlink:title="gen: roleType104 to label104" order="20.0"/>
    <link:loc xlink:type="locator" xlink:href="rol_c-ross_7_2015-12-31.xsd#c-ross_2015-12-31-3162100c" xlink:label="roleType105" xlink:title="roleType105"/>
    <label:label xlink:type="resource" xlink:label="label105" xlink:role="http://www.xbrl.org/2008/role/label" xlink:title="label105" xml:lang="en">MR21-Equity price risk-held by look through method-preferred shares non-publicly issued by listed bank or insurance company with capital adequacy ratios at all tiers entirely meeting regulatory requirements-with terms on obligatory conversion to common stock</label:label>
    <gen:arc xlink:type="arc" xlink:arcrole="http://xbrl.org/arcrole/2008/element-label" xlink:from="roleType105" xlink:to="label105" xlink:title="gen: roleType105 to label105" order="20.0"/>
    <link:loc xlink:type="locator" xlink:href="rol_c-ross_7_2015-12-31.xsd#c-ross_2015-12-31-3162100d" xlink:label="roleType106" xlink:title="roleType106"/>
    <label:label xlink:type="resource" xlink:label="label106" xlink:role="http://www.xbrl.org/2008/role/label" xlink:title="label106" xml:lang="en">MR21-Equity price risk-held by look through method-preferred shares non-publicly issued by listed bank or insurance company with capital adequacy ratios at all tiers not entirely meeting regulatory requirements-with terms on obligatory conversion to common stock</label:label>
    <gen:arc xlink:type="arc" xlink:arcrole="http://xbrl.org/arcrole/2008/element-label" xlink:from="roleType106" xlink:to="label106" xlink:title="gen: roleType106 to label106" order="20.0"/>
    <link:loc xlink:type="locator" xlink:href="rol_c-ross_7_2015-12-31.xsd#c-ross_2015-12-31-3162100e" xlink:label="roleType107" xlink:title="roleType107"/>
    <label:label xlink:type="resource" xlink:label="label107" xlink:role="http://www.xbrl.org/2008/role/label" xlink:title="label107" xml:lang="en">MR21-Equity price risk-held by look through method-preferred shares issued by non-listed public bank or insurance company-without terms on obligatory conversion to common stock-or issued by non-listed public non-banking or non-insurance company</label:label>
    <gen:arc xlink:type="arc" xlink:arcrole="http://xbrl.org/arcrole/2008/element-label" xlink:from="roleType107" xlink:to="label107" xlink:title="gen: roleType107 to label107" order="20.0"/>
    <link:loc xlink:type="locator" xlink:href="rol_c-ross_7_2015-12-31.xsd#c-ross_2015-12-31-3162100f" xlink:label="roleType108" xlink:title="roleType108"/>
    <label:label xlink:type="resource" xlink:label="label108" xlink:role="http://www.xbrl.org/2008/role/label" xlink:title="label108" xml:lang="en">MR21-Equity price risk-held by look through method-preferred shares issued by non-listed public policy bank or state-owned commercial bank with capital adequacy ratios at all tiers entirely meeting regulatory requirements-with terms on obligatory conversion to common stock</label:label>
    <gen:arc xlink:type="arc" xlink:arcrole="http://xbrl.org/arcrole/2008/element-label" xlink:from="roleType108" xlink:to="label108" xlink:title="gen: roleType108 to label108" order="20.0"/>
    <link:loc xlink:type="locator" xlink:href="rol_c-ross_7_2015-12-31.xsd#c-ross_2015-12-31-3162100g" xlink:label="roleType109" xlink:title="roleType109"/>
    <label:label xlink:type="resource" xlink:label="label109" xlink:role="http://www.xbrl.org/2008/role/label" xlink:title="label109" xml:lang="en">MR21-Equity price risk-held by look through method-preferred shares issued by non-listed public joint-stock commercial bank or post savings bank with capital adequacy ratios at all tiers entirely meeting regulatory requirements-with terms on obligatory conversion to common stock</label:label>
    <gen:arc xlink:type="arc" xlink:arcrole="http://xbrl.org/arcrole/2008/element-label" xlink:from="roleType109" xlink:to="label109" xlink:title="gen: roleType109 to label109" order="20.0"/>
    <link:loc xlink:type="locator" xlink:href="rol_c-ross_7_2015-12-31.xsd#c-ross_2015-12-31-3162100h" xlink:label="roleType110" xlink:title="roleType110"/>
    <label:label xlink:type="resource" xlink:label="label110" xlink:role="http://www.xbrl.org/2008/role/label" xlink:title="label110" xml:lang="en">MR21-Equity price risk-held by look through method-preferred shares issued by non-listed public city commercial bank with capital adequacy ratios at all tiers entirely meeting regulatory requirements-with terms on obligatory conversion to common stock</label:label>
    <gen:arc xlink:type="arc" xlink:arcrole="http://xbrl.org/arcrole/2008/element-label" xlink:from="roleType110" xlink:to="label110" xlink:title="gen: roleType110 to label110" order="20.0"/>
    <link:loc xlink:type="locator" xlink:href="rol_c-ross_7_2015-12-31.xsd#c-ross_2015-12-31-3162100i" xlink:label="roleType111" xlink:title="roleType111"/>
    <label:label xlink:type="resource" xlink:label="label111" xlink:role="http://www.xbrl.org/2008/role/label" xlink:title="label111" xml:lang="en">MR21-Equity price risk-held by look through method-preferred shares issued by other non-listed public commercial bank with capital adequacy ratios at all tiers entirely meeting regulatory requirements-with terms on obligatory conversion to common stock</label:label>
    <gen:arc xlink:type="arc" xlink:arcrole="http://xbrl.org/arcrole/2008/element-label" xlink:from="roleType111" xlink:to="label111" xlink:title="gen: roleType111 to label111" order="20.0"/>
    <link:loc xlink:type="locator" xlink:href="rol_c-ross_7_2015-12-31.xsd#c-ross_2015-12-31-3162100j" xlink:label="roleType112" xlink:title="roleType112"/>
    <label:label xlink:type="resource" xlink:label="label112" xlink:role="http://www.xbrl.org/2008/role/label" xlink:title="label112" xml:lang="en">MR21-Equity price risk-held by look through method-preferred shares issued by non-listed public commercial bank with capital adequacy ratios at all tiers not entirely meeting regulatory requirements-with terms on obligatory conversion to common stock</label:label>
    <gen:arc xlink:type="arc" xlink:arcrole="http://xbrl.org/arcrole/2008/element-label" xlink:from="roleType112" xlink:to="label112" xlink:title="gen: roleType112 to label112" order="20.0"/>
    <link:loc xlink:type="locator" xlink:href="rol_c-ross_7_2015-12-31.xsd#c-ross_2015-12-31-3162100k" xlink:label="roleType113" xlink:title="roleType113"/>
    <label:label xlink:type="resource" xlink:label="label113" xlink:role="http://www.xbrl.org/2008/role/label" xlink:title="label113" xml:lang="en">MR21-Equity price risk-held by look through method-preferred shares issued by non-listed public insurance company with solvency adequacy ratios at all tiers entirely meeting regulatory requirements-with terms on obligatory conversion to common stock</label:label>
    <gen:arc xlink:type="arc" xlink:arcrole="http://xbrl.org/arcrole/2008/element-label" xlink:from="roleType113" xlink:to="label113" xlink:title="gen: roleType113 to label113" order="20.0"/>
    <link:loc xlink:type="locator" xlink:href="rol_c-ross_7_2015-12-31.xsd#c-ross_2015-12-31-3162100l" xlink:label="roleType114" xlink:title="roleType114"/>
    <label:label xlink:type="resource" xlink:label="label114" xlink:role="http://www.xbrl.org/2008/role/label" xlink:title="label114" xml:lang="en">MR21-Equity price risk-held by look through method-preferred shares issued by non-listed public insurance company with solvency adequacy ratios at all tiers not entirely meeting regulatory requirements-with terms on obligatory conversion to common stock</label:label>
    <gen:arc xlink:type="arc" xlink:arcrole="http://xbrl.org/arcrole/2008/element-label" xlink:from="roleType114" xlink:to="label114" xlink:title="gen: roleType114 to label114" order="20.0"/>
    <link:loc xlink:type="locator" xlink:href="rol_c-ross_7_2015-12-31.xsd#c-ross_2015-12-31-3162200" xlink:label="roleType115" xlink:title="roleType115"/>
    <label:label xlink:type="resource" xlink:label="label115" xlink:role="http://www.xbrl.org/2008/role/label" xlink:title="label115" xml:lang="en">MR22-Equity price risk-long-term equity investments in subsidiaries-joint ventures and associated companies</label:label>
    <gen:arc xlink:type="arc" xlink:arcrole="http://xbrl.org/arcrole/2008/element-label" xlink:from="roleType115" xlink:to="label115" xlink:title="gen: roleType115 to label115" order="20.0"/>
    <link:loc xlink:type="locator" xlink:href="rol_c-ross_7_2015-12-31.xsd#c-ross_2015-12-31-3162200a" xlink:label="roleType116" xlink:title="roleType116"/>
    <label:label xlink:type="resource" xlink:label="label116" xlink:role="http://www.xbrl.org/2008/role/label" xlink:title="label116" xml:lang="en">MR22-Equity price risk-long-term equity investments in subsidiaries held by company directly</label:label>
    <gen:arc xlink:type="arc" xlink:arcrole="http://xbrl.org/arcrole/2008/element-label" xlink:from="roleType116" xlink:to="label116" xlink:title="gen: roleType116 to label116" order="20.0"/>
    <link:loc xlink:type="locator" xlink:href="rol_c-ross_7_2015-12-31.xsd#c-ross_2015-12-31-3162200b" xlink:label="roleType117" xlink:title="roleType117"/>
    <label:label xlink:type="resource" xlink:label="label117" xlink:role="http://www.xbrl.org/2008/role/label" xlink:title="label117" xml:lang="en">MR22-Equity price risk-long-term equity investments in joint ventures and associated companies held by company directly</label:label>
    <gen:arc xlink:type="arc" xlink:arcrole="http://xbrl.org/arcrole/2008/element-label" xlink:from="roleType117" xlink:to="label117" xlink:title="gen: roleType117 to label117" order="20.0"/>
    <link:loc xlink:type="locator" xlink:href="rol_c-ross_7_2015-12-31.xsd#c-ross_2015-12-31-3162200c" xlink:label="roleType118" xlink:title="roleType118"/>
    <label:label xlink:type="resource" xlink:label="label118" xlink:role="http://www.xbrl.org/2008/role/label" xlink:title="label118" xml:lang="en">MR22-Equity price risk-long-term equity investments in subsidiaries held by look through method</label:label>
    <gen:arc xlink:type="arc" xlink:arcrole="http://xbrl.org/arcrole/2008/element-label" xlink:from="roleType118" xlink:to="label118" xlink:title="gen: roleType118 to label118" order="20.0"/>
    <link:loc xlink:type="locator" xlink:href="rol_c-ross_7_2015-12-31.xsd#c-ross_2015-12-31-3162200d" xlink:label="roleType119" xlink:title="roleType119"/>
    <label:label xlink:type="resource" xlink:label="label119" xlink:role="http://www.xbrl.org/2008/role/label" xlink:title="label119" xml:lang="en">MR22-Equity price risk-long-term equity investments in joint ventures and associated companies held by look through method</label:label>
    <gen:arc xlink:type="arc" xlink:arcrole="http://xbrl.org/arcrole/2008/element-label" xlink:from="roleType119" xlink:to="label119" xlink:title="gen: roleType119 to label119" order="20.0"/>
    <link:loc xlink:type="locator" xlink:href="rol_c-ross_7_2015-12-31.xsd#c-ross_2015-12-31-3162300" xlink:label="roleType120" xlink:title="roleType120"/>
    <label:label xlink:type="resource" xlink:label="label120" xlink:role="http://www.xbrl.org/2008/role/label" xlink:title="label120" xml:lang="en">MR23-Property price risk-investment property held by company directly</label:label>
    <gen:arc xlink:type="arc" xlink:arcrole="http://xbrl.org/arcrole/2008/element-label" xlink:from="roleType120" xlink:to="label120" xlink:title="gen: roleType120 to label120" order="20.0"/>
    <link:loc xlink:type="locator" xlink:href="rol_c-ross_7_2015-12-31.xsd#c-ross_2015-12-31-3162300a" xlink:label="roleType121" xlink:title="roleType121"/>
    <label:label xlink:type="resource" xlink:label="label121" xlink:role="http://www.xbrl.org/2008/role/label" xlink:title="label121" xml:lang="en">MR23-Property price risk-investment property held by company directly-investment property held as real property by cost method</label:label>
    <gen:arc xlink:type="arc" xlink:arcrole="http://xbrl.org/arcrole/2008/element-label" xlink:from="roleType121" xlink:to="label121" xlink:title="gen: roleType121 to label121" order="20.0"/>
    <link:loc xlink:type="locator" xlink:href="rol_c-ross_7_2015-12-31.xsd#c-ross_2015-12-31-3162300b" xlink:label="roleType122" xlink:title="roleType122"/>
    <label:label xlink:type="resource" xlink:label="label122" xlink:role="http://www.xbrl.org/2008/role/label" xlink:title="label122" xml:lang="en">MR23-Property price risk-investment property held by company directly-investment property held as real property by fair value method</label:label>
    <gen:arc xlink:type="arc" xlink:arcrole="http://xbrl.org/arcrole/2008/element-label" xlink:from="roleType122" xlink:to="label122" xlink:title="gen: roleType122 to label122" order="20.0"/>
    <link:loc xlink:type="locator" xlink:href="rol_c-ross_7_2015-12-31.xsd#c-ross_2015-12-31-3162300c" xlink:label="roleType123" xlink:title="roleType123"/>
    <label:label xlink:type="resource" xlink:label="label123" xlink:role="http://www.xbrl.org/2008/role/label" xlink:title="label123" xml:lang="en">MR23-Property price risk-investment property held by company directly-investment property held through project company by cost method</label:label>
    <gen:arc xlink:type="arc" xlink:arcrole="http://xbrl.org/arcrole/2008/element-label" xlink:from="roleType123" xlink:to="label123" xlink:title="gen: roleType123 to label123" order="20.0"/>
    <link:loc xlink:type="locator" xlink:href="rol_c-ross_7_2015-12-31.xsd#c-ross_2015-12-31-3162300d" xlink:label="roleType124" xlink:title="roleType124"/>
    <label:label xlink:type="resource" xlink:label="label124" xlink:role="http://www.xbrl.org/2008/role/label" xlink:title="label124" xml:lang="en">MR23-Property price risk-investment property held by company directly-investment property held through project company by fair value method</label:label>
    <gen:arc xlink:type="arc" xlink:arcrole="http://xbrl.org/arcrole/2008/element-label" xlink:from="roleType124" xlink:to="label124" xlink:title="gen: roleType124 to label124" order="20.0"/>
    <link:loc xlink:type="locator" xlink:href="rol_c-ross_7_2015-12-31.xsd#c-ross_2015-12-31-3162400" xlink:label="roleType125" xlink:title="roleType125"/>
    <label:label xlink:type="resource" xlink:label="label125" xlink:role="http://www.xbrl.org/2008/role/label" xlink:title="label125" xml:lang="en">MR24-Property price risk-investment property held by look through method</label:label>
    <gen:arc xlink:type="arc" xlink:arcrole="http://xbrl.org/arcrole/2008/element-label" xlink:from="roleType125" xlink:to="label125" xlink:title="gen: roleType125 to label125" order="20.0"/>
    <link:loc xlink:type="locator" xlink:href="rol_c-ross_7_2015-12-31.xsd#c-ross_2015-12-31-3162400a" xlink:label="roleType126" xlink:title="roleType126"/>
    <label:label xlink:type="resource" xlink:label="label126" xlink:role="http://www.xbrl.org/2008/role/label" xlink:title="label126" xml:lang="en">MR24-Property price risk-investment property held by look through method-investment property held as real property by cost method</label:label>
    <gen:arc xlink:type="arc" xlink:arcrole="http://xbrl.org/arcrole/2008/element-label" xlink:from="roleType126" xlink:to="label126" xlink:title="gen: roleType126 to label126" order="20.0"/>
    <link:loc xlink:type="locator" xlink:href="rol_c-ross_7_2015-12-31.xsd#c-ross_2015-12-31-3162400b" xlink:label="roleType127" xlink:title="roleType127"/>
    <label:label xlink:type="resource" xlink:label="label127" xlink:role="http://www.xbrl.org/2008/role/label" xlink:title="label127" xml:lang="en">MR24-Property price risk-investment property held by look through method-investment property held as real property by fair value method</label:label>
    <gen:arc xlink:type="arc" xlink:arcrole="http://xbrl.org/arcrole/2008/element-label" xlink:from="roleType127" xlink:to="label127" xlink:title="gen: roleType127 to label127" order="20.0"/>
    <link:loc xlink:type="locator" xlink:href="rol_c-ross_7_2015-12-31.xsd#c-ross_2015-12-31-3162400c" xlink:label="roleType128" xlink:title="roleType128"/>
    <label:label xlink:type="resource" xlink:label="label128" xlink:role="http://www.xbrl.org/2008/role/label" xlink:title="label128" xml:lang="en">MR24-Property price risk-investment property held by look through method-investment property held through project company by cost method</label:label>
    <gen:arc xlink:type="arc" xlink:arcrole="http://xbrl.org/arcrole/2008/element-label" xlink:from="roleType128" xlink:to="label128" xlink:title="gen: roleType128 to label128" order="20.0"/>
    <link:loc xlink:type="locator" xlink:href="rol_c-ross_7_2015-12-31.xsd#c-ross_2015-12-31-3162400d" xlink:label="roleType129" xlink:title="roleType129"/>
    <label:label xlink:type="resource" xlink:label="label129" xlink:role="http://www.xbrl.org/2008/role/label" xlink:title="label129" xml:lang="en">MR24-Property price risk-investment property held by look through method-investment property held through project company by fair value method</label:label>
    <gen:arc xlink:type="arc" xlink:arcrole="http://xbrl.org/arcrole/2008/element-label" xlink:from="roleType129" xlink:to="label129" xlink:title="gen: roleType129 to label129" order="20.0"/>
    <link:loc xlink:type="locator" xlink:href="rol_c-ross_7_2015-12-31.xsd#c-ross_2015-12-31-3162500" xlink:label="roleType130" xlink:title="roleType130"/>
    <label:label xlink:type="resource" xlink:label="label130" xlink:role="http://www.xbrl.org/2008/role/label" xlink:title="label130" xml:lang="en">MR25-Price risk of overseas fixed-income investment assets-details</label:label>
    <gen:arc xlink:type="arc" xlink:arcrole="http://xbrl.org/arcrole/2008/element-label" xlink:from="roleType130" xlink:to="label130" xlink:title="gen: roleType130 to label130" order="20.0"/>
    <link:loc xlink:type="locator" xlink:href="rol_c-ross_7_2015-12-31.xsd#c-ross_2015-12-31-3162500a" xlink:label="roleType131" xlink:title="roleType131"/>
    <label:label xlink:type="resource" xlink:label="label131" xlink:role="http://www.xbrl.org/2008/role/label" xlink:title="label131" xml:lang="en">MR25-Price risk of overseas fixed-income investment assets-developed markets held by company directly-details</label:label>
    <gen:arc xlink:type="arc" xlink:arcrole="http://xbrl.org/arcrole/2008/element-label" xlink:from="roleType131" xlink:to="label131" xlink:title="gen: roleType131 to label131" order="20.0"/>
    <link:loc xlink:type="locator" xlink:href="rol_c-ross_7_2015-12-31.xsd#c-ross_2015-12-31-3162500b" xlink:label="roleType132" xlink:title="roleType132"/>
    <label:label xlink:type="resource" xlink:label="label132" xlink:role="http://www.xbrl.org/2008/role/label" xlink:title="label132" xml:lang="en">MR25-Price risk of overseas fixed-income investment assets-emerging markets held by company directly-details</label:label>
    <gen:arc xlink:type="arc" xlink:arcrole="http://xbrl.org/arcrole/2008/element-label" xlink:from="roleType132" xlink:to="label132" xlink:title="gen: roleType132 to label132" order="20.0"/>
    <link:loc xlink:type="locator" xlink:href="rol_c-ross_7_2015-12-31.xsd#c-ross_2015-12-31-3162500c" xlink:label="roleType133" xlink:title="roleType133"/>
    <label:label xlink:type="resource" xlink:label="label133" xlink:role="http://www.xbrl.org/2008/role/label" xlink:title="label133" xml:lang="en">MR25-Price risk of overseas fixed-income investment assets-developed markets held by look through method-details</label:label>
    <gen:arc xlink:type="arc" xlink:arcrole="http://xbrl.org/arcrole/2008/element-label" xlink:from="roleType133" xlink:to="label133" xlink:title="gen: roleType133 to label133" order="20.0"/>
    <link:loc xlink:type="locator" xlink:href="rol_c-ross_7_2015-12-31.xsd#c-ross_2015-12-31-3162500d" xlink:label="roleType134" xlink:title="roleType134"/>
    <label:label xlink:type="resource" xlink:label="label134" xlink:role="http://www.xbrl.org/2008/role/label" xlink:title="label134" xml:lang="en">MR25-Price risk of overseas fixed-income investment assets-emerging markets held by look through method-details</label:label>
    <gen:arc xlink:type="arc" xlink:arcrole="http://xbrl.org/arcrole/2008/element-label" xlink:from="roleType134" xlink:to="label134" xlink:title="gen: roleType134 to label134" order="20.0"/>
    <link:loc xlink:type="locator" xlink:href="rol_c-ross_7_2015-12-31.xsd#c-ross_2015-12-31-3162500e" xlink:label="roleType135" xlink:title="roleType135"/>
    <label:label xlink:type="resource" xlink:label="label135" xlink:role="http://www.xbrl.org/2008/role/label" xlink:title="label135" xml:lang="en">MR25-Price risk of overseas fixed-income investment assets-details-excluded one</label:label>
    <gen:arc xlink:type="arc" xlink:arcrole="http://xbrl.org/arcrole/2008/element-label" xlink:from="roleType135" xlink:to="label135" xlink:title="gen: roleType135 to label135" order="20.0"/>
    <link:loc xlink:type="locator" xlink:href="rol_c-ross_7_2015-12-31.xsd#c-ross_2015-12-31-3162500f" xlink:label="roleType136" xlink:title="roleType136"/>
    <label:label xlink:type="resource" xlink:label="label136" xlink:role="http://www.xbrl.org/2008/role/label" xlink:title="label136" xml:lang="en">MR25-Price risk of overseas fixed-income investment assets-details-excluded two</label:label>
    <gen:arc xlink:type="arc" xlink:arcrole="http://xbrl.org/arcrole/2008/element-label" xlink:from="roleType136" xlink:to="label136" xlink:title="gen: roleType136 to label136" order="20.0"/>
    <link:loc xlink:type="locator" xlink:href="rol_c-ross_7_2015-12-31.xsd#c-ross_2015-12-31-3162600" xlink:label="roleType137" xlink:title="roleType137"/>
    <label:label xlink:type="resource" xlink:label="label137" xlink:role="http://www.xbrl.org/2008/role/label" xlink:title="label137" xml:lang="en">MR26-Price risk of overseas equity investment assets-details</label:label>
    <gen:arc xlink:type="arc" xlink:arcrole="http://xbrl.org/arcrole/2008/element-label" xlink:from="roleType137" xlink:to="label137" xlink:title="gen: roleType137 to label137" order="20.0"/>
    <link:loc xlink:type="locator" xlink:href="rol_c-ross_7_2015-12-31.xsd#c-ross_2015-12-31-3162600a" xlink:label="roleType138" xlink:title="roleType138"/>
    <label:label xlink:type="resource" xlink:label="label138" xlink:role="http://www.xbrl.org/2008/role/label" xlink:title="label138" xml:lang="en">MR26-Price risk of overseas equity investment assets-developed markets held by company directly-details</label:label>
    <gen:arc xlink:type="arc" xlink:arcrole="http://xbrl.org/arcrole/2008/element-label" xlink:from="roleType138" xlink:to="label138" xlink:title="gen: roleType138 to label138" order="20.0"/>
    <link:loc xlink:type="locator" xlink:href="rol_c-ross_7_2015-12-31.xsd#c-ross_2015-12-31-3162600b" xlink:label="roleType139" xlink:title="roleType139"/>
    <label:label xlink:type="resource" xlink:label="label139" xlink:role="http://www.xbrl.org/2008/role/label" xlink:title="label139" xml:lang="en">MR26-Price risk of overseas equity investment assets-emerging markets held by company directly-details</label:label>
    <gen:arc xlink:type="arc" xlink:arcrole="http://xbrl.org/arcrole/2008/element-label" xlink:from="roleType139" xlink:to="label139" xlink:title="gen: roleType139 to label139" order="20.0"/>
    <link:loc xlink:type="locator" xlink:href="rol_c-ross_7_2015-12-31.xsd#c-ross_2015-12-31-3162600c" xlink:label="roleType140" xlink:title="roleType140"/>
    <label:label xlink:type="resource" xlink:label="label140" xlink:role="http://www.xbrl.org/2008/role/label" xlink:title="label140" xml:lang="en">MR26-Price risk of overseas equity investment assets-developed markets held by look through method-details</label:label>
    <gen:arc xlink:type="arc" xlink:arcrole="http://xbrl.org/arcrole/2008/element-label" xlink:from="roleType140" xlink:to="label140" xlink:title="gen: roleType140 to label140" order="20.0"/>
    <link:loc xlink:type="locator" xlink:href="rol_c-ross_7_2015-12-31.xsd#c-ross_2015-12-31-3162600d" xlink:label="roleType141" xlink:title="roleType141"/>
    <label:label xlink:type="resource" xlink:label="label141" xlink:role="http://www.xbrl.org/2008/role/label" xlink:title="label141" xml:lang="en">MR26-Price risk of overseas equity investment assets-emerging markets held by look through method-details</label:label>
    <gen:arc xlink:type="arc" xlink:arcrole="http://xbrl.org/arcrole/2008/element-label" xlink:from="roleType141" xlink:to="label141" xlink:title="gen: roleType141 to label141" order="20.0"/>
    <link:loc xlink:type="locator" xlink:href="rol_c-ross_7_2015-12-31.xsd#c-ross_2015-12-31-3162600e" xlink:label="roleType142" xlink:title="roleType142"/>
    <label:label xlink:type="resource" xlink:label="label142" xlink:role="http://www.xbrl.org/2008/role/label" xlink:title="label142" xml:lang="en">MR26-Price risk of overseas equity investment assets-details-excluded one</label:label>
    <gen:arc xlink:type="arc" xlink:arcrole="http://xbrl.org/arcrole/2008/element-label" xlink:from="roleType142" xlink:to="label142" xlink:title="gen: roleType142 to label142" order="20.0"/>
    <link:loc xlink:type="locator" xlink:href="rol_c-ross_7_2015-12-31.xsd#c-ross_2015-12-31-3162600f" xlink:label="roleType143" xlink:title="roleType143"/>
    <label:label xlink:type="resource" xlink:label="label143" xlink:role="http://www.xbrl.org/2008/role/label" xlink:title="label143" xml:lang="en">MR26-Price risk of overseas equity investment assets-details-excluded two</label:label>
    <gen:arc xlink:type="arc" xlink:arcrole="http://xbrl.org/arcrole/2008/element-label" xlink:from="roleType143" xlink:to="label143" xlink:title="gen: roleType143 to label143" order="20.0"/>
    <link:loc xlink:type="locator" xlink:href="rol_c-ross_7_2015-12-31.xsd#c-ross_2015-12-31-3162700" xlink:label="roleType144" xlink:title="roleType144"/>
    <label:label xlink:type="resource" xlink:label="label144" xlink:role="http://www.xbrl.org/2008/role/label" xlink:title="label144" xml:lang="en">MR27-Exchange rate risk of projects-foreign currency-denominated assets (liabilities) unhedged or ineffectively hedged-details</label:label>
    <gen:arc xlink:type="arc" xlink:arcrole="http://xbrl.org/arcrole/2008/element-label" xlink:from="roleType144" xlink:to="label144" xlink:title="gen: roleType144 to label144" order="20.0"/>
    <link:loc xlink:type="locator" xlink:href="rol_c-ross_7_2015-12-31.xsd#c-ross_2015-12-31-3162700a" xlink:label="roleType145" xlink:title="roleType145"/>
    <label:label xlink:type="resource" xlink:label="label145" xlink:role="http://www.xbrl.org/2008/role/label" xlink:title="label145" xml:lang="en">MR27-Exchange rate risk of projects-foreign currency-denominated assets (liabilities) unhedged or ineffectively hedged-foreign currency items denominated in other foreign currencies held by company directly-details</label:label>
    <gen:arc xlink:type="arc" xlink:arcrole="http://xbrl.org/arcrole/2008/element-label" xlink:from="roleType145" xlink:to="label145" xlink:title="gen: roleType145 to label145" order="20.0"/>
    <link:loc xlink:type="locator" xlink:href="rol_c-ross_7_2015-12-31.xsd#c-ross_2015-12-31-3162700b" xlink:label="roleType146" xlink:title="roleType146"/>
    <label:label xlink:type="resource" xlink:label="label146" xlink:role="http://www.xbrl.org/2008/role/label" xlink:title="label146" xml:lang="en">MR27-Exchange rate risk of projects-foreign currency-denominated assets (liabilities) unhedged or ineffectively hedged-foreign currency items denominated in other foreign currencies held by look through method-details</label:label>
    <gen:arc xlink:type="arc" xlink:arcrole="http://xbrl.org/arcrole/2008/element-label" xlink:from="roleType146" xlink:to="label146" xlink:title="gen: roleType146 to label146" order="20.0"/>
    <link:loc xlink:type="locator" xlink:href="rol_c-ross_7_2015-12-31.xsd#c-ross_2015-12-31-3162700c" xlink:label="roleType147" xlink:title="roleType147"/>
    <label:label xlink:type="resource" xlink:label="label147" xlink:role="http://www.xbrl.org/2008/role/label" xlink:title="label147" xml:lang="en">MR27-Exchange rate risk of projects-foreign currency-denominated assets (liabilities) unhedged or ineffectively hedged-details-excluded one</label:label>
    <gen:arc xlink:type="arc" xlink:arcrole="http://xbrl.org/arcrole/2008/element-label" xlink:from="roleType147" xlink:to="label147" xlink:title="gen: roleType147 to label147" order="20.0"/>
    <link:loc xlink:type="locator" xlink:href="rol_c-ross_7_2015-12-31.xsd#c-ross_2015-12-31-3162700d" xlink:label="roleType148" xlink:title="roleType148"/>
    <label:label xlink:type="resource" xlink:label="label148" xlink:role="http://www.xbrl.org/2008/role/label" xlink:title="label148" xml:lang="en">MR27-Exchange rate risk of projects-foreign currency-denominated assets (liabilities) unhedged or ineffectively hedged-details-excluded two</label:label>
    <gen:arc xlink:type="arc" xlink:arcrole="http://xbrl.org/arcrole/2008/element-label" xlink:from="roleType148" xlink:to="label148" xlink:title="gen: roleType148 to label148" order="20.0"/>
    <link:loc xlink:type="locator" xlink:href="rol_c-ross_7_2015-12-31.xsd#c-ross_2015-12-31-3162800" xlink:label="roleType149" xlink:title="roleType149"/>
    <label:label xlink:type="resource" xlink:label="label149" xlink:role="http://www.xbrl.org/2008/role/label" xlink:title="label149" xml:lang="en">MR28-Exchange rate risk of projects-foreign currency-denominated assets (liabilities) effectively hedged-details</label:label>
    <gen:arc xlink:type="arc" xlink:arcrole="http://xbrl.org/arcrole/2008/element-label" xlink:from="roleType149" xlink:to="label149" xlink:title="gen: roleType149 to label149" order="20.0"/>
    <link:loc xlink:type="locator" xlink:href="rol_c-ross_7_2015-12-31.xsd#c-ross_2015-12-31-3162800a" xlink:label="roleType150" xlink:title="roleType150"/>
    <label:label xlink:type="resource" xlink:label="label150" xlink:role="http://www.xbrl.org/2008/role/label" xlink:title="label150" xml:lang="en">MR28-Exchange rate risk of projects-foreign currency-denominated assets (liabilities) effectively hedged-foreign currency items denominated in other foreign currencies-details</label:label>
    <gen:arc xlink:type="arc" xlink:arcrole="http://xbrl.org/arcrole/2008/element-label" xlink:from="roleType150" xlink:to="label150" xlink:title="gen: roleType150 to label150" order="20.0"/>
    <link:loc xlink:type="locator" xlink:href="rol_c-ross_7_2015-12-31.xsd#c-ross_2015-12-31-3162800b" xlink:label="roleType151" xlink:title="roleType151"/>
    <label:label xlink:type="resource" xlink:label="label151" xlink:role="http://www.xbrl.org/2008/role/label" xlink:title="label151" xml:lang="en">MR28-Exchange rate risk of projects-foreign currency-denominated assets (liabilities) effectively hedged-details-excluded one</label:label>
    <gen:arc xlink:type="arc" xlink:arcrole="http://xbrl.org/arcrole/2008/element-label" xlink:from="roleType151" xlink:to="label151" xlink:title="gen: roleType151 to label151" order="20.0"/>
    <link:loc xlink:type="locator" xlink:href="rol_c-ross_7_2015-12-31.xsd#c-ross_2015-12-31-3162800c" xlink:label="roleType152" xlink:title="roleType152"/>
    <label:label xlink:type="resource" xlink:label="label152" xlink:role="http://www.xbrl.org/2008/role/label" xlink:title="label152" xml:lang="en">MR28-Exchange rate risk of projects-foreign currency-denominated assets (liabilities) effectively hedged-details-excluded two</label:label>
    <gen:arc xlink:type="arc" xlink:arcrole="http://xbrl.org/arcrole/2008/element-label" xlink:from="roleType152" xlink:to="label152" xlink:title="gen: roleType152 to label152" order="20.0"/>
    <link:loc xlink:type="locator" xlink:href="rol_c-ross_7_2015-12-31.xsd#c-ross_2015-12-31-3162900" xlink:label="roleType153" xlink:title="roleType153"/>
    <label:label xlink:type="resource" xlink:label="label153" xlink:role="http://www.xbrl.org/2008/role/label" xlink:title="label153" xml:lang="en">MR29-Exchange rate risk of projects-foreign exchange forward assets (liabilities) ineffectively hedged-details</label:label>
    <gen:arc xlink:type="arc" xlink:arcrole="http://xbrl.org/arcrole/2008/element-label" xlink:from="roleType153" xlink:to="label153" xlink:title="gen: roleType153 to label153" order="20.0"/>
    <link:loc xlink:type="locator" xlink:href="rol_c-ross_7_2015-12-31.xsd#c-ross_2015-12-31-3162900a" xlink:label="roleType154" xlink:title="roleType154"/>
    <label:label xlink:type="resource" xlink:label="label154" xlink:role="http://www.xbrl.org/2008/role/label" xlink:title="label154" xml:lang="en">MR29-Exchange rate risk of projects-foreign exchange forward assets (liabilities) ineffectively hedged-foreign currency items denominated in other foreign currencies-details</label:label>
    <gen:arc xlink:type="arc" xlink:arcrole="http://xbrl.org/arcrole/2008/element-label" xlink:from="roleType154" xlink:to="label154" xlink:title="gen: roleType154 to label154" order="20.0"/>
    <link:loc xlink:type="locator" xlink:href="rol_c-ross_7_2015-12-31.xsd#c-ross_2015-12-31-3162900b" xlink:label="roleType155" xlink:title="roleType155"/>
    <label:label xlink:type="resource" xlink:label="label155" xlink:role="http://www.xbrl.org/2008/role/label" xlink:title="label155" xml:lang="en">MR29-Exchange rate risk of projects-foreign exchange forward assets (liabilities) ineffectively hedged-details-excluded one</label:label>
    <gen:arc xlink:type="arc" xlink:arcrole="http://xbrl.org/arcrole/2008/element-label" xlink:from="roleType155" xlink:to="label155" xlink:title="gen: roleType155 to label155" order="20.0"/>
    <link:loc xlink:type="locator" xlink:href="rol_c-ross_7_2015-12-31.xsd#c-ross_2015-12-31-3162900c" xlink:label="roleType156" xlink:title="roleType156"/>
    <label:label xlink:type="resource" xlink:label="label156" xlink:role="http://www.xbrl.org/2008/role/label" xlink:title="label156" xml:lang="en">MR29-Exchange rate risk of projects-foreign exchange forward assets (liabilities) ineffectively hedged-details-excluded two</label:label>
    <gen:arc xlink:type="arc" xlink:arcrole="http://xbrl.org/arcrole/2008/element-label" xlink:from="roleType156" xlink:to="label156" xlink:title="gen: roleType156 to label156" order="20.0"/>
  </gen:link>
</link:linkbase>
