<?xml version="1.0" encoding="UTF-8"?>

<!--
	Taxonomy: 2015-12-31 (Final)
	**********************
	Copyright © 2015 China Insurance Regulatory Commission.
	All rights reserved.  No part of this publication may be translated, reprinted or reproduced
	or utilised in any form either in whole or in part without prior permission in writing from China Insurance Regulatory Commission.
	  **********************
	-->
<link:linkbase xmlns:xsi="http://www.w3.org/2001/XMLSchema-instance" xsi:schemaLocation="http://www.xbrl.org/2003/linkbase http://www.xbrl.org/2003/xbrl-linkbase-2003-12-31.xsd" xmlns:c-ross="http://xbrl.circ.gov.cn/taxonomy/2015-12-31/c-ross" xmlns:link="http://www.xbrl.org/2003/linkbase" xmlns:q_s_pc_entry_point="http://xbrl.circ.gov.cn/taxonomy/2015-12-31/c-ross/q_s_pc_entry_point" xmlns:xlink="http://www.w3.org/1999/xlink" xmlns:xbrli="http://www.xbrl.org/2003/instance">
  <link:roleRef roleURI="http://www.xbrl.org/2009/role/netLabel" xlink:type="simple" xlink:href="http://www.xbrl.org/lrr/role/net-2009-12-16.xsd#netLabel"/>
  <link:roleRef roleURI="http://xbrl.circ.gov.cn/role/c-ross_2015-12-31_role-3161700" xlink:type="simple" xlink:href="rol_c-ross_7_2015-12-31.xsd#c-ross_2015-12-31-3161700"/>
  <link:roleRef roleURI="http://xbrl.circ.gov.cn/role/c-ross_2015-12-31_role-3161700a" xlink:type="simple" xlink:href="rol_c-ross_7_2015-12-31.xsd#c-ross_2015-12-31-3161700a"/>
  <link:roleRef roleURI="http://xbrl.circ.gov.cn/role/c-ross_2015-12-31_role-3161700b" xlink:type="simple" xlink:href="rol_c-ross_7_2015-12-31.xsd#c-ross_2015-12-31-3161700b"/>
  <link:presentationLink xlink:type="extended" xlink:role="http://xbrl.circ.gov.cn/role/c-ross_2015-12-31_role-3161700">
    <link:loc xlink:type="locator" xlink:href="../../c-ross_core_2015-12-31.xsd#c-ross_ProductsWhetherOrNotToBeLookedThroughMember" xlink:label="ProductsWhetherOrNotToBeLookedThroughMember" xlink:title="ProductsWhetherOrNotToBeLookedThroughMember"/>
    <link:loc xlink:type="locator" xlink:href="../../c-ross_core_2015-12-31.xsd#c-ross_UnableToBeLookedThroughMember" xlink:label="UnableToBeLookedThroughMember" xlink:title="UnableToBeLookedThroughMember"/>
    <link:presentationArc xlink:type="arc" xlink:arcrole="http://www.xbrl.org/2003/arcrole/parent-child" xlink:from="ProductsWhetherOrNotToBeLookedThroughMember" xlink:to="UnableToBeLookedThroughMember" xlink:title="presentation: ProductsWhetherOrNotToBeLookedThroughMember to UnableToBeLookedThroughMember" use="optional" order="10.0" preferredLabel="http://www.xbrl.org/2003/role/label"/>
    <link:loc xlink:type="locator" xlink:href="../../c-ross_core_2015-12-31.xsd#c-ross_AbleToBeLookedThroughMember" xlink:label="AbleToBeLookedThroughMember" xlink:title="AbleToBeLookedThroughMember"/>
    <link:presentationArc xlink:type="arc" xlink:arcrole="http://www.xbrl.org/2003/arcrole/parent-child" xlink:from="ProductsWhetherOrNotToBeLookedThroughMember" xlink:to="AbleToBeLookedThroughMember" xlink:title="presentation: ProductsWhetherOrNotToBeLookedThroughMember to AbleToBeLookedThroughMember" use="optional" order="20.0" preferredLabel="http://www.xbrl.org/2003/role/label"/>
    <link:loc xlink:type="locator" xlink:href="../../c-ross_core_2015-12-31.xsd#c-ross_EquityPriceRiskUnlistedEquityInvestmentPlansAbstract" xlink:label="EquityPriceRiskUnlistedEquityInvestmentPlansAbstract" xlink:title="EquityPriceRiskUnlistedEquityInvestmentPlansAbstract"/>
    <link:loc xlink:type="locator" xlink:href="../../c-ross_core_2015-12-31.xsd#c-ross_EquityPriceRiskUnlistedEquityInvestmentPlansTable" xlink:label="EquityPriceRiskUnlistedEquityInvestmentPlansTable" xlink:title="EquityPriceRiskUnlistedEquityInvestmentPlansTable"/>
    <link:presentationArc xlink:type="arc" xlink:arcrole="http://www.xbrl.org/2003/arcrole/parent-child" xlink:from="EquityPriceRiskUnlistedEquityInvestmentPlansAbstract" xlink:to="EquityPriceRiskUnlistedEquityInvestmentPlansTable" xlink:title="presentation: EquityPriceRiskUnlistedEquityInvestmentPlansAbstract to EquityPriceRiskUnlistedEquityInvestmentPlansTable" use="optional" order="10.0" preferredLabel="http://www.xbrl.org/2003/role/label"/>
    <link:loc xlink:type="locator" xlink:href="../../c-ross_core_2015-12-31.xsd#c-ross_EquityPriceRiskUnlistedEquityInvestmentPlansProductsWhetherOrNotToBeLookedThroughAxis" xlink:label="EquityPriceRiskUnlistedEquityInvestmentPlansProductsWhetherOrNotToBeLookedThroughAxis" xlink:title="EquityPriceRiskUnlistedEquityInvestmentPlansProductsWhetherOrNotToBeLookedThroughAxis"/>
    <link:presentationArc xlink:type="arc" xlink:arcrole="http://www.xbrl.org/2003/arcrole/parent-child" xlink:from="EquityPriceRiskUnlistedEquityInvestmentPlansTable" xlink:to="EquityPriceRiskUnlistedEquityInvestmentPlansProductsWhetherOrNotToBeLookedThroughAxis" xlink:title="presentation: EquityPriceRiskUnlistedEquityInvestmentPlansTable to EquityPriceRiskUnlistedEquityInvestmentPlansProductsWhetherOrNotToBeLookedThroughAxis" use="optional" order="10.0" preferredLabel="http://www.xbrl.org/2003/role/label"/>
    <link:presentationArc xlink:type="arc" xlink:arcrole="http://www.xbrl.org/2003/arcrole/parent-child" xlink:from="EquityPriceRiskUnlistedEquityInvestmentPlansProductsWhetherOrNotToBeLookedThroughAxis" xlink:to="ProductsWhetherOrNotToBeLookedThroughMember" xlink:title="presentation: EquityPriceRiskUnlistedEquityInvestmentPlansProductsWhetherOrNotToBeLookedThroughAxis to ProductsWhetherOrNotToBeLookedThroughMember" use="optional" order="10.0" preferredLabel="http://www.xbrl.org/2003/role/label"/>
    <link:loc xlink:type="locator" xlink:href="../../c-ross_core_2015-12-31.xsd#c-ross_EquityPriceRiskUnlistedEquityInvestmentPlansLineItems" xlink:label="EquityPriceRiskUnlistedEquityInvestmentPlansLineItems" xlink:title="EquityPriceRiskUnlistedEquityInvestmentPlansLineItems"/>
    <link:presentationArc xlink:type="arc" xlink:arcrole="http://www.xbrl.org/2003/arcrole/parent-child" xlink:from="EquityPriceRiskUnlistedEquityInvestmentPlansAbstract" xlink:to="EquityPriceRiskUnlistedEquityInvestmentPlansLineItems" xlink:title="presentation: EquityPriceRiskUnlistedEquityInvestmentPlansAbstract to EquityPriceRiskUnlistedEquityInvestmentPlansLineItems" use="optional" order="20.0" preferredLabel="http://www.xbrl.org/2003/role/label"/>
    <link:loc xlink:type="locator" xlink:href="../../c-ross_core_2015-12-31.xsd#c-ross_EquityPriceRiskUnlistedEquityInvestmentPlansProductName" xlink:label="EquityPriceRiskUnlistedEquityInvestmentPlansProductName" xlink:title="EquityPriceRiskUnlistedEquityInvestmentPlansProductName"/>
    <link:presentationArc xlink:type="arc" xlink:arcrole="http://www.xbrl.org/2003/arcrole/parent-child" xlink:from="EquityPriceRiskUnlistedEquityInvestmentPlansLineItems" xlink:to="EquityPriceRiskUnlistedEquityInvestmentPlansProductName" xlink:title="presentation: EquityPriceRiskUnlistedEquityInvestmentPlansLineItems to EquityPriceRiskUnlistedEquityInvestmentPlansProductName" use="optional" order="10.0" preferredLabel="http://www.xbrl.org/2003/role/terseLabel"/>
    <link:loc xlink:type="locator" xlink:href="../../c-ross_core_2015-12-31.xsd#c-ross_EquityPriceRiskUnlistedEquityInvestmentPlansProductCode" xlink:label="EquityPriceRiskUnlistedEquityInvestmentPlansAssetCode" xlink:title="EquityPriceRiskUnlistedEquityInvestmentPlansAssetCode"/>
    <link:presentationArc xlink:type="arc" xlink:arcrole="http://www.xbrl.org/2003/arcrole/parent-child" xlink:from="EquityPriceRiskUnlistedEquityInvestmentPlansLineItems" xlink:to="EquityPriceRiskUnlistedEquityInvestmentPlansAssetCode" xlink:title="presentation: EquityPriceRiskUnlistedEquityInvestmentPlansLineItems to EquityPriceRiskUnlistedEquityInvestmentPlansAssetCode" use="optional" order="20.0" preferredLabel="http://www.xbrl.org/2003/role/terseLabel"/>
    <link:loc xlink:type="locator" xlink:href="../../c-ross_core_2015-12-31.xsd#c-ross_EquityPriceRiskUnlistedEquityInvestmentPlansPurchaseCost" xlink:label="EquityPriceRiskUnlistedEquityInvestmentPlansPurchaseCost" xlink:title="EquityPriceRiskUnlistedEquityInvestmentPlansPurchaseCost"/>
    <link:presentationArc xlink:type="arc" xlink:arcrole="http://www.xbrl.org/2003/arcrole/parent-child" xlink:from="EquityPriceRiskUnlistedEquityInvestmentPlansLineItems" xlink:to="EquityPriceRiskUnlistedEquityInvestmentPlansPurchaseCost" xlink:title="presentation: EquityPriceRiskUnlistedEquityInvestmentPlansLineItems to EquityPriceRiskUnlistedEquityInvestmentPlansPurchaseCost" use="optional" order="30.0" preferredLabel="http://www.xbrl.org/2003/role/terseLabel"/>
    <link:loc xlink:type="locator" xlink:href="../../c-ross_core_2015-12-31.xsd#c-ross_EquityPriceRiskUnlistedEquityInvestmentPlansAdmittedValue" xlink:label="EquityPriceRiskUnlistedEquityInvestmentPlansAdmittedValue" xlink:title="EquityPriceRiskUnlistedEquityInvestmentPlansAdmittedValue"/>
    <link:presentationArc xlink:type="arc" xlink:arcrole="http://www.xbrl.org/2003/arcrole/parent-child" xlink:from="EquityPriceRiskUnlistedEquityInvestmentPlansLineItems" xlink:to="EquityPriceRiskUnlistedEquityInvestmentPlansAdmittedValue" xlink:title="presentation: EquityPriceRiskUnlistedEquityInvestmentPlansLineItems to EquityPriceRiskUnlistedEquityInvestmentPlansAdmittedValue" use="optional" order="40.0" preferredLabel="http://www.xbrl.org/2003/role/terseLabel"/>
    <link:loc xlink:type="locator" xlink:href="../../c-ross_core_2015-12-31.xsd#c-ross_EquityPriceRiskUnlistedEquityInvestmentPlansRiskExposure" xlink:label="EquityPriceRiskUnlistedEquityInvestmentPlansRiskExposure" xlink:title="EquityPriceRiskUnlistedEquityInvestmentPlansRiskExposure"/>
    <link:presentationArc xlink:type="arc" xlink:arcrole="http://www.xbrl.org/2003/arcrole/parent-child" xlink:from="EquityPriceRiskUnlistedEquityInvestmentPlansLineItems" xlink:to="EquityPriceRiskUnlistedEquityInvestmentPlansRiskExposure" xlink:title="presentation: EquityPriceRiskUnlistedEquityInvestmentPlansLineItems to EquityPriceRiskUnlistedEquityInvestmentPlansRiskExposure" use="optional" order="50.0" preferredLabel="http://www.xbrl.org/2003/role/terseLabel"/>
    <link:loc xlink:type="locator" xlink:href="../../c-ross_core_2015-12-31.xsd#c-ross_EquityPriceRiskUnlistedEquityInvestmentPlansBaseRiskFactor" xlink:label="EquityPriceRiskUnlistedEquityInvestmentPlansBaseRiskFactor" xlink:title="EquityPriceRiskUnlistedEquityInvestmentPlansBaseRiskFactor"/>
    <link:presentationArc xlink:type="arc" xlink:arcrole="http://www.xbrl.org/2003/arcrole/parent-child" xlink:from="EquityPriceRiskUnlistedEquityInvestmentPlansLineItems" xlink:to="EquityPriceRiskUnlistedEquityInvestmentPlansBaseRiskFactor" xlink:title="presentation: EquityPriceRiskUnlistedEquityInvestmentPlansLineItems to EquityPriceRiskUnlistedEquityInvestmentPlansBaseRiskFactor" use="optional" order="60.0" preferredLabel="http://www.xbrl.org/2003/role/terseLabel"/>
    <link:loc xlink:type="locator" xlink:href="../../c-ross_core_2015-12-31.xsd#c-ross_EquityPriceRiskUnlistedEquityInvestmentPlansMinimumCapital" xlink:label="EquityPriceRiskUnlistedEquityInvestmentPlansMinimumCapital" xlink:title="EquityPriceRiskUnlistedEquityInvestmentPlansMinimumCapital"/>
    <link:presentationArc xlink:type="arc" xlink:arcrole="http://www.xbrl.org/2003/arcrole/parent-child" xlink:from="EquityPriceRiskUnlistedEquityInvestmentPlansLineItems" xlink:to="EquityPriceRiskUnlistedEquityInvestmentPlansMinimumCapital" xlink:title="presentation: EquityPriceRiskUnlistedEquityInvestmentPlansLineItems to EquityPriceRiskUnlistedEquityInvestmentPlansMinimumCapital" use="optional" order="70.0" preferredLabel="http://www.xbrl.org/2003/role/terseLabel"/>
  </link:presentationLink>
  <link:presentationLink xlink:type="extended" xlink:role="http://xbrl.circ.gov.cn/role/c-ross_2015-12-31_role-3161700a">
    <link:loc xlink:type="locator" xlink:href="../../c-ross_core_2015-12-31.xsd#c-ross_ProductsWhetherOrNotToBeLookedThroughMember" xlink:label="ProductsWhetherOrNotToBeLookedThroughMember" xlink:title="ProductsWhetherOrNotToBeLookedThroughMember"/>
    <link:loc xlink:type="locator" xlink:href="../../c-ross_core_2015-12-31.xsd#c-ross_UnableToBeLookedThroughMember" xlink:label="UnableToBeLookedThroughMember" xlink:title="UnableToBeLookedThroughMember"/>
    <link:presentationArc xlink:type="arc" xlink:arcrole="http://www.xbrl.org/2003/arcrole/parent-child" xlink:from="ProductsWhetherOrNotToBeLookedThroughMember" xlink:to="UnableToBeLookedThroughMember" xlink:title="presentation: ProductsWhetherOrNotToBeLookedThroughMember to UnableToBeLookedThroughMember" use="optional" order="10.0" preferredLabel="http://www.xbrl.org/2003/role/label"/>
    <link:loc xlink:type="locator" xlink:href="../../c-ross_core_2015-12-31.xsd#c-ross_EquityPriceRiskUnlistedEquityInvestmentPlansTable" xlink:label="EquityPriceRiskUnlistedEquityInvestmentPlansTable" xlink:title="EquityPriceRiskUnlistedEquityInvestmentPlansTable"/>
    <link:loc xlink:type="locator" xlink:href="../../c-ross_core_2015-12-31.xsd#c-ross_EquityPriceRiskUnlistedEquityInvestmentPlansProductsWhetherOrNotToBeLookedThroughAxis" xlink:label="EquityPriceRiskUnlistedEquityInvestmentPlansProductsWhetherOrNotToBeLookedThroughAxis" xlink:title="EquityPriceRiskUnlistedEquityInvestmentPlansProductsWhetherOrNotToBeLookedThroughAxis"/>
    <link:presentationArc xlink:type="arc" xlink:arcrole="http://www.xbrl.org/2003/arcrole/parent-child" xlink:from="EquityPriceRiskUnlistedEquityInvestmentPlansTable" xlink:to="EquityPriceRiskUnlistedEquityInvestmentPlansProductsWhetherOrNotToBeLookedThroughAxis" xlink:title="presentation: EquityPriceRiskUnlistedEquityInvestmentPlansTable to EquityPriceRiskUnlistedEquityInvestmentPlansProductsWhetherOrNotToBeLookedThroughAxis" use="optional" order="10.0" preferredLabel="http://www.xbrl.org/2003/role/label"/>
    <link:presentationArc xlink:type="arc" xlink:arcrole="http://www.xbrl.org/2003/arcrole/parent-child" xlink:from="EquityPriceRiskUnlistedEquityInvestmentPlansProductsWhetherOrNotToBeLookedThroughAxis" xlink:to="ProductsWhetherOrNotToBeLookedThroughMember" xlink:title="presentation: EquityPriceRiskUnlistedEquityInvestmentPlansProductsWhetherOrNotToBeLookedThroughAxis to ProductsWhetherOrNotToBeLookedThroughMember" use="optional" order="10.0" preferredLabel="http://www.xbrl.org/2003/role/label"/>
    <link:loc xlink:type="locator" xlink:href="../../c-ross_core_2015-12-31.xsd#c-ross_EquityPriceRiskUnlistedEquityInvestmentPlansCannotBeLookedThroughLineNumberAxis" xlink:label="EquityPriceRiskUnlistedEquityInvestmentPlansCannotBeLookedThroughLineNumberAxis" xlink:title="EquityPriceRiskUnlistedEquityInvestmentPlansCannotBeLookedThroughLineNumberAxis"/>
    <link:presentationArc xlink:type="arc" xlink:arcrole="http://www.xbrl.org/2003/arcrole/parent-child" xlink:from="EquityPriceRiskUnlistedEquityInvestmentPlansTable" xlink:to="EquityPriceRiskUnlistedEquityInvestmentPlansCannotBeLookedThroughLineNumberAxis" xlink:title="presentation: EquityPriceRiskUnlistedEquityInvestmentPlansTable to EquityPriceRiskUnlistedEquityInvestmentPlansCannotBeLookedThroughLineNumberAxis" use="optional" order="20.0" preferredLabel="http://www.xbrl.org/2003/role/terseLabel"/>
    <link:loc xlink:type="locator" xlink:href="../../c-ross_core_2015-12-31.xsd#c-ross_EquityPriceRiskUnlistedEquityInvestmentPlansLineItems" xlink:label="EquityPriceRiskUnlistedEquityInvestmentPlansLineItems" xlink:title="EquityPriceRiskUnlistedEquityInvestmentPlansLineItems"/>
    <link:loc xlink:type="locator" xlink:href="../../c-ross_core_2015-12-31.xsd#c-ross_EquityPriceRiskUnlistedEquityInvestmentPlansProductName" xlink:label="EquityPriceRiskUnlistedEquityInvestmentPlansProductName" xlink:title="EquityPriceRiskUnlistedEquityInvestmentPlansProductName"/>
    <link:presentationArc xlink:type="arc" xlink:arcrole="http://www.xbrl.org/2003/arcrole/parent-child" xlink:from="EquityPriceRiskUnlistedEquityInvestmentPlansLineItems" xlink:to="EquityPriceRiskUnlistedEquityInvestmentPlansProductName" xlink:title="presentation: EquityPriceRiskUnlistedEquityInvestmentPlansLineItems to EquityPriceRiskUnlistedEquityInvestmentPlansProductName" use="optional" order="10.0" preferredLabel="http://www.xbrl.org/2003/role/terseLabel"/>
    <link:loc xlink:type="locator" xlink:href="../../c-ross_core_2015-12-31.xsd#c-ross_EquityPriceRiskUnlistedEquityInvestmentPlansProductCode" xlink:label="EquityPriceRiskUnlistedEquityInvestmentPlansAssetCode" xlink:title="EquityPriceRiskUnlistedEquityInvestmentPlansAssetCode"/>
    <link:presentationArc xlink:type="arc" xlink:arcrole="http://www.xbrl.org/2003/arcrole/parent-child" xlink:from="EquityPriceRiskUnlistedEquityInvestmentPlansLineItems" xlink:to="EquityPriceRiskUnlistedEquityInvestmentPlansAssetCode" xlink:title="presentation: EquityPriceRiskUnlistedEquityInvestmentPlansLineItems to EquityPriceRiskUnlistedEquityInvestmentPlansAssetCode" use="optional" order="20.0" preferredLabel="http://www.xbrl.org/2003/role/terseLabel"/>
    <link:loc xlink:type="locator" xlink:href="../../c-ross_core_2015-12-31.xsd#c-ross_EquityPriceRiskUnlistedEquityInvestmentPlansPurchaseCost" xlink:label="EquityPriceRiskUnlistedEquityInvestmentPlansPurchaseCost" xlink:title="EquityPriceRiskUnlistedEquityInvestmentPlansPurchaseCost"/>
    <link:presentationArc xlink:type="arc" xlink:arcrole="http://www.xbrl.org/2003/arcrole/parent-child" xlink:from="EquityPriceRiskUnlistedEquityInvestmentPlansLineItems" xlink:to="EquityPriceRiskUnlistedEquityInvestmentPlansPurchaseCost" xlink:title="presentation: EquityPriceRiskUnlistedEquityInvestmentPlansLineItems to EquityPriceRiskUnlistedEquityInvestmentPlansPurchaseCost" use="optional" order="30.0" preferredLabel="http://www.xbrl.org/2003/role/terseLabel"/>
    <link:loc xlink:type="locator" xlink:href="../../c-ross_core_2015-12-31.xsd#c-ross_EquityPriceRiskUnlistedEquityInvestmentPlansAdmittedValue" xlink:label="EquityPriceRiskUnlistedEquityInvestmentPlansAdmittedValue" xlink:title="EquityPriceRiskUnlistedEquityInvestmentPlansAdmittedValue"/>
    <link:presentationArc xlink:type="arc" xlink:arcrole="http://www.xbrl.org/2003/arcrole/parent-child" xlink:from="EquityPriceRiskUnlistedEquityInvestmentPlansLineItems" xlink:to="EquityPriceRiskUnlistedEquityInvestmentPlansAdmittedValue" xlink:title="presentation: EquityPriceRiskUnlistedEquityInvestmentPlansLineItems to EquityPriceRiskUnlistedEquityInvestmentPlansAdmittedValue" use="optional" order="40.0" preferredLabel="http://www.xbrl.org/2003/role/terseLabel"/>
    <link:loc xlink:type="locator" xlink:href="../../c-ross_core_2015-12-31.xsd#c-ross_EquityPriceRiskUnlistedEquityInvestmentPlansRiskExposure" xlink:label="EquityPriceRiskUnlistedEquityInvestmentPlansRiskExposure" xlink:title="EquityPriceRiskUnlistedEquityInvestmentPlansRiskExposure"/>
    <link:presentationArc xlink:type="arc" xlink:arcrole="http://www.xbrl.org/2003/arcrole/parent-child" xlink:from="EquityPriceRiskUnlistedEquityInvestmentPlansLineItems" xlink:to="EquityPriceRiskUnlistedEquityInvestmentPlansRiskExposure" xlink:title="presentation: EquityPriceRiskUnlistedEquityInvestmentPlansLineItems to EquityPriceRiskUnlistedEquityInvestmentPlansRiskExposure" use="optional" order="50.0" preferredLabel="http://www.xbrl.org/2003/role/terseLabel"/>
    <link:loc xlink:type="locator" xlink:href="../../c-ross_core_2015-12-31.xsd#c-ross_EquityPriceRiskUnlistedEquityInvestmentPlansBaseRiskFactor" xlink:label="EquityPriceRiskUnlistedEquityInvestmentPlansBaseRiskFactor" xlink:title="EquityPriceRiskUnlistedEquityInvestmentPlansBaseRiskFactor"/>
    <link:presentationArc xlink:type="arc" xlink:arcrole="http://www.xbrl.org/2003/arcrole/parent-child" xlink:from="EquityPriceRiskUnlistedEquityInvestmentPlansLineItems" xlink:to="EquityPriceRiskUnlistedEquityInvestmentPlansBaseRiskFactor" xlink:title="presentation: EquityPriceRiskUnlistedEquityInvestmentPlansLineItems to EquityPriceRiskUnlistedEquityInvestmentPlansBaseRiskFactor" use="optional" order="60.0" preferredLabel="http://www.xbrl.org/2003/role/terseLabel"/>
    <link:loc xlink:type="locator" xlink:href="../../c-ross_core_2015-12-31.xsd#c-ross_EquityPriceRiskUnlistedEquityInvestmentPlansMinimumCapital" xlink:label="EquityPriceRiskUnlistedEquityInvestmentPlansMinimumCapital" xlink:title="EquityPriceRiskUnlistedEquityInvestmentPlansMinimumCapital"/>
    <link:presentationArc xlink:type="arc" xlink:arcrole="http://www.xbrl.org/2003/arcrole/parent-child" xlink:from="EquityPriceRiskUnlistedEquityInvestmentPlansLineItems" xlink:to="EquityPriceRiskUnlistedEquityInvestmentPlansMinimumCapital" xlink:title="presentation: EquityPriceRiskUnlistedEquityInvestmentPlansLineItems to EquityPriceRiskUnlistedEquityInvestmentPlansMinimumCapital" use="optional" order="70.0" preferredLabel="http://www.xbrl.org/2003/role/terseLabel"/>
    <link:loc xlink:type="locator" xlink:href="../../c-ross_core_2015-12-31.xsd#c-ross_EquityPriceRiskUnlistedEquityInvestmentPlansCannotBeLookedThroughAbstract" xlink:label="EquityPriceRiskUnlistedEquityInvestmentPlansCannotBeLookedThroughAbstract" xlink:title="EquityPriceRiskUnlistedEquityInvestmentPlansCannotBeLookedThroughAbstract"/>
    <link:presentationArc xlink:type="arc" xlink:arcrole="http://www.xbrl.org/2003/arcrole/parent-child" xlink:from="EquityPriceRiskUnlistedEquityInvestmentPlansCannotBeLookedThroughAbstract" xlink:to="EquityPriceRiskUnlistedEquityInvestmentPlansTable" xlink:title="presentation: EquityPriceRiskUnlistedEquityInvestmentPlansCannotBeLookedThroughAbstract to EquityPriceRiskUnlistedEquityInvestmentPlansTable" use="optional" order="10.0" preferredLabel="http://www.xbrl.org/2003/role/label"/>
    <link:presentationArc xlink:type="arc" xlink:arcrole="http://www.xbrl.org/2003/arcrole/parent-child" xlink:from="EquityPriceRiskUnlistedEquityInvestmentPlansCannotBeLookedThroughAbstract" xlink:to="EquityPriceRiskUnlistedEquityInvestmentPlansLineItems" xlink:title="presentation: EquityPriceRiskUnlistedEquityInvestmentPlansCannotBeLookedThroughAbstract to EquityPriceRiskUnlistedEquityInvestmentPlansLineItems" use="optional" order="20.0" preferredLabel="http://www.xbrl.org/2003/role/label"/>
  </link:presentationLink>
  <link:presentationLink xlink:type="extended" xlink:role="http://xbrl.circ.gov.cn/role/c-ross_2015-12-31_role-3161700b">
    <link:loc xlink:type="locator" xlink:href="../../c-ross_core_2015-12-31.xsd#c-ross_ProductsWhetherOrNotToBeLookedThroughMember" xlink:label="ProductsWhetherOrNotToBeLookedThroughMember" xlink:title="ProductsWhetherOrNotToBeLookedThroughMember"/>
    <link:loc xlink:type="locator" xlink:href="../../c-ross_core_2015-12-31.xsd#c-ross_AbleToBeLookedThroughMember" xlink:label="AbleToBeLookedThroughMember" xlink:title="AbleToBeLookedThroughMember"/>
    <link:presentationArc xlink:type="arc" xlink:arcrole="http://www.xbrl.org/2003/arcrole/parent-child" xlink:from="ProductsWhetherOrNotToBeLookedThroughMember" xlink:to="AbleToBeLookedThroughMember" xlink:title="presentation: ProductsWhetherOrNotToBeLookedThroughMember to AbleToBeLookedThroughMember" use="optional" order="10.0" preferredLabel="http://www.xbrl.org/2003/role/label"/>
    <link:loc xlink:type="locator" xlink:href="../../c-ross_core_2015-12-31.xsd#c-ross_EquityPriceRiskUnlistedEquityInvestmentPlansTable" xlink:label="EquityPriceRiskUnlistedEquityInvestmentPlansTable" xlink:title="EquityPriceRiskUnlistedEquityInvestmentPlansTable"/>
    <link:loc xlink:type="locator" xlink:href="../../c-ross_core_2015-12-31.xsd#c-ross_EquityPriceRiskUnlistedEquityInvestmentPlansProductsWhetherOrNotToBeLookedThroughAxis" xlink:label="EquityPriceRiskUnlistedEquityInvestmentPlansProductsWhetherOrNotToBeLookedThroughAxis" xlink:title="EquityPriceRiskUnlistedEquityInvestmentPlansProductsWhetherOrNotToBeLookedThroughAxis"/>
    <link:presentationArc xlink:type="arc" xlink:arcrole="http://www.xbrl.org/2003/arcrole/parent-child" xlink:from="EquityPriceRiskUnlistedEquityInvestmentPlansTable" xlink:to="EquityPriceRiskUnlistedEquityInvestmentPlansProductsWhetherOrNotToBeLookedThroughAxis" xlink:title="presentation: EquityPriceRiskUnlistedEquityInvestmentPlansTable to EquityPriceRiskUnlistedEquityInvestmentPlansProductsWhetherOrNotToBeLookedThroughAxis" use="optional" order="10.0" preferredLabel="http://www.xbrl.org/2003/role/label"/>
    <link:presentationArc xlink:type="arc" xlink:arcrole="http://www.xbrl.org/2003/arcrole/parent-child" xlink:from="EquityPriceRiskUnlistedEquityInvestmentPlansProductsWhetherOrNotToBeLookedThroughAxis" xlink:to="ProductsWhetherOrNotToBeLookedThroughMember" xlink:title="presentation: EquityPriceRiskUnlistedEquityInvestmentPlansProductsWhetherOrNotToBeLookedThroughAxis to ProductsWhetherOrNotToBeLookedThroughMember" use="optional" order="10.0" preferredLabel="http://www.xbrl.org/2003/role/label"/>
    <link:loc xlink:type="locator" xlink:href="../../c-ross_core_2015-12-31.xsd#c-ross_EquityPriceRiskUnlistedEquityInvestmentPlansCanBeLookedThroughLineNumberAxis" xlink:label="EquityPriceRiskUnlistedEquityInvestmentPlansCanBeLookedThroughLineNumberAxis" xlink:title="EquityPriceRiskUnlistedEquityInvestmentPlansCanBeLookedThroughLineNumberAxis"/>
    <link:presentationArc xlink:type="arc" xlink:arcrole="http://www.xbrl.org/2003/arcrole/parent-child" xlink:from="EquityPriceRiskUnlistedEquityInvestmentPlansTable" xlink:to="EquityPriceRiskUnlistedEquityInvestmentPlansCanBeLookedThroughLineNumberAxis" xlink:title="presentation: EquityPriceRiskUnlistedEquityInvestmentPlansTable to EquityPriceRiskUnlistedEquityInvestmentPlansCanBeLookedThroughLineNumberAxis" use="optional" order="20.0" preferredLabel="http://www.xbrl.org/2003/role/terseLabel"/>
    <link:loc xlink:type="locator" xlink:href="../../c-ross_core_2015-12-31.xsd#c-ross_EquityPriceRiskUnlistedEquityInvestmentPlansLineItems" xlink:label="EquityPriceRiskUnlistedEquityInvestmentPlansLineItems" xlink:title="EquityPriceRiskUnlistedEquityInvestmentPlansLineItems"/>
    <link:loc xlink:type="locator" xlink:href="../../c-ross_core_2015-12-31.xsd#c-ross_EquityPriceRiskUnlistedEquityInvestmentPlansProductName" xlink:label="EquityPriceRiskUnlistedEquityInvestmentPlansProductName" xlink:title="EquityPriceRiskUnlistedEquityInvestmentPlansProductName"/>
    <link:presentationArc xlink:type="arc" xlink:arcrole="http://www.xbrl.org/2003/arcrole/parent-child" xlink:from="EquityPriceRiskUnlistedEquityInvestmentPlansLineItems" xlink:to="EquityPriceRiskUnlistedEquityInvestmentPlansProductName" xlink:title="presentation: EquityPriceRiskUnlistedEquityInvestmentPlansLineItems to EquityPriceRiskUnlistedEquityInvestmentPlansProductName" use="optional" order="10.0" preferredLabel="http://www.xbrl.org/2003/role/terseLabel"/>
    <link:loc xlink:type="locator" xlink:href="../../c-ross_core_2015-12-31.xsd#c-ross_EquityPriceRiskUnlistedEquityInvestmentPlansProductCode" xlink:label="EquityPriceRiskUnlistedEquityInvestmentPlansAssetCode" xlink:title="EquityPriceRiskUnlistedEquityInvestmentPlansAssetCode"/>
    <link:presentationArc xlink:type="arc" xlink:arcrole="http://www.xbrl.org/2003/arcrole/parent-child" xlink:from="EquityPriceRiskUnlistedEquityInvestmentPlansLineItems" xlink:to="EquityPriceRiskUnlistedEquityInvestmentPlansAssetCode" xlink:title="presentation: EquityPriceRiskUnlistedEquityInvestmentPlansLineItems to EquityPriceRiskUnlistedEquityInvestmentPlansAssetCode" use="optional" order="20.0" preferredLabel="http://www.xbrl.org/2003/role/terseLabel"/>
    <link:loc xlink:type="locator" xlink:href="../../c-ross_core_2015-12-31.xsd#c-ross_EquityPriceRiskUnlistedEquityInvestmentPlansPurchaseCost" xlink:label="EquityPriceRiskUnlistedEquityInvestmentPlansPurchaseCost" xlink:title="EquityPriceRiskUnlistedEquityInvestmentPlansPurchaseCost"/>
    <link:presentationArc xlink:type="arc" xlink:arcrole="http://www.xbrl.org/2003/arcrole/parent-child" xlink:from="EquityPriceRiskUnlistedEquityInvestmentPlansLineItems" xlink:to="EquityPriceRiskUnlistedEquityInvestmentPlansPurchaseCost" xlink:title="presentation: EquityPriceRiskUnlistedEquityInvestmentPlansLineItems to EquityPriceRiskUnlistedEquityInvestmentPlansPurchaseCost" use="optional" order="30.0" preferredLabel="http://www.xbrl.org/2003/role/terseLabel"/>
    <link:loc xlink:type="locator" xlink:href="../../c-ross_core_2015-12-31.xsd#c-ross_EquityPriceRiskUnlistedEquityInvestmentPlansAdmittedValue" xlink:label="EquityPriceRiskUnlistedEquityInvestmentPlansAdmittedValue" xlink:title="EquityPriceRiskUnlistedEquityInvestmentPlansAdmittedValue"/>
    <link:presentationArc xlink:type="arc" xlink:arcrole="http://www.xbrl.org/2003/arcrole/parent-child" xlink:from="EquityPriceRiskUnlistedEquityInvestmentPlansLineItems" xlink:to="EquityPriceRiskUnlistedEquityInvestmentPlansAdmittedValue" xlink:title="presentation: EquityPriceRiskUnlistedEquityInvestmentPlansLineItems to EquityPriceRiskUnlistedEquityInvestmentPlansAdmittedValue" use="optional" order="40.0" preferredLabel="http://www.xbrl.org/2003/role/terseLabel"/>
    <link:loc xlink:type="locator" xlink:href="../../c-ross_core_2015-12-31.xsd#c-ross_EquityPriceRiskUnlistedEquityInvestmentPlansRiskExposure" xlink:label="EquityPriceRiskUnlistedEquityInvestmentPlansRiskExposure" xlink:title="EquityPriceRiskUnlistedEquityInvestmentPlansRiskExposure"/>
    <link:presentationArc xlink:type="arc" xlink:arcrole="http://www.xbrl.org/2003/arcrole/parent-child" xlink:from="EquityPriceRiskUnlistedEquityInvestmentPlansLineItems" xlink:to="EquityPriceRiskUnlistedEquityInvestmentPlansRiskExposure" xlink:title="presentation: EquityPriceRiskUnlistedEquityInvestmentPlansLineItems to EquityPriceRiskUnlistedEquityInvestmentPlansRiskExposure" use="optional" order="50.0" preferredLabel="http://www.xbrl.org/2003/role/terseLabel"/>
    <link:loc xlink:type="locator" xlink:href="../../c-ross_core_2015-12-31.xsd#c-ross_EquityPriceRiskUnlistedEquityInvestmentPlansBaseRiskFactor" xlink:label="EquityPriceRiskUnlistedEquityInvestmentPlansBaseRiskFactor" xlink:title="EquityPriceRiskUnlistedEquityInvestmentPlansBaseRiskFactor"/>
    <link:presentationArc xlink:type="arc" xlink:arcrole="http://www.xbrl.org/2003/arcrole/parent-child" xlink:from="EquityPriceRiskUnlistedEquityInvestmentPlansLineItems" xlink:to="EquityPriceRiskUnlistedEquityInvestmentPlansBaseRiskFactor" xlink:title="presentation: EquityPriceRiskUnlistedEquityInvestmentPlansLineItems to EquityPriceRiskUnlistedEquityInvestmentPlansBaseRiskFactor" use="optional" order="60.0" preferredLabel="http://www.xbrl.org/2003/role/terseLabel"/>
    <link:loc xlink:type="locator" xlink:href="../../c-ross_core_2015-12-31.xsd#c-ross_EquityPriceRiskUnlistedEquityInvestmentPlansMinimumCapital" xlink:label="EquityPriceRiskUnlistedEquityInvestmentPlansMinimumCapital" xlink:title="EquityPriceRiskUnlistedEquityInvestmentPlansMinimumCapital"/>
    <link:presentationArc xlink:type="arc" xlink:arcrole="http://www.xbrl.org/2003/arcrole/parent-child" xlink:from="EquityPriceRiskUnlistedEquityInvestmentPlansLineItems" xlink:to="EquityPriceRiskUnlistedEquityInvestmentPlansMinimumCapital" xlink:title="presentation: EquityPriceRiskUnlistedEquityInvestmentPlansLineItems to EquityPriceRiskUnlistedEquityInvestmentPlansMinimumCapital" use="optional" order="70.0" preferredLabel="http://www.xbrl.org/2003/role/terseLabel"/>
    <link:loc xlink:type="locator" xlink:href="../../c-ross_core_2015-12-31.xsd#c-ross_EquityPriceRiskUnlistedEquityInvestmentPlansCanBeLookedThroughAbstract" xlink:label="EquityPriceRiskUnlistedEquityInvestmentPlansCanBeLookedThroughAbstract" xlink:title="EquityPriceRiskUnlistedEquityInvestmentPlansCanBeLookedThroughAbstract"/>
    <link:presentationArc xlink:type="arc" xlink:arcrole="http://www.xbrl.org/2003/arcrole/parent-child" xlink:from="EquityPriceRiskUnlistedEquityInvestmentPlansCanBeLookedThroughAbstract" xlink:to="EquityPriceRiskUnlistedEquityInvestmentPlansTable" xlink:title="presentation: EquityPriceRiskUnlistedEquityInvestmentPlansCanBeLookedThroughAbstract to EquityPriceRiskUnlistedEquityInvestmentPlansTable" use="optional" order="10.0" preferredLabel="http://www.xbrl.org/2003/role/label"/>
    <link:presentationArc xlink:type="arc" xlink:arcrole="http://www.xbrl.org/2003/arcrole/parent-child" xlink:from="EquityPriceRiskUnlistedEquityInvestmentPlansCanBeLookedThroughAbstract" xlink:to="EquityPriceRiskUnlistedEquityInvestmentPlansLineItems" xlink:title="presentation: EquityPriceRiskUnlistedEquityInvestmentPlansCanBeLookedThroughAbstract to EquityPriceRiskUnlistedEquityInvestmentPlansLineItems" use="optional" order="20.0" preferredLabel="http://www.xbrl.org/2003/role/label"/>
  </link:presentationLink>
</link:linkbase>
