<?xml version="1.0" encoding="UTF-8"?>

<!--
	Taxonomy: 2015-12-31 (Final)
	**********************
	Copyright © 2015 China Insurance Regulatory Commission.
	All rights reserved.  No part of this publication may be translated, reprinted or reproduced
	or utilised in any form either in whole or in part without prior permission in writing from China Insurance Regulatory Commission.
	  **********************
	-->
<link:linkbase xmlns:xsi="http://www.w3.org/2001/XMLSchema-instance" xsi:schemaLocation="http://www.xbrl.org/2003/linkbase http://www.xbrl.org/2003/xbrl-linkbase-2003-12-31.xsd" xmlns:c-ross="http://xbrl.circ.gov.cn/taxonomy/2015-12-31/c-ross" xmlns:link="http://www.xbrl.org/2003/linkbase" xmlns:q_s_pc_entry_point="http://xbrl.circ.gov.cn/taxonomy/2015-12-31/c-ross/q_s_pc_entry_point" xmlns:xlink="http://www.w3.org/1999/xlink" xmlns:xbrli="http://www.xbrl.org/2003/instance">
  <link:roleRef roleURI="http://www.xbrl.org/2009/role/netLabel" xlink:type="simple" xlink:href="http://www.xbrl.org/lrr/role/net-2009-12-16.xsd#netLabel"/>
  <link:roleRef roleURI="http://xbrl.circ.gov.cn/role/c-ross_2015-12-31_role-3160700" xlink:type="simple" xlink:href="rol_c-ross_7_2015-12-31.xsd#c-ross_2015-12-31-3160700"/>
  <link:roleRef roleURI="http://xbrl.circ.gov.cn/role/c-ross_2015-12-31_role-3160700a" xlink:type="simple" xlink:href="rol_c-ross_7_2015-12-31.xsd#c-ross_2015-12-31-3160700a"/>
  <link:presentationLink xlink:type="extended" xlink:role="http://xbrl.circ.gov.cn/role/c-ross_2015-12-31_role-3160700">
    <link:loc xlink:type="locator" xlink:href="../../c-ross_core_2015-12-31.xsd#c-ross_InterestRateRiskInterestRateDerivativesGovernmentBondFuturesUnqualifiedHedgingAbstract" xlink:label="InterestRateRiskInterestRateDerivativesGovernmentBondFuturesUnqualifiedHedgingAbstract" xlink:title="InterestRateRiskInterestRateDerivativesGovernmentBondFuturesUnqualifiedHedgingAbstract"/>
    <link:loc xlink:type="locator" xlink:href="../../c-ross_core_2015-12-31.xsd#c-ross_InterestRateRiskInterestRateDerivativesGovernmentBondFuturesUnqualifiedHedgingAssetName" xlink:label="InterestRateRiskInterestRateDerivativesGovernmentBondFuturesUnqualifiedHedgingAssetName" xlink:title="InterestRateRiskInterestRateDerivativesGovernmentBondFuturesUnqualifiedHedgingAssetName"/>
    <link:presentationArc xlink:type="arc" xlink:arcrole="http://www.xbrl.org/2003/arcrole/parent-child" xlink:from="InterestRateRiskInterestRateDerivativesGovernmentBondFuturesUnqualifiedHedgingAbstract" xlink:to="InterestRateRiskInterestRateDerivativesGovernmentBondFuturesUnqualifiedHedgingAssetName" xlink:title="presentation: InterestRateRiskInterestRateDerivativesGovernmentBondFuturesUnqualifiedHedgingAbstract to InterestRateRiskInterestRateDerivativesGovernmentBondFuturesUnqualifiedHedgingAssetName" use="optional" order="10.0" preferredLabel="http://www.xbrl.org/2003/role/terseLabel"/>
    <link:loc xlink:type="locator" xlink:href="../../c-ross_core_2015-12-31.xsd#c-ross_InterestRateRiskInterestRateDerivativesGovernmentBondFuturesUnqualifiedHedgingContractualValueOfShortPositionOfGovernmentBondFutures" xlink:label="InterestRateRiskInterestRateDerivativesGovernmentBondFuturesUnqualifiedHedgingContractualValueOfShortPositionOfGovernmentBondFutures" xlink:title="InterestRateRiskInterestRateDerivativesGovernmentBondFuturesUnqualifiedHedgingContractualValueOfShortPositionOfGovernmentBondFutures"/>
    <link:presentationArc xlink:type="arc" xlink:arcrole="http://www.xbrl.org/2003/arcrole/parent-child" xlink:from="InterestRateRiskInterestRateDerivativesGovernmentBondFuturesUnqualifiedHedgingAbstract" xlink:to="InterestRateRiskInterestRateDerivativesGovernmentBondFuturesUnqualifiedHedgingContractualValueOfShortPositionOfGovernmentBondFutures" xlink:title="presentation: InterestRateRiskInterestRateDerivativesGovernmentBondFuturesUnqualifiedHedgingAbstract to InterestRateRiskInterestRateDerivativesGovernmentBondFuturesUnqualifiedHedgingContractualValueOfShortPositionOfGovernmentBondFutures" use="optional" order="20.0" preferredLabel="http://www.xbrl.org/2003/role/terseLabel"/>
    <link:loc xlink:type="locator" xlink:href="../../c-ross_core_2015-12-31.xsd#c-ross_InterestRateRiskInterestRateDerivativesGovernmentBondFuturesUnqualifiedHedgingModifiedDuration" xlink:label="InterestRateRiskInterestRateDerivativesGovernmentBondFuturesUnqualifiedHedgingModifiedDuration" xlink:title="InterestRateRiskInterestRateDerivativesGovernmentBondFuturesUnqualifiedHedgingModifiedDuration"/>
    <link:presentationArc xlink:type="arc" xlink:arcrole="http://www.xbrl.org/2003/arcrole/parent-child" xlink:from="InterestRateRiskInterestRateDerivativesGovernmentBondFuturesUnqualifiedHedgingAbstract" xlink:to="InterestRateRiskInterestRateDerivativesGovernmentBondFuturesUnqualifiedHedgingModifiedDuration" xlink:title="presentation: InterestRateRiskInterestRateDerivativesGovernmentBondFuturesUnqualifiedHedgingAbstract to InterestRateRiskInterestRateDerivativesGovernmentBondFuturesUnqualifiedHedgingModifiedDuration" use="optional" order="30.0" preferredLabel="http://www.xbrl.org/2003/role/terseLabel"/>
    <link:loc xlink:type="locator" xlink:href="../../c-ross_core_2015-12-31.xsd#c-ross_InterestRateRiskInterestRateDerivativesGovernmentBondFuturesUnqualifiedHedgingRiskFactor" xlink:label="InterestRateRiskInterestRateDerivativesGovernmentBondFuturesUnqualifiedHedgingRiskFactor" xlink:title="InterestRateRiskInterestRateDerivativesGovernmentBondFuturesUnqualifiedHedgingRiskFactor"/>
    <link:presentationArc xlink:type="arc" xlink:arcrole="http://www.xbrl.org/2003/arcrole/parent-child" xlink:from="InterestRateRiskInterestRateDerivativesGovernmentBondFuturesUnqualifiedHedgingAbstract" xlink:to="InterestRateRiskInterestRateDerivativesGovernmentBondFuturesUnqualifiedHedgingRiskFactor" xlink:title="presentation: InterestRateRiskInterestRateDerivativesGovernmentBondFuturesUnqualifiedHedgingAbstract to InterestRateRiskInterestRateDerivativesGovernmentBondFuturesUnqualifiedHedgingRiskFactor" use="optional" order="40.0" preferredLabel="http://www.xbrl.org/2003/role/terseLabel"/>
    <link:loc xlink:type="locator" xlink:href="../../c-ross_core_2015-12-31.xsd#c-ross_InterestRateRiskInterestRateDerivativesGovernmentBondFuturesUnqualifiedHedgingMinimumCapital" xlink:label="InterestRateRiskInterestRateDerivativesGovernmentBondFuturesUnqualifiedHedgingMinimumCapital" xlink:title="InterestRateRiskInterestRateDerivativesGovernmentBondFuturesUnqualifiedHedgingMinimumCapital"/>
    <link:presentationArc xlink:type="arc" xlink:arcrole="http://www.xbrl.org/2003/arcrole/parent-child" xlink:from="InterestRateRiskInterestRateDerivativesGovernmentBondFuturesUnqualifiedHedgingAbstract" xlink:to="InterestRateRiskInterestRateDerivativesGovernmentBondFuturesUnqualifiedHedgingMinimumCapital" xlink:title="presentation: InterestRateRiskInterestRateDerivativesGovernmentBondFuturesUnqualifiedHedgingAbstract to InterestRateRiskInterestRateDerivativesGovernmentBondFuturesUnqualifiedHedgingMinimumCapital" use="optional" order="50.0" preferredLabel="http://www.xbrl.org/2003/role/terseLabel"/>
  </link:presentationLink>
  <link:presentationLink xlink:type="extended" xlink:role="http://xbrl.circ.gov.cn/role/c-ross_2015-12-31_role-3160700a">
    <link:loc xlink:type="locator" xlink:href="../../c-ross_core_2015-12-31.xsd#c-ross_InterestRateRiskInterestRateDerivativesGovernmentBondFuturesUnqualifiedHedgingDetailsAbstract" xlink:label="InterestRateRiskInterestRateDerivativesGovernmentBondFuturesUnqualifiedHedgingDetailsAbstract" xlink:title="InterestRateRiskInterestRateDerivativesGovernmentBondFuturesUnqualifiedHedgingDetailsAbstract"/>
    <link:loc xlink:type="locator" xlink:href="../../c-ross_core_2015-12-31.xsd#c-ross_InterestRateRiskInterestRateDerivativesGovernmentBondFuturesUnqualifiedHedgingTable" xlink:label="InterestRateRiskInterestRateDerivativesGovernmentBondFuturesUnqualifiedHedgingTable" xlink:title="InterestRateRiskInterestRateDerivativesGovernmentBondFuturesUnqualifiedHedgingTable"/>
    <link:presentationArc xlink:type="arc" xlink:arcrole="http://www.xbrl.org/2003/arcrole/parent-child" xlink:from="InterestRateRiskInterestRateDerivativesGovernmentBondFuturesUnqualifiedHedgingDetailsAbstract" xlink:to="InterestRateRiskInterestRateDerivativesGovernmentBondFuturesUnqualifiedHedgingTable" xlink:title="presentation: InterestRateRiskInterestRateDerivativesGovernmentBondFuturesUnqualifiedHedgingDetailsAbstract to InterestRateRiskInterestRateDerivativesGovernmentBondFuturesUnqualifiedHedgingTable" use="optional" order="10.0" preferredLabel="http://www.xbrl.org/2003/role/label"/>
    <link:loc xlink:type="locator" xlink:href="../../c-ross_core_2015-12-31.xsd#c-ross_InterestRateRiskInterestRateDerivativesGovernmentBondFuturesUnqualifiedHedgingLineNumberAxis" xlink:label="InterestRateRiskInterestRateDerivativesGovernmentBondFuturesUnqualifiedHedgingLineNumberAxis" xlink:title="InterestRateRiskInterestRateDerivativesGovernmentBondFuturesUnqualifiedHedgingLineNumberAxis"/>
    <link:presentationArc xlink:type="arc" xlink:arcrole="http://www.xbrl.org/2003/arcrole/parent-child" xlink:from="InterestRateRiskInterestRateDerivativesGovernmentBondFuturesUnqualifiedHedgingTable" xlink:to="InterestRateRiskInterestRateDerivativesGovernmentBondFuturesUnqualifiedHedgingLineNumberAxis" xlink:title="presentation: InterestRateRiskInterestRateDerivativesGovernmentBondFuturesUnqualifiedHedgingTable to InterestRateRiskInterestRateDerivativesGovernmentBondFuturesUnqualifiedHedgingLineNumberAxis" use="optional" order="10.0" preferredLabel="http://www.xbrl.org/2003/role/terseLabel"/>
    <link:loc xlink:type="locator" xlink:href="../../c-ross_core_2015-12-31.xsd#c-ross_InterestRateRiskInterestRateDerivativesGovernmentBondFuturesUnqualifiedHedgingLineItems" xlink:label="InterestRateRiskInterestRateDerivativesGovernmentBondFuturesUnqualifiedHedgingLineItems" xlink:title="InterestRateRiskInterestRateDerivativesGovernmentBondFuturesUnqualifiedHedgingLineItems"/>
    <link:presentationArc xlink:type="arc" xlink:arcrole="http://www.xbrl.org/2003/arcrole/parent-child" xlink:from="InterestRateRiskInterestRateDerivativesGovernmentBondFuturesUnqualifiedHedgingDetailsAbstract" xlink:to="InterestRateRiskInterestRateDerivativesGovernmentBondFuturesUnqualifiedHedgingLineItems" xlink:title="presentation: InterestRateRiskInterestRateDerivativesGovernmentBondFuturesUnqualifiedHedgingDetailsAbstract to InterestRateRiskInterestRateDerivativesGovernmentBondFuturesUnqualifiedHedgingLineItems" use="optional" order="20.0" preferredLabel="http://www.xbrl.org/2003/role/label"/>
    <link:loc xlink:type="locator" xlink:href="../../c-ross_core_2015-12-31.xsd#c-ross_InterestRateRiskInterestRateDerivativesGovernmentBondFuturesUnqualifiedHedgingAssetName" xlink:label="InterestRateRiskInterestRateDerivativesGovernmentBondFuturesUnqualifiedHedgingAssetName" xlink:title="InterestRateRiskInterestRateDerivativesGovernmentBondFuturesUnqualifiedHedgingAssetName"/>
    <link:presentationArc xlink:type="arc" xlink:arcrole="http://www.xbrl.org/2003/arcrole/parent-child" xlink:from="InterestRateRiskInterestRateDerivativesGovernmentBondFuturesUnqualifiedHedgingLineItems" xlink:to="InterestRateRiskInterestRateDerivativesGovernmentBondFuturesUnqualifiedHedgingAssetName" xlink:title="presentation: InterestRateRiskInterestRateDerivativesGovernmentBondFuturesUnqualifiedHedgingLineItems to InterestRateRiskInterestRateDerivativesGovernmentBondFuturesUnqualifiedHedgingAssetName" use="optional" order="10.0" preferredLabel="http://www.xbrl.org/2003/role/terseLabel"/>
    <link:loc xlink:type="locator" xlink:href="../../c-ross_core_2015-12-31.xsd#c-ross_InterestRateRiskInterestRateDerivativesGovernmentBondFuturesUnqualifiedHedgingContractualValueOfShortPositionOfGovernmentBondFutures" xlink:label="InterestRateRiskInterestRateDerivativesGovernmentBondFuturesUnqualifiedHedgingContractualValueOfShortPositionOfGovernmentBondFutures" xlink:title="InterestRateRiskInterestRateDerivativesGovernmentBondFuturesUnqualifiedHedgingContractualValueOfShortPositionOfGovernmentBondFutures"/>
    <link:presentationArc xlink:type="arc" xlink:arcrole="http://www.xbrl.org/2003/arcrole/parent-child" xlink:from="InterestRateRiskInterestRateDerivativesGovernmentBondFuturesUnqualifiedHedgingLineItems" xlink:to="InterestRateRiskInterestRateDerivativesGovernmentBondFuturesUnqualifiedHedgingContractualValueOfShortPositionOfGovernmentBondFutures" xlink:title="presentation: InterestRateRiskInterestRateDerivativesGovernmentBondFuturesUnqualifiedHedgingLineItems to InterestRateRiskInterestRateDerivativesGovernmentBondFuturesUnqualifiedHedgingContractualValueOfShortPositionOfGovernmentBondFutures" use="optional" order="20.0" preferredLabel="http://www.xbrl.org/2003/role/terseLabel"/>
    <link:loc xlink:type="locator" xlink:href="../../c-ross_core_2015-12-31.xsd#c-ross_InterestRateRiskInterestRateDerivativesGovernmentBondFuturesUnqualifiedHedgingModifiedDuration" xlink:label="InterestRateRiskInterestRateDerivativesGovernmentBondFuturesUnqualifiedHedgingModifiedDuration" xlink:title="InterestRateRiskInterestRateDerivativesGovernmentBondFuturesUnqualifiedHedgingModifiedDuration"/>
    <link:presentationArc xlink:type="arc" xlink:arcrole="http://www.xbrl.org/2003/arcrole/parent-child" xlink:from="InterestRateRiskInterestRateDerivativesGovernmentBondFuturesUnqualifiedHedgingLineItems" xlink:to="InterestRateRiskInterestRateDerivativesGovernmentBondFuturesUnqualifiedHedgingModifiedDuration" xlink:title="presentation: InterestRateRiskInterestRateDerivativesGovernmentBondFuturesUnqualifiedHedgingLineItems to InterestRateRiskInterestRateDerivativesGovernmentBondFuturesUnqualifiedHedgingModifiedDuration" use="optional" order="30.0" preferredLabel="http://www.xbrl.org/2003/role/terseLabel"/>
    <link:loc xlink:type="locator" xlink:href="../../c-ross_core_2015-12-31.xsd#c-ross_InterestRateRiskInterestRateDerivativesGovernmentBondFuturesUnqualifiedHedgingRiskFactor" xlink:label="InterestRateRiskInterestRateDerivativesGovernmentBondFuturesUnqualifiedHedgingRiskFactor" xlink:title="InterestRateRiskInterestRateDerivativesGovernmentBondFuturesUnqualifiedHedgingRiskFactor"/>
    <link:presentationArc xlink:type="arc" xlink:arcrole="http://www.xbrl.org/2003/arcrole/parent-child" xlink:from="InterestRateRiskInterestRateDerivativesGovernmentBondFuturesUnqualifiedHedgingLineItems" xlink:to="InterestRateRiskInterestRateDerivativesGovernmentBondFuturesUnqualifiedHedgingRiskFactor" xlink:title="presentation: InterestRateRiskInterestRateDerivativesGovernmentBondFuturesUnqualifiedHedgingLineItems to InterestRateRiskInterestRateDerivativesGovernmentBondFuturesUnqualifiedHedgingRiskFactor" use="optional" order="40.0" preferredLabel="http://www.xbrl.org/2003/role/terseLabel"/>
    <link:loc xlink:type="locator" xlink:href="../../c-ross_core_2015-12-31.xsd#c-ross_InterestRateRiskInterestRateDerivativesGovernmentBondFuturesUnqualifiedHedgingMinimumCapital" xlink:label="InterestRateRiskInterestRateDerivativesGovernmentBondFuturesUnqualifiedHedgingMinimumCapital" xlink:title="InterestRateRiskInterestRateDerivativesGovernmentBondFuturesUnqualifiedHedgingMinimumCapital"/>
    <link:presentationArc xlink:type="arc" xlink:arcrole="http://www.xbrl.org/2003/arcrole/parent-child" xlink:from="InterestRateRiskInterestRateDerivativesGovernmentBondFuturesUnqualifiedHedgingLineItems" xlink:to="InterestRateRiskInterestRateDerivativesGovernmentBondFuturesUnqualifiedHedgingMinimumCapital" xlink:title="presentation: InterestRateRiskInterestRateDerivativesGovernmentBondFuturesUnqualifiedHedgingLineItems to InterestRateRiskInterestRateDerivativesGovernmentBondFuturesUnqualifiedHedgingMinimumCapital" use="optional" order="50.0" preferredLabel="http://www.xbrl.org/2003/role/terseLabel"/>
  </link:presentationLink>
</link:linkbase>
