<?xml version="1.0" encoding="UTF-8"?>

<!--
	Taxonomy: 2015-12-31 (Final)
	**********************
	Copyright © 2015 China Insurance Regulatory Commission.
	All rights reserved.  No part of this publication may be translated, reprinted or reproduced
	or utilised in any form either in whole or in part without prior permission in writing from China Insurance Regulatory Commission.
	  **********************
	-->
<link:linkbase xmlns:xsi="http://www.w3.org/2001/XMLSchema-instance" xsi:schemaLocation="http://www.xbrl.org/2003/linkbase http://www.xbrl.org/2003/xbrl-linkbase-2003-12-31.xsd" xmlns:c-ross="http://xbrl.circ.gov.cn/taxonomy/2015-12-31/c-ross" xmlns:link="http://www.xbrl.org/2003/linkbase" xmlns:q_s_pc_entry_point="http://xbrl.circ.gov.cn/taxonomy/2015-12-31/c-ross/q_s_pc_entry_point" xmlns:xlink="http://www.w3.org/1999/xlink" xmlns:xbrli="http://www.xbrl.org/2003/instance">
  <link:roleRef roleURI="http://www.xbrl.org/2009/role/netLabel" xlink:type="simple" xlink:href="http://www.xbrl.org/lrr/role/net-2009-12-16.xsd#netLabel"/>
  <link:roleRef roleURI="http://xbrl.circ.gov.cn/role/c-ross_2015-12-31_role-3161100" xlink:type="simple" xlink:href="rol_c-ross_7_2015-12-31.xsd#c-ross_2015-12-31-3161100"/>
  <link:roleRef roleURI="http://xbrl.circ.gov.cn/role/c-ross_2015-12-31_role-3161100a" xlink:type="simple" xlink:href="rol_c-ross_7_2015-12-31.xsd#c-ross_2015-12-31-3161100a"/>
  <link:roleRef roleURI="http://xbrl.circ.gov.cn/role/c-ross_2015-12-31_role-3161100b" xlink:type="simple" xlink:href="rol_c-ross_7_2015-12-31.xsd#c-ross_2015-12-31-3161100b"/>
  <link:presentationLink xlink:type="extended" xlink:role="http://xbrl.circ.gov.cn/role/c-ross_2015-12-31_role-3161100">
    <link:loc xlink:type="locator" xlink:href="../../c-ross_core_2015-12-31.xsd#c-ross_TypesOfAssetsHeldMember" xlink:label="TypesOfAssetsHeldMember" xlink:title="TypesOfAssetsHeldMember"/>
    <link:loc xlink:type="locator" xlink:href="../../c-ross_core_2015-12-31.xsd#c-ross_HeldByCompanyDirectlyMember" xlink:label="HeldByCompanyDirectlyMember" xlink:title="HeldByCompanyDirectlyMember"/>
    <link:presentationArc xlink:type="arc" xlink:arcrole="http://www.xbrl.org/2003/arcrole/parent-child" xlink:from="TypesOfAssetsHeldMember" xlink:to="HeldByCompanyDirectlyMember" xlink:title="presentation: TypesOfAssetsHeldMember to HeldByCompanyDirectlyMember" use="optional" order="10.0" preferredLabel="http://www.xbrl.org/2003/role/label"/>
    <link:loc xlink:type="locator" xlink:href="../../c-ross_core_2015-12-31.xsd#c-ross_HeldByLookThroughMethodMember" xlink:label="HeldByLookThroughMethodMember" xlink:title="HeldByLookThroughMethodMember"/>
    <link:presentationArc xlink:type="arc" xlink:arcrole="http://www.xbrl.org/2003/arcrole/parent-child" xlink:from="TypesOfAssetsHeldMember" xlink:to="HeldByLookThroughMethodMember" xlink:title="presentation: TypesOfAssetsHeldMember to HeldByLookThroughMethodMember" use="optional" order="20.0" preferredLabel="http://www.xbrl.org/2003/role/label"/>
    <link:loc xlink:type="locator" xlink:href="../../c-ross_core_2015-12-31.xsd#c-ross_EquityPriceRiskUnlistedEquitiesAbstract" xlink:label="EquityPriceRiskUnlistedEquitiesAbstract" xlink:title="EquityPriceRiskUnlistedEquitiesAbstract"/>
    <link:loc xlink:type="locator" xlink:href="../../c-ross_core_2015-12-31.xsd#c-ross_EquityPriceRiskUnlistedEquitiesTable" xlink:label="EquityPriceRiskUnlistedEquitiesTable" xlink:title="EquityPriceRiskUnlistedEquitiesTable"/>
    <link:presentationArc xlink:type="arc" xlink:arcrole="http://www.xbrl.org/2003/arcrole/parent-child" xlink:from="EquityPriceRiskUnlistedEquitiesAbstract" xlink:to="EquityPriceRiskUnlistedEquitiesTable" xlink:title="presentation: EquityPriceRiskUnlistedEquitiesAbstract to EquityPriceRiskUnlistedEquitiesTable" use="optional" order="10.0" preferredLabel="http://www.xbrl.org/2003/role/label"/>
    <link:loc xlink:type="locator" xlink:href="../../c-ross_core_2015-12-31.xsd#c-ross_EquityPriceRiskUnlistedEquitiesTypesOfAssetsHeldAxis" xlink:label="EquityPriceRiskUnlistedEquitiesTypesOfAssetsHeldAxis" xlink:title="EquityPriceRiskUnlistedEquitiesTypesOfAssetsHeldAxis"/>
    <link:presentationArc xlink:type="arc" xlink:arcrole="http://www.xbrl.org/2003/arcrole/parent-child" xlink:from="EquityPriceRiskUnlistedEquitiesTable" xlink:to="EquityPriceRiskUnlistedEquitiesTypesOfAssetsHeldAxis" xlink:title="presentation: EquityPriceRiskUnlistedEquitiesTable to EquityPriceRiskUnlistedEquitiesTypesOfAssetsHeldAxis" use="optional" order="10.0" preferredLabel="http://www.xbrl.org/2003/role/label"/>
    <link:presentationArc xlink:type="arc" xlink:arcrole="http://www.xbrl.org/2003/arcrole/parent-child" xlink:from="EquityPriceRiskUnlistedEquitiesTypesOfAssetsHeldAxis" xlink:to="TypesOfAssetsHeldMember" xlink:title="presentation: EquityPriceRiskUnlistedEquitiesTypesOfAssetsHeldAxis to TypesOfAssetsHeldMember" use="optional" order="10.0" preferredLabel="http://www.xbrl.org/2003/role/label"/>
    <link:loc xlink:type="locator" xlink:href="../../c-ross_core_2015-12-31.xsd#c-ross_EquityPriceRiskUnlistedEquitiesLineItems" xlink:label="EquityPriceRiskUnlistedEquitiesLineItems" xlink:title="EquityPriceRiskUnlistedEquitiesLineItems"/>
    <link:presentationArc xlink:type="arc" xlink:arcrole="http://www.xbrl.org/2003/arcrole/parent-child" xlink:from="EquityPriceRiskUnlistedEquitiesAbstract" xlink:to="EquityPriceRiskUnlistedEquitiesLineItems" xlink:title="presentation: EquityPriceRiskUnlistedEquitiesAbstract to EquityPriceRiskUnlistedEquitiesLineItems" use="optional" order="20.0" preferredLabel="http://www.xbrl.org/2003/role/label"/>
    <link:loc xlink:type="locator" xlink:href="../../c-ross_core_2015-12-31.xsd#c-ross_EquityPriceRiskUnlistedEquitiesEquitiesName" xlink:label="EquityPriceRiskUnlistedEquitiesEquitiesName" xlink:title="EquityPriceRiskUnlistedEquitiesEquitiesName"/>
    <link:presentationArc xlink:type="arc" xlink:arcrole="http://www.xbrl.org/2003/arcrole/parent-child" xlink:from="EquityPriceRiskUnlistedEquitiesLineItems" xlink:to="EquityPriceRiskUnlistedEquitiesEquitiesName" xlink:title="presentation: EquityPriceRiskUnlistedEquitiesLineItems to EquityPriceRiskUnlistedEquitiesEquitiesName" use="optional" order="10.0" preferredLabel="http://www.xbrl.org/2003/role/terseLabel"/>
    <link:loc xlink:type="locator" xlink:href="../../c-ross_core_2015-12-31.xsd#c-ross_EquityPriceRiskUnlistedEquitiesProportionOfOwnershipInterests" xlink:label="EquityPriceRiskUnlistedEquitiesHoldingStockNumber" xlink:title="EquityPriceRiskUnlistedEquitiesHoldingStockNumber"/>
    <link:presentationArc xlink:type="arc" xlink:arcrole="http://www.xbrl.org/2003/arcrole/parent-child" xlink:from="EquityPriceRiskUnlistedEquitiesLineItems" xlink:to="EquityPriceRiskUnlistedEquitiesHoldingStockNumber" xlink:title="presentation: EquityPriceRiskUnlistedEquitiesLineItems to EquityPriceRiskUnlistedEquitiesHoldingStockNumber" use="optional" order="20.0" preferredLabel="http://www.xbrl.org/2003/role/terseLabel"/>
    <link:loc xlink:type="locator" xlink:href="../../c-ross_core_2015-12-31.xsd#c-ross_EquityPriceRiskUnlistedEquitiesPurchaseCost" xlink:label="EquityPriceRiskUnlistedEquitiesPurchaseCost" xlink:title="EquityPriceRiskUnlistedEquitiesPurchaseCost"/>
    <link:presentationArc xlink:type="arc" xlink:arcrole="http://www.xbrl.org/2003/arcrole/parent-child" xlink:from="EquityPriceRiskUnlistedEquitiesLineItems" xlink:to="EquityPriceRiskUnlistedEquitiesPurchaseCost" xlink:title="presentation: EquityPriceRiskUnlistedEquitiesLineItems to EquityPriceRiskUnlistedEquitiesPurchaseCost" use="optional" order="30.0" preferredLabel="http://www.xbrl.org/2003/role/terseLabel"/>
    <link:loc xlink:type="locator" xlink:href="../../c-ross_core_2015-12-31.xsd#c-ross_EquityPriceRiskUnlistedEquitiesAdmittedValue" xlink:label="EquityPriceRiskUnlistedEquitiesAdmittedValue" xlink:title="EquityPriceRiskUnlistedEquitiesAdmittedValue"/>
    <link:presentationArc xlink:type="arc" xlink:arcrole="http://www.xbrl.org/2003/arcrole/parent-child" xlink:from="EquityPriceRiskUnlistedEquitiesLineItems" xlink:to="EquityPriceRiskUnlistedEquitiesAdmittedValue" xlink:title="presentation: EquityPriceRiskUnlistedEquitiesLineItems to EquityPriceRiskUnlistedEquitiesAdmittedValue" use="optional" order="40.0" preferredLabel="http://www.xbrl.org/2003/role/terseLabel"/>
    <link:loc xlink:type="locator" xlink:href="../../c-ross_core_2015-12-31.xsd#c-ross_EquityPriceRiskUnlistedEquitiesRiskExposure" xlink:label="EquityPriceRiskUnlistedEquitiesRiskExposure" xlink:title="EquityPriceRiskUnlistedEquitiesRiskExposure"/>
    <link:presentationArc xlink:type="arc" xlink:arcrole="http://www.xbrl.org/2003/arcrole/parent-child" xlink:from="EquityPriceRiskUnlistedEquitiesLineItems" xlink:to="EquityPriceRiskUnlistedEquitiesRiskExposure" xlink:title="presentation: EquityPriceRiskUnlistedEquitiesLineItems to EquityPriceRiskUnlistedEquitiesRiskExposure" use="optional" order="50.0" preferredLabel="http://www.xbrl.org/2003/role/terseLabel"/>
    <link:loc xlink:type="locator" xlink:href="../../c-ross_core_2015-12-31.xsd#c-ross_EquityPriceRiskUnlistedEquitiesBaseRiskFactor" xlink:label="EquityPriceRiskUnlistedEquitiesBaseRiskFactor" xlink:title="EquityPriceRiskUnlistedEquitiesBaseRiskFactor"/>
    <link:presentationArc xlink:type="arc" xlink:arcrole="http://www.xbrl.org/2003/arcrole/parent-child" xlink:from="EquityPriceRiskUnlistedEquitiesLineItems" xlink:to="EquityPriceRiskUnlistedEquitiesBaseRiskFactor" xlink:title="presentation: EquityPriceRiskUnlistedEquitiesLineItems to EquityPriceRiskUnlistedEquitiesBaseRiskFactor" use="optional" order="60.0" preferredLabel="http://www.xbrl.org/2003/role/terseLabel"/>
    <link:loc xlink:type="locator" xlink:href="../../c-ross_core_2015-12-31.xsd#c-ross_EquityPriceRiskUnlistedEquitiesMinimumCapital" xlink:label="EquityPriceRiskUnlistedEquitiesMinimumCapital" xlink:title="EquityPriceRiskUnlistedEquitiesMinimumCapital"/>
    <link:presentationArc xlink:type="arc" xlink:arcrole="http://www.xbrl.org/2003/arcrole/parent-child" xlink:from="EquityPriceRiskUnlistedEquitiesLineItems" xlink:to="EquityPriceRiskUnlistedEquitiesMinimumCapital" xlink:title="presentation: EquityPriceRiskUnlistedEquitiesLineItems to EquityPriceRiskUnlistedEquitiesMinimumCapital" use="optional" order="70.0" preferredLabel="http://www.xbrl.org/2003/role/terseLabel"/>
  </link:presentationLink>
  <link:presentationLink xlink:type="extended" xlink:role="http://xbrl.circ.gov.cn/role/c-ross_2015-12-31_role-3161100a">
    <link:loc xlink:type="locator" xlink:href="../../c-ross_core_2015-12-31.xsd#c-ross_TypesOfAssetsHeldMember" xlink:label="TypesOfAssetsHeldMember" xlink:title="TypesOfAssetsHeldMember"/>
    <link:loc xlink:type="locator" xlink:href="../../c-ross_core_2015-12-31.xsd#c-ross_HeldByCompanyDirectlyMember" xlink:label="HeldByCompanyDirectlyMember" xlink:title="HeldByCompanyDirectlyMember"/>
    <link:presentationArc xlink:type="arc" xlink:arcrole="http://www.xbrl.org/2003/arcrole/parent-child" xlink:from="TypesOfAssetsHeldMember" xlink:to="HeldByCompanyDirectlyMember" xlink:title="presentation: TypesOfAssetsHeldMember to HeldByCompanyDirectlyMember" use="optional" order="10.0" preferredLabel="http://www.xbrl.org/2003/role/label"/>
    <link:loc xlink:type="locator" xlink:href="../../c-ross_core_2015-12-31.xsd#c-ross_EquityPriceRiskUnlistedEquitiesTable" xlink:label="EquityPriceRiskUnlistedEquitiesTable" xlink:title="EquityPriceRiskUnlistedEquitiesTable"/>
    <link:loc xlink:type="locator" xlink:href="../../c-ross_core_2015-12-31.xsd#c-ross_EquityPriceRiskUnlistedEquitiesTypesOfAssetsHeldAxis" xlink:label="EquityPriceRiskUnlistedEquitiesTypesOfAssetsHeldAxis" xlink:title="EquityPriceRiskUnlistedEquitiesTypesOfAssetsHeldAxis"/>
    <link:presentationArc xlink:type="arc" xlink:arcrole="http://www.xbrl.org/2003/arcrole/parent-child" xlink:from="EquityPriceRiskUnlistedEquitiesTable" xlink:to="EquityPriceRiskUnlistedEquitiesTypesOfAssetsHeldAxis" xlink:title="presentation: EquityPriceRiskUnlistedEquitiesTable to EquityPriceRiskUnlistedEquitiesTypesOfAssetsHeldAxis" use="optional" order="10.0" preferredLabel="http://www.xbrl.org/2003/role/label"/>
    <link:presentationArc xlink:type="arc" xlink:arcrole="http://www.xbrl.org/2003/arcrole/parent-child" xlink:from="EquityPriceRiskUnlistedEquitiesTypesOfAssetsHeldAxis" xlink:to="TypesOfAssetsHeldMember" xlink:title="presentation: EquityPriceRiskUnlistedEquitiesTypesOfAssetsHeldAxis to TypesOfAssetsHeldMember" use="optional" order="10.0" preferredLabel="http://www.xbrl.org/2003/role/label"/>
    <link:loc xlink:type="locator" xlink:href="../../c-ross_core_2015-12-31.xsd#c-ross_EquityPriceRiskUnlistedEquitiesHeldByCompanyDirectlyLineNumberAxis" xlink:label="EquityPriceRiskUnlistedEquitiesHeldByCompanyDirectlyLineNumberAxis" xlink:title="EquityPriceRiskUnlistedEquitiesHeldByCompanyDirectlyLineNumberAxis"/>
    <link:presentationArc xlink:type="arc" xlink:arcrole="http://www.xbrl.org/2003/arcrole/parent-child" xlink:from="EquityPriceRiskUnlistedEquitiesTable" xlink:to="EquityPriceRiskUnlistedEquitiesHeldByCompanyDirectlyLineNumberAxis" xlink:title="presentation: EquityPriceRiskUnlistedEquitiesTable to EquityPriceRiskUnlistedEquitiesHeldByCompanyDirectlyLineNumberAxis" use="optional" order="20.0" preferredLabel="http://www.xbrl.org/2003/role/terseLabel"/>
    <link:loc xlink:type="locator" xlink:href="../../c-ross_core_2015-12-31.xsd#c-ross_EquityPriceRiskUnlistedEquitiesLineItems" xlink:label="EquityPriceRiskUnlistedEquitiesLineItems" xlink:title="EquityPriceRiskUnlistedEquitiesLineItems"/>
    <link:loc xlink:type="locator" xlink:href="../../c-ross_core_2015-12-31.xsd#c-ross_EquityPriceRiskUnlistedEquitiesEquitiesName" xlink:label="EquityPriceRiskUnlistedEquitiesEquitiesName" xlink:title="EquityPriceRiskUnlistedEquitiesEquitiesName"/>
    <link:presentationArc xlink:type="arc" xlink:arcrole="http://www.xbrl.org/2003/arcrole/parent-child" xlink:from="EquityPriceRiskUnlistedEquitiesLineItems" xlink:to="EquityPriceRiskUnlistedEquitiesEquitiesName" xlink:title="presentation: EquityPriceRiskUnlistedEquitiesLineItems to EquityPriceRiskUnlistedEquitiesEquitiesName" use="optional" order="10.0" preferredLabel="http://www.xbrl.org/2003/role/terseLabel"/>
    <link:loc xlink:type="locator" xlink:href="../../c-ross_core_2015-12-31.xsd#c-ross_EquityPriceRiskUnlistedEquitiesProportionOfOwnershipInterests" xlink:label="EquityPriceRiskUnlistedEquitiesHoldingStockNumber" xlink:title="EquityPriceRiskUnlistedEquitiesHoldingStockNumber"/>
    <link:presentationArc xlink:type="arc" xlink:arcrole="http://www.xbrl.org/2003/arcrole/parent-child" xlink:from="EquityPriceRiskUnlistedEquitiesLineItems" xlink:to="EquityPriceRiskUnlistedEquitiesHoldingStockNumber" xlink:title="presentation: EquityPriceRiskUnlistedEquitiesLineItems to EquityPriceRiskUnlistedEquitiesHoldingStockNumber" use="optional" order="20.0" preferredLabel="http://www.xbrl.org/2003/role/terseLabel"/>
    <link:loc xlink:type="locator" xlink:href="../../c-ross_core_2015-12-31.xsd#c-ross_EquityPriceRiskUnlistedEquitiesPurchaseCost" xlink:label="EquityPriceRiskUnlistedEquitiesPurchaseCost" xlink:title="EquityPriceRiskUnlistedEquitiesPurchaseCost"/>
    <link:presentationArc xlink:type="arc" xlink:arcrole="http://www.xbrl.org/2003/arcrole/parent-child" xlink:from="EquityPriceRiskUnlistedEquitiesLineItems" xlink:to="EquityPriceRiskUnlistedEquitiesPurchaseCost" xlink:title="presentation: EquityPriceRiskUnlistedEquitiesLineItems to EquityPriceRiskUnlistedEquitiesPurchaseCost" use="optional" order="30.0" preferredLabel="http://www.xbrl.org/2003/role/terseLabel"/>
    <link:loc xlink:type="locator" xlink:href="../../c-ross_core_2015-12-31.xsd#c-ross_EquityPriceRiskUnlistedEquitiesAdmittedValue" xlink:label="EquityPriceRiskUnlistedEquitiesAdmittedValue" xlink:title="EquityPriceRiskUnlistedEquitiesAdmittedValue"/>
    <link:presentationArc xlink:type="arc" xlink:arcrole="http://www.xbrl.org/2003/arcrole/parent-child" xlink:from="EquityPriceRiskUnlistedEquitiesLineItems" xlink:to="EquityPriceRiskUnlistedEquitiesAdmittedValue" xlink:title="presentation: EquityPriceRiskUnlistedEquitiesLineItems to EquityPriceRiskUnlistedEquitiesAdmittedValue" use="optional" order="40.0" preferredLabel="http://www.xbrl.org/2003/role/terseLabel"/>
    <link:loc xlink:type="locator" xlink:href="../../c-ross_core_2015-12-31.xsd#c-ross_EquityPriceRiskUnlistedEquitiesRiskExposure" xlink:label="EquityPriceRiskUnlistedEquitiesRiskExposure" xlink:title="EquityPriceRiskUnlistedEquitiesRiskExposure"/>
    <link:presentationArc xlink:type="arc" xlink:arcrole="http://www.xbrl.org/2003/arcrole/parent-child" xlink:from="EquityPriceRiskUnlistedEquitiesLineItems" xlink:to="EquityPriceRiskUnlistedEquitiesRiskExposure" xlink:title="presentation: EquityPriceRiskUnlistedEquitiesLineItems to EquityPriceRiskUnlistedEquitiesRiskExposure" use="optional" order="50.0" preferredLabel="http://www.xbrl.org/2003/role/terseLabel"/>
    <link:loc xlink:type="locator" xlink:href="../../c-ross_core_2015-12-31.xsd#c-ross_EquityPriceRiskUnlistedEquitiesBaseRiskFactor" xlink:label="EquityPriceRiskUnlistedEquitiesBaseRiskFactor" xlink:title="EquityPriceRiskUnlistedEquitiesBaseRiskFactor"/>
    <link:presentationArc xlink:type="arc" xlink:arcrole="http://www.xbrl.org/2003/arcrole/parent-child" xlink:from="EquityPriceRiskUnlistedEquitiesLineItems" xlink:to="EquityPriceRiskUnlistedEquitiesBaseRiskFactor" xlink:title="presentation: EquityPriceRiskUnlistedEquitiesLineItems to EquityPriceRiskUnlistedEquitiesBaseRiskFactor" use="optional" order="60.0" preferredLabel="http://www.xbrl.org/2003/role/terseLabel"/>
    <link:loc xlink:type="locator" xlink:href="../../c-ross_core_2015-12-31.xsd#c-ross_EquityPriceRiskUnlistedEquitiesMinimumCapital" xlink:label="EquityPriceRiskUnlistedEquitiesMinimumCapital" xlink:title="EquityPriceRiskUnlistedEquitiesMinimumCapital"/>
    <link:presentationArc xlink:type="arc" xlink:arcrole="http://www.xbrl.org/2003/arcrole/parent-child" xlink:from="EquityPriceRiskUnlistedEquitiesLineItems" xlink:to="EquityPriceRiskUnlistedEquitiesMinimumCapital" xlink:title="presentation: EquityPriceRiskUnlistedEquitiesLineItems to EquityPriceRiskUnlistedEquitiesMinimumCapital" use="optional" order="70.0" preferredLabel="http://www.xbrl.org/2003/role/terseLabel"/>
    <link:loc xlink:type="locator" xlink:href="../../c-ross_core_2015-12-31.xsd#c-ross_EquityPriceRiskUnlistedEquitiesHeldByCompanyDirectlyAbstract" xlink:label="EquityPriceRiskUnlistedEquitiesHeldByCompanyDirectlyAbstract" xlink:title="EquityPriceRiskUnlistedEquitiesHeldByCompanyDirectlyAbstract"/>
    <link:presentationArc xlink:type="arc" xlink:arcrole="http://www.xbrl.org/2003/arcrole/parent-child" xlink:from="EquityPriceRiskUnlistedEquitiesHeldByCompanyDirectlyAbstract" xlink:to="EquityPriceRiskUnlistedEquitiesTable" xlink:title="presentation: EquityPriceRiskUnlistedEquitiesHeldByCompanyDirectlyAbstract to EquityPriceRiskUnlistedEquitiesTable" use="optional" order="10.0" preferredLabel="http://www.xbrl.org/2003/role/label"/>
    <link:presentationArc xlink:type="arc" xlink:arcrole="http://www.xbrl.org/2003/arcrole/parent-child" xlink:from="EquityPriceRiskUnlistedEquitiesHeldByCompanyDirectlyAbstract" xlink:to="EquityPriceRiskUnlistedEquitiesLineItems" xlink:title="presentation: EquityPriceRiskUnlistedEquitiesHeldByCompanyDirectlyAbstract to EquityPriceRiskUnlistedEquitiesLineItems" use="optional" order="20.0" preferredLabel="http://www.xbrl.org/2003/role/label"/>
  </link:presentationLink>
  <link:presentationLink xlink:type="extended" xlink:role="http://xbrl.circ.gov.cn/role/c-ross_2015-12-31_role-3161100b">
    <link:loc xlink:type="locator" xlink:href="../../c-ross_core_2015-12-31.xsd#c-ross_TypesOfAssetsHeldMember" xlink:label="TypesOfAssetsHeldMember" xlink:title="TypesOfAssetsHeldMember"/>
    <link:loc xlink:type="locator" xlink:href="../../c-ross_core_2015-12-31.xsd#c-ross_HeldByLookThroughMethodMember" xlink:label="HeldByLookThroughMethodMember" xlink:title="HeldByLookThroughMethodMember"/>
    <link:presentationArc xlink:type="arc" xlink:arcrole="http://www.xbrl.org/2003/arcrole/parent-child" xlink:from="TypesOfAssetsHeldMember" xlink:to="HeldByLookThroughMethodMember" xlink:title="presentation: TypesOfAssetsHeldMember to HeldByLookThroughMethodMember" use="optional" order="10.0" preferredLabel="http://www.xbrl.org/2003/role/label"/>
    <link:loc xlink:type="locator" xlink:href="../../c-ross_core_2015-12-31.xsd#c-ross_EquityPriceRiskUnlistedEquitiesTable" xlink:label="EquityPriceRiskUnlistedEquitiesTable" xlink:title="EquityPriceRiskUnlistedEquitiesTable"/>
    <link:loc xlink:type="locator" xlink:href="../../c-ross_core_2015-12-31.xsd#c-ross_EquityPriceRiskUnlistedEquitiesTypesOfAssetsHeldAxis" xlink:label="EquityPriceRiskUnlistedEquitiesTypesOfAssetsHeldAxis" xlink:title="EquityPriceRiskUnlistedEquitiesTypesOfAssetsHeldAxis"/>
    <link:presentationArc xlink:type="arc" xlink:arcrole="http://www.xbrl.org/2003/arcrole/parent-child" xlink:from="EquityPriceRiskUnlistedEquitiesTable" xlink:to="EquityPriceRiskUnlistedEquitiesTypesOfAssetsHeldAxis" xlink:title="presentation: EquityPriceRiskUnlistedEquitiesTable to EquityPriceRiskUnlistedEquitiesTypesOfAssetsHeldAxis" use="optional" order="10.0" preferredLabel="http://www.xbrl.org/2003/role/label"/>
    <link:presentationArc xlink:type="arc" xlink:arcrole="http://www.xbrl.org/2003/arcrole/parent-child" xlink:from="EquityPriceRiskUnlistedEquitiesTypesOfAssetsHeldAxis" xlink:to="TypesOfAssetsHeldMember" xlink:title="presentation: EquityPriceRiskUnlistedEquitiesTypesOfAssetsHeldAxis to TypesOfAssetsHeldMember" use="optional" order="10.0" preferredLabel="http://www.xbrl.org/2003/role/label"/>
    <link:loc xlink:type="locator" xlink:href="../../c-ross_core_2015-12-31.xsd#c-ross_EquityPriceRiskUnlistedEquitiesHeldByLookThroughMethodLineNumberAxis" xlink:label="EquityPriceRiskUnlistedEquitiesHeldByLookThroughMethodLineNumberAxis" xlink:title="EquityPriceRiskUnlistedEquitiesHeldByLookThroughMethodLineNumberAxis"/>
    <link:presentationArc xlink:type="arc" xlink:arcrole="http://www.xbrl.org/2003/arcrole/parent-child" xlink:from="EquityPriceRiskUnlistedEquitiesTable" xlink:to="EquityPriceRiskUnlistedEquitiesHeldByLookThroughMethodLineNumberAxis" xlink:title="presentation: EquityPriceRiskUnlistedEquitiesTable to EquityPriceRiskUnlistedEquitiesHeldByLookThroughMethodLineNumberAxis" use="optional" order="20.0" preferredLabel="http://www.xbrl.org/2003/role/terseLabel"/>
    <link:loc xlink:type="locator" xlink:href="../../c-ross_core_2015-12-31.xsd#c-ross_EquityPriceRiskUnlistedEquitiesLineItems" xlink:label="EquityPriceRiskUnlistedEquitiesLineItems" xlink:title="EquityPriceRiskUnlistedEquitiesLineItems"/>
    <link:loc xlink:type="locator" xlink:href="../../c-ross_core_2015-12-31.xsd#c-ross_EquityPriceRiskUnlistedEquitiesEquitiesName" xlink:label="EquityPriceRiskUnlistedEquitiesEquitiesName" xlink:title="EquityPriceRiskUnlistedEquitiesEquitiesName"/>
    <link:presentationArc xlink:type="arc" xlink:arcrole="http://www.xbrl.org/2003/arcrole/parent-child" xlink:from="EquityPriceRiskUnlistedEquitiesLineItems" xlink:to="EquityPriceRiskUnlistedEquitiesEquitiesName" xlink:title="presentation: EquityPriceRiskUnlistedEquitiesLineItems to EquityPriceRiskUnlistedEquitiesEquitiesName" use="optional" order="10.0" preferredLabel="http://www.xbrl.org/2003/role/terseLabel"/>
    <link:loc xlink:type="locator" xlink:href="../../c-ross_core_2015-12-31.xsd#c-ross_EquityPriceRiskUnlistedEquitiesProportionOfOwnershipInterests" xlink:label="EquityPriceRiskUnlistedEquitiesHoldingStockNumber" xlink:title="EquityPriceRiskUnlistedEquitiesHoldingStockNumber"/>
    <link:presentationArc xlink:type="arc" xlink:arcrole="http://www.xbrl.org/2003/arcrole/parent-child" xlink:from="EquityPriceRiskUnlistedEquitiesLineItems" xlink:to="EquityPriceRiskUnlistedEquitiesHoldingStockNumber" xlink:title="presentation: EquityPriceRiskUnlistedEquitiesLineItems to EquityPriceRiskUnlistedEquitiesHoldingStockNumber" use="optional" order="20.0" preferredLabel="http://www.xbrl.org/2003/role/terseLabel"/>
    <link:loc xlink:type="locator" xlink:href="../../c-ross_core_2015-12-31.xsd#c-ross_EquityPriceRiskUnlistedEquitiesPurchaseCost" xlink:label="EquityPriceRiskUnlistedEquitiesPurchaseCost" xlink:title="EquityPriceRiskUnlistedEquitiesPurchaseCost"/>
    <link:presentationArc xlink:type="arc" xlink:arcrole="http://www.xbrl.org/2003/arcrole/parent-child" xlink:from="EquityPriceRiskUnlistedEquitiesLineItems" xlink:to="EquityPriceRiskUnlistedEquitiesPurchaseCost" xlink:title="presentation: EquityPriceRiskUnlistedEquitiesLineItems to EquityPriceRiskUnlistedEquitiesPurchaseCost" use="optional" order="30.0" preferredLabel="http://www.xbrl.org/2003/role/terseLabel"/>
    <link:loc xlink:type="locator" xlink:href="../../c-ross_core_2015-12-31.xsd#c-ross_EquityPriceRiskUnlistedEquitiesAdmittedValue" xlink:label="EquityPriceRiskUnlistedEquitiesAdmittedValue" xlink:title="EquityPriceRiskUnlistedEquitiesAdmittedValue"/>
    <link:presentationArc xlink:type="arc" xlink:arcrole="http://www.xbrl.org/2003/arcrole/parent-child" xlink:from="EquityPriceRiskUnlistedEquitiesLineItems" xlink:to="EquityPriceRiskUnlistedEquitiesAdmittedValue" xlink:title="presentation: EquityPriceRiskUnlistedEquitiesLineItems to EquityPriceRiskUnlistedEquitiesAdmittedValue" use="optional" order="40.0" preferredLabel="http://www.xbrl.org/2003/role/terseLabel"/>
    <link:loc xlink:type="locator" xlink:href="../../c-ross_core_2015-12-31.xsd#c-ross_EquityPriceRiskUnlistedEquitiesRiskExposure" xlink:label="EquityPriceRiskUnlistedEquitiesRiskExposure" xlink:title="EquityPriceRiskUnlistedEquitiesRiskExposure"/>
    <link:presentationArc xlink:type="arc" xlink:arcrole="http://www.xbrl.org/2003/arcrole/parent-child" xlink:from="EquityPriceRiskUnlistedEquitiesLineItems" xlink:to="EquityPriceRiskUnlistedEquitiesRiskExposure" xlink:title="presentation: EquityPriceRiskUnlistedEquitiesLineItems to EquityPriceRiskUnlistedEquitiesRiskExposure" use="optional" order="50.0" preferredLabel="http://www.xbrl.org/2003/role/terseLabel"/>
    <link:loc xlink:type="locator" xlink:href="../../c-ross_core_2015-12-31.xsd#c-ross_EquityPriceRiskUnlistedEquitiesBaseRiskFactor" xlink:label="EquityPriceRiskUnlistedEquitiesBaseRiskFactor" xlink:title="EquityPriceRiskUnlistedEquitiesBaseRiskFactor"/>
    <link:presentationArc xlink:type="arc" xlink:arcrole="http://www.xbrl.org/2003/arcrole/parent-child" xlink:from="EquityPriceRiskUnlistedEquitiesLineItems" xlink:to="EquityPriceRiskUnlistedEquitiesBaseRiskFactor" xlink:title="presentation: EquityPriceRiskUnlistedEquitiesLineItems to EquityPriceRiskUnlistedEquitiesBaseRiskFactor" use="optional" order="60.0" preferredLabel="http://www.xbrl.org/2003/role/terseLabel"/>
    <link:loc xlink:type="locator" xlink:href="../../c-ross_core_2015-12-31.xsd#c-ross_EquityPriceRiskUnlistedEquitiesMinimumCapital" xlink:label="EquityPriceRiskUnlistedEquitiesMinimumCapital" xlink:title="EquityPriceRiskUnlistedEquitiesMinimumCapital"/>
    <link:presentationArc xlink:type="arc" xlink:arcrole="http://www.xbrl.org/2003/arcrole/parent-child" xlink:from="EquityPriceRiskUnlistedEquitiesLineItems" xlink:to="EquityPriceRiskUnlistedEquitiesMinimumCapital" xlink:title="presentation: EquityPriceRiskUnlistedEquitiesLineItems to EquityPriceRiskUnlistedEquitiesMinimumCapital" use="optional" order="70.0" preferredLabel="http://www.xbrl.org/2003/role/terseLabel"/>
    <link:loc xlink:type="locator" xlink:href="../../c-ross_core_2015-12-31.xsd#c-ross_EquityPriceRiskUnlistedEquitiesHeldByLookThroughMethodAbstract" xlink:label="EquityPriceRiskUnlistedEquitiesHeldByLookThroughMethodAbstract" xlink:title="EquityPriceRiskUnlistedEquitiesHeldByLookThroughMethodAbstract"/>
    <link:presentationArc xlink:type="arc" xlink:arcrole="http://www.xbrl.org/2003/arcrole/parent-child" xlink:from="EquityPriceRiskUnlistedEquitiesHeldByLookThroughMethodAbstract" xlink:to="EquityPriceRiskUnlistedEquitiesTable" xlink:title="presentation: EquityPriceRiskUnlistedEquitiesHeldByLookThroughMethodAbstract to EquityPriceRiskUnlistedEquitiesTable" use="optional" order="10.0" preferredLabel="http://www.xbrl.org/2003/role/label"/>
    <link:presentationArc xlink:type="arc" xlink:arcrole="http://www.xbrl.org/2003/arcrole/parent-child" xlink:from="EquityPriceRiskUnlistedEquitiesHeldByLookThroughMethodAbstract" xlink:to="EquityPriceRiskUnlistedEquitiesLineItems" xlink:title="presentation: EquityPriceRiskUnlistedEquitiesHeldByLookThroughMethodAbstract to EquityPriceRiskUnlistedEquitiesLineItems" use="optional" order="20.0" preferredLabel="http://www.xbrl.org/2003/role/label"/>
  </link:presentationLink>
</link:linkbase>
