<?xml version="1.0" encoding="UTF-8"?>

<!--
	Taxonomy: 2015-12-31 (Final)
	**********************
	Copyright © 2015 China Insurance Regulatory Commission.
	All rights reserved.  No part of this publication may be translated, reprinted or reproduced
	or utilised in any form either in whole or in part without prior permission in writing from China Insurance Regulatory Commission.
	  **********************
	-->
<link:linkbase xmlns:xsi="http://www.w3.org/2001/XMLSchema-instance" xsi:schemaLocation="http://www.xbrl.org/2003/linkbase http://www.xbrl.org/2003/xbrl-linkbase-2003-12-31.xsd" xmlns:c-ross="http://xbrl.circ.gov.cn/taxonomy/2015-12-31/c-ross" xmlns:link="http://www.xbrl.org/2003/linkbase" xmlns:q_s_pc_entry_point="http://xbrl.circ.gov.cn/taxonomy/2015-12-31/c-ross/q_s_pc_entry_point" xmlns:xlink="http://www.w3.org/1999/xlink" xmlns:xbrli="http://www.xbrl.org/2003/instance">
  <link:roleRef roleURI="http://www.xbrl.org/2009/role/netLabel" xlink:type="simple" xlink:href="http://www.xbrl.org/lrr/role/net-2009-12-16.xsd#netLabel"/>
  <link:roleRef roleURI="http://xbrl.circ.gov.cn/role/c-ross_2015-12-31_role-3161400" xlink:type="simple" xlink:href="rol_c-ross_7_2015-12-31.xsd#c-ross_2015-12-31-3161400"/>
  <link:roleRef roleURI="http://xbrl.circ.gov.cn/role/c-ross_2015-12-31_role-3161400a" xlink:type="simple" xlink:href="rol_c-ross_7_2015-12-31.xsd#c-ross_2015-12-31-3161400a"/>
  <link:roleRef roleURI="http://xbrl.circ.gov.cn/role/c-ross_2015-12-31_role-3161400b" xlink:type="simple" xlink:href="rol_c-ross_7_2015-12-31.xsd#c-ross_2015-12-31-3161400b"/>
  <link:presentationLink xlink:type="extended" xlink:role="http://xbrl.circ.gov.cn/role/c-ross_2015-12-31_role-3161400">
    <link:loc xlink:type="locator" xlink:href="../../c-ross_core_2015-12-31.xsd#c-ross_TypesOfAssetsHeldMember" xlink:label="TypesOfAssetsHeldMember" xlink:title="TypesOfAssetsHeldMember"/>
    <link:loc xlink:type="locator" xlink:href="../../c-ross_core_2015-12-31.xsd#c-ross_HeldByCompanyDirectlyMember" xlink:label="HeldByCompanyDirectlyMember" xlink:title="HeldByCompanyDirectlyMember"/>
    <link:presentationArc xlink:type="arc" xlink:arcrole="http://www.xbrl.org/2003/arcrole/parent-child" xlink:from="TypesOfAssetsHeldMember" xlink:to="HeldByCompanyDirectlyMember" xlink:title="presentation: TypesOfAssetsHeldMember to HeldByCompanyDirectlyMember" use="optional" order="10.0" preferredLabel="http://www.xbrl.org/2003/role/label"/>
    <link:loc xlink:type="locator" xlink:href="../../c-ross_core_2015-12-31.xsd#c-ross_HeldByLookThroughMethodMember" xlink:label="HeldByLookThroughMethodMember" xlink:title="HeldByLookThroughMethodMember"/>
    <link:presentationArc xlink:type="arc" xlink:arcrole="http://www.xbrl.org/2003/arcrole/parent-child" xlink:from="TypesOfAssetsHeldMember" xlink:to="HeldByLookThroughMethodMember" xlink:title="presentation: TypesOfAssetsHeldMember to HeldByLookThroughMethodMember" use="optional" order="20.0" preferredLabel="http://www.xbrl.org/2003/role/label"/>
    <link:loc xlink:type="locator" xlink:href="../../c-ross_core_2015-12-31.xsd#c-ross_EquityPriceRiskConvertibleBondAbstract" xlink:label="EquityPriceRiskConvertibleBondAbstract" xlink:title="EquityPriceRiskConvertibleBondAbstract"/>
    <link:loc xlink:type="locator" xlink:href="../../c-ross_core_2015-12-31.xsd#c-ross_EquityPriceRiskConvertibleBondTable" xlink:label="EquityPriceRiskConvertibleBondTable" xlink:title="EquityPriceRiskConvertibleBondTable"/>
    <link:presentationArc xlink:type="arc" xlink:arcrole="http://www.xbrl.org/2003/arcrole/parent-child" xlink:from="EquityPriceRiskConvertibleBondAbstract" xlink:to="EquityPriceRiskConvertibleBondTable" xlink:title="presentation: EquityPriceRiskConvertibleBondAbstract to EquityPriceRiskConvertibleBondTable" use="optional" order="10.0" preferredLabel="http://www.xbrl.org/2003/role/label"/>
    <link:loc xlink:type="locator" xlink:href="../../c-ross_core_2015-12-31.xsd#c-ross_EquityPriceRiskConvertibleBondTypesOfAssetsHeldAxis" xlink:label="EquityPriceRiskConvertibleBondTypesOfAssetsHeldAxis" xlink:title="EquityPriceRiskConvertibleBondTypesOfAssetsHeldAxis"/>
    <link:presentationArc xlink:type="arc" xlink:arcrole="http://www.xbrl.org/2003/arcrole/parent-child" xlink:from="EquityPriceRiskConvertibleBondTable" xlink:to="EquityPriceRiskConvertibleBondTypesOfAssetsHeldAxis" xlink:title="presentation: EquityPriceRiskConvertibleBondTable to EquityPriceRiskConvertibleBondTypesOfAssetsHeldAxis" use="optional" order="10.0" preferredLabel="http://www.xbrl.org/2003/role/label"/>
    <link:presentationArc xlink:type="arc" xlink:arcrole="http://www.xbrl.org/2003/arcrole/parent-child" xlink:from="EquityPriceRiskConvertibleBondTypesOfAssetsHeldAxis" xlink:to="TypesOfAssetsHeldMember" xlink:title="presentation: EquityPriceRiskConvertibleBondTypesOfAssetsHeldAxis to TypesOfAssetsHeldMember" use="optional" order="10.0" preferredLabel="http://www.xbrl.org/2003/role/label"/>
    <link:loc xlink:type="locator" xlink:href="../../c-ross_core_2015-12-31.xsd#c-ross_EquityPriceRiskConvertibleBondLineItems" xlink:label="EquityPriceRiskConvertibleBondLineItems" xlink:title="EquityPriceRiskConvertibleBondLineItems"/>
    <link:presentationArc xlink:type="arc" xlink:arcrole="http://www.xbrl.org/2003/arcrole/parent-child" xlink:from="EquityPriceRiskConvertibleBondAbstract" xlink:to="EquityPriceRiskConvertibleBondLineItems" xlink:title="presentation: EquityPriceRiskConvertibleBondAbstract to EquityPriceRiskConvertibleBondLineItems" use="optional" order="20.0" preferredLabel="http://www.xbrl.org/2003/role/label"/>
    <link:loc xlink:type="locator" xlink:href="../../c-ross_core_2015-12-31.xsd#c-ross_EquityPriceRiskConvertibleBondSecurityName" xlink:label="EquityPriceRiskConvertibleBondBondName" xlink:title="EquityPriceRiskConvertibleBondBondName"/>
    <link:presentationArc xlink:type="arc" xlink:arcrole="http://www.xbrl.org/2003/arcrole/parent-child" xlink:from="EquityPriceRiskConvertibleBondLineItems" xlink:to="EquityPriceRiskConvertibleBondBondName" xlink:title="presentation: EquityPriceRiskConvertibleBondLineItems to EquityPriceRiskConvertibleBondBondName" use="optional" order="10.0" preferredLabel="http://www.xbrl.org/2003/role/terseLabel"/>
    <link:loc xlink:type="locator" xlink:href="../../c-ross_core_2015-12-31.xsd#c-ross_EquityPriceRiskConvertibleBondSecurityCode" xlink:label="EquityPriceRiskConvertibleBondMarketCode" xlink:title="EquityPriceRiskConvertibleBondMarketCode"/>
    <link:presentationArc xlink:type="arc" xlink:arcrole="http://www.xbrl.org/2003/arcrole/parent-child" xlink:from="EquityPriceRiskConvertibleBondLineItems" xlink:to="EquityPriceRiskConvertibleBondMarketCode" xlink:title="presentation: EquityPriceRiskConvertibleBondLineItems to EquityPriceRiskConvertibleBondMarketCode" use="optional" order="20.0" preferredLabel="http://www.xbrl.org/2003/role/terseLabel"/>
    <link:loc xlink:type="locator" xlink:href="../../c-ross_core_2015-12-31.xsd#c-ross_EquityPriceRiskConvertibleBondPurchaseCost" xlink:label="EquityPriceRiskConvertibleBondHoldingCost" xlink:title="EquityPriceRiskConvertibleBondHoldingCost"/>
    <link:presentationArc xlink:type="arc" xlink:arcrole="http://www.xbrl.org/2003/arcrole/parent-child" xlink:from="EquityPriceRiskConvertibleBondLineItems" xlink:to="EquityPriceRiskConvertibleBondHoldingCost" xlink:title="presentation: EquityPriceRiskConvertibleBondLineItems to EquityPriceRiskConvertibleBondHoldingCost" use="optional" order="30.0" preferredLabel="http://www.xbrl.org/2003/role/terseLabel"/>
    <link:loc xlink:type="locator" xlink:href="../../c-ross_core_2015-12-31.xsd#c-ross_EquityPriceRiskConvertibleBondAdmittedValue" xlink:label="EquityPriceRiskConvertibleBondAdmittedValue" xlink:title="EquityPriceRiskConvertibleBondAdmittedValue"/>
    <link:presentationArc xlink:type="arc" xlink:arcrole="http://www.xbrl.org/2003/arcrole/parent-child" xlink:from="EquityPriceRiskConvertibleBondLineItems" xlink:to="EquityPriceRiskConvertibleBondAdmittedValue" xlink:title="presentation: EquityPriceRiskConvertibleBondLineItems to EquityPriceRiskConvertibleBondAdmittedValue" use="optional" order="40.0" preferredLabel="http://www.xbrl.org/2003/role/terseLabel"/>
    <link:loc xlink:type="locator" xlink:href="../../c-ross_core_2015-12-31.xsd#c-ross_EquityPriceRiskConvertibleBondRiskExposure" xlink:label="EquityPriceRiskConvertibleBondRiskExposure" xlink:title="EquityPriceRiskConvertibleBondRiskExposure"/>
    <link:presentationArc xlink:type="arc" xlink:arcrole="http://www.xbrl.org/2003/arcrole/parent-child" xlink:from="EquityPriceRiskConvertibleBondLineItems" xlink:to="EquityPriceRiskConvertibleBondRiskExposure" xlink:title="presentation: EquityPriceRiskConvertibleBondLineItems to EquityPriceRiskConvertibleBondRiskExposure" use="optional" order="50.0" preferredLabel="http://www.xbrl.org/2003/role/terseLabel"/>
    <link:loc xlink:type="locator" xlink:href="../../c-ross_core_2015-12-31.xsd#c-ross_EquityPriceRiskConvertibleBondBaseRiskFactor" xlink:label="EquityPriceRiskConvertibleBondBaseRiskFactor" xlink:title="EquityPriceRiskConvertibleBondBaseRiskFactor"/>
    <link:presentationArc xlink:type="arc" xlink:arcrole="http://www.xbrl.org/2003/arcrole/parent-child" xlink:from="EquityPriceRiskConvertibleBondLineItems" xlink:to="EquityPriceRiskConvertibleBondBaseRiskFactor" xlink:title="presentation: EquityPriceRiskConvertibleBondLineItems to EquityPriceRiskConvertibleBondBaseRiskFactor" use="optional" order="60.0" preferredLabel="http://www.xbrl.org/2003/role/terseLabel"/>
    <link:loc xlink:type="locator" xlink:href="../../c-ross_core_2015-12-31.xsd#c-ross_EquityPriceRiskConvertibleBondMinimumCapital" xlink:label="EquityPriceRiskConvertibleBondMinimumCapital" xlink:title="EquityPriceRiskConvertibleBondMinimumCapital"/>
    <link:presentationArc xlink:type="arc" xlink:arcrole="http://www.xbrl.org/2003/arcrole/parent-child" xlink:from="EquityPriceRiskConvertibleBondLineItems" xlink:to="EquityPriceRiskConvertibleBondMinimumCapital" xlink:title="presentation: EquityPriceRiskConvertibleBondLineItems to EquityPriceRiskConvertibleBondMinimumCapital" use="optional" order="70.0" preferredLabel="http://www.xbrl.org/2003/role/terseLabel"/>
  </link:presentationLink>
  <link:presentationLink xlink:type="extended" xlink:role="http://xbrl.circ.gov.cn/role/c-ross_2015-12-31_role-3161400a">
    <link:loc xlink:type="locator" xlink:href="../../c-ross_core_2015-12-31.xsd#c-ross_TypesOfAssetsHeldMember" xlink:label="TypesOfAssetsHeldMember" xlink:title="TypesOfAssetsHeldMember"/>
    <link:loc xlink:type="locator" xlink:href="../../c-ross_core_2015-12-31.xsd#c-ross_HeldByCompanyDirectlyMember" xlink:label="HeldByCompanyDirectlyMember" xlink:title="HeldByCompanyDirectlyMember"/>
    <link:presentationArc xlink:type="arc" xlink:arcrole="http://www.xbrl.org/2003/arcrole/parent-child" xlink:from="TypesOfAssetsHeldMember" xlink:to="HeldByCompanyDirectlyMember" xlink:title="presentation: TypesOfAssetsHeldMember to HeldByCompanyDirectlyMember" use="optional" order="10.0" preferredLabel="http://www.xbrl.org/2003/role/label"/>
    <link:loc xlink:type="locator" xlink:href="../../c-ross_core_2015-12-31.xsd#c-ross_EquityPriceRiskConvertibleBondTable" xlink:label="EquityPriceRiskConvertibleBondTable" xlink:title="EquityPriceRiskConvertibleBondTable"/>
    <link:loc xlink:type="locator" xlink:href="../../c-ross_core_2015-12-31.xsd#c-ross_EquityPriceRiskConvertibleBondTypesOfAssetsHeldAxis" xlink:label="EquityPriceRiskConvertibleBondTypesOfAssetsHeldAxis" xlink:title="EquityPriceRiskConvertibleBondTypesOfAssetsHeldAxis"/>
    <link:presentationArc xlink:type="arc" xlink:arcrole="http://www.xbrl.org/2003/arcrole/parent-child" xlink:from="EquityPriceRiskConvertibleBondTable" xlink:to="EquityPriceRiskConvertibleBondTypesOfAssetsHeldAxis" xlink:title="presentation: EquityPriceRiskConvertibleBondTable to EquityPriceRiskConvertibleBondTypesOfAssetsHeldAxis" use="optional" order="10.0" preferredLabel="http://www.xbrl.org/2003/role/label"/>
    <link:presentationArc xlink:type="arc" xlink:arcrole="http://www.xbrl.org/2003/arcrole/parent-child" xlink:from="EquityPriceRiskConvertibleBondTypesOfAssetsHeldAxis" xlink:to="TypesOfAssetsHeldMember" xlink:title="presentation: EquityPriceRiskConvertibleBondTypesOfAssetsHeldAxis to TypesOfAssetsHeldMember" use="optional" order="10.0" preferredLabel="http://www.xbrl.org/2003/role/label"/>
    <link:loc xlink:type="locator" xlink:href="../../c-ross_core_2015-12-31.xsd#c-ross_EquityPriceRiskConvertibleBondHeldByCompanyDirectlyLineNumberAxis" xlink:label="EquityPriceRiskConvertibleBondHeldByCompanyDirectlyLineNumberAxis" xlink:title="EquityPriceRiskConvertibleBondHeldByCompanyDirectlyLineNumberAxis"/>
    <link:presentationArc xlink:type="arc" xlink:arcrole="http://www.xbrl.org/2003/arcrole/parent-child" xlink:from="EquityPriceRiskConvertibleBondTable" xlink:to="EquityPriceRiskConvertibleBondHeldByCompanyDirectlyLineNumberAxis" xlink:title="presentation: EquityPriceRiskConvertibleBondTable to EquityPriceRiskConvertibleBondHeldByCompanyDirectlyLineNumberAxis" use="optional" order="20.0" preferredLabel="http://www.xbrl.org/2003/role/terseLabel"/>
    <link:loc xlink:type="locator" xlink:href="../../c-ross_core_2015-12-31.xsd#c-ross_EquityPriceRiskConvertibleBondLineItems" xlink:label="EquityPriceRiskConvertibleBondLineItems" xlink:title="EquityPriceRiskConvertibleBondLineItems"/>
    <link:loc xlink:type="locator" xlink:href="../../c-ross_core_2015-12-31.xsd#c-ross_EquityPriceRiskConvertibleBondSecurityName" xlink:label="EquityPriceRiskConvertibleBondBondName" xlink:title="EquityPriceRiskConvertibleBondBondName"/>
    <link:presentationArc xlink:type="arc" xlink:arcrole="http://www.xbrl.org/2003/arcrole/parent-child" xlink:from="EquityPriceRiskConvertibleBondLineItems" xlink:to="EquityPriceRiskConvertibleBondBondName" xlink:title="presentation: EquityPriceRiskConvertibleBondLineItems to EquityPriceRiskConvertibleBondBondName" use="optional" order="10.0" preferredLabel="http://www.xbrl.org/2003/role/terseLabel"/>
    <link:loc xlink:type="locator" xlink:href="../../c-ross_core_2015-12-31.xsd#c-ross_EquityPriceRiskConvertibleBondSecurityCode" xlink:label="EquityPriceRiskConvertibleBondMarketCode" xlink:title="EquityPriceRiskConvertibleBondMarketCode"/>
    <link:presentationArc xlink:type="arc" xlink:arcrole="http://www.xbrl.org/2003/arcrole/parent-child" xlink:from="EquityPriceRiskConvertibleBondLineItems" xlink:to="EquityPriceRiskConvertibleBondMarketCode" xlink:title="presentation: EquityPriceRiskConvertibleBondLineItems to EquityPriceRiskConvertibleBondMarketCode" use="optional" order="20.0" preferredLabel="http://www.xbrl.org/2003/role/terseLabel"/>
    <link:loc xlink:type="locator" xlink:href="../../c-ross_core_2015-12-31.xsd#c-ross_EquityPriceRiskConvertibleBondPurchaseCost" xlink:label="EquityPriceRiskConvertibleBondHoldingCost" xlink:title="EquityPriceRiskConvertibleBondHoldingCost"/>
    <link:presentationArc xlink:type="arc" xlink:arcrole="http://www.xbrl.org/2003/arcrole/parent-child" xlink:from="EquityPriceRiskConvertibleBondLineItems" xlink:to="EquityPriceRiskConvertibleBondHoldingCost" xlink:title="presentation: EquityPriceRiskConvertibleBondLineItems to EquityPriceRiskConvertibleBondHoldingCost" use="optional" order="30.0" preferredLabel="http://www.xbrl.org/2003/role/terseLabel"/>
    <link:loc xlink:type="locator" xlink:href="../../c-ross_core_2015-12-31.xsd#c-ross_EquityPriceRiskConvertibleBondAdmittedValue" xlink:label="EquityPriceRiskConvertibleBondAdmittedValue" xlink:title="EquityPriceRiskConvertibleBondAdmittedValue"/>
    <link:presentationArc xlink:type="arc" xlink:arcrole="http://www.xbrl.org/2003/arcrole/parent-child" xlink:from="EquityPriceRiskConvertibleBondLineItems" xlink:to="EquityPriceRiskConvertibleBondAdmittedValue" xlink:title="presentation: EquityPriceRiskConvertibleBondLineItems to EquityPriceRiskConvertibleBondAdmittedValue" use="optional" order="40.0" preferredLabel="http://www.xbrl.org/2003/role/terseLabel"/>
    <link:loc xlink:type="locator" xlink:href="../../c-ross_core_2015-12-31.xsd#c-ross_EquityPriceRiskConvertibleBondRiskExposure" xlink:label="EquityPriceRiskConvertibleBondRiskExposure" xlink:title="EquityPriceRiskConvertibleBondRiskExposure"/>
    <link:presentationArc xlink:type="arc" xlink:arcrole="http://www.xbrl.org/2003/arcrole/parent-child" xlink:from="EquityPriceRiskConvertibleBondLineItems" xlink:to="EquityPriceRiskConvertibleBondRiskExposure" xlink:title="presentation: EquityPriceRiskConvertibleBondLineItems to EquityPriceRiskConvertibleBondRiskExposure" use="optional" order="50.0" preferredLabel="http://www.xbrl.org/2003/role/terseLabel"/>
    <link:loc xlink:type="locator" xlink:href="../../c-ross_core_2015-12-31.xsd#c-ross_EquityPriceRiskConvertibleBondBaseRiskFactor" xlink:label="EquityPriceRiskConvertibleBondBaseRiskFactor" xlink:title="EquityPriceRiskConvertibleBondBaseRiskFactor"/>
    <link:presentationArc xlink:type="arc" xlink:arcrole="http://www.xbrl.org/2003/arcrole/parent-child" xlink:from="EquityPriceRiskConvertibleBondLineItems" xlink:to="EquityPriceRiskConvertibleBondBaseRiskFactor" xlink:title="presentation: EquityPriceRiskConvertibleBondLineItems to EquityPriceRiskConvertibleBondBaseRiskFactor" use="optional" order="60.0" preferredLabel="http://www.xbrl.org/2003/role/terseLabel"/>
    <link:loc xlink:type="locator" xlink:href="../../c-ross_core_2015-12-31.xsd#c-ross_EquityPriceRiskConvertibleBondMinimumCapital" xlink:label="EquityPriceRiskConvertibleBondMinimumCapital" xlink:title="EquityPriceRiskConvertibleBondMinimumCapital"/>
    <link:presentationArc xlink:type="arc" xlink:arcrole="http://www.xbrl.org/2003/arcrole/parent-child" xlink:from="EquityPriceRiskConvertibleBondLineItems" xlink:to="EquityPriceRiskConvertibleBondMinimumCapital" xlink:title="presentation: EquityPriceRiskConvertibleBondLineItems to EquityPriceRiskConvertibleBondMinimumCapital" use="optional" order="70.0" preferredLabel="http://www.xbrl.org/2003/role/terseLabel"/>
    <link:loc xlink:type="locator" xlink:href="../../c-ross_core_2015-12-31.xsd#c-ross_EquityPriceRiskConvertibleBondHeldByCompanyDirectlyAbstract" xlink:label="EquityPriceRiskConvertibleBondHeldByCompanyDirectlyAbstract" xlink:title="EquityPriceRiskConvertibleBondHeldByCompanyDirectlyAbstract"/>
    <link:presentationArc xlink:type="arc" xlink:arcrole="http://www.xbrl.org/2003/arcrole/parent-child" xlink:from="EquityPriceRiskConvertibleBondHeldByCompanyDirectlyAbstract" xlink:to="EquityPriceRiskConvertibleBondTable" xlink:title="presentation: EquityPriceRiskConvertibleBondHeldByCompanyDirectlyAbstract to EquityPriceRiskConvertibleBondTable" use="optional" order="10.0" preferredLabel="http://www.xbrl.org/2003/role/label"/>
    <link:presentationArc xlink:type="arc" xlink:arcrole="http://www.xbrl.org/2003/arcrole/parent-child" xlink:from="EquityPriceRiskConvertibleBondHeldByCompanyDirectlyAbstract" xlink:to="EquityPriceRiskConvertibleBondLineItems" xlink:title="presentation: EquityPriceRiskConvertibleBondHeldByCompanyDirectlyAbstract to EquityPriceRiskConvertibleBondLineItems" use="optional" order="20.0" preferredLabel="http://www.xbrl.org/2003/role/label"/>
  </link:presentationLink>
  <link:presentationLink xlink:type="extended" xlink:role="http://xbrl.circ.gov.cn/role/c-ross_2015-12-31_role-3161400b">
    <link:loc xlink:type="locator" xlink:href="../../c-ross_core_2015-12-31.xsd#c-ross_TypesOfAssetsHeldMember" xlink:label="TypesOfAssetsHeldMember" xlink:title="TypesOfAssetsHeldMember"/>
    <link:loc xlink:type="locator" xlink:href="../../c-ross_core_2015-12-31.xsd#c-ross_HeldByLookThroughMethodMember" xlink:label="HeldByLookThroughMethodMember" xlink:title="HeldByLookThroughMethodMember"/>
    <link:presentationArc xlink:type="arc" xlink:arcrole="http://www.xbrl.org/2003/arcrole/parent-child" xlink:from="TypesOfAssetsHeldMember" xlink:to="HeldByLookThroughMethodMember" xlink:title="presentation: TypesOfAssetsHeldMember to HeldByLookThroughMethodMember" use="optional" order="10.0" preferredLabel="http://www.xbrl.org/2003/role/label"/>
    <link:loc xlink:type="locator" xlink:href="../../c-ross_core_2015-12-31.xsd#c-ross_EquityPriceRiskConvertibleBondTable" xlink:label="EquityPriceRiskConvertibleBondTable" xlink:title="EquityPriceRiskConvertibleBondTable"/>
    <link:loc xlink:type="locator" xlink:href="../../c-ross_core_2015-12-31.xsd#c-ross_EquityPriceRiskConvertibleBondTypesOfAssetsHeldAxis" xlink:label="EquityPriceRiskConvertibleBondTypesOfAssetsHeldAxis" xlink:title="EquityPriceRiskConvertibleBondTypesOfAssetsHeldAxis"/>
    <link:presentationArc xlink:type="arc" xlink:arcrole="http://www.xbrl.org/2003/arcrole/parent-child" xlink:from="EquityPriceRiskConvertibleBondTable" xlink:to="EquityPriceRiskConvertibleBondTypesOfAssetsHeldAxis" xlink:title="presentation: EquityPriceRiskConvertibleBondTable to EquityPriceRiskConvertibleBondTypesOfAssetsHeldAxis" use="optional" order="10.0" preferredLabel="http://www.xbrl.org/2003/role/label"/>
    <link:presentationArc xlink:type="arc" xlink:arcrole="http://www.xbrl.org/2003/arcrole/parent-child" xlink:from="EquityPriceRiskConvertibleBondTypesOfAssetsHeldAxis" xlink:to="TypesOfAssetsHeldMember" xlink:title="presentation: EquityPriceRiskConvertibleBondTypesOfAssetsHeldAxis to TypesOfAssetsHeldMember" use="optional" order="10.0" preferredLabel="http://www.xbrl.org/2003/role/label"/>
    <link:loc xlink:type="locator" xlink:href="../../c-ross_core_2015-12-31.xsd#c-ross_EquityPriceRiskConvertibleBondHeldByLookThroughMethodLineNumberAxis" xlink:label="EquityPriceRiskConvertibleBondHeldByLookThroughMethodLineNumberAxis" xlink:title="EquityPriceRiskConvertibleBondHeldByLookThroughMethodLineNumberAxis"/>
    <link:presentationArc xlink:type="arc" xlink:arcrole="http://www.xbrl.org/2003/arcrole/parent-child" xlink:from="EquityPriceRiskConvertibleBondTable" xlink:to="EquityPriceRiskConvertibleBondHeldByLookThroughMethodLineNumberAxis" xlink:title="presentation: EquityPriceRiskConvertibleBondTable to EquityPriceRiskConvertibleBondHeldByLookThroughMethodLineNumberAxis" use="optional" order="20.0" preferredLabel="http://www.xbrl.org/2003/role/terseLabel"/>
    <link:loc xlink:type="locator" xlink:href="../../c-ross_core_2015-12-31.xsd#c-ross_EquityPriceRiskConvertibleBondLineItems" xlink:label="EquityPriceRiskConvertibleBondLineItems" xlink:title="EquityPriceRiskConvertibleBondLineItems"/>
    <link:loc xlink:type="locator" xlink:href="../../c-ross_core_2015-12-31.xsd#c-ross_EquityPriceRiskConvertibleBondSecurityName" xlink:label="EquityPriceRiskConvertibleBondBondName" xlink:title="EquityPriceRiskConvertibleBondBondName"/>
    <link:presentationArc xlink:type="arc" xlink:arcrole="http://www.xbrl.org/2003/arcrole/parent-child" xlink:from="EquityPriceRiskConvertibleBondLineItems" xlink:to="EquityPriceRiskConvertibleBondBondName" xlink:title="presentation: EquityPriceRiskConvertibleBondLineItems to EquityPriceRiskConvertibleBondBondName" use="optional" order="10.0" preferredLabel="http://www.xbrl.org/2003/role/terseLabel"/>
    <link:loc xlink:type="locator" xlink:href="../../c-ross_core_2015-12-31.xsd#c-ross_EquityPriceRiskConvertibleBondSecurityCode" xlink:label="EquityPriceRiskConvertibleBondMarketCode" xlink:title="EquityPriceRiskConvertibleBondMarketCode"/>
    <link:presentationArc xlink:type="arc" xlink:arcrole="http://www.xbrl.org/2003/arcrole/parent-child" xlink:from="EquityPriceRiskConvertibleBondLineItems" xlink:to="EquityPriceRiskConvertibleBondMarketCode" xlink:title="presentation: EquityPriceRiskConvertibleBondLineItems to EquityPriceRiskConvertibleBondMarketCode" use="optional" order="20.0" preferredLabel="http://www.xbrl.org/2003/role/terseLabel"/>
    <link:loc xlink:type="locator" xlink:href="../../c-ross_core_2015-12-31.xsd#c-ross_EquityPriceRiskConvertibleBondPurchaseCost" xlink:label="EquityPriceRiskConvertibleBondHoldingCost" xlink:title="EquityPriceRiskConvertibleBondHoldingCost"/>
    <link:presentationArc xlink:type="arc" xlink:arcrole="http://www.xbrl.org/2003/arcrole/parent-child" xlink:from="EquityPriceRiskConvertibleBondLineItems" xlink:to="EquityPriceRiskConvertibleBondHoldingCost" xlink:title="presentation: EquityPriceRiskConvertibleBondLineItems to EquityPriceRiskConvertibleBondHoldingCost" use="optional" order="30.0" preferredLabel="http://www.xbrl.org/2003/role/terseLabel"/>
    <link:loc xlink:type="locator" xlink:href="../../c-ross_core_2015-12-31.xsd#c-ross_EquityPriceRiskConvertibleBondAdmittedValue" xlink:label="EquityPriceRiskConvertibleBondAdmittedValue" xlink:title="EquityPriceRiskConvertibleBondAdmittedValue"/>
    <link:presentationArc xlink:type="arc" xlink:arcrole="http://www.xbrl.org/2003/arcrole/parent-child" xlink:from="EquityPriceRiskConvertibleBondLineItems" xlink:to="EquityPriceRiskConvertibleBondAdmittedValue" xlink:title="presentation: EquityPriceRiskConvertibleBondLineItems to EquityPriceRiskConvertibleBondAdmittedValue" use="optional" order="40.0" preferredLabel="http://www.xbrl.org/2003/role/terseLabel"/>
    <link:loc xlink:type="locator" xlink:href="../../c-ross_core_2015-12-31.xsd#c-ross_EquityPriceRiskConvertibleBondRiskExposure" xlink:label="EquityPriceRiskConvertibleBondRiskExposure" xlink:title="EquityPriceRiskConvertibleBondRiskExposure"/>
    <link:presentationArc xlink:type="arc" xlink:arcrole="http://www.xbrl.org/2003/arcrole/parent-child" xlink:from="EquityPriceRiskConvertibleBondLineItems" xlink:to="EquityPriceRiskConvertibleBondRiskExposure" xlink:title="presentation: EquityPriceRiskConvertibleBondLineItems to EquityPriceRiskConvertibleBondRiskExposure" use="optional" order="50.0" preferredLabel="http://www.xbrl.org/2003/role/terseLabel"/>
    <link:loc xlink:type="locator" xlink:href="../../c-ross_core_2015-12-31.xsd#c-ross_EquityPriceRiskConvertibleBondBaseRiskFactor" xlink:label="EquityPriceRiskConvertibleBondBaseRiskFactor" xlink:title="EquityPriceRiskConvertibleBondBaseRiskFactor"/>
    <link:presentationArc xlink:type="arc" xlink:arcrole="http://www.xbrl.org/2003/arcrole/parent-child" xlink:from="EquityPriceRiskConvertibleBondLineItems" xlink:to="EquityPriceRiskConvertibleBondBaseRiskFactor" xlink:title="presentation: EquityPriceRiskConvertibleBondLineItems to EquityPriceRiskConvertibleBondBaseRiskFactor" use="optional" order="60.0" preferredLabel="http://www.xbrl.org/2003/role/terseLabel"/>
    <link:loc xlink:type="locator" xlink:href="../../c-ross_core_2015-12-31.xsd#c-ross_EquityPriceRiskConvertibleBondMinimumCapital" xlink:label="EquityPriceRiskConvertibleBondMinimumCapital" xlink:title="EquityPriceRiskConvertibleBondMinimumCapital"/>
    <link:presentationArc xlink:type="arc" xlink:arcrole="http://www.xbrl.org/2003/arcrole/parent-child" xlink:from="EquityPriceRiskConvertibleBondLineItems" xlink:to="EquityPriceRiskConvertibleBondMinimumCapital" xlink:title="presentation: EquityPriceRiskConvertibleBondLineItems to EquityPriceRiskConvertibleBondMinimumCapital" use="optional" order="70.0" preferredLabel="http://www.xbrl.org/2003/role/terseLabel"/>
    <link:loc xlink:type="locator" xlink:href="../../c-ross_core_2015-12-31.xsd#c-ross_EquityPriceRiskConvertibleBondHeldByLookThroughMethodAbstract" xlink:label="EquityPriceRiskConvertibleBondHeldByLookThroughMethodAbstract" xlink:title="EquityPriceRiskConvertibleBondHeldByLookThroughMethodAbstract"/>
    <link:presentationArc xlink:type="arc" xlink:arcrole="http://www.xbrl.org/2003/arcrole/parent-child" xlink:from="EquityPriceRiskConvertibleBondHeldByLookThroughMethodAbstract" xlink:to="EquityPriceRiskConvertibleBondTable" xlink:title="presentation: EquityPriceRiskConvertibleBondHeldByLookThroughMethodAbstract to EquityPriceRiskConvertibleBondTable" use="optional" order="10.0" preferredLabel="http://www.xbrl.org/2003/role/label"/>
    <link:presentationArc xlink:type="arc" xlink:arcrole="http://www.xbrl.org/2003/arcrole/parent-child" xlink:from="EquityPriceRiskConvertibleBondHeldByLookThroughMethodAbstract" xlink:to="EquityPriceRiskConvertibleBondLineItems" xlink:title="presentation: EquityPriceRiskConvertibleBondHeldByLookThroughMethodAbstract to EquityPriceRiskConvertibleBondLineItems" use="optional" order="20.0" preferredLabel="http://www.xbrl.org/2003/role/label"/>
  </link:presentationLink>
</link:linkbase>
