<?xml version="1.0" encoding="UTF-8"?>

<!--
	Taxonomy: 2015-12-31 (Final)
	**********************
	Copyright © 2015 China Insurance Regulatory Commission.
	All rights reserved.  No part of this publication may be translated, reprinted or reproduced
	or utilised in any form either in whole or in part without prior permission in writing from China Insurance Regulatory Commission.
	  **********************
	-->
<link:linkbase xmlns:xsi="http://www.w3.org/2001/XMLSchema-instance" xsi:schemaLocation="http://www.xbrl.org/2003/linkbase http://www.xbrl.org/2003/xbrl-linkbase-2003-12-31.xsd" xmlns:c-ross="http://xbrl.circ.gov.cn/taxonomy/2015-12-31/c-ross" xmlns:link="http://www.xbrl.org/2003/linkbase" xmlns:q_s_pc_entry_point="http://xbrl.circ.gov.cn/taxonomy/2015-12-31/c-ross/q_s_pc_entry_point" xmlns:xlink="http://www.w3.org/1999/xlink" xmlns:xbrli="http://www.xbrl.org/2003/instance">
  <link:roleRef roleURI="http://www.xbrl.org/2009/role/netLabel" xlink:type="simple" xlink:href="http://www.xbrl.org/lrr/role/net-2009-12-16.xsd#netLabel"/>
  <link:roleRef roleURI="http://xbrl.circ.gov.cn/role/c-ross_2015-12-31_role-3161900" xlink:type="simple" xlink:href="rol_c-ross_7_2015-12-31.xsd#c-ross_2015-12-31-3161900"/>
  <link:roleRef roleURI="http://xbrl.circ.gov.cn/role/c-ross_2015-12-31_role-3161900a" xlink:type="simple" xlink:href="rol_c-ross_7_2015-12-31.xsd#c-ross_2015-12-31-3161900a"/>
  <link:presentationLink xlink:type="extended" xlink:role="http://xbrl.circ.gov.cn/role/c-ross_2015-12-31_role-3161900">
    <link:loc xlink:type="locator" xlink:href="../../c-ross_core_2015-12-31.xsd#c-ross_EquityPriceRiskShortPositionOfStockIndexFuturesOutOfEffectivenessAbstract" xlink:label="EquityPriceRiskShortPositionOfStockIndexFuturesOutOfEffectivenessAbstract" xlink:title="EquityPriceRiskShortPositionOfStockIndexFuturesOutOfEffectivenessAbstract"/>
    <link:loc xlink:type="locator" xlink:href="../../c-ross_core_2015-12-31.xsd#c-ross_EquityPriceRiskShortPositionOfStockIndexFuturesOutOfEffectivenessContractName" xlink:label="EquityPriceRiskShortPositionOfStockIndexFuturesOutOfEffectivenessContractName" xlink:title="EquityPriceRiskShortPositionOfStockIndexFuturesOutOfEffectivenessContractName"/>
    <link:presentationArc xlink:type="arc" xlink:arcrole="http://www.xbrl.org/2003/arcrole/parent-child" xlink:from="EquityPriceRiskShortPositionOfStockIndexFuturesOutOfEffectivenessAbstract" xlink:to="EquityPriceRiskShortPositionOfStockIndexFuturesOutOfEffectivenessContractName" xlink:title="presentation: EquityPriceRiskShortPositionOfStockIndexFuturesOutOfEffectivenessAbstract to EquityPriceRiskShortPositionOfStockIndexFuturesOutOfEffectivenessContractName" use="optional" order="10.0" preferredLabel="http://www.xbrl.org/2003/role/terseLabel"/>
    <link:loc xlink:type="locator" xlink:href="../../c-ross_core_2015-12-31.xsd#c-ross_EquityPriceRiskShortPositionOfStockIndexFuturesOutOfEffectivenessContractualValue" xlink:label="EquityPriceRiskShortPositionOfStockIndexFuturesOutOfEffectivenessContractualValue" xlink:title="EquityPriceRiskShortPositionOfStockIndexFuturesOutOfEffectivenessContractualValue"/>
    <link:presentationArc xlink:type="arc" xlink:arcrole="http://www.xbrl.org/2003/arcrole/parent-child" xlink:from="EquityPriceRiskShortPositionOfStockIndexFuturesOutOfEffectivenessAbstract" xlink:to="EquityPriceRiskShortPositionOfStockIndexFuturesOutOfEffectivenessContractualValue" xlink:title="presentation: EquityPriceRiskShortPositionOfStockIndexFuturesOutOfEffectivenessAbstract to EquityPriceRiskShortPositionOfStockIndexFuturesOutOfEffectivenessContractualValue" use="optional" order="20.0" preferredLabel="http://www.xbrl.org/2003/role/terseLabel"/>
    <link:loc xlink:type="locator" xlink:href="../../c-ross_core_2015-12-31.xsd#c-ross_EquityPriceRiskShortPositionOfStockIndexFuturesOutOfEffectivenessRiskFactor" xlink:label="EquityPriceRiskShortPositionOfStockIndexFuturesOutOfEffectivenessRiskFactor" xlink:title="EquityPriceRiskShortPositionOfStockIndexFuturesOutOfEffectivenessRiskFactor"/>
    <link:presentationArc xlink:type="arc" xlink:arcrole="http://www.xbrl.org/2003/arcrole/parent-child" xlink:from="EquityPriceRiskShortPositionOfStockIndexFuturesOutOfEffectivenessAbstract" xlink:to="EquityPriceRiskShortPositionOfStockIndexFuturesOutOfEffectivenessRiskFactor" xlink:title="presentation: EquityPriceRiskShortPositionOfStockIndexFuturesOutOfEffectivenessAbstract to EquityPriceRiskShortPositionOfStockIndexFuturesOutOfEffectivenessRiskFactor" use="optional" order="30.0" preferredLabel="http://www.xbrl.org/2003/role/terseLabel"/>
    <link:loc xlink:type="locator" xlink:href="../../c-ross_core_2015-12-31.xsd#c-ross_EquityPriceRiskShortPositionOfStockIndexFuturesOutOfEffectivenessMinimumCapital" xlink:label="EquityPriceRiskShortPositionOfStockIndexFuturesOutOfEffectivenessMinimumCapital" xlink:title="EquityPriceRiskShortPositionOfStockIndexFuturesOutOfEffectivenessMinimumCapital"/>
    <link:presentationArc xlink:type="arc" xlink:arcrole="http://www.xbrl.org/2003/arcrole/parent-child" xlink:from="EquityPriceRiskShortPositionOfStockIndexFuturesOutOfEffectivenessAbstract" xlink:to="EquityPriceRiskShortPositionOfStockIndexFuturesOutOfEffectivenessMinimumCapital" xlink:title="presentation: EquityPriceRiskShortPositionOfStockIndexFuturesOutOfEffectivenessAbstract to EquityPriceRiskShortPositionOfStockIndexFuturesOutOfEffectivenessMinimumCapital" use="optional" order="40.0" preferredLabel="http://www.xbrl.org/2003/role/terseLabel"/>
  </link:presentationLink>
  <link:presentationLink xlink:type="extended" xlink:role="http://xbrl.circ.gov.cn/role/c-ross_2015-12-31_role-3161900a">
    <link:loc xlink:type="locator" xlink:href="../../c-ross_core_2015-12-31.xsd#c-ross_EquityPriceRiskShortPositionOfStockIndexFuturesOutOfEffectivenessDetailsAbstract" xlink:label="EquityPriceRiskShortPositionOfStockIndexFuturesOutOfEffectivenessDetailsAbstract" xlink:title="EquityPriceRiskShortPositionOfStockIndexFuturesOutOfEffectivenessDetailsAbstract"/>
    <link:loc xlink:type="locator" xlink:href="../../c-ross_core_2015-12-31.xsd#c-ross_EquityPriceRiskShortPositionOfStockIndexFuturesOutOfEffectivenessTable" xlink:label="EquityPriceRiskShortPositionOfStockIndexFuturesOutOfEffectivenessTable" xlink:title="EquityPriceRiskShortPositionOfStockIndexFuturesOutOfEffectivenessTable"/>
    <link:presentationArc xlink:type="arc" xlink:arcrole="http://www.xbrl.org/2003/arcrole/parent-child" xlink:from="EquityPriceRiskShortPositionOfStockIndexFuturesOutOfEffectivenessDetailsAbstract" xlink:to="EquityPriceRiskShortPositionOfStockIndexFuturesOutOfEffectivenessTable" xlink:title="presentation: EquityPriceRiskShortPositionOfStockIndexFuturesOutOfEffectivenessDetailsAbstract to EquityPriceRiskShortPositionOfStockIndexFuturesOutOfEffectivenessTable" use="optional" order="10.0" preferredLabel="http://www.xbrl.org/2003/role/label"/>
    <link:loc xlink:type="locator" xlink:href="../../c-ross_core_2015-12-31.xsd#c-ross_EquityPriceRiskShortPositionOfStockIndexFuturesOutOfEffectivenessLineNumberAxis" xlink:label="EquityPriceRiskShortPositionOfStockIndexFuturesOutOfEffectivenessLineNumberAxis" xlink:title="EquityPriceRiskShortPositionOfStockIndexFuturesOutOfEffectivenessLineNumberAxis"/>
    <link:presentationArc xlink:type="arc" xlink:arcrole="http://www.xbrl.org/2003/arcrole/parent-child" xlink:from="EquityPriceRiskShortPositionOfStockIndexFuturesOutOfEffectivenessTable" xlink:to="EquityPriceRiskShortPositionOfStockIndexFuturesOutOfEffectivenessLineNumberAxis" xlink:title="presentation: EquityPriceRiskShortPositionOfStockIndexFuturesOutOfEffectivenessTable to EquityPriceRiskShortPositionOfStockIndexFuturesOutOfEffectivenessLineNumberAxis" use="optional" order="10.0" preferredLabel="http://www.xbrl.org/2003/role/terseLabel"/>
    <link:loc xlink:type="locator" xlink:href="../../c-ross_core_2015-12-31.xsd#c-ross_EquityPriceRiskShortPositionOfStockIndexFuturesOutOfEffectivenessLineItems" xlink:label="EquityPriceRiskShortPositionOfStockIndexFuturesOutOfEffectivenessLineItems" xlink:title="EquityPriceRiskShortPositionOfStockIndexFuturesOutOfEffectivenessLineItems"/>
    <link:presentationArc xlink:type="arc" xlink:arcrole="http://www.xbrl.org/2003/arcrole/parent-child" xlink:from="EquityPriceRiskShortPositionOfStockIndexFuturesOutOfEffectivenessDetailsAbstract" xlink:to="EquityPriceRiskShortPositionOfStockIndexFuturesOutOfEffectivenessLineItems" xlink:title="presentation: EquityPriceRiskShortPositionOfStockIndexFuturesOutOfEffectivenessDetailsAbstract to EquityPriceRiskShortPositionOfStockIndexFuturesOutOfEffectivenessLineItems" use="optional" order="20.0" preferredLabel="http://www.xbrl.org/2003/role/label"/>
    <link:loc xlink:type="locator" xlink:href="../../c-ross_core_2015-12-31.xsd#c-ross_EquityPriceRiskShortPositionOfStockIndexFuturesOutOfEffectivenessContractName" xlink:label="EquityPriceRiskShortPositionOfStockIndexFuturesOutOfEffectivenessContractName" xlink:title="EquityPriceRiskShortPositionOfStockIndexFuturesOutOfEffectivenessContractName"/>
    <link:presentationArc xlink:type="arc" xlink:arcrole="http://www.xbrl.org/2003/arcrole/parent-child" xlink:from="EquityPriceRiskShortPositionOfStockIndexFuturesOutOfEffectivenessLineItems" xlink:to="EquityPriceRiskShortPositionOfStockIndexFuturesOutOfEffectivenessContractName" xlink:title="presentation: EquityPriceRiskShortPositionOfStockIndexFuturesOutOfEffectivenessLineItems to EquityPriceRiskShortPositionOfStockIndexFuturesOutOfEffectivenessContractName" use="optional" order="10.0" preferredLabel="http://www.xbrl.org/2003/role/terseLabel"/>
    <link:loc xlink:type="locator" xlink:href="../../c-ross_core_2015-12-31.xsd#c-ross_EquityPriceRiskShortPositionOfStockIndexFuturesOutOfEffectivenessContractualValue" xlink:label="EquityPriceRiskShortPositionOfStockIndexFuturesOutOfEffectivenessContractualValue" xlink:title="EquityPriceRiskShortPositionOfStockIndexFuturesOutOfEffectivenessContractualValue"/>
    <link:presentationArc xlink:type="arc" xlink:arcrole="http://www.xbrl.org/2003/arcrole/parent-child" xlink:from="EquityPriceRiskShortPositionOfStockIndexFuturesOutOfEffectivenessLineItems" xlink:to="EquityPriceRiskShortPositionOfStockIndexFuturesOutOfEffectivenessContractualValue" xlink:title="presentation: EquityPriceRiskShortPositionOfStockIndexFuturesOutOfEffectivenessLineItems to EquityPriceRiskShortPositionOfStockIndexFuturesOutOfEffectivenessContractualValue" use="optional" order="20.0" preferredLabel="http://www.xbrl.org/2003/role/terseLabel"/>
    <link:loc xlink:type="locator" xlink:href="../../c-ross_core_2015-12-31.xsd#c-ross_EquityPriceRiskShortPositionOfStockIndexFuturesOutOfEffectivenessRiskFactor" xlink:label="EquityPriceRiskShortPositionOfStockIndexFuturesOutOfEffectivenessRiskFactor" xlink:title="EquityPriceRiskShortPositionOfStockIndexFuturesOutOfEffectivenessRiskFactor"/>
    <link:presentationArc xlink:type="arc" xlink:arcrole="http://www.xbrl.org/2003/arcrole/parent-child" xlink:from="EquityPriceRiskShortPositionOfStockIndexFuturesOutOfEffectivenessLineItems" xlink:to="EquityPriceRiskShortPositionOfStockIndexFuturesOutOfEffectivenessRiskFactor" xlink:title="presentation: EquityPriceRiskShortPositionOfStockIndexFuturesOutOfEffectivenessLineItems to EquityPriceRiskShortPositionOfStockIndexFuturesOutOfEffectivenessRiskFactor" use="optional" order="30.0" preferredLabel="http://www.xbrl.org/2003/role/terseLabel"/>
    <link:loc xlink:type="locator" xlink:href="../../c-ross_core_2015-12-31.xsd#c-ross_EquityPriceRiskShortPositionOfStockIndexFuturesOutOfEffectivenessMinimumCapital" xlink:label="EquityPriceRiskShortPositionOfStockIndexFuturesOutOfEffectivenessMinimumCapital" xlink:title="EquityPriceRiskShortPositionOfStockIndexFuturesOutOfEffectivenessMinimumCapital"/>
    <link:presentationArc xlink:type="arc" xlink:arcrole="http://www.xbrl.org/2003/arcrole/parent-child" xlink:from="EquityPriceRiskShortPositionOfStockIndexFuturesOutOfEffectivenessLineItems" xlink:to="EquityPriceRiskShortPositionOfStockIndexFuturesOutOfEffectivenessMinimumCapital" xlink:title="presentation: EquityPriceRiskShortPositionOfStockIndexFuturesOutOfEffectivenessLineItems to EquityPriceRiskShortPositionOfStockIndexFuturesOutOfEffectivenessMinimumCapital" use="optional" order="40.0" preferredLabel="http://www.xbrl.org/2003/role/terseLabel"/>
  </link:presentationLink>
</link:linkbase>
