<?xml version="1.0" encoding="UTF-8"?>

<!--
	Taxonomy: 2015-12-31 (Final)
	**********************
	Copyright © 2015 China Insurance Regulatory Commission.
	All rights reserved.  No part of this publication may be translated, reprinted or reproduced
	or utilised in any form either in whole or in part without prior permission in writing from China Insurance Regulatory Commission.
	  **********************
	-->
<link:linkbase xmlns:xsi="http://www.w3.org/2001/XMLSchema-instance" xsi:schemaLocation="http://www.xbrl.org/2003/linkbase http://www.xbrl.org/2003/xbrl-linkbase-2003-12-31.xsd" xmlns:c-ross="http://xbrl.circ.gov.cn/taxonomy/2015-12-31/c-ross" xmlns:link="http://www.xbrl.org/2003/linkbase" xmlns:q_s_pc_entry_point="http://xbrl.circ.gov.cn/taxonomy/2015-12-31/c-ross/q_s_pc_entry_point" xmlns:xlink="http://www.w3.org/1999/xlink" xmlns:xbrli="http://www.xbrl.org/2003/instance">
  <link:roleRef roleURI="http://www.xbrl.org/2009/role/netLabel" xlink:type="simple" xlink:href="http://www.xbrl.org/lrr/role/net-2009-12-16.xsd#netLabel"/>
  <link:roleRef roleURI="http://xbrl.circ.gov.cn/role/c-ross_2015-12-31_role-3162600" xlink:type="simple" xlink:href="rol_c-ross_7_2015-12-31.xsd#c-ross_2015-12-31-3162600"/>
  <link:roleRef roleURI="http://xbrl.circ.gov.cn/role/c-ross_2015-12-31_role-3162600a" xlink:type="simple" xlink:href="rol_c-ross_7_2015-12-31.xsd#c-ross_2015-12-31-3162600a"/>
  <link:roleRef roleURI="http://xbrl.circ.gov.cn/role/c-ross_2015-12-31_role-3162600b" xlink:type="simple" xlink:href="rol_c-ross_7_2015-12-31.xsd#c-ross_2015-12-31-3162600b"/>
  <link:roleRef roleURI="http://xbrl.circ.gov.cn/role/c-ross_2015-12-31_role-3162600c" xlink:type="simple" xlink:href="rol_c-ross_7_2015-12-31.xsd#c-ross_2015-12-31-3162600c"/>
  <link:roleRef roleURI="http://xbrl.circ.gov.cn/role/c-ross_2015-12-31_role-3162600d" xlink:type="simple" xlink:href="rol_c-ross_7_2015-12-31.xsd#c-ross_2015-12-31-3162600d"/>
  <link:presentationLink xlink:type="extended" xlink:role="http://xbrl.circ.gov.cn/role/c-ross_2015-12-31_role-3162600">
    <link:loc xlink:type="locator" xlink:href="../../c-ross_core_2015-12-31.xsd#c-ross_TypesOfAssetsHeldMember" xlink:label="TypesOfAssetsHeldMember" xlink:title="TypesOfAssetsHeldMember"/>
    <link:loc xlink:type="locator" xlink:href="../../c-ross_core_2015-12-31.xsd#c-ross_HeldByCompanyDirectlyMember" xlink:label="HeldByCompanyDirectlyMember" xlink:title="HeldByCompanyDirectlyMember"/>
    <link:presentationArc xlink:type="arc" xlink:arcrole="http://www.xbrl.org/2003/arcrole/parent-child" xlink:from="TypesOfAssetsHeldMember" xlink:to="HeldByCompanyDirectlyMember" xlink:title="presentation: TypesOfAssetsHeldMember to HeldByCompanyDirectlyMember" use="optional" order="10.0" preferredLabel="http://www.xbrl.org/2003/role/label"/>
    <link:loc xlink:type="locator" xlink:href="../../c-ross_core_2015-12-31.xsd#c-ross_HeldByLookThroughMethodMember" xlink:label="HeldByLookThroughMethodMember" xlink:title="HeldByLookThroughMethodMember"/>
    <link:presentationArc xlink:type="arc" xlink:arcrole="http://www.xbrl.org/2003/arcrole/parent-child" xlink:from="TypesOfAssetsHeldMember" xlink:to="HeldByLookThroughMethodMember" xlink:title="presentation: TypesOfAssetsHeldMember to HeldByLookThroughMethodMember" use="optional" order="20.0" preferredLabel="http://www.xbrl.org/2003/role/label"/>
    <link:loc xlink:type="locator" xlink:href="../../c-ross_core_2015-12-31.xsd#c-ross_PriceRiskOfOverseasEquityInvestmentAssetsDetailsAbstract" xlink:label="PriceRiskOfOverseasEquityInvestmentAssetsDetailsAbstract" xlink:title="PriceRiskOfOverseasEquityInvestmentAssetsDetailsAbstract"/>
    <link:loc xlink:type="locator" xlink:href="../../c-ross_core_2015-12-31.xsd#c-ross_PriceRiskOfOverseasEquityInvestmentAssetsDetailsTable" xlink:label="PriceRiskOfOverseasEquityInvestmentAssetsDetailsTable" xlink:title="PriceRiskOfOverseasEquityInvestmentAssetsDetailsTable"/>
    <link:presentationArc xlink:type="arc" xlink:arcrole="http://www.xbrl.org/2003/arcrole/parent-child" xlink:from="PriceRiskOfOverseasEquityInvestmentAssetsDetailsAbstract" xlink:to="PriceRiskOfOverseasEquityInvestmentAssetsDetailsTable" xlink:title="presentation: PriceRiskOfOverseasEquityInvestmentAssetsDetailsAbstract to PriceRiskOfOverseasEquityInvestmentAssetsDetailsTable" use="optional" order="10.0" preferredLabel="http://www.xbrl.org/2003/role/label"/>
    <link:loc xlink:type="locator" xlink:href="../../c-ross_core_2015-12-31.xsd#c-ross_TypesOfOverseasEquityInvestmentAssetsHeldAxis" xlink:label="TypesOfOverseasEquityInvestmentAssetsHeldAxis" xlink:title="TypesOfOverseasEquityInvestmentAssetsHeldAxis"/>
    <link:presentationArc xlink:type="arc" xlink:arcrole="http://www.xbrl.org/2003/arcrole/parent-child" xlink:from="PriceRiskOfOverseasEquityInvestmentAssetsDetailsTable" xlink:to="TypesOfOverseasEquityInvestmentAssetsHeldAxis" xlink:title="presentation: PriceRiskOfOverseasEquityInvestmentAssetsDetailsTable to TypesOfOverseasEquityInvestmentAssetsHeldAxis" use="optional" order="10.0" preferredLabel="http://www.xbrl.org/2003/role/label"/>
    <link:presentationArc xlink:type="arc" xlink:arcrole="http://www.xbrl.org/2003/arcrole/parent-child" xlink:from="TypesOfOverseasEquityInvestmentAssetsHeldAxis" xlink:to="TypesOfAssetsHeldMember" xlink:title="presentation: TypesOfOverseasEquityInvestmentAssetsHeldAxis to TypesOfAssetsHeldMember" use="optional" order="10.0" preferredLabel="http://www.xbrl.org/2003/role/label"/>
    <link:loc xlink:type="locator" xlink:href="../../c-ross_core_2015-12-31.xsd#c-ross_OverseasEquityInvestmentAssetsTypesOfMarketAxis" xlink:label="OverseasEquityInvestmentAssetsTypesOfMarketAxis" xlink:title="OverseasEquityInvestmentAssetsTypesOfMarketAxis"/>
    <link:presentationArc xlink:type="arc" xlink:arcrole="http://www.xbrl.org/2003/arcrole/parent-child" xlink:from="PriceRiskOfOverseasEquityInvestmentAssetsDetailsTable" xlink:to="OverseasEquityInvestmentAssetsTypesOfMarketAxis" xlink:title="presentation: PriceRiskOfOverseasEquityInvestmentAssetsDetailsTable to OverseasEquityInvestmentAssetsTypesOfMarketAxis" use="optional" order="20.0" preferredLabel="http://www.xbrl.org/2003/role/label"/>
    <link:loc xlink:type="locator" xlink:href="../../c-ross_core_2015-12-31.xsd#c-ross_OverseasEquityInvestmentAssetsTypesOfMarketMember" xlink:label="OverseasEquityInvestmentAssetsTypesOfMarketMember" xlink:title="OverseasEquityInvestmentAssetsTypesOfMarketMember"/>
    <link:presentationArc xlink:type="arc" xlink:arcrole="http://www.xbrl.org/2003/arcrole/parent-child" xlink:from="OverseasEquityInvestmentAssetsTypesOfMarketAxis" xlink:to="OverseasEquityInvestmentAssetsTypesOfMarketMember" xlink:title="presentation: OverseasEquityInvestmentAssetsTypesOfMarketAxis to OverseasEquityInvestmentAssetsTypesOfMarketMember" use="optional" order="10.0" preferredLabel="http://www.xbrl.org/2003/role/label"/>
    <link:loc xlink:type="locator" xlink:href="../../c-ross_core_2015-12-31.xsd#c-ross_DevelopedMarketsMember" xlink:label="DevelopedMarketsMember" xlink:title="DevelopedMarketsMember"/>
    <link:presentationArc xlink:type="arc" xlink:arcrole="http://www.xbrl.org/2003/arcrole/parent-child" xlink:from="OverseasEquityInvestmentAssetsTypesOfMarketMember" xlink:to="DevelopedMarketsMember" xlink:title="presentation: OverseasEquityInvestmentAssetsTypesOfMarketMember to DevelopedMarketsMember" use="optional" order="10.0" preferredLabel="http://www.xbrl.org/2003/role/label"/>
    <link:loc xlink:type="locator" xlink:href="../../c-ross_core_2015-12-31.xsd#c-ross_EmergingMarketsMember" xlink:label="EmergingMarketsMember" xlink:title="EmergingMarketsMember"/>
    <link:presentationArc xlink:type="arc" xlink:arcrole="http://www.xbrl.org/2003/arcrole/parent-child" xlink:from="OverseasEquityInvestmentAssetsTypesOfMarketMember" xlink:to="EmergingMarketsMember" xlink:title="presentation: OverseasEquityInvestmentAssetsTypesOfMarketMember to EmergingMarketsMember" use="optional" order="20.0" preferredLabel="http://www.xbrl.org/2003/role/label"/>
    <link:loc xlink:type="locator" xlink:href="../../c-ross_core_2015-12-31.xsd#c-ross_PriceRiskOfOverseasEquityInvestmentAssetsDetailsLineItems" xlink:label="PriceRiskOfOverseasEquityInvestmentAssetsDetailsLineItems" xlink:title="PriceRiskOfOverseasEquityInvestmentAssetsDetailsLineItems"/>
    <link:presentationArc xlink:type="arc" xlink:arcrole="http://www.xbrl.org/2003/arcrole/parent-child" xlink:from="PriceRiskOfOverseasEquityInvestmentAssetsDetailsAbstract" xlink:to="PriceRiskOfOverseasEquityInvestmentAssetsDetailsLineItems" xlink:title="presentation: PriceRiskOfOverseasEquityInvestmentAssetsDetailsAbstract to PriceRiskOfOverseasEquityInvestmentAssetsDetailsLineItems" use="optional" order="20.0" preferredLabel="http://www.xbrl.org/2003/role/label"/>
    <link:loc xlink:type="locator" xlink:href="../../c-ross_core_2015-12-31.xsd#c-ross_OverseasAssetPriceRiskOverseasEquityInvestmentAssetsAssetName" xlink:label="PriceRiskNameOfOverseasEquityInvestmentAssets" xlink:title="PriceRiskNameOfOverseasEquityInvestmentAssets"/>
    <link:presentationArc xlink:type="arc" xlink:arcrole="http://www.xbrl.org/2003/arcrole/parent-child" xlink:from="PriceRiskOfOverseasEquityInvestmentAssetsDetailsLineItems" xlink:to="PriceRiskNameOfOverseasEquityInvestmentAssets" xlink:title="presentation: PriceRiskOfOverseasEquityInvestmentAssetsDetailsLineItems to PriceRiskNameOfOverseasEquityInvestmentAssets" use="optional" order="10.0" preferredLabel="http://www.xbrl.org/2003/role/terseLabel"/>
    <link:loc xlink:type="locator" xlink:href="../../c-ross_core_2015-12-31.xsd#c-ross_OverseasAssetPriceRiskOverseasEquityInvestmentAssetsAssetsCode" xlink:label="PriceRiskOverseasEquityInvestmentAssetsAssetCode" xlink:title="PriceRiskOverseasEquityInvestmentAssetsAssetCode"/>
    <link:presentationArc xlink:type="arc" xlink:arcrole="http://www.xbrl.org/2003/arcrole/parent-child" xlink:from="PriceRiskOfOverseasEquityInvestmentAssetsDetailsLineItems" xlink:to="PriceRiskOverseasEquityInvestmentAssetsAssetCode" xlink:title="presentation: PriceRiskOfOverseasEquityInvestmentAssetsDetailsLineItems to PriceRiskOverseasEquityInvestmentAssetsAssetCode" use="optional" order="20.0" preferredLabel="http://www.xbrl.org/2003/role/terseLabel"/>
    <link:loc xlink:type="locator" xlink:href="../../c-ross_core_2015-12-31.xsd#c-ross_OverseasAssetPriceRiskOverseasEquityInvestmentAssetsHoldingNumber" xlink:label="PriceRiskOverseasEquityInvestmentAssetsHoldingNumber" xlink:title="PriceRiskOverseasEquityInvestmentAssetsHoldingNumber"/>
    <link:presentationArc xlink:type="arc" xlink:arcrole="http://www.xbrl.org/2003/arcrole/parent-child" xlink:from="PriceRiskOfOverseasEquityInvestmentAssetsDetailsLineItems" xlink:to="PriceRiskOverseasEquityInvestmentAssetsHoldingNumber" xlink:title="presentation: PriceRiskOfOverseasEquityInvestmentAssetsDetailsLineItems to PriceRiskOverseasEquityInvestmentAssetsHoldingNumber" use="optional" order="30.0" preferredLabel="http://www.xbrl.org/2003/role/terseLabel"/>
    <link:loc xlink:type="locator" xlink:href="../../c-ross_core_2015-12-31.xsd#c-ross_OverseasAssetPriceRiskOverseasEquityInvestmentAssetsPurchaseCost" xlink:label="PriceRiskOverseasEquityInvestmentAssetsHoldingCost" xlink:title="PriceRiskOverseasEquityInvestmentAssetsHoldingCost"/>
    <link:presentationArc xlink:type="arc" xlink:arcrole="http://www.xbrl.org/2003/arcrole/parent-child" xlink:from="PriceRiskOfOverseasEquityInvestmentAssetsDetailsLineItems" xlink:to="PriceRiskOverseasEquityInvestmentAssetsHoldingCost" xlink:title="presentation: PriceRiskOfOverseasEquityInvestmentAssetsDetailsLineItems to PriceRiskOverseasEquityInvestmentAssetsHoldingCost" use="optional" order="40.0" preferredLabel="http://www.xbrl.org/2003/role/terseLabel"/>
    <link:loc xlink:type="locator" xlink:href="../../c-ross_core_2015-12-31.xsd#c-ross_OverseasAssetPriceRiskOverseasEquityInvestmentAssetsAdmittedValue" xlink:label="PriceRiskOverseasEquityInvestmentAssetsAdmittedValue" xlink:title="PriceRiskOverseasEquityInvestmentAssetsAdmittedValue"/>
    <link:presentationArc xlink:type="arc" xlink:arcrole="http://www.xbrl.org/2003/arcrole/parent-child" xlink:from="PriceRiskOfOverseasEquityInvestmentAssetsDetailsLineItems" xlink:to="PriceRiskOverseasEquityInvestmentAssetsAdmittedValue" xlink:title="presentation: PriceRiskOfOverseasEquityInvestmentAssetsDetailsLineItems to PriceRiskOverseasEquityInvestmentAssetsAdmittedValue" use="optional" order="50.0" preferredLabel="http://www.xbrl.org/2003/role/terseLabel"/>
    <link:loc xlink:type="locator" xlink:href="../../c-ross_core_2015-12-31.xsd#c-ross_OverseasAssetPriceRiskOverseasEquityInvestmentAssetsRiskExposure" xlink:label="PriceRiskOverseasEquityInvestmentAssetsRiskExposure" xlink:title="PriceRiskOverseasEquityInvestmentAssetsRiskExposure"/>
    <link:presentationArc xlink:type="arc" xlink:arcrole="http://www.xbrl.org/2003/arcrole/parent-child" xlink:from="PriceRiskOfOverseasEquityInvestmentAssetsDetailsLineItems" xlink:to="PriceRiskOverseasEquityInvestmentAssetsRiskExposure" xlink:title="presentation: PriceRiskOfOverseasEquityInvestmentAssetsDetailsLineItems to PriceRiskOverseasEquityInvestmentAssetsRiskExposure" use="optional" order="60.0" preferredLabel="http://www.xbrl.org/2003/role/terseLabel"/>
    <link:loc xlink:type="locator" xlink:href="../../c-ross_core_2015-12-31.xsd#c-ross_OverseasAssetPriceRiskOverseasEquityInvestmentAssetsBaseRiskFactor" xlink:label="PriceRiskOverseasEquityInvestmentAssetsBaseRiskFactor" xlink:title="PriceRiskOverseasEquityInvestmentAssetsBaseRiskFactor"/>
    <link:presentationArc xlink:type="arc" xlink:arcrole="http://www.xbrl.org/2003/arcrole/parent-child" xlink:from="PriceRiskOfOverseasEquityInvestmentAssetsDetailsLineItems" xlink:to="PriceRiskOverseasEquityInvestmentAssetsBaseRiskFactor" xlink:title="presentation: PriceRiskOfOverseasEquityInvestmentAssetsDetailsLineItems to PriceRiskOverseasEquityInvestmentAssetsBaseRiskFactor" use="optional" order="70.0" preferredLabel="http://www.xbrl.org/2003/role/terseLabel"/>
    <link:loc xlink:type="locator" xlink:href="../../c-ross_core_2015-12-31.xsd#c-ross_MarketRiskMinimumCapitalForOverseasEquityInvestmentAssetsPriceRisk" xlink:label="MarketRiskMinimumCapitalForOverseasEquityInvestmentAssetsPriceRisk" xlink:title="MarketRiskMinimumCapitalForOverseasEquityInvestmentAssetsPriceRisk"/>
    <link:presentationArc xlink:type="arc" xlink:arcrole="http://www.xbrl.org/2003/arcrole/parent-child" xlink:from="PriceRiskOfOverseasEquityInvestmentAssetsDetailsLineItems" xlink:to="MarketRiskMinimumCapitalForOverseasEquityInvestmentAssetsPriceRisk" xlink:title="presentation: PriceRiskOfOverseasEquityInvestmentAssetsDetailsLineItems to MarketRiskMinimumCapitalForOverseasEquityInvestmentAssetsPriceRisk" use="optional" order="80.0" preferredLabel="http://www.xbrl.org/2003/role/terseLabel"/>
  </link:presentationLink>
  <link:presentationLink xlink:type="extended" xlink:role="http://xbrl.circ.gov.cn/role/c-ross_2015-12-31_role-3162600a">
    <link:loc xlink:type="locator" xlink:href="../../c-ross_core_2015-12-31.xsd#c-ross_TypesOfAssetsHeldMember" xlink:label="TypesOfAssetsHeldMember" xlink:title="TypesOfAssetsHeldMember"/>
    <link:loc xlink:type="locator" xlink:href="../../c-ross_core_2015-12-31.xsd#c-ross_HeldByCompanyDirectlyMember" xlink:label="HeldByCompanyDirectlyMember" xlink:title="HeldByCompanyDirectlyMember"/>
    <link:presentationArc xlink:type="arc" xlink:arcrole="http://www.xbrl.org/2003/arcrole/parent-child" xlink:from="TypesOfAssetsHeldMember" xlink:to="HeldByCompanyDirectlyMember" xlink:title="presentation: TypesOfAssetsHeldMember to HeldByCompanyDirectlyMember" use="optional" order="10.0" preferredLabel="http://www.xbrl.org/2003/role/label"/>
    <link:loc xlink:type="locator" xlink:href="../../c-ross_core_2015-12-31.xsd#c-ross_PriceRiskOfOverseasEquityInvestmentAssetsDetailsTable" xlink:label="PriceRiskOfOverseasEquityInvestmentAssetsDetailsTable" xlink:title="PriceRiskOfOverseasEquityInvestmentAssetsDetailsTable"/>
    <link:loc xlink:type="locator" xlink:href="../../c-ross_core_2015-12-31.xsd#c-ross_TypesOfOverseasEquityInvestmentAssetsHeldAxis" xlink:label="TypesOfOverseasEquityInvestmentAssetsHeldAxis" xlink:title="TypesOfOverseasEquityInvestmentAssetsHeldAxis"/>
    <link:presentationArc xlink:type="arc" xlink:arcrole="http://www.xbrl.org/2003/arcrole/parent-child" xlink:from="PriceRiskOfOverseasEquityInvestmentAssetsDetailsTable" xlink:to="TypesOfOverseasEquityInvestmentAssetsHeldAxis" xlink:title="presentation: PriceRiskOfOverseasEquityInvestmentAssetsDetailsTable to TypesOfOverseasEquityInvestmentAssetsHeldAxis" use="optional" order="10.0" preferredLabel="http://www.xbrl.org/2003/role/label"/>
    <link:presentationArc xlink:type="arc" xlink:arcrole="http://www.xbrl.org/2003/arcrole/parent-child" xlink:from="TypesOfOverseasEquityInvestmentAssetsHeldAxis" xlink:to="TypesOfAssetsHeldMember" xlink:title="presentation: TypesOfOverseasEquityInvestmentAssetsHeldAxis to TypesOfAssetsHeldMember" use="optional" order="10.0" preferredLabel="http://www.xbrl.org/2003/role/label"/>
    <link:loc xlink:type="locator" xlink:href="../../c-ross_core_2015-12-31.xsd#c-ross_OverseasEquityInvestmentAssetsTypesOfMarketAxis" xlink:label="OverseasEquityInvestmentAssetsTypesOfMarketAxis" xlink:title="OverseasEquityInvestmentAssetsTypesOfMarketAxis"/>
    <link:presentationArc xlink:type="arc" xlink:arcrole="http://www.xbrl.org/2003/arcrole/parent-child" xlink:from="PriceRiskOfOverseasEquityInvestmentAssetsDetailsTable" xlink:to="OverseasEquityInvestmentAssetsTypesOfMarketAxis" xlink:title="presentation: PriceRiskOfOverseasEquityInvestmentAssetsDetailsTable to OverseasEquityInvestmentAssetsTypesOfMarketAxis" use="optional" order="20.0" preferredLabel="http://www.xbrl.org/2003/role/label"/>
    <link:loc xlink:type="locator" xlink:href="../../c-ross_core_2015-12-31.xsd#c-ross_OverseasEquityInvestmentAssetsTypesOfMarketMember" xlink:label="OverseasEquityInvestmentAssetsTypesOfMarketMember" xlink:title="OverseasEquityInvestmentAssetsTypesOfMarketMember"/>
    <link:presentationArc xlink:type="arc" xlink:arcrole="http://www.xbrl.org/2003/arcrole/parent-child" xlink:from="OverseasEquityInvestmentAssetsTypesOfMarketAxis" xlink:to="OverseasEquityInvestmentAssetsTypesOfMarketMember" xlink:title="presentation: OverseasEquityInvestmentAssetsTypesOfMarketAxis to OverseasEquityInvestmentAssetsTypesOfMarketMember" use="optional" order="10.0" preferredLabel="http://www.xbrl.org/2003/role/label"/>
    <link:loc xlink:type="locator" xlink:href="../../c-ross_core_2015-12-31.xsd#c-ross_DevelopedMarketsMember" xlink:label="DevelopedMarketsMember" xlink:title="DevelopedMarketsMember"/>
    <link:presentationArc xlink:type="arc" xlink:arcrole="http://www.xbrl.org/2003/arcrole/parent-child" xlink:from="OverseasEquityInvestmentAssetsTypesOfMarketMember" xlink:to="DevelopedMarketsMember" xlink:title="presentation: OverseasEquityInvestmentAssetsTypesOfMarketMember to DevelopedMarketsMember" use="optional" order="10.0" preferredLabel="http://www.xbrl.org/2003/role/label"/>
    <link:loc xlink:type="locator" xlink:href="../../c-ross_core_2015-12-31.xsd#c-ross_OverseasAssetPriceRiskOverseasEquityInvestmentAssetsDevelopedMarketsHeldByCompanyDirectlyLineNumberAxis" xlink:label="PriceRiskOverseasEquityInvestmentAssetsDevelopedMarketsFixedIncomeSecuritiesHeldByCompanyDirectlyLineNumberAxis" xlink:title="PriceRiskOverseasEquityInvestmentAssetsDevelopedMarketsFixedIncomeSecuritiesHeldByCompanyDirectlyLineNumberAxis"/>
    <link:presentationArc xlink:type="arc" xlink:arcrole="http://www.xbrl.org/2003/arcrole/parent-child" xlink:from="PriceRiskOfOverseasEquityInvestmentAssetsDetailsTable" xlink:to="PriceRiskOverseasEquityInvestmentAssetsDevelopedMarketsFixedIncomeSecuritiesHeldByCompanyDirectlyLineNumberAxis" xlink:title="presentation: PriceRiskOfOverseasEquityInvestmentAssetsDetailsTable to PriceRiskOverseasEquityInvestmentAssetsDevelopedMarketsFixedIncomeSecuritiesHeldByCompanyDirectlyLineNumberAxis" use="optional" order="30.0" preferredLabel="http://www.xbrl.org/2003/role/terseLabel"/>
    <link:loc xlink:type="locator" xlink:href="../../c-ross_core_2015-12-31.xsd#c-ross_PriceRiskOfOverseasEquityInvestmentAssetsDetailsLineItems" xlink:label="PriceRiskOfOverseasEquityInvestmentAssetsDetailsLineItems" xlink:title="PriceRiskOfOverseasEquityInvestmentAssetsDetailsLineItems"/>
    <link:loc xlink:type="locator" xlink:href="../../c-ross_core_2015-12-31.xsd#c-ross_OverseasAssetPriceRiskOverseasEquityInvestmentAssetsAssetName" xlink:label="PriceRiskNameOfOverseasEquityInvestmentAssets" xlink:title="PriceRiskNameOfOverseasEquityInvestmentAssets"/>
    <link:presentationArc xlink:type="arc" xlink:arcrole="http://www.xbrl.org/2003/arcrole/parent-child" xlink:from="PriceRiskOfOverseasEquityInvestmentAssetsDetailsLineItems" xlink:to="PriceRiskNameOfOverseasEquityInvestmentAssets" xlink:title="presentation: PriceRiskOfOverseasEquityInvestmentAssetsDetailsLineItems to PriceRiskNameOfOverseasEquityInvestmentAssets" use="optional" order="10.0" preferredLabel="http://www.xbrl.org/2003/role/terseLabel"/>
    <link:loc xlink:type="locator" xlink:href="../../c-ross_core_2015-12-31.xsd#c-ross_OverseasAssetPriceRiskOverseasEquityInvestmentAssetsAssetsCode" xlink:label="PriceRiskOverseasEquityInvestmentAssetsAssetCode" xlink:title="PriceRiskOverseasEquityInvestmentAssetsAssetCode"/>
    <link:presentationArc xlink:type="arc" xlink:arcrole="http://www.xbrl.org/2003/arcrole/parent-child" xlink:from="PriceRiskOfOverseasEquityInvestmentAssetsDetailsLineItems" xlink:to="PriceRiskOverseasEquityInvestmentAssetsAssetCode" xlink:title="presentation: PriceRiskOfOverseasEquityInvestmentAssetsDetailsLineItems to PriceRiskOverseasEquityInvestmentAssetsAssetCode" use="optional" order="20.0" preferredLabel="http://www.xbrl.org/2003/role/terseLabel"/>
    <link:loc xlink:type="locator" xlink:href="../../c-ross_core_2015-12-31.xsd#c-ross_OverseasAssetPriceRiskOverseasEquityInvestmentAssetsHoldingNumber" xlink:label="PriceRiskOverseasEquityInvestmentAssetsHoldingNumber" xlink:title="PriceRiskOverseasEquityInvestmentAssetsHoldingNumber"/>
    <link:presentationArc xlink:type="arc" xlink:arcrole="http://www.xbrl.org/2003/arcrole/parent-child" xlink:from="PriceRiskOfOverseasEquityInvestmentAssetsDetailsLineItems" xlink:to="PriceRiskOverseasEquityInvestmentAssetsHoldingNumber" xlink:title="presentation: PriceRiskOfOverseasEquityInvestmentAssetsDetailsLineItems to PriceRiskOverseasEquityInvestmentAssetsHoldingNumber" use="optional" order="30.0" preferredLabel="http://www.xbrl.org/2003/role/terseLabel"/>
    <link:loc xlink:type="locator" xlink:href="../../c-ross_core_2015-12-31.xsd#c-ross_OverseasAssetPriceRiskOverseasEquityInvestmentAssetsPurchaseCost" xlink:label="PriceRiskOverseasEquityInvestmentAssetsHoldingCost" xlink:title="PriceRiskOverseasEquityInvestmentAssetsHoldingCost"/>
    <link:presentationArc xlink:type="arc" xlink:arcrole="http://www.xbrl.org/2003/arcrole/parent-child" xlink:from="PriceRiskOfOverseasEquityInvestmentAssetsDetailsLineItems" xlink:to="PriceRiskOverseasEquityInvestmentAssetsHoldingCost" xlink:title="presentation: PriceRiskOfOverseasEquityInvestmentAssetsDetailsLineItems to PriceRiskOverseasEquityInvestmentAssetsHoldingCost" use="optional" order="40.0" preferredLabel="http://www.xbrl.org/2003/role/terseLabel"/>
    <link:loc xlink:type="locator" xlink:href="../../c-ross_core_2015-12-31.xsd#c-ross_OverseasAssetPriceRiskOverseasEquityInvestmentAssetsAdmittedValue" xlink:label="PriceRiskOverseasEquityInvestmentAssetsAdmittedValue" xlink:title="PriceRiskOverseasEquityInvestmentAssetsAdmittedValue"/>
    <link:presentationArc xlink:type="arc" xlink:arcrole="http://www.xbrl.org/2003/arcrole/parent-child" xlink:from="PriceRiskOfOverseasEquityInvestmentAssetsDetailsLineItems" xlink:to="PriceRiskOverseasEquityInvestmentAssetsAdmittedValue" xlink:title="presentation: PriceRiskOfOverseasEquityInvestmentAssetsDetailsLineItems to PriceRiskOverseasEquityInvestmentAssetsAdmittedValue" use="optional" order="50.0" preferredLabel="http://www.xbrl.org/2003/role/terseLabel"/>
    <link:loc xlink:type="locator" xlink:href="../../c-ross_core_2015-12-31.xsd#c-ross_OverseasAssetPriceRiskOverseasEquityInvestmentAssetsRiskExposure" xlink:label="PriceRiskOverseasEquityInvestmentAssetsRiskExposure" xlink:title="PriceRiskOverseasEquityInvestmentAssetsRiskExposure"/>
    <link:presentationArc xlink:type="arc" xlink:arcrole="http://www.xbrl.org/2003/arcrole/parent-child" xlink:from="PriceRiskOfOverseasEquityInvestmentAssetsDetailsLineItems" xlink:to="PriceRiskOverseasEquityInvestmentAssetsRiskExposure" xlink:title="presentation: PriceRiskOfOverseasEquityInvestmentAssetsDetailsLineItems to PriceRiskOverseasEquityInvestmentAssetsRiskExposure" use="optional" order="60.0" preferredLabel="http://www.xbrl.org/2003/role/terseLabel"/>
    <link:loc xlink:type="locator" xlink:href="../../c-ross_core_2015-12-31.xsd#c-ross_OverseasAssetPriceRiskOverseasEquityInvestmentAssetsBaseRiskFactor" xlink:label="PriceRiskOverseasEquityInvestmentAssetsBaseRiskFactor" xlink:title="PriceRiskOverseasEquityInvestmentAssetsBaseRiskFactor"/>
    <link:presentationArc xlink:type="arc" xlink:arcrole="http://www.xbrl.org/2003/arcrole/parent-child" xlink:from="PriceRiskOfOverseasEquityInvestmentAssetsDetailsLineItems" xlink:to="PriceRiskOverseasEquityInvestmentAssetsBaseRiskFactor" xlink:title="presentation: PriceRiskOfOverseasEquityInvestmentAssetsDetailsLineItems to PriceRiskOverseasEquityInvestmentAssetsBaseRiskFactor" use="optional" order="70.0" preferredLabel="http://www.xbrl.org/2003/role/terseLabel"/>
    <link:loc xlink:type="locator" xlink:href="../../c-ross_core_2015-12-31.xsd#c-ross_MarketRiskMinimumCapitalForOverseasEquityInvestmentAssetsPriceRisk" xlink:label="MarketRiskMinimumCapitalForOverseasEquityInvestmentAssetsPriceRisk" xlink:title="MarketRiskMinimumCapitalForOverseasEquityInvestmentAssetsPriceRisk"/>
    <link:presentationArc xlink:type="arc" xlink:arcrole="http://www.xbrl.org/2003/arcrole/parent-child" xlink:from="PriceRiskOfOverseasEquityInvestmentAssetsDetailsLineItems" xlink:to="MarketRiskMinimumCapitalForOverseasEquityInvestmentAssetsPriceRisk" xlink:title="presentation: PriceRiskOfOverseasEquityInvestmentAssetsDetailsLineItems to MarketRiskMinimumCapitalForOverseasEquityInvestmentAssetsPriceRisk" use="optional" order="80.0" preferredLabel="http://www.xbrl.org/2003/role/terseLabel"/>
    <link:loc xlink:type="locator" xlink:href="../../c-ross_core_2015-12-31.xsd#c-ross_PriceRiskOfOverseasEquityInvestmentAssetsDevelopedMarketsHeldByCompanyDirectlyDetailsAbstract" xlink:label="PriceRiskOfOverseasEquityInvestmentAssetsDevelopedMarketsBondHeldByCompanyDirectlyDetailsAbstract" xlink:title="PriceRiskOfOverseasEquityInvestmentAssetsDevelopedMarketsBondHeldByCompanyDirectlyDetailsAbstract"/>
    <link:presentationArc xlink:type="arc" xlink:arcrole="http://www.xbrl.org/2003/arcrole/parent-child" xlink:from="PriceRiskOfOverseasEquityInvestmentAssetsDevelopedMarketsBondHeldByCompanyDirectlyDetailsAbstract" xlink:to="PriceRiskOfOverseasEquityInvestmentAssetsDetailsTable" xlink:title="presentation: PriceRiskOfOverseasEquityInvestmentAssetsDevelopedMarketsBondHeldByCompanyDirectlyDetailsAbstract to PriceRiskOfOverseasEquityInvestmentAssetsDetailsTable" use="optional" order="10.0" preferredLabel="http://www.xbrl.org/2003/role/label"/>
    <link:presentationArc xlink:type="arc" xlink:arcrole="http://www.xbrl.org/2003/arcrole/parent-child" xlink:from="PriceRiskOfOverseasEquityInvestmentAssetsDevelopedMarketsBondHeldByCompanyDirectlyDetailsAbstract" xlink:to="PriceRiskOfOverseasEquityInvestmentAssetsDetailsLineItems" xlink:title="presentation: PriceRiskOfOverseasEquityInvestmentAssetsDevelopedMarketsBondHeldByCompanyDirectlyDetailsAbstract to PriceRiskOfOverseasEquityInvestmentAssetsDetailsLineItems" use="optional" order="20.0" preferredLabel="http://www.xbrl.org/2003/role/label"/>
  </link:presentationLink>
  <link:presentationLink xlink:type="extended" xlink:role="http://xbrl.circ.gov.cn/role/c-ross_2015-12-31_role-3162600b">
    <link:loc xlink:type="locator" xlink:href="../../c-ross_core_2015-12-31.xsd#c-ross_TypesOfAssetsHeldMember" xlink:label="TypesOfAssetsHeldMember" xlink:title="TypesOfAssetsHeldMember"/>
    <link:loc xlink:type="locator" xlink:href="../../c-ross_core_2015-12-31.xsd#c-ross_HeldByCompanyDirectlyMember" xlink:label="HeldByCompanyDirectlyMember" xlink:title="HeldByCompanyDirectlyMember"/>
    <link:presentationArc xlink:type="arc" xlink:arcrole="http://www.xbrl.org/2003/arcrole/parent-child" xlink:from="TypesOfAssetsHeldMember" xlink:to="HeldByCompanyDirectlyMember" xlink:title="presentation: TypesOfAssetsHeldMember to HeldByCompanyDirectlyMember" use="optional" order="10.0" preferredLabel="http://www.xbrl.org/2003/role/label"/>
    <link:loc xlink:type="locator" xlink:href="../../c-ross_core_2015-12-31.xsd#c-ross_PriceRiskOfOverseasEquityInvestmentAssetsDetailsTable" xlink:label="PriceRiskOfOverseasEquityInvestmentAssetsDetailsTable" xlink:title="PriceRiskOfOverseasEquityInvestmentAssetsDetailsTable"/>
    <link:loc xlink:type="locator" xlink:href="../../c-ross_core_2015-12-31.xsd#c-ross_TypesOfOverseasEquityInvestmentAssetsHeldAxis" xlink:label="TypesOfOverseasEquityInvestmentAssetsHeldAxis" xlink:title="TypesOfOverseasEquityInvestmentAssetsHeldAxis"/>
    <link:presentationArc xlink:type="arc" xlink:arcrole="http://www.xbrl.org/2003/arcrole/parent-child" xlink:from="PriceRiskOfOverseasEquityInvestmentAssetsDetailsTable" xlink:to="TypesOfOverseasEquityInvestmentAssetsHeldAxis" xlink:title="presentation: PriceRiskOfOverseasEquityInvestmentAssetsDetailsTable to TypesOfOverseasEquityInvestmentAssetsHeldAxis" use="optional" order="10.0" preferredLabel="http://www.xbrl.org/2003/role/label"/>
    <link:presentationArc xlink:type="arc" xlink:arcrole="http://www.xbrl.org/2003/arcrole/parent-child" xlink:from="TypesOfOverseasEquityInvestmentAssetsHeldAxis" xlink:to="TypesOfAssetsHeldMember" xlink:title="presentation: TypesOfOverseasEquityInvestmentAssetsHeldAxis to TypesOfAssetsHeldMember" use="optional" order="10.0" preferredLabel="http://www.xbrl.org/2003/role/label"/>
    <link:loc xlink:type="locator" xlink:href="../../c-ross_core_2015-12-31.xsd#c-ross_OverseasEquityInvestmentAssetsTypesOfMarketAxis" xlink:label="OverseasEquityInvestmentAssetsTypesOfMarketAxis" xlink:title="OverseasEquityInvestmentAssetsTypesOfMarketAxis"/>
    <link:presentationArc xlink:type="arc" xlink:arcrole="http://www.xbrl.org/2003/arcrole/parent-child" xlink:from="PriceRiskOfOverseasEquityInvestmentAssetsDetailsTable" xlink:to="OverseasEquityInvestmentAssetsTypesOfMarketAxis" xlink:title="presentation: PriceRiskOfOverseasEquityInvestmentAssetsDetailsTable to OverseasEquityInvestmentAssetsTypesOfMarketAxis" use="optional" order="20.0" preferredLabel="http://www.xbrl.org/2003/role/label"/>
    <link:loc xlink:type="locator" xlink:href="../../c-ross_core_2015-12-31.xsd#c-ross_OverseasEquityInvestmentAssetsTypesOfMarketMember" xlink:label="OverseasEquityInvestmentAssetsTypesOfMarketMember" xlink:title="OverseasEquityInvestmentAssetsTypesOfMarketMember"/>
    <link:presentationArc xlink:type="arc" xlink:arcrole="http://www.xbrl.org/2003/arcrole/parent-child" xlink:from="OverseasEquityInvestmentAssetsTypesOfMarketAxis" xlink:to="OverseasEquityInvestmentAssetsTypesOfMarketMember" xlink:title="presentation: OverseasEquityInvestmentAssetsTypesOfMarketAxis to OverseasEquityInvestmentAssetsTypesOfMarketMember" use="optional" order="10.0" preferredLabel="http://www.xbrl.org/2003/role/label"/>
    <link:loc xlink:type="locator" xlink:href="../../c-ross_core_2015-12-31.xsd#c-ross_EmergingMarketsMember" xlink:label="EmergingMarketsMember" xlink:title="EmergingMarketsMember"/>
    <link:presentationArc xlink:type="arc" xlink:arcrole="http://www.xbrl.org/2003/arcrole/parent-child" xlink:from="OverseasEquityInvestmentAssetsTypesOfMarketMember" xlink:to="EmergingMarketsMember" xlink:title="presentation: OverseasEquityInvestmentAssetsTypesOfMarketMember to EmergingMarketsMember" use="optional" order="10.0" preferredLabel="http://www.xbrl.org/2003/role/label"/>
    <link:loc xlink:type="locator" xlink:href="../../c-ross_core_2015-12-31.xsd#c-ross_OverseasAssetPriceRiskOverseasEquityInvestmentAssetsEmergingMarketsHeldByCompanyDirectlyLineNumberAxis" xlink:label="PriceRiskOverseasEquityInvestmentAssetsEmergingMarketsSecuritiesHeldByCompanyDirectlyLineNumberAxis" xlink:title="PriceRiskOverseasEquityInvestmentAssetsEmergingMarketsSecuritiesHeldByCompanyDirectlyLineNumberAxis"/>
    <link:presentationArc xlink:type="arc" xlink:arcrole="http://www.xbrl.org/2003/arcrole/parent-child" xlink:from="PriceRiskOfOverseasEquityInvestmentAssetsDetailsTable" xlink:to="PriceRiskOverseasEquityInvestmentAssetsEmergingMarketsSecuritiesHeldByCompanyDirectlyLineNumberAxis" xlink:title="presentation: PriceRiskOfOverseasEquityInvestmentAssetsDetailsTable to PriceRiskOverseasEquityInvestmentAssetsEmergingMarketsSecuritiesHeldByCompanyDirectlyLineNumberAxis" use="optional" order="30.0" preferredLabel="http://www.xbrl.org/2003/role/terseLabel"/>
    <link:loc xlink:type="locator" xlink:href="../../c-ross_core_2015-12-31.xsd#c-ross_PriceRiskOfOverseasEquityInvestmentAssetsDetailsLineItems" xlink:label="PriceRiskOfOverseasEquityInvestmentAssetsDetailsLineItems" xlink:title="PriceRiskOfOverseasEquityInvestmentAssetsDetailsLineItems"/>
    <link:loc xlink:type="locator" xlink:href="../../c-ross_core_2015-12-31.xsd#c-ross_OverseasAssetPriceRiskOverseasEquityInvestmentAssetsAssetName" xlink:label="PriceRiskNameOfOverseasEquityInvestmentAssets" xlink:title="PriceRiskNameOfOverseasEquityInvestmentAssets"/>
    <link:presentationArc xlink:type="arc" xlink:arcrole="http://www.xbrl.org/2003/arcrole/parent-child" xlink:from="PriceRiskOfOverseasEquityInvestmentAssetsDetailsLineItems" xlink:to="PriceRiskNameOfOverseasEquityInvestmentAssets" xlink:title="presentation: PriceRiskOfOverseasEquityInvestmentAssetsDetailsLineItems to PriceRiskNameOfOverseasEquityInvestmentAssets" use="optional" order="10.0" preferredLabel="http://www.xbrl.org/2003/role/terseLabel"/>
    <link:loc xlink:type="locator" xlink:href="../../c-ross_core_2015-12-31.xsd#c-ross_OverseasAssetPriceRiskOverseasEquityInvestmentAssetsAssetsCode" xlink:label="PriceRiskOverseasEquityInvestmentAssetsAssetCode" xlink:title="PriceRiskOverseasEquityInvestmentAssetsAssetCode"/>
    <link:presentationArc xlink:type="arc" xlink:arcrole="http://www.xbrl.org/2003/arcrole/parent-child" xlink:from="PriceRiskOfOverseasEquityInvestmentAssetsDetailsLineItems" xlink:to="PriceRiskOverseasEquityInvestmentAssetsAssetCode" xlink:title="presentation: PriceRiskOfOverseasEquityInvestmentAssetsDetailsLineItems to PriceRiskOverseasEquityInvestmentAssetsAssetCode" use="optional" order="20.0" preferredLabel="http://www.xbrl.org/2003/role/terseLabel"/>
    <link:loc xlink:type="locator" xlink:href="../../c-ross_core_2015-12-31.xsd#c-ross_OverseasAssetPriceRiskOverseasEquityInvestmentAssetsHoldingNumber" xlink:label="PriceRiskOverseasEquityInvestmentAssetsHoldingNumber" xlink:title="PriceRiskOverseasEquityInvestmentAssetsHoldingNumber"/>
    <link:presentationArc xlink:type="arc" xlink:arcrole="http://www.xbrl.org/2003/arcrole/parent-child" xlink:from="PriceRiskOfOverseasEquityInvestmentAssetsDetailsLineItems" xlink:to="PriceRiskOverseasEquityInvestmentAssetsHoldingNumber" xlink:title="presentation: PriceRiskOfOverseasEquityInvestmentAssetsDetailsLineItems to PriceRiskOverseasEquityInvestmentAssetsHoldingNumber" use="optional" order="30.0" preferredLabel="http://www.xbrl.org/2003/role/terseLabel"/>
    <link:loc xlink:type="locator" xlink:href="../../c-ross_core_2015-12-31.xsd#c-ross_OverseasAssetPriceRiskOverseasEquityInvestmentAssetsPurchaseCost" xlink:label="PriceRiskOverseasEquityInvestmentAssetsHoldingCost" xlink:title="PriceRiskOverseasEquityInvestmentAssetsHoldingCost"/>
    <link:presentationArc xlink:type="arc" xlink:arcrole="http://www.xbrl.org/2003/arcrole/parent-child" xlink:from="PriceRiskOfOverseasEquityInvestmentAssetsDetailsLineItems" xlink:to="PriceRiskOverseasEquityInvestmentAssetsHoldingCost" xlink:title="presentation: PriceRiskOfOverseasEquityInvestmentAssetsDetailsLineItems to PriceRiskOverseasEquityInvestmentAssetsHoldingCost" use="optional" order="40.0" preferredLabel="http://www.xbrl.org/2003/role/terseLabel"/>
    <link:loc xlink:type="locator" xlink:href="../../c-ross_core_2015-12-31.xsd#c-ross_OverseasAssetPriceRiskOverseasEquityInvestmentAssetsAdmittedValue" xlink:label="PriceRiskOverseasEquityInvestmentAssetsAdmittedValue" xlink:title="PriceRiskOverseasEquityInvestmentAssetsAdmittedValue"/>
    <link:presentationArc xlink:type="arc" xlink:arcrole="http://www.xbrl.org/2003/arcrole/parent-child" xlink:from="PriceRiskOfOverseasEquityInvestmentAssetsDetailsLineItems" xlink:to="PriceRiskOverseasEquityInvestmentAssetsAdmittedValue" xlink:title="presentation: PriceRiskOfOverseasEquityInvestmentAssetsDetailsLineItems to PriceRiskOverseasEquityInvestmentAssetsAdmittedValue" use="optional" order="50.0" preferredLabel="http://www.xbrl.org/2003/role/terseLabel"/>
    <link:loc xlink:type="locator" xlink:href="../../c-ross_core_2015-12-31.xsd#c-ross_OverseasAssetPriceRiskOverseasEquityInvestmentAssetsRiskExposure" xlink:label="PriceRiskOverseasEquityInvestmentAssetsRiskExposure" xlink:title="PriceRiskOverseasEquityInvestmentAssetsRiskExposure"/>
    <link:presentationArc xlink:type="arc" xlink:arcrole="http://www.xbrl.org/2003/arcrole/parent-child" xlink:from="PriceRiskOfOverseasEquityInvestmentAssetsDetailsLineItems" xlink:to="PriceRiskOverseasEquityInvestmentAssetsRiskExposure" xlink:title="presentation: PriceRiskOfOverseasEquityInvestmentAssetsDetailsLineItems to PriceRiskOverseasEquityInvestmentAssetsRiskExposure" use="optional" order="60.0" preferredLabel="http://www.xbrl.org/2003/role/terseLabel"/>
    <link:loc xlink:type="locator" xlink:href="../../c-ross_core_2015-12-31.xsd#c-ross_OverseasAssetPriceRiskOverseasEquityInvestmentAssetsBaseRiskFactor" xlink:label="PriceRiskOverseasEquityInvestmentAssetsBaseRiskFactor" xlink:title="PriceRiskOverseasEquityInvestmentAssetsBaseRiskFactor"/>
    <link:presentationArc xlink:type="arc" xlink:arcrole="http://www.xbrl.org/2003/arcrole/parent-child" xlink:from="PriceRiskOfOverseasEquityInvestmentAssetsDetailsLineItems" xlink:to="PriceRiskOverseasEquityInvestmentAssetsBaseRiskFactor" xlink:title="presentation: PriceRiskOfOverseasEquityInvestmentAssetsDetailsLineItems to PriceRiskOverseasEquityInvestmentAssetsBaseRiskFactor" use="optional" order="70.0" preferredLabel="http://www.xbrl.org/2003/role/terseLabel"/>
    <link:loc xlink:type="locator" xlink:href="../../c-ross_core_2015-12-31.xsd#c-ross_MarketRiskMinimumCapitalForOverseasEquityInvestmentAssetsPriceRisk" xlink:label="MarketRiskMinimumCapitalForOverseasEquityInvestmentAssetsPriceRisk" xlink:title="MarketRiskMinimumCapitalForOverseasEquityInvestmentAssetsPriceRisk"/>
    <link:presentationArc xlink:type="arc" xlink:arcrole="http://www.xbrl.org/2003/arcrole/parent-child" xlink:from="PriceRiskOfOverseasEquityInvestmentAssetsDetailsLineItems" xlink:to="MarketRiskMinimumCapitalForOverseasEquityInvestmentAssetsPriceRisk" xlink:title="presentation: PriceRiskOfOverseasEquityInvestmentAssetsDetailsLineItems to MarketRiskMinimumCapitalForOverseasEquityInvestmentAssetsPriceRisk" use="optional" order="80.0" preferredLabel="http://www.xbrl.org/2003/role/terseLabel"/>
    <link:loc xlink:type="locator" xlink:href="../../c-ross_core_2015-12-31.xsd#c-ross_PriceRiskOfOverseasEquityInvestmentAssetsEmergingMarketsHeldByCompanyDirectlyDetailsAbstract" xlink:label="PriceRiskOfOverseasEquityInvestmentAssetsEmergingMarketsBondHeldByCompanyDirectlyDetailsAbstract" xlink:title="PriceRiskOfOverseasEquityInvestmentAssetsEmergingMarketsBondHeldByCompanyDirectlyDetailsAbstract"/>
    <link:presentationArc xlink:type="arc" xlink:arcrole="http://www.xbrl.org/2003/arcrole/parent-child" xlink:from="PriceRiskOfOverseasEquityInvestmentAssetsEmergingMarketsBondHeldByCompanyDirectlyDetailsAbstract" xlink:to="PriceRiskOfOverseasEquityInvestmentAssetsDetailsTable" xlink:title="presentation: PriceRiskOfOverseasEquityInvestmentAssetsEmergingMarketsBondHeldByCompanyDirectlyDetailsAbstract to PriceRiskOfOverseasEquityInvestmentAssetsDetailsTable" use="optional" order="10.0" preferredLabel="http://www.xbrl.org/2003/role/label"/>
    <link:presentationArc xlink:type="arc" xlink:arcrole="http://www.xbrl.org/2003/arcrole/parent-child" xlink:from="PriceRiskOfOverseasEquityInvestmentAssetsEmergingMarketsBondHeldByCompanyDirectlyDetailsAbstract" xlink:to="PriceRiskOfOverseasEquityInvestmentAssetsDetailsLineItems" xlink:title="presentation: PriceRiskOfOverseasEquityInvestmentAssetsEmergingMarketsBondHeldByCompanyDirectlyDetailsAbstract to PriceRiskOfOverseasEquityInvestmentAssetsDetailsLineItems" use="optional" order="20.0" preferredLabel="http://www.xbrl.org/2003/role/label"/>
  </link:presentationLink>
  <link:presentationLink xlink:type="extended" xlink:role="http://xbrl.circ.gov.cn/role/c-ross_2015-12-31_role-3162600c">
    <link:loc xlink:type="locator" xlink:href="../../c-ross_core_2015-12-31.xsd#c-ross_TypesOfAssetsHeldMember" xlink:label="TypesOfAssetsHeldMember" xlink:title="TypesOfAssetsHeldMember"/>
    <link:loc xlink:type="locator" xlink:href="../../c-ross_core_2015-12-31.xsd#c-ross_HeldByLookThroughMethodMember" xlink:label="HeldByLookThroughMethodMember" xlink:title="HeldByLookThroughMethodMember"/>
    <link:presentationArc xlink:type="arc" xlink:arcrole="http://www.xbrl.org/2003/arcrole/parent-child" xlink:from="TypesOfAssetsHeldMember" xlink:to="HeldByLookThroughMethodMember" xlink:title="presentation: TypesOfAssetsHeldMember to HeldByLookThroughMethodMember" use="optional" order="10.0" preferredLabel="http://www.xbrl.org/2003/role/label"/>
    <link:loc xlink:type="locator" xlink:href="../../c-ross_core_2015-12-31.xsd#c-ross_PriceRiskOfOverseasEquityInvestmentAssetsDetailsTable" xlink:label="PriceRiskOfOverseasEquityInvestmentAssetsDetailsTable" xlink:title="PriceRiskOfOverseasEquityInvestmentAssetsDetailsTable"/>
    <link:loc xlink:type="locator" xlink:href="../../c-ross_core_2015-12-31.xsd#c-ross_TypesOfOverseasEquityInvestmentAssetsHeldAxis" xlink:label="TypesOfOverseasEquityInvestmentAssetsHeldAxis" xlink:title="TypesOfOverseasEquityInvestmentAssetsHeldAxis"/>
    <link:presentationArc xlink:type="arc" xlink:arcrole="http://www.xbrl.org/2003/arcrole/parent-child" xlink:from="PriceRiskOfOverseasEquityInvestmentAssetsDetailsTable" xlink:to="TypesOfOverseasEquityInvestmentAssetsHeldAxis" xlink:title="presentation: PriceRiskOfOverseasEquityInvestmentAssetsDetailsTable to TypesOfOverseasEquityInvestmentAssetsHeldAxis" use="optional" order="10.0" preferredLabel="http://www.xbrl.org/2003/role/label"/>
    <link:presentationArc xlink:type="arc" xlink:arcrole="http://www.xbrl.org/2003/arcrole/parent-child" xlink:from="TypesOfOverseasEquityInvestmentAssetsHeldAxis" xlink:to="TypesOfAssetsHeldMember" xlink:title="presentation: TypesOfOverseasEquityInvestmentAssetsHeldAxis to TypesOfAssetsHeldMember" use="optional" order="10.0" preferredLabel="http://www.xbrl.org/2003/role/label"/>
    <link:loc xlink:type="locator" xlink:href="../../c-ross_core_2015-12-31.xsd#c-ross_OverseasEquityInvestmentAssetsTypesOfMarketAxis" xlink:label="OverseasEquityInvestmentAssetsTypesOfMarketAxis" xlink:title="OverseasEquityInvestmentAssetsTypesOfMarketAxis"/>
    <link:presentationArc xlink:type="arc" xlink:arcrole="http://www.xbrl.org/2003/arcrole/parent-child" xlink:from="PriceRiskOfOverseasEquityInvestmentAssetsDetailsTable" xlink:to="OverseasEquityInvestmentAssetsTypesOfMarketAxis" xlink:title="presentation: PriceRiskOfOverseasEquityInvestmentAssetsDetailsTable to OverseasEquityInvestmentAssetsTypesOfMarketAxis" use="optional" order="20.0" preferredLabel="http://www.xbrl.org/2003/role/label"/>
    <link:loc xlink:type="locator" xlink:href="../../c-ross_core_2015-12-31.xsd#c-ross_OverseasEquityInvestmentAssetsTypesOfMarketMember" xlink:label="OverseasEquityInvestmentAssetsTypesOfMarketMember" xlink:title="OverseasEquityInvestmentAssetsTypesOfMarketMember"/>
    <link:presentationArc xlink:type="arc" xlink:arcrole="http://www.xbrl.org/2003/arcrole/parent-child" xlink:from="OverseasEquityInvestmentAssetsTypesOfMarketAxis" xlink:to="OverseasEquityInvestmentAssetsTypesOfMarketMember" xlink:title="presentation: OverseasEquityInvestmentAssetsTypesOfMarketAxis to OverseasEquityInvestmentAssetsTypesOfMarketMember" use="optional" order="10.0" preferredLabel="http://www.xbrl.org/2003/role/label"/>
    <link:loc xlink:type="locator" xlink:href="../../c-ross_core_2015-12-31.xsd#c-ross_DevelopedMarketsMember" xlink:label="DevelopedMarketsMember" xlink:title="DevelopedMarketsMember"/>
    <link:presentationArc xlink:type="arc" xlink:arcrole="http://www.xbrl.org/2003/arcrole/parent-child" xlink:from="OverseasEquityInvestmentAssetsTypesOfMarketMember" xlink:to="DevelopedMarketsMember" xlink:title="presentation: OverseasEquityInvestmentAssetsTypesOfMarketMember to DevelopedMarketsMember" use="optional" order="10.0" preferredLabel="http://www.xbrl.org/2003/role/label"/>
    <link:loc xlink:type="locator" xlink:href="../../c-ross_core_2015-12-31.xsd#c-ross_OverseasAssetPriceRiskOverseasEquityInvestmentAssetsDevelopedMarketsHeldByLookThroughMethodLineNumberAxis" xlink:label="PriceRiskOverseasEquityInvestmentAssetsDevelopedMarketsSecuritiesHeldByLookThroughMethodLineNumberAxis" xlink:title="PriceRiskOverseasEquityInvestmentAssetsDevelopedMarketsSecuritiesHeldByLookThroughMethodLineNumberAxis"/>
    <link:presentationArc xlink:type="arc" xlink:arcrole="http://www.xbrl.org/2003/arcrole/parent-child" xlink:from="PriceRiskOfOverseasEquityInvestmentAssetsDetailsTable" xlink:to="PriceRiskOverseasEquityInvestmentAssetsDevelopedMarketsSecuritiesHeldByLookThroughMethodLineNumberAxis" xlink:title="presentation: PriceRiskOfOverseasEquityInvestmentAssetsDetailsTable to PriceRiskOverseasEquityInvestmentAssetsDevelopedMarketsSecuritiesHeldByLookThroughMethodLineNumberAxis" use="optional" order="30.0" preferredLabel="http://www.xbrl.org/2003/role/terseLabel"/>
    <link:loc xlink:type="locator" xlink:href="../../c-ross_core_2015-12-31.xsd#c-ross_PriceRiskOfOverseasEquityInvestmentAssetsDetailsLineItems" xlink:label="PriceRiskOfOverseasEquityInvestmentAssetsDetailsLineItems" xlink:title="PriceRiskOfOverseasEquityInvestmentAssetsDetailsLineItems"/>
    <link:loc xlink:type="locator" xlink:href="../../c-ross_core_2015-12-31.xsd#c-ross_OverseasAssetPriceRiskOverseasEquityInvestmentAssetsAssetName" xlink:label="PriceRiskNameOfOverseasEquityInvestmentAssets" xlink:title="PriceRiskNameOfOverseasEquityInvestmentAssets"/>
    <link:presentationArc xlink:type="arc" xlink:arcrole="http://www.xbrl.org/2003/arcrole/parent-child" xlink:from="PriceRiskOfOverseasEquityInvestmentAssetsDetailsLineItems" xlink:to="PriceRiskNameOfOverseasEquityInvestmentAssets" xlink:title="presentation: PriceRiskOfOverseasEquityInvestmentAssetsDetailsLineItems to PriceRiskNameOfOverseasEquityInvestmentAssets" use="optional" order="10.0" preferredLabel="http://www.xbrl.org/2003/role/terseLabel"/>
    <link:loc xlink:type="locator" xlink:href="../../c-ross_core_2015-12-31.xsd#c-ross_OverseasAssetPriceRiskOverseasEquityInvestmentAssetsAssetsCode" xlink:label="PriceRiskOverseasEquityInvestmentAssetsAssetCode" xlink:title="PriceRiskOverseasEquityInvestmentAssetsAssetCode"/>
    <link:presentationArc xlink:type="arc" xlink:arcrole="http://www.xbrl.org/2003/arcrole/parent-child" xlink:from="PriceRiskOfOverseasEquityInvestmentAssetsDetailsLineItems" xlink:to="PriceRiskOverseasEquityInvestmentAssetsAssetCode" xlink:title="presentation: PriceRiskOfOverseasEquityInvestmentAssetsDetailsLineItems to PriceRiskOverseasEquityInvestmentAssetsAssetCode" use="optional" order="20.0" preferredLabel="http://www.xbrl.org/2003/role/terseLabel"/>
    <link:loc xlink:type="locator" xlink:href="../../c-ross_core_2015-12-31.xsd#c-ross_OverseasAssetPriceRiskOverseasEquityInvestmentAssetsHoldingNumber" xlink:label="PriceRiskOverseasEquityInvestmentAssetsHoldingNumber" xlink:title="PriceRiskOverseasEquityInvestmentAssetsHoldingNumber"/>
    <link:presentationArc xlink:type="arc" xlink:arcrole="http://www.xbrl.org/2003/arcrole/parent-child" xlink:from="PriceRiskOfOverseasEquityInvestmentAssetsDetailsLineItems" xlink:to="PriceRiskOverseasEquityInvestmentAssetsHoldingNumber" xlink:title="presentation: PriceRiskOfOverseasEquityInvestmentAssetsDetailsLineItems to PriceRiskOverseasEquityInvestmentAssetsHoldingNumber" use="optional" order="30.0" preferredLabel="http://www.xbrl.org/2003/role/terseLabel"/>
    <link:loc xlink:type="locator" xlink:href="../../c-ross_core_2015-12-31.xsd#c-ross_OverseasAssetPriceRiskOverseasEquityInvestmentAssetsPurchaseCost" xlink:label="PriceRiskOverseasEquityInvestmentAssetsHoldingCost" xlink:title="PriceRiskOverseasEquityInvestmentAssetsHoldingCost"/>
    <link:presentationArc xlink:type="arc" xlink:arcrole="http://www.xbrl.org/2003/arcrole/parent-child" xlink:from="PriceRiskOfOverseasEquityInvestmentAssetsDetailsLineItems" xlink:to="PriceRiskOverseasEquityInvestmentAssetsHoldingCost" xlink:title="presentation: PriceRiskOfOverseasEquityInvestmentAssetsDetailsLineItems to PriceRiskOverseasEquityInvestmentAssetsHoldingCost" use="optional" order="40.0" preferredLabel="http://www.xbrl.org/2003/role/terseLabel"/>
    <link:loc xlink:type="locator" xlink:href="../../c-ross_core_2015-12-31.xsd#c-ross_OverseasAssetPriceRiskOverseasEquityInvestmentAssetsAdmittedValue" xlink:label="PriceRiskOverseasEquityInvestmentAssetsAdmittedValue" xlink:title="PriceRiskOverseasEquityInvestmentAssetsAdmittedValue"/>
    <link:presentationArc xlink:type="arc" xlink:arcrole="http://www.xbrl.org/2003/arcrole/parent-child" xlink:from="PriceRiskOfOverseasEquityInvestmentAssetsDetailsLineItems" xlink:to="PriceRiskOverseasEquityInvestmentAssetsAdmittedValue" xlink:title="presentation: PriceRiskOfOverseasEquityInvestmentAssetsDetailsLineItems to PriceRiskOverseasEquityInvestmentAssetsAdmittedValue" use="optional" order="50.0" preferredLabel="http://www.xbrl.org/2003/role/terseLabel"/>
    <link:loc xlink:type="locator" xlink:href="../../c-ross_core_2015-12-31.xsd#c-ross_OverseasAssetPriceRiskOverseasEquityInvestmentAssetsRiskExposure" xlink:label="PriceRiskOverseasEquityInvestmentAssetsRiskExposure" xlink:title="PriceRiskOverseasEquityInvestmentAssetsRiskExposure"/>
    <link:presentationArc xlink:type="arc" xlink:arcrole="http://www.xbrl.org/2003/arcrole/parent-child" xlink:from="PriceRiskOfOverseasEquityInvestmentAssetsDetailsLineItems" xlink:to="PriceRiskOverseasEquityInvestmentAssetsRiskExposure" xlink:title="presentation: PriceRiskOfOverseasEquityInvestmentAssetsDetailsLineItems to PriceRiskOverseasEquityInvestmentAssetsRiskExposure" use="optional" order="60.0" preferredLabel="http://www.xbrl.org/2003/role/terseLabel"/>
    <link:loc xlink:type="locator" xlink:href="../../c-ross_core_2015-12-31.xsd#c-ross_OverseasAssetPriceRiskOverseasEquityInvestmentAssetsBaseRiskFactor" xlink:label="PriceRiskOverseasEquityInvestmentAssetsBaseRiskFactor" xlink:title="PriceRiskOverseasEquityInvestmentAssetsBaseRiskFactor"/>
    <link:presentationArc xlink:type="arc" xlink:arcrole="http://www.xbrl.org/2003/arcrole/parent-child" xlink:from="PriceRiskOfOverseasEquityInvestmentAssetsDetailsLineItems" xlink:to="PriceRiskOverseasEquityInvestmentAssetsBaseRiskFactor" xlink:title="presentation: PriceRiskOfOverseasEquityInvestmentAssetsDetailsLineItems to PriceRiskOverseasEquityInvestmentAssetsBaseRiskFactor" use="optional" order="70.0" preferredLabel="http://www.xbrl.org/2003/role/terseLabel"/>
    <link:loc xlink:type="locator" xlink:href="../../c-ross_core_2015-12-31.xsd#c-ross_MarketRiskMinimumCapitalForOverseasEquityInvestmentAssetsPriceRisk" xlink:label="MarketRiskMinimumCapitalForOverseasEquityInvestmentAssetsPriceRisk" xlink:title="MarketRiskMinimumCapitalForOverseasEquityInvestmentAssetsPriceRisk"/>
    <link:presentationArc xlink:type="arc" xlink:arcrole="http://www.xbrl.org/2003/arcrole/parent-child" xlink:from="PriceRiskOfOverseasEquityInvestmentAssetsDetailsLineItems" xlink:to="MarketRiskMinimumCapitalForOverseasEquityInvestmentAssetsPriceRisk" xlink:title="presentation: PriceRiskOfOverseasEquityInvestmentAssetsDetailsLineItems to MarketRiskMinimumCapitalForOverseasEquityInvestmentAssetsPriceRisk" use="optional" order="80.0" preferredLabel="http://www.xbrl.org/2003/role/terseLabel"/>
    <link:loc xlink:type="locator" xlink:href="../../c-ross_core_2015-12-31.xsd#c-ross_PriceRiskOfOverseasEquityInvestmentAssetsDevelopedMarketsHeldByLookThroughMethodDetailsAbstract" xlink:label="PriceRiskOfOverseasEquityInvestmentAssetsDevelopedMarketsBondHeldByLookThroughMethodDetailsAbstract" xlink:title="PriceRiskOfOverseasEquityInvestmentAssetsDevelopedMarketsBondHeldByLookThroughMethodDetailsAbstract"/>
    <link:presentationArc xlink:type="arc" xlink:arcrole="http://www.xbrl.org/2003/arcrole/parent-child" xlink:from="PriceRiskOfOverseasEquityInvestmentAssetsDevelopedMarketsBondHeldByLookThroughMethodDetailsAbstract" xlink:to="PriceRiskOfOverseasEquityInvestmentAssetsDetailsTable" xlink:title="presentation: PriceRiskOfOverseasEquityInvestmentAssetsDevelopedMarketsBondHeldByLookThroughMethodDetailsAbstract to PriceRiskOfOverseasEquityInvestmentAssetsDetailsTable" use="optional" order="10.0" preferredLabel="http://www.xbrl.org/2003/role/label"/>
    <link:presentationArc xlink:type="arc" xlink:arcrole="http://www.xbrl.org/2003/arcrole/parent-child" xlink:from="PriceRiskOfOverseasEquityInvestmentAssetsDevelopedMarketsBondHeldByLookThroughMethodDetailsAbstract" xlink:to="PriceRiskOfOverseasEquityInvestmentAssetsDetailsLineItems" xlink:title="presentation: PriceRiskOfOverseasEquityInvestmentAssetsDevelopedMarketsBondHeldByLookThroughMethodDetailsAbstract to PriceRiskOfOverseasEquityInvestmentAssetsDetailsLineItems" use="optional" order="20.0" preferredLabel="http://www.xbrl.org/2003/role/label"/>
  </link:presentationLink>
  <link:presentationLink xlink:type="extended" xlink:role="http://xbrl.circ.gov.cn/role/c-ross_2015-12-31_role-3162600d">
    <link:loc xlink:type="locator" xlink:href="../../c-ross_core_2015-12-31.xsd#c-ross_TypesOfAssetsHeldMember" xlink:label="TypesOfAssetsHeldMember" xlink:title="TypesOfAssetsHeldMember"/>
    <link:loc xlink:type="locator" xlink:href="../../c-ross_core_2015-12-31.xsd#c-ross_HeldByLookThroughMethodMember" xlink:label="HeldByLookThroughMethodMember" xlink:title="HeldByLookThroughMethodMember"/>
    <link:presentationArc xlink:type="arc" xlink:arcrole="http://www.xbrl.org/2003/arcrole/parent-child" xlink:from="TypesOfAssetsHeldMember" xlink:to="HeldByLookThroughMethodMember" xlink:title="presentation: TypesOfAssetsHeldMember to HeldByLookThroughMethodMember" use="optional" order="10.0" preferredLabel="http://www.xbrl.org/2003/role/label"/>
    <link:loc xlink:type="locator" xlink:href="../../c-ross_core_2015-12-31.xsd#c-ross_PriceRiskOfOverseasEquityInvestmentAssetsDetailsTable" xlink:label="PriceRiskOfOverseasEquityInvestmentAssetsDetailsTable" xlink:title="PriceRiskOfOverseasEquityInvestmentAssetsDetailsTable"/>
    <link:loc xlink:type="locator" xlink:href="../../c-ross_core_2015-12-31.xsd#c-ross_TypesOfOverseasEquityInvestmentAssetsHeldAxis" xlink:label="TypesOfOverseasEquityInvestmentAssetsHeldAxis" xlink:title="TypesOfOverseasEquityInvestmentAssetsHeldAxis"/>
    <link:presentationArc xlink:type="arc" xlink:arcrole="http://www.xbrl.org/2003/arcrole/parent-child" xlink:from="PriceRiskOfOverseasEquityInvestmentAssetsDetailsTable" xlink:to="TypesOfOverseasEquityInvestmentAssetsHeldAxis" xlink:title="presentation: PriceRiskOfOverseasEquityInvestmentAssetsDetailsTable to TypesOfOverseasEquityInvestmentAssetsHeldAxis" use="optional" order="10.0" preferredLabel="http://www.xbrl.org/2003/role/label"/>
    <link:presentationArc xlink:type="arc" xlink:arcrole="http://www.xbrl.org/2003/arcrole/parent-child" xlink:from="TypesOfOverseasEquityInvestmentAssetsHeldAxis" xlink:to="TypesOfAssetsHeldMember" xlink:title="presentation: TypesOfOverseasEquityInvestmentAssetsHeldAxis to TypesOfAssetsHeldMember" use="optional" order="10.0" preferredLabel="http://www.xbrl.org/2003/role/label"/>
    <link:loc xlink:type="locator" xlink:href="../../c-ross_core_2015-12-31.xsd#c-ross_OverseasEquityInvestmentAssetsTypesOfMarketAxis" xlink:label="OverseasEquityInvestmentAssetsTypesOfMarketAxis" xlink:title="OverseasEquityInvestmentAssetsTypesOfMarketAxis"/>
    <link:presentationArc xlink:type="arc" xlink:arcrole="http://www.xbrl.org/2003/arcrole/parent-child" xlink:from="PriceRiskOfOverseasEquityInvestmentAssetsDetailsTable" xlink:to="OverseasEquityInvestmentAssetsTypesOfMarketAxis" xlink:title="presentation: PriceRiskOfOverseasEquityInvestmentAssetsDetailsTable to OverseasEquityInvestmentAssetsTypesOfMarketAxis" use="optional" order="20.0" preferredLabel="http://www.xbrl.org/2003/role/label"/>
    <link:loc xlink:type="locator" xlink:href="../../c-ross_core_2015-12-31.xsd#c-ross_OverseasEquityInvestmentAssetsTypesOfMarketMember" xlink:label="OverseasEquityInvestmentAssetsTypesOfMarketMember" xlink:title="OverseasEquityInvestmentAssetsTypesOfMarketMember"/>
    <link:presentationArc xlink:type="arc" xlink:arcrole="http://www.xbrl.org/2003/arcrole/parent-child" xlink:from="OverseasEquityInvestmentAssetsTypesOfMarketAxis" xlink:to="OverseasEquityInvestmentAssetsTypesOfMarketMember" xlink:title="presentation: OverseasEquityInvestmentAssetsTypesOfMarketAxis to OverseasEquityInvestmentAssetsTypesOfMarketMember" use="optional" order="10.0" preferredLabel="http://www.xbrl.org/2003/role/label"/>
    <link:loc xlink:type="locator" xlink:href="../../c-ross_core_2015-12-31.xsd#c-ross_EmergingMarketsMember" xlink:label="EmergingMarketsMember" xlink:title="EmergingMarketsMember"/>
    <link:presentationArc xlink:type="arc" xlink:arcrole="http://www.xbrl.org/2003/arcrole/parent-child" xlink:from="OverseasEquityInvestmentAssetsTypesOfMarketMember" xlink:to="EmergingMarketsMember" xlink:title="presentation: OverseasEquityInvestmentAssetsTypesOfMarketMember to EmergingMarketsMember" use="optional" order="10.0" preferredLabel="http://www.xbrl.org/2003/role/label"/>
    <link:loc xlink:type="locator" xlink:href="../../c-ross_core_2015-12-31.xsd#c-ross_OverseasAssetPriceRiskOverseasEquityInvestmentAssetsEmergingMarketsHeldByLookThroughMethodLineNumberAxis" xlink:label="PriceRiskOverseasEquityInvestmentAssetsEmergingMarketsSecuritiesHeldByLookThroughMethodLineNumberAxis" xlink:title="PriceRiskOverseasEquityInvestmentAssetsEmergingMarketsSecuritiesHeldByLookThroughMethodLineNumberAxis"/>
    <link:presentationArc xlink:type="arc" xlink:arcrole="http://www.xbrl.org/2003/arcrole/parent-child" xlink:from="PriceRiskOfOverseasEquityInvestmentAssetsDetailsTable" xlink:to="PriceRiskOverseasEquityInvestmentAssetsEmergingMarketsSecuritiesHeldByLookThroughMethodLineNumberAxis" xlink:title="presentation: PriceRiskOfOverseasEquityInvestmentAssetsDetailsTable to PriceRiskOverseasEquityInvestmentAssetsEmergingMarketsSecuritiesHeldByLookThroughMethodLineNumberAxis" use="optional" order="30.0" preferredLabel="http://www.xbrl.org/2003/role/terseLabel"/>
    <link:loc xlink:type="locator" xlink:href="../../c-ross_core_2015-12-31.xsd#c-ross_PriceRiskOfOverseasEquityInvestmentAssetsDetailsLineItems" xlink:label="PriceRiskOfOverseasEquityInvestmentAssetsDetailsLineItems" xlink:title="PriceRiskOfOverseasEquityInvestmentAssetsDetailsLineItems"/>
    <link:loc xlink:type="locator" xlink:href="../../c-ross_core_2015-12-31.xsd#c-ross_OverseasAssetPriceRiskOverseasEquityInvestmentAssetsAssetName" xlink:label="PriceRiskNameOfOverseasEquityInvestmentAssets" xlink:title="PriceRiskNameOfOverseasEquityInvestmentAssets"/>
    <link:presentationArc xlink:type="arc" xlink:arcrole="http://www.xbrl.org/2003/arcrole/parent-child" xlink:from="PriceRiskOfOverseasEquityInvestmentAssetsDetailsLineItems" xlink:to="PriceRiskNameOfOverseasEquityInvestmentAssets" xlink:title="presentation: PriceRiskOfOverseasEquityInvestmentAssetsDetailsLineItems to PriceRiskNameOfOverseasEquityInvestmentAssets" use="optional" order="10.0" preferredLabel="http://www.xbrl.org/2003/role/terseLabel"/>
    <link:loc xlink:type="locator" xlink:href="../../c-ross_core_2015-12-31.xsd#c-ross_OverseasAssetPriceRiskOverseasEquityInvestmentAssetsAssetsCode" xlink:label="PriceRiskOverseasEquityInvestmentAssetsAssetCode" xlink:title="PriceRiskOverseasEquityInvestmentAssetsAssetCode"/>
    <link:presentationArc xlink:type="arc" xlink:arcrole="http://www.xbrl.org/2003/arcrole/parent-child" xlink:from="PriceRiskOfOverseasEquityInvestmentAssetsDetailsLineItems" xlink:to="PriceRiskOverseasEquityInvestmentAssetsAssetCode" xlink:title="presentation: PriceRiskOfOverseasEquityInvestmentAssetsDetailsLineItems to PriceRiskOverseasEquityInvestmentAssetsAssetCode" use="optional" order="20.0" preferredLabel="http://www.xbrl.org/2003/role/terseLabel"/>
    <link:loc xlink:type="locator" xlink:href="../../c-ross_core_2015-12-31.xsd#c-ross_OverseasAssetPriceRiskOverseasEquityInvestmentAssetsHoldingNumber" xlink:label="PriceRiskOverseasEquityInvestmentAssetsHoldingNumber" xlink:title="PriceRiskOverseasEquityInvestmentAssetsHoldingNumber"/>
    <link:presentationArc xlink:type="arc" xlink:arcrole="http://www.xbrl.org/2003/arcrole/parent-child" xlink:from="PriceRiskOfOverseasEquityInvestmentAssetsDetailsLineItems" xlink:to="PriceRiskOverseasEquityInvestmentAssetsHoldingNumber" xlink:title="presentation: PriceRiskOfOverseasEquityInvestmentAssetsDetailsLineItems to PriceRiskOverseasEquityInvestmentAssetsHoldingNumber" use="optional" order="30.0" preferredLabel="http://www.xbrl.org/2003/role/terseLabel"/>
    <link:loc xlink:type="locator" xlink:href="../../c-ross_core_2015-12-31.xsd#c-ross_OverseasAssetPriceRiskOverseasEquityInvestmentAssetsPurchaseCost" xlink:label="PriceRiskOverseasEquityInvestmentAssetsHoldingCost" xlink:title="PriceRiskOverseasEquityInvestmentAssetsHoldingCost"/>
    <link:presentationArc xlink:type="arc" xlink:arcrole="http://www.xbrl.org/2003/arcrole/parent-child" xlink:from="PriceRiskOfOverseasEquityInvestmentAssetsDetailsLineItems" xlink:to="PriceRiskOverseasEquityInvestmentAssetsHoldingCost" xlink:title="presentation: PriceRiskOfOverseasEquityInvestmentAssetsDetailsLineItems to PriceRiskOverseasEquityInvestmentAssetsHoldingCost" use="optional" order="40.0" preferredLabel="http://www.xbrl.org/2003/role/terseLabel"/>
    <link:loc xlink:type="locator" xlink:href="../../c-ross_core_2015-12-31.xsd#c-ross_OverseasAssetPriceRiskOverseasEquityInvestmentAssetsAdmittedValue" xlink:label="PriceRiskOverseasEquityInvestmentAssetsAdmittedValue" xlink:title="PriceRiskOverseasEquityInvestmentAssetsAdmittedValue"/>
    <link:presentationArc xlink:type="arc" xlink:arcrole="http://www.xbrl.org/2003/arcrole/parent-child" xlink:from="PriceRiskOfOverseasEquityInvestmentAssetsDetailsLineItems" xlink:to="PriceRiskOverseasEquityInvestmentAssetsAdmittedValue" xlink:title="presentation: PriceRiskOfOverseasEquityInvestmentAssetsDetailsLineItems to PriceRiskOverseasEquityInvestmentAssetsAdmittedValue" use="optional" order="50.0" preferredLabel="http://www.xbrl.org/2003/role/terseLabel"/>
    <link:loc xlink:type="locator" xlink:href="../../c-ross_core_2015-12-31.xsd#c-ross_OverseasAssetPriceRiskOverseasEquityInvestmentAssetsRiskExposure" xlink:label="PriceRiskOverseasEquityInvestmentAssetsRiskExposure" xlink:title="PriceRiskOverseasEquityInvestmentAssetsRiskExposure"/>
    <link:presentationArc xlink:type="arc" xlink:arcrole="http://www.xbrl.org/2003/arcrole/parent-child" xlink:from="PriceRiskOfOverseasEquityInvestmentAssetsDetailsLineItems" xlink:to="PriceRiskOverseasEquityInvestmentAssetsRiskExposure" xlink:title="presentation: PriceRiskOfOverseasEquityInvestmentAssetsDetailsLineItems to PriceRiskOverseasEquityInvestmentAssetsRiskExposure" use="optional" order="60.0" preferredLabel="http://www.xbrl.org/2003/role/terseLabel"/>
    <link:loc xlink:type="locator" xlink:href="../../c-ross_core_2015-12-31.xsd#c-ross_OverseasAssetPriceRiskOverseasEquityInvestmentAssetsBaseRiskFactor" xlink:label="PriceRiskOverseasEquityInvestmentAssetsBaseRiskFactor" xlink:title="PriceRiskOverseasEquityInvestmentAssetsBaseRiskFactor"/>
    <link:presentationArc xlink:type="arc" xlink:arcrole="http://www.xbrl.org/2003/arcrole/parent-child" xlink:from="PriceRiskOfOverseasEquityInvestmentAssetsDetailsLineItems" xlink:to="PriceRiskOverseasEquityInvestmentAssetsBaseRiskFactor" xlink:title="presentation: PriceRiskOfOverseasEquityInvestmentAssetsDetailsLineItems to PriceRiskOverseasEquityInvestmentAssetsBaseRiskFactor" use="optional" order="70.0" preferredLabel="http://www.xbrl.org/2003/role/terseLabel"/>
    <link:loc xlink:type="locator" xlink:href="../../c-ross_core_2015-12-31.xsd#c-ross_MarketRiskMinimumCapitalForOverseasEquityInvestmentAssetsPriceRisk" xlink:label="MarketRiskMinimumCapitalForOverseasEquityInvestmentAssetsPriceRisk" xlink:title="MarketRiskMinimumCapitalForOverseasEquityInvestmentAssetsPriceRisk"/>
    <link:presentationArc xlink:type="arc" xlink:arcrole="http://www.xbrl.org/2003/arcrole/parent-child" xlink:from="PriceRiskOfOverseasEquityInvestmentAssetsDetailsLineItems" xlink:to="MarketRiskMinimumCapitalForOverseasEquityInvestmentAssetsPriceRisk" xlink:title="presentation: PriceRiskOfOverseasEquityInvestmentAssetsDetailsLineItems to MarketRiskMinimumCapitalForOverseasEquityInvestmentAssetsPriceRisk" use="optional" order="80.0" preferredLabel="http://www.xbrl.org/2003/role/terseLabel"/>
    <link:loc xlink:type="locator" xlink:href="../../c-ross_core_2015-12-31.xsd#c-ross_PriceRiskOfOverseasEquityInvestmentAssetsEmergingMarketsHeldByLookThroughMethodDetailsAbstract" xlink:label="PriceRiskOfOverseasEquityInvestmentAssetsEmergingMarketsBondHeldByLookThroughMethodDetailsAbstract" xlink:title="PriceRiskOfOverseasEquityInvestmentAssetsEmergingMarketsBondHeldByLookThroughMethodDetailsAbstract"/>
    <link:presentationArc xlink:type="arc" xlink:arcrole="http://www.xbrl.org/2003/arcrole/parent-child" xlink:from="PriceRiskOfOverseasEquityInvestmentAssetsEmergingMarketsBondHeldByLookThroughMethodDetailsAbstract" xlink:to="PriceRiskOfOverseasEquityInvestmentAssetsDetailsTable" xlink:title="presentation: PriceRiskOfOverseasEquityInvestmentAssetsEmergingMarketsBondHeldByLookThroughMethodDetailsAbstract to PriceRiskOfOverseasEquityInvestmentAssetsDetailsTable" use="optional" order="10.0" preferredLabel="http://www.xbrl.org/2003/role/label"/>
    <link:presentationArc xlink:type="arc" xlink:arcrole="http://www.xbrl.org/2003/arcrole/parent-child" xlink:from="PriceRiskOfOverseasEquityInvestmentAssetsEmergingMarketsBondHeldByLookThroughMethodDetailsAbstract" xlink:to="PriceRiskOfOverseasEquityInvestmentAssetsDetailsLineItems" xlink:title="presentation: PriceRiskOfOverseasEquityInvestmentAssetsEmergingMarketsBondHeldByLookThroughMethodDetailsAbstract to PriceRiskOfOverseasEquityInvestmentAssetsDetailsLineItems" use="optional" order="20.0" preferredLabel="http://www.xbrl.org/2003/role/label"/>
  </link:presentationLink>
</link:linkbase>
