<?xml version="1.0" encoding="UTF-8"?>

<!--
	Taxonomy: 2015-12-31 (Final)
	**********************
	Copyright © 2015 China Insurance Regulatory Commission.
	All rights reserved.  No part of this publication may be translated, reprinted or reproduced
	or utilised in any form either in whole or in part without prior permission in writing from China Insurance Regulatory Commission.
	  **********************
	-->
<link:linkbase xmlns:xsi="http://www.w3.org/2001/XMLSchema-instance" xsi:schemaLocation="http://www.xbrl.org/2003/linkbase http://www.xbrl.org/2003/xbrl-linkbase-2003-12-31.xsd" xmlns:c-ross="http://xbrl.circ.gov.cn/taxonomy/2015-12-31/c-ross" xmlns:link="http://www.xbrl.org/2003/linkbase" xmlns:q_s_pc_entry_point="http://xbrl.circ.gov.cn/taxonomy/2015-12-31/c-ross/q_s_pc_entry_point" xmlns:xlink="http://www.w3.org/1999/xlink" xmlns:xbrli="http://www.xbrl.org/2003/instance">
  <link:roleRef roleURI="http://www.xbrl.org/2009/role/netLabel" xlink:type="simple" xlink:href="http://www.xbrl.org/lrr/role/net-2009-12-16.xsd#netLabel"/>
  <link:roleRef roleURI="http://xbrl.circ.gov.cn/role/c-ross_2015-12-31_role-3160600" xlink:type="simple" xlink:href="rol_c-ross_7_2015-12-31.xsd#c-ross_2015-12-31-3160600"/>
  <link:roleRef roleURI="http://xbrl.circ.gov.cn/role/c-ross_2015-12-31_role-3160600a" xlink:type="simple" xlink:href="rol_c-ross_7_2015-12-31.xsd#c-ross_2015-12-31-3160600a"/>
  <link:roleRef roleURI="http://xbrl.circ.gov.cn/role/c-ross_2015-12-31_role-3160600b" xlink:type="simple" xlink:href="rol_c-ross_7_2015-12-31.xsd#c-ross_2015-12-31-3160600b"/>
  <link:presentationLink xlink:type="extended" xlink:role="http://xbrl.circ.gov.cn/role/c-ross_2015-12-31_role-3160600">
    <link:loc xlink:type="locator" xlink:href="../../c-ross_core_2015-12-31.xsd#c-ross_InterestRateRiskInterestRateDerivativesGovernmentBondFuturesQualifiedHedgingAbstract" xlink:label="InterestRateRiskInterestRateDerivativesGovernmentBondFuturesQualifiedHedgingAbstract" xlink:title="InterestRateRiskInterestRateDerivativesGovernmentBondFuturesQualifiedHedgingAbstract"/>
    <link:loc xlink:type="locator" xlink:href="../../c-ross_core_2015-12-31.xsd#c-ross_InterestRateRiskInterestRateDerivativesGovernmentBondFuturesQualifiedHedgingHedgingPortfolioName" xlink:label="InterestRateRiskInterestRateDerivativesGovernmentBondFuturesQualifiedHedgingHedgingPortfolioName" xlink:title="InterestRateRiskInterestRateDerivativesGovernmentBondFuturesQualifiedHedgingHedgingPortfolioName"/>
    <link:presentationArc xlink:type="arc" xlink:arcrole="http://www.xbrl.org/2003/arcrole/parent-child" xlink:from="InterestRateRiskInterestRateDerivativesGovernmentBondFuturesQualifiedHedgingAbstract" xlink:to="InterestRateRiskInterestRateDerivativesGovernmentBondFuturesQualifiedHedgingHedgingPortfolioName" xlink:title="presentation: InterestRateRiskInterestRateDerivativesGovernmentBondFuturesQualifiedHedgingAbstract to InterestRateRiskInterestRateDerivativesGovernmentBondFuturesQualifiedHedgingHedgingPortfolioName" use="optional" order="10.0" preferredLabel="http://www.xbrl.org/2003/role/terseLabel"/>
    <link:loc xlink:type="locator" xlink:href="../../c-ross_core_2015-12-31.xsd#c-ross_InterestRateRiskInterestRateDerivativesGovernmentBondFuturesQualifiedHedgingSecurityName" xlink:label="InterestRateRiskInterestRateDerivativesGovernmentBondFuturesQualifiedHedgingSecurityName" xlink:title="InterestRateRiskInterestRateDerivativesGovernmentBondFuturesQualifiedHedgingSecurityName"/>
    <link:presentationArc xlink:type="arc" xlink:arcrole="http://www.xbrl.org/2003/arcrole/parent-child" xlink:from="InterestRateRiskInterestRateDerivativesGovernmentBondFuturesQualifiedHedgingAbstract" xlink:to="InterestRateRiskInterestRateDerivativesGovernmentBondFuturesQualifiedHedgingSecurityName" xlink:title="presentation: InterestRateRiskInterestRateDerivativesGovernmentBondFuturesQualifiedHedgingAbstract to InterestRateRiskInterestRateDerivativesGovernmentBondFuturesQualifiedHedgingSecurityName" use="optional" order="20.0" preferredLabel="http://www.xbrl.org/2003/role/terseLabel"/>
    <link:loc xlink:type="locator" xlink:href="../../c-ross_core_2015-12-31.xsd#c-ross_InterestRateRiskInterestRateDerivativesGovernmentBondFuturesQualifiedHedgingSecurityCode" xlink:label="InterestRateRiskInterestRateDerivativesGovernmentBondFuturesQualifiedHedgingSecurityCode" xlink:title="InterestRateRiskInterestRateDerivativesGovernmentBondFuturesQualifiedHedgingSecurityCode"/>
    <link:presentationArc xlink:type="arc" xlink:arcrole="http://www.xbrl.org/2003/arcrole/parent-child" xlink:from="InterestRateRiskInterestRateDerivativesGovernmentBondFuturesQualifiedHedgingAbstract" xlink:to="InterestRateRiskInterestRateDerivativesGovernmentBondFuturesQualifiedHedgingSecurityCode" xlink:title="presentation: InterestRateRiskInterestRateDerivativesGovernmentBondFuturesQualifiedHedgingAbstract to InterestRateRiskInterestRateDerivativesGovernmentBondFuturesQualifiedHedgingSecurityCode" use="optional" order="30.0" preferredLabel="http://www.xbrl.org/2003/role/terseLabel"/>
    <link:loc xlink:type="locator" xlink:href="../../c-ross_core_2015-12-31.xsd#c-ross_InterestRateRiskInterestRateDerivativesGovernmentBondFuturesQualifiedHedgingModifiedDurationOfBonds" xlink:label="InterestRateRiskInterestRateDerivativesGovernmentBondFuturesQualifiedHedgingModifiedDurationOfBonds" xlink:title="InterestRateRiskInterestRateDerivativesGovernmentBondFuturesQualifiedHedgingModifiedDurationOfBonds"/>
    <link:presentationArc xlink:type="arc" xlink:arcrole="http://www.xbrl.org/2003/arcrole/parent-child" xlink:from="InterestRateRiskInterestRateDerivativesGovernmentBondFuturesQualifiedHedgingAbstract" xlink:to="InterestRateRiskInterestRateDerivativesGovernmentBondFuturesQualifiedHedgingModifiedDurationOfBonds" xlink:title="presentation: InterestRateRiskInterestRateDerivativesGovernmentBondFuturesQualifiedHedgingAbstract to InterestRateRiskInterestRateDerivativesGovernmentBondFuturesQualifiedHedgingModifiedDurationOfBonds" use="optional" order="40.0" preferredLabel="http://www.xbrl.org/2003/role/terseLabel"/>
    <link:loc xlink:type="locator" xlink:href="../../c-ross_core_2015-12-31.xsd#c-ross_InterestRateRiskInterestRateDerivativesGovernmentBondFuturesQualifiedHedgingAdmittedValueOfBonds" xlink:label="InterestRateRiskInterestRateDerivativesGovernmentBondFuturesQualifiedHedgingAdmittedValueOfBonds" xlink:title="InterestRateRiskInterestRateDerivativesGovernmentBondFuturesQualifiedHedgingAdmittedValueOfBonds"/>
    <link:presentationArc xlink:type="arc" xlink:arcrole="http://www.xbrl.org/2003/arcrole/parent-child" xlink:from="InterestRateRiskInterestRateDerivativesGovernmentBondFuturesQualifiedHedgingAbstract" xlink:to="InterestRateRiskInterestRateDerivativesGovernmentBondFuturesQualifiedHedgingAdmittedValueOfBonds" xlink:title="presentation: InterestRateRiskInterestRateDerivativesGovernmentBondFuturesQualifiedHedgingAbstract to InterestRateRiskInterestRateDerivativesGovernmentBondFuturesQualifiedHedgingAdmittedValueOfBonds" use="optional" order="50.0" preferredLabel="http://www.xbrl.org/2003/role/terseLabel"/>
    <link:loc xlink:type="locator" xlink:href="../../c-ross_core_2015-12-31.xsd#c-ross_InterestRateRiskInterestRateDerivativesGovernmentBondFuturesQualifiedHedgingMinimumCapitalOfHedgedBondPortfolio" xlink:label="InterestRateRiskInterestRateDerivativesGovernmentBondFuturesQualifiedHedgingMinimumCapitalOfHedgedBondPortfolio" xlink:title="InterestRateRiskInterestRateDerivativesGovernmentBondFuturesQualifiedHedgingMinimumCapitalOfHedgedBondPortfolio"/>
    <link:presentationArc xlink:type="arc" xlink:arcrole="http://www.xbrl.org/2003/arcrole/parent-child" xlink:from="InterestRateRiskInterestRateDerivativesGovernmentBondFuturesQualifiedHedgingAbstract" xlink:to="InterestRateRiskInterestRateDerivativesGovernmentBondFuturesQualifiedHedgingMinimumCapitalOfHedgedBondPortfolio" xlink:title="presentation: InterestRateRiskInterestRateDerivativesGovernmentBondFuturesQualifiedHedgingAbstract to InterestRateRiskInterestRateDerivativesGovernmentBondFuturesQualifiedHedgingMinimumCapitalOfHedgedBondPortfolio" use="optional" order="120.0" preferredLabel="http://www.xbrl.org/2003/role/terseLabel"/>
    <link:loc xlink:type="locator" xlink:href="../../c-ross_core_2015-12-31.xsd#c-ross_InterestRateRiskInterestRateDerivativesGovernmentBondFuturesQualifiedHedgingContractualValueOfShortPositionOfGovernmentBondFutures" xlink:label="InterestRateRiskInterestRateDerivativesGovernmentBondFuturesQualifiedHedgingContractualValueOfShortPositionOfGovernmentBondFutures" xlink:title="InterestRateRiskInterestRateDerivativesGovernmentBondFuturesQualifiedHedgingContractualValueOfShortPositionOfGovernmentBondFutures"/>
    <link:presentationArc xlink:type="arc" xlink:arcrole="http://www.xbrl.org/2003/arcrole/parent-child" xlink:from="InterestRateRiskInterestRateDerivativesGovernmentBondFuturesQualifiedHedgingAbstract" xlink:to="InterestRateRiskInterestRateDerivativesGovernmentBondFuturesQualifiedHedgingContractualValueOfShortPositionOfGovernmentBondFutures" xlink:title="presentation: InterestRateRiskInterestRateDerivativesGovernmentBondFuturesQualifiedHedgingAbstract to InterestRateRiskInterestRateDerivativesGovernmentBondFuturesQualifiedHedgingContractualValueOfShortPositionOfGovernmentBondFutures" use="optional" order="70.0" preferredLabel="http://www.xbrl.org/2003/role/terseLabel"/>
    <link:loc xlink:type="locator" xlink:href="../../c-ross_core_2015-12-31.xsd#c-ross_InterestRateRiskInterestRateDerivativesGovernmentBondFuturesQualifiedHedgingHedgingEffectivenessOfShortPositionOfGovernmentBondFutures" xlink:label="InterestRateRiskInterestRateDerivativesGovernmentBondFuturesQualifiedHedgingHedgingEffectivenessOfShortPositionOfGovernmentBondFutures" xlink:title="InterestRateRiskInterestRateDerivativesGovernmentBondFuturesQualifiedHedgingHedgingEffectivenessOfShortPositionOfGovernmentBondFutures"/>
    <link:presentationArc xlink:type="arc" xlink:arcrole="http://www.xbrl.org/2003/arcrole/parent-child" xlink:from="InterestRateRiskInterestRateDerivativesGovernmentBondFuturesQualifiedHedgingAbstract" xlink:to="InterestRateRiskInterestRateDerivativesGovernmentBondFuturesQualifiedHedgingHedgingEffectivenessOfShortPositionOfGovernmentBondFutures" xlink:title="presentation: InterestRateRiskInterestRateDerivativesGovernmentBondFuturesQualifiedHedgingAbstract to InterestRateRiskInterestRateDerivativesGovernmentBondFuturesQualifiedHedgingHedgingEffectivenessOfShortPositionOfGovernmentBondFutures" use="optional" order="80.0" preferredLabel="http://www.xbrl.org/2003/role/terseLabel"/>
    <link:loc xlink:type="locator" xlink:href="../../c-ross_core_2015-12-31.xsd#c-ross_InterestRateRiskInterestRateDerivativesGovernmentBondFuturesQualifiedHedgingMinimumCapitalOfHedgingPortfolio" xlink:label="InterestRateRiskInterestRateDerivativesGovernmentBondFuturesQualifiedHedgingMinimumCapitalOfHedgingPortfolio" xlink:title="InterestRateRiskInterestRateDerivativesGovernmentBondFuturesQualifiedHedgingMinimumCapitalOfHedgingPortfolio"/>
    <link:presentationArc xlink:type="arc" xlink:arcrole="http://www.xbrl.org/2003/arcrole/parent-child" xlink:from="InterestRateRiskInterestRateDerivativesGovernmentBondFuturesQualifiedHedgingAbstract" xlink:to="InterestRateRiskInterestRateDerivativesGovernmentBondFuturesQualifiedHedgingMinimumCapitalOfHedgingPortfolio" xlink:title="presentation: InterestRateRiskInterestRateDerivativesGovernmentBondFuturesQualifiedHedgingAbstract to InterestRateRiskInterestRateDerivativesGovernmentBondFuturesQualifiedHedgingMinimumCapitalOfHedgingPortfolio" use="optional" order="130.0" preferredLabel="http://www.xbrl.org/2003/role/terseLabel"/>
    <link:loc xlink:type="locator" xlink:href="../../c-ross_core_2015-12-31.xsd#c-ross_InterestRateRiskInterestRateDerivativesGovernmentBondFuturesQualifiedHedgingBaseRiskFactorOfHedgedBonds" xlink:label="InterestRateRiskInterestRateDerivativesGovernmentBondFuturesQualifiedHedgingBaseRiskFactorOfHedgedBonds" xlink:title="InterestRateRiskInterestRateDerivativesGovernmentBondFuturesQualifiedHedgingBaseRiskFactorOfHedgedBonds"/>
    <link:presentationArc xlink:type="arc" xlink:arcrole="http://www.xbrl.org/2003/arcrole/parent-child" xlink:from="InterestRateRiskInterestRateDerivativesGovernmentBondFuturesQualifiedHedgingAbstract" xlink:to="InterestRateRiskInterestRateDerivativesGovernmentBondFuturesQualifiedHedgingBaseRiskFactorOfHedgedBonds" xlink:title="presentation: InterestRateRiskInterestRateDerivativesGovernmentBondFuturesQualifiedHedgingAbstract to InterestRateRiskInterestRateDerivativesGovernmentBondFuturesQualifiedHedgingBaseRiskFactorOfHedgedBonds" use="optional" order="100.0" preferredLabel="http://www.xbrl.org/2003/role/terseLabel"/>
    <link:loc xlink:type="locator" xlink:href="../../c-ross_core_2015-12-31.xsd#c-ross_InterestRateRiskInterestRateDerivativesGovernmentBondFuturesQualifiedHedgingRiskExposureOfHedgedBonds" xlink:label="InterestRateRiskInterestRateDerivativesGovernmentBondFuturesQualifiedHedgingRiskExposureOfHedgedBonds" xlink:title="InterestRateRiskInterestRateDerivativesGovernmentBondFuturesQualifiedHedgingRiskExposureOfHedgedBonds"/>
    <link:presentationArc xlink:type="arc" xlink:arcrole="http://www.xbrl.org/2003/arcrole/parent-child" xlink:from="InterestRateRiskInterestRateDerivativesGovernmentBondFuturesQualifiedHedgingAbstract" xlink:to="InterestRateRiskInterestRateDerivativesGovernmentBondFuturesQualifiedHedgingRiskExposureOfHedgedBonds" xlink:title="presentation: InterestRateRiskInterestRateDerivativesGovernmentBondFuturesQualifiedHedgingAbstract to InterestRateRiskInterestRateDerivativesGovernmentBondFuturesQualifiedHedgingRiskExposureOfHedgedBonds" order="90.0" preferredLabel="http://www.xbrl.org/2003/role/terseLabel"/>
    <link:loc xlink:type="locator" xlink:href="../../c-ross_core_2015-12-31.xsd#c-ross_InterestRateRiskInterestRateDerivativesGovernmentBondFuturesQualifiedHedgingModifiedDurationOfShortPositionOfGovernmentBondFutures" xlink:label="InterestRateRiskInterestRateDerivativesGovernmentBondFuturesQualifiedHedgingModifiedDurationOfShortPositionOfGovernmentBondFutures" xlink:title="InterestRateRiskInterestRateDerivativesGovernmentBondFuturesQualifiedHedgingModifiedDurationOfShortPositionOfGovernmentBondFutures"/>
    <link:presentationArc xlink:type="arc" xlink:arcrole="http://www.xbrl.org/2003/arcrole/parent-child" xlink:from="InterestRateRiskInterestRateDerivativesGovernmentBondFuturesQualifiedHedgingAbstract" xlink:to="InterestRateRiskInterestRateDerivativesGovernmentBondFuturesQualifiedHedgingModifiedDurationOfShortPositionOfGovernmentBondFutures" xlink:title="presentation: InterestRateRiskInterestRateDerivativesGovernmentBondFuturesQualifiedHedgingAbstract to InterestRateRiskInterestRateDerivativesGovernmentBondFuturesQualifiedHedgingModifiedDurationOfShortPositionOfGovernmentBondFutures" order="60.0" preferredLabel="http://www.xbrl.org/2003/role/terseLabel"/>
    <link:loc xlink:type="locator" xlink:href="../../c-ross_core_2015-12-31.xsd#c-ross_InterestRateRiskInterestRateDerivativesGovernmentBondFuturesQualifiedHedgingRiskFactorOfShortPositionOfGovernmentBondFutures" xlink:label="InterestRateRiskInterestRateDerivativesGovernmentBondFuturesQualifiedHedgingRiskFactorOfShortPositionOfGovernmentBondFutures" xlink:title="InterestRateRiskInterestRateDerivativesGovernmentBondFuturesQualifiedHedgingRiskFactorOfShortPositionOfGovernmentBondFutures"/>
    <link:presentationArc xlink:type="arc" xlink:arcrole="http://www.xbrl.org/2003/arcrole/parent-child" xlink:from="InterestRateRiskInterestRateDerivativesGovernmentBondFuturesQualifiedHedgingAbstract" xlink:to="InterestRateRiskInterestRateDerivativesGovernmentBondFuturesQualifiedHedgingRiskFactorOfShortPositionOfGovernmentBondFutures" xlink:title="presentation: InterestRateRiskInterestRateDerivativesGovernmentBondFuturesQualifiedHedgingAbstract to InterestRateRiskInterestRateDerivativesGovernmentBondFuturesQualifiedHedgingRiskFactorOfShortPositionOfGovernmentBondFutures" order="110.0" preferredLabel="http://www.xbrl.org/2003/role/terseLabel"/>
  </link:presentationLink>
  <link:presentationLink xlink:type="extended" xlink:role="http://xbrl.circ.gov.cn/role/c-ross_2015-12-31_role-3160600a">
    <link:loc xlink:type="locator" xlink:href="../../c-ross_core_2015-12-31.xsd#c-ross_InterestRateRiskInterestRateDerivativesGovernmentBondFuturesQualifiedHedgingHedgingPortfolioAbstract" xlink:label="InterestRateRiskInterestRateDerivativesGovernmentBondFuturesQualifiedHedgingHedgingPortfolioAbstract" xlink:title="InterestRateRiskInterestRateDerivativesGovernmentBondFuturesQualifiedHedgingHedgingPortfolioAbstract"/>
    <link:loc xlink:type="locator" xlink:href="../../c-ross_core_2015-12-31.xsd#c-ross_InterestRateRiskInterestRateDerivativesGovernmentBondFuturesQualifiedHedgingTable" xlink:label="InterestRateRiskInterestRateDerivativesGovernmentBondFuturesQualifiedHedgingTable" xlink:title="InterestRateRiskInterestRateDerivativesGovernmentBondFuturesQualifiedHedgingTable"/>
    <link:presentationArc xlink:type="arc" xlink:arcrole="http://www.xbrl.org/2003/arcrole/parent-child" xlink:from="InterestRateRiskInterestRateDerivativesGovernmentBondFuturesQualifiedHedgingHedgingPortfolioAbstract" xlink:to="InterestRateRiskInterestRateDerivativesGovernmentBondFuturesQualifiedHedgingTable" xlink:title="presentation: InterestRateRiskInterestRateDerivativesGovernmentBondFuturesQualifiedHedgingHedgingPortfolioAbstract to InterestRateRiskInterestRateDerivativesGovernmentBondFuturesQualifiedHedgingTable" use="optional" order="10.0" preferredLabel="http://www.xbrl.org/2003/role/label"/>
    <link:loc xlink:type="locator" xlink:href="../../c-ross_core_2015-12-31.xsd#c-ross_InterestRateRiskInterestRateDerivativesGovernmentBondFuturesQualifiedHedgingHedgingPortfolioLineNumberAxis" xlink:label="InterestRateRiskInterestRateDerivativesGovernmentBondFuturesQualifiedHedgingHedgingPortfolioLineNumberAxis" xlink:title="InterestRateRiskInterestRateDerivativesGovernmentBondFuturesQualifiedHedgingHedgingPortfolioLineNumberAxis"/>
    <link:presentationArc xlink:type="arc" xlink:arcrole="http://www.xbrl.org/2003/arcrole/parent-child" xlink:from="InterestRateRiskInterestRateDerivativesGovernmentBondFuturesQualifiedHedgingTable" xlink:to="InterestRateRiskInterestRateDerivativesGovernmentBondFuturesQualifiedHedgingHedgingPortfolioLineNumberAxis" xlink:title="presentation: InterestRateRiskInterestRateDerivativesGovernmentBondFuturesQualifiedHedgingTable to InterestRateRiskInterestRateDerivativesGovernmentBondFuturesQualifiedHedgingHedgingPortfolioLineNumberAxis" use="optional" order="10.0" preferredLabel="http://www.xbrl.org/2003/role/terseLabel"/>
    <link:loc xlink:type="locator" xlink:href="../../c-ross_core_2015-12-31.xsd#c-ross_InterestRateRiskInterestRateDerivativesGovernmentBondFuturesQualifiedHedgingLineItems" xlink:label="InterestRateRiskInterestRateDerivativesGovernmentBondFuturesQualifiedHedgingLineItems" xlink:title="InterestRateRiskInterestRateDerivativesGovernmentBondFuturesQualifiedHedgingLineItems"/>
    <link:presentationArc xlink:type="arc" xlink:arcrole="http://www.xbrl.org/2003/arcrole/parent-child" xlink:from="InterestRateRiskInterestRateDerivativesGovernmentBondFuturesQualifiedHedgingHedgingPortfolioAbstract" xlink:to="InterestRateRiskInterestRateDerivativesGovernmentBondFuturesQualifiedHedgingLineItems" xlink:title="presentation: InterestRateRiskInterestRateDerivativesGovernmentBondFuturesQualifiedHedgingHedgingPortfolioAbstract to InterestRateRiskInterestRateDerivativesGovernmentBondFuturesQualifiedHedgingLineItems" use="optional" order="20.0" preferredLabel="http://www.xbrl.org/2003/role/label"/>
    <link:loc xlink:type="locator" xlink:href="../../c-ross_core_2015-12-31.xsd#c-ross_InterestRateRiskInterestRateDerivativesGovernmentBondFuturesQualifiedHedgingHedgingPortfolioName" xlink:label="InterestRateRiskInterestRateDerivativesGovernmentBondFuturesQualifiedHedgingHedgingPortfolioName" xlink:title="InterestRateRiskInterestRateDerivativesGovernmentBondFuturesQualifiedHedgingHedgingPortfolioName"/>
    <link:presentationArc xlink:type="arc" xlink:arcrole="http://www.xbrl.org/2003/arcrole/parent-child" xlink:from="InterestRateRiskInterestRateDerivativesGovernmentBondFuturesQualifiedHedgingLineItems" xlink:to="InterestRateRiskInterestRateDerivativesGovernmentBondFuturesQualifiedHedgingHedgingPortfolioName" xlink:title="presentation: InterestRateRiskInterestRateDerivativesGovernmentBondFuturesQualifiedHedgingLineItems to InterestRateRiskInterestRateDerivativesGovernmentBondFuturesQualifiedHedgingHedgingPortfolioName" use="optional" order="10.0" preferredLabel="http://www.xbrl.org/2003/role/terseLabel"/>
    <link:loc xlink:type="locator" xlink:href="../../c-ross_core_2015-12-31.xsd#c-ross_InterestRateRiskInterestRateDerivativesGovernmentBondFuturesQualifiedHedgingSecurityName" xlink:label="InterestRateRiskInterestRateDerivativesGovernmentBondFuturesQualifiedHedgingSecurityName" xlink:title="InterestRateRiskInterestRateDerivativesGovernmentBondFuturesQualifiedHedgingSecurityName"/>
    <link:presentationArc xlink:type="arc" xlink:arcrole="http://www.xbrl.org/2003/arcrole/parent-child" xlink:from="InterestRateRiskInterestRateDerivativesGovernmentBondFuturesQualifiedHedgingLineItems" xlink:to="InterestRateRiskInterestRateDerivativesGovernmentBondFuturesQualifiedHedgingSecurityName" xlink:title="presentation: InterestRateRiskInterestRateDerivativesGovernmentBondFuturesQualifiedHedgingLineItems to InterestRateRiskInterestRateDerivativesGovernmentBondFuturesQualifiedHedgingSecurityName" use="optional" order="20.0" preferredLabel="http://www.xbrl.org/2003/role/terseLabel"/>
    <link:loc xlink:type="locator" xlink:href="../../c-ross_core_2015-12-31.xsd#c-ross_InterestRateRiskInterestRateDerivativesGovernmentBondFuturesQualifiedHedgingSecurityCode" xlink:label="InterestRateRiskInterestRateDerivativesGovernmentBondFuturesQualifiedHedgingSecurityCode" xlink:title="InterestRateRiskInterestRateDerivativesGovernmentBondFuturesQualifiedHedgingSecurityCode"/>
    <link:presentationArc xlink:type="arc" xlink:arcrole="http://www.xbrl.org/2003/arcrole/parent-child" xlink:from="InterestRateRiskInterestRateDerivativesGovernmentBondFuturesQualifiedHedgingLineItems" xlink:to="InterestRateRiskInterestRateDerivativesGovernmentBondFuturesQualifiedHedgingSecurityCode" xlink:title="presentation: InterestRateRiskInterestRateDerivativesGovernmentBondFuturesQualifiedHedgingLineItems to InterestRateRiskInterestRateDerivativesGovernmentBondFuturesQualifiedHedgingSecurityCode" use="optional" order="30.0" preferredLabel="http://www.xbrl.org/2003/role/terseLabel"/>
    <link:loc xlink:type="locator" xlink:href="../../c-ross_core_2015-12-31.xsd#c-ross_InterestRateRiskInterestRateDerivativesGovernmentBondFuturesQualifiedHedgingModifiedDurationOfBonds" xlink:label="InterestRateRiskInterestRateDerivativesGovernmentBondFuturesQualifiedHedgingModifiedDurationOfBonds" xlink:title="InterestRateRiskInterestRateDerivativesGovernmentBondFuturesQualifiedHedgingModifiedDurationOfBonds"/>
    <link:presentationArc xlink:type="arc" xlink:arcrole="http://www.xbrl.org/2003/arcrole/parent-child" xlink:from="InterestRateRiskInterestRateDerivativesGovernmentBondFuturesQualifiedHedgingLineItems" xlink:to="InterestRateRiskInterestRateDerivativesGovernmentBondFuturesQualifiedHedgingModifiedDurationOfBonds" xlink:title="presentation: InterestRateRiskInterestRateDerivativesGovernmentBondFuturesQualifiedHedgingLineItems to InterestRateRiskInterestRateDerivativesGovernmentBondFuturesQualifiedHedgingModifiedDurationOfBonds" use="optional" order="40.0" preferredLabel="http://www.xbrl.org/2003/role/terseLabel"/>
    <link:loc xlink:type="locator" xlink:href="../../c-ross_core_2015-12-31.xsd#c-ross_InterestRateRiskInterestRateDerivativesGovernmentBondFuturesQualifiedHedgingAdmittedValueOfBonds" xlink:label="InterestRateRiskInterestRateDerivativesGovernmentBondFuturesQualifiedHedgingAdmittedValueOfBonds" xlink:title="InterestRateRiskInterestRateDerivativesGovernmentBondFuturesQualifiedHedgingAdmittedValueOfBonds"/>
    <link:presentationArc xlink:type="arc" xlink:arcrole="http://www.xbrl.org/2003/arcrole/parent-child" xlink:from="InterestRateRiskInterestRateDerivativesGovernmentBondFuturesQualifiedHedgingLineItems" xlink:to="InterestRateRiskInterestRateDerivativesGovernmentBondFuturesQualifiedHedgingAdmittedValueOfBonds" xlink:title="presentation: InterestRateRiskInterestRateDerivativesGovernmentBondFuturesQualifiedHedgingLineItems to InterestRateRiskInterestRateDerivativesGovernmentBondFuturesQualifiedHedgingAdmittedValueOfBonds" use="optional" order="50.0" preferredLabel="http://www.xbrl.org/2003/role/terseLabel"/>
    <link:loc xlink:type="locator" xlink:href="../../c-ross_core_2015-12-31.xsd#c-ross_InterestRateRiskInterestRateDerivativesGovernmentBondFuturesQualifiedHedgingMinimumCapitalOfHedgedBondPortfolio" xlink:label="InterestRateRiskInterestRateDerivativesGovernmentBondFuturesQualifiedHedgingMinimumCapitalOfHedgedBondPortfolio" xlink:title="InterestRateRiskInterestRateDerivativesGovernmentBondFuturesQualifiedHedgingMinimumCapitalOfHedgedBondPortfolio"/>
    <link:presentationArc xlink:type="arc" xlink:arcrole="http://www.xbrl.org/2003/arcrole/parent-child" xlink:from="InterestRateRiskInterestRateDerivativesGovernmentBondFuturesQualifiedHedgingLineItems" xlink:to="InterestRateRiskInterestRateDerivativesGovernmentBondFuturesQualifiedHedgingMinimumCapitalOfHedgedBondPortfolio" xlink:title="presentation: InterestRateRiskInterestRateDerivativesGovernmentBondFuturesQualifiedHedgingLineItems to InterestRateRiskInterestRateDerivativesGovernmentBondFuturesQualifiedHedgingMinimumCapitalOfHedgedBondPortfolio" use="optional" order="120.0" preferredLabel="http://www.xbrl.org/2003/role/terseLabel"/>
    <link:loc xlink:type="locator" xlink:href="../../c-ross_core_2015-12-31.xsd#c-ross_InterestRateRiskInterestRateDerivativesGovernmentBondFuturesQualifiedHedgingContractualValueOfShortPositionOfGovernmentBondFutures" xlink:label="InterestRateRiskInterestRateDerivativesGovernmentBondFuturesQualifiedHedgingContractualValueOfShortPositionOfGovernmentBondFutures" xlink:title="InterestRateRiskInterestRateDerivativesGovernmentBondFuturesQualifiedHedgingContractualValueOfShortPositionOfGovernmentBondFutures"/>
    <link:presentationArc xlink:type="arc" xlink:arcrole="http://www.xbrl.org/2003/arcrole/parent-child" xlink:from="InterestRateRiskInterestRateDerivativesGovernmentBondFuturesQualifiedHedgingLineItems" xlink:to="InterestRateRiskInterestRateDerivativesGovernmentBondFuturesQualifiedHedgingContractualValueOfShortPositionOfGovernmentBondFutures" xlink:title="presentation: InterestRateRiskInterestRateDerivativesGovernmentBondFuturesQualifiedHedgingLineItems to InterestRateRiskInterestRateDerivativesGovernmentBondFuturesQualifiedHedgingContractualValueOfShortPositionOfGovernmentBondFutures" use="optional" order="70.0" preferredLabel="http://www.xbrl.org/2003/role/terseLabel"/>
    <link:loc xlink:type="locator" xlink:href="../../c-ross_core_2015-12-31.xsd#c-ross_InterestRateRiskInterestRateDerivativesGovernmentBondFuturesQualifiedHedgingHedgingEffectivenessOfShortPositionOfGovernmentBondFutures" xlink:label="InterestRateRiskInterestRateDerivativesGovernmentBondFuturesQualifiedHedgingHedgingEffectivenessOfShortPositionOfGovernmentBondFutures" xlink:title="InterestRateRiskInterestRateDerivativesGovernmentBondFuturesQualifiedHedgingHedgingEffectivenessOfShortPositionOfGovernmentBondFutures"/>
    <link:presentationArc xlink:type="arc" xlink:arcrole="http://www.xbrl.org/2003/arcrole/parent-child" xlink:from="InterestRateRiskInterestRateDerivativesGovernmentBondFuturesQualifiedHedgingLineItems" xlink:to="InterestRateRiskInterestRateDerivativesGovernmentBondFuturesQualifiedHedgingHedgingEffectivenessOfShortPositionOfGovernmentBondFutures" xlink:title="presentation: InterestRateRiskInterestRateDerivativesGovernmentBondFuturesQualifiedHedgingLineItems to InterestRateRiskInterestRateDerivativesGovernmentBondFuturesQualifiedHedgingHedgingEffectivenessOfShortPositionOfGovernmentBondFutures" use="optional" order="80.0" preferredLabel="http://www.xbrl.org/2003/role/terseLabel"/>
    <link:loc xlink:type="locator" xlink:href="../../c-ross_core_2015-12-31.xsd#c-ross_InterestRateRiskInterestRateDerivativesGovernmentBondFuturesQualifiedHedgingMinimumCapitalOfHedgingPortfolio" xlink:label="InterestRateRiskInterestRateDerivativesGovernmentBondFuturesQualifiedHedgingMinimumCapitalOfHedgingPortfolio" xlink:title="InterestRateRiskInterestRateDerivativesGovernmentBondFuturesQualifiedHedgingMinimumCapitalOfHedgingPortfolio"/>
    <link:presentationArc xlink:type="arc" xlink:arcrole="http://www.xbrl.org/2003/arcrole/parent-child" xlink:from="InterestRateRiskInterestRateDerivativesGovernmentBondFuturesQualifiedHedgingLineItems" xlink:to="InterestRateRiskInterestRateDerivativesGovernmentBondFuturesQualifiedHedgingMinimumCapitalOfHedgingPortfolio" xlink:title="presentation: InterestRateRiskInterestRateDerivativesGovernmentBondFuturesQualifiedHedgingLineItems to InterestRateRiskInterestRateDerivativesGovernmentBondFuturesQualifiedHedgingMinimumCapitalOfHedgingPortfolio" use="optional" order="130.0" preferredLabel="http://www.xbrl.org/2003/role/terseLabel"/>
    <link:loc xlink:type="locator" xlink:href="../../c-ross_core_2015-12-31.xsd#c-ross_InterestRateRiskInterestRateDerivativesGovernmentBondFuturesQualifiedHedgingBaseRiskFactorOfHedgedBonds" xlink:label="InterestRateRiskInterestRateDerivativesGovernmentBondFuturesQualifiedHedgingBaseRiskFactorOfHedgedBonds" xlink:title="InterestRateRiskInterestRateDerivativesGovernmentBondFuturesQualifiedHedgingBaseRiskFactorOfHedgedBonds"/>
    <link:presentationArc xlink:type="arc" xlink:arcrole="http://www.xbrl.org/2003/arcrole/parent-child" xlink:from="InterestRateRiskInterestRateDerivativesGovernmentBondFuturesQualifiedHedgingLineItems" xlink:to="InterestRateRiskInterestRateDerivativesGovernmentBondFuturesQualifiedHedgingBaseRiskFactorOfHedgedBonds" xlink:title="presentation: InterestRateRiskInterestRateDerivativesGovernmentBondFuturesQualifiedHedgingLineItems to InterestRateRiskInterestRateDerivativesGovernmentBondFuturesQualifiedHedgingBaseRiskFactorOfHedgedBonds" use="optional" order="100.0" preferredLabel="http://www.xbrl.org/2003/role/terseLabel"/>
    <link:loc xlink:type="locator" xlink:href="../../c-ross_core_2015-12-31.xsd#c-ross_InterestRateRiskInterestRateDerivativesGovernmentBondFuturesQualifiedHedgingRiskExposureOfHedgedBonds" xlink:label="InterestRateRiskInterestRateDerivativesGovernmentBondFuturesQualifiedHedgingRiskExposureOfHedgedBonds" xlink:title="InterestRateRiskInterestRateDerivativesGovernmentBondFuturesQualifiedHedgingRiskExposureOfHedgedBonds"/>
    <link:presentationArc xlink:type="arc" xlink:arcrole="http://www.xbrl.org/2003/arcrole/parent-child" xlink:from="InterestRateRiskInterestRateDerivativesGovernmentBondFuturesQualifiedHedgingLineItems" xlink:to="InterestRateRiskInterestRateDerivativesGovernmentBondFuturesQualifiedHedgingRiskExposureOfHedgedBonds" xlink:title="presentation: InterestRateRiskInterestRateDerivativesGovernmentBondFuturesQualifiedHedgingLineItems to InterestRateRiskInterestRateDerivativesGovernmentBondFuturesQualifiedHedgingRiskExposureOfHedgedBonds" use="optional" order="90.0" preferredLabel="http://www.xbrl.org/2003/role/terseLabel"/>
    <link:loc xlink:type="locator" xlink:href="../../c-ross_core_2015-12-31.xsd#c-ross_InterestRateRiskInterestRateDerivativesGovernmentBondFuturesQualifiedHedgingModifiedDurationOfShortPositionOfGovernmentBondFutures" xlink:label="InterestRateRiskInterestRateDerivativesGovernmentBondFuturesQualifiedHedgingModifiedDurationOfShortPositionOfGovernmentBondFutures" xlink:title="InterestRateRiskInterestRateDerivativesGovernmentBondFuturesQualifiedHedgingModifiedDurationOfShortPositionOfGovernmentBondFutures"/>
    <link:presentationArc xlink:type="arc" xlink:arcrole="http://www.xbrl.org/2003/arcrole/parent-child" xlink:from="InterestRateRiskInterestRateDerivativesGovernmentBondFuturesQualifiedHedgingLineItems" xlink:to="InterestRateRiskInterestRateDerivativesGovernmentBondFuturesQualifiedHedgingModifiedDurationOfShortPositionOfGovernmentBondFutures" xlink:title="presentation: InterestRateRiskInterestRateDerivativesGovernmentBondFuturesQualifiedHedgingLineItems to InterestRateRiskInterestRateDerivativesGovernmentBondFuturesQualifiedHedgingModifiedDurationOfShortPositionOfGovernmentBondFutures" use="optional" order="60.0" preferredLabel="http://www.xbrl.org/2003/role/terseLabel"/>
    <link:loc xlink:type="locator" xlink:href="../../c-ross_core_2015-12-31.xsd#c-ross_InterestRateRiskInterestRateDerivativesGovernmentBondFuturesQualifiedHedgingRiskFactorOfShortPositionOfGovernmentBondFutures" xlink:label="InterestRateRiskInterestRateDerivativesGovernmentBondFuturesQualifiedHedgingRiskFactorOfShortPositionOfGovernmentBondFutures" xlink:title="InterestRateRiskInterestRateDerivativesGovernmentBondFuturesQualifiedHedgingRiskFactorOfShortPositionOfGovernmentBondFutures"/>
    <link:presentationArc xlink:type="arc" xlink:arcrole="http://www.xbrl.org/2003/arcrole/parent-child" xlink:from="InterestRateRiskInterestRateDerivativesGovernmentBondFuturesQualifiedHedgingLineItems" xlink:to="InterestRateRiskInterestRateDerivativesGovernmentBondFuturesQualifiedHedgingRiskFactorOfShortPositionOfGovernmentBondFutures" xlink:title="presentation: InterestRateRiskInterestRateDerivativesGovernmentBondFuturesQualifiedHedgingLineItems to InterestRateRiskInterestRateDerivativesGovernmentBondFuturesQualifiedHedgingRiskFactorOfShortPositionOfGovernmentBondFutures" use="optional" order="110.0" preferredLabel="http://www.xbrl.org/2003/role/terseLabel"/>
  </link:presentationLink>
  <link:presentationLink xlink:type="extended" xlink:role="http://xbrl.circ.gov.cn/role/c-ross_2015-12-31_role-3160600b">
    <link:loc xlink:type="locator" xlink:href="../../c-ross_core_2015-12-31.xsd#c-ross_InterestRateRiskInterestRateDerivativesGovernmentBondFuturesQualifiedHedgingTable" xlink:label="InterestRateRiskInterestRateDerivativesGovernmentBondFuturesQualifiedHedgingTable" xlink:title="InterestRateRiskInterestRateDerivativesGovernmentBondFuturesQualifiedHedgingTable"/>
    <link:loc xlink:type="locator" xlink:href="../../c-ross_core_2015-12-31.xsd#c-ross_InterestRateRiskInterestRateDerivativesGovernmentBondFuturesQualifiedHedgingHedgingPortfolioLineNumberAxis" xlink:label="InterestRateRiskInterestRateDerivativesGovernmentBondFuturesQualifiedHedgingHedgingPortfolioLineNumberAxis" xlink:title="InterestRateRiskInterestRateDerivativesGovernmentBondFuturesQualifiedHedgingHedgingPortfolioLineNumberAxis"/>
    <link:presentationArc xlink:type="arc" xlink:arcrole="http://www.xbrl.org/2003/arcrole/parent-child" xlink:from="InterestRateRiskInterestRateDerivativesGovernmentBondFuturesQualifiedHedgingTable" xlink:to="InterestRateRiskInterestRateDerivativesGovernmentBondFuturesQualifiedHedgingHedgingPortfolioLineNumberAxis" xlink:title="presentation: InterestRateRiskInterestRateDerivativesGovernmentBondFuturesQualifiedHedgingTable to InterestRateRiskInterestRateDerivativesGovernmentBondFuturesQualifiedHedgingHedgingPortfolioLineNumberAxis" use="optional" order="10.0" preferredLabel="http://www.xbrl.org/2003/role/terseLabel"/>
    <link:loc xlink:type="locator" xlink:href="../../c-ross_core_2015-12-31.xsd#c-ross_InterestRateRiskInterestRateDerivativesGovernmentBondFuturesQualifiedHedgingHedgedSecurityLineNumberAxis" xlink:label="InterestRateRiskInterestRateDerivativesGovernmentBondFuturesQualifiedHedgingSecurityLineNumberAxis" xlink:title="InterestRateRiskInterestRateDerivativesGovernmentBondFuturesQualifiedHedgingSecurityLineNumberAxis"/>
    <link:presentationArc xlink:type="arc" xlink:arcrole="http://www.xbrl.org/2003/arcrole/parent-child" xlink:from="InterestRateRiskInterestRateDerivativesGovernmentBondFuturesQualifiedHedgingTable" xlink:to="InterestRateRiskInterestRateDerivativesGovernmentBondFuturesQualifiedHedgingSecurityLineNumberAxis" xlink:title="presentation: InterestRateRiskInterestRateDerivativesGovernmentBondFuturesQualifiedHedgingTable to InterestRateRiskInterestRateDerivativesGovernmentBondFuturesQualifiedHedgingSecurityLineNumberAxis" use="optional" order="20.0" preferredLabel="http://www.xbrl.org/2003/role/terseLabel"/>
    <link:loc xlink:type="locator" xlink:href="../../c-ross_core_2015-12-31.xsd#c-ross_InterestRateRiskInterestRateDerivativesGovernmentBondFuturesQualifiedHedgingLineItems" xlink:label="InterestRateRiskInterestRateDerivativesGovernmentBondFuturesQualifiedHedgingLineItems" xlink:title="InterestRateRiskInterestRateDerivativesGovernmentBondFuturesQualifiedHedgingLineItems"/>
    <link:loc xlink:type="locator" xlink:href="../../c-ross_core_2015-12-31.xsd#c-ross_InterestRateRiskInterestRateDerivativesGovernmentBondFuturesQualifiedHedgingHedgingPortfolioName" xlink:label="InterestRateRiskInterestRateDerivativesGovernmentBondFuturesQualifiedHedgingHedgingPortfolioName" xlink:title="InterestRateRiskInterestRateDerivativesGovernmentBondFuturesQualifiedHedgingHedgingPortfolioName"/>
    <link:presentationArc xlink:type="arc" xlink:arcrole="http://www.xbrl.org/2003/arcrole/parent-child" xlink:from="InterestRateRiskInterestRateDerivativesGovernmentBondFuturesQualifiedHedgingLineItems" xlink:to="InterestRateRiskInterestRateDerivativesGovernmentBondFuturesQualifiedHedgingHedgingPortfolioName" xlink:title="presentation: InterestRateRiskInterestRateDerivativesGovernmentBondFuturesQualifiedHedgingLineItems to InterestRateRiskInterestRateDerivativesGovernmentBondFuturesQualifiedHedgingHedgingPortfolioName" use="optional" order="10.0" preferredLabel="http://www.xbrl.org/2003/role/terseLabel"/>
    <link:loc xlink:type="locator" xlink:href="../../c-ross_core_2015-12-31.xsd#c-ross_InterestRateRiskInterestRateDerivativesGovernmentBondFuturesQualifiedHedgingSecurityName" xlink:label="InterestRateRiskInterestRateDerivativesGovernmentBondFuturesQualifiedHedgingSecurityName" xlink:title="InterestRateRiskInterestRateDerivativesGovernmentBondFuturesQualifiedHedgingSecurityName"/>
    <link:presentationArc xlink:type="arc" xlink:arcrole="http://www.xbrl.org/2003/arcrole/parent-child" xlink:from="InterestRateRiskInterestRateDerivativesGovernmentBondFuturesQualifiedHedgingLineItems" xlink:to="InterestRateRiskInterestRateDerivativesGovernmentBondFuturesQualifiedHedgingSecurityName" xlink:title="presentation: InterestRateRiskInterestRateDerivativesGovernmentBondFuturesQualifiedHedgingLineItems to InterestRateRiskInterestRateDerivativesGovernmentBondFuturesQualifiedHedgingSecurityName" use="optional" order="20.0" preferredLabel="http://www.xbrl.org/2003/role/terseLabel"/>
    <link:loc xlink:type="locator" xlink:href="../../c-ross_core_2015-12-31.xsd#c-ross_InterestRateRiskInterestRateDerivativesGovernmentBondFuturesQualifiedHedgingSecurityCode" xlink:label="InterestRateRiskInterestRateDerivativesGovernmentBondFuturesQualifiedHedgingSecurityCode" xlink:title="InterestRateRiskInterestRateDerivativesGovernmentBondFuturesQualifiedHedgingSecurityCode"/>
    <link:presentationArc xlink:type="arc" xlink:arcrole="http://www.xbrl.org/2003/arcrole/parent-child" xlink:from="InterestRateRiskInterestRateDerivativesGovernmentBondFuturesQualifiedHedgingLineItems" xlink:to="InterestRateRiskInterestRateDerivativesGovernmentBondFuturesQualifiedHedgingSecurityCode" xlink:title="presentation: InterestRateRiskInterestRateDerivativesGovernmentBondFuturesQualifiedHedgingLineItems to InterestRateRiskInterestRateDerivativesGovernmentBondFuturesQualifiedHedgingSecurityCode" use="optional" order="30.0" preferredLabel="http://www.xbrl.org/2003/role/terseLabel"/>
    <link:loc xlink:type="locator" xlink:href="../../c-ross_core_2015-12-31.xsd#c-ross_InterestRateRiskInterestRateDerivativesGovernmentBondFuturesQualifiedHedgingModifiedDurationOfBonds" xlink:label="InterestRateRiskInterestRateDerivativesGovernmentBondFuturesQualifiedHedgingModifiedDurationOfBonds" xlink:title="InterestRateRiskInterestRateDerivativesGovernmentBondFuturesQualifiedHedgingModifiedDurationOfBonds"/>
    <link:presentationArc xlink:type="arc" xlink:arcrole="http://www.xbrl.org/2003/arcrole/parent-child" xlink:from="InterestRateRiskInterestRateDerivativesGovernmentBondFuturesQualifiedHedgingLineItems" xlink:to="InterestRateRiskInterestRateDerivativesGovernmentBondFuturesQualifiedHedgingModifiedDurationOfBonds" xlink:title="presentation: InterestRateRiskInterestRateDerivativesGovernmentBondFuturesQualifiedHedgingLineItems to InterestRateRiskInterestRateDerivativesGovernmentBondFuturesQualifiedHedgingModifiedDurationOfBonds" use="optional" order="40.0" preferredLabel="http://www.xbrl.org/2003/role/terseLabel"/>
    <link:loc xlink:type="locator" xlink:href="../../c-ross_core_2015-12-31.xsd#c-ross_InterestRateRiskInterestRateDerivativesGovernmentBondFuturesQualifiedHedgingAdmittedValueOfBonds" xlink:label="InterestRateRiskInterestRateDerivativesGovernmentBondFuturesQualifiedHedgingAdmittedValueOfBonds" xlink:title="InterestRateRiskInterestRateDerivativesGovernmentBondFuturesQualifiedHedgingAdmittedValueOfBonds"/>
    <link:presentationArc xlink:type="arc" xlink:arcrole="http://www.xbrl.org/2003/arcrole/parent-child" xlink:from="InterestRateRiskInterestRateDerivativesGovernmentBondFuturesQualifiedHedgingLineItems" xlink:to="InterestRateRiskInterestRateDerivativesGovernmentBondFuturesQualifiedHedgingAdmittedValueOfBonds" xlink:title="presentation: InterestRateRiskInterestRateDerivativesGovernmentBondFuturesQualifiedHedgingLineItems to InterestRateRiskInterestRateDerivativesGovernmentBondFuturesQualifiedHedgingAdmittedValueOfBonds" use="optional" order="50.0" preferredLabel="http://www.xbrl.org/2003/role/terseLabel"/>
    <link:loc xlink:type="locator" xlink:href="../../c-ross_core_2015-12-31.xsd#c-ross_InterestRateRiskInterestRateDerivativesGovernmentBondFuturesQualifiedHedgingMinimumCapitalOfHedgedBondPortfolio" xlink:label="InterestRateRiskInterestRateDerivativesGovernmentBondFuturesQualifiedHedgingMinimumCapitalOfHedgedBondPortfolio" xlink:title="InterestRateRiskInterestRateDerivativesGovernmentBondFuturesQualifiedHedgingMinimumCapitalOfHedgedBondPortfolio"/>
    <link:presentationArc xlink:type="arc" xlink:arcrole="http://www.xbrl.org/2003/arcrole/parent-child" xlink:from="InterestRateRiskInterestRateDerivativesGovernmentBondFuturesQualifiedHedgingLineItems" xlink:to="InterestRateRiskInterestRateDerivativesGovernmentBondFuturesQualifiedHedgingMinimumCapitalOfHedgedBondPortfolio" xlink:title="presentation: InterestRateRiskInterestRateDerivativesGovernmentBondFuturesQualifiedHedgingLineItems to InterestRateRiskInterestRateDerivativesGovernmentBondFuturesQualifiedHedgingMinimumCapitalOfHedgedBondPortfolio" use="optional" order="120.0" preferredLabel="http://www.xbrl.org/2003/role/terseLabel"/>
    <link:loc xlink:type="locator" xlink:href="../../c-ross_core_2015-12-31.xsd#c-ross_InterestRateRiskInterestRateDerivativesGovernmentBondFuturesQualifiedHedgingContractualValueOfShortPositionOfGovernmentBondFutures" xlink:label="InterestRateRiskInterestRateDerivativesGovernmentBondFuturesQualifiedHedgingContractualValueOfShortPositionOfGovernmentBondFutures" xlink:title="InterestRateRiskInterestRateDerivativesGovernmentBondFuturesQualifiedHedgingContractualValueOfShortPositionOfGovernmentBondFutures"/>
    <link:presentationArc xlink:type="arc" xlink:arcrole="http://www.xbrl.org/2003/arcrole/parent-child" xlink:from="InterestRateRiskInterestRateDerivativesGovernmentBondFuturesQualifiedHedgingLineItems" xlink:to="InterestRateRiskInterestRateDerivativesGovernmentBondFuturesQualifiedHedgingContractualValueOfShortPositionOfGovernmentBondFutures" xlink:title="presentation: InterestRateRiskInterestRateDerivativesGovernmentBondFuturesQualifiedHedgingLineItems to InterestRateRiskInterestRateDerivativesGovernmentBondFuturesQualifiedHedgingContractualValueOfShortPositionOfGovernmentBondFutures" use="optional" order="70.0" preferredLabel="http://www.xbrl.org/2003/role/terseLabel"/>
    <link:loc xlink:type="locator" xlink:href="../../c-ross_core_2015-12-31.xsd#c-ross_InterestRateRiskInterestRateDerivativesGovernmentBondFuturesQualifiedHedgingHedgingEffectivenessOfShortPositionOfGovernmentBondFutures" xlink:label="InterestRateRiskInterestRateDerivativesGovernmentBondFuturesQualifiedHedgingHedgingEffectivenessOfShortPositionOfGovernmentBondFutures" xlink:title="InterestRateRiskInterestRateDerivativesGovernmentBondFuturesQualifiedHedgingHedgingEffectivenessOfShortPositionOfGovernmentBondFutures"/>
    <link:presentationArc xlink:type="arc" xlink:arcrole="http://www.xbrl.org/2003/arcrole/parent-child" xlink:from="InterestRateRiskInterestRateDerivativesGovernmentBondFuturesQualifiedHedgingLineItems" xlink:to="InterestRateRiskInterestRateDerivativesGovernmentBondFuturesQualifiedHedgingHedgingEffectivenessOfShortPositionOfGovernmentBondFutures" xlink:title="presentation: InterestRateRiskInterestRateDerivativesGovernmentBondFuturesQualifiedHedgingLineItems to InterestRateRiskInterestRateDerivativesGovernmentBondFuturesQualifiedHedgingHedgingEffectivenessOfShortPositionOfGovernmentBondFutures" use="optional" order="80.0" preferredLabel="http://www.xbrl.org/2003/role/terseLabel"/>
    <link:loc xlink:type="locator" xlink:href="../../c-ross_core_2015-12-31.xsd#c-ross_InterestRateRiskInterestRateDerivativesGovernmentBondFuturesQualifiedHedgingMinimumCapitalOfHedgingPortfolio" xlink:label="InterestRateRiskInterestRateDerivativesGovernmentBondFuturesQualifiedHedgingMinimumCapitalOfHedgingPortfolio" xlink:title="InterestRateRiskInterestRateDerivativesGovernmentBondFuturesQualifiedHedgingMinimumCapitalOfHedgingPortfolio"/>
    <link:presentationArc xlink:type="arc" xlink:arcrole="http://www.xbrl.org/2003/arcrole/parent-child" xlink:from="InterestRateRiskInterestRateDerivativesGovernmentBondFuturesQualifiedHedgingLineItems" xlink:to="InterestRateRiskInterestRateDerivativesGovernmentBondFuturesQualifiedHedgingMinimumCapitalOfHedgingPortfolio" xlink:title="presentation: InterestRateRiskInterestRateDerivativesGovernmentBondFuturesQualifiedHedgingLineItems to InterestRateRiskInterestRateDerivativesGovernmentBondFuturesQualifiedHedgingMinimumCapitalOfHedgingPortfolio" use="optional" order="130.0" preferredLabel="http://www.xbrl.org/2003/role/terseLabel"/>
    <link:loc xlink:type="locator" xlink:href="../../c-ross_core_2015-12-31.xsd#c-ross_InterestRateRiskInterestRateDerivativesGovernmentBondFuturesQualifiedHedgingBaseRiskFactorOfHedgedBonds" xlink:label="InterestRateRiskInterestRateDerivativesGovernmentBondFuturesQualifiedHedgingBaseRiskFactorOfHedgedBonds" xlink:title="InterestRateRiskInterestRateDerivativesGovernmentBondFuturesQualifiedHedgingBaseRiskFactorOfHedgedBonds"/>
    <link:presentationArc xlink:type="arc" xlink:arcrole="http://www.xbrl.org/2003/arcrole/parent-child" xlink:from="InterestRateRiskInterestRateDerivativesGovernmentBondFuturesQualifiedHedgingLineItems" xlink:to="InterestRateRiskInterestRateDerivativesGovernmentBondFuturesQualifiedHedgingBaseRiskFactorOfHedgedBonds" xlink:title="presentation: InterestRateRiskInterestRateDerivativesGovernmentBondFuturesQualifiedHedgingLineItems to InterestRateRiskInterestRateDerivativesGovernmentBondFuturesQualifiedHedgingBaseRiskFactorOfHedgedBonds" use="optional" order="100.0" preferredLabel="http://www.xbrl.org/2003/role/terseLabel"/>
    <link:loc xlink:type="locator" xlink:href="../../c-ross_core_2015-12-31.xsd#c-ross_InterestRateRiskInterestRateDerivativesGovernmentBondFuturesQualifiedHedgingRiskExposureOfHedgedBonds" xlink:label="InterestRateRiskInterestRateDerivativesGovernmentBondFuturesQualifiedHedgingRiskExposureOfHedgedBonds" xlink:title="InterestRateRiskInterestRateDerivativesGovernmentBondFuturesQualifiedHedgingRiskExposureOfHedgedBonds"/>
    <link:presentationArc xlink:type="arc" xlink:arcrole="http://www.xbrl.org/2003/arcrole/parent-child" xlink:from="InterestRateRiskInterestRateDerivativesGovernmentBondFuturesQualifiedHedgingLineItems" xlink:to="InterestRateRiskInterestRateDerivativesGovernmentBondFuturesQualifiedHedgingRiskExposureOfHedgedBonds" xlink:title="presentation: InterestRateRiskInterestRateDerivativesGovernmentBondFuturesQualifiedHedgingLineItems to InterestRateRiskInterestRateDerivativesGovernmentBondFuturesQualifiedHedgingRiskExposureOfHedgedBonds" use="optional" order="90.0" preferredLabel="http://www.xbrl.org/2003/role/terseLabel"/>
    <link:loc xlink:type="locator" xlink:href="../../c-ross_core_2015-12-31.xsd#c-ross_InterestRateRiskInterestRateDerivativesGovernmentBondFuturesQualifiedHedgingModifiedDurationOfShortPositionOfGovernmentBondFutures" xlink:label="InterestRateRiskInterestRateDerivativesGovernmentBondFuturesQualifiedHedgingModifiedDurationOfShortPositionOfGovernmentBondFutures" xlink:title="InterestRateRiskInterestRateDerivativesGovernmentBondFuturesQualifiedHedgingModifiedDurationOfShortPositionOfGovernmentBondFutures"/>
    <link:presentationArc xlink:type="arc" xlink:arcrole="http://www.xbrl.org/2003/arcrole/parent-child" xlink:from="InterestRateRiskInterestRateDerivativesGovernmentBondFuturesQualifiedHedgingLineItems" xlink:to="InterestRateRiskInterestRateDerivativesGovernmentBondFuturesQualifiedHedgingModifiedDurationOfShortPositionOfGovernmentBondFutures" xlink:title="presentation: InterestRateRiskInterestRateDerivativesGovernmentBondFuturesQualifiedHedgingLineItems to InterestRateRiskInterestRateDerivativesGovernmentBondFuturesQualifiedHedgingModifiedDurationOfShortPositionOfGovernmentBondFutures" use="optional" order="60.0" preferredLabel="http://www.xbrl.org/2003/role/terseLabel"/>
    <link:loc xlink:type="locator" xlink:href="../../c-ross_core_2015-12-31.xsd#c-ross_InterestRateRiskInterestRateDerivativesGovernmentBondFuturesQualifiedHedgingRiskFactorOfShortPositionOfGovernmentBondFutures" xlink:label="InterestRateRiskInterestRateDerivativesGovernmentBondFuturesQualifiedHedgingRiskFactorOfShortPositionOfGovernmentBondFutures" xlink:title="InterestRateRiskInterestRateDerivativesGovernmentBondFuturesQualifiedHedgingRiskFactorOfShortPositionOfGovernmentBondFutures"/>
    <link:presentationArc xlink:type="arc" xlink:arcrole="http://www.xbrl.org/2003/arcrole/parent-child" xlink:from="InterestRateRiskInterestRateDerivativesGovernmentBondFuturesQualifiedHedgingLineItems" xlink:to="InterestRateRiskInterestRateDerivativesGovernmentBondFuturesQualifiedHedgingRiskFactorOfShortPositionOfGovernmentBondFutures" xlink:title="presentation: InterestRateRiskInterestRateDerivativesGovernmentBondFuturesQualifiedHedgingLineItems to InterestRateRiskInterestRateDerivativesGovernmentBondFuturesQualifiedHedgingRiskFactorOfShortPositionOfGovernmentBondFutures" use="optional" order="110.0" preferredLabel="http://www.xbrl.org/2003/role/terseLabel"/>
    <link:loc xlink:type="locator" xlink:href="../../c-ross_core_2015-12-31.xsd#c-ross_InterestRateRiskInterestRateDerivativesGovernmentBondFuturesQualifiedHedgingHedgedSecurityAbstract" xlink:label="InterestRateRiskInterestRateDerivativesGovernmentBondFuturesQualifiedHedgingDetailsAbstract" xlink:title="InterestRateRiskInterestRateDerivativesGovernmentBondFuturesQualifiedHedgingDetailsAbstract"/>
    <link:presentationArc xlink:type="arc" xlink:arcrole="http://www.xbrl.org/2003/arcrole/parent-child" xlink:from="InterestRateRiskInterestRateDerivativesGovernmentBondFuturesQualifiedHedgingDetailsAbstract" xlink:to="InterestRateRiskInterestRateDerivativesGovernmentBondFuturesQualifiedHedgingTable" xlink:title="presentation: InterestRateRiskInterestRateDerivativesGovernmentBondFuturesQualifiedHedgingDetailsAbstract to InterestRateRiskInterestRateDerivativesGovernmentBondFuturesQualifiedHedgingTable" use="optional" order="10.0" preferredLabel="http://www.xbrl.org/2003/role/label"/>
    <link:presentationArc xlink:type="arc" xlink:arcrole="http://www.xbrl.org/2003/arcrole/parent-child" xlink:from="InterestRateRiskInterestRateDerivativesGovernmentBondFuturesQualifiedHedgingDetailsAbstract" xlink:to="InterestRateRiskInterestRateDerivativesGovernmentBondFuturesQualifiedHedgingLineItems" xlink:title="presentation: InterestRateRiskInterestRateDerivativesGovernmentBondFuturesQualifiedHedgingDetailsAbstract to InterestRateRiskInterestRateDerivativesGovernmentBondFuturesQualifiedHedgingLineItems" use="optional" order="20.0" preferredLabel="http://www.xbrl.org/2003/role/label"/>
  </link:presentationLink>
</link:linkbase>
