<?xml version="1.0" encoding="UTF-8"?>

<!--
	Taxonomy: 2015-12-31 (Final)
	**********************
	Copyright © 2015 China Insurance Regulatory Commission.
	All rights reserved.  No part of this publication may be translated, reprinted or reproduced
	or utilised in any form either in whole or in part without prior permission in writing from China Insurance Regulatory Commission.
	  **********************
	-->
<link:linkbase xmlns:xsi="http://www.w3.org/2001/XMLSchema-instance" xsi:schemaLocation="http://www.xbrl.org/2003/linkbase http://www.xbrl.org/2003/xbrl-linkbase-2003-12-31.xsd" xmlns:c-ross="http://xbrl.circ.gov.cn/taxonomy/2015-12-31/c-ross" xmlns:link="http://www.xbrl.org/2003/linkbase" xmlns:q_s_pc_entry_point="http://xbrl.circ.gov.cn/taxonomy/2015-12-31/c-ross/q_s_pc_entry_point" xmlns:xlink="http://www.w3.org/1999/xlink" xmlns:xbrli="http://www.xbrl.org/2003/instance">
  <link:roleRef roleURI="http://www.xbrl.org/2009/role/netLabel" xlink:type="simple" xlink:href="http://www.xbrl.org/lrr/role/net-2009-12-16.xsd#netLabel"/>
  <link:roleRef roleURI="http://xbrl.circ.gov.cn/role/c-ross_2015-12-31_role-3162700" xlink:type="simple" xlink:href="rol_c-ross_7_2015-12-31.xsd#c-ross_2015-12-31-3162700"/>
  <link:roleRef roleURI="http://xbrl.circ.gov.cn/role/c-ross_2015-12-31_role-3162700a" xlink:type="simple" xlink:href="rol_c-ross_7_2015-12-31.xsd#c-ross_2015-12-31-3162700a"/>
  <link:roleRef roleURI="http://xbrl.circ.gov.cn/role/c-ross_2015-12-31_role-3162700b" xlink:type="simple" xlink:href="rol_c-ross_7_2015-12-31.xsd#c-ross_2015-12-31-3162700b"/>
  <link:presentationLink xlink:type="extended" xlink:role="http://xbrl.circ.gov.cn/role/c-ross_2015-12-31_role-3162700a">
    <link:loc xlink:type="locator" xlink:href="../../c-ross_core_2015-12-31.xsd#c-ross_TypesOfAssetsHeldMember" xlink:label="TypesOfAssetsHeldMember" xlink:title="TypesOfAssetsHeldMember"/>
    <link:loc xlink:type="locator" xlink:href="../../c-ross_core_2015-12-31.xsd#c-ross_HeldByCompanyDirectlyMember" xlink:label="HeldByCompanyDirectlyMember" xlink:title="HeldByCompanyDirectlyMember"/>
    <link:presentationArc xlink:type="arc" xlink:arcrole="http://www.xbrl.org/2003/arcrole/parent-child" xlink:from="TypesOfAssetsHeldMember" xlink:to="HeldByCompanyDirectlyMember" xlink:title="presentation: TypesOfAssetsHeldMember to HeldByCompanyDirectlyMember" use="optional" order="10.0" preferredLabel="http://www.xbrl.org/2003/role/label"/>
    <link:loc xlink:type="locator" xlink:href="../../c-ross_core_2015-12-31.xsd#c-ross_ExchangeRateRiskOfProjectsForeignCurrencyDenominatedAssetsLiabilitiesUnhedgedOrIneffectivelyHedgedForeignCurrencyItemsDenominatedInOtherForeignCurrenciesHeldByCompanyDirectlyDetailsAbstract" xlink:label="ExchangeRateRiskOfProjectsForeignCurrencyDenominatedAssetsLiabilitiesUnhedgedOrIneffectivelyHedgedProjectDenominatedInOtherCurrenciesHeldByCompanyDirectlyDetailsAbstract" xlink:title="ExchangeRateRiskOfProjectsForeignCurrencyDenominatedAssetsLiabilitiesUnhedgedOrIneffectivelyHedgedProjectDenominatedInOtherCurrenciesHeldByCompanyDirectlyDetailsAbstract"/>
    <link:loc xlink:type="locator" xlink:href="../../c-ross_core_2015-12-31.xsd#c-ross_ExchangeRateRiskOfProjectsForeignCurrencyDenominatedAssetsLiabilitiesUnhedgedOrIneffectivelyHedgedDetailsTable" xlink:label="ExchangeRateRiskOfProjectsForeignCurrencyDenominatedAssetsLiabilitiesUnhedgedOrIneffectivelyHedgedDetailsTable" xlink:title="ExchangeRateRiskOfProjectsForeignCurrencyDenominatedAssetsLiabilitiesUnhedgedOrIneffectivelyHedgedDetailsTable"/>
    <link:presentationArc xlink:type="arc" xlink:arcrole="http://www.xbrl.org/2003/arcrole/parent-child" xlink:from="ExchangeRateRiskOfProjectsForeignCurrencyDenominatedAssetsLiabilitiesUnhedgedOrIneffectivelyHedgedProjectDenominatedInOtherCurrenciesHeldByCompanyDirectlyDetailsAbstract" xlink:to="ExchangeRateRiskOfProjectsForeignCurrencyDenominatedAssetsLiabilitiesUnhedgedOrIneffectivelyHedgedDetailsTable" xlink:title="presentation: ExchangeRateRiskOfProjectsForeignCurrencyDenominatedAssetsLiabilitiesUnhedgedOrIneffectivelyHedgedProjectDenominatedInOtherCurrenciesHeldByCompanyDirectlyDetailsAbstract to ExchangeRateRiskOfProjectsForeignCurrencyDenominatedAssetsLiabilitiesUnhedgedOrIneffectivelyHedgedDetailsTable" use="optional" order="10.0" preferredLabel="http://www.xbrl.org/2003/role/label"/>
    <link:loc xlink:type="locator" xlink:href="../../c-ross_core_2015-12-31.xsd#c-ross_ExchangeRateRiskTypesOfForeignCurrencyDenominatedAssetsLiabilitiesUnhedgedOrIneffectivelyHedgedHeldAxis" xlink:label="ExchangeRateRiskTypesOfForeignCurrencyDenominatedAssetsLiabilitiesUnhedgedOrIneffectivelyHedgedHeldAxis" xlink:title="ExchangeRateRiskTypesOfForeignCurrencyDenominatedAssetsLiabilitiesUnhedgedOrIneffectivelyHedgedHeldAxis"/>
    <link:presentationArc xlink:type="arc" xlink:arcrole="http://www.xbrl.org/2003/arcrole/parent-child" xlink:from="ExchangeRateRiskOfProjectsForeignCurrencyDenominatedAssetsLiabilitiesUnhedgedOrIneffectivelyHedgedDetailsTable" xlink:to="ExchangeRateRiskTypesOfForeignCurrencyDenominatedAssetsLiabilitiesUnhedgedOrIneffectivelyHedgedHeldAxis" xlink:title="presentation: ExchangeRateRiskOfProjectsForeignCurrencyDenominatedAssetsLiabilitiesUnhedgedOrIneffectivelyHedgedDetailsTable to ExchangeRateRiskTypesOfForeignCurrencyDenominatedAssetsLiabilitiesUnhedgedOrIneffectivelyHedgedHeldAxis" use="optional" order="10.0" preferredLabel="http://www.xbrl.org/2003/role/label"/>
    <link:presentationArc xlink:type="arc" xlink:arcrole="http://www.xbrl.org/2003/arcrole/parent-child" xlink:from="ExchangeRateRiskTypesOfForeignCurrencyDenominatedAssetsLiabilitiesUnhedgedOrIneffectivelyHedgedHeldAxis" xlink:to="TypesOfAssetsHeldMember" xlink:title="presentation: ExchangeRateRiskTypesOfForeignCurrencyDenominatedAssetsLiabilitiesUnhedgedOrIneffectivelyHedgedHeldAxis to TypesOfAssetsHeldMember" use="optional" order="10.0" preferredLabel="http://www.xbrl.org/2003/role/label"/>
    <link:loc xlink:type="locator" xlink:href="../../c-ross_core_2015-12-31.xsd#c-ross_ExchangeRateRiskForeignCurrencyDenominatedAssetsLiabilitiesUnhedgedOrIneffectivelyHedgedTypesOfCurrenciesAxis" xlink:label="ExchangeRateRiskForeignCurrencyDenominatedAssetsLiabilitiesUnhedgedOrIneffectivelyHedgedTypesOfCurrenciesAxis" xlink:title="ExchangeRateRiskForeignCurrencyDenominatedAssetsLiabilitiesUnhedgedOrIneffectivelyHedgedTypesOfCurrenciesAxis"/>
    <link:presentationArc xlink:type="arc" xlink:arcrole="http://www.xbrl.org/2003/arcrole/parent-child" xlink:from="ExchangeRateRiskOfProjectsForeignCurrencyDenominatedAssetsLiabilitiesUnhedgedOrIneffectivelyHedgedDetailsTable" xlink:to="ExchangeRateRiskForeignCurrencyDenominatedAssetsLiabilitiesUnhedgedOrIneffectivelyHedgedTypesOfCurrenciesAxis" xlink:title="presentation: ExchangeRateRiskOfProjectsForeignCurrencyDenominatedAssetsLiabilitiesUnhedgedOrIneffectivelyHedgedDetailsTable to ExchangeRateRiskForeignCurrencyDenominatedAssetsLiabilitiesUnhedgedOrIneffectivelyHedgedTypesOfCurrenciesAxis" use="optional" order="20.0" preferredLabel="http://www.xbrl.org/2003/role/label"/>
    <link:loc xlink:type="locator" xlink:href="../../c-ross_core_2015-12-31.xsd#c-ross_TypesOfCurrenciesMember" xlink:label="CurrenciesMember" xlink:title="CurrenciesMember"/>
    <link:presentationArc xlink:type="arc" xlink:arcrole="http://www.xbrl.org/2003/arcrole/parent-child" xlink:from="ExchangeRateRiskForeignCurrencyDenominatedAssetsLiabilitiesUnhedgedOrIneffectivelyHedgedTypesOfCurrenciesAxis" xlink:to="CurrenciesMember" xlink:title="presentation: ExchangeRateRiskForeignCurrencyDenominatedAssetsLiabilitiesUnhedgedOrIneffectivelyHedgedTypesOfCurrenciesAxis to CurrenciesMember" use="optional" order="10.0" preferredLabel="http://www.xbrl.org/2003/role/label"/>
    <link:loc xlink:type="locator" xlink:href="../../c-ross_core_2015-12-31.xsd#c-ross_ForeignCurrencyItemsDenominatedInOtherForeignCurrenciesMember" xlink:label="OtherForeignCurrenciesItemsMember" xlink:title="OtherForeignCurrenciesItemsMember"/>
    <link:presentationArc xlink:type="arc" xlink:arcrole="http://www.xbrl.org/2003/arcrole/parent-child" xlink:from="CurrenciesMember" xlink:to="OtherForeignCurrenciesItemsMember" xlink:title="presentation: CurrenciesMember to OtherForeignCurrenciesItemsMember" use="optional" order="10.0" preferredLabel="http://www.xbrl.org/2003/role/label"/>
    <link:loc xlink:type="locator" xlink:href="../../c-ross_core_2015-12-31.xsd#c-ross_ExchangeRateRiskForeignCurrencyDenominatedAssetsLiabilitiesUnhedgedOrIneffectivelyHedgedForeignCurrencyItemsDenominatedInOtherForeignCurrenciesHeldByCompanyDirectlyLineNumberAxis" xlink:label="ExchangeRateRiskForeignCurrencyDenominatedAssetsLiabilitiesUnhedgedOrIneffectivelyHedgedProjectDenominatedInOtherCurrenciesHeldByCompanyDirectlyLineNumberAxis" xlink:title="ExchangeRateRiskForeignCurrencyDenominatedAssetsLiabilitiesUnhedgedOrIneffectivelyHedgedProjectDenominatedInOtherCurrenciesHeldByCompanyDirectlyLineNumberAxis"/>
    <link:presentationArc xlink:type="arc" xlink:arcrole="http://www.xbrl.org/2003/arcrole/parent-child" xlink:from="ExchangeRateRiskOfProjectsForeignCurrencyDenominatedAssetsLiabilitiesUnhedgedOrIneffectivelyHedgedDetailsTable" xlink:to="ExchangeRateRiskForeignCurrencyDenominatedAssetsLiabilitiesUnhedgedOrIneffectivelyHedgedProjectDenominatedInOtherCurrenciesHeldByCompanyDirectlyLineNumberAxis" xlink:title="presentation: ExchangeRateRiskOfProjectsForeignCurrencyDenominatedAssetsLiabilitiesUnhedgedOrIneffectivelyHedgedDetailsTable to ExchangeRateRiskForeignCurrencyDenominatedAssetsLiabilitiesUnhedgedOrIneffectivelyHedgedProjectDenominatedInOtherCurrenciesHeldByCompanyDirectlyLineNumberAxis" use="optional" order="30.0" preferredLabel="http://www.xbrl.org/2003/role/terseLabel"/>
    <link:loc xlink:type="locator" xlink:href="../../c-ross_core_2015-12-31.xsd#c-ross_ExchangeRateRiskOfProjectsForeignCurrencyDenominatedAssetsLiabilitiesUnhedgedOrIneffectivelyHedgedDetailsLineItems" xlink:label="ExchangeRateRiskOfProjectsForeignCurrencyDenominatedAssetsLiabilitiesUnhedgedOrIneffectivelyHedgedDetailsLineItems" xlink:title="ExchangeRateRiskOfProjectsForeignCurrencyDenominatedAssetsLiabilitiesUnhedgedOrIneffectivelyHedgedDetailsLineItems"/>
    <link:presentationArc xlink:type="arc" xlink:arcrole="http://www.xbrl.org/2003/arcrole/parent-child" xlink:from="ExchangeRateRiskOfProjectsForeignCurrencyDenominatedAssetsLiabilitiesUnhedgedOrIneffectivelyHedgedProjectDenominatedInOtherCurrenciesHeldByCompanyDirectlyDetailsAbstract" xlink:to="ExchangeRateRiskOfProjectsForeignCurrencyDenominatedAssetsLiabilitiesUnhedgedOrIneffectivelyHedgedDetailsLineItems" xlink:title="presentation: ExchangeRateRiskOfProjectsForeignCurrencyDenominatedAssetsLiabilitiesUnhedgedOrIneffectivelyHedgedProjectDenominatedInOtherCurrenciesHeldByCompanyDirectlyDetailsAbstract to ExchangeRateRiskOfProjectsForeignCurrencyDenominatedAssetsLiabilitiesUnhedgedOrIneffectivelyHedgedDetailsLineItems" use="optional" order="20.0" preferredLabel="http://www.xbrl.org/2003/role/label"/>
    <link:loc xlink:type="locator" xlink:href="../../c-ross_core_2015-12-31.xsd#c-ross_ExchangeRateRiskForeignCurrencyDenominatedAssetsLiabilitiesUnhedgedOrIneffectivelyHedgedForeignCurrencyDenominatedProjects" xlink:label="ExchangeRateRiskForeignCurrencyDenominatedAssetsLiabilitiesUnhedgedOrIneffectivelyHedgedForeignCurrencyDenominatedProjects" xlink:title="ExchangeRateRiskForeignCurrencyDenominatedAssetsLiabilitiesUnhedgedOrIneffectivelyHedgedForeignCurrencyDenominatedProjects"/>
    <link:presentationArc xlink:type="arc" xlink:arcrole="http://www.xbrl.org/2003/arcrole/parent-child" xlink:from="ExchangeRateRiskOfProjectsForeignCurrencyDenominatedAssetsLiabilitiesUnhedgedOrIneffectivelyHedgedDetailsLineItems" xlink:to="ExchangeRateRiskForeignCurrencyDenominatedAssetsLiabilitiesUnhedgedOrIneffectivelyHedgedForeignCurrencyDenominatedProjects" xlink:title="presentation: ExchangeRateRiskOfProjectsForeignCurrencyDenominatedAssetsLiabilitiesUnhedgedOrIneffectivelyHedgedDetailsLineItems to ExchangeRateRiskForeignCurrencyDenominatedAssetsLiabilitiesUnhedgedOrIneffectivelyHedgedForeignCurrencyDenominatedProjects" use="optional" order="10.0" preferredLabel="http://www.xbrl.org/2003/role/terseLabel"/>
    <link:loc xlink:type="locator" xlink:href="../../c-ross_core_2015-12-31.xsd#c-ross_ExchangeRateRiskForeignCurrencyDenominatedAssetsLiabilitiesUnhedgedOrIneffectivelyHedgedForeignCurrencyDenominatedLiquidityManagementInstruments" xlink:label="ExchangeRateRiskForeignCurrencyDenominatedAssetsLiabilitiesUnhedgedOrIneffectivelyHedgedForeignCurrencyDenominatedLiquidityManagementInstruments" xlink:title="ExchangeRateRiskForeignCurrencyDenominatedAssetsLiabilitiesUnhedgedOrIneffectivelyHedgedForeignCurrencyDenominatedLiquidityManagementInstruments"/>
    <link:presentationArc xlink:type="arc" xlink:arcrole="http://www.xbrl.org/2003/arcrole/parent-child" xlink:from="ExchangeRateRiskOfProjectsForeignCurrencyDenominatedAssetsLiabilitiesUnhedgedOrIneffectivelyHedgedDetailsLineItems" xlink:to="ExchangeRateRiskForeignCurrencyDenominatedAssetsLiabilitiesUnhedgedOrIneffectivelyHedgedForeignCurrencyDenominatedLiquidityManagementInstruments" xlink:title="presentation: ExchangeRateRiskOfProjectsForeignCurrencyDenominatedAssetsLiabilitiesUnhedgedOrIneffectivelyHedgedDetailsLineItems to ExchangeRateRiskForeignCurrencyDenominatedAssetsLiabilitiesUnhedgedOrIneffectivelyHedgedForeignCurrencyDenominatedLiquidityManagementInstruments" use="optional" order="20.0" preferredLabel="http://www.xbrl.org/2003/role/terseLabel"/>
    <link:loc xlink:type="locator" xlink:href="../../c-ross_core_2015-12-31.xsd#c-ross_ExchangeRateRiskForeignCurrencyDenominatedAssetsLiabilitiesUnhedgedOrIneffectivelyHedgedForeignCurrencyDenominatedFixedIncomeInvestmentAssets" xlink:label="ExchangeRateRiskForeignCurrencyDenominatedAssetsLiabilitiesUnhedgedOrIneffectivelyHedgedForeignCurrencyDenominatedFixedIncomeInvestmentAssets" xlink:title="ExchangeRateRiskForeignCurrencyDenominatedAssetsLiabilitiesUnhedgedOrIneffectivelyHedgedForeignCurrencyDenominatedFixedIncomeInvestmentAssets"/>
    <link:presentationArc xlink:type="arc" xlink:arcrole="http://www.xbrl.org/2003/arcrole/parent-child" xlink:from="ExchangeRateRiskOfProjectsForeignCurrencyDenominatedAssetsLiabilitiesUnhedgedOrIneffectivelyHedgedDetailsLineItems" xlink:to="ExchangeRateRiskForeignCurrencyDenominatedAssetsLiabilitiesUnhedgedOrIneffectivelyHedgedForeignCurrencyDenominatedFixedIncomeInvestmentAssets" xlink:title="presentation: ExchangeRateRiskOfProjectsForeignCurrencyDenominatedAssetsLiabilitiesUnhedgedOrIneffectivelyHedgedDetailsLineItems to ExchangeRateRiskForeignCurrencyDenominatedAssetsLiabilitiesUnhedgedOrIneffectivelyHedgedForeignCurrencyDenominatedFixedIncomeInvestmentAssets" use="optional" order="30.0" preferredLabel="http://www.xbrl.org/2003/role/terseLabel"/>
    <link:loc xlink:type="locator" xlink:href="../../c-ross_core_2015-12-31.xsd#c-ross_ExchangeRateRiskForeignCurrencyDenominatedAssetsLiabilitiesUnhedgedOrIneffectivelyHedgedForeignCurrencyDenominatedEquityInvestmentAssets" xlink:label="ExchangeRateRiskForeignCurrencyDenominatedAssetsLiabilitiesUnhedgedOrIneffectivelyHedgedForeignCurrencyDenominatedEquityInvestmentAssets" xlink:title="ExchangeRateRiskForeignCurrencyDenominatedAssetsLiabilitiesUnhedgedOrIneffectivelyHedgedForeignCurrencyDenominatedEquityInvestmentAssets"/>
    <link:presentationArc xlink:type="arc" xlink:arcrole="http://www.xbrl.org/2003/arcrole/parent-child" xlink:from="ExchangeRateRiskOfProjectsForeignCurrencyDenominatedAssetsLiabilitiesUnhedgedOrIneffectivelyHedgedDetailsLineItems" xlink:to="ExchangeRateRiskForeignCurrencyDenominatedAssetsLiabilitiesUnhedgedOrIneffectivelyHedgedForeignCurrencyDenominatedEquityInvestmentAssets" xlink:title="presentation: ExchangeRateRiskOfProjectsForeignCurrencyDenominatedAssetsLiabilitiesUnhedgedOrIneffectivelyHedgedDetailsLineItems to ExchangeRateRiskForeignCurrencyDenominatedAssetsLiabilitiesUnhedgedOrIneffectivelyHedgedForeignCurrencyDenominatedEquityInvestmentAssets" use="optional" order="40.0" preferredLabel="http://www.xbrl.org/2003/role/terseLabel"/>
    <link:loc xlink:type="locator" xlink:href="../../c-ross_core_2015-12-31.xsd#c-ross_ExchangeRateRiskForeignCurrencyDenominatedAssetsLiabilitiesUnhedgedOrIneffectivelyHedgedForeignCurrencyDenominatedDerivatives" xlink:label="ExchangeRateRiskForeignCurrencyDenominatedAssetsLiabilitiesUnhedgedOrIneffectivelyHedgedForeignCurrencyDenominatedDerivatives" xlink:title="ExchangeRateRiskForeignCurrencyDenominatedAssetsLiabilitiesUnhedgedOrIneffectivelyHedgedForeignCurrencyDenominatedDerivatives"/>
    <link:presentationArc xlink:type="arc" xlink:arcrole="http://www.xbrl.org/2003/arcrole/parent-child" xlink:from="ExchangeRateRiskOfProjectsForeignCurrencyDenominatedAssetsLiabilitiesUnhedgedOrIneffectivelyHedgedDetailsLineItems" xlink:to="ExchangeRateRiskForeignCurrencyDenominatedAssetsLiabilitiesUnhedgedOrIneffectivelyHedgedForeignCurrencyDenominatedDerivatives" xlink:title="presentation: ExchangeRateRiskOfProjectsForeignCurrencyDenominatedAssetsLiabilitiesUnhedgedOrIneffectivelyHedgedDetailsLineItems to ExchangeRateRiskForeignCurrencyDenominatedAssetsLiabilitiesUnhedgedOrIneffectivelyHedgedForeignCurrencyDenominatedDerivatives" use="optional" order="50.0" preferredLabel="http://www.xbrl.org/2003/role/terseLabel"/>
    <link:loc xlink:type="locator" xlink:href="../../c-ross_core_2015-12-31.xsd#c-ross_ExchangeRateRiskForeignCurrencyDenominatedAssetsLiabilitiesUnhedgedOrIneffectivelyHedgedForeignCurrencyDenominatedProperties" xlink:label="ExchangeRateRiskForeignCurrencyDenominatedAssetsLiabilitiesUnhedgedOrIneffectivelyHedgedForeignCurrencyDenominatedProperties" xlink:title="ExchangeRateRiskForeignCurrencyDenominatedAssetsLiabilitiesUnhedgedOrIneffectivelyHedgedForeignCurrencyDenominatedProperties"/>
    <link:presentationArc xlink:type="arc" xlink:arcrole="http://www.xbrl.org/2003/arcrole/parent-child" xlink:from="ExchangeRateRiskOfProjectsForeignCurrencyDenominatedAssetsLiabilitiesUnhedgedOrIneffectivelyHedgedDetailsLineItems" xlink:to="ExchangeRateRiskForeignCurrencyDenominatedAssetsLiabilitiesUnhedgedOrIneffectivelyHedgedForeignCurrencyDenominatedProperties" xlink:title="presentation: ExchangeRateRiskOfProjectsForeignCurrencyDenominatedAssetsLiabilitiesUnhedgedOrIneffectivelyHedgedDetailsLineItems to ExchangeRateRiskForeignCurrencyDenominatedAssetsLiabilitiesUnhedgedOrIneffectivelyHedgedForeignCurrencyDenominatedProperties" use="optional" order="60.0" preferredLabel="http://www.xbrl.org/2003/role/terseLabel"/>
    <link:loc xlink:type="locator" xlink:href="../../c-ross_core_2015-12-31.xsd#c-ross_ExchangeRateRiskForeignCurrencyDenominatedAssetsLiabilitiesUnhedgedOrIneffectivelyHedgedOtherForeignCurrencyDenominatedAssets" xlink:label="ExchangeRateRiskForeignCurrencyDenominatedAssetsLiabilitiesUnhedgedOrIneffectivelyHedgedOtherForeignCurrencyDenominatedAssets" xlink:title="ExchangeRateRiskForeignCurrencyDenominatedAssetsLiabilitiesUnhedgedOrIneffectivelyHedgedOtherForeignCurrencyDenominatedAssets"/>
    <link:presentationArc xlink:type="arc" xlink:arcrole="http://www.xbrl.org/2003/arcrole/parent-child" xlink:from="ExchangeRateRiskOfProjectsForeignCurrencyDenominatedAssetsLiabilitiesUnhedgedOrIneffectivelyHedgedDetailsLineItems" xlink:to="ExchangeRateRiskForeignCurrencyDenominatedAssetsLiabilitiesUnhedgedOrIneffectivelyHedgedOtherForeignCurrencyDenominatedAssets" xlink:title="presentation: ExchangeRateRiskOfProjectsForeignCurrencyDenominatedAssetsLiabilitiesUnhedgedOrIneffectivelyHedgedDetailsLineItems to ExchangeRateRiskForeignCurrencyDenominatedAssetsLiabilitiesUnhedgedOrIneffectivelyHedgedOtherForeignCurrencyDenominatedAssets" use="optional" order="70.0" preferredLabel="http://www.xbrl.org/2003/role/terseLabel"/>
    <link:loc xlink:type="locator" xlink:href="../../c-ross_core_2015-12-31.xsd#c-ross_ExchangeRateRiskForeignCurrencyDenominatedAssetsLiabilitiesUnhedgedOrIneffectivelyHedgedForeignCurrencyDenominatedLiabilities" xlink:label="ExchangeRateRiskForeignCurrencyDenominatedAssetsLiabilitiesUnhedgedOrIneffectivelyHedgedForeignCurrencyDenominatedLiabilities" xlink:title="ExchangeRateRiskForeignCurrencyDenominatedAssetsLiabilitiesUnhedgedOrIneffectivelyHedgedForeignCurrencyDenominatedLiabilities"/>
    <link:presentationArc xlink:type="arc" xlink:arcrole="http://www.xbrl.org/2003/arcrole/parent-child" xlink:from="ExchangeRateRiskOfProjectsForeignCurrencyDenominatedAssetsLiabilitiesUnhedgedOrIneffectivelyHedgedDetailsLineItems" xlink:to="ExchangeRateRiskForeignCurrencyDenominatedAssetsLiabilitiesUnhedgedOrIneffectivelyHedgedForeignCurrencyDenominatedLiabilities" xlink:title="presentation: ExchangeRateRiskOfProjectsForeignCurrencyDenominatedAssetsLiabilitiesUnhedgedOrIneffectivelyHedgedDetailsLineItems to ExchangeRateRiskForeignCurrencyDenominatedAssetsLiabilitiesUnhedgedOrIneffectivelyHedgedForeignCurrencyDenominatedLiabilities" use="optional" order="80.0" preferredLabel="http://www.xbrl.org/2003/role/terseLabel"/>
    <link:loc xlink:type="locator" xlink:href="../../c-ross_core_2015-12-31.xsd#c-ross_ExchangeRateRiskForeignCurrencyDenominatedAssetsLiabilitiesUnhedgedOrIneffectivelyHedgedNetAbsoluteValue" xlink:label="ExchangeRateRiskForeignCurrencyDenominatedAssetsLiabilitiesUnhedgedOrIneffectivelyHedgedNetAbsoluteValue" xlink:title="ExchangeRateRiskForeignCurrencyDenominatedAssetsLiabilitiesUnhedgedOrIneffectivelyHedgedNetAbsoluteValue"/>
    <link:presentationArc xlink:type="arc" xlink:arcrole="http://www.xbrl.org/2003/arcrole/parent-child" xlink:from="ExchangeRateRiskOfProjectsForeignCurrencyDenominatedAssetsLiabilitiesUnhedgedOrIneffectivelyHedgedDetailsLineItems" xlink:to="ExchangeRateRiskForeignCurrencyDenominatedAssetsLiabilitiesUnhedgedOrIneffectivelyHedgedNetAbsoluteValue" xlink:title="presentation: ExchangeRateRiskOfProjectsForeignCurrencyDenominatedAssetsLiabilitiesUnhedgedOrIneffectivelyHedgedDetailsLineItems to ExchangeRateRiskForeignCurrencyDenominatedAssetsLiabilitiesUnhedgedOrIneffectivelyHedgedNetAbsoluteValue" use="optional" order="90.0" preferredLabel="http://www.xbrl.org/2003/role/terseLabel"/>
    <link:loc xlink:type="locator" xlink:href="../../c-ross_core_2015-12-31.xsd#c-ross_ExchangeRateRiskForeignCurrencyDenominatedAssetsLiabilitiesUnhedgedOrIneffectivelyHedgedRiskExposure" xlink:label="ExchangeRateRiskForeignCurrencyDenominatedAssetsLiabilitiesUnhedgedOrIneffectivelyHedgedRiskExposure" xlink:title="ExchangeRateRiskForeignCurrencyDenominatedAssetsLiabilitiesUnhedgedOrIneffectivelyHedgedRiskExposure"/>
    <link:presentationArc xlink:type="arc" xlink:arcrole="http://www.xbrl.org/2003/arcrole/parent-child" xlink:from="ExchangeRateRiskOfProjectsForeignCurrencyDenominatedAssetsLiabilitiesUnhedgedOrIneffectivelyHedgedDetailsLineItems" xlink:to="ExchangeRateRiskForeignCurrencyDenominatedAssetsLiabilitiesUnhedgedOrIneffectivelyHedgedRiskExposure" xlink:title="presentation: ExchangeRateRiskOfProjectsForeignCurrencyDenominatedAssetsLiabilitiesUnhedgedOrIneffectivelyHedgedDetailsLineItems to ExchangeRateRiskForeignCurrencyDenominatedAssetsLiabilitiesUnhedgedOrIneffectivelyHedgedRiskExposure" use="optional" order="100.0" preferredLabel="http://www.xbrl.org/2003/role/terseLabel"/>
    <link:loc xlink:type="locator" xlink:href="../../c-ross_core_2015-12-31.xsd#c-ross_ExchangeRateRiskForeignCurrencyDenominatedAssetsLiabilitiesUnhedgedOrIneffectivelyHedgedBaseRiskFactor" xlink:label="ExchangeRateRiskForeignCurrencyDenominatedAssetsLiabilitiesUnhedgedOrIneffectivelyHedgedBaseRiskFactor" xlink:title="ExchangeRateRiskForeignCurrencyDenominatedAssetsLiabilitiesUnhedgedOrIneffectivelyHedgedBaseRiskFactor"/>
    <link:presentationArc xlink:type="arc" xlink:arcrole="http://www.xbrl.org/2003/arcrole/parent-child" xlink:from="ExchangeRateRiskOfProjectsForeignCurrencyDenominatedAssetsLiabilitiesUnhedgedOrIneffectivelyHedgedDetailsLineItems" xlink:to="ExchangeRateRiskForeignCurrencyDenominatedAssetsLiabilitiesUnhedgedOrIneffectivelyHedgedBaseRiskFactor" xlink:title="presentation: ExchangeRateRiskOfProjectsForeignCurrencyDenominatedAssetsLiabilitiesUnhedgedOrIneffectivelyHedgedDetailsLineItems to ExchangeRateRiskForeignCurrencyDenominatedAssetsLiabilitiesUnhedgedOrIneffectivelyHedgedBaseRiskFactor" use="optional" order="110.0" preferredLabel="http://www.xbrl.org/2003/role/terseLabel"/>
    <link:loc xlink:type="locator" xlink:href="../../c-ross_core_2015-12-31.xsd#c-ross_ExchangeRateRiskForeignCurrencyDenominatedAssetsLiabilitiesUnhedgedOrIneffectivelyHedgedRiskFactorOne" xlink:label="ExchangeRateRiskForeignCurrencyDenominatedAssetsLiabilitiesUnhedgedOrIneffectivelyHedgedRiskFactorOne" xlink:title="ExchangeRateRiskForeignCurrencyDenominatedAssetsLiabilitiesUnhedgedOrIneffectivelyHedgedRiskFactorOne"/>
    <link:presentationArc xlink:type="arc" xlink:arcrole="http://www.xbrl.org/2003/arcrole/parent-child" xlink:from="ExchangeRateRiskOfProjectsForeignCurrencyDenominatedAssetsLiabilitiesUnhedgedOrIneffectivelyHedgedDetailsLineItems" xlink:to="ExchangeRateRiskForeignCurrencyDenominatedAssetsLiabilitiesUnhedgedOrIneffectivelyHedgedRiskFactorOne" xlink:title="presentation: ExchangeRateRiskOfProjectsForeignCurrencyDenominatedAssetsLiabilitiesUnhedgedOrIneffectivelyHedgedDetailsLineItems to ExchangeRateRiskForeignCurrencyDenominatedAssetsLiabilitiesUnhedgedOrIneffectivelyHedgedRiskFactorOne" use="optional" order="120.0" preferredLabel="http://www.xbrl.org/2003/role/terseLabel"/>
    <link:loc xlink:type="locator" xlink:href="../../c-ross_core_2015-12-31.xsd#c-ross_ExchangeRateRiskForeignCurrencyDenominatedAssetsLiabilitiesUnhedgedOrIneffectivelyHedgedMinimumCapital" xlink:label="ExchangeRateRiskForeignCurrencyDenominatedAssetsLiabilitiesUnhedgedOrIneffectivelyHedgedMinimumCapital" xlink:title="ExchangeRateRiskForeignCurrencyDenominatedAssetsLiabilitiesUnhedgedOrIneffectivelyHedgedMinimumCapital"/>
    <link:presentationArc xlink:type="arc" xlink:arcrole="http://www.xbrl.org/2003/arcrole/parent-child" xlink:from="ExchangeRateRiskOfProjectsForeignCurrencyDenominatedAssetsLiabilitiesUnhedgedOrIneffectivelyHedgedDetailsLineItems" xlink:to="ExchangeRateRiskForeignCurrencyDenominatedAssetsLiabilitiesUnhedgedOrIneffectivelyHedgedMinimumCapital" xlink:title="presentation: ExchangeRateRiskOfProjectsForeignCurrencyDenominatedAssetsLiabilitiesUnhedgedOrIneffectivelyHedgedDetailsLineItems to ExchangeRateRiskForeignCurrencyDenominatedAssetsLiabilitiesUnhedgedOrIneffectivelyHedgedMinimumCapital" use="optional" order="130.0" preferredLabel="http://www.xbrl.org/2003/role/terseLabel"/>
  </link:presentationLink>
  <link:presentationLink xlink:type="extended" xlink:role="http://xbrl.circ.gov.cn/role/c-ross_2015-12-31_role-3162700">
    <link:loc xlink:type="locator" xlink:href="../../c-ross_core_2015-12-31.xsd#c-ross_TypesOfAssetsHeldMember" xlink:label="TypesOfAssetsHeldMember" xlink:title="TypesOfAssetsHeldMember"/>
    <link:loc xlink:type="locator" xlink:href="../../c-ross_core_2015-12-31.xsd#c-ross_HeldByCompanyDirectlyMember" xlink:label="HeldByCompanyDirectlyMember" xlink:title="HeldByCompanyDirectlyMember"/>
    <link:presentationArc xlink:type="arc" xlink:arcrole="http://www.xbrl.org/2003/arcrole/parent-child" xlink:from="TypesOfAssetsHeldMember" xlink:to="HeldByCompanyDirectlyMember" xlink:title="presentation: TypesOfAssetsHeldMember to HeldByCompanyDirectlyMember" use="optional" order="10.0" preferredLabel="http://www.xbrl.org/2003/role/label"/>
    <link:loc xlink:type="locator" xlink:href="../../c-ross_core_2015-12-31.xsd#c-ross_HeldByLookThroughMethodMember" xlink:label="HeldByLookThroughMethodMember" xlink:title="HeldByLookThroughMethodMember"/>
    <link:presentationArc xlink:type="arc" xlink:arcrole="http://www.xbrl.org/2003/arcrole/parent-child" xlink:from="TypesOfAssetsHeldMember" xlink:to="HeldByLookThroughMethodMember" xlink:title="presentation: TypesOfAssetsHeldMember to HeldByLookThroughMethodMember" use="optional" order="20.0" preferredLabel="http://www.xbrl.org/2003/role/label"/>
    <link:loc xlink:type="locator" xlink:href="../../c-ross_core_2015-12-31.xsd#c-ross_ExchangeRateRiskOfProjectsForeignCurrencyDenominatedAssetsLiabilitiesUnhedgedOrIneffectivelyHedgedDetailsTable" xlink:label="ExchangeRateRiskOfProjectsForeignCurrencyDenominatedAssetsLiabilitiesUnhedgedOrIneffectivelyHedgedDetailsTable" xlink:title="ExchangeRateRiskOfProjectsForeignCurrencyDenominatedAssetsLiabilitiesUnhedgedOrIneffectivelyHedgedDetailsTable"/>
    <link:loc xlink:type="locator" xlink:href="../../c-ross_core_2015-12-31.xsd#c-ross_ExchangeRateRiskTypesOfForeignCurrencyDenominatedAssetsLiabilitiesUnhedgedOrIneffectivelyHedgedHeldAxis" xlink:label="ExchangeRateRiskTypesOfForeignCurrencyDenominatedAssetsLiabilitiesUnhedgedOrIneffectivelyHedgedHeldAxis" xlink:title="ExchangeRateRiskTypesOfForeignCurrencyDenominatedAssetsLiabilitiesUnhedgedOrIneffectivelyHedgedHeldAxis"/>
    <link:presentationArc xlink:type="arc" xlink:arcrole="http://www.xbrl.org/2003/arcrole/parent-child" xlink:from="ExchangeRateRiskOfProjectsForeignCurrencyDenominatedAssetsLiabilitiesUnhedgedOrIneffectivelyHedgedDetailsTable" xlink:to="ExchangeRateRiskTypesOfForeignCurrencyDenominatedAssetsLiabilitiesUnhedgedOrIneffectivelyHedgedHeldAxis" xlink:title="presentation: ExchangeRateRiskOfProjectsForeignCurrencyDenominatedAssetsLiabilitiesUnhedgedOrIneffectivelyHedgedDetailsTable to ExchangeRateRiskTypesOfForeignCurrencyDenominatedAssetsLiabilitiesUnhedgedOrIneffectivelyHedgedHeldAxis" use="optional" order="10.0" preferredLabel="http://www.xbrl.org/2003/role/label"/>
    <link:presentationArc xlink:type="arc" xlink:arcrole="http://www.xbrl.org/2003/arcrole/parent-child" xlink:from="ExchangeRateRiskTypesOfForeignCurrencyDenominatedAssetsLiabilitiesUnhedgedOrIneffectivelyHedgedHeldAxis" xlink:to="TypesOfAssetsHeldMember" xlink:title="presentation: ExchangeRateRiskTypesOfForeignCurrencyDenominatedAssetsLiabilitiesUnhedgedOrIneffectivelyHedgedHeldAxis to TypesOfAssetsHeldMember" use="optional" order="10.0" preferredLabel="http://www.xbrl.org/2003/role/label"/>
    <link:loc xlink:type="locator" xlink:href="../../c-ross_core_2015-12-31.xsd#c-ross_ExchangeRateRiskForeignCurrencyDenominatedAssetsLiabilitiesUnhedgedOrIneffectivelyHedgedTypesOfCurrenciesAxis" xlink:label="ExchangeRateRiskForeignCurrencyDenominatedAssetsLiabilitiesUnhedgedOrIneffectivelyHedgedTypesOfCurrenciesAxis" xlink:title="ExchangeRateRiskForeignCurrencyDenominatedAssetsLiabilitiesUnhedgedOrIneffectivelyHedgedTypesOfCurrenciesAxis"/>
    <link:presentationArc xlink:type="arc" xlink:arcrole="http://www.xbrl.org/2003/arcrole/parent-child" xlink:from="ExchangeRateRiskOfProjectsForeignCurrencyDenominatedAssetsLiabilitiesUnhedgedOrIneffectivelyHedgedDetailsTable" xlink:to="ExchangeRateRiskForeignCurrencyDenominatedAssetsLiabilitiesUnhedgedOrIneffectivelyHedgedTypesOfCurrenciesAxis" xlink:title="presentation: ExchangeRateRiskOfProjectsForeignCurrencyDenominatedAssetsLiabilitiesUnhedgedOrIneffectivelyHedgedDetailsTable to ExchangeRateRiskForeignCurrencyDenominatedAssetsLiabilitiesUnhedgedOrIneffectivelyHedgedTypesOfCurrenciesAxis" use="optional" order="20.0" preferredLabel="http://www.xbrl.org/2003/role/label"/>
    <link:loc xlink:type="locator" xlink:href="../../c-ross_core_2015-12-31.xsd#c-ross_TypesOfCurrenciesMember" xlink:label="CurrenciesMember" xlink:title="CurrenciesMember"/>
    <link:presentationArc xlink:type="arc" xlink:arcrole="http://www.xbrl.org/2003/arcrole/parent-child" xlink:from="ExchangeRateRiskForeignCurrencyDenominatedAssetsLiabilitiesUnhedgedOrIneffectivelyHedgedTypesOfCurrenciesAxis" xlink:to="CurrenciesMember" xlink:title="presentation: ExchangeRateRiskForeignCurrencyDenominatedAssetsLiabilitiesUnhedgedOrIneffectivelyHedgedTypesOfCurrenciesAxis to CurrenciesMember" use="optional" order="10.0" preferredLabel="http://www.xbrl.org/2003/role/label"/>
    <link:loc xlink:type="locator" xlink:href="../../c-ross_core_2015-12-31.xsd#c-ross_ForeignCurrencyItemsDenominatedInOtherForeignCurrenciesMember" xlink:label="OtherForeignCurrenciesItemsMember" xlink:title="OtherForeignCurrenciesItemsMember"/>
    <link:presentationArc xlink:type="arc" xlink:arcrole="http://www.xbrl.org/2003/arcrole/parent-child" xlink:from="CurrenciesMember" xlink:to="OtherForeignCurrenciesItemsMember" xlink:title="presentation: CurrenciesMember to OtherForeignCurrenciesItemsMember" use="optional" order="40.0" preferredLabel="http://www.xbrl.org/2003/role/label"/>
    <link:loc xlink:type="locator" xlink:href="../../c-ross_core_2015-12-31.xsd#c-ross_ForeignCurrencyItemsDenominatedInUsdAndCurrenciesDirectlyLinkedToUsdMember" xlink:label="UsdAndCurrenciesDirectlyLinkedToUsdMember" xlink:title="UsdAndCurrenciesDirectlyLinkedToUsdMember"/>
    <link:presentationArc xlink:type="arc" xlink:arcrole="http://www.xbrl.org/2003/arcrole/parent-child" xlink:from="CurrenciesMember" xlink:to="UsdAndCurrenciesDirectlyLinkedToUsdMember" xlink:title="presentation: CurrenciesMember to UsdAndCurrenciesDirectlyLinkedToUsdMember" use="optional" order="10.0" preferredLabel="http://www.xbrl.org/2003/role/label"/>
    <link:loc xlink:type="locator" xlink:href="../../c-ross_core_2015-12-31.xsd#c-ross_ForeignCurrencyItemsDenominatedInEurMember" xlink:label="EurGbpMember" xlink:title="EurGbpMember"/>
    <link:presentationArc xlink:type="arc" xlink:arcrole="http://www.xbrl.org/2003/arcrole/parent-child" xlink:from="CurrenciesMember" xlink:to="EurGbpMember" xlink:title="presentation: CurrenciesMember to EurGbpMember" use="optional" order="20.0" preferredLabel="http://www.xbrl.org/2003/role/label"/>
    <link:loc xlink:type="locator" xlink:href="../../c-ross_core_2015-12-31.xsd#c-ross_ForeignCurrencyItemsDenominatedInGbpMember" xlink:label="ForeignCurrencyItemsDenominatedInGbpMember" xlink:title="ForeignCurrencyItemsDenominatedInGbpMember"/>
    <link:presentationArc xlink:type="arc" xlink:arcrole="http://www.xbrl.org/2003/arcrole/parent-child" xlink:from="CurrenciesMember" xlink:to="ForeignCurrencyItemsDenominatedInGbpMember" xlink:title="presentation: TypesOfCurrenciesMember to ForeignCurrencyItemsDenominatedInGbpMember" order="30.0" preferredLabel="http://www.xbrl.org/2003/role/label"/>
    <link:loc xlink:type="locator" xlink:href="../../c-ross_core_2015-12-31.xsd#c-ross_ExchangeRateRiskOfProjectsForeignCurrencyDenominatedAssetsLiabilitiesUnhedgedOrIneffectivelyHedgedDetailsLineItems" xlink:label="ExchangeRateRiskOfProjectsForeignCurrencyDenominatedAssetsLiabilitiesUnhedgedOrIneffectivelyHedgedDetailsLineItems" xlink:title="ExchangeRateRiskOfProjectsForeignCurrencyDenominatedAssetsLiabilitiesUnhedgedOrIneffectivelyHedgedDetailsLineItems"/>
    <link:loc xlink:type="locator" xlink:href="../../c-ross_core_2015-12-31.xsd#c-ross_ExchangeRateRiskForeignCurrencyDenominatedAssetsLiabilitiesUnhedgedOrIneffectivelyHedgedForeignCurrencyDenominatedProjects" xlink:label="ExchangeRateRiskForeignCurrencyDenominatedAssetsLiabilitiesUnhedgedOrIneffectivelyHedgedForeignCurrencyDenominatedProjects" xlink:title="ExchangeRateRiskForeignCurrencyDenominatedAssetsLiabilitiesUnhedgedOrIneffectivelyHedgedForeignCurrencyDenominatedProjects"/>
    <link:presentationArc xlink:type="arc" xlink:arcrole="http://www.xbrl.org/2003/arcrole/parent-child" xlink:from="ExchangeRateRiskOfProjectsForeignCurrencyDenominatedAssetsLiabilitiesUnhedgedOrIneffectivelyHedgedDetailsLineItems" xlink:to="ExchangeRateRiskForeignCurrencyDenominatedAssetsLiabilitiesUnhedgedOrIneffectivelyHedgedForeignCurrencyDenominatedProjects" xlink:title="presentation: ExchangeRateRiskOfProjectsForeignCurrencyDenominatedAssetsLiabilitiesUnhedgedOrIneffectivelyHedgedDetailsLineItems to ExchangeRateRiskForeignCurrencyDenominatedAssetsLiabilitiesUnhedgedOrIneffectivelyHedgedForeignCurrencyDenominatedProjects" use="optional" order="10.0" preferredLabel="http://www.xbrl.org/2003/role/terseLabel"/>
    <link:loc xlink:type="locator" xlink:href="../../c-ross_core_2015-12-31.xsd#c-ross_ExchangeRateRiskForeignCurrencyDenominatedAssetsLiabilitiesUnhedgedOrIneffectivelyHedgedForeignCurrencyDenominatedLiquidityManagementInstruments" xlink:label="ExchangeRateRiskForeignCurrencyDenominatedAssetsLiabilitiesUnhedgedOrIneffectivelyHedgedForeignCurrencyDenominatedLiquidityManagementInstruments" xlink:title="ExchangeRateRiskForeignCurrencyDenominatedAssetsLiabilitiesUnhedgedOrIneffectivelyHedgedForeignCurrencyDenominatedLiquidityManagementInstruments"/>
    <link:presentationArc xlink:type="arc" xlink:arcrole="http://www.xbrl.org/2003/arcrole/parent-child" xlink:from="ExchangeRateRiskOfProjectsForeignCurrencyDenominatedAssetsLiabilitiesUnhedgedOrIneffectivelyHedgedDetailsLineItems" xlink:to="ExchangeRateRiskForeignCurrencyDenominatedAssetsLiabilitiesUnhedgedOrIneffectivelyHedgedForeignCurrencyDenominatedLiquidityManagementInstruments" xlink:title="presentation: ExchangeRateRiskOfProjectsForeignCurrencyDenominatedAssetsLiabilitiesUnhedgedOrIneffectivelyHedgedDetailsLineItems to ExchangeRateRiskForeignCurrencyDenominatedAssetsLiabilitiesUnhedgedOrIneffectivelyHedgedForeignCurrencyDenominatedLiquidityManagementInstruments" use="optional" order="20.0" preferredLabel="http://www.xbrl.org/2003/role/terseLabel"/>
    <link:loc xlink:type="locator" xlink:href="../../c-ross_core_2015-12-31.xsd#c-ross_ExchangeRateRiskForeignCurrencyDenominatedAssetsLiabilitiesUnhedgedOrIneffectivelyHedgedForeignCurrencyDenominatedFixedIncomeInvestmentAssets" xlink:label="ExchangeRateRiskForeignCurrencyDenominatedAssetsLiabilitiesUnhedgedOrIneffectivelyHedgedForeignCurrencyDenominatedFixedIncomeInvestmentAssets" xlink:title="ExchangeRateRiskForeignCurrencyDenominatedAssetsLiabilitiesUnhedgedOrIneffectivelyHedgedForeignCurrencyDenominatedFixedIncomeInvestmentAssets"/>
    <link:presentationArc xlink:type="arc" xlink:arcrole="http://www.xbrl.org/2003/arcrole/parent-child" xlink:from="ExchangeRateRiskOfProjectsForeignCurrencyDenominatedAssetsLiabilitiesUnhedgedOrIneffectivelyHedgedDetailsLineItems" xlink:to="ExchangeRateRiskForeignCurrencyDenominatedAssetsLiabilitiesUnhedgedOrIneffectivelyHedgedForeignCurrencyDenominatedFixedIncomeInvestmentAssets" xlink:title="presentation: ExchangeRateRiskOfProjectsForeignCurrencyDenominatedAssetsLiabilitiesUnhedgedOrIneffectivelyHedgedDetailsLineItems to ExchangeRateRiskForeignCurrencyDenominatedAssetsLiabilitiesUnhedgedOrIneffectivelyHedgedForeignCurrencyDenominatedFixedIncomeInvestmentAssets" use="optional" order="30.0" preferredLabel="http://www.xbrl.org/2003/role/terseLabel"/>
    <link:loc xlink:type="locator" xlink:href="../../c-ross_core_2015-12-31.xsd#c-ross_ExchangeRateRiskForeignCurrencyDenominatedAssetsLiabilitiesUnhedgedOrIneffectivelyHedgedForeignCurrencyDenominatedEquityInvestmentAssets" xlink:label="ExchangeRateRiskForeignCurrencyDenominatedAssetsLiabilitiesUnhedgedOrIneffectivelyHedgedForeignCurrencyDenominatedEquityInvestmentAssets" xlink:title="ExchangeRateRiskForeignCurrencyDenominatedAssetsLiabilitiesUnhedgedOrIneffectivelyHedgedForeignCurrencyDenominatedEquityInvestmentAssets"/>
    <link:presentationArc xlink:type="arc" xlink:arcrole="http://www.xbrl.org/2003/arcrole/parent-child" xlink:from="ExchangeRateRiskOfProjectsForeignCurrencyDenominatedAssetsLiabilitiesUnhedgedOrIneffectivelyHedgedDetailsLineItems" xlink:to="ExchangeRateRiskForeignCurrencyDenominatedAssetsLiabilitiesUnhedgedOrIneffectivelyHedgedForeignCurrencyDenominatedEquityInvestmentAssets" xlink:title="presentation: ExchangeRateRiskOfProjectsForeignCurrencyDenominatedAssetsLiabilitiesUnhedgedOrIneffectivelyHedgedDetailsLineItems to ExchangeRateRiskForeignCurrencyDenominatedAssetsLiabilitiesUnhedgedOrIneffectivelyHedgedForeignCurrencyDenominatedEquityInvestmentAssets" use="optional" order="40.0" preferredLabel="http://www.xbrl.org/2003/role/terseLabel"/>
    <link:loc xlink:type="locator" xlink:href="../../c-ross_core_2015-12-31.xsd#c-ross_ExchangeRateRiskForeignCurrencyDenominatedAssetsLiabilitiesUnhedgedOrIneffectivelyHedgedForeignCurrencyDenominatedDerivatives" xlink:label="ExchangeRateRiskForeignCurrencyDenominatedAssetsLiabilitiesUnhedgedOrIneffectivelyHedgedForeignCurrencyDenominatedDerivatives" xlink:title="ExchangeRateRiskForeignCurrencyDenominatedAssetsLiabilitiesUnhedgedOrIneffectivelyHedgedForeignCurrencyDenominatedDerivatives"/>
    <link:presentationArc xlink:type="arc" xlink:arcrole="http://www.xbrl.org/2003/arcrole/parent-child" xlink:from="ExchangeRateRiskOfProjectsForeignCurrencyDenominatedAssetsLiabilitiesUnhedgedOrIneffectivelyHedgedDetailsLineItems" xlink:to="ExchangeRateRiskForeignCurrencyDenominatedAssetsLiabilitiesUnhedgedOrIneffectivelyHedgedForeignCurrencyDenominatedDerivatives" xlink:title="presentation: ExchangeRateRiskOfProjectsForeignCurrencyDenominatedAssetsLiabilitiesUnhedgedOrIneffectivelyHedgedDetailsLineItems to ExchangeRateRiskForeignCurrencyDenominatedAssetsLiabilitiesUnhedgedOrIneffectivelyHedgedForeignCurrencyDenominatedDerivatives" use="optional" order="50.0" preferredLabel="http://www.xbrl.org/2003/role/terseLabel"/>
    <link:loc xlink:type="locator" xlink:href="../../c-ross_core_2015-12-31.xsd#c-ross_ExchangeRateRiskForeignCurrencyDenominatedAssetsLiabilitiesUnhedgedOrIneffectivelyHedgedForeignCurrencyDenominatedProperties" xlink:label="ExchangeRateRiskForeignCurrencyDenominatedAssetsLiabilitiesUnhedgedOrIneffectivelyHedgedForeignCurrencyDenominatedProperties" xlink:title="ExchangeRateRiskForeignCurrencyDenominatedAssetsLiabilitiesUnhedgedOrIneffectivelyHedgedForeignCurrencyDenominatedProperties"/>
    <link:presentationArc xlink:type="arc" xlink:arcrole="http://www.xbrl.org/2003/arcrole/parent-child" xlink:from="ExchangeRateRiskOfProjectsForeignCurrencyDenominatedAssetsLiabilitiesUnhedgedOrIneffectivelyHedgedDetailsLineItems" xlink:to="ExchangeRateRiskForeignCurrencyDenominatedAssetsLiabilitiesUnhedgedOrIneffectivelyHedgedForeignCurrencyDenominatedProperties" xlink:title="presentation: ExchangeRateRiskOfProjectsForeignCurrencyDenominatedAssetsLiabilitiesUnhedgedOrIneffectivelyHedgedDetailsLineItems to ExchangeRateRiskForeignCurrencyDenominatedAssetsLiabilitiesUnhedgedOrIneffectivelyHedgedForeignCurrencyDenominatedProperties" use="optional" order="60.0" preferredLabel="http://www.xbrl.org/2003/role/terseLabel"/>
    <link:loc xlink:type="locator" xlink:href="../../c-ross_core_2015-12-31.xsd#c-ross_ExchangeRateRiskForeignCurrencyDenominatedAssetsLiabilitiesUnhedgedOrIneffectivelyHedgedOtherForeignCurrencyDenominatedAssets" xlink:label="ExchangeRateRiskForeignCurrencyDenominatedAssetsLiabilitiesUnhedgedOrIneffectivelyHedgedOtherForeignCurrencyDenominatedAssets" xlink:title="ExchangeRateRiskForeignCurrencyDenominatedAssetsLiabilitiesUnhedgedOrIneffectivelyHedgedOtherForeignCurrencyDenominatedAssets"/>
    <link:presentationArc xlink:type="arc" xlink:arcrole="http://www.xbrl.org/2003/arcrole/parent-child" xlink:from="ExchangeRateRiskOfProjectsForeignCurrencyDenominatedAssetsLiabilitiesUnhedgedOrIneffectivelyHedgedDetailsLineItems" xlink:to="ExchangeRateRiskForeignCurrencyDenominatedAssetsLiabilitiesUnhedgedOrIneffectivelyHedgedOtherForeignCurrencyDenominatedAssets" xlink:title="presentation: ExchangeRateRiskOfProjectsForeignCurrencyDenominatedAssetsLiabilitiesUnhedgedOrIneffectivelyHedgedDetailsLineItems to ExchangeRateRiskForeignCurrencyDenominatedAssetsLiabilitiesUnhedgedOrIneffectivelyHedgedOtherForeignCurrencyDenominatedAssets" use="optional" order="70.0" preferredLabel="http://www.xbrl.org/2003/role/terseLabel"/>
    <link:loc xlink:type="locator" xlink:href="../../c-ross_core_2015-12-31.xsd#c-ross_ExchangeRateRiskForeignCurrencyDenominatedAssetsLiabilitiesUnhedgedOrIneffectivelyHedgedForeignCurrencyDenominatedLiabilities" xlink:label="ExchangeRateRiskForeignCurrencyDenominatedAssetsLiabilitiesUnhedgedOrIneffectivelyHedgedForeignCurrencyDenominatedLiabilities" xlink:title="ExchangeRateRiskForeignCurrencyDenominatedAssetsLiabilitiesUnhedgedOrIneffectivelyHedgedForeignCurrencyDenominatedLiabilities"/>
    <link:presentationArc xlink:type="arc" xlink:arcrole="http://www.xbrl.org/2003/arcrole/parent-child" xlink:from="ExchangeRateRiskOfProjectsForeignCurrencyDenominatedAssetsLiabilitiesUnhedgedOrIneffectivelyHedgedDetailsLineItems" xlink:to="ExchangeRateRiskForeignCurrencyDenominatedAssetsLiabilitiesUnhedgedOrIneffectivelyHedgedForeignCurrencyDenominatedLiabilities" xlink:title="presentation: ExchangeRateRiskOfProjectsForeignCurrencyDenominatedAssetsLiabilitiesUnhedgedOrIneffectivelyHedgedDetailsLineItems to ExchangeRateRiskForeignCurrencyDenominatedAssetsLiabilitiesUnhedgedOrIneffectivelyHedgedForeignCurrencyDenominatedLiabilities" use="optional" order="80.0" preferredLabel="http://www.xbrl.org/2003/role/terseLabel"/>
    <link:loc xlink:type="locator" xlink:href="../../c-ross_core_2015-12-31.xsd#c-ross_ExchangeRateRiskForeignCurrencyDenominatedAssetsLiabilitiesUnhedgedOrIneffectivelyHedgedNetAbsoluteValue" xlink:label="ExchangeRateRiskForeignCurrencyDenominatedAssetsLiabilitiesUnhedgedOrIneffectivelyHedgedNetAbsoluteValue" xlink:title="ExchangeRateRiskForeignCurrencyDenominatedAssetsLiabilitiesUnhedgedOrIneffectivelyHedgedNetAbsoluteValue"/>
    <link:presentationArc xlink:type="arc" xlink:arcrole="http://www.xbrl.org/2003/arcrole/parent-child" xlink:from="ExchangeRateRiskOfProjectsForeignCurrencyDenominatedAssetsLiabilitiesUnhedgedOrIneffectivelyHedgedDetailsLineItems" xlink:to="ExchangeRateRiskForeignCurrencyDenominatedAssetsLiabilitiesUnhedgedOrIneffectivelyHedgedNetAbsoluteValue" xlink:title="presentation: ExchangeRateRiskOfProjectsForeignCurrencyDenominatedAssetsLiabilitiesUnhedgedOrIneffectivelyHedgedDetailsLineItems to ExchangeRateRiskForeignCurrencyDenominatedAssetsLiabilitiesUnhedgedOrIneffectivelyHedgedNetAbsoluteValue" use="optional" order="90.0" preferredLabel="http://www.xbrl.org/2003/role/terseLabel"/>
    <link:loc xlink:type="locator" xlink:href="../../c-ross_core_2015-12-31.xsd#c-ross_ExchangeRateRiskForeignCurrencyDenominatedAssetsLiabilitiesUnhedgedOrIneffectivelyHedgedRiskExposure" xlink:label="ExchangeRateRiskForeignCurrencyDenominatedAssetsLiabilitiesUnhedgedOrIneffectivelyHedgedRiskExposure" xlink:title="ExchangeRateRiskForeignCurrencyDenominatedAssetsLiabilitiesUnhedgedOrIneffectivelyHedgedRiskExposure"/>
    <link:presentationArc xlink:type="arc" xlink:arcrole="http://www.xbrl.org/2003/arcrole/parent-child" xlink:from="ExchangeRateRiskOfProjectsForeignCurrencyDenominatedAssetsLiabilitiesUnhedgedOrIneffectivelyHedgedDetailsLineItems" xlink:to="ExchangeRateRiskForeignCurrencyDenominatedAssetsLiabilitiesUnhedgedOrIneffectivelyHedgedRiskExposure" xlink:title="presentation: ExchangeRateRiskOfProjectsForeignCurrencyDenominatedAssetsLiabilitiesUnhedgedOrIneffectivelyHedgedDetailsLineItems to ExchangeRateRiskForeignCurrencyDenominatedAssetsLiabilitiesUnhedgedOrIneffectivelyHedgedRiskExposure" use="optional" order="100.0" preferredLabel="http://www.xbrl.org/2003/role/terseLabel"/>
    <link:loc xlink:type="locator" xlink:href="../../c-ross_core_2015-12-31.xsd#c-ross_ExchangeRateRiskForeignCurrencyDenominatedAssetsLiabilitiesUnhedgedOrIneffectivelyHedgedBaseRiskFactor" xlink:label="ExchangeRateRiskForeignCurrencyDenominatedAssetsLiabilitiesUnhedgedOrIneffectivelyHedgedBaseRiskFactor" xlink:title="ExchangeRateRiskForeignCurrencyDenominatedAssetsLiabilitiesUnhedgedOrIneffectivelyHedgedBaseRiskFactor"/>
    <link:presentationArc xlink:type="arc" xlink:arcrole="http://www.xbrl.org/2003/arcrole/parent-child" xlink:from="ExchangeRateRiskOfProjectsForeignCurrencyDenominatedAssetsLiabilitiesUnhedgedOrIneffectivelyHedgedDetailsLineItems" xlink:to="ExchangeRateRiskForeignCurrencyDenominatedAssetsLiabilitiesUnhedgedOrIneffectivelyHedgedBaseRiskFactor" xlink:title="presentation: ExchangeRateRiskOfProjectsForeignCurrencyDenominatedAssetsLiabilitiesUnhedgedOrIneffectivelyHedgedDetailsLineItems to ExchangeRateRiskForeignCurrencyDenominatedAssetsLiabilitiesUnhedgedOrIneffectivelyHedgedBaseRiskFactor" use="optional" order="110.0" preferredLabel="http://www.xbrl.org/2003/role/terseLabel"/>
    <link:loc xlink:type="locator" xlink:href="../../c-ross_core_2015-12-31.xsd#c-ross_ExchangeRateRiskForeignCurrencyDenominatedAssetsLiabilitiesUnhedgedOrIneffectivelyHedgedRiskFactorOne" xlink:label="ExchangeRateRiskForeignCurrencyDenominatedAssetsLiabilitiesUnhedgedOrIneffectivelyHedgedRiskFactorOne" xlink:title="ExchangeRateRiskForeignCurrencyDenominatedAssetsLiabilitiesUnhedgedOrIneffectivelyHedgedRiskFactorOne"/>
    <link:presentationArc xlink:type="arc" xlink:arcrole="http://www.xbrl.org/2003/arcrole/parent-child" xlink:from="ExchangeRateRiskOfProjectsForeignCurrencyDenominatedAssetsLiabilitiesUnhedgedOrIneffectivelyHedgedDetailsLineItems" xlink:to="ExchangeRateRiskForeignCurrencyDenominatedAssetsLiabilitiesUnhedgedOrIneffectivelyHedgedRiskFactorOne" xlink:title="presentation: ExchangeRateRiskOfProjectsForeignCurrencyDenominatedAssetsLiabilitiesUnhedgedOrIneffectivelyHedgedDetailsLineItems to ExchangeRateRiskForeignCurrencyDenominatedAssetsLiabilitiesUnhedgedOrIneffectivelyHedgedRiskFactorOne" use="optional" order="120.0" preferredLabel="http://www.xbrl.org/2003/role/terseLabel"/>
    <link:loc xlink:type="locator" xlink:href="../../c-ross_core_2015-12-31.xsd#c-ross_ExchangeRateRiskForeignCurrencyDenominatedAssetsLiabilitiesUnhedgedOrIneffectivelyHedgedMinimumCapital" xlink:label="ExchangeRateRiskForeignCurrencyDenominatedAssetsLiabilitiesUnhedgedOrIneffectivelyHedgedMinimumCapital" xlink:title="ExchangeRateRiskForeignCurrencyDenominatedAssetsLiabilitiesUnhedgedOrIneffectivelyHedgedMinimumCapital"/>
    <link:presentationArc xlink:type="arc" xlink:arcrole="http://www.xbrl.org/2003/arcrole/parent-child" xlink:from="ExchangeRateRiskOfProjectsForeignCurrencyDenominatedAssetsLiabilitiesUnhedgedOrIneffectivelyHedgedDetailsLineItems" xlink:to="ExchangeRateRiskForeignCurrencyDenominatedAssetsLiabilitiesUnhedgedOrIneffectivelyHedgedMinimumCapital" xlink:title="presentation: ExchangeRateRiskOfProjectsForeignCurrencyDenominatedAssetsLiabilitiesUnhedgedOrIneffectivelyHedgedDetailsLineItems to ExchangeRateRiskForeignCurrencyDenominatedAssetsLiabilitiesUnhedgedOrIneffectivelyHedgedMinimumCapital" use="optional" order="130.0" preferredLabel="http://www.xbrl.org/2003/role/terseLabel"/>
    <link:loc xlink:type="locator" xlink:href="../../c-ross_core_2015-12-31.xsd#c-ross_ExchangeRateRiskOfProjectsForeignCurrencyDenominatedAssetsLiabilitiesUnhedgedOrIneffectivelyHedgedDetailsAbstract" xlink:label="ExchangeRateRiskOfProjectsForeignCurrencyDenominatedAssetsLiabilitiesUnhedgedOrIneffectivelyHedgedDetailsAbstract" xlink:title="ExchangeRateRiskOfProjectsForeignCurrencyDenominatedAssetsLiabilitiesUnhedgedOrIneffectivelyHedgedDetailsAbstract"/>
    <link:presentationArc xlink:type="arc" xlink:arcrole="http://www.xbrl.org/2003/arcrole/parent-child" xlink:from="ExchangeRateRiskOfProjectsForeignCurrencyDenominatedAssetsLiabilitiesUnhedgedOrIneffectivelyHedgedDetailsAbstract" xlink:to="ExchangeRateRiskOfProjectsForeignCurrencyDenominatedAssetsLiabilitiesUnhedgedOrIneffectivelyHedgedDetailsTable" xlink:title="presentation: ExchangeRateRiskOfProjectsForeignCurrencyDenominatedAssetsLiabilitiesUnhedgedOrIneffectivelyHedgedDetailsAbstract to ExchangeRateRiskOfProjectsForeignCurrencyDenominatedAssetsLiabilitiesUnhedgedOrIneffectivelyHedgedDetailsTable" use="optional" order="10.0" preferredLabel="http://www.xbrl.org/2003/role/label"/>
    <link:presentationArc xlink:type="arc" xlink:arcrole="http://www.xbrl.org/2003/arcrole/parent-child" xlink:from="ExchangeRateRiskOfProjectsForeignCurrencyDenominatedAssetsLiabilitiesUnhedgedOrIneffectivelyHedgedDetailsAbstract" xlink:to="ExchangeRateRiskOfProjectsForeignCurrencyDenominatedAssetsLiabilitiesUnhedgedOrIneffectivelyHedgedDetailsLineItems" xlink:title="presentation: ExchangeRateRiskOfProjectsForeignCurrencyDenominatedAssetsLiabilitiesUnhedgedOrIneffectivelyHedgedDetailsAbstract to ExchangeRateRiskOfProjectsForeignCurrencyDenominatedAssetsLiabilitiesUnhedgedOrIneffectivelyHedgedDetailsLineItems" use="optional" order="20.0" preferredLabel="http://www.xbrl.org/2003/role/label"/>
  </link:presentationLink>
  <link:presentationLink xlink:type="extended" xlink:role="http://xbrl.circ.gov.cn/role/c-ross_2015-12-31_role-3162700b">
    <link:loc xlink:type="locator" xlink:href="../../c-ross_core_2015-12-31.xsd#c-ross_TypesOfAssetsHeldMember" xlink:label="TypesOfAssetsHeldMember" xlink:title="TypesOfAssetsHeldMember"/>
    <link:loc xlink:type="locator" xlink:href="../../c-ross_core_2015-12-31.xsd#c-ross_HeldByLookThroughMethodMember" xlink:label="HeldByLookThroughMethodMember" xlink:title="HeldByLookThroughMethodMember"/>
    <link:presentationArc xlink:type="arc" xlink:arcrole="http://www.xbrl.org/2003/arcrole/parent-child" xlink:from="TypesOfAssetsHeldMember" xlink:to="HeldByLookThroughMethodMember" xlink:title="presentation: TypesOfAssetsHeldMember to HeldByLookThroughMethodMember" use="optional" order="10.0" preferredLabel="http://www.xbrl.org/2003/role/label"/>
    <link:loc xlink:type="locator" xlink:href="../../c-ross_core_2015-12-31.xsd#c-ross_ExchangeRateRiskOfProjectsForeignCurrencyDenominatedAssetsLiabilitiesUnhedgedOrIneffectivelyHedgedDetailsTable" xlink:label="ExchangeRateRiskOfProjectsForeignCurrencyDenominatedAssetsLiabilitiesUnhedgedOrIneffectivelyHedgedDetailsTable" xlink:title="ExchangeRateRiskOfProjectsForeignCurrencyDenominatedAssetsLiabilitiesUnhedgedOrIneffectivelyHedgedDetailsTable"/>
    <link:loc xlink:type="locator" xlink:href="../../c-ross_core_2015-12-31.xsd#c-ross_ExchangeRateRiskTypesOfForeignCurrencyDenominatedAssetsLiabilitiesUnhedgedOrIneffectivelyHedgedHeldAxis" xlink:label="ExchangeRateRiskTypesOfForeignCurrencyDenominatedAssetsLiabilitiesUnhedgedOrIneffectivelyHedgedHeldAxis" xlink:title="ExchangeRateRiskTypesOfForeignCurrencyDenominatedAssetsLiabilitiesUnhedgedOrIneffectivelyHedgedHeldAxis"/>
    <link:presentationArc xlink:type="arc" xlink:arcrole="http://www.xbrl.org/2003/arcrole/parent-child" xlink:from="ExchangeRateRiskOfProjectsForeignCurrencyDenominatedAssetsLiabilitiesUnhedgedOrIneffectivelyHedgedDetailsTable" xlink:to="ExchangeRateRiskTypesOfForeignCurrencyDenominatedAssetsLiabilitiesUnhedgedOrIneffectivelyHedgedHeldAxis" xlink:title="presentation: ExchangeRateRiskOfProjectsForeignCurrencyDenominatedAssetsLiabilitiesUnhedgedOrIneffectivelyHedgedDetailsTable to ExchangeRateRiskTypesOfForeignCurrencyDenominatedAssetsLiabilitiesUnhedgedOrIneffectivelyHedgedHeldAxis" use="optional" order="10.0" preferredLabel="http://www.xbrl.org/2003/role/label"/>
    <link:presentationArc xlink:type="arc" xlink:arcrole="http://www.xbrl.org/2003/arcrole/parent-child" xlink:from="ExchangeRateRiskTypesOfForeignCurrencyDenominatedAssetsLiabilitiesUnhedgedOrIneffectivelyHedgedHeldAxis" xlink:to="TypesOfAssetsHeldMember" xlink:title="presentation: ExchangeRateRiskTypesOfForeignCurrencyDenominatedAssetsLiabilitiesUnhedgedOrIneffectivelyHedgedHeldAxis to TypesOfAssetsHeldMember" use="optional" order="10.0" preferredLabel="http://www.xbrl.org/2003/role/label"/>
    <link:loc xlink:type="locator" xlink:href="../../c-ross_core_2015-12-31.xsd#c-ross_ExchangeRateRiskForeignCurrencyDenominatedAssetsLiabilitiesUnhedgedOrIneffectivelyHedgedTypesOfCurrenciesAxis" xlink:label="ExchangeRateRiskForeignCurrencyDenominatedAssetsLiabilitiesUnhedgedOrIneffectivelyHedgedTypesOfCurrenciesAxis" xlink:title="ExchangeRateRiskForeignCurrencyDenominatedAssetsLiabilitiesUnhedgedOrIneffectivelyHedgedTypesOfCurrenciesAxis"/>
    <link:presentationArc xlink:type="arc" xlink:arcrole="http://www.xbrl.org/2003/arcrole/parent-child" xlink:from="ExchangeRateRiskOfProjectsForeignCurrencyDenominatedAssetsLiabilitiesUnhedgedOrIneffectivelyHedgedDetailsTable" xlink:to="ExchangeRateRiskForeignCurrencyDenominatedAssetsLiabilitiesUnhedgedOrIneffectivelyHedgedTypesOfCurrenciesAxis" xlink:title="presentation: ExchangeRateRiskOfProjectsForeignCurrencyDenominatedAssetsLiabilitiesUnhedgedOrIneffectivelyHedgedDetailsTable to ExchangeRateRiskForeignCurrencyDenominatedAssetsLiabilitiesUnhedgedOrIneffectivelyHedgedTypesOfCurrenciesAxis" use="optional" order="20.0" preferredLabel="http://www.xbrl.org/2003/role/label"/>
    <link:loc xlink:type="locator" xlink:href="../../c-ross_core_2015-12-31.xsd#c-ross_TypesOfCurrenciesMember" xlink:label="CurrenciesMember" xlink:title="CurrenciesMember"/>
    <link:presentationArc xlink:type="arc" xlink:arcrole="http://www.xbrl.org/2003/arcrole/parent-child" xlink:from="ExchangeRateRiskForeignCurrencyDenominatedAssetsLiabilitiesUnhedgedOrIneffectivelyHedgedTypesOfCurrenciesAxis" xlink:to="CurrenciesMember" xlink:title="presentation: ExchangeRateRiskForeignCurrencyDenominatedAssetsLiabilitiesUnhedgedOrIneffectivelyHedgedTypesOfCurrenciesAxis to CurrenciesMember" use="optional" order="10.0" preferredLabel="http://www.xbrl.org/2003/role/label"/>
    <link:loc xlink:type="locator" xlink:href="../../c-ross_core_2015-12-31.xsd#c-ross_ForeignCurrencyItemsDenominatedInOtherForeignCurrenciesMember" xlink:label="OtherForeignCurrenciesItemsMember" xlink:title="OtherForeignCurrenciesItemsMember"/>
    <link:presentationArc xlink:type="arc" xlink:arcrole="http://www.xbrl.org/2003/arcrole/parent-child" xlink:from="CurrenciesMember" xlink:to="OtherForeignCurrenciesItemsMember" xlink:title="presentation: CurrenciesMember to OtherForeignCurrenciesItemsMember" use="optional" order="10.0" preferredLabel="http://www.xbrl.org/2003/role/label"/>
    <link:loc xlink:type="locator" xlink:href="../../c-ross_core_2015-12-31.xsd#c-ross_ExchangeRateRiskForeignCurrencyDenominatedAssetsLiabilitiesUnhedgedOrIneffectivelyHedgedForeignCurrencyItemsDenominatedInOtherForeignCurrenciesHeldByLookThroughMethodLineNumberAxis" xlink:label="ExchangeRateRiskForeignCurrencyDenominatedAssetsLiabilitiesUnhedgedOrIneffectivelyHedgedProjectHeldByLookThroughMethodDenominatedInOtherCurrenciesLineNumberAxis" xlink:title="ExchangeRateRiskForeignCurrencyDenominatedAssetsLiabilitiesUnhedgedOrIneffectivelyHedgedProjectHeldByLookThroughMethodDenominatedInOtherCurrenciesLineNumberAxis"/>
    <link:presentationArc xlink:type="arc" xlink:arcrole="http://www.xbrl.org/2003/arcrole/parent-child" xlink:from="ExchangeRateRiskOfProjectsForeignCurrencyDenominatedAssetsLiabilitiesUnhedgedOrIneffectivelyHedgedDetailsTable" xlink:to="ExchangeRateRiskForeignCurrencyDenominatedAssetsLiabilitiesUnhedgedOrIneffectivelyHedgedProjectHeldByLookThroughMethodDenominatedInOtherCurrenciesLineNumberAxis" xlink:title="presentation: ExchangeRateRiskOfProjectsForeignCurrencyDenominatedAssetsLiabilitiesUnhedgedOrIneffectivelyHedgedDetailsTable to ExchangeRateRiskForeignCurrencyDenominatedAssetsLiabilitiesUnhedgedOrIneffectivelyHedgedProjectHeldByLookThroughMethodDenominatedInOtherCurrenciesLineNumberAxis" use="optional" order="30.0" preferredLabel="http://www.xbrl.org/2003/role/terseLabel"/>
    <link:loc xlink:type="locator" xlink:href="../../c-ross_core_2015-12-31.xsd#c-ross_ExchangeRateRiskOfProjectsForeignCurrencyDenominatedAssetsLiabilitiesUnhedgedOrIneffectivelyHedgedDetailsLineItems" xlink:label="ExchangeRateRiskOfProjectsForeignCurrencyDenominatedAssetsLiabilitiesUnhedgedOrIneffectivelyHedgedDetailsLineItems" xlink:title="ExchangeRateRiskOfProjectsForeignCurrencyDenominatedAssetsLiabilitiesUnhedgedOrIneffectivelyHedgedDetailsLineItems"/>
    <link:loc xlink:type="locator" xlink:href="../../c-ross_core_2015-12-31.xsd#c-ross_ExchangeRateRiskForeignCurrencyDenominatedAssetsLiabilitiesUnhedgedOrIneffectivelyHedgedForeignCurrencyDenominatedProjects" xlink:label="ExchangeRateRiskForeignCurrencyDenominatedAssetsLiabilitiesUnhedgedOrIneffectivelyHedgedForeignCurrencyDenominatedProjects" xlink:title="ExchangeRateRiskForeignCurrencyDenominatedAssetsLiabilitiesUnhedgedOrIneffectivelyHedgedForeignCurrencyDenominatedProjects"/>
    <link:presentationArc xlink:type="arc" xlink:arcrole="http://www.xbrl.org/2003/arcrole/parent-child" xlink:from="ExchangeRateRiskOfProjectsForeignCurrencyDenominatedAssetsLiabilitiesUnhedgedOrIneffectivelyHedgedDetailsLineItems" xlink:to="ExchangeRateRiskForeignCurrencyDenominatedAssetsLiabilitiesUnhedgedOrIneffectivelyHedgedForeignCurrencyDenominatedProjects" xlink:title="presentation: ExchangeRateRiskOfProjectsForeignCurrencyDenominatedAssetsLiabilitiesUnhedgedOrIneffectivelyHedgedDetailsLineItems to ExchangeRateRiskForeignCurrencyDenominatedAssetsLiabilitiesUnhedgedOrIneffectivelyHedgedForeignCurrencyDenominatedProjects" use="optional" order="10.0" preferredLabel="http://www.xbrl.org/2003/role/terseLabel"/>
    <link:loc xlink:type="locator" xlink:href="../../c-ross_core_2015-12-31.xsd#c-ross_ExchangeRateRiskForeignCurrencyDenominatedAssetsLiabilitiesUnhedgedOrIneffectivelyHedgedForeignCurrencyDenominatedLiquidityManagementInstruments" xlink:label="ExchangeRateRiskForeignCurrencyDenominatedAssetsLiabilitiesUnhedgedOrIneffectivelyHedgedForeignCurrencyDenominatedLiquidityManagementInstruments" xlink:title="ExchangeRateRiskForeignCurrencyDenominatedAssetsLiabilitiesUnhedgedOrIneffectivelyHedgedForeignCurrencyDenominatedLiquidityManagementInstruments"/>
    <link:presentationArc xlink:type="arc" xlink:arcrole="http://www.xbrl.org/2003/arcrole/parent-child" xlink:from="ExchangeRateRiskOfProjectsForeignCurrencyDenominatedAssetsLiabilitiesUnhedgedOrIneffectivelyHedgedDetailsLineItems" xlink:to="ExchangeRateRiskForeignCurrencyDenominatedAssetsLiabilitiesUnhedgedOrIneffectivelyHedgedForeignCurrencyDenominatedLiquidityManagementInstruments" xlink:title="presentation: ExchangeRateRiskOfProjectsForeignCurrencyDenominatedAssetsLiabilitiesUnhedgedOrIneffectivelyHedgedDetailsLineItems to ExchangeRateRiskForeignCurrencyDenominatedAssetsLiabilitiesUnhedgedOrIneffectivelyHedgedForeignCurrencyDenominatedLiquidityManagementInstruments" use="optional" order="20.0" preferredLabel="http://www.xbrl.org/2003/role/terseLabel"/>
    <link:loc xlink:type="locator" xlink:href="../../c-ross_core_2015-12-31.xsd#c-ross_ExchangeRateRiskForeignCurrencyDenominatedAssetsLiabilitiesUnhedgedOrIneffectivelyHedgedForeignCurrencyDenominatedFixedIncomeInvestmentAssets" xlink:label="ExchangeRateRiskForeignCurrencyDenominatedAssetsLiabilitiesUnhedgedOrIneffectivelyHedgedForeignCurrencyDenominatedFixedIncomeInvestmentAssets" xlink:title="ExchangeRateRiskForeignCurrencyDenominatedAssetsLiabilitiesUnhedgedOrIneffectivelyHedgedForeignCurrencyDenominatedFixedIncomeInvestmentAssets"/>
    <link:presentationArc xlink:type="arc" xlink:arcrole="http://www.xbrl.org/2003/arcrole/parent-child" xlink:from="ExchangeRateRiskOfProjectsForeignCurrencyDenominatedAssetsLiabilitiesUnhedgedOrIneffectivelyHedgedDetailsLineItems" xlink:to="ExchangeRateRiskForeignCurrencyDenominatedAssetsLiabilitiesUnhedgedOrIneffectivelyHedgedForeignCurrencyDenominatedFixedIncomeInvestmentAssets" xlink:title="presentation: ExchangeRateRiskOfProjectsForeignCurrencyDenominatedAssetsLiabilitiesUnhedgedOrIneffectivelyHedgedDetailsLineItems to ExchangeRateRiskForeignCurrencyDenominatedAssetsLiabilitiesUnhedgedOrIneffectivelyHedgedForeignCurrencyDenominatedFixedIncomeInvestmentAssets" use="optional" order="30.0" preferredLabel="http://www.xbrl.org/2003/role/terseLabel"/>
    <link:loc xlink:type="locator" xlink:href="../../c-ross_core_2015-12-31.xsd#c-ross_ExchangeRateRiskForeignCurrencyDenominatedAssetsLiabilitiesUnhedgedOrIneffectivelyHedgedForeignCurrencyDenominatedEquityInvestmentAssets" xlink:label="ExchangeRateRiskForeignCurrencyDenominatedAssetsLiabilitiesUnhedgedOrIneffectivelyHedgedForeignCurrencyDenominatedEquityInvestmentAssets" xlink:title="ExchangeRateRiskForeignCurrencyDenominatedAssetsLiabilitiesUnhedgedOrIneffectivelyHedgedForeignCurrencyDenominatedEquityInvestmentAssets"/>
    <link:presentationArc xlink:type="arc" xlink:arcrole="http://www.xbrl.org/2003/arcrole/parent-child" xlink:from="ExchangeRateRiskOfProjectsForeignCurrencyDenominatedAssetsLiabilitiesUnhedgedOrIneffectivelyHedgedDetailsLineItems" xlink:to="ExchangeRateRiskForeignCurrencyDenominatedAssetsLiabilitiesUnhedgedOrIneffectivelyHedgedForeignCurrencyDenominatedEquityInvestmentAssets" xlink:title="presentation: ExchangeRateRiskOfProjectsForeignCurrencyDenominatedAssetsLiabilitiesUnhedgedOrIneffectivelyHedgedDetailsLineItems to ExchangeRateRiskForeignCurrencyDenominatedAssetsLiabilitiesUnhedgedOrIneffectivelyHedgedForeignCurrencyDenominatedEquityInvestmentAssets" use="optional" order="40.0" preferredLabel="http://www.xbrl.org/2003/role/terseLabel"/>
    <link:loc xlink:type="locator" xlink:href="../../c-ross_core_2015-12-31.xsd#c-ross_ExchangeRateRiskForeignCurrencyDenominatedAssetsLiabilitiesUnhedgedOrIneffectivelyHedgedForeignCurrencyDenominatedDerivatives" xlink:label="ExchangeRateRiskForeignCurrencyDenominatedAssetsLiabilitiesUnhedgedOrIneffectivelyHedgedForeignCurrencyDenominatedDerivatives" xlink:title="ExchangeRateRiskForeignCurrencyDenominatedAssetsLiabilitiesUnhedgedOrIneffectivelyHedgedForeignCurrencyDenominatedDerivatives"/>
    <link:presentationArc xlink:type="arc" xlink:arcrole="http://www.xbrl.org/2003/arcrole/parent-child" xlink:from="ExchangeRateRiskOfProjectsForeignCurrencyDenominatedAssetsLiabilitiesUnhedgedOrIneffectivelyHedgedDetailsLineItems" xlink:to="ExchangeRateRiskForeignCurrencyDenominatedAssetsLiabilitiesUnhedgedOrIneffectivelyHedgedForeignCurrencyDenominatedDerivatives" xlink:title="presentation: ExchangeRateRiskOfProjectsForeignCurrencyDenominatedAssetsLiabilitiesUnhedgedOrIneffectivelyHedgedDetailsLineItems to ExchangeRateRiskForeignCurrencyDenominatedAssetsLiabilitiesUnhedgedOrIneffectivelyHedgedForeignCurrencyDenominatedDerivatives" use="optional" order="50.0" preferredLabel="http://www.xbrl.org/2003/role/terseLabel"/>
    <link:loc xlink:type="locator" xlink:href="../../c-ross_core_2015-12-31.xsd#c-ross_ExchangeRateRiskForeignCurrencyDenominatedAssetsLiabilitiesUnhedgedOrIneffectivelyHedgedForeignCurrencyDenominatedProperties" xlink:label="ExchangeRateRiskForeignCurrencyDenominatedAssetsLiabilitiesUnhedgedOrIneffectivelyHedgedForeignCurrencyDenominatedProperties" xlink:title="ExchangeRateRiskForeignCurrencyDenominatedAssetsLiabilitiesUnhedgedOrIneffectivelyHedgedForeignCurrencyDenominatedProperties"/>
    <link:presentationArc xlink:type="arc" xlink:arcrole="http://www.xbrl.org/2003/arcrole/parent-child" xlink:from="ExchangeRateRiskOfProjectsForeignCurrencyDenominatedAssetsLiabilitiesUnhedgedOrIneffectivelyHedgedDetailsLineItems" xlink:to="ExchangeRateRiskForeignCurrencyDenominatedAssetsLiabilitiesUnhedgedOrIneffectivelyHedgedForeignCurrencyDenominatedProperties" xlink:title="presentation: ExchangeRateRiskOfProjectsForeignCurrencyDenominatedAssetsLiabilitiesUnhedgedOrIneffectivelyHedgedDetailsLineItems to ExchangeRateRiskForeignCurrencyDenominatedAssetsLiabilitiesUnhedgedOrIneffectivelyHedgedForeignCurrencyDenominatedProperties" use="optional" order="60.0" preferredLabel="http://www.xbrl.org/2003/role/terseLabel"/>
    <link:loc xlink:type="locator" xlink:href="../../c-ross_core_2015-12-31.xsd#c-ross_ExchangeRateRiskForeignCurrencyDenominatedAssetsLiabilitiesUnhedgedOrIneffectivelyHedgedOtherForeignCurrencyDenominatedAssets" xlink:label="ExchangeRateRiskForeignCurrencyDenominatedAssetsLiabilitiesUnhedgedOrIneffectivelyHedgedOtherForeignCurrencyDenominatedAssets" xlink:title="ExchangeRateRiskForeignCurrencyDenominatedAssetsLiabilitiesUnhedgedOrIneffectivelyHedgedOtherForeignCurrencyDenominatedAssets"/>
    <link:presentationArc xlink:type="arc" xlink:arcrole="http://www.xbrl.org/2003/arcrole/parent-child" xlink:from="ExchangeRateRiskOfProjectsForeignCurrencyDenominatedAssetsLiabilitiesUnhedgedOrIneffectivelyHedgedDetailsLineItems" xlink:to="ExchangeRateRiskForeignCurrencyDenominatedAssetsLiabilitiesUnhedgedOrIneffectivelyHedgedOtherForeignCurrencyDenominatedAssets" xlink:title="presentation: ExchangeRateRiskOfProjectsForeignCurrencyDenominatedAssetsLiabilitiesUnhedgedOrIneffectivelyHedgedDetailsLineItems to ExchangeRateRiskForeignCurrencyDenominatedAssetsLiabilitiesUnhedgedOrIneffectivelyHedgedOtherForeignCurrencyDenominatedAssets" use="optional" order="70.0" preferredLabel="http://www.xbrl.org/2003/role/terseLabel"/>
    <link:loc xlink:type="locator" xlink:href="../../c-ross_core_2015-12-31.xsd#c-ross_ExchangeRateRiskForeignCurrencyDenominatedAssetsLiabilitiesUnhedgedOrIneffectivelyHedgedForeignCurrencyDenominatedLiabilities" xlink:label="ExchangeRateRiskForeignCurrencyDenominatedAssetsLiabilitiesUnhedgedOrIneffectivelyHedgedForeignCurrencyDenominatedLiabilities" xlink:title="ExchangeRateRiskForeignCurrencyDenominatedAssetsLiabilitiesUnhedgedOrIneffectivelyHedgedForeignCurrencyDenominatedLiabilities"/>
    <link:presentationArc xlink:type="arc" xlink:arcrole="http://www.xbrl.org/2003/arcrole/parent-child" xlink:from="ExchangeRateRiskOfProjectsForeignCurrencyDenominatedAssetsLiabilitiesUnhedgedOrIneffectivelyHedgedDetailsLineItems" xlink:to="ExchangeRateRiskForeignCurrencyDenominatedAssetsLiabilitiesUnhedgedOrIneffectivelyHedgedForeignCurrencyDenominatedLiabilities" xlink:title="presentation: ExchangeRateRiskOfProjectsForeignCurrencyDenominatedAssetsLiabilitiesUnhedgedOrIneffectivelyHedgedDetailsLineItems to ExchangeRateRiskForeignCurrencyDenominatedAssetsLiabilitiesUnhedgedOrIneffectivelyHedgedForeignCurrencyDenominatedLiabilities" use="optional" order="80.0" preferredLabel="http://www.xbrl.org/2003/role/terseLabel"/>
    <link:loc xlink:type="locator" xlink:href="../../c-ross_core_2015-12-31.xsd#c-ross_ExchangeRateRiskForeignCurrencyDenominatedAssetsLiabilitiesUnhedgedOrIneffectivelyHedgedNetAbsoluteValue" xlink:label="ExchangeRateRiskForeignCurrencyDenominatedAssetsLiabilitiesUnhedgedOrIneffectivelyHedgedNetAbsoluteValue" xlink:title="ExchangeRateRiskForeignCurrencyDenominatedAssetsLiabilitiesUnhedgedOrIneffectivelyHedgedNetAbsoluteValue"/>
    <link:presentationArc xlink:type="arc" xlink:arcrole="http://www.xbrl.org/2003/arcrole/parent-child" xlink:from="ExchangeRateRiskOfProjectsForeignCurrencyDenominatedAssetsLiabilitiesUnhedgedOrIneffectivelyHedgedDetailsLineItems" xlink:to="ExchangeRateRiskForeignCurrencyDenominatedAssetsLiabilitiesUnhedgedOrIneffectivelyHedgedNetAbsoluteValue" xlink:title="presentation: ExchangeRateRiskOfProjectsForeignCurrencyDenominatedAssetsLiabilitiesUnhedgedOrIneffectivelyHedgedDetailsLineItems to ExchangeRateRiskForeignCurrencyDenominatedAssetsLiabilitiesUnhedgedOrIneffectivelyHedgedNetAbsoluteValue" use="optional" order="90.0" preferredLabel="http://www.xbrl.org/2003/role/terseLabel"/>
    <link:loc xlink:type="locator" xlink:href="../../c-ross_core_2015-12-31.xsd#c-ross_ExchangeRateRiskForeignCurrencyDenominatedAssetsLiabilitiesUnhedgedOrIneffectivelyHedgedRiskExposure" xlink:label="ExchangeRateRiskForeignCurrencyDenominatedAssetsLiabilitiesUnhedgedOrIneffectivelyHedgedRiskExposure" xlink:title="ExchangeRateRiskForeignCurrencyDenominatedAssetsLiabilitiesUnhedgedOrIneffectivelyHedgedRiskExposure"/>
    <link:presentationArc xlink:type="arc" xlink:arcrole="http://www.xbrl.org/2003/arcrole/parent-child" xlink:from="ExchangeRateRiskOfProjectsForeignCurrencyDenominatedAssetsLiabilitiesUnhedgedOrIneffectivelyHedgedDetailsLineItems" xlink:to="ExchangeRateRiskForeignCurrencyDenominatedAssetsLiabilitiesUnhedgedOrIneffectivelyHedgedRiskExposure" xlink:title="presentation: ExchangeRateRiskOfProjectsForeignCurrencyDenominatedAssetsLiabilitiesUnhedgedOrIneffectivelyHedgedDetailsLineItems to ExchangeRateRiskForeignCurrencyDenominatedAssetsLiabilitiesUnhedgedOrIneffectivelyHedgedRiskExposure" use="optional" order="100.0" preferredLabel="http://www.xbrl.org/2003/role/terseLabel"/>
    <link:loc xlink:type="locator" xlink:href="../../c-ross_core_2015-12-31.xsd#c-ross_ExchangeRateRiskForeignCurrencyDenominatedAssetsLiabilitiesUnhedgedOrIneffectivelyHedgedBaseRiskFactor" xlink:label="ExchangeRateRiskForeignCurrencyDenominatedAssetsLiabilitiesUnhedgedOrIneffectivelyHedgedBaseRiskFactor" xlink:title="ExchangeRateRiskForeignCurrencyDenominatedAssetsLiabilitiesUnhedgedOrIneffectivelyHedgedBaseRiskFactor"/>
    <link:presentationArc xlink:type="arc" xlink:arcrole="http://www.xbrl.org/2003/arcrole/parent-child" xlink:from="ExchangeRateRiskOfProjectsForeignCurrencyDenominatedAssetsLiabilitiesUnhedgedOrIneffectivelyHedgedDetailsLineItems" xlink:to="ExchangeRateRiskForeignCurrencyDenominatedAssetsLiabilitiesUnhedgedOrIneffectivelyHedgedBaseRiskFactor" xlink:title="presentation: ExchangeRateRiskOfProjectsForeignCurrencyDenominatedAssetsLiabilitiesUnhedgedOrIneffectivelyHedgedDetailsLineItems to ExchangeRateRiskForeignCurrencyDenominatedAssetsLiabilitiesUnhedgedOrIneffectivelyHedgedBaseRiskFactor" use="optional" order="110.0" preferredLabel="http://www.xbrl.org/2003/role/terseLabel"/>
    <link:loc xlink:type="locator" xlink:href="../../c-ross_core_2015-12-31.xsd#c-ross_ExchangeRateRiskForeignCurrencyDenominatedAssetsLiabilitiesUnhedgedOrIneffectivelyHedgedRiskFactorOne" xlink:label="ExchangeRateRiskForeignCurrencyDenominatedAssetsLiabilitiesUnhedgedOrIneffectivelyHedgedRiskFactorOne" xlink:title="ExchangeRateRiskForeignCurrencyDenominatedAssetsLiabilitiesUnhedgedOrIneffectivelyHedgedRiskFactorOne"/>
    <link:presentationArc xlink:type="arc" xlink:arcrole="http://www.xbrl.org/2003/arcrole/parent-child" xlink:from="ExchangeRateRiskOfProjectsForeignCurrencyDenominatedAssetsLiabilitiesUnhedgedOrIneffectivelyHedgedDetailsLineItems" xlink:to="ExchangeRateRiskForeignCurrencyDenominatedAssetsLiabilitiesUnhedgedOrIneffectivelyHedgedRiskFactorOne" xlink:title="presentation: ExchangeRateRiskOfProjectsForeignCurrencyDenominatedAssetsLiabilitiesUnhedgedOrIneffectivelyHedgedDetailsLineItems to ExchangeRateRiskForeignCurrencyDenominatedAssetsLiabilitiesUnhedgedOrIneffectivelyHedgedRiskFactorOne" use="optional" order="120.0" preferredLabel="http://www.xbrl.org/2003/role/terseLabel"/>
    <link:loc xlink:type="locator" xlink:href="../../c-ross_core_2015-12-31.xsd#c-ross_ExchangeRateRiskForeignCurrencyDenominatedAssetsLiabilitiesUnhedgedOrIneffectivelyHedgedMinimumCapital" xlink:label="ExchangeRateRiskForeignCurrencyDenominatedAssetsLiabilitiesUnhedgedOrIneffectivelyHedgedMinimumCapital" xlink:title="ExchangeRateRiskForeignCurrencyDenominatedAssetsLiabilitiesUnhedgedOrIneffectivelyHedgedMinimumCapital"/>
    <link:presentationArc xlink:type="arc" xlink:arcrole="http://www.xbrl.org/2003/arcrole/parent-child" xlink:from="ExchangeRateRiskOfProjectsForeignCurrencyDenominatedAssetsLiabilitiesUnhedgedOrIneffectivelyHedgedDetailsLineItems" xlink:to="ExchangeRateRiskForeignCurrencyDenominatedAssetsLiabilitiesUnhedgedOrIneffectivelyHedgedMinimumCapital" xlink:title="presentation: ExchangeRateRiskOfProjectsForeignCurrencyDenominatedAssetsLiabilitiesUnhedgedOrIneffectivelyHedgedDetailsLineItems to ExchangeRateRiskForeignCurrencyDenominatedAssetsLiabilitiesUnhedgedOrIneffectivelyHedgedMinimumCapital" use="optional" order="130.0" preferredLabel="http://www.xbrl.org/2003/role/terseLabel"/>
    <link:loc xlink:type="locator" xlink:href="../../c-ross_core_2015-12-31.xsd#c-ross_ExchangeRateRiskOfProjectsForeignCurrencyDenominatedAssetsLiabilitiesUnhedgedOrIneffectivelyHedgedForeignCurrencyItemsDenominatedInOtherForeignCurrenciesHeldByLookThroughMethodDetailsAbstract" xlink:label="ExchangeRateRiskOfProjectsForeignCurrencyDenominatedAssetsLiabilitiesUnhedgedOrIneffectivelyHedgedProjectHeldByLookThroughMethodDenominatedInOtherCurrenciesDetailsAbstract" xlink:title="ExchangeRateRiskOfProjectsForeignCurrencyDenominatedAssetsLiabilitiesUnhedgedOrIneffectivelyHedgedProjectHeldByLookThroughMethodDenominatedInOtherCurrenciesDetailsAbstract"/>
    <link:presentationArc xlink:type="arc" xlink:arcrole="http://www.xbrl.org/2003/arcrole/parent-child" xlink:from="ExchangeRateRiskOfProjectsForeignCurrencyDenominatedAssetsLiabilitiesUnhedgedOrIneffectivelyHedgedProjectHeldByLookThroughMethodDenominatedInOtherCurrenciesDetailsAbstract" xlink:to="ExchangeRateRiskOfProjectsForeignCurrencyDenominatedAssetsLiabilitiesUnhedgedOrIneffectivelyHedgedDetailsTable" xlink:title="presentation: ExchangeRateRiskOfProjectsForeignCurrencyDenominatedAssetsLiabilitiesUnhedgedOrIneffectivelyHedgedProjectHeldByLookThroughMethodDenominatedInOtherCurrenciesDetailsAbstract to ExchangeRateRiskOfProjectsForeignCurrencyDenominatedAssetsLiabilitiesUnhedgedOrIneffectivelyHedgedDetailsTable" use="optional" order="10.0" preferredLabel="http://www.xbrl.org/2003/role/label"/>
    <link:presentationArc xlink:type="arc" xlink:arcrole="http://www.xbrl.org/2003/arcrole/parent-child" xlink:from="ExchangeRateRiskOfProjectsForeignCurrencyDenominatedAssetsLiabilitiesUnhedgedOrIneffectivelyHedgedProjectHeldByLookThroughMethodDenominatedInOtherCurrenciesDetailsAbstract" xlink:to="ExchangeRateRiskOfProjectsForeignCurrencyDenominatedAssetsLiabilitiesUnhedgedOrIneffectivelyHedgedDetailsLineItems" xlink:title="presentation: ExchangeRateRiskOfProjectsForeignCurrencyDenominatedAssetsLiabilitiesUnhedgedOrIneffectivelyHedgedProjectHeldByLookThroughMethodDenominatedInOtherCurrenciesDetailsAbstract to ExchangeRateRiskOfProjectsForeignCurrencyDenominatedAssetsLiabilitiesUnhedgedOrIneffectivelyHedgedDetailsLineItems" use="optional" order="20.0" preferredLabel="http://www.xbrl.org/2003/role/label"/>
  </link:presentationLink>
</link:linkbase>
